matrix=data/matrices/bcsstk38.mtx n=8032 val_range=2.019e-27/4.042e+11 seed=43
iter=0 pAp_d=9.3430501600e+01 p8q=6.4000000000e+01 p8n=6.4000000000e+01 p8q_e2=9.6000000000e+01 p8n_e2=9.6000000000e+01 p16q=9.3500000000e+01 p16n=9.3125000000e+01 p16q_e2=9.3437500000e+01 p16n_e2=9.3187500000e+01 p32q=9.3430501938e+01 p32n=9.3430478096e+01 p64q=9.3430501600e+01 p64n=9.3430501600e+01 alpha_d=1.0424535122e+00 alpha_p32q=1.0424535085e+00 alpha_p32n=1.0424537745e+00 rz32q=9.7396954536e+01 rz32n=9.7396697044e+01 alpha_full_q=1.0424535084e+00 alpha_full_n=1.0424510184e+00
  residual=1.782e+04
iter=1 pAp_d=9.8276451230e+01 p8q=6.4000000000e+01 p8n=1.2000000000e+01 p8q_e2=9.6000000000e+01 p8n_e2=6.4000000000e+01 p16q=9.8250000000e+01 p16n=9.7750000000e+01 p16q_e2=9.8250000000e+01 p16n_e2=9.8125000000e+01 p32q=9.8276451111e+01 p32n=9.8276405334e+01 p64q=9.8276451230e+01 p64n=9.8276451230e+01 alpha_d=1.1737006778e+00 alpha_p32q=1.1737006792e+00 alpha_p32n=1.1737012259e+00 rz32q=1.1534713745e+02 rz32n=1.1534694004e+02 alpha_full_q=1.1737006795e+00 alpha_full_n=1.1736992175e+00
  residual=2.262e+04
iter=2 pAp_d=7.1394602939e+01 p8q=6.4000000000e+01 p8n=1.6000000000e+01 p8q_e2=6.4000000000e+01 p8n_e2=5.6000000000e+01 p16q=7.1375000000e+01 p16n=7.0875000000e+01 p16q_e2=7.1375000000e+01 p16n_e2=7.0937500000e+01 p32q=7.1394602776e+01 p32n=7.1394544601e+01 p64q=7.1394602939e+01 p64n=7.1394602939e+01 alpha_d=1.3510656357e+00 alpha_p32q=1.3510656388e+00 alpha_p32n=1.3510667397e+00 rz32q=9.6458794594e+01 rz32n=9.6458598137e+01 alpha_full_q=1.3510656386e+00 alpha_full_n=1.3510639878e+00
  residual=3.453e+04
iter=3 pAp_d=1.7979847621e+02 p8q=6.4000000000e+01 p8n=3.2000000000e+01 p8q_e2=1.6000000000e+02 p8n_e2=1.2800000000e+02 p16q=1.7975000000e+02 p16n=1.7550000000e+02 p16q_e2=1.7975000000e+02 p16n_e2=1.7850000000e+02 p32q=1.7979847717e+02 p32n=1.7979842186e+02 p64q=1.7979847621e+02 p64n=1.7979847621e+02 alpha_d=8.9409011551e-01 alpha_p32q=8.9409011070e-01 alpha_p32n=8.9409038576e-01 rz32q=1.6075604057e+02 rz32n=1.6075573730e+02 alpha_full_q=8.9409011189e-01 alpha_full_n=8.9408870023e-01
  residual=3.461e+04
iter=4 pAp_d=2.0096426402e+02 p8q=6.4000000000e+01 p8n=2.4000000000e+01 p8q_e2=1.9200000000e+02 p8n_e2=1.1200000000e+02 p16q=2.0100000000e+02 p16n=1.9725000000e+02 p16q_e2=2.0100000000e+02 p16n_e2=1.9900000000e+02 p32q=2.0096426392e+02 p32n=2.0096426392e+02 p64q=2.0096426402e+02 p64n=2.0096426402e+02 alpha_d=6.3146107695e-01 alpha_p32q=6.3146107726e-01 alpha_p32n=6.3146107726e-01 rz32q=1.2690111065e+02 rz32n=1.2690097237e+02 alpha_full_q=6.3146107759e-01 alpha_full_n=6.3146038949e-01
  residual=2.206e+04
iter=5 pAp_d=8.8115464785e+01 p8q=6.4000000000e+01 p8n=8.0000000000e+00 p8q_e2=8.0000000000e+01 p8n_e2=4.8000000000e+01 p16q=8.8125000000e+01 p16n=8.5500000000e+01 p16q_e2=8.8125000000e+01 p16n_e2=8.6875000000e+01 p32q=8.8115465164e+01 p32n=8.8115418434e+01 p64q=8.8115464785e+01 p64n=8.8115464785e+01 alpha_d=6.1303552892e-01 alpha_p32q=6.1303552628e-01 alpha_p32n=6.1303585139e-01 rz32q=5.4017910480e+01 rz32n=5.4017832756e+01 alpha_full_q=6.1303552537e-01 alpha_full_n=6.1303496841e-01
  residual=2.185e+04
iter=6 pAp_d=5.1327535971e+01 p8q=6.4000000000e+01 p8n=1.2000000000e+01 p8q_e2=4.8000000000e+01 p8n_e2=2.8000000000e+01 p16q=5.1281250000e+01 p16n=5.0468750000e+01 p16q_e2=5.1343750000e+01 p16n_e2=5.0468750000e+01 p32q=5.1327536106e+01 p32n=5.1327509880e+01 p64q=5.1327535971e+01 p64n=5.1327535971e+01 alpha_d=7.7158812529e-01 alpha_p32q=7.7158812326e-01 alpha_p32n=7.7158851751e-01 rz32q=3.9603717327e+01 rz32n=3.9603640556e+01 alpha_full_q=7.7158812465e-01 alpha_full_n=7.7158702319e-01
  residual=1.839e+04
iter=7 pAp_d=4.5882568746e+01 p8q=6.4000000000e+01 p8n=1.6000000000e+01 p8q_e2=4.8000000000e+01 p8n_e2=2.4000000000e+01 p16q=4.5906250000e+01 p16n=4.5093750000e+01 p16q_e2=4.5875000000e+01 p16n_e2=4.5062500000e+01 p32q=4.5882568836e+01 p32n=4.5882544994e+01 p64q=4.5882568746e+01 p64n=4.5882568746e+01 alpha_d=7.1618368512e-01 alpha_p32q=7.1618368371e-01 alpha_p32n=7.1618405586e-01 rz32q=3.2860347271e+01 rz32n=3.2860282898e+01 alpha_full_q=7.1618368597e-01 alpha_full_n=7.1618265513e-01
  residual=1.378e+04
iter=8 pAp_d=2.6734002337e+01 p8q=6.4000000000e+01 p8n=8.0000000000e+00 p8q_e2=2.8000000000e+01 p8n_e2=2.0000000000e+01 p16q=2.6734375000e+01 p16n=2.6281250000e+01 p16q_e2=2.6734375000e+01 p16n_e2=2.6281250000e+01 p32q=2.6734002352e+01 p32n=2.6733989477e+01 p64q=2.6734002337e+01 p64n=2.6734002337e+01 alpha_d=7.9243208144e-01 alpha_p32q=7.9243208102e-01 alpha_p32n=7.9243246264e-01 rz32q=2.1184881210e+01 rz32n=2.1184846401e+01 alpha_full_q=7.9243208449e-01 alpha_full_n=7.9243116405e-01
  residual=1.280e+04
iter=9 pAp_d=2.3262123412e+01 p8q=6.4000000000e+01 p8n=8.0000000000e+00 p8q_e2=2.4000000000e+01 p8n_e2=1.4000000000e+01 p16q=2.3265625000e+01 p16n=2.2828125000e+01 p16q_e2=2.3265625000e+01 p16n_e2=2.2843750000e+01 p32q=2.3262123346e+01 p32n=2.3262105703e+01 p64q=2.3262123412e+01 p64n=2.3262123412e+01 alpha_d=7.8339903062e-01 alpha_p32q=7.8339903282e-01 alpha_p32n=7.8339962699e-01 rz32q=1.8223524809e+01 rz32n=1.8223486423e+01 alpha_full_q=7.8339902758e-01 alpha_full_n=7.8339797161e-01
  residual=1.289e+04
iter=10 pAp_d=2.1193439454e+01 p8q=6.4000000000e+01 p8n=8.0000000000e+00 p8q_e2=2.0000000000e+01 p8n_e2=1.4000000000e+01 p16q=2.1187500000e+01 p16n=2.0890625000e+01 p16q_e2=2.1203125000e+01 p16n_e2=2.0921875000e+01 p32q=2.1193439484e+01 p32n=2.1193435669e+01 p64q=2.1193439454e+01 p64n=2.1193439454e+01 alpha_d=7.8091279010e-01 alpha_p32q=7.8091278900e-01 alpha_p32n=7.8091292956e-01 rz32q=1.6550227880e+01 rz32n=1.6550185680e+01 alpha_full_q=7.8091278640e-01 alpha_full_n=7.8091093577e-01
  residual=1.125e+04
iter=11 pAp_d=1.7668985264e+01 p8q=6.4000000000e+01 p8n=8.0000000000e+00 p8q_e2=1.6000000000e+01 p8n_e2=1.0000000000e+01 p16q=1.7671875000e+01 p16n=1.7437500000e+01 p16q_e2=1.7671875000e+01 p16n_e2=1.7437500000e+01 p32q=1.7668985367e+01 p32n=1.7668976068e+01 p64q=1.7668985264e+01 p64n=1.7668985264e+01 alpha_d=7.7605605675e-01 alpha_p32q=7.7605605224e-01 alpha_p32n=7.7605646065e-01 rz32q=1.3712123036e+01 rz32n=1.3712110460e+01 alpha_full_q=7.7605605255e-01 alpha_full_n=7.7605574916e-01
  residual=1.026e+04
iter=12 pAp_d=1.5304337247e+01 p8q=6.4000000000e+01 p8n=1.2000000000e+01 p8q_e2=1.5000000000e+01 p8n_e2=8.0000000000e+00 p16q=1.5308593750e+01 p16n=1.5156250000e+01 p16q_e2=1.5308593750e+01 p16n_e2=1.5156250000e+01 p32q=1.5304337263e+01 p32n=1.5304334581e+01 p64q=1.5304337247e+01 p64n=1.5304337247e+01 alpha_d=9.0692791659e-01 alpha_p32q=9.0692791566e-01 alpha_p32n=9.0692807460e-01 rz32q=1.3879930735e+01 rz32n=1.3879914880e+01 alpha_full_q=9.0692791828e-01 alpha_full_n=9.0692704125e-01
  residual=1.054e+04
iter=13 pAp_d=1.0550355460e+01 p8q=6.4000000000e+01 p8n=8.0000000000e+00 p8q_e2=1.1000000000e+01 p8n_e2=6.0000000000e+00 p16q=1.0554687500e+01 p16n=1.0414062500e+01 p16q_e2=1.0550781250e+01 p16n_e2=1.0375000000e+01 p32q=1.0550355494e+01 p32n=1.0550354779e+01 p64q=1.0550355460e+01 p64n=1.0550355460e+01 alpha_d=1.2964449075e+00 alpha_p32q=1.2964449034e+00 alpha_p32n=1.2964449912e+00 rz32q=1.3677954614e+01 rz32n=1.3677940547e+01 alpha_full_q=1.2964449039e+00 alpha_full_n=1.2964436585e+00
  residual=1.527e+04
iter=14 pAp_d=1.9086163593e+01 p8q=6.4000000000e+01 p8n=7.5000000000e+00 p8q_e2=2.0000000000e+01 p8n_e2=9.0000000000e+00 p16q=1.9093750000e+01 p16n=1.8734375000e+01 p16q_e2=1.9093750000e+01 p16n_e2=1.8703125000e+01 p32q=1.9086163521e+01 p32n=1.9086158037e+01 p64q=1.9086163593e+01 p64n=1.9086163593e+01 alpha_d=1.2986055320e+00 alpha_p32q=1.2986055369e+00 alpha_p32n=1.2986059100e+00 rz32q=2.4785397530e+01 rz32n=2.4785365582e+01 alpha_full_q=1.2986055318e+00 alpha_full_n=1.2986042310e+00
  residual=2.840e+04
iter=15 pAp_d=6.7465149514e+01 p8q=6.4000000000e+01 p8n=1.6000000000e+01 p8q_e2=6.4000000000e+01 p8n_e2=3.2000000000e+01 p16q=6.7375000000e+01 p16n=6.6375000000e+01 p16q_e2=6.7500000000e+01 p16n_e2=6.6375000000e+01 p32q=6.7465148926e+01 p32n=6.7465130806e+01 p64q=6.7465149514e+01 p64n=6.7465149514e+01 alpha_d=7.6529444873e-01 alpha_p32q=7.6529445540e-01 alpha_p32n=7.6529466094e-01 rz32q=5.1630704403e+01 rz32n=5.1630638123e+01 alpha_full_q=7.6529445536e-01 alpha_full_n=7.6529367846e-01
  residual=2.839e+04
iter=16 pAp_d=6.1627547876e+01 p8q=6.4000000000e+01 p8n=1.2000000000e+01 p8q_e2=6.4000000000e+01 p8n_e2=3.2000000000e+01 p16q=6.1625000000e+01 p16n=6.0593750000e+01 p16q_e2=6.1656250000e+01 p16n_e2=6.0500000000e+01 p32q=6.1627548218e+01 p32n=6.1627528667e+01 p64q=6.1627547876e+01 p64n=6.1627547876e+01 alpha_d=1.0532288370e+00 alpha_p32q=1.0532288311e+00 alpha_p32n=1.0532291652e+00 rz32q=6.4907910347e+01 rz32n=6.4907837868e+01 alpha_full_q=1.0532288274e+00 alpha_full_n=1.0532279855e+00
  residual=3.027e+04
iter=17 pAp_d=7.2695334562e+01 p8q=6.4000000000e+01 p8n=1.2000000000e+01 p8q_e2=8.0000000000e+01 p8n_e2=3.2000000000e+01 p16q=7.2625000000e+01 p16n=7.0250000000e+01 p16q_e2=7.2687500000e+01 p16n_e2=7.1062500000e+01 p32q=7.2695334435e+01 p32n=7.2695311546e+01 p64q=7.2695334562e+01 p64n=7.2695334562e+01 alpha_d=1.0640816973e+00 alpha_p32q=1.0640816992e+00 alpha_p32n=1.0640820342e+00 rz32q=7.7353775024e+01 rz32n=7.7353627205e+01 alpha_full_q=1.0640816997e+00 alpha_full_n=1.0640800013e+00
  residual=3.583e+04
iter=18 pAp_d=1.1434374387e+02 p8q=6.4000000000e+01 p8n=-2.4000000000e+01 p8q_e2=1.1200000000e+02 p8n_e2=4.8000000000e+01 p16q=1.1425000000e+02 p16n=1.1050000000e+02 p16q_e2=1.1431250000e+02 p16n_e2=1.1150000000e+02 p32q=1.1434374428e+02 p32n=1.1434373283e+02 p64q=1.1434374387e+02 p64n=1.1434374387e+02 alpha_d=8.6903466099e-01 alpha_p32q=8.6903465788e-01 alpha_p32n=8.6903474486e-01 rz32q=9.9368676186e+01 rz32n=9.9368547440e+01 alpha_full_q=8.6903465347e-01 alpha_full_n=8.6903361450e-01
  residual=3.761e+04
iter=19 pAp_d=1.2362802005e+02 p8q=6.4000000000e+01 p8n=3.2000000000e+01 p8q_e2=1.2800000000e+02 p8n_e2=4.8000000000e+01 p16q=1.2362500000e+02 p16n=1.1875000000e+02 p16q_e2=1.2362500000e+02 p16n_e2=1.2081250000e+02 p32q=1.2362801933e+02 p32n=1.2362796402e+02 p64q=1.2362802005e+02 p64n=1.2362802005e+02 alpha_d=9.6001503462e-01 alpha_p32q=9.6001504021e-01 alpha_p32n=9.6001546974e-01 rz32q=1.1868475819e+02 rz32n=1.1868462563e+02 alpha_full_q=9.6001504211e-01 alpha_full_n=9.6001439938e-01
  residual=3.892e+04
iter=20 pAp_d=1.7228154166e+02 p8q=6.4000000000e+01 p8n=1.6000000000e+01 p8q_e2=1.9200000000e+02 p8n_e2=3.2000000000e+01 p16q=1.7225000000e+02 p16n=1.6600000000e+02 p16q_e2=1.7225000000e+02 p16n_e2=1.6912500000e+02 p32q=1.7228154182e+02 p32n=1.7228151131e+02 p64q=1.7228154166e+02 p64n=1.7228154166e+02 alpha_d=8.3637779580e-01 alpha_p32q=8.3637779499e-01 alpha_p32n=8.3637794315e-01 rz32q=1.4409245682e+02 rz32n=1.4409226227e+02 alpha_full_q=8.3637779934e-01 alpha_full_n=8.3637681824e-01
  residual=4.704e+04
iter=21 pAp_d=1.8599648103e+02 p8q=6.4000000000e+01 p8n=1.2000000000e+01 p8q_e2=1.6000000000e+02 p8n_e2=3.2000000000e+01 p16q=1.8625000000e+02 p16n=1.7925000000e+02 p16q_e2=1.8600000000e+02 p16n_e2=1.8087500000e+02 p32q=1.8599647903e+02 p32n=1.8599637413e+02 p64q=1.8599648103e+02 p64n=1.8599648103e+02 alpha_d=1.0743648723e+00 alpha_p32q=1.0743648838e+00 alpha_p32n=1.0743654897e+00 rz32q=1.9982808495e+02 rz32n=1.9982784081e+02 alpha_full_q=1.0743648804e+00 alpha_full_n=1.0743641737e+00
  residual=5.853e+04
iter=22 pAp_d=2.9984538304e+02 p8q=6.4000000000e+01 p8n=2.4000000000e+01 p8q_e2=2.5600000000e+02 p8n_e2=1.6000000000e+02 p16q=3.0000000000e+02 p16n=2.8300000000e+02 p16q_e2=3.0000000000e+02 p16n_e2=2.9300000000e+02 p32q=2.9984538269e+02 p32n=2.9984517670e+02 p64q=2.9984538304e+02 p64n=2.9984538304e+02 alpha_d=9.9168074860e-01 alpha_p32q=9.9168074976e-01 alpha_p32n=9.9168143105e-01 rz32q=2.9735089111e+02 rz32n=2.9735008240e+02 alpha_full_q=9.9168074040e-01 alpha_full_n=9.9167872458e-01
  residual=6.783e+04
iter=23 pAp_d=3.4328008513e+02 p8q=6.4000000000e+01 p8n=3.2000000000e+01 p8q_e2=3.8400000000e+02 p8n_e2=6.4000000000e+01 p16q=3.4300000000e+02 p16n=3.1600000000e+02 p16q_e2=3.4350000000e+02 p16n_e2=3.2950000000e+02 p32q=3.4328009033e+02 p32n=3.4327976990e+02 p64q=3.4328008513e+02 p64n=3.4328008513e+02 alpha_d=1.2498229534e+00 alpha_p32q=1.2498229344e+00 alpha_p32n=1.2498241011e+00 rz32q=4.2903932953e+02 rz32n=4.2903829956e+02 alpha_full_q=1.2498229336e+00 alpha_full_n=1.2498210998e+00
  residual=7.193e+04
iter=24 pAp_d=6.1381245298e+02 p8q=6.4000000000e+01 p8n=3.2000000000e+01 p8q_e2=5.1200000000e+02 p8n_e2=1.2800000000e+02 p16q=6.1400000000e+02 p16n=5.7200000000e+02 p16q_e2=6.1400000000e+02 p16n_e2=5.9100000000e+02 p32q=6.1381245422e+02 p32n=6.1381178284e+02 p64q=6.1381245298e+02 p64n=6.1381245298e+02 alpha_d=1.0055559099e+00 alpha_p32q=1.0055559078e+00 alpha_p32n=1.0055570077e+00 rz32q=6.1722273254e+02 rz32n=6.1722026062e+02 alpha_full_q=1.0055558963e+00 alpha_full_n=1.0055529690e+00
  residual=8.577e+04
iter=25 pAp_d=9.3017222685e+02 p8q=6.4000000000e+01 p8n=1.2000000000e+01 p8q_e2=7.6800000000e+02 p8n_e2=2.0000000000e+01 p16q=9.3000000000e+02 p16n=8.6200000000e+02 p16q_e2=9.3000000000e+02 p16n_e2=8.8700000000e+02 p32q=9.3017222595e+02 p32n=9.3017208862e+02 p64q=9.3017222685e+02 p64n=9.3017222685e+02 alpha_d=8.1355293546e-01 alpha_p32q=8.1355293625e-01 alpha_p32n=8.1355305636e-01 rz32q=7.5674433899e+02 rz32n=7.5674172974e+02 alpha_full_q=8.1355292910e-01 alpha_full_n=8.1355024408e-01
  residual=9.827e+04
iter=26 pAp_d=1.0136642380e+03 p8q=6.4000000000e+01 p8n=-2.4000000000e+01 p8q_e2=1.0240000000e+03 p8n_e2=5.1200000000e+02 p16q=1.0140000000e+03 p16n=9.4600000000e+02 p16q_e2=1.0140000000e+03 p16n_e2=9.7300000000e+02 p32q=1.0136642303e+03 p32n=1.0136635895e+03 p64q=1.0136642380e+03 p64n=1.0136642380e+03 alpha_d=8.8325524895e-01 alpha_p32q=8.8325525566e-01 alpha_p32n=8.8325581408e-01 rz32q=8.9532426453e+02 rz32n=8.9532098389e+02 alpha_full_q=8.8325526118e-01 alpha_full_n=8.8325258319e-01
  residual=9.457e+04
iter=27 pAp_d=8.5097297239e+02 p8q=6.4000000000e+01 p8n=6.4000000000e+01 p8q_e2=1.0240000000e+03 p8n_e2=2.2400000000e+02 p16q=8.5400000000e+02 p16n=8.0200000000e+02 p16q_e2=8.5200000000e+02 p16n_e2=8.2300000000e+02 p32q=8.5097299194e+02 p32n=8.5097256470e+02 p64q=8.5097297239e+02 p64n=8.5097297239e+02 alpha_d=1.0488873048e+00 alpha_p32q=1.0488872807e+00 alpha_p32n=1.0488878073e+00 rz32q=8.9257475281e+02 rz32n=8.9257179260e+02 alpha_full_q=1.0488872870e+00 alpha_full_n=1.0488843350e+00
  residual=1.143e+05
iter=28 pAp_d=1.1786056290e+03 p8q=6.4000000000e+01 p8n=6.4000000000e+01 p8q_e2=1.0240000000e+03 p8n_e2=2.5600000000e+02 p16q=1.1760000000e+03 p16n=1.1040000000e+03 p16q_e2=1.1780000000e+03 p16n_e2=1.1360000000e+03 p32q=1.1786056213e+03 p32n=1.1786058350e+03 p64q=1.1786056290e+03 p64n=1.1786056290e+03 alpha_d=8.9383398024e-01 alpha_p32q=8.9383398604e-01 alpha_p32n=8.9383382403e-01 rz32q=1.0534777527e+03 rz32n=1.0534747925e+03 alpha_full_q=8.9383397942e-01 alpha_full_n=8.9383130579e-01
  residual=1.483e+05
iter=29 pAp_d=1.7284491386e+03 p8q=6.4000000000e+01 p8n=1.6000000000e+01 p8q_e2=1.5360000000e+03 p8n_e2=2.5600000000e+02 p16q=1.7280000000e+03 p16n=1.5840000000e+03 p16q_e2=1.7280000000e+03 p16n_e2=1.6680000000e+03 p32q=1.7284491272e+03 p32n=1.7284484863e+03 p64q=1.7284491386e+03 p64n=1.7284491386e+03 alpha_d=7.6445148301e-01 alpha_p32q=7.6445148807e-01 alpha_p32n=7.6445177151e-01 rz32q=1.3213155212e+03 rz32n=1.3213103333e+03 alpha_full_q=7.6445149611e-01 alpha_full_n=7.6444877802e-01
  residual=1.581e+05
iter=30 pAp_d=1.8298467041e+03 p8q=6.4000000000e+01 p8n=-6.4000000000e+01 p8q_e2=2.0480000000e+03 p8n_e2=7.6800000000e+02 p16q=1.8240000000e+03 p16n=1.6320000000e+03 p16q_e2=1.8300000000e+03 p16n_e2=1.7560000000e+03 p32q=1.8298467102e+03 p32n=1.8298457031e+03 p64q=1.8298467041e+03 p64n=1.8298467041e+03 alpha_d=8.8753808203e-01 alpha_p32q=8.8753807906e-01 alpha_p32n=8.8753856753e-01 rz32q=1.6240586243e+03 rz32n=1.6240532532e+03 alpha_full_q=8.8753807366e-01 alpha_full_n=8.8753562686e-01
  residual=1.144e+05
iter=31 pAp_d=1.2840688002e+03 p8q=6.4000000000e+01 p8n=3.2000000000e+01 p8q_e2=1.0240000000e+03 p8n_e2=2.5600000000e+02 p16q=1.2880000000e+03 p16n=1.1360000000e+03 p16q_e2=1.2840000000e+03 p16n_e2=1.2040000000e+03 p32q=1.2840688171e+03 p32n=1.2840691833e+03 p64q=1.2840688002e+03 p64n=1.2840688002e+03 alpha_d=1.0613099414e+00 alpha_p32q=1.0613099274e+00 alpha_p32n=1.0613096248e+00 rz32q=1.3627949829e+03 rz32n=1.3627888489e+03 alpha_full_q=1.0613099273e+00 alpha_full_n=1.0613048475e+00
  residual=1.366e+05
iter=32 pAp_d=1.9582995556e+03 p8q=6.4000000000e+01 p8n=6.4000000000e+01 p8q_e2=2.0480000000e+03 p8n_e2=2.5600000000e+02 p16q=1.9600000000e+03 p16n=1.6560000000e+03 p16q_e2=1.9580000000e+03 p16n_e2=1.8500000000e+03 p32q=1.9582995605e+03 p32n=1.9582989502e+03 p64q=1.9582995556e+03 p64n=1.9582995556e+03 alpha_d=8.8680005889e-01 alpha_p32q=8.8680005663e-01 alpha_p32n=8.8680033302e-01 rz32q=1.7366201477e+03 rz32n=1.7366140442e+03 alpha_full_q=8.8680004974e-01 alpha_full_n=8.8679720939e-01
  residual=1.110e+05
iter=33 pAp_d=2.0601762354e+03 p8q=6.4000000000e+01 p8n=3.2000000000e+01 p8q_e2=2.0480000000e+03 p8n_e2=7.6800000000e+02 p16q=2.0640000000e+03 p16n=1.8000000000e+03 p16q_e2=2.0600000000e+03 p16n_e2=1.9520000000e+03 p32q=2.0601762695e+03 p32n=2.0601774902e+03 p64q=2.0601762354e+03 p64n=2.0601762354e+03 alpha_d=8.4811789811e-01 alpha_p32q=8.4811788406e-01 alpha_p32n=8.4811738153e-01 rz32q=1.7472723389e+03 rz32n=1.7472663879e+03 alpha_full_q=8.4811788424e-01 alpha_full_n=8.4811449315e-01
  residual=1.107e+05
iter=34 pAp_d=2.0267960921e+03 p8q=6.4000000000e+01 p8n=3.2000000000e+01 p8q_e2=2.0480000000e+03 p8n_e2=5.1200000000e+02 p16q=2.0240000000e+03 p16n=1.6960000000e+03 p16q_e2=2.0260000000e+03 p16n_e2=1.9200000000e+03 p32q=2.0267960815e+03 p32n=2.0267963562e+03 p64q=2.0267960921e+03 p64n=2.0267960921e+03 alpha_d=8.8907921582e-01 alpha_p32q=8.8907922044e-01 alpha_p32n=8.8907909996e-01 rz32q=1.8019822693e+03 rz32n=1.8019769592e+03 alpha_full_q=8.8907921507e-01 alpha_full_n=8.8907647466e-01
  residual=1.192e+05
iter=35 pAp_d=1.7003484790e+03 p8q=6.4000000000e+01 p8n=6.4000000000e+01 p8q_e2=1.5360000000e+03 p8n_e2=-9.6000000000e+01 p16q=1.7040000000e+03 p16n=1.4720000000e+03 p16q_e2=1.7000000000e+03 p16n_e2=1.5880000000e+03 p32q=1.7003484802e+03 p32n=1.7003482361e+03 p64q=1.7003484790e+03 p64n=1.7003484790e+03 alpha_d=9.8206033219e-01 alpha_p32q=9.8206033150e-01 alpha_p32n=9.8206047251e-01 rz32q=1.6698447876e+03 rz32n=1.6698386841e+03 alpha_full_q=9.8206032882e-01 alpha_full_n=9.8205688026e-01
  residual=1.410e+05
iter=36 pAp_d=1.5844049081e+03 p8q=6.4000000000e+01 p8n=6.4000000000e+01 p8q_e2=1.5360000000e+03 p8n_e2=5.1200000000e+02 p16q=1.5840000000e+03 p16n=1.3600000000e+03 p16q_e2=1.5860000000e+03 p16n_e2=1.5200000000e+03 p32q=1.5844049072e+03 p32n=1.5844053345e+03 p64q=1.5844049081e+03 p64n=1.5844049081e+03 alpha_d=1.2010023190e+00 alpha_p32q=1.2010023197e+00 alpha_p32n=1.2010019958e+00 rz32q=1.9028739624e+03 rz32n=1.9028698425e+03 alpha_full_q=1.2010023156e+00 alpha_full_n=1.2009993915e+00
  residual=1.632e+05
iter=37 pAp_d=2.3914550033e+03 p8q=6.4000000000e+01 p8n=3.2000000000e+01 p8q_e2=2.0480000000e+03 p8n_e2=-9.6000000000e+01 p16q=2.3840000000e+03 p16n=2.1120000000e+03 p16q_e2=2.3920000000e+03 p16n_e2=2.3080000000e+03 p32q=2.3914550171e+03 p32n=2.3914559937e+03 p64q=2.3914550033e+03 p64n=2.3914550033e+03 alpha_d=9.3420927717e-01 alpha_p32q=9.3420927178e-01 alpha_p32n=9.3420889029e-01 rz32q=2.2341194458e+03 rz32n=2.2341117554e+03 alpha_full_q=9.3420927002e-01 alpha_full_n=9.3420567274e-01
  residual=1.922e+05
iter=38 pAp_d=3.1415731542e+03 p8q=6.4000000000e+01 p8n=3.2000000000e+01 p8q_e2=3.0720000000e+03 p8n_e2=2.5600000000e+02 p16q=3.1520000000e+03 p16n=2.7040000000e+03 p16q_e2=3.1400000000e+03 p16n_e2=3.0200000000e+03 p32q=3.1415731812e+03 p32n=3.1415716553e+03 p64q=3.1415731542e+03 p64n=3.1415731542e+03 alpha_d=8.3040003437e-01 alpha_p32q=8.3040002724e-01 alpha_p32n=8.3040043057e-01 rz32q=2.6087624512e+03 rz32n=2.6087531738e+03 alpha_full_q=8.3040002596e-01 alpha_full_n=8.3039747620e-01
  residual=1.797e+05
iter=39 pAp_d=2.8159941161e+03 p8q=6.4000000000e+01 p8n=6.4000000000e+01 p8q_e2=3.0720000000e+03 p8n_e2=5.1200000000e+02 p16q=2.8160000000e+03 p16n=2.4160000000e+03 p16q_e2=2.8160000000e+03 p16n_e2=2.6880000000e+03 p32q=2.8159940796e+03 p32n=2.8159938354e+03 p64q=2.8159941161e+03 p64n=2.8159941161e+03 alpha_d=8.8144111826e-01 alpha_p32q=8.8144112967e-01 alpha_p32n=8.8144120609e-01 rz32q=2.4821329956e+03 rz32n=2.4821234741e+03 alpha_full_q=8.8144112717e-01 alpha_full_n=8.8143782237e-01
  residual=2.569e+05
iter=40 pAp_d=4.5505752357e+03 p8q=6.4000000000e+01 p8n=6.4000000000e+01 p8q_e2=4.0960000000e+03 p8n_e2=1.0240000000e+03 p16q=4.5440000000e+03 p16n=3.9040000000e+03 p16q_e2=4.5440000000e+03 p16n_e2=4.3040000000e+03 p32q=4.5505751953e+03 p32n=4.5505769043e+03 p64q=4.5505752357e+03 p64n=4.5505752357e+03 alpha_d=7.6428968977e-01 alpha_p32q=7.6428969655e-01 alpha_p32n=7.6428940952e-01 rz32q=3.4779577637e+03 rz32n=3.4779507446e+03 alpha_full_q=7.6428970282e-01 alpha_full_n=7.6428787333e-01
  residual=2.111e+05
iter=41 pAp_d=3.1912149930e+03 p8q=3.2000000000e+01 p8n=3.2000000000e+01 p8q_e2=3.0720000000e+03 p8n_e2=5.1200000000e+02 p16q=3.1840000000e+03 p16n=2.8160000000e+03 p16q_e2=3.1920000000e+03 p16n_e2=3.0800000000e+03 p32q=3.1912149658e+03 p32n=3.1912135010e+03 p64q=3.1912149930e+03 p64n=3.1912149930e+03 alpha_d=1.0214312968e+00 alpha_p32q=1.0214313055e+00 alpha_p32n=1.0214317744e+00 rz32q=3.2596068726e+03 rz32n=3.2595961304e+03 alpha_full_q=1.0214313067e+00 alpha_full_n=1.0214284094e+00
  residual=2.156e+05
iter=42 pAp_d=5.1630338257e+03 p8q=-6.4000000000e+01 p8n=6.4000000000e+01 p8q_e2=4.0960000000e+03 p8n_e2=-2.0480000000e+03 p16q=5.1840000000e+03 p16n=4.6720000000e+03 p16q_e2=5.1680000000e+03 p16n_e2=4.9440000000e+03 p32q=5.1630339355e+03 p32n=5.1630324707e+03 p64q=5.1630338257e+03 p64n=5.1630338257e+03 alpha_d=8.0409593252e-01 alpha_p32q=8.0409591542e-01 alpha_p32n=8.0409614356e-01 rz32q=4.1515744629e+03 rz32n=4.1515656738e+03 alpha_full_q=8.0409590847e-01 alpha_full_n=8.0409443430e-01
  residual=1.964e+05
iter=43 pAp_d=4.8574390578e+03 p8q=-6.4000000000e+01 p8n=6.4000000000e+01 p8q_e2=4.0960000000e+03 p8n_e2=5.1200000000e+02 p16q=4.8640000000e+03 p16n=4.2880000000e+03 p16q_e2=4.8640000000e+03 p16n_e2=4.6720000000e+03 p32q=4.8574389648e+03 p32n=4.8574426270e+03 p64q=4.8574390578e+03 p64n=4.8574390578e+03 alpha_d=8.2942262921e-01 alpha_p32q=8.2942264509e-01 alpha_p32n=8.2942201977e-01 rz32q=4.0288698730e+03 rz32n=4.0288614502e+03 alpha_full_q=8.2942264477e-01 alpha_full_n=8.2942028545e-01
  residual=1.941e+05
iter=44 pAp_d=4.1008936215e+03 p8q=6.4000000000e+01 p8n=6.4000000000e+01 p8q_e2=4.0960000000e+03 p8n_e2=1.0240000000e+03 p16q=4.0960000000e+03 p16n=3.5040000000e+03 p16q_e2=4.0960000000e+03 p16n_e2=3.9080000000e+03 p32q=4.1008935547e+03 p32n=4.1008925781e+03 p64q=4.1008936215e+03 p64n=4.1008936215e+03 alpha_d=8.5118150395e-01 alpha_p32q=8.5118151782e-01 alpha_p32n=8.5118172052e-01 rz32q=3.4906047974e+03 rz32n=3.4905953979e+03 alpha_full_q=8.5118151710e-01 alpha_full_n=8.5117942776e-01
  residual=1.761e+05
iter=45 pAp_d=3.4111431870e+03 p8q=6.4000000000e+01 p8n=3.2000000000e+01 p8q_e2=3.0720000000e+03 p8n_e2=2.5600000000e+02 p16q=3.4080000000e+03 p16n=2.8640000000e+03 p16q_e2=3.4120000000e+03 p16n_e2=3.2880000000e+03 p32q=3.4111431885e+03 p32n=3.4111416016e+03 p64q=3.4111431870e+03 p64n=3.4111431870e+03 alpha_d=8.5135791556e-01 alpha_p32q=8.5135791519e-01 alpha_p32n=8.5135831125e-01 rz32q=2.9041037598e+03 rz32n=2.9040958862e+03 alpha_full_q=8.5135791707e-01 alpha_full_n=8.5135600495e-01
  residual=1.594e+05
iter=46 pAp_d=3.2614571625e+03 p8q=6.4000000000e+01 p8n=6.4000000000e+01 p8q_e2=3.0720000000e+03 p8n_e2=1.0240000000e+03 p16q=3.2640000000e+03 p16n=2.8480000000e+03 p16q_e2=3.2600000000e+03 p16n_e2=3.1360000000e+03 p32q=3.2614571533e+03 p32n=3.2614567261e+03 p64q=3.2614571625e+03 p64n=3.2614571625e+03 alpha_d=7.8630268111e-01 alpha_p32q=7.8630268334e-01 alpha_p32n=7.8630278634e-01 rz32q=2.5644924927e+03 rz32n=2.5644850464e+03 alpha_full_q=7.8630267764e-01 alpha_full_n=7.8630049753e-01
  residual=1.506e+05
iter=47 pAp_d=2.8062130088e+03 p8q=6.4000000000e+01 p8n=6.4000000000e+01 p8q_e2=3.0720000000e+03 p8n_e2=2.5600000000e+02 p16q=2.8000000000e+03 p16n=2.4480000000e+03 p16q_e2=2.8080000000e+03 p16n_e2=2.6760000000e+03 p32q=2.8062130127e+03 p32n=2.8062103882e+03 p64q=2.8062130088e+03 p64n=2.8062130088e+03 alpha_d=7.3447602029e-01 alpha_p32q=7.3447601928e-01 alpha_p32n=7.3447670620e-01 rz32q=2.0610961914e+03 rz32n=2.0610886841e+03 alpha_full_q=7.3447602947e-01 alpha_full_n=7.3447404113e-01
  residual=1.591e+05
iter=48 pAp_d=1.9614249747e+03 p8q=6.4000000000e+01 p8n=6.4000000000e+01 p8q_e2=2.0480000000e+03 p8n_e2=2.2400000000e+02 p16q=1.9600000000e+03 p16n=1.6800000000e+03 p16q_e2=1.9600000000e+03 p16n_e2=1.8540000000e+03 p32q=1.9614249878e+03 p32n=1.9614240723e+03 p64q=1.9614249747e+03 p64n=1.9614249747e+03 alpha_d=8.6961958123e-01 alpha_p32q=8.6961957543e-01 alpha_p32n=8.6961998134e-01 rz32q=1.7056935730e+03 rz32n=1.7056896973e+03 alpha_full_q=8.6961957945e-01 alpha_full_n=8.6961800938e-01
  residual=1.511e+05
iter=49 pAp_d=1.8991051908e+03 p8q=6.4000000000e+01 p8n=3.2000000000e+01 p8q_e2=1.5360000000e+03 p8n_e2=3.8400000000e+02 p16q=1.8960000000e+03 p16n=1.7200000000e+03 p16q_e2=1.9000000000e+03 p16n_e2=1.8080000000e+03 p32q=1.8991051941e+03 p32n=1.8991042480e+03 p64q=1.8991051908e+03 p64n=1.8991051908e+03 alpha_d=7.8843391097e-01 alpha_p32q=7.8843390959e-01 alpha_p32n=7.8843430235e-01 rz32q=1.4973189392e+03 rz32n=1.4973140869e+03 alpha_full_q=7.8843391291e-01 alpha_full_n=7.8843175063e-01
  residual=1.590e+05
iter=50 pAp_d=1.9257869606e+03 p8q=6.4000000000e+01 p8n=6.5000000000e+00 p8q_e2=2.0480000000e+03 p8n_e2=5.1200000000e+02 p16q=1.9280000000e+03 p16n=1.7840000000e+03 p16q_e2=1.9260000000e+03 p16n_e2=1.8500000000e+03 p32q=1.9257869568e+03 p32n=1.9257856140e+03 p64q=1.9257869606e+03 p64n=1.9257869606e+03 alpha_d=7.4925751252e-01 alpha_p32q=7.4925751399e-01 alpha_p32n=7.4925803641e-01 rz32q=1.4429103394e+03 rz32n=1.4429067078e+03 alpha_full_q=7.4925750965e-01 alpha_full_n=7.4925614630e-01
  residual=1.413e+05
iter=51 pAp_d=1.4409323569e+03 p8q=6.4000000000e+01 p8n=3.2000000000e+01 p8q_e2=1.5360000000e+03 p8n_e2=2.5600000000e+02 p16q=1.4400000000e+03 p16n=1.2800000000e+03 p16q_e2=1.4420000000e+03 p16n_e2=1.3680000000e+03 p32q=1.4409323425e+03 p32n=1.4409320068e+03 p64q=1.4409323569e+03 p64n=1.4409323569e+03 alpha_d=8.8294601386e-01 alpha_p32q=8.8294602268e-01 alpha_p32n=8.8294622838e-01 rz32q=1.2722654724e+03 rz32n=1.2722607727e+03 alpha_full_q=8.8294601687e-01 alpha_full_n=8.8294296099e-01
  residual=1.402e+05
iter=52 pAp_d=1.4302045578e+03 p8q=6.4000000000e+01 p8n=6.4000000000e+01 p8q_e2=1.5360000000e+03 p8n_e2=2.5600000000e+02 p16q=1.4320000000e+03 p16n=1.3200000000e+03 p16q_e2=1.4300000000e+03 p16n_e2=1.3560000000e+03 p32q=1.4302045593e+03 p32n=1.4302034912e+03 p64q=1.4302045578e+03 p64n=1.4302045578e+03 alpha_d=9.2453845559e-01 alpha_p32q=9.2453845460e-01 alpha_p32n=9.2453914507e-01 rz32q=1.3222791138e+03 rz32n=1.3222757568e+03 alpha_full_q=9.2453845511e-01 alpha_full_n=9.2453679841e-01
  residual=1.479e+05
iter=53 pAp_d=1.7041873225e+03 p8q=6.4000000000e+01 p8n=1.6000000000e+01 p8q_e2=1.5360000000e+03 p8n_e2=2.5600000000e+02 p16q=1.7040000000e+03 p16n=1.5360000000e+03 p16q_e2=1.7040000000e+03 p16n_e2=1.6520000000e+03 p32q=1.7041873169e+03 p32n=1.7041866455e+03 p64q=1.7041873225e+03 p64n=1.7041873225e+03 alpha_d=8.3764847082e-01 alpha_p32q=8.3764847355e-01 alpha_p32n=8.3764880355e-01 rz32q=1.4275099182e+03 rz32n=1.4275057373e+03 alpha_full_q=8.3764848151e-01 alpha_full_n=8.3764635820e-01
  residual=1.418e+05
iter=54 pAp_d=1.7755245394e+03 p8q=6.4000000000e+01 p8n=3.2000000000e+01 p8q_e2=1.5360000000e+03 p8n_e2=2.2400000000e+02 p16q=1.7760000000e+03 p16n=1.6320000000e+03 p16q_e2=1.7760000000e+03 p16n_e2=1.7180000000e+03 p32q=1.7755245361e+03 p32n=1.7755233459e+03 p64q=1.7755245394e+03 p64n=1.7755245394e+03 alpha_d=7.4721057002e-01 alpha_p32q=7.4721057138e-01 alpha_p32n=7.4721107226e-01 rz32q=1.3266907043e+03 rz32n=1.3266865540e+03 alpha_full_q=7.4721057206e-01 alpha_full_n=7.4720873538e-01
  residual=1.267e+05
iter=55 pAp_d=1.5794341492e+03 p8q=6.4000000000e+01 p8n=2.4000000000e+01 p8q_e2=1.5360000000e+03 p8n_e2=3.8400000000e+02 p16q=1.5760000000e+03 p16n=1.4480000000e+03 p16q_e2=1.5800000000e+03 p16n_e2=1.5200000000e+03 p32q=1.5794341431e+03 p32n=1.5794338684e+03 p64q=1.5794341492e+03 p64n=1.5794341492e+03 alpha_d=7.3771601073e-01 alpha_p32q=7.3771601359e-01 alpha_p32n=7.3771614188e-01 rz32q=1.1651738586e+03 rz32n=1.1651700439e+03 alpha_full_q=7.3771601289e-01 alpha_full_n=7.3771372594e-01
  residual=9.710e+04
iter=56 pAp_d=9.1115059988e+02 p8q=6.4000000000e+01 p8n=6.4000000000e+01 p8q_e2=1.0240000000e+03 p8n_e2=3.8400000000e+02 p16q=9.1400000000e+02 p16n=8.2000000000e+02 p16q_e2=9.1100000000e+02 p16n_e2=8.6200000000e+02 p32q=9.1115058899e+02 p32n=9.1114978027e+02 p64q=9.1115059988e+02 p64n=9.1115059988e+02 alpha_d=1.0525149089e+00 alpha_p32q=1.0525149214e+00 alpha_p32n=1.0525158556e+00 rz32q=9.5899958801e+02 rz32n=9.5899752808e+02 alpha_full_q=1.0525149186e+00 alpha_full_n=1.0525135920e+00
  residual=9.179e+04
iter=57 pAp_d=8.2828996641e+02 p8q=6.4000000000e+01 p8n=6.4000000000e+01 p8q_e2=7.6800000000e+02 p8n_e2=1.9200000000e+02 p16q=8.2800000000e+02 p16n=7.2400000000e+02 p16q_e2=8.2800000000e+02 p16n_e2=7.8900000000e+02 p32q=8.2828996277e+02 p32n=8.2828921509e+02 p64q=8.2828996641e+02 p64n=8.2828996641e+02 alpha_d=1.1634711343e+00 alpha_p32q=1.1634711394e+00 alpha_p32n=1.1634721897e+00 rz32q=9.6369146729e+02 rz32n=9.6369023132e+02 alpha_full_q=1.1634711401e+00 alpha_full_n=1.1634706981e+00
  residual=1.057e+05
iter=58 pAp_d=1.3257643038e+03 p8q=6.4000000000e+01 p8n=2.4000000000e+01 p8q_e2=1.5360000000e+03 p8n_e2=5.1200000000e+02 p16q=1.3280000000e+03 p16n=1.2000000000e+03 p16q_e2=1.3260000000e+03 p16n_e2=1.2600000000e+03 p32q=1.3257643127e+03 p32n=1.3257633972e+03 p64q=1.3257643038e+03 p64n=1.3257643038e+03 alpha_d=8.8287948421e-01 alpha_p32q=8.8287947823e-01 alpha_p32n=8.8288008791e-01 rz32q=1.1704901123e+03 rz32n=1.1704867859e+03 alpha_full_q=8.8287948397e-01 alpha_full_n=8.8287758460e-01
  residual=1.120e+05
iter=59 pAp_d=1.4313696132e+03 p8q=6.4000000000e+01 p8n=2.4000000000e+01 p8q_e2=1.5360000000e+03 p8n_e2=2.5600000000e+02 p16q=1.4320000000e+03 p16n=1.2960000000e+03 p16q_e2=1.4300000000e+03 p16n_e2=1.3660000000e+03 p32q=1.4313695984e+03 p32n=1.4313692322e+03 p64q=1.4313696132e+03 p64n=1.4313696132e+03 alpha_d=8.8162058785e-01 alpha_p32q=8.8162059700e-01 alpha_p32n=8.8162082256e-01 rz32q=1.2619249268e+03 rz32n=1.2619196167e+03 alpha_full_q=8.8162060182e-01 alpha_full_n=8.8161711760e-01
  residual=1.116e+05
iter=60 pAp_d=1.4078179653e+03 p8q=6.4000000000e+01 p8n=6.4000000000e+01 p8q_e2=1.5360000000e+03 p8n_e2=2.5600000000e+02 p16q=1.4080000000e+03 p16n=1.2800000000e+03 p16q_e2=1.4080000000e+03 p16n_e2=1.3460000000e+03 p32q=1.4078179626e+03 p32n=1.4078175049e+03 p64q=1.4078179653e+03 p64n=1.4078179653e+03 alpha_d=8.9263443399e-01 alpha_p32q=8.9263443566e-01 alpha_p32n=8.9263472590e-01 rz32q=1.2566667786e+03 rz32n=1.2566630859e+03 alpha_full_q=8.9263442569e-01 alpha_full_n=8.9263209299e-01
  residual=1.221e+05
iter=61 pAp_d=2.0067804043e+03 p8q=6.4000000000e+01 p8n=6.4000000000e+01 p8q_e2=2.0480000000e+03 p8n_e2=5.1200000000e+02 p16q=2.0080000000e+03 p16n=1.7840000000e+03 p16q_e2=2.0080000000e+03 p16n_e2=1.8980000000e+03 p32q=2.0067803955e+03 p32n=2.0067804260e+03 p64q=2.0067804043e+03 p64n=2.0067804043e+03 alpha_d=6.7537363012e-01 alpha_p32q=6.7537363309e-01 alpha_p32n=6.7537362282e-01 rz32q=1.3553265686e+03 rz32n=1.3553223267e+03 alpha_full_q=6.7537363412e-01 alpha_full_n=6.7537151005e-01
  residual=1.100e+05
iter=62 pAp_d=1.4063025914e+03 p8q=6.4000000000e+01 p8n=1.6000000000e+01 p8q_e2=1.5360000000e+03 p8n_e2=2.5600000000e+02 p16q=1.4080000000e+03 p16n=1.2320000000e+03 p16q_e2=1.4060000000e+03 p16n_e2=1.3440000000e+03 p32q=1.4063025818e+03 p32n=1.4063028564e+03 p64q=1.4063025914e+03 p64n=1.4063025914e+03 alpha_d=7.9003440892e-01 alpha_p32q=7.9003441435e-01 alpha_p32n=7.9003426005e-01 rz32q=1.1110274353e+03 rz32n=1.1110240173e+03 alpha_full_q=7.9003441343e-01 alpha_full_n=7.9003182866e-01
  residual=1.143e+05
iter=63 pAp_d=1.5266637355e+03 p8q=6.4000000000e+01 p8n=-6.4000000000e+01 p8q_e2=1.5360000000e+03 p8n_e2=2.5600000000e+02 p16q=1.5280000000e+03 p16n=1.3920000000e+03 p16q_e2=1.5260000000e+03 p16n_e2=1.4480000000e+03 p32q=1.5266637268e+03 p32n=1.5266644897e+03 p64q=1.5266637355e+03 p64n=1.5266637355e+03 alpha_d=7.3493292513e-01 alpha_p32q=7.3493292931e-01 alpha_p32n=7.3493256203e-01 rz32q=1.1219954529e+03 rz32n=1.1219916687e+03 alpha_full_q=7.3493293459e-01 alpha_full_n=7.3493008859e-01
  residual=9.214e+04
iter=64 pAp_d=9.2260682977e+02 p8q=6.4000000000e+01 p8n=6.4000000000e+01 p8q_e2=1.0240000000e+03 p8n_e2=1.6000000000e+02 p16q=9.2200000000e+02 p16n=8.1400000000e+02 p16q_e2=9.2300000000e+02 p16n_e2=8.7100000000e+02 p32q=9.2260684204e+02 p32n=9.2260635376e+02 p64q=9.2260682977e+02 p64n=9.2260682977e+02 alpha_d=9.6922925506e-01 alpha_p32q=9.6922924217e-01 alpha_p32n=9.6922975512e-01 rz32q=8.9421752930e+02 rz32n=8.9421611023e+02 alpha_full_q=9.6922924105e-01 alpha_full_n=9.6922821590e-01
  residual=8.340e+04
iter=65 pAp_d=8.1402999301e+02 p8q=6.4000000000e+01 p8n=6.4000000000e+01 p8q_e2=7.6800000000e+02 p8n_e2=1.2800000000e+02 p16q=8.1400000000e+02 p16n=7.3800000000e+02 p16q_e2=8.1400000000e+02 p16n_e2=7.7200000000e+02 p32q=8.1402999878e+02 p32n=8.1402963257e+02 p64q=8.1402999301e+02 p64n=8.1402999301e+02 alpha_d=9.8549286568e-01 alpha_p32q=9.8549285869e-01 alpha_p32n=9.8549330204e-01 rz32q=8.0222074890e+02 rz32n=8.0221875000e+02 alpha_full_q=9.8549285666e-01 alpha_full_n=9.8549084444e-01
  residual=8.275e+04
iter=66 pAp_d=6.9857594524e+02 p8q=6.4000000000e+01 p8n=2.4000000000e+01 p8q_e2=7.6800000000e+02 p8n_e2=6.4000000000e+01 p16q=6.9800000000e+02 p16n=6.2400000000e+02 p16q_e2=6.9900000000e+02 p16n_e2=6.6700000000e+02 p32q=6.9857594299e+02 p32n=6.9857575989e+02 p64q=6.9857594524e+02 p64n=6.9857594524e+02 alpha_d=1.0305425468e+00 alpha_p32q=1.0305425501e+00 alpha_p32n=1.0305428202e+00 rz32q=7.1991223145e+02 rz32n=7.1991026306e+02 alpha_full_q=1.0305425468e+00 alpha_full_n=1.0305399992e+00
  residual=8.114e+04
iter=67 pAp_d=8.6458391691e+02 p8q=6.4000000000e+01 p8n=1.6000000000e+01 p8q_e2=7.6800000000e+02 p8n_e2=1.2800000000e+02 p16q=8.6400000000e+02 p16n=8.0000000000e+02 p16q_e2=8.6500000000e+02 p16n_e2=8.2200000000e+02 p32q=8.6458392334e+02 p32n=8.6458334351e+02 p64q=8.6458391691e+02 p64n=8.6458391691e+02 alpha_d=9.3520300683e-01 alpha_p32q=9.3520299988e-01 alpha_p32n=9.3520362707e-01 rz32q=8.0856147766e+02 rz32n=8.0855964661e+02 alpha_full_q=9.3520299861e-01 alpha_full_n=9.3520150796e-01
  residual=9.030e+04
iter=68 pAp_d=9.4467707774e+02 p8q=6.4000000000e+01 p8n=3.2000000000e+01 p8q_e2=1.0240000000e+03 p8n_e2=1.9200000000e+02 p16q=9.4400000000e+02 p16n=8.7600000000e+02 p16q_e2=9.4500000000e+02 p16n_e2=8.9800000000e+02 p32q=9.4467707825e+02 p32n=9.4467752075e+02 p64q=9.4467707774e+02 p64n=9.4467707774e+02 alpha_d=8.7914610555e-01 alpha_p32q=8.7914610508e-01 alpha_p32n=8.7914569327e-01 rz32q=8.3050917053e+02 rz32n=8.3050764465e+02 alpha_full_q=8.7914610152e-01 alpha_full_n=8.7914407447e-01
  residual=1.048e+05
iter=69 pAp_d=9.9353644700e+02 p8q=6.4000000000e+01 p8n=3.2000000000e+01 p8q_e2=1.0240000000e+03 p8n_e2=3.8400000000e+02 p16q=9.9200000000e+02 p16n=8.9400000000e+02 p16q_e2=9.9300000000e+02 p16n_e2=9.4500000000e+02 p32q=9.9353643799e+02 p32n=9.9353625488e+02 p64q=9.9353644700e+02 p64n=9.9353644700e+02 alpha_d=9.3902418029e-01 alpha_p32q=9.3902418880e-01 alpha_p32n=9.3902436186e-01 rz32q=9.3295474243e+02 rz32n=9.3295335388e+02 alpha_full_q=9.3902418347e-01 alpha_full_n=9.3902295895e-01
  residual=1.101e+05
iter=70 pAp_d=1.2354249484e+03 p8q=6.4000000000e+01 p8n=-2.4000000000e+01 p8q_e2=1.5360000000e+03 p8n_e2=2.5600000000e+02 p16q=1.2400000000e+03 p16n=1.0960000000e+03 p16q_e2=1.2360000000e+03 p16n_e2=1.1760000000e+03 p32q=1.2354249573e+03 p32n=1.2354249878e+03 p64q=1.2354249484e+03 p64n=1.2354249484e+03 alpha_d=8.8727752446e-01 alpha_p32q=8.8727751811e-01 alpha_p32n=8.8727749619e-01 rz32q=1.0961647949e+03 rz32n=1.0961606445e+03 alpha_full_q=8.8727752217e-01 alpha_full_n=8.8727414077e-01
  residual=1.032e+05
iter=71 pAp_d=1.2784713375e+03 p8q=6.4000000000e+01 p8n=8.0000000000e+00 p8q_e2=1.5360000000e+03 p8n_e2=3.8400000000e+02 p16q=1.2800000000e+03 p16n=1.1760000000e+03 p16q_e2=1.2780000000e+03 p16n_e2=1.1920000000e+03 p32q=1.2784713440e+03 p32n=1.2784715881e+03 p64q=1.2784713375e+03 p64n=1.2784713375e+03 alpha_d=8.9200982571e-01 alpha_p32q=8.9200982117e-01 alpha_p32n=8.9200965082e-01 rz32q=1.1404089966e+03 rz32n=1.1404041138e+03 alpha_full_q=8.9200982246e-01 alpha_full_n=8.9200583287e-01
  residual=1.010e+05
iter=72 pAp_d=1.3080198479e+03 p8q=6.4000000000e+01 p8n=6.4000000000e+01 p8q_e2=1.0240000000e+03 p8n_e2=1.6000000000e+02 p16q=1.3120000000e+03 p16n=1.1600000000e+03 p16q_e2=1.3080000000e+03 p16n_e2=1.2380000000e+03 p32q=1.3080198364e+03 p32n=1.3080195312e+03 p64q=1.3080198479e+03 p64n=1.3080198479e+03 alpha_d=8.9634678612e-01 alpha_p32q=8.9634679396e-01 alpha_p32n=8.9634700308e-01 rz32q=1.1724393921e+03 rz32n=1.1724345703e+03 alpha_full_q=8.9634679799e-01 alpha_full_n=8.9634332080e-01
  residual=9.853e+04
iter=73 pAp_d=8.1815697879e+02 p8q=6.4000000000e+01 p8n=3.2000000000e+01 p8q_e2=7.6800000000e+02 p8n_e2=1.2800000000e+02 p16q=8.1800000000e+02 p16n=7.4000000000e+02 p16q_e2=8.1800000000e+02 p16n_e2=7.6300000000e+02 p32q=8.1815698242e+02 p32n=8.1815625000e+02 p64q=8.1815697879e+02 p64n=8.1815697879e+02 alpha_d=1.1241433726e+00 alpha_p32q=1.1241433676e+00 alpha_p32n=1.1241443740e+00 rz32q=9.1972573853e+02 rz32n=9.1972421265e+02 alpha_full_q=1.1241433591e+00 alpha_full_n=1.1241425005e+00
  residual=1.168e+05
iter=74 pAp_d=1.2064618924e+03 p8q=6.4000000000e+01 p8n=1.6000000000e+01 p8q_e2=1.0240000000e+03 p8n_e2=2.5600000000e+02 p16q=1.2080000000e+03 p16n=1.1040000000e+03 p16q_e2=1.2060000000e+03 p16n_e2=1.1420000000e+03 p32q=1.2064618835e+03 p32n=1.2064616699e+03 p64q=1.2064618924e+03 p64n=1.2064618924e+03 alpha_d=9.5556617677e-01 alpha_p32q=9.5556618381e-01 alpha_p32n=9.5556635301e-01 rz32q=1.1528541870e+03 rz32n=1.1528483582e+03 alpha_full_q=9.5556619130e-01 alpha_full_n=9.5556152914e-01
  residual=1.422e+05
iter=75 pAp_d=1.3342525601e+03 p8q=6.4000000000e+01 p8n=1.6000000000e+01 p8q_e2=1.0240000000e+03 p8n_e2=2.5600000000e+02 p16q=1.3360000000e+03 p16n=1.2080000000e+03 p16q_e2=1.3340000000e+03 p16n_e2=1.2680000000e+03 p32q=1.3342525635e+03 p32n=1.3342528992e+03 p64q=1.3342525601e+03 p64n=1.3342525601e+03 alpha_d=8.8703470022e-01 alpha_p32q=8.8703469796e-01 alpha_p32n=8.8703447478e-01 rz32q=1.1835283203e+03 rz32n=1.1835237427e+03 alpha_full_q=8.8703469846e-01 alpha_full_n=8.8703104442e-01
  residual=1.634e+05
iter=76 pAp_d=1.4871525228e+03 p8q=6.4000000000e+01 p8n=6.4000000000e+01 p8q_e2=1.5360000000e+03 p8n_e2=5.1200000000e+02 p16q=1.4880000000e+03 p16n=1.3680000000e+03 p16q_e2=1.4880000000e+03 p16n_e2=1.4240000000e+03 p32q=1.4871525269e+03 p32n=1.4871520691e+03 p64q=1.4871525228e+03 p64n=1.4871525228e+03 alpha_d=7.7031450564e-01 alpha_p32q=7.7031450353e-01 alpha_p32n=7.7031474064e-01 rz32q=1.1455751648e+03 rz32n=1.1455705872e+03 alpha_full_q=7.7031450649e-01 alpha_full_n=7.7031166548e-01
  residual=1.353e+05
iter=77 pAp_d=1.1218719490e+03 p8q=6.4000000000e+01 p8n=3.2000000000e+01 p8q_e2=1.0240000000e+03 p8n_e2=2.5600000000e+02 p16q=1.1200000000e+03 p16n=9.9800000000e+02 p16q_e2=1.1220000000e+03 p16n_e2=1.0780000000e+03 p32q=1.1218719482e+03 p32n=1.1218716431e+03 p64q=1.1218719490e+03 p64n=1.1218719490e+03 alpha_d=7.7871729132e-01 alpha_p32q=7.7871729184e-01 alpha_p32n=7.7871750367e-01 rz32q=8.7362107849e+02 rz32n=8.7361878967e+02 alpha_full_q=7.7871728575e-01 alpha_full_n=7.7871545740e-01
  residual=1.086e+05
iter=78 pAp_d=8.4821830707e+02 p8q=6.4000000000e+01 p8n=-6.4000000000e+01 p8q_e2=7.6800000000e+02 p8n_e2=1.2800000000e+02 p16q=8.4800000000e+02 p16n=7.5600000000e+02 p16q_e2=8.4800000000e+02 p16n_e2=7.9700000000e+02 p32q=8.4821830750e+02 p32n=8.4821807861e+02 p64q=8.4821830707e+02 p64n=8.4821830707e+02 alpha_d=8.0540152767e-01 alpha_p32q=8.0540152726e-01 alpha_p32n=8.0540174459e-01 rz32q=6.8315632629e+02 rz32n=6.8315397644e+02 alpha_full_q=8.0540153432e-01 alpha_full_n=8.0539898131e-01
  residual=8.691e+04
iter=79 pAp_d=6.0802920902e+02 p8q=6.4000000000e+01 p8n=1.6000000000e+01 p8q_e2=5.1200000000e+02 p8n_e2=1.2800000000e+02 p16q=6.0800000000e+02 p16n=5.4800000000e+02 p16q_e2=6.0800000000e+02 p16n_e2=5.6800000000e+02 p32q=6.0802920532e+02 p32n=6.0802902222e+02 p64q=6.0802920902e+02 p64n=6.0802920902e+02 alpha_d=8.7785795014e-01 alpha_p32q=8.7785795549e-01 alpha_p32n=8.7785821985e-01 rz32q=5.3376327515e+02 rz32n=5.3376127625e+02 alpha_full_q=8.7785795563e-01 alpha_full_n=8.7785493248e-01
  residual=7.836e+04
iter=80 pAp_d=4.2818625207e+02 p8q=6.4000000000e+01 p8n=1.2000000000e+01 p8q_e2=3.8400000000e+02 p8n_e2=6.4000000000e+01 p16q=4.2800000000e+02 p16n=3.8700000000e+02 p16q_e2=4.2850000000e+02 p16n_e2=4.0300000000e+02 p32q=4.2818624878e+02 p32n=4.2818621826e+02 p64q=4.2818625207e+02 p64n=4.2818625207e+02 alpha_d=1.0486105331e+00 alpha_p32q=1.0486105412e+00 alpha_p32n=1.0486106159e+00 rz32q=4.4900061798e+02 rz32n=4.4899996948e+02 alpha_full_q=1.0486105503e+00 alpha_full_n=1.0486091106e+00
  residual=9.872e+04
iter=81 pAp_d=5.1364729544e+02 p8q=6.4000000000e+01 p8n=3.2000000000e+01 p8q_e2=5.1200000000e+02 p8n_e2=1.2800000000e+02 p16q=5.1400000000e+02 p16n=4.6800000000e+02 p16q_e2=5.1400000000e+02 p16n_e2=4.9050000000e+02 p32q=5.1364729309e+02 p32n=5.1364723206e+02 p64q=5.1364729544e+02 p64n=5.1364729544e+02 alpha_d=9.4364291539e-01 alpha_p32q=9.4364291971e-01 alpha_p32n=9.4364303184e-01 rz32q=4.8469963074e+02 rz32n=4.8469877625e+02 alpha_full_q=9.4364291851e-01 alpha_full_n=9.4364136706e-01
  residual=1.186e+05
iter=82 pAp_d=5.3519679891e+02 p8q=6.4000000000e+01 p8n=3.2000000000e+01 p8q_e2=5.1200000000e+02 p8n_e2=1.2800000000e+02 p16q=5.3600000000e+02 p16n=4.8400000000e+02 p16q_e2=5.3500000000e+02 p16n_e2=5.1200000000e+02 p32q=5.3519679260e+02 p32n=5.3519627380e+02 p64q=5.3519679891e+02 p64n=5.3519679891e+02 alpha_d=1.0012536905e+00 alpha_p32q=1.0012537023e+00 alpha_p32n=1.0012546729e+00 rz32q=5.3586776733e+02 rz32n=5.3586602783e+02 alpha_full_q=1.0012536972e+00 alpha_full_n=1.0012514176e+00
  residual=1.258e+05
iter=83 pAp_d=6.3570768786e+02 p8q=6.4000000000e+01 p8n=-6.4000000000e+01 p8q_e2=5.1200000000e+02 p8n_e2=1.9200000000e+02 p16q=6.3600000000e+02 p16n=5.8600000000e+02 p16q_e2=6.3600000000e+02 p16n_e2=6.0900000000e+02 p32q=6.3570768738e+02 p32n=6.3570774841e+02 p64q=6.3570768786e+02 p64n=6.3570768786e+02 alpha_d=9.2913836484e-01 alpha_p32q=9.2913836554e-01 alpha_p32n=9.2913827633e-01 rz32q=5.9066040039e+02 rz32n=5.9065837097e+02 alpha_full_q=9.2913836362e-01 alpha_full_n=9.2913508203e-01
  residual=1.130e+05
iter=84 pAp_d=5.9944380903e+02 p8q=6.4000000000e+01 p8n=3.2000000000e+01 p8q_e2=5.1200000000e+02 p8n_e2=1.2800000000e+02 p16q=6.0000000000e+02 p16n=5.4400000000e+02 p16q_e2=5.9900000000e+02 p16n_e2=5.6400000000e+02 p32q=5.9944380188e+02 p32n=5.9944381714e+02 p64q=5.9944380903e+02 p64n=5.9944380903e+02 alpha_d=8.9961685485e-01 alpha_p32q=8.9961686557e-01 alpha_p32n=8.9961684267e-01 rz32q=5.3926976013e+02 rz32n=5.3926774597e+02 alpha_full_q=8.9961687558e-01 alpha_full_n=8.9961349263e-01
  residual=1.069e+05
iter=85 pAp_d=6.5955725558e+02 p8q=6.4000000000e+01 p8n=6.4000000000e+01 p8q_e2=5.1200000000e+02 p8n_e2=1.2800000000e+02 p16q=6.6000000000e+02 p16n=5.8800000000e+02 p16q_e2=6.5900000000e+02 p16n_e2=6.3200000000e+02 p32q=6.5955725098e+02 p32n=6.5955737305e+02 p64q=6.5955725558e+02 p64n=6.5955725558e+02 alpha_d=8.9791893972e-01 alpha_p32q=8.9791894598e-01 alpha_p32n=8.9791877980e-01 rz32q=5.9222895813e+02 rz32n=5.9222763062e+02 alpha_full_q=8.9791895586e-01 alpha_full_n=8.9791677694e-01
  residual=8.218e+04
iter=86 pAp_d=4.9756022540e+02 p8q=6.4000000000e+01 p8n=1.6000000000e+01 p8q_e2=5.1200000000e+02 p8n_e2=6.4000000000e+01 p16q=4.9800000000e+02 p16n=4.4600000000e+02 p16q_e2=4.9750000000e+02 p16n_e2=4.6900000000e+02 p32q=4.9756022644e+02 p32n=4.9755978394e+02 p64q=4.9756022540e+02 p64n=4.9756022540e+02 alpha_d=1.0726329804e+00 alpha_p32q=1.0726329781e+00 alpha_p32n=1.0726339321e+00 rz32q=5.3369950867e+02 rz32n=5.3369860840e+02 alpha_full_q=1.0726329805e+00 alpha_full_n=1.0726321251e+00
  residual=9.870e+04
iter=87 pAp_d=5.0435501283e+02 p8q=6.4000000000e+01 p8n=-6.4000000000e+01 p8q_e2=5.1200000000e+02 p8n_e2=9.6000000000e+01 p16q=5.0500000000e+02 p16n=4.6000000000e+02 p16q_e2=5.0450000000e+02 p16n_e2=4.8900000000e+02 p32q=5.0435501099e+02 p32n=5.0435502625e+02 p64q=5.0435501283e+02 p64n=5.0435501283e+02 alpha_d=1.0499179818e+00 alpha_p32q=1.0499179856e+00 alpha_p32n=1.0499179538e+00 rz32q=5.2953140259e+02 rz32n=5.2953027344e+02 alpha_full_q=1.0499179964e+00 alpha_full_n=1.0499157258e+00
  residual=1.586e+05
iter=88 pAp_d=5.3945970555e+02 p8q=6.4000000000e+01 p8n=3.2000000000e+01 p8q_e2=5.1200000000e+02 p8n_e2=1.2800000000e+02 p16q=5.4000000000e+02 p16n=4.8500000000e+02 p16q_e2=5.4000000000e+02 p16n_e2=5.0950000000e+02 p32q=5.3945970154e+02 p32n=5.3945910645e+02 p64q=5.3945970555e+02 p64n=5.3945970555e+02 alpha_d=9.4538589005e-01 alpha_p32q=9.4538589708e-01 alpha_p32n=9.4538693996e-01 rz32q=5.0999759674e+02 rz32n=5.0999712372e+02 alpha_full_q=9.4538590239e-01 alpha_full_n=9.4538606842e-01
  residual=2.332e+05
iter=89 pAp_d=5.8268744852e+02 p8q=6.4000000000e+01 p8n=6.4000000000e+01 p8q_e2=5.1200000000e+02 p8n_e2=1.2800000000e+02 p16q=5.8200000000e+02 p16n=5.3000000000e+02 p16q_e2=5.8300000000e+02 p16n_e2=5.5500000000e+02 p32q=5.8268743896e+02 p32n=5.8268750000e+02 p64q=5.8268744852e+02 p64n=5.8268744852e+02 alpha_d=9.7631163511e-01 alpha_p32q=9.7631165112e-01 alpha_p32n=9.7631154885e-01 rz32q=5.6888453674e+02 rz32n=5.6888288879e+02 alpha_full_q=9.7631165304e-01 alpha_full_n=9.7630872259e-01
  residual=2.538e+05
iter=90 pAp_d=6.5491422852e+02 p8q=6.4000000000e+01 p8n=-2.4000000000e+01 p8q_e2=7.6800000000e+02 p8n_e2=1.9200000000e+02 p16q=6.5400000000e+02 p16n=6.0400000000e+02 p16q_e2=6.5500000000e+02 p16n_e2=6.3400000000e+02 p32q=6.5491423035e+02 p32n=6.5491432190e+02 p64q=6.5491422852e+02 p64n=6.5491422852e+02 alpha_d=9.5689452179e-01 alpha_p32q=9.5689451912e-01 alpha_p32n=9.5689438535e-01 rz32q=6.2668383789e+02 rz32n=6.2668244934e+02 alpha_full_q=9.5689451970e-01 alpha_full_n=9.5689226573e-01
  residual=2.197e+05
iter=91 pAp_d=7.3197879809e+02 p8q=6.4000000000e+01 p8n=-6.4000000000e+01 p8q_e2=7.6800000000e+02 p8n_e2=1.9200000000e+02 p16q=7.3200000000e+02 p16n=6.8800000000e+02 p16q_e2=7.3200000000e+02 p16n_e2=6.9600000000e+02 p32q=7.3197879028e+02 p32n=7.3197915649e+02 p64q=7.3197879809e+02 p64n=7.3197879809e+02 alpha_d=9.1618086809e-01 alpha_p32q=9.1618087787e-01 alpha_p32n=9.1618041950e-01 rz32q=6.7062496948e+02 rz32n=6.7062368774e+02 alpha_full_q=9.1618087626e-01 alpha_full_n=9.1617866683e-01
  residual=1.295e+05
iter=92 pAp_d=5.6166315962e+02 p8q=6.4000000000e+01 p8n=3.2000000000e+01 p8q_e2=5.1200000000e+02 p8n_e2=9.6000000000e+01 p16q=5.6200000000e+02 p16n=5.1200000000e+02 p16q_e2=5.6200000000e+02 p16n_e2=5.2900000000e+02 p32q=5.6166316223e+02 p32n=5.6166296387e+02 p64q=5.6166315962e+02 p64n=5.6166315962e+02 alpha_d=1.0275116334e+00 alpha_p32q=1.0275116286e+00 alpha_p32n=1.0275119915e+00 rz32q=5.7711543274e+02 rz32n=5.7711404419e+02 alpha_full_q=1.0275116325e+00 alpha_full_n=1.0275095232e+00
  residual=9.231e+04
iter=93 pAp_d=5.8255684658e+02 p8q=6.4000000000e+01 p8n=3.2000000000e+01 p8q_e2=5.1200000000e+02 p8n_e2=9.6000000000e+01 p16q=5.8200000000e+02 p16n=5.2400000000e+02 p16q_e2=5.8200000000e+02 p16n_e2=5.5200000000e+02 p32q=5.8255683899e+02 p32n=5.8255627441e+02 p64q=5.8255684658e+02 p64n=5.8255684658e+02 alpha_d=9.2879833534e-01 alpha_p32q=9.2879834744e-01 alpha_p32n=9.2879924757e-01 rz32q=5.4107783508e+02 rz32n=5.4107617188e+02 alpha_full_q=9.2879835729e-01 alpha_full_n=9.2879640241e-01
  residual=1.085e+05
iter=94 pAp_d=5.8444131017e+02 p8q=6.4000000000e+01 p8n=-3.2000000000e+01 p8q_e2=5.1200000000e+02 p8n_e2=6.4000000000e+01 p16q=5.8400000000e+02 p16n=5.3400000000e+02 p16q_e2=5.8400000000e+02 p16n_e2=5.5100000000e+02 p32q=5.8444131470e+02 p32n=5.8444119263e+02 p64q=5.8444131017e+02 p64n=5.8444131017e+02 alpha_d=8.9508369588e-01 alpha_p32q=8.9508368894e-01 alpha_p32n=8.9508387589e-01 rz32q=5.2312388611e+02 rz32n=5.2312234497e+02 alpha_full_q=8.9508368583e-01 alpha_full_n=8.9508123584e-01
  residual=1.378e+05
iter=95 pAp_d=6.2190984526e+02 p8q=6.4000000000e+01 p8n=1.6000000000e+01 p8q_e2=5.1200000000e+02 p8n_e2=1.2800000000e+02 p16q=6.2200000000e+02 p16n=5.5000000000e+02 p16q_e2=6.2200000000e+02 p16n_e2=5.9600000000e+02 p32q=6.2190985107e+02 p32n=6.2190963745e+02 p64q=6.2190984526e+02 p64n=6.2190984526e+02 alpha_d=8.8359852577e-01 alpha_p32q=8.8359851752e-01 alpha_p32n=8.8359882103e-01 rz32q=5.4951861572e+02 rz32n=5.4951646423e+02 alpha_full_q=8.8359850672e-01 alpha_full_n=8.8359535074e-01
  residual=1.340e+05
iter=96 pAp_d=6.4315672530e+02 p8q=6.4000000000e+01 p8n=6.4000000000e+01 p8q_e2=7.6800000000e+02 p8n_e2=1.6000000000e+02 p16q=6.4400000000e+02 p16n=6.1000000000e+02 p16q_e2=6.4300000000e+02 p16n_e2=6.0400000000e+02 p32q=6.4315672302e+02 p32n=6.4315649414e+02 p64q=6.4315672530e+02 p64n=6.4315672530e+02 alpha_d=8.0910520947e-01 alpha_p32q=8.0910521233e-01 alpha_p32n=8.0910550027e-01 rz32q=5.2038145447e+02 rz32n=5.2038095093e+02 alpha_full_q=8.0910520848e-01 alpha_full_n=8.0910471350e-01
  residual=1.093e+05
iter=97 pAp_d=6.2366095152e+02 p8q=6.4000000000e+01 p8n=6.4000000000e+01 p8q_e2=5.1200000000e+02 p8n_e2=1.9200000000e+02 p16q=6.2400000000e+02 p16n=5.6800000000e+02 p16q_e2=6.2400000000e+02 p16n_e2=5.9200000000e+02 p32q=6.2366094971e+02 p32n=6.2366058350e+02 p64q=6.2366095152e+02 p64n=6.2366095152e+02 alpha_d=7.4966912933e-01 alpha_p32q=7.4966913151e-01 alpha_p32n=7.4966957171e-01 rz32q=4.6753936005e+02 rz32n=4.6753866577e+02 alpha_full_q=7.4966912754e-01 alpha_full_n=7.4966845452e-01
  residual=1.032e+05
iter=98 pAp_d=6.8269673868e+02 p8q=6.4000000000e+01 p8n=-1.2000000000e+01 p8q_e2=5.1200000000e+02 p8n_e2=2.2400000000e+02 p16q=6.8200000000e+02 p16n=6.3600000000e+02 p16q_e2=6.8300000000e+02 p16n_e2=6.5200000000e+02 p32q=6.8269673157e+02 p32n=6.8269697571e+02 p64q=6.8269673868e+02 p64n=6.8269673868e+02 alpha_d=6.6588672447e-01 alpha_p32q=6.6588673140e-01 alpha_p32n=6.6588649327e-01 rz32q=4.5459869385e+02 rz32n=4.5459780884e+02 alpha_full_q=6.6588672954e-01 alpha_full_n=6.6588519506e-01
  residual=9.866e+04
iter=99 pAp_d=4.4561880205e+02 p8q=6.4000000000e+01 p8n=-6.4000000000e+01 p8q_e2=3.8400000000e+02 p8n_e2=6.4000000000e+01 p16q=4.4600000000e+02 p16n=4.0700000000e+02 p16q_e2=4.4550000000e+02 p16n_e2=4.2000000000e+02 p32q=4.4561880493e+02 p32n=4.4561874390e+02 p64q=4.4561880205e+02 p64n=4.4561880205e+02 alpha_d=7.8431071441e-01 alpha_p32q=7.8431070934e-01 alpha_p32n=7.8431081676e-01 rz32q=3.4950360107e+02 rz32n=3.4950302124e+02 alpha_full_q=7.8431070953e-01 alpha_full_n=7.8430951576e-01
  residual=9.449e+04
iter=100 pAp_d=3.4635578023e+02 p8q=6.4000000000e+01 p8n=3.2000000000e+01 p8q_e2=3.8400000000e+02 p8n_e2=3.2000000000e+01 p16q=3.4600000000e+02 p16n=3.1800000000e+02 p16q_e2=3.4650000000e+02 p16n_e2=3.3050000000e+02 p32q=3.4635578156e+02 p32n=3.4635551453e+02 p64q=3.4635578023e+02 p64n=3.4635578023e+02 alpha_d=8.4983556797e-01 alpha_p32q=8.4983556472e-01 alpha_p32n=8.4983621991e-01 rz32q=2.9434545898e+02 rz32n=2.9434471893e+02 alpha_full_q=8.4983555829e-01 alpha_full_n=8.4983407680e-01
  residual=7.859e+04
iter=101 pAp_d=2.4350756167e+02 p8q=6.4000000000e+01 p8n=3.2000000000e+01 p8q_e2=2.5600000000e+02 p8n_e2=4.0000000000e+01 p16q=2.4350000000e+02 p16n=2.2300000000e+02 p16q_e2=2.4350000000e+02 p16n_e2=2.3400000000e+02 p32q=2.4350756264e+02 p32n=2.4350756645e+02 p64q=2.4350756167e+02 p64n=2.4350756167e+02 alpha_d=9.9006797870e-01 alpha_p32q=9.9006797477e-01 alpha_p32n=9.9006795926e-01 rz32q=2.4108903885e+02 rz32n=2.4108894348e+02 alpha_full_q=9.9006797258e-01 alpha_full_n=9.9006756543e-01
  residual=7.865e+04
iter=102 pAp_d=2.3572725542e+02 p8q=6.4000000000e+01 p8n=-1.2000000000e+01 p8q_e2=2.2400000000e+02 p8n_e2=2.4000000000e+01 p16q=2.3575000000e+02 p16n=2.2350000000e+02 p16q_e2=2.3575000000e+02 p16n_e2=2.2912500000e+02 p32q=2.3572725487e+02 p32n=2.3572728729e+02 p64q=2.3572725542e+02 p64n=2.3572725542e+02 alpha_d=9.3367415440e-01 alpha_p32q=9.3367415660e-01 alpha_p32n=9.3367402817e-01 rz32q=2.2009244537e+02 rz32n=2.2009235001e+02 alpha_full_q=9.3367415447e-01 alpha_full_n=9.3367362147e-01
  residual=8.579e+04
iter=103 pAp_d=2.5081342788e+02 p8q=6.4000000000e+01 p8n=7.5000000000e+00 p8q_e2=2.2400000000e+02 p8n_e2=3.2000000000e+01 p16q=2.5100000000e+02 p16n=2.3700000000e+02 p16q_e2=2.5075000000e+02 p16n_e2=2.4387500000e+02 p32q=2.5081342888e+02 p32n=2.5081342506e+02 p64q=2.5081342788e+02 p64n=2.5081342788e+02 alpha_d=8.7764270234e-01 alpha_p32q=8.7764269886e-01 alpha_p32n=8.7764271221e-01 rz32q=2.2012457466e+02 rz32n=2.2012442780e+02 alpha_full_q=8.7764269898e-01 alpha_full_n=8.7764212677e-01
  residual=7.213e+04
iter=104 pAp_d=2.2292792015e+02 p8q=6.4000000000e+01 p8n=3.2000000000e+01 p8q_e2=2.2400000000e+02 p8n_e2=4.8000000000e+01 p16q=2.2275000000e+02 p16n=2.0900000000e+02 p16q_e2=2.2300000000e+02 p16n_e2=2.1375000000e+02 p32q=2.2292791939e+02 p32n=2.2292790413e+02 p64q=2.2292792015e+02 p64n=2.2292792015e+02 alpha_d=9.2070917761e-01 alpha_p32q=9.2070918074e-01 alpha_p32n=9.2070924376e-01 rz32q=2.0525178146e+02 rz32n=2.0525165367e+02 alpha_full_q=9.2070917823e-01 alpha_full_n=9.2070866800e-01
  residual=5.259e+04
iter=105 pAp_d=3.3509474139e+02 p8q=6.4000000000e+01 p8n=6.4000000000e+01 p8q_e2=3.8400000000e+02 p8n_e2=1.2800000000e+02 p16q=3.3500000000e+02 p16n=3.1100000000e+02 p16q_e2=3.3500000000e+02 p16n_e2=3.2050000000e+02 p32q=3.3509474182e+02 p32n=3.3509444427e+02 p64q=3.3509474139e+02 p64n=3.3509474139e+02 alpha_d=7.1830656191e-01 alpha_p32q=7.1830656098e-01 alpha_p32n=7.1830719880e-01 rz32q=2.4070075226e+02 rz32n=2.4070063210e+02 alpha_full_q=7.1830656294e-01 alpha_full_n=7.1830684217e-01
  residual=4.448e+04
iter=106 pAp_d=2.7694073415e+02 p8q=6.4000000000e+01 p8n=7.5000000000e+00 p8q_e2=2.5600000000e+02 p8n_e2=6.4000000000e+01 p16q=2.7700000000e+02 p16n=2.5900000000e+02 p16q_e2=2.7700000000e+02 p16n_e2=2.6650000000e+02 p32q=2.7694073486e+02 p32n=2.7694042969e+02 p64q=2.7694073415e+02 p64n=2.7694073415e+02 alpha_d=8.3218782167e-01 alpha_p32q=8.3218781951e-01 alpha_p32n=8.3218873655e-01 rz32q=2.3046670532e+02 rz32n=2.3046662140e+02 alpha_full_q=8.3218781605e-01 alpha_full_n=8.3218843005e-01
  residual=7.629e+04
iter=107 pAp_d=2.7016438114e+02 p8q=6.4000000000e+01 p8n=1.2000000000e+01 p8q_e2=2.5600000000e+02 p8n_e2=5.6000000000e+01 p16q=2.7000000000e+02 p16n=2.5600000000e+02 p16q_e2=2.7000000000e+02 p16n_e2=2.6150000000e+02 p32q=2.7016438293e+02 p32n=2.7016432953e+02 p64q=2.7016438114e+02 p64n=2.7016438114e+02 alpha_d=7.7475395524e-01 alpha_p32q=7.7475395009e-01 alpha_p32n=7.7475410324e-01 rz32q=2.0931092262e+02 rz32n=2.0931078148e+02 alpha_full_q=7.7475394924e-01 alpha_full_n=7.7475357996e-01
  residual=7.810e+04
iter=108 pAp_d=2.0932905404e+02 p8q=6.4000000000e+01 p8n=8.0000000000e+00 p8q_e2=1.9200000000e+02 p8n_e2=3.2000000000e+01 p16q=2.0950000000e+02 p16n=1.9275000000e+02 p16q_e2=2.0937500000e+02 p16n_e2=2.0087500000e+02 p32q=2.0932905388e+02 p32n=2.0932907677e+02 p64q=2.0932905404e+02 p64n=2.0932905404e+02 alpha_d=9.1478512213e-01 alpha_p32q=9.1478512283e-01 alpha_p32n=9.1478502280e-01 rz32q=1.9149110413e+02 rz32n=1.9149102211e+02 alpha_full_q=9.1478512217e-01 alpha_full_n=9.1478463034e-01
  residual=5.542e+04
iter=109 pAp_d=1.4492310332e+02 p8q=6.4000000000e+01 p8n=1.6000000000e+01 p8q_e2=1.6000000000e+02 p8n_e2=3.2000000000e+01 p16q=1.4500000000e+02 p16n=1.3450000000e+02 p16q_e2=1.4487500000e+02 p16n_e2=1.3925000000e+02 p32q=1.4492310333e+02 p32n=1.4492311096e+02 p64q=1.4492310332e+02 p64n=1.4492310332e+02 alpha_d=1.1030884380e+00 alpha_p32q=1.1030884380e+00 alpha_p32n=1.1030883799e+00 rz32q=1.5986299896e+02 rz32n=1.5986291313e+02 alpha_full_q=1.1030884330e+00 alpha_full_n=1.1030877827e+00
  residual=5.306e+04
iter=110 pAp_d=1.9141912275e+02 p8q=6.4000000000e+01 p8n=3.2000000000e+01 p8q_e2=1.9200000000e+02 p8n_e2=3.2000000000e+01 p16q=1.9150000000e+02 p16n=1.8100000000e+02 p16q_e2=1.9137500000e+02 p16n_e2=1.8387500000e+02 p32q=1.9141912270e+02 p32n=1.9141922569e+02 p64q=1.9141912275e+02 p64n=1.9141912275e+02 alpha_d=8.9802148296e-01 alpha_p32q=8.9802148320e-01 alpha_p32n=8.9802100000e-01 rz32q=1.7189848518e+02 rz32n=1.7189842033e+02 alpha_full_q=8.9802148690e-01 alpha_full_n=8.9802066491e-01
  residual=6.010e+04
iter=111 pAp_d=2.5650543180e+02 p8q=6.4000000000e+01 p8n=6.0000000000e+00 p8q_e2=2.2400000000e+02 p8n_e2=9.6000000000e+01 p16q=2.5600000000e+02 p16n=2.4400000000e+02 p16q_e2=2.5650000000e+02 p16n_e2=2.4700000000e+02 p32q=2.5650543213e+02 p32n=2.5650547791e+02 p64q=2.5650543180e+02 p64n=2.5650543180e+02 alpha_d=7.2459903626e-01 alpha_p32q=7.2459903533e-01 alpha_p32n=7.2459890601e-01 rz32q=1.8586359024e+02 rz32n=1.8586349106e+02 alpha_full_q=7.2459904142e-01 alpha_full_n=7.2459852544e-01
  residual=6.167e+04
iter=112 pAp_d=2.4967080593e+02 p8q=6.4000000000e+01 p8n=7.0000000000e+00 p8q_e2=2.5600000000e+02 p8n_e2=8.0000000000e+01 p16q=2.5000000000e+02 p16n=2.3700000000e+02 p16q_e2=2.4962500000e+02 p16n_e2=2.4137500000e+02 p32q=2.4967080688e+02 p32n=2.4967086029e+02 p64q=2.4967080593e+02 p64n=2.4967080593e+02 alpha_d=7.0424998291e-01 alpha_p32q=7.0424998022e-01 alpha_p32n=7.0424982958e-01 rz32q=1.7583065987e+02 rz32n=1.7583051682e+02 alpha_full_q=7.0424997644e-01 alpha_full_n=7.0424925284e-01
  residual=5.557e+04
iter=113 pAp_d=1.9237680416e+02 p8q=6.4000000000e+01 p8n=1.6000000000e+01 p8q_e2=1.9200000000e+02 p8n_e2=4.0000000000e+01 p16q=1.9250000000e+02 p16n=1.7900000000e+02 p16q_e2=1.9237500000e+02 p16n_e2=1.8387500000e+02 p32q=1.9237680435e+02 p32n=1.9237676811e+02 p64q=1.9237680416e+02 p64n=1.9237680416e+02 alpha_d=8.1367921767e-01 alpha_p32q=8.1367921685e-01 alpha_p32n=8.1367937013e-01 rz32q=1.5653300667e+02 rz32n=1.5653290749e+02 alpha_full_q=8.1367921250e-01 alpha_full_n=8.1367885022e-01
  residual=4.193e+04
iter=114 pAp_d=1.3736134361e+02 p8q=6.4000000000e+01 p8n=1.6000000000e+01 p8q_e2=1.2800000000e+02 p8n_e2=2.4000000000e+01 p16q=1.3725000000e+02 p16n=1.2925000000e+02 p16q_e2=1.3737500000e+02 p16n_e2=1.3287500000e+02 p32q=1.3736134338e+02 p32n=1.3736135864e+02 p64q=1.3736134361e+02 p64n=1.3736134361e+02 alpha_d=9.0436826442e-01 alpha_p32q=9.0436826589e-01 alpha_p32n=9.0436816543e-01 rz32q=1.2422523975e+02 rz32n=1.2422521114e+02 alpha_full_q=9.0436826471e-01 alpha_full_n=9.0436795596e-01
  residual=3.708e+04
iter=115 pAp_d=1.1533800369e+02 p8q=6.4000000000e+01 p8n=1.2000000000e+01 p8q_e2=1.1200000000e+02 p8n_e2=2.4000000000e+01 p16q=1.1537500000e+02 p16n=1.0600000000e+02 p16q_e2=1.1537500000e+02 p16n_e2=1.1137500000e+02 p32q=1.1533800411e+02 p32n=1.1533800411e+02 p64q=1.1533800369e+02 p64n=1.1533800369e+02 alpha_d=9.7382626852e-01 alpha_p32q=9.7382626495e-01 alpha_p32n=9.7382626495e-01 rz32q=1.1231917763e+02 rz32n=1.1231912994e+02 alpha_full_q=9.7382626388e-01 alpha_full_n=9.7382585045e-01
  residual=3.273e+04
iter=116 pAp_d=1.1101225709e+02 p8q=6.4000000000e+01 p8n=7.5000000000e+00 p8q_e2=1.1200000000e+02 p8n_e2=2.4000000000e+01 p16q=1.1100000000e+02 p16n=1.0350000000e+02 p16q_e2=1.1100000000e+02 p16n_e2=1.0550000000e+02 p32q=1.1101225662e+02 p32n=1.1101224613e+02 p64q=1.1101225709e+02 p64n=1.1101225709e+02 alpha_d=9.1933377793e-01 alpha_p32q=9.1933378180e-01 alpha_p32n=9.1933386867e-01 rz32q=1.0205731773e+02 rz32n=1.0205728245e+02 alpha_full_q=9.1933378204e-01 alpha_full_n=9.1933355106e-01
  residual=3.511e+04
iter=117 pAp_d=1.1950153986e+02 p8q=6.4000000000e+01 p8n=1.2000000000e+01 p8q_e2=1.1200000000e+02 p8n_e2=2.4000000000e+01 p16q=1.1950000000e+02 p16n=1.1262500000e+02 p16q_e2=1.1950000000e+02 p16n_e2=1.1550000000e+02 p32q=1.1950154018e+02 p32n=1.1950156307e+02 p64q=1.1950153986e+02 p64n=1.1950153986e+02 alpha_d=8.5895132998e-01 alpha_p32q=8.5895132768e-01 alpha_p32n=8.5895116317e-01 rz32q=1.0264600658e+02 rz32n=1.0264597511e+02 alpha_full_q=8.5895132754e-01 alpha_full_n=8.5895089967e-01
  residual=4.278e+04
iter=118 pAp_d=1.4078097240e+02 p8q=6.4000000000e+01 p8n=2.4000000000e+01 p8q_e2=1.2800000000e+02 p8n_e2=4.0000000000e+01 p16q=1.4075000000e+02 p16n=1.3150000000e+02 p16q_e2=1.4075000000e+02 p16n_e2=1.3475000000e+02 p32q=1.4078097153e+02 p32n=1.4078089333e+02 p64q=1.4078097240e+02 p64n=1.4078097240e+02 alpha_d=8.0994348363e-01 alpha_p32q=8.0994348863e-01 alpha_p32n=8.0994393853e-01 rz32q=1.1402463150e+02 rz32n=1.1402459717e+02 alpha_full_q=8.0994349068e-01 alpha_full_n=8.0994369672e-01
  residual=4.572e+04
iter=119 pAp_d=1.5925641885e+02 p8q=6.4000000000e+01 p8n=6.0000000000e+00 p8q_e2=1.6000000000e+02 p8n_e2=3.2000000000e+01 p16q=1.5925000000e+02 p16n=1.4750000000e+02 p16q_e2=1.5925000000e+02 p16n_e2=1.5125000000e+02 p32q=1.5925641823e+02 p32n=1.5925642014e+02 p64q=1.5925641885e+02 p64n=1.5925641885e+02 alpha_d=7.5571635948e-01 alpha_p32q=7.5571636240e-01 alpha_p32n=7.5571635335e-01 rz32q=1.2035268116e+02 rz32n=1.2035261726e+02 alpha_full_q=7.5571636295e-01 alpha_full_n=7.5571595268e-01
  residual=3.764e+04
iter=120 pAp_d=1.2280506474e+02 p8q=6.4000000000e+01 p8n=6.5000000000e+00 p8q_e2=1.1200000000e+02 p8n_e2=2.0000000000e+01 p16q=1.2275000000e+02 p16n=1.1337500000e+02 p16q_e2=1.2281250000e+02 p16n_e2=1.1800000000e+02 p32q=1.2280506420e+02 p32n=1.2280501175e+02 p64q=1.2280506474e+02 p64n=1.2280506474e+02 alpha_d=8.8782671821e-01 alpha_p32q=8.8782672213e-01 alpha_p32n=8.8782710133e-01 rz32q=1.0902961731e+02 rz32n=1.0902958488e+02 alpha_full_q=8.8782671968e-01 alpha_full_n=8.8782683485e-01
  residual=3.123e+04
iter=121 pAp_d=1.0088337953e+02 p8q=6.4000000000e+01 p8n=1.6000000000e+01 p8q_e2=9.6000000000e+01 p8n_e2=1.6000000000e+01 p16q=1.0087500000e+02 p16n=9.4625000000e+01 p16q_e2=1.0087500000e+02 p16n_e2=9.7437500000e+01 p32q=1.0088337898e+02 p32n=1.0088337421e+02 p64q=1.0088337953e+02 p64n=1.0088337953e+02 alpha_d=9.3071424963e-01 alpha_p32q=9.3071425470e-01 alpha_p32n=9.3071429870e-01 rz32q=9.3893598557e+01 rz32n=9.3893585205e+01 alpha_full_q=9.3071425148e-01 alpha_full_n=9.3071416313e-01
  residual=3.016e+04
iter=122 pAp_d=9.0542365596e+01 p8q=6.4000000000e+01 p8n=6.0000000000e+00 p8q_e2=9.6000000000e+01 p8n_e2=1.6000000000e+01 p16q=9.0500000000e+01 p16n=8.3000000000e+01 p16q_e2=9.0562500000e+01 p16n_e2=8.6812500000e+01 p32q=9.0542365074e+01 p32n=9.0542364120e+01 p64q=9.0542365596e+01 p64n=9.0542365596e+01 alpha_d=9.1020478355e-01 alpha_p32q=9.1020478879e-01 alpha_p32n=9.1020479838e-01 rz32q=8.2412094116e+01 rz32n=8.2412023544e+01 alpha_full_q=9.1020478699e-01 alpha_full_n=9.1020401715e-01
  residual=2.669e+04
iter=123 pAp_d=7.0736598055e+01 p8q=6.4000000000e+01 p8n=6.0000000000e+00 p8q_e2=6.4000000000e+01 p8n_e2=1.4000000000e+01 p16q=7.0750000000e+01 p16n=6.6375000000e+01 p16q_e2=7.0750000000e+01 p16n_e2=6.7625000000e+01 p32q=7.0736598015e+01 p32n=7.0736583710e+01 p64q=7.0736598055e+01 p64n=7.0736598055e+01 alpha_d=1.0397823369e+00 alpha_p32q=1.0397823375e+00 alpha_p32n=1.0397825478e+00 rz32q=7.3550664902e+01 rz32n=7.3550601006e+01 alpha_full_q=1.0397823328e+00 alpha_full_n=1.0397816398e+00
  residual=2.525e+04
iter=124 pAp_d=6.1962347969e+01 p8q=6.4000000000e+01 p8n=7.0000000000e+00 p8q_e2=6.4000000000e+01 p8n_e2=1.6000000000e+01 p16q=6.1968750000e+01 p16n=5.9625000000e+01 p16q_e2=6.1968750000e+01 p16n_e2=5.9687500000e+01 p32q=6.1962347984e+01 p32n=6.1962363243e+01 p64q=6.1962347969e+01 p64n=6.1962347969e+01 alpha_d=1.1082524160e+00 alpha_p32q=1.1082524157e+00 alpha_p32n=1.1082521428e+00 rz32q=6.8669921875e+01 rz32n=6.8669881821e+01 alpha_full_q=1.1082524163e+00 alpha_full_n=1.1082514970e+00
  residual=2.831e+04
iter=125 pAp_d=7.4538713602e+01 p8q=6.4000000000e+01 p8n=1.6000000000e+01 p8q_e2=6.4000000000e+01 p8n_e2=2.0000000000e+01 p16q=7.4500000000e+01 p16n=6.9875000000e+01 p16q_e2=7.4562500000e+01 p16n_e2=7.1687500000e+01 p32q=7.4538713455e+01 p32n=7.4538688660e+01 p64q=7.4538713602e+01 p64n=7.4538713602e+01 alpha_d=1.0269498051e+00 alpha_p32q=1.0269498071e+00 alpha_p32n=1.0269501487e+00 rz32q=7.6547517776e+01 rz32n=7.6547491074e+01 alpha_full_q=1.0269498121e+00 alpha_full_n=1.0269497955e+00
  residual=2.767e+04
iter=126 pAp_d=8.3132298013e+01 p8q=6.4000000000e+01 p8n=4.5000000000e+00 p8q_e2=8.0000000000e+01 p8n_e2=2.0000000000e+01 p16q=8.3125000000e+01 p16n=8.0125000000e+01 p16q_e2=8.3125000000e+01 p16n_e2=8.0562500000e+01 p32q=8.3132297516e+01 p32n=8.3132273674e+01 p64q=8.3132298013e+01 p64n=8.3132298013e+01 alpha_d=9.2951050012e-01 alpha_p32q=9.2951050568e-01 alpha_p32n=9.2951077226e-01 rz32q=7.7272343636e+01 rz32n=7.7272287369e+01 alpha_full_q=9.2951050247e-01 alpha_full_n=9.2951009222e-01
  residual=3.302e+04
iter=127 pAp_d=1.2869552816e+02 p8q=6.4000000000e+01 p8n=8.0000000000e+00 p8q_e2=1.2800000000e+02 p8n_e2=6.4000000000e+01 p16q=1.2875000000e+02 p16n=1.2600000000e+02 p16q_e2=1.2875000000e+02 p16n_e2=1.2562500000e+02 p32q=1.2869552803e+02 p32n=1.2869551659e+02 p64q=1.2869552816e+02 p64n=1.2869552816e+02 alpha_d=6.9147688757e-01 alpha_p32q=6.9147688825e-01 alpha_p32n=6.9147694973e-01 rz32q=8.8989983559e+01 rz32n=8.8989929199e+01 alpha_full_q=6.9147689062e-01 alpha_full_n=6.9147652972e-01
  residual=3.457e+04
iter=128 pAp_d=1.1849652696e+02 p8q=6.4000000000e+01 p8n=8.0000000000e+00 p8q_e2=1.1200000000e+02 p8n_e2=3.2000000000e+01 p16q=1.1850000000e+02 p16n=1.1175000000e+02 p16q_e2=1.1850000000e+02 p16n_e2=1.1381250000e+02 p32q=1.1849652672e+02 p32n=1.1849652958e+02 p64q=1.1849652696e+02 p64n=1.1849652696e+02 alpha_d=7.6531908980e-01 alpha_p32q=7.6531909139e-01 alpha_p32n=7.6531907291e-01 rz32q=9.0687654495e+01 rz32n=9.0687619209e+01 alpha_full_q=7.6531909421e-01 alpha_full_n=7.6531877795e-01
  residual=2.956e+04
iter=129 pAp_d=8.1134066275e+01 p8q=6.4000000000e+01 p8n=1.2000000000e+01 p8q_e2=8.0000000000e+01 p8n_e2=1.6000000000e+01 p16q=8.1125000000e+01 p16n=7.6625000000e+01 p16q_e2=8.1125000000e+01 p16n_e2=7.8750000000e+01 p32q=8.1134066582e+01 p32n=8.1134097099e+01 p64q=8.1134066275e+01 p64n=8.1134066275e+01 alpha_d=9.6705039412e-01 alpha_p32q=9.6705039046e-01 alpha_p32n=9.6705002671e-01 rz32q=7.8460730553e+01 rz32n=7.8460678101e+01 alpha_full_q=9.6705038781e-01 alpha_full_n=9.6704937758e-01
  residual=2.567e+04
iter=130 pAp_d=8.2134855694e+01 p8q=6.4000000000e+01 p8n=1.6000000000e+01 p8q_e2=8.0000000000e+01 p8n_e2=1.6000000000e+01 p16q=8.2125000000e+01 p16n=7.8250000000e+01 p16q_e2=8.2125000000e+01 p16n_e2=7.9687500000e+01 p32q=8.2134855270e+01 p32n=8.2134838104e+01 p64q=8.2134855694e+01 p64n=8.2134855694e+01 alpha_d=9.1972869076e-01 alpha_p32q=9.1972869551e-01 alpha_p32n=9.1972888773e-01 rz32q=7.5541783333e+01 rz32n=7.5541701317e+01 alpha_full_q=9.1972869599e-01 alpha_full_n=9.1972788966e-01
  residual=2.525e+04
iter=131 pAp_d=6.8490353858e+01 p8q=6.4000000000e+01 p8n=3.1250000000e+00 p8q_e2=6.4000000000e+01 p8n_e2=1.6000000000e+01 p16q=6.8500000000e+01 p16n=6.6000000000e+01 p16q_e2=6.8500000000e+01 p16n_e2=6.5937500000e+01 p32q=6.8490353584e+01 p32n=6.8490367889e+01 p64q=6.8490353858e+01 p64n=6.8490353858e+01 alpha_d=1.0181816058e+00 alpha_p32q=1.0181816099e+00 alpha_p32n=1.0181813972e+00 rz32q=6.9735618591e+01 rz32n=6.9735579491e+01 alpha_full_q=1.0181816116e+00 alpha_full_n=1.0181808280e+00
  residual=2.791e+04
iter=132 pAp_d=7.1087122369e+01 p8q=6.4000000000e+01 p8n=7.0000000000e+00 p8q_e2=6.4000000000e+01 p8n_e2=1.6000000000e+01 p16q=7.1125000000e+01 p16n=6.8625000000e+01 p16q_e2=7.1062500000e+01 p16n_e2=6.8875000000e+01 p32q=7.1087121964e+01 p32n=7.1087127686e+01 p64q=7.1087122369e+01 p64n=7.1087122369e+01 alpha_d=1.0167377224e+00 alpha_p32q=1.0167377282e+00 alpha_p32n=1.0167376463e+00 rz32q=7.2276958466e+01 rz32n=7.2276926041e+01 alpha_full_q=1.0167377222e+00 alpha_full_n=1.0167371843e+00
  residual=3.588e+04
iter=133 pAp_d=8.9766938469e+01 p8q=6.4000000000e+01 p8n=1.2000000000e+01 p8q_e2=9.6000000000e+01 p8n_e2=3.2000000000e+01 p16q=8.9750000000e+01 p16n=8.6500000000e+01 p16q_e2=8.9750000000e+01 p16n_e2=8.6875000000e+01 p32q=8.9766938210e+01 p32n=8.9766949654e+01 p64q=8.9766938469e+01 p64n=8.9766938469e+01 alpha_d=8.9156485253e-01 alpha_p32q=8.9156485511e-01 alpha_p32n=8.9156474145e-01 rz32q=8.0033046722e+01 rz32n=8.0032982826e+01 alpha_full_q=8.9156484914e-01 alpha_full_n=8.9156402368e-01
  residual=4.960e+04
iter=134 pAp_d=1.2898100108e+02 p8q=6.4000000000e+01 p8n=1.2000000000e+01 p8q_e2=1.2800000000e+02 p8n_e2=6.4000000000e+01 p16q=1.2875000000e+02 p16n=1.2412500000e+02 p16q_e2=1.2900000000e+02 p16n_e2=1.2612500000e+02 p32q=1.2898100090e+02 p32n=1.2898098373e+02 p64q=1.2898100108e+02 p64n=1.2898100108e+02 alpha_d=6.6760563222e-01 alpha_p32q=6.6760563317e-01 alpha_p32n=6.6760572202e-01 rz32q=8.6108442307e+01 rz32n=8.6108408928e+01 alpha_full_q=6.6760562955e-01 alpha_full_n=6.6760545962e-01
  residual=4.313e+04
iter=135 pAp_d=9.4368471838e+01 p8q=6.4000000000e+01 p8n=1.2000000000e+01 p8q_e2=9.6000000000e+01 p8n_e2=3.2000000000e+01 p16q=9.4375000000e+01 p16n=9.0375000000e+01 p16q_e2=9.4375000000e+01 p16n_e2=9.1312500000e+01 p32q=9.4368472099e+01 p32n=9.4368436813e+01 p64q=9.4368471838e+01 p64n=9.4368471838e+01 alpha_d=8.1665751768e-01 alpha_p32q=8.1665751542e-01 alpha_p32n=8.1665782078e-01 rz32q=7.7066721916e+01 rz32n=7.7066674232e+01 alpha_full_q=8.1665751497e-01 alpha_full_n=8.1665731504e-01
  residual=3.023e+04
iter=136 pAp_d=6.2643979233e+01 p8q=6.4000000000e+01 p8n=1.2000000000e+01 p8q_e2=6.4000000000e+01 p8n_e2=1.4000000000e+01 p16q=6.2625000000e+01 p16n=6.0531250000e+01 p16q_e2=6.2656250000e+01 p16n_e2=6.0437500000e+01 p32q=6.2643979073e+01 p32n=6.2643994331e+01 p64q=6.2643979233e+01 p64n=6.2643979233e+01 alpha_d=9.8812695434e-01 alpha_p32q=9.8812695686e-01 alpha_p32n=9.8812671617e-01 rz32q=6.1900204182e+01 rz32n=6.1900194168e+01 alpha_full_q=9.8812695327e-01 alpha_full_n=9.8812655273e-01
  residual=3.221e+04
iter=137 pAp_d=6.6656400711e+01 p8q=6.4000000000e+01 p8n=6.5000000000e+00 p8q_e2=6.4000000000e+01 p8n_e2=1.6000000000e+01 p16q=6.6625000000e+01 p16n=6.4000000000e+01 p16q_e2=6.6625000000e+01 p16n_e2=6.4000000000e+01 p32q=6.6656400681e+01 p32n=6.6656361580e+01 p64q=6.6656400711e+01 p64n=6.6656400711e+01 alpha_d=1.0086120108e+00 alpha_p32q=1.0086120113e+00 alpha_p32n=1.0086126029e+00 rz32q=6.7230445862e+01 rz32n=6.7230365753e+01 alpha_full_q=1.0086120039e+00 alpha_full_n=1.0086113937e+00
  residual=3.443e+04
iter=138 pAp_d=7.0819200401e+01 p8q=6.4000000000e+01 p8n=1.6000000000e+01 p8q_e2=6.4000000000e+01 p8n_e2=1.6000000000e+01 p16q=7.0750000000e+01 p16n=6.7750000000e+01 p16q_e2=7.0812500000e+01 p16n_e2=6.7937500000e+01 p32q=7.0819200516e+01 p32n=7.0819211006e+01 p64q=7.0819200401e+01 p64n=7.0819200401e+01 alpha_d=9.8859558873e-01 alpha_p32q=9.8859558712e-01 alpha_p32n=9.8859544068e-01 rz32q=7.0011548996e+01 rz32n=7.0011504173e+01 alpha_full_q=9.8859558546e-01 alpha_full_n=9.8859480611e-01
  residual=3.790e+04
iter=139 pAp_d=7.8401916667e+01 p8q=6.4000000000e+01 p8n=8.0000000000e+00 p8q_e2=8.0000000000e+01 p8n_e2=1.6000000000e+01 p16q=7.8375000000e+01 p16n=7.2500000000e+01 p16q_e2=7.8437500000e+01 p16n_e2=7.4750000000e+01 p32q=7.8401916504e+01 p32n=7.8401940346e+01 p64q=7.8401916667e+01 p64n=7.8401916667e+01 alpha_d=9.6319059203e-01 alpha_p32q=9.6319059403e-01 alpha_p32n=9.6319030112e-01 rz32q=7.5515988350e+01 rz32n=7.5515965462e+01 alpha_full_q=9.6319059173e-01 alpha_full_n=9.6319000689e-01
  residual=3.473e+04
iter=140 pAp_d=1.0375428829e+02 p8q=6.4000000000e+01 p8n=5.5000000000e+00 p8q_e2=1.1200000000e+02 p8n_e2=4.0000000000e+01 p16q=1.0375000000e+02 p16n=9.6250000000e+01 p16q_e2=1.0375000000e+02 p16n_e2=9.9687500000e+01 p32q=1.0375428867e+02 p32n=1.0375430775e+02 p64q=1.0375428829e+02 p64n=1.0375428829e+02 alpha_d=7.6116962111e-01 alpha_p32q=7.6116961828e-01 alpha_p32n=7.6116947835e-01 rz32q=7.8974612236e+01 rz32n=7.8974558830e+01 alpha_full_q=7.6116961762e-01 alpha_full_n=7.6116896296e-01
  residual=2.774e+04
iter=141 pAp_d=9.8767762737e+01 p8q=6.4000000000e+01 p8n=6.0000000000e+00 p8q_e2=9.6000000000e+01 p8n_e2=2.4000000000e+01 p16q=9.8750000000e+01 p16n=9.2250000000e+01 p16q_e2=9.8750000000e+01 p16n_e2=9.4562500000e+01 p32q=9.8767763138e+01 p32n=9.8767743111e+01 p64q=9.8767762737e+01 p64n=9.8767762737e+01 alpha_d=8.2299324736e-01 alpha_p32q=8.2299324402e-01 alpha_p32n=8.2299341090e-01 rz32q=8.1285202026e+01 rz32n=8.1285200119e+01 alpha_full_q=8.2299324642e-01 alpha_full_n=8.2299339399e-01
  residual=3.266e+04
iter=142 pAp_d=7.5776425816e+01 p8q=6.4000000000e+01 p8n=6.0000000000e+00 p8q_e2=8.0000000000e+01 p8n_e2=1.6000000000e+01 p16q=7.5750000000e+01 p16n=7.0750000000e+01 p16q_e2=7.5750000000e+01 p16n_e2=7.2562500000e+01 p32q=7.5776426315e+01 p32n=7.5776416779e+01 p64q=7.5776425816e+01 p64n=7.5776425816e+01 alpha_d=9.1801541425e-01 alpha_p32q=9.1801540820e-01 alpha_p32n=9.1801552373e-01 rz32q=6.9563926697e+01 rz32n=6.9563882828e+01 alpha_full_q=9.1801540505e-01 alpha_full_n=9.1801494165e-01
  residual=4.376e+04
iter=143 pAp_d=6.1606575073e+01 p8q=6.4000000000e+01 p8n=7.0000000000e+00 p8q_e2=5.6000000000e+01 p8n_e2=1.4000000000e+01 p16q=6.1625000000e+01 p16n=5.9625000000e+01 p16q_e2=6.1625000000e+01 p16n_e2=5.9656250000e+01 p32q=6.1606575012e+01 p32n=6.1606581211e+01 p64q=6.1606575073e+01 p64n=6.1606575073e+01 alpha_d=1.0256442818e+00 alpha_p32q=1.0256442828e+00 alpha_p32n=1.0256441796e+00 rz32q=6.3186431408e+01 rz32n=6.3186409473e+01 alpha_full_q=1.0256442822e+00 alpha_full_n=1.0256438230e+00
  residual=6.032e+04
iter=144 pAp_d=6.5946843288e+01 p8q=6.4000000000e+01 p8n=7.0000000000e+00 p8q_e2=6.4000000000e+01 p8n_e2=1.6000000000e+01 p16q=6.5875000000e+01 p16n=6.3656250000e+01 p16q_e2=6.5937500000e+01 p16n_e2=6.3750000000e+01 p32q=6.5946843147e+01 p32n=6.5946815491e+01 p64q=6.5946843288e+01 p64n=6.5946843288e+01 alpha_d=9.5016558569e-01 alpha_p32q=9.5016558771e-01 alpha_p32n=9.5016598619e-01 rz32q=6.2660420895e+01 rz32n=6.2660421848e+01 alpha_full_q=9.5016558647e-01 alpha_full_n=9.5016599940e-01
  residual=7.325e+04
iter=145 pAp_d=8.1738138940e+01 p8q=6.4000000000e+01 p8n=7.0000000000e+00 p8q_e2=8.0000000000e+01 p8n_e2=1.6000000000e+01 p16q=8.1750000000e+01 p16n=7.7625000000e+01 p16q_e2=8.1750000000e+01 p16n_e2=7.8625000000e+01 p32q=8.1738139153e+01 p32n=8.1738120079e+01 p64q=8.1738138940e+01 p64n=8.1738138940e+01 alpha_d=7.6837319982e-01 alpha_p32q=7.6837319783e-01 alpha_p32n=7.6837337713e-01 rz32q=6.2805395603e+01 rz32n=6.2805380344e+01 alpha_full_q=7.6837320074e-01 alpha_full_n=7.6837319336e-01
  residual=4.917e+04
iter=146 pAp_d=8.8756953433e+01 p8q=6.4000000000e+01 p8n=1.2000000000e+01 p8q_e2=8.0000000000e+01 p8n_e2=2.4000000000e+01 p16q=8.8750000000e+01 p16n=8.5125000000e+01 p16q_e2=8.8750000000e+01 p16n_e2=8.5625000000e+01 p32q=8.8756953239e+01 p32n=8.8756926537e+01 p64q=8.8756953433e+01 p64n=8.8756953433e+01 alpha_d=7.0298419345e-01 alpha_p32q=7.0298419499e-01 alpha_p32n=7.0298440649e-01 rz32q=6.2394735336e+01 rz32n=6.2394706249e+01 alpha_full_q=7.0298419514e-01 alpha_full_n=7.0298407892e-01
  residual=3.640e+04
iter=147 pAp_d=7.2349992736e+01 p8q=6.4000000000e+01 p8n=7.5000000000e+00 p8q_e2=8.0000000000e+01 p8n_e2=1.6000000000e+01 p16q=7.2375000000e+01 p16n=7.0375000000e+01 p16q_e2=7.2375000000e+01 p16n_e2=6.9812500000e+01 p32q=7.2349992752e+01 p32n=7.2349985123e+01 p64q=7.2349992736e+01 p64n=7.2349992736e+01 alpha_d=7.5243973482e-01 alpha_p32q=7.5243973465e-01 alpha_p32n=7.5243981400e-01 rz32q=5.4439009190e+01 rz32n=5.4439001083e+01 alpha_full_q=7.5243973246e-01 alpha_full_n=7.5243969976e-01
  residual=6.958e+04
iter=148 pAp_d=5.9026185082e+01 p8q=6.4000000000e+01 p8n=4.5000000000e+00 p8q_e2=5.6000000000e+01 p8n_e2=1.6000000000e+01 p16q=5.9031250000e+01 p16n=5.7000000000e+01 p16q_e2=5.9000000000e+01 p16n_e2=5.6968750000e+01 p32q=5.9026185036e+01 p32n=5.9026205540e+01 p64q=5.9026185082e+01 p64n=5.9026185082e+01 alpha_d=8.1885588773e-01 alpha_p32q=8.1885588837e-01 alpha_p32n=8.1885560392e-01 rz32q=4.8333939075e+01 rz32n=4.8333931446e+01 alpha_full_q=8.1885588652e-01 alpha_full_n=8.1885547282e-01
  residual=6.213e+04
iter=149 pAp_d=4.1305301269e+01 p8q=6.4000000000e+01 p8n=6.5000000000e+00 p8q_e2=4.0000000000e+01 p8n_e2=1.0000000000e+01 p16q=4.1343750000e+01 p16n=3.9812500000e+01 p16q_e2=4.1312500000e+01 p16n_e2=3.9718750000e+01 p32q=4.1305301189e+01 p32n=4.1305289268e+01 p64q=4.1305301269e+01 p64n=4.1305301269e+01 alpha_d=1.0015609154e+00 alpha_p32q=1.0015609174e+00 alpha_p32n=1.0015612064e+00 rz32q=4.1369775295e+01 rz32n=4.1369765282e+01 alpha_full_q=1.0015609160e+00 alpha_full_n=1.0015609626e+00
  residual=4.896e+04
iter=150 pAp_d=3.4758763155e+01 p8q=6.4000000000e+01 p8n=6.0000000000e+00 p8q_e2=3.2000000000e+01 p8n_e2=7.0000000000e+00 p16q=3.4750000000e+01 p16n=3.3500000000e+01 p16q_e2=3.4750000000e+01 p16n_e2=3.3500000000e+01 p32q=3.4758763313e+01 p32n=3.4758769989e+01 p64q=3.4758763155e+01 p64n=3.4758763155e+01 alpha_d=1.1292135932e+00 alpha_p32q=1.1292135881e+00 alpha_p32n=1.1292133712e+00 rz32q=3.9250067711e+01 rz32n=3.9250028133e+01 alpha_full_q=1.1292135844e+00 alpha_full_n=1.1292122289e+00
  residual=5.050e+04
iter=151 pAp_d=5.0734012559e+01 p8q=6.4000000000e+01 p8n=1.2000000000e+01 p8q_e2=4.8000000000e+01 p8n_e2=1.2000000000e+01 p16q=5.0718750000e+01 p16n=4.9000000000e+01 p16q_e2=5.0750000000e+01 p16n_e2=4.9000000000e+01 p32q=5.0734012604e+01 p32n=5.0734001637e+01 p64q=5.0734012559e+01 p64n=5.0734012559e+01 alpha_d=9.1734632606e-01 alpha_p32q=9.1734632525e-01 alpha_p32n=9.1734652356e-01 rz32q=4.6540659904e+01 rz32n=4.6540640831e+01 alpha_full_q=9.1734632283e-01 alpha_full_n=9.1734614518e-01
  residual=4.127e+04
iter=152 pAp_d=5.3953129688e+01 p8q=6.4000000000e+01 p8n=3.8750000000e+00 p8q_e2=4.8000000000e+01 p8n_e2=1.6000000000e+01 p16q=5.3968750000e+01 p16n=5.2125000000e+01 p16q_e2=5.3937500000e+01 p16n_e2=5.2218750000e+01 p32q=5.3953129768e+01 p32n=5.3953135967e+01 p64q=5.3953129688e+01 p64n=5.3953129688e+01 alpha_d=9.6486226306e-01 alpha_p32q=9.6486226161e-01 alpha_p32n=9.6486215076e-01 rz32q=5.2057338715e+01 rz32n=5.2057330132e+01 alpha_full_q=9.6486225986e-01 alpha_full_n=9.6486198992e-01
  residual=2.525e+04
iter=153 pAp_d=7.3032861245e+01 p8q=6.4000000000e+01 p8n=6.5000000000e+00 p8q_e2=6.4000000000e+01 p8n_e2=2.4000000000e+01 p16q=7.3000000000e+01 p16n=6.9000000000e+01 p16q_e2=7.3062500000e+01 p16n_e2=6.9562500000e+01 p32q=7.3032861710e+01 p32n=7.3032872200e+01 p64q=7.3032861245e+01 p64n=7.3032861245e+01 alpha_d=8.1299079752e-01 alpha_p32q=8.1299079235e-01 alpha_p32n=8.1299067557e-01 rz32q=5.9375044346e+01 rz32n=5.9375031471e+01 alpha_full_q=8.1299079559e-01 alpha_full_n=8.1299050253e-01
  residual=3.919e+04
iter=154 pAp_d=7.3402645386e+01 p8q=6.4000000000e+01 p8n=1.6000000000e+01 p8q_e2=6.4000000000e+01 p8n_e2=1.6000000000e+01 p16q=7.3375000000e+01 p16n=7.0125000000e+01 p16q_e2=7.3375000000e+01 p16n_e2=7.0625000000e+01 p32q=7.3402645111e+01 p32n=7.3402631760e+01 p64q=7.3402645386e+01 p64n=7.3402645386e+01 alpha_d=8.2943806917e-01 alpha_p32q=8.2943807227e-01 alpha_p32n=8.2943822314e-01 rz32q=6.0882948399e+01 rz32n=6.0882957935e+01 alpha_full_q=8.2943807143e-01 alpha_full_n=8.2943835222e-01
  residual=4.644e+04
iter=155 pAp_d=6.3189884690e+01 p8q=6.4000000000e+01 p8n=6.5000000000e+00 p8q_e2=6.4000000000e+01 p8n_e2=1.2000000000e+01 p16q=6.3187500000e+01 p16n=6.0500000000e+01 p16q_e2=6.3187500000e+01 p16n_e2=6.0468750000e+01 p32q=6.3189884663e+01 p32n=6.3189868450e+01 p64q=6.3189884690e+01 p64n=6.3189884690e+01 alpha_d=8.7127218978e-01 alpha_p32q=8.7127219015e-01 alpha_p32n=8.7127241369e-01 rz32q=5.5055589199e+01 rz32n=5.5055574894e+01 alpha_full_q=8.7127219005e-01 alpha_full_n=8.7127218721e-01
  residual=3.733e+04
iter=156 pAp_d=4.8301854011e+01 p8q=6.4000000000e+01 p8n=6.5000000000e+00 p8q_e2=4.8000000000e+01 p8n_e2=1.0000000000e+01 p16q=4.8312500000e+01 p16n=4.6687500000e+01 p16q_e2=4.8312500000e+01 p16n_e2=4.6750000000e+01 p32q=4.8301854134e+01 p32n=4.8301857471e+01 p64q=4.8301854011e+01 p64n=4.8301854011e+01 alpha_d=9.8397854969e-01 alpha_p32q=9.8397854719e-01 alpha_p32n=9.8397847919e-01 rz32q=4.7527988434e+01 rz32n=4.7527968407e+01 alpha_full_q=9.8397855085e-01 alpha_full_n=9.8397806823e-01
  residual=2.844e+04
iter=157 pAp_d=4.5120622130e+01 p8q=6.4000000000e+01 p8n=4.0000000000e+00 p8q_e2=4.0000000000e+01 p8n_e2=8.0000000000e+00 p16q=4.5125000000e+01 p16n=4.3312500000e+01 p16q_e2=4.5125000000e+01 p16n_e2=4.3218750000e+01 p32q=4.5120622158e+01 p32n=4.5120617867e+01 p64q=4.5120622130e+01 p64n=4.5120622130e+01 alpha_d=1.0227588759e+00 alpha_p32q=1.0227588752e+00 alpha_p32n=1.0227589725e+00 rz32q=4.6147516727e+01 rz32n=4.6147509098e+01 alpha_full_q=1.0227588743e+00 alpha_full_n=1.0227588025e+00
  residual=2.410e+04
iter=158 pAp_d=5.1326088717e+01 p8q=6.4000000000e+01 p8n=7.0000000000e+00 p8q_e2=4.8000000000e+01 p8n_e2=1.2000000000e+01 p16q=5.1312500000e+01 p16n=4.9031250000e+01 p16q_e2=5.1312500000e+01 p16n_e2=4.9062500000e+01 p32q=5.1326088428e+01 p32n=5.1326116562e+01 p64q=5.1326088717e+01 p64n=5.1326088717e+01 alpha_d=9.4587339698e-01 alpha_p32q=9.4587340230e-01 alpha_p32n=9.4587288383e-01 rz32q=4.8547981739e+01 rz32n=4.8547958374e+01 alpha_full_q=9.4587339939e-01 alpha_full_n=9.4587242570e-01
  residual=2.280e+04
iter=159 pAp_d=6.4135920764e+01 p8q=6.4000000000e+01 p8n=1.2000000000e+01 p8q_e2=6.4000000000e+01 p8n_e2=2.4000000000e+01 p16q=6.4125000000e+01 p16n=6.2187500000e+01 p16q_e2=6.4125000000e+01 p16n_e2=6.2343750000e+01 p32q=6.4135920525e+01 p32n=6.4135917664e+01 p64q=6.4135920764e+01 p64n=6.4135920764e+01 alpha_d=7.7842243503e-01 alpha_p32q=7.7842243794e-01 alpha_p32n=7.7842247267e-01 rz32q=4.9924839497e+01 rz32n=4.9924821377e+01 alpha_full_q=7.7842243611e-01 alpha_full_n=7.7842218831e-01
  residual=2.502e+04
iter=160 pAp_d=6.1764607868e+01 p8q=6.4000000000e+01 p8n=8.0000000000e+00 p8q_e2=6.4000000000e+01 p8n_e2=1.6000000000e+01 p16q=6.1718750000e+01 p16n=5.9031250000e+01 p16q_e2=6.1781250000e+01 p16n_e2=5.9031250000e+01 p32q=6.1764607906e+01 p32n=6.1764623642e+01 p64q=6.1764607868e+01 p64n=6.1764607868e+01 alpha_d=8.0045691892e-01 alpha_p32q=8.0045691842e-01 alpha_p32n=8.0045671449e-01 rz32q=4.9439907551e+01 rz32n=4.9439891338e+01 alpha_full_q=8.0045691581e-01 alpha_full_n=8.0045644939e-01
  residual=2.503e+04
iter=161 pAp_d=5.0945341541e+01 p8q=6.4000000000e+01 p8n=8.0000000000e+00 p8q_e2=4.8000000000e+01 p8n_e2=1.2000000000e+01 p16q=5.0937500000e+01 p16n=4.8843750000e+01 p16q_e2=5.0937500000e+01 p16n_e2=4.8843750000e+01 p32q=5.0945341587e+01 p32n=5.0945356369e+01 p64q=5.0945341541e+01 p64n=5.0945341541e+01 alpha_d=9.1575631231e-01 alpha_p32q=9.1575631149e-01 alpha_p32n=9.1575604578e-01 rz32q=4.6653518200e+01 rz32n=4.6653493404e+01 alpha_full_q=9.1575631346e-01 alpha_full_n=9.1575556105e-01
  residual=2.136e+04
iter=162 pAp_d=4.2189118923e+01 p8q=6.4000000000e+01 p8n=6.0000000000e+00 p8q_e2=4.0000000000e+01 p8n_e2=1.1000000000e+01 p16q=4.2187500000e+01 p16n=4.0531250000e+01 p16q_e2=4.2187500000e+01 p16n_e2=4.0500000000e+01 p32q=4.2189118862e+01 p32n=4.2189126968e+01 p64q=4.2189118923e+01 p64n=4.2189118923e+01 alpha_d=9.8462963315e-01 alpha_p32q=9.8462963457e-01 alpha_p32n=9.8462944539e-01 rz32q=4.1540656567e+01 rz32n=4.1540637493e+01 alpha_full_q=9.8462963169e-01 alpha_full_n=9.8462899041e-01
  residual=2.069e+04
iter=163 pAp_d=4.3057509017e+01 p8q=6.4000000000e+01 p8n=7.5000000000e+00 p8q_e2=4.0000000000e+01 p8n_e2=8.0000000000e+00 p16q=4.3062500000e+01 p16n=4.1187500000e+01 p16q_e2=4.3062500000e+01 p16n_e2=4.1281250000e+01 p32q=4.3057508945e+01 p32n=4.3057513237e+01 p64q=4.3057509017e+01 p64n=4.3057509017e+01 alpha_d=9.3039784223e-01 alpha_p32q=9.3039784379e-01 alpha_p32n=9.3039775105e-01 rz32q=4.0060613632e+01 rz32n=4.0060598373e+01 alpha_full_q=9.3039784728e-01 alpha_full_n=9.3039740017e-01
  residual=1.975e+04
iter=164 pAp_d=4.1691542954e+01 p8q=6.4000000000e+01 p8n=7.5000000000e+00 p8q_e2=4.0000000000e+01 p8n_e2=1.0000000000e+01 p16q=4.1687500000e+01 p16n=3.9906250000e+01 p16q_e2=4.1687500000e+01 p16n_e2=3.9906250000e+01 p32q=4.1691543102e+01 p32n=4.1691552162e+01 p64q=4.1691542954e+01 p64n=4.1691542954e+01 alpha_d=9.5888821678e-01 alpha_p32q=9.5888821338e-01 alpha_p32n=9.5888800500e-01 rz32q=3.9977529049e+01 rz32n=3.9977502346e+01 alpha_full_q=9.5888820788e-01 alpha_full_n=9.5888735902e-01
  residual=1.777e+04
iter=165 pAp_d=4.7542247404e+01 p8q=6.4000000000e+01 p8n=6.0000000000e+00 p8q_e2=4.8000000000e+01 p8n_e2=1.2000000000e+01 p16q=4.7531250000e+01 p16n=4.5531250000e+01 p16q_e2=4.7531250000e+01 p16n_e2=4.5562500000e+01 p32q=4.7542247295e+01 p32n=4.7542238712e+01 p64q=4.7542247404e+01 p64n=4.7542247404e+01 alpha_d=8.0582434836e-01 alpha_p32q=8.0582435019e-01 alpha_p32n=8.0582449567e-01 rz32q=3.8310700417e+01 rz32n=3.8310683250e+01 alpha_full_q=8.0582434773e-01 alpha_full_n=8.0582413214e-01
  residual=1.538e+04
iter=166 pAp_d=4.3333308350e+01 p8q=6.4000000000e+01 p8n=6.0000000000e+00 p8q_e2=4.0000000000e+01 p8n_e2=1.2000000000e+01 p16q=4.3343750000e+01 p16n=4.2093750000e+01 p16q_e2=4.3343750000e+01 p16n_e2=4.2125000000e+01 p32q=4.3333308220e+01 p32n=4.3333295822e+01 p64q=4.3333308350e+01 p64n=4.3333308350e+01 alpha_d=8.3761967207e-01 alpha_p32q=8.3761967459e-01 alpha_p32n=8.3761991423e-01 rz32q=3.6296831608e+01 rz32n=3.6296820164e+01 alpha_full_q=8.3761967638e-01 alpha_full_n=8.3761965193e-01
  residual=1.788e+04
iter=167 pAp_d=3.8418589304e+01 p8q=6.4000000000e+01 p8n=6.5000000000e+00 p8q_e2=4.0000000000e+01 p8n_e2=9.0000000000e+00 p16q=3.8406250000e+01 p16n=3.6781250000e+01 p16q_e2=3.8406250000e+01 p16n_e2=3.6718750000e+01 p32q=3.8418589115e+01 p32n=3.8418588161e+01 p64q=3.8418589305e+01 p64n=3.8418589305e+01 alpha_d=9.0848482988e-01 alpha_p32q=9.0848483436e-01 alpha_p32n=9.0848485691e-01 rz32q=3.4902705669e+01 rz32n=3.4902679920e+01 alpha_full_q=9.0848483698e-01 alpha_full_n=9.0848418931e-01
  residual=1.773e+04
iter=168 pAp_d=3.1376168348e+01 p8q=6.4000000000e+01 p8n=8.0000000000e+00 p8q_e2=3.2000000000e+01 p8n_e2=8.0000000000e+00 p16q=3.1375000000e+01 p16n=3.0218750000e+01 p16q_e2=3.1375000000e+01 p16n_e2=3.0234375000e+01 p32q=3.1376168251e+01 p32n=3.1376170635e+01 p64q=3.1376168348e+01 p64n=3.1376168348e+01 alpha_d=1.0158737722e+00 alpha_p32q=1.0158737754e+00 alpha_p32n=1.0158736982e+00 rz32q=3.1874226570e+01 rz32n=3.1874216318e+01 alpha_full_q=1.0158737777e+00 alpha_full_n=1.0158733737e+00
  residual=1.768e+04
iter=169 pAp_d=3.3244418994e+01 p8q=6.4000000000e+01 p8n=6.0000000000e+00 p8q_e2=3.2000000000e+01 p8n_e2=8.0000000000e+00 p16q=3.3250000000e+01 p16n=3.2187500000e+01 p16q_e2=3.3250000000e+01 p16n_e2=3.2156250000e+01 p32q=3.3244419098e+01 p32n=3.3244425774e+01 p64q=3.3244418994e+01 p64n=3.3244418994e+01 alpha_d=9.5009195741e-01 alpha_p32q=9.5009195443e-01 alpha_p32n=9.5009176364e-01 rz32q=3.1585255146e+01 rz32n=3.1585247040e+01 alpha_full_q=9.5009195537e-01 alpha_full_n=9.5009152075e-01
  residual=1.679e+04
iter=170 pAp_d=3.2742690506e+01 p8q=6.4000000000e+01 p8n=5.5000000000e+00 p8q_e2=3.2000000000e+01 p8n_e2=1.0000000000e+01 p16q=3.2750000000e+01 p16n=3.1328125000e+01 p16q_e2=3.2750000000e+01 p16n_e2=3.1343750000e+01 p32q=3.2742690563e+01 p32n=3.2742672920e+01 p64q=3.2742690506e+01 p64n=3.2742690506e+01 alpha_d=9.2132994589e-01 alpha_p32q=9.2132994429e-01 alpha_p32n=9.2133044074e-01 rz32q=3.0166821241e+01 rz32n=3.0166810513e+01 alpha_full_q=9.2132994334e-01 alpha_full_n=9.2133011212e-01
  residual=1.498e+04
iter=171 pAp_d=3.5313105913e+01 p8q=6.4000000000e+01 p8n=7.0000000000e+00 p8q_e2=4.0000000000e+01 p8n_e2=1.4000000000e+01 p16q=3.5281250000e+01 p16n=3.3593750000e+01 p16q_e2=3.5312500000e+01 p16n_e2=3.3625000000e+01 p32q=3.5313106060e+01 p32n=3.5313113689e+01 p64q=3.5313105913e+01 p64n=3.5313105913e+01 alpha_d=8.3221326361e-01 alpha_p32q=8.3221326014e-01 alpha_p32n=8.3221308034e-01 rz32q=2.9388035059e+01 rz32n=2.9388024569e+01 alpha_full_q=8.3221325842e-01 alpha_full_n=8.3221278155e-01
  residual=1.374e+04
iter=172 pAp_d=3.5509496572e+01 p8q=6.4000000000e+01 p8n=7.0000000000e+00 p8q_e2=3.2000000000e+01 p8n_e2=1.3000000000e+01 p16q=3.5500000000e+01 p16n=3.3906250000e+01 p16q_e2=3.5500000000e+01 p16n_e2=3.3812500000e+01 p32q=3.5509496689e+01 p32n=3.5509504795e+01 p64q=3.5509496572e+01 p64n=3.5509496572e+01 alpha_d=7.8237440064e-01 alpha_p32q=7.8237439807e-01 alpha_p32n=7.8237421946e-01 rz32q=2.7781721115e+01 rz32n=2.7781717300e+01 alpha_full_q=7.8237439856e-01 alpha_full_n=7.8237411253e-01
  residual=1.496e+04
iter=173 pAp_d=2.6927547502e+01 p8q=6.4000000000e+01 p8n=7.5000000000e+00 p8q_e2=2.4000000000e+01 p8n_e2=6.0000000000e+00 p16q=2.6921875000e+01 p16n=2.5796875000e+01 p16q_e2=2.6921875000e+01 p16n_e2=2.5750000000e+01 p32q=2.6927547455e+01 p32n=2.6927549124e+01 p64q=2.6927547502e+01 p64n=2.6927547502e+01 alpha_d=9.6428164064e-01 alpha_p32q=9.6428164234e-01 alpha_p32n=9.6428158257e-01 rz32q=2.5965739727e+01 rz32n=2.5965729475e+01 alpha_full_q=9.6428164394e-01 alpha_full_n=9.6428120345e-01
  residual=1.475e+04
iter=174 pAp_d=2.0883873131e+01 p8q=6.4000000000e+01 p8n=6.0000000000e+00 p8q_e2=2.0000000000e+01 p8n_e2=5.0000000000e+00 p16q=2.0890625000e+01 p16n=1.9953125000e+01 p16q_e2=2.0890625000e+01 p16n_e2=1.9953125000e+01 p32q=2.0883873224e+01 p32n=2.0883873224e+01 p64q=2.0883873131e+01 p64n=2.0883873131e+01 alpha_d=1.0905525552e+00 alpha_p32q=1.0905525503e+00 alpha_p32n=1.0905525503e+00 rz32q=2.2774961233e+01 rz32n=2.2774959087e+01 alpha_full_q=1.0905525517e+00 alpha_full_n=1.0905524489e+00
  residual=1.849e+04
iter=175 pAp_d=3.3162897997e+01 p8q=6.4000000000e+01 p8n=6.5000000000e+00 p8q_e2=3.2000000000e+01 p8n_e2=1.1000000000e+01 p16q=3.3187500000e+01 p16n=3.1953125000e+01 p16q_e2=3.3156250000e+01 p16n_e2=3.1859375000e+01 p32q=3.3162898064e+01 p32n=3.3162901402e+01 p64q=3.3162897997e+01 p64n=3.3162897997e+01 alpha_d=8.1133643794e-01 alpha_p32q=8.1133643630e-01 alpha_p32n=8.1133635464e-01 rz32q=2.6906267405e+01 rz32n=2.6906265497e+01 alpha_full_q=8.1133643245e-01 alpha_full_n=8.1133629327e-01
  residual=2.317e+04
iter=176 pAp_d=3.7609838923e+01 p8q=6.4000000000e+01 p8n=8.0000000000e+00 p8q_e2=4.0000000000e+01 p8n_e2=1.6000000000e+01 p16q=3.7625000000e+01 p16n=3.6125000000e+01 p16q_e2=3.7625000000e+01 p16n_e2=3.6093750000e+01 p32q=3.7609838963e+01 p32n=3.7609843254e+01 p64q=3.7609838923e+01 p64n=3.7609838923e+01 alpha_d=7.3477285966e-01 alpha_p32q=7.3477285888e-01 alpha_p32n=7.3477277504e-01 rz32q=2.7634688854e+01 rz32n=2.7634677410e+01 alpha_full_q=7.3477285775e-01 alpha_full_n=7.3477246963e-01
  residual=2.401e+04
iter=177 pAp_d=3.7365715329e+01 p8q=6.4000000000e+01 p8n=5.0000000000e+00 p8q_e2=3.2000000000e+01 p8n_e2=1.2000000000e+01 p16q=3.7343750000e+01 p16n=3.6031250000e+01 p16q_e2=3.7375000000e+01 p16n_e2=3.6062500000e+01 p32q=3.7365715504e+01 p32n=3.7365719795e+01 p64q=3.7365715329e+01 p64n=3.7365715329e+01 alpha_d=7.7495010187e-01 alpha_p32q=7.7495009825e-01 alpha_p32n=7.7495000925e-01 rz32q=2.8956564903e+01 rz32n=2.8956554174e+01 alpha_full_q=7.7495009832e-01 alpha_full_n=7.7494972218e-01
  residual=1.822e+04
iter=178 pAp_d=2.8480451215e+01 p8q=6.4000000000e+01 p8n=5.0000000000e+00 p8q_e2=2.8000000000e+01 p8n_e2=8.0000000000e+00 p16q=2.8468750000e+01 p16n=2.7187500000e+01 p16q_e2=2.8484375000e+01 p16n_e2=2.7140625000e+01 p32q=2.8480451345e+01 p32n=2.8480446577e+01 p64q=2.8480451215e+01 p64n=2.8480451215e+01 alpha_d=9.3680314739e-01 alpha_p32q=9.3680314309e-01 alpha_p32n=9.3680329994e-01 rz32q=2.6680576324e+01 rz32n=2.6680567980e+01 alpha_full_q=9.3680314265e-01 alpha_full_n=9.3680300650e-01
  residual=1.758e+04
iter=179 pAp_d=2.8330188225e+01 p8q=6.4000000000e+01 p8n=1.2000000000e+01 p8q_e2=2.8000000000e+01 p8n_e2=7.5000000000e+00 p16q=2.8312500000e+01 p16n=2.7265625000e+01 p16q_e2=2.8328125000e+01 p16n_e2=2.7265625000e+01 p32q=2.8330188274e+01 p32n=2.8330185413e+01 p64q=2.8330188225e+01 p64n=2.8330188225e+01 alpha_d=9.3294452480e-01 alpha_p32q=9.3294452319e-01 alpha_p32n=9.3294461741e-01 rz32q=2.6430494070e+01 rz32n=2.6430484772e+01 alpha_full_q=9.3294452596e-01 alpha_full_n=9.3294429197e-01
  residual=1.970e+04
iter=180 pAp_d=3.7846052489e+01 p8q=6.4000000000e+01 p8n=1.6000000000e+01 p8q_e2=4.0000000000e+01 p8n_e2=1.6000000000e+01 p16q=3.7843750000e+01 p16n=3.6031250000e+01 p16q_e2=3.7843750000e+01 p16n_e2=3.5906250000e+01 p32q=3.7846052647e+01 p32n=3.7846062183e+01 p64q=3.7846052489e+01 p64n=3.7846052489e+01 alpha_d=7.4478916256e-01 alpha_p32q=7.4478915946e-01 alpha_p32n=7.4478897178e-01 rz32q=2.8187329769e+01 rz32n=2.8187321901e+01 alpha_full_q=7.4478916024e-01 alpha_full_n=7.4478876467e-01
  residual=1.874e+04
iter=181 pAp_d=3.3331938709e+01 p8q=6.4000000000e+01 p8n=6.5000000000e+00 p8q_e2=3.2000000000e+01 p8n_e2=8.0000000000e+00 p16q=3.3343750000e+01 p16n=3.2156250000e+01 p16q_e2=3.3343750000e+01 p16n_e2=3.2156250000e+01 p32q=3.3331938744e+01 p32n=3.3331930637e+01 p64q=3.3331938709e+01 p64n=3.3331938709e+01 alpha_d=8.0441660180e-01 alpha_p32q=8.0441660096e-01 alpha_p32n=8.0441679659e-01 rz32q=2.6812764883e+01 rz32n=2.6812755346e+01 alpha_full_q=8.0441660143e-01 alpha_full_n=8.0441651094e-01
  residual=1.562e+04
iter=182 pAp_d=2.4331390410e+01 p8q=6.4000000000e+01 p8n=7.0000000000e+00 p8q_e2=2.4000000000e+01 p8n_e2=4.5000000000e+00 p16q=2.4328125000e+01 p16n=2.3093750000e+01 p16q_e2=2.4328125000e+01 p16n_e2=2.3171875000e+01 p32q=2.4331390381e+01 p32n=2.4331385136e+01 p64q=2.4331390410e+01 p64n=2.4331390410e+01 alpha_d=9.1105344414e-01 alpha_p32q=9.1105344523e-01 alpha_p32n=9.1105364163e-01 rz32q=2.2167196989e+01 rz32n=2.2167196989e+01 alpha_full_q=9.1105344339e-01 alpha_full_n=9.1105363979e-01
  residual=1.475e+04
iter=183 pAp_d=1.7762645407e+01 p8q=6.4000000000e+01 p8n=6.5000000000e+00 p8q_e2=1.6000000000e+01 p8n_e2=3.7500000000e+00 p16q=1.7750000000e+01 p16n=1.7140625000e+01 p16q_e2=1.7765625000e+01 p16n_e2=1.7156250000e+01 p32q=1.7762645483e+01 p32n=1.7762645721e+01 p64q=1.7762645407e+01 p64n=1.7762645407e+01 alpha_d=1.0447079511e+00 alpha_p32q=1.0447079466e+00 alpha_p32n=1.0447079326e+00 rz32q=1.8556776762e+01 rz32n=1.8556769133e+01 alpha_full_q=1.0447079395e+00 alpha_full_n=1.0447074959e+00
  residual=1.362e+04
iter=184 pAp_d=1.8307787267e+01 p8q=6.4000000000e+01 p8n=8.0000000000e+00 p8q_e2=2.0000000000e+01 p8n_e2=4.0000000000e+00 p16q=1.8312500000e+01 p16n=1.7484375000e+01 p16q_e2=1.8312500000e+01 p16n_e2=1.7500000000e+01 p32q=1.8307787180e+01 p32n=1.8307788849e+01 p64q=1.8307787267e+01 p64n=1.8307787267e+01 alpha_d=9.7653906953e-01 alpha_p32q=9.7653907416e-01 alpha_p32n=9.7653898514e-01 rz32q=1.7878269434e+01 rz32n=1.7878256798e+01 alpha_full_q=9.7653906823e-01 alpha_full_n=9.7653828900e-01
  residual=1.337e+04
iter=185 pAp_d=1.7952364453e+01 p8q=6.4000000000e+01 p8n=5.5000000000e+00 p8q_e2=1.6000000000e+01 p8n_e2=4.5000000000e+00 p16q=1.7953125000e+01 p16n=1.7046875000e+01 p16q_e2=1.7953125000e+01 p16n_e2=1.7062500000e+01 p32q=1.7952364445e+01 p32n=1.7952364445e+01 p64q=1.7952364453e+01 p64n=1.7952364453e+01 alpha_d=9.4430949345e-01 alpha_p32q=9.4430949390e-01 alpha_p32n=9.4430949390e-01 rz32q=1.6952588081e+01 rz32n=1.6952575445e+01 alpha_full_q=9.4430948823e-01 alpha_full_n=9.4430878436e-01
  residual=1.143e+04
iter=186 pAp_d=1.4099587746e+01 p8q=6.4000000000e+01 p8n=7.0000000000e+00 p8q_e2=1.4000000000e+01 p8n_e2=4.5000000000e+00 p16q=1.4097656250e+01 p16n=1.3890625000e+01 p16q_e2=1.4101562500e+01 p16n_e2=1.3898437500e+01 p32q=1.4099587739e+01 p32n=1.4099586308e+01 p64q=1.4099587746e+01 p64n=1.4099587746e+01 alpha_d=9.9226552715e-01 alpha_p32q=9.9226552767e-01 alpha_p32n=9.9226562834e-01 rz32q=1.3990534902e+01 rz32n=1.3990534961e+01 alpha_full_q=9.9226553011e-01 alpha_full_n=9.9226563501e-01
  residual=1.138e+04
iter=187 pAp_d=1.6024134099e+01 p8q=6.4000000000e+01 p8n=5.0000000000e+00 p8q_e2=1.5000000000e+01 p8n_e2=5.0000000000e+00 p16q=1.6015625000e+01 p16n=1.5835937500e+01 p16q_e2=1.6031250000e+01 p16n_e2=1.5843750000e+01 p32q=1.6024134159e+01 p32n=1.6024133921e+01 p64q=1.6024134099e+01 p64n=1.6024134099e+01 alpha_d=8.8148292357e-01 alpha_p32q=8.8148292024e-01 alpha_p32n=8.8148293336e-01 rz32q=1.4125000596e+01 rz32n=1.4124999464e+01 alpha_full_q=8.8148292169e-01 alpha_full_n=8.8148286413e-01
  residual=1.038e+04
iter=188 pAp_d=1.9616336677e+01 p8q=6.4000000000e+01 p8n=6.0000000000e+00 p8q_e2=2.0000000000e+01 p8n_e2=8.0000000000e+00 p16q=1.9609375000e+01 p16n=1.9046875000e+01 p16q_e2=1.9609375000e+01 p16n_e2=1.9046875000e+01 p32q=1.9616336584e+01 p32n=1.9616338730e+01 p64q=1.9616336677e+01 p64n=1.9616336677e+01 alpha_d=7.0247900095e-01 alpha_p32q=7.0247900428e-01 alpha_p32n=7.0247892744e-01 rz32q=1.3780064583e+01 rz32n=1.3780062795e+01 alpha_full_q=7.0247900385e-01 alpha_full_n=7.0247883585e-01
  residual=1.003e+04
iter=189 pAp_d=1.8428402575e+01 p8q=6.4000000000e+01 p8n=7.0000000000e+00 p8q_e2=1.6000000000e+01 p8n_e2=6.5000000000e+00 p16q=1.8437500000e+01 p16n=1.7828125000e+01 p16q_e2=1.8421875000e+01 p16n_e2=1.7812500000e+01 p32q=1.8428402662e+01 p32n=1.8428399324e+01 p64q=1.8428402575e+01 p64n=1.8428402575e+01 alpha_d=7.2064566354e-01 alpha_p32q=7.2064566013e-01 alpha_p32n=7.2064579066e-01 rz32q=1.3280348420e+01 rz32n=1.3280345321e+01 alpha_full_q=7.2064566113e-01 alpha_full_n=7.2064562347e-01
  residual=9.644e+03
iter=190 pAp_d=1.2357770594e+01 p8q=6.4000000000e+01 p8n=7.0000000000e+00 p8q_e2=1.2000000000e+01 p8n_e2=3.5000000000e+00 p16q=1.2351562500e+01 p16n=1.2031250000e+01 p16q_e2=1.2359375000e+01 p16n_e2=1.2039062500e+01 p32q=1.2357770622e+01 p32n=1.2357768655e+01 p64q=1.2357770594e+01 p64n=1.2357770594e+01 alpha_d=8.6963054285e-01 alpha_p32q=8.6963054093e-01 alpha_p32n=8.6963067935e-01 rz32q=1.0746694744e+01 rz32n=1.0746692121e+01 alpha_full_q=8.6963054037e-01 alpha_full_n=8.6963046657e-01
  residual=9.433e+03
iter=191 pAp_d=8.3006432816e+00 p8q=6.4000000000e+01 p8n=3.7500000000e+00 p8q_e2=8.0000000000e+00 p8n_e2=1.7500000000e+00 p16q=8.3007812500e+00 p16n=8.2109375000e+00 p16q_e2=8.3007812500e+00 p16n_e2=8.2187500000e+00 p32q=8.3006432652e+00 p32n=8.3006420135e+00 p64q=8.3006432816e+00 p64n=8.3006432816e+00 alpha_d=1.0323772811e+00 alpha_p32q=1.0323772831e+00 alpha_p32n=1.0323774388e+00 rz32q=8.5693955421e+00 rz32n=8.5693944693e+00 alpha_full_q=1.0323772831e+00 alpha_full_n=1.0323773095e+00
  residual=8.763e+03
iter=192 pAp_d=8.5177255929e+00 p8q=6.4000000000e+01 p8n=6.5000000000e+00 p8q_e2=8.0000000000e+00 p8n_e2=2.0000000000e+00 p16q=8.5156250000e+00 p16n=8.3671875000e+00 p16q_e2=8.5195312500e+00 p16n_e2=8.3671875000e+00 p32q=8.5177255869e+00 p32n=8.5177261233e+00 p64q=8.5177255929e+00 p64n=8.5177255929e+00 alpha_d=9.2843211533e-01 alpha_p32q=9.2843211598e-01 alpha_p32n=9.2843205751e-01 rz32q=7.9081299901e+00 rz32n=7.9081293643e+00 alpha_full_q=9.2843211599e-01 alpha_full_n=9.2843198405e-01
  residual=1.255e+04
iter=193 pAp_d=1.1838868494e+01 p8q=6.4000000000e+01 p8n=6.5000000000e+00 p8q_e2=1.1000000000e+01 p8n_e2=6.0000000000e+00 p16q=1.1816406250e+01 p16n=1.1523437500e+01 p16q_e2=1.1835937500e+01 p16n_e2=1.1546875000e+01 p32q=1.1838868499e+01 p32n=1.1838866591e+01 p64q=1.1838868494e+01 p64n=1.1838868494e+01 alpha_d=7.2913289852e-01 alpha_p32q=7.2913289823e-01 alpha_p32n=7.2913301570e-01 rz32q=8.6321085095e+00 rz32n=8.6321086884e+00 alpha_full_q=7.2913289901e-01 alpha_full_n=7.2913303158e-01
  residual=1.445e+04
iter=194 pAp_d=1.3342833354e+01 p8q=6.4000000000e+01 p8n=6.5000000000e+00 p8q_e2=1.3000000000e+01 p8n_e2=5.0000000000e+00 p16q=1.3335937500e+01 p16n=1.2984375000e+01 p16q_e2=1.3343750000e+01 p16n_e2=1.3000000000e+01 p32q=1.3342833340e+01 p32n=1.3342831790e+01 p64q=1.3342833354e+01 p64n=1.3342833354e+01 alpha_d=6.7439244037e-01 alpha_p32q=6.7439244108e-01 alpha_p32n=6.7439251941e-01 rz32q=8.9983059764e+00 rz32n=8.9983054399e+00 alpha_full_q=6.7439244327e-01 alpha_full_n=6.7439248139e-01
  residual=9.526e+03
iter=195 pAp_d=7.3204504113e+00 p8q=6.4000000000e+01 p8n=2.1250000000e+00 p8q_e2=7.5000000000e+00 p8n_e2=1.7500000000e+00 p16q=7.3183593750e+00 p16n=7.1601562500e+00 p16q_e2=7.3222656250e+00 p16n_e2=7.1601562500e+00 p32q=7.3204504251e+00 p32n=7.3204494417e+00 p64q=7.3204504113e+00 p64n=7.3204504113e+00 alpha_d=9.5197335926e-01 alpha_p32q=9.5197335746e-01 alpha_p32n=9.5197348535e-01 rz32q=6.9688737690e+00 rz32n=6.9688733518e+00 alpha_full_q=9.5197335742e-01 alpha_full_n=9.5197342832e-01
  residual=8.496e+03
iter=196 pAp_d=6.1963712762e+00 p8q=6.4000000000e+01 p8n=6.5000000000e+00 p8q_e2=6.0000000000e+00 p8n_e2=2.0000000000e+00 p16q=6.1933593750e+00 p16n=6.0859375000e+00 p16q_e2=6.1953125000e+00 p16n_e2=6.0917968750e+00 p32q=6.1963712871e+00 p32n=6.1963717639e+00 p64q=6.1963712762e+00 p64n=6.1963712762e+00 alpha_d=1.0048759857e+00 alpha_p32q=1.0048759840e+00 alpha_p32n=1.0048759066e+00 rz32q=6.2265847027e+00 rz32n=6.2265850008e+00 alpha_full_q=1.0048759854e+00 alpha_full_n=1.0048759561e+00
  residual=8.979e+03
iter=197 pAp_d=6.6999709638e+00 p8q=6.4000000000e+01 p8n=7.0000000000e+00 p8q_e2=6.5000000000e+00 p8n_e2=2.0000000000e+00 p16q=6.7031250000e+00 p16n=6.5683593750e+00 p16q_e2=6.6992187500e+00 p16n_e2=6.5898437500e+00 p32q=6.6999709904e+00 p32n=6.6999710500e+00 p64q=6.6999709638e+00 p64n=6.6999709638e+00 alpha_d=9.0342311142e-01 alpha_p32q=9.0342310783e-01 alpha_p32n=9.0342309979e-01 rz32q=6.0529086292e+00 rz32n=6.0529071987e+00 alpha_full_q=9.0342311002e-01 alpha_full_n=9.0342288847e-01
  residual=9.412e+03
iter=198 pAp_d=6.2946998984e+00 p8q=6.4000000000e+01 p8n=8.0000000000e+00 p8q_e2=6.0000000000e+00 p8n_e2=1.7500000000e+00 p16q=6.2988281250e+00 p16n=6.1777343750e+00 p16q_e2=6.2949218750e+00 p16n_e2=6.1640625000e+00 p32q=6.2946999073e+00 p32n=6.2946997583e+00 p64q=6.2946998984e+00 p64n=6.2946998984e+00 alpha_d=9.0127414992e-01 alpha_p32q=9.0127414865e-01 alpha_p32n=9.0127416998e-01 rz32q=5.6732502878e+00 rz32n=5.6732501090e+00 alpha_full_q=9.0127414671e-01 alpha_full_n=9.0127413964e-01
  residual=1.014e+04
iter=199 pAp_d=5.8496024042e+00 p8q=6.4000000000e+01 p8n=5.5000000000e+00 p8q_e2=6.0000000000e+00 p8n_e2=2.0000000000e+00 p16q=5.8496093750e+00 p16n=5.7558593750e+00 p16q_e2=5.8496093750e+00 p16n_e2=5.7324218750e+00 p32q=5.8496024311e+00 p32n=5.8496022224e+00 p64q=5.8496024042e+00 p64n=5.8496024042e+00 alpha_d=9.1004569138e-01 alpha_p32q=9.1004568720e-01 alpha_p32n=9.1004571966e-01 rz32q=5.3234054446e+00 rz32n=5.3234039247e+00 alpha_full_q=9.1004568385e-01 alpha_full_n=9.1004545647e-01
  residual=1.174e+04
iter=200 pAp_d=6.9705907792e+00 p8q=6.4000000000e+01 p8n=8.0000000000e+00 p8q_e2=7.0000000000e+00 p8n_e2=3.2500000000e+00 p16q=6.9667968750e+00 p16n=6.8632812500e+00 p16q_e2=6.9707031250e+00 p16n_e2=6.8593750000e+00 p32q=6.9705907702e+00 p32n=6.9705911875e+00 p64q=6.9705907792e+00 p64n=6.9705907792e+00 alpha_d=7.5633860721e-01 alpha_p32q=7.5633860819e-01 alpha_p32n=7.5633856291e-01 rz32q=5.2721269429e+00 rz32n=5.2721265256e+00 alpha_full_q=7.5633861127e-01 alpha_full_n=7.5633850614e-01
  residual=1.078e+04
iter=201 pAp_d=5.4187441494e+00 p8q=6.4000000000e+01 p8n=7.5000000000e+00 p8q_e2=5.0000000000e+00 p8n_e2=1.2500000000e+00 p16q=5.4160156250e+00 p16n=5.2890625000e+00 p16q_e2=5.4179687500e+00 p16n_e2=5.2871093750e+00 p32q=5.4187441468e+00 p32n=5.4187447727e+00 p64q=5.4187441494e+00 p64n=5.4187441494e+00 alpha_d=8.9461627186e-01 alpha_p32q=8.9461627229e-01 alpha_p32n=8.9461616896e-01 rz32q=4.8476966918e+00 rz32n=4.8476965129e+00 alpha_full_q=8.9461627277e-01 alpha_full_n=8.9461613645e-01
  residual=7.382e+03
iter=202 pAp_d=4.2691884708e+00 p8q=6.4000000000e+01 p8n=7.0000000000e+00 p8q_e2=4.0000000000e+00 p8n_e2=1.0000000000e+00 p16q=4.2695312500e+00 p16n=4.2187500000e+00 p16q_e2=4.2695312500e+00 p16n_e2=4.1933593750e+00 p32q=4.2691884935e+00 p32n=4.2691875994e+00 p64q=4.2691884708e+00 p64n=4.2691884708e+00 alpha_d=9.8193013102e-01 alpha_p32q=9.8193012580e-01 alpha_p32n=9.8193033144e-01 rz32q=4.1920447946e+00 rz32n=4.1920431852e+00 alpha_full_q=9.8193012582e-01 alpha_full_n=9.8192995450e-01
  residual=6.455e+03
iter=203 pAp_d=4.0567470914e+00 p8q=6.4000000000e+01 p8n=8.0000000000e+00 p8q_e2=4.0000000000e+00 p8n_e2=1.0000000000e+00 p16q=4.0546875000e+00 p16n=4.0253906250e+00 p16q_e2=4.0566406250e+00 p16n_e2=4.0019531250e+00 p32q=4.0567471087e+00 p32n=4.0567468405e+00 p64q=4.0567470914e+00 p64n=4.0567470914e+00 alpha_d=9.9478119483e-01 alpha_p32q=9.9478119059e-01 alpha_p32n=9.9478125636e-01 rz32q=4.0355757177e+00 rz32n=4.0355759859e+00 alpha_full_q=9.9478119034e-01 alpha_full_n=9.9478132223e-01
  residual=5.512e+03
iter=204 pAp_d=3.5625565446e+00 p8q=6.4000000000e+01 p8n=7.0000000000e+00 p8q_e2=3.5000000000e+00 p8n_e2=8.7500000000e-01 p16q=3.5629882812e+00 p16n=3.5415039062e+00 p16q_e2=3.5625000000e+00 p16n_e2=3.4951171875e+00 p32q=3.5625565499e+00 p32n=3.5625568479e+00 p64q=3.5625565446e+00 p64n=3.5625565446e+00 alpha_d=1.0056716575e+00 alpha_p32q=1.0056716560e+00 alpha_p32n=1.0056715718e+00 rz32q=3.5827621520e+00 rz32n=3.5827619284e+00 alpha_full_q=1.0056716579e+00 alpha_full_n=1.0056715110e+00
  residual=5.441e+03
iter=205 pAp_d=3.6017030846e+00 p8q=6.4000000000e+01 p8n=6.0000000000e+00 p8q_e2=3.5000000000e+00 p8n_e2=1.1250000000e+00 p16q=3.6005859375e+00 p16n=3.5776367188e+00 p16q_e2=3.6015625000e+00 p16n_e2=3.5273437500e+00 p32q=3.6017030925e+00 p32n=3.6017030627e+00 p64q=3.6017030846e+00 p64n=3.6017030846e+00 alpha_d=9.2993082327e-01 alpha_p32q=9.2993082124e-01 alpha_p32n=9.2993082894e-01 rz32q=3.3493347168e+00 rz32n=3.3493336439e+00 alpha_full_q=9.2993082184e-01 alpha_full_n=9.2993053165e-01
  residual=6.337e+03
iter=206 pAp_d=4.2848829982e+00 p8q=6.4000000000e+01 p8n=6.5000000000e+00 p8q_e2=4.0000000000e+00 p8n_e2=1.5000000000e+00 p16q=4.2832031250e+00 p16n=4.2226562500e+00 p16q_e2=4.2851562500e+00 p16n_e2=4.1972656250e+00 p32q=4.2848829925e+00 p32n=4.2848848999e+00 p64q=4.2848829982e+00 p64n=4.2848829982e+00 alpha_d=8.7019119823e-01 alpha_p32q=8.7019119938e-01 alpha_p32n=8.7019081203e-01 rz32q=3.7286674678e+00 rz32n=3.7286671996e+00 alpha_full_q=8.7019119877e-01 alpha_full_n=8.7019074882e-01
  residual=5.901e+03
iter=207 pAp_d=3.9986094754e+00 p8q=6.4000000000e+01 p8n=4.0000000000e+00 p8q_e2=4.0000000000e+00 p8n_e2=1.0000000000e+00 p16q=3.9995117188e+00 p16n=3.9628906250e+00 p16q_e2=3.9990234375e+00 p16n_e2=3.9248046875e+00 p32q=3.9986094683e+00 p32n=3.9986098260e+00 p64q=3.9986094754e+00 p64n=3.9986094754e+00 alpha_d=8.8879880088e-01 alpha_p32q=8.8879880246e-01 alpha_p32n=8.8879872297e-01 rz32q=3.5539593101e+00 rz32n=3.5539594591e+00 alpha_full_q=8.8879880323e-01 alpha_full_n=8.8879876101e-01
  residual=7.041e+03
iter=208 pAp_d=4.2859864151e+00 p8q=6.4000000000e+01 p8n=4.5000000000e+00 p8q_e2=4.0000000000e+00 p8n_e2=1.1250000000e+00 p16q=4.2773437500e+00 p16n=4.2343750000e+00 p16q_e2=4.2851562500e+00 p16n_e2=4.2070312500e+00 p32q=4.2859864235e+00 p32n=4.2859859169e+00 p64q=4.2859864151e+00 p64n=4.2859864151e+00 alpha_d=8.1208263595e-01 alpha_p32q=8.1208263435e-01 alpha_p32n=8.1208273035e-01 rz32q=3.4805751443e+00 rz32n=3.4805747271e+00 alpha_full_q=8.1208263405e-01 alpha_full_n=8.1208263270e-01
  residual=8.590e+03
iter=209 pAp_d=4.4521256565e+00 p8q=6.4000000000e+01 p8n=6.0000000000e+00 p8q_e2=4.5000000000e+00 p8n_e2=1.6250000000e+00 p16q=4.4492187500e+00 p16n=4.4003906250e+00 p16q_e2=4.4531250000e+00 p16n_e2=4.3730468750e+00 p32q=4.4521256685e+00 p32n=4.4521255493e+00 p64q=4.4521256565e+00 p64n=4.4521256565e+00 alpha_d=8.1394214402e-01 alpha_p32q=8.1394214181e-01 alpha_p32n=8.1394216360e-01 rz32q=3.6237726957e+00 rz32n=3.6237723678e+00 alpha_full_q=8.1394214033e-01 alpha_full_n=8.1394208849e-01
  residual=8.101e+03
iter=210 pAp_d=4.8469012548e+00 p8q=6.4000000000e+01 p8n=7.0000000000e+00 p8q_e2=4.5000000000e+00 p8n_e2=1.5000000000e+00 p16q=4.8437500000e+00 p16n=4.7558593750e+00 p16q_e2=4.8457031250e+00 p16n_e2=4.7382812500e+00 p32q=4.8469012380e+00 p32n=4.8469007909e+00 p64q=4.8469012548e+00 p64n=4.8469012548e+00 alpha_d=7.6999289625e-01 alpha_p32q=7.6999289892e-01 alpha_p32n=7.6999296993e-01 rz32q=3.7320795357e+00 rz32n=3.7320792079e+00 alpha_full_q=7.6999289907e-01 alpha_full_n=7.6999290245e-01
  residual=6.322e+03
iter=211 pAp_d=3.7588626281e+00 p8q=6.4000000000e+01 p8n=5.5000000000e+00 p8q_e2=3.7500000000e+00 p8n_e2=1.0000000000e+00 p16q=3.7617187500e+00 p16n=3.7265625000e+00 p16q_e2=3.7587890625e+00 p16n_e2=3.6572265625e+00 p32q=3.7588626295e+00 p32n=3.7588621378e+00 p64q=3.7588626281e+00 p64n=3.7588626281e+00 alpha_d=9.0739239331e-01 alpha_p32q=9.0739239296e-01 alpha_p32n=9.0739251166e-01 rz32q=3.4107633531e+00 rz32n=3.4107627124e+00 alpha_full_q=9.0739239213e-01 alpha_full_n=9.0739234037e-01
  residual=6.200e+03
iter=212 pAp_d=3.0628027192e+00 p8q=6.4000000000e+01 p8n=7.0000000000e+00 p8q_e2=3.0000000000e+00 p8n_e2=6.8750000000e-01 p16q=3.0634765625e+00 p16n=3.0502929688e+00 p16q_e2=3.0625000000e+00 p16n_e2=2.9697265625e+00 p32q=3.0628027171e+00 p32n=3.0628029257e+00 p64q=3.0628027192e+00 p64n=3.0628027192e+00 alpha_d=1.0688941858e+00 alpha_p32q=1.0688941865e+00 alpha_p32n=1.0688941137e+00 rz32q=3.2738120258e+00 rz32n=3.2738121003e+00 alpha_full_q=1.0688941888e+00 alpha_full_n=1.0688941403e+00
  residual=6.625e+03
iter=213 pAp_d=3.3019939532e+00 p8q=6.4000000000e+01 p8n=6.5000000000e+00 p8q_e2=3.2500000000e+00 p8n_e2=9.3750000000e-01 p16q=3.3027343750e+00 p16n=3.2778320312e+00 p16q_e2=3.3027343750e+00 p16n_e2=3.2246093750e+00 p32q=3.3019939512e+00 p32n=3.3019940406e+00 p64q=3.3019939532e+00 p64n=3.3019939532e+00 alpha_d=1.0435158549e+00 alpha_p32q=1.0435158556e+00 alpha_p32n=1.0435158273e+00 rz32q=3.4456830472e+00 rz32n=3.4456827343e+00 alpha_full_q=1.0435158568e+00 alpha_full_n=1.0435157338e+00
  residual=7.062e+03
iter=214 pAp_d=3.6163838875e+00 p8q=6.4000000000e+01 p8n=6.5000000000e+00 p8q_e2=3.5000000000e+00 p8n_e2=1.0000000000e+00 p16q=3.6142578125e+00 p16n=3.5917968750e+00 p16q_e2=3.6162109375e+00 p16n_e2=3.5283203125e+00 p32q=3.6163838804e+00 p32n=3.6163833588e+00 p64q=3.6163838875e+00 p64n=3.6163838875e+00 alpha_d=9.3207962235e-01 alpha_p32q=9.3207962418e-01 alpha_p32n=9.3207975860e-01 rz32q=3.3707577288e+00 rz32n=3.3707566559e+00 alpha_full_q=9.3207962437e-01 alpha_full_n=9.3207946212e-01
  residual=7.576e+03
iter=215 pAp_d=5.1751992551e+00 p8q=6.4000000000e+01 p8n=5.5000000000e+00 p8q_e2=5.0000000000e+00 p8n_e2=2.0000000000e+00 p16q=5.1718750000e+00 p16n=5.0996093750e+00 p16q_e2=5.1738281250e+00 p16n_e2=5.0664062500e+00 p32q=5.1751992404e+00 p32n=5.1751988828e+00 p64q=5.1751992551e+00 p64n=5.1751992551e+00 alpha_d=7.1660367030e-01 alpha_p32q=7.1660367232e-01 alpha_p32n=7.1660372184e-01 rz32q=3.7085667849e+00 rz32n=3.7085667104e+00 alpha_full_q=7.1660367313e-01 alpha_full_n=7.1660370825e-01
  residual=7.102e+03
iter=216 pAp_d=5.0666021871e+00 p8q=6.4000000000e+01 p8n=6.5000000000e+00 p8q_e2=5.0000000000e+00 p8n_e2=1.7500000000e+00 p16q=5.0703125000e+00 p16n=4.9960937500e+00 p16q_e2=5.0664062500e+00 p16n_e2=5.0019531250e+00 p32q=5.0666021705e+00 p32n=5.0666024983e+00 p64q=5.0666021871e+00 p64n=5.0666021871e+00 alpha_d=6.9728098178e-01 alpha_p32q=6.9728098407e-01 alpha_p32n=6.9728093896e-01 rz32q=3.5328453481e+00 rz32n=3.5328450054e+00 alpha_full_q=6.9728098423e-01 alpha_full_n=6.9728087147e-01
  residual=6.625e+03
iter=217 pAp_d=3.5836933339e+00 p8q=6.4000000000e+01 p8n=6.0000000000e+00 p8q_e2=3.5000000000e+00 p8n_e2=1.2500000000e+00 p16q=3.5830078125e+00 p16n=3.5615234375e+00 p16q_e2=3.5839843750e+00 p16n_e2=3.4951171875e+00 p32q=3.5836933404e+00 p32n=3.5836935937e+00 p64q=3.5836933339e+00 p64n=3.5836933339e+00 alpha_d=8.2702784173e-01 alpha_p32q=8.2702784022e-01 alpha_p32n=8.2702778176e-01 rz32q=2.9638141692e+00 rz32n=2.9638141245e+00 alpha_full_q=8.2702784185e-01 alpha_full_n=8.2702777091e-01
  residual=6.174e+03
iter=218 pAp_d=2.8034622216e+00 p8q=6.4000000000e+01 p8n=7.0000000000e+00 p8q_e2=2.7500000000e+00 p8n_e2=9.3750000000e-01 p16q=2.8022460938e+00 p16n=2.7543945312e+00 p16q_e2=2.8037109375e+00 p16n_e2=2.7490234375e+00 p32q=2.8034622222e+00 p32n=2.8034613729e+00 p64q=2.8034622216e+00 p64n=2.8034622216e+00 alpha_d=9.6488568590e-01 alpha_p32q=9.6488568571e-01 alpha_p32n=9.6488597804e-01 rz32q=2.7050205618e+00 rz32n=2.7050206661e+00 alpha_full_q=9.6488568327e-01 alpha_full_n=9.6488601281e-01
  residual=5.933e+03
iter=219 pAp_d=2.8604474273e+00 p8q=6.4000000000e+01 p8n=7.0000000000e+00 p8q_e2=2.7500000000e+00 p8n_e2=1.0000000000e+00 p16q=2.8598632812e+00 p16n=2.8422851562e+00 p16q_e2=2.8603515625e+00 p16n_e2=2.8105468750e+00 p32q=2.8604474366e+00 p32n=2.8604477942e+00 p64q=2.8604474273e+00 p64n=2.8604474273e+00 alpha_d=9.3889272569e-01 alpha_p32q=9.3889272266e-01 alpha_p32n=9.3889260527e-01 rz32q=2.6856532842e+00 rz32n=2.6856531799e+00 alpha_full_q=9.3889272351e-01 alpha_full_n=9.3889256966e-01
  residual=6.619e+03
iter=220 pAp_d=3.5164294918e+00 p8q=6.4000000000e+01 p8n=5.5000000000e+00 p8q_e2=3.5000000000e+00 p8n_e2=1.7500000000e+00 p16q=3.5180664062e+00 p16n=3.4843750000e+00 p16q_e2=3.5156250000e+00 p16n_e2=3.4541015625e+00 p32q=3.5164294839e+00 p32n=3.5164299756e+00 p64q=3.5164294918e+00 p64n=3.5164294918e+00 alpha_d=7.9417707133e-01 alpha_p32q=7.9417707311e-01 alpha_p32n=7.9417696205e-01 rz32q=2.7926676720e+00 rz32n=2.7926676571e+00 alpha_full_q=7.9417707218e-01 alpha_full_n=7.9417695688e-01
  residual=6.369e+03
iter=221 pAp_d=2.7763550606e+00 p8q=6.4000000000e+01 p8n=7.5000000000e+00 p8q_e2=2.7500000000e+00 p8n_e2=1.0000000000e+00 p16q=2.7753906250e+00 p16n=2.7509765625e+00 p16q_e2=2.7763671875e+00 p16n_e2=2.7041015625e+00 p32q=2.7763550580e+00 p32n=2.7763550431e+00 p64q=2.7763550606e+00 p64n=2.7763550606e+00 alpha_d=8.8824618910e-01 alpha_p32q=8.8824618994e-01 alpha_p32n=8.8824619470e-01 rz32q=2.4660868049e+00 rz32n=2.4660865366e+00 alpha_full_q=8.8824619092e-01 alpha_full_n=8.8824609908e-01
  residual=5.953e+03
iter=222 pAp_d=2.5178431933e+00 p8q=6.4000000000e+01 p8n=8.0000000000e+00 p8q_e2=2.5000000000e+00 p8n_e2=6.2500000000e-01 p16q=2.5185546875e+00 p16n=2.4921875000e+00 p16q_e2=2.5175781250e+00 p16n_e2=2.4423828125e+00 p32q=2.5178431869e+00 p32n=2.5178433955e+00 p64q=2.5178431933e+00 p64n=2.5178431933e+00 alpha_d=9.1948726438e-01 alpha_p32q=9.1948726675e-01 alpha_p32n=9.1948719056e-01 rz32q=2.3151247501e+00 rz32n=2.3151244074e+00 alpha_full_q=9.1948726681e-01 alpha_full_n=9.1948705451e-01
  residual=6.687e+03
iter=223 pAp_d=3.0615484599e+00 p8q=6.4000000000e+01 p8n=8.0000000000e+00 p8q_e2=3.0000000000e+00 p8n_e2=1.2500000000e+00 p16q=3.0629882812e+00 p16n=3.0322265625e+00 p16q_e2=3.0615234375e+00 p16n_e2=2.9892578125e+00 p32q=3.0615484565e+00 p32n=3.0615481138e+00 p64q=3.0615484599e+00 p64n=3.0615484599e+00 alpha_d=7.5272241049e-01 alpha_p32q=7.5272241131e-01 alpha_p32n=7.5272249558e-01 rz32q=2.3044961393e+00 rz32n=2.3044954538e+00 alpha_full_q=7.5272241220e-01 alpha_full_n=7.5272227258e-01
  residual=7.837e+03
iter=224 pAp_d=3.3242885300e+00 p8q=6.4000000000e+01 p8n=7.5000000000e+00 p8q_e2=3.0000000000e+00 p8n_e2=1.0000000000e+00 p16q=3.3266601562e+00 p16n=3.2880859375e+00 p16q_e2=3.3242187500e+00 p16n_e2=3.2626953125e+00 p32q=3.3242885321e+00 p32n=3.3242888451e+00 p64q=3.3242885300e+00 p64n=3.3242885300e+00 alpha_d=7.2991855286e-01 alpha_p32q=7.2991855239e-01 alpha_p32n=7.2991848368e-01 rz32q=2.4264598638e+00 rz32n=2.4264596850e+00 alpha_full_q=7.2991854959e-01 alpha_full_n=7.2991842709e-01
  residual=5.832e+03
iter=225 pAp_d=2.0913766218e+00 p8q=6.4000000000e+01 p8n=6.5000000000e+00 p8q_e2=2.0000000000e+00 p8n_e2=5.0000000000e-01 p16q=2.0908203125e+00 p16n=2.0708007812e+00 p16q_e2=2.0917968750e+00 p16n_e2=2.0468750000e+00 p32q=2.0913766176e+00 p32n=2.0913764983e+00 p64q=2.0913766218e+00 p64n=2.0913766218e+00 alpha_d=9.8965859510e-01 alpha_p32q=9.8965859713e-01 alpha_p32n=9.8965865354e-01 rz32q=2.0697488487e+00 rz32n=2.0697481781e+00 alpha_full_q=9.8965859679e-01 alpha_full_n=9.8965833257e-01
  residual=4.559e+03
iter=226 pAp_d=1.8761996525e+00 p8q=6.4000000000e+01 p8n=7.0000000000e+00 p8q_e2=1.8750000000e+00 p8n_e2=4.6875000000e-01 p16q=1.8762207031e+00 p16n=1.8603515625e+00 p16q_e2=1.8764648438e+00 p16n_e2=1.8300781250e+00 p32q=1.8761996478e+00 p32n=1.8761993423e+00 p64q=1.8761996525e+00 p64n=1.8761996525e+00 alpha_d=1.0152438868e+00 alpha_p32q=1.0152438894e+00 alpha_p32n=1.0152440547e+00 rz32q=1.9048002288e+00 rz32n=1.9048004299e+00 alpha_full_q=1.0152438900e+00 alpha_full_n=1.0152441625e+00
  residual=4.205e+03
iter=227 pAp_d=1.7420223975e+00 p8q=6.4000000000e+01 p8n=7.0000000000e+00 p8q_e2=1.7500000000e+00 p8n_e2=4.6875000000e-01 p16q=1.7421875000e+00 p16n=1.7290039062e+00 p16q_e2=1.7416992188e+00 p16n_e2=1.7075195312e+00 p32q=1.7420223951e+00 p32n=1.7420221269e+00 p64q=1.7420223975e+00 p64n=1.7420223975e+00 alpha_d=1.0358635251e+00 alpha_p32q=1.0358635265e+00 alpha_p32n=1.0358636860e+00 rz32q=1.8044974580e+00 rz32n=1.8044973537e+00 alpha_full_q=1.0358635245e+00 alpha_full_n=1.0358636241e+00
  residual=4.906e+03
iter=228 pAp_d=1.7683392265e+00 p8q=6.4000000000e+01 p8n=5.5000000000e+00 p8q_e2=1.7500000000e+00 p8n_e2=5.0000000000e-01 p16q=1.7692871094e+00 p16n=1.7568359375e+00 p16q_e2=1.7685546875e+00 p16n_e2=1.7280273438e+00 p32q=1.7683392316e+00 p32n=1.7683391199e+00 p64q=1.7683392265e+00 p64n=1.7683392265e+00 alpha_d=9.8641492344e-01 alpha_p32q=9.8641492061e-01 alpha_p32n=9.8641498295e-01 rz32q=1.7443162054e+00 rz32n=1.7443160787e+00 alpha_full_q=9.8641492209e-01 alpha_full_n=9.8641491281e-01
  residual=5.565e+03
iter=229 pAp_d=1.7924090946e+00 p8q=6.4000000000e+01 p8n=7.0000000000e+00 p8q_e2=1.8750000000e+00 p8n_e2=5.6250000000e-01 p16q=1.7915039062e+00 p16n=1.7770996094e+00 p16q_e2=1.7924804688e+00 p16n_e2=1.7583007812e+00 p32q=1.7924090996e+00 p32n=1.7924092561e+00 p64q=1.7924090946e+00 p64n=1.7924090946e+00 alpha_d=9.1173723119e-01 alpha_p32q=9.1173722865e-01 alpha_p32n=9.1173714906e-01 rz32q=1.6342061087e+00 rz32n=1.6342061087e+00 alpha_full_q=9.1173723068e-01 alpha_full_n=9.1173715109e-01
  residual=7.254e+03
iter=230 pAp_d=1.8508210224e+00 p8q=6.4000000000e+01 p8n=8.0000000000e+00 p8q_e2=1.7500000000e+00 p8n_e2=6.8750000000e-01 p16q=1.8518066406e+00 p16n=1.8356933594e+00 p16q_e2=1.8515625000e+00 p16n_e2=1.8320312500e+00 p32q=1.8508210257e+00 p32n=1.8508209810e+00 p64q=1.8508210224e+00 p64n=1.8508210224e+00 alpha_d=8.2251086867e-01 alpha_p32q=8.2251086721e-01 alpha_p32n=8.2251088708e-01 rz32q=1.5223204121e+00 rz32n=1.5223202109e+00 alpha_full_q=8.2251087003e-01 alpha_full_n=8.2251078121e-01
  residual=7.220e+03
iter=231 pAp_d=1.6377692990e+00 p8q=6.4000000000e+01 p8n=8.0000000000e+00 p8q_e2=1.6250000000e+00 p8n_e2=5.6250000000e-01 p16q=1.6369628906e+00 p16n=1.6181640625e+00 p16q_e2=1.6381835938e+00 p16n_e2=1.6118164062e+00 p32q=1.6377692968e+00 p32n=1.6377692819e+00 p64q=1.6377692990e+00 p64n=1.6377692990e+00 alpha_d=8.7808149839e-01 alpha_p32q=8.7808149961e-01 alpha_p32n=8.7808150760e-01 rz32q=1.4380949214e+00 rz32n=1.4380948395e+00 alpha_full_q=8.7808150040e-01 alpha_full_n=8.7808145835e-01
  residual=5.628e+03
iter=232 pAp_d=1.5014232975e+00 p8q=6.4000000000e+01 p8n=8.0000000000e+00 p8q_e2=1.5000000000e+00 p8n_e2=4.6875000000e-01 p16q=1.5009765625e+00 p16n=1.4841308594e+00 p16q_e2=1.5014648438e+00 p16n_e2=1.4658203125e+00 p32q=1.5014232993e+00 p32n=1.5014235377e+00 p64q=1.5014232975e+00 p64n=1.5014232975e+00 alpha_d=9.1888036030e-01 alpha_p32q=9.1888035920e-01 alpha_p32n=9.1888021329e-01 rz32q=1.3796283826e+00 rz32n=1.3796286285e+00 alpha_full_q=9.1888036056e-01 alpha_full_n=9.1888037840e-01
  residual=4.335e+03
iter=233 pAp_d=1.4857171425e+00 p8q=6.4000000000e+01 p8n=8.0000000000e+00 p8q_e2=1.3750000000e+00 p8n_e2=5.0000000000e-01 p16q=1.4855957031e+00 p16n=1.4738769531e+00 p16q_e2=1.4858398438e+00 p16n_e2=1.4580078125e+00 p32q=1.4857171476e+00 p32n=1.4857170954e+00 p64q=1.4857171425e+00 p64n=1.4857171425e+00 alpha_d=8.9738291388e-01 alpha_p32q=8.9738291082e-01 alpha_p32n=8.9738294232e-01 rz32q=1.3332571760e+00 rz32n=1.3332569003e+00 alpha_full_q=8.9738290909e-01 alpha_full_n=8.9738275504e-01
  residual=4.872e+03
iter=234 pAp_d=2.0966339602e+00 p8q=6.4000000000e+01 p8n=3.5000000000e+00 p8q_e2=2.2500000000e+00 p8n_e2=1.0000000000e+00 p16q=2.0942382812e+00 p16n=2.0825195312e+00 p16q_e2=2.0966796875e+00 p16n_e2=2.0507812500e+00 p32q=2.0966339558e+00 p32n=2.0966345668e+00 p64q=2.0966339602e+00 p64n=2.0966339602e+00 alpha_d=7.0696555208e-01 alpha_p32q=7.0696555355e-01 alpha_p32n=7.0696534755e-01 rz32q=1.4822479859e+00 rz32n=1.4822478965e+00 alpha_full_q=7.0696555389e-01 alpha_full_n=7.0696530524e-01
  residual=5.248e+03
iter=235 pAp_d=2.0376817951e+00 p8q=6.4000000000e+01 p8n=7.5000000000e+00 p8q_e2=2.0000000000e+00 p8n_e2=7.5000000000e-01 p16q=2.0385742188e+00 p16n=2.0190429688e+00 p16q_e2=2.0380859375e+00 p16n_e2=2.0156250000e+00 p32q=2.0376818031e+00 p32n=2.0376815945e+00 p64q=2.0376817951e+00 p64n=2.0376817951e+00 alpha_d=7.4870977496e-01 alpha_p32q=7.4870977201e-01 alpha_p32n=7.4870984866e-01 rz32q=1.5256322771e+00 rz32n=1.5256322026e+00 alpha_full_q=7.4870977147e-01 alpha_full_n=7.4870981156e-01
  residual=4.051e+03
iter=236 pAp_d=1.3087256468e+00 p8q=6.4000000000e+01 p8n=8.0000000000e+00 p8q_e2=1.2500000000e+00 p8n_e2=2.5000000000e-01 p16q=1.3095703125e+00 p16n=1.2893066406e+00 p16q_e2=1.3085937500e+00 p16n_e2=1.2783203125e+00 p32q=1.3087256476e+00 p32n=1.3087256923e+00 p64q=1.3087256468e+00 p64n=1.3087256468e+00 alpha_d=9.6246897807e-01 alpha_p32q=9.6246897749e-01 alpha_p32n=9.6246894462e-01 rz32q=1.2596078366e+00 rz32n=1.2596075758e+00 alpha_full_q=9.6246897804e-01 alpha_full_n=9.6246874591e-01
  residual=3.514e+03
iter=237 pAp_d=1.0216171629e+00 p8q=6.4000000000e+01 p8n=5.5000000000e+00 p8q_e2=1.0000000000e+00 p8n_e2=2.3437500000e-01 p16q=1.0222167969e+00 p16n=1.0192871094e+00 p16q_e2=1.0214843750e+00 p16n_e2=1.0009765625e+00 p32q=1.0216171667e+00 p32n=1.0216170847e+00 p64q=1.0216171629e+00 p64n=1.0216171629e+00 alpha_d=1.1160682499e+00 alpha_p32q=1.1160682457e+00 alpha_p32n=1.1160683352e+00 rz32q=1.1401944757e+00 rz32n=1.1401943117e+00 alpha_full_q=1.1160682424e+00 alpha_full_n=1.1160681715e+00
  residual=3.995e+03
iter=238 pAp_d=1.3573710626e+00 p8q=6.4000000000e+01 p8n=7.5000000000e+00 p8q_e2=1.3750000000e+00 p8n_e2=4.0625000000e-01 p16q=1.3581542969e+00 p16n=1.3403320312e+00 p16q_e2=1.3574218750e+00 p16n_e2=1.3105468750e+00 p32q=1.3573710620e+00 p32n=1.3573710695e+00 p64q=1.3573710626e+00 p64n=1.3573710626e+00 alpha_d=9.0446045910e-01 alpha_p32q=9.0446045946e-01 alpha_p32n=9.0446045449e-01 rz32q=1.2276884541e+00 rz32n=1.2276884839e+00 alpha_full_q=9.0446045921e-01 alpha_full_n=9.0446047620e-01
  residual=4.310e+03
iter=239 pAp_d=1.4262634979e+00 p8q=6.4000000000e+01 p8n=8.0000000000e+00 p8q_e2=1.3750000000e+00 p8n_e2=3.7500000000e-01 p16q=1.4267578125e+00 p16n=1.4057617188e+00 p16q_e2=1.4262695312e+00 p16n_e2=1.3876953125e+00 p32q=1.4262634963e+00 p32n=1.4262632579e+00 p64q=1.4262634979e+00 p64n=1.4262634979e+00 alpha_d=8.7974406713e-01 alpha_p32q=8.7974406813e-01 alpha_p32n=8.7974421519e-01 rz32q=1.2547468543e+00 rz32n=1.2547467276e+00 alpha_full_q=8.7974407084e-01 alpha_full_n=8.7974412909e-01
  residual=4.344e+03
iter=240 pAp_d=1.1873228080e+00 p8q=6.4000000000e+01 p8n=8.0000000000e+00 p8q_e2=1.2500000000e+00 p8n_e2=2.5000000000e-01 p16q=1.1862792969e+00 p16n=1.1691894531e+00 p16q_e2=1.1875000000e+00 p16n_e2=1.1528320312e+00 p32q=1.1873228103e+00 p32n=1.1873227879e+00 p64q=1.1873228080e+00 p64n=1.1873228080e+00 alpha_d=9.9874405877e-01 alpha_p32q=9.9874405685e-01 alpha_p32n=9.9874407565e-01 rz32q=1.1858315989e+00 rz32n=1.1858314946e+00 alpha_full_q=9.9874405567e-01 alpha_full_n=9.9874398662e-01
  residual=3.425e+03
iter=241 pAp_d=1.0845292177e+00 p8q=6.4000000000e+01 p8n=7.0000000000e+00 p8q_e2=1.1250000000e+00 p8n_e2=2.1875000000e-01 p16q=1.0837402344e+00 p16n=1.0781250000e+00 p16q_e2=1.0844726562e+00 p16n_e2=1.0673828125e+00 p32q=1.0845292211e+00 p32n=1.0845295191e+00 p64q=1.0845292177e+00 p64n=1.0845292177e+00 alpha_d=1.0160851100e+00 alpha_p32q=1.0160851068e+00 alpha_p32n=1.0160848276e+00 rz32q=1.1019739881e+00 rz32n=1.1019737870e+00 alpha_full_q=1.0160851056e+00 alpha_full_n=1.0160846409e+00
  residual=3.579e+03
iter=242 pAp_d=1.2204375156e+00 p8q=6.4000000000e+01 p8n=8.0000000000e+00 p8q_e2=1.2500000000e+00 p8n_e2=3.1250000000e-01 p16q=1.2199707031e+00 p16n=1.2077636719e+00 p16q_e2=1.2207031250e+00 p16n_e2=1.2050781250e+00 p32q=1.2204375193e+00 p32n=1.2204375714e+00 p64q=1.2204375156e+00 p64n=1.2204375156e+00 alpha_d=9.4727200451e-01 alpha_p32q=9.4727200171e-01 alpha_p32n=9.4727196123e-01 rz32q=1.1560862884e+00 rz32n=1.1560859978e+00 alpha_full_q=9.4727199890e-01 alpha_full_n=9.4727172033e-01
  residual=3.275e+03
iter=243 pAp_d=1.1330178484e+00 p8q=6.4000000000e+01 p8n=7.0000000000e+00 p8q_e2=1.1250000000e+00 p8n_e2=3.1250000000e-01 p16q=1.1335449219e+00 p16n=1.1186523438e+00 p16q_e2=1.1328125000e+00 p16n_e2=1.1098632812e+00 p32q=1.1330178455e+00 p32n=1.1330179423e+00 p64q=1.1330178484e+00 p64n=1.1330178484e+00 alpha_d=9.6467624652e-01 alpha_p32q=9.6467624906e-01 alpha_p32n=9.6467616660e-01 rz32q=1.0929954052e+00 rz32n=1.0929953009e+00 alpha_full_q=9.6467624900e-01 alpha_full_n=9.6467607447e-01
  residual=2.999e+03
iter=244 pAp_d=1.0130251360e+00 p8q=6.4000000000e+01 p8n=8.0000000000e+00 p8q_e2=1.0000000000e+00 p8n_e2=2.5000000000e-01 p16q=1.0126953125e+00 p16n=1.0041503906e+00 p16q_e2=1.0131835938e+00 p16n_e2=9.9926757812e-01 p32q=1.0130251348e+00 p32n=1.0130251646e+00 p64q=1.0130251360e+00 p64n=1.0130251360e+00 alpha_d=9.8273984621e-01 alpha_p32q=9.8273984735e-01 alpha_p32n=9.8273981844e-01 rz32q=9.9554016814e-01 rz32n=9.9554019049e-01 alpha_full_q=9.8273984913e-01 alpha_full_n=9.8273984228e-01
  residual=2.765e+03
iter=245 pAp_d=9.1042057338e-01 p8q=6.4000000000e+01 p8n=7.0000000000e+00 p8q_e2=1.0000000000e+00 p8n_e2=3.4375000000e-01 p16q=9.1003417969e-01 p16n=9.0197753906e-01 p16q_e2=9.1040039062e-01 p16n_e2=8.9233398438e-01 p32q=9.1042057052e-01 p32n=9.1042059287e-01 p64q=9.1042057338e-01 p64n=9.1042057338e-01 alpha_d=9.5255179237e-01 alpha_p32q=9.5255179536e-01 alpha_p32n=9.5255177198e-01 rz32q=8.6722274870e-01 rz32n=8.6722267047e-01 alpha_full_q=9.5255179504e-01 alpha_full_n=9.5255168573e-01
  residual=2.687e+03
iter=246 pAp_d=7.8501813725e-01 p8q=6.4000000000e+01 p8n=8.0000000000e+00 p8q_e2=8.1250000000e-01 p8n_e2=2.1875000000e-01 p16q=7.8503417969e-01 p16n=7.7392578125e-01 p16q_e2=7.8491210938e-01 p16n_e2=7.6660156250e-01 p32q=7.8501813859e-01 p32n=7.8501812741e-01 p64q=7.8501813725e-01 p64n=7.8501813725e-01 alpha_d=1.0272369208e+00 alpha_p32q=1.0272369190e+00 alpha_p32n=1.0272369337e+00 rz32q=8.0639961362e-01 rz32n=8.0639967695e-01 alpha_full_q=1.0272369185e+00 alpha_full_n=1.0272370138e+00
  residual=2.772e+03
iter=247 pAp_d=7.8506325699e-01 p8q=6.4000000000e+01 p8n=4.5000000000e+00 p8q_e2=8.1250000000e-01 p8n_e2=2.0312500000e-01 p16q=7.8540039062e-01 p16n=7.7685546875e-01 p16q_e2=7.8491210938e-01 p16n_e2=7.6586914062e-01 p32q=7.8506325930e-01 p32n=7.8506319970e-01 p64q=7.8506325699e-01 p64n=7.8506325699e-01 alpha_d=9.9644363128e-01 alpha_p32q=9.9644362835e-01 alpha_p32n=9.9644370400e-01 rz32q=7.8227128088e-01 rz32n=7.8227123246e-01 alpha_full_q=9.9644362618e-01 alpha_full_n=9.9644364015e-01
  residual=3.028e+03
iter=248 pAp_d=9.0156326363e-01 p8q=6.4000000000e+01 p8n=3.7500000000e+00 p8q_e2=8.7500000000e-01 p8n_e2=2.8125000000e-01 p16q=8.9978027344e-01 p16n=8.9392089844e-01 p16q_e2=9.0161132812e-01 p16n_e2=8.8061523438e-01 p32q=9.0156326443e-01 p32n=9.0156330913e-01 p64q=9.0156326363e-01 p64n=9.0156326363e-01 alpha_d=8.5352850802e-01 alpha_p32q=8.5352850726e-01 alpha_p32n=8.5352846494e-01 rz32q=7.6950994506e-01 rz32n=7.6950988919e-01 alpha_full_q=8.5352850479e-01 alpha_full_n=8.5352840049e-01
  residual=3.890e+03
iter=249 pAp_d=1.1415463083e+00 p8q=6.4000000000e+01 p8n=6.5000000000e+00 p8q_e2=1.1250000000e+00 p8n_e2=4.3750000000e-01 p16q=1.1420898438e+00 p16n=1.1323242188e+00 p16q_e2=1.1416015625e+00 p16n_e2=1.1206054688e+00 p32q=1.1415463090e+00 p32n=1.1415461749e+00 p64q=1.1415463083e+00 p64n=1.1415463083e+00 alpha_d=7.3863975221e-01 alpha_p32q=7.3863975178e-01 alpha_p32n=7.3863983855e-01 rz32q=8.4319148213e-01 rz32n=8.4319141507e-01 alpha_full_q=7.3863975161e-01 alpha_full_n=7.3863977965e-01
  residual=3.896e+03
iter=250 pAp_d=1.0659223513e+00 p8q=6.4000000000e+01 p8n=7.5000000000e+00 p8q_e2=1.1250000000e+00 p8n_e2=3.4375000000e-01 p16q=1.0668945312e+00 p16n=1.0603027344e+00 p16q_e2=1.0659179688e+00 p16n_e2=1.0483398438e+00 p32q=1.0659223497e+00 p32n=1.0659223795e+00 p64q=1.0659223513e+00 p64n=1.0659223513e+00 alpha_d=7.9819514693e-01 alpha_p32q=7.9819514814e-01 alpha_p32n=7.9819512583e-01 rz32q=8.5081404820e-01 rz32n=8.5081402957e-01 alpha_full_q=7.9819514850e-01 alpha_full_n=7.9819510871e-01
  residual=3.349e+03
iter=251 pAp_d=8.9183224232e-01 p8q=6.4000000000e+01 p8n=5.5000000000e+00 p8q_e2=8.7500000000e-01 p8n_e2=2.5000000000e-01 p16q=8.9074707031e-01 p16n=8.8513183594e-01 p16q_e2=8.9184570312e-01 p16n_e2=8.7231445312e-01 p32q=8.9183223993e-01 p32n=8.9183212444e-01 p64q=8.9183224232e-01 p64n=8.9183224232e-01 alpha_d=8.8200069799e-01 alpha_p32q=8.8200070036e-01 alpha_p32n=8.8200081457e-01 rz32q=7.8659665957e-01 rz32n=7.8659657761e-01 alpha_full_q=8.8200069963e-01 alpha_full_n=8.8200072195e-01
  residual=3.735e+03
iter=252 pAp_d=9.8318327409e-01 p8q=6.4000000000e+01 p8n=7.0000000000e+00 p8q_e2=1.0000000000e+00 p8n_e2=4.3750000000e-01 p16q=9.8315429688e-01 p16n=9.7473144531e-01 p16q_e2=9.8315429688e-01 p16n_e2=9.6386718750e-01 p32q=9.8318327218e-01 p32n=9.8318324238e-01 p64q=9.8318327409e-01 p64n=9.8318327409e-01 alpha_d=7.8810067603e-01 alpha_p32q=7.8810067755e-01 alpha_p32n=7.8810070144e-01 rz32q=7.7484740317e-01 rz32n=7.7484720945e-01 alpha_full_q=7.8810067776e-01 alpha_full_n=7.8810050462e-01
  residual=3.869e+03
iter=253 pAp_d=1.1126012500e+00 p8q=6.4000000000e+01 p8n=7.5000000000e+00 p8q_e2=1.1250000000e+00 p8n_e2=3.7500000000e-01 p16q=1.1125488281e+00 p16n=1.1003417969e+00 p16q_e2=1.1127929688e+00 p16n_e2=1.0834960938e+00 p32q=1.1126012504e+00 p32n=1.1126012355e+00 p64q=1.1126012500e+00 p64n=1.1126012500e+00 alpha_d=7.4649144038e-01 alpha_p32q=7.4649144012e-01 alpha_p32n=7.4649145012e-01 rz32q=8.3054731041e-01 rz32n=8.3054717258e-01 alpha_full_q=7.4649144076e-01 alpha_full_n=7.4649132687e-01
  residual=2.897e+03
iter=254 pAp_d=8.0294948960e-01 p8q=6.4000000000e+01 p8n=8.0000000000e+00 p8q_e2=8.1250000000e-01 p8n_e2=2.3437500000e-01 p16q=8.0383300781e-01 p16n=7.9455566406e-01 p16q_e2=8.0297851562e-01 p16n_e2=7.8002929688e-01 p32q=8.0294949189e-01 p32n=8.0294943601e-01 p64q=8.0294948960e-01 p64n=8.0294948960e-01 alpha_d=9.6641836687e-01 alpha_p32q=9.6641836412e-01 alpha_p32n=9.6641843137e-01 rz32q=7.7598513290e-01 rz32n=7.7598521113e-01 alpha_full_q=9.6641836223e-01 alpha_full_n=9.6641852691e-01
  residual=3.510e+03
iter=255 pAp_d=7.1284539681e-01 p8q=6.4000000000e+01 p8n=8.0000000000e+00 p8q_e2=7.5000000000e-01 p8n_e2=1.8750000000e-01 p16q=7.1374511719e-01 p16n=7.0947265625e-01 p16q_e2=7.1264648438e-01 p16n_e2=6.9702148438e-01 p32q=7.1284539625e-01 p32n=7.1284528449e-01 p64q=7.1284539681e-01 p64n=7.1284539681e-01 alpha_d=1.0359207195e+00 alpha_p32q=1.0359207204e+00 alpha_p32n=1.0359208828e+00 rz32q=7.3845131695e-01 rz32n=7.3845122755e-01 alpha_full_q=1.0359207212e+00 alpha_full_n=1.0359207581e+00
  residual=5.519e+03
iter=256 pAp_d=7.5537320851e-01 p8q=6.4000000000e+01 p8n=8.0000000000e+00 p8q_e2=7.5000000000e-01 p8n_e2=2.3437500000e-01 p16q=7.5512695312e-01 p16n=7.4975585938e-01 p16q_e2=7.5537109375e-01 p16n_e2=7.3950195312e-01 p32q=7.5537320971e-01 p32n=7.5537322462e-01 p64q=7.5537320851e-01 p64n=7.5537320851e-01 alpha_d=1.0062087173e+00 alpha_p32q=1.0062087157e+00 alpha_p32n=1.0062086958e+00 rz32q=7.6006310806e-01 rz32n=7.6006316021e-01 alpha_full_q=1.0062087168e+00 alpha_full_n=1.0062087660e+00
  residual=8.330e+03
iter=257 pAp_d=8.5673399313e-01 p8q=6.4000000000e+01 p8n=6.0000000000e+00 p8q_e2=8.7500000000e-01 p8n_e2=3.7500000000e-01 p16q=8.5620117188e-01 p16n=8.4851074219e-01 p16q_e2=8.5644531250e-01 p16n_e2=8.3740234375e-01 p32q=8.5673398897e-01 p32n=8.5673392192e-01 p64q=8.5673399313e-01 p64n=8.5673399313e-01 alpha_d=9.6041440259e-01 alpha_p32q=9.6041440725e-01 alpha_p32n=9.6041448242e-01 rz32q=8.2281966507e-01 rz32n=8.2281961292e-01 alpha_full_q=9.6041440595e-01 alpha_full_n=9.6041442024e-01
  residual=1.044e+04
iter=258 pAp_d=1.0582856072e+00 p8q=6.4000000000e+01 p8n=8.0000000000e+00 p8q_e2=1.1250000000e+00 p8n_e2=4.6875000000e-01 p16q=1.0563964844e+00 p16n=1.0463867188e+00 p16q_e2=1.0581054688e+00 p16n_e2=1.0463867188e+00 p32q=1.0582856089e+00 p32n=1.0582858101e+00 p64q=1.0582856072e+00 p64n=1.0582856072e+00 alpha_d=8.5418847854e-01 alpha_p32q=8.5418847718e-01 alpha_p32n=8.5418831481e-01 rz32q=9.0397537500e-01 rz32n=9.0397533029e-01 alpha_full_q=8.5418847937e-01 alpha_full_n=8.5418827476e-01
  residual=7.799e+03
iter=259 pAp_d=9.9245272720e-01 p8q=6.4000000000e+01 p8n=7.0000000000e+00 p8q_e2=1.0000000000e+00 p8n_e2=3.1250000000e-01 p16q=9.9230957031e-01 p16n=9.8156738281e-01 p16q_e2=9.9243164062e-01 p16n_e2=9.8193359375e-01 p32q=9.9245272949e-01 p32n=9.9245282635e-01 p64q=9.9245272720e-01 p64n=9.9245272720e-01 alpha_d=8.7525863731e-01 alpha_p32q=8.7525863528e-01 alpha_p32n=8.7525854986e-01 rz32q=8.6865282059e-01 rz32n=8.6865290254e-01 alpha_full_q=8.7525863426e-01 alpha_full_n=8.7525863142e-01
  residual=3.368e+03
iter=260 pAp_d=8.7763158602e-01 p8q=6.4000000000e+01 p8n=8.0000000000e+00 p8q_e2=8.7500000000e-01 p8n_e2=3.1250000000e-01 p16q=8.7658691406e-01 p16n=8.6694335938e-01 p16q_e2=8.7768554688e-01 p16n_e2=8.6303710938e-01 p32q=8.7763158605e-01 p32n=8.7763163075e-01 p64q=8.7763158602e-01 p64n=8.7763158602e-01 alpha_d=9.3220136159e-01 alpha_p32q=9.3220136156e-01 alpha_p32n=9.3220131408e-01 rz32q=8.1812936068e-01 rz32n=8.1812926009e-01 alpha_full_q=9.3220136295e-01 alpha_full_n=9.3220120086e-01
  residual=5.348e+03
iter=261 pAp_d=1.1259156220e+00 p8q=6.4000000000e+01 p8n=7.0000000000e+00 p8q_e2=1.1250000000e+00 p8n_e2=5.0000000000e-01 p16q=1.1247558594e+00 p16n=1.1149902344e+00 p16q_e2=1.1259765625e+00 p16n_e2=1.1005859375e+00 p32q=1.1259156242e+00 p32n=1.1259155422e+00 p64q=1.1259156220e+00 p64n=1.1259156220e+00 alpha_d=7.6827175716e-01 alpha_p32q=7.6827175566e-01 alpha_p32n=7.6827181158e-01 rz32q=8.6500917375e-01 rz32n=8.6500907689e-01 alpha_full_q=7.6827175603e-01 alpha_full_n=7.6827172593e-01
  residual=7.586e+03
iter=262 pAp_d=1.0359344259e+00 p8q=6.4000000000e+01 p8n=7.0000000000e+00 p8q_e2=1.0000000000e+00 p8n_e2=3.1250000000e-01 p16q=1.0341796875e+00 p16n=1.0263671875e+00 p16q_e2=1.0356445312e+00 p16n_e2=1.0136718750e+00 p32q=1.0359344259e+00 p32n=1.0359343588e+00 p64q=1.0359344259e+00 p64n=1.0359344259e+00 alpha_d=8.2389934182e-01 alpha_p32q=8.2389934186e-01 alpha_p32n=8.2389939519e-01 rz32q=8.5350569338e-01 rz32n=8.5350582376e-01 alpha_full_q=8.2389934348e-01 alpha_full_n=8.2389952267e-01
  residual=5.182e+03
iter=263 pAp_d=7.6624953888e-01 p8q=6.4000000000e+01 p8n=8.0000000000e+00 p8q_e2=8.1250000000e-01 p8n_e2=2.0312500000e-01 p16q=7.6574707031e-01 p16n=7.5793457031e-01 p16q_e2=7.6635742188e-01 p16n_e2=7.4902343750e-01 p32q=7.6624953747e-01 p32n=7.6624936610e-01 p64q=7.6624953888e-01 p64n=7.6624953888e-01 alpha_d=9.2944594304e-01 alpha_p32q=9.2944594475e-01 alpha_p32n=9.2944615261e-01 rz32q=7.1218752488e-01 rz32n=7.1218738332e-01 alpha_full_q=9.2944594425e-01 alpha_full_n=9.2944596737e-01
  residual=2.918e+03
iter=264 pAp_d=6.4127473469e-01 p8q=6.4000000000e+01 p8n=7.5000000000e+00 p8q_e2=6.2500000000e-01 p8n_e2=1.2500000000e-01 p16q=6.4233398438e-01 p16n=6.3415527344e-01 p16q_e2=6.4111328125e-01 p16n_e2=6.2841796875e-01 p32q=6.4127473533e-01 p32n=6.4127479121e-01 p64q=6.4127473469e-01 p64n=6.4127473469e-01 alpha_d=9.7529221984e-01 alpha_p32q=9.7529221886e-01 alpha_p32n=9.7529213388e-01 rz32q=6.2543025985e-01 rz32n=6.2543043122e-01 alpha_full_q=9.7529221938e-01 alpha_full_n=9.7529240162e-01
  residual=2.479e+03
iter=265 pAp_d=6.1809171793e-01 p8q=6.4000000000e+01 p8n=8.0000000000e+00 p8q_e2=6.2500000000e-01 p8n_e2=1.7187500000e-01 p16q=6.1816406250e-01 p16n=6.1376953125e-01 p16q_e2=6.1816406250e-01 p16n_e2=6.0009765625e-01 p32q=6.1809171736e-01 p32n=6.1809191108e-01 p64q=6.1809171793e-01 p64n=6.1809171793e-01 alpha_d=9.4871709463e-01 alpha_p32q=9.4871709549e-01 alpha_p32n=9.4871679816e-01 rz32q=5.8639417961e-01 rz32n=5.8639407158e-01 alpha_full_q=9.4871709674e-01 alpha_full_n=9.4871662461e-01
  residual=3.731e+03
iter=266 pAp_d=6.2821590833e-01 p8q=6.4000000000e+01 p8n=7.5000000000e+00 p8q_e2=6.2500000000e-01 p8n_e2=1.8750000000e-01 p16q=6.2780761719e-01 p16n=6.1987304688e-01 p16q_e2=6.2841796875e-01 p16n_e2=6.1962890625e-01 p32q=6.2821590528e-01 p32n=6.2821591273e-01 p64q=6.2821590833e-01 p64n=6.2821590833e-01 alpha_d=9.1075820627e-01 alpha_p32q=9.1075821069e-01 alpha_p32n=9.1075819989e-01 rz32q=5.7215279341e-01 rz32n=5.7215271890e-01 alpha_full_q=9.1075821004e-01 alpha_full_n=9.1075808063e-01
  residual=5.206e+03
iter=267 pAp_d=7.4828548334e-01 p8q=6.4000000000e+01 p8n=7.0000000000e+00 p8q_e2=7.5000000000e-01 p8n_e2=2.5000000000e-01 p16q=7.4938964844e-01 p16n=7.4291992188e-01 p16q_e2=7.4804687500e-01 p16n_e2=7.3364257812e-01 p32q=7.4828548357e-01 p32n=7.4828551710e-01 p64q=7.4828548334e-01 p64n=7.4828548334e-01 alpha_d=7.8374992269e-01 alpha_p32q=7.8374992245e-01 alpha_p32n=7.8374988733e-01 rz32q=5.8646868914e-01 rz32n=5.8646859229e-01 alpha_full_q=7.8374992168e-01 alpha_full_n=7.8374975713e-01
  residual=4.100e+03
iter=268 pAp_d=5.7613596393e-01 p8q=6.4000000000e+01 p8n=7.5000000000e+00 p8q_e2=5.6250000000e-01 p8n_e2=1.5625000000e-01 p16q=5.7702636719e-01 p16n=5.7092285156e-01 p16q_e2=5.7617187500e-01 p16n_e2=5.6811523438e-01 p32q=5.7613596320e-01 p32n=5.7613589615e-01 p64q=5.7613596393e-01 p64n=5.7613596393e-01 alpha_d=9.2310166973e-01 alpha_p32q=9.2310167090e-01 alpha_p32n=9.2310177834e-01 rz32q=5.3183206916e-01 rz32n=5.3183200583e-01 alpha_full_q=9.2310166892e-01 alpha_full_n=9.2310166644e-01
  residual=2.793e+03
iter=269 pAp_d=6.1100618148e-01 p8q=6.4000000000e+01 p8n=8.0000000000e+00 p8q_e2=5.6250000000e-01 p8n_e2=1.7187500000e-01 p16q=6.1279296875e-01 p16n=6.0327148438e-01 p16q_e2=6.1108398438e-01 p16n_e2=5.9472656250e-01 p32q=6.1100618169e-01 p32n=6.1100628600e-01 p64q=6.1100618148e-01 p64n=6.1100618148e-01 alpha_d=8.4320421578e-01 alpha_p32q=8.4320421549e-01 alpha_p32n=8.4320407154e-01 rz32q=5.1520298794e-01 rz32n=5.1520301029e-01 alpha_full_q=8.4320421524e-01 alpha_full_n=8.4320410788e-01
  residual=3.761e+03
iter=270 pAp_d=8.8522965435e-01 p8q=6.4000000000e+01 p8n=7.0000000000e+00 p8q_e2=8.7500000000e-01 p8n_e2=5.0000000000e-01 p16q=8.8525390625e-01 p16n=8.7890625000e-01 p16q_e2=8.8549804688e-01 p16n_e2=8.6743164062e-01 p32q=8.8522965461e-01 p32n=8.8522974402e-01 p64q=8.8522965435e-01 p64n=8.8522965435e-01 alpha_d=6.5836561499e-01 alpha_p32q=6.5836561479e-01 alpha_p32n=6.5836554830e-01 rz32q=5.8280476555e-01 rz32n=5.8280471340e-01 alpha_full_q=6.5836561452e-01 alpha_full_n=6.5836548911e-01
  residual=3.545e+03
iter=271 pAp_d=6.0539897714e-01 p8q=6.4000000000e+01 p8n=6.5000000000e+00 p8q_e2=6.2500000000e-01 p8n_e2=1.7187500000e-01 p16q=6.0546875000e-01 p16n=5.9753417969e-01 p16q_e2=6.0522460938e-01 p16n_e2=5.8496093750e-01 p32q=6.0539897904e-01 p32n=6.0539897159e-01 p64q=6.0539897714e-01 p64n=6.0539897714e-01 alpha_d=8.5472823295e-01 alpha_p32q=8.5472823027e-01 alpha_p32n=8.5472824079e-01 rz32q=5.1745159552e-01 rz32n=5.1745159924e-01 alpha_full_q=8.5472822623e-01 alpha_full_n=8.5472824290e-01
  residual=2.286e+03
iter=272 pAp_d=3.8238394556e-01 p8q=6.4000000000e+01 p8n=7.5000000000e+00 p8q_e2=4.0625000000e-01 p8n_e2=8.5937500000e-02 p16q=3.8256835938e-01 p16n=3.7774658203e-01 p16q_e2=3.8244628906e-01 p16n_e2=3.7536621094e-01 p32q=3.8238394633e-01 p32n=3.8238394074e-01 p64q=3.8238394556e-01 p64n=3.8238394556e-01 alpha_d=1.0879542210e+00 alpha_p32q=1.0879542188e+00 alpha_p32n=1.0879542347e+00 rz32q=4.1601622663e-01 rz32n=4.1601622291e-01 alpha_full_q=1.0879542162e+00 alpha_full_n=1.0879542224e+00
  residual=2.283e+03
iter=273 pAp_d=4.8252392934e-01 p8q=6.4000000000e+01 p8n=8.0000000000e+00 p8q_e2=5.0000000000e-01 p8n_e2=1.5625000000e-01 p16q=4.8229980469e-01 p16n=4.7882080078e-01 p16q_e2=4.8242187500e-01 p16n_e2=4.7253417969e-01 p32q=4.8252392933e-01 p32n=4.8252384551e-01 p64q=4.8252392934e-01 p64n=4.8252392934e-01 alpha_d=8.5306193295e-01 alpha_p32q=8.5306193296e-01 alpha_p32n=8.5306208114e-01 rz32q=4.1162279435e-01 rz32n=4.1162278317e-01 alpha_full_q=8.5306192984e-01 alpha_full_n=8.5306205486e-01
  residual=2.373e+03
iter=274 pAp_d=6.5884385942e-01 p8q=6.4000000000e+01 p8n=8.0000000000e+00 p8q_e2=6.8750000000e-01 p8n_e2=2.8125000000e-01 p16q=6.5893554688e-01 p16n=6.5185546875e-01 p16q_e2=6.5893554688e-01 p16n_e2=6.4453125000e-01 p32q=6.5884386003e-01 p32n=6.5884387866e-01 p64q=6.5884385942e-01 p64n=6.5884385942e-01 alpha_d=6.9715283564e-01 alpha_p32q=6.9715283499e-01 alpha_p32n=6.9715281528e-01 rz32q=4.5931486413e-01 rz32n=4.5931478217e-01 alpha_full_q=6.9715283392e-01 alpha_full_n=6.9715268981e-01
  residual=2.055e+03
iter=275 pAp_d=4.4929076353e-01 p8q=6.4000000000e+01 p8n=8.0000000000e+00 p8q_e2=4.6875000000e-01 p8n_e2=1.0937500000e-01 p16q=4.4891357422e-01 p16n=4.4476318359e-01 p16q_e2=4.4934082031e-01 p16n_e2=4.3762207031e-01 p32q=4.4929076359e-01 p32n=4.4929081202e-01 p64q=4.4929076353e-01 p64n=4.4929076353e-01 alpha_d=9.1146364384e-01 alpha_p32q=9.1146364373e-01 alpha_p32n=9.1146354549e-01 rz32q=4.0951219760e-01 rz32n=4.0951217338e-01 alpha_full_q=9.1146364624e-01 alpha_full_n=9.1146349409e-01
  residual=1.971e+03
iter=276 pAp_d=4.6496164666e-01 p8q=6.4000000000e+01 p8n=7.0000000000e+00 p8q_e2=4.6875000000e-01 p8n_e2=1.1718750000e-01 p16q=4.6502685547e-01 p16n=4.6014404297e-01 p16q_e2=4.6496582031e-01 p16n_e2=4.5495605469e-01 p32q=4.6496164612e-01 p32n=4.6496158466e-01 p64q=4.6496164666e-01 p64n=4.6496164666e-01 alpha_d=9.4968499446e-01 alpha_p32q=9.4968499555e-01 alpha_p32n=9.4968512110e-01 rz32q=4.4156709872e-01 rz32n=4.4156707264e-01 alpha_full_q=9.4968499532e-01 alpha_full_n=9.4968506478e-01
  residual=2.306e+03
iter=277 pAp_d=5.4075361592e-01 p8q=6.4000000000e+01 p8n=5.0000000000e+00 p8q_e2=5.6250000000e-01 p8n_e2=2.3437500000e-01 p16q=5.4064941406e-01 p16n=5.3210449219e-01 p16q_e2=5.4077148438e-01 p16n_e2=5.2832031250e-01 p32q=5.4075361788e-01 p32n=5.4075373709e-01 p64q=5.4075361592e-01 p64n=5.4075361592e-01 alpha_d=8.5938230564e-01 alpha_p32q=8.5938230251e-01 alpha_p32n=8.5938211306e-01 rz32q=4.6471408941e-01 rz32n=4.6471412107e-01 alpha_full_q=8.5938230285e-01 alpha_full_n=8.5938217195e-01
  residual=2.432e+03
iter=278 pAp_d=7.8404094844e-01 p8q=6.4000000000e+01 p8n=8.0000000000e+00 p8q_e2=8.1250000000e-01 p8n_e2=2.8125000000e-01 p16q=7.8332519531e-01 p16n=7.7575683594e-01 p16q_e2=7.8417968750e-01 p16n_e2=7.7001953125e-01 p32q=7.8404095024e-01 p32n=7.8404081240e-01 p64q=7.8404094844e-01 p64n=7.8404094844e-01 alpha_d=7.0926034810e-01 alpha_p32q=7.0926034647e-01 alpha_p32n=7.0926047116e-01 rz32q=5.5608915538e-01 rz32n=5.5608896166e-01 alpha_full_q=7.0926034566e-01 alpha_full_n=7.0926022327e-01
  residual=2.262e+03
iter=279 pAp_d=4.8877045087e-01 p8q=6.4000000000e+01 p8n=8.0000000000e+00 p8q_e2=5.0000000000e-01 p8n_e2=9.3750000000e-02 p16q=4.8901367188e-01 p16n=4.8388671875e-01 p16q_e2=4.8876953125e-01 p16n_e2=4.8107910156e-01 p32q=4.8877045140e-01 p32n=4.8877042718e-01 p64q=4.8877045087e-01 p64n=4.8877045087e-01 alpha_d=9.8661568750e-01 alpha_p32q=9.8661568643e-01 alpha_p32n=9.8661573531e-01 rz32q=4.8222859576e-01 rz32n=4.8222856596e-01 alpha_full_q=9.8661568920e-01 alpha_full_n=9.8661567710e-01
  residual=2.395e+03
iter=280 pAp_d=4.4731645677e-01 p8q=6.4000000000e+01 p8n=6.0000000000e+00 p8q_e2=4.6875000000e-01 p8n_e2=1.0937500000e-01 p16q=4.4720458984e-01 p16n=4.4390869141e-01 p16q_e2=4.4738769531e-01 p16n_e2=4.3835449219e-01 p32q=4.4731645659e-01 p32n=4.4731643237e-01 p64q=4.4731645677e-01 p64n=4.4731645677e-01 alpha_d=1.0766312451e+00 alpha_p32q=1.0766312455e+00 alpha_p32n=1.0766313038e+00 rz32q=4.8159487359e-01 rz32n=4.8159490898e-01 alpha_full_q=1.0766312451e+00 alpha_full_n=1.0766313825e+00
  residual=2.493e+03
iter=281 pAp_d=4.7869233230e-01 p8q=6.4000000000e+01 p8n=8.0000000000e+00 p8q_e2=5.0000000000e-01 p8n_e2=1.0156250000e-01 p16q=4.7821044922e-01 p16n=4.7381591797e-01 p16q_e2=4.7863769531e-01 p16n_e2=4.6887207031e-01 p32q=4.7869233228e-01 p32n=4.7869236767e-01 p64q=4.7869233230e-01 p64n=4.7869233230e-01 alpha_d=1.0954221762e+00 alpha_p32q=1.0954221762e+00 alpha_p32n=1.0954220952e+00 rz32q=5.2437019721e-01 rz32n=5.2437013760e-01 alpha_full_q=1.0954221780e+00 alpha_full_n=1.0954219725e+00
  residual=3.060e+03
iter=282 pAp_d=5.5347473277e-01 p8q=6.4000000000e+01 p8n=7.0000000000e+00 p8q_e2=5.6250000000e-01 p8n_e2=1.7187500000e-01 p16q=5.5419921875e-01 p16n=5.4772949219e-01 p16q_e2=5.5371093750e-01 p16n_e2=5.4248046875e-01 p32q=5.5347473174e-01 p32n=5.5347470194e-01 p64q=5.5347473277e-01 p64n=5.5347473277e-01 alpha_d=1.0392075932e+00 alpha_p32q=1.0392075951e+00 alpha_p32n=1.0392076511e+00 rz32q=5.7517514378e-01 rz32n=5.7517508045e-01 alpha_full_q=1.0392075930e+00 alpha_full_n=1.0392075346e+00
  residual=3.437e+03
iter=283 pAp_d=6.4675567040e-01 p8q=6.4000000000e+01 p8n=7.0000000000e+00 p8q_e2=6.8750000000e-01 p8n_e2=1.8750000000e-01 p16q=6.4636230469e-01 p16n=6.3989257812e-01 p16q_e2=6.4672851562e-01 p16n_e2=6.3549804688e-01 p32q=6.4675566927e-01 p32n=6.4675582945e-01 p64q=6.4675567040e-01 p64n=6.4675567040e-01 alpha_d=9.7840092264e-01 alpha_p32q=9.7840092435e-01 alpha_p32n=9.7840068202e-01 rz32q=6.3278634474e-01 rz32n=6.3278629631e-01 alpha_full_q=9.7840092450e-01 alpha_full_n=9.7840060729e-01
  residual=3.426e+03
iter=284 pAp_d=8.2947570458e-01 p8q=6.4000000000e+01 p8n=8.0000000000e+00 p8q_e2=8.1250000000e-01 p8n_e2=3.1250000000e-01 p16q=8.3007812500e-01 p16n=8.2434082031e-01 p16q_e2=8.2934570312e-01 p16n_e2=8.1567382812e-01 p32q=8.2947570458e-01 p32n=8.2947568223e-01 p64q=8.2947570458e-01 p64n=8.2947570458e-01 alpha_d=7.9921876618e-01 alpha_p32q=7.9921876618e-01 alpha_p32n=7.9921878772e-01 rz32q=6.6293254867e-01 rz32n=6.6293251514e-01 alpha_full_q=7.9921876555e-01 alpha_full_n=7.9921874667e-01
  residual=2.974e+03
iter=285 pAp_d=6.9362217206e-01 p8q=6.4000000000e+01 p8n=8.0000000000e+00 p8q_e2=6.8750000000e-01 p8n_e2=2.1875000000e-01 p16q=6.9299316406e-01 p16n=6.8225097656e-01 p16q_e2=6.9384765625e-01 p16n_e2=6.8212890625e-01 p32q=6.9362217188e-01 p32n=6.9362216815e-01 p64q=6.9362217206e-01 p64n=6.9362217206e-01 alpha_d=8.8252409902e-01 alpha_p32q=8.8252409926e-01 alpha_p32n=8.8252410400e-01 rz32q=6.1213828251e-01 rz32n=6.1213815585e-01 alpha_full_q=8.8252409932e-01 alpha_full_n=8.8252392146e-01
  residual=2.977e+03
iter=286 pAp_d=6.9784539337e-01 p8q=6.4000000000e+01 p8n=7.5000000000e+00 p8q_e2=6.8750000000e-01 p8n_e2=2.5000000000e-01 p16q=6.9812011719e-01 p16n=6.9152832031e-01 p16q_e2=6.9775390625e-01 p16n_e2=6.8676757812e-01 p32q=6.9784539565e-01 p32n=6.9784538820e-01 p64q=6.9784539337e-01 p64n=6.9784539337e-01 alpha_d=8.9381445566e-01 alpha_p32q=8.9381445274e-01 alpha_p32n=8.9381446228e-01 rz32q=6.2374430150e-01 rz32n=6.2374412268e-01 alpha_full_q=8.9381445429e-01 alpha_full_n=8.9381420760e-01
  residual=3.352e+03
iter=287 pAp_d=6.9997360840e-01 p8q=6.4000000000e+01 p8n=7.0000000000e+00 p8q_e2=6.8750000000e-01 p8n_e2=2.1875000000e-01 p16q=6.9958496094e-01 p16n=6.9311523438e-01 p16q_e2=7.0019531250e-01 p16n_e2=6.8579101562e-01 p32q=6.9997360930e-01 p32n=6.9997358322e-01 p64q=6.9997360840e-01 p64n=6.9997360840e-01 alpha_d=9.1839448654e-01 alpha_p32q=9.1839448535e-01 alpha_p32n=9.1839451957e-01 rz32q=6.4285190403e-01 rz32n=6.4285187051e-01 alpha_full_q=9.1839448730e-01 alpha_full_n=9.1839447361e-01
  residual=3.764e+03
iter=288 pAp_d=7.0110035503e-01 p8q=6.4000000000e+01 p8n=8.0000000000e+00 p8q_e2=7.5000000000e-01 p8n_e2=2.8125000000e-01 p16q=6.9982910156e-01 p16n=6.9299316406e-01 p16q_e2=7.0092773438e-01 p16n_e2=6.8505859375e-01 p32q=7.0110035315e-01 p32n=7.0110034570e-01 p64q=7.0110035503e-01 p64n=7.0110035503e-01 alpha_d=8.9934320101e-01 alpha_p32q=8.9934320342e-01 alpha_p32n=8.9934321297e-01 rz32q=6.3052983582e-01 rz32n=6.3052967936e-01 alpha_full_q=8.9934320099e-01 alpha_full_n=8.9934298738e-01
  residual=3.742e+03
iter=289 pAp_d=7.1896659098e-01 p8q=6.4000000000e+01 p8n=8.0000000000e+00 p8q_e2=7.5000000000e-01 p8n_e2=2.5000000000e-01 p16q=7.1789550781e-01 p16n=7.1069335938e-01 p16q_e2=7.1899414062e-01 p16n_e2=7.0581054688e-01 p32q=7.1896659210e-01 p32n=7.1896663681e-01 p64q=7.1896659098e-01 p64n=7.1896659098e-01 alpha_d=8.7460091216e-01 alpha_p32q=8.7460091080e-01 alpha_p32n=8.7460085642e-01 rz32q=6.2880883738e-01 rz32n=6.2880872935e-01 alpha_full_q=8.7460091232e-01 alpha_full_n=8.7460070768e-01
  residual=3.249e+03
iter=290 pAp_d=6.9604442999e-01 p8q=6.4000000000e+01 p8n=7.0000000000e+00 p8q_e2=6.8750000000e-01 p8n_e2=2.0312500000e-01 p16q=6.9628906250e-01 p16n=6.9140625000e-01 p16q_e2=6.9604492188e-01 p16n_e2=6.8237304688e-01 p32q=6.9604443014e-01 p32n=6.9604448974e-01 p64q=6.9604442999e-01 p64n=6.9604442999e-01 alpha_d=8.7644817826e-01 alpha_p32q=8.7644817807e-01 alpha_p32n=8.7644810302e-01 rz32q=6.1004687473e-01 rz32n=6.1004686728e-01 alpha_full_q=8.7644818106e-01 alpha_full_n=8.7644809530e-01
  residual=2.619e+03
iter=291 pAp_d=6.9307083820e-01 p8q=6.4000000000e+01 p8n=7.0000000000e+00 p8q_e2=6.8750000000e-01 p8n_e2=1.7187500000e-01 p16q=6.9201660156e-01 p16n=6.8481445312e-01 p16q_e2=6.9311523438e-01 p16n_e2=6.7871093750e-01 p32q=6.9307083637e-01 p32n=6.9307079911e-01 p64q=6.9307083820e-01 p64n=6.9307083820e-01 alpha_d=8.3543329925e-01 alpha_p32q=8.3543330146e-01 alpha_p32n=8.3543334636e-01 rz32q=5.7901445776e-01 rz32n=5.7901440933e-01 alpha_full_q=8.3543330260e-01 alpha_full_n=8.3543327763e-01
  residual=3.081e+03
iter=292 pAp_d=6.4167265625e-01 p8q=6.4000000000e+01 p8n=7.5000000000e+00 p8q_e2=6.2500000000e-01 p8n_e2=1.5625000000e-01 p16q=6.4099121094e-01 p16n=6.3439941406e-01 p16q_e2=6.4184570312e-01 p16n_e2=6.2524414062e-01 p32q=6.4167265594e-01 p32n=6.4167281613e-01 p64q=6.4167265625e-01 p64n=6.4167265625e-01 alpha_d=8.4159548208e-01 alpha_p32q=8.4159548249e-01 alpha_p32n=8.4159527239e-01 rz32q=5.4002880678e-01 rz32n=5.4002876580e-01 alpha_full_q=8.4159547984e-01 alpha_full_n=8.4159520588e-01
  residual=3.155e+03
iter=293 pAp_d=5.7789407099e-01 p8q=6.4000000000e+01 p8n=7.5000000000e+00 p8q_e2=6.2500000000e-01 p8n_e2=2.0312500000e-01 p16q=5.7934570312e-01 p16n=5.7360839844e-01 p16q_e2=5.7788085938e-01 p16n_e2=5.6469726562e-01 p32q=5.7789406925e-01 p32n=5.7789415121e-01 p64q=5.7789407099e-01 p64n=5.7789407099e-01 alpha_d=8.8174507000e-01 alpha_p32q=8.8174507265e-01 alpha_p32n=8.8174494760e-01 rz32q=5.0955524668e-01 rz32n=5.0955517963e-01 alpha_full_q=8.8174507023e-01 alpha_full_n=8.8174482915e-01
  residual=3.336e+03
iter=294 pAp_d=5.4466641420e-01 p8q=6.4000000000e+01 p8n=7.0000000000e+00 p8q_e2=5.6250000000e-01 p8n_e2=1.1718750000e-01 p16q=5.4492187500e-01 p16n=5.3820800781e-01 p16q_e2=5.4467773438e-01 p16n_e2=5.3735351562e-01 p32q=5.4466641322e-01 p32n=5.4466634989e-01 p64q=5.4466641420e-01 p64n=5.4466641420e-01 alpha_d=9.5517185191e-01 alpha_p32q=9.5517185363e-01 alpha_p32n=9.5517196469e-01 rz32q=5.2025002614e-01 rz32n=5.2024982497e-01 alpha_full_q=9.5517185108e-01 alpha_full_n=9.5517159281e-01
  residual=2.747e+03
iter=295 pAp_d=4.6000683701e-01 p8q=6.4000000000e+01 p8n=7.5000000000e+00 p8q_e2=5.0000000000e-01 p8n_e2=1.0156250000e-01 p16q=4.5989990234e-01 p16n=4.5574951172e-01 p16q_e2=4.5996093750e-01 p16n_e2=4.4787597656e-01 p32q=4.6000683494e-01 p32n=4.6000682935e-01 p64q=4.6000683701e-01 p64n=4.6000683701e-01 alpha_d=1.0526156566e+00 alpha_p32q=1.0526156614e+00 alpha_p32n=1.0526156742e+00 rz32q=4.8421039991e-01 rz32n=4.8421035707e-01 alpha_full_q=1.0526156638e+00 alpha_full_n=1.0526155835e+00
  residual=2.745e+03
iter=296 pAp_d=6.1467227764e-01 p8q=6.4000000000e+01 p8n=8.0000000000e+00 p8q_e2=6.2500000000e-01 p8n_e2=2.1875000000e-01 p16q=6.1413574219e-01 p16n=6.0961914062e-01 p16q_e2=6.1474609375e-01 p16n_e2=6.0595703125e-01 p32q=6.1467227712e-01 p32n=6.1467231438e-01 p64q=6.1467227764e-01 p64n=6.1467227764e-01 alpha_d=8.8629768737e-01 alpha_p32q=8.8629768812e-01 alpha_p32n=8.8629763440e-01 rz32q=5.4478261992e-01 rz32n=5.4478267208e-01 alpha_full_q=8.8629769098e-01 alpha_full_n=8.8629772211e-01
  residual=3.497e+03
iter=297 pAp_d=8.6475370705e-01 p8q=6.4000000000e+01 p8n=6.5000000000e+00 p8q_e2=8.7500000000e-01 p8n_e2=2.8125000000e-01 p16q=8.6621093750e-01 p16n=8.5815429688e-01 p16q_e2=8.6450195312e-01 p16n_e2=8.4765625000e-01 p32q=8.6475370452e-01 p32n=8.6475374177e-01 p64q=8.6475370705e-01 p64n=8.6475370705e-01 alpha_d=7.4392873406e-01 alpha_p32q=7.4392873623e-01 alpha_p32n=7.4392870419e-01 rz32q=6.4331513271e-01 rz32n=6.4331516251e-01 alpha_full_q=7.4392873872e-01 alpha_full_n=7.4392874114e-01
  residual=3.737e+03
iter=298 pAp_d=6.5875655468e-01 p8q=6.4000000000e+01 p8n=7.0000000000e+00 p8q_e2=6.8750000000e-01 p8n_e2=2.1875000000e-01 p16q=6.5856933594e-01 p16n=6.5319824219e-01 p16q_e2=6.5869140625e-01 p16n_e2=6.4819335938e-01 p32q=6.5875655785e-01 p32n=6.5875658393e-01 p64q=6.5875655468e-01 p64n=6.5875655468e-01 alpha_d=9.1344792386e-01 alpha_p32q=9.1344791947e-01 alpha_p32n=9.1344788331e-01 rz32q=6.0173980519e-01 rz32n=6.0173984990e-01 alpha_full_q=9.1344791641e-01 alpha_full_n=9.1344794811e-01
  residual=3.361e+03
iter=299 pAp_d=7.0478090630e-01 p8q=6.4000000000e+01 p8n=8.0000000000e+00 p8q_e2=6.8750000000e-01 p8n_e2=2.5000000000e-01 p16q=7.0434570312e-01 p16n=6.9689941406e-01 p16q_e2=7.0483398438e-01 p16n_e2=6.9506835938e-01 p32q=7.0478090644e-01 p32n=7.0478098094e-01 p64q=7.0478090630e-01 p64n=7.0478090630e-01 alpha_d=8.9133755801e-01 alpha_p32q=8.9133755783e-01 alpha_p32n=8.9133746360e-01 rz32q=6.2819769233e-01 rz32n=6.2819768116e-01 alpha_full_q=8.9133755838e-01 alpha_full_n=8.9133744829e-01
  residual=3.312e+03
