matrix=data/matrices/bcsstk14.mtx n=1806 val_range=1.616e-27/8.935e+09 seed=16
iter=0 pAp_d=3.8166628763e+01 p8q=6.4000000000e+01 p8n=1.6000000000e+01 p8q_e2=4.0000000000e+01 p8n_e2=1.6000000000e+01 p16q=3.8156250000e+01 p16n=3.8125000000e+01 p16q_e2=3.8156250000e+01 p16n_e2=3.8156250000e+01 p32q=3.8166628838e+01 p32n=3.8166632175e+01 p64q=3.8166628763e+01 p64n=3.8166628763e+01 alpha_d=1.0000078248e+00 alpha_p32q=1.0000078229e+00 alpha_p32n=1.0000077354e+00 rz32q=3.8166927338e+01 rz32n=3.8166923523e+01 alpha_full_q=1.0000078210e+00 alpha_full_n=1.0000076336e+00
  residual=3.448e+02
iter=1 pAp_d=3.1174587347e-04 p8q=6.4000000000e+01 p8n=8.0000000000e+00 p8q_e2=4.8828125000e-04 p8n_e2=6.1035156250e-05 p16q=3.1089782715e-04 p16n=2.7275085449e-04 p16q_e2=3.1185150146e-04 p16n_e2=3.1042098999e-04 p32q=3.1174586911e-04 p32n=3.1174586911e-04 p64q=3.1174587347e-04 p64n=3.1174587347e-04 alpha_d=1.6608623461e+00 alpha_p32q=1.6608623693e+00 alpha_p32n=1.6608623693e+00 rz32q=5.1776698092e-04 rz32n=5.1776690816e-04 alpha_full_q=1.6608623633e+00 alpha_full_n=1.6608621299e+00
  residual=3.596e+02
iter=2 pAp_d=3.9790552030e-04 p8q=6.4000000000e+01 p8n=8.0000000000e+00 p8q_e2=4.8828125000e-04 p8n_e2=6.1035156250e-05 p16q=3.9672851562e-04 p16n=3.7002563477e-04 p16q_e2=3.9768218994e-04 p16n_e2=3.8433074951e-04 p32q=3.9790551818e-04 p32n=3.9790557639e-04 p64q=3.9790552030e-04 p64n=3.9790552030e-04 alpha_d=3.2136102729e+00 alpha_p32q=3.2136102900e+00 alpha_p32n=3.2136098199e+00 rz32q=1.2787132582e-03 rz32n=1.2787134328e-03 alpha_full_q=3.2136102662e+00 alpha_full_n=3.2136102350e+00
  residual=1.261e+03
iter=3 pAp_d=3.2431321448e-03 p8q=6.4000000000e+01 p8n=5.5000000000e+00 p8q_e2=3.9062500000e-03 p8n_e2=9.7656250000e-04 p16q=3.2577514648e-03 p16n=3.2272338867e-03 p16q_e2=3.2424926758e-03 p16n_e2=3.1585693359e-03 p32q=3.2431321451e-03 p32n=3.2431316213e-03 p64q=3.2431321448e-03 p64n=3.2431321448e-03 alpha_d=1.0241546389e+00 alpha_p32q=1.0241546388e+00 alpha_p32n=1.0241548042e+00 rz32q=3.3214688301e-03 rz32n=3.3214685391e-03 alpha_full_q=1.0241546386e+00 alpha_full_n=1.0241547143e+00
  residual=6.990e+02
iter=4 pAp_d=1.0636544544e-03 p8q=6.4000000000e+01 p8n=8.0000000000e+00 p8q_e2=1.4648437500e-03 p8n_e2=6.1035156250e-05 p16q=1.0643005371e-03 p16n=1.0070800781e-03 p16q_e2=1.0643005371e-03 p16n_e2=1.0547637939e-03 p32q=1.0636544612e-03 p32n=1.0636542866e-03 p64q=1.0636544544e-03 p64n=1.0636544544e-03 alpha_d=2.1992528850e+00 alpha_p32q=2.1992528711e+00 alpha_p32n=2.1992532322e+00 rz32q=2.3392451112e-03 rz32n=2.3392455769e-03 alpha_full_q=2.1992528557e+00 alpha_full_n=2.1992536545e+00
  residual=9.799e+02
iter=5 pAp_d=4.0367295036e-03 p8q=6.4000000000e+01 p8n=8.0000000000e+00 p8q_e2=3.9062500000e-03 p8n_e2=7.3242187500e-04 p16q=4.0435791016e-03 p16n=3.9138793945e-03 p16q_e2=4.0359497070e-03 p16n_e2=3.9482116699e-03 p32q=4.0367295151e-03 p32n=4.0367300389e-03 p64q=4.0367295036e-03 p64n=4.0367295036e-03 alpha_d=1.5323908070e+00 alpha_p32q=1.5323908026e+00 alpha_p32n=1.5323906038e+00 rz32q=6.1858471599e-03 rz32n=6.1858475092e-03 alpha_full_q=1.5323907973e+00 alpha_full_n=1.5323906849e+00
  residual=1.342e+03
iter=6 pAp_d=7.9439649924e-03 p8q=6.4000000000e+01 p8n=8.0000000000e+00 p8q_e2=6.8359375000e-03 p8n_e2=9.7656250000e-04 p16q=7.9345703125e-03 p16n=7.7514648438e-03 p16q_e2=7.9421997070e-03 p16n_e2=7.8277587891e-03 p32q=7.9439649126e-03 p32n=7.9439653782e-03 p64q=7.9439649924e-03 p64n=7.9439649924e-03 alpha_d=8.6178914297e-01 alpha_p32q=8.6178915163e-01 alpha_p32n=8.6178910111e-01 rz32q=6.8460227922e-03 rz32n=6.8460226175e-03 alpha_full_q=8.6178915284e-01 alpha_full_n=8.6178908034e-01
  residual=9.529e+02
iter=7 pAp_d=3.6487893386e-03 p8q=6.4000000000e+01 p8n=8.0000000000e+00 p8q_e2=3.9062500000e-03 p8n_e2=9.7656250000e-04 p16q=3.6315917969e-03 p16n=3.4790039062e-03 p16q_e2=3.6468505859e-03 p16n_e2=3.5743713379e-03 p32q=3.6487893085e-03 p32n=3.6487901234e-03 p64q=3.6487893386e-03 p64n=3.6487893386e-03 alpha_d=1.2604365097e+00 alpha_p32q=1.2604365201e+00 alpha_p32n=1.2604362386e+00 rz32q=4.5990673243e-03 rz32n=4.5990682556e-03 alpha_full_q=1.2604365271e+00 alpha_full_n=1.2604365009e+00
  residual=9.099e+02
iter=8 pAp_d=5.5102836493e-03 p8q=6.4000000000e+01 p8n=8.0000000000e+00 p8q_e2=5.8593750000e-03 p8n_e2=7.3242187500e-04 p16q=5.5236816406e-03 p16n=5.3710937500e-03 p16q_e2=5.5122375488e-03 p16n_e2=5.4092407227e-03 p32q=5.5102836341e-03 p32n=5.5102834012e-03 p64q=5.5102836493e-03 p64n=5.5102836493e-03 alpha_d=1.0558230560e+00 alpha_p32q=1.0558230589e+00 alpha_p32n=1.0558231036e+00 rz32q=5.8178845211e-03 rz32n=5.8178837644e-03 alpha_full_q=1.0558230587e+00 alpha_full_n=1.0558229660e+00
  residual=9.947e+02
iter=9 pAp_d=3.5252337097e-03 p8q=6.4000000000e+01 p8n=7.5000000000e+00 p8q_e2=3.9062500000e-03 p8n_e2=4.8828125000e-04 p16q=3.5324096680e-03 p16n=3.4255981445e-03 p16q_e2=3.5247802734e-03 p16n_e2=3.4751892090e-03 p32q=3.5252337111e-03 p32n=3.5252335947e-03 p64q=3.5252337097e-03 p64n=3.5252337097e-03 alpha_d=1.0674637866e+00 alpha_p32q=1.0674637861e+00 alpha_p32n=1.0674638214e+00 rz32q=3.7630593288e-03 rz32n=3.7630588049e-03 alpha_full_q=1.0674637874e+00 alpha_full_n=1.0674636741e+00
  residual=8.387e+02
iter=10 pAp_d=2.4984910904e-03 p8q=6.4000000000e+01 p8n=7.5000000000e+00 p8q_e2=2.9296875000e-03 p8n_e2=4.8828125000e-04 p16q=2.4948120117e-03 p16n=2.3117065430e-03 p16q_e2=2.4986267090e-03 p16n_e2=2.4185180664e-03 p32q=2.4984910851e-03 p32n=2.4984908523e-03 p64q=2.4984910904e-03 p64n=2.4984910904e-03 alpha_d=1.3628727455e+00 alpha_p32q=1.3628727483e+00 alpha_p32n=1.3628728753e+00 rz32q=3.4051254042e-03 rz32n=3.4051254625e-03 alpha_full_q=1.3628727453e+00 alpha_full_n=1.3628728956e+00
  residual=1.020e+03
iter=11 pAp_d=3.0533444746e-03 p8q=6.4000000000e+01 p8n=8.0000000000e+00 p8q_e2=2.9296875000e-03 p8n_e2=4.8828125000e-04 p16q=3.0288696289e-03 p16n=2.8610229492e-03 p16q_e2=3.0517578125e-03 p16n_e2=2.9869079590e-03 p32q=3.0533444951e-03 p32n=3.0533440295e-03 p64q=3.0533444746e-03 p64n=3.0533444746e-03 alpha_d=1.2475231800e+00 alpha_p32q=1.2475231716e+00 alpha_p32n=1.2475233618e+00 rz32q=3.8091180031e-03 rz32n=3.8091173628e-03 alpha_full_q=1.2475231698e+00 alpha_full_n=1.2475231504e+00
  residual=8.340e+02
iter=12 pAp_d=2.7350468042e-03 p8q=6.4000000000e+01 p8n=8.0000000000e+00 p8q_e2=2.9296875000e-03 p8n_e2=4.8828125000e-04 p16q=2.7160644531e-03 p16n=2.5253295898e-03 p16q_e2=2.7351379395e-03 p16n_e2=2.6855468750e-03 p32q=2.7350468445e-03 p32n=2.7350466698e-03 p64q=2.7350468042e-03 p64n=2.7350468042e-03 alpha_d=1.1868877053e+00 alpha_p32q=1.1868876878e+00 alpha_p32n=1.1868877636e+00 rz32q=3.2461934024e-03 rz32n=3.2461921219e-03 alpha_full_q=1.1868876795e+00 alpha_full_n=1.1868872870e+00
  residual=8.029e+02
iter=13 pAp_d=2.7603034745e-03 p8q=6.4000000000e+01 p8n=8.0000000000e+00 p8q_e2=2.9296875000e-03 p8n_e2=4.8828125000e-04 p16q=2.7694702148e-03 p16n=2.5634765625e-03 p16q_e2=2.7580261230e-03 p16n_e2=2.6855468750e-03 p32q=2.7603034396e-03 p32n=2.7603033814e-03 p64q=2.7603034745e-03 p64n=2.7603034745e-03 alpha_d=1.2576391345e+00 alpha_p32q=1.2576391504e+00 alpha_p32n=1.2576391769e+00 rz32q=3.4714656649e-03 rz32n=3.4714653739e-03 alpha_full_q=1.2576391476e+00 alpha_full_n=1.2576390687e+00
  residual=8.399e+02
iter=14 pAp_d=3.4381561684e-03 p8q=6.4000000000e+01 p8n=7.5000000000e+00 p8q_e2=3.9062500000e-03 p8n_e2=9.7656250000e-04 p16q=3.4561157227e-03 p16n=3.1890869141e-03 p16q_e2=3.4370422363e-03 p16n_e2=3.2958984375e-03 p32q=3.4381561563e-03 p32n=3.4381553996e-03 p64q=3.4381561684e-03 p64n=3.4381561684e-03 alpha_d=1.0115138572e+00 alpha_p32q=1.0115138608e+00 alpha_p32n=1.0115140834e+00 rz32q=3.4777426044e-03 rz32n=3.4777431283e-03 alpha_full_q=1.0115138598e+00 alpha_full_n=1.0115142348e+00
  residual=8.278e+02
iter=15 pAp_d=2.0698359637e-03 p8q=6.4000000000e+01 p8n=8.0000000000e+00 p8q_e2=1.9531250000e-03 p8n_e2=4.8828125000e-04 p16q=2.0675659180e-03 p16n=1.8959045410e-03 p16q_e2=2.0713806152e-03 p16n_e2=2.0027160645e-03 p32q=2.0698359585e-03 p32n=2.0698361332e-03 p64q=2.0698359637e-03 p64n=2.0698359637e-03 alpha_d=1.4636491319e+00 alpha_p32q=1.4636491355e+00 alpha_p32n=1.4636490120e+00 rz32q=3.0295135803e-03 rz32n=3.0295132310e-03 alpha_full_q=1.4636491205e+00 alpha_full_n=1.4636488283e+00
  residual=1.008e+03
iter=16 pAp_d=3.6121734344e-03 p8q=6.4000000000e+01 p8n=8.0000000000e+00 p8q_e2=2.9296875000e-03 p8n_e2=4.8828125000e-04 p16q=3.6087036133e-03 p16n=3.4713745117e-03 p16q_e2=3.6125183105e-03 p16n_e2=3.4980773926e-03 p32q=3.6121734302e-03 p32n=3.6121727899e-03 p64q=3.6121734344e-03 p64n=3.6121734344e-03 alpha_d=1.2162496737e+00 alpha_p32q=1.2162496751e+00 alpha_p32n=1.2162498907e+00 rz32q=4.3933047564e-03 rz32n=4.3933037086e-03 alpha_full_q=1.2162496739e+00 alpha_full_n=1.2162495994e+00
  residual=1.039e+03
iter=17 pAp_d=3.8175561731e-03 p8q=6.4000000000e+01 p8n=8.0000000000e+00 p8q_e2=3.9062500000e-03 p8n_e2=4.8828125000e-04 p16q=3.8223266602e-03 p16n=3.6392211914e-03 p16q_e2=3.8146972656e-03 p16n_e2=3.7002563477e-03 p32q=3.8175561931e-03 p32n=3.8175561349e-03 p64q=3.8175561731e-03 p64n=3.8175561731e-03 alpha_d=1.0725404196e+00 alpha_p32q=1.0725404140e+00 alpha_p32n=1.0725404303e+00 rz32q=4.0944832726e-03 rz32n=4.0944825159e-03 alpha_full_q=1.0725404069e+00 alpha_full_n=1.0725402250e+00
  residual=9.690e+02
iter=18 pAp_d=2.3869685575e-03 p8q=6.4000000000e+01 p8n=8.0000000000e+00 p8q_e2=2.9296875000e-03 p8n_e2=2.4414062500e-04 p16q=2.3956298828e-03 p16n=2.2125244141e-03 p16q_e2=2.3880004883e-03 p16n_e2=2.3536682129e-03 p32q=2.3869685247e-03 p32n=2.3869693978e-03 p64q=2.3869685575e-03 p64n=2.3869685575e-03 alpha_d=1.3563653727e+00 alpha_p32q=1.3563653914e+00 alpha_p32n=1.3563648952e+00 rz32q=3.2376014860e-03 rz32n=3.2376005547e-03 alpha_full_q=1.3563653867e+00 alpha_full_n=1.3563645004e+00
  residual=9.690e+02
iter=19 pAp_d=2.0581048838e-03 p8q=6.4000000000e+01 p8n=8.0000000000e+00 p8q_e2=1.9531250000e-03 p8n_e2=6.1035156250e-05 p16q=2.0370483398e-03 p16n=1.9302368164e-03 p16q_e2=2.0561218262e-03 p16n_e2=2.0027160645e-03 p32q=2.0581049030e-03 p32n=2.0581045537e-03 p64q=2.0581048838e-03 p64n=2.0581048838e-03 alpha_d=1.2072180106e+00 alpha_p32q=1.2072179994e+00 alpha_p32n=1.2072182042e+00 rz32q=2.4845812586e-03 rz32n=2.4845809094e-03 alpha_full_q=1.2072179873e+00 alpha_full_n=1.2072180225e+00
  residual=8.117e+02
iter=20 pAp_d=1.3976219343e-03 p8q=6.4000000000e+01 p8n=8.0000000000e+00 p8q_e2=1.9531250000e-03 p8n_e2=2.4414062500e-04 p16q=1.3999938965e-03 p16n=1.2245178223e-03 p16q_e2=1.3980865479e-03 p16n_e2=1.3427734375e-03 p32q=1.3976219343e-03 p32n=1.3976219925e-03 p64q=1.3976219343e-03 p64n=1.3976219343e-03 alpha_d=1.2902344025e+00 alpha_p32q=1.2902344025e+00 alpha_p32n=1.2902343487e+00 rz32q=1.8032598891e-03 rz32n=1.8032595690e-03 alpha_full_q=1.2902343938e+00 alpha_full_n=1.2902341110e+00
  residual=6.733e+02
iter=21 pAp_d=1.3980512497e-03 p8q=6.4000000000e+01 p8n=8.0000000000e+00 p8q_e2=1.9531250000e-03 p8n_e2=2.4414062500e-04 p16q=1.4038085938e-03 p16n=1.2207031250e-03 p16q_e2=1.3980865479e-03 p16n_e2=1.3561248779e-03 p32q=1.3980512449e-03 p32n=1.3980508957e-03 p64q=1.3980512497e-03 p64n=1.3980512497e-03 alpha_d=1.3325755020e+00 alpha_p32q=1.3325755066e+00 alpha_p32n=1.3325758395e+00 rz32q=1.8630088307e-03 rz32n=1.8630084523e-03 alpha_full_q=1.3325754957e+00 alpha_full_n=1.3325755580e+00
  residual=7.038e+02
iter=22 pAp_d=1.5638063651e-03 p8q=6.4000000000e+01 p8n=8.0000000000e+00 p8q_e2=1.9531250000e-03 p8n_e2=2.4414062500e-04 p16q=1.5602111816e-03 p16n=1.4343261719e-03 p16q_e2=1.5640258789e-03 p16n_e2=1.5163421631e-03 p32q=1.5638063778e-03 p32n=1.5638066106e-03 p64q=1.5638063651e-03 p64n=1.5638063651e-03 alpha_d=1.0926274884e+00 alpha_p32q=1.0926274795e+00 alpha_p32n=1.0926273168e+00 rz32q=1.7086578009e-03 rz32n=1.7086578300e-03 alpha_full_q=1.0926274666e+00 alpha_full_n=1.0926273226e+00
  residual=7.078e+02
iter=23 pAp_d=1.1372169144e-03 p8q=6.4000000000e+01 p8n=8.0000000000e+00 p8q_e2=1.4648437500e-03 p8n_e2=2.4414062500e-04 p16q=1.1253356934e-03 p16n=1.0566711426e-03 p16q_e2=1.1367797852e-03 p16n_e2=1.1005401611e-03 p32q=1.1372168956e-03 p32n=1.1372167210e-03 p64q=1.1372169144e-03 p64n=1.1372169144e-03 alpha_d=1.3813324778e+00 alpha_p32q=1.3813325007e+00 alpha_p32n=1.3813327128e+00 rz32q=1.5708746505e-03 rz32n=1.5708746214e-03 alpha_full_q=1.3813324939e+00 alpha_full_n=1.3813326804e+00
  residual=8.142e+02
iter=24 pAp_d=1.4933461064e-03 p8q=6.4000000000e+01 p8n=8.0000000000e+00 p8q_e2=1.9531250000e-03 p8n_e2=4.8828125000e-04 p16q=1.4877319336e-03 p16n=1.3847351074e-03 p16q_e2=1.4934539795e-03 p16n_e2=1.4266967773e-03 p32q=1.4933461207e-03 p32n=1.4933463535e-03 p64q=1.4933461064e-03 p64n=1.4933461064e-03 alpha_d=1.1894080187e+00 alpha_p32q=1.1894080073e+00 alpha_p32n=1.1894078218e+00 rz32q=1.7761978379e-03 rz32n=1.7761978088e-03 alpha_full_q=1.1894080102e+00 alpha_full_n=1.1894078052e+00
  residual=6.705e+02
iter=25 pAp_d=1.4939003326e-03 p8q=6.4000000000e+01 p8n=8.0000000000e+00 p8q_e2=1.9531250000e-03 p8n_e2=7.3242187500e-04 p16q=1.4915466309e-03 p16n=1.3275146484e-03 p16q_e2=1.4934539795e-03 p16n_e2=1.4324188232e-03 p32q=1.4939003158e-03 p32n=1.4939004905e-03 p64q=1.4939003326e-03 p64n=1.4939003326e-03 alpha_d=1.0631703344e+00 alpha_p32q=1.0631703464e+00 alpha_p32n=1.0631702221e+00 rz32q=1.5882705338e-03 rz32n=1.5882708249e-03 alpha_full_q=1.0631703582e+00 alpha_full_n=1.0631704287e+00
  residual=6.655e+02
iter=26 pAp_d=1.4663350781e-03 p8q=6.4000000000e+01 p8n=8.0000000000e+00 p8q_e2=1.9531250000e-03 p8n_e2=4.8828125000e-04 p16q=1.4610290527e-03 p16n=1.3465881348e-03 p16q_e2=1.4667510986e-03 p16n_e2=1.4133453369e-03 p32q=1.4663350885e-03 p32n=1.4663351176e-03 p64q=1.4663350781e-03 p64n=1.4663350781e-03 alpha_d=1.0806492653e+00 alpha_p32q=1.0806492576e+00 alpha_p32n=1.0806492362e+00 rz32q=1.5845939342e-03 rz32n=1.5845938178e-03 alpha_full_q=1.0806492641e+00 alpha_full_n=1.0806491632e+00
  residual=6.410e+02
iter=27 pAp_d=1.3880772052e-03 p8q=6.4000000000e+01 p8n=8.0000000000e+00 p8q_e2=1.9531250000e-03 p8n_e2=4.8828125000e-04 p16q=1.3885498047e-03 p16n=1.2779235840e-03 p16q_e2=1.3885498047e-03 p16n_e2=1.3427734375e-03 p32q=1.3880772167e-03 p32n=1.3880774786e-03 p64q=1.3880772052e-03 p64n=1.3880772052e-03 alpha_d=1.0036887452e+00 alpha_p32q=1.0036887369e+00 alpha_p32n=1.0036885475e+00 rz32q=1.3931974827e-03 rz32n=1.3931973081e-03 alpha_full_q=1.0036887472e+00 alpha_full_n=1.0036884320e+00
  residual=4.765e+02
iter=28 pAp_d=7.3754694722e-04 p8q=6.4000000000e+01 p8n=8.0000000000e+00 p8q_e2=9.7656250000e-04 p8n_e2=6.1035156250e-05 p16q=7.4005126953e-04 p16n=6.4086914062e-04 p16q_e2=7.3719024658e-04 p16n_e2=7.1239471436e-04 p32q=7.3754694313e-04 p32n=7.3754711775e-04 p64q=7.3754694722e-04 p64n=7.3754694722e-04 alpha_d=1.1157566303e+00 alpha_p32q=1.1157566365e+00 alpha_p32n=1.1157563723e+00 rz32q=8.2292289881e-04 rz32n=8.2292316074e-04 alpha_full_q=1.1157566396e+00 alpha_full_n=1.1157567306e+00
  residual=4.542e+02
iter=29 pAp_d=5.3129981398e-04 p8q=6.4000000000e+01 p8n=8.0000000000e+00 p8q_e2=7.3242187500e-04 p8n_e2=6.1035156250e-05 p16q=5.4550170898e-04 p16n=4.9209594727e-04 p16q_e2=5.3119659424e-04 p16n_e2=5.1307678223e-04 p32q=5.3129981097e-04 p32n=5.3129984008e-04 p64q=5.3129981398e-04 p64n=5.3129981398e-04 alpha_d=1.2869602406e+00 alpha_p32q=1.2869602478e+00 alpha_p32n=1.2869601773e+00 rz32q=6.8376174022e-04 rz32n=6.8376182753e-04 alpha_full_q=1.2869602550e+00 alpha_full_n=1.2869603489e+00
  residual=4.788e+02
iter=30 pAp_d=5.3870360812e-04 p8q=6.4000000000e+01 p8n=8.0000000000e+00 p8q_e2=7.3242187500e-04 p8n_e2=6.1035156250e-05 p16q=5.4550170898e-04 p16n=4.8828125000e-04 p16q_e2=5.3882598877e-04 p16n_e2=5.2356719971e-04 p32q=5.3870360716e-04 p32n=5.3870351985e-04 p64q=5.3870360812e-04 p64n=5.3870360812e-04 alpha_d=1.2052649315e+00 alpha_p32q=1.2052649337e+00 alpha_p32n=1.2052651290e+00 rz32q=6.4928056963e-04 rz32n=6.4928071515e-04 alpha_full_q=1.2052649379e+00 alpha_full_n=1.2052654034e+00
  residual=4.431e+02
iter=31 pAp_d=4.6167940931e-04 p8q=6.4000000000e+01 p8n=8.0000000000e+00 p8q_e2=7.3242187500e-04 p8n_e2=6.1035156250e-05 p16q=4.6539306641e-04 p16n=3.8909912109e-04 p16q_e2=4.6205520630e-04 p16n_e2=4.4775009155e-04 p32q=4.6167941036e-04 p32n=4.6167938854e-04 p64q=4.6167940931e-04 p64n=4.6167940931e-04 alpha_d=1.2524082427e+00 alpha_p32q=1.2524082399e+00 alpha_p32n=1.2524082991e+00 rz32q=5.7821109658e-04 rz32n=5.7821121300e-04 alpha_full_q=1.2524082374e+00 alpha_full_n=1.2524085488e+00
  residual=4.053e+02
iter=32 pAp_d=4.3480783284e-04 p8q=6.4000000000e+01 p8n=8.0000000000e+00 p8q_e2=7.3242187500e-04 p8n_e2=6.1035156250e-05 p16q=4.4059753418e-04 p16n=3.5476684570e-04 p16q_e2=4.3487548828e-04 p16n_e2=4.1341781616e-04 p32q=4.3480783643e-04 p32n=4.3480771274e-04 p64q=4.3480783284e-04 p64n=4.3480783284e-04 alpha_d=1.1363672413e+00 alpha_p32q=1.1363672320e+00 alpha_p32n=1.1363675552e+00 rz32q=4.9410137581e-04 rz32n=4.9410137581e-04 alpha_full_q=1.1363672280e+00 alpha_full_n=1.1363675513e+00
  residual=3.022e+02
iter=33 pAp_d=3.1789314935e-04 p8q=6.4000000000e+01 p8n=8.0000000000e+00 p8q_e2=4.8828125000e-04 p8n_e2=6.1035156250e-05 p16q=3.2424926758e-04 p16n=2.5939941406e-04 p16q_e2=3.1805038452e-04 p16n_e2=2.9993057251e-04 p32q=3.1789315108e-04 p32n=3.1789315835e-04 p64q=3.1789314935e-04 p64n=3.1789314935e-04 alpha_d=1.1474411770e+00 alpha_p32q=1.1474411708e+00 alpha_p32n=1.1474411445e+00 rz32q=3.6476369132e-04 rz32n=3.6476367677e-04 alpha_full_q=1.1474411767e+00 alpha_full_n=1.1474411046e+00
  residual=3.184e+02
iter=34 pAp_d=2.4673853883e-04 p8q=6.4000000000e+01 p8n=8.0000000000e+00 p8q_e2=4.8828125000e-04 p8n_e2=-6.1035156250e-05 p16q=2.4986267090e-04 p16n=2.0027160645e-04 p16q_e2=2.4652481079e-04 p16n_e2=2.2983551025e-04 p32q=2.4673854205e-04 p32n=2.4673840380e-04 p64q=2.4673853883e-04 p64n=2.4673853883e-04 alpha_d=1.3742993811e+00 alpha_p32q=1.3742993632e+00 alpha_p32n=1.3743001332e+00 rz32q=3.3909262129e-04 rz32n=3.3909261401e-04 alpha_full_q=1.3742993635e+00 alpha_full_n=1.3743001040e+00
  residual=3.743e+02
iter=35 pAp_d=2.8522724409e-04 p8q=6.4000000000e+01 p8n=8.0000000000e+00 p8q_e2=4.8828125000e-04 p8n_e2=6.1035156250e-05 p16q=2.9182434082e-04 p16n=2.3841857910e-04 p16q_e2=2.8514862061e-04 p16n_e2=2.7751922607e-04 p32q=2.8522724460e-04 p32n=2.8522724460e-04 p64q=2.8522724409e-04 p64n=2.8522724409e-04 alpha_d=1.2254175850e+00 alpha_p32q=1.2254175828e+00 alpha_p32n=1.2254175828e+00 rz32q=3.4952248097e-04 rz32n=3.4952259011e-04 alpha_full_q=1.2254175840e+00 alpha_full_n=1.2254179666e+00
  residual=3.351e+02
iter=36 pAp_d=2.3026858559e-04 p8q=6.4000000000e+01 p8n=8.0000000000e+00 p8q_e2=4.8828125000e-04 p8n_e2=6.1035156250e-05 p16q=2.3269653320e-04 p16n=1.8310546875e-04 p16q_e2=2.3031234741e-04 p16n_e2=2.1982192993e-04 p32q=2.3026858253e-04 p32n=2.3026857525e-04 p64q=2.3026858559e-04 p64n=2.3026858559e-04 alpha_d=1.3307921408e+00 alpha_p32q=1.3307921585e+00 alpha_p32n=1.3307922005e+00 rz32q=3.0643962236e-04 rz32n=3.0643958598e-04 alpha_full_q=1.3307921515e+00 alpha_full_n=1.3307920356e+00
  residual=3.137e+02
iter=37 pAp_d=2.4886155081e-04 p8q=6.4000000000e+01 p8n=8.0000000000e+00 p8q_e2=3.6621093750e-04 p8n_e2=6.1035156250e-05 p16q=2.5177001953e-04 p16n=2.1171569824e-04 p16q_e2=2.4890899658e-04 p16n_e2=2.3889541626e-04 p32q=2.4886155006e-04 p32n=2.4886153551e-04 p64q=2.4886155081e-04 p64n=2.4886155081e-04 alpha_d=1.1463221478e+00 alpha_p32q=1.1463221513e+00 alpha_p32n=1.1463222183e+00 rz32q=2.8527550603e-04 rz32n=2.8527557879e-04 alpha_full_q=1.1463221456e+00 alpha_full_n=1.1463225050e+00
  residual=2.494e+02
iter=38 pAp_d=1.8919754499e-04 p8q=6.4000000000e+01 p8n=8.0000000000e+00 p8q_e2=3.6621093750e-04 p8n_e2=-1.5258789062e-05 p16q=1.9264221191e-04 p16n=1.4686584473e-04 p16q_e2=1.8930435181e-04 p16n_e2=1.7833709717e-04 p32q=1.8919754802e-04 p32n=1.8919746071e-04 p64q=1.8919754499e-04 p64n=1.8919754499e-04 alpha_d=1.2048865200e+00 alpha_p32q=1.2048865007e+00 alpha_p32n=1.2048870568e+00 rz32q=2.2796157282e-04 rz32n=2.2796160192e-04 alpha_full_q=1.2048865072e+00 alpha_full_n=1.2048872171e+00
  residual=2.590e+02
iter=39 pAp_d=1.2693369240e-04 p8q=6.4000000000e+01 p8n=8.0000000000e+00 p8q_e2=3.6621093750e-04 p8n_e2=1.5258789062e-05 p16q=1.2969970703e-04 p16n=1.0299682617e-04 p16q_e2=1.2683868408e-04 p16n_e2=1.1658668518e-04 p32q=1.2693369354e-04 p32n=1.2693367898e-04 p64q=1.2693369240e-04 p64n=1.2693369240e-04 alpha_d=1.5198735360e+00 alpha_p32q=1.5198735224e+00 alpha_p32n=1.5198736967e+00 rz32q=1.9292315847e-04 rz32n=1.9292312209e-04 alpha_full_q=1.5198735110e+00 alpha_full_n=1.5198733987e+00
  residual=2.540e+02
iter=40 pAp_d=1.5379786645e-04 p8q=6.4000000000e+01 p8n=8.0000000000e+00 p8q_e2=3.6621093750e-04 p8n_e2=1.5258789062e-05 p16q=1.5640258789e-04 p16n=1.2588500977e-04 p16q_e2=1.5401840210e-04 p16n_e2=1.4400482178e-04 p32q=1.5379786782e-04 p32n=1.5379794786e-04 p64q=1.5379786645e-04 p64n=1.5379786645e-04 alpha_d=1.2925191195e+00 alpha_p32q=1.2925191079e+00 alpha_p32n=1.2925184353e+00 rz32q=1.9878668536e-04 rz32n=1.9878668536e-04 alpha_full_q=1.2925191238e+00 alpha_full_n=1.2925184512e+00
  residual=2.224e+02
iter=41 pAp_d=1.3552676928e-04 p8q=6.4000000000e+01 p8n=8.0000000000e+00 p8q_e2=2.4414062500e-04 p8n_e2=1.5258789062e-05 p16q=1.3923645020e-04 p16n=1.1444091797e-04 p16q_e2=1.3542175293e-04 p16n_e2=1.2683868408e-04 p32q=1.3552676683e-04 p32n=1.3552679593e-04 p64q=1.3552676928e-04 p64n=1.3552676928e-04 alpha_d=1.3016039470e+00 alpha_p32q=1.3016039706e+00 alpha_p32n=1.3016036911e+00 rz32q=1.7640217993e-04 rz32n=1.7640214355e-04 alpha_full_q=1.3016039862e+00 alpha_full_n=1.3016034382e+00
  residual=2.237e+02
iter=42 pAp_d=1.5397129735e-04 p8q=6.4000000000e+01 p8n=8.0000000000e+00 p8q_e2=3.6621093750e-04 p8n_e2=1.5258789062e-05 p16q=1.5640258789e-04 p16n=1.2207031250e-04 p16q_e2=1.5401840210e-04 p16n_e2=1.4448165894e-04 p32q=1.5397129755e-04 p32n=1.5397121751e-04 p64q=1.5397129735e-04 p64n=1.5397129735e-04 alpha_d=1.1623093800e+00 alpha_p32q=1.1623093785e+00 alpha_p32n=1.1623099827e+00 rz32q=1.7896228383e-04 rz32n=1.7896221834e-04 alpha_full_q=1.1623093828e+00 alpha_full_n=1.1623095617e+00
  residual=2.144e+02
iter=43 pAp_d=1.1313467227e-04 p8q=6.4000000000e+01 p8n=8.0000000000e+00 p8q_e2=3.6621093750e-04 p8n_e2=1.5258789062e-05 p16q=1.1634826660e-04 p16n=7.9154968262e-05 p16q_e2=1.1301040649e-04 p16n_e2=1.0299682617e-04 p32q=1.1313467257e-04 p32n=1.1313461800e-04 p64q=1.1313467227e-04 p64n=1.1313467227e-04 alpha_d=1.2213249722e+00 alpha_p32q=1.2213249689e+00 alpha_p32n=1.2213255580e+00 rz32q=1.3817420404e-04 rz32n=1.3817409490e-04 alpha_full_q=1.2213250005e+00 alpha_full_n=1.2213246249e+00
  residual=1.931e+02
iter=44 pAp_d=1.3679694966e-04 p8q=3.2000000000e+01 p8n=8.0000000000e+00 p8q_e2=2.4414062500e-04 p8n_e2=1.5258789062e-05 p16q=1.4114379883e-04 p16n=1.0299682617e-04 p16q_e2=1.3685226440e-04 p16n_e2=1.2874603271e-04 p32q=1.3679695257e-04 p32n=1.3679698168e-04 p64q=1.3679694966e-04 p64n=1.3679694966e-04 alpha_d=1.0553931823e+00 alpha_p32q=1.0553931599e+00 alpha_p32n=1.0553929353e+00 rz32q=1.4437457139e-04 rz32n=1.4437453501e-04 alpha_full_q=1.0553931844e+00 alpha_full_n=1.0553926939e+00
  residual=2.130e+02
iter=45 pAp_d=1.1415119799e-04 p8q=6.4000000000e+01 p8n=8.0000000000e+00 p8q_e2=2.4414062500e-04 p8n_e2=6.1035156250e-05 p16q=1.1634826660e-04 p16n=7.9154968262e-05 p16q_e2=1.1420249939e-04 p16n_e2=1.0395050049e-04 p32q=1.1415119661e-04 p32n=1.1415114568e-04 p64q=1.1415119799e-04 p64n=1.1415119799e-04 alpha_d=1.1878339955e+00 alpha_p32q=1.1878340098e+00 alpha_p32n=1.1878345397e+00 rz32q=1.3559267245e-04 rz32n=1.3559269428e-04 alpha_full_q=1.1878339998e+00 alpha_full_n=1.1878347210e+00
  residual=1.834e+02
iter=46 pAp_d=1.0021483092e-04 p8q=3.2000000000e+01 p8n=8.0000000000e+00 p8q_e2=2.4414062500e-04 p8n_e2=3.0517578125e-05 p16q=1.0204315186e-04 p16n=6.7710876465e-05 p16q_e2=1.0013580322e-04 p16n_e2=9.0360641479e-05 p32q=1.0021483104e-04 p32n=1.0021484195e-04 p64q=1.0021483092e-04 p64n=1.0021483092e-04 alpha_d=1.1982475775e+00 alpha_p32q=1.1982475761e+00 alpha_p32n=1.1982474456e+00 rz32q=1.2008217891e-04 rz32n=1.2008219346e-04 alpha_full_q=1.1982475814e+00 alpha_full_n=1.1982475961e+00
  residual=1.821e+02
iter=47 pAp_d=1.0667754917e-04 p8q=3.2000000000e+01 p8n=8.0000000000e+00 p8q_e2=2.4414062500e-04 p8n_e2=1.5258789062e-05 p16q=1.1062622070e-04 p16n=8.7738037109e-05 p16q_e2=1.0657310486e-04 p16n_e2=9.8943710327e-05 p32q=1.0667754759e-04 p32n=1.0667748575e-04 p64q=1.0667754917e-04 p64n=1.0667754917e-04 alpha_d=1.1690622575e+00 alpha_p32q=1.1690622748e+00 alpha_p32n=1.1690629526e+00 rz32q=1.2471269292e-04 rz32n=1.2471276568e-04 alpha_full_q=1.1690622417e+00 alpha_full_n=1.1690636015e+00
  residual=2.007e+02
iter=48 pAp_d=9.8218604233e-05 p8q=3.2000000000e+01 p8n=8.0000000000e+00 p8q_e2=2.4414062500e-04 p8n_e2=-1.5258789062e-05 p16q=9.9182128906e-05 p16n=6.9618225098e-05 p16q_e2=9.8228454590e-05 p16n_e2=9.3936920166e-05 p32q=9.8218606581e-05 p32n=9.8218588391e-05 p64q=9.8218604233e-05 p64n=9.8218604233e-05 alpha_d=1.2137731287e+00 alpha_p32q=1.2137730996e+00 alpha_p32n=1.2137733244e+00 rz32q=1.1921510304e-04 rz32n=1.1921510668e-04 alpha_full_q=1.2137731046e+00 alpha_full_n=1.2137733664e+00
  residual=1.748e+02
iter=49 pAp_d=7.3549469419e-05 p8q=3.2000000000e+01 p8n=8.0000000000e+00 p8q_e2=2.4414062500e-04 p8n_e2=1.5258789062e-05 p16q=7.5340270996e-05 p16n=5.7220458984e-05 p16q_e2=7.3432922363e-05 p16n_e2=7.0095062256e-05 p32q=7.3549468652e-05 p32n=7.3549483204e-05 p64q=7.3549469419e-05 p64n=7.3549469419e-05 alpha_d=1.3287528574e+00 alpha_p32q=1.3287528713e+00 alpha_p32n=1.3287526084e+00 rz32q=9.7729065601e-05 rz32n=9.7729018307e-05 alpha_full_q=1.3287528434e+00 alpha_full_n=1.3287519375e+00
  residual=1.762e+02
iter=50 pAp_d=5.9114247321e-05 p8q=3.2000000000e+01 p8n=4.0000000000e+00 p8q_e2=2.4414062500e-04 p8n_e2=1.5258789062e-05 p16q=6.1988830566e-05 p16n=4.0054321289e-05 p16q_e2=5.9127807617e-05 p16n_e2=5.5551528931e-05 p32q=5.9114247051e-05 p32n=5.9114239775e-05 p64q=5.9114247321e-05 p64n=5.9114247321e-05 alpha_d=1.3989588303e+00 alpha_p32q=1.3989588367e+00 alpha_p32n=1.3989590089e+00 rz32q=8.2698399638e-05 rz32n=8.2698385086e-05 alpha_full_q=1.3989588595e+00 alpha_full_n=1.3989587856e+00
  residual=1.651e+02
iter=51 pAp_d=6.0791162637e-05 p8q=3.2000000000e+01 p8n=8.0000000000e+00 p8q_e2=2.4414062500e-04 p8n_e2=1.5258789062e-05 p16q=6.1988830566e-05 p16n=3.7193298340e-05 p16q_e2=6.0796737671e-05 p16n_e2=5.6624412537e-05 p32q=6.0791162468e-05 p32n=6.0791171563e-05 p64q=6.0791162637e-05 p64n=6.0791162637e-05 alpha_d=1.3966440591e+00 alpha_p32q=1.3966440630e+00 alpha_p32n=1.3966438540e+00 rz32q=8.4903615061e-05 rz32n=8.4903600509e-05 alpha_full_q=1.3966440452e+00 alpha_full_n=1.3966435969e+00
  residual=1.913e+02
iter=52 pAp_d=5.8289554960e-05 p8q=3.2000000000e+01 p8n=4.0000000000e+00 p8q_e2=2.4414062500e-04 p8n_e2=1.5258789062e-05 p16q=6.1035156250e-05 p16n=4.0054321289e-05 p16q_e2=5.8293342590e-05 p16n_e2=5.4121017456e-05 p32q=5.8289555454e-05 p32n=5.8289548178e-05 p64q=5.8289554960e-05 p64n=5.8289554960e-05 alpha_d=1.5752376639e+00 alpha_p32q=1.5752376505e+00 alpha_p32n=1.5752378472e+00 rz32q=9.1819903901e-05 rz32n=9.1819885711e-05 alpha_full_q=1.5752376765e+00 alpha_full_n=1.5752375611e+00
  residual=1.850e+02
iter=53 pAp_d=9.2451031548e-05 p8q=3.2000000000e+01 p8n=8.0000000000e+00 p8q_e2=2.4414062500e-04 p8n_e2=1.5258789062e-05 p16q=9.5367431641e-05 p16n=6.5803527832e-05 p16q_e2=9.2506408691e-05 p16n_e2=8.7261199951e-05 p32q=9.2451031378e-05 p32n=9.2451002274e-05 p64q=9.2451031548e-05 p64n=9.2451031548e-05 alpha_d=1.1990465998e+00 alpha_p32q=1.1990466020e+00 alpha_p32n=1.1990469795e+00 rz32q=1.1085309598e-04 rz32n=1.1085309961e-04 alpha_full_q=1.1990466123e+00 alpha_full_n=1.1990470291e+00
  residual=1.771e+02
iter=54 pAp_d=6.2446634908e-05 p8q=3.2000000000e+01 p8n=8.0000000000e+00 p8q_e2=2.4414062500e-04 p8n_e2=1.5258789062e-05 p16q=6.5803527832e-05 p16n=4.2915344238e-05 p16q_e2=6.2465667725e-05 p16n_e2=5.8293342590e-05 p32q=6.2446633819e-05 p32n=6.2446604716e-05 p64q=6.2446634908e-05 p64n=6.2446634908e-05 alpha_d=1.5904881927e+00 alpha_p32q=1.5904882204e+00 alpha_p32n=1.5904889617e+00 rz32q=9.9320634035e-05 rz32n=9.9320674053e-05 alpha_full_q=1.5904881970e+00 alpha_full_n=1.5904895791e+00
  residual=2.282e+02
iter=55 pAp_d=9.4868818471e-05 p8q=3.2000000000e+01 p8n=7.5000000000e+00 p8q_e2=2.4414062500e-04 p8n_e2=1.5258789062e-05 p16q=9.8228454590e-05 p16n=9.0599060059e-05 p16q_e2=9.4890594482e-05 p16n_e2=9.0599060059e-05 p32q=9.4868817541e-05 p32n=9.4868810265e-05 p64q=9.4868818471e-05 p64n=9.4868818471e-05 alpha_d=1.4777553454e+00 alpha_p32q=1.4777553599e+00 alpha_p32n=1.4777554732e+00 rz32q=1.4019290393e-04 rz32n=1.4019287482e-04 alpha_full_q=1.4777553633e+00 alpha_full_n=1.4777551698e+00
  residual=2.557e+02
iter=56 pAp_d=1.2141716438e-04 p8q=6.4000000000e+01 p8n=8.0000000000e+00 p8q_e2=2.4414062500e-04 p8n_e2=9.5367431641e-07 p16q=1.2397766113e-04 p16n=9.3460083008e-05 p16q_e2=1.2135505676e-04 p16n_e2=1.1277198792e-04 p32q=1.2141716434e-04 p32n=1.2141714978e-04 p64q=1.2141716438e-04 p64n=1.2141716438e-04 alpha_d=1.3996697828e+00 alpha_p32q=1.3996697833e+00 alpha_p32n=1.3996699510e+00 rz32q=1.6994393809e-04 rz32n=1.6994389443e-04 alpha_full_q=1.3996697997e+00 alpha_full_n=1.3996696079e+00
  residual=2.515e+02
iter=57 pAp_d=1.2594373931e-04 p8q=6.4000000000e+01 p8n=8.0000000000e+00 p8q_e2=2.4414062500e-04 p8n_e2=1.5258789062e-05 p16q=1.2779235840e-04 p16n=9.1552734375e-05 p16q_e2=1.2588500977e-04 p16n_e2=1.1658668518e-04 p32q=1.2594374130e-04 p32n=1.2594371947e-04 p64q=1.2594373931e-04 p64n=1.2594373931e-04 alpha_d=1.2622299512e+00 alpha_p32q=1.2622299313e+00 alpha_p32n=1.2622301501e+00 rz32q=1.5896996047e-04 rz32n=1.5896994591e-04 alpha_full_q=1.2622299356e+00 alpha_full_n=1.2622300388e+00
  residual=2.042e+02
iter=58 pAp_d=1.2052799555e-04 p8q=6.4000000000e+01 p8n=7.5000000000e+00 p8q_e2=2.4414062500e-04 p8n_e2=3.0517578125e-05 p16q=1.2397766113e-04 p16n=8.5830688477e-05 p16q_e2=1.2063980103e-04 p16n_e2=1.0967254639e-04 p32q=1.2052799866e-04 p32n=1.2052803140e-04 p64q=1.2052799555e-04 p64n=1.2052799555e-04 alpha_d=1.1075946440e+00 alpha_p32q=1.1075946154e+00 alpha_p32n=1.1075943146e+00 rz32q=1.3349616347e-04 rz32n=1.3349613437e-04 alpha_full_q=1.1075946249e+00 alpha_full_n=1.1075940826e+00
  residual=1.831e+02
iter=59 pAp_d=8.9030336657e-05 p8q=3.2000000000e+01 p8n=8.0000000000e+00 p8q_e2=2.4414062500e-04 p8n_e2=1.5258789062e-05 p16q=9.2506408691e-05 p16n=7.8201293945e-05 p16q_e2=8.8930130005e-05 p16n_e2=8.1300735474e-05 p32q=8.9030338131e-05 p32n=8.9030356321e-05 p64q=8.9030336657e-05 p64n=8.9030336657e-05 alpha_d=1.2824612339e+00 alpha_p32q=1.2824612126e+00 alpha_p32n=1.2824609506e+00 rz32q=1.1417795758e-04 rz32n=1.1417796122e-04 alpha_full_q=1.2824612372e+00 alpha_full_n=1.2824610160e+00
  residual=1.816e+02
iter=60 pAp_d=8.7951984893e-05 p8q=3.2000000000e+01 p8n=8.0000000000e+00 p8q_e2=2.4414062500e-04 p8n_e2=1.5258789062e-05 p16q=8.9645385742e-05 p16n=6.5803527832e-05 p16q_e2=8.7738037109e-05 p16n_e2=8.3923339844e-05 p32q=8.7951983005e-05 p32n=8.7951942987e-05 p64q=8.7951984893e-05 p64n=8.7951984893e-05 alpha_d=1.2359799933e+00 alpha_p32q=1.2359800199e+00 alpha_p32n=1.2359805822e+00 rz32q=1.0870689584e-04 rz32n=1.0870691767e-04 alpha_full_q=1.2359800442e+00 alpha_full_n=1.2359808548e+00
  residual=1.789e+02
iter=61 pAp_d=7.5232046103e-05 p8q=3.2000000000e+01 p8n=8.0000000000e+00 p8q_e2=2.4414062500e-04 p8n_e2=1.5258789062e-05 p16q=7.7247619629e-05 p16n=6.5803527832e-05 p16q_e2=7.5101852417e-05 p16n_e2=6.9618225098e-05 p32q=7.5232044765e-05 p32n=7.5232070230e-05 p64q=7.5232046103e-05 p64n=7.5232046103e-05 alpha_d=1.2307352416e+00 alpha_p32q=1.2307352635e+00 alpha_p32n=1.2307348469e+00 rz32q=9.2590729764e-05 rz32n=9.2590798886e-05 alpha_full_q=1.2307352546e+00 alpha_full_n=1.2307357567e+00
  residual=1.592e+02
iter=62 pAp_d=5.8495282659e-05 p8q=3.2000000000e+01 p8n=6.5000000000e+00 p8q_e2=2.4414062500e-04 p8n_e2=1.5258789062e-05 p16q=6.1988830566e-05 p16n=4.0054321289e-05 p16q_e2=5.8412551880e-05 p16n_e2=5.3882598877e-05 p32q=5.8495283156e-05 p32n=5.8495295889e-05 p64q=5.8495282659e-05 p64n=5.8495282659e-05 alpha_d=1.2423577903e+00 alpha_p32q=1.2423577797e+00 alpha_p32n=1.2423575093e+00 rz32q=7.2672071838e-05 rz32n=7.2672086390e-05 alpha_full_q=1.2423578093e+00 alpha_full_n=1.2423577877e+00
  residual=1.441e+02
iter=63 pAp_d=4.7761708545e-05 p8q=3.2000000000e+01 p8n=6.0000000000e+00 p8q_e2=1.2207031250e-04 p8n_e2=3.8146972656e-06 p16q=5.0544738770e-05 p16n=3.6239624023e-05 p16q_e2=4.7802925110e-05 p16n_e2=4.4226646423e-05 p32q=4.7761708629e-05 p32n=4.7761714086e-05 p64q=4.7761708545e-05 p64n=4.7761708545e-05 alpha_d=1.2895685893e+00 alpha_p32q=1.2895685870e+00 alpha_p32n=1.2895684397e+00 rz32q=6.1591999838e-05 rz32n=6.1591978010e-05 alpha_full_q=1.2895686023e+00 alpha_full_n=1.2895679979e+00
  residual=1.231e+02
iter=64 pAp_d=3.5224833929e-05 p8q=3.2000000000e+01 p8n=6.0000000000e+00 p8q_e2=1.2207031250e-04 p8n_e2=9.5367431641e-07 p16q=3.7193298340e-05 p16n=2.0980834961e-05 p16q_e2=3.5285949707e-05 p16n_e2=3.2424926758e-05 p32q=3.5224835301e-05 p32n=3.5224820749e-05 p64q=3.5224833929e-05 p64n=3.5224833929e-05 alpha_d=1.4035673625e+00 alpha_p32q=1.4035673078e+00 alpha_p32n=1.4035678877e+00 rz32q=4.9440426665e-05 rz32n=4.9440410294e-05 alpha_full_q=1.4035672911e+00 alpha_full_n=1.4035674062e+00
  residual=1.402e+02
iter=65 pAp_d=3.5949598044e-05 p8q=3.2000000000e+01 p8n=5.0000000000e+00 p8q_e2=1.2207031250e-04 p8n_e2=3.8146972656e-06 p16q=3.7193298340e-05 p16n=2.3841857910e-05 p16q_e2=3.5881996155e-05 p16n_e2=3.2424926758e-05 p32q=3.5949597077e-05 p32n=3.5949597077e-05 p64q=3.5949598044e-05 p64n=3.5949598044e-05 alpha_d=1.3766592877e+00 alpha_p32q=1.3766593247e+00 alpha_p32n=1.3766593247e+00 rz32q=4.9490347010e-05 rz32n=4.9490348829e-05 alpha_full_q=1.3766592962e+00 alpha_full_n=1.3766593468e+00
  residual=1.287e+02
iter=66 pAp_d=3.4985599234e-05 p8q=3.2000000000e+01 p8n=6.5000000000e+00 p8q_e2=1.2207031250e-04 p8n_e2=9.5367431641e-07 p16q=3.6239624023e-05 p16n=2.4795532227e-05 p16q_e2=3.4928321838e-05 p16n_e2=3.3378601074e-05 p32q=3.4985599996e-05 p32n=3.4985585444e-05 p64q=3.4985599234e-05 p64n=3.4985599234e-05 alpha_d=1.3556393684e+00 alpha_p32q=1.3556393388e+00 alpha_p32n=1.3556399027e+00 rz32q=4.7427854952e-05 rz32n=4.7427847676e-05 alpha_full_q=1.3556393190e+00 alpha_full_n=1.3556396749e+00
  residual=1.210e+02
iter=67 pAp_d=2.9056389076e-05 p8q=2.4000000000e+01 p8n=4.0000000000e+00 p8q_e2=1.2207031250e-04 p8n_e2=3.8146972656e-06 p16q=3.0040740967e-05 p16n=2.0027160645e-05 p16q_e2=2.9087066650e-05 p16n_e2=2.7298927307e-05 p32q=2.9056388485e-05 p32n=2.9056380299e-05 p64q=2.9056389076e-05 p64n=2.9056389076e-05 alpha_d=1.4092885555e+00 alpha_p32q=1.4092885842e+00 alpha_p32n=1.4092889812e+00 rz32q=4.0948836613e-05 rz32n=4.0948834794e-05 alpha_full_q=1.4092885850e+00 alpha_full_n=1.4092889194e+00
  residual=1.073e+02
iter=68 pAp_d=3.3972265415e-05 p8q=2.4000000000e+01 p8n=5.0000000000e+00 p8q_e2=1.2207031250e-04 p8n_e2=9.5367431641e-07 p16q=3.5285949707e-05 p16n=2.6702880859e-05 p16q_e2=3.3974647522e-05 p16n_e2=3.2067298889e-05 p32q=3.3972266465e-05 p32n=3.3972266465e-05 p64q=3.3972265415e-05 p64n=3.3972265415e-05 alpha_d=1.2780192473e+00 alpha_p32q=1.2780192078e+00 alpha_p32n=1.2780192078e+00 rz32q=4.3417208872e-05 rz32n=4.3417205234e-05 alpha_full_q=1.2780192018e+00 alpha_full_n=1.2780190947e+00
  residual=1.182e+02
iter=69 pAp_d=2.4514904806e-05 p8q=2.4000000000e+01 p8n=4.0000000000e+00 p8q_e2=1.2207031250e-04 p8n_e2=9.5367431641e-07 p16q=2.6226043701e-05 p16n=1.8119812012e-05 p16q_e2=2.4497509003e-05 p16n_e2=2.1636486053e-05 p32q=2.4514904908e-05 p32n=2.4514891265e-05 p64q=2.4514904806e-05 p64n=2.4514904806e-05 alpha_d=1.4873855551e+00 alpha_p32q=1.4873855489e+00 alpha_p32n=1.4873863766e+00 rz32q=3.6463115975e-05 rz32n=3.6463101424e-05 alpha_full_q=1.4873855768e+00 alpha_full_n=1.4873858109e+00
  residual=1.097e+02
iter=70 pAp_d=2.7449542782e-05 p8q=2.4000000000e+01 p8n=4.0000000000e+00 p8q_e2=1.2207031250e-04 p8n_e2=9.5367431641e-07 p16q=2.8610229492e-05 p16n=1.8119812012e-05 p16q_e2=2.7418136597e-05 p16n_e2=2.4735927582e-05 p32q=2.7449542358e-05 p32n=2.7449555091e-05 p64q=2.7449542782e-05 p64n=2.7449542782e-05 alpha_d=1.3465604110e+00 alpha_p32q=1.3465604318e+00 alpha_p32n=1.3465598072e+00 rz32q=3.6962466766e-05 rz32n=3.6962444938e-05 alpha_full_q=1.3465604010e+00 alpha_full_n=1.3465589812e+00
  residual=1.138e+02
iter=71 pAp_d=2.7395785538e-05 p8q=3.2000000000e+01 p8n=6.0000000000e+00 p8q_e2=1.2207031250e-04 p8n_e2=3.8146972656e-06 p16q=2.8610229492e-05 p16n=1.9550323486e-05 p16q_e2=2.7358531952e-05 p16n_e2=2.3961067200e-05 p32q=2.7395785764e-05 p32n=2.7395789402e-05 p64q=2.7395785538e-05 p64n=2.7395785538e-05 alpha_d=1.2996735937e+00 alpha_p32q=1.2996735830e+00 alpha_p32n=1.2996734104e+00 rz32q=3.5605578887e-05 rz32n=3.5605557059e-05 alpha_full_q=1.2996735773e+00 alpha_full_n=1.2996726079e+00
  residual=1.053e+02
iter=72 pAp_d=2.4533754294e-05 p8q=2.4000000000e+01 p8n=4.0000000000e+00 p8q_e2=1.2207031250e-04 p8n_e2=3.8146972656e-06 p16q=2.6226043701e-05 p16n=1.3351440430e-05 p16q_e2=2.4557113647e-05 p16n_e2=2.1398067474e-05 p32q=2.4533754186e-05 p32n=2.4533750548e-05 p64q=2.4533754294e-05 p64n=2.4533754294e-05 alpha_d=1.2867672490e+00 alpha_p32q=1.2867672546e+00 alpha_p32n=1.2867674454e+00 rz32q=3.1569232306e-05 rz32n=3.1569225030e-05 alpha_full_q=1.2867672867e+00 alpha_full_n=1.2867671809e+00
  residual=9.912e+01
iter=73 pAp_d=2.4885995225e-05 p8q=2.4000000000e+01 p8n=4.0000000000e+00 p8q_e2=1.2207031250e-04 p8n_e2=9.5367431641e-07 p16q=2.6702880859e-05 p16n=1.3828277588e-05 p16q_e2=2.4855136871e-05 p16n_e2=2.1994113922e-05 p32q=2.4885995117e-05 p32n=2.4886004212e-05 p64q=2.4885995225e-05 p64n=2.4885995225e-05 alpha_d=1.1880673742e+00 alpha_p32q=1.1880673793e+00 alpha_p32n=1.1880669451e+00 rz32q=2.9566239391e-05 rz32n=2.9566234844e-05 alpha_full_q=1.1880673950e+00 alpha_full_n=1.1880667781e+00
  residual=9.331e+01
iter=74 pAp_d=1.8291126505e-05 p8q=2.4000000000e+01 p8n=4.0000000000e+00 p8q_e2=1.2207031250e-04 p8n_e2=9.5367431641e-07 p16q=1.9550323486e-05 p16n=8.1062316895e-06 p16q_e2=1.8298625946e-05 p16n_e2=1.5497207642e-05 p32q=1.8291126253e-05 p32n=1.8291116248e-05 p64q=1.8291126505e-05 p64n=1.8291126505e-05 alpha_d=1.1820417485e+00 alpha_p32q=1.1820417649e+00 alpha_p32n=1.1820424114e+00 rz32q=2.1620875486e-05 rz32n=2.1620870939e-05 alpha_full_q=1.1820417829e+00 alpha_full_n=1.1820421808e+00
  residual=8.310e+01
iter=75 pAp_d=1.2215678522e-05 p8q=2.4000000000e+01 p8n=4.0000000000e+00 p8q_e2=1.2207031250e-04 p8n_e2=9.5367431641e-07 p16q=1.3828277588e-05 p16n=6.6757202148e-06 p16q_e2=1.2218952179e-05 p16n_e2=1.0192394257e-05 p32q=1.2215678908e-05 p32n=1.2215684364e-05 p64q=1.2215678522e-05 p64n=1.2215678522e-05 alpha_d=1.4075179420e+00 alpha_p32q=1.4075178976e+00 alpha_p32n=1.4075172688e+00 rz32q=1.7193787244e-05 rz32n=1.7193780877e-05 alpha_full_q=1.4075179426e+00 alpha_full_n=1.4075167927e+00
  residual=7.871e+01
iter=76 pAp_d=1.3061721359e-05 p8q=2.4000000000e+01 p8n=4.0000000000e+00 p8q_e2=1.2207031250e-04 p8n_e2=9.5367431641e-07 p16q=1.4781951904e-05 p16n=5.2452087402e-06 p16q_e2=1.3053417206e-05 p16n_e2=1.1265277863e-05 p32q=1.3061720892e-05 p32n=1.3061736354e-05 p64q=1.3061721359e-05 p64n=1.3061721359e-05 alpha_d=1.2301493859e+00 alpha_p32q=1.2301494298e+00 alpha_p32n=1.2301479737e+00 rz32q=1.6067868273e-05 rz32n=1.6067866454e-05 alpha_full_q=1.2301494118e+00 alpha_full_n=1.2301478164e+00
  residual=7.340e+01
iter=77 pAp_d=1.1927447356e-05 p8q=1.6000000000e+01 p8n=4.0000000000e+00 p8q_e2=6.1035156250e-05 p8n_e2=3.8146972656e-06 p16q=1.3351440430e-05 p16n=4.7683715820e-06 p16q_e2=1.1920928955e-05 p16n_e2=9.5963478088e-06 p32q=1.1927447304e-05 p32n=1.1927444575e-05 p64q=1.1927447356e-05 p64n=1.1927447356e-05 alpha_d=1.2018548745e+00 alpha_p32q=1.2018548798e+00 alpha_p32n=1.2018551547e+00 rz32q=1.4335060769e-05 rz32n=1.4335058950e-05 alpha_full_q=1.2018548817e+00 alpha_full_n=1.2018550042e+00
  residual=7.216e+01
iter=78 pAp_d=1.0542267607e-05 p8q=1.6000000000e+01 p8n=4.0000000000e+00 p8q_e2=6.1035156250e-05 p8n_e2=3.8146972656e-06 p16q=1.1920928955e-05 p16n=3.8146972656e-06 p16q_e2=1.0550022125e-05 p16n_e2=9.3579292297e-06 p32q=1.0542267773e-05 p32n=1.0542265045e-05 p64q=1.0542267607e-05 p64n=1.0542267607e-05 alpha_d=1.1063992894e+00 alpha_p32q=1.1063992720e+00 alpha_p32n=1.1063995583e+00 rz32q=1.1663957594e-05 rz32n=1.1663948499e-05 alpha_full_q=1.1063992913e+00 alpha_full_n=1.1063987150e+00
  residual=5.045e+01
iter=79 pAp_d=7.9905243606e-06 p8q=1.6000000000e+01 p8n=4.0000000000e+00 p8q_e2=6.1035156250e-05 p8n_e2=9.5367431641e-07 p16q=9.5367431641e-06 p16n=3.3378601074e-06 p16q_e2=7.9870223999e-06 p16n_e2=6.8545341492e-06 p32q=7.9905248640e-06 p32n=7.9905184975e-06 p64q=7.9905243606e-06 p64n=7.9905243606e-06 alpha_d=1.0319536276e+00 alpha_p32q=1.0319535626e+00 alpha_p32n=1.0319543848e+00 rz32q=8.2458509496e-06 rz32n=8.2458491306e-06 alpha_full_q=1.0319536063e+00 alpha_full_n=1.0319542009e+00
  residual=4.522e+01
iter=80 pAp_d=5.3299866307e-06 p8q=1.2000000000e+01 p8n=3.2500000000e+00 p8q_e2=3.0517578125e-05 p8n_e2=9.5367431641e-07 p16q=6.6757202148e-06 p16n=1.9073486328e-06 p16q_e2=5.3346157074e-06 p16n_e2=4.5597553253e-06 p32q=5.3299868341e-06 p32n=5.3299768297e-06 p64q=5.3299866307e-06 p64n=5.3299866307e-06 alpha_d=1.1165528582e+00 alpha_p32q=1.1165528156e+00 alpha_p32n=1.1165549114e+00 rz32q=5.9512117332e-06 rz32n=5.9512108237e-06 alpha_full_q=1.1165528018e+00 alpha_full_n=1.1165547269e+00
  residual=4.138e+01
iter=81 pAp_d=5.0255317576e-06 p8q=1.2000000000e+01 p8n=4.0000000000e+00 p8q_e2=3.0517578125e-05 p8n_e2=9.5367431641e-07 p16q=6.4373016357e-06 p16n=1.9073486328e-06 p16q_e2=5.0365924835e-06 p16n_e2=4.0829181671e-06 p32q=5.0255316637e-06 p32n=5.0255343922e-06 p64q=5.0255317576e-06 p64n=5.0255317576e-06 alpha_d=1.0393062948e+00 alpha_p32q=1.0393063142e+00 alpha_p32n=1.0393057499e+00 rz32q=5.2230666370e-06 rz32n=5.2230670917e-06 alpha_full_q=1.0393062837e+00 alpha_full_n=1.0393058099e+00
  residual=3.930e+01
iter=82 pAp_d=4.5035352263e-06 p8q=1.2000000000e+01 p8n=2.5000000000e+00 p8q_e2=3.0517578125e-05 p8n_e2=9.5367431641e-07 p16q=5.9604644775e-06 p16n=1.6689300537e-06 p16q_e2=4.5001506805e-06 p16n_e2=3.8743019104e-06 p32q=4.5035353651e-06 p32n=4.5035385483e-06 p64q=4.5035352263e-06 p64n=4.5035352263e-06 alpha_d=1.0398671303e+00 alpha_p32q=1.0398670983e+00 alpha_p32n=1.0398663632e+00 rz32q=4.6830782594e-06 rz32n=4.6830768952e-06 alpha_full_q=1.0398670999e+00 alpha_full_n=1.0398660620e+00
  residual=3.614e+01
iter=83 pAp_d=3.6169666601e-06 p8q=1.0000000000e+01 p8n=3.7500000000e+00 p8q_e2=3.0517578125e-05 p8n_e2=9.5367431641e-07 p16q=5.0067901611e-06 p16n=1.0728836060e-06 p16q_e2=3.6209821701e-06 p16n_e2=3.0845403671e-06 p32q=3.6169667510e-06 p32n=3.6169701616e-06 p64q=3.6169666601e-06 p64n=3.6169666601e-06 alpha_d=1.1494664797e+00 alpha_p32q=1.1494664508e+00 alpha_p32n=1.1494653670e+00 rz32q=4.1575817704e-06 rz32n=4.1575872274e-06 alpha_full_q=1.1494664056e+00 alpha_full_n=1.1494668304e+00
  residual=3.552e+01
iter=84 pAp_d=2.8060699195e-06 p8q=1.0000000000e+01 p8n=2.7500000000e+00 p8q_e2=3.0517578125e-05 p8n_e2=9.5367431641e-07 p16q=4.2915344238e-06 p16n=4.7683715820e-07 p16q_e2=2.8014183044e-06 p16n_e2=2.3394823074e-06 p32q=2.8060699151e-06 p32n=2.8060724162e-06 p64q=2.8060699195e-06 p64n=2.8060699195e-06 alpha_d=1.2449450031e+00 alpha_p32q=1.2449450051e+00 alpha_p32n=1.2449438954e+00 rz32q=3.4934028008e-06 rz32n=3.4934034829e-06 alpha_full_q=1.2449450322e+00 alpha_full_n=1.2449441656e+00
  residual=3.676e+01
iter=85 pAp_d=2.3573988394e-06 p8q=8.0000000000e+00 p8n=2.7500000000e+00 p8q_e2=3.0517578125e-05 p8n_e2=9.5367431641e-07 p16q=3.5762786865e-06 p16n=2.3841857910e-07 p16q_e2=2.3543834686e-06 p16n_e2=1.9371509552e-06 p32q=2.3573988983e-06 p32n=2.3573959425e-06 p64q=2.3573988394e-06 p64n=2.3573988394e-06 alpha_d=1.3209297303e+00 alpha_p32q=1.3209296973e+00 alpha_p32n=1.3209313536e+00 rz32q=3.1139582006e-06 rz32n=3.1139611565e-06 alpha_full_q=1.3209296920e+00 alpha_full_n=1.3209326021e+00
  residual=3.031e+01
iter=86 pAp_d=1.8029172691e-06 p8q=7.0000000000e+00 p8n=2.0000000000e+00 p8q_e2=3.0517578125e-05 p8n_e2=9.5367431641e-07 p16q=2.8610229492e-06 p16n=5.9604644775e-08 p16q_e2=1.8030405045e-06 p16n_e2=1.4752149582e-06 p32q=1.8029172679e-06 p32n=1.8029166995e-06 p64q=1.8029172691e-06 p64n=1.8029172691e-06 alpha_d=1.4169612377e+00 alpha_p32q=1.4169612387e+00 alpha_p32n=1.4169616854e+00 rz32q=2.5546639790e-06 rz32n=2.5546632969e-06 alpha_full_q=1.4169612907e+00 alpha_full_n=1.4169613591e+00
  residual=3.079e+01
iter=87 pAp_d=1.5764355619e-06 p8q=7.5000000000e+00 p8n=2.2500000000e+00 p8q_e2=3.0517578125e-05 p8n_e2=9.5367431641e-07 p16q=2.8610229492e-06 p16n=1.1920928955e-07 p16q_e2=1.5720725060e-06 p16n_e2=1.1771917343e-06 p32q=1.5764355794e-06 p32n=1.5764343289e-06 p64q=1.5764355619e-06 p64n=1.5764355619e-06 alpha_d=1.4853454127e+00 alpha_p32q=1.4853453962e+00 alpha_p32n=1.4853465745e+00 rz32q=2.3415514079e-06 rz32n=2.3415514079e-06 alpha_full_q=1.4853454454e+00 alpha_full_n=1.4853466237e+00
  residual=3.215e+01
iter=88 pAp_d=1.6913927078e-06 p8q=7.0000000000e+00 p8n=2.7500000000e+00 p8q_e2=3.0517578125e-05 p8n_e2=9.5367431641e-07 p16q=2.8610229492e-06 p16n=2.3841857910e-07 p16q_e2=1.6912817955e-06 p16n_e2=1.3858079910e-06 p32q=1.6913927539e-06 p32n=1.6913925265e-06 p64q=1.6913927078e-06 p64n=1.6913927078e-06 alpha_d=1.3356841368e+00 alpha_p32q=1.3356841005e+00 alpha_p32n=1.3356842800e+00 rz32q=2.2591664219e-06 rz32n=2.2591657398e-06 alpha_full_q=1.3356841081e+00 alpha_full_n=1.3356838844e+00
  residual=3.171e+01
iter=89 pAp_d=1.5330164893e-06 p8q=6.5000000000e+00 p8n=2.5000000000e+00 p8q_e2=3.0517578125e-05 p8n_e2=9.5367431641e-07 p16q=2.6226043701e-06 p16n=1.1920928955e-07 p16q_e2=1.5348196030e-06 p16n_e2=1.2218952179e-06 p32q=1.5330165297e-06 p32n=1.5330143697e-06 p64q=1.5330164893e-06 p64n=1.5330164893e-06 alpha_d=1.2313834739e+00 alpha_p32q=1.2313834415e+00 alpha_p32n=1.2313851765e+00 rz32q=1.8877311732e-06 rz32n=1.8877290131e-06 alpha_full_q=1.2313834434e+00 alpha_full_n=1.2313837694e+00
  residual=2.444e+01
iter=90 pAp_d=1.1503071406e-06 p8q=6.5000000000e+00 p8n=2.0000000000e+00 p8q_e2=3.0517578125e-05 p8n_e2=9.5367431641e-07 p16q=2.1457672119e-06 p16n=8.9406967163e-08 p16q_e2=1.1473894119e-06 p16n_e2=8.1211328506e-07 p32q=1.1503071846e-06 p32n=1.1503087762e-06 p64q=1.1503071406e-06 p64n=1.1503071406e-06 alpha_d=1.2021202504e+00 alpha_p32q=1.2021202044e+00 alpha_p32n=1.2021185411e+00 rz32q=1.3828074543e-06 rz32n=1.3828076817e-06 alpha_full_q=1.2021201578e+00 alpha_full_n=1.2021186922e+00
  residual=1.966e+01
iter=91 pAp_d=8.1078359615e-07 p8q=5.0000000000e+00 p8n=2.0000000000e+00 p8q_e2=1.5258789062e-05 p8n_e2=9.5367431641e-07 p16q=1.6689300537e-06 p16n=8.9406967163e-08 p16q_e2=8.1211328506e-07 p16n_e2=5.8859586716e-07 p32q=8.1078360381e-07 p32n=8.1078246694e-07 p64q=8.1078359615e-07 p64n=8.1078359615e-07 alpha_d=1.2270207064e+00 alpha_p32q=1.2270206948e+00 alpha_p32n=1.2270224153e+00 rz32q=9.9484827842e-07 rz32n=9.9484805105e-07 alpha_full_q=1.2270207164e+00 alpha_full_n=1.2270221565e+00
  residual=1.803e+01
iter=92 pAp_d=7.0097340170e-07 p8q=5.0000000000e+00 p8n=2.0000000000e+00 p8q_e2=1.5258789062e-05 p8n_e2=9.5367431641e-07 p16q=1.5497207642e-06 p16n=5.9604644775e-08 p16q_e2=7.0035457611e-07 p16n_e2=5.2154064178e-07 p32q=7.0097337357e-07 p32n=7.0097587468e-07 p64q=7.0097340170e-07 p64n=7.0097340170e-07 alpha_d=1.1911423293e+00 alpha_p32q=1.1911423772e+00 alpha_p32n=1.1911381271e+00 rz32q=8.3495910985e-07 rz32n=8.3495956460e-07 alpha_full_q=1.1911424047e+00 alpha_full_n=1.1911388034e+00
  residual=1.825e+01
iter=93 pAp_d=5.5752265969e-07 p8q=3.8750000000e+00 p8n=1.9375000000e+00 p8q_e2=1.5258789062e-05 p8n_e2=5.9604644775e-08 p16q=1.3113021851e-06 p16n=1.1920928955e-07 p16q_e2=5.5879354477e-07 p16n_e2=4.1723251343e-07 p32q=5.5752263961e-07 p32n=5.5752366279e-07 p64q=5.5752265969e-07 p64n=5.5752265969e-07 alpha_d=1.1559323270e+00 alpha_p32q=1.1559323686e+00 alpha_p32n=1.1559302472e+00 rz32q=6.4445850967e-07 rz32n=6.4445919179e-07 alpha_full_q=1.1559324481e+00 alpha_full_n=1.1559315502e+00
  residual=1.303e+01
iter=94 pAp_d=6.9737131461e-07 p8q=4.0000000000e+00 p8n=2.0000000000e+00 p8q_e2=1.5258789062e-05 p8n_e2=9.5367431641e-07 p16q=1.4305114746e-06 p16n=2.3841857910e-07 p16q_e2=7.0035457611e-07 p16n_e2=4.9173831940e-07 p32q=6.9737131980e-07 p32n=6.9737382091e-07 p64q=6.9737131461e-07 p64n=6.9737131461e-07 alpha_d=8.8268093654e-01 alpha_p32q=8.8268092997e-01 alpha_p32n=8.8267776426e-01 rz32q=6.1555635966e-07 rz32n=6.1555624598e-07 alpha_full_q=8.8268092218e-01 alpha_full_n=8.8267759345e-01
  residual=1.212e+01
iter=95 pAp_d=4.1600287795e-07 p8q=3.3750000000e+00 p8n=1.1875000000e+00 p8q_e2=1.5258789062e-05 p8n_e2=-5.9604644775e-08 p16q=1.0728836060e-06 p16n=1.1920928955e-07 p16q_e2=4.1723251343e-07 p16n_e2=2.9057264328e-07 p32q=4.1600287659e-07 p32n=4.1600333134e-07 p64q=4.1600287795e-07 p64n=4.1600287795e-07 alpha_d=1.1113554955e+00 alpha_p32q=1.1113554991e+00 alpha_p32n=1.1113542843e+00 rz32q=4.6232707973e-07 rz32n=4.6232662498e-07 alpha_full_q=1.1113554875e+00 alpha_full_n=1.1113531795e+00
  residual=1.323e+01
iter=96 pAp_d=3.2673433095e-07 p8q=3.5000000000e+00 p8n=1.5000000000e+00 p8q_e2=1.5258789062e-05 p8n_e2=0.0000000000e+00 p16q=1.0728836060e-06 p16n=5.9604644775e-08 p16q_e2=3.2782554626e-07 p16n_e2=2.3841857910e-07 p32q=3.2673432315e-07 p32n=3.2673523265e-07 p64q=3.2673433095e-07 p64n=3.2673433095e-07 alpha_d=1.1840937862e+00 alpha_p32q=1.1840938145e+00 alpha_p32n=1.1840905184e+00 rz32q=3.8688409632e-07 rz32n=3.8688403947e-07 alpha_full_q=1.1840938307e+00 alpha_full_n=1.1840903607e+00
  residual=1.174e+01
iter=97 pAp_d=2.5056732901e-07 p8q=2.3750000000e+00 p8n=1.1875000000e+00 p8q_e2=1.5258789062e-05 p8n_e2=5.9604644775e-08 p16q=7.1525573730e-07 p16n=2.9802322388e-08 p16q_e2=2.4959445000e-07 p16n_e2=1.8626451492e-07 p32q=2.5056732511e-07 p32n=2.5056704089e-07 p64q=2.5056732901e-07 p64n=2.5056732901e-07 alpha_d=1.2715322962e+00 alpha_p32q=1.2715323160e+00 alpha_p32n=1.2715337583e+00 rz32q=3.1860446370e-07 rz32n=3.1860469107e-07 alpha_full_q=1.2715323658e+00 alpha_full_n=1.2715347156e+00
  residual=1.083e+01
iter=98 pAp_d=2.1883039881e-07 p8q=2.6250000000e+00 p8n=1.1875000000e+00 p8q_e2=1.5258789062e-05 p8n_e2=5.9604644775e-08 p16q=7.1525573730e-07 p16n=1.4901161194e-08 p16q_e2=2.1979212761e-07 p16n_e2=1.5459954739e-07 p32q=2.1883039381e-07 p32n=2.1883053591e-07 p64q=2.1883039881e-07 p64n=2.1883039881e-07 alpha_d=1.3011401789e+00 alpha_p32q=1.3011402086e+00 alpha_p32n=1.3011393637e+00 rz32q=2.8472902613e-07 rz32n=2.8472868507e-07 alpha_full_q=1.3011402172e+00 alpha_full_n=1.3011378137e+00
  residual=1.004e+01
iter=99 pAp_d=1.9572897930e-07 p8q=2.3750000000e+00 p8n=1.0000000000e+00 p8q_e2=1.5258789062e-05 p8n_e2=5.9604644775e-08 p16q=7.1525573730e-07 p16n=1.4901161194e-08 p16q_e2=1.9557774067e-07 p16n_e2=1.5087425709e-07 p32q=1.9572897259e-07 p32n=1.9572871679e-07 p64q=1.9572897930e-07 p64n=1.9572897930e-07 alpha_d=1.2940351413e+00 alpha_p32q=1.2940351857e+00 alpha_p32n=1.2940368769e+00 rz32q=2.5328017728e-07 rz32n=2.5328006359e-07 alpha_full_q=1.2940351851e+00 alpha_full_n=1.2940362955e+00
  residual=1.022e+01
iter=100 pAp_d=1.8176106766e-07 p8q=2.1250000000e+00 p8n=1.1875000000e+00 p8q_e2=1.5258789062e-05 p8n_e2=5.9604644775e-08 p16q=5.9604644775e-07 p16n=5.9604644775e-08 p16q_e2=1.8253922462e-07 p16n_e2=1.4156103134e-07 p32q=1.8176106664e-07 p32n=1.8176123717e-07 p64q=1.8176106766e-07 p64n=1.8176106766e-07 alpha_d=1.3047533484e+00 alpha_p32q=1.3047533557e+00 alpha_p32n=1.3047521316e+00 rz32q=2.3715335828e-07 rz32n=2.3715318775e-07 alpha_full_q=1.3047533373e+00 alpha_full_n=1.3047511749e+00
  residual=9.774e+00
iter=101 pAp_d=1.7438171206e-07 p8q=2.2500000000e+00 p8n=1.0625000000e+00 p8q_e2=1.5258789062e-05 p8n_e2=5.9604644775e-08 p16q=7.1525573730e-07 p16n=1.4901161194e-08 p16q_e2=1.7508864403e-07 p16n_e2=1.2665987015e-07 p32q=1.7438171085e-07 p32n=1.7438173927e-07 p64q=1.7438171206e-07 p64n=1.7438171206e-07 alpha_d=1.2590878530e+00 alpha_p32q=1.2590878618e+00 alpha_p32n=1.2590876565e+00 rz32q=2.1956188334e-07 rz32n=2.1956199703e-07 alpha_full_q=1.2590877924e+00 alpha_full_n=1.2590882391e+00
  residual=8.950e+00
iter=102 pAp_d=1.3823341321e-07 p8q=2.1250000000e+00 p8n=1.0625000000e+00 p8q_e2=1.5258789062e-05 p8n_e2=-5.9604644775e-08 p16q=5.9604644775e-07 p16n=-1.4901161194e-08 p16q_e2=1.3783574104e-07 p16n_e2=9.8720192909e-08 p32q=1.3823341760e-07 p32n=1.3823358813e-07 p64q=1.3823341321e-07 p64n=1.3823341321e-07 alpha_d=1.3216174205e+00 alpha_p32q=1.3216173786e+00 alpha_p32n=1.3216157482e+00 rz32q=1.8269167867e-07 rz32n=1.8269113866e-07 alpha_full_q=1.3216173183e+00 alpha_full_n=1.3216117814e+00
  residual=8.707e+00
iter=103 pAp_d=1.0847622701e-07 p8q=1.9062500000e+00 p8n=9.6875000000e-01 p8q_e2=3.8146972656e-06 p8n_e2=-5.9604644775e-08 p16q=4.7683715820e-07 p16n=1.4901161194e-08 p16q_e2=1.0803341866e-07 p16n_e2=6.5192580223e-08 p32q=1.0847622889e-07 p32n=1.0847642784e-07 p64q=1.0847622701e-07 p64n=1.0847622701e-07 alpha_d=1.4519688120e+00 alpha_p32q=1.4519687868e+00 alpha_p32n=1.4519661238e+00 rz32q=1.5750410398e-07 rz32n=1.5750410398e-07 alpha_full_q=1.4519688377e+00 alpha_full_n=1.4519661747e+00
  residual=8.174e+00
iter=104 pAp_d=1.2590226987e-07 p8q=1.8437500000e+00 p8n=9.6875000000e-01 p8q_e2=3.8146972656e-06 p8n_e2=0.0000000000e+00 p16q=4.7683715820e-07 p16n=1.4901161194e-08 p16q_e2=1.2665987015e-07 p16n_e2=8.0093741417e-08 p32q=1.2590226106e-07 p32n=1.2590246001e-07 p64q=1.2590226987e-07 p64n=1.2590226987e-07 alpha_d=1.1969606463e+00 alpha_p32q=1.1969607301e+00 alpha_p32n=1.1969588387e+00 rz32q=1.5070006043e-07 rz32n=1.5069971937e-07 alpha_full_q=1.1969607151e+00 alpha_full_n=1.1969561147e+00
  residual=7.065e+00
iter=105 pAp_d=1.0132992747e-07 p8q=1.7500000000e+00 p8n=1.0000000000e+00 p8q_e2=3.8146972656e-06 p8n_e2=5.9604644775e-08 p16q=4.7683715820e-07 p16n=1.4901161194e-08 p16q_e2=1.0151416063e-07 p16n_e2=6.5192580223e-08 p32q=1.0132993111e-07 p32n=1.0132998796e-07 p64q=1.0132992747e-07 p64n=1.0132992747e-07 alpha_d=1.1976860019e+00 alpha_p32q=1.1976859589e+00 alpha_p32n=1.1976852870e+00 rz32q=1.2136143823e-07 rz32n=1.2136118244e-07 alpha_full_q=1.1976859838e+00 alpha_full_n=1.1976827875e+00
  residual=5.829e+00
iter=106 pAp_d=7.2476125835e-08 p8q=1.4062500000e+00 p8n=1.0000000000e+00 p8q_e2=3.8146972656e-06 p8n_e2=5.9604644775e-08 p16q=3.5762786865e-07 p16n=1.4901161194e-08 p16q_e2=7.2643160820e-08 p16n_e2=3.8184225559e-08 p32q=7.2476126434e-08 p32n=7.2476041169e-08 p64q=7.2476125835e-08 p64n=7.2476125835e-08 alpha_d=1.3412400204e+00 alpha_p32q=1.3412400093e+00 alpha_p32n=1.3412415872e+00 rz32q=9.7207873750e-08 rz32n=9.7207731642e-08 alpha_full_q=1.3412399163e+00 alpha_full_n=1.3412395334e+00
  residual=5.921e+00
iter=107 pAp_d=9.6921252102e-08 p8q=1.4375000000e+00 p8n=1.0000000000e+00 p8q_e2=3.8146972656e-06 p8n_e2=5.9604644775e-08 p16q=4.1723251343e-07 p16n=5.9604644775e-08 p16q_e2=9.6857547760e-08 p16n_e2=5.6810677052e-08 p32q=9.6921255022e-08 p32n=9.6920985015e-08 p64q=9.6921252102e-08 p64n=9.6921252102e-08 alpha_d=1.0531996482e+00 alpha_p32q=1.0531996164e+00 alpha_p32n=1.0532025505e+00 rz32q=1.0207742207e-07 rz32n=1.0207737944e-07 alpha_full_q=1.0531995489e+00 alpha_full_n=1.0532020431e+00
  residual=5.522e+00
iter=108 pAp_d=9.1715501657e-08 p8q=1.5312500000e+00 p8n=1.0000000000e+00 p8q_e2=3.8146972656e-06 p8n_e2=5.9604644775e-08 p16q=4.1723251343e-07 p16n=5.9604644775e-08 p16q_e2=9.2200934887e-08 p16n_e2=5.2154064178e-08 p32q=9.1715506301e-08 p32n=9.1715378403e-08 p64q=9.1715501657e-08 p64n=9.1715501657e-08 alpha_d=1.1771160705e+00 alpha_p32q=1.1771160109e+00 alpha_p32n=1.1771176524e+00 rz32q=1.0795979222e-07 rz32n=1.0795987748e-07 alpha_full_q=1.1771160251e+00 alpha_full_n=1.1771185963e+00
  residual=6.626e+00
iter=109 pAp_d=8.3605095981e-08 p8q=1.5937500000e+00 p8n=1.0000000000e+00 p8q_e2=3.8146972656e-06 p8n_e2=5.9604644775e-08 p16q=4.1723251343e-07 p16n=2.9802322388e-08 p16q_e2=8.3819031715e-08 p16n_e2=4.4703483582e-08 p32q=8.3605101509e-08 p32n=8.3605030454e-08 p64q=8.3605095981e-08 p64n=8.3605095981e-08 alpha_d=1.3430147944e+00 alpha_p32q=1.3430147056e+00 alpha_p32n=1.3430158470e+00 rz32q=1.1228287633e-07 rz32n=1.1228281949e-07 alpha_full_q=1.3430146523e+00 alpha_full_n=1.3430151138e+00
  residual=7.350e+00
iter=110 pAp_d=7.4805646456e-08 p8q=1.7812500000e+00 p8n=1.0000000000e+00 p8q_e2=3.8146972656e-06 p8n_e2=5.9604644775e-08 p16q=4.7683715820e-07 p16n=1.4901161194e-08 p16q_e2=7.4505805969e-08 p16n_e2=4.0978193283e-08 p32q=7.4805655004e-08 p32n=7.4805427630e-08 p64q=7.4805646456e-08 p64n=7.4805646456e-08 alpha_d=1.4816872643e+00 alpha_p32q=1.4816870950e+00 alpha_p32n=1.4816915986e+00 rz32q=1.1083857032e-07 rz32n=1.1083879770e-07 alpha_full_q=1.4816870505e+00 alpha_full_n=1.4816945937e+00
  residual=7.595e+00
iter=111 pAp_d=8.0136801949e-08 p8q=1.4687500000e+00 p8n=9.8437500000e-01 p8q_e2=3.8146972656e-06 p8n_e2=0.0000000000e+00 p16q=4.1723251343e-07 p16n=1.4901161194e-08 p16q_e2=8.0093741417e-08 p16n_e2=5.2154064178e-08 p32q=8.0136800307e-08 p32n=8.0136658198e-08 p64q=8.0136801949e-08 p64n=8.0136801949e-08 alpha_d=1.6172201426e+00 alpha_p32q=1.6172201758e+00 alpha_p32n=1.6172230436e+00 rz32q=1.2959884543e-07 rz32n=1.2959884543e-07 alpha_full_q=1.6172201153e+00 alpha_full_n=1.6172229832e+00
  residual=7.952e+00
iter=112 pAp_d=1.0915276882e-07 p8q=1.9062500000e+00 p8n=1.0000000000e+00 p8q_e2=3.8146972656e-06 p8n_e2=5.9604644775e-08 p16q=4.7683715820e-07 p16n=1.4901161194e-08 p16q_e2=1.0896474123e-07 p16n_e2=6.8917870522e-08 p32q=1.0915276505e-07 p32n=1.0915293558e-07 p64q=1.0915276882e-07 p64n=1.0915276882e-07 alpha_d=1.4275891850e+00 alpha_p32q=1.4275892344e+00 alpha_p32n=1.4275870040e+00 rz32q=1.5582531887e-07 rz32n=1.5582563151e-07 alpha_full_q=1.4275892947e+00 alpha_full_n=1.4275899286e+00
  residual=8.556e+00
iter=113 pAp_d=1.1489259405e-07 p8q=1.8125000000e+00 p8n=1.0625000000e+00 p8q_e2=3.8146972656e-06 p8n_e2=0.0000000000e+00 p16q=4.7683715820e-07 p16n=1.4901161194e-08 p16q_e2=1.1455267668e-07 p16n_e2=7.3574483395e-08 p32q=1.1489258611e-07 p32n=1.1489234453e-07 p64q=1.1489259405e-07 p64n=1.1489259405e-07 alpha_d=1.5607958595e+00 alpha_p32q=1.5607959674e+00 alpha_p32n=1.5607992493e+00 rz32q=1.7932387664e-07 rz32n=1.7932381979e-07 alpha_full_q=1.5607958938e+00 alpha_full_n=1.5607986810e+00
  residual=1.062e+01
iter=114 pAp_d=1.6727859393e-07 p8q=2.2500000000e+00 p8n=1.1250000000e+00 p8q_e2=1.5258789062e-05 p8n_e2=0.0000000000e+00 p16q=5.9604644775e-07 p16n=5.9604644775e-08 p16q_e2=1.6763806343e-07 p16n_e2=1.2107193470e-07 p32q=1.6727858565e-07 p32n=1.6727838670e-07 p64q=1.6727859393e-07 p64n=1.6727859393e-07 alpha_d=1.4157586855e+00 alpha_p32q=1.4157587556e+00 alpha_p32n=1.4157604394e+00 rz32q=2.3682611072e-07 rz32n=2.3682582651e-07 alpha_full_q=1.4157586866e+00 alpha_full_n=1.4157586714e+00
  residual=1.024e+01
iter=115 pAp_d=1.7419834546e-07 p8q=2.2500000000e+00 p8n=1.0000000000e+00 p8q_e2=1.5258789062e-05 p8n_e2=5.9604644775e-08 p16q=5.9604644775e-07 p16n=1.4901161194e-08 p16q_e2=1.7322599888e-07 p16n_e2=1.1734664440e-07 p32q=1.7419833398e-07 p32n=1.7419867504e-07 p64q=1.7419834546e-07 p64n=1.7419834546e-07 alpha_d=1.5371080584e+00 alpha_p32q=1.5371081596e+00 alpha_p32n=1.5371051501e+00 rz32q=2.6776166351e-07 rz32n=2.6776149298e-07 alpha_full_q=1.5371080618e+00 alpha_full_n=1.5371040734e+00
  residual=1.213e+01
iter=116 pAp_d=2.4472001009e-07 p8q=2.5000000000e+00 p8n=1.3125000000e+00 p8q_e2=1.5258789062e-05 p8n_e2=0.0000000000e+00 p16q=7.1525573730e-07 p16n=5.9604644775e-08 p16q_e2=2.4586915970e-07 p16n_e2=1.8253922462e-07 p32q=2.4472001314e-07 p32n=2.4471989946e-07 p64q=2.4472001009e-07 p64n=2.4472001009e-07 alpha_d=1.3851641739e+00 alpha_p32q=1.3851641566e+00 alpha_p32n=1.3851648001e+00 rz32q=3.3897737239e-07 rz32n=3.3897674712e-07 alpha_full_q=1.3851640822e+00 alpha_full_n=1.3851621706e+00
  residual=1.203e+01
iter=117 pAp_d=2.5790725458e-07 p8q=2.5000000000e+00 p8n=9.3750000000e-01 p8q_e2=1.5258789062e-05 p8n_e2=-5.9604644775e-08 p16q=7.1525573730e-07 p16n=2.9802322388e-08 p16q_e2=2.5704503059e-07 p16n_e2=1.9744038582e-07 p32q=2.5790728841e-07 p32n=2.5790694735e-07 p64q=2.5790725458e-07 p64n=2.5790725458e-07 alpha_d=1.4245652303e+00 alpha_p32q=1.4245650434e+00 alpha_p32n=1.4245669273e+00 rz32q=3.6740573250e-07 rz32n=3.6740618725e-07 alpha_full_q=1.4245651403e+00 alpha_full_n=1.4245687874e+00
  residual=1.306e+01
iter=118 pAp_d=2.3054433093e-07 p8q=2.5000000000e+00 p8n=1.2500000000e+00 p8q_e2=1.5258789062e-05 p8n_e2=-5.9604644775e-08 p16q=7.1525573730e-07 p16n=-1.4901161194e-08 p16q_e2=2.3096799850e-07 p16n_e2=1.6205012798e-07 p32q=2.3054434450e-07 p32n=2.3054408871e-07 p64q=2.3054433093e-07 p64n=2.3054433093e-07 alpha_d=1.6297920057e+00 alpha_p32q=1.6297919097e+00 alpha_p32n=1.6297937180e+00 rz32q=3.7573931877e-07 rz32n=3.7573880718e-07 alpha_full_q=1.6297919586e+00 alpha_full_n=1.6297915478e+00
  residual=1.283e+01
iter=119 pAp_d=2.6679586199e-07 p8q=2.8750000000e+00 p8n=1.2500000000e+00 p8q_e2=1.5258789062e-05 p8n_e2=5.9604644775e-08 p16q=8.3446502686e-07 p16n=8.9406967163e-08 p16q_e2=2.6822090149e-07 p16n_e2=1.9185245037e-07 p32q=2.6679589382e-07 p32n=2.6679634857e-07 p64q=2.6679586199e-07 p64n=2.6679586199e-07 alpha_d=1.5947995361e+00 alpha_p32q=1.5947993458e+00 alpha_p32n=1.5947966275e+00 rz32q=4.2548589363e-07 rz32n=4.2548572310e-07 alpha_full_q=1.5947992585e+00 alpha_full_n=1.5947959010e+00
  residual=1.499e+01
iter=120 pAp_d=3.5432487092e-07 p8q=3.3750000000e+00 p8n=1.4375000000e+00 p8q_e2=1.5258789062e-05 p8n_e2=0.0000000000e+00 p16q=1.0728836060e-06 p16n=8.9406967163e-08 p16q_e2=3.5390257835e-07 p16n_e2=2.4586915970e-07 p32q=3.5432486811e-07 p32n=3.5432532286e-07 p64q=3.5432487092e-07 p64n=3.5432487092e-07 alpha_d=1.3883415075e+00 alpha_p32q=1.3883415185e+00 alpha_p32n=1.3883397366e+00 rz32q=4.9192397000e-07 rz32n=4.9192453844e-07 alpha_full_q=1.3883416443e+00 alpha_full_n=1.3883414667e+00
  residual=1.416e+01
iter=121 pAp_d=3.2622603679e-07 p8q=2.8750000000e+00 p8n=1.2500000000e+00 p8q_e2=1.5258789062e-05 p8n_e2=5.9604644775e-08 p16q=8.3446502686e-07 p16n=5.9604644775e-08 p16q_e2=3.2782554626e-07 p16n_e2=2.2910535336e-07 p32q=3.2622602930e-07 p32n=3.2622597246e-07 p64q=3.2622603679e-07 p64n=3.2622603679e-07 alpha_d=1.3989039140e+00 alpha_p32q=1.3989039461e+00 alpha_p32n=1.3989041899e+00 rz32q=4.5635886181e-07 rz32n=4.5635863444e-07 alpha_full_q=1.3989038912e+00 alpha_full_n=1.3989034380e+00
  residual=1.390e+01
iter=122 pAp_d=3.1579785710e-07 p8q=3.1250000000e+00 p8n=1.6875000000e+00 p8q_e2=1.5258789062e-05 p8n_e2=5.9604644775e-08 p16q=9.5367431641e-07 p16n=5.9604644775e-08 p16q_e2=3.1664967537e-07 p16n_e2=2.1047890186e-07 p32q=3.1579787674e-07 p32n=3.1579855886e-07 p64q=3.1579785710e-07 p64n=3.1579785710e-07 alpha_d=1.3221543280e+00 alpha_p32q=1.3221542457e+00 alpha_p32n=1.3221513899e+00 rz32q=4.1753349933e-07 rz32n=4.1753293090e-07 alpha_full_q=1.3221542325e+00 alpha_full_n=1.3221495766e+00
  residual=1.095e+01
iter=123 pAp_d=2.6690411793e-07 p8q=2.6250000000e+00 p8n=1.2500000000e+00 p8q_e2=1.5258789062e-05 p8n_e2=5.9604644775e-08 p16q=8.3446502686e-07 p16n=5.9604644775e-08 p16q_e2=2.6822090149e-07 p16n_e2=1.9557774067e-07 p32q=2.6690412369e-07 p32n=2.6690452160e-07 p64q=2.6690411793e-07 p64n=2.6690411793e-07 alpha_d=1.3480668953e+00 alpha_p32q=1.3480668662e+00 alpha_p32n=1.3480648565e+00 rz32q=3.5980463053e-07 rz32n=3.5980360735e-07 alpha_full_q=1.3480669596e+00 alpha_full_n=1.3480611164e+00
  residual=1.215e+01
iter=124 pAp_d=2.5109558237e-07 p8q=2.7500000000e+00 p8n=1.4375000000e+00 p8q_e2=1.5258789062e-05 p8n_e2=5.9604644775e-08 p16q=8.3446502686e-07 p16n=5.9604644775e-08 p16q_e2=2.4959445000e-07 p16n_e2=1.8067657948e-07 p32q=2.5109557100e-07 p32n=2.5109602575e-07 p64q=2.5109558237e-07 p64n=2.5109558237e-07 alpha_d=1.3844305578e+00 alpha_p32q=1.3844306204e+00 alpha_p32n=1.3844281131e+00 rz32q=3.4762439327e-07 rz32n=3.4762473433e-07 alpha_full_q=1.3844306050e+00 alpha_full_n=1.3844294560e+00
  residual=1.159e+01
iter=125 pAp_d=2.4480546066e-07 p8q=2.6250000000e+00 p8n=1.0000000000e+00 p8q_e2=1.5258789062e-05 p8n_e2=5.9604644775e-08 p16q=7.1525573730e-07 p16n=1.4901161194e-08 p16q_e2=2.4586915970e-07 p16n_e2=1.7881393433e-07 p32q=2.4480544880e-07 p32n=2.4480556249e-07 p64q=2.4480546066e-07 p64n=2.4480546066e-07 alpha_d=1.4010819942e+00 alpha_p32q=1.4010820620e+00 alpha_p32n=1.4010814114e+00 rz32q=3.4299250729e-07 rz32n=3.4299233675e-07 alpha_full_q=1.4010819978e+00 alpha_full_n=1.4010806506e+00
  residual=1.176e+01
iter=126 pAp_d=2.6165000205e-07 p8q=2.3750000000e+00 p8n=1.3125000000e+00 p8q_e2=1.5258789062e-05 p8n_e2=5.9604644775e-08 p16q=7.1525573730e-07 p16n=5.9604644775e-08 p16q_e2=2.6077032089e-07 p16n_e2=2.0675361156e-07 p32q=2.6165002964e-07 p32n=2.6165054123e-07 p64q=2.6165000205e-07 p64n=2.6165000205e-07 alpha_d=1.2840679176e+00 alpha_p32q=1.2840677822e+00 alpha_p32n=1.2840652715e+00 rz32q=3.3597638094e-07 rz32n=3.3597729043e-07 alpha_full_q=1.2840678115e+00 alpha_full_n=1.2840687768e+00
  residual=1.056e+01
iter=127 pAp_d=2.9530512691e-07 p8q=2.7500000000e+00 p8n=1.0625000000e+00 p8q_e2=1.5258789062e-05 p8n_e2=5.9604644775e-08 p16q=8.3446502686e-07 p16n=5.9604644775e-08 p16q_e2=2.9429793358e-07 p16n_e2=2.2538006306e-07 p32q=2.9530514212e-07 p32n=2.9530508527e-07 p64q=2.9530512691e-07 p64n=2.9530512691e-07 alpha_d=1.1078699910e+00 alpha_p32q=1.1078699339e+00 alpha_p32n=1.1078701472e+00 rz32q=3.2715968246e-07 rz32n=3.2715945508e-07 alpha_full_q=1.1078699142e+00 alpha_full_n=1.1078693575e+00
  residual=8.712e+00
iter=128 pAp_d=3.3325481685e-07 p8q=2.6250000000e+00 p8n=1.0000000000e+00 p8q_e2=1.5258789062e-05 p8n_e2=5.9604644775e-08 p16q=8.3446502686e-07 p16n=1.1920928955e-07 p16q_e2=3.3155083656e-07 p16n_e2=2.3841857910e-07 p32q=3.3325483173e-07 p32n=3.3325494542e-07 p64q=3.3325481685e-07 p64n=3.3325481685e-07 alpha_d=9.8197012446e-01 alpha_p32q=9.8197008063e-01 alpha_p32n=9.8196974564e-01 rz32q=3.2724625498e-07 rz32n=3.2724602761e-07 alpha_full_q=9.8197002361e-01 alpha_full_n=9.8196900634e-01
  residual=9.177e+00
iter=129 pAp_d=2.1908738640e-07 p8q=2.3750000000e+00 p8n=1.0000000000e+00 p8q_e2=1.5258789062e-05 p8n_e2=5.9604644775e-08 p16q=7.1525573730e-07 p16n=2.9802322388e-08 p16q_e2=2.1979212761e-07 p16n_e2=1.6391277313e-07 p32q=2.1908738290e-07 p32n=2.1908724079e-07 p64q=2.1908738640e-07 p64n=2.1908738640e-07 alpha_d=1.2198677408e+00 alpha_p32q=1.2198677603e+00 alpha_p32n=1.2198685515e+00 rz32q=2.6725763291e-07 rz32n=2.6725717817e-07 alpha_full_q=1.2198677504e+00 alpha_full_n=1.2198664660e+00
  residual=9.497e+00
iter=130 pAp_d=1.5130024100e-07 p8q=2.2500000000e+00 p8n=1.0000000000e+00 p8q_e2=1.5258789062e-05 p8n_e2=5.9604644775e-08 p16q=5.9604644775e-07 p16n=5.9604644775e-08 p16q_e2=1.5087425709e-07 p16n_e2=1.0244548321e-07 p32q=1.5130024167e-07 p32n=1.5130018483e-07 p64q=1.5130024100e-07 p64n=1.5130024100e-07 alpha_d=1.5567646963e+00 alpha_p32q=1.5567646894e+00 alpha_p32n=1.5567652742e+00 rz32q=2.3553886308e-07 rz32n=2.3553883466e-07 alpha_full_q=1.5567646190e+00 alpha_full_n=1.5567650161e+00
  residual=1.030e+01
iter=131 pAp_d=1.8497078083e-07 p8q=2.1250000000e+00 p8n=1.0000000000e+00 p8q_e2=1.5258789062e-05 p8n_e2=5.9604644775e-08 p16q=5.9604644775e-07 p16n=1.4901161194e-08 p16q_e2=1.8440186977e-07 p16n_e2=1.3969838619e-07 p32q=1.8497078713e-07 p32n=1.8497092924e-07 p64q=1.8497078083e-07 p64n=1.8497078083e-07 alpha_d=1.4936369713e+00 alpha_p32q=1.4936369204e+00 alpha_p32n=1.4936357729e+00 rz32q=2.7627919508e-07 rz32n=2.7628010457e-07 alpha_full_q=1.4936369108e+00 alpha_full_n=1.4936406802e+00
  residual=1.107e+01
iter=132 pAp_d=2.2578809730e-07 p8q=2.3750000000e+00 p8n=1.0625000000e+00 p8q_e2=1.5258789062e-05 p8n_e2=5.9604644775e-08 p16q=7.1525573730e-07 p16n=2.9802322388e-08 p16q_e2=2.2538006306e-07 p16n_e2=1.6205012798e-07 p32q=2.2578811354e-07 p32n=2.2578768721e-07 p64q=2.2578809730e-07 p64n=2.2578809730e-07 alpha_d=1.3552100423e+00 alpha_p32q=1.3552099448e+00 alpha_p32n=1.3552125037e+00 rz32q=3.0599028378e-07 rz32n=3.0599028378e-07 alpha_full_q=1.3552098867e+00 alpha_full_n=1.3552124456e+00
  residual=1.021e+01
iter=133 pAp_d=2.2931791740e-07 p8q=2.2500000000e+00 p8n=1.0625000000e+00 p8q_e2=1.5258789062e-05 p8n_e2=5.9604644775e-08 p16q=7.1525573730e-07 p16n=2.9802322388e-08 p16q_e2=2.2910535336e-07 p16n_e2=1.6763806343e-07 p32q=2.2931791932e-07 p32n=2.2931789090e-07 p64q=2.2931791740e-07 p64n=2.2931791740e-07 alpha_d=1.2906110987e+00 alpha_p32q=1.2906110879e+00 alpha_p32n=1.2906112478e+00 rz32q=2.9596026252e-07 rz32n=2.9595975093e-07 alpha_full_q=1.2906111454e+00 alpha_full_n=1.2906090745e+00
  residual=1.002e+01
iter=134 pAp_d=2.1824795446e-07 p8q=2.6250000000e+00 p8n=1.0625000000e+00 p8q_e2=1.5258789062e-05 p8n_e2=5.9604644775e-08 p16q=7.1525573730e-07 p16n=5.9604644775e-08 p16q_e2=2.1792948246e-07 p16n_e2=1.6205012798e-07 p32q=2.1824794771e-07 p32n=2.1824774876e-07 p64q=2.1824795446e-07 p64n=2.1824795446e-07 alpha_d=1.2989026493e+00 alpha_p32q=1.2989026895e+00 alpha_p32n=1.2989038735e+00 rz32q=2.8348284786e-07 rz32n=2.8348284786e-07 alpha_full_q=1.2989026968e+00 alpha_full_n=1.2989038809e+00
  residual=9.705e+00
iter=135 pAp_d=2.6037054154e-07 p8q=2.3750000000e+00 p8n=1.0000000000e+00 p8q_e2=1.5258789062e-05 p8n_e2=5.9604644775e-08 p16q=7.1525573730e-07 p16n=5.9604644775e-08 p16q_e2=2.6077032089e-07 p16n_e2=2.0861625671e-07 p32q=2.6037054113e-07 p32n=2.6037054113e-07 p64q=2.6037054154e-07 p64n=2.6037054154e-07 alpha_d=1.1101138490e+00 alpha_p32q=1.1101138508e+00 alpha_p32n=1.1101138508e+00 rz32q=2.8904094052e-07 rz32n=2.8904065630e-07 alpha_full_q=1.1101138372e+00 alpha_full_n=1.1101127457e+00
  residual=9.655e+00
iter=136 pAp_d=2.1297895123e-07 p8q=2.3750000000e+00 p8n=9.8437500000e-01 p8q_e2=1.5258789062e-05 p8n_e2=0.0000000000e+00 p16q=7.1525573730e-07 p16n=5.9604644775e-08 p16q_e2=2.1234154701e-07 p16n_e2=1.5459954739e-07 p32q=2.1297896069e-07 p32n=2.1297904595e-07 p64q=2.1297895123e-07 p64n=2.1297895123e-07 alpha_d=1.1992643650e+00 alpha_p32q=1.1992643117e+00 alpha_p32n=1.1992638316e+00 rz32q=2.5541805826e-07 rz32n=2.5541817195e-07 alpha_full_q=1.1992642721e+00 alpha_full_n=1.1992643258e+00
  residual=9.550e+00
iter=137 pAp_d=1.6466509382e-07 p8q=2.2500000000e+00 p8n=1.1875000000e+00 p8q_e2=1.5258789062e-05 p8n_e2=5.9604644775e-08 p16q=5.9604644775e-07 p16n=1.4901161194e-08 p16q_e2=1.6391277313e-07 p16n_e2=1.1641532183e-07 p32q=1.6466509578e-07 p32n=1.6466535158e-07 p64q=1.6466509382e-07 p64n=1.6466509382e-07 alpha_d=1.3054411941e+00 alpha_p32q=1.3054411786e+00 alpha_p32n=1.3054391507e+00 rz32q=2.1496060754e-07 rz32n=2.1496111913e-07 alpha_full_q=1.3054412443e+00 alpha_full_n=1.3054423233e+00
  residual=8.195e+00
iter=138 pAp_d=1.2983510667e-07 p8q=2.1250000000e+00 p8n=1.1250000000e+00 p8q_e2=1.5258789062e-05 p8n_e2=0.0000000000e+00 p16q=5.9604644775e-07 p16n=5.9604644775e-08 p16q_e2=1.3038516045e-07 p16n_e2=9.3132257462e-08 p32q=1.2983511510e-07 p32n=1.2983508668e-07 p64q=1.2983510667e-07 p64n=1.2983510667e-07 alpha_d=1.3173933177e+00 alpha_p32q=1.3173932321e+00 alpha_p32n=1.3173935205e+00 rz32q=1.7104389372e-07 rz32n=1.7104380845e-07 alpha_full_q=1.3173931689e+00 alpha_full_n=1.3173928005e+00
  residual=8.784e+00
iter=139 pAp_d=1.0363032080e-07 p8q=2.0000000000e+00 p8n=1.1250000000e+00 p8q_e2=3.8146972656e-06 p8n_e2=0.0000000000e+00 p16q=4.7683715820e-07 p16n=1.4901161194e-08 p16q_e2=1.0337680578e-07 p16n_e2=6.2398612499e-08 p32q=1.0363032743e-07 p32n=1.0363069691e-07 p64q=1.0363032080e-07 p64n=1.0363032080e-07 alpha_d=1.3803702797e+00 alpha_p32q=1.3803701914e+00 alpha_p32n=1.3803652699e+00 rz32q=1.4304822571e-07 rz32n=1.4304850993e-07 alpha_full_q=1.3803702956e+00 alpha_full_n=1.3803681167e+00
  residual=7.374e+00
iter=140 pAp_d=9.7048899271e-08 p8q=1.7812500000e+00 p8n=1.1250000000e+00 p8q_e2=3.8146972656e-06 p8n_e2=-5.9604644775e-08 p16q=4.7683715820e-07 p16n=1.4901161194e-08 p16q_e2=9.6857547760e-08 p16n_e2=5.8673322201e-08 p32q=9.7048896919e-08 p32n=9.7048825864e-08 p64q=9.7048899271e-08 p64n=9.7048899271e-08 alpha_d=1.1900921727e+00 alpha_p32q=1.1900922016e+00 alpha_p32n=1.1900930729e+00 rz32q=1.1549713008e-07 rz32n=1.1549718693e-07 alpha_full_q=1.1900921468e+00 alpha_full_n=1.1900936039e+00
  residual=6.124e+00
iter=141 pAp_d=6.5545802938e-08 p8q=1.5000000000e+00 p8n=1.0000000000e+00 p8q_e2=3.8146972656e-06 p8n_e2=5.9604644775e-08 p16q=3.5762786865e-07 p16n=2.9802322388e-08 p16q_e2=6.5192580223e-08 p16n_e2=3.9115548134e-08 p32q=6.5545805228e-08 p32n=6.5545805228e-08 p64q=6.5545802938e-08 p64n=6.5545802938e-08 alpha_d=1.2991294137e+00 alpha_p32q=1.2991293683e+00 alpha_p32n=1.2991293683e+00 rz32q=8.5152478846e-08 rz32n=8.5152194629e-08 alpha_full_q=1.2991293424e+00 alpha_full_n=1.2991250063e+00
  residual=5.276e+00
iter=142 pAp_d=4.5428567726e-08 p8q=1.2812500000e+00 p8n=1.0000000000e+00 p8q_e2=3.8146972656e-06 p8n_e2=5.9604644775e-08 p16q=2.9802322388e-07 p16n=1.4901161194e-08 p16q_e2=4.5634806156e-08 p16n_e2=2.4214386940e-08 p32q=4.5428564022e-08 p32n=4.5428606654e-08 p64q=4.5428567726e-08 p64n=4.5428567726e-08 alpha_d=1.3341125094e+00 alpha_p32q=1.3341126182e+00 alpha_p32n=1.3341113662e+00 rz32q=6.0606822672e-08 rz32n=6.0606765828e-08 alpha_full_q=1.3341126663e+00 alpha_full_n=1.3341101630e+00
  residual=4.812e+00
iter=143 pAp_d=3.9374975350e-08 p8q=1.2187500000e+00 p8n=1.0000000000e+00 p8q_e2=3.8146972656e-06 p8n_e2=5.9604644775e-08 p16q=2.9802322388e-07 p16n=1.4901161194e-08 p16q_e2=3.9115548134e-08 p16n_e2=2.2817403078e-08 p32q=3.9374967287e-08 p32n=3.9374995708e-08 p64q=3.9374975350e-08 p64n=3.9374975350e-08 alpha_d=1.3428420141e+00 alpha_p32q=1.3428422891e+00 alpha_p32n=1.3428413198e+00 rz32q=5.2874369771e-08 rz32n=5.2874298717e-08 alpha_full_q=1.3428422527e+00 alpha_full_n=1.3428394789e+00
  residual=5.077e+00
iter=144 pAp_d=3.3411768768e-08 p8q=1.0000000000e+00 p8n=9.6875000000e-01 p8q_e2=3.8146972656e-06 p8n_e2=-5.9604644775e-08 p16q=2.3841857910e-07 p16n=1.4901161194e-08 p16q_e2=3.3527612686e-08 p16n_e2=2.0489096642e-08 p32q=3.3411765799e-08 p32n=3.3411666323e-08 p64q=3.3411768768e-08 p64n=3.3411768768e-08 alpha_d=1.4870369375e+00 alpha_p32q=1.4870370697e+00 alpha_p32n=1.4870414970e+00 rz32q=4.9684530268e-08 rz32n=4.9684572900e-08 alpha_full_q=1.4870369488e+00 alpha_full_n=1.4870426521e+00
  residual=4.868e+00
iter=145 pAp_d=3.9245229580e-08 p8q=1.1250000000e+00 p8n=9.6875000000e-01 p8q_e2=3.8146972656e-06 p8n_e2=-5.9604644775e-08 p16q=2.9802322388e-07 p16n=1.4901161194e-08 p16q_e2=3.9115548134e-08 p16n_e2=2.5611370802e-08 p32q=3.9245236394e-08 p32n=3.9244994809e-08 p64q=3.9245229580e-08 p64n=3.9245229580e-08 alpha_d=1.3426133729e+00 alpha_p32q=1.3426131398e+00 alpha_p32n=1.3426214046e+00 rz32q=5.2691163432e-08 rz32n=5.2691049746e-08 alpha_full_q=1.3426129710e+00 alpha_full_n=1.3426183390e+00
  residual=4.298e+00
iter=146 pAp_d=5.3606280199e-08 p8q=9.8437500000e-01 p8n=9.6875000000e-01 p8q_e2=3.8146972656e-06 p8n_e2=-5.9604644775e-08 p16q=2.3841857910e-07 p16n=1.4901161194e-08 p16q_e2=5.4016709328e-08 p16n_e2=3.4458935261e-08 p32q=5.3606285633e-08 p32n=5.3606356687e-08 p64q=5.3606280199e-08 p64n=5.3606280199e-08 alpha_d=1.0011507829e+00 alpha_p32q=1.0011506814e+00 alpha_p32n=1.0011493544e+00 rz32q=5.3667974953e-08 rz32n=5.3668031796e-08 alpha_full_q=1.0011507852e+00 alpha_full_n=1.0011505186e+00
  residual=4.097e+00
iter=147 pAp_d=5.5018908144e-08 p8q=1.1875000000e+00 p8n=9.8437500000e-01 p8q_e2=3.8146972656e-06 p8n_e2=0.0000000000e+00 p16q=2.9802322388e-07 p16n=1.4901161194e-08 p16q_e2=5.4948031902e-08 p16n_e2=3.2596290112e-08 p32q=5.5018915646e-08 p32n=5.5018929856e-08 p64q=5.5018908144e-08 p64n=5.5018908144e-08 alpha_d=9.6750426949e-01 alpha_p32q=9.6750413757e-01 alpha_p32n=9.6750388768e-01 rz32q=5.3231033803e-08 rz32n=5.3231119068e-08 alpha_full_q=9.6750423338e-01 alpha_full_n=9.6750553322e-01
  residual=3.654e+00
iter=148 pAp_d=2.9093633994e-08 p8q=8.7500000000e-01 p8n=9.8437500000e-01 p8q_e2=3.8146972656e-06 p8n_e2=0.0000000000e+00 p16q=2.3841857910e-07 p16n=1.4901161194e-08 p16q_e2=2.8870999813e-08 p16n_e2=1.8160790205e-08 p32q=2.9093634168e-08 p32n=2.9093506271e-08 p64q=2.9093633994e-08 p64n=2.9093633994e-08 alpha_d=1.3075337819e+00 alpha_p32q=1.3075337741e+00 alpha_p32n=1.3075395221e+00 rz32q=3.8040909089e-08 rz32n=3.8040951722e-08 alpha_full_q=1.3075337673e+00 alpha_full_n=1.3075409807e+00
  residual=3.831e+00
iter=149 pAp_d=2.6087485362e-08 p8q=9.3750000000e-01 p8n=9.8437500000e-01 p8q_e2=3.8146972656e-06 p8n_e2=0.0000000000e+00 p16q=2.3841857910e-07 p16n=1.4901161194e-08 p16q_e2=2.6077032089e-08 p16n_e2=1.5832483768e-08 p32q=2.6087484173e-08 p32n=2.6087555227e-08 p64q=2.6087485362e-08 p64n=2.6087485362e-08 alpha_d=1.2867644384e+00 alpha_p32q=1.2867644970e+00 alpha_p32n=1.2867609923e+00 rz32q=3.3568454683e-08 rz32n=3.3568539948e-08 alpha_full_q=1.2867647359e+00 alpha_full_n=1.2867644996e+00
  residual=3.683e+00
iter=150 pAp_d=2.2774670898e-08 p8q=8.5937500000e-01 p8n=9.8437500000e-01 p8q_e2=3.8146972656e-06 p8n_e2=0.0000000000e+00 p16q=1.7881393433e-07 p16n=1.4901161194e-08 p16q_e2=2.2817403078e-08 p16n_e2=1.4668330550e-08 p32q=2.2774671038e-08 p32n=2.2774734987e-08 p64q=2.2774670898e-08 p64n=2.2774670898e-08 alpha_d=1.3185930181e+00 alpha_p32q=1.3185930100e+00 alpha_p32n=1.3185893075e+00 rz32q=3.0030520293e-08 rz32n=3.0030449238e-08 alpha_full_q=1.3185929335e+00 alpha_full_n=1.3185861111e+00
  residual=3.594e+00
iter=151 pAp_d=1.8643686412e-08 p8q=8.2812500000e-01 p8n=9.6875000000e-01 p8q_e2=3.8146972656e-06 p8n_e2=-5.9604644775e-08 p16q=1.7881393433e-07 p16n=1.4901161194e-08 p16q_e2=1.8626451492e-08 p16n_e2=1.1641532183e-08 p32q=1.8643689259e-08 p32n=1.8643646627e-08 p64q=1.8643686412e-08 p64n=1.8643686412e-08 alpha_d=1.4090160975e+00 alpha_p32q=1.4090158824e+00 alpha_p32n=1.4090191044e+00 rz32q=2.6269255216e-08 rz32n=2.6269233899e-08 alpha_full_q=1.4090159330e+00 alpha_full_n=1.4090180116e+00
  residual=3.292e+00
iter=152 pAp_d=1.9199211033e-08 p8q=7.5000000000e-01 p8n=1.0000000000e+00 p8q_e2=3.8146972656e-06 p8n_e2=5.9604644775e-08 p16q=1.7881393433e-07 p16n=1.4901161194e-08 p16q_e2=1.9092112780e-08 p16n_e2=1.1175870895e-08 p32q=1.9199212886e-08 p32n=1.9199184464e-08 p64q=1.9199211033e-08 p64n=1.9199211033e-08 alpha_d=1.2510319690e+00 alpha_p32q=1.2510318482e+00 alpha_p32n=1.2510337002e+00 rz32q=2.4018824263e-08 rz32n=2.4018852685e-08 alpha_full_q=1.2510317170e+00 alpha_full_n=1.2510350494e+00
  residual=2.898e+00
iter=153 pAp_d=1.8952281666e-08 p8q=7.5000000000e-01 p8n=9.8437500000e-01 p8q_e2=3.8146972656e-06 p8n_e2=0.0000000000e+00 p16q=1.7881393433e-07 p16n=1.4901161194e-08 p16q_e2=1.9092112780e-08 p16n_e2=1.1175870895e-08 p32q=1.8952277969e-08 p32n=1.8952270864e-08 p64q=1.8952281666e-08 p64n=1.8952281666e-08 alpha_d=1.1873886008e+00 alpha_p32q=1.1873888324e+00 alpha_p32n=1.1873892775e+00 rz32q=2.2503719777e-08 rz32n=2.2503591879e-08 alpha_full_q=1.1873886513e+00 alpha_full_n=1.1873823480e+00
  residual=3.010e+00
iter=154 pAp_d=1.9348449032e-08 p8q=7.3437500000e-01 p8n=9.5312500000e-01 p8q_e2=3.8146972656e-06 p8n_e2=-5.9604644775e-08 p16q=1.7881393433e-07 p16n=1.4901161194e-08 p16q_e2=1.9557774067e-08 p16n_e2=1.1175870895e-08 p32q=1.9348448177e-08 p32n=1.9348483704e-08 p64q=1.9348449032e-08 p64n=1.9348449032e-08 alpha_d=1.1920766536e+00 alpha_p32q=1.1920767063e+00 alpha_p32n=1.1920745174e+00 rz32q=2.3064835375e-08 rz32n=2.3064856691e-08 alpha_full_q=1.1920767580e+00 alpha_full_n=1.1920756708e+00
  residual=2.697e+00
iter=155 pAp_d=1.5396334604e-08 p8q=6.8750000000e-01 p8n=9.8437500000e-01 p8q_e2=3.8146972656e-06 p8n_e2=0.0000000000e+00 p16q=1.7881393433e-07 p16n=-1.4901161194e-08 p16q_e2=1.5366822481e-08 p16n_e2=9.3132257462e-09 p32q=1.5396331321e-08 p32n=1.5396288688e-08 p64q=1.5396334604e-08 p64n=1.5396334604e-08 alpha_d=1.2031920864e+00 alpha_p32q=1.2031923430e+00 alpha_p32n=1.2031956747e+00 rz32q=1.8524744405e-08 rz32n=1.8524723089e-08 alpha_full_q=1.2031921124e+00 alpha_full_n=1.2031940595e+00
  residual=2.373e+00
iter=156 pAp_d=1.1264596045e-08 p8q=5.9375000000e-01 p8n=1.0000000000e+00 p8q_e2=3.8146972656e-06 p8n_e2=5.9604644775e-08 p16q=1.1920928955e-07 p16n=1.4901161194e-08 p16q_e2=1.1175870895e-08 p16n_e2=6.5192580223e-09 p32q=1.1264596367e-08 p32n=1.1264585709e-08 p64q=1.1264596045e-08 p64n=1.1264596045e-08 alpha_d=1.3750080919e+00 alpha_p32q=1.3750080526e+00 alpha_p32n=1.3750093536e+00 rz32q=1.5488907934e-08 rz32n=1.5488872407e-08 alpha_full_q=1.3750078058e+00 alpha_full_n=1.3750059529e+00
  residual=2.841e+00
iter=157 pAp_d=1.0747098705e-08 p8q=5.9375000000e-01 p8n=1.0000000000e+00 p8q_e2=3.8146972656e-06 p8n_e2=5.9604644775e-08 p16q=1.1920928955e-07 p16n=1.4901161194e-08 p16q_e2=1.0710209608e-08 p16n_e2=6.2864273787e-09 p32q=1.0747097434e-08 p32n=1.0747069012e-08 p64q=1.0747098705e-08 p64n=1.0747098705e-08 alpha_d=1.4123691646e+00 alpha_p32q=1.4123693317e+00 alpha_p32n=1.4123730668e+00 rz32q=1.5178869717e-08 rz32n=1.5178834190e-08 alpha_full_q=1.4123692290e+00 alpha_full_n=1.4123696584e+00
  residual=2.579e+00
iter=158 pAp_d=9.9881372683e-09 p8q=6.0937500000e-01 p8n=1.0000000000e+00 p8q_e2=3.8146972656e-06 p8n_e2=5.9604644775e-08 p16q=1.1920928955e-07 p16n=1.4901161194e-08 p16q_e2=1.0011717677e-08 p16n_e2=5.9371814132e-09 p32q=9.9881383164e-09 p32n=9.9881525273e-09 p64q=9.9881372683e-09 p64n=9.9881372683e-09 alpha_d=1.3195001182e+00 alpha_p32q=1.3194999798e+00 alpha_p32n=1.3194981024e+00 rz32q=1.3179349168e-08 rz32n=1.3179345615e-08 alpha_full_q=1.3195000660e+00 alpha_full_n=1.3194978329e+00
  residual=2.209e+00
iter=159 pAp_d=7.9749865140e-09 p8q=5.4687500000e-01 p8n=1.0000000000e+00 p8q_e2=9.5367431641e-07 p8n_e2=5.9604644775e-08 p16q=1.1920928955e-07 p16n=1.4901161194e-08 p16q_e2=7.9162418842e-09 p16n_e2=2.9103830457e-09 p32q=7.9749860049e-09 p32n=7.9750179793e-09 p64q=7.9749865140e-09 p64n=7.9749865140e-09 alpha_d=1.2319212519e+00 alpha_p32q=1.2319213305e+00 alpha_p32n=1.2319163913e+00 rz32q=9.8245536151e-09 rz32n=9.8245607205e-09 alpha_full_q=1.2319211105e+00 alpha_full_n=1.2319170623e+00
  residual=1.702e+00
iter=160 pAp_d=7.7321350718e-09 p8q=4.5312500000e-01 p8n=9.8437500000e-01 p8q_e2=9.5367431641e-07 p8n_e2=0.0000000000e+00 p16q=8.9406967163e-08 p16n=1.4901161194e-08 p16q_e2=7.6834112406e-09 p16n_e2=4.1909515858e-09 p32q=7.7321367087e-09 p32n=7.7321722358e-09 p64q=7.7321350718e-09 p64n=7.7321350718e-09 alpha_d=1.0563413270e+00 alpha_p32q=1.0563411033e+00 alpha_p32n=1.0563362497e+00 rz32q=8.1677740127e-09 rz32n=8.1677704600e-09 alpha_full_q=1.0563411280e+00 alpha_full_n=1.0563358149e+00
  residual=1.693e+00
iter=161 pAp_d=8.7230897425e-09 p8q=4.5312500000e-01 p8n=1.0000000000e+00 p8q_e2=9.5367431641e-07 p8n_e2=5.9604644775e-08 p16q=8.9406967163e-08 p16n=1.4901161194e-08 p16q_e2=8.6147338152e-09 p16n_e2=5.8207660913e-09 p32q=8.7230880297e-09 p32n=8.7230738188e-09 p64q=8.7230897425e-09 p64n=8.7230897425e-09 alpha_d=9.6191875444e-01 alpha_p32q=9.6191894332e-01 alpha_p32n=9.6192051039e-01 rz32q=8.3909021953e-09 rz32n=8.3909021953e-09 alpha_full_q=9.6191877999e-01 alpha_full_n=9.6192034707e-01
  residual=1.744e+00
iter=162 pAp_d=5.6735460322e-09 p8q=4.8437500000e-01 p8n=1.0000000000e+00 p8q_e2=9.5367431641e-07 p8n_e2=5.9604644775e-08 p16q=8.9406967163e-08 p16n=1.4901161194e-08 p16q_e2=5.7043507695e-09 p16n_e2=2.3283064365e-09 p32q=5.6735451892e-09 p32n=5.6735611764e-09 p64q=5.6735460322e-09 p64n=5.6735460322e-09 alpha_d=1.2429107834e+00 alpha_p32q=1.2429109680e+00 alpha_p32n=1.2429074657e+00 rz32q=7.0517121031e-09 rz32n=7.0517138795e-09 alpha_full_q=1.2429110667e+00 alpha_full_n=1.2429078775e+00
  residual=1.640e+00
iter=163 pAp_d=4.0323853974e-09 p8q=4.3750000000e-01 p8n=1.0000000000e+00 p8q_e2=9.5367431641e-07 p8n_e2=5.9604644775e-08 p16q=8.9406967163e-08 p16n=1.4901161194e-08 p16q_e2=4.0745362639e-09 p16n_e2=1.9790604711e-09 p32q=4.0323850925e-09 p32n=4.0324170669e-09 p64q=4.0323853974e-09 p64n=4.0323853974e-09 alpha_d=1.3554164190e+00 alpha_p32q=1.3554165215e+00 alpha_p32n=1.3554057740e+00 rz32q=5.4655622250e-09 rz32n=5.4655888704e-09 alpha_full_q=1.3554167322e+00 alpha_full_n=1.3554125924e+00
  residual=1.506e+00
iter=164 pAp_d=3.5146818932e-09 p8q=4.0625000000e-01 p8n=9.8437500000e-01 p8q_e2=9.5367431641e-07 p8n_e2=0.0000000000e+00 p16q=8.9406967163e-08 p16n=1.4901161194e-08 p16q_e2=3.4924596548e-09 p16n_e2=1.6298145056e-09 p32q=3.5146818789e-09 p32n=3.5146676680e-09 p64q=3.5146818932e-09 p64n=3.5146818932e-09 alpha_d=1.3718872270e+00 alpha_p32q=1.3718872326e+00 alpha_p32n=1.3718927795e+00 rz32q=4.8217465576e-09 rz32n=4.8217323467e-09 alpha_full_q=1.3718870509e+00 alpha_full_n=1.3718885545e+00
  residual=1.544e+00
iter=165 pAp_d=3.4703146328e-09 p8q=4.2187500000e-01 p8n=9.6875000000e-01 p8q_e2=9.5367431641e-07 p8n_e2=-5.9604644775e-08 p16q=8.9406967163e-08 p16n=1.4901161194e-08 p16q_e2=3.4924596548e-09 p16n_e2=1.8626451492e-09 p32q=3.4703155904e-09 p32n=3.4703280249e-09 p64q=3.4703146328e-09 p64n=3.4703146328e-09 alpha_d=1.4041807074e+00 alpha_p32q=1.4041803199e+00 alpha_p32n=1.4041752886e+00 rz32q=4.8729482671e-09 rz32n=4.8729500435e-09 alpha_full_q=1.4041801502e+00 alpha_full_n=1.4041756308e+00
  residual=1.418e+00
iter=166 pAp_d=3.8017671898e-09 p8q=3.7500000000e-01 p8n=9.6875000000e-01 p8q_e2=9.5367431641e-07 p8n_e2=-5.9604644775e-08 p16q=5.9604644775e-08 p16n=1.4901161194e-08 p16q_e2=3.8417056203e-09 p16n_e2=1.9790604711e-09 p32q=3.8017677895e-09 p32n=3.8017891058e-09 p64q=3.8017671898e-09 p64n=3.8017671898e-09 alpha_d=1.3347681360e+00 alpha_p32q=1.3347679255e+00 alpha_p32n=1.3347604416e+00 rz32q=5.0744777269e-09 rz32n=5.0744688451e-09 alpha_full_q=1.3347679311e+00 alpha_full_n=1.3347581110e+00
  residual=1.490e+00
iter=167 pAp_d=4.5263059074e-09 p8q=3.9062500000e-01 p8n=9.6875000000e-01 p8q_e2=9.5367431641e-07 p8n_e2=0.0000000000e+00 p16q=8.9406967163e-08 p16n=1.4901161194e-08 p16q_e2=4.5401975513e-09 p16n_e2=2.5611370802e-09 p32q=4.5263064408e-09 p32n=4.5262957826e-09 p64q=4.5263059074e-09 p64n=4.5263059074e-09 alpha_d=1.3072754335e+00 alpha_p32q=1.3072752795e+00 alpha_p32n=1.3072783578e+00 rz32q=5.9171281208e-09 rz32n=5.9171618716e-09 alpha_full_q=1.3072751919e+00 alpha_full_n=1.3072857267e+00
  residual=1.420e+00
iter=168 pAp_d=4.9386740051e-09 p8q=4.3750000000e-01 p8n=1.0000000000e+00 p8q_e2=9.5367431641e-07 p8n_e2=5.9604644775e-08 p16q=8.9406967163e-08 p16n=1.4901161194e-08 p16q_e2=4.8894435167e-09 p16n_e2=2.0954757929e-09 p32q=4.9386734702e-09 p32n=4.9386645884e-09 p64q=4.9386740051e-09 p64n=4.9386740051e-09 alpha_d=1.2599905955e+00 alpha_p32q=1.2599907319e+00 alpha_p32n=1.2599929979e+00 rz32q=6.2226828135e-09 rz32n=6.2226703790e-09 alpha_full_q=1.2599907346e+00 alpha_full_n=1.2599904828e+00
  residual=1.498e+00
iter=169 pAp_d=3.9321821264e-09 p8q=3.7500000000e-01 p8n=9.8437500000e-01 p8q_e2=9.5367431641e-07 p8n_e2=0.0000000000e+00 p16q=8.9406967163e-08 p16n=1.4901161194e-08 p16q_e2=3.9581209421e-09 p16n_e2=1.9790604711e-09 p32q=3.9321825795e-09 p32n=3.9321701450e-09 p64q=3.9321821264e-09 p64n=3.9321821264e-09 alpha_d=1.4899688423e+00 alpha_p32q=1.4899686706e+00 alpha_p32n=1.4899733822e+00 rz32q=5.8588280893e-09 rz32n=5.8587925622e-09 alpha_full_q=1.4899684770e+00 alpha_full_n=1.4899641537e+00
  residual=1.586e+00
iter=170 pAp_d=4.9622929112e-09 p8q=4.0625000000e-01 p8n=9.8437500000e-01 p8q_e2=9.5367431641e-07 p8n_e2=0.0000000000e+00 p16q=8.9406967163e-08 p16n=1.4901161194e-08 p16q_e2=5.0058588386e-09 p16n_e2=2.4447217584e-09 p32q=4.9622936871e-09 p32n=4.9622936871e-09 p64q=4.9622929112e-09 p64n=4.9622929112e-09 alpha_d=1.4271694768e+00 alpha_p32q=1.4271692537e+00 alpha_p32n=1.4271692537e+00 rz32q=7.0820327380e-09 rz32n=7.0820274090e-09 alpha_full_q=1.4271692053e+00 alpha_full_n=1.4271681314e+00
  residual=1.594e+00
iter=171 pAp_d=5.3921530301e-09 p8q=4.2187500000e-01 p8n=9.6875000000e-01 p8q_e2=9.5367431641e-07 p8n_e2=-5.9604644775e-08 p16q=8.9406967163e-08 p16n=1.4901161194e-08 p16q_e2=5.3551048040e-09 p16n_e2=3.0267983675e-09 p32q=5.3921525023e-09 p32n=5.3921223042e-09 p64q=5.3921530301e-09 p64n=5.3921530301e-09 alpha_d=1.3609364441e+00 alpha_p32q=1.3609365773e+00 alpha_p32n=1.3609441991e+00 rz32q=7.3383770172e-09 rz32n=7.3383574772e-09 alpha_full_q=1.3609364746e+00 alpha_full_n=1.3609404726e+00
  residual=1.788e+00
iter=172 pAp_d=5.0922794709e-09 p8q=4.5312500000e-01 p8n=9.8437500000e-01 p8q_e2=9.5367431641e-07 p8n_e2=0.0000000000e+00 p16q=8.9406967163e-08 p16n=-1.4901161194e-08 p16q_e2=5.1222741604e-09 p16n_e2=2.2118911147e-09 p32q=5.0922785988e-09 p32n=5.0922963624e-09 p64q=5.0922794709e-09 p64n=5.0922794709e-09 alpha_d=1.3530737880e+00 alpha_p32q=1.3530740198e+00 alpha_p32n=1.3530692998e+00 rz32q=6.8902306083e-09 rz32n=6.8902199502e-09 alpha_full_q=1.3530741641e+00 alpha_full_n=1.3530673511e+00
  residual=1.576e+00
iter=173 pAp_d=4.0839582707e-09 p8q=4.0625000000e-01 p8n=9.8437500000e-01 p8q_e2=9.5367431641e-07 p8n_e2=0.0000000000e+00 p16q=8.9406967163e-08 p16n=1.4901161194e-08 p16q_e2=4.0745362639e-09 p16n_e2=1.9790604711e-09 p32q=4.0839580606e-09 p32n=4.0839651660e-09 p64q=4.0839582707e-09 p64n=4.0839582707e-09 alpha_d=1.4144908311e+00 alpha_p32q=1.4144909038e+00 alpha_p32n=1.4144884429e+00 rz32q=5.7767213235e-09 rz32n=5.7767035599e-09 alpha_full_q=1.4144908537e+00 alpha_full_n=1.4144840431e+00
  residual=1.382e+00
iter=174 pAp_d=3.3334892743e-09 p8q=3.5937500000e-01 p8n=9.8437500000e-01 p8q_e2=9.5367431641e-07 p8n_e2=0.0000000000e+00 p16q=5.9604644775e-08 p16n=1.4901161194e-08 p16q_e2=3.3760443330e-09 p16n_e2=1.3969838619e-09 p32q=3.3334899285e-09 p32n=3.3335183502e-09 p64q=3.3334892743e-09 p64n=3.3334892743e-09 alpha_d=1.4398051742e+00 alpha_p32q=1.4398048916e+00 alpha_p32n=1.4397926158e+00 rz32q=4.7995758479e-09 rz32n=4.7995776242e-09 alpha_full_q=1.4398051144e+00 alpha_full_n=1.4397933714e+00
  residual=1.383e+00
iter=175 pAp_d=3.3312269771e-09 p8q=3.7500000000e-01 p8n=9.6875000000e-01 p8q_e2=9.5367431641e-07 p8n_e2=0.0000000000e+00 p16q=5.9604644775e-08 p16n=1.4901161194e-08 p16q_e2=3.3760443330e-09 p16n_e2=1.6298145056e-09 p32q=3.3312268499e-09 p32n=3.3312055336e-09 p64q=3.3312269771e-09 p64n=3.3312269771e-09 alpha_d=1.3678022055e+00 alpha_p32q=1.3678022577e+00 alpha_p32n=1.3678110102e+00 rz32q=4.5564600981e-09 rz32n=4.5564512163e-09 alpha_full_q=1.3678024054e+00 alpha_full_n=1.3678084916e+00
  residual=1.390e+00
iter=176 pAp_d=2.6759774000e-09 p8q=3.4375000000e-01 p8n=1.0000000000e+00 p8q_e2=9.5367431641e-07 p8n_e2=5.9604644775e-08 p16q=5.9604644775e-08 p16n=1.4901161194e-08 p16q_e2=2.6775524020e-09 p16n_e2=1.1059455574e-09 p32q=2.6759767735e-09 p32n=2.6759856553e-09 p64q=2.6759774000e-09 p64n=2.6759774000e-09 alpha_d=1.4909985344e+00 alpha_p32q=1.4909988835e+00 alpha_p32n=1.4909939347e+00 rz32q=3.9898786497e-09 rz32n=3.9898608861e-09 alpha_full_q=1.4909989837e+00 alpha_full_n=1.4909873968e+00
  residual=1.303e+00
iter=177 pAp_d=2.6434409860e-09 p8q=3.4375000000e-01 p8n=9.8437500000e-01 p8q_e2=9.5367431641e-07 p8n_e2=0.0000000000e+00 p16q=5.9604644775e-08 p16n=1.4901161194e-08 p16q_e2=2.6775524020e-09 p16n_e2=1.2223608792e-09 p32q=2.6434410216e-09 p32n=2.6434445743e-09 p64q=2.6434409860e-09 p64n=2.6434409860e-09 alpha_d=1.3645420662e+00 alpha_p32q=1.3645420478e+00 alpha_p32n=1.3645402139e+00 rz32q=3.6070861853e-09 rz32n=3.6070808562e-09 alpha_full_q=1.3645419572e+00 alpha_full_n=1.3645381073e+00
  residual=1.254e+00
iter=178 pAp_d=2.1922877324e-09 p8q=3.4375000000e-01 p8n=1.0000000000e+00 p8q_e2=9.5367431641e-07 p8n_e2=5.9604644775e-08 p16q=5.9604644775e-08 p16n=1.4901161194e-08 p16q_e2=2.2118911147e-09 p16n_e2=9.3132257462e-10 p32q=2.1922872406e-09 p32n=2.1922890170e-09 p64q=2.1922877324e-09 p64n=2.1922877324e-09 alpha_d=1.4749177192e+00 alpha_p32q=1.4749180501e+00 alpha_p32n=1.4749168550e+00 rz32q=3.2334437350e-09 rz32n=3.2334224187e-09 alpha_full_q=1.4749179191e+00 alpha_full_n=1.4749070007e+00
  residual=1.347e+00
iter=179 pAp_d=2.4507661675e-09 p8q=3.7500000000e-01 p8n=1.0000000000e+00 p8q_e2=9.5367431641e-07 p8n_e2=5.9604644775e-08 p16q=5.9604644775e-08 p16n=1.4901161194e-08 p16q_e2=2.4447217584e-09 p16n_e2=1.2223608792e-09 p32q=2.4507667007e-09 p32n=2.4507649243e-09 p64q=2.4507661675e-09 p64n=2.4507661675e-09 alpha_d=1.3341229992e+00 alpha_p32q=1.3341227090e+00 alpha_p32n=1.3341236760e+00 rz32q=3.2696227947e-09 rz32n=3.2696192420e-09 alpha_full_q=1.3341224172e+00 alpha_full_n=1.3341219346e+00
  residual=1.242e+00
iter=180 pAp_d=2.0860402615e-09 p8q=3.1250000000e-01 p8n=1.0000000000e+00 p8q_e2=9.5367431641e-07 p8n_e2=5.9604644775e-08 p16q=5.9604644775e-08 p16n=1.4901161194e-08 p16q_e2=2.0954757929e-09 p16n_e2=1.2223608792e-09 p32q=2.0860397854e-09 p32n=2.0860362326e-09 p64q=2.0860402615e-09 p64n=2.0860402615e-09 alpha_d=1.3614534341e+00 alpha_p32q=1.3614537449e+00 alpha_p32n=1.3614560636e+00 rz32q=2.8400464203e-09 rz32n=2.8400464203e-09 alpha_full_q=1.3614536215e+00 alpha_full_n=1.3614559401e+00
  residual=1.047e+00
iter=181 pAp_d=2.2916751980e-09 p8q=3.2812500000e-01 p8n=1.0000000000e+00 p8q_e2=9.5367431641e-07 p8n_e2=5.9604644775e-08 p16q=5.9604644775e-08 p16n=1.4901161194e-08 p16q_e2=2.3283064365e-09 p16n_e2=1.0477378964e-09 p32q=2.2916744058e-09 p32n=2.2916779585e-09 p64q=2.2916751980e-09 p64n=2.2916751980e-09 alpha_d=1.2233799682e+00 alpha_p32q=1.2233803910e+00 alpha_p32n=1.2233784945e+00 rz32q=2.8035902488e-09 rz32n=2.8035795907e-09 alpha_full_q=1.2233807044e+00 alpha_full_n=1.2233741570e+00
  residual=9.754e-01
iter=182 pAp_d=2.3122367818e-09 p8q=3.1250000000e-01 p8n=1.0000000000e+00 p8q_e2=9.5367431641e-07 p8n_e2=5.9604644775e-08 p16q=5.9604644775e-08 p16n=1.4901161194e-08 p16q_e2=2.3283064365e-09 p16n_e2=1.0477378964e-09 p32q=2.3122375126e-09 p32n=2.3122321835e-09 p64q=2.3122367818e-09 p64n=2.3122367818e-09 alpha_d=1.1258282968e+00 alpha_p32q=1.1258279410e+00 alpha_p32n=1.1258305357e+00 rz32q=2.6031816702e-09 rz32n=2.6031727884e-09 alpha_full_q=1.1258279723e+00 alpha_full_n=1.1258267258e+00
  residual=9.411e-01
iter=183 pAp_d=1.7999693331e-09 p8q=2.9687500000e-01 p8n=1.0000000000e+00 p8q_e2=9.5367431641e-07 p8n_e2=5.9604644775e-08 p16q=5.9604644775e-08 p16n=1.4901161194e-08 p16q_e2=1.8044374883e-09 p16n_e2=9.0221874416e-10 p32q=1.7999690627e-09 p32n=1.7999655100e-09 p64q=1.7999693331e-09 p64n=1.7999693331e-09 alpha_d=1.3012583676e+00 alpha_p32q=1.3012585631e+00 alpha_p32n=1.3012611314e+00 rz32q=2.3422259687e-09 rz32n=2.3422135342e-09 alpha_full_q=1.3012590145e+00 alpha_full_n=1.3012546747e+00
  residual=1.004e+00
iter=184 pAp_d=1.6785669745e-09 p8q=2.9687500000e-01 p8n=1.0000000000e+00 p8q_e2=9.5367431641e-07 p8n_e2=5.9604644775e-08 p16q=5.9604644775e-08 p16n=1.4901161194e-08 p16q_e2=1.6880221665e-09 p16n_e2=9.3132257462e-10 p32q=1.6785675072e-09 p32n=1.6785746126e-09 p64q=1.6785669745e-09 p64n=1.6785669745e-09 alpha_d=1.2444890480e+00 alpha_p32q=1.2444886530e+00 alpha_p32n=1.2444833851e+00 rz32q=2.0889583396e-09 rz32n=2.0889512342e-09 alpha_full_q=1.2444887266e+00 alpha_full_n=1.2444792257e+00
  residual=7.917e-01
iter=185 pAp_d=1.6706096776e-09 p8q=2.8125000000e-01 p8n=1.0000000000e+00 p8q_e2=9.5367431641e-07 p8n_e2=5.9604644775e-08 p16q=5.9604644775e-08 p16n=1.4901161194e-08 p16q_e2=1.6880221665e-09 p16n_e2=9.3132257462e-10 p32q=1.6706094286e-09 p32n=1.6706085404e-09 p64q=1.6706096776e-09 p64n=1.6706096776e-09 alpha_d=1.0489517043e+00 alpha_p32q=1.0489518606e+00 alpha_p32n=1.0489524183e+00 rz32q=1.7523884566e-09 rz32n=1.7523946738e-09 alpha_full_q=1.0489516141e+00 alpha_full_n=1.0489558933e+00
  residual=7.110e-01
iter=186 pAp_d=1.4076547917e-09 p8q=2.6562500000e-01 p8n=9.8437500000e-01 p8q_e2=9.5367431641e-07 p8n_e2=0.0000000000e+00 p16q=2.9802322388e-08 p16n=1.4901161194e-08 p16q_e2=1.3969838619e-09 p16n_e2=6.6938810050e-10 p32q=1.4076544375e-09 p32n=1.4076597665e-09 p64q=1.4076547917e-09 p64n=1.4076547917e-09 alpha_d=1.0935772258e+00 alpha_p32q=1.0935775010e+00 alpha_p32n=1.0935733610e+00 rz32q=1.5393792907e-09 rz32n=1.5393837316e-09 alpha_full_q=1.0935775498e+00 alpha_full_n=1.0935765646e+00
  residual=7.048e-01
iter=187 pAp_d=1.3832350303e-09 p8q=2.6562500000e-01 p8n=9.8437500000e-01 p8q_e2=9.5367431641e-07 p8n_e2=0.0000000000e+00 p16q=2.9802322388e-08 p16n=1.4901161194e-08 p16q_e2=1.3969838619e-09 p16n_e2=7.5669959188e-10 p32q=1.3832348600e-09 p32n=1.3832339718e-09 p64q=1.3832350303e-09 p64n=1.3832350303e-09 alpha_d=1.0705573104e+00 alpha_p32q=1.0705574422e+00 alpha_p32n=1.0705581297e+00 rz32q=1.4808323456e-09 rz32n=1.4808430038e-09 alpha_full_q=1.0705574219e+00 alpha_full_n=1.0705658146e+00
  residual=7.188e-01
iter=188 pAp_d=9.9637772050e-10 p8q=2.6562500000e-01 p8n=1.0000000000e+00 p8q_e2=9.5367431641e-07 p8n_e2=5.9604644775e-08 p16q=2.9802322388e-08 p16n=1.4901161194e-08 p16q_e2=9.8953023553e-10 p16n_e2=4.6566128731e-10 p32q=9.9637809114e-10 p32n=9.9637542661e-10 p64q=9.9637772050e-10 p64n=9.9637772050e-10 alpha_d=1.2338447334e+00 alpha_p32q=1.2338442745e+00 alpha_p32n=1.2338475740e+00 rz32q=1.2293757123e-09 rz32n=1.2293801532e-09 alpha_full_q=1.2338445850e+00 alpha_full_n=1.2338523416e+00
  residual=6.547e-01
iter=189 pAp_d=7.1836315107e-10 p8q=2.5000000000e-01 p8n=1.0000000000e+00 p8q_e2=9.5367431641e-07 p8n_e2=5.9604644775e-08 p16q=2.9802322388e-08 p16n=1.4901161194e-08 p16q_e2=7.2759576142e-10 p16n_e2=2.1827872843e-10 p32q=7.1836314675e-10 p32n=7.1836359083e-10 p64q=7.1836315107e-10 p64n=7.1836315107e-10 alpha_d=1.4423394470e+00 alpha_p32q=1.4423394556e+00 alpha_p32n=1.4423385640e+00 rz32q=1.0361231872e-09 rz32n=1.0361205227e-09 alpha_full_q=1.4423390063e+00 alpha_full_n=1.4423344055e+00
  residual=6.794e-01
iter=190 pAp_d=6.7159706307e-10 p8q=2.5000000000e-01 p8n=9.8437500000e-01 p8q_e2=9.5367431641e-07 p8n_e2=0.0000000000e+00 p16q=2.9802322388e-08 p16n=1.4901161194e-08 p16q_e2=6.6938810050e-10 p16n_e2=2.4738255888e-10 p32q=6.7159700023e-10 p32n=6.7160321748e-10 p64q=6.7159706307e-10 p64n=6.7159706307e-10 alpha_d=1.5039223136e+00 alpha_p32q=1.5039224543e+00 alpha_p32n=1.5039085320e+00 rz32q=1.0100293935e-09 rz32n=1.0100240644e-09 alpha_full_q=1.5039218357e+00 alpha_full_n=1.5038999786e+00
  residual=7.022e-01
iter=191 pAp_d=7.4348662197e-10 p8q=2.5000000000e-01 p8n=9.8437500000e-01 p8q_e2=9.5367431641e-07 p8n_e2=0.0000000000e+00 p16q=2.9802322388e-08 p16n=1.4901161194e-08 p16q_e2=7.5669959188e-10 p16n_e2=3.9290171117e-10 p32q=7.4348660561e-10 p32n=7.4348971424e-10 p64q=7.4348662197e-10 p64n=7.4348662197e-10 alpha_d=1.4208344757e+00 alpha_p32q=1.4208345069e+00 alpha_p32n=1.4208285662e+00 rz32q=1.0563709907e-09 rz32n=1.0563647734e-09 alpha_full_q=1.4208339232e+00 alpha_full_n=1.4208196202e+00
  residual=7.447e-01
iter=192 pAp_d=9.2028627873e-10 p8q=2.6562500000e-01 p8n=9.6875000000e-01 p8q_e2=9.5367431641e-07 p8n_e2=-5.9604644775e-08 p16q=2.9802322388e-08 p16n=1.4901161194e-08 p16q_e2=9.3132257462e-10 p16n_e2=4.6566128731e-10 p32q=9.2028606957e-10 p32n=9.2029051046e-10 p64q=9.2028627873e-10 p64n=9.2028627873e-10 alpha_d=1.2501248139e+00 alpha_p32q=1.2501250980e+00 alpha_p32n=1.2501190655e+00 rz32q=1.1504726061e-09 rz32n=1.1504850406e-09 alpha_full_q=1.2501249819e+00 alpha_full_n=1.2501324609e+00
  residual=6.502e-01
iter=193 pAp_d=8.1218296578e-10 p8q=2.3437500000e-01 p8n=1.0000000000e+00 p8q_e2=9.5367431641e-07 p8n_e2=5.9604644775e-08 p16q=2.9802322388e-08 p16n=1.4901161194e-08 p16q_e2=8.1490725279e-10 p16n_e2=3.4924596548e-10 p32q=8.1218320958e-10 p32n=8.1218987091e-10 p64q=8.1218296578e-10 p64n=8.1218296578e-10 alpha_d=1.2037190955e+00 alpha_p32q=1.2037187341e+00 alpha_p32n=1.2037088616e+00 rz32q=9.7764019102e-10 rz32n=9.7763130924e-10 alpha_full_q=1.2037187909e+00 alpha_full_n=1.2036979828e+00
  residual=5.654e-01
iter=194 pAp_d=7.8906444153e-10 p8q=2.3437500000e-01 p8n=9.8437500000e-01 p8q_e2=9.5367431641e-07 p8n_e2=0.0000000000e+00 p16q=2.9802322388e-08 p16n=1.4901161194e-08 p16q_e2=7.8580342233e-10 p16n_e2=3.2014213502e-10 p32q=7.8906436940e-10 p32n=7.8906259304e-10 p64q=7.8906444153e-10 p64n=7.8906444153e-10 alpha_d=1.1694042045e+00 alpha_p32q=1.1694043114e+00 alpha_p32n=1.1694069440e+00 rz32q=9.2273522156e-10 rz32n=9.2273122476e-10 alpha_full_q=1.1694042430e+00 alpha_full_n=1.1694018103e+00
  residual=5.999e-01
iter=195 pAp_d=5.9934421561e-10 p8q=2.3437500000e-01 p8n=9.5312500000e-01 p8q_e2=9.5367431641e-07 p8n_e2=-5.9604644775e-08 p16q=2.9802322388e-08 p16n=1.4901161194e-08 p16q_e2=6.1118043959e-10 p16n_e2=2.0372681320e-10 p32q=5.9934412988e-10 p32n=5.9934501806e-10 p64q=5.9934421561e-10 p64n=5.9934421561e-10 alpha_d=1.3214808659e+00 alpha_p32q=1.3214810549e+00 alpha_p32n=1.3214790966e+00 rz32q=7.9202200354e-10 rz32n=7.9202244763e-10 alpha_full_q=1.3214812060e+00 alpha_full_n=1.3214799886e+00
  residual=6.082e-01
iter=196 pAp_d=5.6202937717e-10 p8q=2.5000000000e-01 p8n=9.8437500000e-01 p8q_e2=9.5367431641e-07 p8n_e2=0.0000000000e+00 p16q=2.9802322388e-08 p16n=1.4901161194e-08 p16q_e2=5.5297277868e-10 p16n_e2=1.4551915228e-10 p32q=5.6202953402e-10 p32n=5.6203486309e-10 p64q=5.6202937717e-10 p64n=5.6202937717e-10 alpha_d=1.3294715693e+00 alpha_p32q=1.3294711982e+00 alpha_p32n=1.3294585925e+00 rz32q=7.4720185594e-10 rz32n=7.4720141185e-10 alpha_full_q=1.3294708031e+00 alpha_full_n=1.3294574072e+00
  residual=6.104e-01
iter=197 pAp_d=4.4165281819e-10 p8q=2.3437500000e-01 p8n=1.0000000000e+00 p8q_e2=9.5367431641e-07 p8n_e2=5.9604644775e-08 p16q=2.9802322388e-08 p16n=1.4901161194e-08 p16q_e2=4.3655745685e-10 p16n_e2=1.4551915228e-10 p32q=4.4165271440e-10 p32n=4.4165693325e-10 p64q=4.4165281819e-10 p64n=4.4165281819e-10 alpha_d=1.5883000654e+00 alpha_p32q=1.5883004387e+00 alpha_p32n=1.5882852667e+00 rz32q=7.0147709863e-10 rz32n=7.0147354592e-10 alpha_full_q=1.5883002091e+00 alpha_full_n=1.5882769931e+00
  residual=6.567e-01
iter=198 pAp_d=5.5530759195e-10 p8q=2.3437500000e-01 p8n=1.0000000000e+00 p8q_e2=9.5367431641e-07 p8n_e2=5.9604644775e-08 p16q=2.9802322388e-08 p16n=1.4901161194e-08 p16q_e2=5.5297277868e-10 p16n_e2=1.4551915228e-10 p32q=5.5530779974e-10 p32n=5.5530557930e-10 p64q=5.5530759195e-10 p64n=5.5530759195e-10 alpha_d=1.4634937560e+00 alpha_p32q=1.4634932084e+00 alpha_p32n=1.4634990603e+00 rz32q=8.1268902719e-10 rz32n=8.1268236585e-10 alpha_full_q=1.4634929089e+00 alpha_full_n=1.4634867650e+00
  residual=6.650e-01
iter=199 pAp_d=5.7446280407e-10 p8q=2.5000000000e-01 p8n=9.6875000000e-01 p8q_e2=9.5367431641e-07 p8n_e2=-5.9604644775e-08 p16q=2.9802322388e-08 p16n=1.4901161194e-08 p16q_e2=5.8207660913e-10 p16n_e2=1.7462298274e-10 p32q=5.7446269963e-10 p32n=5.7446625235e-10 p64q=5.7446280407e-10 p64n=5.7446280407e-10 alpha_d=1.4750108510e+00 alpha_p32q=1.4750111192e+00 alpha_p32n=1.4750019971e+00 rz32q=8.4733864369e-10 rz32n=8.4733375871e-10 alpha_full_q=1.4750107261e+00 alpha_full_n=1.4749931006e+00
  residual=6.094e-01
iter=200 pAp_d=5.4900100161e-10 p8q=2.5000000000e-01 p8n=9.8437500000e-01 p8q_e2=9.5367431641e-07 p8n_e2=0.0000000000e+00 p16q=2.9802322388e-08 p16n=1.4901161194e-08 p16q_e2=5.5297277868e-10 p16n_e2=1.6007106751e-10 p32q=5.4900084479e-10 p32n=5.4899951252e-10 p64q=5.4900100161e-10 p64n=5.4900100161e-10 alpha_d=1.3866481729e+00 alpha_p32q=1.3866485690e+00 alpha_p32n=1.3866519340e+00 rz32q=7.6127104620e-10 rz32n=7.6126571713e-10 alpha_full_q=1.3866482236e+00 alpha_full_n=1.3866418818e+00
  residual=5.409e-01
iter=201 pAp_d=4.5985218324e-10 p8q=2.3437500000e-01 p8n=1.0000000000e+00 p8q_e2=9.5367431641e-07 p8n_e2=5.9604644775e-08 p16q=2.9802322388e-08 p16n=1.4901161194e-08 p16q_e2=4.5110937208e-10 p16n_e2=1.0913936421e-10 p32q=4.5985215635e-10 p32n=4.5985171226e-10 p64q=4.5985218324e-10 p64n=4.5985218324e-10 alpha_d=1.4842253860e+00 alpha_p32q=1.4842254728e+00 alpha_p32n=1.4842269061e+00 rz32q=6.8252425933e-10 rz32n=6.8252248298e-10 alpha_full_q=1.4842254188e+00 alpha_full_n=1.4842229892e+00
  residual=5.768e-01
iter=202 pAp_d=4.7816339859e-10 p8q=2.1875000000e-01 p8n=9.8437500000e-01 p8q_e2=9.5367431641e-07 p8n_e2=0.0000000000e+00 p16q=2.9802322388e-08 p16n=1.4901161194e-08 p16q_e2=4.6566128731e-10 p16n_e2=1.4551915228e-10 p32q=4.7816328674e-10 p32n=4.7816062221e-10 p64q=4.7816339859e-10 p64n=4.7816339859e-10 alpha_d=1.4160740533e+00 alpha_p32q=1.4160743845e+00 alpha_p32n=1.4160822755e+00 rz32q=6.7711480867e-10 rz32n=6.7710415053e-10 alpha_full_q=1.4160744403e+00 alpha_full_n=1.4160600415e+00
  residual=5.868e-01
iter=203 pAp_d=5.4119236269e-10 p8q=2.5000000000e-01 p8n=9.5312500000e-01 p8q_e2=9.5367431641e-07 p8n_e2=-5.9604644775e-08 p16q=2.9802322388e-08 p16n=1.4901161194e-08 p16q_e2=5.5297277868e-10 p16n_e2=1.4551915228e-10 p32q=5.4119242421e-10 p32n=5.4119553283e-10 p64q=5.4119236269e-10 p64n=5.4119236269e-10 alpha_d=1.2735952208e+00 alpha_p32q=1.2735950760e+00 alpha_p32n=1.2735877605e+00 rz32q=6.8926020447e-10 rz32n=6.8925887220e-10 alpha_full_q=1.2735954415e+00 alpha_full_n=1.2735856643e+00
  residual=5.570e-01
iter=204 pAp_d=4.9694771525e-10 p8q=2.3437500000e-01 p8n=9.8437500000e-01 p8q_e2=9.5367431641e-07 p8n_e2=0.0000000000e+00 p16q=2.9802322388e-08 p16n=1.4901161194e-08 p16q_e2=4.9476511776e-10 p16n_e2=1.4551915228e-10 p32q=4.9694781623e-10 p32n=4.9694603987e-10 p64q=4.9694771525e-10 p64n=4.9694771525e-10 alpha_d=1.2007191656e+00 alpha_p32q=1.2007189216e+00 alpha_p32n=1.2007232136e+00 rz32q=5.9669469366e-10 rz32n=5.9670224317e-10 alpha_full_q=1.2007190175e+00 alpha_full_n=1.2007385014e+00
  residual=4.697e-01
iter=205 pAp_d=4.4405642519e-10 p8q=2.3437500000e-01 p8n=1.0000000000e+00 p8q_e2=9.5367431641e-07 p8n_e2=5.9604644775e-08 p16q=2.9802322388e-08 p16n=1.4901161194e-08 p16q_e2=4.3655745685e-10 p16n_e2=1.6007106751e-10 p32q=4.4405634725e-10 p32n=4.4405723543e-10 p64q=4.4405642519e-10 p64n=4.4405642519e-10 alpha_d=1.2769005800e+00 alpha_p32q=1.2769008042e+00 alpha_p32n=1.2768982502e+00 rz32q=5.6701576767e-10 rz32n=5.6701621176e-10 alpha_full_q=1.2769004906e+00 alpha_full_n=1.2768989367e+00
  residual=4.964e-01
iter=206 pAp_d=6.2911655887e-10 p8q=2.1875000000e-01 p8n=9.6875000000e-01 p8q_e2=9.5367431641e-07 p8n_e2=0.0000000000e+00 p16q=2.9802322388e-08 p16n=1.4901161194e-08 p16q_e2=6.4028427005e-10 p16n_e2=3.2014213502e-10 p32q=6.2911675869e-10 p32n=6.2911853504e-10 p64q=6.2911655887e-10 p64n=6.2911655887e-10 alpha_d=1.1197909096e+00 alpha_p32q=1.1197905539e+00 alpha_p32n=1.1197873921e+00 rz32q=7.0447914169e-10 rz32n=7.0448136213e-10 alpha_full_q=1.1197907733e+00 alpha_full_n=1.1197911409e+00
  residual=5.707e-01
iter=207 pAp_d=5.7062023746e-10 p8q=2.3437500000e-01 p8n=9.6875000000e-01 p8q_e2=9.5367431641e-07 p8n_e2=-5.9604644775e-08 p16q=2.9802322388e-08 p16n=1.4901161194e-08 p16q_e2=5.8207660913e-10 p16n_e2=1.7462298274e-10 p32q=5.7061999570e-10 p32n=5.7061910752e-10 p64q=5.7062023746e-10 p64n=5.7062023746e-10 alpha_d=1.2983021785e+00 alpha_p32q=1.2983027286e+00 alpha_p32n=1.2983047494e+00 rz32q=7.4083761348e-10 rz32n=7.4083938983e-10 alpha_full_q=1.2983029320e+00 alpha_full_n=1.2983080659e+00
  residual=5.569e-01
iter=208 pAp_d=6.0144234574e-10 p8q=2.5000000000e-01 p8n=1.0000000000e+00 p8q_e2=9.5367431641e-07 p8n_e2=5.9604644775e-08 p16q=2.9802322388e-08 p16n=1.4901161194e-08 p16q_e2=6.1118043959e-10 p16n_e2=2.1827872843e-10 p32q=6.0144245140e-10 p32n=6.0143934277e-10 p64q=6.0144234574e-10 p64n=6.0144234574e-10 alpha_d=1.2406572666e+00 alpha_p32q=1.2406570487e+00 alpha_p32n=1.2406634612e+00 rz32q=7.4618400348e-10 rz32n=7.4617867440e-10 alpha_full_q=1.2406573592e+00 alpha_full_n=1.2406549112e+00
  residual=5.380e-01
iter=209 pAp_d=5.6765476476e-10 p8q=2.3437500000e-01 p8n=1.0000000000e+00 p8q_e2=9.5367431641e-07 p8n_e2=5.9604644775e-08 p16q=2.9802322388e-08 p16n=1.4901161194e-08 p16q_e2=5.5297277868e-10 p16n_e2=2.6193447411e-10 p32q=5.6765481204e-10 p32n=5.6764992706e-10 p64q=5.6765476476e-10 p64n=5.6765476476e-10 alpha_d=1.1781291785e+00 alpha_p32q=1.1781290804e+00 alpha_p32n=1.1781392190e+00 rz32q=6.6877081650e-10 rz32n=6.6877170468e-10 alpha_full_q=1.1781293883e+00 alpha_full_n=1.1781410915e+00
  residual=4.798e-01
iter=210 pAp_d=5.0749769138e-10 p8q=2.3437500000e-01 p8n=1.0000000000e+00 p8q_e2=9.5367431641e-07 p8n_e2=5.9604644775e-08 p16q=2.9802322388e-08 p16n=1.4901161194e-08 p16q_e2=4.9476511776e-10 p16n_e2=2.3283064365e-10 p32q=5.0749759950e-10 p32n=5.0749848768e-10 p64q=5.0749769138e-10 p64n=5.0749769138e-10 alpha_d=1.1634706855e+00 alpha_p32q=1.1634708961e+00 alpha_p32n=1.1634688599e+00 rz32q=5.9045879297e-10 rz32n=5.9045879297e-10 alpha_full_q=1.1634711052e+00 alpha_full_n=1.1634690690e+00
  residual=4.689e-01
iter=211 pAp_d=4.4046782103e-10 p8q=2.1875000000e-01 p8n=9.8437500000e-01 p8q_e2=9.5367431641e-07 p8n_e2=0.0000000000e+00 p16q=2.9802322388e-08 p16n=1.4901161194e-08 p16q_e2=4.3655745685e-10 p16n_e2=1.6007106751e-10 p32q=4.4046788439e-10 p32n=4.4046877257e-10 p64q=4.4046782103e-10 p64n=4.4046782103e-10 alpha_d=1.2911588137e+00 alpha_p32q=1.2911586279e+00 alpha_p32n=1.2911560244e+00 rz32q=5.6871396481e-10 rz32n=5.6871485299e-10 alpha_full_q=1.2911587541e+00 alpha_full_n=1.2911581670e+00
  residual=4.917e-01
iter=212 pAp_d=3.7450319085e-10 p8q=2.3437500000e-01 p8n=1.0000000000e+00 p8q_e2=9.5367431641e-07 p8n_e2=5.9604644775e-08 p16q=2.9802322388e-08 p16n=1.4901161194e-08 p16q_e2=3.7834979594e-10 p16n_e2=1.4551915228e-10 p32q=3.7450309520e-10 p32n=3.7450109680e-10 p64q=3.7450319085e-10 p64n=3.7450319085e-10 alpha_d=1.4404374169e+00 alpha_p32q=1.4404377848e+00 alpha_p32n=1.4404454712e+00 rz32q=5.3944848588e-10 rz32n=5.3944848588e-10 alpha_full_q=1.4404379905e+00 alpha_full_n=1.4404456769e+00
  residual=4.896e-01
iter=213 pAp_d=4.9223629737e-10 p8q=2.3437500000e-01 p8n=1.0000000000e+00 p8q_e2=9.5367431641e-07 p8n_e2=5.9604644775e-08 p16q=2.9802322388e-08 p16n=1.4901161194e-08 p16q_e2=4.9476511776e-10 p16n_e2=2.0372681320e-10 p32q=4.9223647380e-10 p32n=4.9223025655e-10 p64q=4.9223629737e-10 p64n=4.9223629737e-10 alpha_d=1.1391049932e+00 alpha_p32q=1.1391045849e+00 alpha_p32n=1.1391189727e+00 rz32q=5.6070881271e-10 rz32n=5.6070925680e-10 alpha_full_q=1.1391045616e+00 alpha_full_n=1.1391198516e+00
  residual=4.208e-01
iter=214 pAp_d=6.2805531872e-10 p8q=2.3437500000e-01 p8n=9.6875000000e-01 p8q_e2=9.5367431641e-07 p8n_e2=-5.9604644775e-08 p16q=2.9802322388e-08 p16n=1.4901161194e-08 p16q_e2=6.4028427005e-10 p16n_e2=3.4924596548e-10 p32q=6.2805538548e-10 p32n=6.2805138867e-10 p64q=6.2805531872e-10 p64n=6.2805531872e-10 alpha_d=9.7549450265e-01 alpha_p32q=9.7549439896e-01 alpha_p32n=9.7550060683e-01 rz32q=6.1266458573e-10 rz32n=6.1266858253e-10 alpha_full_q=9.7549451832e-01 alpha_full_n=9.7550709000e-01
  residual=4.442e-01
iter=215 pAp_d=4.5190237358e-10 p8q=2.5000000000e-01 p8n=9.5312500000e-01 p8q_e2=9.5367431641e-07 p8n_e2=-5.9604644775e-08 p16q=2.9802322388e-08 p16n=1.4901161194e-08 p16q_e2=4.5110937208e-10 p16n_e2=1.4551915228e-10 p32q=4.5190229336e-10 p32n=4.5190118314e-10 p64q=4.5190237358e-10 p64n=4.5190237358e-10 alpha_d=1.2213584662e+00 alpha_p32q=1.2213586830e+00 alpha_p32n=1.2213616836e+00 rz32q=5.5193494219e-10 rz32n=5.5193627446e-10 alpha_full_q=1.2213590201e+00 alpha_full_n=1.2213649688e+00
  residual=4.346e-01
iter=216 pAp_d=3.2270875766e-10 p8q=2.5000000000e-01 p8n=9.8437500000e-01 p8q_e2=9.5367431641e-07 p8n_e2=0.0000000000e+00 p16q=2.9802322388e-08 p16n=1.4901161194e-08 p16q_e2=3.2014213502e-10 p16n_e2=1.0186340660e-10 p32q=3.2270874861e-10 p32n=3.2270786043e-10 p64q=3.2270875766e-10 p64n=3.2270875766e-10 alpha_d=1.4107165475e+00 alpha_p32q=1.4107165870e+00 alpha_p32n=1.4107204697e+00 rz32q=4.5525050396e-10 rz32n=4.5524917169e-10 alpha_full_q=1.4107163376e+00 alpha_full_n=1.4107160919e+00
  residual=4.633e-01
iter=217 pAp_d=2.9634201433e-10 p8q=2.3437500000e-01 p8n=1.0000000000e+00 p8q_e2=9.5367431641e-07 p8n_e2=5.9604644775e-08 p16q=1.4901161194e-08 p16n=1.4901161194e-08 p16q_e2=2.9103830457e-10 p16n_e2=8.7311491370e-11 p32q=2.9634206200e-10 p32n=2.9634161791e-10 p64q=2.9634201433e-10 p64n=2.9634201433e-10 alpha_d=1.3840205510e+00 alpha_p32q=1.3840203283e+00 alpha_p32n=1.3840224023e+00 rz32q=4.1014347474e-10 rz32n=4.1014303065e-10 alpha_full_q=1.3840204525e+00 alpha_full_n=1.3840210280e+00
  residual=4.223e-01
iter=218 pAp_d=3.0422485487e-10 p8q=2.3437500000e-01 p8n=1.0000000000e+00 p8q_e2=9.5367431641e-07 p8n_e2=5.9604644775e-08 p16q=2.9802322388e-08 p16n=1.4901161194e-08 p16q_e2=3.0559021980e-10 p16n_e2=7.2759576142e-11 p32q=3.0422486752e-10 p32n=3.0422553365e-10 p64q=3.0422485487e-10 p64n=3.0422485487e-10 alpha_d=1.1718804097e+00 alpha_p32q=1.1718803610e+00 alpha_p32n=1.1718777950e+00 rz32q=3.5651503971e-10 rz32n=3.5651503971e-10 alpha_full_q=1.1718800065e+00 alpha_full_n=1.1718774405e+00
  residual=3.424e-01
iter=219 pAp_d=2.2836189112e-10 p8q=2.1875000000e-01 p8n=9.5312500000e-01 p8q_e2=9.5367431641e-07 p8n_e2=-5.9604644775e-08 p16q=1.4901161194e-08 p16n=1.4901161194e-08 p16q_e2=2.3283064365e-10 p16n_e2=5.8207660913e-11 p32q=2.2836199598e-10 p32n=2.2836177394e-10 p64q=2.2836189112e-10 p64n=2.2836189112e-10 alpha_d=1.1871621174e+00 alpha_p32q=1.1871615723e+00 alpha_p32n=1.1871627266e+00 rz32q=2.7110269585e-10 rz32n=2.7110180767e-10 alpha_full_q=1.1871620524e+00 alpha_full_n=1.1871593174e+00
  residual=2.934e-01
iter=220 pAp_d=1.5453905598e-10 p8q=2.3437500000e-01 p8n=9.6875000000e-01 p8q_e2=9.5367431641e-07 p8n_e2=-5.9604644775e-08 p16q=1.4901161194e-08 p16n=1.4901161194e-08 p16q_e2=1.6007106751e-10 p16n_e2=4.7293724492e-11 p32q=1.5453904822e-10 p32n=1.5453927027e-10 p64q=1.5453905598e-10 p64n=1.5453905598e-10 alpha_d=1.3379787434e+00 alpha_p32q=1.3379788106e+00 alpha_p32n=1.3379768881e+00 rz32q=2.0676993451e-10 rz32n=2.0676971246e-10 alpha_full_q=1.3379785684e+00 alpha_full_n=1.3379752092e+00
  residual=2.955e-01
iter=221 pAp_d=1.3109309789e-10 p8q=2.1875000000e-01 p8n=1.0000000000e+00 p8q_e2=5.9604644775e-08 p8n_e2=5.9604644775e-08 p16q=1.4901161194e-08 p16n=1.4901161194e-08 p16q_e2=1.3096723706e-10 p16n_e2=3.6379788071e-11 p32q=1.3109313635e-10 p32n=1.3109335839e-10 p64q=1.3109309789e-10 p64n=1.3109309789e-10 alpha_d=1.3458181594e+00 alpha_p32q=1.3458177646e+00 alpha_p32n=1.3458154851e+00 rz32q=1.7642753924e-10 rz32n=1.7642887151e-10 alpha_full_q=1.3458182798e+00 alpha_full_n=1.3458261630e+00
  residual=2.503e-01
iter=222 pAp_d=1.3906699357e-10 p8q=2.0312500000e-01 p8n=9.8437500000e-01 p8q_e2=5.9604644775e-08 p8n_e2=0.0000000000e+00 p16q=1.4901161194e-08 p16n=1.4901161194e-08 p16q_e2=1.4551915228e-10 p16n_e2=4.7293724492e-11 p32q=1.3906698015e-10 p32n=1.3906764629e-10 p64q=1.3906699357e-10 p64n=1.3906699357e-10 alpha_d=1.1745486087e+00 alpha_p32q=1.1745487221e+00 alpha_p32n=1.1745430960e+00 rz32q=1.6334089636e-10 rz32n=1.6334000819e-10 alpha_full_q=1.1745483808e+00 alpha_full_n=1.1745363681e+00
  residual=2.316e-01
iter=223 pAp_d=1.1866747338e-10 p8q=2.0312500000e-01 p8n=9.8437500000e-01 p8q_e2=5.9604644775e-08 p8n_e2=0.0000000000e+00 p16q=1.4901161194e-08 p16n=1.4901161194e-08 p16q_e2=1.1641532183e-10 p16n_e2=3.6379788071e-11 p32q=1.1866752025e-10 p32n=1.1866752025e-10 p64q=1.1866747338e-10 p64n=1.1866747338e-10 alpha_d=1.1476242992e+00 alpha_p32q=1.1476238458e+00 alpha_p32n=1.1476238458e+00 rz32q=1.3618572936e-10 rz32n=1.3618617345e-10 alpha_full_q=1.1476242957e+00 alpha_full_n=1.1476280380e+00
  residual=2.020e-01
iter=224 pAp_d=9.0305073772e-11 p8q=2.1875000000e-01 p8n=1.0000000000e+00 p8q_e2=5.9604644775e-08 p8n_e2=5.9604644775e-08 p16q=1.4901161194e-08 p16n=1.4901161194e-08 p16q_e2=8.7311491370e-11 p16n_e2=2.9103830457e-11 p32q=9.0305096734e-11 p32n=9.0304097533e-11 p64q=9.0305073772e-11 p64n=9.0305073772e-11 alpha_d=1.2100123909e+00 alpha_p32q=1.2100120832e+00 alpha_p32n=1.2100254718e+00 rz32q=1.0927025951e-10 rz32n=1.0926981542e-10 alpha_full_q=1.2100120974e+00 alpha_full_n=1.2100205683e+00
  residual=1.901e-01
iter=225 pAp_d=7.1849942830e-11 p8q=2.1875000000e-01 p8n=1.0000000000e+00 p8q_e2=5.9604644775e-08 p8n_e2=5.9604644775e-08 p16q=1.4901161194e-08 p16n=1.4901161194e-08 p16q_e2=7.2759576142e-11 p16n_e2=2.1827872843e-11 p32q=7.1849970418e-11 p32n=7.1849748373e-11 p64q=7.1849942830e-11 p64n=7.1849942830e-11 alpha_d=1.1962217272e+00 alpha_p32q=1.1962212679e+00 alpha_p32n=1.1962249647e+00 rz32q=8.5948470563e-11 rz32n=8.5948692607e-11 alpha_full_q=1.1962213772e+00 alpha_full_n=1.1962281644e+00
  residual=1.528e-01
iter=226 pAp_d=8.2798525340e-11 p8q=2.0312500000e-01 p8n=1.0000000000e+00 p8q_e2=5.9604644775e-08 p8n_e2=5.9604644775e-08 p16q=1.4901161194e-08 p16n=1.4901161194e-08 p16q_e2=8.0035533756e-11 p16n_e2=2.9103830457e-11 p32q=8.2798545797e-11 p32n=8.2795881262e-11 p64q=8.2798525340e-11 p64n=8.2798525340e-11 alpha_d=9.2911799180e-01 alpha_p32q=9.2911776224e-01 alpha_p32n=9.2914766308e-01 rz32q=7.6929573822e-11 rz32n=7.6929684845e-11 alpha_full_q=9.2911745105e-01 alpha_full_n=9.2914869281e-01
  residual=1.488e-01
iter=227 pAp_d=6.3383225054e-11 p8q=2.1875000000e-01 p8n=9.6875000000e-01 p8q_e2=5.9604644775e-08 p8n_e2=-5.9604644775e-08 p16q=1.4901161194e-08 p16n=1.4901161194e-08 p16q_e2=6.5483618528e-11 p16n_e2=2.1827872843e-11 p32q=6.3383187587e-11 p32n=6.3384186788e-11 p64q=6.3383225054e-11 p64n=6.3383225054e-11 alpha_d=1.0286508869e+00 alpha_p32q=1.0286514949e+00 alpha_p32n=1.0286352791e+00 rz32q=6.5199179389e-11 rz32n=6.5198846322e-11 alpha_full_q=1.0286510015e+00 alpha_full_n=1.0286295309e+00
  residual=1.440e-01
iter=228 pAp_d=4.0751974636e-11 p8q=2.1875000000e-01 p8n=9.5312500000e-01 p8q_e2=5.9604644775e-08 p8n_e2=-5.9604644775e-08 p16q=1.4901161194e-08 p16n=1.4901161194e-08 p16q_e2=4.0017766878e-11 p16n_e2=7.2759576142e-12 p32q=4.0751957364e-11 p32n=4.0752012875e-11 p64q=4.0751974636e-11 p64n=4.0751974636e-11 alpha_d=1.2720819486e+00 alpha_p32q=1.2720824878e+00 alpha_p32n=1.2720807550e+00 rz32q=5.1839865733e-11 rz32n=5.1840087778e-11 alpha_full_q=1.2720828418e+00 alpha_full_n=1.2720865577e+00
  residual=1.474e-01
iter=229 pAp_d=3.7323954888e-11 p8q=1.8750000000e-01 p8n=1.0000000000e+00 p8q_e2=5.9604644775e-08 p8n_e2=5.9604644775e-08 p16q=3.7252902985e-09 p16n=1.4901161194e-08 p16q_e2=3.6379788071e-11 p16n_e2=1.0913936421e-11 p32q=3.7323977242e-11 p32n=3.7323089064e-11 p64q=3.7323954888e-11 p64n=3.7323954888e-11 alpha_d=1.2847051267e+00 alpha_p32q=1.2847043572e+00 alpha_p32n=1.2847349294e+00 rz32q=4.7950254878e-11 rz32n=4.7950587945e-11 alpha_full_q=1.2847037862e+00 alpha_full_n=1.2847432822e+00
  residual=1.493e-01
iter=230 pAp_d=3.6629537541e-11 p8q=2.1875000000e-01 p8n=1.0000000000e+00 p8q_e2=5.9604644775e-08 p8n_e2=5.9604644775e-08 p16q=1.4901161194e-08 p16n=1.4901161194e-08 p16q_e2=3.6379788071e-11 p16n_e2=1.0913936421e-11 p32q=3.6629532740e-11 p32n=3.6629699274e-11 p64q=3.6629537541e-11 p64n=3.6629537541e-11 alpha_d=1.2823616348e+00 alpha_p32q=1.2823618029e+00 alpha_p32n=1.2823559727e+00 rz32q=4.6972314927e-11 rz32n=4.6973203105e-11 alpha_full_q=1.2823618379e+00 alpha_full_n=1.2823802553e+00
  residual=1.314e-01
iter=231 pAp_d=3.6792072998e-11 p8q=2.0312500000e-01 p8n=9.8437500000e-01 p8q_e2=5.9604644775e-08 p8n_e2=0.0000000000e+00 p16q=3.7252902985e-09 p16n=1.4901161194e-08 p16q_e2=3.6379788071e-11 p16n_e2=1.4551915228e-11 p32q=3.6792069391e-11 p32n=3.6792680014e-11 p64q=3.6792072998e-11 p64n=3.6792072998e-11 alpha_d=1.1760736695e+00 alpha_p32q=1.1760737848e+00 alpha_p32n=1.1760542663e+00 rz32q=4.3270165229e-11 rz32n=4.3270054206e-11 alpha_full_q=1.1760731577e+00 alpha_full_n=1.1760506218e+00
  residual=1.267e-01
iter=232 pAp_d=3.5384624096e-11 p8q=2.0312500000e-01 p8n=9.6875000000e-01 p8q_e2=5.9604644775e-08 p8n_e2=-5.9604644775e-08 p16q=3.7252902985e-09 p16n=1.4901161194e-08 p16q_e2=3.6379788071e-11 p16n_e2=1.0913936421e-11 p32q=3.5384639663e-11 p32n=3.5384084551e-11 p64q=3.5384624096e-11 p64n=3.5384624096e-11 alpha_d=1.1569272217e+00 alpha_p32q=1.1569267127e+00 alpha_p32n=1.1569448628e+00 rz32q=4.0937420120e-11 rz32n=4.0937309098e-11 alpha_full_q=1.1569262966e+00 alpha_full_n=1.1569413090e+00
  residual=1.293e-01
iter=233 pAp_d=2.8729471241e-11 p8q=2.0312500000e-01 p8n=1.0000000000e+00 p8q_e2=5.9604644775e-08 p8n_e2=5.9604644775e-08 p16q=3.7252902985e-09 p16n=1.4901161194e-08 p16q_e2=2.9103830457e-11 p16n_e2=7.2759576142e-12 p32q=2.8729463253e-11 p32n=2.8729324475e-11 p64q=2.8729471241e-11 p64n=2.8729471241e-11 alpha_d=1.3493472809e+00 alpha_p32q=1.3493476561e+00 alpha_p32n=1.3493541742e+00 rz32q=3.8766045929e-11 rz32n=3.8765768373e-11 alpha_full_q=1.3493480748e+00 alpha_full_n=1.3493449318e+00
  residual=1.338e-01
iter=234 pAp_d=2.4047637521e-11 p8q=2.0312500000e-01 p8n=1.0000000000e+00 p8q_e2=5.9604644775e-08 p8n_e2=5.9604644775e-08 p16q=3.7252902985e-09 p16n=1.4901161194e-08 p16q_e2=2.3646862246e-11 p16n_e2=5.4569682106e-12 p32q=2.4047625002e-11 p32n=2.4046986624e-11 p64q=2.4047637521e-11 p64n=2.4047637521e-11 alpha_d=1.5989433402e+00 alpha_p32q=1.5989441726e+00 alpha_p32n=1.5989866200e+00 rz32q=3.8450798101e-11 rz32n=3.8450520545e-11 alpha_full_q=1.5989436835e+00 alpha_full_n=1.5989745886e+00
  residual=1.561e-01
iter=235 pAp_d=2.7407291320e-11 p8q=1.8750000000e-01 p8n=9.8437500000e-01 p8q_e2=5.9604644775e-08 p8n_e2=0.0000000000e+00 p16q=3.7252902985e-09 p16n=1.4901161194e-08 p16q_e2=2.7284841053e-11 p16n_e2=5.4569682106e-12 p32q=2.7407298653e-11 p32n=2.7407409675e-11 p64q=2.7407291320e-11 p64n=2.7407291320e-11 alpha_d=1.5655995588e+00 alpha_p32q=1.5655991399e+00 alpha_p32n=1.5655927980e+00 rz32q=4.2908843145e-11 rz32n=4.2908843145e-11 alpha_full_q=1.5655991380e+00 alpha_full_n=1.5655927960e+00
  residual=1.503e-01
iter=236 pAp_d=3.1529788538e-11 p8q=1.8750000000e-01 p8n=9.8437500000e-01 p8q_e2=5.9604644775e-08 p8n_e2=0.0000000000e+00 p16q=3.7252902985e-09 p16n=1.4901161194e-08 p16q_e2=3.2741809264e-11 p16n_e2=7.2759576142e-12 p32q=3.1529778788e-11 p32n=3.1529667766e-11 p64q=3.1529788538e-11 p64n=3.1529788538e-11 alpha_d=1.4990167647e+00 alpha_p32q=1.4990172283e+00 alpha_p32n=1.4990225066e+00 rz32q=4.7263692959e-11 rz32n=4.7263637448e-11 alpha_full_q=1.4990175883e+00 alpha_full_n=1.4990211061e+00
  residual=1.542e-01
iter=237 pAp_d=3.6762739997e-11 p8q=2.0312500000e-01 p8n=1.0000000000e+00 p8q_e2=5.9604644775e-08 p8n_e2=5.9604644775e-08 p16q=1.4901161194e-08 p16n=1.4901161194e-08 p16q_e2=3.6379788071e-11 p16n_e2=1.0913936421e-11 p32q=3.6762759503e-11 p32n=3.6762981548e-11 p64q=3.6762739997e-11 p64n=3.6762739997e-11 alpha_d=1.4531632324e+00 alpha_p32q=1.4531624614e+00 alpha_p32n=1.4531536844e+00 rz32q=5.3422266610e-11 rz32n=5.3422710700e-11 alpha_full_q=1.4531625844e+00 alpha_full_n=1.4531658873e+00
  residual=1.551e-01
iter=238 pAp_d=4.0212581815e-11 p8q=2.0312500000e-01 p8n=1.0000000000e+00 p8q_e2=5.9604644775e-08 p8n_e2=5.9604644775e-08 p16q=1.4901161194e-08 p16n=1.4901161194e-08 p16q_e2=4.0017766878e-11 p16n_e2=7.2759576142e-12 p32q=4.0212555508e-11 p32n=4.0212611019e-11 p64q=4.0212581815e-11 p64n=4.0212581815e-11 alpha_d=1.3767336064e+00 alpha_p32q=1.3767345071e+00 alpha_p32n=1.3767326066e+00 rz32q=5.5361992768e-11 rz32n=5.5361937257e-11 alpha_full_q=1.3767340093e+00 alpha_full_n=1.3767307283e+00
  residual=1.437e-01
iter=239 pAp_d=4.8160305886e-11 p8q=2.0312500000e-01 p8n=1.0000000000e+00 p8q_e2=5.9604644775e-08 p8n_e2=5.9604644775e-08 p16q=1.4901161194e-08 p16n=1.4901161194e-08 p16q_e2=4.7293724492e-11 p16n_e2=1.4551915228e-11 p32q=4.8160309074e-11 p32n=4.8159753963e-11 p64q=4.8160305886e-11 p64n=4.8160305886e-11 alpha_d=1.1582186485e+00 alpha_p32q=1.1582185718e+00 alpha_p32n=1.1582319220e+00 rz32q=5.5780158270e-11 rz32n=5.5780380315e-11 alpha_full_q=1.1582184447e+00 alpha_full_n=1.1582364054e+00
  residual=1.333e-01
iter=240 pAp_d=3.4872560173e-11 p8q=1.8750000000e-01 p8n=1.0000000000e+00 p8q_e2=5.9604644775e-08 p8n_e2=5.9604644775e-08 p16q=1.4901161194e-08 p16n=1.4901161194e-08 p16q_e2=3.6379788071e-11 p16n_e2=6.3664629124e-12 p32q=3.4872549293e-11 p32n=3.4872438270e-11 p64q=3.4872560173e-11 p64n=3.4872560173e-11 alpha_d=1.3230585897e+00 alpha_p32q=1.3230590025e+00 alpha_p32n=1.3230632147e+00 rz32q=4.6138426413e-11 rz32n=4.6137316190e-11 alpha_full_q=1.3230586048e+00 alpha_full_n=1.3230309803e+00
  residual=1.303e-01
iter=241 pAp_d=3.1567247714e-11 p8q=1.7187500000e-01 p8n=9.6875000000e-01 p8q_e2=5.9604644775e-08 p8n_e2=0.0000000000e+00 p16q=3.7252902985e-09 p16n=1.4901161194e-08 p16q_e2=3.2741809264e-11 p16n_e2=7.2759576142e-12 p32q=3.1567248815e-11 p32n=3.1566749215e-11 p64q=3.1567247714e-11 p64n=3.1567247714e-11 alpha_d=1.3337520402e+00 alpha_p32q=1.3337519937e+00 alpha_p32n=1.3337731027e+00 rz32q=4.2102876741e-11 rz32n=4.2102710207e-11 alpha_full_q=1.3337518574e+00 alpha_full_n=1.3337676908e+00
  residual=1.295e-01
iter=242 pAp_d=2.7715812047e-11 p8q=2.0312500000e-01 p8n=1.0000000000e+00 p8q_e2=5.9604644775e-08 p8n_e2=5.9604644775e-08 p16q=3.7252902985e-09 p16n=1.4901161194e-08 p16q_e2=2.7284841053e-11 p16n_e2=3.6379788071e-12 p32q=2.7715801876e-11 p32n=2.7715746365e-11 p64q=2.7715812047e-11 p64n=2.7715812047e-11 alpha_d=1.4362591963e+00 alpha_p32q=1.4362597234e+00 alpha_p32n=1.4362626000e+00 rz32q=3.9807102059e-11 rz32n=3.9807823704e-11 alpha_full_q=1.4362601608e+00 alpha_full_n=1.4362890748e+00
  residual=1.500e-01
iter=243 pAp_d=2.2065615238e-11 p8q=1.8750000000e-01 p8n=1.0000000000e+00 p8q_e2=5.9604644775e-08 p8n_e2=5.9604644775e-08 p16q=3.7252902985e-09 p16n=1.4901161194e-08 p16q_e2=2.1827872843e-11 p16n_e2=5.4569682106e-12 p32q=2.2065627103e-11 p32n=2.2065460570e-11 p64q=2.2065615238e-11 p64n=2.2065615238e-11 alpha_d=1.6288220914e+00 alpha_p32q=1.6288212156e+00 alpha_p32n=1.6288335087e+00 rz32q=3.5940972420e-11 rz32n=3.5940639354e-11 alpha_full_q=1.6288217077e+00 alpha_full_n=1.6288189064e+00
  residual=1.314e-01
iter=244 pAp_d=2.3845735185e-11 p8q=1.8750000000e-01 p8n=1.0000000000e+00 p8q_e2=5.9604644775e-08 p8n_e2=5.9604644775e-08 p16q=3.7252902985e-09 p16n=1.4901161194e-08 p16q_e2=2.3646862246e-11 p16n_e2=5.4569682106e-12 p32q=2.3845730945e-11 p32n=2.3845814212e-11 p64q=2.3845735185e-11 p64n=2.3845735185e-11 alpha_d=1.5988208517e+00 alpha_p32q=1.5988211359e+00 alpha_p32n=1.5988155530e+00 rz32q=3.8125058666e-11 rz32n=3.8124670088e-11 alpha_full_q=1.5988211371e+00 alpha_full_n=1.5987992588e+00
  residual=1.481e-01
iter=245 pAp_d=2.5641525510e-11 p8q=1.8750000000e-01 p8n=9.8437500000e-01 p8q_e2=5.9604644775e-08 p8n_e2=0.0000000000e+00 p16q=3.7252902985e-09 p16n=1.4901161194e-08 p16q_e2=2.5465851650e-11 p16n_e2=3.6379788071e-12 p32q=2.5641516688e-11 p32n=2.5641461177e-11 p64q=2.5641525510e-11 p64n=2.5641525510e-11 alpha_d=1.5147209106e+00 alpha_p32q=1.5147214317e+00 alpha_p32n=1.5147247110e+00 rz32q=3.8839764738e-11 rz32n=3.8839431671e-11 alpha_full_q=1.5147218166e+00 alpha_full_n=1.5147121064e+00
  residual=1.331e-01
iter=246 pAp_d=2.9573772788e-11 p8q=2.0312500000e-01 p8n=9.8437500000e-01 p8q_e2=5.9604644775e-08 p8n_e2=0.0000000000e+00 p16q=3.7252902985e-09 p16n=1.4901161194e-08 p16q_e2=2.9103830457e-11 p16n_e2=3.6379788071e-12 p32q=2.9573787863e-11 p32n=2.9574065419e-11 p64q=2.9573772788e-11 p64n=2.9573772788e-11 alpha_d=1.3132974399e+00 alpha_p32q=1.3132967704e+00 alpha_p32n=1.3132844450e+00 rz32q=3.8839154115e-11 rz32n=3.8839376160e-11 alpha_full_q=1.3132965684e+00 alpha_full_n=1.3132917511e+00
  residual=1.182e-01
iter=247 pAp_d=2.2627728739e-11 p8q=2.0312500000e-01 p8n=1.0000000000e+00 p8q_e2=5.9604644775e-08 p8n_e2=5.9604644775e-08 p16q=3.7252902985e-09 p16n=1.4901161194e-08 p16q_e2=2.1827872843e-11 p16n_e2=5.4569682106e-12 p32q=2.2627733021e-11 p32n=2.2627649754e-11 p64q=2.2627728739e-11 p64n=2.2627728739e-11 alpha_d=1.3423125910e+00 alpha_p32q=1.3423123371e+00 alpha_p32n=1.3423172766e+00 rz32q=3.0373481508e-11 rz32n=3.0372870885e-11 alpha_full_q=1.3423121742e+00 alpha_full_n=1.3422901280e+00
  residual=9.884e-02
iter=248 pAp_d=2.5410455883e-11 p8q=1.8750000000e-01 p8n=1.0000000000e+00 p8q_e2=5.9604644775e-08 p8n_e2=5.9604644775e-08 p16q=3.7252902985e-09 p16n=1.4901161194e-08 p16q_e2=2.5465851650e-11 p16n_e2=7.2759576142e-12 p32q=2.5410451521e-11 p32n=2.5410507032e-11 p64q=2.5410455883e-11 p64n=2.5410455883e-11 alpha_d=1.1317820635e+00 alpha_p32q=1.1317822578e+00 alpha_p32n=1.1317797854e+00 rz32q=2.8759106208e-11 rz32n=2.8759383763e-11 alpha_full_q=1.1317825732e+00 alpha_full_n=1.1317910236e+00
  residual=9.482e-02
iter=249 pAp_d=1.8446169674e-11 p8q=2.0312500000e-01 p8n=1.0000000000e+00 p8q_e2=5.9604644775e-08 p8n_e2=5.9604644775e-08 p16q=3.7252902985e-09 p16n=1.4901161194e-08 p16q_e2=1.8189894035e-11 p16n_e2=3.6379788071e-12 p32q=1.8446161265e-11 p32n=1.8445994732e-11 p64q=1.8446169674e-11 p64n=1.8446169674e-11 alpha_d=1.3545275516e+00 alpha_p32q=1.3545281691e+00 alpha_p32n=1.3545403980e+00 rz32q=2.4985846725e-11 rz32n=2.4985929992e-11 alpha_full_q=1.3545282602e+00 alpha_full_n=1.3545450031e+00
  residual=9.446e-02
iter=250 pAp_d=1.7149154542e-11 p8q=1.8750000000e-01 p8n=9.8437500000e-01 p8q_e2=5.9604644775e-08 p8n_e2=0.0000000000e+00 p16q=3.7252902985e-09 p16n=1.4901161194e-08 p16q_e2=1.6370904632e-11 p16n_e2=3.6379788071e-12 p32q=1.7149143217e-11 p32n=1.7148893416e-11 p64q=1.7149154542e-11 p64n=1.7149154542e-11 alpha_d=1.4419890632e+00 alpha_p32q=1.4419900155e+00 alpha_p32n=1.4420110203e+00 rz32q=2.4728885606e-11 rz32n=2.4728719072e-11 alpha_full_q=1.4419895673e+00 alpha_full_n=1.4420008610e+00
  residual=1.162e-01
iter=251 pAp_d=1.7415178592e-11 p8q=2.0312500000e-01 p8n=1.0000000000e+00 p8q_e2=5.9604644775e-08 p8n_e2=5.9604644775e-08 p16q=3.7252902985e-09 p16n=1.4901161194e-08 p16q_e2=1.8189894035e-11 p16n_e2=3.1832314562e-12 p32q=1.7415180409e-11 p32n=1.7414791831e-11 p64q=1.7415178592e-11 p64n=1.7415178592e-11 alpha_d=1.5367243765e+00 alpha_p32q=1.5367242162e+00 alpha_p32n=1.5367585053e+00 rz32q=2.6762342342e-11 rz32n=2.6762425609e-11 alpha_full_q=1.5367249557e+00 alpha_full_n=1.5367640262e+00
  residual=1.165e-01
iter=252 pAp_d=1.8801722669e-11 p8q=1.8750000000e-01 p8n=1.0000000000e+00 p8q_e2=5.9604644775e-08 p8n_e2=5.9604644775e-08 p16q=3.7252902985e-09 p16n=1.4901161194e-08 p16q_e2=1.8189894035e-11 p16n_e2=3.6379788071e-12 p32q=1.8801737944e-11 p32n=1.8802182034e-11 p64q=1.8801722669e-11 p64n=1.8801722669e-11 alpha_d=1.4166970972e+00 alpha_p32q=1.4166959463e+00 alpha_p32n=1.4166624853e+00 rz32q=2.6636359785e-11 rz32n=2.6636470807e-11 alpha_full_q=1.4166966832e+00 alpha_full_n=1.4166691270e+00
  residual=1.005e-01
iter=253 pAp_d=1.7806306297e-11 p8q=1.8750000000e-01 p8n=9.6875000000e-01 p8q_e2=5.9604644775e-08 p8n_e2=-5.9604644775e-08 p16q=3.7252902985e-09 p16n=1.4901161194e-08 p16q_e2=1.8189894035e-11 p16n_e2=3.6379788071e-12 p32q=1.7806311980e-11 p32n=1.7805895647e-11 p64q=1.7806306297e-11 p64n=1.7806306297e-11 alpha_d=1.3078980624e+00 alpha_p32q=1.3078976449e+00 alpha_p32n=1.3079282259e+00 rz32q=2.3288843076e-11 rz32n=2.3288926343e-11 alpha_full_q=1.3078981825e+00 alpha_full_n=1.3079334399e+00
  residual=9.371e-02
iter=254 pAp_d=1.2748302719e-11 p8q=1.8750000000e-01 p8n=9.6875000000e-01 p8q_e2=5.9604644775e-08 p8n_e2=-5.9604644775e-08 p16q=3.7252902985e-09 p16n=-1.4901161194e-08 p16q_e2=1.2732925825e-11 p16n_e2=1.8189894035e-12 p32q=1.2748302414e-11 p32n=1.2748246903e-11 p64q=1.2748302719e-11 p64n=1.2748302719e-11 alpha_d=1.3153825074e+00 alpha_p32q=1.3153825389e+00 alpha_p32n=1.3153882666e+00 rz32q=1.6768891831e-11 rz32n=1.6768281208e-11 alpha_full_q=1.3153823377e+00 alpha_full_n=1.3153401669e+00
  residual=7.363e-02
iter=255 pAp_d=1.0323351898e-11 p8q=2.0312500000e-01 p8n=9.8437500000e-01 p8q_e2=5.9604644775e-08 p8n_e2=0.0000000000e+00 p16q=3.7252902985e-09 p16n=1.4901161194e-08 p16q_e2=1.0913936421e-11 p16n_e2=2.7284841053e-12 p32q=1.0323353283e-11 p32n=1.0323186750e-11 p64q=1.0323351898e-11 p64n=1.0323351898e-11 alpha_d=1.2123495611e+00 alpha_p32q=1.2123493985e+00 alpha_p32n=1.2123689561e+00 rz32q=1.2515516401e-11 rz32n=1.2515211090e-11 alpha_full_q=1.2123499078e+00 alpha_full_n=1.2123398901e+00
  residual=5.709e-02
iter=256 pAp_d=1.0328098443e-11 p8q=1.8750000000e-01 p8n=1.0000000000e+00 p8q_e2=5.9604644775e-08 p8n_e2=5.9604644775e-08 p16q=3.7252902985e-09 p16n=1.4901161194e-08 p16q_e2=1.0913936421e-11 p16n_e2=2.7284841053e-12 p32q=1.0328099487e-11 p32n=1.0327905198e-11 p64q=1.0328098443e-11 p64n=1.0328098443e-11 alpha_d=1.0475163441e+00 alpha_p32q=1.0475162383e+00 alpha_p32n=1.0475359442e+00 rz32q=1.0818845819e-11 rz32n=1.0819012353e-11 alpha_full_q=1.0475156473e+00 alpha_full_n=1.0475514778e+00
  residual=5.243e-02
iter=257 pAp_d=7.0062264946e-12 p8q=2.0312500000e-01 p8n=1.0000000000e+00 p8q_e2=5.9604644775e-08 p8n_e2=5.9604644775e-08 p16q=3.7252902985e-09 p16n=1.4901161194e-08 p16q_e2=7.2759576142e-12 p16n_e2=1.8189894035e-12 p32q=7.0062289304e-12 p32n=7.0060623969e-12 p64q=7.0062264946e-12 p64n=7.0062264946e-12 alpha_d=1.2755182840e+00 alpha_p32q=1.2755178406e+00 alpha_p32n=1.2755481595e+00 rz32q=8.9365737033e-12 rz32n=8.9364904365e-12 alpha_full_q=1.2755183697e+00 alpha_full_n=1.2755368037e+00
  residual=5.960e-02
iter=258 pAp_d=6.2353731496e-12 p8q=2.0312500000e-01 p8n=9.8437500000e-01 p8q_e2=5.9604644775e-08 p8n_e2=0.0000000000e+00 p16q=3.7252902985e-09 p16n=1.4901161194e-08 p16q_e2=6.3664629124e-12 p16n_e2=1.1368683772e-12 p32q=6.2353733288e-12 p32n=6.2354010844e-12 p64q=6.2353731496e-12 p64n=6.2353731496e-12 alpha_d=1.2727333072e+00 alpha_p32q=1.2727332707e+00 alpha_p32n=1.2727276054e+00 rz32q=7.9359574467e-12 rz32n=7.9356521354e-12 alpha_full_q=1.2727317240e+00 alpha_full_n=1.2726770946e+00
  residual=5.309e-02
iter=259 pAp_d=5.8908835960e-12 p8q=1.8750000000e-01 p8n=1.0000000000e+00 p8q_e2=5.9604644775e-08 p8n_e2=5.9604644775e-08 p16q=3.7252902985e-09 p16n=1.4901161194e-08 p16q_e2=5.4569682106e-12 p16n_e2=6.8212102633e-13 p32q=5.8908850020e-12 p32n=5.8908433687e-12 p64q=5.8908835960e-12 p64n=5.8908835960e-12 alpha_d=1.1156600116e+00 alpha_p32q=1.1156597453e+00 alpha_p32n=1.1156676302e+00 rz32q=6.5722288722e-12 rz32n=6.5721872389e-12 alpha_full_q=1.1156606978e+00 alpha_full_n=1.1156615153e+00
  residual=4.339e-02
iter=260 pAp_d=4.1818343420e-12 p8q=2.0312500000e-01 p8n=1.0000000000e+00 p8q_e2=5.9604644775e-08 p8n_e2=5.9604644775e-08 p16q=3.7252902985e-09 p16n=1.4901161194e-08 p16q_e2=4.5474735089e-12 p16n_e2=4.5474735089e-13 p32q=4.1818354335e-12 p32n=4.1818770669e-12 p64q=4.1818343420e-12 p64n=4.1818343420e-12 alpha_d=1.1994912798e+00 alpha_p32q=1.1994909667e+00 alpha_p32n=1.1994790250e+00 rz32q=5.0160708920e-12 rz32n=5.0159598697e-12 alpha_full_q=1.1994902649e+00 alpha_full_n=1.1994517748e+00
  residual=3.734e-02
iter=261 pAp_d=3.4667322353e-12 p8q=2.0312500000e-01 p8n=9.8437500000e-01 p8q_e2=5.9604644775e-08 p8n_e2=0.0000000000e+00 p16q=3.7252902985e-09 p16n=1.4901161194e-08 p16q_e2=3.6379788071e-12 p16n_e2=4.5474735089e-13 p32q=3.4667338444e-12 p32n=3.4667338444e-12 p64q=3.4667322353e-12 p64n=3.4667322353e-12 alpha_d=1.2573973816e+00 alpha_p32q=1.2573967980e+00 alpha_p32n=1.2573967980e+00 rz32q=4.3590547838e-12 rz32n=4.3588466170e-12 alpha_full_q=1.2573952831e+00 alpha_full_n=1.2573352362e+00
  residual=4.061e-02
iter=262 pAp_d=3.2098252469e-12 p8q=1.8750000000e-01 p8n=9.8437500000e-01 p8q_e2=5.9604644775e-08 p8n_e2=0.0000000000e+00 p16q=3.7252902985e-09 p16n=1.4901161194e-08 p16q_e2=3.1832314562e-12 p16n_e2=4.5474735089e-13 p32q=3.2098282365e-12 p32n=3.2098490532e-12 p64q=3.2098252469e-12 p64n=3.2098252469e-12 alpha_d=1.3116279957e+00 alpha_p32q=1.3116267741e+00 alpha_p32n=1.3116182678e+00 rz32q=4.2100906095e-12 rz32n=4.2101322428e-12 alpha_full_q=1.3116248906e+00 alpha_full_n=1.3116293548e+00
  residual=4.532e-02
iter=263 pAp_d=3.0216219000e-12 p8q=1.8750000000e-01 p8n=1.0000000000e+00 p8q_e2=5.9604644775e-08 p8n_e2=5.9604644775e-08 p16q=3.7252902985e-09 p16n=1.4901161194e-08 p16q_e2=3.1832314562e-12 p16n_e2=4.5474735089e-13 p32q=3.0216246172e-12 p32n=3.0216662505e-12 p64q=3.0216219000e-12 p64n=3.0216219000e-12 alpha_d=1.3729014673e+00 alpha_p32q=1.3729002327e+00 alpha_p32n=1.3728813165e+00 rz32q=4.1483899649e-12 rz32n=4.1482373092e-12 alpha_full_q=1.3729005057e+00 alpha_full_n=1.3728310691e+00
  residual=4.107e-02
iter=264 pAp_d=2.8991629490e-12 p8q=2.0312500000e-01 p8n=1.0000000000e+00 p8q_e2=5.9604644775e-08 p8n_e2=5.9604644775e-08 p16q=3.7252902985e-09 p16n=1.4901161194e-08 p16q_e2=2.7284841053e-12 p16n_e2=4.5474735089e-13 p32q=2.8991600787e-12 p32n=2.8991253842e-12 p64q=2.8991629490e-12 p64n=2.8991629490e-12 alpha_d=1.2898904130e+00 alpha_p32q=1.2898916900e+00 alpha_p32n=1.2899071265e+00 rz32q=3.7396058472e-12 rz32n=3.7396891139e-12 alpha_full_q=1.2898928468e+00 alpha_full_n=1.2899370046e+00
  residual=3.535e-02
iter=265 pAp_d=3.7242566038e-12 p8q=1.8750000000e-01 p8n=9.8437500000e-01 p8q_e2=5.9604644775e-08 p8n_e2=0.0000000000e+00 p16q=3.7252902985e-09 p16n=1.4901161194e-08 p16q_e2=3.6379788071e-12 p16n_e2=1.8189894035e-12 p32q=3.7242570139e-12 p32n=3.7242292583e-12 p64q=3.7242566038e-12 p64n=3.7242566038e-12 alpha_d=1.0270514846e+00 alpha_p32q=1.0270513715e+00 alpha_p32n=1.0270590258e+00 rz32q=3.8250097534e-12 rz32n=3.8250652645e-12 alpha_full_q=1.0270531113e+00 alpha_full_n=1.0270756710e+00
  residual=3.274e-02
iter=266 pAp_d=3.7191247664e-12 p8q=1.8750000000e-01 p8n=9.8437500000e-01 p8q_e2=5.9604644775e-08 p8n_e2=0.0000000000e+00 p16q=3.7252902985e-09 p16n=1.4901161194e-08 p16q_e2=3.6379788071e-12 p16n_e2=1.3642420527e-12 p32q=3.7191222324e-12 p32n=3.7191083546e-12 p64q=3.7191247664e-12 p64n=3.7191247664e-12 alpha_d=9.9623664327e-01 alpha_p32q=9.9623732204e-01 alpha_p32n=9.9624103948e-01 rz32q=3.7051334223e-12 rz32n=3.7051750557e-12 alpha_full_q=9.9623867966e-01 alpha_full_n=9.9625359155e-01
  residual=3.420e-02
iter=267 pAp_d=2.0035189007e-12 p8q=2.0312500000e-01 p8n=1.0000000000e+00 p8q_e2=5.9604644775e-08 p8n_e2=5.9604644775e-08 p16q=3.7252902985e-09 p16n=1.4901161194e-08 p16q_e2=1.8189894035e-12 p16n_e2=1.7053025658e-13 p32q=2.0035223480e-12 p32n=2.0034668369e-12 p64q=2.0035189007e-12 p64n=2.0035189007e-12 alpha_d=1.3860176923e+00 alpha_p32q=1.3860153075e+00 alpha_p32n=1.3860537106e+00 rz32q=2.7769106459e-12 rz32n=2.7768967681e-12 alpha_full_q=1.3860143106e+00 alpha_full_n=1.3860457867e+00
  residual=3.185e-02
iter=268 pAp_d=1.6358920042e-12 p8q=1.8750000000e-01 p8n=1.0000000000e+00 p8q_e2=5.9604644775e-08 p8n_e2=5.9604644775e-08 p16q=3.7252902985e-09 p16n=1.4901161194e-08 p16q_e2=1.5916157281e-12 p16n_e2=2.2737367544e-13 p32q=1.6358928101e-12 p32n=1.6358581156e-12 p64q=1.6358920042e-12 p64n=1.6358920042e-12 alpha_d=1.3799952700e+00 alpha_p32q=1.3799945901e+00 alpha_p32n=1.3800238580e+00 rz32q=2.2575205594e-12 rz32n=2.2574997427e-12 alpha_full_q=1.3799929589e+00 alpha_full_n=1.3800095015e+00
  residual=3.020e-02
iter=269 pAp_d=1.4197307170e-12 p8q=2.0312500000e-01 p8n=1.0000000000e+00 p8q_e2=5.9604644775e-08 p8n_e2=5.9604644775e-08 p16q=3.7252902985e-09 p16n=1.4901161194e-08 p16q_e2=1.3642420527e-12 p16n_e2=2.2737367544e-13 p32q=1.4197289178e-12 p32n=1.4197774900e-12 p64q=1.4197307170e-12 p64n=1.4197307170e-12 alpha_d=1.2662936823e+00 alpha_p32q=1.2662952872e+00 alpha_p32n=1.2662519657e+00 rz32q=1.7977945521e-12 rz32n=1.7977425104e-12 alpha_full_q=1.2662942408e+00 alpha_full_n=1.2662142646e+00
  residual=2.494e-02
iter=270 pAp_d=1.0446020935e-12 p8q=2.0312500000e-01 p8n=1.0000000000e+00 p8q_e2=5.9604644775e-08 p8n_e2=5.9604644775e-08 p16q=3.7252902985e-09 p16n=-1.4901161194e-08 p16q_e2=1.1368683772e-12 p16n_e2=5.6843418861e-14 p32q=1.0446019050e-12 p32n=1.0445845577e-12 p64q=1.0446020935e-12 p64n=1.0446020935e-12 alpha_d=1.2713508602e+00 alpha_p32q=1.2713510897e+00 alpha_p32n=1.2713722028e+00 rz32q=1.3280557210e-12 rz32n=1.3280453126e-12 alpha_full_q=1.2713510426e+00 alpha_full_n=1.2713621916e+00
  residual=2.129e-02
iter=271 pAp_d=6.8032926728e-13 p8q=2.0312500000e-01 p8n=1.0000000000e+00 p8q_e2=5.9604644775e-08 p8n_e2=5.9604644775e-08 p16q=3.7252902985e-09 p16n=1.4901161194e-08 p16q_e2=6.8212102633e-13 p16n_e2=5.6843418861e-14 p32q=6.8033079170e-13 p32n=6.8036548617e-13 p64q=6.8032926728e-13 p64n=6.8032926728e-13 alpha_d=1.4334795622e+00 alpha_p32q=1.4334763502e+00 alpha_p32n=1.4334032517e+00 rz32q=9.7523725207e-13 rz32n=9.7516092423e-13 alpha_full_q=1.4334751035e+00 alpha_full_n=1.4332898186e+00
  residual=2.021e-02
iter=272 pAp_d=6.3133605457e-13 p8q=1.8750000000e-01 p8n=1.0000000000e+00 p8q_e2=5.9604644775e-08 p8n_e2=5.9604644775e-08 p16q=3.7252902985e-09 p16n=1.4901161194e-08 p16q_e2=6.8212102633e-13 p16n_e2=5.6843418861e-14 p32q=6.3133526185e-13 p32n=6.3131444517e-13 p64q=6.3133605457e-13 p64n=6.3133605457e-13 alpha_d=1.4721528102e+00 alpha_p32q=1.4721546587e+00 alpha_p32n=1.4722032008e+00 rz32q=9.2942320506e-13 rz32n=9.2938851060e-13 alpha_full_q=1.4721547508e+00 alpha_full_n=1.4721483370e+00
  residual=2.004e-02
iter=273 pAp_d=6.7176608253e-13 p8q=2.0312500000e-01 p8n=9.8437500000e-01 p8q_e2=5.9604644775e-08 p8n_e2=0.0000000000e+00 p16q=3.7252902985e-09 p16n=1.4901161194e-08 p16q_e2=6.8212102633e-13 p16n_e2=1.1368683772e-13 p32q=6.7176472718e-13 p32n=6.7178901331e-13 p64q=6.7176608253e-13 p64n=6.7176608253e-13 alpha_d=1.3707403088e+00 alpha_p32q=1.3707430744e+00 alpha_p32n=1.3706935201e+00 rz32q=9.2081550718e-13 rz32n=9.2077040437e-13 alpha_full_q=1.3707410793e+00 alpha_full_n=1.3706243867e+00
  residual=1.836e-02
iter=274 pAp_d=9.6219327590e-13 p8q=2.0312500000e-01 p8n=1.0000000000e+00 p8q_e2=5.9604644775e-08 p8n_e2=5.9604644775e-08 p16q=3.7252902985e-09 p16n=-1.4901161194e-08 p16q_e2=9.0949470177e-13 p16n_e2=2.2737367544e-13 p32q=9.6219213153e-13 p32n=9.6221988710e-13 p64q=9.6219327590e-13 p64n=9.6219327590e-13 alpha_d=1.1614732071e+00 alpha_p32q=1.1614745885e+00 alpha_p32n=1.1614410854e+00 rz32q=1.1175609049e-12 rz32n=1.1175921300e-12 alpha_full_q=1.1614737518e+00 alpha_full_n=1.1614726997e+00
  residual=1.927e-02
iter=275 pAp_d=7.5961728146e-13 p8q=1.7187500000e-01 p8n=1.0000000000e+00 p8q_e2=5.9604644775e-08 p8n_e2=5.9604644775e-08 p16q=3.7252902985e-09 p16n=1.4901161194e-08 p16q_e2=6.8212102633e-13 p16n_e2=1.1368683772e-13 p32q=7.5961806290e-13 p32n=7.5962153234e-13 p64q=7.5961728146e-13 p64n=7.5961728146e-13 alpha_d=1.3267980016e+00 alpha_p32q=1.3267966367e+00 alpha_p32n=1.3267905768e+00 rz32q=1.0078569923e-12 rz32n=1.0078847479e-12 alpha_full_q=1.3267944004e+00 alpha_full_n=1.3268248792e+00
  residual=2.026e-02
iter=276 pAp_d=7.6335241216e-13 p8q=2.0312500000e-01 p8n=1.0000000000e+00 p8q_e2=5.9604644775e-08 p8n_e2=5.9604644775e-08 p16q=3.7252902985e-09 p16n=1.4901161194e-08 p16q_e2=6.8212102633e-13 p16n_e2=2.2737367544e-13 p32q=7.6335118782e-13 p32n=7.6329914611e-13 p64q=7.6335241216e-13 p64n=7.6335241216e-13 alpha_d=1.2359568863e+00 alpha_p32q=1.2359588687e+00 alpha_p32n=1.2360431363e+00 rz32q=9.4347099577e-13 rz32n=9.4348140411e-13 alpha_full_q=1.2359592948e+00 alpha_full_n=1.2360571984e+00
  residual=1.792e-02
iter=277 pAp_d=1.1806882961e-12 p8q=1.8750000000e-01 p8n=9.5312500000e-01 p8q_e2=5.9604644775e-08 p8n_e2=-5.9604644775e-08 p16q=3.7252902985e-09 p16n=1.4901161194e-08 p16q_e2=1.1368683772e-12 p16n_e2=4.5474735089e-13 p32q=1.1806874922e-12 p32n=1.1807117783e-12 p64q=1.1806882961e-12 p64n=1.1806882961e-12 alpha_d=1.0053861233e+00 alpha_p32q=1.0053868078e+00 alpha_p32n=1.0053661280e+00 rz32q=1.1870469885e-12 rz32n=1.1870192329e-12 alpha_full_q=1.0053862655e+00 alpha_full_n=1.0053420781e+00
  residual=2.007e-02
iter=278 pAp_d=8.6363795727e-13 p8q=1.8750000000e-01 p8n=9.8437500000e-01 p8q_e2=5.9604644775e-08 p8n_e2=0.0000000000e+00 p16q=3.7252902985e-09 p16n=1.4901161194e-08 p16q_e2=9.0949470177e-13 p16n_e2=1.1368683772e-13 p32q=8.6363902141e-13 p32n=8.6363208252e-13 p64q=8.6363795727e-13 p64n=8.6363795727e-13 alpha_d=1.3197758795e+00 alpha_p32q=1.3197742533e+00 alpha_p32n=1.3197848571e+00 rz32q=1.1398069988e-12 rz32n=1.1397410793e-12 alpha_full_q=1.3197724634e+00 alpha_full_n=1.3197067390e+00
  residual=2.257e-02
iter=279 pAp_d=7.5298100627e-13 p8q=2.0312500000e-01 p8n=9.8437500000e-01 p8q_e2=5.9604644775e-08 p8n_e2=0.0000000000e+00 p16q=3.7252902985e-09 p16n=1.4901161194e-08 p16q_e2=6.8212102633e-13 p16n_e2=5.6843418861e-14 p32q=7.5298101088e-13 p32n=7.5294284696e-13 p64q=7.5298100627e-13 p64n=7.5298100627e-13 alpha_d=1.4938071894e+00 alpha_p32q=1.4938071803e+00 alpha_p32n=1.4938828959e+00 rz32q=1.1248085796e-12 rz32n=1.1247287823e-12 alpha_full_q=1.4938073648e+00 alpha_full_n=1.4937770999e+00
  residual=2.364e-02
iter=280 pAp_d=7.4903117717e-13 p8q=1.7187500000e-01 p8n=9.6875000000e-01 p8q_e2=5.9604644775e-08 p8n_e2=-5.9604644775e-08 p16q=3.7252902985e-09 p16n=1.4901161194e-08 p16q_e2=6.8212102633e-13 p16n_e2=1.1368683772e-13 p32q=7.4903278025e-13 p32n=7.4902584135e-13 p64q=7.4903117717e-13 p64n=7.4903117717e-13 alpha_d=1.4621197175e+00 alpha_p32q=1.4621165882e+00 alpha_p32n=1.4621301331e+00 rz32q=1.0951725637e-12 rz32n=1.0951552165e-12 alpha_full_q=1.4621156679e+00 alpha_full_n=1.4621060530e+00
  residual=2.190e-02
iter=281 pAp_d=7.4998160365e-13 p8q=1.7187500000e-01 p8n=1.0000000000e+00 p8q_e2=5.9604644775e-08 p8n_e2=5.9604644775e-08 p16q=3.7252902985e-09 p16n=1.4901161194e-08 p16q_e2=6.8212102633e-13 p16n_e2=5.6843418861e-14 p32q=7.4997993926e-13 p32n=7.4997646982e-13 p64q=7.4998160365e-13 p64n=7.4998160365e-13 alpha_d=1.5169301583e+00 alpha_p32q=1.5169335248e+00 alpha_p32n=1.5169405422e+00 rz32q=1.1376698195e-12 rz32n=1.1376385944e-12 alpha_full_q=1.5169336670e+00 alpha_full_n=1.5168990498e+00
  residual=2.158e-02
iter=282 pAp_d=7.5289721712e-13 p8q=1.8750000000e-01 p8n=1.0000000000e+00 p8q_e2=5.9604644775e-08 p8n_e2=5.9604644775e-08 p16q=3.7252902985e-09 p16n=1.4901161194e-08 p16q_e2=6.8212102633e-13 p16n_e2=1.1368683772e-13 p32q=7.5289774415e-13 p32n=7.5288386636e-13 p64q=7.5289721712e-13 p64n=7.5289721712e-13 alpha_d=1.3800387766e+00 alpha_p32q=1.3800378106e+00 alpha_p32n=1.3800632486e+00 rz32q=1.0390265037e-12 rz32n=1.0390507899e-12 alpha_full_q=1.3800366807e+00 alpha_full_n=1.3800943761e+00
  residual=1.882e-02
iter=283 pAp_d=8.0108675716e-13 p8q=1.8750000000e-01 p8n=1.0000000000e+00 p8q_e2=5.9604644775e-08 p8n_e2=5.9604644775e-08 p16q=3.7252902985e-09 p16n=1.4901161194e-08 p16q_e2=9.0949470177e-13 p16n_e2=1.1368683772e-13 p32q=8.0108836231e-13 p32n=8.0108836231e-13 p64q=8.0108675716e-13 p64n=8.0108675716e-13 alpha_d=1.1835849637e+00 alpha_p32q=1.1835825921e+00 alpha_p32n=1.1835825921e+00 rz32q=9.4815474916e-13 rz32n=9.4815821861e-13 alpha_full_q=1.1835832272e+00 alpha_full_n=1.1835875581e+00
  residual=1.665e-02
iter=284 pAp_d=6.9602168201e-13 p8q=2.0312500000e-01 p8n=9.8437500000e-01 p8q_e2=5.9604644775e-08 p8n_e2=0.0000000000e+00 p16q=3.7252902985e-09 p16n=1.4901161194e-08 p16q_e2=6.8212102633e-13 p16n_e2=1.1368683772e-13 p32q=6.9602310027e-13 p32n=6.9598146690e-13 p64q=6.9602168201e-13 p64n=6.9602168201e-13 alpha_d=1.2094894952e+00 alpha_p32q=1.2094870307e+00 alpha_p32n=1.2095593818e+00 rz32q=8.4183007787e-13 rz32n=8.4184395566e-13 alpha_full_q=1.2094858311e+00 alpha_full_n=1.2095781220e+00
  residual=1.690e-02
iter=285 pAp_d=5.7194244120e-13 p8q=1.7187500000e-01 p8n=9.6875000000e-01 p8q_e2=5.9604644775e-08 p8n_e2=-5.9604644775e-08 p16q=3.7252902985e-09 p16n=1.4901161194e-08 p16q_e2=6.8212102633e-13 p16n_e2=5.6843418861e-14 p32q=5.7194179948e-13 p32n=5.7197302450e-13 p64q=5.7194244120e-13 p64n=5.7194244120e-13 alpha_d=1.3768680454e+00 alpha_p32q=1.3768695902e+00 alpha_p32n=1.3767944245e+00 rz32q=7.8748813026e-13 rz32n=7.8752282473e-13 alpha_full_q=1.3768675956e+00 alpha_full_n=1.3768530875e+00
  residual=1.783e-02
iter=286 pAp_d=6.8388492096e-13 p8q=1.8750000000e-01 p8n=1.0000000000e+00 p8q_e2=5.9604644775e-08 p8n_e2=5.9604644775e-08 p16q=3.7252902985e-09 p16n=1.4901161194e-08 p16q_e2=6.8212102633e-13 p16n_e2=1.1368683772e-13 p32q=6.8388350538e-13 p32n=6.8386615815e-13 p64q=6.8388492096e-13 p64n=6.8388492096e-13 alpha_d=1.2871052352e+00 alpha_p32q=1.2871078994e+00 alpha_p32n=1.2871405487e+00 rz32q=8.8023338618e-13 rz32n=8.8023685563e-13 alpha_full_q=1.2871101280e+00 alpha_full_n=1.2871478507e+00
  residual=1.789e-02
iter=287 pAp_d=8.3420866730e-13 p8q=1.8750000000e-01 p8n=9.5312500000e-01 p8q_e2=5.9604644775e-08 p8n_e2=5.9604644775e-08 p16q=3.7252902985e-09 p16n=1.4901161194e-08 p16q_e2=9.0949470177e-13 p16n_e2=2.2737367544e-13 p32q=8.3420770292e-13 p32n=8.3422851960e-13 p64q=8.3420866730e-13 p64n=8.3420866730e-13 alpha_d=1.1145941195e+00 alpha_p32q=1.1145954081e+00 alpha_p32n=1.1145675953e+00 rz32q=9.2980484423e-13 rz32n=9.2978749699e-13 alpha_full_q=1.1145963301e+00 alpha_full_n=1.1145477230e+00
  residual=1.681e-02
iter=288 pAp_d=9.7044203761e-13 p8q=1.8750000000e-01 p8n=1.0000000000e+00 p8q_e2=5.9604644775e-08 p8n_e2=5.9604644775e-08 p16q=3.7252902985e-09 p16n=1.4901161194e-08 p16q_e2=9.0949470177e-13 p16n_e2=2.2737367544e-13 p32q=9.7044247638e-13 p32n=9.7044941527e-13 p64q=9.7044203761e-13 p64n=9.7044203761e-13 alpha_d=9.9283497277e-01 alpha_p32q=9.9283452388e-01 alpha_p32n=9.9282742492e-01 rz32q=9.6348970469e-13 rz32n=9.6342378519e-13 alpha_full_q=9.9283546232e-01 alpha_full_n=9.9276043659e-01
  residual=1.606e-02
iter=289 pAp_d=6.5904414265e-13 p8q=1.8750000000e-01 p8n=9.8437500000e-01 p8q_e2=5.9604644775e-08 p8n_e2=0.0000000000e+00 p16q=3.7252902985e-09 p16n=1.4901161194e-08 p16q_e2=6.8212102633e-13 p16n_e2=1.1368683772e-13 p32q=6.5904573465e-13 p32n=6.5906655133e-13 p64q=6.5904414265e-13 p64n=6.5904414265e-13 alpha_d=1.2236916905e+00 alpha_p32q=1.2236887345e+00 alpha_p32n=1.2236500842e+00 rz32q=8.0646600509e-13 rz32n=8.0643824951e-13 alpha_full_q=1.2236874661e+00 alpha_full_n=1.2236067024e+00
  residual=1.580e-02
iter=290 pAp_d=4.6194470193e-13 p8q=1.8750000000e-01 p8n=9.8437500000e-01 p8q_e2=5.9604644775e-08 p8n_e2=0.0000000000e+00 p16q=3.7252902985e-09 p16n=1.4901161194e-08 p16q_e2=4.5474735089e-13 p16n_e2=5.6843418861e-14 p32q=4.6194298386e-13 p32n=4.6194645331e-13 p64q=4.6194470193e-13 p64n=4.6194470193e-13 alpha_d=1.5254665876e+00 alpha_p32q=1.5254722612e+00 alpha_p32n=1.5254608041e+00 rz32q=7.0468283986e-13 rz32n=7.0463773705e-13 alpha_full_q=1.5254757935e+00 alpha_full_n=1.5253667000e+00
  residual=1.680e-02
iter=291 pAp_d=6.5173457075e-13 p8q=1.8750000000e-01 p8n=1.0000000000e+00 p8q_e2=5.9604644775e-08 p8n_e2=5.9604644775e-08 p16q=3.7252902985e-09 p16n=1.4901161194e-08 p16q_e2=6.8212102633e-13 p16n_e2=2.2737367544e-13 p32q=6.5173560992e-13 p32n=6.5174601827e-13 p64q=6.5173457075e-13 p64n=6.5173457075e-13 alpha_d=1.3248596765e+00 alpha_p32q=1.3248575640e+00 alpha_p32n=1.3248364061e+00 rz32q=8.6345514072e-13 rz32n=8.6339269068e-13 alpha_full_q=1.3248549375e+00 alpha_full_n=1.3247379600e+00
  residual=1.775e-02
iter=292 pAp_d=9.4247415963e-13 p8q=1.8750000000e-01 p8n=9.8437500000e-01 p8q_e2=5.9604644775e-08 p8n_e2=0.0000000000e+00 p16q=3.7252902985e-09 p16n=1.4901161194e-08 p16q_e2=9.0949470177e-13 p16n_e2=1.1368683772e-13 p32q=9.4247526450e-13 p32n=9.4252730620e-13 p64q=9.4247415963e-13 p64n=9.4247415963e-13 alpha_d=1.1961746241e+00 alpha_p32q=1.1961732218e+00 alpha_p32n=1.1961071750e+00 rz32q=1.1273620926e-12 rz32n=1.1273516842e-12 alpha_full_q=1.1961715443e+00 alpha_full_n=1.1960944546e+00
  residual=2.029e-02
iter=293 pAp_d=7.9650310675e-13 p8q=2.0312500000e-01 p8n=1.0000000000e+00 p8q_e2=5.9604644775e-08 p8n_e2=5.9604644775e-08 p16q=3.7252902985e-09 p16n=1.4901161194e-08 p16q_e2=9.0949470177e-13 p16n_e2=1.1368683772e-13 p32q=7.9650175344e-13 p32n=7.9650175344e-13 p64q=7.9650310675e-13 p64n=7.9650310675e-13 alpha_d=1.3331865687e+00 alpha_p32q=1.3331888338e+00 alpha_p32n=1.3331888338e+00 rz32q=1.0618866897e-12 rz32n=1.0618346480e-12 alpha_full_q=1.3331881381e+00 alpha_full_n=1.3331228003e+00
  residual=1.902e-02
iter=294 pAp_d=8.2840914054e-13 p8q=1.8750000000e-01 p8n=1.0000000000e+00 p8q_e2=5.9604644775e-08 p8n_e2=5.9604644775e-08 p16q=3.7252902985e-09 p16n=1.4901161194e-08 p16q_e2=9.0949470177e-13 p16n_e2=2.2737367544e-13 p32q=8.2841025706e-13 p32n=8.2838597093e-13 p64q=8.2840914054e-13 p64n=8.2840914054e-13 alpha_d=1.2146959110e+00 alpha_p32q=1.2146942739e+00 alpha_p32n=1.2147298856e+00 rz32q=1.0062645162e-12 rz32n=1.0062645162e-12 alpha_full_q=1.2146934536e+00 alpha_full_n=1.2147290653e+00
  residual=1.770e-02
iter=295 pAp_d=1.0798184395e-12 p8q=1.8750000000e-01 p8n=1.0000000000e+00 p8q_e2=5.9604644775e-08 p8n_e2=5.9604644775e-08 p16q=3.7252902985e-09 p16n=1.4901161194e-08 p16q_e2=1.1368683772e-12 p16n_e2=2.2737367544e-13 p32q=1.0798167915e-12 p32n=1.0797508720e-12 p64q=1.0798184395e-12 p64n=1.0798184395e-12 alpha_d=1.0592766663e+00 alpha_p32q=1.0592782830e+00 alpha_p32n=1.0593429526e+00 rz32q=1.1438280878e-12 rz32n=1.1438142100e-12 alpha_full_q=1.0592797748e+00 alpha_full_n=1.0593315918e+00
  residual=1.824e-02
iter=296 pAp_d=8.8779654283e-13 p8q=1.8750000000e-01 p8n=9.8437500000e-01 p8q_e2=5.9604644775e-08 p8n_e2=0.0000000000e+00 p16q=3.7252902985e-09 p16n=1.4901161194e-08 p16q_e2=9.0949470177e-13 p16n_e2=1.1368683772e-13 p32q=8.8779678054e-13 p32n=8.8778637219e-13 p64q=8.8779654283e-13 p64n=8.8779654283e-13 alpha_d=1.3130849132e+00 alpha_p32q=1.3130845616e+00 alpha_p32n=1.3130999561e+00 rz32q=1.1657515231e-12 rz32n=1.1657549925e-12 alpha_full_q=1.3130837469e+00 alpha_full_n=1.3131030494e+00
  residual=2.389e-02
iter=297 pAp_d=7.7067028994e-13 p8q=1.8750000000e-01 p8n=1.0000000000e+00 p8q_e2=5.9604644775e-08 p8n_e2=5.9604644775e-08 p16q=3.7252902985e-09 p16n=1.4901161194e-08 p16q_e2=6.8212102633e-13 p16n_e2=5.6843418861e-14 p32q=7.7067172088e-13 p32n=7.7063008752e-13 p64q=7.7067028994e-13 p64n=7.7067028994e-13 alpha_d=1.5749048803e+00 alpha_p32q=1.5749019561e+00 alpha_p32n=1.5749870403e+00 rz32q=1.2137339744e-12 rz32n=1.2136992800e-12 alpha_full_q=1.5749039981e+00 alpha_full_n=1.5749440615e+00
  residual=2.437e-02
iter=298 pAp_d=9.0123820790e-13 p8q=1.8750000000e-01 p8n=1.0000000000e+00 p8q_e2=5.9604644775e-08 p8n_e2=5.9604644775e-08 p16q=3.7252902985e-09 p16n=1.4901161194e-08 p16q_e2=9.0949470177e-13 p16n_e2=5.6843418861e-14 p32q=9.0123741803e-13 p32n=9.0126517360e-13 p64q=9.0123820790e-13 p64n=9.0123820790e-13 alpha_d=1.4632047913e+00 alpha_p32q=1.4632060737e+00 alpha_p32n=1.4631610125e+00 rz32q=1.3186951531e-12 rz32n=1.3186639281e-12 alpha_full_q=1.4632050631e+00 alpha_full_n=1.4631253561e+00
  residual=2.394e-02
iter=299 pAp_d=8.7285730705e-13 p8q=1.7187500000e-01 p8n=1.0000000000e+00 p8q_e2=5.9604644775e-08 p8n_e2=5.9604644775e-08 p16q=3.7252902985e-09 p16n=1.4901161194e-08 p16q_e2=9.0949470177e-13 p16n_e2=1.1368683772e-13 p32q=8.7285734196e-13 p32n=8.7286081141e-13 p64q=8.7285730705e-13 p64n=8.7285730705e-13 alpha_d=1.3832006377e+00 alpha_p32q=1.3832005824e+00 alpha_p32n=1.3831950844e+00 rz32q=1.2073363143e-12 rz32n=1.2072981503e-12 alpha_full_q=1.3832000445e+00 alpha_full_n=1.3831508238e+00
  residual=2.142e-02
