matrix=data/matrices/bcsstk37.mtx n=25503 val_range=5.471e-21/4.820e+07 seed=11
iter=0 pAp_d=4.2048258023e+02 p8q=6.4000000000e+01 p8n=6.4000000000e+01 p8q_e2=3.8400000000e+02 p8n_e2=2.2400000000e+02 p16q=4.2000000000e+02 p16n=3.9700000000e+02 p16q_e2=4.2050000000e+02 p16n_e2=4.0350000000e+02 p32q=4.2048258209e+02 p32n=4.2048207092e+02 p64q=4.2048258023e+02 p64n=4.2048258023e+02 alpha_d=8.8342467528e-01 alpha_p32q=8.8342467137e-01 alpha_p32n=8.8342574533e-01 rz32q=3.7146468353e+02 rz32n=3.7146009827e+02 alpha_full_q=8.8342466336e-01 alpha_full_n=8.8341483253e-01
  residual=1.213e+04
iter=1 pAp_d=3.8167704574e+02 p8q=6.4000000000e+01 p8n=1.6000000000e+01 p8q_e2=3.8400000000e+02 p8n_e2=2.2400000000e+02 p16q=3.8200000000e+02 p16n=3.5200000000e+02 p16q_e2=3.8150000000e+02 p16n_e2=3.6050000000e+02 p32q=3.8167704773e+02 p32n=3.8167691040e+02 p64q=3.8167704574e+02 p64n=3.8167704574e+02 alpha_d=9.4745829470e-01 alpha_p32q=9.4745828978e-01 alpha_p32n=9.4745863068e-01 rz32q=3.6162308502e+02 rz32n=3.6162028503e+02 alpha_full_q=9.4745829537e-01 alpha_full_n=9.4745130025e-01
  residual=9.835e+03
iter=2 pAp_d=6.6972725181e+02 p8q=6.4000000000e+01 p8n=6.4000000000e+01 p8q_e2=7.6800000000e+02 p8n_e2=1.2800000000e+02 p16q=6.7000000000e+02 p16n=5.5000000000e+02 p16q_e2=6.7000000000e+02 p16n_e2=6.1600000000e+02 p32q=6.6972724915e+02 p32n=6.6972628784e+02 p64q=6.6972725181e+02 p64n=6.6972725181e+02 alpha_d=5.0235014871e-01 alpha_p32q=5.0235015071e-01 alpha_p32n=5.0235087176e-01 rz32q=3.3643758392e+02 rz32n=3.3643549347e+02 alpha_full_q=5.0235014978e-01 alpha_full_n=5.0234774949e-01
  residual=8.577e+03
iter=3 pAp_d=5.3450197985e+02 p8q=6.4000000000e+01 p8n=3.2000000000e+01 p8q_e2=5.1200000000e+02 p8n_e2=1.2800000000e+02 p16q=5.3400000000e+02 p16n=4.7600000000e+02 p16q_e2=5.3500000000e+02 p16n_e2=5.1000000000e+02 p32q=5.3450198364e+02 p32n=5.3450155640e+02 p64q=5.3450197985e+02 p64n=5.3450197985e+02 alpha_d=5.2400142361e-01 alpha_p32q=5.2400141989e-01 alpha_p32n=5.2400183875e-01 rz32q=2.8007979584e+02 rz32n=2.8007802582e+02 alpha_full_q=5.2400141517e-01 alpha_full_n=5.2399852249e-01
  residual=7.517e+03
iter=4 pAp_d=3.7332097649e+02 p8q=6.4000000000e+01 p8n=2.4000000000e+01 p8q_e2=3.8400000000e+02 p8n_e2=6.4000000000e+01 p16q=3.7300000000e+02 p16n=3.4500000000e+02 p16q_e2=3.7350000000e+02 p16n_e2=3.5350000000e+02 p32q=3.7332097626e+02 p32n=3.7332088470e+02 p64q=3.7332097649e+02 p64n=3.7332097649e+02 alpha_d=6.6624184930e-01 alpha_p32q=6.6624184971e-01 alpha_p32n=6.6624201310e-01 rz32q=2.4872205734e+02 rz32n=2.4872147179e+02 alpha_full_q=6.6624184860e-01 alpha_full_n=6.6624044348e-01
  residual=6.940e+03
iter=5 pAp_d=6.7032608158e+02 p8q=6.4000000000e+01 p8n=2.4000000000e+01 p8q_e2=7.6800000000e+02 p8n_e2=1.2800000000e+02 p16q=6.7000000000e+02 p16n=5.9600000000e+02 p16q_e2=6.7000000000e+02 p16n_e2=6.4000000000e+02 p32q=6.7032608032e+02 p32n=6.7032629395e+02 p64q=6.7032608158e+02 p64n=6.7032608158e+02 alpha_d=5.1487379682e-01 alpha_p32q=5.1487379778e-01 alpha_p32n=5.1487363370e-01 rz32q=3.4513333130e+02 rz32n=3.4513160706e+02 alpha_full_q=5.1487379267e-01 alpha_full_n=5.1487105634e-01
  residual=1.053e+04
iter=6 pAp_d=4.8627896887e+02 p8q=6.4000000000e+01 p8n=3.2000000000e+01 p8q_e2=5.1200000000e+02 p8n_e2=1.2800000000e+02 p16q=4.8600000000e+02 p16n=4.5300000000e+02 p16q_e2=4.8650000000e+02 p16n_e2=4.6100000000e+02 p32q=4.8627896881e+02 p32n=4.8627870178e+02 p64q=4.8627896887e+02 p64n=4.8627896887e+02 alpha_d=6.8835157672e-01 alpha_p32q=6.8835157681e-01 alpha_p32n=6.8835195481e-01 rz32q=3.3473089600e+02 rz32n=3.3472935486e+02 alpha_full_q=6.8835157896e-01 alpha_full_n=6.8834878770e-01
  residual=9.552e+03
iter=7 pAp_d=9.4313278186e+02 p8q=6.4000000000e+01 p8n=3.2000000000e+01 p8q_e2=1.0240000000e+03 p8n_e2=1.2800000000e+02 p16q=9.4400000000e+02 p16n=9.0800000000e+02 p16q_e2=9.4300000000e+02 p16n_e2=8.8200000000e+02 p32q=9.4313278198e+02 p32n=9.4313217163e+02 p64q=9.4313278186e+02 p64n=9.4313278186e+02 alpha_d=4.4159952489e-01 alpha_p32q=4.4159952483e-01 alpha_p32n=4.4159981061e-01 rz32q=4.1648699188e+02 rz32n=4.1648530579e+02 alpha_full_q=4.4159952855e-01 alpha_full_n=4.4159802657e-01
  residual=1.003e+04
iter=8 pAp_d=5.2480092946e+02 p8q=6.4000000000e+01 p8n=2.4000000000e+01 p8q_e2=5.1200000000e+02 p8n_e2=9.6000000000e+01 p16q=5.2400000000e+02 p16n=4.7000000000e+02 p16q_e2=5.2500000000e+02 p16n_e2=4.8500000000e+02 p32q=5.2480093384e+02 p32n=5.2480099487e+02 p64q=5.2480092946e+02 p64n=5.2480092946e+02 alpha_d=5.5423530321e-01 alpha_p32q=5.5423529859e-01 alpha_p32n=5.5423523413e-01 rz32q=2.9086320496e+02 rz32n=2.9086177063e+02 alpha_full_q=5.5423530372e-01 alpha_full_n=5.5423250617e-01
  residual=9.409e+03
iter=9 pAp_d=6.3635037623e+02 p8q=6.4000000000e+01 p8n=3.2000000000e+01 p8q_e2=5.1200000000e+02 p8n_e2=1.1200000000e+02 p16q=6.3600000000e+02 p16n=5.6600000000e+02 p16q_e2=6.3600000000e+02 p16n_e2=6.0200000000e+02 p32q=6.3635037231e+02 p32n=6.3634959412e+02 p64q=6.3635037623e+02 p64n=6.3635037623e+02 alpha_d=4.7982989266e-01 alpha_p32q=4.7982989561e-01 alpha_p32n=4.7983048240e-01 rz32q=3.0533993530e+02 rz32n=3.0533840179e+02 alpha_full_q=4.7982989967e-01 alpha_full_n=4.7982807661e-01
  residual=8.471e+03
iter=10 pAp_d=4.3705425057e+02 p8q=6.4000000000e+01 p8n=3.2000000000e+01 p8q_e2=3.8400000000e+02 p8n_e2=6.4000000000e+01 p16q=4.3700000000e+02 p16n=4.0800000000e+02 p16q_e2=4.3700000000e+02 p16n_e2=4.1250000000e+02 p32q=4.3705425262e+02 p32n=4.3705406952e+02 p64q=4.3705425057e+02 p64n=4.3705425057e+02 alpha_d=5.6620049378e-01 alpha_p32q=5.6620049112e-01 alpha_p32n=5.6620072833e-01 rz32q=2.4746033287e+02 rz32n=2.4745994186e+02 alpha_full_q=5.6620049201e-01 alpha_full_n=5.6619983458e-01
  residual=8.887e+03
iter=11 pAp_d=4.8753793676e+02 p8q=6.4000000000e+01 p8n=3.2000000000e+01 p8q_e2=5.1200000000e+02 p8n_e2=6.4000000000e+01 p16q=4.8700000000e+02 p16n=4.2500000000e+02 p16q_e2=4.8750000000e+02 p16n_e2=4.6350000000e+02 p32q=4.8753793335e+02 p32n=4.8753794098e+02 p64q=4.8753793676e+02 p64n=4.8753793676e+02 alpha_d=6.1454606035e-01 alpha_p32q=6.1454606465e-01 alpha_p32n=6.1454605503e-01 rz32q=2.9961451721e+02 rz32n=2.9961302948e+02 alpha_full_q=6.1454606240e-01 alpha_full_n=6.1454300127e-01
  residual=9.643e+03
iter=12 pAp_d=6.1870149225e+02 p8q=6.4000000000e+01 p8n=3.2000000000e+01 p8q_e2=5.1200000000e+02 p8n_e2=1.2800000000e+02 p16q=6.1800000000e+02 p16n=5.6000000000e+02 p16q_e2=6.1900000000e+02 p16n_e2=5.7200000000e+02 p32q=6.1870149231e+02 p32n=6.1870147705e+02 p64q=6.1870149225e+02 p64n=6.1870149225e+02 alpha_d=4.9274843897e-01 alpha_p32q=4.9274843892e-01 alpha_p32n=4.9274845107e-01 rz32q=3.0486419678e+02 rz32n=3.0486313629e+02 alpha_full_q=4.9274844261e-01 alpha_full_n=4.9274674071e-01
  residual=9.351e+03
iter=13 pAp_d=4.8890089635e+02 p8q=6.4000000000e+01 p8n=3.2000000000e+01 p8q_e2=5.1200000000e+02 p8n_e2=9.6000000000e+01 p16q=4.8900000000e+02 p16n=4.3000000000e+02 p16q_e2=4.8900000000e+02 p16n_e2=4.5300000000e+02 p32q=4.8890089417e+02 p32n=4.8890087891e+02 p64q=4.8890089635e+02 p64n=4.8890089635e+02 alpha_d=5.8936064644e-01 alpha_p32q=5.8936064907e-01 alpha_p32n=5.8936066746e-01 rz32q=2.8813894653e+02 rz32n=2.8813808441e+02 alpha_full_q=5.8936064542e-01 alpha_full_n=5.8935890043e-01
  residual=9.566e+03
iter=14 pAp_d=5.8998659566e+02 p8q=6.4000000000e+01 p8n=3.2000000000e+01 p8q_e2=5.1200000000e+02 p8n_e2=1.2800000000e+02 p16q=5.9000000000e+02 p16n=5.3600000000e+02 p16q_e2=5.9000000000e+02 p16n_e2=5.5500000000e+02 p32q=5.8998660278e+02 p32n=5.8998629761e+02 p64q=5.8998659566e+02 p64n=5.8998659566e+02 alpha_d=5.3722647723e-01 alpha_p32q=5.3722647075e-01 alpha_p32n=5.3722674863e-01 rz32q=3.1695642090e+02 rz32n=3.1695553589e+02 alpha_full_q=5.3722647159e-01 alpha_full_n=5.3722524942e-01
  residual=1.072e+04
iter=15 pAp_d=4.9609550816e+02 p8q=6.4000000000e+01 p8n=3.2000000000e+01 p8q_e2=5.1200000000e+02 p8n_e2=8.0000000000e+01 p16q=4.9600000000e+02 p16n=4.4900000000e+02 p16q_e2=4.9600000000e+02 p16n_e2=4.5950000000e+02 p32q=4.9609550476e+02 p32n=4.9609522247e+02 p64q=4.9609550816e+02 p64n=4.9609550816e+02 alpha_d=6.0816985540e-01 alpha_p32q=6.0816985956e-01 alpha_p32n=6.0817020562e-01 rz32q=3.0171033478e+02 rz32n=3.0170954895e+02 alpha_full_q=6.0816986222e-01 alpha_full_n=6.0816862425e-01
  residual=1.110e+04
iter=16 pAp_d=6.2037965792e+02 p8q=6.4000000000e+01 p8n=3.2000000000e+01 p8q_e2=5.1200000000e+02 p8n_e2=1.2800000000e+02 p16q=6.2000000000e+02 p16n=5.5600000000e+02 p16q_e2=6.2000000000e+02 p16n_e2=5.8100000000e+02 p32q=6.2037965393e+02 p32n=6.2037959290e+02 p64q=6.2037965792e+02 p64n=6.2037965792e+02 alpha_d=6.4047050111e-01 alpha_p32q=6.4047050523e-01 alpha_p32n=6.4047056824e-01 rz32q=3.9733486938e+02 rz32n=3.9733340454e+02 alpha_full_q=6.4047050361e-01 alpha_full_n=6.4046820542e-01
  residual=1.331e+04
iter=17 pAp_d=6.0304408062e+02 p8q=6.4000000000e+01 p8n=3.2000000000e+01 p8q_e2=5.1200000000e+02 p8n_e2=1.2800000000e+02 p16q=6.0400000000e+02 p16n=5.2800000000e+02 p16q_e2=6.0300000000e+02 p16n_e2=5.5400000000e+02 p32q=6.0304408264e+02 p32n=6.0304367065e+02 p64q=6.0304408062e+02 p64n=6.0304408062e+02 alpha_d=7.1283444346e-01 alpha_p32q=7.1283444107e-01 alpha_p32n=7.1283492806e-01 rz32q=4.2987059021e+02 rz32n=4.2986952972e+02 alpha_full_q=7.1283443878e-01 alpha_full_n=7.1283316722e-01
  residual=1.466e+04
iter=18 pAp_d=1.0664636086e+03 p8q=6.4000000000e+01 p8n=3.2000000000e+01 p8q_e2=1.0240000000e+03 p8n_e2=2.5600000000e+02 p16q=1.0640000000e+03 p16n=9.4400000000e+02 p16q_e2=1.0660000000e+03 p16n_e2=9.7600000000e+02 p32q=1.0664636230e+03 p32n=1.0664630127e+03 p64q=1.0664636086e+03 p64n=1.0664636086e+03 alpha_d=5.9671929176e-01 alpha_p32q=5.9671928366e-01 alpha_p32n=5.9671962517e-01 rz32q=6.3637940979e+02 rz32n=6.3637759399e+02 alpha_full_q=5.9671928422e-01 alpha_full_n=5.9671792310e-01
  residual=1.714e+04
iter=19 pAp_d=1.1825539866e+03 p8q=6.4000000000e+01 p8n=5.0000000000e+00 p8q_e2=1.0240000000e+03 p8n_e2=2.5600000000e+02 p16q=1.1840000000e+03 p16n=1.0720000000e+03 p16q_e2=1.1820000000e+03 p16n_e2=1.0740000000e+03 p32q=1.1825539856e+03 p32n=1.1825544739e+03 p64q=1.1825539866e+03 p64n=1.1825539866e+03 alpha_d=5.9969285420e-01 alpha_p32q=5.9969285470e-01 alpha_p32n=5.9969260708e-01 rz32q=7.0916917419e+02 rz32n=7.0916744995e+02 alpha_full_q=5.9969285363e-01 alpha_full_n=5.9969114795e-01
  residual=1.807e+04
iter=20 pAp_d=1.5745836769e+03 p8q=6.4000000000e+01 p8n=6.4000000000e+01 p8q_e2=1.5360000000e+03 p8n_e2=2.5600000000e+02 p16q=1.5760000000e+03 p16n=1.3520000000e+03 p16q_e2=1.5740000000e+03 p16n_e2=1.4100000000e+03 p32q=1.5745836792e+03 p32n=1.5745846558e+03 p64q=1.5745836769e+03 p64n=1.5745836769e+03 alpha_d=5.8123471033e-01 alpha_p32q=5.8123470950e-01 alpha_p32n=5.8123434902e-01 rz32q=9.1520268250e+02 rz32n=9.1520161438e+02 alpha_full_q=5.8123470641e-01 alpha_full_n=5.8123366758e-01
  residual=2.048e+04
iter=21 pAp_d=1.5268626848e+03 p8q=6.4000000000e+01 p8n=6.4000000000e+01 p8q_e2=1.5360000000e+03 p8n_e2=1.6000000000e+02 p16q=1.5280000000e+03 p16n=1.2800000000e+03 p16q_e2=1.5260000000e+03 p16n_e2=1.3680000000e+03 p32q=1.5268626709e+03 p32n=1.5268630066e+03 p64q=1.5268626848e+03 p64n=1.5268626848e+03 alpha_d=6.2146704681e-01 alpha_p32q=6.2146705246e-01 alpha_p32n=6.2146691583e-01 rz32q=9.4889483643e+02 rz32n=9.4889253235e+02 alpha_full_q=6.2146704776e-01 alpha_full_n=6.2146540210e-01
  residual=1.983e+04
iter=22 pAp_d=1.8587513010e+03 p8q=6.4000000000e+01 p8n=8.0000000000e+00 p8q_e2=2.0480000000e+03 p8n_e2=2.5600000000e+02 p16q=1.8560000000e+03 p16n=1.5760000000e+03 p16q_e2=1.8580000000e+03 p16n_e2=1.6780000000e+03 p32q=1.8587513123e+03 p32n=1.8587508545e+03 p64q=1.8587513010e+03 p64n=1.8587513010e+03 alpha_d=5.6684889457e-01 alpha_p32q=5.6684889113e-01 alpha_p32n=5.6684903073e-01 rz32q=1.0536311340e+03 rz32n=1.0536291809e+03 alpha_full_q=5.6684889855e-01 alpha_full_n=5.6684798738e-01
  residual=2.129e+04
iter=23 pAp_d=1.4621308559e+03 p8q=6.4000000000e+01 p8n=1.2000000000e+01 p8q_e2=1.5360000000e+03 p8n_e2=2.2400000000e+02 p16q=1.4640000000e+03 p16n=1.2320000000e+03 p16q_e2=1.4620000000e+03 p16n_e2=1.3300000000e+03 p32q=1.4621308594e+03 p32n=1.4621316223e+03 p64q=1.4621308559e+03 p64n=1.4621308559e+03 alpha_d=6.6334450279e-01 alpha_p32q=6.6334450122e-01 alpha_p32n=6.6334415509e-01 rz32q=9.6989646912e+02 rz32n=9.6989555359e+02 alpha_full_q=6.6334450360e-01 alpha_full_n=6.6334353131e-01
  residual=2.276e+04
iter=24 pAp_d=2.0479299537e+03 p8q=6.4000000000e+01 p8n=2.4000000000e+01 p8q_e2=2.0480000000e+03 p8n_e2=2.5600000000e+02 p16q=2.0480000000e+03 p16n=1.5760000000e+03 p16q_e2=2.0480000000e+03 p16n_e2=1.8820000000e+03 p32q=2.0479299622e+03 p32n=2.0479308472e+03 p64q=2.0479299537e+03 p64n=2.0479299537e+03 alpha_d=5.4482456477e-01 alpha_p32q=5.4482456252e-01 alpha_p32n=5.4482432707e-01 rz32q=1.1157625427e+03 rz32n=1.1157601318e+03 alpha_full_q=5.4482456106e-01 alpha_full_n=5.4482314839e-01
  residual=2.279e+04
iter=25 pAp_d=1.7955725342e+03 p8q=6.4000000000e+01 p8n=8.0000000000e+00 p8q_e2=1.5360000000e+03 p8n_e2=2.5600000000e+02 p16q=1.8000000000e+03 p16n=1.5280000000e+03 p16q_e2=1.7960000000e+03 p16n_e2=1.6080000000e+03 p32q=1.7955725403e+03 p32n=1.7955744629e+03 p64q=1.7955725342e+03 p64n=1.7955725342e+03 alpha_d=5.6338688625e-01 alpha_p32q=5.6338688435e-01 alpha_p32n=5.6338628111e-01 rz32q=1.0116020203e+03 rz32n=1.0115998688e+03 alpha_full_q=5.6338688500e-01 alpha_full_n=5.6338508354e-01
  residual=1.983e+04
iter=26 pAp_d=2.3138092391e+03 p8q=6.4000000000e+01 p8n=1.6000000000e+01 p8q_e2=2.0480000000e+03 p8n_e2=2.2400000000e+02 p16q=2.3200000000e+03 p16n=1.9520000000e+03 p16q_e2=2.3120000000e+03 p16n_e2=2.1160000000e+03 p32q=2.3138092651e+03 p32n=2.3138105469e+03 p64q=2.3138092391e+03 p64n=2.3138092391e+03 alpha_d=4.7159371186e-01 alpha_p32q=4.7159370654e-01 alpha_p32n=4.7159344530e-01 rz32q=1.0911778870e+03 rz32n=1.0911750488e+03 alpha_full_q=4.7159370628e-01 alpha_full_n=4.7159221843e-01
  residual=2.001e+04
iter=27 pAp_d=1.5094890270e+03 p8q=6.4000000000e+01 p8n=6.4000000000e+01 p8q_e2=1.5360000000e+03 p8n_e2=2.2400000000e+02 p16q=1.5120000000e+03 p16n=1.2240000000e+03 p16q_e2=1.5100000000e+03 p16n_e2=1.3680000000e+03 p32q=1.5094890137e+03 p32n=1.5094902344e+03 p64q=1.5094890270e+03 p64n=1.5094890270e+03 alpha_d=5.3325145928e-01 alpha_p32q=5.3325146398e-01 alpha_p32n=5.3325103275e-01 rz32q=8.0493722534e+02 rz32n=8.0493661499e+02 alpha_full_q=5.3325146328e-01 alpha_full_n=5.3325062770e-01
  residual=1.910e+04
iter=28 pAp_d=1.3814808579e+03 p8q=6.4000000000e+01 p8n=6.4000000000e+01 p8q_e2=1.5360000000e+03 p8n_e2=2.5600000000e+02 p16q=1.3840000000e+03 p16n=1.1600000000e+03 p16q_e2=1.3820000000e+03 p16n_e2=1.2340000000e+03 p32q=1.3814808655e+03 p32n=1.3814796143e+03 p64q=1.3814808579e+03 p64n=1.3814808579e+03 alpha_d=5.8749118040e-01 alpha_p32q=5.8749117718e-01 alpha_p32n=5.8749170928e-01 rz32q=8.1160781860e+02 rz32n=8.1160598755e+02 alpha_full_q=5.8749117623e-01 alpha_full_n=5.8749038290e-01
  residual=2.004e+04
iter=29 pAp_d=1.3745263907e+03 p8q=6.4000000000e+01 p8n=3.2000000000e+01 p8q_e2=1.5360000000e+03 p8n_e2=1.2800000000e+02 p16q=1.3760000000e+03 p16n=1.1840000000e+03 p16q_e2=1.3740000000e+03 p16n_e2=1.2500000000e+03 p32q=1.3745263977e+03 p32n=1.3745275879e+03 p64q=1.3745263907e+03 p64n=1.3745263907e+03 alpha_d=5.4836779537e-01 alpha_p32q=5.4836779257e-01 alpha_p32n=5.4836731774e-01 rz32q=7.5374600220e+02 rz32n=7.5374432373e+02 alpha_full_q=5.4836778941e-01 alpha_full_n=5.4836609346e-01
  residual=1.822e+04
iter=30 pAp_d=1.4158502284e+03 p8q=6.4000000000e+01 p8n=1.6000000000e+01 p8q_e2=1.5360000000e+03 p8n_e2=2.5600000000e+02 p16q=1.4160000000e+03 p16n=1.1600000000e+03 p16q_e2=1.4160000000e+03 p16n_e2=1.2540000000e+03 p32q=1.4158502197e+03 p32n=1.4158500366e+03 p64q=1.4158502284e+03 p64n=1.4158502284e+03 alpha_d=5.5663465695e-01 alpha_p32q=5.5663466036e-01 alpha_p32n=5.5663473235e-01 rz32q=7.8811131287e+02 rz32n=7.8810942078e+02 alpha_full_q=5.5663466508e-01 alpha_full_n=5.5663340071e-01
  residual=1.920e+04
iter=31 pAp_d=1.1699080013e+03 p8q=6.4000000000e+01 p8n=6.4000000000e+01 p8q_e2=1.0240000000e+03 p8n_e2=2.2400000000e+02 p16q=1.1680000000e+03 p16n=9.8800000000e+02 p16q_e2=1.1700000000e+03 p16n_e2=1.0500000000e+03 p32q=1.1699079895e+03 p32n=1.1699084473e+03 p64q=1.1699080013e+03 p64n=1.1699080013e+03 alpha_d=6.3635349715e-01 alpha_p32q=6.3635350358e-01 alpha_p32n=6.3635325459e-01 rz32q=7.4447505188e+02 rz32n=7.4447370911e+02 alpha_full_q=6.3635350691e-01 alpha_full_n=6.3635211016e-01
  residual=2.056e+04
iter=32 pAp_d=1.5720702589e+03 p8q=6.4000000000e+01 p8n=6.4000000000e+01 p8q_e2=1.5360000000e+03 p8n_e2=1.2800000000e+02 p16q=1.5680000000e+03 p16n=1.2800000000e+03 p16q_e2=1.5720000000e+03 p16n_e2=1.3820000000e+03 p32q=1.5720702515e+03 p32n=1.5720700684e+03 p64q=1.5720702589e+03 p64n=1.5720702589e+03 alpha_d=5.4534360147e-01 alpha_p32q=5.4534360405e-01 alpha_p32n=5.4534366757e-01 rz32q=8.5731845093e+02 rz32n=8.5731727600e+02 alpha_full_q=5.4534360034e-01 alpha_full_n=5.4534291649e-01
  residual=2.167e+04
iter=33 pAp_d=1.2804813353e+03 p8q=6.4000000000e+01 p8n=7.5000000000e+00 p8q_e2=1.0240000000e+03 p8n_e2=1.9200000000e+02 p16q=1.2800000000e+03 p16n=1.0800000000e+03 p16q_e2=1.2800000000e+03 p16n_e2=1.1300000000e+03 p32q=1.2804813232e+03 p32n=1.2804811401e+03 p64q=1.2804813353e+03 p64n=1.2804813353e+03 alpha_d=6.4600982585e-01 alpha_p32q=6.4600983192e-01 alpha_p32n=6.4600992430e-01 rz32q=8.2720352173e+02 rz32n=8.2720196533e+02 alpha_full_q=6.4600982983e-01 alpha_full_n=6.4600870673e-01
  residual=2.057e+04
iter=34 pAp_d=1.6310703047e+03 p8q=6.4000000000e+01 p8n=8.0000000000e+00 p8q_e2=1.5360000000e+03 p8n_e2=2.5600000000e+02 p16q=1.6320000000e+03 p16n=1.2480000000e+03 p16q_e2=1.6320000000e+03 p16n_e2=1.4580000000e+03 p32q=1.6310703125e+03 p32n=1.6310699463e+03 p64q=1.6310703047e+03 p64n=1.6310703047e+03 alpha_d=5.6377932135e-01 alpha_p32q=5.6377931864e-01 alpha_p32n=5.6377944522e-01 rz32q=9.1956370544e+02 rz32n=9.1956155396e+02 alpha_full_q=5.6377931619e-01 alpha_full_n=5.6377812371e-01
  residual=2.255e+04
iter=35 pAp_d=1.2573272454e+03 p8q=6.4000000000e+01 p8n=6.4000000000e+01 p8q_e2=1.0240000000e+03 p8n_e2=2.5600000000e+02 p16q=1.2560000000e+03 p16n=1.0220000000e+03 p16q_e2=1.2580000000e+03 p16n_e2=1.1220000000e+03 p32q=1.2573272400e+03 p32n=1.2573265686e+03 p64q=1.2573272454e+03 p64n=1.2573272454e+03 alpha_d=6.6437650369e-01 alpha_p32q=6.6437650653e-01 alpha_p32n=6.6437686130e-01 rz32q=8.3533868408e+02 rz32n=8.3533699036e+02 alpha_full_q=6.6437651036e-01 alpha_full_n=6.6437551804e-01
  residual=2.261e+04
iter=36 pAp_d=1.8463027987e+03 p8q=6.4000000000e+01 p8n=6.4000000000e+01 p8q_e2=2.0480000000e+03 p8n_e2=2.2400000000e+02 p16q=1.8480000000e+03 p16n=1.4800000000e+03 p16q_e2=1.8460000000e+03 p16n_e2=1.6400000000e+03 p32q=1.8463027954e+03 p32n=1.8463022461e+03 p64q=1.8463027987e+03 p64n=1.8463027987e+03 alpha_d=5.3858322134e-01 alpha_p32q=5.3858322231e-01 alpha_p32n=5.3858338255e-01 rz32q=9.9438771057e+02 rz32n=9.9438751221e+02 alpha_full_q=5.3858322321e-01 alpha_full_n=5.3858327601e-01
  residual=2.337e+04
iter=37 pAp_d=1.5011761558e+03 p8q=6.4000000000e+01 p8n=6.5000000000e+00 p8q_e2=1.5360000000e+03 p8n_e2=2.5600000000e+02 p16q=1.5040000000e+03 p16n=1.1680000000e+03 p16q_e2=1.5020000000e+03 p16n_e2=1.3400000000e+03 p32q=1.5011761475e+03 p32n=1.5011749268e+03 p64q=1.5011761558e+03 p64n=1.5011761558e+03 alpha_d=6.0873602390e-01 alpha_p32q=6.0873602729e-01 alpha_p32n=6.0873652230e-01 rz32q=9.1382000732e+02 rz32n=9.1381884766e+02 alpha_full_q=6.0873602933e-01 alpha_full_n=6.0873575182e-01
  residual=2.191e+04
iter=38 pAp_d=2.1815065813e+03 p8q=6.4000000000e+01 p8n=6.4000000000e+01 p8q_e2=2.0480000000e+03 p8n_e2=2.5600000000e+02 p16q=2.1760000000e+03 p16n=1.7440000000e+03 p16q_e2=2.1800000000e+03 p16n_e2=1.9420000000e+03 p32q=2.1815065918e+03 p32n=2.1815058594e+03 p64q=2.1815065813e+03 p64n=2.1815065813e+03 alpha_d=5.1618346155e-01 alpha_p32q=5.1618345907e-01 alpha_p32n=5.1618363238e-01 rz32q=1.1260576172e+03 rz32n=1.1260552368e+03 alpha_full_q=5.1618345845e-01 alpha_full_n=5.1618254060e-01
  residual=2.525e+04
iter=39 pAp_d=1.8503380383e+03 p8q=6.4000000000e+01 p8n=2.4000000000e+01 p8q_e2=2.0480000000e+03 p8n_e2=1.9200000000e+02 p16q=1.8480000000e+03 p16n=1.4400000000e+03 p16q_e2=1.8500000000e+03 p16n_e2=1.6400000000e+03 p32q=1.8503380432e+03 p32n=1.8503380432e+03 p64q=1.8503380383e+03 p64n=1.8503380383e+03 alpha_d=5.9465274416e-01 alpha_p32q=5.9465274259e-01 alpha_p32n=5.9465274259e-01 rz32q=1.1003085938e+03 rz32n=1.1003059692e+03 alpha_full_q=5.9465274347e-01 alpha_full_n=5.9465132508e-01
  residual=2.684e+04
iter=40 pAp_d=2.0846223014e+03 p8q=6.4000000000e+01 p8n=-1.2000000000e+01 p8q_e2=2.0480000000e+03 p8n_e2=2.5600000000e+02 p16q=2.0800000000e+03 p16n=1.5840000000e+03 p16q_e2=2.0840000000e+03 p16n_e2=1.8480000000e+03 p32q=2.0846223145e+03 p32n=2.0846231079e+03 p64q=2.0846223014e+03 p64n=2.0846223014e+03 alpha_d=6.0562575458e-01 alpha_p32q=6.0562575080e-01 alpha_p32n=6.0562552028e-01 rz32q=1.2625009460e+03 rz32n=1.2624984131e+03 alpha_full_q=6.0562574683e-01 alpha_full_n=6.0562430124e-01
  residual=2.872e+04
iter=41 pAp_d=2.1784431022e+03 p8q=6.4000000000e+01 p8n=8.0000000000e+00 p8q_e2=2.0480000000e+03 p8n_e2=2.5600000000e+02 p16q=2.1760000000e+03 p16n=1.7200000000e+03 p16q_e2=2.1800000000e+03 p16n_e2=1.9460000000e+03 p32q=2.1784431152e+03 p32n=2.1784424438e+03 p64q=2.1784431022e+03 p64n=2.1784431022e+03 alpha_d=5.8692377937e-01 alpha_p32q=5.8692377584e-01 alpha_p32n=5.8692395673e-01 rz32q=1.2785800476e+03 rz32n=1.2785769348e+03 alpha_full_q=5.8692377077e-01 alpha_full_n=5.8692252275e-01
  residual=2.797e+04
iter=42 pAp_d=2.5805539533e+03 p8q=6.4000000000e+01 p8n=6.4000000000e+01 p8q_e2=2.0480000000e+03 p8n_e2=2.5600000000e+02 p16q=2.5760000000e+03 p16n=2.0000000000e+03 p16q_e2=2.5800000000e+03 p16n_e2=2.2160000000e+03 p32q=2.5805539551e+03 p32n=2.5805546265e+03 p64q=2.5805539533e+03 p64n=2.5805539533e+03 alpha_d=5.7950998447e-01 alpha_p32q=5.7950998408e-01 alpha_p32n=5.7950983330e-01 rz32q=1.4954567871e+03 rz32n=1.4954554443e+03 alpha_full_q=5.7950998628e-01 alpha_full_n=5.7950931517e-01
  residual=3.063e+04
iter=43 pAp_d=2.1591944912e+03 p8q=6.4000000000e+01 p8n=7.5000000000e+00 p8q_e2=2.0480000000e+03 p8n_e2=2.5600000000e+02 p16q=2.1600000000e+03 p16n=1.6640000000e+03 p16q_e2=2.1600000000e+03 p16n_e2=1.8920000000e+03 p32q=2.1591945190e+03 p32n=2.1591929932e+03 p64q=2.1591944912e+03 p64n=2.1591944912e+03 alpha_d=6.5243062402e-01 alpha_p32q=6.5243061562e-01 alpha_p32n=6.5243107668e-01 rz32q=1.4087246094e+03 rz32n=1.4087218018e+03 alpha_full_q=6.5243061565e-01 alpha_full_n=6.5242977641e-01
  residual=3.183e+04
iter=44 pAp_d=2.6334759432e+03 p8q=6.4000000000e+01 p8n=6.4000000000e+01 p8q_e2=3.0720000000e+03 p8n_e2=2.2400000000e+02 p16q=2.6400000000e+03 p16n=2.0800000000e+03 p16q_e2=2.6320000000e+03 p16n_e2=2.2720000000e+03 p32q=2.6334759521e+03 p32n=2.6334760742e+03 p64q=2.6334759432e+03 p64n=2.6334759432e+03 alpha_d=6.1533301180e-01 alpha_p32q=6.1533300971e-01 alpha_p32n=6.1533298119e-01 rz32q=1.6204646912e+03 rz32n=1.6204627075e+03 alpha_full_q=6.1533301257e-01 alpha_full_n=6.1533223080e-01
  residual=3.274e+04
iter=45 pAp_d=3.0563232927e+03 p8q=6.4000000000e+01 p8n=3.2000000000e+01 p8q_e2=3.0720000000e+03 p8n_e2=2.5600000000e+02 p16q=3.0560000000e+03 p16n=2.2880000000e+03 p16q_e2=3.0560000000e+03 p16n_e2=2.6840000000e+03 p32q=3.0563233032e+03 p32n=3.0563225708e+03 p64q=3.0563232927e+03 p64n=3.0563232927e+03 alpha_d=5.6784764422e-01 alpha_p32q=5.6784764226e-01 alpha_p32n=5.6784777834e-01 rz32q=1.7355259705e+03 rz32n=1.7355239563e+03 alpha_full_q=5.6784763858e-01 alpha_full_n=5.6784711564e-01
  residual=3.331e+04
iter=46 pAp_d=3.0084283306e+03 p8q=6.4000000000e+01 p8n=-6.4000000000e+01 p8q_e2=3.0720000000e+03 p8n_e2=2.2400000000e+02 p16q=3.0080000000e+03 p16n=2.2880000000e+03 p16q_e2=3.0080000000e+03 p16n_e2=2.5800000000e+03 p32q=3.0084283447e+03 p32n=3.0084283447e+03 p64q=3.0084283306e+03 p64n=3.0084283306e+03 alpha_d=5.7371126014e-01 alpha_p32q=5.7371125746e-01 alpha_p32n=5.7371125746e-01 rz32q=1.7259692078e+03 rz32n=1.7259675293e+03 alpha_full_q=5.7371125717e-01 alpha_full_n=5.7371069925e-01
  residual=3.218e+04
iter=47 pAp_d=2.6133443273e+03 p8q=6.4000000000e+01 p8n=6.4000000000e+01 p8q_e2=3.0720000000e+03 p8n_e2=2.2400000000e+02 p16q=2.6080000000e+03 p16n=2.0000000000e+03 p16q_e2=2.6120000000e+03 p16n_e2=2.3320000000e+03 p32q=2.6133442993e+03 p32n=2.6133414307e+03 p64q=2.6133443273e+03 p64n=2.6133443273e+03 alpha_d=5.7244026951e-01 alpha_p32q=5.7244027563e-01 alpha_p32n=5.7244090399e-01 rz32q=1.4959835205e+03 rz32n=1.4959805298e+03 alpha_full_q=5.7244027161e-01 alpha_full_n=5.7243975557e-01
  residual=2.923e+04
iter=48 pAp_d=2.4036372964e+03 p8q=6.4000000000e+01 p8n=8.0000000000e+00 p8q_e2=2.0480000000e+03 p8n_e2=2.5600000000e+02 p16q=2.4000000000e+03 p16n=1.8480000000e+03 p16q_e2=2.4040000000e+03 p16n_e2=2.0260000000e+03 p32q=2.4036373291e+03 p32n=2.4036383667e+03 p64q=2.4036372964e+03 p64n=2.4036372964e+03 alpha_d=5.7514423557e-01 alpha_p32q=5.7514422775e-01 alpha_p32n=5.7514397947e-01 rz32q=1.3824381409e+03 rz32n=1.3824363403e+03 alpha_full_q=5.7514423001e-01 alpha_full_n=5.7514323264e-01
  residual=2.888e+04
iter=49 pAp_d=1.7499619307e+03 p8q=6.4000000000e+01 p8n=-1.2000000000e+01 p8q_e2=1.5360000000e+03 p8n_e2=1.1200000000e+02 p16q=1.7520000000e+03 p16n=1.3200000000e+03 p16q_e2=1.7500000000e+03 p16n_e2=1.4940000000e+03 p32q=1.7499619446e+03 p32n=1.7499630737e+03 p64q=1.7499619307e+03 p64n=1.7499619307e+03 alpha_d=6.3579172892e-01 alpha_p32q=6.3579172389e-01 alpha_p32n=6.3579131365e-01 rz32q=1.1126113281e+03 rz32n=1.1126096497e+03 alpha_full_q=6.3579172768e-01 alpha_full_n=6.3579035830e-01
  residual=2.658e+04
iter=50 pAp_d=2.3033403225e+03 p8q=6.4000000000e+01 p8n=3.2000000000e+01 p8q_e2=2.0480000000e+03 p8n_e2=9.6000000000e+01 p16q=2.3040000000e+03 p16n=1.6720000000e+03 p16q_e2=2.3040000000e+03 p16n_e2=1.9800000000e+03 p32q=2.3033403320e+03 p32n=2.3033386841e+03 p64q=2.3033403225e+03 p64n=2.3033403225e+03 alpha_d=6.0248287365e-01 alpha_p32q=6.0248287116e-01 alpha_p32n=6.0248330221e-01 rz32q=1.3877230835e+03 rz32n=1.3877202759e+03 alpha_full_q=6.0248286551e-01 alpha_full_n=6.0248207763e-01
  residual=3.179e+04
iter=51 pAp_d=2.0761187906e+03 p8q=6.4000000000e+01 p8n=7.0000000000e+00 p8q_e2=2.0480000000e+03 p8n_e2=2.5600000000e+02 p16q=2.0800000000e+03 p16n=1.5360000000e+03 p16q_e2=2.0760000000e+03 p16n_e2=1.8100000000e+03 p32q=2.0761187744e+03 p32n=2.0761195679e+03 p64q=2.0761187906e+03 p64n=2.0761187906e+03 alpha_d=6.3069310033e-01 alpha_p32q=6.3069310524e-01 alpha_p32n=6.3069286420e-01 rz32q=1.3093937988e+03 rz32n=1.3093923950e+03 alpha_full_q=6.3069310627e-01 alpha_full_n=6.3069218906e-01
  residual=3.127e+04
iter=52 pAp_d=2.4276296463e+03 p8q=6.4000000000e+01 p8n=-1.6000000000e+01 p8q_e2=2.0480000000e+03 p8n_e2=2.5600000000e+02 p16q=2.4320000000e+03 p16n=1.9840000000e+03 p16q_e2=2.4280000000e+03 p16n_e2=2.0840000000e+03 p32q=2.4276296387e+03 p32n=2.4276280518e+03 p64q=2.4276296463e+03 p64n=2.4276296463e+03 alpha_d=6.2813817931e-01 alpha_p32q=6.2813818128e-01 alpha_p32n=6.2813859189e-01 rz32q=1.5248868713e+03 rz32n=1.5248858643e+03 alpha_full_q=6.2813818346e-01 alpha_full_n=6.2813817922e-01
  residual=3.358e+04
iter=53 pAp_d=2.7236607931e+03 p8q=6.4000000000e+01 p8n=3.2000000000e+01 p8q_e2=3.0720000000e+03 p8n_e2=2.5600000000e+02 p16q=2.7200000000e+03 p16n=1.9280000000e+03 p16q_e2=2.7240000000e+03 p16n_e2=2.3440000000e+03 p32q=2.7236608276e+03 p32n=2.7236618652e+03 p64q=2.7236607931e+03 p64n=2.7236607931e+03 alpha_d=6.0170017663e-01 alpha_p32q=6.0170016900e-01 alpha_p32n=6.0169993978e-01 rz32q=1.6388271790e+03 rz32n=1.6388243408e+03 alpha_full_q=6.0170016851e-01 alpha_full_n=6.0169889726e-01
  residual=3.373e+04
iter=54 pAp_d=3.1246957976e+03 p8q=6.4000000000e+01 p8n=-6.4000000000e+01 p8q_e2=3.0720000000e+03 p8n_e2=2.2400000000e+02 p16q=3.1200000000e+03 p16n=2.2560000000e+03 p16q_e2=3.1240000000e+03 p16n_e2=2.6680000000e+03 p32q=3.1246958008e+03 p32n=3.1246952515e+03 p64q=3.1246957976e+03 p64n=3.1246957976e+03 alpha_d=5.9525486149e-01 alpha_p32q=5.9525486089e-01 alpha_p32n=5.9525496554e-01 rz32q=1.8599903564e+03 rz32n=1.8599882812e+03 alpha_full_q=5.9525485840e-01 alpha_full_n=5.9525429892e-01
  residual=3.630e+04
iter=55 pAp_d=2.8726197554e+03 p8q=6.4000000000e+01 p8n=1.6000000000e+01 p8q_e2=3.0720000000e+03 p8n_e2=2.2400000000e+02 p16q=2.8800000000e+03 p16n=2.1120000000e+03 p16q_e2=2.8720000000e+03 p16n_e2=2.4760000000e+03 p32q=2.8726197510e+03 p32n=2.8726192627e+03 p64q=2.8726197554e+03 p64n=2.8726197554e+03 alpha_d=6.1662247895e-01 alpha_p32q=6.1662247991e-01 alpha_p32n=6.1662258472e-01 rz32q=1.7713218994e+03 rz32n=1.7713207703e+03 alpha_full_q=6.1662247459e-01 alpha_full_n=6.1662218633e-01
  residual=3.664e+04
iter=56 pAp_d=3.0707493235e+03 p8q=6.4000000000e+01 p8n=1.2000000000e+01 p8q_e2=3.0720000000e+03 p8n_e2=1.9200000000e+02 p16q=3.0720000000e+03 p16n=2.2720000000e+03 p16q_e2=3.0720000000e+03 p16n_e2=2.5840000000e+03 p32q=3.0707493286e+03 p32n=3.0707501831e+03 p64q=3.0707493235e+03 p64n=3.0707493235e+03 alpha_d=6.5026800435e-01 alpha_p32q=6.5026800327e-01 alpha_p32n=6.5026782232e-01 rz32q=1.9968100281e+03 rz32n=1.9968085632e+03 alpha_full_q=6.5026800119e-01 alpha_full_n=6.5026734321e-01
  residual=3.993e+04
iter=57 pAp_d=3.4891900267e+03 p8q=6.4000000000e+01 p8n=-6.4000000000e+01 p8q_e2=3.0720000000e+03 p8n_e2=1.6000000000e+02 p16q=3.4880000000e+03 p16n=2.6400000000e+03 p16q_e2=3.4880000000e+03 p16n_e2=3.0120000000e+03 p32q=3.4891900024e+03 p32n=3.4891889648e+03 p64q=3.4891900267e+03 p64n=3.4891900267e+03 alpha_d=6.0153241452e-01 alpha_p32q=6.0153241870e-01 alpha_p32n=6.0153259759e-01 rz32q=2.0988609009e+03 rz32n=2.0988572388e+03 alpha_full_q=6.0153241853e-01 alpha_full_n=6.0153154785e-01
  residual=3.964e+04
iter=58 pAp_d=3.4097076345e+03 p8q=6.4000000000e+01 p8n=6.0000000000e+00 p8q_e2=3.0720000000e+03 p8n_e2=2.5600000000e+02 p16q=3.4080000000e+03 p16n=2.5440000000e+03 p16q_e2=3.4120000000e+03 p16n_e2=2.8080000000e+03 p32q=3.4097076416e+03 p32n=3.4097078247e+03 p64q=3.4097076345e+03 p64n=3.4097076345e+03 alpha_d=6.2824137157e-01 alpha_p32q=6.2824137026e-01 alpha_p32n=6.2824133652e-01 rz32q=2.1421193848e+03 rz32n=2.1421177979e+03 alpha_full_q=6.2824136551e-01 alpha_full_n=6.2824086637e-01
  residual=3.931e+04
iter=59 pAp_d=3.5546469488e+03 p8q=6.4000000000e+01 p8n=3.2000000000e+01 p8q_e2=3.0720000000e+03 p8n_e2=2.2400000000e+02 p16q=3.5520000000e+03 p16n=2.7360000000e+03 p16q_e2=3.5560000000e+03 p16n_e2=3.1240000000e+03 p32q=3.5546469727e+03 p32n=3.5546482544e+03 p64q=3.5546469488e+03 p64n=3.5546469488e+03 alpha_d=5.8702355628e-01 alpha_p32q=5.8702355233e-01 alpha_p32n=5.8702334066e-01 rz32q=2.0866614990e+03 rz32n=2.0866591797e+03 alpha_full_q=5.8702355398e-01 alpha_full_n=5.8702268983e-01
  residual=3.801e+04
iter=60 pAp_d=3.2968680209e+03 p8q=6.4000000000e+01 p8n=7.5000000000e+00 p8q_e2=3.0720000000e+03 p8n_e2=1.9200000000e+02 p16q=3.2960000000e+03 p16n=2.4000000000e+03 p16q_e2=3.2960000000e+03 p16n_e2=2.7640000000e+03 p32q=3.2968680420e+03 p32n=3.2968696899e+03 p64q=3.2968680209e+03 p64n=3.2968680209e+03 alpha_d=6.2284807234e-01 alpha_p32q=6.2284806836e-01 alpha_p32n=6.2284775703e-01 rz32q=2.0534478760e+03 rz32n=2.0534463501e+03 alpha_full_q=6.2284806362e-01 alpha_full_n=6.2284728946e-01
  residual=3.966e+04
iter=61 pAp_d=3.1620909680e+03 p8q=6.4000000000e+01 p8n=4.0000000000e+00 p8q_e2=3.0720000000e+03 p8n_e2=1.9200000000e+02 p16q=3.1680000000e+03 p16n=2.3520000000e+03 p16q_e2=3.1640000000e+03 p16n_e2=2.6480000000e+03 p32q=3.1620909424e+03 p32n=3.1620938721e+03 p64q=3.1620909680e+03 p64n=3.1620909680e+03 alpha_d=6.6185534093e-01 alpha_p32q=6.6185534628e-01 alpha_p32n=6.6185473307e-01 rz32q=2.0928468018e+03 rz32n=2.0928460083e+03 alpha_full_q=6.6185534821e-01 alpha_full_n=6.6185448408e-01
  residual=4.126e+04
iter=62 pAp_d=3.7823774439e+03 p8q=6.4000000000e+01 p8n=2.4000000000e+01 p8q_e2=4.0960000000e+03 p8n_e2=2.2400000000e+02 p16q=3.7760000000e+03 p16n=2.6880000000e+03 p16q_e2=3.7840000000e+03 p16n_e2=3.2400000000e+03 p32q=3.7823774414e+03 p32n=3.7823778687e+03 p64q=3.7823774439e+03 p64n=3.7823774439e+03 alpha_d=6.0932788307e-01 alpha_p32q=6.0932788347e-01 alpha_p32n=6.0932781464e-01 rz32q=2.3047080688e+03 rz32n=2.3047025757e+03 alpha_full_q=6.0932789087e-01 alpha_full_n=6.0932636974e-01
  residual=4.058e+04
iter=63 pAp_d=4.1445361456e+03 p8q=6.4000000000e+01 p8n=1.2000000000e+01 p8q_e2=4.0960000000e+03 p8n_e2=1.9200000000e+02 p16q=4.1600000000e+03 p16n=3.0400000000e+03 p16q_e2=4.1440000000e+03 p16n_e2=3.5960000000e+03 p32q=4.1445361328e+03 p32n=4.1445332031e+03 p64q=4.1445361456e+03 p64n=4.1445361456e+03 alpha_d=5.7529685714e-01 alpha_p32q=5.7529685891e-01 alpha_p32n=5.7529726558e-01 rz32q=2.3843386230e+03 rz32n=2.3843346558e+03 alpha_full_q=5.7529685992e-01 alpha_full_n=5.7529630936e-01
  residual=4.072e+04
iter=64 pAp_d=3.7290184664e+03 p8q=6.4000000000e+01 p8n=1.2000000000e+01 p8q_e2=4.0960000000e+03 p8n_e2=1.2800000000e+02 p16q=3.7280000000e+03 p16n=2.6240000000e+03 p16q_e2=3.7280000000e+03 p16n_e2=3.0960000000e+03 p32q=3.7290184937e+03 p32n=3.7290183716e+03 p64q=3.7290184664e+03 p64n=3.7290184664e+03 alpha_d=6.0699378866e-01 alpha_p32q=6.0699378424e-01 alpha_p32n=6.0699380411e-01 rz32q=2.2634910278e+03 rz32n=2.2634902954e+03 alpha_full_q=6.0699377911e-01 alpha_full_n=6.0699360257e-01
  residual=4.037e+04
iter=65 pAp_d=4.0855779007e+03 p8q=6.4000000000e+01 p8n=2.4000000000e+01 p8q_e2=4.0960000000e+03 p8n_e2=2.2400000000e+02 p16q=4.0800000000e+03 p16n=3.0880000000e+03 p16q_e2=4.0880000000e+03 p16n_e2=3.4960000000e+03 p32q=4.0855778809e+03 p32n=4.0855796509e+03 p64q=4.0855779007e+03 p64n=4.0855779007e+03 alpha_d=5.5708994168e-01 alpha_p32q=5.5708994439e-01 alpha_p32n=5.5708970304e-01 rz32q=2.2760343628e+03 rz32n=2.2760316162e+03 alpha_full_q=5.5708994643e-01 alpha_full_n=5.5708903282e-01
  residual=4.017e+04
iter=66 pAp_d=3.6772605281e+03 p8q=6.4000000000e+01 p8n=8.0000000000e+00 p8q_e2=3.0720000000e+03 p8n_e2=2.2400000000e+02 p16q=3.6800000000e+03 p16n=2.5440000000e+03 p16q_e2=3.6760000000e+03 p16n_e2=3.1240000000e+03 p32q=3.6772604980e+03 p32n=3.6772560425e+03 p64q=3.6772605281e+03 p64n=3.6772605281e+03 alpha_d=5.8286384541e-01 alpha_p32q=5.8286385017e-01 alpha_p32n=5.8286455640e-01 rz32q=2.1433422241e+03 rz32n=2.1433393555e+03 alpha_full_q=5.8286385347e-01 alpha_full_n=5.8286377960e-01
  residual=3.851e+04
iter=67 pAp_d=3.8365723854e+03 p8q=6.4000000000e+01 p8n=6.4000000000e+01 p8q_e2=4.0960000000e+03 p8n_e2=1.9200000000e+02 p16q=3.8400000000e+03 p16n=2.9760000000e+03 p16q_e2=3.8360000000e+03 p16n_e2=3.1520000000e+03 p32q=3.8365723877e+03 p32n=3.8365700684e+03 p64q=3.8365723854e+03 p64n=3.8365723854e+03 alpha_d=5.9177395090e-01 alpha_p32q=5.9177395054e-01 alpha_p32n=5.9177430828e-01 rz32q=2.2703836060e+03 rz32n=2.2703826904e+03 alpha_full_q=5.9177395251e-01 alpha_full_n=5.9177407163e-01
  residual=4.086e+04
iter=68 pAp_d=3.5459303600e+03 p8q=6.4000000000e+01 p8n=1.2000000000e+01 p8q_e2=3.0720000000e+03 p8n_e2=1.9200000000e+02 p16q=3.5520000000e+03 p16n=2.5120000000e+03 p16q_e2=3.5480000000e+03 p16n_e2=2.9480000000e+03 p32q=3.5459303589e+03 p32n=3.5459317017e+03 p64q=3.5459303600e+03 p64n=3.5459303600e+03 alpha_d=6.0429498186e-01 alpha_p32q=6.0429498205e-01 alpha_p32n=6.0429475321e-01 rz32q=2.1427879028e+03 rz32n=2.1427866211e+03 alpha_full_q=6.0429497648e-01 alpha_full_n=6.0429438618e-01
  residual=4.090e+04
iter=69 pAp_d=3.5797146973e+03 p8q=6.4000000000e+01 p8n=6.0000000000e+00 p8q_e2=3.0720000000e+03 p8n_e2=9.6000000000e+01 p16q=3.5840000000e+03 p16n=2.5920000000e+03 p16q_e2=3.5800000000e+03 p16n_e2=3.0920000000e+03 p32q=3.5797147217e+03 p32n=3.5797136841e+03 p64q=3.5797146973e+03 p64n=3.5797146973e+03 alpha_d=6.0083736158e-01 alpha_p32q=6.0083735749e-01 alpha_p32n=6.0083753164e-01 rz32q=2.1508263550e+03 rz32n=2.1508256226e+03 alpha_full_q=6.0083736337e-01 alpha_full_n=6.0083733292e-01
  residual=4.000e+04
iter=70 pAp_d=3.0273267997e+03 p8q=6.4000000000e+01 p8n=6.4000000000e+01 p8q_e2=3.0720000000e+03 p8n_e2=2.5600000000e+02 p16q=3.0240000000e+03 p16n=2.1920000000e+03 p16q_e2=3.0280000000e+03 p16n_e2=2.4200000000e+03 p32q=3.0273267822e+03 p32n=3.0273258667e+03 p64q=3.0273267997e+03 p64n=3.0273267997e+03 alpha_d=6.6474765450e-01 alpha_p32q=6.6474765834e-01 alpha_p32n=6.6474785937e-01 rz32q=2.0124083862e+03 rz32n=2.0124077454e+03 alpha_full_q=6.6474765726e-01 alpha_full_n=6.6474764659e-01
  residual=3.914e+04
iter=71 pAp_d=3.6187679195e+03 p8q=6.4000000000e+01 p8n=-6.4000000000e+01 p8q_e2=4.0960000000e+03 p8n_e2=5.1200000000e+02 p16q=3.6160000000e+03 p16n=2.6240000000e+03 p16q_e2=3.6200000000e+03 p16n_e2=3.0680000000e+03 p32q=3.6187679443e+03 p32n=3.6187689209e+03 p64q=3.6187679195e+03 p64n=3.6187679195e+03 alpha_d=5.8661958554e-01 alpha_p32q=5.8661958152e-01 alpha_p32n=5.8661942321e-01 rz32q=2.1228401489e+03 rz32n=2.1228392334e+03 alpha_full_q=5.8661958478e-01 alpha_full_n=5.8661917348e-01
  residual=4.117e+04
iter=72 pAp_d=3.4153417910e+03 p8q=6.4000000000e+01 p8n=-6.4000000000e+01 p8q_e2=3.0720000000e+03 p8n_e2=1.9200000000e+02 p16q=3.4080000000e+03 p16n=2.4320000000e+03 p16q_e2=3.4160000000e+03 p16n_e2=2.8280000000e+03 p32q=3.4153417969e+03 p32n=3.4153431396e+03 p64q=3.4153417910e+03 p64n=3.4153417910e+03 alpha_d=6.3664296980e-01 alpha_p32q=6.3664296871e-01 alpha_p32n=6.3664271840e-01 rz32q=2.1743533325e+03 rz32n=2.1743505859e+03 alpha_full_q=6.3664296631e-01 alpha_full_n=6.3664191182e-01
  residual=4.229e+04
iter=73 pAp_d=4.2818362019e+03 p8q=6.4000000000e+01 p8n=7.0000000000e+00 p8q_e2=4.0960000000e+03 p8n_e2=1.9200000000e+02 p16q=4.2880000000e+03 p16n=3.1360000000e+03 p16q_e2=4.2880000000e+03 p16n_e2=3.6200000000e+03 p32q=4.2818361816e+03 p32n=4.2818388672e+03 p64q=4.2818362019e+03 p64n=4.2818362019e+03 alpha_d=5.4711052700e-01 alpha_p32q=5.4711052959e-01 alpha_p32n=5.4711018645e-01 rz32q=2.3426376343e+03 rz32n=2.3426338501e+03 alpha_full_q=5.4711052336e-01 alpha_full_n=5.4710929644e-01
  residual=4.264e+04
iter=74 pAp_d=3.5131498655e+03 p8q=6.4000000000e+01 p8n=2.4000000000e+01 p8q_e2=3.0720000000e+03 p8n_e2=2.2400000000e+02 p16q=3.5200000000e+03 p16n=2.4640000000e+03 p16q_e2=3.5120000000e+03 p16n_e2=2.9160000000e+03 p32q=3.5131498413e+03 p32n=3.5131505127e+03 p64q=3.5131498655e+03 p64n=3.5131498655e+03 alpha_d=6.3366302553e-01 alpha_p32q=6.3366302990e-01 alpha_p32n=6.3366290880e-01 rz32q=2.2261531982e+03 rz32n=2.2261488647e+03 alpha_full_q=6.3366303710e-01 alpha_full_n=6.3366168250e-01
  residual=4.114e+04
iter=75 pAp_d=4.0318995911e+03 p8q=6.4000000000e+01 p8n=2.4000000000e+01 p8q_e2=4.0960000000e+03 p8n_e2=1.9200000000e+02 p16q=4.0320000000e+03 p16n=3.0400000000e+03 p16q_e2=4.0320000000e+03 p16n_e2=3.4640000000e+03 p32q=4.0318995972e+03 p32n=4.0318959961e+03 p64q=4.0318995911e+03 p64n=4.0318995911e+03 alpha_d=5.7084278132e-01 alpha_p32q=5.7084278046e-01 alpha_p32n=5.7084329031e-01 rz32q=2.3015807495e+03 rz32n=2.3015780640e+03 alpha_full_q=5.7084277375e-01 alpha_full_n=5.7084261752e-01
  residual=4.326e+04
iter=76 pAp_d=3.8257253588e+03 p8q=6.4000000000e+01 p8n=1.2000000000e+01 p8q_e2=4.0960000000e+03 p8n_e2=2.5600000000e+02 p16q=3.8240000000e+03 p16n=2.6720000000e+03 p16q_e2=3.8280000000e+03 p16n_e2=3.1680000000e+03 p32q=3.8257253418e+03 p32n=3.8257257080e+03 p64q=3.8257253588e+03 p64n=3.8257253588e+03 alpha_d=6.0215623956e-01 alpha_p32q=6.0215624223e-01 alpha_p32n=6.0215618459e-01 rz32q=2.3036843872e+03 rz32n=2.3036816406e+03 alpha_full_q=6.0215624003e-01 alpha_full_n=6.0215546447e-01
  residual=4.250e+04
iter=77 pAp_d=3.9806551819e+03 p8q=6.4000000000e+01 p8n=8.0000000000e+00 p8q_e2=4.0960000000e+03 p8n_e2=2.2400000000e+02 p16q=3.9840000000e+03 p16n=2.6880000000e+03 p16q_e2=3.9800000000e+03 p16n_e2=3.3240000000e+03 p32q=3.9806551514e+03 p32n=3.9806520386e+03 p64q=3.9806551819e+03 p64n=3.9806551819e+03 alpha_d=5.6472889497e-01 alpha_p32q=5.6472889929e-01 alpha_p32n=5.6472934090e-01 rz32q=2.2479910278e+03 rz32n=2.2479879761e+03 alpha_full_q=5.6472890576e-01 alpha_full_n=5.6472858072e-01
  residual=4.158e+04
iter=78 pAp_d=3.3984364929e+03 p8q=6.4000000000e+01 p8n=2.4000000000e+01 p8q_e2=3.0720000000e+03 p8n_e2=2.5600000000e+02 p16q=3.3920000000e+03 p16n=2.2240000000e+03 p16q_e2=3.4000000000e+03 p16n_e2=2.8440000000e+03 p32q=3.3984365234e+03 p32n=3.3984351807e+03 p64q=3.3984364929e+03 p64n=3.3984364929e+03 alpha_d=6.5665185798e-01 alpha_p32q=6.5665185207e-01 alpha_p32n=6.5665211153e-01 rz32q=2.2315896606e+03 rz32n=2.2315867310e+03 alpha_full_q=6.5665185895e-01 alpha_full_n=6.5665125634e-01
  residual=4.338e+04
iter=79 pAp_d=4.2665921732e+03 p8q=6.4000000000e+01 p8n=7.0000000000e+00 p8q_e2=4.0960000000e+03 p8n_e2=2.5600000000e+02 p16q=4.2880000000e+03 p16n=3.2640000000e+03 p16q_e2=4.2720000000e+03 p16n_e2=3.6400000000e+03 p32q=4.2665922852e+03 p32n=4.2665886230e+03 p64q=4.2665921732e+03 p64n=4.2665921732e+03 alpha_d=5.8388812022e-01 alpha_p32q=5.8388810490e-01 alpha_p32n=5.8388860606e-01 rz32q=2.4912124634e+03 rz32n=2.4912114868e+03 alpha_full_q=5.8388810012e-01 alpha_full_n=5.8388837240e-01
  residual=4.607e+04
iter=80 pAp_d=5.1022587079e+03 p8q=6.4000000000e+01 p8n=-6.4000000000e+01 p8q_e2=4.0960000000e+03 p8n_e2=1.9200000000e+02 p16q=5.1200000000e+03 p16n=3.7920000000e+03 p16q_e2=5.1040000000e+03 p16n_e2=4.2880000000e+03 p32q=5.1022587891e+03 p32n=5.1022619629e+03 p64q=5.1022587079e+03 p64n=5.1022587079e+03 alpha_d=5.2802696316e-01 alpha_p32q=5.2802695476e-01 alpha_p32n=5.2802662630e-01 rz32q=2.6941301880e+03 rz32n=2.6941299438e+03 alpha_full_q=5.2802695813e-01 alpha_full_n=5.2802658183e-01
  residual=4.602e+04
iter=81 pAp_d=6.1033453158e+03 p8q=6.4000000000e+01 p8n=7.0000000000e+00 p8q_e2=4.0960000000e+03 p8n_e2=8.0000000000e+01 p16q=6.0800000000e+03 p16n=4.4160000000e+03 p16q_e2=6.0960000000e+03 p16n_e2=4.9440000000e+03 p32q=6.1033452148e+03 p32n=6.1033383789e+03 p64q=6.1033453158e+03 p64n=6.1033453158e+03 alpha_d=4.6528992844e-01 alpha_p32q=4.6528993614e-01 alpha_p32n=4.6529045728e-01 rz32q=2.8398251343e+03 rz32n=2.8398198242e+03 alpha_full_q=4.6528994090e-01 alpha_full_n=4.6528959201e-01
  residual=4.520e+04
iter=82 pAp_d=4.3959609825e+03 p8q=6.4000000000e+01 p8n=6.4000000000e+01 p8q_e2=4.0960000000e+03 p8n_e2=1.9200000000e+02 p16q=4.4160000000e+03 p16n=3.1680000000e+03 p16q_e2=4.4000000000e+03 p16n_e2=3.6160000000e+03 p32q=4.3959609375e+03 p32n=4.3959548340e+03 p64q=4.3959609825e+03 p64n=4.3959609825e+03 alpha_d=5.6932910437e-01 alpha_p32q=5.6932911021e-01 alpha_p32n=5.6932990069e-01 rz32q=2.5027485352e+03 rz32n=2.5027476807e+03 alpha_full_q=5.6932911160e-01 alpha_full_n=5.6932970769e-01
  residual=4.314e+04
iter=83 pAp_d=4.4547196940e+03 p8q=6.4000000000e+01 p8n=-5.5000000000e+00 p8q_e2=4.0960000000e+03 p8n_e2=2.2400000000e+02 p16q=4.4800000000e+03 p16n=3.2960000000e+03 p16q_e2=4.4480000000e+03 p16n_e2=3.7560000000e+03 p32q=4.4547197266e+03 p32n=4.4547299805e+03 p64q=4.4547196940e+03 p64n=4.4547196940e+03 alpha_d=5.6475511138e-01 alpha_p32q=5.6475510725e-01 alpha_p32n=5.6475380730e-01 rz32q=2.5158257446e+03 rz32n=2.5158233032e+03 alpha_full_q=5.6475511346e-01 alpha_full_n=5.6475326546e-01
  residual=4.485e+04
iter=84 pAp_d=4.0204885186e+03 p8q=6.4000000000e+01 p8n=7.0000000000e+00 p8q_e2=4.0960000000e+03 p8n_e2=5.6000000000e+01 p16q=4.0160000000e+03 p16n=2.8800000000e+03 p16q_e2=4.0200000000e+03 p16n_e2=3.3560000000e+03 p32q=4.0204885254e+03 p32n=4.0204874878e+03 p64q=4.0204885186e+03 p64n=4.0204885186e+03 alpha_d=6.3334885631e-01 alpha_p32q=6.3334885525e-01 alpha_p32n=6.3334901870e-01 rz32q=2.5463718262e+03 rz32n=2.5463706665e+03 alpha_full_q=6.3334886049e-01 alpha_full_n=6.3334873550e-01
  residual=4.617e+04
iter=85 pAp_d=3.8969963400e+03 p8q=6.4000000000e+01 p8n=1.6000000000e+01 p8q_e2=4.0960000000e+03 p8n_e2=1.9200000000e+02 p16q=3.9040000000e+03 p16n=2.9120000000e+03 p16q_e2=3.8960000000e+03 p16n_e2=3.2200000000e+03 p32q=3.8969963379e+03 p32n=3.8969951782e+03 p64q=3.8969963400e+03 p64n=3.8969963400e+03 alpha_d=6.3542683421e-01 alpha_p32q=6.3542683455e-01 alpha_p32n=6.3542702365e-01 rz32q=2.4762560425e+03 rz32n=2.4762533569e+03 alpha_full_q=6.3542683333e-01 alpha_full_n=6.3542633329e-01
  residual=4.568e+04
iter=86 pAp_d=4.0495492203e+03 p8q=6.4000000000e+01 p8n=7.0000000000e+00 p8q_e2=4.0960000000e+03 p8n_e2=8.0000000000e+01 p16q=4.0480000000e+03 p16n=2.8800000000e+03 p16q_e2=4.0520000000e+03 p16n_e2=3.3320000000e+03 p32q=4.0495491943e+03 p32n=4.0495512085e+03 p64q=4.0495492203e+03 p64n=4.0495492203e+03 alpha_d=6.2635071731e-01 alpha_p32q=6.2635072133e-01 alpha_p32n=6.2635040980e-01 rz32q=2.5364380493e+03 rz32n=2.5364362183e+03 alpha_full_q=6.2635071896e-01 alpha_full_n=6.2634995526e-01
  residual=4.652e+04
iter=87 pAp_d=4.0360166580e+03 p8q=6.4000000000e+01 p8n=6.0000000000e+00 p8q_e2=4.0960000000e+03 p8n_e2=2.5600000000e+02 p16q=4.0320000000e+03 p16n=2.8480000000e+03 p16q_e2=4.0360000000e+03 p16n_e2=3.3920000000e+03 p32q=4.0360166626e+03 p32n=4.0360173340e+03 p64q=4.0360166580e+03 p64n=4.0360166580e+03 alpha_d=6.2981375549e-01 alpha_p32q=6.2981375478e-01 alpha_p32n=6.2981365001e-01 rz32q=2.5419387817e+03 rz32n=2.5419376221e+03 alpha_full_q=6.2981374812e-01 alpha_full_n=6.2981335602e-01
  residual=4.677e+04
iter=88 pAp_d=4.5498581506e+03 p8q=6.4000000000e+01 p8n=2.4000000000e+01 p8q_e2=4.0960000000e+03 p8n_e2=9.6000000000e+01 p16q=4.5440000000e+03 p16n=3.3440000000e+03 p16q_e2=4.5440000000e+03 p16n_e2=3.8640000000e+03 p32q=4.5498581543e+03 p32n=4.5498564453e+03 p64q=4.5498581506e+03 p64n=4.5498581506e+03 alpha_d=5.9864500588e-01 alpha_p32q=5.9864500539e-01 alpha_p32n=5.9864523025e-01 rz32q=2.7237498779e+03 rz32n=2.7237482300e+03 alpha_full_q=5.9864500948e-01 alpha_full_n=5.9864487214e-01
  residual=4.730e+04
iter=89 pAp_d=4.2069462733e+03 p8q=6.4000000000e+01 p8n=2.4000000000e+01 p8q_e2=4.0960000000e+03 p8n_e2=9.6000000000e+01 p16q=4.2240000000e+03 p16n=2.9440000000e+03 p16q_e2=4.2080000000e+03 p16n_e2=3.4560000000e+03 p32q=4.2069462891e+03 p32n=4.2069445801e+03 p64q=4.2069462733e+03 p64n=4.2069462733e+03 alpha_d=6.2345365905e-01 alpha_p32q=6.2345365672e-01 alpha_p32n=6.2345390998e-01 rz32q=2.6228360596e+03 rz32n=2.6228353882e+03 alpha_full_q=6.2345365958e-01 alpha_full_n=6.2345375325e-01
  residual=4.681e+04
iter=90 pAp_d=4.1950315814e+03 p8q=6.4000000000e+01 p8n=8.0000000000e+00 p8q_e2=4.0960000000e+03 p8n_e2=2.5600000000e+02 p16q=4.2240000000e+03 p16n=2.7360000000e+03 p16q_e2=4.1920000000e+03 p16n_e2=3.5440000000e+03 p32q=4.1950314941e+03 p32n=4.1950390625e+03 p64q=4.1950315814e+03 p64n=4.1950315814e+03 alpha_d=6.5442492620e-01 alpha_p32q=6.5442493981e-01 alpha_p32n=6.5442375915e-01 rz32q=2.7453332520e+03 rz32n=2.7453323975e+03 alpha_full_q=6.5442494432e-01 alpha_full_n=6.5442355996e-01
  residual=4.909e+04
iter=91 pAp_d=4.6898041448e+03 p8q=6.4000000000e+01 p8n=6.7187500000e-01 p8q_e2=4.0960000000e+03 p8n_e2=1.1200000000e+02 p16q=4.6720000000e+03 p16n=3.2800000000e+03 p16q_e2=4.6880000000e+03 p16n_e2=3.8760000000e+03 p32q=4.6898041992e+03 p32n=4.6898022461e+03 p64q=4.6898041448e+03 p64n=4.6898041448e+03 alpha_d=6.2553661750e-01 alpha_p32q=6.2553661024e-01 alpha_p32n=6.2553687075e-01 rz32q=2.9336442261e+03 rz32n=2.9336414795e+03 alpha_full_q=6.2553661122e-01 alpha_full_n=6.2553628608e-01
  residual=5.110e+04
iter=92 pAp_d=4.7532732558e+03 p8q=6.4000000000e+01 p8n=2.4000000000e+01 p8q_e2=4.0960000000e+03 p8n_e2=6.4000000000e+01 p16q=4.7360000000e+03 p16n=3.5360000000e+03 p16q_e2=4.7520000000e+03 p16n_e2=3.9480000000e+03 p32q=4.7532731934e+03 p32n=4.7532746582e+03 p64q=4.7532732558e+03 p64n=4.7532732558e+03 alpha_d=6.3015043431e-01 alpha_p32q=6.3015044259e-01 alpha_p32n=6.3015024839e-01 rz32q=2.9952772217e+03 rz32n=2.9952768555e+03 alpha_full_q=6.3015044577e-01 alpha_full_n=6.3015017453e-01
  residual=5.150e+04
iter=93 pAp_d=4.8676250576e+03 p8q=6.4000000000e+01 p8n=2.4000000000e+01 p8q_e2=4.0960000000e+03 p8n_e2=1.9200000000e+02 p16q=4.8640000000e+03 p16n=3.6160000000e+03 p16q_e2=4.8640000000e+03 p16n_e2=4.0720000000e+03 p32q=4.8676250000e+03 p32n=4.8676384277e+03 p64q=4.8676250576e+03 p64n=4.8676250576e+03 alpha_d=6.2586025595e-01 alpha_p32q=6.2586026336e-01 alpha_p32n=6.2585853688e-01 rz32q=3.0464530640e+03 rz32n=3.0464488525e+03 alpha_full_q=6.2586026326e-01 alpha_full_n=6.2585767159e-01
  residual=5.088e+04
iter=94 pAp_d=4.9835564658e+03 p8q=6.4000000000e+01 p8n=8.0000000000e+00 p8q_e2=4.0960000000e+03 p8n_e2=1.1200000000e+02 p16q=4.9920000000e+03 p16n=3.6640000000e+03 p16q_e2=4.9760000000e+03 p16n_e2=4.0840000000e+03 p32q=4.9835563965e+03 p32n=4.9835595703e+03 p64q=4.9835564658e+03 p64n=4.9835564658e+03 alpha_d=6.1774368242e-01 alpha_p32q=6.1774369101e-01 alpha_p32n=6.1774329759e-01 rz32q=3.0785605469e+03 rz32n=3.0785558472e+03 alpha_full_q=6.1774369586e-01 alpha_full_n=6.1774235940e-01
  residual=5.097e+04
iter=95 pAp_d=4.7761105935e+03 p8q=6.4000000000e+01 p8n=1.2000000000e+01 p8q_e2=4.0960000000e+03 p8n_e2=2.2400000000e+02 p16q=4.8000000000e+03 p16n=3.3440000000e+03 p16q_e2=4.7840000000e+03 p16n_e2=3.9560000000e+03 p32q=4.7761105957e+03 p32n=4.7761154785e+03 p64q=4.7761105935e+03 p64n=4.7761105935e+03 alpha_d=6.1946758268e-01 alpha_p32q=6.1946758239e-01 alpha_p32n=6.1946694909e-01 rz32q=2.9586456909e+03 rz32n=2.9586445312e+03 alpha_full_q=6.1946758385e-01 alpha_full_n=6.1946670774e-01
  residual=5.029e+04
iter=96 pAp_d=4.5267732604e+03 p8q=6.4000000000e+01 p8n=1.6000000000e+01 p8q_e2=4.0960000000e+03 p8n_e2=9.6000000000e+01 p16q=4.5440000000e+03 p16n=3.2160000000e+03 p16q_e2=4.5280000000e+03 p16n_e2=3.6840000000e+03 p32q=4.5267731934e+03 p32n=4.5267678223e+03 p64q=4.5267732604e+03 p64n=4.5267732604e+03 alpha_d=6.4344700485e-01 alpha_p32q=6.4344701438e-01 alpha_p32n=6.4344777784e-01 rz32q=2.9127387085e+03 rz32n=2.9127367554e+03 alpha_full_q=6.4344701713e-01 alpha_full_n=6.4344734913e-01
  residual=5.093e+04
iter=97 pAp_d=4.7564498751e+03 p8q=6.4000000000e+01 p8n=6.5000000000e+00 p8q_e2=4.0960000000e+03 p8n_e2=1.1200000000e+02 p16q=4.7360000000e+03 p16n=3.1840000000e+03 p16q_e2=4.7520000000e+03 p16n_e2=3.9480000000e+03 p32q=4.7564499512e+03 p32n=4.7564516602e+03 p64q=4.7564498751e+03 p64n=4.7564498751e+03 alpha_d=6.2996499848e-01 alpha_p32q=6.2996498841e-01 alpha_p32n=6.2996476207e-01 rz32q=2.9963969116e+03 rz32n=2.9963950806e+03 alpha_full_q=6.2996498279e-01 alpha_full_n=6.2996437148e-01
  residual=5.201e+04
iter=98 pAp_d=4.6732118374e+03 p8q=6.4000000000e+01 p8n=6.4000000000e+01 p8q_e2=4.0960000000e+03 p8n_e2=2.5600000000e+02 p16q=4.6720000000e+03 p16n=3.3760000000e+03 p16q_e2=4.6720000000e+03 p16n_e2=3.8120000000e+03 p32q=4.6732119141e+03 p32n=4.6731953125e+03 p64q=4.6732118374e+03 p64n=4.6732118374e+03 alpha_d=6.1733713306e-01 alpha_p32q=6.1733712293e-01 alpha_p32n=6.1733931603e-01 rz32q=2.8849472046e+03 rz32n=2.8849481812e+03 alpha_full_q=6.1733712437e-01 alpha_full_n=6.1733952643e-01
  residual=4.922e+04
iter=99 pAp_d=4.9145723991e+03 p8q=6.4000000000e+01 p8n=2.0000000000e+00 p8q_e2=4.0960000000e+03 p8n_e2=1.2800000000e+02 p16q=4.9280000000e+03 p16n=3.6160000000e+03 p16q_e2=4.9120000000e+03 p16n_e2=4.0520000000e+03 p32q=4.9145725098e+03 p32n=4.9145686035e+03 p64q=4.9145723991e+03 p64n=4.9145723991e+03 alpha_d=5.9378807268e-01 alpha_p32q=5.9378805931e-01 alpha_p32n=5.9378853127e-01 rz32q=2.9182144775e+03 rz32n=2.9182113647e+03 alpha_full_q=5.9378806025e-01 alpha_full_n=5.9378789883e-01
  residual=5.037e+04
iter=100 pAp_d=4.0332371583e+03 p8q=6.4000000000e+01 p8n=5.0000000000e+00 p8q_e2=4.0960000000e+03 p8n_e2=1.9200000000e+02 p16q=4.0320000000e+03 p16n=2.7040000000e+03 p16q_e2=4.0320000000e+03 p16n_e2=3.2360000000e+03 p32q=4.0332371826e+03 p32n=4.0332327271e+03 p64q=4.0332371583e+03 p64n=4.0332371583e+03 alpha_d=6.5967603698e-01 alpha_p32q=6.5967603301e-01 alpha_p32n=6.5967676176e-01 rz32q=2.6606298828e+03 rz32n=2.6606295166e+03 alpha_full_q=6.5967602755e-01 alpha_full_n=6.5967666551e-01
  residual=4.926e+04
iter=101 pAp_d=4.1589723882e+03 p8q=6.4000000000e+01 p8n=2.4000000000e+01 p8q_e2=4.0960000000e+03 p8n_e2=1.2800000000e+02 p16q=4.1600000000e+03 p16n=3.1040000000e+03 p16q_e2=4.1600000000e+03 p16n_e2=3.4320000000e+03 p32q=4.1589724121e+03 p32n=4.1589699707e+03 p64q=4.1589723882e+03 p64n=4.1589723882e+03 alpha_d=6.2498725847e-01 alpha_p32q=6.2498725488e-01 alpha_p32n=6.2498762176e-01 rz32q=2.5993047485e+03 rz32n=2.5993016968e+03 alpha_full_q=6.2498725430e-01 alpha_full_n=6.2498688740e-01
  residual=4.926e+04
iter=102 pAp_d=4.4682121888e+03 p8q=6.4000000000e+01 p8n=8.0000000000e+00 p8q_e2=4.0960000000e+03 p8n_e2=1.9200000000e+02 p16q=4.4800000000e+03 p16n=3.1040000000e+03 p16q_e2=4.4640000000e+03 p16n_e2=3.6240000000e+03 p32q=4.4682121582e+03 p32n=4.4682082520e+03 p64q=4.4682121888e+03 p64n=4.4682121888e+03 alpha_d=6.3346806386e-01 alpha_p32q=6.3346806820e-01 alpha_p32n=6.3346862200e-01 rz32q=2.8304697266e+03 rz32n=2.8304656982e+03 alpha_full_q=6.3346806874e-01 alpha_full_n=6.3346772098e-01
  residual=5.289e+04
iter=103 pAp_d=4.8134269522e+03 p8q=6.4000000000e+01 p8n=-1.2000000000e+01 p8q_e2=4.0960000000e+03 p8n_e2=2.2400000000e+02 p16q=4.8000000000e+03 p16n=3.5200000000e+03 p16q_e2=4.8160000000e+03 p16n_e2=3.9200000000e+03 p32q=4.8134270020e+03 p32n=4.8134321289e+03 p64q=4.8134269522e+03 p64n=4.8134269522e+03 alpha_d=6.2034939936e-01 alpha_p32q=6.2034939294e-01 alpha_p32n=6.2034873219e-01 rz32q=2.9860065308e+03 rz32n=2.9860056763e+03 alpha_full_q=6.2034939546e-01 alpha_full_n=6.2034855718e-01
  residual=5.424e+04
iter=104 pAp_d=5.8999208848e+03 p8q=6.4000000000e+01 p8n=6.4000000000e+01 p8q_e2=8.1920000000e+03 p8n_e2=1.0240000000e+03 p16q=5.8880000000e+03 p16n=4.0000000000e+03 p16q_e2=5.9040000000e+03 p16n_e2=4.5120000000e+03 p32q=5.8999208984e+03 p32n=5.8999311523e+03 p64q=5.8999208848e+03 p64n=5.8999208848e+03 alpha_d=6.1221883790e-01 alpha_p32q=6.1221883648e-01 alpha_p32n=6.1221777246e-01 rz32q=3.6120427246e+03 rz32n=3.6120414429e+03 alpha_full_q=6.1221883933e-01 alpha_full_n=6.1221755807e-01
  residual=6.025e+04
iter=105 pAp_d=7.3122991110e+03 p8q=6.4000000000e+01 p8n=1.6000000000e+01 p8q_e2=8.1920000000e+03 p8n_e2=1.5360000000e+03 p16q=7.2960000000e+03 p16n=4.9920000000e+03 p16q_e2=7.3120000000e+03 p16n_e2=6.1280000000e+03 p32q=7.3122990723e+03 p32n=7.3122968750e+03 p64q=7.3122991110e+03 p64n=7.3122991110e+03 alpha_d=5.3959757842e-01 alpha_p32q=5.3959758128e-01 alpha_p32n=5.3959774342e-01 rz32q=3.9456989136e+03 rz32n=3.9456939697e+03 alpha_full_q=5.3959758409e-01 alpha_full_n=5.3959707014e-01
  residual=6.025e+04
iter=106 pAp_d=8.3150727932e+03 p8q=6.4000000000e+01 p8n=-6.4000000000e+01 p8q_e2=8.1920000000e+03 p8n_e2=1.1200000000e+02 p16q=8.3200000000e+03 p16n=6.0160000000e+03 p16q_e2=8.3200000000e+03 p16n_e2=6.6240000000e+03 p32q=8.3150727539e+03 p32n=8.3150712891e+03 p64q=8.3150727932e+03 p64n=8.3150727932e+03 alpha_d=5.2850585871e-01 alpha_p32q=5.2850586121e-01 alpha_p32n=5.2850595432e-01 rz32q=4.3945646973e+03 rz32n=4.3945539551e+03 alpha_full_q=5.2850586247e-01 alpha_full_n=5.2850466368e-01
  residual=6.057e+04
iter=107 pAp_d=7.4204388858e+03 p8q=6.4000000000e+01 p8n=1.2000000000e+01 p8q_e2=8.1920000000e+03 p8n_e2=1.2800000000e+02 p16q=7.4240000000e+03 p16n=4.4800000000e+03 p16q_e2=7.4240000000e+03 p16n_e2=5.8400000000e+03 p32q=7.4204389648e+03 p32n=7.4204440918e+03 p64q=7.4204388858e+03 p64n=7.4204388858e+03 alpha_d=5.6087802998e-01 alpha_p32q=5.6087802401e-01 alpha_p32n=5.6087763648e-01 rz32q=4.1619611816e+03 rz32n=4.1619501953e+03 alpha_full_q=5.6087802910e-01 alpha_full_n=5.6087616103e-01
  residual=6.061e+04
iter=108 pAp_d=6.1890059111e+03 p8q=6.4000000000e+01 p8n=6.4000000000e+01 p8q_e2=8.1920000000e+03 p8n_e2=1.2800000000e+02 p16q=6.2080000000e+03 p16n=4.0800000000e+03 p16q_e2=6.1920000000e+03 p16n_e2=4.7840000000e+03 p32q=6.1890058594e+03 p32n=6.1890109863e+03 p64q=6.1890059111e+03 p64n=6.1890059111e+03 alpha_d=6.4454233648e-01 alpha_p32q=6.4454234187e-01 alpha_p32n=6.4454180793e-01 rz32q=3.9890763550e+03 rz32n=3.9890737915e+03 alpha_full_q=6.4454234583e-01 alpha_full_n=6.4454139770e-01
  residual=6.241e+04
iter=109 pAp_d=6.7501047310e+03 p8q=6.4000000000e+01 p8n=-1.2000000000e+01 p8q_e2=8.1920000000e+03 p8n_e2=1.9200000000e+02 p16q=6.7840000000e+03 p16n=4.6080000000e+03 p16q_e2=6.7520000000e+03 p16n_e2=5.2960000000e+03 p32q=6.7501047363e+03 p32n=6.7501123047e+03 p64q=6.7501047310e+03 p64n=6.7501047310e+03 alpha_d=5.9379894549e-01 alpha_p32q=5.9379894502e-01 alpha_p32n=5.9379827925e-01 rz32q=4.0082050781e+03 rz32n=4.0082038574e+03 alpha_full_q=5.9379894604e-01 alpha_full_n=5.9379809942e-01
  residual=6.033e+04
iter=110 pAp_d=6.2514481516e+03 p8q=6.4000000000e+01 p8n=8.0000000000e+00 p8q_e2=4.0960000000e+03 p8n_e2=2.5600000000e+02 p16q=6.2720000000e+03 p16n=4.2880000000e+03 p16q_e2=6.2560000000e+03 p16n_e2=4.9120000000e+03 p32q=6.2514482422e+03 p32n=6.2514572754e+03 p64q=6.2514481516e+03 p64n=6.2514481516e+03 alpha_d=6.0813641560e-01 alpha_p32q=6.0813640679e-01 alpha_p32n=6.0813552804e-01 rz32q=3.8017332764e+03 rz32n=3.8017307129e+03 alpha_full_q=6.0813640761e-01 alpha_full_n=6.0813511881e-01
  residual=5.953e+04
iter=111 pAp_d=6.0264397817e+03 p8q=6.4000000000e+01 p8n=6.4000000000e+01 p8q_e2=4.0960000000e+03 p8n_e2=5.1200000000e+02 p16q=6.0160000000e+03 p16n=4.0960000000e+03 p16q_e2=6.0320000000e+03 p16n_e2=4.7360000000e+03 p32q=6.0264396973e+03 p32n=6.0264460449e+03 p64q=6.0264397817e+03 p64n=6.0264397817e+03 alpha_d=5.9366178832e-01 alpha_p32q=5.9366179664e-01 alpha_p32n=5.9366117133e-01 rz32q=3.5776669922e+03 rz32n=3.5776663208e+03 alpha_full_q=5.9366179235e-01 alpha_full_n=5.9366105564e-01
  residual=5.742e+04
iter=112 pAp_d=7.0285311501e+03 p8q=6.4000000000e+01 p8n=-2.4000000000e+01 p8q_e2=8.1920000000e+03 p8n_e2=5.1200000000e+02 p16q=7.0400000000e+03 p16n=4.7360000000e+03 p16q_e2=7.0240000000e+03 p16n_e2=5.6320000000e+03 p32q=7.0285312500e+03 p32n=7.0285310059e+03 p64q=7.0285311501e+03 p64n=7.0285311501e+03 alpha_d=5.3330716597e-01 alpha_p32q=5.3330715839e-01 alpha_p32n=5.3330717691e-01 rz32q=3.7483660278e+03 rz32n=3.7483609619e+03 alpha_full_q=5.3330715828e-01 alpha_full_n=5.3330645604e-01
  residual=5.703e+04
iter=113 pAp_d=7.5995248213e+03 p8q=6.4000000000e+01 p8n=-1.2000000000e+01 p8q_e2=8.1920000000e+03 p8n_e2=1.5360000000e+03 p16q=7.6160000000e+03 p16n=5.3120000000e+03 p16q_e2=7.6000000000e+03 p16n_e2=6.1120000000e+03 p32q=7.5995249023e+03 p32n=7.5995229492e+03 p64q=7.5995248213e+03 p64n=7.5995248213e+03 alpha_d=4.8405418289e-01 alpha_p32q=4.8405417773e-01 alpha_p32n=4.8405430214e-01 rz32q=3.6785817871e+03 rz32n=3.6785789185e+03 alpha_full_q=4.8405417896e-01 alpha_full_n=4.8405392589e-01
  residual=5.498e+04
iter=114 pAp_d=5.9785594452e+03 p8q=6.4000000000e+01 p8n=6.4000000000e+01 p8q_e2=4.0960000000e+03 p8n_e2=1.9200000000e+02 p16q=5.9520000000e+03 p16n=4.0480000000e+03 p16q_e2=5.9840000000e+03 p16n_e2=4.6400000000e+03 p32q=5.9785593262e+03 p32n=5.9785488281e+03 p64q=5.9785594452e+03 p64n=5.9785594452e+03 alpha_d=5.6318618131e-01 alpha_p32q=5.6318619252e-01 alpha_p32n=5.6318718145e-01 rz32q=3.3670420532e+03 rz32n=3.3670377197e+03 alpha_full_q=5.6318619077e-01 alpha_full_n=5.6318645486e-01
  residual=5.395e+04
iter=115 pAp_d=5.6644134719e+03 p8q=6.4000000000e+01 p8n=2.4000000000e+01 p8q_e2=4.0960000000e+03 p8n_e2=1.1200000000e+02 p16q=5.6320000000e+03 p16n=4.0160000000e+03 p16q_e2=5.6640000000e+03 p16n_e2=4.4800000000e+03 p32q=5.6644135742e+03 p32n=5.6643923340e+03 p64q=5.6644134719e+03 p64n=5.6644134719e+03 alpha_d=5.7912366330e-01 alpha_p32q=5.7912365284e-01 alpha_p32n=5.7912582443e-01 rz32q=3.2803958740e+03 rz32n=3.2803928223e+03 alpha_full_q=5.7912365173e-01 alpha_full_n=5.7912528456e-01
  residual=5.473e+04
iter=116 pAp_d=5.2118627466e+03 p8q=6.4000000000e+01 p8n=-2.4000000000e+01 p8q_e2=4.0960000000e+03 p8n_e2=1.2800000000e+02 p16q=5.1840000000e+03 p16n=3.6480000000e+03 p16q_e2=5.2160000000e+03 p16n_e2=4.3200000000e+03 p32q=5.2118627930e+03 p32n=5.2118562012e+03 p64q=5.2118627466e+03 p64n=5.2118627466e+03 alpha_d=6.2329919703e-01 alpha_p32q=6.2329919149e-01 alpha_p32n=6.2329997982e-01 rz32q=3.2485498657e+03 rz32n=3.2485459595e+03 alpha_full_q=6.2329919163e-01 alpha_full_n=6.2329923046e-01
  residual=5.657e+04
iter=117 pAp_d=5.1414392946e+03 p8q=6.4000000000e+01 p8n=7.5000000000e+00 p8q_e2=4.0960000000e+03 p8n_e2=1.9200000000e+02 p16q=5.1200000000e+03 p16n=3.6320000000e+03 p16q_e2=5.1360000000e+03 p16n_e2=4.2880000000e+03 p32q=5.1414392090e+03 p32n=5.1414387207e+03 p64q=5.1414392946e+03 p64n=5.1414392946e+03 alpha_d=6.2210420418e-01 alpha_p32q=6.2210421454e-01 alpha_p32n=6.2210427362e-01 rz32q=3.1985109863e+03 rz32n=3.1985068359e+03 alpha_full_q=6.2210421174e-01 alpha_full_n=6.2210346358e-01
  residual=5.667e+04
iter=118 pAp_d=5.9269418094e+03 p8q=6.4000000000e+01 p8n=2.4000000000e+01 p8q_e2=4.0960000000e+03 p8n_e2=1.9200000000e+02 p16q=5.9520000000e+03 p16n=4.2880000000e+03 p16q_e2=5.9200000000e+03 p16n_e2=4.7360000000e+03 p32q=5.9269418945e+03 p32n=5.9269406738e+03 p64q=5.9269418094e+03 p64n=5.9269418094e+03 alpha_d=5.8022365549e-01 alpha_p32q=5.8022364715e-01 alpha_p32n=5.8022376666e-01 rz32q=3.4389518433e+03 rz32n=3.4389478760e+03 alpha_full_q=5.8022364728e-01 alpha_full_n=5.8022309742e-01
  residual=5.647e+04
iter=119 pAp_d=5.7099012966e+03 p8q=6.4000000000e+01 p8n=-6.4000000000e+01 p8q_e2=4.0960000000e+03 p8n_e2=2.2400000000e+02 p16q=5.6960000000e+03 p16n=3.9520000000e+03 p16q_e2=5.7120000000e+03 p16n_e2=4.6240000000e+03 p32q=5.7099013672e+03 p32n=5.7099050293e+03 p64q=5.7099012966e+03 p64n=5.7099012966e+03 alpha_d=5.7337635146e-01 alpha_p32q=5.7337634437e-01 alpha_p32n=5.7337597663e-01 rz32q=3.2739223633e+03 rz32n=3.2739226685e+03 alpha_full_q=5.7337634273e-01 alpha_full_n=5.7337602844e-01
  residual=5.576e+04
iter=120 pAp_d=5.5840640795e+03 p8q=6.4000000000e+01 p8n=-1.6000000000e+01 p8q_e2=4.0960000000e+03 p8n_e2=1.0240000000e+03 p16q=5.5680000000e+03 p16n=3.6640000000e+03 p16q_e2=5.5840000000e+03 p16n_e2=4.4320000000e+03 p32q=5.5840639648e+03 p32n=5.5840610352e+03 p64q=5.5840640795e+03 p64n=5.5840640795e+03 alpha_d=5.8846446462e-01 alpha_p32q=5.8846447671e-01 alpha_p32n=5.8846478545e-01 rz32q=3.2860232544e+03 rz32n=3.2860227051e+03 alpha_full_q=5.8846447231e-01 alpha_full_n=5.8846468267e-01
  residual=5.511e+04
iter=121 pAp_d=6.2688269809e+03 p8q=6.4000000000e+01 p8n=6.4000000000e+01 p8q_e2=8.1920000000e+03 p8n_e2=1.9200000000e+02 p16q=6.2720000000e+03 p16n=4.0800000000e+03 p16q_e2=6.2720000000e+03 p16n_e2=4.9600000000e+03 p32q=6.2688269043e+03 p32n=6.2688371582e+03 p64q=6.2688269809e+03 p64n=6.2688269809e+03 alpha_d=5.3223019074e-01 alpha_p32q=5.3223019724e-01 alpha_p32n=5.3222932668e-01 rz32q=3.3364589844e+03 rz32n=3.3364580078e+03 alpha_full_q=5.3223019798e-01 alpha_full_n=5.3222917163e-01
  residual=5.428e+04
iter=122 pAp_d=6.1706668805e+03 p8q=6.4000000000e+01 p8n=5.5000000000e+00 p8q_e2=8.1920000000e+03 p8n_e2=1.9200000000e+02 p16q=6.1440000000e+03 p16n=4.0640000000e+03 p16q_e2=6.1760000000e+03 p16n_e2=4.8320000000e+03 p32q=6.1706669922e+03 p32n=6.1706657715e+03 p64q=6.1706668805e+03 p64n=6.1706668805e+03 alpha_d=5.3781414806e-01 alpha_p32q=5.3781413832e-01 alpha_p32n=5.3781424471e-01 rz32q=3.3186719360e+03 rz32n=3.3186715088e+03 alpha_full_q=5.3781413585e-01 alpha_full_n=5.3781417301e-01
  residual=5.565e+04
iter=123 pAp_d=5.6764717621e+03 p8q=6.4000000000e+01 p8n=-2.4000000000e+01 p8q_e2=4.0960000000e+03 p8n_e2=2.2400000000e+02 p16q=5.6960000000e+03 p16n=3.9360000000e+03 p16q_e2=5.6800000000e+03 p16n_e2=4.6080000000e+03 p32q=5.6764716797e+03 p32n=5.6764697266e+03 p64q=5.6764717621e+03 p64n=5.6764717621e+03 alpha_d=5.8567329293e-01 alpha_p32q=5.8567330143e-01 alpha_p32n=5.8567350295e-01 rz32q=3.3245579224e+03 rz32n=3.3245513306e+03 alpha_full_q=5.8567330376e-01 alpha_full_n=5.8567234403e-01
  residual=5.710e+04
iter=124 pAp_d=5.3159274974e+03 p8q=6.4000000000e+01 p8n=6.4000000000e+01 p8q_e2=4.0960000000e+03 p8n_e2=1.9200000000e+02 p16q=5.3120000000e+03 p16n=3.8560000000e+03 p16q_e2=5.3120000000e+03 p16n_e2=4.1920000000e+03 p32q=5.3159274902e+03 p32n=5.3159301758e+03 p64q=5.3159274974e+03 p64n=5.3159274974e+03 alpha_d=6.2665058400e-01 alpha_p32q=6.2665058485e-01 alpha_p32n=6.2665026827e-01 rz32q=3.3312290649e+03 rz32n=3.3312255859e+03 alpha_full_q=6.2665058375e-01 alpha_full_n=6.2664961273e-01
  residual=5.952e+04
iter=125 pAp_d=5.3429655434e+03 p8q=6.4000000000e+01 p8n=6.0000000000e+00 p8q_e2=4.0960000000e+03 p8n_e2=1.9200000000e+02 p16q=5.3120000000e+03 p16n=3.8400000000e+03 p16q_e2=5.3440000000e+03 p16n_e2=4.3520000000e+03 p32q=5.3429655762e+03 p32n=5.3429707031e+03 p64q=5.3429655434e+03 p64n=5.3429655434e+03 alpha_d=6.3565986234e-01 alpha_p32q=6.3565985845e-01 alpha_p32n=6.3565924849e-01 rz32q=3.3963087158e+03 rz32n=3.3963049927e+03 alpha_full_q=6.3565985358e-01 alpha_full_n=6.3565854679e-01
  residual=6.002e+04
iter=126 pAp_d=6.3617600925e+03 p8q=6.4000000000e+01 p8n=1.5000000000e+00 p8q_e2=8.1920000000e+03 p8n_e2=9.6000000000e+01 p16q=6.3360000000e+03 p16n=4.0480000000e+03 p16q_e2=6.3680000000e+03 p16n_e2=5.2000000000e+03 p32q=6.3617600098e+03 p32n=6.3617539062e+03 p64q=6.3617600925e+03 p64n=6.3617600925e+03 alpha_d=5.5314979557e-01 alpha_p32q=5.5314980277e-01 alpha_p32n=5.5315033347e-01 rz32q=3.5190062866e+03 rz32n=3.5190015259e+03 alpha_full_q=5.5314980150e-01 alpha_full_n=5.5314958386e-01
  residual=5.675e+04
iter=127 pAp_d=6.9457759806e+03 p8q=6.4000000000e+01 p8n=6.4000000000e+01 p8q_e2=8.1920000000e+03 p8n_e2=1.1200000000e+02 p16q=6.9760000000e+03 p16n=4.7360000000e+03 p16q_e2=6.9440000000e+03 p16n_e2=5.5200000000e+03 p32q=6.9457758789e+03 p32n=6.9457756348e+03 p64q=6.9457759806e+03 p64n=6.9457759806e+03 alpha_d=5.1099827927e-01 alpha_p32q=5.1099828675e-01 alpha_p32n=5.1099830471e-01 rz32q=3.5492796021e+03 rz32n=3.5492816162e+03 alpha_full_q=5.1099829075e-01 alpha_full_n=5.1099859869e-01
  residual=5.556e+04
iter=128 pAp_d=5.9734701958e+03 p8q=6.4000000000e+01 p8n=8.0000000000e+00 p8q_e2=4.0960000000e+03 p8n_e2=2.2400000000e+02 p16q=5.9520000000e+03 p16n=4.0000000000e+03 p16q_e2=5.9680000000e+03 p16n_e2=4.5440000000e+03 p32q=5.9734702148e+03 p32n=5.9734702148e+03 p64q=5.9734701958e+03 p64n=5.9734701958e+03 alpha_d=5.4984475061e-01 alpha_p32q=5.4984474886e-01 alpha_p32n=5.4984474886e-01 rz32q=3.2844812012e+03 rz32n=3.2844790649e+03 alpha_full_q=5.4984474402e-01 alpha_full_n=5.4984438640e-01
  residual=5.440e+04
iter=129 pAp_d=6.2275533722e+03 p8q=6.4000000000e+01 p8n=-2.4000000000e+01 p8q_e2=8.1920000000e+03 p8n_e2=9.6000000000e+01 p16q=6.2080000000e+03 p16n=4.2240000000e+03 p16q_e2=6.2240000000e+03 p16n_e2=4.8640000000e+03 p32q=6.2275534668e+03 p32n=6.2275520020e+03 p64q=6.2275533722e+03 p64n=6.2275533722e+03 alpha_d=5.2760107390e-01 alpha_p32q=5.2760106588e-01 alpha_p32n=5.2760118999e-01 rz32q=3.2856638184e+03 rz32n=3.2856615601e+03 alpha_full_q=5.2760106130e-01 alpha_full_n=5.2760082277e-01
  residual=5.443e+04
iter=130 pAp_d=5.4121743748e+03 p8q=6.4000000000e+01 p8n=2.4000000000e+01 p8q_e2=4.0960000000e+03 p8n_e2=1.9200000000e+02 p16q=5.4400000000e+03 p16n=3.9680000000e+03 p16q_e2=5.4080000000e+03 p16n_e2=4.3360000000e+03 p32q=5.4121743164e+03 p32n=5.4121765137e+03 p64q=5.4121743748e+03 p64n=5.4121743748e+03 alpha_d=5.4782854005e-01 alpha_p32q=5.4782854597e-01 alpha_p32n=5.4782832356e-01 rz32q=2.9649436035e+03 rz32n=2.9649401855e+03 alpha_full_q=5.4782854915e-01 alpha_full_n=5.4782769521e-01
  residual=5.205e+04
iter=131 pAp_d=5.1368008860e+03 p8q=6.4000000000e+01 p8n=3.2000000000e+01 p8q_e2=4.0960000000e+03 p8n_e2=1.9200000000e+02 p16q=5.1200000000e+03 p16n=3.6800000000e+03 p16q_e2=5.1360000000e+03 p16n_e2=4.0800000000e+03 p32q=5.1368007812e+03 p32n=5.1367961426e+03 p64q=5.1368008860e+03 p64n=5.1368008860e+03 alpha_d=5.5929964891e-01 alpha_p32q=5.5929966031e-01 alpha_p32n=5.5930016538e-01 rz32q=2.8730109253e+03 rz32n=2.8730103149e+03 alpha_full_q=5.5929965900e-01 alpha_full_n=5.5930004524e-01
  residual=5.179e+04
iter=132 pAp_d=4.1554427937e+03 p8q=6.4000000000e+01 p8n=3.3750000000e+00 p8q_e2=4.0960000000e+03 p8n_e2=9.6000000000e+01 p16q=4.1600000000e+03 p16n=2.9280000000e+03 p16q_e2=4.1600000000e+03 p16n_e2=3.2280000000e+03 p32q=4.1554428711e+03 p32n=4.1554401855e+03 p64q=4.1554427937e+03 p64n=4.1554427937e+03 alpha_d=6.3993713591e-01 alpha_p32q=6.3993712399e-01 alpha_p32n=6.3993753756e-01 rz32q=2.6592221680e+03 rz32n=2.6592199707e+03 alpha_full_q=6.3993712595e-01 alpha_full_n=6.3993701075e-01
  residual=5.223e+04
iter=133 pAp_d=4.4935194761e+03 p8q=6.4000000000e+01 p8n=1.0000000000e+00 p8q_e2=4.0960000000e+03 p8n_e2=1.9200000000e+02 p16q=4.4800000000e+03 p16n=3.1040000000e+03 p16q_e2=4.4960000000e+03 p16n_e2=3.5960000000e+03 p32q=4.4935195312e+03 p32n=4.4935170898e+03 p64q=4.4935194761e+03 p64n=4.4935194761e+03 alpha_d=6.2859940230e-01 alpha_p32q=6.2859939458e-01 alpha_p32n=6.2859973611e-01 rz32q=2.8246236572e+03 rz32n=2.8246190796e+03 alpha_full_q=6.2859939466e-01 alpha_full_n=6.2859871747e-01
  residual=5.519e+04
iter=134 pAp_d=4.5362249059e+03 p8q=6.4000000000e+01 p8n=3.2000000000e+01 p8q_e2=4.0960000000e+03 p8n_e2=5.1200000000e+02 p16q=4.5440000000e+03 p16n=2.7680000000e+03 p16q_e2=4.5440000000e+03 p16n_e2=3.7360000000e+03 p32q=4.5362248535e+03 p32n=4.5362292480e+03 p64q=4.5362249059e+03 p64n=4.5362249059e+03 alpha_d=6.5377304213e-01 alpha_p32q=6.5377304967e-01 alpha_p32n=6.5377241632e-01 rz32q=2.9656615601e+03 rz32n=2.9656622925e+03 alpha_full_q=6.5377305046e-01 alpha_full_n=6.5377257857e-01
  residual=5.698e+04
iter=135 pAp_d=4.7668636784e+03 p8q=6.4000000000e+01 p8n=1.6000000000e+01 p8q_e2=4.0960000000e+03 p8n_e2=9.6000000000e+01 p16q=4.7360000000e+03 p16n=3.2800000000e+03 p16q_e2=4.7680000000e+03 p16n_e2=3.9440000000e+03 p32q=4.7668637695e+03 p32n=4.7668691406e+03 p64q=4.7668636784e+03 p64n=4.7668636784e+03 alpha_d=6.5263078836e-01 alpha_p32q=6.5263077588e-01 alpha_p32n=6.5263004052e-01 rz32q=3.1110020142e+03 rz32n=3.1109996948e+03 alpha_full_q=6.5263077876e-01 alpha_full_n=6.5262955685e-01
  residual=5.762e+04
iter=136 pAp_d=5.2244210332e+03 p8q=6.4000000000e+01 p8n=-2.4000000000e+01 p8q_e2=4.0960000000e+03 p8n_e2=9.6000000000e+01 p16q=5.2480000000e+03 p16n=3.5040000000e+03 p16q_e2=5.2320000000e+03 p16n_e2=4.0960000000e+03 p32q=5.2244211426e+03 p32n=5.2244328613e+03 p64q=5.2244210332e+03 p64n=5.2244210332e+03 alpha_d=6.4517314836e-01 alpha_p32q=6.4517313484e-01 alpha_p32n=6.4517168768e-01 rz32q=3.3706561890e+03 rz32n=3.3706543579e+03 alpha_full_q=6.4517313918e-01 alpha_full_n=6.4517134154e-01
  residual=6.106e+04
iter=137 pAp_d=5.3291326426e+03 p8q=6.4000000000e+01 p8n=2.4000000000e+01 p8q_e2=4.0960000000e+03 p8n_e2=9.6000000000e+01 p16q=5.3120000000e+03 p16n=3.7440000000e+03 p16q_e2=5.3280000000e+03 p16n_e2=4.1760000000e+03 p32q=5.3291325684e+03 p32n=5.3291389160e+03 p64q=5.3291326426e+03 p64n=5.3291326426e+03 alpha_d=6.4407101858e-01 alpha_p32q=6.4407102755e-01 alpha_p32n=6.4407026038e-01 rz32q=3.4323399048e+03 rz32n=3.4323360596e+03 alpha_full_q=6.4407103046e-01 alpha_full_n=6.4406954175e-01
  residual=6.079e+04
iter=138 pAp_d=5.7395862005e+03 p8q=6.4000000000e+01 p8n=1.2000000000e+01 p8q_e2=4.0960000000e+03 p8n_e2=1.9200000000e+02 p16q=5.7600000000e+03 p16n=3.8720000000e+03 p16q_e2=5.7440000000e+03 p16n_e2=4.5440000000e+03 p32q=5.7395861816e+03 p32n=5.7395847168e+03 p64q=5.7395862005e+03 p64n=5.7395862005e+03 alpha_d=6.2354594169e-01 alpha_p32q=6.2354594374e-01 alpha_p32n=6.2354610288e-01 rz32q=3.5788956909e+03 rz32n=3.5788927612e+03 alpha_full_q=6.2354594524e-01 alpha_full_n=6.2354559394e-01
  residual=6.222e+04
iter=139 pAp_d=5.7170549258e+03 p8q=6.4000000000e+01 p8n=-3.1250000000e+00 p8q_e2=4.0960000000e+03 p8n_e2=1.9200000000e+02 p16q=5.6960000000e+03 p16n=3.5040000000e+03 p16q_e2=5.7120000000e+03 p16n_e2=4.4640000000e+03 p32q=5.7170549316e+03 p32n=5.7170561523e+03 p64q=5.7170549258e+03 p64n=5.7170549258e+03 alpha_d=6.1209431366e-01 alpha_p32q=6.1209431304e-01 alpha_p32n=6.1209418235e-01 rz32q=3.4993768311e+03 rz32n=3.4993741455e+03 alpha_full_q=6.1209431655e-01 alpha_full_n=6.1209371611e-01
  residual=5.959e+04
iter=140 pAp_d=5.6204526723e+03 p8q=6.4000000000e+01 p8n=1.2000000000e+01 p8q_e2=4.0960000000e+03 p8n_e2=1.1200000000e+02 p16q=5.6320000000e+03 p16n=3.8560000000e+03 p16q_e2=5.6160000000e+03 p16n_e2=4.4320000000e+03 p32q=5.6204526367e+03 p32n=5.6204606934e+03 p64q=5.6204526723e+03 p64n=5.6204526723e+03 alpha_d=6.3599146069e-01 alpha_p32q=6.3599146472e-01 alpha_p32n=6.3599055306e-01 rz32q=3.5745598755e+03 rz32n=3.5745584717e+03 alpha_full_q=6.3599145950e-01 alpha_full_n=6.3599029807e-01
  residual=6.251e+04
iter=141 pAp_d=5.9755854434e+03 p8q=6.4000000000e+01 p8n=1.2000000000e+01 p8q_e2=4.0960000000e+03 p8n_e2=1.9200000000e+02 p16q=5.9520000000e+03 p16n=4.1600000000e+03 p16q_e2=5.9680000000e+03 p16n_e2=4.7040000000e+03 p32q=5.9755854492e+03 p32n=5.9755822754e+03 p64q=5.9755854434e+03 p64n=5.9755854434e+03 alpha_d=6.0011284668e-01 alpha_p32q=6.0011284609e-01 alpha_p32n=6.0011316483e-01 rz32q=3.5860255737e+03 rz32n=3.5860225220e+03 alpha_full_q=6.0011284320e-01 alpha_full_n=6.0011265124e-01
  residual=6.106e+04
iter=142 pAp_d=5.8117292757e+03 p8q=6.4000000000e+01 p8n=-1.6000000000e+01 p8q_e2=4.0960000000e+03 p8n_e2=2.2400000000e+02 p16q=5.8240000000e+03 p16n=4.0000000000e+03 p16q_e2=5.8080000000e+03 p16n_e2=4.5440000000e+03 p32q=5.8117292480e+03 p32n=5.8117326660e+03 p64q=5.8117292757e+03 p64n=5.8117292757e+03 alpha_d=6.0483859121e-01 alpha_p32q=6.0483859409e-01 alpha_p32n=6.0483823837e-01 rz32q=3.5151581421e+03 rz32n=3.5151543579e+03 alpha_full_q=6.0483859314e-01 alpha_full_n=6.0483758630e-01
  residual=6.080e+04
iter=143 pAp_d=5.6357885655e+03 p8q=6.4000000000e+01 p8n=2.4000000000e+01 p8q_e2=4.0960000000e+03 p8n_e2=2.5600000000e+02 p16q=5.6320000000e+03 p16n=3.7440000000e+03 p16q_e2=5.6320000000e+03 p16n_e2=4.4160000000e+03 p32q=5.6357885742e+03 p32n=5.6357858887e+03 p64q=5.6357885655e+03 p64n=5.6357885655e+03 alpha_d=6.0149613521e-01 alpha_p32q=6.0149613428e-01 alpha_p32n=6.0149642090e-01 rz32q=3.3899050293e+03 rz32n=3.3899060059e+03 alpha_full_q=6.0149613220e-01 alpha_full_n=6.0149659210e-01
  residual=6.061e+04
iter=144 pAp_d=6.3628408212e+03 p8q=6.4000000000e+01 p8n=6.4000000000e+01 p8q_e2=4.0960000000e+03 p8n_e2=9.6000000000e+01 p16q=6.3360000000e+03 p16n=4.0640000000e+03 p16q_e2=6.3680000000e+03 p16n_e2=4.8000000000e+03 p32q=6.3628408203e+03 p32n=6.3628442383e+03 p64q=6.3628408212e+03 p64n=6.3628408212e+03 alpha_d=5.6053278809e-01 alpha_p32q=5.6053278818e-01 alpha_p32n=5.6053248707e-01 rz32q=3.5665809326e+03 rz32n=3.5665751343e+03 alpha_full_q=5.6053279240e-01 alpha_full_n=5.6053158002e-01
  residual=6.149e+04
iter=145 pAp_d=8.0115316626e+03 p8q=6.4000000000e+01 p8n=-1.2000000000e+01 p8q_e2=8.1920000000e+03 p8n_e2=1.9200000000e+02 p16q=8.0000000000e+03 p16n=5.6960000000e+03 p16q_e2=8.0160000000e+03 p16n_e2=6.1280000000e+03 p32q=8.0115317383e+03 p32n=8.0115500488e+03 p64q=8.0115316626e+03 p64n=8.0115316626e+03 alpha_d=4.8628580685e-01 alpha_p32q=4.8628580225e-01 alpha_p32n=4.8628469083e-01 rz32q=3.8958941650e+03 rz32n=3.8958901978e+03 alpha_full_q=4.8628580555e-01 alpha_full_n=4.8628419894e-01
  residual=6.163e+04
iter=146 pAp_d=7.5436551263e+03 p8q=6.4000000000e+01 p8n=-6.4000000000e+01 p8q_e2=8.1920000000e+03 p8n_e2=3.2000000000e+01 p16q=7.5520000000e+03 p16n=4.8640000000e+03 p16q_e2=7.5520000000e+03 p16n_e2=5.8080000000e+03 p32q=7.5436550293e+03 p32n=7.5436555176e+03 p64q=7.5436551263e+03 p64n=7.5436551263e+03 alpha_d=5.2437921682e-01 alpha_p32q=5.2437922356e-01 alpha_p32n=5.2437918962e-01 rz32q=3.9557359619e+03 rz32n=3.9557351074e+03 alpha_full_q=5.2437922288e-01 alpha_full_n=5.2437907566e-01
  residual=6.308e+04
iter=147 pAp_d=6.2873498900e+03 p8q=6.4000000000e+01 p8n=1.6000000000e+01 p8q_e2=8.1920000000e+03 p8n_e2=1.2800000000e+02 p16q=6.2720000000e+03 p16n=4.0960000000e+03 p16q_e2=6.2880000000e+03 p16n_e2=4.8000000000e+03 p32q=6.2873498535e+03 p32n=6.2873344727e+03 p64q=6.2873498900e+03 p64n=6.2873498900e+03 alpha_d=6.0179739459e-01 alpha_p32q=6.0179739807e-01 alpha_p32n=6.0179887027e-01 rz32q=3.7837107544e+03 rz32n=3.7837075195e+03 alpha_full_q=6.0179739358e-01 alpha_full_n=6.0179835127e-01
  residual=6.347e+04
iter=148 pAp_d=6.3380110626e+03 p8q=6.4000000000e+01 p8n=1.6000000000e+01 p8q_e2=8.1920000000e+03 p8n_e2=1.9200000000e+02 p16q=6.3360000000e+03 p16n=4.0800000000e+03 p16q_e2=6.3360000000e+03 p16n_e2=5.0080000000e+03 p32q=6.3380109863e+03 p32n=6.3380112305e+03 p64q=6.3380110626e+03 p64n=6.3380110626e+03 alpha_d=6.2177576070e-01 alpha_p32q=6.2177576818e-01 alpha_p32n=6.2177574423e-01 rz32q=3.9408216553e+03 rz32n=3.9408163452e+03 alpha_full_q=6.2177576905e-01 alpha_full_n=6.2177490729e-01
  residual=6.538e+04
iter=149 pAp_d=6.5648874944e+03 p8q=6.4000000000e+01 p8n=1.6000000000e+01 p8q_e2=8.1920000000e+03 p8n_e2=6.4000000000e+01 p16q=6.5920000000e+03 p16n=4.6720000000e+03 p16q_e2=6.5600000000e+03 p16n_e2=5.0080000000e+03 p32q=6.5648874512e+03 p32n=6.5649003906e+03 p64q=6.5648874944e+03 p64n=6.5648874944e+03 alpha_d=6.1855687771e-01 alpha_p32q=6.1855688178e-01 alpha_p32n=6.1855566260e-01 rz32q=4.0607562866e+03 rz32n=4.0607531128e+03 alpha_full_q=6.1855687806e-01 alpha_full_n=6.1855517543e-01
  residual=6.794e+04
iter=150 pAp_d=6.5283438519e+03 p8q=6.4000000000e+01 p8n=1.2000000000e+01 p8q_e2=8.1920000000e+03 p8n_e2=1.9200000000e+02 p16q=6.5280000000e+03 p16n=4.0800000000e+03 p16q_e2=6.5280000000e+03 p16n_e2=4.7040000000e+03 p32q=6.5283437500e+03 p32n=6.5283393555e+03 p64q=6.5283438519e+03 p64n=6.5283438519e+03 alpha_d=6.4639482646e-01 alpha_p32q=6.4639483655e-01 alpha_p32n=6.4639527167e-01 rz32q=4.2198876953e+03 rz32n=4.2198845215e+03 alpha_full_q=6.4639483718e-01 alpha_full_n=6.4639478613e-01
  residual=7.019e+04
iter=151 pAp_d=6.7734654073e+03 p8q=6.4000000000e+01 p8n=-1.2500000000e+00 p8q_e2=8.1920000000e+03 p8n_e2=1.1200000000e+02 p16q=6.7840000000e+03 p16n=4.0640000000e+03 p16q_e2=6.7680000000e+03 p16n_e2=5.0400000000e+03 p32q=6.7734653320e+03 p32n=6.7734738770e+03 p64q=6.7734654073e+03 p64n=6.7734654073e+03 alpha_d=6.1257817257e-01 alpha_p32q=6.1257817937e-01 alpha_p32n=6.1257740659e-01 rz32q=4.1492770996e+03 rz32n=4.1492770996e+03 alpha_full_q=6.1257818505e-01 alpha_full_n=6.1257741227e-01
  residual=6.893e+04
iter=152 pAp_d=6.6879356616e+03 p8q=6.4000000000e+01 p8n=-1.2000000000e+01 p8q_e2=4.0960000000e+03 p8n_e2=6.4000000000e+01 p16q=6.7200000000e+03 p16n=4.0640000000e+03 p16q_e2=6.6880000000e+03 p16n_e2=4.7680000000e+03 p32q=6.6879355469e+03 p32n=6.6879304199e+03 p64q=6.6879356616e+03 p64n=6.6879356616e+03 alpha_d=6.4036715827e-01 alpha_p32q=6.4036716925e-01 alpha_p32n=6.4036766016e-01 rz32q=4.2827343750e+03 rz32n=4.2827321777e+03 alpha_full_q=6.4036717235e-01 alpha_full_n=6.4036733471e-01
  residual=6.815e+04
iter=153 pAp_d=7.0158089227e+03 p8q=6.4000000000e+01 p8n=1.6000000000e+01 p8q_e2=8.1920000000e+03 p8n_e2=1.9200000000e+02 p16q=7.0400000000e+03 p16n=4.4160000000e+03 p16q_e2=7.0080000000e+03 p16n_e2=5.2960000000e+03 p32q=7.0158088379e+03 p32n=7.0158017578e+03 p64q=7.0158089227e+03 p64n=7.0158089227e+03 alpha_d=5.9350533785e-01 alpha_p32q=5.9350534502e-01 alpha_p32n=5.9350594396e-01 rz32q=4.1639201660e+03 rz32n=4.1639082031e+03 alpha_full_q=5.9350536228e-01 alpha_full_n=5.9350425609e-01
  residual=6.588e+04
iter=154 pAp_d=6.8657608192e+03 p8q=6.4000000000e+01 p8n=1.6000000000e+01 p8q_e2=8.1920000000e+03 p8n_e2=9.6000000000e+01 p16q=6.8480000000e+03 p16n=4.4160000000e+03 p16q_e2=6.8640000000e+03 p16n_e2=5.2320000000e+03 p32q=6.8657607422e+03 p32n=6.8657661133e+03 p64q=6.8657608192e+03 p64n=6.8657608192e+03 alpha_d=6.3702204026e-01 alpha_p32q=6.3702204741e-01 alpha_p32n=6.3702154907e-01 rz32q=4.3736408691e+03 rz32n=4.3736359863e+03 alpha_full_q=6.3702203345e-01 alpha_full_n=6.3702082392e-01
  residual=7.166e+04
iter=155 pAp_d=6.9960779114e+03 p8q=6.4000000000e+01 p8n=-1.6000000000e+01 p8q_e2=8.1920000000e+03 p8n_e2=1.6000000000e+02 p16q=6.9760000000e+03 p16n=4.6720000000e+03 p16q_e2=6.9920000000e+03 p16n_e2=5.2160000000e+03 p32q=6.9960778809e+03 p32n=6.9960788574e+03 p64q=6.9960779114e+03 p64n=6.9960779114e+03 alpha_d=6.2221359170e-01 alpha_p32q=6.2221359442e-01 alpha_p32n=6.2221350757e-01 rz32q=4.3530546875e+03 rz32n=4.3530468750e+03 alpha_full_q=6.2221358333e-01 alpha_full_n=6.2221237978e-01
  residual=7.158e+04
iter=156 pAp_d=6.6049291845e+03 p8q=6.4000000000e+01 p8n=-1.2000000000e+01 p8q_e2=8.1920000000e+03 p8n_e2=5.6000000000e+01 p16q=6.5920000000e+03 p16n=4.0480000000e+03 p16q_e2=6.6080000000e+03 p16n_e2=5.1040000000e+03 p32q=6.6049291992e+03 p32n=6.6049218750e+03 p64q=6.6049291845e+03 p64n=6.6049291845e+03 alpha_d=6.5785627531e-01 alpha_p32q=6.5785627385e-01 alpha_p32n=6.5785700334e-01 rz32q=4.3450939941e+03 rz32n=4.3450837402e+03 alpha_full_q=6.5785625600e-01 alpha_full_n=6.5785543303e-01
  residual=7.161e+04
iter=157 pAp_d=7.3761155410e+03 p8q=6.4000000000e+01 p8n=6.4000000000e+01 p8q_e2=8.1920000000e+03 p8n_e2=1.1200000000e+02 p16q=7.3600000000e+03 p16n=4.5440000000e+03 p16q_e2=7.3760000000e+03 p16n_e2=5.5360000000e+03 p32q=7.3761154785e+03 p32n=7.3761247559e+03 p64q=7.3761155410e+03 p64n=7.3761155410e+03 alpha_d=6.0556947660e-01 alpha_p32q=6.0556948173e-01 alpha_p32n=6.0556872007e-01 rz32q=4.4667504883e+03 rz32n=4.4667438965e+03 alpha_full_q=6.0556948997e-01 alpha_full_n=6.0556783465e-01
  residual=7.146e+04
iter=158 pAp_d=7.5343310561e+03 p8q=6.4000000000e+01 p8n=-6.0000000000e+00 p8q_e2=8.1920000000e+03 p8n_e2=2.2400000000e+02 p16q=7.5520000000e+03 p16n=4.4160000000e+03 p16q_e2=7.5360000000e+03 p16n_e2=5.6000000000e+03 p32q=7.5343310547e+03 p32n=7.5343352051e+03 p64q=7.5343310561e+03 p64n=7.5343310561e+03 alpha_d=6.0042072561e-01 alpha_p32q=6.0042072572e-01 alpha_p32n=6.0042039497e-01 rz32q=4.5237685547e+03 rz32n=4.5237575684e+03 alpha_full_q=6.0042073037e-01 alpha_full_n=6.0041894145e-01
  residual=6.847e+04
iter=159 pAp_d=7.6719923670e+03 p8q=6.4000000000e+01 p8n=-1.6000000000e+01 p8q_e2=8.1920000000e+03 p8n_e2=9.6000000000e+01 p16q=7.6800000000e+03 p16n=4.7360000000e+03 p16q_e2=7.6640000000e+03 p16n_e2=5.7920000000e+03 p32q=7.6719924316e+03 p32n=7.6719873047e+03 p64q=7.6719923670e+03 p64n=7.6719923670e+03 alpha_d=5.5086179849e-01 alpha_p32q=5.5086179385e-01 alpha_p32n=5.5086216197e-01 rz32q=4.2262075195e+03 rz32n=4.2262041016e+03 alpha_full_q=5.5086179466e-01 alpha_full_n=5.5086171727e-01
  residual=6.585e+04
iter=160 pAp_d=6.2532014664e+03 p8q=6.4000000000e+01 p8n=1.6000000000e+01 p8q_e2=8.1920000000e+03 p8n_e2=1.9200000000e+02 p16q=6.2720000000e+03 p16n=4.0640000000e+03 p16q_e2=6.2560000000e+03 p16n_e2=4.5760000000e+03 p32q=6.2532014160e+03 p32n=6.2532060547e+03 p64q=6.2532014664e+03 p64n=6.2532014664e+03 alpha_d=6.1867356119e-01 alpha_p32q=6.1867356618e-01 alpha_p32n=6.1867310724e-01 rz32q=3.8686904297e+03 rz32n=3.8686876221e+03 alpha_full_q=6.1867356772e-01 alpha_full_n=6.1867265979e-01
  residual=6.364e+04
iter=161 pAp_d=7.4633883907e+03 p8q=6.4000000000e+01 p8n=8.1250000000e-01 p8q_e2=8.1920000000e+03 p8n_e2=4.8000000000e+01 p16q=7.4880000000e+03 p16n=4.6080000000e+03 p16q_e2=7.4560000000e+03 p16n_e2=5.2160000000e+03 p32q=7.4633884277e+03 p32n=7.4633952637e+03 p64q=7.4633883907e+03 p64n=7.4633883907e+03 alpha_d=5.3875478560e-01 alpha_p32q=5.3875478293e-01 alpha_p32n=5.3875428947e-01 rz32q=4.0209362183e+03 rz32n=4.0209346924e+03 alpha_full_q=5.3875478373e-01 alpha_full_n=5.3875408582e-01
  residual=6.549e+04
iter=162 pAp_d=6.6443146144e+03 p8q=6.4000000000e+01 p8n=3.8750000000e+00 p8q_e2=8.1920000000e+03 p8n_e2=2.2400000000e+02 p16q=6.6560000000e+03 p16n=4.0480000000e+03 p16q_e2=6.6400000000e+03 p16n_e2=4.8800000000e+03 p32q=6.6443146973e+03 p32n=6.6443103027e+03 p64q=6.6443146144e+03 p64n=6.6443146144e+03 alpha_d=5.9129308789e-01 alpha_p32q=5.9129308052e-01 alpha_p32n=5.9129347160e-01 rz32q=3.9287373047e+03 rz32n=3.9287356567e+03 alpha_full_q=5.9129308043e-01 alpha_full_n=5.9129322348e-01
  residual=6.568e+04
iter=163 pAp_d=7.0153677599e+03 p8q=6.4000000000e+01 p8n=6.4000000000e+01 p8q_e2=8.1920000000e+03 p8n_e2=8.0000000000e+01 p16q=7.0400000000e+03 p16n=4.6080000000e+03 p16q_e2=7.0080000000e+03 p16n_e2=5.1040000000e+03 p32q=7.0153676758e+03 p32n=7.0153710938e+03 p64q=7.0153677599e+03 p64n=7.0153677599e+03 alpha_d=5.8051749925e-01 alpha_p32q=5.8051750622e-01 alpha_p32n=5.8051722338e-01 rz32q=4.0725437622e+03 rz32n=4.0725448608e+03 alpha_full_q=5.8051750819e-01 alpha_full_n=5.8051738196e-01
  residual=6.859e+04
iter=164 pAp_d=6.3262486416e+03 p8q=6.4000000000e+01 p8n=1.2000000000e+01 p8q_e2=8.1920000000e+03 p8n_e2=9.6000000000e+01 p16q=6.3360000000e+03 p16n=4.1600000000e+03 p16q_e2=6.3200000000e+03 p16n_e2=4.9440000000e+03 p32q=6.3262485352e+03 p32n=6.3262458496e+03 p64q=6.3262486416e+03 p64n=6.3262486416e+03 alpha_d=6.2699641155e-01 alpha_p32q=6.2699642210e-01 alpha_p32n=6.2699668827e-01 rz32q=3.9665352173e+03 rz32n=3.9665310669e+03 alpha_full_q=6.2699642533e-01 alpha_full_n=6.2699603544e-01
  residual=6.626e+04
iter=165 pAp_d=7.1018295206e+03 p8q=6.4000000000e+01 p8n=-6.4000000000e+01 p8q_e2=8.1920000000e+03 p8n_e2=2.2400000000e+02 p16q=7.1040000000e+03 p16n=4.7360000000e+03 p16q_e2=7.1040000000e+03 p16n_e2=5.1040000000e+03 p32q=7.1018295898e+03 p32n=7.1018188477e+03 p64q=7.1018295206e+03 p64n=7.1018295206e+03 alpha_d=6.0151114597e-01 alpha_p32q=6.0151114011e-01 alpha_p32n=6.0151204995e-01 rz32q=4.2718295898e+03 rz32n=4.2718198242e+03 alpha_full_q=6.0151113679e-01 alpha_full_n=6.0151067154e-01
  residual=6.928e+04
iter=166 pAp_d=6.4874076805e+03 p8q=6.4000000000e+01 p8n=7.5000000000e+00 p8q_e2=8.1920000000e+03 p8n_e2=9.6000000000e+01 p16q=6.4640000000e+03 p16n=4.1600000000e+03 p16q_e2=6.4800000000e+03 p16n_e2=4.8480000000e+03 p32q=6.4874077148e+03 p32n=6.4874147949e+03 p64q=6.4874076805e+03 p64n=6.4874076805e+03 alpha_d=6.5394570338e-01 alpha_p32q=6.5394569992e-01 alpha_p32n=6.5394498623e-01 rz32q=4.2424123535e+03 rz32n=4.2424133301e+03 alpha_full_q=6.5394569603e-01 alpha_full_n=6.5394513287e-01
  residual=6.931e+04
iter=167 pAp_d=6.7057949090e+03 p8q=6.4000000000e+01 p8n=3.2000000000e+01 p8q_e2=8.1920000000e+03 p8n_e2=1.2800000000e+02 p16q=6.7200000000e+03 p16n=4.0640000000e+03 p16q_e2=6.7040000000e+03 p16n_e2=4.8000000000e+03 p32q=6.7057949219e+03 p32n=6.7057880859e+03 p64q=6.7057949090e+03 p64n=6.7057949090e+03 alpha_d=6.1975711691e-01 alpha_p32q=6.1975711573e-01 alpha_p32n=6.1975774751e-01 rz32q=4.1559641113e+03 rz32n=4.1559628906e+03 alpha_full_q=6.1975711452e-01 alpha_full_n=6.1975756427e-01
  residual=6.943e+04
iter=168 pAp_d=6.6059319638e+03 p8q=6.4000000000e+01 p8n=-6.4000000000e+01 p8q_e2=8.1920000000e+03 p8n_e2=1.1200000000e+02 p16q=6.5920000000e+03 p16n=4.0640000000e+03 p16q_e2=6.6080000000e+03 p16n_e2=4.9440000000e+03 p32q=6.6059318848e+03 p32n=6.6059255371e+03 p64q=6.6059319638e+03 p64n=6.6059319638e+03 alpha_d=6.1134575095e-01 alpha_p32q=6.1134575826e-01 alpha_p32n=6.1134634571e-01 rz32q=4.0385084229e+03 rz32n=4.0385070190e+03 alpha_full_q=6.1134575610e-01 alpha_full_n=6.1134613104e-01
  residual=6.739e+04
iter=169 pAp_d=6.2069811041e+03 p8q=6.4000000000e+01 p8n=1.6000000000e+01 p8q_e2=4.0960000000e+03 p8n_e2=1.9200000000e+02 p16q=6.2080000000e+03 p16n=3.9520000000e+03 p16q_e2=6.2080000000e+03 p16n_e2=4.7520000000e+03 p32q=6.2069812012e+03 p32n=6.2069741211e+03 p64q=6.2069811041e+03 p64n=6.2069811041e+03 alpha_d=6.2015410965e-01 alpha_p32q=6.2015409995e-01 alpha_p32n=6.2015480734e-01 rz32q=3.8492848511e+03 rz32n=3.8492833862e+03 alpha_full_q=6.2015410170e-01 alpha_full_n=6.2015457309e-01
  residual=6.538e+04
iter=170 pAp_d=6.5477027425e+03 p8q=6.4000000000e+01 p8n=3.2000000000e+01 p8q_e2=8.1920000000e+03 p8n_e2=6.4000000000e+01 p16q=6.5280000000e+03 p16n=4.0480000000e+03 p16q_e2=6.5440000000e+03 p16n_e2=4.9120000000e+03 p32q=6.5477026367e+03 p32n=6.5477019043e+03 p64q=6.5477027425e+03 p64n=6.5477027425e+03 alpha_d=6.0345515231e-01 alpha_p32q=6.0345516206e-01 alpha_p32n=6.0345522956e-01 rz32q=3.9512449341e+03 rz32n=3.9512449951e+03 alpha_full_q=6.0345515875e-01 alpha_full_n=6.0345523557e-01
  residual=6.561e+04
iter=171 pAp_d=5.4324702134e+03 p8q=6.4000000000e+01 p8n=-6.4000000000e+01 p8q_e2=4.0960000000e+03 p8n_e2=9.6000000000e+01 p16q=5.4400000000e+03 p16n=3.9680000000e+03 p16q_e2=5.4400000000e+03 p16n_e2=4.2720000000e+03 p32q=5.4324702148e+03 p32n=5.4324755859e+03 p64q=5.4324702134e+03 p64n=5.4324702134e+03 alpha_d=6.1920034550e-01 alpha_p32q=6.1920034533e-01 alpha_p32n=6.1919973313e-01 rz32q=3.3637874146e+03 rz32n=3.3637825317e+03 alpha_full_q=6.1920034193e-01 alpha_full_n=6.1919883091e-01
  residual=6.078e+04
iter=172 pAp_d=5.4747052488e+03 p8q=6.4000000000e+01 p8n=6.4000000000e+01 p8q_e2=4.0960000000e+03 p8n_e2=1.9200000000e+02 p16q=5.5040000000e+03 p16n=3.5040000000e+03 p16q_e2=5.4720000000e+03 p16n_e2=4.2880000000e+03 p32q=5.4747053223e+03 p32n=5.4747104492e+03 p64q=5.4747052488e+03 p64n=5.4747052488e+03 alpha_d=6.2550886459e-01 alpha_p32q=6.2550885619e-01 alpha_p32n=6.2550827042e-01 rz32q=3.4244766846e+03 rz32n=3.4244762573e+03 alpha_full_q=6.2550885993e-01 alpha_full_n=6.2550819611e-01
  residual=6.261e+04
iter=173 pAp_d=5.3528973747e+03 p8q=6.4000000000e+01 p8n=6.4000000000e+01 p8q_e2=4.0960000000e+03 p8n_e2=1.9200000000e+02 p16q=5.3760000000e+03 p16n=3.3120000000e+03 p16q_e2=5.3600000000e+03 p16n_e2=4.1120000000e+03 p32q=5.3528974609e+03 p32n=5.3528886719e+03 p64q=5.3528973747e+03 p64n=5.3528973747e+03 alpha_d=6.1115484367e-01 alpha_p32q=6.1115483382e-01 alpha_p32n=6.1115583729e-01 rz32q=3.2714491577e+03 rz32n=3.2714445801e+03 alpha_full_q=6.1115483373e-01 alpha_full_n=6.1115498203e-01
  residual=6.046e+04
iter=174 pAp_d=4.9673431843e+03 p8q=6.4000000000e+01 p8n=-6.4000000000e+01 p8q_e2=4.0960000000e+03 p8n_e2=1.9200000000e+02 p16q=4.9920000000e+03 p16n=3.2960000000e+03 p16q_e2=4.9600000000e+03 p16n_e2=3.8720000000e+03 p32q=4.9673432617e+03 p32n=4.9673459473e+03 p64q=4.9673431843e+03 p64n=4.9673431843e+03 alpha_d=6.4239227960e-01 alpha_p32q=6.4239226959e-01 alpha_p32n=6.4239192228e-01 rz32q=3.1909829102e+03 rz32n=3.1909810181e+03 alpha_full_q=6.4239226927e-01 alpha_full_n=6.4239154106e-01
  residual=6.263e+04
iter=175 pAp_d=4.9302428466e+03 p8q=6.4000000000e+01 p8n=1.6000000000e+01 p8q_e2=4.0960000000e+03 p8n_e2=1.9200000000e+02 p16q=4.9280000000e+03 p16n=2.9920000000e+03 p16q_e2=4.9280000000e+03 p16n_e2=3.9280000000e+03 p32q=4.9302429199e+03 p32n=4.9302426758e+03 p64q=4.9302428466e+03 p64n=4.9302428466e+03 alpha_d=6.5976935166e-01 alpha_p32q=6.5976934185e-01 alpha_p32n=6.5976937452e-01 rz32q=3.2528231201e+03 rz32n=3.2528234253e+03 alpha_full_q=6.5976934057e-01 alpha_full_n=6.5976943514e-01
  residual=6.306e+04
iter=176 pAp_d=5.5674869577e+03 p8q=6.4000000000e+01 p8n=3.2000000000e+01 p8q_e2=4.0960000000e+03 p8n_e2=1.9200000000e+02 p16q=5.5680000000e+03 p16n=3.5520000000e+03 p16q_e2=5.5680000000e+03 p16n_e2=4.1600000000e+03 p32q=5.5674870605e+03 p32n=5.5674870605e+03 p64q=5.5674869577e+03 p64n=5.5674869577e+03 alpha_d=6.4368764199e-01 alpha_p32q=6.4368763010e-01 alpha_p32n=6.4368763010e-01 rz32q=3.5837225342e+03 rz32n=3.5837237549e+03 alpha_full_q=6.4368762697e-01 alpha_full_n=6.4368784622e-01
  residual=6.526e+04
iter=177 pAp_d=5.4189778029e+03 p8q=6.4000000000e+01 p8n=1.2000000000e+01 p8q_e2=4.0960000000e+03 p8n_e2=1.2800000000e+02 p16q=5.4400000000e+03 p16n=3.4560000000e+03 p16q_e2=5.4240000000e+03 p16n_e2=4.2560000000e+03 p32q=5.4189777832e+03 p32n=5.4189829102e+03 p64q=5.4189778029e+03 p64n=5.4189778029e+03 alpha_d=6.5532856480e-01 alpha_p32q=6.5532856718e-01 alpha_p32n=6.5532794716e-01 rz32q=3.5512109375e+03 rz32n=3.5512095947e+03 alpha_full_q=6.5532856557e-01 alpha_full_n=6.5532769776e-01
  residual=6.678e+04
iter=178 pAp_d=5.8826512292e+03 p8q=6.4000000000e+01 p8n=1.6000000000e+01 p8q_e2=4.0960000000e+03 p8n_e2=1.9200000000e+02 p16q=5.8880000000e+03 p16n=3.7920000000e+03 p16q_e2=5.8880000000e+03 p16n_e2=4.5280000000e+03 p32q=5.8826511230e+03 p32n=5.8826416016e+03 p64q=5.8826512292e+03 p64n=5.8826512292e+03 alpha_d=6.4219659441e-01 alpha_p32q=6.4219660600e-01 alpha_p32n=6.4219764544e-01 rz32q=3.7778186035e+03 rz32n=3.7778179321e+03 alpha_full_q=6.4219660906e-01 alpha_full_n=6.4219753437e-01
  residual=6.772e+04
iter=179 pAp_d=6.5563660548e+03 p8q=6.4000000000e+01 p8n=2.4000000000e+01 p8q_e2=8.1920000000e+03 p8n_e2=9.6000000000e+01 p16q=6.5280000000e+03 p16n=4.4160000000e+03 p16q_e2=6.5600000000e+03 p16n_e2=4.9760000000e+03 p32q=6.5563659668e+03 p32n=6.5563632812e+03 p64q=6.5563660548e+03 p64n=6.5563660548e+03 alpha_d=5.9991401918e-01 alpha_p32q=5.9991402723e-01 alpha_p32n=5.9991427296e-01 rz32q=3.9332559204e+03 rz32n=3.9332537842e+03 alpha_full_q=5.9991402864e-01 alpha_full_n=5.9991394855e-01
  residual=6.874e+04
iter=180 pAp_d=6.9648998875e+03 p8q=6.4000000000e+01 p8n=-6.4000000000e+01 p8q_e2=8.1920000000e+03 p8n_e2=1.5360000000e+03 p16q=6.9760000000e+03 p16n=4.5440000000e+03 p16q_e2=6.9600000000e+03 p16n_e2=4.8480000000e+03 p32q=6.9648999023e+03 p32n=6.9648991699e+03 p64q=6.9648998875e+03 p64n=6.9648998875e+03 alpha_d=5.8171210126e-01 alpha_p32q=5.8171210001e-01 alpha_p32n=5.8171216119e-01 rz32q=4.0515665283e+03 rz32n=4.0515614014e+03 alpha_full_q=5.8171209711e-01 alpha_full_n=5.8171142216e-01
  residual=6.652e+04
iter=181 pAp_d=7.9102296840e+03 p8q=6.4000000000e+01 p8n=6.5000000000e+00 p8q_e2=8.1920000000e+03 p8n_e2=4.8000000000e+01 p16q=7.9360000000e+03 p16n=5.1200000000e+03 p16q_e2=7.9040000000e+03 p16n_e2=5.8400000000e+03 p32q=7.9102297363e+03 p32n=7.9102451172e+03 p64q=7.9102296840e+03 p64n=7.9102296840e+03 alpha_d=5.4135395786e-01 alpha_p32q=5.4135395428e-01 alpha_p32n=5.4135290166e-01 rz32q=4.2822341309e+03 rz32n=4.2822302246e+03 alpha_full_q=5.4135395224e-01 alpha_full_n=5.4135240579e-01
  residual=6.622e+04
iter=182 pAp_d=7.0716650567e+03 p8q=6.4000000000e+01 p8n=1.6000000000e+01 p8q_e2=8.1920000000e+03 p8n_e2=4.0000000000e+01 p16q=7.1040000000e+03 p16n=4.3520000000e+03 p16q_e2=7.0720000000e+03 p16n_e2=5.0080000000e+03 p32q=7.0716650391e+03 p32n=7.0716655273e+03 p64q=7.0716650567e+03 p64n=7.0716650567e+03 alpha_d=5.8697259940e-01 alpha_p32q=5.8697260087e-01 alpha_p32n=5.8697256034e-01 rz32q=4.1508735352e+03 rz32n=4.1508696289e+03 alpha_full_q=5.8697258881e-01 alpha_full_n=5.8697199590e-01
  residual=6.814e+04
iter=183 pAp_d=6.0752447359e+03 p8q=6.4000000000e+01 p8n=-1.2000000000e+01 p8q_e2=4.0960000000e+03 p8n_e2=1.9200000000e+02 p16q=6.0800000000e+03 p16n=3.9360000000e+03 p16q_e2=6.0800000000e+03 p16n_e2=4.6080000000e+03 p32q=6.0752446289e+03 p32n=6.0752448730e+03 p64q=6.0752447359e+03 p64n=6.0752447359e+03 alpha_d=6.4491154154e-01 alpha_p32q=6.4491155291e-01 alpha_p32n=6.4491152699e-01 rz32q=3.9179954224e+03 rz32n=3.9179938354e+03 alpha_full_q=6.4491154870e-01 alpha_full_n=6.4491126157e-01
  residual=6.997e+04
iter=184 pAp_d=5.9360173927e+03 p8q=6.4000000000e+01 p8n=7.0000000000e+00 p8q_e2=4.0960000000e+03 p8n_e2=5.6000000000e+01 p16q=5.9520000000e+03 p16n=3.8560000000e+03 p16q_e2=5.9360000000e+03 p16n_e2=4.4640000000e+03 p32q=5.9360173340e+03 p32n=5.9360197754e+03 p64q=5.9360173927e+03 p64n=5.9360173927e+03 alpha_d=6.8477317657e-01 alpha_p32q=6.8477318335e-01 alpha_p32n=6.8477290171e-01 rz32q=4.0648255005e+03 rz32n=4.0648267212e+03 alpha_full_q=6.8477318575e-01 alpha_full_n=6.8477310976e-01
  residual=7.348e+04
iter=185 pAp_d=6.6491851826e+03 p8q=6.4000000000e+01 p8n=1.6000000000e+01 p8q_e2=8.1920000000e+03 p8n_e2=1.9200000000e+02 p16q=6.6560000000e+03 p16n=4.7360000000e+03 p16q_e2=6.6560000000e+03 p16n_e2=5.1040000000e+03 p32q=6.6491850586e+03 p32n=6.6491765137e+03 p64q=6.6491851826e+03 p64n=6.6491851826e+03 alpha_d=6.5225318351e-01 alpha_p32q=6.5225319567e-01 alpha_p32n=6.5225403389e-01 rz32q=4.3369521484e+03 rz32n=4.3369467773e+03 alpha_full_q=6.5225318745e-01 alpha_full_n=6.5225321789e-01
  residual=7.292e+04
iter=186 pAp_d=8.4293613900e+03 p8q=6.4000000000e+01 p8n=-1.6000000000e+01 p8q_e2=8.1920000000e+03 p8n_e2=3.8400000000e+02 p16q=8.4480000000e+03 p16n=5.0560000000e+03 p16q_e2=8.4160000000e+03 p16n_e2=6.3520000000e+03 p32q=8.4293613281e+03 p32n=8.4293823242e+03 p64q=8.4293613900e+03 p64n=8.4293613900e+03 alpha_d=5.8615691475e-01 alpha_p32q=5.8615691906e-01 alpha_p32n=5.8615545904e-01 rz32q=4.9409284668e+03 rz32n=4.9409233398e+03 alpha_full_q=5.8615691919e-01 alpha_full_n=5.8615485095e-01
  residual=7.534e+04
iter=187 pAp_d=8.5586711160e+03 p8q=6.4000000000e+01 p8n=-2.4000000000e+01 p8q_e2=8.1920000000e+03 p8n_e2=3.8400000000e+02 p16q=8.5760000000e+03 p16n=5.7600000000e+03 p16q_e2=8.5440000000e+03 p16n_e2=6.6720000000e+03 p32q=8.5586708984e+03 p32n=8.5586806641e+03 p64q=8.5586711160e+03 p64n=8.5586711160e+03 alpha_d=5.7657225086e-01 alpha_p32q=5.7657226552e-01 alpha_p32n=5.7657160764e-01 rz32q=4.9346923828e+03 rz32n=4.9346799316e+03 alpha_full_q=5.7657227873e-01 alpha_full_n=5.7657016605e-01
  residual=7.402e+04
iter=188 pAp_d=9.7276587981e+03 p8q=6.4000000000e+01 p8n=3.2000000000e+01 p8q_e2=8.1920000000e+03 p8n_e2=2.0480000000e+03 p16q=9.7280000000e+03 p16n=6.5280000000e+03 p16q_e2=9.7280000000e+03 p16n_e2=7.7920000000e+03 p32q=9.7276586914e+03 p32n=9.7276450195e+03 p64q=9.7276587981e+03 p64n=9.7276587981e+03 alpha_d=5.4100140336e-01 alpha_p32q=5.4100140929e-01 alpha_p32n=5.4100216965e-01 rz32q=5.2626770020e+03 rz32n=5.2626577148e+03 alpha_full_q=5.4100140321e-01 alpha_full_n=5.4100018085e-01
  residual=7.386e+04
iter=189 pAp_d=1.0285103417e+04 p8q=6.4000000000e+01 p8n=3.2000000000e+01 p8q_e2=8.1920000000e+03 p8n_e2=1.2000000000e+01 p16q=1.0240000000e+04 p16n=7.2320000000e+03 p16q_e2=1.0304000000e+04 p16n_e2=8.1920000000e+03 p32q=1.0285103516e+04 p32n=1.0285104004e+04 p64q=1.0285103417e+04 p64n=1.0285103417e+04 alpha_d=5.0685575999e-01 alpha_p32q=5.0685575514e-01 alpha_p32n=5.0685573108e-01 rz32q=5.2130639648e+03 rz32n=5.2130485840e+03 alpha_full_q=5.0685576056e-01 alpha_full_n=5.0685424105e-01
  residual=7.337e+04
iter=190 pAp_d=9.0379529437e+03 p8q=6.4000000000e+01 p8n=-3.2000000000e+01 p8q_e2=8.1920000000e+03 p8n_e2=3.8400000000e+02 p16q=9.0880000000e+03 p16n=5.4400000000e+03 p16q_e2=9.0240000000e+03 p16n_e2=6.8160000000e+03 p32q=9.0379531250e+03 p32n=9.0379584961e+03 p64q=9.0379529437e+03 p64n=9.0379529437e+03 alpha_d=5.6586616713e-01 alpha_p32q=5.6586615578e-01 alpha_p32n=5.6586581950e-01 rz32q=5.1142717285e+03 rz32n=5.1142692871e+03 alpha_full_q=5.6586614887e-01 alpha_full_n=5.6586554246e-01
  residual=7.577e+04
iter=191 pAp_d=8.7078486641e+03 p8q=6.4000000000e+01 p8n=-3.0000000000e+00 p8q_e2=8.1920000000e+03 p8n_e2=1.1200000000e+02 p16q=8.7040000000e+03 p16n=5.8880000000e+03 p16q_e2=8.7040000000e+03 p16n_e2=6.5600000000e+03 p32q=8.7078486328e+03 p32n=8.7078388672e+03 p64q=8.7078486641e+03 p64n=8.7078486641e+03 alpha_d=5.8456844816e-01 alpha_p32q=5.8456845026e-01 alpha_p32n=5.8456910584e-01 rz32q=5.0903334961e+03 rz32n=5.0903144531e+03 alpha_full_q=5.8456844058e-01 alpha_full_n=5.8456690928e-01
  residual=7.599e+04
iter=192 pAp_d=7.9791440005e+03 p8q=6.4000000000e+01 p8n=1.6000000000e+01 p8q_e2=8.1920000000e+03 p8n_e2=9.6000000000e+01 p16q=8.0000000000e+03 p16n=5.1200000000e+03 p16q_e2=7.9840000000e+03 p16n_e2=5.7760000000e+03 p32q=7.9791440430e+03 p32n=7.9791411133e+03 p64q=7.9791440005e+03 p64n=7.9791440005e+03 alpha_d=6.0882332922e-01 alpha_p32q=6.0882332598e-01 alpha_p32n=6.0882354952e-01 rz32q=4.8578889160e+03 rz32n=4.8578752441e+03 alpha_full_q=6.0882331361e-01 alpha_full_n=6.0882182370e-01
  residual=7.505e+04
iter=193 pAp_d=7.7888805973e+03 p8q=6.4000000000e+01 p8n=3.0000000000e+00 p8q_e2=8.1920000000e+03 p8n_e2=1.9200000000e+02 p16q=7.8080000000e+03 p16n=5.0560000000e+03 p16q_e2=7.7920000000e+03 p16n_e2=5.6800000000e+03 p32q=7.7888806152e+03 p32n=7.7888737793e+03 p64q=7.7888805973e+03 p64n=7.7888805973e+03 alpha_d=6.2147537360e-01 alpha_p32q=6.2147537216e-01 alpha_p32n=6.2147591760e-01 rz32q=4.8405974121e+03 rz32n=4.8405859375e+03 alpha_full_q=6.2147536356e-01 alpha_full_n=6.2147443580e-01
  residual=7.450e+04
iter=194 pAp_d=8.0119472748e+03 p8q=6.4000000000e+01 p8n=-6.4000000000e+01 p8q_e2=8.1920000000e+03 p8n_e2=1.9200000000e+02 p16q=8.0000000000e+03 p16n=4.5440000000e+03 p16q_e2=8.0160000000e+03 p16n_e2=5.9040000000e+03 p32q=8.0119472656e+03 p32n=8.0119418945e+03 p64q=8.0119472748e+03 p64n=8.0119472748e+03 alpha_d=6.0984823168e-01 alpha_p32q=6.0984823238e-01 alpha_p32n=6.0984864121e-01 rz32q=4.8860717773e+03 rz32n=4.8860588379e+03 alpha_full_q=6.0984821983e-01 alpha_full_n=6.0984701365e-01
  residual=7.516e+04
iter=195 pAp_d=7.4979681182e+03 p8q=6.4000000000e+01 p8n=1.2000000000e+01 p8q_e2=8.1920000000e+03 p8n_e2=4.8000000000e+01 p16q=7.4880000000e+03 p16n=4.2880000000e+03 p16q_e2=7.5040000000e+03 p16n_e2=5.5840000000e+03 p32q=7.4979680176e+03 p32n=7.4979575195e+03 p64q=7.4979681182e+03 p64n=7.4979681182e+03 alpha_d=6.2905696524e-01 alpha_p32q=6.2905697369e-01 alpha_p32n=6.2905785444e-01 rz32q=4.7166491699e+03 rz32n=4.7166398926e+03 alpha_full_q=6.2905698702e-01 alpha_full_n=6.2905663046e-01
  residual=7.468e+04
iter=196 pAp_d=9.3699687419e+03 p8q=6.4000000000e+01 p8n=1.6000000000e+01 p8q_e2=8.1920000000e+03 p8n_e2=2.2400000000e+02 p16q=9.3440000000e+03 p16n=6.7840000000e+03 p16q_e2=9.3760000000e+03 p16n_e2=7.2480000000e+03 p32q=9.3699687500e+03 p32n=9.3699746094e+03 p64q=9.3699687419e+03 p64n=9.3699687419e+03 alpha_d=5.4212482809e-01 alpha_p32q=5.4212482762e-01 alpha_p32n=5.4212448861e-01 rz32q=5.0796926270e+03 rz32n=5.0796791992e+03 alpha_full_q=5.4212482053e-01 alpha_full_n=5.4212304846e-01
  residual=7.400e+04
iter=197 pAp_d=9.3406187646e+03 p8q=6.4000000000e+01 p8n=1.6000000000e+01 p8q_e2=8.1920000000e+03 p8n_e2=2.0480000000e+03 p16q=9.3440000000e+03 p16n=6.5920000000e+03 p16q_e2=9.3440000000e+03 p16n_e2=7.1520000000e+03 p32q=9.3406186523e+03 p32n=9.3406308594e+03 p64q=9.3406187646e+03 p64n=9.3406187646e+03 alpha_d=5.3121715320e-01 alpha_p32q=5.3121715958e-01 alpha_p32n=5.3121646535e-01 rz32q=4.9618969727e+03 rz32n=4.9618813477e+03 alpha_full_q=5.3121716637e-01 alpha_full_n=5.3121479934e-01
  residual=7.232e+04
iter=198 pAp_d=1.0533123799e+04 p8q=6.4000000000e+01 p8n=3.2000000000e+01 p8q_e2=8.1920000000e+03 p8n_e2=1.1200000000e+02 p16q=1.0496000000e+04 p16n=6.9120000000e+03 p16q_e2=1.0528000000e+04 p16n_e2=8.0320000000e+03 p32q=1.0533124023e+04 p32n=1.0533099609e+04 p64q=1.0533123799e+04 p64n=1.0533123799e+04 alpha_d=4.9135831607e-01 alpha_p32q=4.9135830559e-01 alpha_p32n=4.9135944448e-01 rz32q=5.1755380859e+03 rz32n=5.1755290527e+03 alpha_full_q=4.9135831634e-01 alpha_full_n=4.9135859763e-01
  residual=7.246e+04
iter=199 pAp_d=7.3225452105e+03 p8q=6.4000000000e+01 p8n=-6.4000000000e+01 p8q_e2=8.1920000000e+03 p8n_e2=1.0240000000e+03 p16q=7.2960000000e+03 p16n=4.3520000000e+03 p16q_e2=7.3280000000e+03 p16n_e2=5.3920000000e+03 p32q=7.3225451660e+03 p32n=7.3225476074e+03 p64q=7.3225452105e+03 p64n=7.3225452105e+03 alpha_d=5.9610023357e-01 alpha_p32q=5.9610023719e-01 alpha_p32n=5.9610003845e-01 rz32q=4.3649709473e+03 rz32n=4.3649611816e+03 alpha_full_q=5.9610024224e-01 alpha_full_n=5.9609870986e-01
  residual=6.937e+04
iter=200 pAp_d=6.5022383577e+03 p8q=6.4000000000e+01 p8n=-3.2000000000e+01 p8q_e2=8.1920000000e+03 p8n_e2=5.1200000000e+02 p16q=6.5280000000e+03 p16n=4.4800000000e+03 p16q_e2=6.4960000000e+03 p16n_e2=4.8000000000e+03 p32q=6.5022382812e+03 p32n=6.5022329102e+03 p64q=6.5022383577e+03 p64n=6.5022383577e+03 alpha_d=6.1439623366e-01 alpha_p32q=6.1439624088e-01 alpha_p32n=6.1439674840e-01 rz32q=3.9949507446e+03 rz32n=3.9949473267e+03 alpha_full_q=6.1439623893e-01 alpha_full_n=6.1439622078e-01
  residual=6.710e+04
iter=201 pAp_d=6.7039618642e+03 p8q=6.4000000000e+01 p8n=6.4000000000e+01 p8q_e2=8.1920000000e+03 p8n_e2=8.0000000000e+01 p16q=6.7200000000e+03 p16n=4.0320000000e+03 p16q_e2=6.7040000000e+03 p16n_e2=4.9600000000e+03 p32q=6.7039619141e+03 p32n=6.7039667969e+03 p64q=6.7039618642e+03 p64n=6.7039618642e+03 alpha_d=5.8290530771e-01 alpha_p32q=5.8290530337e-01 alpha_p32n=5.8290487882e-01 rz32q=3.9077749634e+03 rz32n=3.9077757568e+03 alpha_full_q=5.8290530487e-01 alpha_full_n=5.8290499867e-01
  residual=6.580e+04
iter=202 pAp_d=7.4269710916e+03 p8q=6.4000000000e+01 p8n=6.4000000000e+01 p8q_e2=8.1920000000e+03 p8n_e2=8.0000000000e+01 p16q=7.4240000000e+03 p16n=4.6720000000e+03 p16q_e2=7.4240000000e+03 p16n_e2=5.4880000000e+03 p32q=7.4269711914e+03 p32n=7.4269716797e+03 p64q=7.4269710916e+03 p64n=7.4269710916e+03 alpha_d=5.6423618501e-01 alpha_p32q=5.6423617742e-01 alpha_p32n=5.6423614033e-01 rz32q=4.1905659180e+03 rz32n=4.1905644531e+03 alpha_full_q=5.6423618861e-01 alpha_full_n=5.6423595428e-01
  residual=6.993e+04
iter=203 pAp_d=7.3603813426e+03 p8q=6.4000000000e+01 p8n=-6.4000000000e+01 p8q_e2=8.1920000000e+03 p8n_e2=1.9200000000e+02 p16q=7.3600000000e+03 p16n=4.4800000000e+03 p16q_e2=7.3600000000e+03 p16n_e2=5.3600000000e+03 p32q=7.3603813477e+03 p32n=7.3603930664e+03 p64q=7.3603813426e+03 p64n=7.3603813426e+03 alpha_d=5.7823773008e-01 alpha_p32q=5.7823772969e-01 alpha_p32n=5.7823680905e-01 rz32q=4.2560502930e+03 rz32n=4.2560522461e+03 alpha_full_q=5.7823774230e-01 alpha_full_n=5.7823708703e-01
  residual=7.027e+04
iter=204 pAp_d=7.3449298145e+03 p8q=6.4000000000e+01 p8n=-1.6000000000e+01 p8q_e2=8.1920000000e+03 p8n_e2=9.6000000000e+01 p16q=7.3600000000e+03 p16n=4.6720000000e+03 p16q_e2=7.3440000000e+03 p16n_e2=5.2800000000e+03 p32q=7.3449299316e+03 p32n=7.3449245605e+03 p64q=7.3449298145e+03 p64n=7.3449298145e+03 alpha_d=5.9563374817e-01 alpha_p32q=5.9563373867e-01 alpha_p32n=5.9563417423e-01 rz32q=4.3748881836e+03 rz32n=4.3748850098e+03 alpha_full_q=5.9563375339e-01 alpha_full_n=5.9563375685e-01
  residual=7.278e+04
iter=205 pAp_d=7.2296167624e+03 p8q=6.4000000000e+01 p8n=1.6000000000e+01 p8q_e2=8.1920000000e+03 p8n_e2=5.1200000000e+02 p16q=7.2320000000e+03 p16n=4.2880000000e+03 p16q_e2=7.2320000000e+03 p16n_e2=5.2480000000e+03 p32q=7.2296166992e+03 p32n=7.2296166992e+03 p64q=7.2296167624e+03 p64n=7.2296167624e+03 alpha_d=6.1487763770e-01 alpha_p32q=6.1487764308e-01 alpha_p32n=6.1487764308e-01 rz32q=4.4453295898e+03 rz32n=4.4453232422e+03 alpha_full_q=6.1487763111e-01 alpha_full_n=6.1487675310e-01
  residual=7.326e+04
iter=206 pAp_d=8.6818987752e+03 p8q=6.4000000000e+01 p8n=4.5000000000e+00 p8q_e2=8.1920000000e+03 p8n_e2=1.6000000000e+02 p16q=8.7040000000e+03 p16n=4.4160000000e+03 p16q_e2=8.6720000000e+03 p16n_e2=6.4960000000e+03 p32q=8.6818989258e+03 p32n=8.6819033203e+03 p64q=8.6818987752e+03 p64n=8.6818987752e+03 alpha_d=5.4993160817e-01 alpha_p32q=5.4993159864e-01 alpha_p32n=5.4993132028e-01 rz32q=4.7744504395e+03 rz32n=4.7744445801e+03 alpha_full_q=5.4993158528e-01 alpha_full_n=5.4993063202e-01
  residual=7.381e+04
iter=207 pAp_d=1.0047356623e+04 p8q=6.4000000000e+01 p8n=-1.6000000000e+01 p8q_e2=8.1920000000e+03 p8n_e2=1.9200000000e+02 p16q=9.9840000000e+03 p16n=7.8080000000e+03 p16q_e2=1.0048000000e+04 p16n_e2=7.7120000000e+03 p32q=1.0047356934e+04 p32n=1.0047346680e+04 p64q=1.0047356623e+04 p64n=1.0047356623e+04 alpha_d=4.9092721078e-01 alpha_p32q=4.9092719563e-01 alpha_p32n=4.9092769665e-01 rz32q=4.9325207520e+03 rz32n=4.9325107422e+03 alpha_full_q=4.9092719454e-01 alpha_full_n=4.9092669930e-01
  residual=7.340e+04
iter=208 pAp_d=1.0202771309e+04 p8q=6.4000000000e+01 p8n=3.0000000000e+00 p8q_e2=8.1920000000e+03 p8n_e2=1.1200000000e+02 p16q=1.0240000000e+04 p16n=6.7840000000e+03 p16q_e2=1.0208000000e+04 p16n_e2=7.6640000000e+03 p32q=1.0202771484e+04 p32n=1.0202780273e+04 p64q=1.0202771309e+04 p64n=1.0202771309e+04 alpha_d=5.0687335308e-01 alpha_p32q=5.0687334436e-01 alpha_p32n=5.0687290772e-01 rz32q=5.1715129395e+03 rz32n=5.1714914551e+03 alpha_full_q=5.0687334783e-01 alpha_full_n=5.0687080546e-01
  residual=7.419e+04
iter=209 pAp_d=7.5116704677e+03 p8q=6.4000000000e+01 p8n=6.4000000000e+01 p8q_e2=8.1920000000e+03 p8n_e2=1.2800000000e+02 p16q=7.4880000000e+03 p16n=4.6720000000e+03 p16q_e2=7.5040000000e+03 p16n_e2=5.2640000000e+03 p32q=7.5116704102e+03 p32n=7.5116677246e+03 p64q=7.5116704677e+03 p64n=7.5116704677e+03 alpha_d=5.9887332356e-01 alpha_p32q=5.9887332815e-01 alpha_p32n=5.9887354225e-01 rz32q=4.4985390625e+03 rz32n=4.4985327148e+03 alpha_full_q=5.9887332868e-01 alpha_full_n=5.9887269775e-01
  residual=7.372e+04
iter=210 pAp_d=7.3433315326e+03 p8q=6.4000000000e+01 p8n=-3.2000000000e+01 p8q_e2=8.1920000000e+03 p8n_e2=9.6000000000e+01 p16q=7.3600000000e+03 p16n=4.6720000000e+03 p16q_e2=7.3440000000e+03 p16n_e2=5.5200000000e+03 p32q=7.3433315430e+03 p32n=7.3433286133e+03 p64q=7.3433315326e+03 p64n=7.3433315326e+03 alpha_d=6.1794737716e-01 alpha_p32q=6.1794737629e-01 alpha_p32n=6.1794762282e-01 rz32q=4.5377924805e+03 rz32n=4.5377937012e+03 alpha_full_q=6.1794737905e-01 alpha_full_n=6.1794779182e-01
  residual=7.298e+04
iter=211 pAp_d=7.8454030254e+03 p8q=6.4000000000e+01 p8n=-1.6000000000e+01 p8q_e2=8.1920000000e+03 p8n_e2=6.4000000000e+01 p16q=7.8720000000e+03 p16n=4.2240000000e+03 p16q_e2=7.8400000000e+03 p16n_e2=5.8240000000e+03 p32q=7.8454030762e+03 p32n=7.8454064941e+03 p64q=7.8454030254e+03 p64n=7.8454030254e+03 alpha_d=5.8125234795e-01 alpha_p32q=5.8125234419e-01 alpha_p32n=5.8125209096e-01 rz32q=4.5601589355e+03 rz32n=4.5601564941e+03 alpha_full_q=5.8125234501e-01 alpha_full_n=5.8125178059e-01
  residual=7.213e+04
iter=212 pAp_d=7.0112698335e+03 p8q=6.4000000000e+01 p8n=3.2000000000e+01 p8q_e2=8.1920000000e+03 p8n_e2=1.1200000000e+02 p16q=7.0400000000e+03 p16n=4.7360000000e+03 p16q_e2=7.0080000000e+03 p16n_e2=5.0400000000e+03 p32q=7.0112697754e+03 p32n=7.0112722168e+03 p64q=7.0112698335e+03 p64n=7.0112698335e+03 alpha_d=6.1731258233e-01 alpha_p32q=6.1731258745e-01 alpha_p32n=6.1731237249e-01 rz32q=4.3281450195e+03 rz32n=4.3281391602e+03 alpha_full_q=6.1731257792e-01 alpha_full_n=6.1731152726e-01
  residual=7.236e+04
iter=213 pAp_d=6.7528356555e+03 p8q=6.4000000000e+01 p8n=-1.2000000000e+01 p8q_e2=8.1920000000e+03 p8n_e2=3.2000000000e+01 p16q=6.7840000000e+03 p16n=4.0320000000e+03 p16q_e2=6.7520000000e+03 p16n_e2=5.1840000000e+03 p32q=6.7528356934e+03 p32n=6.7528430176e+03 p64q=6.7528356555e+03 p64n=6.7528356555e+03 alpha_d=6.0020098267e-01 alpha_p32q=6.0020097931e-01 alpha_p32n=6.0020032832e-01 rz32q=4.0530585938e+03 rz32n=4.0530590820e+03 alpha_full_q=6.0020097894e-01 alpha_full_n=6.0020040026e-01
  residual=6.872e+04
iter=214 pAp_d=6.3412867051e+03 p8q=6.4000000000e+01 p8n=7.5000000000e+00 p8q_e2=8.1920000000e+03 p8n_e2=2.5600000000e+02 p16q=6.3360000000e+03 p16n=4.0320000000e+03 p16q_e2=6.3360000000e+03 p16n_e2=4.6880000000e+03 p32q=6.3412866211e+03 p32n=6.3412912598e+03 p64q=6.3412867051e+03 p64n=6.3412867051e+03 alpha_d=5.9941759775e-01 alpha_p32q=5.9941760568e-01 alpha_p32n=5.9941716721e-01 rz32q=3.8010788574e+03 rz32n=3.8010778198e+03 alpha_full_q=5.9941760790e-01 alpha_full_n=5.9941700580e-01
  residual=6.697e+04
iter=215 pAp_d=7.3907258191e+03 p8q=6.4000000000e+01 p8n=6.4000000000e+01 p8q_e2=8.1920000000e+03 p8n_e2=1.9200000000e+02 p16q=7.4240000000e+03 p16n=4.7360000000e+03 p16q_e2=7.3920000000e+03 p16n_e2=5.3120000000e+03 p32q=7.3907258301e+03 p32n=7.3907333984e+03 p64q=7.3907258191e+03 p64n=7.3907258191e+03 alpha_d=5.5484667762e-01 alpha_p32q=5.5484667680e-01 alpha_p32n=5.5484610862e-01 rz32q=4.1007197266e+03 rz32n=4.1007145996e+03 alpha_full_q=5.5484668500e-01 alpha_full_n=5.5484542312e-01
  residual=6.733e+04
iter=216 pAp_d=6.9177613054e+03 p8q=6.4000000000e+01 p8n=6.4000000000e+01 p8q_e2=8.1920000000e+03 p8n_e2=1.9200000000e+02 p16q=6.9120000000e+03 p16n=4.3520000000e+03 p16q_e2=6.9120000000e+03 p16n_e2=4.9760000000e+03 p32q=6.9177612305e+03 p32n=6.9177634277e+03 p64q=6.9177613054e+03 p64n=6.9177613054e+03 alpha_d=5.5338127227e-01 alpha_p32q=5.5338127827e-01 alpha_p32n=5.5338110250e-01 rz32q=3.8281595459e+03 rz32n=3.8281598511e+03 alpha_full_q=5.5338127732e-01 alpha_full_n=5.5338114566e-01
  residual=6.672e+04
iter=217 pAp_d=8.1676180850e+03 p8q=6.4000000000e+01 p8n=-6.4000000000e+01 p8q_e2=8.1920000000e+03 p8n_e2=1.2800000000e+02 p16q=8.1920000000e+03 p16n=5.4400000000e+03 p16q_e2=8.1600000000e+03 p16n_e2=6.2880000000e+03 p32q=8.1676181641e+03 p32n=8.1676210938e+03 p64q=8.1676180850e+03 p64n=8.1676180850e+03 alpha_d=5.1623043538e-01 alpha_p32q=5.1623043038e-01 alpha_p32n=5.1623024521e-01 rz32q=4.2163730469e+03 rz32n=4.2163759766e+03 alpha_full_q=5.1623043122e-01 alpha_full_n=5.1623060475e-01
  residual=6.851e+04
iter=218 pAp_d=6.9462163389e+03 p8q=6.4000000000e+01 p8n=1.5000000000e+00 p8q_e2=8.1920000000e+03 p8n_e2=9.6000000000e+01 p16q=6.9120000000e+03 p16n=4.8640000000e+03 p16q_e2=6.9440000000e+03 p16n_e2=5.2000000000e+03 p32q=6.9462163086e+03 p32n=6.9462141113e+03 p64q=6.9462163389e+03 p64n=6.9462163389e+03 alpha_d=5.8570872371e-01 alpha_p32q=5.8570872627e-01 alpha_p32n=5.8570891154e-01 rz32q=4.0684595337e+03 rz32n=4.0684591675e+03 alpha_full_q=5.8570873018e-01 alpha_full_n=5.8570886274e-01
  residual=6.977e+04
iter=219 pAp_d=6.4785650825e+03 p8q=6.4000000000e+01 p8n=6.4000000000e+01 p8q_e2=8.1920000000e+03 p8n_e2=9.6000000000e+01 p16q=6.4640000000e+03 p16n=4.0320000000e+03 p16q_e2=6.4800000000e+03 p16n_e2=4.6080000000e+03 p32q=6.4785651855e+03 p32n=6.4785739746e+03 p64q=6.4785650825e+03 p64n=6.4785650825e+03 alpha_d=6.1547435341e-01 alpha_p32q=6.1547434362e-01 alpha_p32n=6.1547350864e-01 rz32q=3.9873906250e+03 rz32n=3.9873914795e+03 alpha_full_q=6.1547433896e-01 alpha_full_n=6.1547363588e-01
  residual=6.990e+04
iter=220 pAp_d=6.6882852347e+03 p8q=6.4000000000e+01 p8n=1.2000000000e+01 p8q_e2=8.1920000000e+03 p8n_e2=1.9200000000e+02 p16q=6.7200000000e+03 p16n=4.0800000000e+03 p16q_e2=6.6880000000e+03 p16n_e2=5.1680000000e+03 p32q=6.6882851562e+03 p32n=6.6882807617e+03 p64q=6.6882852347e+03 p64n=6.6882852347e+03 alpha_d=5.6850305692e-01 alpha_p32q=5.6850306358e-01 alpha_p32n=5.6850343712e-01 rz32q=3.8023106079e+03 rz32n=3.8023109741e+03 alpha_full_q=5.6850306455e-01 alpha_full_n=5.6850349284e-01
  residual=6.559e+04
iter=221 pAp_d=7.7021472943e+03 p8q=6.4000000000e+01 p8n=3.0000000000e+00 p8q_e2=8.1920000000e+03 p8n_e2=4.8000000000e+01 p16q=7.6800000000e+03 p16n=5.0560000000e+03 p16q_e2=7.6960000000e+03 p16n_e2=5.9200000000e+03 p32q=7.7021472168e+03 p32n=7.7021555176e+03 p64q=7.7021472943e+03 p64n=7.7021472943e+03 alpha_d=4.9824645402e-01 alpha_p32q=4.9824645904e-01 alpha_p32n=4.9824592207e-01 rz32q=3.8375675659e+03 rz32n=3.8375665894e+03 alpha_full_q=4.9824645750e-01 alpha_full_n=4.9824579374e-01
  residual=6.236e+04
iter=222 pAp_d=6.5465178642e+03 p8q=6.4000000000e+01 p8n=1.6000000000e+01 p8q_e2=8.1920000000e+03 p8n_e2=9.6000000000e+01 p16q=6.5280000000e+03 p16n=4.3520000000e+03 p16q_e2=6.5440000000e+03 p16n_e2=5.1200000000e+03 p32q=6.5465178223e+03 p32n=6.5465275879e+03 p64q=6.5465178642e+03 p64n=6.5465178642e+03 alpha_d=5.1727017734e-01 alpha_p32q=5.1727018065e-01 alpha_p32n=5.1726940902e-01 rz32q=3.3863184814e+03 rz32n=3.3863174438e+03 alpha_full_q=5.1727018445e-01 alpha_full_n=5.1726925433e-01
  residual=5.947e+04
iter=223 pAp_d=5.3163885742e+03 p8q=6.4000000000e+01 p8n=7.5000000000e+00 p8q_e2=4.0960000000e+03 p8n_e2=1.9200000000e+02 p16q=5.3120000000e+03 p16n=3.5840000000e+03 p16q_e2=5.3120000000e+03 p16n_e2=4.0960000000e+03 p32q=5.3163886719e+03 p32n=5.3163989258e+03 p64q=5.3163885742e+03 p64n=5.3163885742e+03 alpha_d=5.7944013467e-01 alpha_p32q=5.7944012402e-01 alpha_p32n=5.7943900644e-01 rz32q=3.0805289307e+03 rz32n=3.0805293579e+03 alpha_full_q=5.7944012765e-01 alpha_full_n=5.7943909043e-01
  residual=5.987e+04
iter=224 pAp_d=4.7475144357e+03 p8q=6.4000000000e+01 p8n=2.4000000000e+01 p8q_e2=4.0960000000e+03 p8n_e2=1.2800000000e+02 p16q=4.7360000000e+03 p16n=2.9760000000e+03 p16q_e2=4.7520000000e+03 p16n_e2=3.7360000000e+03 p32q=4.7475144043e+03 p32n=4.7475222168e+03 p64q=4.7475144357e+03 p64n=4.7475144357e+03 alpha_d=6.1391295601e-01 alpha_p32q=6.1391296007e-01 alpha_p32n=6.1391194982e-01 rz32q=2.9145606079e+03 rz32n=2.9145609741e+03 alpha_full_q=6.1391295733e-01 alpha_full_n=6.1391202422e-01
  residual=6.113e+04
iter=225 pAp_d=5.6253386046e+03 p8q=6.4000000000e+01 p8n=8.0000000000e+00 p8q_e2=4.0960000000e+03 p8n_e2=7.6800000000e+02 p16q=5.6320000000e+03 p16n=3.9200000000e+03 p16q_e2=5.6320000000e+03 p16n_e2=4.3680000000e+03 p32q=5.6253386230e+03 p32n=5.6253471680e+03 p64q=5.6253386046e+03 p64n=5.6253386046e+03 alpha_d=5.5590719561e-01 alpha_p32q=5.5590719379e-01 alpha_p32n=5.5590634936e-01 rz32q=3.1271661987e+03 rz32n=3.1271625366e+03 alpha_full_q=5.5590719213e-01 alpha_full_n=5.5590569671e-01
  residual=6.254e+04
iter=226 pAp_d=5.6740679583e+03 p8q=6.4000000000e+01 p8n=-1.6000000000e+01 p8q_e2=4.0960000000e+03 p8n_e2=7.6800000000e+02 p16q=5.6960000000e+03 p16n=3.9200000000e+03 p16q_e2=5.6800000000e+03 p16n_e2=4.4160000000e+03 p32q=5.6740678711e+03 p32n=5.6740600586e+03 p64q=5.6740679583e+03 p64n=5.6740679583e+03 alpha_d=5.9495563686e-01 alpha_p32q=5.9495564600e-01 alpha_p32n=5.9495646518e-01 rz32q=3.3758187256e+03 rz32n=3.3758192139e+03 alpha_full_q=5.9495564774e-01 alpha_full_n=5.9495655298e-01
  residual=6.425e+04
iter=227 pAp_d=6.3785166617e+03 p8q=6.4000000000e+01 p8n=1.6000000000e+01 p8q_e2=8.1920000000e+03 p8n_e2=2.2400000000e+02 p16q=6.4000000000e+03 p16n=4.0640000000e+03 p16q_e2=6.3840000000e+03 p16n_e2=4.7840000000e+03 p32q=6.3785168457e+03 p32n=6.3785205078e+03 p64q=6.3785166617e+03 p64n=6.3785166617e+03 alpha_d=5.6164128259e-01 alpha_p32q=5.6164126639e-01 alpha_p32n=5.6164094393e-01 rz32q=3.5824382935e+03 rz32n=3.5824386597e+03 alpha_full_q=5.6164126867e-01 alpha_full_n=5.6164100363e-01
  residual=6.574e+04
iter=228 pAp_d=5.8824222878e+03 p8q=6.4000000000e+01 p8n=2.4000000000e+01 p8q_e2=4.0960000000e+03 p8n_e2=1.1200000000e+02 p16q=5.8880000000e+03 p16n=3.9360000000e+03 p16q_e2=5.8880000000e+03 p16n_e2=4.4320000000e+03 p32q=5.8824223633e+03 p32n=5.8824279785e+03 p64q=5.8824222878e+03 p64n=5.8824222878e+03 alpha_d=6.1025324299e-01 alpha_p32q=6.1025323516e-01 alpha_p32n=6.1025265262e-01 rz32q=3.5897672729e+03 rz32n=3.5897656860e+03 alpha_full_q=6.1025323434e-01 alpha_full_n=6.1025238203e-01
  residual=6.665e+04
iter=229 pAp_d=5.9729015536e+03 p8q=6.4000000000e+01 p8n=-1.2000000000e+01 p8q_e2=4.0960000000e+03 p8n_e2=1.9200000000e+02 p16q=5.9520000000e+03 p16n=4.0160000000e+03 p16q_e2=5.9680000000e+03 p16n_e2=4.5920000000e+03 p32q=5.9729016113e+03 p32n=5.9729038086e+03 p64q=5.9729015536e+03 p64n=5.9729015536e+03 alpha_d=6.1276106349e-01 alpha_p32q=6.1276105757e-01 alpha_p32n=6.1276083215e-01 rz32q=3.6599614868e+03 rz32n=3.6599588013e+03 alpha_full_q=6.1276105400e-01 alpha_full_n=6.1276037896e-01
  residual=6.860e+04
iter=230 pAp_d=5.5376425039e+03 p8q=6.4000000000e+01 p8n=5.0000000000e+00 p8q_e2=4.0960000000e+03 p8n_e2=4.8000000000e+01 p16q=5.5040000000e+03 p16n=3.5360000000e+03 p16q_e2=5.5360000000e+03 p16n_e2=4.4160000000e+03 p32q=5.5376425781e+03 p32n=5.5376369629e+03 p64q=5.5376425039e+03 p64n=5.5376425039e+03 alpha_d=6.5424030710e-01 alpha_p32q=6.5424029834e-01 alpha_p32n=6.5424096174e-01 rz32q=3.6229489136e+03 rz32n=3.6229461670e+03 alpha_full_q=6.5424029494e-01 alpha_full_n=6.5424046236e-01
  residual=6.956e+04
iter=231 pAp_d=5.5142287329e+03 p8q=6.4000000000e+01 p8n=8.0000000000e+00 p8q_e2=4.0960000000e+03 p8n_e2=1.1200000000e+02 p16q=5.5040000000e+03 p16n=3.5680000000e+03 p16q_e2=5.5200000000e+03 p16n_e2=4.3040000000e+03 p32q=5.5142287598e+03 p32n=5.5142329102e+03 p64q=5.5142287329e+03 p64n=5.5142287329e+03 alpha_d=6.5728070557e-01 alpha_p32q=6.5728070237e-01 alpha_p32n=6.5728020765e-01 rz32q=3.6243961792e+03 rz32n=3.6243979492e+03 alpha_full_q=6.5728070726e-01 alpha_full_n=6.5728053353e-01
  residual=6.941e+04
iter=232 pAp_d=5.5956101646e+03 p8q=6.4000000000e+01 p8n=1.2000000000e+01 p8q_e2=4.0960000000e+03 p8n_e2=1.9200000000e+02 p16q=5.5680000000e+03 p16n=3.6000000000e+03 p16q_e2=5.6000000000e+03 p16n_e2=4.2240000000e+03 p32q=5.5956101074e+03 p32n=5.5956096191e+03 p64q=5.5956101646e+03 p64n=5.5956101646e+03 alpha_d=6.4843995143e-01 alpha_p32q=6.4843995806e-01 alpha_p32n=6.4844001464e-01 rz32q=3.6284171753e+03 rz32n=3.6284202881e+03 alpha_full_q=6.4843995662e-01 alpha_full_n=6.4844056949e-01
  residual=6.914e+04
iter=233 pAp_d=5.9802796229e+03 p8q=6.4000000000e+01 p8n=-1.6000000000e+01 p8q_e2=8.1920000000e+03 p8n_e2=1.9200000000e+02 p16q=5.9520000000e+03 p16n=3.9200000000e+03 p16q_e2=5.9840000000e+03 p16n_e2=4.6400000000e+03 p32q=5.9802795410e+03 p32n=5.9802612305e+03 p64q=5.9802796229e+03 p64n=5.9802796229e+03 alpha_d=6.1234432667e-01 alpha_p32q=6.1234433506e-01 alpha_p32n=6.1234620995e-01 rz32q=3.6619902954e+03 rz32n=3.6619884644e+03 alpha_full_q=6.1234433446e-01 alpha_full_n=6.1234590317e-01
  residual=6.814e+04
iter=234 pAp_d=5.8539860188e+03 p8q=6.4000000000e+01 p8n=7.5000000000e+00 p8q_e2=4.0960000000e+03 p8n_e2=1.1200000000e+02 p16q=5.8240000000e+03 p16n=3.9360000000e+03 p16q_e2=5.8560000000e+03 p16n_e2=4.4320000000e+03 p32q=5.8539860840e+03 p32n=5.8539782715e+03 p64q=5.8539860188e+03 p64n=5.8539860188e+03 alpha_d=6.0831605370e-01 alpha_p32q=6.0831604692e-01 alpha_p32n=6.0831685876e-01 rz32q=3.5610736694e+03 rz32n=3.5610697632e+03 alpha_full_q=6.0831604625e-01 alpha_full_n=6.0831619081e-01
  residual=6.603e+04
iter=235 pAp_d=5.9417125669e+03 p8q=6.4000000000e+01 p8n=6.4000000000e+01 p8q_e2=4.0960000000e+03 p8n_e2=2.2400000000e+02 p16q=5.9520000000e+03 p16n=3.9040000000e+03 p16q_e2=5.9360000000e+03 p16n_e2=4.4160000000e+03 p32q=5.9417126465e+03 p32n=5.9416997070e+03 p64q=5.9417125669e+03 p64n=5.9417125669e+03 alpha_d=5.7673947281e-01 alpha_p32q=5.7673946508e-01 alpha_p32n=5.7674072107e-01 rz32q=3.4268201904e+03 rz32n=3.4268221436e+03 alpha_full_q=5.7673946795e-01 alpha_full_n=5.7674105265e-01
  residual=6.334e+04
iter=236 pAp_d=6.3109769499e+03 p8q=6.4000000000e+01 p8n=5.0000000000e+00 p8q_e2=8.1920000000e+03 p8n_e2=1.9200000000e+02 p16q=6.3360000000e+03 p16n=4.0640000000e+03 p16q_e2=6.3040000000e+03 p16n_e2=4.6080000000e+03 p32q=6.3109770508e+03 p32n=6.3109848633e+03 p64q=6.3109769499e+03 p64n=6.3109769499e+03 alpha_d=5.3652871541e-01 alpha_p32q=5.3652870683e-01 alpha_p32n=5.3652804265e-01 rz32q=3.3860203247e+03 rz32n=3.3860179443e+03 alpha_full_q=5.3652870189e-01 alpha_full_n=5.3652766053e-01
  residual=6.154e+04
iter=237 pAp_d=5.5787895625e+03 p8q=6.4000000000e+01 p8n=-2.4000000000e+01 p8q_e2=4.0960000000e+03 p8n_e2=1.0240000000e+03 p16q=5.5680000000e+03 p16n=3.7120000000e+03 p16q_e2=5.5840000000e+03 p16n_e2=4.2880000000e+03 p32q=5.5787895508e+03 p32n=5.5787973633e+03 p64q=5.5787895625e+03 p64n=5.5787895625e+03 alpha_d=5.4968918714e-01 alpha_p32q=5.4968918830e-01 alpha_p32n=5.4968841852e-01 rz32q=3.0666002808e+03 rz32n=3.0665956421e+03 alpha_full_q=5.4968918488e-01 alpha_full_n=5.4968758361e-01
  residual=6.038e+04
iter=238 pAp_d=4.5457758746e+03 p8q=6.4000000000e+01 p8n=2.4000000000e+01 p8q_e2=4.0960000000e+03 p8n_e2=5.1200000000e+02 p16q=4.5440000000e+03 p16n=2.8800000000e+03 p16q_e2=4.5440000000e+03 p16n_e2=3.4760000000e+03 p32q=4.5457758789e+03 p32n=4.5457736816e+03 p64q=4.5457758746e+03 p64n=4.5457758746e+03 alpha_d=6.2374384938e-01 alpha_p32q=6.2374384878e-01 alpha_p32n=6.2374415028e-01 rz32q=2.8353997192e+03 rz32n=2.8353984375e+03 alpha_full_q=6.2374384368e-01 alpha_full_n=6.2374386322e-01
  residual=5.902e+04
iter=239 pAp_d=4.2914415704e+03 p8q=6.4000000000e+01 p8n=1.4000000000e+01 p8q_e2=4.0960000000e+03 p8n_e2=1.9200000000e+02 p16q=4.2880000000e+03 p16n=2.6720000000e+03 p16q_e2=4.2880000000e+03 p16n_e2=3.2440000000e+03 p32q=4.2914416504e+03 p32n=4.2914404297e+03 p64q=4.2914415704e+03 p64n=4.2914415704e+03 alpha_d=6.2279294313e-01 alpha_p32q=6.2279293152e-01 alpha_p32n=6.2279310868e-01 rz32q=2.6726795044e+03 rz32n=2.6726789551e+03 alpha_full_q=6.2279292651e-01 alpha_full_n=6.2279297566e-01
  residual=5.715e+04
iter=240 pAp_d=4.2514449966e+03 p8q=6.4000000000e+01 p8n=-1.2000000000e+01 p8q_e2=4.0960000000e+03 p8n_e2=1.9200000000e+02 p16q=4.2240000000e+03 p16n=2.8000000000e+03 p16q_e2=4.2560000000e+03 p16n_e2=3.3200000000e+03 p32q=4.2514450684e+03 p32n=4.2514409180e+03 p64q=4.2514449966e+03 p64n=4.2514449966e+03 alpha_d=6.3074591991e-01 alpha_p32q=6.3074590926e-01 alpha_p32n=6.3074652502e-01 rz32q=2.6815816040e+03 rz32n=2.6815797729e+03 alpha_full_q=6.3074591366e-01 alpha_full_n=6.3074609872e-01
  residual=5.774e+04
iter=241 pAp_d=3.8591560498e+03 p8q=6.4000000000e+01 p8n=2.4000000000e+01 p8q_e2=4.0960000000e+03 p8n_e2=1.9200000000e+02 p16q=3.8560000000e+03 p16n=2.4000000000e+03 p16q_e2=3.8600000000e+03 p16n_e2=2.8680000000e+03 p32q=3.8591560669e+03 p32n=3.8591576538e+03 p64q=3.8591560498e+03 p64n=3.8591560498e+03 alpha_d=6.6827347281e-01 alpha_p32q=6.6827346985e-01 alpha_p32n=6.6827319505e-01 rz32q=2.5789716187e+03 rz32n=2.5789723511e+03 alpha_full_q=6.6827347066e-01 alpha_full_n=6.6827338565e-01
  residual=5.737e+04
iter=242 pAp_d=3.9498540830e+03 p8q=6.4000000000e+01 p8n=2.4000000000e+01 p8q_e2=4.0960000000e+03 p8n_e2=1.1200000000e+02 p16q=3.9520000000e+03 p16n=2.3680000000e+03 p16q_e2=3.9520000000e+03 p16n_e2=2.9920000000e+03 p32q=3.9498540649e+03 p32n=3.9498527222e+03 p64q=3.9498540830e+03 p64n=3.9498540830e+03 alpha_d=6.4472320122e-01 alpha_p32q=6.4472320417e-01 alpha_p32n=6.4472342334e-01 rz32q=2.5465625610e+03 rz32n=2.5465606689e+03 alpha_full_q=6.4472320222e-01 alpha_full_n=6.4472294237e-01
  residual=5.623e+04
iter=243 pAp_d=4.0053710725e+03 p8q=6.4000000000e+01 p8n=-3.2000000000e+01 p8q_e2=4.0960000000e+03 p8n_e2=9.6000000000e+01 p16q=4.0000000000e+03 p16n=2.4960000000e+03 p16q_e2=4.0040000000e+03 p16n_e2=3.0360000000e+03 p32q=4.0053710327e+03 p32n=4.0053709106e+03 p64q=4.0053710725e+03 p64n=4.0053710725e+03 alpha_d=6.3751019175e-01 alpha_p32q=6.3751019808e-01 alpha_p32n=6.3751021751e-01 rz32q=2.5534649048e+03 rz32n=2.5534625244e+03 alpha_full_q=6.3751020416e-01 alpha_full_n=6.3750962929e-01
  residual=5.692e+04
iter=244 pAp_d=3.9437569798e+03 p8q=6.4000000000e+01 p8n=1.6000000000e+01 p8q_e2=4.0960000000e+03 p8n_e2=1.9200000000e+02 p16q=3.9360000000e+03 p16n=2.6080000000e+03 p16q_e2=3.9440000000e+03 p16n_e2=2.9640000000e+03 p32q=3.9437569580e+03 p32n=3.9437525024e+03 p64q=3.9437569798e+03 p64n=3.9437569798e+03 alpha_d=6.4367096131e-01 alpha_p32q=6.4367096487e-01 alpha_p32n=6.4367169207e-01 rz32q=2.5384818726e+03 rz32n=2.5384823608e+03 alpha_full_q=6.4367097151e-01 alpha_full_n=6.4367182253e-01
  residual=5.656e+04
iter=245 pAp_d=4.0707454605e+03 p8q=6.4000000000e+01 p8n=2.4000000000e+01 p8q_e2=4.0960000000e+03 p8n_e2=1.9200000000e+02 p16q=4.0640000000e+03 p16n=2.4160000000e+03 p16q_e2=4.0720000000e+03 p16n_e2=3.1080000000e+03 p32q=4.0707454834e+03 p32n=4.0707470703e+03 p64q=4.0707454605e+03 p64n=4.0707454605e+03 alpha_d=6.4376386549e-01 alpha_p32q=6.4376386186e-01 alpha_p32n=6.4376361090e-01 rz32q=2.6205988159e+03 rz32n=2.6205952148e+03 alpha_full_q=6.4376385765e-01 alpha_full_n=6.4376272207e-01
  residual=5.880e+04
iter=246 pAp_d=3.7800073865e+03 p8q=6.4000000000e+01 p8n=-1.6000000000e+01 p8q_e2=4.0960000000e+03 p8n_e2=1.9200000000e+02 p16q=3.7760000000e+03 p16n=2.5120000000e+03 p16q_e2=3.7800000000e+03 p16n_e2=2.7640000000e+03 p32q=3.7800073853e+03 p32n=3.7800067749e+03 p64q=3.7800073865e+03 p64n=3.7800073865e+03 alpha_d=6.8639468499e-01 alpha_p32q=6.8639468523e-01 alpha_p32n=6.8639479606e-01 rz32q=2.5945769653e+03 rz32n=2.5945747070e+03 alpha_full_q=6.8639468152e-01 alpha_full_n=6.8639419491e-01
  residual=6.010e+04
iter=247 pAp_d=4.6556275139e+03 p8q=6.4000000000e+01 p8n=-1.6000000000e+01 p8q_e2=4.0960000000e+03 p8n_e2=4.8000000000e+01 p16q=4.6720000000e+03 p16n=2.8800000000e+03 p16q_e2=4.6560000000e+03 p16n_e2=3.5720000000e+03 p32q=4.6556274414e+03 p32n=4.6556157227e+03 p64q=4.6556275139e+03 p64n=4.6556275139e+03 alpha_d=6.3772795723e-01 alpha_p32q=6.3772796716e-01 alpha_p32n=6.3772957240e-01 rz32q=2.9690238037e+03 rz32n=2.9690222168e+03 alpha_full_q=6.3772796279e-01 alpha_full_n=6.3772922717e-01
  residual=6.400e+04
iter=248 pAp_d=5.2713055089e+03 p8q=6.4000000000e+01 p8n=1.2000000000e+01 p8q_e2=4.0960000000e+03 p8n_e2=1.9200000000e+02 p16q=5.2480000000e+03 p16n=3.5680000000e+03 p16q_e2=5.2640000000e+03 p16n_e2=4.0600000000e+03 p32q=5.2713056641e+03 p32n=5.2713068848e+03 p64q=5.2713055089e+03 p64n=5.2713055089e+03 alpha_d=6.0119375988e-01 alpha_p32q=6.0119374219e-01 alpha_p32n=6.0119360297e-01 rz32q=3.1690759888e+03 rz32n=3.1690717773e+03 alpha_full_q=6.0119374416e-01 alpha_full_n=6.0119280600e-01
  residual=6.356e+04
iter=249 pAp_d=6.1635829846e+03 p8q=6.4000000000e+01 p8n=2.4000000000e+01 p8q_e2=4.0960000000e+03 p8n_e2=9.6000000000e+01 p16q=6.1440000000e+03 p16n=4.0640000000e+03 p16q_e2=6.1600000000e+03 p16n_e2=4.5280000000e+03 p32q=6.1635830078e+03 p32n=6.1635800781e+03 p64q=6.1635829846e+03 p64n=6.1635829846e+03 alpha_d=5.7052076493e-01 alpha_p32q=5.7052076278e-01 alpha_p32n=5.7052103396e-01 rz32q=3.5164520874e+03 rz32n=3.5164505005e+03 alpha_full_q=5.7052076413e-01 alpha_full_n=5.7052077785e-01
  residual=6.648e+04
iter=250 pAp_d=5.8352850580e+03 p8q=6.4000000000e+01 p8n=1.2000000000e+01 p8q_e2=4.0960000000e+03 p8n_e2=1.9200000000e+02 p16q=5.8240000000e+03 p16n=3.8720000000e+03 p16q_e2=5.8400000000e+03 p16n_e2=4.3520000000e+03 p32q=5.8352851562e+03 p32n=5.8352819824e+03 p64q=5.8352850580e+03 p64n=5.8352850580e+03 alpha_d=5.9281169053e-01 alpha_p32q=5.9281168055e-01 alpha_p32n=5.9281200298e-01 rz32q=3.4592252197e+03 rz32n=3.4592266846e+03 alpha_full_q=5.9281168394e-01 alpha_full_n=5.9281225740e-01
  residual=6.632e+04
iter=251 pAp_d=5.9130225549e+03 p8q=6.4000000000e+01 p8n=3.2000000000e+01 p8q_e2=4.0960000000e+03 p8n_e2=2.2400000000e+02 p16q=5.8880000000e+03 p16n=4.0800000000e+03 p16q_e2=5.9200000000e+03 p16n_e2=4.5440000000e+03 p32q=5.9130224609e+03 p32n=5.9130361328e+03 p64q=5.9130225549e+03 p64n=5.9130225549e+03 alpha_d=5.9810376339e-01 alpha_p32q=5.9810377290e-01 alpha_p32n=5.9810238999e-01 rz32q=3.5366010132e+03 rz32n=3.5366007690e+03 alpha_full_q=5.9810376784e-01 alpha_full_n=5.9810234364e-01
  residual=6.587e+04
iter=252 pAp_d=5.3132244019e+03 p8q=6.4000000000e+01 p8n=-2.4000000000e+01 p8q_e2=4.0960000000e+03 p8n_e2=9.6000000000e+01 p16q=5.3120000000e+03 p16n=3.4400000000e+03 p16q_e2=5.3120000000e+03 p16n_e2=4.1440000000e+03 p32q=5.3132243652e+03 p32n=5.3132265625e+03 p64q=5.3132244019e+03 p64n=5.3132244019e+03 alpha_d=6.2555331778e-01 alpha_p32q=6.2555332210e-01 alpha_p32n=6.2555306340e-01 rz32q=3.3237051392e+03 rz32n=3.3237009888e+03 alpha_full_q=6.2555331955e-01 alpha_full_n=6.2555227971e-01
  residual=6.708e+04
iter=253 pAp_d=4.9690963404e+03 p8q=6.4000000000e+01 p8n=1.0000000000e+00 p8q_e2=4.0960000000e+03 p8n_e2=6.4000000000e+01 p16q=4.9920000000e+03 p16n=3.1520000000e+03 p16q_e2=4.9760000000e+03 p16n_e2=3.8840000000e+03 p32q=4.9690964355e+03 p32n=4.9691030273e+03 p64q=4.9690963404e+03 p64n=4.9690963404e+03 alpha_d=6.5257695588e-01 alpha_p32q=6.5257694338e-01 alpha_p32n=6.5257607770e-01 rz32q=3.2427177734e+03 rz32n=3.2427142944e+03 alpha_full_q=6.5257694543e-01 alpha_full_n=6.5257537962e-01
  residual=6.541e+04
iter=254 pAp_d=5.3383983984e+03 p8q=6.4000000000e+01 p8n=6.4000000000e+01 p8q_e2=4.0960000000e+03 p8n_e2=5.6000000000e+01 p16q=5.3120000000e+03 p16n=3.4560000000e+03 p16q_e2=5.3440000000e+03 p16n_e2=4.2560000000e+03 p32q=5.3383984375e+03 p32n=5.3383940430e+03 p64q=5.3383983984e+03 p64n=5.3383983984e+03 alpha_d=6.2181705111e-01 alpha_p32q=6.2181704656e-01 alpha_p32n=6.2181755843e-01 rz32q=3.3195071411e+03 rz32n=3.3195035400e+03 alpha_full_q=6.2181704494e-01 alpha_full_n=6.2181688225e-01
  residual=6.581e+04
iter=255 pAp_d=4.7539686510e+03 p8q=6.4000000000e+01 p8n=8.0000000000e+00 p8q_e2=4.0960000000e+03 p8n_e2=1.1200000000e+02 p16q=4.7360000000e+03 p16n=2.9440000000e+03 p16q_e2=4.7520000000e+03 p16n_e2=3.8160000000e+03 p32q=4.7539687500e+03 p32n=4.7539775391e+03 p64q=4.7539686510e+03 p64n=4.7539686510e+03 alpha_d=6.6258330111e-01 alpha_p32q=6.6258328731e-01 alpha_p32n=6.6258206234e-01 rz32q=3.1499002686e+03 rz32n=3.1498995361e+03 alpha_full_q=6.6258329287e-01 alpha_full_n=6.6258191383e-01
  residual=6.541e+04
iter=256 pAp_d=4.8325178653e+03 p8q=6.4000000000e+01 p8n=-3.1250000000e+00 p8q_e2=4.0960000000e+03 p8n_e2=2.4000000000e+01 p16q=4.8640000000e+03 p16n=3.0240000000e+03 p16q_e2=4.8320000000e+03 p16n_e2=3.6600000000e+03 p32q=4.8325178223e+03 p32n=4.8325253906e+03 p64q=4.8325178653e+03 p64n=4.8325178653e+03 alpha_d=6.4808833295e-01 alpha_p32q=6.4808833872e-01 alpha_p32n=6.4808732373e-01 rz32q=3.1318984375e+03 rz32n=3.1318984375e+03 alpha_full_q=6.4808833670e-01 alpha_full_n=6.4808732171e-01
  residual=6.378e+04
iter=257 pAp_d=4.3602411171e+03 p8q=6.4000000000e+01 p8n=1.6000000000e+01 p8q_e2=4.0960000000e+03 p8n_e2=1.9200000000e+02 p16q=4.3520000000e+03 p16n=2.5920000000e+03 p16q_e2=4.3520000000e+03 p16n_e2=3.4000000000e+03 p32q=4.3602412109e+03 p32n=4.3602299805e+03 p64q=4.3602411171e+03 p64n=4.3602411171e+03 alpha_d=6.6384287691e-01 alpha_p32q=6.6384286262e-01 alpha_p32n=6.6384457246e-01 rz32q=2.8945150146e+03 rz32n=2.8945152588e+03 alpha_full_q=6.6384286433e-01 alpha_full_n=6.6384463016e-01
  residual=6.260e+04
iter=258 pAp_d=4.5831424976e+03 p8q=6.4000000000e+01 p8n=5.0000000000e+00 p8q_e2=4.0960000000e+03 p8n_e2=1.9200000000e+02 p16q=4.6080000000e+03 p16n=3.0400000000e+03 p16q_e2=4.5760000000e+03 p16n_e2=3.4440000000e+03 p32q=4.5831425781e+03 p32n=4.5831433105e+03 p64q=4.5831424976e+03 p64n=4.5831424976e+03 alpha_d=6.4087818756e-01 alpha_p32q=6.4087817631e-01 alpha_p32n=6.4087807389e-01 rz32q=2.9372360840e+03 rz32n=2.9372366333e+03 alpha_full_q=6.4087818215e-01 alpha_full_n=6.4087819958e-01
  residual=6.044e+04
iter=259 pAp_d=4.1468870969e+03 p8q=6.4000000000e+01 p8n=7.0000000000e+00 p8q_e2=4.0960000000e+03 p8n_e2=1.9200000000e+02 p16q=4.1600000000e+03 p16n=2.4800000000e+03 p16q_e2=4.1440000000e+03 p16n_e2=3.1320000000e+03 p32q=4.1468869629e+03 p32n=4.1468872070e+03 p64q=4.1468870969e+03 p64n=4.1468870969e+03 alpha_d=6.6528912864e-01 alpha_p32q=6.6528915014e-01 alpha_p32n=6.6528911097e-01 rz32q=2.7588789062e+03 rz32n=2.7588792114e+03 alpha_full_q=6.6528915086e-01 alpha_full_n=6.6528918528e-01
  residual=6.003e+04
iter=260 pAp_d=4.3620874460e+03 p8q=6.4000000000e+01 p8n=2.4000000000e+01 p8q_e2=4.0960000000e+03 p8n_e2=1.9200000000e+02 p16q=4.3520000000e+03 p16n=2.8800000000e+03 p16q_e2=4.3680000000e+03 p16n_e2=3.4000000000e+03 p32q=4.3620874023e+03 p32n=4.3620903320e+03 p64q=4.3620874460e+03 p64n=4.3620874460e+03 alpha_d=6.2658920895e-01 alpha_p32q=6.2658921523e-01 alpha_p32n=6.2658879439e-01 rz32q=2.7332369385e+03 rz32n=2.7332307739e+03 alpha_full_q=6.2658921896e-01 alpha_full_n=6.2658738492e-01
  residual=5.824e+04
iter=261 pAp_d=4.4238646773e+03 p8q=6.4000000000e+01 p8n=7.5000000000e-01 p8q_e2=4.0960000000e+03 p8n_e2=1.9200000000e+02 p16q=4.4160000000e+03 p16n=2.8000000000e+03 p16q_e2=4.4320000000e+03 p16n_e2=3.3960000000e+03 p32q=4.4238647461e+03 p32n=4.4238684082e+03 p64q=4.4238646773e+03 p64n=4.4238646773e+03 alpha_d=6.1770872878e-01 alpha_p32q=6.1770871918e-01 alpha_p32n=6.1770820783e-01 rz32q=2.7326598511e+03 rz32n=2.7326590576e+03 alpha_full_q=6.1770872482e-01 alpha_full_n=6.1770803412e-01
  residual=5.821e+04
iter=262 pAp_d=4.0377770214e+03 p8q=6.4000000000e+01 p8n=6.0000000000e+00 p8q_e2=4.0960000000e+03 p8n_e2=1.9200000000e+02 p16q=4.0320000000e+03 p16n=2.5760000000e+03 p16q_e2=4.0360000000e+03 p16n_e2=3.1240000000e+03 p32q=4.0377770386e+03 p32n=4.0377781372e+03 p64q=4.0377770214e+03 p64n=4.0377770214e+03 alpha_d=6.2463972861e-01 alpha_p32q=6.2463972596e-01 alpha_p32n=6.2463955600e-01 rz32q=2.5221559448e+03 rz32n=2.5221528931e+03 alpha_full_q=6.2463972645e-01 alpha_full_n=6.2463880069e-01
  residual=5.600e+04
iter=263 pAp_d=3.9640561806e+03 p8q=6.4000000000e+01 p8n=2.4000000000e+01 p8q_e2=4.0960000000e+03 p8n_e2=3.2000000000e+01 p16q=3.9680000000e+03 p16n=2.6080000000e+03 p16q_e2=3.9640000000e+03 p16n_e2=2.9800000000e+03 p32q=3.9640561523e+03 p32n=3.9640561523e+03 p64q=3.9640561806e+03 p64n=3.9640561806e+03 alpha_d=6.0802877244e-01 alpha_p32q=6.0802877678e-01 alpha_p32n=6.0802877678e-01 rz32q=2.4102601929e+03 rz32n=2.4102598267e+03 alpha_full_q=6.0802877160e-01 alpha_full_n=6.0802867922e-01
  residual=5.502e+04
iter=264 pAp_d=5.1821320508e+03 p8q=6.4000000000e+01 p8n=1.6000000000e+01 p8q_e2=4.0960000000e+03 p8n_e2=1.1200000000e+02 p16q=5.1840000000e+03 p16n=3.3760000000e+03 p16q_e2=5.1840000000e+03 p16n_e2=4.1280000000e+03 p32q=5.1821320801e+03 p32n=5.1821279297e+03 p64q=5.1821320508e+03 p64n=5.1821320508e+03 alpha_d=4.9701636362e-01 alpha_p32q=4.9701636082e-01 alpha_p32n=4.9701675888e-01 rz32q=2.5756044312e+03 rz32n=2.5756047363e+03 alpha_full_q=4.9701636148e-01 alpha_full_n=4.9701681843e-01
  residual=5.343e+04
iter=265 pAp_d=5.5204732300e+03 p8q=6.4000000000e+01 p8n=-2.4000000000e+01 p8q_e2=4.0960000000e+03 p8n_e2=2.2400000000e+02 p16q=5.5040000000e+03 p16n=3.8720000000e+03 p16q_e2=5.5200000000e+03 p16n_e2=4.2880000000e+03 p32q=5.5204731445e+03 p32n=5.5204787598e+03 p64q=5.5204732300e+03 p64n=5.5204732300e+03 alpha_d=4.8112445831e-01 alpha_p32q=4.8112446576e-01 alpha_p32n=4.8112397638e-01 rz32q=2.6560346680e+03 rz32n=2.6560333252e+03 alpha_full_q=4.8112446133e-01 alpha_full_n=4.8112372872e-01
  residual=5.410e+04
iter=266 pAp_d=4.5600981119e+03 p8q=6.4000000000e+01 p8n=1.5000000000e+00 p8q_e2=4.0960000000e+03 p8n_e2=1.9200000000e+02 p16q=4.5440000000e+03 p16n=3.0080000000e+03 p16q_e2=4.5600000000e+03 p16n_e2=3.7600000000e+03 p32q=4.5600981445e+03 p32n=4.5600947266e+03 p64q=4.5600981119e+03 p64n=4.5600981119e+03 alpha_d=5.5762429157e-01 alpha_p32q=5.5762428758e-01 alpha_p32n=5.5762470554e-01 rz32q=2.5428214722e+03 rz32n=2.5428206787e+03 alpha_full_q=5.5762428605e-01 alpha_full_n=5.5762453001e-01
  residual=5.433e+04
iter=267 pAp_d=3.6274114644e+03 p8q=6.4000000000e+01 p8n=2.4000000000e+01 p8q_e2=4.0960000000e+03 p8n_e2=1.9200000000e+02 p16q=3.6320000000e+03 p16n=2.2720000000e+03 p16q_e2=3.6280000000e+03 p16n_e2=2.7720000000e+03 p32q=3.6274114380e+03 p32n=3.6274131470e+03 p64q=3.6274114644e+03 p64n=3.6274114644e+03 alpha_d=6.4633164111e-01 alpha_p32q=6.4633164581e-01 alpha_p32n=6.4633134131e-01 rz32q=2.3445108032e+03 rz32n=2.3445066528e+03 alpha_full_q=6.4633164539e-01 alpha_full_n=6.4633019671e-01
  residual=5.733e+04
iter=268 pAp_d=3.4818281901e+03 p8q=6.4000000000e+01 p8n=-3.1250000000e+00 p8q_e2=3.0720000000e+03 p8n_e2=1.9200000000e+02 p16q=3.4880000000e+03 p16n=2.1920000000e+03 p16q_e2=3.4800000000e+03 p16n_e2=2.5920000000e+03 p32q=3.4818281860e+03 p32n=3.4818298950e+03 p64q=3.4818281901e+03 p64n=3.4818281901e+03 alpha_d=6.6933795258e-01 alpha_p32q=6.6933795336e-01 alpha_p32n=6.6933762483e-01 rz32q=2.3305197754e+03 rz32n=2.3305189209e+03 alpha_full_q=6.6933796008e-01 alpha_full_n=6.6933738613e-01
  residual=5.641e+04
iter=269 pAp_d=3.8327616841e+03 p8q=6.4000000000e+01 p8n=3.2000000000e+01 p8q_e2=4.0960000000e+03 p8n_e2=1.9200000000e+02 p16q=3.8400000000e+03 p16n=2.3840000000e+03 p16q_e2=3.8320000000e+03 p16n_e2=2.9160000000e+03 p32q=3.8327616577e+03 p32n=3.8327610474e+03 p64q=3.8327616841e+03 p64n=3.8327616841e+03 alpha_d=6.4666613882e-01 alpha_p32q=6.4666614327e-01 alpha_p32n=6.4666624625e-01 rz32q=2.4785172119e+03 rz32n=2.4785148315e+03 alpha_full_q=6.4666614657e-01 alpha_full_n=6.4666562849e-01
  residual=5.888e+04
iter=270 pAp_d=4.0687961067e+03 p8q=6.4000000000e+01 p8n=6.0000000000e+00 p8q_e2=4.0960000000e+03 p8n_e2=2.5600000000e+02 p16q=4.0640000000e+03 p16n=2.5600000000e+03 p16q_e2=4.0680000000e+03 p16n_e2=3.1000000000e+03 p32q=4.0687960815e+03 p32n=4.0687965088e+03 p64q=4.0687961067e+03 p64n=4.0687961067e+03 alpha_d=6.3181213481e-01 alpha_p32q=6.3181213872e-01 alpha_p32n=6.3181207238e-01 rz32q=2.5707147827e+03 rz32n=2.5707140503e+03 alpha_full_q=6.3181214570e-01 alpha_full_n=6.3181189935e-01
  residual=5.886e+04
iter=271 pAp_d=5.2013365700e+03 p8q=6.4000000000e+01 p8n=-6.4000000000e+01 p8q_e2=4.0960000000e+03 p8n_e2=5.1200000000e+02 p16q=5.1840000000e+03 p16n=3.5200000000e+03 p16q_e2=5.2000000000e+03 p16n_e2=4.0920000000e+03 p32q=5.2013366699e+03 p32n=5.2013381348e+03 p64q=5.2013365700e+03 p64n=5.2013365700e+03 alpha_d=5.3913671269e-01 alpha_p32q=5.3913670233e-01 alpha_p32n=5.3913655050e-01 rz32q=2.8042315063e+03 rz32n=2.8042332764e+03 alpha_full_q=5.3913670356e-01 alpha_full_n=5.3913689203e-01
  residual=5.796e+04
iter=272 pAp_d=6.2072999841e+03 p8q=6.4000000000e+01 p8n=2.4000000000e+01 p8q_e2=8.1920000000e+03 p8n_e2=1.0240000000e+03 p16q=6.2080000000e+03 p16n=4.0640000000e+03 p16q_e2=6.2080000000e+03 p16n_e2=4.8800000000e+03 p32q=6.2073000488e+03 p32n=6.2072927246e+03 p64q=6.2072999841e+03 p64n=6.2072999841e+03 alpha_d=4.7661117526e-01 alpha_p32q=4.7661117029e-01 alpha_p32n=4.7661173266e-01 rz32q=2.9584685669e+03 rz32n=2.9584683838e+03 alpha_full_q=4.7661117452e-01 alpha_full_n=4.7661170740e-01
  residual=5.638e+04
iter=273 pAp_d=4.9325873740e+03 p8q=6.4000000000e+01 p8n=6.4000000000e+01 p8q_e2=4.0960000000e+03 p8n_e2=5.1200000000e+02 p16q=4.9280000000e+03 p16n=3.3120000000e+03 p16q_e2=4.9280000000e+03 p16n_e2=3.8040000000e+03 p32q=4.9325874023e+03 p32n=4.9325788574e+03 p64q=4.9325873740e+03 p64n=4.9325873740e+03 alpha_d=5.5183998588e-01 alpha_p32q=5.5183998271e-01 alpha_p32n=5.5184093868e-01 rz32q=2.7219989624e+03 rz32n=2.7219959717e+03 alpha_full_q=5.5183998587e-01 alpha_full_n=5.5184033552e-01
  residual=5.649e+04
iter=274 pAp_d=3.7459992643e+03 p8q=6.4000000000e+01 p8n=1.2500000000e+00 p8q_e2=4.0960000000e+03 p8n_e2=1.1200000000e+02 p16q=3.7440000000e+03 p16n=2.3360000000e+03 p16q_e2=3.7480000000e+03 p16n_e2=2.8120000000e+03 p32q=3.7459992676e+03 p32n=3.7459958496e+03 p64q=3.7459992643e+03 p64n=3.7459992643e+03 alpha_d=6.2744671090e-01 alpha_p32q=6.2744671034e-01 alpha_p32n=6.2744728284e-01 rz32q=2.3504149170e+03 rz32n=2.3504152222e+03 alpha_full_q=6.2744671024e-01 alpha_full_n=6.2744736421e-01
  residual=5.437e+04
iter=275 pAp_d=3.6914636225e+03 p8q=6.4000000000e+01 p8n=-1.2000000000e+01 p8q_e2=4.0960000000e+03 p8n_e2=1.1200000000e+02 p16q=3.6960000000e+03 p16n=2.4320000000e+03 p16q_e2=3.6920000000e+03 p16n_e2=2.7720000000e+03 p32q=3.6914636230e+03 p32n=3.6914640503e+03 p64q=3.6914636225e+03 p64n=3.6914636225e+03 alpha_d=6.1988121688e-01 alpha_p32q=6.1988121680e-01 alpha_p32n=6.1988114505e-01 rz32q=2.2882689819e+03 rz32n=2.2882674561e+03 alpha_full_q=6.1988122208e-01 alpha_full_n=6.1988073699e-01
  residual=5.479e+04
iter=276 pAp_d=3.7615239949e+03 p8q=6.4000000000e+01 p8n=1.6000000000e+01 p8q_e2=4.0960000000e+03 p8n_e2=2.2400000000e+02 p16q=3.7600000000e+03 p16n=2.2400000000e+03 p16q_e2=3.7600000000e+03 p16n_e2=2.8520000000e+03 p32q=3.7615239868e+03 p32n=3.7615222168e+03 p64q=3.7615239949e+03 p64n=3.7615239949e+03 alpha_d=6.2016931218e-01 alpha_p32q=6.2016931351e-01 alpha_p32n=6.2016960534e-01 rz32q=2.3327817383e+03 rz32n=2.3327805786e+03 alpha_full_q=6.2016931075e-01 alpha_full_n=6.2016929428e-01
  residual=5.409e+04
iter=277 pAp_d=4.3568056934e+03 p8q=6.4000000000e+01 p8n=2.4000000000e+01 p8q_e2=4.0960000000e+03 p8n_e2=1.1200000000e+02 p16q=4.3520000000e+03 p16n=2.7200000000e+03 p16q_e2=4.3520000000e+03 p16n_e2=3.3600000000e+03 p32q=4.3568056641e+03 p32n=4.3568007812e+03 p64q=4.3568056934e+03 p64n=4.3568056934e+03 alpha_d=5.6536653047e-01 alpha_p32q=5.6536653428e-01 alpha_p32n=5.6536716790e-01 rz32q=2.4631921387e+03 rz32n=2.4631903687e+03 alpha_full_q=5.6536653884e-01 alpha_full_n=5.6536676620e-01
  residual=5.627e+04
iter=278 pAp_d=4.4837596694e+03 p8q=6.4000000000e+01 p8n=6.5000000000e+00 p8q_e2=4.0960000000e+03 p8n_e2=1.6000000000e+02 p16q=4.4800000000e+03 p16n=2.9920000000e+03 p16q_e2=4.4800000000e+03 p16n_e2=3.4720000000e+03 p32q=4.4837597656e+03 p32n=4.4837612305e+03 p64q=4.4837596694e+03 p64n=4.4837596694e+03 alpha_d=5.6386220895e-01 alpha_p32q=5.6386219686e-01 alpha_p32n=5.6386201264e-01 rz32q=2.5282226562e+03 rz32n=2.5282183228e+03 alpha_full_q=5.6386220235e-01 alpha_full_n=5.6386105165e-01
  residual=5.530e+04
iter=279 pAp_d=4.5758686232e+03 p8q=6.4000000000e+01 p8n=1.6000000000e+01 p8q_e2=4.0960000000e+03 p8n_e2=1.1200000000e+02 p16q=4.5440000000e+03 p16n=2.8640000000e+03 p16q_e2=4.5760000000e+03 p16n_e2=3.4800000000e+03 p32q=4.5758686523e+03 p32n=4.5758750000e+03 p64q=4.5758686232e+03 p64n=4.5758686232e+03 alpha_d=5.8068440398e-01 alpha_p32q=5.8068440027e-01 alpha_p32n=5.8068359475e-01 rz32q=2.6571355591e+03 rz32n=2.6571315918e+03 alpha_full_q=5.8068440354e-01 alpha_full_n=5.8068273102e-01
  residual=5.823e+04
iter=280 pAp_d=4.1900773905e+03 p8q=6.4000000000e+01 p8n=1.6000000000e+01 p8q_e2=4.0960000000e+03 p8n_e2=9.6000000000e+01 p16q=4.1600000000e+03 p16n=2.4640000000e+03 p16q_e2=4.1920000000e+03 p16n_e2=3.2080000000e+03 p32q=4.1900773926e+03 p32n=4.1900751953e+03 p64q=4.1900773905e+03 p64n=4.1900773905e+03 alpha_d=6.1876498946e-01 alpha_p32q=6.1876498916e-01 alpha_p32n=6.1876531364e-01 rz32q=2.5926732178e+03 rz32n=2.5926726685e+03 alpha_full_q=6.1876499522e-01 alpha_full_n=6.1876518860e-01
  residual=5.752e+04
iter=281 pAp_d=3.9963424754e+03 p8q=6.4000000000e+01 p8n=-5.0000000000e-01 p8q_e2=4.0960000000e+03 p8n_e2=1.9200000000e+02 p16q=4.0000000000e+03 p16n=2.4160000000e+03 p16q_e2=3.9960000000e+03 p16n_e2=3.0200000000e+03 p32q=3.9963424683e+03 p32n=3.9963429565e+03 p64q=3.9963424754e+03 p64n=3.9963424754e+03 alpha_d=6.3809489343e-01 alpha_p32q=6.3809489457e-01 alpha_p32n=6.3809481661e-01 rz32q=2.5500457153e+03 rz32n=2.5500481567e+03 alpha_full_q=6.3809489191e-01 alpha_full_n=6.3809542486e-01
  residual=5.700e+04
iter=282 pAp_d=4.4423753618e+03 p8q=6.4000000000e+01 p8n=7.5000000000e+00 p8q_e2=4.0960000000e+03 p8n_e2=1.9200000000e+02 p16q=4.4160000000e+03 p16n=2.9920000000e+03 p16q_e2=4.4480000000e+03 p16n_e2=3.4480000000e+03 p32q=4.4423752441e+03 p32n=4.4423833008e+03 p64q=4.4423753618e+03 p64n=4.4423753618e+03 alpha_d=5.9831416199e-01 alpha_p32q=5.9831417783e-01 alpha_p32n=5.9831309274e-01 rz32q=2.6579360962e+03 rz32n=2.6579316406e+03 alpha_full_q=5.9831417882e-01 alpha_full_n=5.9831209075e-01
  residual=5.827e+04
iter=283 pAp_d=4.5202927721e+03 p8q=6.4000000000e+01 p8n=1.6000000000e+01 p8q_e2=4.0960000000e+03 p8n_e2=2.2400000000e+02 p16q=4.5440000000e+03 p16n=2.9440000000e+03 p16q_e2=4.5280000000e+03 p16n_e2=3.5640000000e+03 p32q=4.5202927246e+03 p32n=4.5202919922e+03 p64q=4.5202927721e+03 p64n=4.5202927721e+03 alpha_d=5.7756407164e-01 alpha_p32q=5.7756407771e-01 alpha_p32n=5.7756417129e-01 rz32q=2.6107587280e+03 rz32n=2.6107554321e+03 alpha_full_q=5.7756408425e-01 alpha_full_n=5.7756344870e-01
  residual=5.654e+04
iter=284 pAp_d=4.7910005073e+03 p8q=6.4000000000e+01 p8n=4.0000000000e+00 p8q_e2=4.0960000000e+03 p8n_e2=9.6000000000e+01 p16q=4.8000000000e+03 p16n=3.1040000000e+03 p16q_e2=4.7840000000e+03 p16n_e2=3.7040000000e+03 p32q=4.7910004883e+03 p32n=4.7910004883e+03 p64q=4.7910005073e+03 p64n=4.7910005073e+03 alpha_d=5.7253119426e-01 alpha_p32q=5.7253119654e-01 alpha_p32n=5.7253119654e-01 rz32q=2.7429972534e+03 rz32n=2.7429956055e+03 alpha_full_q=5.7253119889e-01 alpha_full_n=5.7253085492e-01
  residual=5.848e+04
iter=285 pAp_d=4.7573376324e+03 p8q=6.4000000000e+01 p8n=-7.1875000000e-01 p8q_e2=4.0960000000e+03 p8n_e2=2.5600000000e+02 p16q=4.7360000000e+03 p16n=3.0880000000e+03 p16q_e2=4.7520000000e+03 p16n_e2=3.7000000000e+03 p32q=4.7573376465e+03 p32n=4.7573337402e+03 p64q=4.7573376324e+03 p64n=4.7573376324e+03 alpha_d=5.7445102842e-01 alpha_p32q=5.7445102673e-01 alpha_p32n=5.7445149841e-01 rz32q=2.7328574829e+03 rz32n=2.7328530884e+03 alpha_full_q=5.7445102408e-01 alpha_full_n=5.7445057202e-01
  residual=5.875e+04
iter=286 pAp_d=5.2239237785e+03 p8q=6.4000000000e+01 p8n=1.6000000000e+01 p8q_e2=4.0960000000e+03 p8n_e2=5.1200000000e+02 p16q=5.2480000000e+03 p16n=3.3760000000e+03 p16q_e2=5.2160000000e+03 p16n_e2=4.1280000000e+03 p32q=5.2239238281e+03 p32n=5.2239291992e+03 p64q=5.2239237785e+03 p64n=5.2239237785e+03 alpha_d=5.7458877052e-01 alpha_p32q=5.7458876506e-01 alpha_p32n=5.7458817428e-01 rz32q=3.0016079712e+03 rz32n=3.0016063232e+03 alpha_full_q=5.7458877081e-01 alpha_full_n=5.7458786457e-01
  residual=6.025e+04
iter=287 pAp_d=5.8877526777e+03 p8q=6.4000000000e+01 p8n=7.0000000000e+00 p8q_e2=4.0960000000e+03 p8n_e2=1.9200000000e+02 p16q=5.8880000000e+03 p16n=4.0800000000e+03 p16q_e2=5.8880000000e+03 p16n_e2=4.5600000000e+03 p32q=5.8877526855e+03 p32n=5.8877624512e+03 p64q=5.8877526777e+03 p64n=5.8877526777e+03 alpha_d=5.3640056333e-01 alpha_p32q=5.3640056262e-01 alpha_p32n=5.3639967293e-01 rz32q=3.1581938477e+03 rz32n=3.1581922607e+03 alpha_full_q=5.3640056170e-01 alpha_full_n=5.3639940248e-01
  residual=6.192e+04
iter=288 pAp_d=6.1769184943e+03 p8q=6.4000000000e+01 p8n=-1.6000000000e+01 p8q_e2=4.0960000000e+03 p8n_e2=1.9200000000e+02 p16q=6.1440000000e+03 p16n=4.0480000000e+03 p16q_e2=6.1760000000e+03 p16n_e2=4.5760000000e+03 p32q=6.1769184570e+03 p32n=6.1769140625e+03 p64q=6.1769184943e+03 p64n=6.1769184943e+03 alpha_d=5.4503168549e-01 alpha_p32q=5.4503168878e-01 alpha_p32n=5.4503207654e-01 rz32q=3.3666162720e+03 rz32n=3.3666164551e+03 alpha_full_q=5.4503168455e-01 alpha_full_n=5.4503210195e-01
  residual=6.250e+04
iter=289 pAp_d=5.0821774156e+03 p8q=6.4000000000e+01 p8n=1.6000000000e+01 p8q_e2=4.0960000000e+03 p8n_e2=1.9200000000e+02 p16q=5.0560000000e+03 p16n=3.4080000000e+03 p16q_e2=5.0880000000e+03 p16n_e2=3.9200000000e+03 p32q=5.0821774902e+03 p32n=5.0821782227e+03 p64q=5.0821774156e+03 p64n=5.0821774156e+03 alpha_d=6.1313218210e-01 alpha_p32q=6.1313217309e-01 alpha_p32n=6.1313208473e-01 rz32q=3.1160465088e+03 rz32n=3.1160449219e+03 alpha_full_q=6.1313216919e-01 alpha_full_n=6.1313176858e-01
  residual=6.281e+04
iter=290 pAp_d=4.3603900479e+03 p8q=6.4000000000e+01 p8n=2.4000000000e+01 p8q_e2=4.0960000000e+03 p8n_e2=1.9200000000e+02 p16q=4.3520000000e+03 p16n=2.7040000000e+03 p16q_e2=4.3680000000e+03 p16n_e2=3.2440000000e+03 p32q=4.3603901367e+03 p32n=4.3603840332e+03 p64q=4.3603900479e+03 p64n=4.3603900479e+03 alpha_d=6.7100794810e-01 alpha_p32q=6.7100793443e-01 alpha_p32n=6.7100887368e-01 rz32q=2.9258563843e+03 rz32n=2.9258522949e+03 alpha_full_q=6.7100793565e-01 alpha_full_n=6.7100793706e-01
  residual=6.234e+04
iter=291 pAp_d=4.5325428676e+03 p8q=6.4000000000e+01 p8n=-3.1250000000e+00 p8q_e2=4.0960000000e+03 p8n_e2=1.9200000000e+02 p16q=4.5440000000e+03 p16n=3.0560000000e+03 p16q_e2=4.5280000000e+03 p16n_e2=3.4000000000e+03 p32q=4.5325429688e+03 p32n=4.5325441895e+03 p64q=4.5325428676e+03 p64n=4.5325428676e+03 alpha_d=6.4353539114e-01 alpha_p32q=6.4353537678e-01 alpha_p32n=6.4353520347e-01 rz32q=2.9168517456e+03 rz32n=2.9168489990e+03 alpha_full_q=6.4353537644e-01 alpha_full_n=6.4353459715e-01
  residual=6.212e+04
iter=292 pAp_d=4.1958492520e+03 p8q=6.4000000000e+01 p8n=-3.7500000000e-01 p8q_e2=4.0960000000e+03 p8n_e2=1.9200000000e+02 p16q=4.2240000000e+03 p16n=2.7520000000e+03 p16q_e2=4.1920000000e+03 p16n_e2=3.1720000000e+03 p32q=4.1958493652e+03 p32n=4.1958476562e+03 p64q=4.1958492520e+03 p64n=4.1958492520e+03 alpha_d=6.7750271048e-01 alpha_p32q=6.7750269220e-01 alpha_p32n=6.7750296815e-01 rz32q=2.8426992188e+03 rz32n=2.8426985474e+03 alpha_full_q=6.7750268689e-01 alpha_full_n=6.7750280283e-01
  residual=6.252e+04
iter=293 pAp_d=4.1335191278e+03 p8q=6.4000000000e+01 p8n=6.4000000000e+01 p8q_e2=4.0960000000e+03 p8n_e2=1.1200000000e+02 p16q=4.1600000000e+03 p16n=2.5600000000e+03 p16q_e2=4.1280000000e+03 p16n_e2=3.1080000000e+03 p32q=4.1335190430e+03 p32n=4.1335200195e+03 p64q=4.1335191278e+03 p64n=4.1335191278e+03 alpha_d=6.7558086971e-01 alpha_p32q=6.7558088358e-01 alpha_p32n=6.7558072398e-01 rz32q=2.7925264282e+03 rz32n=2.7925261841e+03 alpha_full_q=6.7558087895e-01 alpha_full_n=6.7558066028e-01
  residual=6.121e+04
iter=294 pAp_d=4.7505252682e+03 p8q=6.4000000000e+01 p8n=-1.6000000000e+01 p8q_e2=4.0960000000e+03 p8n_e2=2.5600000000e+02 p16q=4.7360000000e+03 p16n=3.1680000000e+03 p16q_e2=4.7520000000e+03 p16n_e2=3.6920000000e+03 p32q=4.7505251465e+03 p32n=4.7505302734e+03 p64q=4.7505252682e+03 p64n=4.7505252682e+03 alpha_d=6.1953141629e-01 alpha_p32q=6.1953143216e-01 alpha_p32n=6.1953076354e-01 rz32q=2.9430996704e+03 rz32n=2.9430997925e+03 alpha_full_q=6.1953143698e-01 alpha_full_n=6.1953079405e-01
  residual=6.179e+04
iter=295 pAp_d=5.4696526836e+03 p8q=6.4000000000e+01 p8n=-2.4000000000e+01 p8q_e2=4.0960000000e+03 p8n_e2=5.6000000000e+01 p16q=5.5040000000e+03 p16n=3.5680000000e+03 p16q_e2=5.4720000000e+03 p16n_e2=4.3360000000e+03 p32q=5.4696525879e+03 p32n=5.4696589355e+03 p64q=5.4696526836e+03 p64n=5.4696526836e+03 alpha_d=5.4514067883e-01 alpha_p32q=5.4514068837e-01 alpha_p32n=5.4514005572e-01 rz32q=2.9817301636e+03 rz32n=2.9817274170e+03 alpha_full_q=5.4514068593e-01 alpha_full_n=5.4513955114e-01
  residual=6.063e+04
iter=296 pAp_d=6.0407263390e+03 p8q=6.4000000000e+01 p8n=3.2000000000e+01 p8q_e2=4.0960000000e+03 p8n_e2=5.1200000000e+02 p16q=6.0160000000e+03 p16n=4.0160000000e+03 p16q_e2=6.0320000000e+03 p16n_e2=4.4640000000e+03 p32q=6.0407263184e+03 p32n=6.0407365723e+03 p64q=6.0407263390e+03 p64n=6.0407263390e+03 alpha_d=5.2245065996e-01 alpha_p32q=5.2245066174e-01 alpha_p32n=5.2244977490e-01 rz32q=3.1559814453e+03 rz32n=3.1559851685e+03 alpha_full_q=5.2245065891e-01 alpha_full_n=5.2245038841e-01
  residual=5.974e+04
iter=297 pAp_d=5.7779168089e+03 p8q=6.4000000000e+01 p8n=2.4000000000e+01 p8q_e2=4.0960000000e+03 p8n_e2=1.9200000000e+02 p16q=5.7600000000e+03 p16n=3.8720000000e+03 p16q_e2=5.7760000000e+03 p16n_e2=4.2720000000e+03 p32q=5.7779167480e+03 p32n=5.7779238281e+03 p64q=5.7779168089e+03 p64n=5.7779168089e+03 alpha_d=5.2006580545e-01 alpha_p32q=5.2006581093e-01 alpha_p32n=5.2006517365e-01 rz32q=3.0048969727e+03 rz32n=3.0048944092e+03 alpha_full_q=5.2006581328e-01 alpha_full_n=5.2006473234e-01
  residual=5.900e+04
iter=298 pAp_d=5.3635768679e+03 p8q=6.4000000000e+01 p8n=-2.4000000000e+01 p8q_e2=4.0960000000e+03 p8n_e2=1.9200000000e+02 p16q=5.3760000000e+03 p16n=3.6160000000e+03 p16q_e2=5.3600000000e+03 p16n_e2=4.2240000000e+03 p32q=5.3635769043e+03 p32n=5.3635673828e+03 p64q=5.3635768679e+03 p64n=5.3635768679e+03 alpha_d=5.4376962802e-01 alpha_p32q=5.4376962433e-01 alpha_p32n=5.4377058964e-01 rz32q=2.9165501709e+03 rz32n=2.9165477905e+03 alpha_full_q=5.4376961922e-01 alpha_full_n=5.4377014072e-01
  residual=5.857e+04
iter=299 pAp_d=4.0252335459e+03 p8q=6.4000000000e+01 p8n=-6.5000000000e+00 p8q_e2=4.0960000000e+03 p8n_e2=1.9200000000e+02 p16q=4.0320000000e+03 p16n=2.5120000000e+03 p16q_e2=4.0240000000e+03 p16n_e2=2.9520000000e+03 p32q=4.0252335815e+03 p32n=4.0252315674e+03 p64q=4.0252335459e+03 p64n=4.0252335459e+03 alpha_d=6.5623975641e-01 alpha_p32q=6.5623975060e-01 alpha_p32n=6.5624007897e-01 rz32q=2.6415183105e+03 rz32n=2.6415173950e+03 alpha_full_q=6.5623975778e-01 alpha_full_n=6.5623985870e-01
  residual=5.882e+04
