matrix=data/matrices/mhd4800b.mtx n=4800 val_range=2.901e-21/1.667e+00 seed=37
iter=0 pAp_d=2.1565269282e+12 p8q=-6.4000000000e+01 p8n=-8.0000000000e+00 p8q_e2=1.6777216000e+07 p8n_e2=1.6777216000e+07 p16q=2.6843545600e+08 p16n=2.6843545600e+08 p16q_e2=2.1990232556e+12 p16n_e2=1.6492674417e+12 p32q=2.1565265674e+12 p32n=2.1564678472e+12 p64q=2.1565269282e+12 p64n=2.1565269282e+12 alpha_d=2.3064418460e+00 alpha_p32q=2.3064422319e+00 alpha_p32n=2.3065050359e+00 rz32q=4.9739076731e+12 rz32n=4.9741089997e+12 alpha_full_q=2.3064439586e+00 alpha_full_n=2.3066001221e+00
  residual=1.513e+04
iter=1 pAp_d=9.7957002206e+12 p8q=6.4000000000e+01 p8n=3.2000000000e+01 p8q_e2=1.6777216000e+07 p8n_e2=0.0000000000e+00 p16q=2.6843545600e+08 p16n=2.6843545600e+08 p16q_e2=8.7960930222e+12 p16n_e2=4.3980465111e+12 p32q=9.7956795515e+12 p32n=9.7936662856e+12 p64q=9.7957002206e+12 p64n=9.7957002206e+12 alpha_d=1.0948867623e+00 alpha_p32q=1.0948890726e+00 alpha_p32n=1.0951141469e+00 rz32q=1.0725204427e+13 rz32n=1.0720708133e+13 alpha_full_q=1.0948913110e+00 alpha_full_n=1.0946572836e+00
  residual=6.402e+03
iter=2 pAp_d=1.6849546602e+12 p8q=-6.4000000000e+01 p8n=-8.0000000000e+00 p8q_e2=1.6777216000e+07 p8n_e2=0.0000000000e+00 p16q=2.6843545600e+08 p16n=-2.6843545600e+08 p16q_e2=1.6492674417e+12 p16n_e2=9.6207267430e+11 p32q=1.6849525801e+12 p32n=1.6848015852e+12 p64q=1.6849546602e+12 p64n=1.6849546602e+12 alpha_d=1.4102571725e+00 alpha_p32q=1.4102589134e+00 alpha_p32n=1.4103853033e+00 rz32q=2.3762242109e+12 rz32n=2.3748820337e+12 alpha_full_q=1.4102617718e+00 alpha_full_n=1.4095915238e+00
  residual=1.693e+04
iter=3 pAp_d=4.7133500036e+11 p8q=6.4000000000e+01 p8n=6.4000000000e+01 p8q_e2=1.6777216000e+07 p8n_e2=1.6777216000e+07 p16q=2.6843545600e+08 p16n=2.6843545600e+08 p16q_e2=4.8103633715e+11 p16n_e2=3.4359738368e+11 p32q=4.7133491200e+11 p32n=4.7130764902e+11 p64q=4.7133500036e+11 p64n=4.7133500036e+11 alpha_d=5.8742322688e+00 alpha_p32q=5.8742333700e+00 alpha_p32n=5.8745731673e+00 rz32q=2.7687271793e+12 rz32n=2.7683245261e+12 alpha_full_q=5.8742246941e+00 alpha_full_n=5.8737101590e+00
  residual=3.114e+04
iter=4 pAp_d=3.0342649890e+12 p8q=6.4000000000e+01 p8n=6.4000000000e+01 p8q_e2=1.6777216000e+07 p8n_e2=1.6777216000e+07 p16q=2.6843545600e+08 p16n=2.6843545600e+08 p16q_e2=3.2985348833e+12 p16n_e2=1.6492674417e+12 p32q=3.0342601769e+12 p32n=3.0339749642e+12 p64q=3.0342649890e+12 p64n=3.0342649890e+12 alpha_d=1.2059699904e+00 alpha_p32q=1.2059719030e+00 alpha_p32n=1.2060852719e+00 rz32q=3.6592282501e+12 rz32n=3.6582887260e+12 alpha_full_q=1.2059704959e+00 alpha_full_n=1.2057741969e+00
  residual=2.218e+04
iter=5 pAp_d=1.0046232603e+12 p8q=6.4000000000e+01 p8n=6.4000000000e+01 p8q_e2=1.6777216000e+07 p8n_e2=1.6777216000e+07 p16q=2.6843545600e+08 p16n=2.6843545600e+08 p16q_e2=9.6207267430e+11 p16n_e2=5.4975581389e+11 p32q=1.0046238884e+12 p32n=1.0045987226e+12 p64q=1.0046232603e+12 p64n=1.0046232603e+12 alpha_d=1.6269392769e+00 alpha_p32q=1.6269382598e+00 alpha_p32n=1.6269790156e+00 rz32q=1.6344615485e+12 rz32n=1.6343021650e+12 alpha_full_q=1.6269387653e+00 alpha_full_n=1.6268208672e+00
  residual=1.348e+04
iter=6 pAp_d=4.7921068130e+11 p8q=6.4000000000e+01 p8n=6.4000000000e+01 p8q_e2=1.6777216000e+07 p8n_e2=1.6777216000e+07 p16q=2.6843545600e+08 p16n=2.6843545600e+08 p16q_e2=4.8103633715e+11 p16n_e2=2.7487790694e+11 p32q=4.7921076634e+11 p32n=4.7916043469e+11 p64q=4.7921068130e+11 p64n=4.7921068130e+11 alpha_d=6.7458552204e-01 alpha_p32q=6.7458540234e-01 alpha_p32n=6.7465626169e-01 rz32q=3.2326864077e+11 rz32n=3.2321411482e+11 alpha_full_q=6.7458551326e-01 alpha_full_n=6.7454257785e-01
  residual=4.739e+03
iter=7 pAp_d=6.0245314203e+10 p8q=6.4000000000e+01 p8n=6.4000000000e+01 p8q_e2=1.6777216000e+07 p8n_e2=1.6777216000e+07 p16q=2.6843545600e+08 p16n=2.6843545600e+08 p16q_e2=6.0129542144e+10 p16n_e2=4.7244640256e+10 p32q=6.0245278720e+10 p32n=6.0238266368e+10 p64q=6.0245314203e+10 p64n=6.0245314203e+10 alpha_d=1.2010889240e+00 alpha_p32q=1.2010896314e+00 alpha_p32n=1.2012294506e+00 rz32q=7.2359870464e+10 rz32n=7.2357773312e+10 alpha_full_q=1.2010878197e+00 alpha_full_n=1.2011928243e+00
  residual=3.778e+03
iter=8 pAp_d=3.7730153838e+10 p8q=6.4000000000e+01 p8n=3.2000000000e+01 p8q_e2=1.6777216000e+07 p8n_e2=0.0000000000e+00 p16q=2.6843545600e+08 p16n=2.6843545600e+08 p16q_e2=3.8654705664e+10 p16n_e2=2.1474836480e+10 p32q=3.7730123776e+10 p32n=3.7727567872e+10 p64q=3.7730153838e+10 p64n=3.7730153838e+10 alpha_d=1.0091155303e+00 alpha_p32q=1.0091163343e+00 alpha_p32n=1.0091846982e+00 rz32q=3.8074056704e+10 rz32n=3.8068486144e+10 alpha_full_q=1.0091156056e+00 alpha_full_n=1.0090363172e+00
  residual=1.453e+03
iter=9 pAp_d=1.9365272431e+09 p8q=6.4000000000e+01 p8n=6.4000000000e+01 p8q_e2=1.6777216000e+07 p8n_e2=1.6777216000e+07 p16q=2.6843545600e+08 p16n=2.6843545600e+08 p16q_e2=1.9461570560e+09 p16n_e2=1.2750684160e+09 p32q=1.9365273600e+09 p32n=1.9362918400e+09 p64q=1.9365272431e+09 p64n=1.9365272431e+09 alpha_d=2.1869174936e+00 alpha_p32q=2.1869173615e+00 alpha_p32n=2.1871833662e+00 rz32q=4.2350243840e+09 rz32n=4.2347069440e+09 alpha_full_q=2.1869168861e+00 alpha_full_n=2.1870189485e+00
  residual=1.532e+03
iter=10 pAp_d=2.9195900170e+09 p8q=6.4000000000e+01 p8n=6.4000000000e+01 p8q_e2=1.6777216000e+07 p8n_e2=1.6777216000e+07 p16q=2.6843545600e+08 p16n=2.6843545600e+08 p16q_e2=2.9527900160e+09 p16n_e2=2.0803747840e+09 p32q=2.9195898880e+09 p32n=2.9192458240e+09 p64q=2.9195900170e+09 p64n=2.9195900170e+09 alpha_d=1.5407459747e+00 alpha_p32q=1.5407460428e+00 alpha_p32n=1.5409276360e+00 rz32q=4.4983500800e+09 rz32n=4.4979322880e+09 alpha_full_q=1.5407472462e+00 alpha_full_n=1.5407857232e+00
  residual=1.300e+03
iter=11 pAp_d=6.9586222144e+08 p8q=6.4000000000e+01 p8n=5.0000000000e+00 p8q_e2=1.6777216000e+07 p8n_e2=1.0485760000e+06 p16q=2.6843545600e+08 p16n=6.7108864000e+07 p16q_e2=7.0464307200e+08 p16n_e2=5.7042534400e+08 p32q=6.9586227200e+08 p32n=6.9583052800e+08 p64q=6.9586222144e+08 p64n=6.9586222144e+08 alpha_d=2.9630241787e+00 alpha_p32q=2.9630239634e+00 alpha_p32n=2.9631591374e+00 rz32q=2.0618567680e+09 rz32n=2.0616499200e+09 alpha_full_q=2.9630242233e+00 alpha_full_n=2.9628621296e+00
  residual=1.931e+03
iter=12 pAp_d=1.6522605614e+09 p8q=6.4000000000e+01 p8n=6.4000000000e+01 p8q_e2=1.6777216000e+07 p8n_e2=1.6777216000e+07 p16q=2.6843545600e+08 p16n=2.6843545600e+08 p16q_e2=1.6106127360e+09 p16n_e2=1.2750684160e+09 p32q=1.6522608640e+09 p32n=1.6521451520e+09 p64q=1.6522605614e+09 p64n=1.6522605614e+09 alpha_d=1.0361804773e+00 alpha_p32q=1.0361802875e+00 alpha_p32n=1.0362528589e+00 rz32q=1.7120399360e+09 rz32n=1.7119406080e+09 alpha_full_q=1.0361801658e+00 alpha_full_n=1.0361926166e+00
  residual=1.049e+03
iter=13 pAp_d=2.6791082187e+08 p8q=6.4000000000e+01 p8n=8.0000000000e+00 p8q_e2=1.6777216000e+07 p8n_e2=1.0485760000e+06 p16q=2.6843545600e+08 p16n=6.7108864000e+07 p16q_e2=2.6843545600e+08 p16n_e2=2.2229811200e+08 p32q=2.6791084800e+08 p32n=2.6790624000e+08 p64q=2.6791082187e+08 p64n=2.6791082187e+08 alpha_d=1.4170715719e+00 alpha_p32q=1.4170714337e+00 alpha_p32n=1.4170958074e+00 rz32q=3.7964876800e+08 rz32n=3.7960268800e+08 alpha_full_q=1.4170712789e+00 alpha_full_n=1.4169236521e+00
  residual=8.513e+02
iter=14 pAp_d=2.4852296743e+08 p8q=6.4000000000e+01 p8n=6.4000000000e+01 p8q_e2=1.6777216000e+07 p8n_e2=1.6777216000e+07 p16q=2.6843545600e+08 p16n=6.7108864000e+07 p16q_e2=2.4746393600e+08 p16n_e2=2.2229811200e+08 p32q=2.4852294400e+08 p32n=2.4852128000e+08 p64q=2.4852296743e+08 p64n=2.4852296743e+08 alpha_d=7.4642993989e-01 alpha_p32q=7.4643001027e-01 alpha_p32n=7.4643500807e-01 rz32q=1.8550496000e+08 rz32n=1.8550297600e+08 alpha_full_q=7.4642991514e-01 alpha_full_n=7.4642692972e-01
  residual=1.557e+02
iter=15 pAp_d=3.9586752869e+07 p8q=6.4000000000e+01 p8n=6.4000000000e+01 p8q_e2=1.6777216000e+07 p8n_e2=1.6777216000e+07 p16q=3.3554432000e+07 p16n=1.6777216000e+07 p16q_e2=3.9845888000e+07 p16n_e2=3.2505856000e+07 p32q=3.9586752000e+07 p32n=3.9586688000e+07 p64q=3.9586752869e+07 p64n=3.9586752869e+07 alpha_d=9.5094981233e-01 alpha_p32q=9.5094983322e-01 alpha_p32n=9.5095137062e-01 rz32q=3.7645008000e+07 rz32n=3.7644608000e+07 alpha_full_q=9.5094965103e-01 alpha_full_n=9.5094108403e-01
  residual=2.794e+02
iter=16 pAp_d=6.7359954608e+06 p8q=6.4000000000e+01 p8n=6.4000000000e+01 p8q_e2=1.6777216000e+07 p8n_e2=1.0485760000e+06 p16q=6.2914560000e+06 p16n=4.1943040000e+06 p16q_e2=6.7502080000e+06 p16n_e2=5.1773440000e+06 p32q=6.7359960000e+06 p32n=6.7359520000e+06 p64q=6.7359954608e+06 p64n=6.7359954608e+06 alpha_d=1.1238104786e+00 alpha_p32q=1.1238103886e+00 alpha_p32n=1.1238177295e+00 rz32q=7.5699820000e+06 rz32n=7.5699390000e+06 alpha_full_q=1.1238103467e+00 alpha_full_n=1.1238113039e+00
  residual=2.178e+02
iter=17 pAp_d=1.7395523618e+06 p8q=6.4000000000e+01 p8n=6.4000000000e+01 p8q_e2=1.0485760000e+06 p8n_e2=1.0485760000e+06 p16q=2.0971520000e+06 p16n=1.8350080000e+06 p16q_e2=1.7367040000e+06 p16n_e2=1.4417920000e+06 p32q=1.7395525000e+06 p32n=1.7395452500e+06 p64q=1.7395523618e+06 p64n=1.7395523618e+06 alpha_d=1.2217218916e+00 alpha_p32q=1.2217217945e+00 alpha_p32n=1.2217268863e+00 rz32q=2.1252490000e+06 rz32n=2.1252250000e+06 alpha_full_q=1.2217216784e+00 alpha_full_n=1.2217129735e+00
  residual=1.377e+02
iter=18 pAp_d=4.0815831851e+05 p8q=6.4000000000e+01 p8n=6.4000000000e+01 p8q_e2=2.6214400000e+05 p8n_e2=6.5536000000e+04 p16q=4.2598400000e+05 p16n=3.2768000000e+05 p16q_e2=4.0960000000e+05 p16n_e2=3.6044800000e+05 p32q=4.0815831250e+05 p32n=4.0815693750e+05 p64q=4.0815831851e+05 p64n=4.0815831851e+05 alpha_d=9.1258599799e-01 alpha_p32q=9.1258601142e-01 alpha_p32n=9.1258908574e-01 rz32q=3.7247959375e+05 rz32n=3.7247887500e+05 alpha_full_q=9.1258607835e-01 alpha_full_n=9.1258739171e-01
  residual=5.249e+01
iter=19 pAp_d=5.9191997094e+04 p8q=6.4000000000e+01 p8n=6.4000000000e+01 p8q_e2=6.5536000000e+04 p8n_e2=1.6384000000e+04 p16q=5.8368000000e+04 p16n=4.5056000000e+04 p16q_e2=5.9136000000e+04 p16n_e2=5.0688000000e+04 p32q=5.9191998047e+04 p32n=5.9192025391e+04 p64q=5.9191997094e+04 p64n=5.9191997094e+04 alpha_d=1.4006521755e+00 alpha_p32q=1.4006521529e+00 alpha_p32n=1.4006515059e+00 rz32q=8.2907398438e+04 rz32n=8.2906554688e+04 alpha_full_q=1.4006521350e+00 alpha_full_n=1.4006372335e+00
  residual=2.263e+01
iter=20 pAp_d=2.0792949765e+04 p8q=6.4000000000e+01 p8n=6.4000000000e+01 p8q_e2=1.6384000000e+04 p8n_e2=8.1920000000e+03 p16q=2.0992000000e+04 p16n=1.6384000000e+04 p16q_e2=2.0800000000e+04 p16n_e2=1.7280000000e+04 p32q=2.0792950195e+04 p32n=2.0792951172e+04 p64q=2.0792949765e+04 p64n=2.0792949765e+04 alpha_d=8.9391830011e-01 alpha_p32q=8.9391828160e-01 alpha_p32n=8.9391823962e-01 rz32q=1.8587198242e+04 rz32n=1.8587199219e+04 alpha_full_q=8.9391827844e-01 alpha_full_n=8.9391828342e-01
  residual=5.012e+00
iter=21 pAp_d=1.9684987374e+03 p8q=6.4000000000e+01 p8n=3.2000000000e+01 p8q_e2=3.0720000000e+03 p8n_e2=2.0480000000e+03 p16q=1.9200000000e+03 p16n=1.5680000000e+03 p16q_e2=1.9660000000e+03 p16n_e2=1.7420000000e+03 p32q=1.9684987488e+03 p32n=1.9684992676e+03 p64q=1.9684987374e+03 p64n=1.9684987374e+03 alpha_d=1.5843530973e+00 alpha_p32q=1.5843530881e+00 alpha_p32n=1.5843526706e+00 rz32q=3.1187970581e+03 rz32n=3.1187949829e+03 alpha_full_q=1.5843530813e+00 alpha_full_n=1.5843516095e+00
  residual=1.944e+00
iter=22 pAp_d=8.5167969485e+02 p8q=6.4000000000e+01 p8n=2.4000000000e+01 p8q_e2=7.6800000000e+02 p8n_e2=2.5600000000e+02 p16q=8.6400000000e+02 p16n=6.7000000000e+02 p16q_e2=8.5100000000e+02 p16n_e2=7.1100000000e+02 p32q=8.5167970276e+02 p32n=8.5167999268e+02 p64q=8.5167969485e+02 p64n=8.5167969485e+02 alpha_d=9.9126625858e-01 alpha_p32q=9.9126624937e-01 alpha_p32n=9.9126591194e-01 rz32q=8.4424134827e+02 rz32n=8.4424124146e+02 alpha_full_q=9.9126625365e-01 alpha_full_n=9.9126579081e-01
  residual=4.643e-01
iter=23 pAp_d=1.0648824149e+02 p8q=6.4000000000e+01 p8n=6.0000000000e+00 p8q_e2=1.1200000000e+02 p8n_e2=8.0000000000e+01 p16q=1.0725000000e+02 p16n=9.5375000000e+01 p16q_e2=1.0650000000e+02 p16n_e2=9.7062500000e+01 p32q=1.0648824215e+02 p32n=1.0648824978e+02 p64q=1.0648824149e+02 p64n=1.0648824149e+02 alpha_d=1.2876127052e+00 alpha_p32q=1.2876126972e+00 alpha_p32n=1.2876126050e+00 rz32q=1.3711561203e+02 rz32n=1.3711563683e+02 alpha_full_q=1.2876126910e+00 alpha_full_n=1.2876128316e+00
  residual=1.747e-01
iter=24 pAp_d=2.7606155863e+01 p8q=6.4000000000e+01 p8n=7.0000000000e+00 p8q_e2=2.8000000000e+01 p8n_e2=1.4000000000e+01 p16q=2.7546875000e+01 p16n=2.3609375000e+01 p16q_e2=2.7609375000e+01 p16n_e2=2.3671875000e+01 p32q=2.7606155634e+01 p32n=2.7606158495e+01 p64q=2.7606155863e+01 p64n=2.7606155863e+01 alpha_d=1.1933869881e+00 alpha_p32q=1.1933869980e+00 alpha_p32n=1.1933868743e+00 rz32q=3.2944827080e+01 rz32n=3.2944826126e+01 alpha_full_q=1.1933869937e+00 alpha_full_n=1.1933868355e+00
  residual=6.671e-02
iter=25 pAp_d=5.5774504787e+00 p8q=6.4000000000e+01 p8n=8.0000000000e+00 p8q_e2=6.5000000000e+00 p8n_e2=4.5000000000e+00 p16q=5.5859375000e+00 p16n=5.2929687500e+00 p16q_e2=5.5761718750e+00 p16n_e2=5.2792968750e+00 p32q=5.5774504542e+00 p32n=5.5774502456e+00 p64q=5.5774504787e+00 p64n=5.5774504787e+00 alpha_d=1.4026443460e+00 alpha_p32q=1.4026443521e+00 alpha_p32n=1.4026444046e+00 rz32q=7.8231794238e+00 rz32n=7.8231797218e+00 alpha_full_q=1.4026443602e+00 alpha_full_n=1.4026444661e+00
  residual=4.398e-02
iter=26 pAp_d=1.5934284215e+00 p8q=6.4000000000e+01 p8n=8.0000000000e+00 p8q_e2=1.6250000000e+00 p8n_e2=7.5000000000e-01 p16q=1.5881347656e+00 p16n=1.5190429688e+00 p16q_e2=1.5932617188e+00 p16n_e2=1.4702148438e+00 p32q=1.5934284255e+00 p32n=1.5934282318e+00 p64q=1.5934284215e+00 p64n=1.5934284215e+00 alpha_d=1.7177327925e+00 alpha_p32q=1.7177327882e+00 alpha_p32n=1.7177329970e+00 rz32q=2.7370842397e+00 rz32n=2.7370841503e+00 alpha_full_q=1.7177327804e+00 alpha_full_n=1.7177329331e+00
  residual=2.984e-02
iter=27 pAp_d=9.8683636795e-01 p8q=6.4000000000e+01 p8n=8.0000000000e+00 p8q_e2=1.0000000000e+00 p8n_e2=6.2500000000e-01 p16q=9.9609375000e-01 p16n=9.6655273438e-01 p16q_e2=9.8681640625e-01 p16n_e2=9.3603515625e-01 p32q=9.8683636636e-01 p32n=9.8683639616e-01 p64q=9.8683636795e-01 p64n=9.8683636795e-01 alpha_d=2.0474368356e+00 alpha_p32q=2.0474368389e+00 alpha_p32n=2.0474367771e+00 rz32q=2.0204851180e+00 rz32n=2.0204851329e+00 alpha_full_q=2.0474368263e+00 alpha_full_n=2.0474367796e+00
  residual=2.873e-02
iter=28 pAp_d=6.4995234462e-01 p8q=6.4000000000e+01 p8n=8.0000000000e+00 p8q_e2=6.8750000000e-01 p8n_e2=4.0625000000e-01 p16q=6.4636230469e-01 p16n=6.3647460938e-01 p16q_e2=6.4990234375e-01 p16n_e2=6.2744140625e-01 p32q=6.4995233715e-01 p32n=6.4995238557e-01 p64q=6.4995234462e-01 p64n=6.4995234462e-01 alpha_d=1.9669689260e+00 alpha_p32q=1.9669689486e+00 alpha_p32n=1.9669688021e+00 rz32q=1.2784360722e+00 rz32n=1.2784361467e+00 alpha_full_q=1.9669689593e+00 alpha_full_n=1.9669689273e+00
  residual=2.824e-02
iter=29 pAp_d=6.7255958815e-01 p8q=6.4000000000e+01 p8n=8.0000000000e+00 p8q_e2=8.1250000000e-01 p8n_e2=4.0625000000e-01 p16q=6.6870117188e-01 p16n=6.5368652344e-01 p16q_e2=6.7236328125e-01 p16n_e2=6.4575195312e-01 p32q=6.7255958915e-01 p32n=6.7255954817e-01 p64q=6.7255958815e-01 p64n=6.7255958815e-01 alpha_d=1.3398581943e+00 alpha_p32q=1.3398581923e+00 alpha_p32n=1.3398582739e+00 rz32q=9.0113447607e-01 rz32n=9.0113449469e-01 alpha_full_q=1.3398581934e+00 alpha_full_n=1.3398583027e+00
  residual=9.450e-03
iter=30 pAp_d=1.3529739444e-01 p8q=6.4000000000e+01 p8n=8.0000000000e+00 p8q_e2=1.5625000000e-01 p8n_e2=8.5937500000e-02 p16q=1.3775634766e-01 p16n=1.3122558594e-01 p16q_e2=1.3519287109e-01 p16n_e2=1.2884521484e-01 p32q=1.3529739529e-01 p32n=1.3529739901e-01 p64q=1.3529739444e-01 p64n=1.3529739444e-01 alpha_d=1.3366457449e+00 alpha_p32q=1.3366457365e+00 alpha_p32n=1.3366456997e+00 rz32q=1.8084468506e-01 rz32n=1.8084470835e-01 alpha_full_q=1.3366457253e+00 alpha_full_n=1.3366458606e+00
  residual=7.563e-03
iter=31 pAp_d=4.7611777386e-02 p8q=6.4000000000e+01 p8n=8.0000000000e+00 p8q_e2=6.2500000000e-02 p8n_e2=3.9062500000e-02 p16q=4.5715332031e-02 p16n=4.0039062500e-02 p16q_e2=4.7637939453e-02 p16n_e2=4.1992187500e-02 p32q=4.7611777205e-02 p32n=4.7611786053e-02 p64q=4.7611777386e-02 p64n=4.7611777386e-02 alpha_d=1.1765343359e+00 alpha_p32q=1.1765343404e+00 alpha_p32n=1.1765341218e+00 rz32q=5.6016890332e-02 rz32n=5.6016882416e-02 alpha_full_q=1.1765343287e+00 alpha_full_n=1.1765339438e+00
  residual=1.891e-03
iter=32 pAp_d=8.6221979810e-03 p8q=6.4000000000e+01 p8n=8.0000000000e+00 p8q_e2=7.8125000000e-03 p8n_e2=1.9531250000e-03 p16q=8.8195800781e-03 p16n=7.2631835938e-03 p16q_e2=8.6288452148e-03 p16n_e2=7.7819824219e-03 p32q=8.6221979000e-03 p32n=8.6221939418e-03 p64q=8.6221979810e-03 p64n=8.6221979810e-03 alpha_d=1.2252018891e+00 alpha_p32q=1.2252019006e+00 alpha_p32n=1.2252024630e+00 rz32q=1.0563933407e-02 rz32n=1.0563930846e-02 alpha_full_q=1.2252019183e+00 alpha_full_n=1.2252021837e+00
  residual=1.452e-03
iter=33 pAp_d=1.6579855493e-03 p8q=6.4000000000e+01 p8n=8.0000000000e+00 p8q_e2=2.9296875000e-03 p8n_e2=7.3242187500e-04 p16q=1.7051696777e-03 p16n=1.2550354004e-03 p16q_e2=1.6574859619e-03 p16n_e2=1.3198852539e-03 p32q=1.6579855583e-03 p32n=1.6579865769e-03 p64q=1.6579855493e-03 p64n=1.6579855493e-03 alpha_d=1.2108332889e+00 alpha_p32q=1.2108332823e+00 alpha_p32n=1.2108325384e+00 rz32q=2.0075440989e-03 rz32n=2.0075445645e-03 alpha_full_q=1.2108332843e+00 alpha_full_n=1.2108328213e+00
  residual=5.802e-04
iter=34 pAp_d=3.7276417894e-04 p8q=6.4000000000e+01 p8n=8.0000000000e+00 p8q_e2=9.7656250000e-04 p8n_e2=2.4414062500e-04 p16q=3.9291381836e-04 p16n=2.8991699219e-04 p16q_e2=3.7336349487e-04 p16n_e2=3.1232833862e-04 p32q=3.7276418152e-04 p32n=3.7276434159e-04 p64q=3.7276417894e-04 p64n=3.7276417894e-04 alpha_d=1.2166308276e+00 alpha_p32q=1.2166308192e+00 alpha_p32n=1.2166302967e+00 rz32q=4.5351639710e-04 rz32n=4.5351630251e-04 alpha_full_q=1.2166308341e+00 alpha_full_n=1.2166300580e+00
  residual=2.418e-04
iter=35 pAp_d=7.9826202994e-05 p8q=6.4000000000e+01 p8n=8.0000000000e+00 p8q_e2=4.8828125000e-04 p8n_e2=1.2207031250e-04 p16q=8.3923339844e-05 p16n=5.1498413086e-05 p16q_e2=7.9631805420e-05 p16n_e2=5.8650970459e-05 p32q=7.9826204455e-05 p32n=7.9826168076e-05 p64q=7.9826202994e-05 p64n=7.9826202994e-05 alpha_d=1.1857813210e+00 alpha_p32q=1.1857812993e+00 alpha_p32n=1.1857818397e+00 rz32q=9.4656421425e-05 rz32n=9.4656399597e-05 alpha_full_q=1.1857813117e+00 alpha_full_n=1.1857815786e+00
  residual=1.470e-04
iter=36 pAp_d=1.4115146202e-05 p8q=3.2000000000e+01 p8n=8.0000000000e+00 p8q_e2=2.4414062500e-04 p8n_e2=6.1035156250e-05 p16q=1.9550323486e-05 p16n=1.1444091797e-05 p16q_e2=1.4126300812e-05 p16n_e2=1.1026859283e-05 p32q=1.4115144950e-05 p32n=1.4115128579e-05 p64q=1.4115146202e-05 p64n=1.4115146202e-05 alpha_d=1.2726407397e+00 alpha_p32q=1.2726408526e+00 alpha_p32n=1.2726423286e+00 rz32q=1.7963510800e-05 rz32n=1.7963470782e-05 alpha_full_q=1.2726409019e+00 alpha_full_n=1.2726395429e+00
  residual=5.630e-05
iter=37 pAp_d=4.2404233384e-06 p8q=2.4000000000e+01 p8n=8.0000000000e+00 p8q_e2=6.1035156250e-05 p8n_e2=1.5258789062e-05 p16q=7.3909759521e-06 p16n=3.3378601074e-06 p16q_e2=4.2319297791e-06 p16n_e2=3.0547380447e-06 p32q=4.2404235501e-06 p32n=4.2404317355e-06 p64q=4.2404233384e-06 p64n=4.2404233384e-06 alpha_d=1.0924016709e+00 alpha_p32q=1.0924016164e+00 alpha_p32n=1.0923995077e+00 rz32q=4.6322456910e-06 rz32n=4.6322461458e-06 alpha_full_q=1.0924016519e+00 alpha_full_n=1.0923996505e+00
  residual=2.264e-05
iter=38 pAp_d=4.5825699797e-07 p8q=7.5000000000e+00 p8n=4.0000000000e+00 p8q_e2=3.0517578125e-05 p8n_e2=3.8146972656e-06 p16q=1.7881393433e-06 p16n=4.7683715820e-07 p16q_e2=4.5821070671e-07 p16n_e2=3.1292438507e-07 p32q=4.5825697725e-07 p32n=4.5825669304e-07 p64q=4.5825699797e-07 p64n=4.5825699797e-07 alpha_d=1.3339549124e+00 alpha_p32q=1.3339549727e+00 alpha_p32n=1.3339558000e+00 rz32q=6.1129412643e-07 rz32n=6.1129298956e-07 alpha_full_q=1.3339548698e+00 alpha_full_n=1.3339532163e+00
  residual=1.769e-05
iter=39 pAp_d=1.4863294238e-07 p8q=5.5000000000e+00 p8n=3.5000000000e+00 p8q_e2=1.5258789062e-05 p8n_e2=3.8146972656e-06 p16q=1.1920928955e-06 p16n=7.1525573730e-07 p16q_e2=1.4901161194e-07 p16n_e2=1.0803341866e-07 p32q=1.4863294950e-07 p32n=1.4863374531e-07 p64q=1.4863294238e-07 p64n=1.4863294238e-07 alpha_d=1.1473521194e+00 alpha_p32q=1.1473520644e+00 alpha_p32n=1.1473459213e+00 rz32q=1.7053432089e-07 rz32n=1.7053289980e-07 alpha_full_q=1.1473520606e+00 alpha_full_n=1.1473363565e+00
  residual=4.106e-06
iter=40 pAp_d=2.7266733301e-08 p8q=2.6250000000e+00 p8n=2.2500000000e+00 p8q_e2=3.8146972656e-06 p8n_e2=9.5367431641e-07 p16q=4.1723251343e-07 p16n=2.3841857910e-07 p16q_e2=2.7008354664e-08 p16n_e2=1.8626451492e-08 p32q=2.7266736424e-08 p32n=2.7266622737e-08 p64q=2.7266733301e-08 p64n=2.7266733301e-08 alpha_d=1.2133410305e+00 alpha_p32q=1.2133408915e+00 alpha_p32n=1.2133459504e+00 rz32q=3.3083850326e-08 rz32n=3.3083338735e-08 alpha_full_q=1.2133410398e+00 alpha_full_n=1.2133273363e+00
  residual=3.320e-06
iter=41 pAp_d=5.2539106540e-09 p8q=1.7812500000e+00 p8n=1.3125000000e+00 p8q_e2=3.8146972656e-06 p8n_e2=9.5367431641e-07 p16q=2.3841857910e-07 p16n=5.9604644775e-08 p16q_e2=5.2386894822e-09 p16n_e2=3.2596290112e-09 p32q=5.2539110840e-09 p32n=5.2538648987e-09 p64q=5.2539106540e-09 p64n=5.2539106540e-09 alpha_d=1.1377152031e+00 alpha_p32q=1.1377151099e+00 alpha_p32n=1.1377251113e+00 rz32q=5.9774531991e-09 rz32n=5.9773839212e-09 alpha_full_q=1.1377149525e+00 alpha_full_n=1.1377117677e+00
  residual=1.235e-06
iter=42 pAp_d=1.9879086247e-09 p8q=1.6250000000e+00 p8n=1.1875000000e+00 p8q_e2=3.8146972656e-06 p8n_e2=9.5367431641e-07 p16q=1.7881393433e-07 p16n=5.9604644775e-08 p16q_e2=1.9790604711e-09 p16n_e2=1.3969838619e-09 p32q=1.9879085045e-09 p32n=1.9878321211e-09 p64q=1.9879086247e-09 p64n=1.9879086247e-09 alpha_d=9.1771511553e-01 alpha_p32q=9.1771517102e-01 alpha_p32n=9.1775043464e-01 rz32q=1.8243335731e-09 rz32n=1.8242714006e-09 alpha_full_q=9.1771506032e-01 alpha_full_n=9.1771904741e-01
  residual=9.021e-07
iter=43 pAp_d=6.6360372792e-10 p8q=1.3437500000e+00 p8n=1.0625000000e+00 p8q_e2=9.5367431641e-07 p8n_e2=9.5367431641e-07 p16q=8.9406967163e-08 p16n=5.9604644775e-08 p16q_e2=6.6938810050e-10 p16n_e2=3.9290171117e-10 p32q=6.6360383855e-10 p32n=6.6357630502e-10 p64q=6.6360372792e-10 p64n=6.6360372792e-10 alpha_d=8.5767854283e-01 alpha_p32q=8.5767839985e-01 alpha_p32n=8.5771398719e-01 rz32q=5.6915849811e-10 rz32n=5.6911320101e-10 alpha_full_q=8.5767812820e-01 alpha_full_n=8.5764545344e-01
  residual=2.726e-07
iter=44 pAp_d=9.4985508431e-11 p8q=1.0312500000e+00 p8n=9.8437500000e-01 p8q_e2=9.5367431641e-07 p8n_e2=0.0000000000e+00 p16q=2.9802322388e-08 p16n=1.4901161194e-08 p16q_e2=9.4587448984e-11 p16n_e2=4.3655745685e-11 p32q=9.4985463939e-11 p32n=9.4981467136e-11 p64q=9.4985508431e-11 p64n=9.4985508431e-11 alpha_d=1.0920693536e+00 alpha_p32q=1.0920698652e+00 alpha_p32n=1.0921158193e+00 rz32q=1.0373080173e-10 rz32n=1.0372402937e-10 alpha_full_q=1.0920702750e+00 alpha_full_n=1.0920449272e+00
  residual=1.872e-07
iter=45 pAp_d=1.7055851997e-11 p8q=9.8437500000e-01 p8n=1.0000000000e+00 p8q_e2=5.9604644775e-08 p8n_e2=5.9604644775e-08 p16q=1.4901161194e-08 p16n=1.4901161194e-08 p16q_e2=1.6370904632e-11 p16n_e2=9.0949470177e-12 p32q=1.7055856727e-11 p32n=1.7053802814e-11 p64q=1.7055851997e-11 p64n=1.7055851997e-11 alpha_d=1.3055745055e+00 alpha_p32q=1.3055741434e+00 alpha_p32n=1.3057313831e+00 rz32q=2.2267687694e-11 rz32n=2.2265633781e-11 alpha_full_q=1.3055742699e+00 alpha_full_n=1.3056110724e+00
  residual=1.046e-07
iter=46 pAp_d=4.0882029866e-12 p8q=9.2187500000e-01 p8n=9.8437500000e-01 p8q_e2=5.9604644775e-08 p8n_e2=0.0000000000e+00 p16q=3.7252902985e-09 p16n=1.4901161194e-08 p16q_e2=4.5474735089e-12 p16n_e2=1.8189894035e-12 p32q=4.0882019992e-12 p32n=4.0876191321e-12 p64q=4.0882029866e-12 p64n=4.0882029866e-12 alpha_d=1.0976616162e+00 alpha_p32q=1.0976618813e+00 alpha_p32n=1.0978184005e+00 rz32q=4.4874659544e-12 rz32n=4.4858561310e-12 alpha_full_q=1.0976624823e+00 alpha_full_n=1.0974251725e+00
  residual=2.884e-08
iter=47 pAp_d=7.2555188049e-13 p8q=9.2187500000e-01 p8n=1.0000000000e+00 p8q_e2=5.9604644775e-08 p8n_e2=5.9604644775e-08 p16q=3.7252902985e-09 p16n=1.4901161194e-08 p16q_e2=6.8212102633e-13 p16n_e2=1.7053025658e-13 p32q=7.2555156327e-13 p32n=7.2516645466e-13 p64q=7.2555188049e-13 p64n=7.2555188049e-13 alpha_d=1.2561059972e+00 alpha_p32q=1.2561065464e+00 alpha_p32n=1.2567736173e+00 rz32q=9.1137167257e-13 rz32n=9.1096574728e-13 alpha_full_q=1.2561087574e+00 alpha_full_n=1.2562160610e+00
  residual=2.123e-08
iter=48 pAp_d=2.3219857287e-13 p8q=9.5312500000e-01 p8n=1.0000000000e+00 p8q_e2=5.9604644775e-08 p8n_e2=5.9604644775e-08 p16q=3.7252902985e-09 p16n=1.4901161194e-08 p16q_e2=2.2737367544e-13 p16n_e2=1.1368683772e-13 p32q=2.3219794143e-13 p32n=2.3211293998e-13 p64q=2.3219857287e-13 p64n=2.3219857287e-13 alpha_d=9.7931617475e-01 alpha_p32q=9.7931883793e-01 alpha_p32n=9.7967747162e-01 rz32q=2.2739622685e-13 rz32n=2.2727045940e-13 alpha_full_q=9.7932059797e-01 alpha_full_n=9.7913739500e-01
  residual=8.989e-09
iter=49 pAp_d=1.0543895542e-13 p8q=9.3750000000e-01 p8n=1.0000000000e+00 p8q_e2=5.9604644775e-08 p8n_e2=5.9604644775e-08 p16q=3.7252902985e-09 p16n=1.4901161194e-08 p16q_e2=1.1368683772e-13 p16n_e2=5.6843418861e-14 p32q=1.0543909496e-13 p32n=1.0537968068e-13 p64q=1.0543895542e-13 p64n=1.0543895542e-13 alpha_d=8.1619768859e-01 alpha_p32q=8.1619660843e-01 alpha_p32n=8.1665678949e-01 rz32q=8.6059197962e-14 rz32n=8.5994145832e-14 alpha_full_q=8.1619818530e-01 alpha_full_n=8.1604105536e-01
  residual=7.263e-09
iter=50 pAp_d=1.7369711333e-14 p8q=9.2187500000e-01 p8n=1.0000000000e+00 p8q_e2=5.9604644775e-08 p8n_e2=5.9604644775e-08 p16q=3.7252902985e-09 p16n=1.4901161194e-08 p16q_e2=1.4210854715e-14 p16n_e2=7.1054273576e-15 p32q=1.7369786165e-14 p32n=1.7346367398e-14 p64q=1.7369711333e-14 p64n=1.7369711333e-14 alpha_d=9.9729536628e-01 alpha_p32q=9.9729106975e-01 alpha_p32n=9.9863748001e-01 rz32q=1.7322731791e-14 rz32n=1.7305167715e-14 alpha_full_q=9.9729102167e-01 alpha_full_n=9.9762488124e-01
  residual=1.822e-09
iter=51 pAp_d=2.7044856530e-15 p8q=9.3750000000e-01 p8n=1.0000000000e+00 p8q_e2=5.9604644775e-08 p8n_e2=5.9604644775e-08 p16q=3.7252902985e-09 p16n=1.4901161194e-08 p16q_e2=3.5527136788e-15 p16n_e2=2.2204460493e-16 p32q=2.7044881092e-15 p32n=2.6964650131e-15 p64q=2.7044856530e-15 p64n=2.7044856530e-15 alpha_d=1.3025726252e+00 alpha_p32q=1.3025714422e+00 alpha_p32n=1.3064471297e+00 rz32q=3.5227896988e-15 rz32n=3.5117308367e-15 alpha_full_q=1.3025717092e+00 alpha_full_n=1.3023461531e+00
  residual=1.491e-09
iter=52 pAp_d=6.5476717455e-16 p8q=1.0000000000e+00 p8n=1.0000000000e+00 p8q_e2=5.9604644775e-08 p8n_e2=5.9604644775e-08 p16q=3.7252902985e-09 p16n=1.4901161194e-08 p16q_e2=8.8817841970e-16 p16n_e2=1.3877787808e-17 p32q=6.5476324449e-16 p32n=6.5361127968e-16 p64q=6.5476717455e-16 p64n=6.5476717455e-16 alpha_d=1.1434606991e+00 alpha_p32q=1.1434675624e+00 alpha_p32n=1.1454828801e+00 rz32q=7.4869581021e-16 rz32n=7.4671714125e-16 alpha_full_q=1.1434603523e+00 alpha_full_n=1.1424483702e+00
  residual=6.287e-10
iter=53 pAp_d=1.1242327244e-16 p8q=9.3750000000e-01 p8n=1.0000000000e+00 p8q_e2=5.9604644775e-08 p8n_e2=5.9604644775e-08 p16q=3.7252902985e-09 p16n=1.4901161194e-08 p16q_e2=2.2204460493e-16 p16n_e2=1.3877787808e-17 p32q=1.1242498902e-16 p32n=1.1193032178e-16 p64q=1.1242327244e-16 p64n=1.1242327244e-16 alpha_d=1.2111307981e+00 alpha_p32q=1.2111123057e+00 alpha_p32n=1.2164647212e+00 rz32q=1.3616224034e-16 rz32n=1.3501705179e-16 alpha_full_q=1.2111385691e+00 alpha_full_n=1.2062598378e+00
  residual=2.310e-10
iter=54 pAp_d=2.5555195233e-17 p8q=9.3750000000e-01 p8n=1.0000000000e+00 p8q_e2=5.9604644775e-08 p8n_e2=5.9604644775e-08 p16q=3.7252902985e-09 p16n=1.4901161194e-08 p16q_e2=1.3877787808e-17 p16n_e2=1.3877787808e-17 p32q=2.5554984019e-17 p32n=2.5468586658e-17 p64q=2.5555195233e-17 p64n=2.5555195233e-17 alpha_d=1.1969431495e+00 alpha_p32q=1.1969530423e+00 alpha_p32n=1.2010134790e+00 rz32q=3.0588053791e-17 rz32n=3.0423729399e-17 alpha_full_q=1.1969506132e+00 alpha_full_n=1.1945589996e+00
  residual=1.177e-10
iter=55 pAp_d=4.7634705306e-18 p8q=9.3750000000e-01 p8n=1.0000000000e+00 p8q_e2=5.9604644775e-08 p8n_e2=5.9604644775e-08 p16q=3.7252902985e-09 p16n=1.4901161194e-08 p16q_e2=1.3877787808e-17 p16n_e2=1.3877787808e-17 p32q=4.7632897789e-18 p32n=4.6972212090e-18 p64q=4.7634705306e-18 p64n=4.7634705306e-18 alpha_d=1.2021721231e+00 alpha_p32q=1.2022177417e+00 alpha_p32n=1.2191274855e+00 rz32q=5.7263662399e-18 rz32n=5.6463216264e-18 alpha_full_q=1.2021872499e+00 alpha_full_n=1.2020557209e+00
  residual=6.036e-11
iter=56 pAp_d=1.0389713192e-18 p8q=9.2187500000e-01 p8n=1.0000000000e+00 p8q_e2=5.9604644775e-08 p8n_e2=5.9604644775e-08 p16q=3.7252902985e-09 p16n=1.4901161194e-08 p16q_e2=1.3877787808e-17 p16n_e2=1.3877787808e-17 p32q=1.0389917889e-18 p32n=1.0272392068e-18 p64q=1.0389713192e-18 p64n=1.0389713192e-18 alpha_d=1.1829178129e+00 alpha_p32q=1.1828945076e+00 alpha_p32n=1.1964279327e+00 rz32q=1.2290448065e-18 rz32n=1.2103042025e-18 alpha_full_q=1.1829206155e+00 alpha_full_n=1.1782106782e+00
  residual=2.437e-11
iter=57 pAp_d=2.8583079639e-19 p8q=9.8437500000e-01 p8n=1.0000000000e+00 p8q_e2=5.9604644775e-08 p8n_e2=5.9604644775e-08 p16q=3.7252902985e-09 p16n=1.4901161194e-08 p16q_e2=1.3877787808e-17 p16n_e2=1.3877787808e-17 p32q=2.8582068014e-19 p32n=2.8211491099e-19 p64q=2.8583079639e-19 p64n=2.8583079639e-19 alpha_d=1.1866755724e+00 alpha_p32q=1.1867175732e+00 alpha_p32n=1.2023059069e+00 rz32q=3.3918375582e-19 rz32n=3.2843702530e-19 alpha_full_q=1.1867012410e+00 alpha_full_n=1.1641959092e+00
  residual=1.436e-11
iter=58 pAp_d=1.8051537246e-19 p8q=9.3750000000e-01 p8n=1.0000000000e+00 p8q_e2=5.9604644775e-08 p8n_e2=5.9604644775e-08 p16q=3.7252902985e-09 p16n=1.4901161194e-08 p16q_e2=1.3877787808e-17 p16n_e2=1.3877787808e-17 p32q=1.8052389688e-19 p32n=1.7819455628e-19 p64q=1.8051537246e-19 p64n=1.8051537246e-19 alpha_d=8.7851073782e-01 alpha_p32q=8.7846925412e-01 alpha_p32n=8.8995251235e-01 rz32q=1.5858044959e-19 rz32n=1.5580112274e-19 alpha_full_q=8.7844574780e-01 alpha_full_n=8.7433155080e-01
  residual=9.354e-12
iter=59 pAp_d=3.6237619877e-20 p8q=9.3750000000e-01 p8n=1.0000000000e+00 p8q_e2=5.9604644775e-08 p8n_e2=5.9604644775e-08 p16q=3.7252902985e-09 p16n=1.4901161194e-08 p16q_e2=1.3877787808e-17 p16n_e2=1.3877787808e-17 p32q=3.6237128275e-20 p32n=3.4331304143e-20 p64q=3.6237619877e-20 p64n=3.6237619877e-20 alpha_d=1.8187008069e+00 alpha_p32q=1.8187254799e+00 alpha_p32n=1.9196878812e+00 rz32q=6.5909751208e-20 rz32n=6.3183363909e-20 alpha_full_q=1.8188458729e+00 alpha_full_n=1.8404009252e+00
  residual=1.295e-11
iter=60 pAp_d=2.5977783295e-20 p8q=9.5312500000e-01 p8n=1.0000000000e+00 p8q_e2=5.9604644775e-08 p8n_e2=5.9604644775e-08 p16q=3.7252902985e-09 p16n=1.4901161194e-08 p16q_e2=1.3877787808e-17 p16n_e2=1.3877787808e-17 p32q=2.5980088679e-20 p32n=2.4795566042e-20 p64q=2.5977783295e-20 p64n=2.5977783295e-20 alpha_d=2.5773464825e+00 alpha_p32q=2.5771177776e+00 alpha_p32n=2.7002306899e+00 rz32q=6.6955307502e-20 rz32n=6.4427443551e-20 alpha_full_q=2.5771777891e+00 alpha_full_n=2.5983453429e+00
  residual=1.459e-11
iter=61 pAp_d=3.5364901492e-20 p8q=9.6875000000e-01 p8n=1.0000000000e+00 p8q_e2=5.9604644775e-08 p8n_e2=5.9604644775e-08 p16q=3.7252902985e-09 p16n=1.4901161194e-08 p16q_e2=1.3877787808e-17 p16n_e2=1.3877787808e-17 p32q=3.5363625548e-20 p32n=3.3007815163e-20 p64q=3.5364901492e-20 p64n=3.5364901492e-20 alpha_d=2.4636192945e+00 alpha_p32q=2.4637081836e+00 alpha_p32n=2.6395462175e+00 rz32q=8.7125279559e-20 rz32n=8.4412127150e-20 alpha_full_q=2.4636976048e+00 alpha_full_n=2.5573376103e+00
  residual=1.541e-11
iter=62 pAp_d=5.0698280233e-20 p8q=9.3750000000e-01 p8n=1.0000000000e+00 p8q_e2=5.9604644775e-08 p8n_e2=5.9604644775e-08 p16q=3.7252902985e-09 p16n=1.4901161194e-08 p16q_e2=1.3877787808e-17 p16n_e2=1.3877787808e-17 p32q=5.0702862827e-20 p32n=4.8333817553e-20 p64q=5.0698280233e-20 p64n=5.0698280233e-20 alpha_d=1.5991470472e+00 alpha_p32q=1.5990025141e+00 alpha_p32n=1.6773764051e+00 rz32q=8.1076934920e-20 rz32n=7.8893178103e-20 alpha_full_q=1.5990602976e+00 alpha_full_n=1.6322562979e+00
  residual=8.031e-12
iter=63 pAp_d=2.3145102597e-20 p8q=9.5312500000e-01 p8n=1.0000000000e+00 p8q_e2=5.9604644775e-08 p8n_e2=5.9604644775e-08 p16q=3.7252902985e-09 p16n=1.4901161194e-08 p16q_e2=1.3877787808e-17 p16n_e2=1.3877787808e-17 p32q=2.3147822262e-20 p32n=2.2009621739e-20 p64q=2.3145102597e-20 p64n=2.3145102597e-20 alpha_d=1.3279504308e+00 alpha_p32q=1.3277944083e+00 alpha_p32n=1.3964596633e+00 rz32q=3.0731414118e-20 rz32n=2.8680006198e-20 alpha_full_q=1.3276157804e+00 alpha_full_n=1.3030667468e+00
  residual=5.098e-12
iter=64 pAp_d=6.1803679471e-21 p8q=9.5312500000e-01 p8n=1.0000000000e+00 p8q_e2=5.9604644775e-08 p8n_e2=5.9604644775e-08 p16q=3.7252902985e-09 p16n=1.4901161194e-08 p16q_e2=1.3877787808e-17 p16n_e2=1.3877787808e-17 p32q=6.1806935370e-21 p32n=5.9308849920e-21 p64q=6.1803679471e-21 p64n=6.1803679471e-21 alpha_d=1.2429675160e+00 alpha_p32q=1.2429020383e+00 alpha_p32n=1.2952530028e+00 rz32q=7.6828535294e-21 rz32n=7.2692632231e-21 alpha_full_q=1.2430406852e+00 alpha_full_n=1.2256624826e+00
  residual=2.115e-12
iter=65 pAp_d=1.3999179702e-21 p8q=9.3750000000e-01 p8n=1.0000000000e+00 p8q_e2=5.9604644775e-08 p8n_e2=5.9604644775e-08 p16q=3.7252902985e-09 p16n=1.4901161194e-08 p16q_e2=1.3877787808e-17 p16n_e2=1.3877787808e-17 p32q=1.3995895964e-21 p32n=1.2697222403e-21 p64q=1.3999179702e-21 p64n=1.3999179702e-21 alpha_d=1.2445757403e+00 alpha_p32q=1.2448677445e+00 alpha_p32n=1.3721929796e+00 rz32q=1.7420423700e-21 rz32n=1.5848780537e-21 alpha_full_q=1.2446808511e+00 alpha_full_n=1.2482084691e+00
  residual=9.563e-13
iter=66 pAp_d=2.9173394821e-22 p8q=9.5312500000e-01 p8n=1.0000000000e+00 p8q_e2=5.9604644775e-08 p8n_e2=5.9604644775e-08 p16q=3.7252902985e-09 p16n=1.4901161194e-08 p16q_e2=1.3877787808e-17 p16n_e2=1.3877787808e-17 p32q=2.9178796108e-22 p32n=2.5559880928e-22 p64q=2.9173394821e-22 p64n=2.9173394821e-22 alpha_d=1.1413398996e+00 alpha_p32q=1.1411286262e+00 alpha_p32n=1.3026961906e+00 rz32q=3.3294019655e-22 rz32n=2.9261514169e-22 alpha_full_q=1.1410347271e+00 alpha_full_n=1.1448220065e+00
  residual=4.469e-13
iter=67 pAp_d=5.4633649480e-23 p8q=9.5312500000e-01 p8n=1.0000000000e+00 p8q_e2=5.9604644775e-08 p8n_e2=5.9604644775e-08 p16q=3.7252902985e-09 p16n=1.4901161194e-08 p16q_e2=1.3877787808e-17 p16n_e2=1.3877787808e-17 p32q=5.4593920428e-23 p32n=4.7045897339e-23 p64q=5.4633649480e-23 p64n=5.4633649481e-23 alpha_d=1.2981324055e+00 alpha_p32q=1.2990770816e+00 alpha_p32n=1.5075004375e+00 rz32q=7.0930737526e-23 rz32n=5.7592450149e-23 alpha_full_q=1.2992424242e+00 alpha_full_n=1.2241758242e+00
  residual=2.159e-13
iter=68 pAp_d=1.3096714676e-23 p8q=9.2187500000e-01 p8n=1.0000000000e+00 p8q_e2=5.9604644775e-08 p8n_e2=5.9604644775e-08 p16q=3.7252902985e-09 p16n=1.4901161194e-08 p16q_e2=1.3877787808e-17 p16n_e2=1.3877787808e-17 p32q=1.3105642830e-23 p32n=9.9520167448e-24 p64q=1.3096714676e-23 p64n=1.3096714676e-23 alpha_d=1.1301797718e+00 alpha_p32q=1.1294098424e+00 alpha_p32n=1.4873007535e+00 rz32q=1.4811702844e-23 rz32n=1.1347884028e-23 alpha_full_q=1.1301775148e+00 alpha_full_n=1.1402597403e+00
  residual=8.741e-14
iter=69 pAp_d=2.3028743604e-24 p8q=9.5312500000e-01 p8n=9.8437500000e-01 p8q_e2=5.9604644775e-08 p8n_e2=0.0000000000e+00 p16q=3.7252902985e-09 p16n=1.4901161194e-08 p16q_e2=1.3877787808e-17 p16n_e2=0.0000000000e+00 p32q=2.3005960787e-24 p32n=1.8353069841e-24 p64q=2.3028743604e-24 p64n=2.3028743604e-24 alpha_d=1.2269786812e+00 alpha_p32q=1.2281937589e+00 alpha_p32n=1.5395668246e+00 rz32q=2.8240463100e-24 rz32n=2.2165855477e-24 alpha_full_q=1.2275280899e+00 alpha_full_n=1.2077464789e+00
  residual=3.313e-14
iter=70 pAp_d=4.7769418523e-25 p8q=9.3750000000e-01 p8n=1.0000000000e+00 p8q_e2=5.9604644775e-08 p8n_e2=5.9604644775e-08 p16q=3.7252902985e-09 p16n=1.4901161194e-08 p16q_e2=1.3877787808e-17 p16n_e2=1.3877787808e-17 p32q=4.7821379163e-25 p32n=3.3927329812e-25 p64q=4.7769418523e-25 p64n=4.7769418525e-25 alpha_d=1.2299621265e+00 alpha_p32q=1.2286257029e+00 alpha_p32n=1.7317771812e+00 rz32q=5.8807371674e-25 rz32n=4.1682148054e-25 alpha_full_q=1.2297297297e+00 alpha_full_n=1.2285714286e+00
  residual=2.189e-14
iter=71 pAp_d=1.0507648379e-25 p8q=9.5312500000e-01 p8n=1.0000000000e+00 p8q_e2=5.9604644775e-08 p8n_e2=5.9604644775e-08 p16q=3.7252902985e-09 p16n=1.4901161194e-08 p16q_e2=1.3877787808e-17 p16n_e2=1.3877787808e-17 p32q=1.0501316370e-25 p32n=7.6740388860e-26 p64q=1.0507648379e-25 p64n=1.0507648379e-25 alpha_d=1.1879036847e+00 alpha_p32q=1.1886199583e+00 alpha_p32n=1.6265325746e+00 rz32q=1.2520800288e-25 rz32n=8.6433911663e-26 alpha_full_q=1.1923076923e+00 alpha_full_n=1.1263157895e+00
  residual=7.907e-15
iter=72 pAp_d=1.9758447541e-26 p8q=9.2187500000e-01 p8n=1.0000000000e+00 p8q_e2=5.9604644775e-08 p8n_e2=5.9604644775e-08 p16q=3.7252902985e-09 p16n=1.4901161194e-08 p16q_e2=1.3877787808e-17 p16n_e2=1.3877787808e-17 p32q=1.9790942390e-26 p32n=1.2924697071e-26 p64q=1.9758447541e-26 p64n=1.9758447541e-26 alpha_d=1.1918919935e+00 alpha_p32q=1.1899350199e+00 alpha_p32n=1.8220879993e+00 rz32q=2.3627961833e-26 rz32n=1.5348077772e-26 alpha_full_q=1.1938775510e+00 alpha_full_n=1.1875000000e+00
  residual=2.304e-15
iter=73 pAp_d=4.3450685731e-27 p8q=9.2187500000e-01 p8n=1.0000000000e+00 p8q_e2=5.9604644775e-08 p8n_e2=5.9604644775e-08 p16q=3.7252902985e-09 p16n=1.4901161194e-08 p16q_e2=1.3877787808e-17 p16n_e2=1.3877787808e-17 p32q=4.3418904223e-27 p32n=2.8272774843e-27 p64q=4.3450685731e-27 p64n=4.3450685728e-27 alpha_d=1.2462645734e+00 alpha_p32q=1.2471768066e+00 alpha_p32n=1.9153072388e+00 rz32q=5.4021194790e-27 rz32n=3.3321484637e-27 alpha_full_q=1.2441860465e+00 alpha_full_n=1.1785714286e+00
  residual=2.393e-15
iter=74 pAp_d=8.7343702422e-28 p8q=9.6875000000e-01 p8n=1.0000000000e+00 p8q_e2=5.9604644775e-08 p8n_e2=5.9604644775e-08 p16q=3.7252902985e-09 p16n=1.4901161194e-08 p16q_e2=1.3877787808e-17 p16n_e2=1.3877787808e-17 p32q=8.8352421385e-28 p32n=4.9224920486e-28 p64q=8.7343702421e-28 p64n=8.7343702428e-28 alpha_d=1.1514353401e+00 alpha_p32q=1.1382894111e+00 alpha_p32n=2.0430835583e+00 rz32q=1.0097419587e-27 rz32n=5.8060162624e-28 alpha_full_q=1.1428571429e+00 alpha_full_n=1.1794871795e+00
  residual=6.736e-16
iter=75 pAp_d=1.6600536340e-28 p8q=9.3750000000e-01 p8n=1.0000000000e+00 p8q_e2=5.9604644775e-08 p8n_e2=5.9604644775e-08 p16q=3.7252902985e-09 p16n=1.4901161194e-08 p16q_e2=1.3877787808e-17 p16n_e2=1.3877787808e-17 p32q=1.6408306829e-28 p32n=1.0097419587e-28 p64q=1.6600536340e-28 p64n=1.6600536338e-28 alpha_d=1.2720066283e+00 alpha_p32q=1.2869086663e+00 alpha_p32n=2.0912265828e+00 rz32q=2.0825927898e-28 rz32n=1.0097419587e-28 alpha_full_q=1.2692307692e+00 alpha_full_n=1.0000000000e+00
  residual=2.504e-16
iter=76 pAp_d=3.6541833273e-29 p8q=9.3750000000e-01 p8n=1.0000000000e+00 p8q_e2=5.9604644775e-08 p8n_e2=5.9604644775e-08 p16q=3.7252902985e-09 p16n=1.4901161194e-08 p16q_e2=1.3877787808e-17 p16n_e2=1.3877787808e-17 p32q=3.6287601640e-29 p32n=1.8932661725e-29 p64q=3.6541833273e-29 p64n=3.6541833278e-29 alpha_d=1.2142663938e+00 alpha_p32q=1.2227735674e+00 alpha_p32n=2.3436493375e+00 rz32q=4.4176210692e-29 rz32n=2.0510383536e-29 alpha_full_q=1.2173913043e+00 alpha_full_n=1.0833333333e+00
  residual=2.401e-16
iter=77 pAp_d=7.9124321052e-30 p8q=9.5312500000e-01 p8n=9.8437500000e-01 p8q_e2=5.9604644775e-08 p8n_e2=0.0000000000e+00 p16q=3.7252902985e-09 p16n=1.4901161194e-08 p16q_e2=1.3877787808e-17 p16n_e2=0.0000000000e+00 p32q=7.8886090522e-30 p32n=3.9443045261e-30 p64q=7.9124321052e-30 p64n=7.9124321069e-30 alpha_d=1.1512660725e+00 alpha_p32q=1.1547428163e+00 alpha_p32n=2.3094856326e+00 rz32q=9.4663308627e-30 rz32n=4.3387349787e-30 alpha_full_q=1.2000000000e+00 alpha_full_n=1.1000000000e+00
  residual=4.744e-17
iter=78 pAp_d=1.4468114016e-30 p8q=9.2187500000e-01 p8n=9.8437500000e-01 p8q_e2=5.9604644775e-08 p8n_e2=0.0000000000e+00 p16q=3.7252902985e-09 p16n=1.4901161194e-08 p16q_e2=1.3877787808e-17 p16n_e2=0.0000000000e+00 p32q=1.4791141973e-30 p32n=5.9164567892e-31 p64q=1.4468114016e-30 p64n=1.4468114019e-30 alpha_d=1.2491693668e+00 alpha_p32q=1.2218884016e+00 alpha_p32n=3.0547210040e+00 rz32q=1.7749370367e-30 rz32n=6.9025329207e-31 alpha_full_q=1.2000000000e+00 alpha_full_n=1.1666666667e+00
  residual=3.002e-17
iter=79 pAp_d=3.2737571130e-31 p8q=9.6875000000e-01 p8n=1.0000000000e+00 p8q_e2=5.9604644775e-08 p8n_e2=5.9604644775e-08 p16q=3.7252902985e-09 p16n=1.4901161194e-08 p16q_e2=1.3877787808e-17 p16n_e2=1.3877787808e-17 p32q=3.4512664603e-31 p32n=9.8607613153e-32 p64q=3.2737571130e-31 p64n=3.2737571152e-31 alpha_d=1.1859840412e+00 alpha_p32q=1.1249852005e+00 alpha_p32n=3.9374482018e+00 rz32q=3.9443045261e-31 rz32n=9.8607613153e-32 alpha_full_q=1.1428571429e+00 alpha_full_n=1.0000000000e+00
  residual=2.037e-17
iter=80 pAp_d=7.4019130348e-32 p8q=9.2187500000e-01 p8n=9.8437500000e-01 p8q_e2=5.9604644775e-08 p8n_e2=0.0000000000e+00 p16q=3.7252902985e-09 p16n=1.4901161194e-08 p16q_e2=1.3877787808e-17 p16n_e2=0.0000000000e+00 p32q=7.3955709864e-32 p32n=1.8488927466e-32 p64q=7.4019130347e-32 p64n=7.4019130322e-32 alpha_d=1.0785459163e+00 alpha_p32q=1.0794708199e+00 alpha_p32n=4.3178832795e+00 rz32q=7.3955709864e-32 rz32n=1.2325951644e-32 alpha_full_q=1.0000000000e+00 alpha_full_n=6.6666666667e-01
  residual=5.349e-18
iter=81 pAp_d=2.8253367775e-32 p8q=9.8437500000e-01 p8n=1.0000000000e+00 p8q_e2=5.9604644775e-08 p8n_e2=5.9604644775e-08 p16q=3.7252902985e-09 p16n=1.4901161194e-08 p16q_e2=1.3877787808e-17 p16n_e2=1.3877787808e-17 p32q=2.4651903288e-32 p32n=1.2325951644e-32 p64q=2.8253367773e-32 p64n=2.8253367684e-32 alpha_d=8.9501889018e-01 alpha_p32q=1.0257746663e+00 alpha_p32n=2.0515493326e+00 rz32q=2.4651903288e-32 rz32n=1.2325951644e-32 alpha_full_q=1.0000000000e+00 alpha_full_n=1.0000000000e+00
  residual=3.926e-18
iter=82 pAp_d=8.5171945025e-33 p8q=9.0625000000e-01 p8n=1.0000000000e+00 p8q_e2=5.9604644775e-08 p8n_e2=5.9604644775e-08 p16q=3.7252902985e-09 p16n=1.4901161194e-08 p16q_e2=1.3877787808e-17 p16n_e2=1.3877787808e-17 p32q=9.2444637331e-33 p32n=1.5407439555e-33 p64q=8.5171945022e-33 p64n=8.5171945201e-33 alpha_d=9.3190516924e-01 alpha_p32q=8.5859145684e-01 alpha_p32n=5.1515487411e+00 rz32q=9.2444637331e-33 rz32n=3.0814879110e-33 alpha_full_q=1.0000000000e+00 alpha_full_n=2.0000000000e+00
  residual=1.654e-18
iter=83 pAp_d=1.2616308240e-33 p8q=9.5312500000e-01 p8n=1.0000000000e+00 p8q_e2=5.9604644775e-08 p8n_e2=5.9604644775e-08 p16q=3.7252902985e-09 p16n=1.4901161194e-08 p16q_e2=1.3877787808e-17 p16n_e2=1.3877787808e-17 p32q=1.5407439555e-33 p32n=1.9259299444e-34 p64q=1.2616308240e-33 p64n=1.2616308245e-33 alpha_d=1.2278875330e+00 alpha_p32q=1.0054498377e+00 alpha_p32n=8.0435987017e+00 rz32q=1.5407439555e-33 rz32n=7.7037197775e-34 alpha_full_q=1.0000000000e+00 alpha_full_n=4.0000000000e+00
  residual=1.637e-18
iter=84 pAp_d=2.8133692580e-34 p8q=9.2187500000e-01 p8n=1.0000000000e+00 p8q_e2=5.9604644775e-08 p8n_e2=5.9604644775e-08 p16q=3.7252902985e-09 p16n=1.4901161194e-08 p16q_e2=1.3877787808e-17 p16n_e2=1.3877787808e-17 p32q=1.9259299444e-34 p32n=4.8148248610e-35 p64q=2.8133692579e-34 p64n=2.8133692471e-34 alpha_d=1.4517283541e+00 alpha_p32q=2.1206627657e+00 alpha_p32n=8.4826510627e+00 rz32q=3.8518598888e-34 rz32n=4.8148248610e-35 alpha_full_q=2.0000000000e+00 alpha_full_n=1.0000000000e+00
  residual=7.427e-19
iter=85 pAp_d=1.0256759907e-34 p8q=9.2187500000e-01 p8n=1.0000000000e+00 p8q_e2=5.9604644775e-08 p8n_e2=5.9604644775e-08 p16q=3.7252902985e-09 p16n=1.4901161194e-08 p16q_e2=1.3877787808e-17 p16n_e2=1.3877787808e-17 p32q=1.9259299444e-34 p32n=1.2037062152e-35 p64q=1.0256759905e-34 p64n=1.0256759932e-34 alpha_d=1.7432632668e+00 alpha_p32q=9.2839476501e-01 alpha_p32n=1.4854316240e+01 rz32q=1.9259299444e-34 rz32n=1.2037062152e-35 alpha_full_q=1.0000000000e+00 alpha_full_n=1.0000000000e+00
  residual=5.569e-19
iter=86 pAp_d=5.4566070546e-35 p8q=9.6875000000e-01 p8n=1.0000000000e+00 p8q_e2=5.9604644775e-08 p8n_e2=5.9604644775e-08 p16q=3.7252902985e-09 p16n=1.4901161194e-08 p16q_e2=1.3877787808e-17 p16n_e2=1.3877787808e-17 p32q=4.8148248610e-35 p32n=1.2037062152e-35 p64q=5.4566070536e-35 p64n=5.4566070446e-35 alpha_d=2.0730685850e+00 alpha_p32q=2.3493940055e+00 alpha_p32n=9.3975760219e+00 rz32q=1.9259299444e-34 rz32n=1.2037062152e-35 alpha_full_q=4.0000000000e+00 alpha_full_n=1.0000000000e+00
  residual=8.137e-19
iter=87 pAp_d=5.3191668967e-35 p8q=9.5312500000e-01 p8n=1.0000000000e+00 p8q_e2=5.9604644775e-08 p8n_e2=5.9604644775e-08 p16q=3.7252902985e-09 p16n=1.4901161194e-08 p16q_e2=1.3877787808e-17 p16n_e2=1.3877787808e-17 p32q=4.8148248610e-35 p32n=1.2037062152e-35 p64q=5.3191668975e-35 p64n=5.3191668863e-35 alpha_d=1.7257001647e+00 alpha_p32q=1.9064633615e+00 alpha_p32n=7.6258534461e+00 rz32q=4.8148248610e-35 rz32n=1.2037062152e-35 alpha_full_q=1.0000000000e+00 alpha_full_n=1.0000000000e+00
  residual=7.132e-19
iter=88 pAp_d=3.2430724358e-35 p8q=9.3750000000e-01 p8n=1.0000000000e+00 p8q_e2=5.9604644775e-08 p8n_e2=5.9604644775e-08 p16q=3.7252902985e-09 p16n=1.4901161194e-08 p16q_e2=1.3877787808e-17 p16n_e2=1.3877787808e-17 p32q=4.8148248610e-35 p32n=1.2037062152e-35 p64q=3.2430724357e-35 p64n=3.2430724425e-35 alpha_d=1.3551622887e+00 alpha_p32q=9.1278283039e-01 alpha_p32n=3.6511313215e+00 rz32q=4.8148248610e-35 rz32n=1.2037062152e-35 alpha_full_q=1.0000000000e+00 alpha_full_n=1.0000000000e+00
  residual=6.783e-19
iter=89 pAp_d=1.2406622579e-35 p8q=9.5312500000e-01 p8n=1.0000000000e+00 p8q_e2=5.9604644775e-08 p8n_e2=5.9604644775e-08 p16q=3.7252902985e-09 p16n=1.4901161194e-08 p16q_e2=1.3877787808e-17 p16n_e2=1.3877787808e-17 p32q=1.2037062152e-35 p32n=7.5231638453e-37 p64q=1.2406622577e-35 p64n=1.2406622544e-35 alpha_d=1.1834514930e+00 alpha_p32q=1.2197856776e+00 alpha_p32n=1.9516570842e+01 rz32q=1.2037062152e-35 rz32n=7.5231638453e-37 alpha_full_q=1.0000000000e+00 alpha_full_n=1.0000000000e+00
  residual=3.868e-19
iter=90 pAp_d=5.6756279896e-36 p8q=9.5312500000e-01 p8n=1.0000000000e+00 p8q_e2=5.9604644775e-08 p8n_e2=5.9604644775e-08 p16q=3.7252902985e-09 p16n=1.4901161194e-08 p16q_e2=1.3877787808e-17 p16n_e2=1.3877787808e-17 p32q=1.2037062152e-35 p32n=7.5231638453e-37 p64q=5.6756279890e-36 p64n=5.6756279778e-36 alpha_d=8.8757984989e-01 alpha_p32q=4.1850519464e-01 alpha_p32n=6.6960831143e+00 rz32q=1.2037062152e-35 rz32n=7.5231638453e-37 alpha_full_q=1.0000000000e+00 alpha_full_n=1.0000000000e+00
  residual=5.360e-20
iter=91 pAp_d=1.5182522552e-36 p8q=9.2187500000e-01 p8n=1.0000000000e+00 p8q_e2=5.9604644775e-08 p8n_e2=5.9604644775e-08 p16q=3.7252902985e-09 p16n=1.4901161194e-08 p16q_e2=1.3877787808e-17 p16n_e2=1.3877787808e-17 p32q=7.5231638453e-37 p32n=7.5231638453e-37 p64q=1.5182522551e-36 p64n=1.5182522607e-36 alpha_d=8.8822480301e-01 alpha_p32q=1.7925294969e+00 alpha_p32n=1.7925294969e+00 rz32q=7.5231638453e-37 rz32n=7.5231638453e-37 alpha_full_q=1.0000000000e+00 alpha_full_n=1.0000000000e+00
  residual=1.136e-19
iter=92 pAp_d=3.5572147638e-37 p8q=9.5312500000e-01 p8n=1.0000000000e+00 p8q_e2=5.9604644775e-08 p8n_e2=5.9604644775e-08 p16q=3.7252902985e-09 p16n=1.4901161194e-08 p16q_e2=1.3877787808e-17 p16n_e2=1.3877787808e-17 p32q=7.5231638453e-37 p32n=7.5231638453e-37 p64q=3.5572147644e-37 p64n=3.5572147890e-37 alpha_d=1.0020450992e+00 alpha_p32q=4.7380193947e-01 alpha_p32n=4.7380193947e-01 rz32q=7.5231638453e-37 rz32n=7.5231638453e-37 alpha_full_q=1.0000000000e+00 alpha_full_n=1.0000000000e+00
  residual=5.802e-20
iter=93 pAp_d=8.2808928813e-38 p8q=9.2187500000e-01 p8n=1.0000000000e+00 p8q_e2=5.9604644775e-08 p8n_e2=5.9604644775e-08 p16q=3.7252902985e-09 p16n=1.4901161194e-08 p16q_e2=1.3877787808e-17 p16n_e2=1.3877787808e-17 p32q=7.5231638453e-37 p32n=7.5231638453e-37 p64q=8.2808928842e-38 p64n=8.2808927353e-38 alpha_d=1.0783940276e+00 alpha_p32q=1.1870092969e-01 alpha_p32n=1.1870092969e-01 rz32q=7.5231638453e-37 rz32n=7.5231638453e-37 alpha_full_q=1.0000000000e+00 alpha_full_n=1.0000000000e+00
  residual=2.076e-20
iter=94 pAp_d=1.6634041328e-38 p8q=9.3750000000e-01 p8n=1.0000000000e+00 p8q_e2=5.9604644775e-08 p8n_e2=5.9604644775e-08 p16q=3.7252902985e-09 p16n=1.4901161194e-08 p16q_e2=1.3877787808e-17 p16n_e2=1.3877787808e-17 p32q=7.5231638453e-37 p32n=7.5231638453e-37 p64q=1.6634041341e-38 p64n=1.6634040378e-38 alpha_d=1.1258718033e+00 alpha_p32q=2.4893513542e-02 alpha_p32n=2.4893513542e-02 rz32q=7.5231638453e-37 rz32n=7.5231638453e-37 alpha_full_q=1.0000000000e+00 alpha_full_n=1.0000000000e+00
  residual=5.425e-21
iter=95 pAp_d=2.9883894878e-39 p8q=9.5312500000e-01 p8n=9.8437500000e-01 p8q_e2=5.9604644775e-08 p8n_e2=0.0000000000e+00 p16q=3.7252902985e-09 p16n=1.4901161194e-08 p16q_e2=1.3877787808e-17 p16n_e2=0.0000000000e+00 p32q=7.5231638453e-37 p32n=0.0000000000e+00 p64q=2.9883894868e-39 p64n=2.9883895744e-39 alpha_d=1.2276525483e+00 alpha_p32q=4.8765440253e-03 alpha_p32n=0.0000000000e+00 rz32q=7.5231638453e-37 rz32n=7.5231638453e-37 alpha_full_q=1.0000000000e+00 alpha_full_n=0.0000000000e+00
  residual=2.696e-21
iter=96 pAp_d=6.6572407372e-40 p8q=9.2187500000e-01 p8n=1.0000000000e+00 p8q_e2=5.9604644775e-08 p8n_e2=5.9604644775e-08 p16q=3.7252902985e-09 p16n=1.4901161194e-08 p16q_e2=1.3877787808e-17 p16n_e2=1.3877787808e-17 p32q=7.5231638453e-37 p32n=7.5231638453e-37 p64q=6.6572407389e-40 p64n=6.6572411494e-40 alpha_d=1.2171018920e+00 alpha_p32q=1.0770123400e-03 alpha_p32n=1.0770123400e-03 rz32q=7.5231638453e-37 rz32n=7.5231638453e-37 alpha_full_q=1.0000000000e+00 alpha_full_n=1.0000000000e+00
  residual=8.886e-22
iter=97 pAp_d=1.4227802759e-40 p8q=9.6875000000e-01 p8n=9.8437500000e-01 p8q_e2=5.9604644775e-08 p8n_e2=0.0000000000e+00 p16q=3.7252902985e-09 p16n=1.4901161194e-08 p16q_e2=1.3877787808e-17 p16n_e2=0.0000000000e+00 p32q=7.5231638453e-37 p32n=0.0000000000e+00 p64q=1.4227802740e-40 p64n=1.4227804519e-40 alpha_d=1.1400750599e+00 alpha_p32q=2.1561092402e-04 alpha_p32n=0.0000000000e+00 rz32q=7.5231638453e-37 rz32n=7.5231638453e-37 alpha_full_q=1.0000000000e+00 alpha_full_n=0.0000000000e+00
  residual=2.813e-22
iter=98 pAp_d=2.5373638764e-41 p8q=9.2187500000e-01 p8n=1.0000000000e+00 p8q_e2=5.9604644775e-08 p8n_e2=5.9604644775e-08 p16q=3.7252902985e-09 p16n=1.4901161194e-08 p16q_e2=1.3877787808e-17 p16n_e2=1.3877787808e-17 p32q=7.5231638453e-37 p32n=7.5231638453e-37 p64q=2.5373638697e-41 p64n=2.5373633907e-41 alpha_d=1.2776800532e+00 alpha_p32q=4.3092763619e-05 alpha_p32n=4.3092763619e-05 rz32q=7.5231638453e-37 rz32n=7.5231638453e-37 alpha_full_q=1.0000000000e+00 alpha_full_n=1.0000000000e+00
  residual=2.247e-22
iter=99 pAp_d=6.1499073571e-42 p8q=9.2187500000e-01 p8n=9.8437500000e-01 p8q_e2=5.9604644775e-08 p8n_e2=0.0000000000e+00 p16q=3.7252902985e-09 p16n=1.4901161194e-08 p16q_e2=1.3877787808e-17 p16n_e2=0.0000000000e+00 p32q=7.5231638453e-37 p32n=0.0000000000e+00 p64q=6.1499074106e-42 p64n=6.1499084369e-42 alpha_d=1.1827050941e+00 alpha_p32q=9.6681753966e-06 alpha_p32n=0.0000000000e+00 rz32q=7.5231638453e-37 rz32n=7.5231638453e-37 alpha_full_q=1.0000000000e+00 alpha_full_n=0.0000000000e+00
  residual=7.452e-23
iter=100 pAp_d=1.2287842546e-42 p8q=9.5312500000e-01 p8n=1.0000000000e+00 p8q_e2=5.9604644775e-08 p8n_e2=5.9604644775e-08 p16q=3.7252902985e-09 p16n=1.4901161194e-08 p16q_e2=1.3877787808e-17 p16n_e2=1.3877787808e-17 p32q=7.5231638453e-37 p32n=7.5231638453e-37 p64q=1.2287842460e-42 p64n=1.2287841605e-42 alpha_d=1.1877231961e+00 alpha_p32q=1.9399491919e-06 alpha_p32n=1.9399491919e-06 rz32q=7.5231638453e-37 rz32n=7.5231638453e-37 alpha_full_q=1.0000000000e+00 alpha_full_n=1.0000000000e+00
  residual=2.447e-23
iter=101 pAp_d=3.4113669052e-43 p8q=9.2187500000e-01 p8n=9.8437500000e-01 p8q_e2=5.9604644775e-08 p8n_e2=0.0000000000e+00 p16q=3.7252902985e-09 p16n=1.4901161194e-08 p16q_e2=1.3877787808e-17 p16n_e2=0.0000000000e+00 p32q=7.5231638453e-37 p32n=0.0000000000e+00 p64q=3.4113668804e-43 p64n=3.4113685910e-43 alpha_d=1.1690757314e+00 alpha_p32q=5.3011556596e-07 alpha_p32n=0.0000000000e+00 rz32q=7.5231638453e-37 rz32n=7.5231638453e-37 alpha_full_q=1.0000000000e+00 alpha_full_n=0.0000000000e+00
  residual=2.581e-23
iter=102 pAp_d=2.0029922926e-43 p8q=9.5312500000e-01 p8n=1.0000000000e+00 p8q_e2=5.9604644775e-08 p8n_e2=5.9604644775e-08 p16q=3.7252902985e-09 p16n=1.4901161194e-08 p16q_e2=1.3877787808e-17 p16n_e2=1.3877787808e-17 p32q=7.5231638453e-37 p32n=7.5231638453e-37 p64q=2.0029923250e-43 p64n=2.0029927526e-43 alpha_d=9.9076540388e-01 alpha_p32q=2.6378469333e-07 alpha_p32n=2.6378469333e-07 rz32q=7.5231638453e-37 rz32n=7.5231638453e-37 alpha_full_q=1.0000000000e+00 alpha_full_n=1.0000000000e+00
  residual=1.299e-23
iter=103 pAp_d=7.0587732820e-44 p8q=9.2187500000e-01 p8n=9.8437500000e-01 p8q_e2=5.9604644775e-08 p8n_e2=0.0000000000e+00 p16q=3.7252902985e-09 p16n=1.4901161194e-08 p16q_e2=1.3877787808e-17 p16n_e2=0.0000000000e+00 p32q=7.5231638453e-37 p32n=0.0000000000e+00 p64q=7.0587732030e-44 p64n=7.0587796176e-44 alpha_d=1.4173669114e+00 alpha_p32q=1.3298755538e-07 alpha_p32n=0.0000000000e+00 rz32q=7.5231638453e-37 rz32n=7.5231638453e-37 alpha_full_q=1.0000000000e+00 alpha_full_n=0.0000000000e+00
  residual=1.972e-23
iter=104 pAp_d=2.7439690313e-44 p8q=9.8437500000e-01 p8n=1.0000000000e+00 p8q_e2=5.9604644775e-08 p8n_e2=5.9604644775e-08 p16q=3.7252902985e-09 p16n=1.4901161194e-08 p16q_e2=1.3877787808e-17 p16n_e2=1.3877787808e-17 p32q=7.5231638453e-37 p32n=7.5231638453e-37 p64q=2.7439690329e-44 p64n=2.7439647565e-44 alpha_d=2.1578716240e+00 alpha_p32q=7.8705356306e-08 alpha_p32n=7.8705356306e-08 rz32q=7.5231638453e-37 rz32n=7.5231638453e-37 alpha_full_q=1.0000000000e+00 alpha_full_n=1.0000000000e+00
  residual=1.262e-23
iter=105 pAp_d=2.9798369560e-44 p8q=9.3750000000e-01 p8n=1.0000000000e+00 p8q_e2=5.9604644775e-08 p8n_e2=5.9604644775e-08 p16q=3.7252902985e-09 p16n=1.4901161194e-08 p16q_e2=1.3877787808e-17 p16n_e2=1.3877787808e-17 p32q=7.5231638453e-37 p32n=7.5231638453e-37 p64q=2.9798370440e-44 p64n=2.9798381131e-44 alpha_d=1.6519710111e+00 alpha_p32q=6.5432634067e-08 alpha_p32n=6.5432634067e-08 rz32q=7.5231638453e-37 rz32n=7.5231638453e-37 alpha_full_q=1.0000000000e+00 alpha_full_n=1.0000000000e+00
  residual=6.256e-24
iter=106 pAp_d=1.3855149203e-44 p8q=9.5312500000e-01 p8n=1.0000000000e+00 p8q_e2=5.9604644775e-08 p8n_e2=5.9604644775e-08 p16q=3.7252902985e-09 p16n=1.4901161194e-08 p16q_e2=1.3877787808e-17 p16n_e2=1.3877787808e-17 p32q=7.5231638453e-37 p32n=7.5231638453e-37 p64q=1.3855149869e-44 p64n=1.3855132496e-44 alpha_d=1.3736083794e+00 alpha_p32q=2.5297267792e-08 alpha_p32n=2.5297267792e-08 rz32q=7.5231638453e-37 rz32n=7.5231638453e-37 alpha_full_q=1.0000000000e+00 alpha_full_n=1.0000000000e+00
  residual=6.872e-24
iter=107 pAp_d=4.2941860558e-45 p8q=9.5312500000e-01 p8n=1.0000000000e+00 p8q_e2=5.9604644775e-08 p8n_e2=5.9604644775e-08 p16q=3.7252902985e-09 p16n=1.4901161194e-08 p16q_e2=1.3877787808e-17 p16n_e2=1.3877787808e-17 p32q=7.5231638453e-37 p32n=7.5231638453e-37 p64q=4.2941860622e-45 p64n=4.2941747030e-45 alpha_d=1.2626335658e+00 alpha_p32q=7.2070521969e-09 alpha_p32n=7.2070521969e-09 rz32q=7.5231638453e-37 rz32n=7.5231638453e-37 alpha_full_q=1.0000000000e+00 alpha_full_n=1.0000000000e+00
  residual=1.551e-24
iter=108 pAp_d=1.0469495082e-45 p8q=9.0625000000e-01 p8n=1.0000000000e+00 p8q_e2=5.9604644775e-08 p8n_e2=5.9604644775e-08 p16q=3.7252902985e-09 p16n=1.4901161194e-08 p16q_e2=1.3877787808e-17 p16n_e2=1.3877787808e-17 p32q=7.5231638453e-37 p32n=7.5231638453e-37 p64q=1.0469494998e-45 p64n=1.0469471612e-45 alpha_d=1.2337046671e+00 alpha_p32q=1.7168660966e-09 alpha_p32n=1.7168660966e-09 rz32q=7.5231638453e-37 rz32n=7.5231638453e-37 alpha_full_q=1.0000000000e+00 alpha_full_n=1.0000000000e+00
  residual=1.011e-24
iter=109 pAp_d=2.2153775642e-46 p8q=9.5312500000e-01 p8n=1.0000000000e+00 p8q_e2=5.9604644775e-08 p8n_e2=5.9604644775e-08 p16q=3.7252902985e-09 p16n=1.4901161194e-08 p16q_e2=1.3877787808e-17 p16n_e2=1.3877787808e-17 p32q=7.5231638453e-37 p32n=7.5231638453e-37 p64q=2.2153774086e-46 p64n=2.2153703091e-46 alpha_d=1.2009287584e+00 alpha_p32q=3.5364252092e-10 alpha_p32n=3.5364252092e-10 rz32q=7.5231638453e-37 rz32n=7.5231638453e-37 alpha_full_q=1.0000000000e+00 alpha_full_n=1.0000000000e+00
  residual=6.979e-25
iter=110 pAp_d=4.4528969724e-47 p8q=9.2187500000e-01 p8n=1.0000000000e+00 p8q_e2=5.9604644775e-08 p8n_e2=5.9604644775e-08 p16q=3.7252902985e-09 p16n=1.4901161194e-08 p16q_e2=1.3877787808e-17 p16n_e2=1.3877787808e-17 p32q=7.5231638453e-37 p32n=7.5231638453e-37 p64q=4.4528970023e-47 p64n=4.4528970023e-47 alpha_d=1.2051495868e+00 alpha_p32q=7.1331783500e-11 alpha_p32n=7.1331783500e-11 rz32q=7.5231638453e-37 rz32n=7.5231638453e-37 alpha_full_q=1.0000000000e+00 alpha_full_n=1.0000000000e+00
  residual=1.136e-25
iter=111 pAp_d=8.9097998384e-48 p8q=9.0625000000e-01 p8n=1.0000000000e+00 p8q_e2=5.9604644775e-08 p8n_e2=5.9604644775e-08 p16q=3.7252902985e-09 p16n=1.4901161194e-08 p16q_e2=1.3877787808e-17 p16n_e2=1.3877787808e-17 p32q=7.5231638453e-37 p32n=7.5231638453e-37 p64q=8.9098021077e-48 p64n=8.9096141789e-48 alpha_d=1.1920912662e+00 alpha_p32q=1.4118122095e-11 alpha_p32n=1.4118122095e-11 rz32q=7.5231638453e-37 rz32n=7.5231638453e-37 alpha_full_q=1.0000000000e+00 alpha_full_n=1.0000000000e+00
  residual=1.044e-25
iter=112 pAp_d=1.7619620288e-48 p8q=9.5312500000e-01 p8n=1.0000000000e+00 p8q_e2=5.9604644775e-08 p8n_e2=5.9604644775e-08 p16q=3.7252902985e-09 p16n=1.4901161194e-08 p16q_e2=1.3877787808e-17 p16n_e2=1.3877787808e-17 p32q=7.5231638453e-37 p32n=7.5231638453e-37 p64q=1.7619614074e-48 p64n=1.7618726632e-48 alpha_d=1.2439123177e+00 alpha_p32q=2.9133039186e-12 alpha_p32n=2.9133039186e-12 rz32q=7.5231638453e-37 rz32n=7.5231638453e-37 alpha_full_q=1.0000000000e+00 alpha_full_n=1.0000000000e+00
  residual=5.953e-26
iter=113 pAp_d=3.9818948440e-49 p8q=9.0625000000e-01 p8n=1.0000000000e+00 p8q_e2=5.9604644775e-08 p8n_e2=5.9604644775e-08 p16q=3.7252902985e-09 p16n=1.4901161194e-08 p16q_e2=1.3877787808e-17 p16n_e2=1.3877787808e-17 p32q=7.5231638453e-37 p32n=7.5231638453e-37 p64q=3.9818973937e-49 p64n=3.9817146852e-49 alpha_d=1.1756101024e+00 alpha_p32q=6.2223233490e-13 alpha_p32n=6.2223233490e-13 rz32q=7.5231638453e-37 rz32n=7.5231638453e-37 alpha_full_q=1.0000000000e+00 alpha_full_n=1.0000000000e+00
  residual=1.188e-26
iter=114 pAp_d=7.4256971283e-50 p8q=9.5312500000e-01 p8n=1.0000000000e+00 p8q_e2=5.9604644775e-08 p8n_e2=5.9604644775e-08 p16q=3.7252902985e-09 p16n=1.4901161194e-08 p16q_e2=1.3877787808e-17 p16n_e2=1.3877787808e-17 p32q=7.5231638453e-37 p32n=7.5231638453e-37 p64q=7.4256986050e-50 p64n=7.4253723398e-50 alpha_d=1.2308555435e+00 alpha_p32q=1.2149091344e-13 alpha_p32n=1.2149091344e-13 rz32q=7.5231638453e-37 rz32n=7.5231638453e-37 alpha_full_q=1.0000000000e+00 alpha_full_n=1.0000000000e+00
  residual=1.141e-26
iter=115 pAp_d=1.6598602958e-50 p8q=9.2187500000e-01 p8n=1.0000000000e+00 p8q_e2=5.9604644775e-08 p8n_e2=5.9604644775e-08 p16q=3.7252902985e-09 p16n=1.4901161194e-08 p16q_e2=1.3877787808e-17 p16n_e2=1.3877787808e-17 p32q=7.5231638453e-37 p32n=7.5231638453e-37 p64q=1.6598620891e-50 p64n=1.6595521371e-50 alpha_d=1.3032150762e+00 alpha_p32q=2.8753261345e-14 alpha_p32n=2.8753261345e-14 rz32q=7.5231638453e-37 rz32n=7.5231638453e-37 alpha_full_q=1.0000000000e+00 alpha_full_n=1.0000000000e+00
  residual=5.813e-27
iter=116 pAp_d=4.2240357945e-51 p8q=9.2187500000e-01 p8n=1.0000000000e+00 p8q_e2=5.9604644775e-08 p8n_e2=5.9604644775e-08 p16q=3.7252902985e-09 p16n=1.4901161194e-08 p16q_e2=1.3877787808e-17 p16n_e2=1.3877787808e-17 p32q=7.5231638453e-37 p32n=7.5231638453e-37 p64q=4.2240334979e-51 p64n=4.2234625338e-51 alpha_d=1.5444414273e+00 alpha_p32q=8.6715855267e-15 alpha_p32n=8.6715855267e-15 rz32q=7.5231638453e-37 rz32n=7.5231638453e-37 alpha_full_q=1.0000000000e+00 alpha_full_n=1.0000000000e+00
  residual=2.351e-27
iter=117 pAp_d=1.4066464066e-51 p8q=9.6875000000e-01 p8n=1.0000000000e+00 p8q_e2=5.9604644775e-08 p8n_e2=5.9604644775e-08 p16q=3.7252902985e-09 p16n=1.4901161194e-08 p16q_e2=1.3877787808e-17 p16n_e2=1.3877787808e-17 p32q=7.5231638453e-37 p32n=7.5231638453e-37 p64q=1.4066415317e-51 p64n=1.4057748897e-51 alpha_d=2.4167967382e+00 alpha_p32q=4.5188148459e-15 alpha_p32n=4.5188148459e-15 rz32q=7.5231638453e-37 rz32n=7.5231638453e-37 alpha_full_q=1.0000000000e+00 alpha_full_n=1.0000000000e+00
  residual=5.169e-27
iter=118 pAp_d=1.5597463075e-51 p8q=9.3750000000e-01 p8n=1.0000000000e+00 p8q_e2=5.9604644775e-08 p8n_e2=5.9604644775e-08 p16q=3.7252902985e-09 p16n=1.4901161194e-08 p16q_e2=1.3877787808e-17 p16n_e2=1.3877787808e-17 p32q=7.5231638453e-37 p32n=7.5231638453e-37 p64q=1.5597414878e-51 p64n=1.5587015174e-51 alpha_d=2.7399653360e+00 alpha_p32q=5.6806563084e-15 alpha_p32n=5.6806563084e-15 rz32q=7.5231638453e-37 rz32n=7.5231638453e-37 alpha_full_q=1.0000000000e+00 alpha_full_n=1.0000000000e+00
  residual=5.257e-27
iter=119 pAp_d=2.6736762505e-51 p8q=9.5312500000e-01 p8n=1.0000000000e+00 p8q_e2=5.9604644775e-08 p8n_e2=5.9604644775e-08 p16q=3.7252902985e-09 p16n=1.4901161194e-08 p16q_e2=1.3877787808e-17 p16n_e2=1.3877787808e-17 p32q=7.5231638453e-37 p32n=7.5231638453e-37 p64q=2.6736721352e-51 p64n=2.6726627522e-51 alpha_d=2.0839842943e+00 alpha_p32q=7.4063245580e-15 alpha_p32n=7.4063245580e-15 rz32q=7.5231638453e-37 rz32n=7.5231638453e-37 alpha_full_q=1.0000000000e+00 alpha_full_n=1.0000000000e+00
  residual=3.006e-27
iter=120 pAp_d=3.1121453502e-51 p8q=9.5312500000e-01 p8n=1.0000000000e+00 p8q_e2=5.9604644775e-08 p8n_e2=5.9604644775e-08 p16q=3.7252902985e-09 p16n=1.4901161194e-08 p16q_e2=1.3877787808e-17 p16n_e2=1.3877787808e-17 p32q=7.5231638453e-37 p32n=7.5231638453e-37 p64q=3.1121420081e-51 p64n=3.1110612546e-51 alpha_d=1.3220203254e+00 alpha_p32q=5.4688685413e-15 alpha_p32n=5.4688685413e-15 rz32q=7.5231638453e-37 rz32n=7.5231638453e-37 alpha_full_q=1.0000000000e+00 alpha_full_n=1.0000000000e+00
  residual=2.828e-27
iter=121 pAp_d=2.2210043983e-51 p8q=9.3750000000e-01 p8n=1.0000000000e+00 p8q_e2=5.9604644775e-08 p8n_e2=5.9604644775e-08 p16q=3.7252902985e-09 p16n=1.4901161194e-08 p16q_e2=1.3877787808e-17 p16n_e2=1.3877787808e-17 p32q=7.5231638453e-37 p32n=7.5231638453e-37 p64q=2.2209995294e-51 p64n=2.2197760348e-51 alpha_d=8.7541592241e-01 alpha_p32q=2.5844214668e-15 alpha_p32n=2.5844214668e-15 rz32q=7.5231638453e-37 rz32n=7.5231638453e-37 alpha_full_q=1.0000000000e+00 alpha_full_n=1.0000000000e+00
  residual=1.113e-27
iter=122 pAp_d=5.6983458989e-52 p8q=9.3750000000e-01 p8n=1.0000000000e+00 p8q_e2=5.9604644775e-08 p8n_e2=5.9604644775e-08 p16q=3.7252902985e-09 p16n=1.4901161194e-08 p16q_e2=1.3877787808e-17 p16n_e2=1.3877787808e-17 p32q=7.5231638453e-37 p32n=7.5231638453e-37 p64q=5.6983495740e-52 p64n=5.6954182849e-52 alpha_d=1.0234927037e+00 alpha_p32q=7.7523440543e-16 alpha_p32n=7.7523440543e-16 rz32q=7.5231638453e-37 rz32n=7.5231638453e-37 alpha_full_q=1.0000000000e+00 alpha_full_n=1.0000000000e+00
  residual=8.832e-28
iter=123 pAp_d=1.0642316325e-52 p8q=9.3750000000e-01 p8n=1.0000000000e+00 p8q_e2=5.9604644775e-08 p8n_e2=5.9604644775e-08 p16q=3.7252902985e-09 p16n=1.4901161194e-08 p16q_e2=1.3877787808e-17 p16n_e2=1.3877787808e-17 p32q=7.5231638453e-37 p32n=7.5231638453e-37 p64q=1.0642363756e-52 p64n=1.0628217100e-52 alpha_d=1.1780798408e+00 alpha_p32q=1.6665193768e-16 alpha_p32n=1.6665193768e-16 rz32q=7.5231638453e-37 rz32n=7.5231638453e-37 alpha_full_q=1.0000000000e+00 alpha_full_n=1.0000000000e+00
  residual=3.142e-28
iter=124 pAp_d=2.1923780234e-53 p8q=9.8437500000e-01 p8n=1.0000000000e+00 p8q_e2=5.9604644775e-08 p8n_e2=5.9604644775e-08 p16q=3.7252902985e-09 p16n=1.4901161194e-08 p16q_e2=1.3877787808e-17 p16n_e2=1.3877787808e-17 p32q=7.5231638453e-37 p32n=7.5231638453e-37 p64q=2.1923812263e-53 p64n=2.1892906280e-53 alpha_d=1.1720071079e+00 alpha_p32q=3.4154282419e-17 alpha_p32n=3.4154282419e-17 rz32q=7.5231638453e-37 rz32n=7.5231638453e-37 alpha_full_q=1.0000000000e+00 alpha_full_n=1.0000000000e+00
  residual=1.432e-28
iter=125 pAp_d=4.1163560839e-54 p8q=9.0625000000e-01 p8n=1.0000000000e+00 p8q_e2=5.9604644775e-08 p8n_e2=5.9604644775e-08 p16q=3.7252902985e-09 p16n=1.4901161194e-08 p16q_e2=1.3877787808e-17 p16n_e2=1.3877787808e-17 p32q=7.5231638453e-37 p32n=7.5231638453e-37 p64q=4.1163901892e-54 p64n=4.1082654204e-54 alpha_d=1.1966067861e+00 alpha_p32q=6.5473246698e-18 alpha_p32n=6.5473246698e-18 rz32q=7.5231638453e-37 rz32n=7.5231638453e-37 alpha_full_q=1.0000000000e+00 alpha_full_n=1.0000000000e+00
  residual=8.365e-29
iter=126 pAp_d=8.5049860867e-55 p8q=9.3750000000e-01 p8n=1.0000000000e+00 p8q_e2=5.9604644775e-08 p8n_e2=5.9604644775e-08 p16q=3.7252902985e-09 p16n=1.4901161194e-08 p16q_e2=1.3877787808e-17 p16n_e2=1.3877787808e-17 p32q=7.5231638453e-37 p32n=7.5231638453e-37 p64q=8.5049203041e-55 p64n=8.4786342875e-55 alpha_d=1.2322494011e+00 alpha_p32q=1.3930660328e-18 alpha_p32n=1.3930660328e-18 rz32q=7.5231638453e-37 rz32n=7.5231638453e-37 alpha_full_q=1.0000000000e+00 alpha_full_n=1.0000000000e+00
  residual=2.735e-29
iter=127 pAp_d=1.8299656945e-55 p8q=9.5312500000e-01 p8n=1.0000000000e+00 p8q_e2=5.9604644775e-08 p8n_e2=5.9604644775e-08 p16q=3.7252902985e-09 p16n=1.4901161194e-08 p16q_e2=1.3877787808e-17 p16n_e2=1.3877787808e-17 p32q=7.5231638453e-37 p32n=7.5231638453e-37 p64q=1.8299647647e-55 p64n=1.8194105308e-55 alpha_d=1.1900733858e+00 alpha_p32q=2.8947840494e-19 alpha_p32n=2.8947840494e-19 rz32q=7.5231638453e-37 rz32n=7.5231638453e-37 alpha_full_q=1.0000000000e+00 alpha_full_n=1.0000000000e+00
  residual=1.404e-29
iter=128 pAp_d=3.6420479295e-56 p8q=9.2187500000e-01 p8n=1.0000000000e+00 p8q_e2=5.9604644775e-08 p8n_e2=5.9604644775e-08 p16q=3.7252902985e-09 p16n=1.4901161194e-08 p16q_e2=1.3877787808e-17 p16n_e2=1.3877787808e-17 p32q=7.5231638453e-37 p32n=7.5231638453e-37 p64q=3.6419574612e-56 p64n=3.6076064169e-56 alpha_d=1.2067861907e+00 alpha_p32q=5.8421871936e-20 alpha_p32n=5.8421871936e-20 rz32q=7.5231638453e-37 rz32n=7.5231638453e-37 alpha_full_q=1.0000000000e+00 alpha_full_n=1.0000000000e+00
  residual=7.872e-30
iter=129 pAp_d=7.6087003950e-57 p8q=9.6875000000e-01 p8n=1.0000000000e+00 p8q_e2=5.9604644775e-08 p8n_e2=5.9604644775e-08 p16q=3.7252902985e-09 p16n=1.4901161194e-08 p16q_e2=1.3877787808e-17 p16n_e2=1.3877787808e-17 p32q=7.5231638453e-37 p32n=7.5231638453e-37 p64q=7.6088807802e-57 p64n=7.5298484862e-57 alpha_d=1.2025668384e+00 alpha_p32q=1.2162397319e-20 alpha_p32n=1.2162397319e-20 rz32q=7.5231638453e-37 rz32n=7.5231638453e-37 alpha_full_q=1.0000000000e+00 alpha_full_n=1.0000000000e+00
  residual=2.057e-30
iter=130 pAp_d=1.7456351615e-57 p8q=9.2187500000e-01 p8n=1.0000000000e+00 p8q_e2=5.9604644775e-08 p8n_e2=5.9604644775e-08 p16q=3.7252902985e-09 p16n=1.4901161194e-08 p16q_e2=1.3877787808e-17 p16n_e2=1.3877787808e-17 p32q=7.5231638453e-37 p32n=7.5231638453e-37 p64q=1.7455557854e-57 p64n=1.7079065430e-57 alpha_d=1.0799237434e+00 alpha_p32q=2.5057979554e-21 alpha_p32n=2.5057979554e-21 rz32q=7.5231638453e-37 rz32n=7.5231638453e-37 alpha_full_q=1.0000000000e+00 alpha_full_n=1.0000000000e+00
  residual=1.456e-30
iter=131 pAp_d=6.5811687671e-58 p8q=9.5312500000e-01 p8n=1.0000000000e+00 p8q_e2=5.9604644775e-08 p8n_e2=5.9604644775e-08 p16q=3.7252902985e-09 p16n=1.4901161194e-08 p16q_e2=1.3877787808e-17 p16n_e2=1.3877787808e-17 p32q=7.5231638453e-37 p32n=7.5231638453e-37 p64q=6.5808386563e-58 p64n=6.5232757650e-58 alpha_d=8.3282263371e-01 alpha_p32q=7.2854272727e-22 alpha_p32n=7.2854272727e-22 rz32q=7.5231638453e-37 rz32n=7.5231638453e-37 alpha_full_q=1.0000000000e+00 alpha_full_n=1.0000000000e+00
  residual=4.767e-31
iter=132 pAp_d=1.8187673478e-58 p8q=9.0625000000e-01 p8n=1.0000000000e+00 p8q_e2=5.9604644775e-08 p8n_e2=5.9604644775e-08 p16q=3.7252902985e-09 p16n=1.4901161194e-08 p16q_e2=1.3877787808e-17 p16n_e2=1.3877787808e-17 p32q=7.5231638453e-37 p32n=7.5231638453e-37 p64q=1.8186762150e-58 p64n=1.7653916466e-58 alpha_d=9.4912271568e-01 alpha_p32q=2.2945577683e-22 alpha_p32n=2.2945577683e-22 rz32q=7.5231638453e-37 rz32n=7.5231638453e-37 alpha_full_q=1.0000000000e+00 alpha_full_n=1.0000000000e+00
  residual=4.792e-31
iter=133 pAp_d=3.0923868633e-59 p8q=9.3750000000e-01 p8n=9.8437500000e-01 p8q_e2=5.9604644775e-08 p8n_e2=0.0000000000e+00 p16q=3.7252902985e-09 p16n=1.4901161194e-08 p16q_e2=1.3877787808e-17 p16n_e2=0.0000000000e+00 p32q=7.5231638453e-37 p32n=0.0000000000e+00 p64q=3.0920607162e-59 p64n=2.9423194111e-59 alpha_d=1.1506413951e+00 alpha_p32q=4.7296967179e-23 alpha_p32n=0.0000000000e+00 rz32q=7.5231638453e-37 rz32n=7.5231638453e-37 alpha_full_q=1.0000000000e+00 alpha_full_n=0.0000000000e+00
  residual=1.655e-31
iter=134 pAp_d=5.8179849328e-60 p8q=9.2187500000e-01 p8n=1.0000000000e+00 p8q_e2=5.9604644775e-08 p8n_e2=5.9604644775e-08 p16q=3.7252902985e-09 p16n=1.4901161194e-08 p16q_e2=1.3877787808e-17 p16n_e2=1.3877787808e-17 p32q=7.5231638453e-37 p32n=7.5231638453e-37 p64q=5.8194916309e-60 p64n=5.3187333703e-60 alpha_d=1.1826949033e+00 alpha_p32q=9.1462864147e-24 alpha_p32n=9.1462864147e-24 rz32q=7.5231638453e-37 rz32n=7.5231638453e-37 alpha_full_q=1.0000000000e+00 alpha_full_n=1.0000000000e+00
  residual=5.943e-32
iter=135 pAp_d=1.2120324352e-60 p8q=9.5312500000e-01 p8n=1.0000000000e+00 p8q_e2=5.9604644775e-08 p8n_e2=5.9604644775e-08 p16q=3.7252902985e-09 p16n=1.4901161194e-08 p16q_e2=1.3877787808e-17 p16n_e2=1.3877787808e-17 p32q=7.5231638453e-37 p32n=7.5231638453e-37 p64q=1.2117863734e-60 p64n=1.1181980577e-60 alpha_d=1.2238298236e+00 alpha_p32q=1.9716723865e-24 alpha_p32n=1.9716723865e-24 rz32q=7.5231638453e-37 rz32n=7.5231638453e-37 alpha_full_q=1.0000000000e+00 alpha_full_n=1.0000000000e+00
  residual=4.939e-32
iter=136 pAp_d=2.5823898948e-61 p8q=9.3750000000e-01 p8n=1.0000000000e+00 p8q_e2=5.9604644775e-08 p8n_e2=5.9604644775e-08 p16q=3.7252902985e-09 p16n=1.4901161194e-08 p16q_e2=1.3877787808e-17 p16n_e2=1.3877787808e-17 p32q=7.5231638453e-37 p32n=7.5231638453e-37 p64q=2.5827944268e-61 p64n=2.1118142667e-61 alpha_d=1.1740206699e+00 alpha_p32q=4.0299256757e-25 alpha_p32n=4.0299256757e-25 rz32q=7.5231638453e-37 rz32n=7.5231638453e-37 alpha_full_q=1.0000000000e+00 alpha_full_n=1.0000000000e+00
  residual=1.192e-32
iter=137 pAp_d=4.6399671522e-62 p8q=9.0625000000e-01 p8n=1.0000000000e+00 p8q_e2=5.9604644775e-08 p8n_e2=5.9604644775e-08 p16q=3.7252902985e-09 p16n=1.4901161194e-08 p16q_e2=1.3877787808e-17 p16n_e2=1.3877787808e-17 p32q=7.5231638453e-37 p32n=7.5231638453e-37 p64q=4.6414335141e-62 p64n=3.7374554647e-62 alpha_d=1.2281225812e+00 alpha_p32q=7.5745371932e-26 alpha_p32n=7.5745371932e-26 rz32q=7.5231638453e-37 rz32n=7.5231638453e-37 alpha_full_q=1.0000000000e+00 alpha_full_n=1.0000000000e+00
  residual=6.721e-33
iter=138 pAp_d=1.0311880183e-62 p8q=9.3750000000e-01 p8n=1.0000000000e+00 p8q_e2=5.9604644775e-08 p8n_e2=5.9604644775e-08 p16q=3.7252902985e-09 p16n=1.4901161194e-08 p16q_e2=1.3877787808e-17 p16n_e2=1.3877787808e-17 p32q=7.5231638453e-37 p32n=7.5231638453e-37 p64q=1.0293195436e-62 p64n=8.1851793968e-63 alpha_d=1.2013226870e+00 alpha_p32q=1.6466337653e-26 alpha_p32n=1.6466337653e-26 rz32q=7.5231638453e-37 rz32n=7.5231638453e-37 alpha_full_q=1.0000000000e+00 alpha_full_n=1.0000000000e+00
  residual=4.092e-33
iter=139 pAp_d=2.1191883625e-63 p8q=9.3750000000e-01 p8n=1.0000000000e+00 p8q_e2=5.9604644775e-08 p8n_e2=5.9604644775e-08 p16q=3.7252902985e-09 p16n=1.4901161194e-08 p16q_e2=1.3877787808e-17 p16n_e2=1.3877787808e-17 p32q=7.5231638453e-37 p32n=7.5231638453e-37 p64q=2.1175116073e-63 p64n=1.5477775426e-63 alpha_d=1.1952328828e+00 alpha_p32q=3.3668329813e-27 alpha_p32n=3.3668329813e-27 rz32q=7.5231638453e-37 rz32n=7.5231638453e-37 alpha_full_q=1.0000000000e+00 alpha_full_n=1.0000000000e+00
  residual=8.762e-34
iter=140 pAp_d=4.1237097925e-64 p8q=9.0625000000e-01 p8n=1.0000000000e+00 p8q_e2=5.9604644775e-08 p8n_e2=5.9604644775e-08 p16q=3.7252902985e-09 p16n=1.4901161194e-08 p16q_e2=1.3877787808e-17 p16n_e2=1.3877787808e-17 p32q=7.5231638453e-37 p32n=7.5231638453e-37 p64q=4.1305719694e-64 p64n=3.0148427593e-64 alpha_d=1.2007339730e+00 alpha_p32q=6.5816437662e-28 alpha_p32n=6.5816437662e-28 rz32q=7.5231638453e-37 rz32n=7.5231638453e-37 alpha_full_q=1.0000000000e+00 alpha_full_n=1.0000000000e+00
  residual=7.176e-34
iter=141 pAp_d=8.4958648022e-65 p8q=9.6875000000e-01 p8n=1.0000000000e+00 p8q_e2=5.9604644775e-08 p8n_e2=5.9604644775e-08 p16q=3.7252902985e-09 p16n=1.4901161194e-08 p16q_e2=1.3877787808e-17 p16n_e2=1.3877787808e-17 p32q=7.5231638453e-37 p32n=7.5231638453e-37 p64q=8.5460109712e-65 p64n=5.7566879459e-65 alpha_d=1.1992106291e+00 alpha_p32q=1.3542615292e-28 alpha_p32n=1.3542615292e-28 rz32q=7.5231638453e-37 rz32n=7.5231638453e-37 alpha_full_q=1.0000000000e+00 alpha_full_n=1.0000000000e+00
  residual=3.242e-34
iter=142 pAp_d=1.6793062554e-65 p8q=8.9062500000e-01 p8n=1.0000000000e+00 p8q_e2=5.9604644775e-08 p8n_e2=5.9604644775e-08 p16q=3.7252902985e-09 p16n=1.4901161194e-08 p16q_e2=1.3877787808e-17 p16n_e2=1.3877787808e-17 p32q=7.5231638453e-37 p32n=7.5231638453e-37 p64q=1.6765611801e-65 p64n=1.1275986698e-65 alpha_d=1.2062790474e+00 alpha_p32q=2.6926330353e-29 alpha_p32n=2.6926330353e-29 rz32q=7.5231638453e-37 rz32n=7.5231638453e-37 alpha_full_q=1.0000000000e+00 alpha_full_n=1.0000000000e+00
  residual=8.361e-35
iter=143 pAp_d=3.7762305192e-66 p8q=9.3750000000e-01 p8n=1.0000000000e+00 p8q_e2=5.9604644775e-08 p8n_e2=5.9604644775e-08 p16q=3.7252902985e-09 p16n=1.4901161194e-08 p16q_e2=1.3877787808e-17 p16n_e2=1.3877787808e-17 p32q=7.5231638453e-37 p32n=7.5231638453e-37 p64q=3.7833902737e-66 p64n=2.4480760595e-66 alpha_d=1.2082538283e+00 alpha_p32q=6.0647954440e-30 alpha_p32n=6.0647954440e-30 rz32q=7.5231638453e-37 rz32n=7.5231638453e-37 alpha_full_q=1.0000000000e+00 alpha_full_n=1.0000000000e+00
  residual=7.582e-35
iter=144 pAp_d=1.1920321189e-66 p8q=9.3750000000e-01 p8n=1.0000000000e+00 p8q_e2=5.9604644775e-08 p8n_e2=5.9604644775e-08 p16q=3.7252902985e-09 p16n=1.4901161194e-08 p16q_e2=1.3877787808e-17 p16n_e2=1.3877787808e-17 p32q=7.5231638453e-37 p32n=7.5231638453e-37 p64q=1.1869459682e-66 p64n=8.9020947616e-67 alpha_d=9.3211381967e-01 alpha_p32q=1.4769180021e-30 alpha_p32n=1.4769180021e-30 rz32q=7.5231638453e-37 rz32n=7.5231638453e-37 alpha_full_q=1.0000000000e+00 alpha_full_n=1.0000000000e+00
  residual=2.110e-35
iter=145 pAp_d=4.4091198496e-67 p8q=9.5312500000e-01 p8n=1.0000000000e+00 p8q_e2=5.9604644775e-08 p8n_e2=5.9604644775e-08 p16q=3.7252902985e-09 p16n=1.4901161194e-08 p16q_e2=1.3877787808e-17 p16n_e2=1.3877787808e-17 p32q=7.5231638453e-37 p32n=7.5231638453e-37 p64q=4.4510473808e-67 p64n=3.3382855356e-67 alpha_d=8.0519817607e-01 alpha_p32q=4.7190455160e-31 alpha_p32n=4.7190455160e-31 rz32q=7.5231638453e-37 rz32n=7.5231638453e-37 alpha_full_q=1.0000000000e+00 alpha_full_n=1.0000000000e+00
  residual=1.997e-35
iter=146 pAp_d=7.5105032297e-68 p8q=8.9062500000e-01 p8n=1.0000000000e+00 p8q_e2=5.9604644775e-08 p8n_e2=5.9604644775e-08 p16q=3.7252902985e-09 p16n=1.4901161194e-08 p16q_e2=1.3877787808e-17 p16n_e2=1.3877787808e-17 p32q=7.5231638453e-37 p32n=7.5231638453e-37 p64q=7.4184123014e-68 p64n=3.9410315351e-68 alpha_d=1.0794473331e+00 alpha_p32q=1.0776307479e-31 alpha_p32n=1.0776307479e-31 rz32q=7.5231638453e-37 rz32n=7.5231638453e-37 alpha_full_q=1.0000000000e+00 alpha_full_n=1.0000000000e+00
  residual=6.531e-36
iter=147 pAp_d=1.3202960566e-68 p8q=9.3750000000e-01 p8n=1.0000000000e+00 p8q_e2=5.9604644775e-08 p8n_e2=5.9604644775e-08 p16q=3.7252902985e-09 p16n=1.4901161194e-08 p16q_e2=1.3877787808e-17 p16n_e2=1.3877787808e-17 p32q=7.5231638453e-37 p32n=7.5231638453e-37 p64q=1.2750396143e-68 p64n=5.7956346104e-69 alpha_d=1.2300005393e+00 alpha_p32q=2.1586195583e-32 alpha_p32n=2.1586195583e-32 rz32q=7.5231638453e-37 rz32n=7.5231638453e-37 alpha_full_q=1.0000000000e+00 alpha_full_n=1.0000000000e+00
  residual=3.662e-36
iter=148 pAp_d=2.9967773537e-69 p8q=9.3750000000e-01 p8n=1.0000000000e+00 p8q_e2=5.9604644775e-08 p8n_e2=5.9604644775e-08 p16q=3.7252902985e-09 p16n=1.4901161194e-08 p16q_e2=1.3877787808e-17 p16n_e2=1.3877787808e-17 p32q=7.5231638453e-37 p32n=7.5231638453e-37 p64q=2.8978173052e-69 p64n=1.0142360568e-69 alpha_d=1.1434568812e+00 alpha_p32q=4.5548465475e-33 alpha_p32n=4.5548465475e-33 rz32q=7.5231638453e-37 rz32n=7.5231638453e-37 alpha_full_q=1.0000000000e+00 alpha_full_n=1.0000000000e+00
  residual=1.748e-36
iter=149 pAp_d=5.2646980297e-70 p8q=9.3750000000e-01 p8n=9.8437500000e-01 p8q_e2=5.9604644775e-08 p8n_e2=0.0000000000e+00 p16q=3.7252902985e-09 p16n=1.4901161194e-08 p16q_e2=1.3877787808e-17 p16n_e2=0.0000000000e+00 p32q=7.5231638453e-37 p32n=0.0000000000e+00 p64q=5.0711802841e-70 p64n=1.8111358158e-70 alpha_d=1.2454506518e+00 alpha_p32q=8.7156437470e-34 alpha_p32n=0.0000000000e+00 rz32q=7.5231638453e-37 rz32n=7.5231638453e-37 alpha_full_q=1.0000000000e+00 alpha_full_n=0.0000000000e+00
  residual=6.214e-37
iter=150 pAp_d=1.1895805126e-70 p8q=9.3750000000e-01 p8n=1.0000000000e+00 p8q_e2=5.9604644775e-08 p8n_e2=5.9604644775e-08 p16q=3.7252902985e-09 p16n=1.4901161194e-08 p16q_e2=1.3877787808e-17 p16n_e2=1.3877787808e-17 p32q=7.5231638453e-37 p32n=7.5231638453e-37 p64q=1.0866814895e-70 p64n=3.6222716315e-71 alpha_d=1.2169314484e+00 alpha_p32q=1.9242408725e-34 alpha_p32n=1.9242408725e-34 rz32q=7.5231638453e-37 rz32n=7.5231638453e-37 alpha_full_q=1.0000000000e+00 alpha_full_n=1.0000000000e+00
  residual=3.281e-37
iter=151 pAp_d=2.4991646352e-71 p8q=9.2187500000e-01 p8n=1.0000000000e+00 p8q_e2=5.9604644775e-08 p8n_e2=5.9604644775e-08 p16q=3.7252902985e-09 p16n=1.4901161194e-08 p16q_e2=1.3877787808e-17 p16n_e2=1.3877787808e-17 p32q=7.5231638453e-37 p32n=7.5231638453e-37 p64q=2.7167037236e-71 p64n=9.0556790788e-72 alpha_d=1.1689411725e+00 alpha_p32q=3.8831753490e-35 alpha_p32n=3.8831753490e-35 rz32q=7.5231638453e-37 rz32n=7.5231638453e-37 alpha_full_q=1.0000000000e+00 alpha_full_n=1.0000000000e+00
  residual=1.656e-37
iter=152 pAp_d=4.7043265590e-72 p8q=9.5312500000e-01 p8n=1.0000000000e+00 p8q_e2=5.9604644775e-08 p8n_e2=5.9604644775e-08 p16q=3.7252902985e-09 p16n=1.4901161194e-08 p16q_e2=1.3877787808e-17 p16n_e2=1.3877787808e-17 p32q=7.5231638453e-37 p32n=7.5231638453e-37 p64q=4.5278395394e-72 p64n=2.2639197697e-72 alpha_d=1.1965183678e+00 alpha_p32q=7.4819760033e-36 alpha_p32n=7.4819760033e-36 rz32q=7.5231638453e-37 rz32n=7.5231638453e-37 alpha_full_q=1.0000000000e+00 alpha_full_n=1.0000000000e+00
  residual=5.404e-38
iter=153 pAp_d=9.2448019956e-73 p8q=9.5312500000e-01 p8n=1.0000000000e+00 p8q_e2=5.9604644775e-08 p8n_e2=5.9604644775e-08 p16q=3.7252902985e-09 p16n=1.4901161194e-08 p16q_e2=1.3877787808e-17 p16n_e2=1.3877787808e-17 p32q=7.5231638453e-37 p32n=7.5231638453e-37 p64q=1.1319598849e-72 p64n=1.4149498561e-73 alpha_d=1.2197796768e+00 alpha_p32q=1.4989201116e-36 alpha_p32n=1.4989201116e-36 rz32q=7.5231638453e-37 rz32n=7.5231638453e-37 alpha_full_q=1.0000000000e+00 alpha_full_n=1.0000000000e+00
  residual=2.971e-38
iter=154 pAp_d=1.9377714803e-73 p8q=9.2187500000e-01 p8n=1.0000000000e+00 p8q_e2=5.9604644775e-08 p8n_e2=5.9604644775e-08 p16q=3.7252902985e-09 p16n=1.4901161194e-08 p16q_e2=1.3877787808e-17 p16n_e2=1.3877787808e-17 p32q=7.5231638453e-37 p32n=7.5231638453e-37 p64q=1.4149498561e-73 p64n=3.5373746402e-74 alpha_d=1.1928917589e+00 alpha_p32q=3.0725791396e-37 alpha_p32n=3.0725791396e-37 rz32q=7.5231638453e-37 rz32n=7.5231638453e-37 alpha_full_q=1.0000000000e+00 alpha_full_n=1.0000000000e+00
  residual=1.550e-38
iter=155 pAp_d=3.9198066206e-74 p8q=9.5312500000e-01 p8n=1.0000000000e+00 p8q_e2=5.9604644775e-08 p8n_e2=5.9604644775e-08 p16q=3.7252902985e-09 p16n=1.4901161194e-08 p16q_e2=1.3877787808e-17 p16n_e2=1.3877787808e-17 p32q=7.5231638453e-37 p32n=7.5231638453e-37 p64q=3.5373746402e-74 p64n=2.2108591501e-75 alpha_d=1.2353635935e+00 alpha_p32q=6.4366355594e-38 alpha_p32n=6.4366355594e-38 rz32q=7.5231638453e-37 rz32n=7.5231638453e-37 alpha_full_q=1.0000000000e+00 alpha_full_n=1.0000000000e+00
  residual=7.684e-39
iter=156 pAp_d=8.8491064094e-75 p8q=9.3750000000e-01 p8n=9.8437500000e-01 p8q_e2=5.9604644775e-08 p8n_e2=0.0000000000e+00 p16q=3.7252902985e-09 p16n=1.4901161194e-08 p16q_e2=1.3877787808e-17 p16n_e2=0.0000000000e+00 p32q=7.5231638453e-37 p32n=0.0000000000e+00 p64q=3.5373746402e-74 p64n=0.0000000000e+00 alpha_d=1.1586187268e+00 alpha_p32q=1.3628229575e-38 alpha_p32n=0.0000000000e+00 rz32q=7.5231638453e-37 rz32n=7.5231638453e-37 alpha_full_q=1.0000000000e+00 alpha_full_n=0.0000000000e+00
  residual=6.620e-39
iter=157 pAp_d=1.8265728251e-75 p8q=9.5312500000e-01 p8n=1.0000000000e+00 p8q_e2=5.9604644775e-08 p8n_e2=5.9604644775e-08 p16q=3.7252902985e-09 p16n=1.4901161194e-08 p16q_e2=1.3877787808e-17 p16n_e2=1.3877787808e-17 p32q=7.5231638453e-37 p32n=7.5231638453e-37 p64q=2.2108591501e-75 p64n=2.2108591501e-75 alpha_d=1.1617208384e+00 alpha_p32q=2.8205788914e-39 alpha_p32n=2.8205788914e-39 rz32q=7.5231638453e-37 rz32n=7.5231638453e-37 alpha_full_q=1.0000000000e+00 alpha_full_n=1.0000000000e+00
  residual=4.018e-39
iter=158 pAp_d=4.1451810624e-76 p8q=9.3750000000e-01 p8n=1.0000000000e+00 p8q_e2=5.9604644775e-08 p8n_e2=5.9604644775e-08 p16q=3.7252902985e-09 p16n=1.4901161194e-08 p16q_e2=1.3877787808e-17 p16n_e2=1.3877787808e-17 p32q=7.5231638453e-37 p32n=7.5231638453e-37 p64q=2.2108591501e-75 p64n=2.2108591501e-75 alpha_d=1.1266736559e+00 alpha_p32q=6.2078487160e-40 alpha_p32n=6.2078487160e-40 rz32q=7.5231638453e-37 rz32n=7.5231638453e-37 alpha_full_q=1.0000000000e+00 alpha_full_n=1.0000000000e+00
  residual=2.271e-39
iter=159 pAp_d=1.1974422588e-76 p8q=9.2187500000e-01 p8n=1.0000000000e+00 p8q_e2=5.9604644775e-08 p8n_e2=5.9604644775e-08 p16q=3.7252902985e-09 p16n=1.4901161194e-08 p16q_e2=1.3877787808e-17 p16n_e2=1.3877787808e-17 p32q=7.5231638453e-37 p32n=7.5231638453e-37 p64q=2.2108591501e-75 p64n=2.2108591501e-75 alpha_d=1.0279867252e+00 alpha_p32q=1.6362195101e-40 alpha_p32n=1.6362195101e-40 rz32q=7.5231638453e-37 rz32n=7.5231638453e-37 alpha_full_q=1.0000000000e+00 alpha_full_n=1.0000000000e+00
  residual=8.130e-40
iter=160 pAp_d=3.0896724877e-77 p8q=9.5312500000e-01 p8n=9.8437500000e-01 p8q_e2=5.9604644775e-08 p8n_e2=0.0000000000e+00 p16q=3.7252902985e-09 p16n=1.4901161194e-08 p16q_e2=1.3877787808e-17 p16n_e2=0.0000000000e+00 p32q=7.5231638453e-37 p32n=0.0000000000e+00 p64q=2.2108591501e-75 p64n=0.0000000000e+00 alpha_d=9.9938045938e-01 alpha_p32q=4.1043347900e-41 alpha_p32n=0.0000000000e+00 rz32q=7.5231638453e-37 rz32n=7.5231638453e-37 alpha_full_q=1.0000000000e+00 alpha_full_n=0.0000000000e+00
  residual=1.285e-40
iter=161 pAp_d=9.7948614971e-78 p8q=9.5312500000e-01 p8n=1.0000000000e+00 p8q_e2=5.9604644775e-08 p8n_e2=5.9604644775e-08 p16q=3.7252902985e-09 p16n=1.4901161194e-08 p16q_e2=1.3877787808e-17 p16n_e2=1.3877787808e-17 p32q=7.5231638453e-37 p32n=7.5231638453e-37 p64q=2.2108591501e-75 p64n=2.2108591501e-75 alpha_d=9.4617607314e-01 alpha_p32q=1.2318837897e-41 alpha_p32n=1.2318837897e-41 rz32q=7.5231638453e-37 rz32n=7.5231638453e-37 alpha_full_q=1.0000000000e+00 alpha_full_n=1.0000000000e+00
  residual=2.542e-40
iter=162 pAp_d=2.8675195993e-78 p8q=9.3750000000e-01 p8n=1.0000000000e+00 p8q_e2=5.9604644775e-08 p8n_e2=5.9604644775e-08 p16q=3.7252902985e-09 p16n=1.4901161194e-08 p16q_e2=1.3877787808e-17 p16n_e2=1.3877787808e-17 p32q=7.5231638453e-37 p32n=7.5231638453e-37 p64q=2.2108591501e-75 p64n=2.2108591501e-75 alpha_d=1.1204277618e+00 alpha_p32q=4.2706082607e-42 alpha_p32n=4.2706082607e-42 rz32q=7.5231638453e-37 rz32n=7.5231638453e-37 alpha_full_q=1.0000000000e+00 alpha_full_n=1.0000000000e+00
  residual=1.507e-40
iter=163 pAp_d=7.7380425211e-79 p8q=9.3750000000e-01 p8n=1.0000000000e+00 p8q_e2=5.9604644775e-08 p8n_e2=5.9604644775e-08 p16q=3.7252902985e-09 p16n=1.4901161194e-08 p16q_e2=1.3877787808e-17 p16n_e2=1.3877787808e-17 p32q=7.5231638453e-37 p32n=7.5231638453e-37 p64q=2.2108591501e-75 p64n=2.2108591501e-75 alpha_d=1.5586477635e+00 alpha_p32q=1.6031662898e-42 alpha_p32n=1.6031662898e-42 rz32q=7.5231638453e-37 rz32n=7.5231638453e-37 alpha_full_q=1.0000000000e+00 alpha_full_n=1.0000000000e+00
  residual=1.073e-40
iter=164 pAp_d=3.6628014901e-79 p8q=9.3750000000e-01 p8n=1.0000000000e+00 p8q_e2=5.9604644775e-08 p8n_e2=5.9604644775e-08 p16q=3.7252902985e-09 p16n=1.4901161194e-08 p16q_e2=1.3877787808e-17 p16n_e2=1.3877787808e-17 p32q=7.5231638453e-37 p32n=7.5231638453e-37 p64q=2.2108591501e-75 p64n=2.2108591501e-75 alpha_d=2.0411781191e+00 alpha_p32q=9.9378804052e-43 alpha_p32n=9.9378804052e-43 rz32q=7.5231638453e-37 rz32n=7.5231638453e-37 alpha_full_q=1.0000000000e+00 alpha_full_n=1.0000000000e+00
  residual=6.276e-41
iter=165 pAp_d=3.3596555070e-79 p8q=9.3750000000e-01 p8n=1.0000000000e+00 p8q_e2=5.9604644775e-08 p8n_e2=5.9604644775e-08 p16q=3.7252902985e-09 p16n=1.4901161194e-08 p16q_e2=1.3877787808e-17 p16n_e2=1.3877787808e-17 p32q=7.5231638453e-37 p32n=7.5231638453e-37 p64q=2.2108591501e-75 p64n=2.2108591501e-75 alpha_d=1.8228652273e+00 alpha_p32q=8.1404570277e-43 alpha_p32n=8.1404570277e-43 rz32q=7.5231638453e-37 rz32n=7.5231638453e-37 alpha_full_q=1.0000000000e+00 alpha_full_n=1.0000000000e+00
  residual=2.429e-41
iter=166 pAp_d=2.1398948186e-79 p8q=9.5312500000e-01 p8n=1.0000000000e+00 p8q_e2=5.9604644775e-08 p8n_e2=5.9604644775e-08 p16q=3.7252902985e-09 p16n=1.4901161194e-08 p16q_e2=1.3877787808e-17 p16n_e2=1.3877787808e-17 p32q=7.5231638453e-37 p32n=7.5231638453e-37 p64q=2.2108591501e-75 p64n=2.2108591501e-75 alpha_d=1.4346404178e+00 alpha_p32q=4.0807028264e-43 alpha_p32n=4.0807028264e-43 rz32q=7.5231638453e-37 rz32n=7.5231638453e-37 alpha_full_q=1.0000000000e+00 alpha_full_n=1.0000000000e+00
  residual=2.225e-41
iter=167 pAp_d=7.4230863526e-80 p8q=9.3750000000e-01 p8n=1.0000000000e+00 p8q_e2=5.9604644775e-08 p8n_e2=5.9604644775e-08 p16q=3.7252902985e-09 p16n=1.4901161194e-08 p16q_e2=1.3877787808e-17 p16n_e2=1.3877787808e-17 p32q=7.5231638453e-37 p32n=7.5231638453e-37 p64q=2.2108591501e-75 p64n=2.2108591501e-75 alpha_d=1.2910000798e+00 alpha_p32q=1.2738264473e-43 alpha_p32n=1.2738264473e-43 rz32q=7.5231638453e-37 rz32n=7.5231638453e-37 alpha_full_q=1.0000000000e+00 alpha_full_n=1.0000000000e+00
  residual=5.734e-42
iter=168 pAp_d=1.8735375325e-80 p8q=9.0625000000e-01 p8n=1.0000000000e+00 p8q_e2=5.9604644775e-08 p8n_e2=5.9604644775e-08 p16q=3.7252902985e-09 p16n=1.4901161194e-08 p16q_e2=1.3877787808e-17 p16n_e2=1.3877787808e-17 p32q=7.5231638453e-37 p32n=7.5231638453e-37 p64q=2.2108591501e-75 p64n=2.2108591501e-75 alpha_d=1.2317103798e+00 alpha_p32q=3.0674004623e-44 alpha_p32n=3.0674004623e-44 rz32q=7.5231638453e-37 rz32n=7.5231638453e-37 alpha_full_q=1.0000000000e+00 alpha_full_n=1.0000000000e+00
  residual=3.749e-42
iter=169 pAp_d=4.1610896679e-81 p8q=9.5312500000e-01 p8n=9.8437500000e-01 p8q_e2=5.9604644775e-08 p8n_e2=0.0000000000e+00 p16q=3.7252902985e-09 p16n=1.4901161194e-08 p16q_e2=1.3877787808e-17 p16n_e2=0.0000000000e+00 p32q=7.5231638453e-37 p32n=0.0000000000e+00 p64q=2.2108591501e-75 p64n=0.0000000000e+00 alpha_d=1.2052394903e+00 alpha_p32q=6.6662240695e-45 alpha_p32n=0.0000000000e+00 rz32q=7.5231638453e-37 rz32n=7.5231638453e-37 alpha_full_q=1.0000000000e+00 alpha_full_n=0.0000000000e+00
  residual=2.121e-42
iter=170 pAp_d=8.3243736094e-82 p8q=9.2187500000e-01 p8n=1.0000000000e+00 p8q_e2=5.9604644775e-08 p8n_e2=5.9604644775e-08 p16q=3.7252902985e-09 p16n=1.4901161194e-08 p16q_e2=1.3877787808e-17 p16n_e2=1.3877787808e-17 p32q=7.5231638453e-37 p32n=7.5231638453e-37 p64q=2.2108591501e-75 p64n=2.2108591501e-75 alpha_d=1.2543947179e+00 alpha_p32q=1.3879865573e-45 alpha_p32n=1.3879865573e-45 rz32q=7.5231638453e-37 rz32n=7.5231638453e-37 alpha_full_q=1.0000000000e+00 alpha_full_n=1.0000000000e+00
  residual=5.553e-43
iter=171 pAp_d=1.8587907796e-82 p8q=9.3750000000e-01 p8n=9.8437500000e-01 p8q_e2=5.9604644775e-08 p8n_e2=0.0000000000e+00 p16q=3.7252902985e-09 p16n=1.4901161194e-08 p16q_e2=1.3877787808e-17 p16n_e2=0.0000000000e+00 p32q=7.5231638453e-37 p32n=0.0000000000e+00 p64q=2.2108591501e-75 p64n=0.0000000000e+00 alpha_d=1.3565283894e+00 alpha_p32q=3.3516516645e-46 alpha_p32n=0.0000000000e+00 rz32q=7.5231638453e-37 rz32n=7.5231638453e-37 alpha_full_q=1.0000000000e+00 alpha_full_n=0.0000000000e+00
  residual=4.832e-43
iter=172 pAp_d=5.4547200959e-83 p8q=9.5312500000e-01 p8n=1.0000000000e+00 p8q_e2=5.9604644775e-08 p8n_e2=5.9604644775e-08 p16q=3.7252902985e-09 p16n=1.4901161194e-08 p16q_e2=1.3877787808e-17 p16n_e2=1.3877787808e-17 p32q=7.5231638453e-37 p32n=7.5231638453e-37 p64q=2.2108591501e-75 p64n=2.2108591501e-75 alpha_d=1.7188129033e+00 alpha_p32q=1.2462367532e-46 alpha_p32n=1.2462367532e-46 rz32q=7.5231638453e-37 rz32n=7.5231638453e-37 alpha_full_q=1.0000000000e+00 alpha_full_n=1.0000000000e+00
  residual=4.407e-43
iter=173 pAp_d=4.5430750740e-83 p8q=9.2187500000e-01 p8n=9.8437500000e-01 p8q_e2=5.9604644775e-08 p8n_e2=0.0000000000e+00 p16q=3.7252902985e-09 p16n=1.4901161194e-08 p16q_e2=1.3877787808e-17 p16n_e2=0.0000000000e+00 p32q=7.5231638453e-37 p32n=0.0000000000e+00 p64q=2.2108591501e-75 p64n=0.0000000000e+00 alpha_d=1.7443511864e+00 alpha_p32q=1.0533757550e-46 alpha_p32n=0.0000000000e+00 rz32q=7.5231638453e-37 rz32n=7.5231638453e-37 alpha_full_q=1.0000000000e+00 alpha_full_n=0.0000000000e+00
  residual=3.581e-43
iter=174 pAp_d=7.0690752775e-83 p8q=9.3750000000e-01 p8n=9.8437500000e-01 p8q_e2=5.9604644775e-08 p8n_e2=0.0000000000e+00 p16q=3.7252902985e-09 p16n=1.4901161194e-08 p16q_e2=1.3877787808e-17 p16n_e2=0.0000000000e+00 p32q=7.5231638453e-37 p32n=0.0000000000e+00 p64q=2.2108591501e-75 p64n=0.0000000000e+00 alpha_d=1.6105999922e+00 alpha_p32q=1.5133862323e-46 alpha_p32n=0.0000000000e+00 rz32q=7.5231638453e-37 rz32n=7.5231638453e-37 alpha_full_q=1.0000000000e+00 alpha_full_n=0.0000000000e+00
  residual=5.549e-43
iter=175 pAp_d=6.6895146368e-83 p8q=9.3750000000e-01 p8n=9.8437500000e-01 p8q_e2=5.9604644775e-08 p8n_e2=0.0000000000e+00 p16q=3.7252902985e-09 p16n=1.4901161194e-08 p16q_e2=1.3877787808e-17 p16n_e2=0.0000000000e+00 p32q=7.5231638453e-37 p32n=0.0000000000e+00 p64q=2.2108591501e-75 p64n=0.0000000000e+00 alpha_d=1.9048392146e+00 alpha_p32q=1.6937621018e-46 alpha_p32n=0.0000000000e+00 rz32q=7.5231638453e-37 rz32n=7.5231638453e-37 alpha_full_q=1.0000000000e+00 alpha_full_n=0.0000000000e+00
  residual=3.932e-43
iter=176 pAp_d=5.5919689002e-83 p8q=9.6875000000e-01 p8n=1.0000000000e+00 p8q_e2=5.9604644775e-08 p8n_e2=5.9604644775e-08 p16q=3.7252902985e-09 p16n=1.4901161194e-08 p16q_e2=1.3877787808e-17 p16n_e2=1.3877787808e-17 p32q=7.5231638453e-37 p32n=7.5231638453e-37 p64q=2.2108591501e-75 p64n=2.2108591501e-75 alpha_d=1.5042506145e+00 alpha_p32q=1.1181097245e-46 alpha_p32n=1.1181097245e-46 rz32q=7.5231638453e-37 rz32n=7.5231638453e-37 alpha_full_q=1.0000000000e+00 alpha_full_n=1.0000000000e+00
  residual=3.187e-43
iter=177 pAp_d=2.1789092515e-83 p8q=9.3750000000e-01 p8n=1.0000000000e+00 p8q_e2=5.9604644775e-08 p8n_e2=5.9604644775e-08 p16q=3.7252902985e-09 p16n=1.4901161194e-08 p16q_e2=1.3877787808e-17 p16n_e2=1.3877787808e-17 p32q=7.5231638453e-37 p32n=7.5231638453e-37 p64q=2.2108591501e-75 p64n=2.2108591501e-75 alpha_d=1.2828973408e+00 alpha_p32q=3.7156134601e-47 alpha_p32n=3.7156134601e-47 rz32q=7.5231638453e-37 rz32n=7.5231638453e-37 alpha_full_q=1.0000000000e+00 alpha_full_n=1.0000000000e+00
  residual=1.337e-43
iter=178 pAp_d=5.1979816498e-84 p8q=9.3750000000e-01 p8n=9.8437500000e-01 p8q_e2=5.9604644775e-08 p8n_e2=0.0000000000e+00 p16q=3.7252902985e-09 p16n=1.4901161194e-08 p16q_e2=1.3877787808e-17 p16n_e2=0.0000000000e+00 p32q=7.5231638453e-37 p32n=0.0000000000e+00 p64q=2.2108591501e-75 p64n=0.0000000000e+00 alpha_d=1.2449637778e+00 alpha_p32q=8.6018316292e-48 alpha_p32n=0.0000000000e+00 rz32q=7.5231638453e-37 rz32n=7.5231638453e-37 alpha_full_q=1.0000000000e+00 alpha_full_n=0.0000000000e+00
  residual=5.603e-44
iter=179 pAp_d=1.1817763260e-84 p8q=9.5312500000e-01 p8n=1.0000000000e+00 p8q_e2=5.9604644775e-08 p8n_e2=5.9604644775e-08 p16q=3.7252902985e-09 p16n=1.4901161194e-08 p16q_e2=1.3877787808e-17 p16n_e2=1.3877787808e-17 p32q=7.5231638453e-37 p32n=7.5231638453e-37 p64q=2.2108591501e-75 p64n=2.2108591501e-75 alpha_d=1.1772647089e+00 alpha_p32q=1.8493064767e-48 alpha_p32n=1.8493064767e-48 rz32q=7.5231638453e-37 rz32n=7.5231638453e-37 alpha_full_q=1.0000000000e+00 alpha_full_n=1.0000000000e+00
  residual=2.893e-44
iter=180 pAp_d=2.3119367772e-85 p8q=9.2187500000e-01 p8n=1.0000000000e+00 p8q_e2=5.9604644775e-08 p8n_e2=5.9604644775e-08 p16q=3.7252902985e-09 p16n=1.4901161194e-08 p16q_e2=1.3877787808e-17 p16n_e2=1.3877787808e-17 p32q=7.5231638453e-37 p32n=7.5231638453e-37 p64q=2.2108591501e-75 p64n=2.2108591501e-75 alpha_d=1.2290977532e+00 alpha_p32q=3.7771293526e-49 alpha_p32n=3.7771293526e-49 rz32q=7.5231638453e-37 rz32n=7.5231638453e-37 alpha_full_q=1.0000000000e+00 alpha_full_n=1.0000000000e+00
  residual=1.360e-44
iter=181 pAp_d=4.9385277566e-86 p8q=9.6875000000e-01 p8n=1.0000000000e+00 p8q_e2=5.9604644775e-08 p8n_e2=5.9604644775e-08 p16q=3.7252902985e-09 p16n=1.4901161194e-08 p16q_e2=1.3877787808e-17 p16n_e2=1.3877787808e-17 p32q=7.5231638453e-37 p32n=7.5231638453e-37 p64q=2.2108591501e-75 p64n=2.2108591501e-75 alpha_d=1.2079692880e+00 alpha_p32q=7.9296290505e-50 alpha_p32n=7.9296290505e-50 rz32q=7.5231638453e-37 rz32n=7.5231638453e-37 alpha_full_q=1.0000000000e+00 alpha_full_n=1.0000000000e+00
  residual=4.906e-45
iter=182 pAp_d=9.6815200323e-87 p8q=9.3750000000e-01 p8n=9.8437500000e-01 p8q_e2=5.9604644775e-08 p8n_e2=0.0000000000e+00 p16q=3.7252902985e-09 p16n=1.4901161194e-08 p16q_e2=1.3877787808e-17 p16n_e2=0.0000000000e+00 p32q=7.5231638453e-37 p32n=0.0000000000e+00 p64q=2.2108591501e-75 p64n=0.0000000000e+00 alpha_d=1.2049181767e+00 alpha_p32q=1.5506028720e-50 alpha_p32n=0.0000000000e+00 rz32q=7.5231638453e-37 rz32n=7.5231638453e-37 alpha_full_q=1.0000000000e+00 alpha_full_n=0.0000000000e+00
  residual=2.720e-45
iter=183 pAp_d=2.0744553482e-87 p8q=9.3750000000e-01 p8n=1.0000000000e+00 p8q_e2=5.9604644775e-08 p8n_e2=5.9604644775e-08 p16q=3.7252902985e-09 p16n=1.4901161194e-08 p16q_e2=1.3877787808e-17 p16n_e2=1.3877787808e-17 p32q=7.5231638453e-37 p32n=7.5231638453e-37 p64q=2.2108591501e-75 p64n=2.2108591501e-75 alpha_d=1.2611295795e+00 alpha_p32q=3.4774691270e-51 alpha_p32n=3.4774691270e-51 rz32q=7.5231638453e-37 rz32n=7.5231638453e-37 alpha_full_q=1.0000000000e+00 alpha_full_n=1.0000000000e+00
  residual=1.398e-45
iter=184 pAp_d=4.7344702005e-88 p8q=9.3750000000e-01 p8n=1.0000000000e+00 p8q_e2=5.9604644775e-08 p8n_e2=5.9604644775e-08 p16q=3.7252902985e-09 p16n=1.4901161194e-08 p16q_e2=1.3877787808e-17 p16n_e2=1.3877787808e-17 p32q=7.5231638453e-37 p32n=7.5231638453e-37 p64q=2.2108591501e-75 p64n=2.2108591501e-75 alpha_d=1.4474890792e+00 alpha_p32q=9.1093242844e-52 alpha_p32n=9.1093242844e-52 rz32q=7.5231638453e-37 rz32n=7.5231638453e-37 alpha_full_q=1.0000000000e+00 alpha_full_n=1.0000000000e+00
  residual=6.461e-46
iter=185 pAp_d=1.5333147153e-88 p8q=9.3750000000e-01 p8n=1.0000000000e+00 p8q_e2=5.9604644775e-08 p8n_e2=5.9604644775e-08 p16q=3.7252902985e-09 p16n=1.4901161194e-08 p16q_e2=1.3877787808e-17 p16n_e2=1.3877787808e-17 p32q=7.5231638453e-37 p32n=7.5231638453e-37 p64q=2.2108591501e-75 p64n=2.2108591501e-75 alpha_d=1.7215197243e+00 alpha_p32q=3.5086721227e-52 alpha_p32n=3.5086721227e-52 rz32q=7.5231638453e-37 rz32n=7.5231638453e-37 alpha_full_q=1.0000000000e+00 alpha_full_n=1.0000000000e+00
  residual=6.680e-46
iter=186 pAp_d=8.2378022650e-89 p8q=9.8437500000e-01 p8n=1.0000000000e+00 p8q_e2=5.9604644775e-08 p8n_e2=5.9604644775e-08 p16q=3.7252902985e-09 p16n=1.4901161194e-08 p16q_e2=1.3877787808e-17 p16n_e2=1.3877787808e-17 p32q=7.5231638453e-37 p32n=7.5231638453e-37 p64q=2.2108591501e-75 p64n=2.2108591501e-75 alpha_d=2.1095520371e+00 alpha_p32q=2.3099420546e-52 alpha_p32n=2.3099420546e-52 rz32q=7.5231638453e-37 rz32n=7.5231638453e-37 alpha_full_q=1.0000000000e+00 alpha_full_n=1.0000000000e+00
  residual=6.544e-46
iter=187 pAp_d=9.1589334156e-89 p8q=9.6875000000e-01 p8n=9.8437500000e-01 p8q_e2=5.9604644775e-08 p8n_e2=0.0000000000e+00 p16q=3.7252902985e-09 p16n=1.4901161194e-08 p16q_e2=1.3877787808e-17 p16n_e2=0.0000000000e+00 p32q=7.5231638453e-37 p32n=0.0000000000e+00 p64q=2.2108591501e-75 p64n=0.0000000000e+00 alpha_d=1.5758490409e+00 alpha_p32q=1.9184875853e-52 alpha_p32n=0.0000000000e+00 rz32q=7.5231638453e-37 rz32n=7.5231638453e-37 alpha_full_q=1.0000000000e+00 alpha_full_n=0.0000000000e+00
  residual=2.994e-46
iter=188 pAp_d=9.7900018313e-89 p8q=9.5312500000e-01 p8n=1.0000000000e+00 p8q_e2=5.9604644775e-08 p8n_e2=5.9604644775e-08 p16q=3.7252902985e-09 p16n=1.4901161194e-08 p16q_e2=1.3877787808e-17 p16n_e2=1.3877787808e-17 p32q=7.5231638453e-37 p32n=7.5231638453e-37 p64q=2.2108591501e-75 p64n=2.2108591501e-75 alpha_d=9.7206980359e-01 alpha_p32q=1.2649684831e-52 alpha_p32n=1.2649684831e-52 rz32q=7.5231638453e-37 rz32n=7.5231638453e-37 alpha_full_q=1.0000000000e+00 alpha_full_n=1.0000000000e+00
  residual=2.874e-46
iter=189 pAp_d=4.0571539418e-89 p8q=9.2187500000e-01 p8n=9.8437500000e-01 p8q_e2=5.9604644775e-08 p8n_e2=0.0000000000e+00 p16q=3.7252902985e-09 p16n=1.4901161194e-08 p16q_e2=1.3877787808e-17 p16n_e2=0.0000000000e+00 p32q=7.5231638453e-37 p32n=0.0000000000e+00 p64q=2.2108591501e-75 p64n=0.0000000000e+00 alpha_d=1.0108006799e+00 alpha_p32q=5.4511294012e-53 alpha_p32n=0.0000000000e+00 rz32q=7.5231638453e-37 rz32n=7.5231638453e-37 alpha_full_q=1.0000000000e+00 alpha_full_n=0.0000000000e+00
  residual=1.259e-46
iter=190 pAp_d=8.7070167798e-90 p8q=9.5312500000e-01 p8n=1.0000000000e+00 p8q_e2=5.9604644775e-08 p8n_e2=5.9604644775e-08 p16q=3.7252902985e-09 p16n=1.4901161194e-08 p16q_e2=1.3877787808e-17 p16n_e2=1.3877787808e-17 p32q=7.5231638453e-37 p32n=7.5231638453e-37 p64q=2.2108591501e-75 p64n=2.2108591501e-75 alpha_d=1.1820485068e+00 alpha_p32q=1.3680568966e-53 alpha_p32n=1.3680568966e-53 rz32q=7.5231638453e-37 rz32n=7.5231638453e-37 alpha_full_q=1.0000000000e+00 alpha_full_n=1.0000000000e+00
  residual=9.414e-47
iter=191 pAp_d=1.8283175599e-90 p8q=9.5312500000e-01 p8n=9.8437500000e-01 p8q_e2=5.9604644775e-08 p8n_e2=0.0000000000e+00 p16q=3.7252902985e-09 p16n=1.4901161194e-08 p16q_e2=1.3877787808e-17 p16n_e2=0.0000000000e+00 p32q=7.5231638453e-37 p32n=0.0000000000e+00 p64q=2.2108591501e-75 p64n=0.0000000000e+00 alpha_d=1.2101410671e+00 alpha_p32q=2.9409464003e-54 alpha_p32n=0.0000000000e+00 rz32q=7.5231638453e-37 rz32n=7.5231638453e-37 alpha_full_q=1.0000000000e+00 alpha_full_n=0.0000000000e+00
  residual=2.389e-47
iter=192 pAp_d=3.7370633654e-91 p8q=9.2187500000e-01 p8n=1.0000000000e+00 p8q_e2=5.9604644775e-08 p8n_e2=5.9604644775e-08 p16q=3.7252902985e-09 p16n=1.4901161194e-08 p16q_e2=1.3877787808e-17 p16n_e2=1.3877787808e-17 p32q=7.5231638453e-37 p32n=7.5231638453e-37 p64q=2.2108591501e-75 p64n=2.2108591501e-75 alpha_d=1.2029607270e+00 alpha_p32q=5.9755982392e-55 alpha_p32n=5.9755982392e-55 rz32q=7.5231638453e-37 rz32n=7.5231638453e-37 alpha_full_q=1.0000000000e+00 alpha_full_n=1.0000000000e+00
  residual=1.503e-47
iter=193 pAp_d=7.7283387188e-92 p8q=9.3750000000e-01 p8n=9.8437500000e-01 p8q_e2=5.9604644775e-08 p8n_e2=0.0000000000e+00 p16q=3.7252902985e-09 p16n=1.4901161194e-08 p16q_e2=1.3877787808e-17 p16n_e2=0.0000000000e+00 p32q=7.5231638453e-37 p32n=0.0000000000e+00 p64q=2.2108591501e-75 p64n=0.0000000000e+00 alpha_d=1.2025921061e+00 alpha_p32q=1.2353897015e-55 alpha_p32n=0.0000000000e+00 rz32q=7.5231638453e-37 rz32n=7.5231638453e-37 alpha_full_q=1.0000000000e+00 alpha_full_n=0.0000000000e+00
  residual=8.023e-48
iter=194 pAp_d=1.5392844038e-92 p8q=9.3750000000e-01 p8n=9.8437500000e-01 p8q_e2=5.9604644775e-08 p8n_e2=0.0000000000e+00 p16q=3.7252902985e-09 p16n=1.4901161194e-08 p16q_e2=1.3877787808e-17 p16n_e2=0.0000000000e+00 p32q=7.5231638453e-37 p32n=0.0000000000e+00 p64q=2.2108591501e-75 p64n=0.0000000000e+00 alpha_d=1.2174418366e+00 alpha_p32q=2.4909589505e-56 alpha_p32n=0.0000000000e+00 rz32q=7.5231638453e-37 rz32n=7.5231638453e-37 alpha_full_q=1.0000000000e+00 alpha_full_n=0.0000000000e+00
  residual=1.936e-48
iter=195 pAp_d=3.2784033975e-93 p8q=9.3750000000e-01 p8n=1.0000000000e+00 p8q_e2=5.9604644775e-08 p8n_e2=5.9604644775e-08 p16q=3.7252902985e-09 p16n=1.4901161194e-08 p16q_e2=1.3877787808e-17 p16n_e2=1.3877787808e-17 p32q=7.5231638453e-37 p32n=7.5231638453e-37 p64q=2.2108591501e-75 p64n=2.2108591501e-75 alpha_d=1.2035314915e+00 alpha_p32q=5.2446840344e-57 alpha_p32n=5.2446840344e-57 rz32q=7.5231638453e-37 rz32n=7.5231638453e-37 alpha_full_q=1.0000000000e+00 alpha_full_n=1.0000000000e+00
  residual=1.676e-48
iter=196 pAp_d=6.6520335550e-94 p8q=9.5312500000e-01 p8n=1.0000000000e+00 p8q_e2=5.9604644775e-08 p8n_e2=5.9604644775e-08 p16q=3.7252902985e-09 p16n=1.4901161194e-08 p16q_e2=1.3877787808e-17 p16n_e2=1.3877787808e-17 p32q=7.5231638453e-37 p32n=7.5231638453e-37 p64q=2.2108591501e-75 p64n=2.2108591501e-75 alpha_d=1.1868365545e+00 alpha_p32q=1.0494090980e-57 alpha_p32n=1.0494090980e-57 rz32q=7.5231638453e-37 rz32n=7.5231638453e-37 alpha_full_q=1.0000000000e+00 alpha_full_n=1.0000000000e+00
  residual=6.030e-49
iter=197 pAp_d=1.2628477813e-94 p8q=9.3750000000e-01 p8n=1.0000000000e+00 p8q_e2=5.9604644775e-08 p8n_e2=5.9604644775e-08 p16q=3.7252902985e-09 p16n=1.4901161194e-08 p16q_e2=1.3877787808e-17 p16n_e2=1.3877787808e-17 p32q=7.5231638453e-37 p32n=7.5231638453e-37 p64q=2.2108591501e-75 p64n=2.2108591501e-75 alpha_d=1.1972302083e+00 alpha_p32q=2.0096857429e-58 alpha_p32n=2.0096857429e-58 rz32q=7.5231638453e-37 rz32n=7.5231638453e-37 alpha_full_q=1.0000000000e+00 alpha_full_n=1.0000000000e+00
  residual=2.053e-49
iter=198 pAp_d=2.5524499367e-95 p8q=9.6875000000e-01 p8n=1.0000000000e+00 p8q_e2=5.9604644775e-08 p8n_e2=5.9604644775e-08 p16q=3.7252902985e-09 p16n=1.4901161194e-08 p16q_e2=1.3877787808e-17 p16n_e2=1.3877787808e-17 p32q=7.5231638453e-37 p32n=7.5231638453e-37 p64q=2.2108591501e-75 p64n=2.2108591501e-75 alpha_d=1.2121058109e+00 alpha_p32q=4.1124179453e-59 alpha_p32n=4.1124179453e-59 rz32q=7.5231638453e-37 rz32n=7.5231638453e-37 alpha_full_q=1.0000000000e+00 alpha_full_n=1.0000000000e+00
  residual=1.506e-49
iter=199 pAp_d=6.6097540109e-96 p8q=9.2187500000e-01 p8n=1.0000000000e+00 p8q_e2=5.9604644775e-08 p8n_e2=5.9604644775e-08 p16q=3.7252902985e-09 p16n=1.4901161194e-08 p16q_e2=1.3877787808e-17 p16n_e2=1.3877787808e-17 p32q=7.5231638453e-37 p32n=7.5231638453e-37 p64q=2.2108591501e-75 p64n=2.2108591501e-75 alpha_d=1.0861784073e+00 alpha_p32q=9.5430223666e-60 alpha_p32n=9.5430223666e-60 rz32q=7.5231638453e-37 rz32n=7.5231638453e-37 alpha_full_q=1.0000000000e+00 alpha_full_n=1.0000000000e+00
  residual=4.255e-50
iter=200 pAp_d=2.3086187416e-96 p8q=9.6875000000e-01 p8n=1.0000000000e+00 p8q_e2=5.9604644775e-08 p8n_e2=5.9604644775e-08 p16q=3.7252902985e-09 p16n=1.4901161194e-08 p16q_e2=1.3877787808e-17 p16n_e2=1.3877787808e-17 p32q=7.5231638453e-37 p32n=7.5231638453e-37 p64q=2.2108591501e-75 p64n=2.2108591501e-75 alpha_d=8.5671181305e-01 alpha_p32q=2.6289749744e-60 alpha_p32n=2.6289749744e-60 rz32q=7.5231638453e-37 rz32n=7.5231638453e-37 alpha_full_q=1.0000000000e+00 alpha_full_n=1.0000000000e+00
  residual=3.448e-50
iter=201 pAp_d=6.2736059837e-97 p8q=9.2187500000e-01 p8n=1.0000000000e+00 p8q_e2=5.9604644775e-08 p8n_e2=5.9604644775e-08 p16q=3.7252902985e-09 p16n=1.4901161194e-08 p16q_e2=1.3877787808e-17 p16n_e2=1.3877787808e-17 p32q=7.5231638453e-37 p32n=7.5231638453e-37 p64q=2.2108591501e-75 p64n=2.2108591501e-75 alpha_d=9.4909070478e-01 alpha_p32q=7.9145174118e-61 alpha_p32n=7.9145174118e-61 rz32q=7.5231638453e-37 rz32n=7.5231638453e-37 alpha_full_q=1.0000000000e+00 alpha_full_n=1.0000000000e+00
  residual=1.250e-50
iter=202 pAp_d=1.0637459422e-97 p8q=9.6875000000e-01 p8n=1.0000000000e+00 p8q_e2=5.9604644775e-08 p8n_e2=5.9604644775e-08 p16q=3.7252902985e-09 p16n=1.4901161194e-08 p16q_e2=1.3877787808e-17 p16n_e2=1.3877787808e-17 p32q=7.5231638453e-37 p32n=7.5231638453e-37 p64q=2.2108591501e-75 p64n=2.2108591501e-75 alpha_d=1.1489627528e+00 alpha_p32q=1.6245883928e-61 alpha_p32n=1.6245883928e-61 rz32q=7.5231638453e-37 rz32n=7.5231638453e-37 alpha_full_q=1.0000000000e+00 alpha_full_n=1.0000000000e+00
  residual=8.461e-51
iter=203 pAp_d=2.0654151019e-98 p8q=9.3750000000e-01 p8n=1.0000000000e+00 p8q_e2=5.9604644775e-08 p8n_e2=5.9604644775e-08 p16q=3.7252902985e-09 p16n=1.4901161194e-08 p16q_e2=1.3877787808e-17 p16n_e2=1.3877787808e-17 p32q=7.5231638453e-37 p32n=7.5231638453e-37 p64q=2.2108591501e-75 p64n=2.2108591501e-75 alpha_d=1.2071662146e+00 alpha_p32q=3.3141632716e-62 alpha_p32n=3.3141632716e-62 rz32q=7.5231638453e-37 rz32n=7.5231638453e-37 alpha_full_q=1.0000000000e+00 alpha_full_n=1.0000000000e+00
  residual=3.430e-51
iter=204 pAp_d=4.2315141395e-99 p8q=9.2187500000e-01 p8n=1.0000000000e+00 p8q_e2=5.9604644775e-08 p8n_e2=5.9604644775e-08 p16q=3.7252902985e-09 p16n=1.4901161194e-08 p16q_e2=1.3877787808e-17 p16n_e2=1.3877787808e-17 p32q=7.5231638453e-37 p32n=7.5231638453e-37 p64q=2.2108591501e-75 p64n=2.2108591501e-75 alpha_d=1.1984896144e+00 alpha_p32q=6.7410810848e-63 alpha_p32n=6.7410810848e-63 rz32q=7.5231638453e-37 rz32n=7.5231638453e-37 alpha_full_q=1.0000000000e+00 alpha_full_n=1.0000000000e+00
  residual=1.425e-51
iter=205 pAp_d=8.4372390894e-100 p8q=9.5312500000e-01 p8n=1.0000000000e+00 p8q_e2=5.9604644775e-08 p8n_e2=5.9604644775e-08 p16q=3.7252902985e-09 p16n=1.4901161194e-08 p16q_e2=1.3877787808e-17 p16n_e2=1.3877787808e-17 p32q=7.5231638453e-37 p32n=7.5231638453e-37 p64q=2.2108591501e-75 p64n=2.2108591501e-75 alpha_d=1.2065385871e+00 alpha_p32q=1.3531347634e-63 alpha_p32n=1.3531347634e-63 rz32q=7.5231638453e-37 rz32n=7.5231638453e-37 alpha_full_q=1.0000000000e+00 alpha_full_n=1.0000000000e+00
  residual=7.276e-52
iter=206 pAp_d=1.7820170159e-100 p8q=9.2187500000e-01 p8n=1.0000000000e+00 p8q_e2=5.9604644775e-08 p8n_e2=5.9604644775e-08 p16q=3.7252902985e-09 p16n=1.4901161194e-08 p16q_e2=1.3877787808e-17 p16n_e2=1.3877787808e-17 p32q=7.5231638453e-37 p32n=7.5231638453e-37 p64q=2.2108591501e-75 p64n=2.2108591501e-75 alpha_d=1.1798858371e+00 alpha_p32q=2.7948037312e-64 alpha_p32n=2.7948037312e-64 rz32q=7.5231638453e-37 rz32n=7.5231638453e-37 alpha_full_q=1.0000000000e+00 alpha_full_n=1.0000000000e+00
  residual=3.120e-52
iter=207 pAp_d=3.5471602172e-101 p8q=9.5312500000e-01 p8n=1.0000000000e+00 p8q_e2=5.9604644775e-08 p8n_e2=5.9604644775e-08 p16q=3.7252902985e-09 p16n=1.4901161194e-08 p16q_e2=1.3877787808e-17 p16n_e2=1.3877787808e-17 p32q=7.5231638453e-37 p32n=7.5231638453e-37 p64q=2.2108591501e-75 p64n=2.2108591501e-75 alpha_d=1.2395071706e+00 alpha_p32q=5.8442573028e-65 alpha_p32n=5.8442573028e-65 rz32q=7.5231638453e-37 rz32n=7.5231638453e-37 alpha_full_q=1.0000000000e+00 alpha_full_n=1.0000000000e+00
  residual=1.475e-52
iter=208 pAp_d=7.7297171442e-102 p8q=9.3750000000e-01 p8n=1.0000000000e+00 p8q_e2=5.9604644775e-08 p8n_e2=5.9604644775e-08 p16q=3.7252902985e-09 p16n=1.4901161194e-08 p16q_e2=1.3877787808e-17 p16n_e2=1.3877787808e-17 p32q=7.5231638453e-37 p32n=7.5231638453e-37 p64q=2.2108591501e-75 p64n=2.2108591501e-75 alpha_d=1.1588241050e+00 alpha_p32q=1.1906403657e-65 alpha_p32n=1.1906403657e-65 rz32q=7.5231638453e-37 rz32n=7.5231638453e-37 alpha_full_q=1.0000000000e+00 alpha_full_n=1.0000000000e+00
  residual=5.947e-53
iter=209 pAp_d=1.5173965131e-102 p8q=9.2187500000e-01 p8n=1.0000000000e+00 p8q_e2=5.9604644775e-08 p8n_e2=5.9604644775e-08 p16q=3.7252902985e-09 p16n=1.4901161194e-08 p16q_e2=1.3877787808e-17 p16n_e2=1.3877787808e-17 p32q=7.5231638453e-37 p32n=7.5231638453e-37 p64q=2.2108591501e-75 p64n=2.2108591501e-75 alpha_d=1.1989552001e+00 alpha_p32q=2.4182517853e-66 alpha_p32n=2.4182517853e-66 rz32q=7.5231638453e-37 rz32n=7.5231638453e-37 alpha_full_q=1.0000000000e+00 alpha_full_n=1.0000000000e+00
  residual=3.145e-53
iter=210 pAp_d=3.1335286135e-103 p8q=9.5312500000e-01 p8n=1.0000000000e+00 p8q_e2=5.9604644775e-08 p8n_e2=5.9604644775e-08 p16q=3.7252902985e-09 p16n=1.4901161194e-08 p16q_e2=1.3877787808e-17 p16n_e2=1.3877787808e-17 p32q=7.5231638453e-37 p32n=7.5231638453e-37 p64q=2.2108591501e-75 p64n=2.2108591501e-75 alpha_d=1.2025151689e+00 alpha_p32q=5.0086848663e-67 alpha_p32n=5.0086848663e-67 rz32q=7.5231638453e-37 rz32n=7.5231638453e-37 alpha_full_q=1.0000000000e+00 alpha_full_n=1.0000000000e+00
  residual=1.207e-53
iter=211 pAp_d=6.7361299737e-104 p8q=9.2187500000e-01 p8n=1.0000000000e+00 p8q_e2=5.9604644775e-08 p8n_e2=5.9604644775e-08 p16q=3.7252902985e-09 p16n=1.4901161194e-08 p16q_e2=1.3877787808e-17 p16n_e2=1.3877787808e-17 p32q=7.5231638453e-37 p32n=7.5231638453e-37 p64q=2.2108591501e-75 p64n=2.2108591501e-75 alpha_d=1.1789455164e+00 alpha_p32q=1.0556104311e-67 alpha_p32n=1.0556104311e-67 rz32q=7.5231638453e-37 rz32n=7.5231638453e-37 alpha_full_q=1.0000000000e+00 alpha_full_n=1.0000000000e+00
  residual=6.351e-54
iter=212 pAp_d=1.3840526557e-104 p8q=9.5312500000e-01 p8n=1.0000000000e+00 p8q_e2=5.9604644775e-08 p8n_e2=5.9604644775e-08 p16q=3.7252902985e-09 p16n=1.4901161194e-08 p16q_e2=1.3877787808e-17 p16n_e2=1.3877787808e-17 p32q=7.5231638453e-37 p32n=7.5231638453e-37 p64q=2.2108591501e-75 p64n=2.2108591501e-75 alpha_d=1.1585530549e+00 alpha_p32q=2.1314150076e-68 alpha_p32n=2.1314150076e-68 rz32q=7.5231638453e-37 rz32n=7.5231638453e-37 alpha_full_q=1.0000000000e+00 alpha_full_n=1.0000000000e+00
  residual=2.909e-54
iter=213 pAp_d=3.2781625764e-105 p8q=9.3750000000e-01 p8n=1.0000000000e+00 p8q_e2=5.9604644775e-08 p8n_e2=5.9604644775e-08 p16q=3.7252902985e-09 p16n=1.4901161194e-08 p16q_e2=1.3877787808e-17 p16n_e2=1.3877787808e-17 p32q=7.5231638453e-37 p32n=7.5231638453e-37 p64q=2.2108591501e-75 p64n=2.2108591501e-75 alpha_d=1.0797173571e+00 alpha_p32q=4.7047879136e-69 alpha_p32n=4.7047879136e-69 rz32q=7.5231638453e-37 rz32n=7.5231638453e-37 alpha_full_q=1.0000000000e+00 alpha_full_n=1.0000000000e+00
  residual=1.141e-54
iter=214 pAp_d=1.3319646841e-105 p8q=9.5312500000e-01 p8n=1.0000000000e+00 p8q_e2=5.9604644775e-08 p8n_e2=5.9604644775e-08 p16q=3.7252902985e-09 p16n=1.4901161194e-08 p16q_e2=1.3877787808e-17 p16n_e2=1.3877787808e-17 p32q=7.5231638453e-37 p32n=7.5231638453e-37 p64q=2.2108591501e-75 p64n=2.2108591501e-75 alpha_d=8.0914845831e-01 alpha_p32q=1.4325850039e-69 alpha_p32n=1.4325850039e-69 rz32q=7.5231638453e-37 rz32n=7.5231638453e-37 alpha_full_q=1.0000000000e+00 alpha_full_n=1.0000000000e+00
  residual=6.829e-55
iter=215 pAp_d=3.1406147604e-106 p8q=9.2187500000e-01 p8n=1.0000000000e+00 p8q_e2=5.9604644775e-08 p8n_e2=5.9604644775e-08 p16q=3.7252902985e-09 p16n=1.4901161194e-08 p16q_e2=1.3877787808e-17 p16n_e2=1.3877787808e-17 p32q=7.5231638453e-37 p32n=7.5231638453e-37 p64q=2.2108591501e-75 p64n=2.2108591501e-75 alpha_d=9.5543838515e-01 alpha_p32q=3.9885664553e-70 alpha_p32n=3.9885664553e-70 rz32q=7.5231638453e-37 rz32n=7.5231638453e-37 alpha_full_q=1.0000000000e+00 alpha_full_n=1.0000000000e+00
  residual=3.366e-55
iter=216 pAp_d=5.6020594777e-107 p8q=9.5312500000e-01 p8n=9.8437500000e-01 p8q_e2=5.9604644775e-08 p8n_e2=0.0000000000e+00 p16q=3.7252902985e-09 p16n=1.4901161194e-08 p16q_e2=1.3877787808e-17 p16n_e2=0.0000000000e+00 p32q=7.5231638453e-37 p32n=0.0000000000e+00 p64q=2.2108591501e-75 p64n=0.0000000000e+00 alpha_d=1.1675511396e+00 alpha_p32q=8.6940694924e-71 alpha_p32n=0.0000000000e+00 rz32q=7.5231638453e-37 rz32n=7.5231638453e-37 alpha_full_q=1.0000000000e+00 alpha_full_n=0.0000000000e+00
  residual=2.068e-55
iter=217 pAp_d=1.1131212480e-107 p8q=9.3750000000e-01 p8n=1.0000000000e+00 p8q_e2=5.9604644775e-08 p8n_e2=5.9604644775e-08 p16q=3.7252902985e-09 p16n=1.4901161194e-08 p16q_e2=1.3877787808e-17 p16n_e2=1.3877787808e-17 p32q=7.5231638453e-37 p32n=7.5231638453e-37 p64q=2.2108591501e-75 p64n=2.2108591501e-75 alpha_d=1.1953860125e+00 alpha_p32q=1.7686834920e-71 alpha_p32n=1.7686834920e-71 rz32q=7.5231638453e-37 rz32n=7.5231638453e-37 alpha_full_q=1.0000000000e+00 alpha_full_n=1.0000000000e+00
  residual=5.492e-56
iter=218 pAp_d=2.4057342569e-108 p8q=9.5312500000e-01 p8n=1.0000000000e+00 p8q_e2=5.9604644775e-08 p8n_e2=5.9604644775e-08 p16q=3.7252902985e-09 p16n=1.4901161194e-08 p16q_e2=1.3877787808e-17 p16n_e2=1.3877787808e-17 p32q=7.5231638453e-37 p32n=7.5231638453e-37 p64q=2.2108591501e-75 p64n=2.2108591501e-75 alpha_d=1.1644577541e+00 alpha_p32q=3.7236672859e-72 alpha_p32n=3.7236672859e-72 rz32q=7.5231638453e-37 rz32n=7.5231638453e-37 alpha_full_q=1.0000000000e+00 alpha_full_n=1.0000000000e+00
  residual=3.996e-56
iter=219 pAp_d=4.5707444854e-109 p8q=9.5312500000e-01 p8n=1.0000000000e+00 p8q_e2=5.9604644775e-08 p8n_e2=5.9604644775e-08 p16q=3.7252902985e-09 p16n=1.4901161194e-08 p16q_e2=1.3877787808e-17 p16n_e2=1.3877787808e-17 p32q=7.5231638453e-37 p32n=7.5231638453e-37 p64q=2.2108591501e-75 p64n=2.2108591501e-75 alpha_d=1.2158021129e+00 alpha_p32q=7.3866805473e-73 alpha_p32n=7.3866805473e-73 rz32q=7.5231638453e-37 rz32n=7.5231638453e-37 alpha_full_q=1.0000000000e+00 alpha_full_n=1.0000000000e+00
  residual=1.622e-56
iter=220 pAp_d=9.4795142003e-110 p8q=9.0625000000e-01 p8n=1.0000000000e+00 p8q_e2=5.9604644775e-08 p8n_e2=5.9604644775e-08 p16q=3.7252902985e-09 p16n=1.4901161194e-08 p16q_e2=1.3877787808e-17 p16n_e2=1.3877787808e-17 p32q=7.5231638453e-37 p32n=7.5231638453e-37 p64q=2.2108591501e-75 p64n=2.2108591501e-75 alpha_d=1.1888864260e+00 alpha_p32q=1.4980486920e-73 alpha_p32n=1.4980486920e-73 rz32q=7.5231638453e-37 rz32n=7.5231638453e-37 alpha_full_q=1.0000000000e+00 alpha_full_n=1.0000000000e+00
  residual=5.424e-57
iter=221 pAp_d=1.9023609821e-110 p8q=9.3750000000e-01 p8n=1.0000000000e+00 p8q_e2=5.9604644775e-08 p8n_e2=5.9604644775e-08 p16q=3.7252902985e-09 p16n=1.4901161194e-08 p16q_e2=1.3877787808e-17 p16n_e2=1.3877787808e-17 p32q=7.5231638453e-37 p32n=7.5231638453e-37 p64q=2.2108591501e-75 p64n=2.2108591501e-75 alpha_d=1.2015392844e+00 alpha_p32q=3.0382981152e-74 alpha_p32n=3.0382981152e-74 rz32q=7.5231638453e-37 rz32n=7.5231638453e-37 alpha_full_q=1.0000000000e+00 alpha_full_n=1.0000000000e+00
  residual=4.168e-57
iter=222 pAp_d=4.0745436835e-111 p8q=9.5312500000e-01 p8n=1.0000000000e+00 p8q_e2=5.9604644775e-08 p8n_e2=5.9604644775e-08 p16q=3.7252902985e-09 p16n=1.4901161194e-08 p16q_e2=1.3877787808e-17 p16n_e2=1.3877787808e-17 p32q=7.5231638453e-37 p32n=7.5231638453e-37 p64q=2.2108591501e-75 p64n=2.2108591501e-75 alpha_d=1.2054674184e+00 alpha_p32q=6.5288085656e-75 alpha_p32n=6.5288085656e-75 rz32q=7.5231638453e-37 rz32n=7.5231638453e-37 alpha_full_q=1.0000000000e+00 alpha_full_n=1.0000000000e+00
  residual=1.256e-57
iter=223 pAp_d=7.9970447986e-112 p8q=9.2187500000e-01 p8n=1.0000000000e+00 p8q_e2=5.9604644775e-08 p8n_e2=5.9604644775e-08 p16q=3.7252902985e-09 p16n=1.4901161194e-08 p16q_e2=1.3877787808e-17 p16n_e2=1.3877787808e-17 p32q=7.5231638453e-37 p32n=7.5231638453e-37 p64q=2.2108591501e-75 p64n=2.2108591501e-75 alpha_d=1.2100874151e+00 alpha_p32q=1.2863103167e-75 alpha_p32n=1.2863103167e-75 rz32q=7.5231638453e-37 rz32n=7.5231638453e-37 alpha_full_q=1.0000000000e+00 alpha_full_n=1.0000000000e+00
  residual=7.254e-58
iter=224 pAp_d=1.7024286805e-112 p8q=9.5312500000e-01 p8n=1.0000000000e+00 p8q_e2=5.9604644775e-08 p8n_e2=5.9604644775e-08 p16q=3.7252902985e-09 p16n=1.4901161194e-08 p16q_e2=1.3877787808e-17 p16n_e2=1.3877787808e-17 p32q=7.5231638453e-37 p32n=7.5231638453e-37 p64q=2.2108591501e-75 p64n=2.2108591501e-75 alpha_d=1.1942028492e+00 alpha_p32q=2.7023805710e-76 alpha_p32n=2.7023805710e-76 rz32q=7.5231638453e-37 rz32n=7.5231638453e-37 alpha_full_q=1.0000000000e+00 alpha_full_n=1.0000000000e+00
  residual=4.176e-58
iter=225 pAp_d=3.4119194344e-113 p8q=9.3750000000e-01 p8n=1.0000000000e+00 p8q_e2=5.9604644775e-08 p8n_e2=5.9604644775e-08 p16q=3.7252902985e-09 p16n=1.4901161194e-08 p16q_e2=1.3877787808e-17 p16n_e2=1.3877787808e-17 p32q=7.5231638453e-37 p32n=7.5231638453e-37 p64q=2.2108591501e-75 p64n=2.2108591501e-75 alpha_d=1.2584604943e+00 alpha_p32q=5.7073937323e-77 alpha_p32n=5.7073937323e-77 rz32q=7.5231638453e-37 rz32n=7.5231638453e-37 alpha_full_q=1.0000000000e+00 alpha_full_n=1.0000000000e+00
  residual=2.990e-58
iter=226 pAp_d=8.0150078886e-114 p8q=9.5312500000e-01 p8n=1.0000000000e+00 p8q_e2=5.9604644775e-08 p8n_e2=5.9604644775e-08 p16q=3.7252902985e-09 p16n=1.4901161194e-08 p16q_e2=1.3877787808e-17 p16n_e2=1.3877787808e-17 p32q=7.5231638453e-37 p32n=7.5231638453e-37 p64q=2.2108591501e-75 p64n=2.2108591501e-75 alpha_d=1.3358393439e+00 alpha_p32q=1.4231728963e-77 alpha_p32n=1.4231728963e-77 rz32q=7.5231638453e-37 rz32n=7.5231638453e-37 alpha_full_q=1.0000000000e+00 alpha_full_n=1.0000000000e+00
  residual=3.161e-58
iter=227 pAp_d=2.5787657455e-114 p8q=9.2187500000e-01 p8n=1.0000000000e+00 p8q_e2=5.9604644775e-08 p8n_e2=5.9604644775e-08 p16q=3.7252902985e-09 p16n=1.4901161194e-08 p16q_e2=1.3877787808e-17 p16n_e2=1.3877787808e-17 p32q=7.5231638453e-37 p32n=7.5231638453e-37 p64q=2.2108591501e-75 p64n=2.2108591501e-75 alpha_d=1.6638489016e+00 alpha_p32q=5.7032873954e-78 alpha_p32n=5.7032873954e-78 rz32q=7.5231638453e-37 rz32n=7.5231638453e-37 alpha_full_q=1.0000000000e+00 alpha_full_n=1.0000000000e+00
  residual=3.424e-58
iter=228 pAp_d=1.8139553141e-114 p8q=9.5312500000e-01 p8n=1.0000000000e+00 p8q_e2=5.9604644775e-08 p8n_e2=5.9604644775e-08 p16q=3.7252902985e-09 p16n=1.4901161194e-08 p16q_e2=1.3877787808e-17 p16n_e2=1.3877787808e-17 p32q=7.5231638453e-37 p32n=7.5231638453e-37 p64q=2.2108591501e-75 p64n=2.2108591501e-75 alpha_d=1.9770229892e+00 alpha_p32q=4.7669191195e-78 alpha_p32n=4.7669191195e-78 rz32q=7.5231638453e-37 rz32n=7.5231638453e-37 alpha_full_q=1.0000000000e+00 alpha_full_n=1.0000000000e+00
  residual=2.945e-58
iter=229 pAp_d=2.8513320473e-114 p8q=9.3750000000e-01 p8n=1.0000000000e+00 p8q_e2=5.9604644775e-08 p8n_e2=5.9604644775e-08 p16q=3.7252902985e-09 p16n=1.4901161194e-08 p16q_e2=1.3877787808e-17 p16n_e2=1.3877787808e-17 p32q=7.5231638453e-37 p32n=7.5231638453e-37 p64q=2.2108591501e-75 p64n=2.2108591501e-75 alpha_d=1.7645000278e+00 alpha_p32q=6.6875792954e-78 alpha_p32n=6.6875792954e-78 rz32q=7.5231638453e-37 rz32n=7.5231638453e-37 alpha_full_q=1.0000000000e+00 alpha_full_n=1.0000000000e+00
  residual=1.305e-58
iter=230 pAp_d=4.2824552189e-114 p8q=9.5312500000e-01 p8n=1.0000000000e+00 p8q_e2=5.9604644775e-08 p8n_e2=5.9604644775e-08 p16q=3.7252902985e-09 p16n=1.4901161194e-08 p16q_e2=1.3877787808e-17 p16n_e2=1.3877787808e-17 p32q=7.5231638453e-37 p32n=7.5231638453e-37 p64q=2.2108591501e-75 p64n=2.2108591501e-75 alpha_d=1.4833969154e+00 alpha_p32q=8.4440283272e-78 alpha_p32n=8.4440283272e-78 rz32q=7.5231638453e-37 rz32n=7.5231638453e-37 alpha_full_q=1.0000000000e+00 alpha_full_n=1.0000000000e+00
  residual=3.993e-58
iter=231 pAp_d=3.6739046240e-114 p8q=9.3750000000e-01 p8n=1.0000000000e+00 p8q_e2=5.9604644775e-08 p8n_e2=5.9604644775e-08 p16q=3.7252902985e-09 p16n=1.4901161194e-08 p16q_e2=1.3877787808e-17 p16n_e2=1.3877787808e-17 p32q=7.5231638453e-37 p32n=7.5231638453e-37 p64q=2.2108591501e-75 p64n=2.2108591501e-75 alpha_d=1.2532676698e+00 alpha_p32q=6.1202786248e-78 alpha_p32n=6.1202786248e-78 rz32q=7.5231638453e-37 rz32n=7.5231638453e-37 alpha_full_q=1.0000000000e+00 alpha_full_n=1.0000000000e+00
  residual=2.275e-58
iter=232 pAp_d=1.4265063844e-114 p8q=9.3750000000e-01 p8n=1.0000000000e+00 p8q_e2=5.9604644775e-08 p8n_e2=5.9604644775e-08 p16q=3.7252902985e-09 p16n=1.4901161194e-08 p16q_e2=1.3877787808e-17 p16n_e2=1.3877787808e-17 p32q=7.5231638453e-37 p32n=7.5231638453e-37 p64q=2.2108591501e-75 p64n=2.2108591501e-75 alpha_d=1.1737085445e+00 alpha_p32q=2.2255300649e-78 alpha_p32n=2.2255300649e-78 rz32q=7.5231638453e-37 rz32n=7.5231638453e-37 alpha_full_q=1.0000000000e+00 alpha_full_n=1.0000000000e+00
  residual=7.493e-59
iter=233 pAp_d=3.3089240879e-115 p8q=9.5312500000e-01 p8n=1.0000000000e+00 p8q_e2=5.9604644775e-08 p8n_e2=5.9604644775e-08 p16q=3.7252902985e-09 p16n=1.4901161194e-08 p16q_e2=1.3877787808e-17 p16n_e2=1.3877787808e-17 p32q=7.5231638453e-37 p32n=7.5231638453e-37 p64q=2.2108591501e-75 p64n=2.2108591501e-75 alpha_d=1.2004526974e+00 alpha_p32q=5.2799685457e-79 alpha_p32n=5.2799685457e-79 rz32q=7.5231638453e-37 rz32n=7.5231638453e-37 alpha_full_q=1.0000000000e+00 alpha_full_n=1.0000000000e+00
  residual=2.607e-59
iter=234 pAp_d=7.4457368292e-116 p8q=9.2187500000e-01 p8n=1.0000000000e+00 p8q_e2=5.9604644775e-08 p8n_e2=5.9604644775e-08 p16q=3.7252902985e-09 p16n=1.4901161194e-08 p16q_e2=1.3877787808e-17 p16n_e2=1.3877787808e-17 p32q=7.5231638453e-37 p32n=7.5231638453e-37 p64q=2.2108591501e-75 p64n=2.2108591501e-75 alpha_d=1.1841631895e+00 alpha_p32q=1.1719760002e-79 alpha_p32n=1.1719760002e-79 rz32q=7.5231638453e-37 rz32n=7.5231638453e-37 alpha_full_q=1.0000000000e+00 alpha_full_n=1.0000000000e+00
  residual=7.398e-60
iter=235 pAp_d=1.4700071930e-116 p8q=9.5312500000e-01 p8n=1.0000000000e+00 p8q_e2=5.9604644775e-08 p8n_e2=5.9604644775e-08 p16q=3.7252902985e-09 p16n=1.4901161194e-08 p16q_e2=1.3877787808e-17 p16n_e2=1.3877787808e-17 p32q=7.5231638453e-37 p32n=7.5231638453e-37 p64q=2.2108591501e-75 p64n=2.2108591501e-75 alpha_d=1.2339747669e+00 alpha_p32q=2.4111554934e-80 alpha_p32n=2.4111554934e-80 rz32q=7.5231638453e-37 rz32n=7.5231638453e-37 alpha_full_q=1.0000000000e+00 alpha_full_n=1.0000000000e+00
  residual=3.173e-60
iter=236 pAp_d=3.1365230447e-117 p8q=9.5312500000e-01 p8n=1.0000000000e+00 p8q_e2=5.9604644775e-08 p8n_e2=5.9604644775e-08 p16q=3.7252902985e-09 p16n=1.4901161194e-08 p16q_e2=1.3877787808e-17 p16n_e2=1.3877787808e-17 p32q=7.5231638453e-37 p32n=7.5231638453e-37 p64q=2.2108591501e-75 p64n=2.2108591501e-75 alpha_d=1.1920528315e+00 alpha_p32q=4.9698521174e-81 alpha_p32n=4.9698521174e-81 rz32q=7.5231638453e-37 rz32n=7.5231638453e-37 alpha_full_q=1.0000000000e+00 alpha_full_n=1.0000000000e+00
  residual=1.123e-60
iter=237 pAp_d=6.5045243099e-118 p8q=9.3750000000e-01 p8n=1.0000000000e+00 p8q_e2=5.9604644775e-08 p8n_e2=5.9604644775e-08 p16q=3.7252902985e-09 p16n=1.4901161194e-08 p16q_e2=1.3877787808e-17 p16n_e2=1.3877787808e-17 p32q=7.5231638453e-37 p32n=7.5231638453e-37 p64q=2.2108591501e-75 p64n=2.2108591501e-75 alpha_d=1.1806084473e+00 alpha_p32q=1.0207535691e-81 alpha_p32n=1.0207535691e-81 rz32q=7.5231638453e-37 rz32n=7.5231638453e-37 alpha_full_q=1.0000000000e+00 alpha_full_n=1.0000000000e+00
  residual=5.530e-61
iter=238 pAp_d=1.2533664223e-118 p8q=9.6875000000e-01 p8n=1.0000000000e+00 p8q_e2=5.9604644775e-08 p8n_e2=5.9604644775e-08 p16q=3.7252902985e-09 p16n=1.4901161194e-08 p16q_e2=1.3877787808e-17 p16n_e2=1.3877787808e-17 p32q=7.5231638453e-37 p32n=7.5231638453e-37 p64q=2.2108591501e-75 p64n=2.2108591501e-75 alpha_d=1.1866795950e+00 alpha_p32q=1.9770197605e-82 alpha_p32n=1.9770197605e-82 rz32q=7.5231638453e-37 rz32n=7.5231638453e-37 alpha_full_q=1.0000000000e+00 alpha_full_n=1.0000000000e+00
  residual=2.356e-61
iter=239 pAp_d=3.4611543428e-119 p8q=9.3750000000e-01 p8n=1.0000000000e+00 p8q_e2=5.9604644775e-08 p8n_e2=5.9604644775e-08 p16q=3.7252902985e-09 p16n=1.4901161194e-08 p16q_e2=1.3877787808e-17 p16n_e2=1.3877787808e-17 p32q=7.5231638453e-37 p32n=7.5231638453e-37 p64q=2.2108591501e-75 p64n=2.2108591501e-75 alpha_d=1.0220634468e+00 alpha_p32q=4.7021697393e-83 alpha_p32n=4.7021697393e-83 rz32q=7.5231638453e-37 rz32n=7.5231638453e-37 alpha_full_q=1.0000000000e+00 alpha_full_n=1.0000000000e+00
  residual=1.147e-61
iter=240 pAp_d=1.3830893238e-119 p8q=9.6875000000e-01 p8n=1.0000000000e+00 p8q_e2=5.9604644775e-08 p8n_e2=5.9604644775e-08 p16q=3.7252902985e-09 p16n=1.4901161194e-08 p16q_e2=1.3877787808e-17 p16n_e2=1.3877787808e-17 p32q=7.5231638453e-37 p32n=7.5231638453e-37 p64q=2.2108591501e-75 p64n=2.2108591501e-75 alpha_d=8.3318815542e-01 alpha_p32q=1.5317673072e-83 alpha_p32n=1.5317673072e-83 rz32q=7.5231638453e-37 rz32n=7.5231638453e-37 alpha_full_q=1.0000000000e+00 alpha_full_n=1.0000000000e+00
  residual=5.656e-62
iter=241 pAp_d=2.7624272377e-120 p8q=9.3750000000e-01 p8n=1.0000000000e+00 p8q_e2=5.9604644775e-08 p8n_e2=5.9604644775e-08 p16q=3.7252902985e-09 p16n=1.4901161194e-08 p16q_e2=1.3877787808e-17 p16n_e2=1.3877787808e-17 p32q=7.5231638453e-37 p32n=7.5231638453e-37 p64q=2.2108591501e-75 p64n=2.2108591501e-75 alpha_d=1.0460668613e+00 alpha_p32q=3.8410483270e-84 alpha_p32n=3.8410483270e-84 rz32q=7.5231638453e-37 rz32n=7.5231638453e-37 alpha_full_q=1.0000000000e+00 alpha_full_n=1.0000000000e+00
  residual=3.446e-62
iter=242 pAp_d=5.0878643164e-121 p8q=9.6875000000e-01 p8n=1.0000000000e+00 p8q_e2=5.9604644775e-08 p8n_e2=5.9604644775e-08 p16q=3.7252902985e-09 p16n=1.4901161194e-08 p16q_e2=1.3877787808e-17 p16n_e2=1.3877787808e-17 p32q=7.5231638453e-37 p32n=7.5231638453e-37 p64q=2.2108591501e-75 p64n=2.2108591501e-75 alpha_d=1.2028344945e+00 alpha_p32q=8.1346875187e-85 alpha_p32n=8.1346875187e-85 rz32q=7.5231638453e-37 rz32n=7.5231638453e-37 alpha_full_q=1.0000000000e+00 alpha_full_n=1.0000000000e+00
  residual=1.664e-62
iter=243 pAp_d=1.0457103379e-121 p8q=9.2187500000e-01 p8n=1.0000000000e+00 p8q_e2=5.9604644775e-08 p8n_e2=5.9604644775e-08 p16q=3.7252902985e-09 p16n=1.4901161194e-08 p16q_e2=1.3877787808e-17 p16n_e2=1.3877787808e-17 p32q=7.5231638453e-37 p32n=7.5231638453e-37 p64q=2.2108591501e-75 p64n=2.2108591501e-75 alpha_d=1.3080327106e+00 alpha_p32q=1.8181490606e-85 alpha_p32n=1.8181490606e-85 rz32q=7.5231638453e-37 rz32n=7.5231638453e-37 alpha_full_q=1.0000000000e+00 alpha_full_n=1.0000000000e+00
  residual=6.324e-63
iter=244 pAp_d=2.6488573887e-122 p8q=9.5312500000e-01 p8n=1.0000000000e+00 p8q_e2=5.9604644775e-08 p8n_e2=5.9604644775e-08 p16q=3.7252902985e-09 p16n=1.4901161194e-08 p16q_e2=1.3877787808e-17 p16n_e2=1.3877787808e-17 p32q=7.5231638453e-37 p32n=7.5231638453e-37 p64q=2.2108591501e-75 p64n=2.2108591501e-75 alpha_d=1.5274342237e+00 alpha_p32q=5.3779972263e-86 alpha_p32n=5.3779972263e-86 rz32q=7.5231638453e-37 rz32n=7.5231638453e-37 alpha_full_q=1.0000000000e+00 alpha_full_n=1.0000000000e+00
  residual=6.763e-63
iter=245 pAp_d=1.0238907745e-122 p8q=9.5312500000e-01 p8n=1.0000000000e+00 p8q_e2=5.9604644775e-08 p8n_e2=5.9604644775e-08 p16q=3.7252902985e-09 p16n=1.4901161194e-08 p16q_e2=1.3877787808e-17 p16n_e2=1.3877787808e-17 p32q=7.5231638453e-37 p32n=7.5231638453e-37 p64q=2.2108591501e-75 p64n=2.2108591501e-75 alpha_d=1.9737778834e+00 alpha_p32q=2.6862806756e-86 alpha_p32n=2.6862806756e-86 rz32q=7.5231638453e-37 rz32n=7.5231638453e-37 alpha_full_q=1.0000000000e+00 alpha_full_n=1.0000000000e+00
  residual=5.240e-63
iter=246 pAp_d=7.6044980730e-123 p8q=9.6875000000e-01 p8n=1.0000000000e+00 p8q_e2=5.9604644775e-08 p8n_e2=5.9604644775e-08 p16q=3.7252902985e-09 p16n=1.4901161194e-08 p16q_e2=1.3877787808e-17 p16n_e2=1.3877787808e-17 p32q=7.5231638453e-37 p32n=7.5231638453e-37 p64q=2.2108591501e-75 p64n=2.2108591501e-75 alpha_d=1.9998078401e+00 alpha_p32q=2.0214281091e-86 alpha_p32n=2.0214281091e-86 rz32q=7.5231638453e-37 rz32n=7.5231638453e-37 alpha_full_q=1.0000000000e+00 alpha_full_n=1.0000000000e+00
  residual=3.403e-63
iter=247 pAp_d=6.5924234024e-123 p8q=9.6875000000e-01 p8n=1.0000000000e+00 p8q_e2=5.9604644775e-08 p8n_e2=5.9604644775e-08 p16q=3.7252902985e-09 p16n=1.4901161194e-08 p16q_e2=1.3877787808e-17 p16n_e2=1.3877787808e-17 p32q=7.5231638453e-37 p32n=7.5231638453e-37 p64q=2.2108591501e-75 p64n=2.2108591501e-75 alpha_d=1.6157811699e+00 alpha_p32q=1.4158821763e-86 alpha_p32n=1.4158821763e-86 rz32q=7.5231638453e-37 rz32n=7.5231638453e-37 alpha_full_q=1.0000000000e+00 alpha_full_n=1.0000000000e+00
  residual=3.268e-63
iter=248 pAp_d=3.0654531988e-123 p8q=9.3750000000e-01 p8n=1.0000000000e+00 p8q_e2=5.9604644775e-08 p8n_e2=5.9604644775e-08 p16q=3.7252902985e-09 p16n=1.4901161194e-08 p16q_e2=1.3877787808e-17 p16n_e2=1.3877787808e-17 p32q=7.5231638453e-37 p32n=7.5231638453e-37 p64q=2.2108591501e-75 p64n=2.2108591501e-75 alpha_d=1.3362150619e+00 alpha_p32q=5.4446570885e-87 alpha_p32n=5.4446570885e-87 rz32q=7.5231638453e-37 rz32n=7.5231638453e-37 alpha_full_q=1.0000000000e+00 alpha_full_n=1.0000000000e+00
  residual=1.162e-63
iter=249 pAp_d=8.2781031615e-124 p8q=9.2187500000e-01 p8n=1.0000000000e+00 p8q_e2=5.9604644775e-08 p8n_e2=5.9604644775e-08 p16q=3.7252902985e-09 p16n=1.4901161194e-08 p16q_e2=1.3877787808e-17 p16n_e2=1.3877787808e-17 p32q=7.5231638453e-37 p32n=7.5231638453e-37 p64q=2.2108591501e-75 p64n=2.2108591501e-75 alpha_d=1.2441211840e+00 alpha_p32q=1.3689670620e-87 alpha_p32n=1.3689670620e-87 rz32q=7.5231638453e-37 rz32n=7.5231638453e-37 alpha_full_q=1.0000000000e+00 alpha_full_n=1.0000000000e+00
  residual=6.130e-64
iter=250 pAp_d=1.8857456545e-124 p8q=9.5312500000e-01 p8n=1.0000000000e+00 p8q_e2=5.9604644775e-08 p8n_e2=5.9604644775e-08 p16q=3.7252902985e-09 p16n=1.4901161194e-08 p16q_e2=1.3877787808e-17 p16n_e2=1.3877787808e-17 p32q=7.5231638453e-37 p32n=7.5231638453e-37 p64q=2.2108591501e-75 p64n=2.2108591501e-75 alpha_d=1.2383775383e+00 alpha_p32q=3.1040996973e-88 alpha_p32n=3.1040996973e-88 rz32q=7.5231638453e-37 rz32n=7.5231638453e-37 alpha_full_q=1.0000000000e+00 alpha_full_n=1.0000000000e+00
  residual=3.693e-64
iter=251 pAp_d=4.1499892469e-125 p8q=9.2187500000e-01 p8n=9.8437500000e-01 p8q_e2=5.9604644775e-08 p8n_e2=0.0000000000e+00 p16q=3.7252902985e-09 p16n=1.4901161194e-08 p16q_e2=1.3877787808e-17 p16n_e2=0.0000000000e+00 p32q=7.5231638453e-37 p32n=0.0000000000e+00 p64q=2.2108591501e-75 p64n=0.0000000000e+00 alpha_d=1.1854756311e+00 alpha_p32q=6.5394177540e-89 alpha_p32n=0.0000000000e+00 rz32q=7.5231638453e-37 rz32n=7.5231638453e-37 alpha_full_q=1.0000000000e+00 alpha_full_n=0.0000000000e+00
  residual=9.617e-65
iter=252 pAp_d=7.8441806282e-126 p8q=9.3750000000e-01 p8n=1.0000000000e+00 p8q_e2=5.9604644775e-08 p8n_e2=5.9604644775e-08 p16q=3.7252902985e-09 p16n=1.4901161194e-08 p16q_e2=1.3877787808e-17 p16n_e2=1.3877787808e-17 p32q=7.5231638453e-37 p32n=7.5231638453e-37 p64q=2.2108591501e-75 p64n=2.2108591501e-75 alpha_d=1.2117613542e+00 alpha_p32q=1.2634677558e-89 alpha_p32n=1.2634677558e-89 rz32q=7.5231638453e-37 rz32n=7.5231638453e-37 alpha_full_q=1.0000000000e+00 alpha_full_n=1.0000000000e+00
  residual=6.777e-65
iter=253 pAp_d=1.7693449657e-126 p8q=9.3750000000e-01 p8n=9.8437500000e-01 p8q_e2=5.9604644775e-08 p8n_e2=0.0000000000e+00 p16q=3.7252902985e-09 p16n=1.4901161194e-08 p16q_e2=1.3877787808e-17 p16n_e2=0.0000000000e+00 p32q=7.5231638453e-37 p32n=0.0000000000e+00 p64q=2.2108591501e-75 p64n=0.0000000000e+00 alpha_d=1.1846169381e+00 alpha_p32q=2.7860565830e-90 alpha_p32n=0.0000000000e+00 rz32q=7.5231638453e-37 rz32n=7.5231638453e-37 alpha_full_q=1.0000000000e+00 alpha_full_n=0.0000000000e+00
  residual=2.710e-65
iter=254 pAp_d=4.4378444124e-127 p8q=9.2187500000e-01 p8n=1.0000000000e+00 p8q_e2=5.9604644775e-08 p8n_e2=5.9604644775e-08 p16q=3.7252902985e-09 p16n=1.4901161194e-08 p16q_e2=1.3877787808e-17 p16n_e2=1.3877787808e-17 p32q=7.5231638453e-37 p32n=7.5231638453e-37 p64q=2.2108591501e-75 p64n=2.2108591501e-75 alpha_d=1.0385284946e+00 alpha_p32q=6.1261830418e-91 alpha_p32n=6.1261830418e-91 rz32q=7.5231638453e-37 rz32n=7.5231638453e-37 alpha_full_q=1.0000000000e+00 alpha_full_n=1.0000000000e+00
  residual=1.360e-65
iter=255 pAp_d=1.8401992106e-127 p8q=9.5312500000e-01 p8n=1.0000000000e+00 p8q_e2=5.9604644775e-08 p8n_e2=5.9604644775e-08 p16q=3.7252902985e-09 p16n=1.4901161194e-08 p16q_e2=1.3877787808e-17 p16n_e2=1.3877787808e-17 p32q=7.5231638453e-37 p32n=7.5231638453e-37 p64q=2.2108591501e-75 p64n=2.2108591501e-75 alpha_d=7.8481411059e-01 alpha_p32q=1.9196900885e-91 alpha_p32n=1.9196900885e-91 rz32q=7.5231638453e-37 rz32n=7.5231638453e-37 alpha_full_q=1.0000000000e+00 alpha_full_n=1.0000000000e+00
  residual=6.904e-66
iter=256 pAp_d=3.6389201796e-128 p8q=9.5312500000e-01 p8n=9.8437500000e-01 p8q_e2=5.9604644775e-08 p8n_e2=0.0000000000e+00 p16q=3.7252902985e-09 p16n=1.4901161194e-08 p16q_e2=1.3877787808e-17 p16n_e2=0.0000000000e+00 p32q=7.5231638453e-37 p32n=0.0000000000e+00 p64q=2.2108591501e-75 p64n=0.0000000000e+00 alpha_d=1.0226104123e+00 alpha_p32q=4.9463201142e-92 alpha_p32n=0.0000000000e+00 rz32q=7.5231638453e-37 rz32n=7.5231638453e-37 alpha_full_q=1.0000000000e+00 alpha_full_n=0.0000000000e+00
  residual=3.787e-66
iter=257 pAp_d=6.6133647699e-129 p8q=9.3750000000e-01 p8n=9.8437500000e-01 p8q_e2=5.9604644775e-08 p8n_e2=0.0000000000e+00 p16q=3.7252902985e-09 p16n=1.4901161194e-08 p16q_e2=1.3877787808e-17 p16n_e2=0.0000000000e+00 p32q=7.5231638453e-37 p32n=0.0000000000e+00 p64q=2.2108591501e-75 p64n=0.0000000000e+00 alpha_d=1.1827435383e+00 alpha_p32q=1.0397107665e-92 alpha_p32n=0.0000000000e+00 rz32q=7.5231638453e-37 rz32n=7.5231638453e-37 alpha_full_q=1.0000000000e+00 alpha_full_n=0.0000000000e+00
  residual=1.744e-66
iter=258 pAp_d=1.3336530476e-129 p8q=9.0625000000e-01 p8n=1.0000000000e+00 p8q_e2=5.9604644775e-08 p8n_e2=5.9604644775e-08 p16q=3.7252902985e-09 p16n=1.4901161194e-08 p16q_e2=1.3877787808e-17 p16n_e2=1.3877787808e-17 p32q=7.5231638453e-37 p32n=7.5231638453e-37 p64q=2.2108591501e-75 p64n=2.2108591501e-75 alpha_d=1.1947875392e+00 alpha_p32q=2.1180344807e-93 alpha_p32n=2.1180344807e-93 rz32q=7.5231638453e-37 rz32n=7.5231638453e-37 alpha_full_q=1.0000000000e+00 alpha_full_n=1.0000000000e+00
  residual=6.879e-67
iter=259 pAp_d=2.6340554123e-130 p8q=9.6875000000e-01 p8n=1.0000000000e+00 p8q_e2=5.9604644775e-08 p8n_e2=5.9604644775e-08 p16q=3.7252902985e-09 p16n=1.4901161194e-08 p16q_e2=1.3877787808e-17 p16n_e2=1.3877787808e-17 p32q=7.5231638453e-37 p32n=7.5231638453e-37 p64q=2.2108591501e-75 p64n=2.2108591501e-75 alpha_d=1.2288003626e+00 alpha_p32q=4.3023497991e-94 alpha_p32n=4.3023497991e-94 rz32q=7.5231638453e-37 rz32n=7.5231638453e-37 alpha_full_q=1.0000000000e+00 alpha_full_n=1.0000000000e+00
  residual=3.858e-67
iter=260 pAp_d=5.6704102026e-131 p8q=9.0625000000e-01 p8n=1.0000000000e+00 p8q_e2=5.9604644775e-08 p8n_e2=5.9604644775e-08 p16q=3.7252902985e-09 p16n=1.4901161194e-08 p16q_e2=1.3877787808e-17 p16n_e2=1.3877787808e-17 p32q=7.5231638453e-37 p32n=7.5231638453e-37 p64q=2.2108591501e-75 p64n=2.2108591501e-75 alpha_d=1.2460869007e+00 alpha_p32q=9.3920909083e-95 alpha_p32n=9.3920909083e-95 rz32q=7.5231638453e-37 rz32n=7.5231638453e-37 alpha_full_q=1.0000000000e+00 alpha_full_n=1.0000000000e+00
  residual=1.560e-67
iter=261 pAp_d=1.3188109638e-131 p8q=9.2187500000e-01 p8n=1.0000000000e+00 p8q_e2=5.9604644775e-08 p8n_e2=5.9604644775e-08 p16q=3.7252902985e-09 p16n=1.4901161194e-08 p16q_e2=1.3877787808e-17 p16n_e2=1.3877787808e-17 p32q=7.5231638453e-37 p32n=7.5231638453e-37 p64q=2.2108591501e-75 p64n=2.2108591501e-75 alpha_d=1.3995816482e+00 alpha_p32q=2.4534672650e-95 alpha_p32n=2.4534672650e-95 rz32q=7.5231638453e-37 rz32n=7.5231638453e-37 alpha_full_q=1.0000000000e+00 alpha_full_n=1.0000000000e+00
  residual=1.094e-67
iter=262 pAp_d=3.8163076540e-132 p8q=9.6875000000e-01 p8n=1.0000000000e+00 p8q_e2=5.9604644775e-08 p8n_e2=5.9604644775e-08 p16q=3.7252902985e-09 p16n=1.4901161194e-08 p16q_e2=1.3877787808e-17 p16n_e2=1.3877787808e-17 p32q=7.5231638453e-37 p32n=7.5231638453e-37 p64q=2.2108591501e-75 p64n=2.2108591501e-75 alpha_d=1.7304434870e+00 alpha_p32q=8.7780950409e-96 alpha_p32n=8.7780950409e-96 rz32q=7.5231638453e-37 rz32n=7.5231638453e-37 alpha_full_q=1.0000000000e+00 alpha_full_n=1.0000000000e+00
  residual=8.852e-68
iter=263 pAp_d=2.0155296601e-132 p8q=9.5312500000e-01 p8n=1.0000000000e+00 p8q_e2=5.9604644775e-08 p8n_e2=5.9604644775e-08 p16q=3.7252902985e-09 p16n=1.4901161194e-08 p16q_e2=1.3877787808e-17 p16n_e2=1.3877787808e-17 p32q=7.5231638453e-37 p32n=7.5231638453e-37 p64q=2.2108591501e-75 p64n=2.2108591501e-75 alpha_d=2.0690106146e+00 alpha_p32q=5.5430831318e-96 alpha_p32n=5.5430831318e-96 rz32q=7.5231638453e-37 rz32n=7.5231638453e-37 alpha_full_q=1.0000000000e+00 alpha_full_n=1.0000000000e+00
  residual=6.912e-68
iter=264 pAp_d=1.7829518688e-132 p8q=9.6875000000e-01 p8n=1.0000000000e+00 p8q_e2=5.9604644775e-08 p8n_e2=5.9604644775e-08 p16q=3.7252902985e-09 p16n=1.4901161194e-08 p16q_e2=1.3877787808e-17 p16n_e2=1.3877787808e-17 p32q=7.5231638453e-37 p32n=7.5231638453e-37 p64q=2.2108591501e-75 p64n=2.2108591501e-75 alpha_d=1.8687243389e+00 alpha_p32q=4.4287823858e-96 alpha_p32n=4.4287823858e-96 rz32q=7.5231638453e-37 rz32n=7.5231638453e-37 alpha_full_q=1.0000000000e+00 alpha_full_n=1.0000000000e+00
  residual=6.290e-68
iter=265 pAp_d=1.2338614862e-132 p8q=9.5312500000e-01 p8n=1.0000000000e+00 p8q_e2=5.9604644775e-08 p8n_e2=5.9604644775e-08 p16q=3.7252902985e-09 p16n=1.4901161194e-08 p16q_e2=1.3877787808e-17 p16n_e2=1.3877787808e-17 p32q=7.5231638453e-37 p32n=7.5231638453e-37 p64q=2.2108591501e-75 p64n=2.2108591501e-75 alpha_d=1.4192490254e+00 alpha_p32q=2.3276865262e-96 alpha_p32n=2.3276865262e-96 rz32q=7.5231638453e-37 rz32n=7.5231638453e-37 alpha_full_q=1.0000000000e+00 alpha_full_n=1.0000000000e+00
  residual=2.826e-68
iter=266 pAp_d=4.1175842233e-133 p8q=9.2187500000e-01 p8n=1.0000000000e+00 p8q_e2=5.9604644775e-08 p8n_e2=5.9604644775e-08 p16q=3.7252902985e-09 p16n=1.4901161194e-08 p16q_e2=1.3877787808e-17 p16n_e2=1.3877787808e-17 p32q=7.5231638453e-37 p32n=7.5231638453e-37 p64q=2.2108591501e-75 p64n=2.2108591501e-75 alpha_d=1.3020615753e+00 alpha_p32q=7.1264541227e-97 alpha_p32n=7.1264541227e-97 rz32q=7.5231638453e-37 rz32n=7.5231638453e-37 alpha_full_q=1.0000000000e+00 alpha_full_n=1.0000000000e+00
  residual=1.522e-68
iter=267 pAp_d=1.0714653083e-133 p8q=9.6875000000e-01 p8n=1.0000000000e+00 p8q_e2=5.9604644775e-08 p8n_e2=5.9604644775e-08 p16q=3.7252902985e-09 p16n=1.4901161194e-08 p16q_e2=1.3877787808e-17 p16n_e2=1.3877787808e-17 p32q=7.5231638453e-37 p32n=7.5231638453e-37 p64q=2.2108591501e-75 p64n=2.2108591501e-75 alpha_d=1.2330458158e+00 alpha_p32q=1.7561305886e-97 alpha_p32n=1.7561305886e-97 rz32q=7.5231638453e-37 rz32n=7.5231638453e-37 alpha_full_q=1.0000000000e+00 alpha_full_n=1.0000000000e+00
  residual=8.083e-69
iter=268 pAp_d=2.2258317008e-134 p8q=9.5312500000e-01 p8n=1.0000000000e+00 p8q_e2=5.9604644775e-08 p8n_e2=5.9604644775e-08 p16q=3.7252902985e-09 p16n=1.4901161194e-08 p16q_e2=1.3877787808e-17 p16n_e2=1.3877787808e-17 p32q=7.5231638453e-37 p32n=7.5231638453e-37 p64q=2.2108591501e-75 p64n=2.2108591501e-75 alpha_d=1.1905937242e+00 alpha_p32q=3.5225356096e-98 alpha_p32n=3.5225356096e-98 rz32q=7.5231638453e-37 rz32n=7.5231638453e-37 alpha_full_q=1.0000000000e+00 alpha_full_n=1.0000000000e+00
  residual=2.610e-69
iter=269 pAp_d=4.4889731533e-135 p8q=9.6875000000e-01 p8n=9.8437500000e-01 p8q_e2=5.9604644775e-08 p8n_e2=0.0000000000e+00 p16q=3.7252902985e-09 p16n=1.4901161194e-08 p16q_e2=1.3877787808e-17 p16n_e2=0.0000000000e+00 p32q=7.5231638453e-37 p32n=0.0000000000e+00 p64q=2.2108591501e-75 p64n=0.0000000000e+00 alpha_d=1.2069423605e+00 alpha_p32q=7.2016666994e-99 alpha_p32n=0.0000000000e+00 rz32q=7.5231638453e-37 rz32n=7.5231638453e-37 alpha_full_q=1.0000000000e+00 alpha_full_n=0.0000000000e+00
  residual=1.642e-69
iter=270 pAp_d=9.6857080229e-136 p8q=9.5312500000e-01 p8n=1.0000000000e+00 p8q_e2=5.9604644775e-08 p8n_e2=5.9604644775e-08 p16q=3.7252902985e-09 p16n=1.4901161194e-08 p16q_e2=1.3877787808e-17 p16n_e2=1.3877787808e-17 p32q=7.5231638453e-37 p32n=7.5231638453e-37 p64q=2.2108591501e-75 p64n=2.2108591501e-75 alpha_d=1.1866345106e+00 alpha_p32q=1.5277342931e-99 alpha_p32n=1.5277342931e-99 rz32q=7.5231638453e-37 rz32n=7.5231638453e-37 alpha_full_q=1.0000000000e+00 alpha_full_n=1.0000000000e+00
  residual=5.902e-70
iter=271 pAp_d=2.2036421887e-136 p8q=9.2187500000e-01 p8n=1.0000000000e+00 p8q_e2=5.9604644775e-08 p8n_e2=5.9604644775e-08 p16q=3.7252902985e-09 p16n=1.4901161194e-08 p16q_e2=1.3877787808e-17 p16n_e2=1.3877787808e-17 p32q=7.5231638453e-37 p32n=7.5231638453e-37 p64q=2.2108591501e-75 p64n=2.2108591501e-75 alpha_d=1.0846465023e+00 alpha_p32q=3.1770845902e-100 alpha_p32n=3.1770845902e-100 rz32q=7.5231638453e-37 rz32n=7.5231638453e-37 alpha_full_q=1.0000000000e+00 alpha_full_n=1.0000000000e+00
  residual=3.101e-70
iter=272 pAp_d=8.6450118682e-137 p8q=9.5312500000e-01 p8n=1.0000000000e+00 p8q_e2=5.9604644775e-08 p8n_e2=5.9604644775e-08 p16q=3.7252902985e-09 p16n=1.4901161194e-08 p16q_e2=1.3877787808e-17 p16n_e2=1.3877787808e-17 p32q=7.5231638453e-37 p32n=7.5231638453e-37 p64q=2.2108591501e-75 p64n=2.2108591501e-75 alpha_d=8.4162447884e-01 alpha_p32q=9.6712683092e-101 alpha_p32n=9.6712683092e-101 rz32q=7.5231638453e-37 rz32n=7.5231638453e-37 alpha_full_q=1.0000000000e+00 alpha_full_n=1.0000000000e+00
  residual=1.525e-70
iter=273 pAp_d=2.4567435884e-137 p8q=9.5312500000e-01 p8n=1.0000000000e+00 p8q_e2=5.9604644775e-08 p8n_e2=5.9604644775e-08 p16q=3.7252902985e-09 p16n=1.4901161194e-08 p16q_e2=1.3877787808e-17 p16n_e2=1.3877787808e-17 p32q=7.5231638453e-37 p32n=7.5231638453e-37 p64q=2.2108591501e-75 p64n=2.2108591501e-75 alpha_d=9.3853320271e-01 alpha_p32q=3.0648480821e-101 alpha_p32n=3.0648480821e-101 rz32q=7.5231638453e-37 rz32n=7.5231638453e-37 alpha_full_q=1.0000000000e+00 alpha_full_n=1.0000000000e+00
  residual=1.006e-70
iter=274 pAp_d=3.9746454413e-138 p8q=9.6875000000e-01 p8n=1.0000000000e+00 p8q_e2=5.9604644775e-08 p8n_e2=5.9604644775e-08 p16q=3.7252902985e-09 p16n=1.4901161194e-08 p16q_e2=1.3877787808e-17 p16n_e2=1.3877787808e-17 p32q=7.5231638453e-37 p32n=7.5231638453e-37 p64q=2.2108591501e-75 p64n=2.2108591501e-75 alpha_d=1.1346483284e+00 alpha_p32q=5.9945853880e-102 alpha_p32n=5.9945853880e-102 rz32q=7.5231638453e-37 rz32n=7.5231638453e-37 alpha_full_q=1.0000000000e+00 alpha_full_n=1.0000000000e+00
  residual=3.938e-71
iter=275 pAp_d=6.8623804136e-139 p8q=9.2187500000e-01 p8n=1.0000000000e+00 p8q_e2=5.9604644775e-08 p8n_e2=5.9604644775e-08 p16q=3.7252902985e-09 p16n=1.4901161194e-08 p16q_e2=1.3877787808e-17 p16n_e2=1.3877787808e-17 p32q=7.5231638453e-37 p32n=7.5231638453e-37 p64q=2.2108591501e-75 p64n=2.2108591501e-75 alpha_d=1.2107780818e+00 alpha_p32q=1.1044315882e-102 alpha_p32n=1.1044315882e-102 rz32q=7.5231638453e-37 rz32n=7.5231638453e-37 alpha_full_q=1.0000000000e+00 alpha_full_n=1.0000000000e+00
  residual=1.339e-71
iter=276 pAp_d=1.4978160226e-139 p8q=9.6875000000e-01 p8n=1.0000000000e+00 p8q_e2=5.9604644775e-08 p8n_e2=5.9604644775e-08 p16q=3.7252902985e-09 p16n=1.4901161194e-08 p16q_e2=1.3877787808e-17 p16n_e2=1.3877787808e-17 p32q=7.5231638453e-37 p32n=7.5231638453e-37 p64q=2.2108591501e-75 p64n=2.2108591501e-75 alpha_d=1.2113197983e+00 alpha_p32q=2.4116638155e-103 alpha_p32n=2.4116638155e-103 rz32q=7.5231638453e-37 rz32n=7.5231638453e-37 alpha_full_q=1.0000000000e+00 alpha_full_n=1.0000000000e+00
  residual=9.519e-72
iter=277 pAp_d=3.1085739473e-140 p8q=9.3750000000e-01 p8n=1.0000000000e+00 p8q_e2=5.9604644775e-08 p8n_e2=5.9604644775e-08 p16q=3.7252902985e-09 p16n=1.4901161194e-08 p16q_e2=1.3877787808e-17 p16n_e2=1.3877787808e-17 p32q=7.5231638453e-37 p32n=7.5231638453e-37 p64q=2.2108591501e-75 p64n=2.2108591501e-75 alpha_d=1.1903609524e+00 alpha_p32q=4.9185756429e-104 alpha_p32n=4.9185756429e-104 rz32q=7.5231638453e-37 rz32n=7.5231638453e-37 alpha_full_q=1.0000000000e+00 alpha_full_n=1.0000000000e+00
  residual=3.077e-72
iter=278 pAp_d=5.9106056431e-141 p8q=9.2187500000e-01 p8n=1.0000000000e+00 p8q_e2=5.9604644775e-08 p8n_e2=5.9604644775e-08 p16q=3.7252902985e-09 p16n=1.4901161194e-08 p16q_e2=1.3877787808e-17 p16n_e2=1.3877787808e-17 p32q=7.5231638453e-37 p32n=7.5231638453e-37 p64q=2.2108591501e-75 p64n=2.2108591501e-75 alpha_d=1.2169131001e+00 alpha_p32q=9.5607294810e-105 alpha_p32n=9.5607294810e-105 rz32q=7.5231638453e-37 rz32n=7.5231638453e-37 alpha_full_q=1.0000000000e+00 alpha_full_n=1.0000000000e+00
  residual=1.613e-72
iter=279 pAp_d=1.2785798246e-141 p8q=9.5312500000e-01 p8n=1.0000000000e+00 p8q_e2=5.9604644775e-08 p8n_e2=5.9604644775e-08 p16q=3.7252902985e-09 p16n=1.4901161194e-08 p16q_e2=1.3877787808e-17 p16n_e2=1.3877787808e-17 p32q=7.5231638453e-37 p32n=7.5231638453e-37 p64q=2.2108591501e-75 p64n=2.2108591501e-75 alpha_d=1.2123436146e+00 alpha_p32q=2.0604071877e-105 alpha_p32n=2.0604071877e-105 rz32q=7.5231638453e-37 rz32n=7.5231638453e-37 alpha_full_q=1.0000000000e+00 alpha_full_n=1.0000000000e+00
  residual=7.816e-73
iter=280 pAp_d=2.6886259373e-142 p8q=9.2187500000e-01 p8n=1.0000000000e+00 p8q_e2=5.9604644775e-08 p8n_e2=5.9604644775e-08 p16q=3.7252902985e-09 p16n=1.4901161194e-08 p16q_e2=1.3877787808e-17 p16n_e2=1.3877787808e-17 p32q=7.5231638453e-37 p32n=7.5231638453e-37 p64q=2.2108591501e-75 p64n=2.2108591501e-75 alpha_d=1.1733592060e+00 alpha_p32q=4.1933474529e-106 alpha_p32n=4.1933474529e-106 rz32q=7.5231638453e-37 rz32n=7.5231638453e-37 alpha_full_q=1.0000000000e+00 alpha_full_n=1.0000000000e+00
  residual=2.515e-73
iter=281 pAp_d=5.1350982570e-143 p8q=9.5312500000e-01 p8n=9.8437500000e-01 p8q_e2=5.9604644775e-08 p8n_e2=0.0000000000e+00 p16q=3.7252902985e-09 p16n=1.4901161194e-08 p16q_e2=1.3877787808e-17 p16n_e2=0.0000000000e+00 p32q=7.5231638453e-37 p32n=0.0000000000e+00 p64q=2.2108591501e-75 p64n=0.0000000000e+00 alpha_d=1.1958014821e+00 alpha_p32q=8.1622017445e-107 alpha_p32n=0.0000000000e+00 rz32q=7.5231638453e-37 rz32n=7.5231638453e-37 alpha_full_q=1.0000000000e+00 alpha_full_n=0.0000000000e+00
  residual=1.654e-73
iter=282 pAp_d=1.5989932056e-143 p8q=9.3750000000e-01 p8n=1.0000000000e+00 p8q_e2=5.9604644775e-08 p8n_e2=5.9604644775e-08 p16q=3.7252902985e-09 p16n=1.4901161194e-08 p16q_e2=1.3877787808e-17 p16n_e2=1.3877787808e-17 p32q=7.5231638453e-37 p32n=7.5231638453e-37 p64q=2.2108591501e-75 p64n=2.2108591501e-75 alpha_d=9.8567677234e-01 alpha_p32q=2.0949835658e-107 alpha_p32n=2.0949835658e-107 rz32q=7.5231638453e-37 rz32n=7.5231638453e-37 alpha_full_q=1.0000000000e+00 alpha_full_n=1.0000000000e+00
  residual=5.425e-74
iter=283 pAp_d=5.9644741875e-144 p8q=9.2187500000e-01 p8n=1.0000000000e+00 p8q_e2=5.9604644775e-08 p8n_e2=5.9604644775e-08 p16q=3.7252902985e-09 p16n=1.4901161194e-08 p16q_e2=1.3877787808e-17 p16n_e2=1.3877787808e-17 p32q=7.5231638453e-37 p32n=7.5231638453e-37 p64q=2.2108591501e-75 p64n=2.2108591501e-75 alpha_d=8.3385472206e-01 alpha_p32q=6.6109220378e-108 alpha_p32n=6.6109220378e-108 rz32q=7.5231638453e-37 rz32n=7.5231638453e-37 alpha_full_q=1.0000000000e+00 alpha_full_n=1.0000000000e+00
  residual=4.370e-74
iter=284 pAp_d=1.1294603383e-144 p8q=9.3750000000e-01 p8n=1.0000000000e+00 p8q_e2=5.9604644775e-08 p8n_e2=5.9604644775e-08 p16q=3.7252902985e-09 p16n=1.4901161194e-08 p16q_e2=1.3877787808e-17 p16n_e2=1.3877787808e-17 p32q=7.5231638453e-37 p32n=7.5231638453e-37 p64q=2.2108591501e-75 p64n=2.2108591501e-75 alpha_d=1.0575014084e+00 alpha_p32q=1.5876377586e-108 alpha_p32n=1.5876377586e-108 rz32q=7.5231638453e-37 rz32n=7.5231638453e-37 alpha_full_q=1.0000000000e+00 alpha_full_n=1.0000000000e+00
  residual=1.551e-74
iter=285 pAp_d=1.9759618668e-145 p8q=9.3750000000e-01 p8n=1.0000000000e+00 p8q_e2=5.9604644775e-08 p8n_e2=5.9604644775e-08 p16q=3.7252902985e-09 p16n=1.4901161194e-08 p16q_e2=1.3877787808e-17 p16n_e2=1.3877787808e-17 p32q=7.5231638453e-37 p32n=7.5231638453e-37 p64q=2.2108591501e-75 p64n=2.2108591501e-75 alpha_d=1.2083431419e+00 alpha_p32q=3.1737178924e-109 alpha_p32n=3.1737178924e-109 rz32q=7.5231638453e-37 rz32n=7.5231638453e-37 alpha_full_q=1.0000000000e+00 alpha_full_n=1.0000000000e+00
  residual=9.834e-75
iter=286 pAp_d=4.2410305499e-146 p8q=9.6875000000e-01 p8n=1.0000000000e+00 p8q_e2=5.9604644775e-08 p8n_e2=5.9604644775e-08 p16q=3.7252902985e-09 p16n=1.4901161194e-08 p16q_e2=1.3877787808e-17 p16n_e2=1.3877787808e-17 p32q=7.5231638453e-37 p32n=7.5231638453e-37 p64q=2.2108591501e-75 p64n=2.2108591501e-75 alpha_d=1.2325300954e+00 alpha_p32q=6.9481376399e-110 alpha_p32n=6.9481376399e-110 rz32q=7.5231638453e-37 rz32n=7.5231638453e-37 alpha_full_q=1.0000000000e+00 alpha_full_n=1.0000000000e+00
  residual=4.073e-75
iter=287 pAp_d=8.9570456611e-147 p8q=9.3750000000e-01 p8n=1.0000000000e+00 p8q_e2=5.9604644775e-08 p8n_e2=5.9604644775e-08 p16q=3.7252902985e-09 p16n=1.4901161194e-08 p16q_e2=1.3877787808e-17 p16n_e2=1.3877787808e-17 p32q=7.5231638453e-37 p32n=7.5231638453e-37 p64q=2.2108591501e-75 p64n=2.2108591501e-75 alpha_d=1.3796592369e+00 alpha_p32q=1.6426161966e-110 alpha_p32n=1.6426161966e-110 rz32q=7.5231638453e-37 rz32n=7.5231638453e-37 alpha_full_q=1.0000000000e+00 alpha_full_n=1.0000000000e+00
  residual=2.289e-75
iter=288 pAp_d=2.5385942386e-147 p8q=9.5312500000e-01 p8n=1.0000000000e+00 p8q_e2=5.9604644775e-08 p8n_e2=5.9604644775e-08 p16q=3.7252902985e-09 p16n=1.4901161194e-08 p16q_e2=1.3877787808e-17 p16n_e2=1.3877787808e-17 p32q=7.5231638453e-37 p32n=7.5231638453e-37 p64q=2.2108591501e-75 p64n=2.2108591501e-75 alpha_d=1.8666537458e+00 alpha_p32q=6.2987813930e-111 alpha_p32n=6.2987813930e-111 rz32q=7.5231638453e-37 rz32n=7.5231638453e-37 alpha_full_q=1.0000000000e+00 alpha_full_n=1.0000000000e+00
  residual=2.450e-75
iter=289 pAp_d=1.4337340398e-147 p8q=9.3750000000e-01 p8n=1.0000000000e+00 p8q_e2=5.9604644775e-08 p8n_e2=5.9604644775e-08 p16q=3.7252902985e-09 p16n=1.4901161194e-08 p16q_e2=1.3877787808e-17 p16n_e2=1.3877787808e-17 p32q=7.5231638453e-37 p32n=7.5231638453e-37 p64q=2.2108591501e-75 p64n=2.2108591501e-75 alpha_d=2.6532616448e+00 alpha_p32q=5.0564783846e-111 alpha_p32n=5.0564783846e-111 rz32q=7.5231638453e-37 rz32n=7.5231638453e-37 alpha_full_q=1.0000000000e+00 alpha_full_n=1.0000000000e+00
  residual=2.619e-75
iter=290 pAp_d=2.0699967931e-147 p8q=9.5312500000e-01 p8n=1.0000000000e+00 p8q_e2=5.9604644775e-08 p8n_e2=5.9604644775e-08 p16q=3.7252902985e-09 p16n=1.4901161194e-08 p16q_e2=1.3877787808e-17 p16n_e2=1.3877787808e-17 p32q=7.5231638453e-37 p32n=7.5231638453e-37 p64q=2.2108591501e-75 p64n=2.2108591501e-75 alpha_d=2.6163528150e+00 alpha_p32q=7.1988887228e-111 alpha_p32n=7.1988887228e-111 rz32q=7.5231638453e-37 rz32n=7.5231638453e-37 alpha_full_q=1.0000000000e+00 alpha_full_n=1.0000000000e+00
  residual=3.461e-75
iter=291 pAp_d=3.1958020071e-147 p8q=9.8437500000e-01 p8n=1.0000000000e+00 p8q_e2=5.9604644775e-08 p8n_e2=5.9604644775e-08 p16q=3.7252902985e-09 p16n=1.4901161194e-08 p16q_e2=1.3877787808e-17 p16n_e2=1.3877787808e-17 p32q=7.5231638453e-37 p32n=7.5231638453e-37 p64q=2.2108591501e-75 p64n=2.2108591501e-75 alpha_d=1.7688703536e+00 alpha_p32q=7.5140719287e-111 alpha_p32n=7.5140719287e-111 rz32q=7.5231638453e-37 rz32n=7.5231638453e-37 alpha_full_q=1.0000000000e+00 alpha_full_n=1.0000000000e+00
  residual=2.973e-75
iter=292 pAp_d=1.9201073856e-147 p8q=9.2187500000e-01 p8n=1.0000000000e+00 p8q_e2=5.9604644775e-08 p8n_e2=5.9604644775e-08 p16q=3.7252902985e-09 p16n=1.4901161194e-08 p16q_e2=1.3877787808e-17 p16n_e2=1.3877787808e-17 p32q=7.5231638453e-37 p32n=7.5231638453e-37 p64q=2.2108591501e-75 p64n=2.2108591501e-75 alpha_d=1.3380923947e+00 alpha_p32q=3.4151603536e-111 alpha_p32n=3.4151603536e-111 rz32q=7.5231638453e-37 rz32n=7.5231638453e-37 alpha_full_q=1.0000000000e+00 alpha_full_n=1.0000000000e+00
  residual=2.002e-75
iter=293 pAp_d=5.8652057702e-148 p8q=9.3750000000e-01 p8n=1.0000000000e+00 p8q_e2=5.9604644775e-08 p8n_e2=5.9604644775e-08 p16q=3.7252902985e-09 p16n=1.4901161194e-08 p16q_e2=1.3877787808e-17 p16n_e2=1.3877787808e-17 p32q=7.5231638453e-37 p32n=7.5231638453e-37 p64q=2.2108591501e-75 p64n=2.2108591501e-75 alpha_d=1.2037394086e+00 alpha_p32q=9.3845880143e-112 alpha_p32n=9.3845880143e-112 rz32q=7.5231638453e-37 rz32n=7.5231638453e-37 alpha_full_q=1.0000000000e+00 alpha_full_n=1.0000000000e+00
  residual=1.515e-75
iter=294 pAp_d=1.7077131166e-148 p8q=9.3750000000e-01 p8n=1.0000000000e+00 p8q_e2=5.9604644775e-08 p8n_e2=5.9604644775e-08 p16q=3.7252902985e-09 p16n=1.4901161194e-08 p16q_e2=1.3877787808e-17 p16n_e2=1.3877787808e-17 p32q=7.5231638453e-37 p32n=7.5231638453e-37 p64q=2.2108591501e-75 p64n=2.2108591501e-75 alpha_d=9.8443124914e-01 alpha_p32q=2.2345999517e-112 alpha_p32n=2.2345999517e-112 rz32q=7.5231638453e-37 rz32n=7.5231638453e-37 alpha_full_q=1.0000000000e+00 alpha_full_n=1.0000000000e+00
  residual=5.962e-76
iter=295 pAp_d=6.6245181291e-149 p8q=9.5312500000e-01 p8n=1.0000000000e+00 p8q_e2=5.9604644775e-08 p8n_e2=5.9604644775e-08 p16q=3.7252902985e-09 p16n=1.4901161194e-08 p16q_e2=1.3877787808e-17 p16n_e2=1.3877787808e-17 p32q=7.5231638453e-37 p32n=7.5231638453e-37 p64q=2.2108591501e-75 p64n=2.2108591501e-75 alpha_d=8.4527960663e-01 alpha_p32q=7.4431053124e-113 alpha_p32n=7.4431053124e-113 rz32q=7.5231638453e-37 rz32n=7.5231638453e-37 alpha_full_q=1.0000000000e+00 alpha_full_n=1.0000000000e+00
  residual=2.683e-76
iter=296 pAp_d=1.4872233421e-149 p8q=9.5312500000e-01 p8n=1.0000000000e+00 p8q_e2=5.9604644775e-08 p8n_e2=5.9604644775e-08 p16q=3.7252902985e-09 p16n=1.4901161194e-08 p16q_e2=1.3877787808e-17 p16n_e2=1.3877787808e-17 p32q=7.5231638453e-37 p32n=7.5231638453e-37 p64q=2.2108591501e-75 p64n=2.2108591501e-75 alpha_d=1.0039691602e+00 alpha_p32q=1.9847053720e-113 alpha_p32n=1.9847053720e-113 rz32q=7.5231638453e-37 rz32n=7.5231638453e-37 alpha_full_q=1.0000000000e+00 alpha_full_n=1.0000000000e+00
  residual=3.022e-76
iter=297 pAp_d=3.1394358775e-150 p8q=9.5312500000e-01 p8n=1.0000000000e+00 p8q_e2=5.9604644775e-08 p8n_e2=5.9604644775e-08 p16q=3.7252902985e-09 p16n=1.4901161194e-08 p16q_e2=1.3877787808e-17 p16n_e2=1.3877787808e-17 p32q=7.5231638453e-37 p32n=7.5231638453e-37 p64q=2.2108591501e-75 p64n=2.2108591501e-75 alpha_d=1.0522094029e+00 alpha_p32q=4.3908972582e-114 alpha_p32n=4.3908972582e-114 rz32q=7.5231638453e-37 rz32n=7.5231638453e-37 alpha_full_q=1.0000000000e+00 alpha_full_n=1.0000000000e+00
  residual=1.878e-76
iter=298 pAp_d=6.8615838783e-151 p8q=9.5312500000e-01 p8n=1.0000000000e+00 p8q_e2=5.9604644775e-08 p8n_e2=5.9604644775e-08 p16q=3.7252902985e-09 p16n=1.4901161194e-08 p16q_e2=1.3877787808e-17 p16n_e2=1.3877787808e-17 p32q=7.5231638453e-37 p32n=7.5231638453e-37 p64q=2.2108591501e-75 p64n=2.2108591501e-75 alpha_d=1.0700220823e+00 alpha_p32q=9.7592534473e-115 alpha_p32n=9.7592534473e-115 rz32q=7.5231638453e-37 rz32n=7.5231638453e-37 alpha_full_q=1.0000000000e+00 alpha_full_n=1.0000000000e+00
  residual=8.022e-77
iter=299 pAp_d=1.5097945769e-151 p8q=9.5312500000e-01 p8n=1.0000000000e+00 p8q_e2=5.9604644775e-08 p8n_e2=5.9604644775e-08 p16q=3.7252902985e-09 p16n=1.4901161194e-08 p16q_e2=1.3877787808e-17 p16n_e2=1.3877787808e-17 p32q=7.5231638453e-37 p32n=7.5231638453e-37 p64q=2.2108591501e-75 p64n=2.2108591501e-75 alpha_d=1.1318924518e+00 alpha_p32q=2.2715510662e-115 alpha_p32n=2.2715510662e-115 rz32q=7.5231638453e-37 rz32n=7.5231638453e-37 alpha_full_q=1.0000000000e+00 alpha_full_n=1.0000000000e+00
  residual=2.787e-77
