matrix=data/matrices/nasasrb.mtx n=54870 val_range=3.632e-14/8.428e+08 seed=32
iter=0 pAp_d=1.2788971654e-01 p8q=6.4000000000e+01 p8n=8.0000000000e+00 p8q_e2=1.4062500000e-01 p8n_e2=1.9531250000e-03 p16q=1.2786865234e-01 p16n=9.8754882812e-02 p16q_e2=1.2786865234e-01 p16n_e2=9.9395751953e-02 p32q=1.2788971700e-01 p32n=1.2788967043e-01 p64q=1.2788971654e-01 p64n=1.2788971654e-01 alpha_d=7.1865569470e-01 alpha_p32q=7.1865569212e-01 alpha_p32n=7.1865595379e-01 rz32q=9.1908673290e-02 rz32n=9.1908670962e-02 alpha_full_q=7.1865569373e-01 alpha_full_n=7.1865593720e-01
  residual=5.154e+02
iter=1 pAp_d=6.9130608152e-02 p8q=6.4000000000e+01 p8n=8.0000000000e+00 p8q_e2=7.8125000000e-02 p8n_e2=1.9531250000e-03 p16q=6.9061279297e-02 p16n=5.1208496094e-02 p16q_e2=6.9122314453e-02 p16n_e2=5.1574707031e-02 p32q=6.9130608346e-02 p32n=6.9130574819e-02 p64q=6.9130608152e-02 p64n=6.9130608152e-02 alpha_d=1.1086797215e+00 alpha_p32q=1.1086797184e+00 alpha_p32n=1.1086802561e+00 rz32q=7.6643703505e-02 rz32n=7.6643686742e-02 alpha_full_q=1.1086797200e+00 alpha_full_n=1.1086800152e+00
  residual=6.956e+02
iter=2 pAp_d=1.2194964265e-01 p8q=6.4000000000e+01 p8n=7.0000000000e+00 p8q_e2=1.4062500000e-01 p8n_e2=1.9531250000e-03 p16q=1.2194824219e-01 p16n=1.0400390625e-01 p16q_e2=1.2194824219e-01 p16n_e2=1.0412597656e-01 p32q=1.2194964243e-01 p32n=1.2194963777e-01 p64q=1.2194964265e-01 p64n=1.2194964265e-01 alpha_d=8.9701801043e-01 alpha_p32q=8.9701801204e-01 alpha_p32n=8.9701804629e-01 rz32q=1.0939102573e-01 rz32n=1.0939106857e-01 alpha_full_q=8.9701801131e-01 alpha_full_n=8.9701839686e-01
  residual=1.300e+03
iter=3 pAp_d=2.4552891473e-01 p8q=6.4000000000e+01 p8n=8.0000000000e+00 p8q_e2=2.8125000000e-01 p8n_e2=3.9062500000e-03 p16q=2.4530029297e-01 p16n=2.1643066406e-01 p16q_e2=2.4554443359e-01 p16n_e2=2.1728515625e-01 p32q=2.4552891497e-01 p32n=2.4552892148e-01 p64q=2.4552891473e-01 p64n=2.4552891473e-01 alpha_d=6.0878837210e-01 alpha_p32q=6.0878837151e-01 alpha_p32n=6.0878835535e-01 rz32q=1.4947514795e-01 rz32n=1.4947504736e-01 alpha_full_q=6.0878837007e-01 alpha_full_n=6.0878794425e-01
  residual=1.008e+03
iter=4 pAp_d=1.6048757481e-01 p8q=6.4000000000e+01 p8n=7.0000000000e+00 p8q_e2=1.7187500000e-01 p8n_e2=7.8125000000e-03 p16q=1.6046142578e-01 p16n=1.4172363281e-01 p16q_e2=1.6046142578e-01 p16n_e2=1.4160156250e-01 p32q=1.6048757453e-01 p32n=1.6048755310e-01 p64q=1.6048757481e-01 p64n=1.6048757481e-01 alpha_d=7.0890937202e-01 alpha_p32q=7.0890937326e-01 alpha_p32n=7.0890946787e-01 rz32q=1.1377114570e-01 rz32n=1.1377107026e-01 alpha_full_q=7.0890937217e-01 alpha_full_n=7.0890899674e-01
  residual=8.031e+02
iter=5 pAp_d=1.2481198956e-01 p8q=6.4000000000e+01 p8n=8.0000000000e+00 p8q_e2=1.4062500000e-01 p8n_e2=1.9531250000e-03 p16q=1.2472534180e-01 p16n=1.0253906250e-01 p16q_e2=1.2481689453e-01 p16n_e2=1.0302734375e-01 p32q=1.2481198926e-01 p32n=1.2481201952e-01 p64q=1.2481198956e-01 p64n=1.2481198956e-01 alpha_d=7.5546330001e-01 alpha_p32q=7.5546330184e-01 alpha_p32n=7.5546311864e-01 rz32q=9.4290877692e-02 rz32n=9.4290834852e-02 alpha_full_q=7.5546330329e-01 alpha_full_n=7.5546277684e-01
  residual=8.608e+02
iter=6 pAp_d=1.1266482091e-01 p8q=6.4000000000e+01 p8n=8.0000000000e+00 p8q_e2=1.2500000000e-01 p8n_e2=1.9531250000e-03 p16q=1.1251831055e-01 p16n=9.5397949219e-02 p16q_e2=1.1267089844e-01 p16n_e2=9.5642089844e-02 p32q=1.1266482109e-01 p32n=1.1266482016e-01 p64q=1.1266482091e-01 p64n=1.1266482091e-01 alpha_d=8.0532279458e-01 alpha_p32q=8.0532279330e-01 alpha_p32n=8.0532279996e-01 rz32q=9.0731548611e-02 rz32n=9.0731472243e-02 alpha_full_q=8.0532279492e-01 alpha_full_n=8.0532212374e-01
  residual=1.384e+03
iter=7 pAp_d=1.2148361261e-01 p8q=6.4000000000e+01 p8n=7.0000000000e+00 p8q_e2=1.4062500000e-01 p8n_e2=7.8125000000e-03 p16q=1.2149047852e-01 p16n=1.0339355469e-01 p16q_e2=1.2145996094e-01 p16n_e2=1.0299682617e-01 p32q=1.2148361281e-01 p32n=1.2148362584e-01 p64q=1.2148361261e-01 p64n=1.2148361261e-01 alpha_d=8.0288663048e-01 alpha_p32q=8.0288662921e-01 alpha_p32n=8.0288654304e-01 rz32q=9.7537568305e-02 rz32n=9.7537576221e-02 alpha_full_q=8.0288662851e-01 alpha_full_n=8.0288660750e-01
  residual=2.705e+03
iter=8 pAp_d=2.5319592195e-01 p8q=6.4000000000e+01 p8n=8.0000000000e+00 p8q_e2=2.8125000000e-01 p8n_e2=2.3437500000e-02 p16q=2.5335693359e-01 p16n=2.2222900391e-01 p16q_e2=2.5317382812e-01 p16n_e2=2.2253417969e-01 p32q=2.5319592096e-01 p32n=2.5319585577e-01 p64q=2.5319592195e-01 p64n=2.5319592195e-01 alpha_d=5.5570928067e-01 alpha_p32q=5.5570928284e-01 alpha_p32n=5.5570942592e-01 rz32q=1.4070332330e-01 rz32n=1.4070329256e-01 alpha_full_q=5.5570928143e-01 alpha_full_n=5.5570930313e-01
  residual=2.071e+03
iter=9 pAp_d=1.7178143337e-01 p8q=6.4000000000e+01 p8n=8.0000000000e+00 p8q_e2=2.0312500000e-01 p8n_e2=7.8125000000e-03 p16q=1.7181396484e-01 p16n=1.5179443359e-01 p16q_e2=1.7175292969e-01 p16n_e2=1.5179443359e-01 p32q=1.7178143375e-01 p32n=1.7178139370e-01 p64q=1.7178143337e-01 p64n=1.7178143337e-01 alpha_d=7.9515938327e-01 alpha_p32q=7.9515938155e-01 alpha_p32n=7.9515956692e-01 rz32q=1.3659361843e-01 rz32n=1.3659360446e-01 alpha_full_q=7.9515938045e-01 alpha_full_n=7.9515948450e-01
  residual=1.250e+03
iter=10 pAp_d=1.8907675434e-01 p8q=6.4000000000e+01 p8n=8.0000000000e+00 p8q_e2=2.0312500000e-01 p8n_e2=5.8593750000e-03 p16q=1.8890380859e-01 p16n=1.6198730469e-01 p16q_e2=1.8908691406e-01 p16n_e2=1.6186523438e-01 p32q=1.8907675426e-01 p32n=1.8907680083e-01 p64q=1.8907675434e-01 p64n=1.8907675434e-01 alpha_d=6.9389716581e-01 alpha_p32q=6.9389716609e-01 alpha_p32n=6.9389699520e-01 rz32q=1.3119982369e-01 rz32n=1.3119978644e-01 alpha_full_q=6.9389716469e-01 alpha_full_n=6.9389679677e-01
  residual=1.436e+03
iter=11 pAp_d=1.9905446474e-01 p8q=6.4000000000e+01 p8n=7.5000000000e+00 p8q_e2=2.1875000000e-01 p8n_e2=5.8593750000e-03 p16q=1.9903564453e-01 p16n=1.7150878906e-01 p16q_e2=1.9909667969e-01 p16n_e2=1.7150878906e-01 p32q=1.9905446470e-01 p32n=1.9905442744e-01 p64q=1.9905446474e-01 p64n=1.9905446474e-01 alpha_d=5.5231553612e-01 alpha_p32q=5.5231553622e-01 alpha_p32n=5.5231563959e-01 rz32q=1.0994087346e-01 rz32n=1.0994081898e-01 alpha_full_q=5.5231553648e-01 alpha_full_n=5.5231536614e-01
  residual=1.410e+03
iter=12 pAp_d=1.2263367048e-01 p8q=6.4000000000e+01 p8n=8.0000000000e+00 p8q_e2=1.4062500000e-01 p8n_e2=7.8125000000e-03 p16q=1.2268066406e-01 p16n=1.0186767578e-01 p16q_e2=1.2261962891e-01 p16n_e2=1.0186767578e-01 p32q=1.2263367046e-01 p32n=1.2263365556e-01 p64q=1.2263367048e-01 p64n=1.2263367048e-01 alpha_d=6.7489531188e-01 alpha_p32q=6.7489531199e-01 alpha_p32n=6.7489539400e-01 rz32q=8.2764889114e-02 rz32n=8.2764813676e-02 alpha_full_q=6.7489531061e-01 alpha_full_n=6.7489477747e-01
  residual=1.670e+03
iter=13 pAp_d=1.1935019393e-01 p8q=6.4000000000e+01 p8n=8.0000000000e+00 p8q_e2=1.5625000000e-01 p8n_e2=7.8125000000e-03 p16q=1.1904907227e-01 p16n=9.5123291016e-02 p16q_e2=1.1935424805e-01 p16n_e2=9.5764160156e-02 p32q=1.1935019400e-01 p32n=1.1935016932e-01 p64q=1.1935019393e-01 p64n=1.1935019393e-01 alpha_d=7.0180885054e-01 alpha_p32q=7.0180885013e-01 alpha_p32n=7.0180899525e-01 rz32q=8.3761022426e-02 rz32n=8.3760953974e-02 alpha_full_q=7.0180885023e-01 alpha_full_n=7.0180842182e-01
  residual=2.119e+03
iter=14 pAp_d=1.6376722695e-01 p8q=6.4000000000e+01 p8n=8.0000000000e+00 p8q_e2=1.8750000000e-01 p8n_e2=7.8125000000e-03 p16q=1.6387939453e-01 p16n=1.4367675781e-01 p16q_e2=1.6375732422e-01 p16n_e2=1.4373779297e-01 p32q=1.6376722697e-01 p32n=1.6376719158e-01 p64q=1.6376722695e-01 p64n=1.6376722695e-01 alpha_d=6.4774751496e-01 alpha_p32q=6.4774751489e-01 alpha_p32n=6.4774765486e-01 rz32q=1.0607981449e-01 rz32n=1.0607979726e-01 alpha_full_q=6.4774751610e-01 alpha_full_n=6.4774755087e-01
  residual=1.573e+03
iter=15 pAp_d=1.3418552928e-01 p8q=6.4000000000e+01 p8n=8.0000000000e+00 p8q_e2=1.5625000000e-01 p8n_e2=5.8593750000e-03 p16q=1.3403320312e-01 p16n=1.1734008789e-01 p16q_e2=1.3421630859e-01 p16n_e2=1.1764526367e-01 p32q=1.3418552931e-01 p32n=1.3418556098e-01 p64q=1.3418552928e-01 p64n=1.3418552928e-01 alpha_d=6.8039474283e-01 alpha_p32q=6.8039474266e-01 alpha_p32n=6.8039458210e-01 rz32q=9.1299128719e-02 rz32n=9.1299109627e-02 alpha_full_q=6.8039474290e-01 alpha_full_n=6.8039444006e-01
  residual=1.399e+03
iter=16 pAp_d=1.2449874363e-01 p8q=6.4000000000e+01 p8n=7.5000000000e+00 p8q_e2=1.4062500000e-01 p8n_e2=5.8593750000e-03 p16q=1.2438964844e-01 p16n=1.0504150391e-01 p16q_e2=1.2451171875e-01 p16n_e2=1.0507202148e-01 p32q=1.2449874403e-01 p32n=1.2449872028e-01 p64q=1.2449874363e-01 p64n=1.2449874363e-01 alpha_d=6.9205429350e-01 alpha_p32q=6.9205429125e-01 alpha_p32n=6.9205442326e-01 rz32q=8.6159890052e-02 rz32n=8.6159859784e-02 alpha_full_q=6.9205429118e-01 alpha_full_n=6.9205418007e-01
  residual=1.331e+03
iter=17 pAp_d=1.1962433951e-01 p8q=6.4000000000e+01 p8n=8.0000000000e+00 p8q_e2=1.2500000000e-01 p8n_e2=1.9531250000e-03 p16q=1.1959838867e-01 p16n=9.8724365234e-02 p16q_e2=1.1962890625e-01 p16n_e2=9.8876953125e-02 p32q=1.1962433951e-01 p32n=1.1962430598e-01 p64q=1.1962433951e-01 p64n=1.1962433951e-01 alpha_d=7.4867919112e-01 alpha_p32q=7.4867919113e-01 alpha_p32n=7.4867940096e-01 rz32q=8.9560253546e-02 rz32n=8.9560194407e-02 alpha_full_q=7.4867918947e-01 alpha_full_n=7.4867890494e-01
  residual=1.247e+03
iter=18 pAp_d=1.5322064791e-01 p8q=6.4000000000e+01 p8n=8.0000000000e+00 p8q_e2=1.7187500000e-01 p8n_e2=3.9062500000e-03 p16q=1.5325927734e-01 p16n=1.3116455078e-01 p16q_e2=1.5319824219e-01 p16n_e2=1.3140869141e-01 p32q=1.5322064795e-01 p32n=1.5322067961e-01 p64q=1.5322064791e-01 p64n=1.5322064791e-01 alpha_d=6.2172042925e-01 alpha_p32q=6.2172042911e-01 alpha_p32n=6.2172030062e-01 rz32q=9.5260406844e-02 rz32n=9.5260356553e-02 alpha_full_q=6.2172042816e-01 alpha_full_n=6.2171997145e-01
  residual=1.011e+03
iter=19 pAp_d=1.1074930588e-01 p8q=6.4000000000e+01 p8n=7.0000000000e+00 p8q_e2=1.2500000000e-01 p8n_e2=2.9296875000e-03 p16q=1.1074829102e-01 p16n=9.0698242188e-02 p16q_e2=1.1074829102e-01 p16n_e2=9.0362548828e-02 p32q=1.1074930569e-01 p32n=1.1074931314e-01 p64q=1.1074930588e-01 p64n=1.1074930588e-01 alpha_d=6.0505270772e-01 alpha_p32q=6.0505270874e-01 alpha_p32n=6.0505266803e-01 rz32q=6.7009167280e-02 rz32n=6.7009122111e-02 alpha_full_q=6.0505270766e-01 alpha_full_n=6.0505225910e-01
  residual=1.007e+03
iter=20 pAp_d=8.3360794877e-02 p8q=6.4000000000e+01 p8n=8.0000000000e+00 p8q_e2=1.0156250000e-01 p8n_e2=2.9296875000e-03 p16q=8.3282470703e-02 p16n=6.5002441406e-02 p16q_e2=8.3343505859e-02 p16n_e2=6.5002441406e-02 p32q=8.3360794932e-02 p32n=8.3360778634e-02 p64q=8.3360794877e-02 p64n=8.3360794877e-02 alpha_d=6.9810281775e-01 alpha_p32q=6.9810281728e-01 alpha_p32n=6.9810295377e-01 rz32q=5.8194405865e-02 rz32n=5.8194377460e-02 alpha_full_q=6.9810281815e-01 alpha_full_n=6.9810261389e-01
  residual=9.563e+02
iter=21 pAp_d=7.5113865691e-02 p8q=6.4000000000e+01 p8n=7.5000000000e+00 p8q_e2=9.3750000000e-02 p8n_e2=1.9531250000e-03 p16q=7.5042724609e-02 p16n=5.5114746094e-02 p16q_e2=7.5103759766e-02 p16n_e2=5.5084228516e-02 p32q=7.5113865547e-02 p32n=7.5113911182e-02 p64q=7.5113865691e-02 p64n=7.5113865691e-02 alpha_d=8.4043027238e-01 alpha_p32q=8.4043027399e-01 alpha_p32n=8.4042976339e-01 rz32q=6.3127966598e-02 rz32n=6.3127876725e-02 alpha_full_q=8.4043027393e-01 alpha_full_n=8.4042856685e-01
  residual=1.128e+03
iter=22 pAp_d=9.3031931698e-02 p8q=6.4000000000e+01 p8n=8.0000000000e+00 p8q_e2=1.0937500000e-01 p8n_e2=1.9531250000e-03 p16q=9.2895507812e-02 p16n=7.6141357422e-02 p16q_e2=9.3017578125e-02 p16n_e2=7.6019287109e-02 p32q=9.3031931669e-02 p32n=9.3031908851e-02 p64q=9.3031931698e-02 p64n=9.3031931698e-02 alpha_d=7.3253903028e-01 alpha_p32q=7.3253903051e-01 alpha_p32n=7.3253921018e-01 rz32q=6.8149521016e-02 rz32n=6.8149495404e-02 alpha_full_q=7.3253903035e-01 alpha_full_n=7.3253893471e-01
  residual=1.600e+03
iter=23 pAp_d=1.1063777875e-01 p8q=6.4000000000e+01 p8n=7.5000000000e+00 p8q_e2=1.2500000000e-01 p8n_e2=7.8125000000e-03 p16q=1.1041259766e-01 p16n=9.2071533203e-02 p16q_e2=1.1062622070e-01 p16n_e2=9.2132568359e-02 p32q=1.1063777842e-01 p32n=1.1063774489e-01 p64q=1.1063777875e-01 p64n=1.1063777875e-01 alpha_d=6.6836766924e-01 alpha_p32q=6.6836767125e-01 alpha_p32n=6.6836787379e-01 rz32q=7.3946714401e-02 rz32n=7.3946636636e-02 alpha_full_q=6.6836767205e-01 alpha_full_n=6.6836717171e-01
  residual=1.764e+03
iter=24 pAp_d=1.0797546607e-01 p8q=6.4000000000e+01 p8n=7.0000000000e+00 p8q_e2=1.2500000000e-01 p8n_e2=7.8125000000e-03 p16q=1.0800170898e-01 p16n=9.2559814453e-02 p16q_e2=1.0800170898e-01 p16n_e2=9.2437744141e-02 p32q=1.0797546618e-01 p32n=1.0797547596e-01 p64q=1.0797546607e-01 p64n=1.0797546607e-01 alpha_d=6.7628275089e-01 alpha_p32q=6.7628275022e-01 alpha_p32n=6.7628268898e-01 rz32q=7.3021945078e-02 rz32n=7.3021874297e-02 alpha_full_q=6.7628274888e-01 alpha_full_n=6.7628203211e-01
  residual=1.798e+03
iter=25 pAp_d=1.1473896341e-01 p8q=6.4000000000e+01 p8n=8.0000000000e+00 p8q_e2=1.4062500000e-01 p8n_e2=7.8125000000e-03 p16q=1.1471557617e-01 p16n=9.6557617188e-02 p16q_e2=1.1471557617e-01 p16n_e2=9.7412109375e-02 p32q=1.1473896308e-01 p32n=1.1473898031e-01 p64q=1.1473896341e-01 p64n=1.1473896341e-01 alpha_d=5.8732649292e-01 alpha_p32q=5.8732649462e-01 alpha_p32n=5.8732640643e-01 rz32q=6.7389233038e-02 rz32n=6.7389187869e-02 alpha_full_q=5.8732649511e-01 alpha_full_n=5.8732601325e-01
  residual=1.497e+03
iter=26 pAp_d=8.6045642783e-02 p8q=6.4000000000e+01 p8n=8.0000000000e+00 p8q_e2=9.3750000000e-02 p8n_e2=1.9531250000e-03 p16q=8.6090087891e-02 p16n=6.8725585938e-02 p16q_e2=8.6059570312e-02 p16n_e2=6.8786621094e-02 p32q=8.6045642849e-02 p32n=8.6045653094e-02 p64q=8.6045642783e-02 p64n=8.6045642783e-02 alpha_d=7.0756496017e-01 alpha_p32q=7.0756495963e-01 alpha_p32n=7.0756487539e-01 rz32q=6.0882881749e-02 rz32n=6.0882807244e-02 alpha_full_q=7.0756495894e-01 alpha_full_n=7.0756400881e-01
  residual=1.147e+03
iter=27 pAp_d=7.9879067846e-02 p8q=6.4000000000e+01 p8n=8.0000000000e+00 p8q_e2=8.5937500000e-02 p8n_e2=6.8359375000e-03 p16q=7.9833984375e-02 p16n=6.6864013672e-02 p16q_e2=7.9895019531e-02 p16n_e2=6.7016601562e-02 p32q=7.9879067838e-02 p32n=7.9879084136e-02 p64q=7.9879067846e-02 p64n=7.9879067846e-02 alpha_d=7.4073056127e-01 alpha_p32q=7.4073056134e-01 alpha_p32n=7.4073041021e-01 rz32q=5.9168866836e-02 rz32n=5.9168790001e-02 alpha_full_q=7.4073056230e-01 alpha_full_n=7.4072944928e-01
  residual=1.337e+03
iter=28 pAp_d=1.0551544337e-01 p8q=6.4000000000e+01 p8n=8.0000000000e+00 p8q_e2=1.1718750000e-01 p8n_e2=7.8125000000e-03 p16q=1.0528564453e-01 p16n=8.7036132812e-02 p16q_e2=1.0552978516e-01 p16n_e2=8.7036132812e-02 p32q=1.0551544372e-01 p32n=1.0551550472e-01 p64q=1.0551544337e-01 p64n=1.0551544337e-01 alpha_d=6.7719623912e-01 alpha_p32q=6.7719623688e-01 alpha_p32n=6.7719584538e-01 rz32q=7.1454661433e-02 rz32n=7.1454643272e-02 alpha_full_q=6.7719623700e-01 alpha_full_n=6.7719567338e-01
  residual=1.398e+03
iter=29 pAp_d=1.1487790042e-01 p8q=6.4000000000e+01 p8n=8.0000000000e+00 p8q_e2=1.2500000000e-01 p8n_e2=7.8125000000e-03 p16q=1.1468505859e-01 p16n=9.5214843750e-02 p16q_e2=1.1486816406e-01 p16n_e2=9.4696044922e-02 p32q=1.1487790057e-01 p32n=1.1487788428e-01 p64q=1.1487790042e-01 p64n=1.1487790042e-01 alpha_d=6.0207679959e-01 alpha_p32q=6.0207679877e-01 alpha_p32n=6.0207688419e-01 rz32q=6.9165318739e-02 rz32n=6.9165275898e-02 alpha_full_q=6.0207679974e-01 alpha_full_n=6.0207651223e-01
  residual=1.212e+03
iter=30 pAp_d=7.7441429961e-02 p8q=6.4000000000e+01 p8n=7.0000000000e+00 p8q_e2=8.5937500000e-02 p8n_e2=1.9531250000e-03 p16q=7.7270507812e-02 p16n=5.9082031250e-02 p16q_e2=7.7453613281e-02 p16n_e2=5.8502197266e-02 p32q=7.7441430185e-02 p32n=7.7441448346e-02 p64q=7.7441429961e-02 p64n=7.7441429961e-02 alpha_d=8.5054838637e-01 alpha_p32q=8.5054838391e-01 alpha_p32n=8.5054818445e-01 rz32q=6.5867683385e-02 rz32n=6.5867641941e-02 alpha_full_q=8.5054838511e-01 alpha_full_n=8.5054765049e-01
  residual=1.490e+03
iter=31 pAp_d=1.4268871366e-01 p8q=6.4000000000e+01 p8n=8.0000000000e+00 p8q_e2=1.5625000000e-01 p8n_e2=1.1718750000e-02 p16q=1.4288330078e-01 p16n=1.2744140625e-01 p16q_e2=1.4270019531e-01 p16n_e2=1.2658691406e-01 p32q=1.4268871397e-01 p32n=1.4268871583e-01 p64q=1.4268871366e-01 p64n=1.4268871366e-01 alpha_d=5.6316531967e-01 alpha_p32q=5.6316531848e-01 alpha_p32n=5.6316531113e-01 rz32q=8.0357335042e-02 rz32n=8.0357321072e-02 alpha_full_q=5.6316531846e-01 alpha_full_n=5.6316521320e-01
  residual=1.433e+03
iter=32 pAp_d=9.7437136118e-02 p8q=6.4000000000e+01 p8n=8.0000000000e+00 p8q_e2=1.0937500000e-01 p8n_e2=7.8125000000e-03 p16q=9.7259521484e-02 p16n=7.7728271484e-02 p16q_e2=9.7412109375e-02 p16n_e2=7.7545166016e-02 p32q=9.7437135875e-02 p32n=9.7437099088e-02 p64q=9.7437136118e-02 p64n=9.7437136118e-02 alpha_d=6.1943811283e-01 alpha_p32q=6.1943811437e-01 alpha_p32n=6.1943834824e-01 rz32q=6.0356275644e-02 rz32n=6.0356222093e-02 alpha_full_q=6.1943811363e-01 alpha_full_n=6.1943779790e-01
  residual=1.387e+03
iter=33 pAp_d=8.6249346414e-02 p8q=6.4000000000e+01 p8n=7.0000000000e+00 p8q_e2=9.3750000000e-02 p8n_e2=5.8593750000e-03 p16q=8.6242675781e-02 p16n=7.0739746094e-02 p16q_e2=8.6242675781e-02 p16n_e2=7.0587158203e-02 p32q=8.6249346379e-02 p32n=8.6249401793e-02 p64q=8.6249346414e-02 p64n=8.6249346414e-02 alpha_d=7.4062574776e-01 alpha_p32q=7.4062574806e-01 alpha_p32n=7.4062527222e-01 rz32q=6.3878486864e-02 rz32n=6.3878448680e-02 alpha_full_q=7.4062575018e-01 alpha_full_n=7.4062483162e-01
  residual=1.210e+03
iter=34 pAp_d=8.2555315000e-02 p8q=6.4000000000e+01 p8n=8.0000000000e+00 p8q_e2=8.5937500000e-02 p8n_e2=3.9062500000e-03 p16q=8.2550048828e-02 p16n=6.3934326172e-02 p16q_e2=8.2550048828e-02 p16n_e2=6.3507080078e-02 p32q=8.2555314992e-02 p32n=8.2555247936e-02 p64q=8.2555315000e-02 p64n=8.2555315000e-02 alpha_d=7.9746705314e-01 alpha_p32q=7.9746705322e-01 alpha_p32n=7.9746770096e-01 rz32q=6.5835143905e-02 rz32n=6.5835135523e-02 alpha_full_q=7.9746705481e-01 alpha_full_n=7.9746760102e-01
  residual=1.750e+03
iter=35 pAp_d=1.2990926360e-01 p8q=6.4000000000e+01 p8n=8.0000000000e+00 p8q_e2=1.5625000000e-01 p8n_e2=1.1718750000e-02 p16q=1.2982177734e-01 p16n=1.1419677734e-01 p16q_e2=1.2988281250e-01 p16n_e2=1.1462402344e-01 p32q=1.2990926392e-01 p32n=1.2990926392e-01 p64q=1.2990926360e-01 p64n=1.2990926360e-01 alpha_d=6.2764167169e-01 alpha_p32q=6.2764167014e-01 alpha_p32n=6.2764167014e-01 rz32q=8.1536467187e-02 rz32n=8.1536384299e-02 alpha_full_q=6.2764166869e-01 alpha_full_n=6.2764103064e-01
  residual=1.780e+03
iter=36 pAp_d=1.0979742642e-01 p8q=6.4000000000e+01 p8n=8.0000000000e+00 p8q_e2=1.1718750000e-01 p8n_e2=1.1718750000e-02 p16q=1.0949707031e-01 p16n=9.2864990234e-02 p16q_e2=1.0980224609e-01 p16n_e2=9.3536376953e-02 p32q=1.0979742603e-01 p32n=1.0979743535e-01 p64q=1.0979742642e-01 p64n=1.0979742642e-01 alpha_d=7.2843264673e-01 alpha_p32q=7.2843264929e-01 alpha_p32n=7.2843258750e-01 rz32q=7.9980029725e-02 rz32n=7.9979992937e-02 alpha_full_q=7.2843264741e-01 alpha_full_n=7.2843225058e-01
  residual=1.823e+03
iter=37 pAp_d=1.1144130913e-01 p8q=6.4000000000e+01 p8n=8.0000000000e+00 p8q_e2=1.2500000000e-01 p8n_e2=1.3671875000e-02 p16q=1.1108398438e-01 p16n=9.0759277344e-02 p16q_e2=1.1141967773e-01 p16n_e2=9.0850830078e-02 p32q=1.1144130910e-01 p32n=1.1144132586e-01 p64q=1.1144130913e-01 p64n=1.1144130913e-01 alpha_d=7.0657444308e-01 alpha_p32q=7.0657444330e-01 alpha_p32n=7.0657433701e-01 rz32q=7.8741580714e-02 rz32n=7.8741529491e-02 alpha_full_q=7.0657444130e-01 alpha_full_n=7.0657387537e-01
  residual=2.270e+03
iter=38 pAp_d=1.4289646027e-01 p8q=6.4000000000e+01 p8n=8.0000000000e+00 p8q_e2=1.7187500000e-01 p8n_e2=1.5625000000e-02 p16q=1.4270019531e-01 p16n=1.2359619141e-01 p16q_e2=1.4288330078e-01 p16n_e2=1.2469482422e-01 p32q=1.4289646037e-01 p32n=1.4289643988e-01 p64q=1.4289646027e-01 p64n=1.4289646027e-01 alpha_d=6.5582130353e-01 alpha_p32q=6.5582130307e-01 alpha_p32n=6.5582139710e-01 rz32q=9.3714542687e-02 rz32n=9.3714524060e-02 alpha_full_q=6.5582130197e-01 alpha_full_n=6.5582126566e-01
  residual=1.790e+03
iter=39 pAp_d=1.2729071250e-01 p8q=6.4000000000e+01 p8n=7.0000000000e+00 p8q_e2=1.4062500000e-01 p8n_e2=1.1718750000e-02 p16q=1.2719726562e-01 p16n=1.0949707031e-01 p16q_e2=1.2731933594e-01 p16n_e2=1.1053466797e-01 p32q=1.2729071267e-01 p32n=1.2729073036e-01 p64q=1.2729071250e-01 p64n=1.2729071250e-01 alpha_d=6.7086364428e-01 alpha_p32q=6.7086364337e-01 alpha_p32n=6.7086355011e-01 rz32q=8.5394711234e-02 rz32n=8.5394626018e-02 alpha_full_q=6.7086364310e-01 alpha_full_n=6.7086288038e-01
  residual=1.385e+03
iter=40 pAp_d=1.0165435751e-01 p8q=6.4000000000e+01 p8n=8.0000000000e+00 p8q_e2=1.0937500000e-01 p8n_e2=1.9531250000e-03 p16q=1.0147094727e-01 p16n=8.3587646484e-02 p16q_e2=1.0165405273e-01 p16n_e2=8.3099365234e-02 p32q=1.0165435728e-01 p32n=1.0165435448e-01 p64q=1.0165435751e-01 p64n=1.0165435751e-01 alpha_d=7.7844828924e-01 alpha_p32q=7.7844829105e-01 alpha_p32n=7.7844831244e-01 rz32q=7.9132660758e-02 rz32n=7.9132630955e-02 alpha_full_q=7.7844829162e-01 alpha_full_n=7.7844801984e-01
  residual=1.408e+03
iter=41 pAp_d=1.2190162683e-01 p8q=6.4000000000e+01 p8n=8.0000000000e+00 p8q_e2=1.4062500000e-01 p8n_e2=7.8125000000e-03 p16q=1.2167358398e-01 p16n=1.0107421875e-01 p16q_e2=1.2188720703e-01 p16n_e2=1.0137939453e-01 p32q=1.2190162670e-01 p32n=1.2190156849e-01 p64q=1.2190162683e-01 p64n=1.2190162683e-01 alpha_d=6.8716853636e-01 alpha_p32q=6.8716853713e-01 alpha_p32n=6.8716886525e-01 rz32q=8.3766962402e-02 rz32n=8.3766911644e-02 alpha_full_q=6.8716853639e-01 alpha_full_n=6.8716844813e-01
  residual=1.341e+03
iter=42 pAp_d=1.0896909860e-01 p8q=6.4000000000e+01 p8n=8.0000000000e+00 p8q_e2=1.2500000000e-01 p8n_e2=4.8828125000e-03 p16q=1.0891723633e-01 p16n=8.8256835938e-02 p16q_e2=1.0897827148e-01 p16n_e2=8.8104248047e-02 p32q=1.0896909842e-01 p32n=1.0896909144e-01 p64q=1.0896909860e-01 p64n=1.0896909860e-01 alpha_d=7.1486008805e-01 alpha_p32q=7.1486008920e-01 alpha_p32n=7.1486013502e-01 rz32q=7.7897659503e-02 rz32n=7.7897602227e-02 alpha_full_q=7.1486008997e-01 alpha_full_n=7.1485961018e-01
  residual=1.261e+03
iter=43 pAp_d=7.1795299323e-02 p8q=6.4000000000e+01 p8n=8.0000000000e+00 p8q_e2=8.5937500000e-02 p8n_e2=1.9531250000e-03 p16q=7.1716308594e-02 p16n=5.1940917969e-02 p16q_e2=7.1777343750e-02 p16n_e2=5.1727294922e-02 p32q=7.1795299649e-02 p32n=7.1795279160e-02 p64q=7.1795299323e-02 p64n=7.1795299323e-02 alpha_d=9.6925169927e-01 alpha_p32q=9.6925169487e-01 alpha_p32n=9.6925197147e-01 rz32q=6.9587715901e-02 rz32n=6.9587711245e-02 alpha_full_q=9.6925169533e-01 alpha_full_n=9.6925190707e-01
  residual=2.194e+03
iter=44 pAp_d=1.7573749934e-01 p8q=6.4000000000e+01 p8n=7.0000000000e+00 p8q_e2=1.8750000000e-01 p8n_e2=5.8593750000e-03 p16q=1.7541503906e-01 p16n=1.5484619141e-01 p16q_e2=1.7572021484e-01 p16n_e2=1.5582275391e-01 p32q=1.7573750019e-01 p32n=1.7573747225e-01 p64q=1.7573749934e-01 p64n=1.7573749934e-01 alpha_d=6.6779346514e-01 alpha_p32q=6.6779346189e-01 alpha_p32n=6.6779356806e-01 rz32q=1.1735635391e-01 rz32n=1.1735631013e-01 alpha_full_q=6.6779346342e-01 alpha_full_n=6.6779332051e-01
  residual=1.815e+03
iter=45 pAp_d=1.4294340027e-01 p8q=6.4000000000e+01 p8n=8.0000000000e+00 p8q_e2=1.7187500000e-01 p8n_e2=7.8125000000e-03 p16q=1.4282226562e-01 p16n=1.2561035156e-01 p16q_e2=1.4294433594e-01 p16n_e2=1.2585449219e-01 p32q=1.4294339996e-01 p32n=1.4294339903e-01 p64q=1.4294340027e-01 p64n=1.4294340027e-01 alpha_d=8.4318172546e-01 alpha_p32q=8.4318172733e-01 alpha_p32n=8.4318173282e-01 rz32q=1.2052726280e-01 rz32n=1.2052720133e-01 alpha_full_q=8.4318172672e-01 alpha_full_n=8.4318130220e-01
  residual=1.689e+03
iter=46 pAp_d=1.7085047965e-01 p8q=6.4000000000e+01 p8n=8.0000000000e+00 p8q_e2=2.0312500000e-01 p8n_e2=1.5625000000e-02 p16q=1.7077636719e-01 p16n=1.5002441406e-01 p16q_e2=1.7083740234e-01 p16n_e2=1.4996337891e-01 p32q=1.7085047998e-01 p32n=1.7085049022e-01 p64q=1.7085047965e-01 p64n=1.7085047965e-01 alpha_d=7.4210512068e-01 alpha_p32q=7.4210511928e-01 alpha_p32n=7.4210507478e-01 rz32q=1.2678901572e-01 rz32n=1.2678899616e-01 alpha_full_q=7.4210511868e-01 alpha_full_n=7.4210495970e-01
  residual=2.404e+03
iter=47 pAp_d=2.3778299333e-01 p8q=6.4000000000e+01 p8n=7.0000000000e+00 p8q_e2=2.8125000000e-01 p8n_e2=4.6875000000e-02 p16q=2.3779296875e-01 p16n=2.1136474609e-01 p16q_e2=2.3779296875e-01 p16n_e2=2.1295166016e-01 p32q=2.3778299335e-01 p32n=2.3778296728e-01 p64q=2.3778299333e-01 p64n=2.3778299333e-01 alpha_d=6.0794166785e-01 alpha_p32q=6.0794166777e-01 alpha_p32n=6.0794173445e-01 rz32q=1.4455818944e-01 rz32n=1.4455823787e-01 alpha_full_q=6.0794166731e-01 alpha_full_n=6.0794193765e-01
  residual=2.187e+03
iter=48 pAp_d=1.7394277769e-01 p8q=6.4000000000e+01 p8n=8.0000000000e+00 p8q_e2=2.0312500000e-01 p8n_e2=3.1250000000e-02 p16q=1.7370605469e-01 p16n=1.5289306641e-01 p16q_e2=1.7395019531e-01 p16n_e2=1.5258789062e-01 p32q=1.7394277826e-01 p32n=1.7394280992e-01 p64q=1.7394277769e-01 p64n=1.7394277769e-01 alpha_d=6.8470137839e-01 alpha_p32q=6.8470137614e-01 alpha_p32n=6.8470125150e-01 rz32q=1.1909885984e-01 rz32n=1.1909884633e-01 alpha_full_q=6.8470137726e-01 alpha_full_n=6.8470117498e-01
  residual=2.288e+03
iter=49 pAp_d=1.8395288273e-01 p8q=6.4000000000e+01 p8n=8.0000000000e+00 p8q_e2=2.1875000000e-01 p8n_e2=3.9062500000e-02 p16q=1.8353271484e-01 p16n=1.6821289062e-01 p16q_e2=1.8395996094e-01 p16n_e2=1.6851806641e-01 p32q=1.8395288289e-01 p32n=1.8395287171e-01 p64q=1.8395288273e-01 p64n=1.8395288273e-01 alpha_d=5.9383788780e-01 alpha_p32q=5.9383788731e-01 alpha_p32n=5.9383792339e-01 rz32q=1.0923819151e-01 rz32n=1.0923820455e-01 alpha_full_q=5.9383788824e-01 alpha_full_n=5.9383799519e-01
  residual=1.951e+03
iter=50 pAp_d=1.3493146265e-01 p8q=6.4000000000e+01 p8n=8.0000000000e+00 p8q_e2=1.4062500000e-01 p8n_e2=5.8593750000e-03 p16q=1.3464355469e-01 p16n=1.1282348633e-01 p16q_e2=1.3494873047e-01 p16n_e2=1.1312866211e-01 p32q=1.3493146282e-01 p32n=1.3493149355e-01 p64q=1.3493146265e-01 p64n=1.3493146265e-01 alpha_d=7.0303052646e-01 alpha_p32q=7.0303052559e-01 alpha_p32n=7.0303036546e-01 rz32q=9.4860936981e-02 rz32n=9.4860892743e-02 alpha_full_q=7.0303052380e-01 alpha_full_n=7.0303003581e-01
  residual=1.644e+03
iter=51 pAp_d=1.2431231720e-01 p8q=6.4000000000e+01 p8n=8.0000000000e+00 p8q_e2=1.4062500000e-01 p8n_e2=7.8125000000e-03 p16q=1.2438964844e-01 p16n=1.0052490234e-01 p16q_e2=1.2429809570e-01 p16n_e2=9.9945068359e-02 p32q=1.2431231746e-01 p32n=1.2431231933e-01 p64q=1.2431231720e-01 p64n=1.2431231720e-01 alpha_d=7.2288359976e-01 alpha_p32q=7.2288359820e-01 alpha_p32n=7.2288358737e-01 rz32q=8.9863335248e-02 rz32n=8.9863284491e-02 alpha_full_q=7.2288359739e-01 alpha_full_n=7.2288317825e-01
  residual=1.914e+03
iter=52 pAp_d=1.6067637106e-01 p8q=6.4000000000e+01 p8n=6.0000000000e+00 p8q_e2=1.8750000000e-01 p8n_e2=1.5625000000e-02 p16q=1.6040039062e-01 p16n=1.3848876953e-01 p16q_e2=1.6070556641e-01 p16n_e2=1.3873291016e-01 p32q=1.6067637131e-01 p32n=1.6067640577e-01 p64q=1.6067637106e-01 p64n=1.6067637106e-01 alpha_d=7.5048158425e-01 alpha_p32q=7.5048158309e-01 alpha_p32n=7.5048142214e-01 rz32q=1.2058465742e-01 rz32n=1.2058464205e-01 alpha_full_q=7.5048158255e-01 alpha_full_n=7.5048132596e-01
  residual=1.693e+03
iter=53 pAp_d=1.9161589700e-01 p8q=6.4000000000e+01 p8n=8.0000000000e+00 p8q_e2=2.1875000000e-01 p8n_e2=1.5625000000e-02 p16q=1.9140625000e-01 p16n=1.6552734375e-01 p16q_e2=1.9158935547e-01 p16n_e2=1.6595458984e-01 p32q=1.9161589630e-01 p32n=1.9161593076e-01 p64q=1.9161589700e-01 p64n=1.9161589700e-01 alpha_d=7.4199867587e-01 alpha_p32q=7.4199867858e-01 alpha_p32n=7.4199854514e-01 rz32q=1.4217874128e-01 rz32n=1.4217864349e-01 alpha_full_q=7.4199867563e-01 alpha_full_n=7.4199803186e-01
  residual=1.820e+03
iter=54 pAp_d=2.2835906675e-01 p8q=6.4000000000e+01 p8n=8.0000000000e+00 p8q_e2=2.5000000000e-01 p8n_e2=2.7343750000e-02 p16q=2.2808837891e-01 p16n=1.9921875000e-01 p16q_e2=2.2839355469e-01 p16n_e2=2.0031738281e-01 p32q=2.2835906688e-01 p32n=2.2835901473e-01 p64q=2.2835906675e-01 p64n=2.2835906675e-01 alpha_d=7.1126070148e-01 alpha_p32q=7.1126070108e-01 alpha_p32n=7.1126086352e-01 rz32q=1.6242283024e-01 rz32n=1.6242272407e-01 alpha_full_q=7.1126070209e-01 alpha_full_n=7.1126039960e-01
  residual=2.248e+03
iter=55 pAp_d=2.8708538914e-01 p8q=6.4000000000e+01 p8n=5.0000000000e+00 p8q_e2=3.1250000000e-01 p8n_e2=1.5625000000e-02 p16q=2.8674316406e-01 p16n=2.5939941406e-01 p16q_e2=2.8710937500e-01 p16n_e2=2.6074218750e-01 p32q=2.8708538972e-01 p32n=2.8708529100e-01 p64q=2.8708538914e-01 p64n=2.8708538914e-01 alpha_d=6.6974824219e-01 alpha_p32q=6.6974824085e-01 alpha_p32n=6.6974847116e-01 rz32q=1.9227493461e-01 rz32n=1.9227496441e-01 alpha_full_q=6.6974824041e-01 alpha_full_n=6.6974857453e-01
  residual=2.562e+03
iter=56 pAp_d=3.1551967740e-01 p8q=6.4000000000e+01 p8n=8.0000000000e+00 p8q_e2=3.4375000000e-01 p8n_e2=5.4687500000e-02 p16q=3.1542968750e-01 p16n=2.8051757812e-01 p16q_e2=3.1555175781e-01 p16n_e2=2.8039550781e-01 p32q=3.1551967748e-01 p32n=3.1551952288e-01 p64q=3.1551967740e-01 p64n=3.1551967740e-01 alpha_d=5.8003466574e-01 alpha_p32q=5.8003466561e-01 alpha_p32n=5.8003494981e-01 rz32q=1.8301235046e-01 rz32n=1.8301228900e-01 alpha_full_q=5.8003466512e-01 alpha_full_n=5.8003475451e-01
  residual=2.332e+03
iter=57 pAp_d=2.3292669488e-01 p8q=6.4000000000e+01 p8n=7.0000000000e+00 p8q_e2=2.5000000000e-01 p8n_e2=3.1250000000e-02 p16q=2.3254394531e-01 p16n=2.0709228516e-01 p16q_e2=2.3291015625e-01 p16n_e2=2.0831298828e-01 p32q=2.3292669561e-01 p32n=2.3292660806e-01 p64q=2.3292669488e-01 p64n=2.3292669488e-01 alpha_d=6.4567294316e-01 alpha_p32q=6.4567294114e-01 alpha_p32n=6.4567318382e-01 rz32q=1.5039446484e-01 rz32n=1.5039440896e-01 alpha_full_q=6.4567294208e-01 alpha_full_n=6.4567294486e-01
  residual=1.921e+03
iter=58 pAp_d=1.9507197537e-01 p8q=6.4000000000e+01 p8n=7.0000000000e+00 p8q_e2=2.3437500000e-01 p8n_e2=1.5625000000e-02 p16q=1.9500732422e-01 p16n=1.7187500000e-01 p16q_e2=1.9506835938e-01 p16n_e2=1.7224121094e-01 p32q=1.9507197570e-01 p32n=1.9507195987e-01 p64q=1.9507197537e-01 p64n=1.9507197537e-01 alpha_d=6.6339855509e-01 alpha_p32q=6.6339855396e-01 alpha_p32n=6.6339860781e-01 rz32q=1.2941046618e-01 rz32n=1.2941051926e-01 alpha_full_q=6.6339855181e-01 alpha_full_n=6.6339887779e-01
  residual=1.620e+03
iter=59 pAp_d=1.6651701856e-01 p8q=6.4000000000e+01 p8n=8.0000000000e+00 p8q_e2=2.0312500000e-01 p8n_e2=1.3671875000e-02 p16q=1.6644287109e-01 p16n=1.5014648438e-01 p16q_e2=1.6650390625e-01 p16n_e2=1.5014648438e-01 p32q=1.6651701834e-01 p32n=1.6651700903e-01 p64q=1.6651701856e-01 p64n=1.6651701856e-01 alpha_d=7.3416681542e-01 alpha_p32q=7.3416681638e-01 alpha_p32n=7.3416685744e-01 rz32q=1.2225126941e-01 rz32n=1.2225126429e-01 alpha_full_q=7.3416681746e-01 alpha_full_n=7.3416682776e-01
  residual=1.354e+03
iter=60 pAp_d=1.5434390672e-01 p8q=6.4000000000e+01 p8n=7.0000000000e+00 p8q_e2=1.7187500000e-01 p8n_e2=1.3671875000e-02 p16q=1.5447998047e-01 p16n=1.3818359375e-01 p16q_e2=1.5435791016e-01 p16n_e2=1.3818359375e-01 p32q=1.5434390679e-01 p32n=1.5434395988e-01 p64q=1.5434390672e-01 p64n=1.5434390672e-01 alpha_d=7.3360592813e-01 alpha_p32q=7.3360592778e-01 alpha_p32n=7.3360567546e-01 rz32q=1.1322760489e-01 rz32n=1.1322749220e-01 alpha_full_q=7.3360592746e-01 alpha_full_n=7.3360494502e-01
  residual=1.550e+03
iter=61 pAp_d=1.4540395810e-01 p8q=6.4000000000e+01 p8n=8.0000000000e+00 p8q_e2=1.7187500000e-01 p8n_e2=1.5625000000e-02 p16q=1.4569091797e-01 p16n=1.2890625000e-01 p16q_e2=1.4538574219e-01 p16n_e2=1.2933349609e-01 p32q=1.4540395793e-01 p32n=1.4540392905e-01 p64q=1.4540395810e-01 p64n=1.4540395810e-01 alpha_d=8.2580566267e-01 alpha_p32q=8.2580566364e-01 alpha_p32n=8.2580582761e-01 rz32q=1.2007541209e-01 rz32n=1.2007539999e-01 alpha_full_q=8.2580566449e-01 alpha_full_n=8.2580574520e-01
  residual=2.080e+03
iter=62 pAp_d=2.2414723476e-01 p8q=6.4000000000e+01 p8n=8.0000000000e+00 p8q_e2=2.5000000000e-01 p8n_e2=1.1718750000e-02 p16q=2.2418212891e-01 p16n=2.0275878906e-01 p16q_e2=2.2412109375e-01 p16n_e2=2.0172119141e-01 p32q=2.2414723504e-01 p32n=2.2414711677e-01 p64q=2.2414723476e-01 p64n=2.2414723476e-01 alpha_d=6.9346415309e-01 alpha_p32q=6.9346415223e-01 alpha_p32n=6.9346451816e-01 rz32q=1.5543807205e-01 rz32n=1.5543803386e-01 alpha_full_q=6.9346415100e-01 alpha_full_n=6.9346434657e-01
  residual=1.941e+03
iter=63 pAp_d=1.7419177839e-01 p8q=6.4000000000e+01 p8n=8.0000000000e+00 p8q_e2=2.0312500000e-01 p8n_e2=1.5625000000e-02 p16q=1.7388916016e-01 p16n=1.5533447266e-01 p16q_e2=1.7419433594e-01 p16n_e2=1.5509033203e-01 p32q=1.7419177853e-01 p32n=1.7419183347e-01 p64q=1.7419177839e-01 p64n=1.7419177839e-01 alpha_d=8.1798120744e-01 alpha_p32q=8.1798120681e-01 alpha_p32n=8.1798094878e-01 rz32q=1.4248560090e-01 rz32n=1.4248563163e-01 alpha_full_q=8.1798120498e-01 alpha_full_n=8.1798112339e-01
  residual=2.387e+03
iter=64 pAp_d=2.6842138890e-01 p8q=6.4000000000e+01 p8n=8.0000000000e+00 p8q_e2=2.8125000000e-01 p8n_e2=3.1250000000e-02 p16q=2.6806640625e-01 p16n=2.4005126953e-01 p16q_e2=2.6843261719e-01 p16n_e2=2.4169921875e-01 p32q=2.6842138916e-01 p32n=2.6842135936e-01 p64q=2.6842138890e-01 p64n=2.6842138890e-01 alpha_d=6.7185073812e-01 alpha_p32q=6.7185073745e-01 alpha_p32n=6.7185081204e-01 rz32q=1.8033910822e-01 rz32n=1.8033906166e-01 alpha_full_q=6.7185073732e-01 alpha_full_n=6.7185063843e-01
  residual=1.975e+03
iter=65 pAp_d=2.0841476028e-01 p8q=6.4000000000e+01 p8n=8.0000000000e+00 p8q_e2=2.1875000000e-01 p8n_e2=3.9062500000e-03 p16q=2.0831298828e-01 p16n=1.8719482422e-01 p16q_e2=2.0843505859e-01 p16n_e2=1.8743896484e-01 p32q=2.0841476042e-01 p32n=2.0841469895e-01 p64q=2.0841476028e-01 p64n=2.0841476028e-01 alpha_d=7.9625807151e-01 alpha_p32q=7.9625807098e-01 alpha_p32n=7.9625830582e-01 rz32q=1.6595193464e-01 rz32n=1.6595189553e-01 alpha_full_q=7.9625806881e-01 alpha_full_n=7.9625811597e-01
  residual=2.034e+03
iter=66 pAp_d=2.4436168028e-01 p8q=6.4000000000e+01 p8n=7.5000000000e+00 p8q_e2=2.5000000000e-01 p8n_e2=3.9062500000e-03 p16q=2.4383544922e-01 p16n=2.1624755859e-01 p16q_e2=2.4432373047e-01 p16n_e2=2.1704101562e-01 p32q=2.4436168000e-01 p32n=2.4436167721e-01 p64q=2.4436168028e-01 p64n=2.4436168028e-01 alpha_d=7.0210929280e-01 alpha_p32q=7.0210929361e-01 alpha_p32n=7.0210930164e-01 rz32q=1.7156860605e-01 rz32n=1.7156853247e-01 alpha_full_q=7.0210929164e-01 alpha_full_n=7.0210899858e-01
  residual=2.098e+03
iter=67 pAp_d=2.2075216800e-01 p8q=6.4000000000e+01 p8n=8.0000000000e+00 p8q_e2=2.3437500000e-01 p8n_e2=9.7656250000e-04 p16q=2.2076416016e-01 p16n=1.9567871094e-01 p16q_e2=2.2070312500e-01 p16n_e2=1.9439697266e-01 p32q=2.2075216752e-01 p32n=2.2075217776e-01 p64q=2.2075216800e-01 p64n=2.2075216800e-01 alpha_d=7.9524691439e-01 alpha_p32q=7.9524691613e-01 alpha_p32n=7.9524687923e-01 rz32q=1.7555247992e-01 rz32n=1.7555238865e-01 alpha_full_q=7.9524691376e-01 alpha_full_n=7.9524646341e-01
  residual=2.096e+03
iter=68 pAp_d=2.4149542591e-01 p8q=6.4000000000e+01 p8n=8.0000000000e+00 p8q_e2=2.5000000000e-01 p8n_e2=7.8125000000e-03 p16q=2.4169921875e-01 p16n=2.1228027344e-01 p16q_e2=2.4145507812e-01 p16n_e2=2.1209716797e-01 p32q=2.4149542581e-01 p32n=2.4149545189e-01 p64q=2.4149542591e-01 p64n=2.4149542591e-01 alpha_d=7.3059458246e-01 alpha_p32q=7.3059458275e-01 alpha_p32n=7.3059450386e-01 rz32q=1.7643524986e-01 rz32n=1.7643525265e-01 alpha_full_q=7.3059458275e-01 alpha_full_n=7.3059451543e-01
  residual=2.479e+03
iter=69 pAp_d=2.9942105522e-01 p8q=6.4000000000e+01 p8n=8.0000000000e+00 p8q_e2=3.4375000000e-01 p8n_e2=7.8125000000e-03 p16q=2.9864501953e-01 p16n=2.6458740234e-01 p16q_e2=2.9943847656e-01 p16n_e2=2.6306152344e-01 p32q=2.9942105524e-01 p32n=2.9942108504e-01 p64q=2.9942105522e-01 p64n=2.9942105522e-01 alpha_d=6.5104779436e-01 alpha_p32q=6.5104779432e-01 alpha_p32n=6.5104772952e-01 rz32q=1.9493741728e-01 rz32n=1.9493736047e-01 alpha_full_q=6.5104779330e-01 alpha_full_n=6.5104753877e-01
  residual=2.145e+03
iter=70 pAp_d=2.6392647966e-01 p8q=6.4000000000e+01 p8n=8.0000000000e+00 p8q_e2=2.8125000000e-01 p8n_e2=1.1718750000e-02 p16q=2.6373291016e-01 p16n=2.3046875000e-01 p16q_e2=2.6391601562e-01 p16n_e2=2.2985839844e-01 p32q=2.6392647810e-01 p32n=2.6392644644e-01 p64q=2.6392647966e-01 p64n=2.6392647966e-01 alpha_d=6.5988051974e-01 alpha_p32q=6.5988052363e-01 alpha_p32n=6.5988060280e-01 rz32q=1.7415994219e-01 rz32n=1.7415988445e-01 alpha_full_q=6.5988052221e-01 alpha_full_n=6.5988038260e-01
  residual=2.015e+03
iter=71 pAp_d=2.8701097822e-01 p8q=6.4000000000e+01 p8n=8.0000000000e+00 p8q_e2=3.1250000000e-01 p8n_e2=3.1250000000e-02 p16q=2.8692626953e-01 p16n=2.5091552734e-01 p16q_e2=2.8698730469e-01 p16n_e2=2.5158691406e-01 p32q=2.8701097891e-01 p32n=2.8701085225e-01 p64q=2.8701097822e-01 p64n=2.8701097822e-01 alpha_d=5.9865731037e-01 alpha_p32q=5.9865730893e-01 alpha_p32n=5.9865757313e-01 rz32q=1.7182122078e-01 rz32n=1.7182117607e-01 alpha_full_q=5.9865731071e-01 alpha_full_n=5.9865741915e-01
  residual=1.778e+03
iter=72 pAp_d=2.4516799833e-01 p8q=6.4000000000e+01 p8n=8.0000000000e+00 p8q_e2=2.5000000000e-01 p8n_e2=1.1718750000e-02 p16q=2.4481201172e-01 p16n=2.1185302734e-01 p16q_e2=2.4517822266e-01 p16n_e2=2.1154785156e-01 p32q=2.4516799860e-01 p32n=2.4516798183e-01 p64q=2.4516799833e-01 p64n=2.4516799833e-01 alpha_d=6.7158577822e-01 alpha_p32q=6.7158577748e-01 alpha_p32n=6.7158582340e-01 rz32q=1.6465134080e-01 rz32n=1.6465125326e-01 alpha_full_q=6.7158577688e-01 alpha_full_n=6.7158546573e-01
  residual=1.958e+03
iter=73 pAp_d=2.3179958276e-01 p8q=6.4000000000e+01 p8n=8.0000000000e+00 p8q_e2=2.3437500000e-01 p8n_e2=1.1718750000e-02 p16q=2.3193359375e-01 p16n=1.9964599609e-01 p16q_e2=2.3181152344e-01 p16n_e2=2.0123291016e-01 p32q=2.3179958295e-01 p32n=2.3179956246e-01 p64q=2.3179958276e-01 p64n=2.3179958276e-01 alpha_d=7.2043694894e-01 alpha_p32q=7.2043694835e-01 alpha_p32n=7.2043701203e-01 rz32q=1.6699698381e-01 rz32n=1.6699700244e-01 alpha_full_q=7.2043694680e-01 alpha_full_n=7.2043709084e-01
  residual=2.651e+03
iter=74 pAp_d=2.7385570654e-01 p8q=6.4000000000e+01 p8n=7.0000000000e+00 p8q_e2=3.1250000000e-01 p8n_e2=7.8125000000e-03 p16q=2.7368164062e-01 p16n=2.3925781250e-01 p16q_e2=2.7392578125e-01 p16n_e2=2.4163818359e-01 p32q=2.7385570668e-01 p32n=2.7385569736e-01 p64q=2.7385570654e-01 p64n=2.7385570654e-01 alpha_d=7.0109979075e-01 alpha_p32q=7.0109979040e-01 alpha_p32n=7.0109981425e-01 rz32q=1.9200017862e-01 rz32n=1.9200009294e-01 alpha_full_q=7.0109979065e-01 alpha_full_n=7.0109950162e-01
  residual=2.692e+03
iter=75 pAp_d=2.6189988181e-01 p8q=6.4000000000e+01 p8n=7.0000000000e+00 p8q_e2=3.1250000000e-01 p8n_e2=3.9062500000e-03 p16q=2.6239013672e-01 p16n=2.3944091797e-01 p16q_e2=2.6196289062e-01 p16n_e2=2.4011230469e-01 p32q=2.6189988293e-01 p32n=2.6189978793e-01 p64q=2.6189988181e-01 p64n=2.6189988181e-01 alpha_d=7.6313233569e-01 alpha_p32q=7.6313233244e-01 alpha_p32n=7.6313260924e-01 rz32q=1.9986426830e-01 rz32n=1.9986423943e-01 alpha_full_q=7.6313233159e-01 alpha_full_n=7.6313249816e-01
  residual=2.634e+03
iter=76 pAp_d=2.9320101719e-01 p8q=6.4000000000e+01 p8n=8.0000000000e+00 p8q_e2=3.1250000000e-01 p8n_e2=2.9296875000e-03 p16q=2.9272460938e-01 p16n=2.6580810547e-01 p16q_e2=2.9321289062e-01 p16n_e2=2.6232910156e-01 p32q=2.9320101999e-01 p32n=2.9320107587e-01 p64q=2.9320101719e-01 p64n=2.9320101719e-01 alpha_d=7.4696245857e-01 alpha_p32q=7.4696245144e-01 alpha_p32n=7.4696230908e-01 rz32q=2.1901015285e-01 rz32n=2.1901007835e-01 alpha_full_q=7.4696245212e-01 alpha_full_n=7.4696205565e-01
  residual=2.467e+03
iter=77 pAp_d=2.8676925960e-01 p8q=6.4000000000e+01 p8n=7.0000000000e+00 p8q_e2=3.1250000000e-01 p8n_e2=7.8125000000e-03 p16q=2.8668212891e-01 p16n=2.6586914062e-01 p16q_e2=2.8674316406e-01 p16n_e2=2.6513671875e-01 p32q=2.8676925972e-01 p32n=2.8676934354e-01 p64q=2.8676925960e-01 p64n=2.8676925960e-01 alpha_d=7.9985680561e-01 alpha_p32q=7.9985680528e-01 alpha_p32n=7.9985657149e-01 rz32q=2.2937434353e-01 rz32n=2.2937424947e-01 alpha_full_q=7.9985680387e-01 alpha_full_n=7.9985624207e-01
  residual=2.627e+03
iter=78 pAp_d=3.3777147988e-01 p8q=6.4000000000e+01 p8n=8.0000000000e+00 p8q_e2=3.4375000000e-01 p8n_e2=6.8359375000e-03 p16q=3.3789062500e-01 p16n=3.1103515625e-01 p16q_e2=3.3764648438e-01 p16n_e2=3.1396484375e-01 p32q=3.3777147904e-01 p32n=3.3777142689e-01 p64q=3.3777147988e-01 p64n=3.3777147988e-01 alpha_d=7.8592080813e-01 alpha_p32q=7.8592081008e-01 alpha_p32n=7.8592093143e-01 rz32q=2.6546163484e-01 rz32n=2.6546166092e-01 alpha_full_q=7.8592081131e-01 alpha_full_n=7.8592100986e-01
  residual=2.966e+03
iter=79 pAp_d=3.8627498156e-01 p8q=6.4000000000e+01 p8n=6.0000000000e+00 p8q_e2=4.0625000000e-01 p8n_e2=1.1718750000e-02 p16q=3.8653564453e-01 p16n=3.5437011719e-01 p16q_e2=3.8623046875e-01 p16n_e2=3.4973144531e-01 p32q=3.8627498224e-01 p32n=3.8627496362e-01 p64q=3.8627498156e-01 p64n=3.8627498156e-01 alpha_d=7.2438073926e-01 alpha_p32q=7.2438073798e-01 alpha_p32n=7.2438077291e-01 rz32q=2.7981015667e-01 rz32n=2.7981006168e-01 alpha_full_q=7.2438073791e-01 alpha_full_n=7.2438052691e-01
  residual=3.200e+03
iter=80 pAp_d=4.2172906641e-01 p8q=6.4000000000e+01 p8n=8.0000000000e+00 p8q_e2=4.3750000000e-01 p8n_e2=3.9062500000e-03 p16q=4.2156982422e-01 p16n=3.8952636719e-01 p16q_e2=4.2175292969e-01 p16n_e2=3.6938476562e-01 p32q=4.2172906734e-01 p32n=4.2172916420e-01 p64q=4.2172906641e-01 p64n=4.2172906641e-01 alpha_d=6.9652374654e-01 alpha_p32q=6.9652374500e-01 alpha_p32n=6.9652358503e-01 rz32q=2.9374430887e-01 rz32n=2.9374427162e-01 alpha_full_q=6.9652374385e-01 alpha_full_n=6.9652349555e-01
  residual=2.756e+03
iter=81 pAp_d=3.5700169564e-01 p8q=6.4000000000e+01 p8n=8.0000000000e+00 p8q_e2=3.7500000000e-01 p8n_e2=7.8125000000e-03 p16q=3.5662841797e-01 p16n=3.2226562500e-01 p16q_e2=3.5705566406e-01 p16n_e2=3.0847167969e-01 p32q=3.5700169578e-01 p32n=3.5700154491e-01 p64q=3.5700169564e-01 p64n=3.5700169564e-01 alpha_d=7.6208230406e-01 alpha_p32q=7.6208230376e-01 alpha_p32n=7.6208262582e-01 rz32q=2.7206467465e-01 rz32n=2.7206455357e-01 alpha_full_q=7.6208230342e-01 alpha_full_n=7.6208228635e-01
  residual=2.759e+03
iter=82 pAp_d=3.9491084589e-01 p8q=6.4000000000e+01 p8n=8.0000000000e+00 p8q_e2=4.6875000000e-01 p8n_e2=6.2500000000e-02 p16q=3.9483642578e-01 p16n=3.6090087891e-01 p16q_e2=3.9477539062e-01 p16n_e2=3.5363769531e-01 p32q=3.9491084591e-01 p32n=3.9491080306e-01 p64q=3.9491084589e-01 p64n=3.9491084589e-01 alpha_d=7.7713850015e-01 alpha_p32q=7.7713850013e-01 alpha_p32n=7.7713858443e-01 rz32q=3.0690042302e-01 rz32n=3.0690035410e-01 alpha_full_q=7.7713850152e-01 alpha_full_n=7.7713841131e-01
  residual=2.679e+03
iter=83 pAp_d=4.2743168808e-01 p8q=6.4000000000e+01 p8n=8.0000000000e+00 p8q_e2=5.0000000000e-01 p8n_e2=1.0937500000e-01 p16q=4.2755126953e-01 p16n=3.9111328125e-01 p16q_e2=4.2736816406e-01 p16n_e2=3.7878417969e-01 p32q=4.2743168771e-01 p32n=4.2743181996e-01 p64q=4.2743168808e-01 p64n=4.2743168808e-01 alpha_d=7.1823136462e-01 alpha_p32q=7.1823136524e-01 alpha_p32n=7.1823114302e-01 rz32q=3.0699484423e-01 rz32n=3.0699482374e-01 alpha_full_q=7.1823136434e-01 alpha_full_n=7.1823109418e-01
  residual=2.825e+03
iter=84 pAp_d=4.3973072948e-01 p8q=6.4000000000e+01 p8n=8.0000000000e+00 p8q_e2=5.0000000000e-01 p8n_e2=1.0156250000e-01 p16q=4.3945312500e-01 p16n=3.9984130859e-01 p16q_e2=4.3969726562e-01 p16n_e2=3.8879394531e-01 p32q=4.3973072991e-01 p32n=4.3973072618e-01 p64q=4.3973072948e-01 p64n=4.3973072948e-01 alpha_d=6.9050509972e-01 alpha_p32q=6.9050509905e-01 alpha_p32n=6.9050510490e-01 rz32q=3.0363631062e-01 rz32n=3.0363618582e-01 alpha_full_q=6.9050509771e-01 alpha_full_n=6.9050481976e-01
  residual=2.585e+03
iter=85 pAp_d=3.5599865028e-01 p8q=6.4000000000e+01 p8n=8.0000000000e+00 p8q_e2=4.0625000000e-01 p8n_e2=3.9062500000e-02 p16q=3.5559082031e-01 p16n=3.2348632812e-01 p16q_e2=3.5607910156e-01 p16n_e2=3.1506347656e-01 p32q=3.5599865019e-01 p32n=3.5599867254e-01 p64q=3.5599865028e-01 p64n=3.5599865028e-01 alpha_d=7.9606126295e-01 alpha_p32q=7.9606126314e-01 alpha_p32n=7.9606121315e-01 rz32q=2.8339673579e-01 rz32n=2.8339672461e-01 alpha_full_q=7.9606126493e-01 alpha_full_n=7.9606118356e-01
  residual=2.683e+03
iter=86 pAp_d=3.9445169997e-01 p8q=6.4000000000e+01 p8n=8.0000000000e+00 p8q_e2=4.6875000000e-01 p8n_e2=8.5937500000e-02 p16q=3.9428710938e-01 p16n=3.5205078125e-01 p16q_e2=3.9440917969e-01 p16n_e2=3.3984375000e-01 p32q=3.9445170015e-01 p32n=3.9445167780e-01 p64q=3.9445169997e-01 p64n=3.9445169997e-01 alpha_d=7.6727633307e-01 alpha_p32q=7.6727633272e-01 alpha_p32n=7.6727637620e-01 rz32q=3.0265345424e-01 rz32n=3.0265330151e-01 alpha_full_q=7.6727633352e-01 alpha_full_n=7.6727598979e-01
  residual=3.026e+03
iter=87 pAp_d=4.2064609904e-01 p8q=6.4000000000e+01 p8n=6.0000000000e+00 p8q_e2=4.6875000000e-01 p8n_e2=1.2500000000e-01 p16q=4.2010498047e-01 p16n=3.9068603516e-01 p16q_e2=4.2053222656e-01 p16n_e2=3.7353515625e-01 p32q=4.2064609937e-01 p32n=4.2064608261e-01 p64q=4.2064609904e-01 p64n=4.2064609904e-01 alpha_d=7.7362075597e-01 alpha_p32q=7.7362075536e-01 alpha_p32n=7.7362078619e-01 rz32q=3.2542055286e-01 rz32n=3.2542035729e-01 alpha_full_q=7.7362075471e-01 alpha_full_n=7.7362032060e-01
  residual=3.410e+03
iter=88 pAp_d=4.6243694953e-01 p8q=6.4000000000e+01 p8n=8.0000000000e+00 p8q_e2=5.6250000000e-01 p8n_e2=6.2500000000e-02 p16q=4.6240234375e-01 p16n=4.2687988281e-01 p16q_e2=4.6240234375e-01 p16n_e2=4.0771484375e-01 p32q=4.6243694983e-01 p32n=4.6243694611e-01 p64q=4.6243694953e-01 p64n=4.6243694953e-01 alpha_d=8.2001545454e-01 alpha_p32q=8.2001545401e-01 alpha_p32n=8.2001546061e-01 rz32q=3.7920544483e-01 rz32n=3.7920542434e-01 alpha_full_q=8.2001545284e-01 alpha_full_n=8.2001541514e-01
  residual=3.908e+03
iter=89 pAp_d=5.4616174779e-01 p8q=6.4000000000e+01 p8n=8.0000000000e+00 p8q_e2=6.2500000000e-01 p8n_e2=9.3750000000e-02 p16q=5.4541015625e-01 p16n=5.0781250000e-01 p16q_e2=5.4638671875e-01 p16n_e2=4.9902343750e-01 p32q=5.4616174847e-01 p32n=5.4616170377e-01 p64q=5.4616174779e-01 p64n=5.4616174779e-01 alpha_d=7.3744251683e-01 alpha_p32q=7.3744251592e-01 alpha_p32n=7.3744257628e-01 rz32q=4.0276289359e-01 rz32n=4.0276267007e-01 alpha_full_q=7.3744251537e-01 alpha_full_n=7.3744216647e-01
  residual=4.657e+03
iter=90 pAp_d=6.3858140223e-01 p8q=6.4000000000e+01 p8n=8.0000000000e+00 p8q_e2=6.2500000000e-01 p8n_e2=1.9531250000e-03 p16q=6.3928222656e-01 p16n=6.0095214844e-01 p16q_e2=6.3867187500e-01 p16n_e2=5.8349609375e-01 p32q=6.3858140260e-01 p32n=6.3858129829e-01 p64q=6.3858140223e-01 p64n=6.3858140223e-01 alpha_d=7.3195549808e-01 alpha_p32q=7.3195549766e-01 alpha_p32n=7.3195561722e-01 rz32q=4.6741316840e-01 rz32n=4.6741310693e-01 alpha_full_q=7.3195549776e-01 alpha_full_n=7.3195552106e-01
  residual=4.130e+03
iter=91 pAp_d=5.7658924772e-01 p8q=6.4000000000e+01 p8n=8.0000000000e+00 p8q_e2=5.6250000000e-01 p8n_e2=2.3437500000e-02 p16q=5.7580566406e-01 p16n=5.4248046875e-01 p16q_e2=5.7666015625e-01 p16n_e2=5.1953125000e-01 p32q=5.7658924535e-01 p32n=5.7658917829e-01 p64q=5.7658924772e-01 p64n=5.7658924772e-01 alpha_d=8.2695725517e-01 alpha_p32q=8.2695725857e-01 alpha_p32n=8.2695735474e-01 rz32q=4.7681466118e-01 rz32n=4.7681462206e-01 alpha_full_q=8.2695725774e-01 alpha_full_n=8.2695728607e-01
  residual=4.535e+03
iter=92 pAp_d=8.3324381502e-01 p8q=6.4000000000e+01 p8n=8.0000000000e+00 p8q_e2=8.1250000000e-01 p8n_e2=1.9531250000e-03 p16q=8.3422851562e-01 p16n=7.8552246094e-01 p16q_e2=8.3325195312e-01 p16n_e2=7.5976562500e-01 p32q=8.3324381337e-01 p32n=8.3324413747e-01 p64q=8.3324381502e-01 p64n=8.3324381502e-01 alpha_d=7.0459059231e-01 alpha_p32q=7.0459059370e-01 alpha_p32n=7.0459031964e-01 rz32q=5.8709575236e-01 rz32n=5.8709558472e-01 alpha_full_q=7.0459059274e-01 alpha_full_n=7.0459011750e-01
  residual=4.022e+03
iter=93 pAp_d=7.0190057855e-01 p8q=6.4000000000e+01 p8n=8.0000000000e+00 p8q_e2=6.8750000000e-01 p8n_e2=2.3437500000e-02 p16q=7.0275878906e-01 p16n=6.5490722656e-01 p16q_e2=7.0190429688e-01 p16n_e2=6.3842773438e-01 p32q=7.0190057531e-01 p32n=7.0190041512e-01 p64q=7.0190057855e-01 p64n=7.0190057855e-01 alpha_d=7.6928686346e-01 alpha_p32q=7.6928686701e-01 alpha_p32n=7.6928704257e-01 rz32q=5.3996289521e-01 rz32n=5.3996281326e-01 alpha_full_q=7.6928686798e-01 alpha_full_n=7.6928692678e-01
  residual=4.359e+03
iter=94 pAp_d=8.1826911648e-01 p8q=6.4000000000e+01 p8n=8.0000000000e+00 p8q_e2=8.7500000000e-01 p8n_e2=7.8125000000e-02 p16q=8.1677246094e-01 p16n=7.5891113281e-01 p16q_e2=8.1835937500e-01 p16n_e2=7.2192382812e-01 p32q=8.1826911494e-01 p32n=8.1826951727e-01 p64q=8.1826911648e-01 p64n=8.1826911648e-01 alpha_d=6.7835378100e-01 alpha_p32q=6.7835378228e-01 alpha_p32n=6.7835344874e-01 rz32q=5.5507595092e-01 rz32n=5.5507582054e-01 alpha_full_q=6.7835378457e-01 alpha_full_n=6.7835329169e-01
  residual=4.032e+03
iter=95 pAp_d=6.3517804015e-01 p8q=6.4000000000e+01 p8n=8.0000000000e+00 p8q_e2=6.2500000000e-01 p8n_e2=9.7656250000e-03 p16q=6.3354492188e-01 p16n=5.9350585938e-01 p16q_e2=6.3500976562e-01 p16n_e2=5.6787109375e-01 p32q=6.3517803699e-01 p32n=6.3517805561e-01 p64q=6.3517804015e-01 p64n=6.3517804015e-01 alpha_d=8.0610897586e-01 alpha_p32q=8.0610897987e-01 alpha_p32n=8.0610895623e-01 rz32q=5.1202271879e-01 rz32n=5.1202267036e-01 alpha_full_q=8.0610897885e-01 alpha_full_n=8.0610887897e-01
  residual=4.308e+03
iter=96 pAp_d=8.0698869655e-01 p8q=6.4000000000e+01 p8n=8.0000000000e+00 p8q_e2=8.1250000000e-01 p8n_e2=3.9062500000e-03 p16q=8.0554199219e-01 p16n=7.5817871094e-01 p16q_e2=8.0712890625e-01 p16n_e2=7.0996093750e-01 p32q=8.0698869377e-01 p32n=8.0698882416e-01 p64q=8.0698869655e-01 p64n=8.0698869655e-01 alpha_d=6.9255947447e-01 alpha_p32q=6.9255947686e-01 alpha_p32n=6.9255936496e-01 rz32q=5.5888766795e-01 rz32n=5.5888747051e-01 alpha_full_q=6.9255947731e-01 alpha_full_n=6.9255912075e-01
  residual=4.104e+03
iter=97 pAp_d=7.2582804911e-01 p8q=6.4000000000e+01 p8n=8.0000000000e+00 p8q_e2=8.1250000000e-01 p8n_e2=4.6875000000e-02 p16q=7.2668457031e-01 p16n=6.8395996094e-01 p16q_e2=7.2583007812e-01 p16n_e2=6.3574218750e-01 p32q=7.2582805157e-01 p32n=7.2582815588e-01 p64q=7.2582804911e-01 p64n=7.2582804911e-01 alpha_d=7.2589340646e-01 alpha_p32q=7.2589340400e-01 alpha_p32n=7.2589329968e-01 rz32q=5.2687379345e-01 rz32n=5.2687367424e-01 alpha_full_q=7.2589340177e-01 alpha_full_n=7.2589313321e-01
  residual=3.753e+03
iter=98 pAp_d=6.3584309164e-01 p8q=6.4000000000e+01 p8n=8.0000000000e+00 p8q_e2=6.2500000000e-01 p8n_e2=6.2500000000e-02 p16q=6.3562011719e-01 p16n=5.9399414062e-01 p16q_e2=6.3574218750e-01 p16n_e2=5.6274414062e-01 p32q=6.3584309071e-01 p32n=6.3584284112e-01 p64q=6.3584309164e-01 p64n=6.3584309164e-01 alpha_d=8.1436047824e-01 alpha_p32q=8.1436047943e-01 alpha_p32n=8.1436079910e-01 rz32q=5.1780548319e-01 rz32n=5.1780544221e-01 alpha_full_q=8.1436047785e-01 alpha_full_n=8.1436073308e-01
  residual=3.982e+03
iter=99 pAp_d=7.2576057839e-01 p8q=6.4000000000e+01 p8n=8.0000000000e+00 p8q_e2=6.8750000000e-01 p8n_e2=1.1718750000e-02 p16q=7.2656250000e-01 p16n=6.8066406250e-01 p16q_e2=7.2583007812e-01 p16n_e2=6.3403320312e-01 p32q=7.2576057911e-01 p32n=7.2576034069e-01 p64q=7.2576057839e-01 p64n=7.2576057839e-01 alpha_d=7.6308400639e-01 alpha_p32q=7.6308400564e-01 alpha_p32n=7.6308425632e-01 rz32q=5.5381628871e-01 rz32n=5.5381634831e-01 alpha_full_q=7.6308400408e-01 alpha_full_n=7.6308433689e-01
  residual=4.318e+03
iter=100 pAp_d=7.9694727166e-01 p8q=6.4000000000e+01 p8n=8.0000000000e+00 p8q_e2=7.5000000000e-01 p8n_e2=-7.8125000000e-03 p16q=7.9736328125e-01 p16n=7.5073242188e-01 p16q_e2=7.9663085938e-01 p16n_e2=7.0922851562e-01 p32q=7.9694726691e-01 p32n=7.9694722220e-01 p64q=7.9694727166e-01 p64n=7.9694727166e-01 alpha_d=7.4616947903e-01 alpha_p32q=7.4616948348e-01 alpha_p32n=7.4616952534e-01 rz32q=5.9465773031e-01 rz32n=5.9465772659e-01 alpha_full_q=7.4616948323e-01 alpha_full_n=7.4616952041e-01
  residual=4.322e+03
iter=101 pAp_d=8.4336111537e-01 p8q=6.4000000000e+01 p8n=8.0000000000e+00 p8q_e2=8.1250000000e-01 p8n_e2=6.2500000000e-02 p16q=8.4265136719e-01 p16n=7.8808593750e-01 p16q_e2=8.4350585938e-01 p16n_e2=7.3730468750e-01 p32q=8.4336111695e-01 p32n=8.4336084500e-01 p64q=8.4336111537e-01 p64n=8.4336111537e-01 alpha_d=7.5662191930e-01 alpha_p32q=7.5662191789e-01 alpha_p32n=7.5662216187e-01 rz32q=6.3810550421e-01 rz32n=6.3810543343e-01 alpha_full_q=7.5662191604e-01 alpha_full_n=7.5662207609e-01
  residual=4.258e+03
iter=102 pAp_d=8.9125983601e-01 p8q=6.4000000000e+01 p8n=8.0000000000e+00 p8q_e2=8.1250000000e-01 p8n_e2=1.5625000000e-02 p16q=8.9050292969e-01 p16n=8.3776855469e-01 p16q_e2=8.9135742188e-01 p16n_e2=7.9418945312e-01 p32q=8.9125983790e-01 p32n=8.9126031101e-01 p64q=8.9125983601e-01 p64n=8.9125983601e-01 alpha_d=7.3161553160e-01 alpha_p32q=7.3161553005e-01 alpha_p32n=7.3161514168e-01 rz32q=6.5205954015e-01 rz32n=6.5205964446e-01 alpha_full_q=7.3161553166e-01 alpha_full_n=7.3161526033e-01
  residual=4.336e+03
iter=103 pAp_d=8.4719178362e-01 p8q=6.4000000000e+01 p8n=8.0000000000e+00 p8q_e2=6.8750000000e-01 p8n_e2=9.7656250000e-03 p16q=8.4765625000e-01 p16n=7.9724121094e-01 p16q_e2=8.4741210938e-01 p16n_e2=7.5317382812e-01 p32q=8.4719178081e-01 p32n=8.4719153121e-01 p64q=8.4719178362e-01 p64n=8.4719178362e-01 alpha_d=7.4354034296e-01 alpha_p32q=7.4354034544e-01 alpha_p32n=7.4354056449e-01 rz32q=6.2992126867e-01 rz32n=6.2992118299e-01 alpha_full_q=7.4354034463e-01 alpha_full_n=7.4354046256e-01
  residual=4.653e+03
iter=104 pAp_d=9.8137888606e-01 p8q=6.4000000000e+01 p8n=8.0000000000e+00 p8q_e2=9.3750000000e-01 p8n_e2=7.8125000000e-03 p16q=9.8181152344e-01 p16n=9.2138671875e-01 p16q_e2=9.8120117188e-01 p16n_e2=8.5791015625e-01 p32q=9.8137888312e-01 p32n=9.8137880117e-01 p64q=9.8137888606e-01 p64n=9.8137888606e-01 alpha_d=7.2793120287e-01 alpha_p32q=7.2793120505e-01 alpha_p32n=7.2793126584e-01 rz32q=7.1437631175e-01 rz32n=7.1437621862e-01 alpha_full_q=7.2793120377e-01 alpha_full_n=7.2793116966e-01
  residual=3.800e+03
iter=105 pAp_d=8.9062576456e-01 p8q=6.4000000000e+01 p8n=8.0000000000e+00 p8q_e2=8.1250000000e-01 p8n_e2=3.9062500000e-03 p16q=8.8940429688e-01 p16n=8.2983398438e-01 p16q_e2=8.9062500000e-01 p16n_e2=8.0981445312e-01 p32q=8.9062576368e-01 p32n=8.9062605053e-01 p64q=8.9062576456e-01 p64n=8.9062576456e-01 alpha_d=7.8846326012e-01 alpha_p32q=7.8846326089e-01 alpha_p32n=7.8846300694e-01 rz32q=7.0222569257e-01 rz32n=7.0222547650e-01 alpha_full_q=7.8846325943e-01 alpha_full_n=7.8846276289e-01
  residual=3.830e+03
iter=106 pAp_d=1.1033811305e+00 p8q=6.4000000000e+01 p8n=8.0000000000e+00 p8q_e2=1.1250000000e+00 p8n_e2=2.1875000000e-01 p16q=1.1022949219e+00 p16n=1.0354003906e+00 p16q_e2=1.1035156250e+00 p16n_e2=9.8657226562e-01 p32q=1.1033811271e+00 p32n=1.1033808365e+00 p64q=1.1033811305e+00 p64n=1.1033811305e+00 alpha_d=7.1414042407e-01 alpha_p32q=7.1414042626e-01 alpha_p32n=7.1414061433e-01 rz32q=7.8796906769e-01 rz32n=7.8796887025e-01 alpha_full_q=7.1414042558e-01 alpha_full_n=7.1414043470e-01
  residual=3.869e+03
iter=107 pAp_d=1.1793182116e+00 p8q=6.4000000000e+01 p8n=8.0000000000e+00 p8q_e2=1.1250000000e+00 p8n_e2=1.2500000000e-01 p16q=1.1801757812e+00 p16n=1.1101074219e+00 p16q_e2=1.1791992188e+00 p16n_e2=1.0581054688e+00 p32q=1.1793182194e+00 p32n=1.1793176979e+00 p64q=1.1793182116e+00 p64n=1.1793182116e+00 alpha_d=7.2487087572e-01 alpha_p32q=7.2487087093e-01 alpha_p32n=7.2487119150e-01 rz32q=8.5485342517e-01 rz32n=8.5485338420e-01 alpha_full_q=7.2487087123e-01 alpha_full_n=7.2487115705e-01
  residual=3.810e+03
iter=108 pAp_d=1.1531388123e+00 p8q=6.4000000000e+01 p8n=8.0000000000e+00 p8q_e2=1.1250000000e+00 p8n_e2=1.5625000000e-01 p16q=1.1540527344e+00 p16n=1.0874023438e+00 p16q_e2=1.1533203125e+00 p16n_e2=1.0131835938e+00 p32q=1.1531388164e+00 p32n=1.1531392187e+00 p64q=1.1531388123e+00 p64n=1.1531388123e+00 alpha_d=7.5311778987e-01 alpha_p32q=7.5311778720e-01 alpha_p32n=7.5311752444e-01 rz32q=8.6844935268e-01 rz32n=8.6844920740e-01 alpha_full_q=7.5311778631e-01 alpha_full_n=7.5311739755e-01
  residual=4.451e+03
iter=109 pAp_d=1.3698084455e+00 p8q=6.4000000000e+01 p8n=8.0000000000e+00 p8q_e2=1.2500000000e+00 p8n_e2=3.1250000000e-01 p16q=1.3710937500e+00 p16n=1.2973632812e+00 p16q_e2=1.3696289062e+00 p16n_e2=1.2026367188e+00 p32q=1.3698084503e+00 p32n=1.3698076978e+00 p64q=1.3698084455e+00 p64n=1.3698084455e+00 alpha_d=6.7884591063e-01 alpha_p32q=6.7884590821e-01 alpha_p32n=6.7884628113e-01 rz32q=9.2988886312e-01 rz32n=9.2988915741e-01 alpha_full_q=6.7884590936e-01 alpha_full_n=6.7884649713e-01
  residual=4.556e+03
iter=110 pAp_d=1.2383268546e+00 p8q=6.4000000000e+01 p8n=8.0000000000e+00 p8q_e2=1.2500000000e+00 p8n_e2=1.8750000000e-01 p16q=1.2375488281e+00 p16n=1.1750488281e+00 p16q_e2=1.2377929688e+00 p16n_e2=1.0849609375e+00 p32q=1.2383268550e+00 p32n=1.2383268774e+00 p64q=1.2383268546e+00 p64n=1.2383268546e+00 alpha_d=6.8230733357e-01 alpha_p32q=6.8230733335e-01 alpha_p32n=6.8230732103e-01 rz32q=8.4491949528e-01 rz32n=8.4491930529e-01 alpha_full_q=6.8230733418e-01 alpha_full_n=6.8230716844e-01
  residual=4.476e+03
iter=111 pAp_d=1.0973867874e+00 p8q=6.4000000000e+01 p8n=8.0000000000e+00 p8q_e2=1.1250000000e+00 p8n_e2=7.8125000000e-02 p16q=1.0986328125e+00 p16n=1.0390625000e+00 p16q_e2=1.0971679688e+00 p16n_e2=9.6093750000e-01 p32q=1.0973867923e+00 p32n=1.0973863006e+00 p64q=1.0973867874e+00 p64n=1.0973867874e+00 alpha_d=6.7682489809e-01 alpha_p32q=6.7682489507e-01 alpha_p32n=6.7682519835e-01 rz32q=7.4273870140e-01 rz32n=7.4273838103e-01 alpha_full_q=6.7682489585e-01 alpha_full_n=6.7682490719e-01
  residual=4.429e+03
iter=112 pAp_d=9.7528532463e-01 p8q=6.4000000000e+01 p8n=8.0000000000e+00 p8q_e2=9.3750000000e-01 p8n_e2=9.3750000000e-02 p16q=9.7521972656e-01 p16n=9.0881347656e-01 p16q_e2=9.7558593750e-01 p16n_e2=8.5302734375e-01 p32q=9.7528532147e-01 p32n=9.7528507560e-01 p64q=9.7528532463e-01 p64n=9.7528532463e-01 alpha_d=6.9024110711e-01 alpha_p32q=6.9024110934e-01 alpha_p32n=6.9024128335e-01 rz32q=6.7318202183e-01 rz32n=6.7318183556e-01 alpha_full_q=6.9024110894e-01 alpha_full_n=6.9024109196e-01
  residual=4.080e+03
iter=113 pAp_d=7.7832812610e-01 p8q=6.4000000000e+01 p8n=8.0000000000e+00 p8q_e2=8.1250000000e-01 p8n_e2=1.5625000000e-02 p16q=7.7905273438e-01 p16n=7.2546386719e-01 p16q_e2=7.7807617188e-01 p16n_e2=6.8920898438e-01 p32q=7.7832812443e-01 p32n=7.7832768857e-01 p64q=7.7832812610e-01 p64n=7.7832812610e-01 alpha_d=8.0002497780e-01 alpha_p32q=8.0002497951e-01 alpha_p32n=8.0002542752e-01 rz32q=6.2268194184e-01 rz32n=6.2268180400e-01 alpha_full_q=8.0002497955e-01 alpha_full_n=8.0002525047e-01
  residual=4.253e+03
iter=114 pAp_d=9.3527738389e-01 p8q=6.4000000000e+01 p8n=8.0000000000e+00 p8q_e2=8.7500000000e-01 p8n_e2=1.1718750000e-02 p16q=9.3530273438e-01 p16n=8.6999511719e-01 p16q_e2=9.3530273438e-01 p16n_e2=8.2934570312e-01 p32q=9.3527738750e-01 p32n=9.3527751788e-01 p64q=9.3527738389e-01 p64n=9.3527738389e-01 alpha_d=7.2656076094e-01 alpha_p32q=7.2656075814e-01 alpha_p32n=7.2656065685e-01 rz32q=6.7953584716e-01 rz32n=6.7953561619e-01 alpha_full_q=7.2656075752e-01 alpha_full_n=7.2656040928e-01
  residual=3.693e+03
iter=115 pAp_d=7.7817588883e-01 p8q=6.4000000000e+01 p8n=8.0000000000e+00 p8q_e2=8.1250000000e-01 p8n_e2=9.7656250000e-04 p16q=7.7832031250e-01 p16n=7.3022460938e-01 p16q_e2=7.7832031250e-01 p16n_e2=6.8627929688e-01 p32q=7.7817589045e-01 p32n=7.7817583084e-01 p64q=7.7817588883e-01 p64n=7.7817588883e-01 alpha_d=8.5196501308e-01 alpha_p32q=8.5196501131e-01 alpha_p32n=8.5196507656e-01 rz32q=6.6297863051e-01 rz32n=6.6297870502e-01 alpha_full_q=8.5196501029e-01 alpha_full_n=8.5196517129e-01
  residual=3.729e+03
iter=116 pAp_d=9.6640698661e-01 p8q=6.4000000000e+01 p8n=8.0000000000e+00 p8q_e2=8.7500000000e-01 p8n_e2=3.9062500000e-03 p16q=9.6838378906e-01 p16n=9.0649414062e-01 p16q_e2=9.6655273438e-01 p16n_e2=8.4082031250e-01 p32q=9.6640698984e-01 p32n=9.6640724689e-01 p64q=9.6640698661e-01 p64n=9.6640698661e-01 alpha_d=7.6786787826e-01 alpha_p32q=7.6786787569e-01 alpha_p32n=7.6786767145e-01 rz32q=7.4207288399e-01 rz32n=7.4207272753e-01 alpha_full_q=7.6786787740e-01 alpha_full_n=7.6786751126e-01
  residual=4.204e+03
iter=117 pAp_d=1.0423533566e+00 p8q=6.4000000000e+01 p8n=8.0000000000e+00 p8q_e2=9.3750000000e-01 p8n_e2=1.5625000000e-02 p16q=1.0415039062e+00 p16n=9.7314453125e-01 p16q_e2=1.0424804688e+00 p16n_e2=9.2529296875e-01 p32q=1.0423533544e+00 p32n=1.0423534438e+00 p64q=1.0423533566e+00 p64n=1.0423533566e+00 alpha_d=7.5113432707e-01 alpha_p32q=7.5113432868e-01 alpha_p32n=7.5113426426e-01 rz32q=7.8294738755e-01 rz32n=7.8294740990e-01 alpha_full_q=7.5113432911e-01 alpha_full_n=7.5113428612e-01
  residual=5.005e+03
iter=118 pAp_d=1.1756822997e+00 p8q=6.4000000000e+01 p8n=8.0000000000e+00 p8q_e2=1.1250000000e+00 p8n_e2=2.5000000000e-01 p16q=1.1789550781e+00 p16n=1.1220703125e+00 p16q_e2=1.1757812500e+00 p16n_e2=1.0307617188e+00 p32q=1.1756822988e+00 p32n=1.1756823510e+00 p64q=1.1756822997e+00 p64n=1.1756822997e+00 alpha_d=6.9854857251e-01 alpha_p32q=6.9854857301e-01 alpha_p32n=6.9854854203e-01 rz32q=8.2127119228e-01 rz32n=8.2127109915e-01 alpha_full_q=6.9854857311e-01 alpha_full_n=6.9854846290e-01
  residual=5.773e+03
iter=119 pAp_d=1.1668324414e+00 p8q=6.4000000000e+01 p8n=8.0000000000e+00 p8q_e2=1.2500000000e+00 p8n_e2=3.1250000000e-01 p16q=1.1677246094e+00 p16n=1.1105957031e+00 p16q_e2=1.1665039062e+00 p16n_e2=1.0249023438e+00 p32q=1.1668324471e+00 p32n=1.1668327376e+00 p64q=1.1668324414e+00 p64n=1.1668324414e+00 alpha_d=7.0934504509e-01 alpha_p32q=7.0934504167e-01 alpha_p32n=7.0934486503e-01 rz32q=8.2768681273e-01 rz32n=8.2768638059e-01 alpha_full_q=7.0934504334e-01 alpha_full_n=7.0934449635e-01
  residual=6.602e+03
iter=120 pAp_d=1.2630692871e+00 p8q=6.4000000000e+01 p8n=8.0000000000e+00 p8q_e2=1.2500000000e+00 p8n_e2=2.5000000000e-01 p16q=1.2622070312e+00 p16n=1.1962890625e+00 p16q_e2=1.2636718750e+00 p16n_e2=1.1289062500e+00 p32q=1.2630692944e+00 p32n=1.2630687207e+00 p64q=1.2630692871e+00 p64n=1.2630692871e+00 alpha_d=6.4971924783e-01 alpha_p32q=6.4971924407e-01 alpha_p32n=6.4971953918e-01 rz32q=8.2064042613e-01 rz32n=8.2064014673e-01 alpha_full_q=6.4971924325e-01 alpha_full_n=6.4971931716e-01
  residual=7.202e+03
iter=121 pAp_d=1.2559659016e+00 p8q=6.4000000000e+01 p8n=8.0000000000e+00 p8q_e2=1.2500000000e+00 p8n_e2=3.1250000000e-01 p16q=1.2553710938e+00 p16n=1.1845703125e+00 p16q_e2=1.2563476562e+00 p16n_e2=1.1342773438e+00 p32q=1.2559659109e+00 p32n=1.2559658140e+00 p64q=1.2559659016e+00 p64n=1.2559659016e+00 alpha_d=6.7410825936e-01 alpha_p32q=6.7410825438e-01 alpha_p32n=6.7410830636e-01 rz32q=8.4665698931e-01 rz32n=8.4665678442e-01 alpha_full_q=6.7410825564e-01 alpha_full_n=6.7410814449e-01
  residual=6.993e+03
iter=122 pAp_d=1.3120029878e+00 p8q=6.4000000000e+01 p8n=8.0000000000e+00 p8q_e2=1.3750000000e+00 p8n_e2=2.1875000000e-01 p16q=1.3076171875e+00 p16n=1.2243652344e+00 p16q_e2=1.3120117188e+00 p16n_e2=1.1660156250e+00 p32q=1.3120029867e+00 p32n=1.3120030761e+00 p64q=1.3120029878e+00 p64n=1.3120029878e+00 alpha_d=6.7043888230e-01 alpha_p32q=6.7043888290e-01 alpha_p32n=6.7043883721e-01 rz32q=8.7961781770e-01 rz32n=8.7961757928e-01 alpha_full_q=6.7043888363e-01 alpha_full_n=6.7043865622e-01
  residual=6.250e+03
iter=123 pAp_d=1.2554270066e+00 p8q=6.4000000000e+01 p8n=8.0000000000e+00 p8q_e2=1.3750000000e+00 p8n_e2=4.3750000000e-01 p16q=1.2556152344e+00 p16n=1.1828613281e+00 p16q_e2=1.2553710938e+00 p16n_e2=1.1372070312e+00 p32q=1.2554270104e+00 p32n=1.2554268688e+00 p64q=1.2554270066e+00 p64n=1.2554270066e+00 alpha_d=6.9449300715e-01 alpha_p32q=6.9449300510e-01 alpha_p32n=6.9449308341e-01 rz32q=8.7188527733e-01 rz32n=8.7188509852e-01 alpha_full_q=6.9449300528e-01 alpha_full_n=6.9449294116e-01
  residual=5.535e+03
iter=124 pAp_d=1.1511793395e+00 p8q=6.4000000000e+01 p8n=8.0000000000e+00 p8q_e2=1.1250000000e+00 p8n_e2=2.5000000000e-01 p16q=1.1506347656e+00 p16n=1.0776367188e+00 p16q_e2=1.1508789062e+00 p16n_e2=1.0141601562e+00 p32q=1.1511793435e+00 p32n=1.1511790082e+00 p64q=1.1511793395e+00 p64n=1.1511793395e+00 alpha_d=7.1405864494e-01 alpha_p32q=7.1405864249e-01 alpha_p32n=7.1405885045e-01 rz32q=8.2200955972e-01 rz32n=8.2200925425e-01 alpha_full_q=7.1405864289e-01 alpha_full_n=7.1405858550e-01
  residual=5.574e+03
iter=125 pAp_d=1.1673890392e+00 p8q=6.4000000000e+01 p8n=8.0000000000e+00 p8q_e2=1.1250000000e+00 p8n_e2=7.8125000000e-02 p16q=1.1682128906e+00 p16n=1.0976562500e+00 p16q_e2=1.1669921875e+00 p16n_e2=1.0366210938e+00 p32q=1.1673890352e+00 p32n=1.1673890650e+00 p64q=1.1673890392e+00 p64n=1.1673890392e+00 alpha_d=7.0089555597e-01 alpha_p32q=7.0089555838e-01 alpha_p32n=7.0089554049e-01 rz32q=8.1821778789e-01 rz32n=8.1821794808e-01 alpha_full_q=7.0089555684e-01 alpha_full_n=7.0089567616e-01
  residual=5.041e+03
iter=126 pAp_d=1.0820506113e+00 p8q=6.4000000000e+01 p8n=8.0000000000e+00 p8q_e2=1.0000000000e+00 p8n_e2=1.0937500000e-01 p16q=1.0827636719e+00 p16n=1.0139160156e+00 p16q_e2=1.0820312500e+00 p16n_e2=9.4750976562e-01 p32q=1.0820506066e+00 p32n=1.0820502639e+00 p64q=1.0820506113e+00 p64n=1.0820506113e+00 alpha_d=6.9905942574e-01 alpha_p32q=6.9905942876e-01 alpha_p32n=6.9905965017e-01 rz32q=7.5641768053e-01 rz32n=7.5641752034e-01 alpha_full_q=6.9905943023e-01 alpha_full_n=6.9905950360e-01
  residual=4.435e+03
iter=127 pAp_d=1.0604534980e+00 p8q=6.4000000000e+01 p8n=8.0000000000e+00 p8q_e2=1.0000000000e+00 p8n_e2=1.5625000000e-01 p16q=1.0605468750e+00 p16n=9.9707031250e-01 p16q_e2=1.0605468750e+00 p16n_e2=9.2285156250e-01 p32q=1.0604534969e+00 p32n=1.0604530945e+00 p64q=1.0604534980e+00 p64n=1.0604534980e+00 alpha_d=6.9864175959e-01 alpha_p32q=6.9864176034e-01 alpha_p32n=6.9864202541e-01 rz32q=7.4087709934e-01 rz32n=7.4087676778e-01 alpha_full_q=6.9864176177e-01 alpha_full_n=6.9864171419e-01
  residual=3.744e+03
iter=128 pAp_d=1.1133701561e+00 p8q=6.4000000000e+01 p8n=8.0000000000e+00 p8q_e2=1.0000000000e+00 p8n_e2=1.8750000000e-01 p16q=1.1123046875e+00 p16n=1.0468750000e+00 p16q_e2=1.1132812500e+00 p16n_e2=9.8242187500e-01 p32q=1.1133701503e+00 p32n=1.1133702993e+00 p64q=1.1133701561e+00 p64n=1.1133701561e+00 alpha_d=6.7682581188e-01 alpha_p32q=6.7682581537e-01 alpha_p32n=6.7682572478e-01 rz32q=7.5355765969e-01 rz32n=7.5355749205e-01 alpha_full_q=6.7682581526e-01 alpha_full_n=6.7682557411e-01
  residual=4.039e+03
iter=129 pAp_d=1.2695396336e+00 p8q=6.4000000000e+01 p8n=8.0000000000e+00 p8q_e2=1.2500000000e+00 p8n_e2=2.5000000000e-01 p16q=1.2697753906e+00 p16n=1.1789550781e+00 p16q_e2=1.2695312500e+00 p16n_e2=1.1411132812e+00 p32q=1.2695396319e+00 p32n=1.2695391849e+00 p64q=1.2695396336e+00 p64n=1.2695396336e+00 alpha_d=6.6684859515e-01 alpha_p32q=6.6684859603e-01 alpha_p32n=6.6684883085e-01 rz32q=8.4659072012e-01 rz32n=8.4659026936e-01 alpha_full_q=6.6684859522e-01 alpha_full_n=6.6684847498e-01
  residual=4.994e+03
iter=130 pAp_d=1.4094985037e+00 p8q=6.4000000000e+01 p8n=8.0000000000e+00 p8q_e2=1.5000000000e+00 p8n_e2=2.5000000000e-01 p16q=1.4064941406e+00 p16n=1.3215332031e+00 p16q_e2=1.4091796875e+00 p16n_e2=1.2231445312e+00 p32q=1.4094985053e+00 p32n=1.4094982296e+00 p64q=1.4094985037e+00 p64n=1.4094985037e+00 alpha_d=6.2755297261e-01 alpha_p32q=6.2755297191e-01 alpha_p32n=6.2755309465e-01 rz32q=8.8453497738e-01 rz32n=8.8453517482e-01 alpha_full_q=6.2755297296e-01 alpha_full_n=6.2755323577e-01
  residual=5.141e+03
iter=131 pAp_d=1.2315716519e+00 p8q=6.4000000000e+01 p8n=8.0000000000e+00 p8q_e2=1.2500000000e+00 p8n_e2=1.8750000000e-01 p16q=1.2312011719e+00 p16n=1.1608886719e+00 p16q_e2=1.2314453125e+00 p16n_e2=1.0815429688e+00 p32q=1.2315716520e+00 p32n=1.2315715775e+00 p64q=1.2315716519e+00 p64n=1.2315716519e+00 alpha_d=7.1656404894e-01 alpha_p32q=7.1656404888e-01 alpha_p32n=7.1656409222e-01 rz32q=8.8249997050e-01 rz32n=8.8249993697e-01 alpha_full_q=7.1656404974e-01 alpha_full_n=7.1656406586e-01
  residual=4.851e+03
iter=132 pAp_d=1.2990510814e+00 p8q=6.4000000000e+01 p8n=8.0000000000e+00 p8q_e2=1.3750000000e+00 p8n_e2=2.5000000000e-01 p16q=1.2995605469e+00 p16n=1.2097167969e+00 p16q_e2=1.2993164062e+00 p16n_e2=1.1064453125e+00 p32q=1.2990510836e+00 p32n=1.2990513593e+00 p64q=1.2990510814e+00 p64n=1.2990510814e+00 alpha_d=6.8456577633e-01 alpha_p32q=6.8456577518e-01 alpha_p32n=6.8456562991e-01 rz32q=8.8928591087e-01 rz32n=8.8928559422e-01 alpha_full_q=6.8456577427e-01 alpha_full_n=6.8456538524e-01
  residual=4.305e+03
iter=133 pAp_d=1.1055228655e+00 p8q=6.4000000000e+01 p8n=8.0000000000e+00 p8q_e2=1.0000000000e+00 p8n_e2=1.5625000000e-01 p16q=1.1044921875e+00 p16n=1.0319824219e+00 p16q_e2=1.1054687500e+00 p16n_e2=9.4335937500e-01 p32q=1.1055228636e+00 p32n=1.1055228785e+00 p64q=1.1055228655e+00 p64n=1.1055228655e+00 alpha_d=7.6822887424e-01 alpha_p32q=7.6822887555e-01 alpha_p32n=7.6822886519e-01 rz32q=8.4929458797e-01 rz32n=8.4929442033e-01 alpha_full_q=7.6822887699e-01 alpha_full_n=7.6822871500e-01
  residual=4.239e+03
iter=134 pAp_d=1.1913321188e+00 p8q=6.4000000000e+01 p8n=8.0000000000e+00 p8q_e2=1.2500000000e+00 p8n_e2=7.8125000000e-03 p16q=1.1921386719e+00 p16n=1.1308593750e+00 p16q_e2=1.1914062500e+00 p16n_e2=1.0434570312e+00 p32q=1.1913321167e+00 p32n=1.1913323626e+00 p64q=1.1913321188e+00 p64n=1.1913321188e+00 alpha_d=7.3465417513e-01 alpha_p32q=7.3465417642e-01 alpha_p32n=7.3465402480e-01 rz32q=8.7521711364e-01 rz32n=8.7521697581e-01 alpha_full_q=7.3465417524e-01 alpha_full_n=7.3465390792e-01
  residual=5.378e+03
iter=135 pAp_d=1.3596797113e+00 p8q=6.4000000000e+01 p8n=8.0000000000e+00 p8q_e2=1.3750000000e+00 p8n_e2=1.4062500000e-01 p16q=1.3613281250e+00 p16n=1.2954101562e+00 p16q_e2=1.3593750000e+00 p16n_e2=1.1914062500e+00 p32q=1.3596797064e+00 p32n=1.3596795574e+00 p64q=1.3596797113e+00 p64n=1.3596797113e+00 alpha_d=6.8933743004e-01 alpha_p32q=6.8933743255e-01 alpha_p32n=6.8933750809e-01 rz32q=9.3727811798e-01 rz32n=9.3727815151e-01 alpha_full_q=6.8933743261e-01 alpha_full_n=6.8933753282e-01
  residual=6.606e+03
iter=136 pAp_d=1.4138230791e+00 p8q=6.4000000000e+01 p8n=8.0000000000e+00 p8q_e2=1.5000000000e+00 p8n_e2=3.4375000000e-01 p16q=1.4155273438e+00 p16n=1.3435058594e+00 p16q_e2=1.4135742188e+00 p16n_e2=1.2954101562e+00 p32q=1.4138230830e+00 p32n=1.4138230905e+00 p64q=1.4138230791e+00 p64n=1.4138230791e+00 alpha_d=6.8383775738e-01 alpha_p32q=6.8383775548e-01 alpha_p32n=6.8383775188e-01 rz32q=9.6682560444e-01 rz32n=9.6682540327e-01 alpha_full_q=6.8383775596e-01 alpha_full_n=6.8383761008e-01
  residual=7.363e+03
iter=137 pAp_d=1.4982492912e+00 p8q=6.4000000000e+01 p8n=8.0000000000e+00 p8q_e2=1.8750000000e+00 p8n_e2=3.7500000000e-01 p16q=1.5043945312e+00 p16n=1.4367675781e+00 p16q_e2=1.4980468750e+00 p16n_e2=1.3466796875e+00 p32q=1.4982492849e+00 p32n=1.4982492253e+00 p64q=1.4982492912e+00 p64n=1.4982492912e+00 alpha_d=6.6324355474e-01 alpha_p32q=6.6324355749e-01 alpha_p32n=6.6324358388e-01 rz32q=9.9370418489e-01 rz32n=9.9370402098e-01 alpha_full_q=6.6324355692e-01 alpha_full_n=6.6324347391e-01
  residual=7.248e+03
iter=138 pAp_d=1.4406896022e+00 p8q=6.4000000000e+01 p8n=8.0000000000e+00 p8q_e2=1.7500000000e+00 p8n_e2=4.6875000000e-01 p16q=1.4411621094e+00 p16n=1.3630371094e+00 p16q_e2=1.4409179688e+00 p16n_e2=1.2807617188e+00 p32q=1.4406896085e+00 p32n=1.4406894892e+00 p64q=1.4406896022e+00 p64n=1.4406896022e+00 alpha_d=7.1067801318e-01 alpha_p32q=7.1067801011e-01 alpha_p32n=7.1067806892e-01 rz32q=1.0238664225e+00 rz32n=1.0238662735e+00 alpha_full_q=7.1067800897e-01 alpha_full_n=7.1067796434e-01
  residual=7.073e+03
iter=139 pAp_d=1.6166380493e+00 p8q=6.4000000000e+01 p8n=8.0000000000e+00 p8q_e2=1.8750000000e+00 p8n_e2=2.8125000000e-01 p16q=1.6162109375e+00 p16n=1.5522460938e+00 p16q_e2=1.6166992188e+00 p16n_e2=1.4345703125e+00 p32q=1.6166380495e+00 p32n=1.6166384518e+00 p64q=1.6166380493e+00 p64n=1.6166380493e+00 alpha_d=7.0348236580e-01 alpha_p32q=7.0348236574e-01 alpha_p32n=7.0348219067e-01 rz32q=1.1372763589e+00 rz32n=1.1372766569e+00 alpha_full_q=7.0348236531e-01 alpha_full_n=7.0348237458e-01
  residual=6.334e+03
iter=140 pAp_d=1.5892792795e+00 p8q=6.4000000000e+01 p8n=8.0000000000e+00 p8q_e2=1.6250000000e+00 p8n_e2=3.4375000000e-01 p16q=1.5888671875e+00 p16n=1.4951171875e+00 p16q_e2=1.5893554688e+00 p16n_e2=1.4106445312e+00 p32q=1.5892792642e+00 p32n=1.5892794058e+00 p64q=1.5892792795e+00 p64n=1.5892792795e+00 alpha_d=7.2610663472e-01 alpha_p32q=7.2610664169e-01 alpha_p32n=7.2610657702e-01 rz32q=1.1539862305e+00 rz32n=1.1539858058e+00 alpha_full_q=7.2610664248e-01 alpha_full_n=7.2610631058e-01
  residual=6.311e+03
iter=141 pAp_d=1.8003683510e+00 p8q=6.4000000000e+01 p8n=8.0000000000e+00 p8q_e2=1.6250000000e+00 p8n_e2=3.1250000000e-01 p16q=1.8029785156e+00 p16n=1.6906738281e+00 p16q_e2=1.8002929688e+00 p16n_e2=1.5854492188e+00 p32q=1.8003683463e+00 p32n=1.8003681228e+00 p64q=1.8003683510e+00 p64n=1.8003683510e+00 alpha_d=6.8424915548e-01 alpha_p32q=6.8424915728e-01 alpha_p32n=6.8424924223e-01 rz32q=1.2319005281e+00 rz32n=1.2319004685e+00 alpha_full_q=6.8424915969e-01 alpha_full_n=6.8424921153e-01
  residual=5.653e+03
iter=142 pAp_d=1.6162003686e+00 p8q=6.4000000000e+01 p8n=8.0000000000e+00 p8q_e2=1.7500000000e+00 p8n_e2=2.5000000000e-01 p16q=1.6157226562e+00 p16n=1.4941406250e+00 p16q_e2=1.6162109375e+00 p16n_e2=1.4140625000e+00 p32q=1.6162003726e+00 p32n=1.6161999255e+00 p64q=1.6162003686e+00 p64n=1.6162003686e+00 alpha_d=7.0005312412e-01 alpha_p32q=7.0005312241e-01 alpha_p32n=7.0005331604e-01 rz32q=1.1314261183e+00 rz32n=1.1314256862e+00 alpha_full_q=7.0005312306e-01 alpha_full_n=7.0005304932e-01
  residual=5.172e+03
iter=143 pAp_d=1.6835791419e+00 p8q=6.4000000000e+01 p8n=8.0000000000e+00 p8q_e2=1.6250000000e+00 p8n_e2=3.9062500000e-02 p16q=1.6840820312e+00 p16n=1.5891113281e+00 p16q_e2=1.6835937500e+00 p16n_e2=1.4555664062e+00 p32q=1.6835791394e+00 p32n=1.6835789084e+00 p64q=1.6835791419e+00 p64n=1.6835791419e+00 alpha_d=6.6110374959e-01 alpha_p32q=6.6110375057e-01 alpha_p32n=6.6110384127e-01 rz32q=1.1130204797e+00 rz32n=1.1130201370e+00 alpha_full_q=6.6110374833e-01 alpha_full_n=6.6110363546e-01
  residual=4.241e+03
iter=144 pAp_d=1.4705092683e+00 p8q=6.4000000000e+01 p8n=8.0000000000e+00 p8q_e2=1.6250000000e+00 p8n_e2=2.5000000000e-01 p16q=1.4704589844e+00 p16n=1.3620605469e+00 p16q_e2=1.4707031250e+00 p16n_e2=1.2880859375e+00 p32q=1.4705092683e+00 p32n=1.4705089778e+00 p64q=1.4705092683e+00 p64n=1.4705092683e+00 alpha_d=6.7304601647e-01 alpha_p32q=6.7304601644e-01 alpha_p32n=6.7304614943e-01 rz32q=9.8972040415e-01 rz32n=9.8971980438e-01 alpha_full_q=6.7304601573e-01 alpha_full_n=6.7304574085e-01
  residual=3.623e+03
iter=145 pAp_d=1.1352266374e+00 p8q=6.4000000000e+01 p8n=8.0000000000e+00 p8q_e2=1.1250000000e+00 p8n_e2=1.0937500000e-01 p16q=1.1345214844e+00 p16n=1.0581054688e+00 p16q_e2=1.1352539062e+00 p16n_e2=9.7851562500e-01 p32q=1.1352266446e+00 p32n=1.1352261752e+00 p64q=1.1352266374e+00 p64n=1.1352266374e+00 alpha_d=7.3231687580e-01 alpha_p32q=7.3231687116e-01 alpha_p32n=7.3231717395e-01 rz32q=8.3134562522e-01 rz32n=8.3134509623e-01 alpha_full_q=7.3231687187e-01 alpha_full_n=7.3231670869e-01
  residual=4.271e+03
iter=146 pAp_d=1.2542112752e+00 p8q=6.4000000000e+01 p8n=8.0000000000e+00 p8q_e2=1.2500000000e+00 p8n_e2=1.0937500000e-01 p16q=1.2541503906e+00 p16n=1.1511230469e+00 p16q_e2=1.2543945312e+00 p16n_e2=1.0869140625e+00 p32q=1.2542112768e+00 p32n=1.2542108446e+00 p64q=1.2542112752e+00 p64n=1.2542112752e+00 alpha_d=6.4082414318e-01 alpha_p32q=6.4082414241e-01 alpha_p32n=6.4082436320e-01 rz32q=8.0372886732e-01 rz32n=8.0372856185e-01 alpha_full_q=6.4082414359e-01 alpha_full_n=6.4082412083e-01
  residual=4.607e+03
iter=147 pAp_d=1.2154940679e+00 p8q=6.4000000000e+01 p8n=8.0000000000e+00 p8q_e2=1.2500000000e+00 p8n_e2=2.0312500000e-01 p16q=1.2155761719e+00 p16n=1.1206054688e+00 p16q_e2=1.2158203125e+00 p16n_e2=1.0498046875e+00 p32q=1.2154940665e+00 p32n=1.2154939845e+00 p64q=1.2154940679e+00 p64n=1.2154940679e+00 alpha_d=6.4609059389e-01 alpha_p32q=6.4609059465e-01 alpha_p32n=6.4609063821e-01 rz32q=7.8531928360e-01 rz32n=7.8531897813e-01 alpha_full_q=6.4609059416e-01 alpha_full_n=6.4609038640e-01
  residual=4.362e+03
iter=148 pAp_d=1.2188688985e+00 p8q=6.4000000000e+01 p8n=8.0000000000e+00 p8q_e2=1.1250000000e+00 p8n_e2=2.5000000000e-01 p16q=1.2194824219e+00 p16n=1.1196289062e+00 p16q_e2=1.2192382812e+00 p16n_e2=1.0541992188e+00 p32q=1.2188688964e+00 p32n=1.2188691273e+00 p64q=1.2188688985e+00 p64n=1.2188688985e+00 alpha_d=6.1087702556e-01 alpha_p32q=6.1087702661e-01 alpha_p32n=6.1087691085e-01 rz32q=7.4457900599e-01 rz32n=7.4457900226e-01 alpha_full_q=6.1087702558e-01 alpha_full_n=6.1087690677e-01
  residual=4.055e+03
iter=149 pAp_d=1.0901656640e+00 p8q=6.4000000000e+01 p8n=8.0000000000e+00 p8q_e2=1.1250000000e+00 p8n_e2=1.4062500000e-01 p16q=1.0886230469e+00 p16n=1.0000000000e+00 p16q_e2=1.0903320312e+00 p16n_e2=9.3481445312e-01 p32q=1.0901656598e+00 p32n=1.0901660621e+00 p64q=1.0901656640e+00 p64n=1.0901656640e+00 alpha_d=6.8231862604e-01 alpha_p32q=6.8231862867e-01 alpha_p32n=6.8231837686e-01 rz32q=7.4384033680e-01 rz32n=7.4384025484e-01 alpha_full_q=6.8231862756e-01 alpha_full_n=6.8231830057e-01
  residual=4.170e+03
iter=150 pAp_d=1.1109482577e+00 p8q=6.4000000000e+01 p8n=8.0000000000e+00 p8q_e2=1.1250000000e+00 p8n_e2=1.1718750000e-02 p16q=1.1101074219e+00 p16n=1.0388183594e+00 p16q_e2=1.1103515625e+00 p16n_e2=9.6142578125e-01 p32q=1.1109482571e+00 p32n=1.1109484211e+00 p64q=1.1109482577e+00 p64n=1.1109482577e+00 alpha_d=6.7919517993e-01 alpha_p32q=6.7919518026e-01 alpha_p32n=6.7919508004e-01 rz32q=7.5455070287e-01 rz32n=7.5455001742e-01 alpha_full_q=6.7919518125e-01 alpha_full_n=6.7919446404e-01
  residual=4.440e+03
iter=151 pAp_d=1.0309142603e+00 p8q=6.4000000000e+01 p8n=8.0000000000e+00 p8q_e2=9.3750000000e-01 p8n_e2=4.6875000000e-02 p16q=1.0329589844e+00 p16n=9.6582031250e-01 p16q_e2=1.0307617188e+00 p16n_e2=9.0356445312e-01 p32q=1.0309142694e+00 p32n=1.0309140310e+00 p64q=1.0309142603e+00 p64n=1.0309142603e+00 alpha_d=7.0287277872e-01 alpha_p32q=7.0287277253e-01 alpha_p32n=7.0287293508e-01 rz32q=7.2460157052e-01 rz32n=7.2460129857e-01 alpha_full_q=7.0287277229e-01 alpha_full_n=7.0287267105e-01
  residual=4.571e+03
iter=152 pAp_d=1.0393576150e+00 p8q=6.4000000000e+01 p8n=8.0000000000e+00 p8q_e2=1.0000000000e+00 p8n_e2=7.8125000000e-02 p16q=1.0383300781e+00 p16n=9.6130371094e-01 p16q_e2=1.0390625000e+00 p16n_e2=8.9648437500e-01 p32q=1.0393576100e+00 p32n=1.0393579900e+00 p64q=1.0393576150e+00 p64n=1.0393576150e+00 alpha_d=7.0758031956e-01 alpha_p32q=7.0758032292e-01 alpha_p32n=7.0758006424e-01 rz32q=7.3542899266e-01 rz32n=7.3542876914e-01 alpha_full_q=7.0758032226e-01 alpha_full_n=7.0757984852e-01
  residual=4.351e+03
iter=153 pAp_d=9.7180856329e-01 p8q=6.4000000000e+01 p8n=8.0000000000e+00 p8q_e2=9.3750000000e-01 p8n_e2=2.3437500000e-02 p16q=9.7131347656e-01 p16n=9.0820312500e-01 p16q_e2=9.7192382812e-01 p16n_e2=8.6059570312e-01 p32q=9.7180856392e-01 p32n=9.7180877253e-01 p64q=9.7180856329e-01 p64n=9.7180856329e-01 alpha_d=7.3981457406e-01 alpha_p32q=7.3981457358e-01 alpha_p32n=7.3981441477e-01 rz32q=7.1895813942e-01 rz32n=7.1895797923e-01 alpha_full_q=7.3981457472e-01 alpha_full_n=7.3981425107e-01
  residual=4.445e+03
iter=154 pAp_d=1.0740207137e+00 p8q=6.4000000000e+01 p8n=8.0000000000e+00 p8q_e2=1.0000000000e+00 p8n_e2=9.3750000000e-02 p16q=1.0739746094e+00 p16n=1.0097656250e+00 p16q_e2=1.0742187500e+00 p16n_e2=9.3139648438e-01 p32q=1.0740207210e+00 p32n=1.0740205422e+00 p64q=1.0740207137e+00 p64n=1.0740207137e+00 alpha_d=6.8041861082e-01 alpha_p32q=6.8041860618e-01 alpha_p32n=6.8041871947e-01 rz32q=7.3078368232e-01 rz32n=7.3078370839e-01 alpha_full_q=6.8041860647e-01 alpha_full_n=6.8041874403e-01
  residual=3.812e+03
iter=155 pAp_d=8.4234088307e-01 p8q=6.4000000000e+01 p8n=8.0000000000e+00 p8q_e2=7.5000000000e-01 p8n_e2=-4.8828125000e-03 p16q=8.4191894531e-01 p16n=7.8552246094e-01 p16q_e2=8.4228515625e-01 p16n_e2=7.2021484375e-01 p32q=8.4234088287e-01 p32n=8.4234101325e-01 p64q=8.4234088307e-01 p64n=8.4234088307e-01 alpha_d=7.6006406030e-01 alpha_p32q=7.6006406048e-01 alpha_p32n=7.6006394283e-01 rz32q=6.4023303241e-01 rz32n=6.4023256302e-01 alpha_full_q=7.6006406127e-01 alpha_full_n=7.6006338638e-01
  residual=3.553e+03
iter=156 pAp_d=8.6702437239e-01 p8q=6.4000000000e+01 p8n=7.0000000000e+00 p8q_e2=8.1250000000e-01 p8n_e2=3.1250000000e-02 p16q=8.6584472656e-01 p16n=8.0346679688e-01 p16q_e2=8.6694335938e-01 p16n_e2=7.6782226562e-01 p32q=8.6702437326e-01 p32n=8.6702460051e-01 p64q=8.6702437239e-01 p64n=8.6702437239e-01 alpha_d=7.4017469076e-01 alpha_p32q=7.4017469002e-01 alpha_p32n=7.4017449602e-01 rz32q=6.4174949750e-01 rz32n=6.4174934477e-01 alpha_full_q=7.4017469092e-01 alpha_full_n=7.4017432077e-01
  residual=3.402e+03
iter=157 pAp_d=7.7657397853e-01 p8q=6.4000000000e+01 p8n=8.0000000000e+00 p8q_e2=7.5000000000e-01 p8n_e2=5.8593750000e-03 p16q=7.7807617188e-01 p16n=7.2387695312e-01 p16q_e2=7.7636718750e-01 p16n_e2=6.9140625000e-01 p32q=7.7657397836e-01 p32n=7.7657377720e-01 p64q=7.7657397853e-01 p64n=7.7657397853e-01 alpha_d=7.5946017270e-01 alpha_p32q=7.5946017286e-01 alpha_p32n=7.5946036959e-01 rz32q=5.8977700770e-01 rz32n=5.8977661282e-01 alpha_full_q=7.5946017267e-01 alpha_full_n=7.5945986091e-01
  residual=3.758e+03
iter=158 pAp_d=8.8604356054e-01 p8q=6.4000000000e+01 p8n=8.0000000000e+00 p8q_e2=7.5000000000e-01 p8n_e2=2.3437500000e-02 p16q=8.8610839844e-01 p16n=8.2751464844e-01 p16q_e2=8.8598632812e-01 p16n_e2=7.6562500000e-01 p32q=8.8604355976e-01 p32n=8.8604339212e-01 p64q=8.8604356054e-01 p64n=8.8604356054e-01 alpha_d=6.6024674588e-01 alpha_p32q=6.6024674646e-01 alpha_p32n=6.6024687138e-01 rz32q=5.8500737697e-01 rz32n=5.8500747755e-01 alpha_full_q=6.6024674580e-01 alpha_full_n=6.6024698424e-01
  residual=3.529e+03
iter=159 pAp_d=6.5276631230e-01 p8q=6.4000000000e+01 p8n=8.0000000000e+00 p8q_e2=7.5000000000e-01 p8n_e2=3.9062500000e-02 p16q=6.5258789062e-01 p16n=6.1657714844e-01 p16q_e2=6.5258789062e-01 p16n_e2=5.8886718750e-01 p32q=6.5276630968e-01 p32n=6.5276632458e-01 p64q=6.5276631230e-01 p64n=6.5276631230e-01 alpha_d=7.5301550811e-01 alpha_p32q=7.5301551114e-01 alpha_p32n=7.5301549395e-01 rz32q=4.9154315703e-01 rz32n=4.9154294096e-01 alpha_full_q=7.5301551219e-01 alpha_full_n=7.5301516400e-01
  residual=4.279e+03
iter=160 pAp_d=7.0404371502e-01 p8q=6.4000000000e+01 p8n=8.0000000000e+00 p8q_e2=8.7500000000e-01 p8n_e2=3.4375000000e-01 p16q=7.0288085938e-01 p16n=6.6369628906e-01 p16q_e2=7.0410156250e-01 p16n_e2=6.3110351562e-01 p32q=7.0404371247e-01 p32n=7.0404369012e-01 p64q=7.0404371502e-01 p64n=7.0404371502e-01 alpha_d=6.7535875489e-01 alpha_p32q=6.7535875734e-01 alpha_p32n=6.7535877878e-01 rz32q=4.7548208758e-01 rz32n=4.7548207454e-01 alpha_full_q=6.7535875850e-01 alpha_full_n=6.7535876142e-01
  residual=5.521e+03
iter=161 pAp_d=7.8218394542e-01 p8q=6.4000000000e+01 p8n=8.0000000000e+00 p8q_e2=1.0000000000e+00 p8n_e2=5.0000000000e-01 p16q=7.8430175781e-01 p16n=7.4414062500e-01 p16q_e2=7.8222656250e-01 p16n_e2=7.1142578125e-01 p32q=7.8218394890e-01 p32n=7.8218406811e-01 p64q=7.8218394542e-01 p64n=7.8218394542e-01 alpha_d=6.3637732786e-01 alpha_p32q=6.3637732502e-01 alpha_p32n=6.3637722803e-01 rz32q=4.9776412919e-01 rz32n=4.9776412919e-01 alpha_full_q=6.3637732517e-01 alpha_full_n=6.3637722818e-01
  residual=5.388e+03
iter=162 pAp_d=6.7909028119e-01 p8q=6.4000000000e+01 p8n=8.0000000000e+00 p8q_e2=8.7500000000e-01 p8n_e2=2.5000000000e-01 p16q=6.7919921875e-01 p16n=6.4916992188e-01 p16q_e2=6.7919921875e-01 p16n_e2=6.2280273438e-01 p32q=6.7909028009e-01 p32n=6.7909007519e-01 p64q=6.7909028119e-01 p64n=6.7909028119e-01 alpha_d=6.8383204806e-01 alpha_p32q=6.8383204917e-01 alpha_p32n=6.8383225549e-01 rz32q=4.6438369900e-01 rz32n=4.6438374370e-01 alpha_full_q=6.8383205093e-01 alpha_full_n=6.8383232308e-01
  residual=5.050e+03
iter=163 pAp_d=7.1690394391e-01 p8q=6.4000000000e+01 p8n=8.0000000000e+00 p8q_e2=9.3750000000e-01 p8n_e2=3.4375000000e-01 p16q=7.1777343750e-01 p16n=6.7822265625e-01 p16q_e2=7.1679687500e-01 p16n_e2=6.3647460938e-01 p32q=7.1690394357e-01 p32n=7.1690403298e-01 p64q=7.1690394391e-01 p64n=7.1690394391e-01 alpha_d=6.8726801602e-01 alpha_p32q=6.8726801634e-01 alpha_p32n=6.8726793063e-01 rz32q=4.9270515144e-01 rz32n=4.9270489253e-01 alpha_full_q=6.8726801667e-01 alpha_full_n=6.8726756981e-01
  residual=3.977e+03
iter=164 pAp_d=6.6011322714e-01 p8q=6.4000000000e+01 p8n=8.0000000000e+00 p8q_e2=7.5000000000e-01 p8n_e2=1.2500000000e-01 p16q=6.6003417969e-01 p16n=6.1962890625e-01 p16q_e2=6.6015625000e-01 p16n_e2=5.7568359375e-01 p32q=6.6011322662e-01 p32n=6.6011330113e-01 p64q=6.6011322714e-01 p64n=6.6011322714e-01 alpha_d=7.0949693476e-01 alpha_p32q=7.0949693532e-01 alpha_p32n=7.0949685524e-01 rz32q=4.6834831126e-01 rz32n=4.6834811941e-01 alpha_full_q=7.0949693533e-01 alpha_full_n=7.0949656462e-01
  residual=3.616e+03
iter=165 pAp_d=6.1518869666e-01 p8q=6.4000000000e+01 p8n=8.0000000000e+00 p8q_e2=6.8750000000e-01 p8n_e2=6.2500000000e-02 p16q=6.1425781250e-01 p16n=5.7312011719e-01 p16q_e2=6.1523437500e-01 p16n_e2=5.2929687500e-01 p32q=6.1518869549e-01 p32n=6.1518892273e-01 p64q=6.1518869666e-01 p64n=6.1518869666e-01 alpha_d=7.1727163535e-01 alpha_p32q=7.1727163672e-01 alpha_p32n=7.1727137177e-01 rz32q=4.4125740230e-01 rz32n=4.4125727378e-01 alpha_full_q=7.1727163639e-01 alpha_full_n=7.1727116252e-01
  residual=3.873e+03
iter=166 pAp_d=6.4921647119e-01 p8q=6.4000000000e+01 p8n=8.0000000000e+00 p8q_e2=6.8750000000e-01 p8n_e2=7.8125000000e-02 p16q=6.4904785156e-01 p16n=6.0766601562e-01 p16q_e2=6.4916992188e-01 p16n_e2=5.5932617188e-01 p32q=6.4921646938e-01 p32n=6.4921653271e-01 p64q=6.4921647119e-01 p64n=6.4921647119e-01 alpha_d=6.6924084951e-01 alpha_p32q=6.6924085138e-01 alpha_p32n=6.6924078610e-01 rz32q=4.3448218331e-01 rz32n=4.3448203057e-01 alpha_full_q=6.6924085232e-01 alpha_full_n=6.6924055178e-01
  residual=3.868e+03
iter=167 pAp_d=6.2000466264e-01 p8q=6.4000000000e+01 p8n=8.0000000000e+00 p8q_e2=6.8750000000e-01 p8n_e2=2.7343750000e-02 p16q=6.2036132812e-01 p16n=5.7739257812e-01 p16q_e2=6.1987304688e-01 p16n_e2=5.3442382812e-01 p32q=6.2000466511e-01 p32n=6.2000487745e-01 p64q=6.2000466264e-01 p64n=6.2000466264e-01 alpha_d=6.7981379262e-01 alpha_p32q=6.7981378991e-01 alpha_p32n=6.7981355708e-01 rz32q=4.2148772068e-01 rz32n=4.2148748785e-01 alpha_full_q=6.7981378916e-01 alpha_full_n=6.7981318080e-01
  residual=3.633e+03
iter=168 pAp_d=7.0706012182e-01 p8q=6.4000000000e+01 p8n=8.0000000000e+00 p8q_e2=7.5000000000e-01 p8n_e2=9.3750000000e-02 p16q=7.0654296875e-01 p16n=6.5637207031e-01 p16q_e2=7.0703125000e-01 p16n_e2=6.1352539062e-01 p32q=7.0706012100e-01 p32n=7.0705997944e-01 p64q=7.0706012182e-01 p64n=7.0706012182e-01 alpha_d=6.5291829577e-01 alpha_p32q=6.5291829652e-01 alpha_p32n=6.5291842724e-01 rz32q=4.6165248938e-01 rz32n=4.6165248752e-01 alpha_full_q=6.5291829601e-01 alpha_full_n=6.5291842410e-01
  residual=3.068e+03
iter=169 pAp_d=6.9861859614e-01 p8q=6.4000000000e+01 p8n=8.0000000000e+00 p8q_e2=7.5000000000e-01 p8n_e2=4.6875000000e-02 p16q=6.9763183594e-01 p16n=6.4648437500e-01 p16q_e2=6.9848632812e-01 p16n_e2=6.0107421875e-01 p32q=6.9861859456e-01 p32n=6.9861838594e-01 p64q=6.9861859614e-01 p64n=6.9861859614e-01 alpha_d=6.7541741744e-01 alpha_p32q=6.7541741897e-01 alpha_p32n=6.7541762066e-01 rz32q=4.7185916826e-01 rz32n=4.7185913287e-01 alpha_full_q=6.7541741937e-01 alpha_full_n=6.7541757040e-01
  residual=3.333e+03
iter=170 pAp_d=7.7166588864e-01 p8q=6.4000000000e+01 p8n=8.0000000000e+00 p8q_e2=7.5000000000e-01 p8n_e2=7.8125000000e-02 p16q=7.7221679688e-01 p16n=7.1923828125e-01 p16q_e2=7.7172851562e-01 p16n_e2=6.6650390625e-01 p32q=7.7166588604e-01 p32n=7.7166570351e-01 p64q=7.7166588864e-01 p64n=7.7166588864e-01 alpha_d=6.8375995529e-01 alpha_p32q=6.8375995759e-01 alpha_p32n=6.8376011933e-01 rz32q=5.2763423324e-01 rz32n=5.2763386443e-01 alpha_full_q=6.8375995723e-01 alpha_full_n=6.8375964104e-01
  residual=3.526e+03
iter=171 pAp_d=7.3401770951e-01 p8q=6.4000000000e+01 p8n=8.0000000000e+00 p8q_e2=7.5000000000e-01 p8n_e2=1.0937500000e-01 p16q=7.3474121094e-01 p16n=6.7797851562e-01 p16q_e2=7.3388671875e-01 p16n_e2=6.2866210938e-01 p32q=7.3401771113e-01 p32n=7.3401781172e-01 p64q=7.3401770951e-01 p64n=7.3401770951e-01 alpha_d=7.3507838085e-01 alpha_p32q=7.3507837923e-01 alpha_p32n=7.3507827850e-01 rz32q=5.3956054896e-01 rz32n=5.3956037387e-01 alpha_full_q=7.3507837860e-01 alpha_full_n=7.3507803933e-01
  residual=3.779e+03
iter=172 pAp_d=7.8268549047e-01 p8q=6.4000000000e+01 p8n=8.0000000000e+00 p8q_e2=8.1250000000e-01 p8n_e2=9.3750000000e-02 p16q=7.8344726562e-01 p16n=7.2692871094e-01 p16q_e2=7.8247070312e-01 p16n_e2=6.7578125000e-01 p32q=7.8268549219e-01 p32n=7.8268530965e-01 p64q=7.8268549047e-01 p64n=7.8268549047e-01 alpha_d=7.1956604887e-01 alpha_p32q=7.1956604729e-01 alpha_p32n=7.1956621511e-01 rz32q=5.6319390610e-01 rz32n=5.6319387257e-01 alpha_full_q=7.1956604756e-01 alpha_full_n=7.1956617255e-01
  residual=3.979e+03
iter=173 pAp_d=7.8066109388e-01 p8q=6.4000000000e+01 p8n=8.0000000000e+00 p8q_e2=8.1250000000e-01 p8n_e2=9.3750000000e-02 p16q=7.8051757812e-01 p16n=7.2473144531e-01 p16q_e2=7.8051757812e-01 p16n_e2=6.8676757812e-01 p32q=7.8066109493e-01 p32n=7.8066108003e-01 p64q=7.8066109388e-01 p64n=7.8066109388e-01 alpha_d=7.1598142591e-01 alpha_p32q=7.1598142494e-01 alpha_p32n=7.1598143861e-01 rz32q=5.5893884227e-01 rz32n=5.5893866718e-01 alpha_full_q=7.1598142381e-01 alpha_full_n=7.1598121320e-01
  residual=4.740e+03
iter=174 pAp_d=8.6483268160e-01 p8q=6.4000000000e+01 p8n=8.0000000000e+00 p8q_e2=9.3750000000e-01 p8n_e2=1.7187500000e-01 p16q=8.6315917969e-01 p16n=8.0895996094e-01 p16q_e2=8.6474609375e-01 p16n_e2=7.6293945312e-01 p32q=8.6483268067e-01 p32n=8.6483265832e-01 p64q=8.6483268160e-01 p64n=8.6483268160e-01 alpha_d=6.6875865730e-01 alpha_p32q=6.6875865802e-01 alpha_p32n=6.6875867530e-01 rz32q=5.7836434245e-01 rz32n=5.7836433128e-01 alpha_full_q=6.6875865746e-01 alpha_full_n=6.6875866182e-01
  residual=5.186e+03
iter=175 pAp_d=7.9080862366e-01 p8q=6.4000000000e+01 p8n=8.0000000000e+00 p8q_e2=8.1250000000e-01 p8n_e2=1.5625000000e-01 p16q=7.9052734375e-01 p16n=7.3754882812e-01 p16q_e2=7.9077148438e-01 p16n_e2=7.0654296875e-01 p32q=7.9080862179e-01 p32n=7.9080831259e-01 p64q=7.9080862366e-01 p64n=7.9080862366e-01 alpha_d=6.8724739917e-01 alpha_p32q=6.8724740079e-01 alpha_p32n=6.8724766950e-01 rz32q=5.4348117113e-01 rz32n=5.4348111525e-01 alpha_full_q=6.8724740241e-01 alpha_full_n=6.8724760046e-01
  residual=5.587e+03
iter=176 pAp_d=8.0337245373e-01 p8q=6.4000000000e+01 p8n=8.0000000000e+00 p8q_e2=8.1250000000e-01 p8n_e2=1.2500000000e-01 p16q=8.0017089844e-01 p16n=7.5830078125e-01 p16q_e2=8.0346679688e-01 p16n_e2=7.1508789062e-01 p32q=8.0337245762e-01 p32n=8.0337249115e-01 p64q=8.0337245373e-01 p64n=8.0337245373e-01 alpha_d=6.8802270179e-01 alpha_p32q=6.8802269846e-01 alpha_p32n=6.8802266974e-01 rz32q=5.5273848772e-01 rz32n=5.5273853615e-01 alpha_full_q=6.8802270040e-01 alpha_full_n=6.8802273197e-01
  residual=5.426e+03
iter=177 pAp_d=8.1331086738e-01 p8q=6.4000000000e+01 p8n=8.0000000000e+00 p8q_e2=8.1250000000e-01 p8n_e2=1.5625000000e-01 p16q=8.1054687500e-01 p16n=7.5463867188e-01 p16q_e2=8.1347656250e-01 p16n_e2=7.3242187500e-01 p32q=8.1331086531e-01 p32n=8.1331120431e-01 p64q=8.1331086738e-01 p64n=8.1331086738e-01 alpha_d=6.7845412580e-01 alpha_p32q=6.7845412753e-01 alpha_p32n=6.7845384474e-01 rz32q=5.5179411545e-01 rz32n=5.5179410428e-01 alpha_full_q=6.7845412989e-01 alpha_full_n=6.7845383336e-01
  residual=4.742e+03
iter=178 pAp_d=7.5556014910e-01 p8q=6.4000000000e+01 p8n=8.0000000000e+00 p8q_e2=7.5000000000e-01 p8n_e2=9.3750000000e-02 p16q=7.5610351562e-01 p16n=7.0117187500e-01 p16q_e2=7.5561523438e-01 p16n_e2=6.6943359375e-01 p32q=7.5556015223e-01 p32n=7.5556019321e-01 p64q=7.5556014910e-01 p64n=7.5556014910e-01 alpha_d=7.3366064940e-01 alpha_p32q=7.3366064636e-01 alpha_p32n=7.3366060657e-01 rz32q=5.5432474986e-01 rz32n=5.5432457849e-01 alpha_full_q=7.3366064663e-01 alpha_full_n=7.3366038004e-01
  residual=4.568e+03
iter=179 pAp_d=8.4616423112e-01 p8q=6.4000000000e+01 p8n=8.0000000000e+00 p8q_e2=8.1250000000e-01 p8n_e2=7.8125000000e-02 p16q=8.4667968750e-01 p16n=7.9821777344e-01 p16q_e2=8.4619140625e-01 p16n_e2=7.3901367188e-01 p32q=8.4616423398e-01 p32n=8.4616433084e-01 p64q=8.4616423112e-01 p64n=8.4616423112e-01 alpha_d=6.9579292234e-01 alpha_p32q=6.9579291999e-01 alpha_p32n=6.9579284035e-01 rz32q=5.8875508234e-01 rz32n=5.8875492588e-01 alpha_full_q=6.9579291903e-01 alpha_full_n=6.9579265447e-01
  residual=4.366e+03
iter=180 pAp_d=7.8595650771e-01 p8q=6.4000000000e+01 p8n=8.0000000000e+00 p8q_e2=7.5000000000e-01 p8n_e2=3.1250000000e-02 p16q=7.8515625000e-01 p16n=7.3547363281e-01 p16q_e2=7.8613281250e-01 p16n_e2=6.9238281250e-01 p32q=7.8595650569e-01 p32n=7.8595632315e-01 p64q=7.8595650771e-01 p64n=7.8595650771e-01 alpha_d=7.4738505221e-01 alpha_p32q=7.4738505414e-01 alpha_p32n=7.4738522772e-01 rz32q=5.8741214499e-01 rz32n=5.8741196245e-01 alpha_full_q=7.4738505342e-01 alpha_full_n=7.4738499475e-01
  residual=4.044e+03
iter=181 pAp_d=7.7871247571e-01 p8q=6.4000000000e+01 p8n=8.0000000000e+00 p8q_e2=8.1250000000e-01 p8n_e2=2.3437500000e-02 p16q=7.7978515625e-01 p16n=7.2119140625e-01 p16q_e2=7.7880859375e-01 p16n_e2=6.6284179688e-01 p32q=7.7871247754e-01 p32n=7.7871232107e-01 p64q=7.7871247571e-01 p64n=7.7871247571e-01 alpha_d=7.1587789477e-01 alpha_p32q=7.1587789309e-01 alpha_p32n=7.1587803693e-01 rz32q=5.5746304616e-01 rz32n=5.5746282265e-01 alpha_full_q=7.1587789106e-01 alpha_full_n=7.1587774787e-01
  residual=3.820e+03
iter=182 pAp_d=7.1852485364e-01 p8q=6.4000000000e+01 p8n=7.0000000000e+00 p8q_e2=7.5000000000e-01 p8n_e2=3.9062500000e-03 p16q=7.1813964844e-01 p16n=6.7260742188e-01 p16q_e2=7.1850585938e-01 p16n_e2=6.2133789062e-01 p32q=7.1852485463e-01 p32n=7.1852491423e-01 p64q=7.1852485364e-01 p64n=7.1852485364e-01 alpha_d=7.2586800482e-01 alpha_p32q=7.2586800382e-01 alpha_p32n=7.2586794361e-01 rz32q=5.2155420184e-01 rz32n=5.2155409753e-01 alpha_full_q=7.2586800370e-01 alpha_full_n=7.2586779832e-01
  residual=3.550e+03
iter=183 pAp_d=6.3614105683e-01 p8q=6.4000000000e+01 p8n=8.0000000000e+00 p8q_e2=6.8750000000e-01 p8n_e2=1.5625000000e-02 p16q=6.3586425781e-01 p16n=5.9204101562e-01 p16q_e2=6.3623046875e-01 p16n_e2=5.4394531250e-01 p32q=6.3614105806e-01 p32n=6.3614073023e-01 p64q=6.3614105683e-01 p64n=6.3614105683e-01 alpha_d=7.6209891213e-01 alpha_p32q=7.6209891067e-01 alpha_p32n=7.6209930340e-01 rz32q=4.8480240814e-01 rz32n=4.8480202816e-01 alpha_full_q=7.6209891187e-01 alpha_full_n=7.6209870729e-01
  residual=3.617e+03
iter=184 pAp_d=7.4062430961e-01 p8q=6.4000000000e+01 p8n=8.0000000000e+00 p8q_e2=7.5000000000e-01 p8n_e2=3.1250000000e-02 p16q=7.4060058594e-01 p16n=6.8151855469e-01 p16q_e2=7.4047851562e-01 p16n_e2=6.5112304688e-01 p32q=7.4062430859e-01 p32n=7.4062400684e-01 p64q=7.4062430961e-01 p64n=7.4062430961e-01 alpha_d=6.9414501437e-01 alpha_p32q=6.9414501533e-01 alpha_p32n=6.9414529814e-01 rz32q=5.1410067081e-01 rz32n=5.1410067454e-01 alpha_full_q=6.9414501368e-01 alpha_full_n=6.9414530152e-01
  residual=2.979e+03
iter=185 pAp_d=5.9593019460e-01 p8q=6.4000000000e+01 p8n=8.0000000000e+00 p8q_e2=6.8750000000e-01 p8n_e2=1.1718750000e-02 p16q=5.9606933594e-01 p16n=5.5590820312e-01 p16q_e2=5.9594726562e-01 p16n_e2=5.0952148438e-01 p32q=5.9593019634e-01 p32n=5.9593054652e-01 p64q=5.9593019460e-01 p64n=5.9593019460e-01 alpha_d=7.7302469549e-01 alpha_p32q=7.7302469323e-01 alpha_p32n=7.7302423899e-01 rz32q=4.6066875756e-01 rz32n=4.6066853963e-01 alpha_full_q=7.7302469380e-01 alpha_full_n=7.7302387387e-01
  residual=2.804e+03
iter=186 pAp_d=5.8960405891e-01 p8q=6.4000000000e+01 p8n=8.0000000000e+00 p8q_e2=6.2500000000e-01 p8n_e2=2.3437500000e-02 p16q=5.8972167969e-01 p16n=5.3942871094e-01 p16q_e2=5.8959960938e-01 p16n_e2=5.0952148438e-01 p32q=5.8960405737e-01 p32n=5.8960399032e-01 p64q=5.8960405891e-01 p64n=5.8960405891e-01 alpha_d=7.8793498346e-01 alpha_p32q=7.8793498551e-01 alpha_p32n=7.8793507512e-01 rz32q=4.6456966363e-01 rz32n=4.6456958726e-01 alpha_full_q=7.8793498420e-01 alpha_full_n=7.8793494429e-01
  residual=3.229e+03
iter=187 pAp_d=7.5840472571e-01 p8q=6.4000000000e+01 p8n=8.0000000000e+00 p8q_e2=8.1250000000e-01 p8n_e2=4.6875000000e-02 p16q=7.5866699219e-01 p16n=6.8811035156e-01 p16q_e2=7.5854492188e-01 p16n_e2=6.5185546875e-01 p32q=7.5840472430e-01 p32n=7.5840486214e-01 p64q=7.5840472571e-01 p64n=7.5840472571e-01 alpha_d=6.8091766135e-01 alpha_p32q=6.8091766262e-01 alpha_p32n=6.8091753887e-01 rz32q=5.1641117409e-01 rz32n=5.1641096547e-01 alpha_full_q=6.8091766512e-01 alpha_full_n=6.8091726630e-01
  residual=3.126e+03
iter=188 pAp_d=7.1211892060e-01 p8q=6.4000000000e+01 p8n=8.0000000000e+00 p8q_e2=8.1250000000e-01 p8n_e2=1.2500000000e-01 p16q=7.1215820312e-01 p16n=6.5173339844e-01 p16q_e2=7.1215820312e-01 p16n_e2=6.1401367188e-01 p32q=7.1211892366e-01 p32n=7.1211909130e-01 p64q=7.1211892060e-01 p64n=7.1211892060e-01 alpha_d=6.9024113249e-01 alpha_p32q=6.9024112952e-01 alpha_p32n=6.9024096703e-01 rz32q=4.9153376929e-01 rz32n=4.9153370969e-01 alpha_full_q=6.9024112822e-01 alpha_full_n=6.9024088203e-01
  residual=3.489e+03
iter=189 pAp_d=1.0201367842e+00 p8q=6.4000000000e+01 p8n=8.0000000000e+00 p8q_e2=1.0000000000e+00 p8n_e2=1.8750000000e-01 p16q=1.0200195312e+00 p16n=9.6044921875e-01 p16q_e2=1.0200195312e+00 p16n_e2=8.6914062500e-01 p32q=1.0201367810e+00 p32n=1.0201371685e+00 p64q=1.0201367842e+00 p64n=1.0201367842e+00 alpha_d=5.6791629956e-01 alpha_p32q=5.6791630134e-01 alpha_p32n=5.6791608565e-01 rz32q=5.7935230806e-01 rz32n=5.7935163006e-01 alpha_full_q=5.6791630185e-01 alpha_full_n=5.6791542154e-01
  residual=3.127e+03
iter=190 pAp_d=7.6449412081e-01 p8q=6.4000000000e+01 p8n=8.0000000000e+00 p8q_e2=8.1250000000e-01 p8n_e2=1.1718750000e-01 p16q=7.6428222656e-01 p16n=7.0495605469e-01 p16q_e2=7.6440429688e-01 p16n_e2=6.7578125000e-01 p32q=7.6449412107e-01 p32n=7.6449399069e-01 p64q=7.6449412081e-01 p64n=7.6449412081e-01 alpha_d=6.7012232611e-01 alpha_p32q=6.7012232588e-01 alpha_p32n=6.7012244017e-01 rz32q=5.1230457798e-01 rz32n=5.1230449975e-01 alpha_full_q=6.7012232515e-01 alpha_full_n=6.7012233711e-01
  residual=3.085e+03
iter=191 pAp_d=6.3198232851e-01 p8q=6.4000000000e+01 p8n=7.0000000000e+00 p8q_e2=7.5000000000e-01 p8n_e2=1.5625000000e-02 p16q=6.3317871094e-01 p16n=5.8923339844e-01 p16q_e2=6.3208007812e-01 p16n_e2=5.4809570312e-01 p32q=6.3198233023e-01 p32n=6.3198242709e-01 p64q=6.3198232851e-01 p64n=6.3198232851e-01 alpha_d=7.0934253286e-01 alpha_p32q=7.0934253094e-01 alpha_p32n=7.0934242222e-01 rz32q=4.4829194620e-01 rz32n=4.4829186983e-01 alpha_full_q=7.0934253184e-01 alpha_full_n=7.0934230228e-01
  residual=2.968e+03
iter=192 pAp_d=5.8375239827e-01 p8q=6.4000000000e+01 p8n=8.0000000000e+00 p8q_e2=6.8750000000e-01 p8n_e2=4.6875000000e-02 p16q=5.8410644531e-01 p16n=5.4235839844e-01 p16q_e2=5.8374023438e-01 p16n_e2=5.1806640625e-01 p32q=5.8375239745e-01 p32n=5.8375257626e-01 p64q=5.8375239827e-01 p64n=5.8375239827e-01 alpha_d=7.3462205785e-01 alpha_p32q=7.3462205888e-01 alpha_p32n=7.3462183385e-01 rz32q=4.2883738875e-01 rz32n=4.2883720435e-01 alpha_full_q=7.3462206002e-01 alpha_full_n=7.3462151910e-01
  residual=2.673e+03
iter=193 pAp_d=5.2614046369e-01 p8q=6.4000000000e+01 p8n=8.0000000000e+00 p8q_e2=6.2500000000e-01 p8n_e2=1.5625000000e-02 p16q=5.2624511719e-01 p16n=4.8754882812e-01 p16q_e2=5.2612304688e-01 p16n_e2=4.6472167969e-01 p32q=5.2614046261e-01 p32n=5.2614036575e-01 p64q=5.2614046369e-01 p64n=5.2614046369e-01 alpha_d=8.1683212506e-01 alpha_p32q=8.1683212674e-01 alpha_p32n=8.1683227711e-01 rz32q=4.2976843379e-01 rz32n=4.2976843566e-01 alpha_full_q=8.1683212818e-01 alpha_full_n=8.1683228209e-01
  residual=2.922e+03
iter=194 pAp_d=6.4215956302e-01 p8q=6.4000000000e+01 p8n=8.0000000000e+00 p8q_e2=6.8750000000e-01 p8n_e2=2.3437500000e-02 p16q=6.4172363281e-01 p16n=6.0083007812e-01 p16q_e2=6.4208984375e-01 p16n_e2=5.5957031250e-01 p32q=6.4215956256e-01 p32n=6.4215938002e-01 p64q=6.4215956302e-01 p64n=6.4215956302e-01 alpha_d=7.3386765582e-01 alpha_p32q=7.3386765635e-01 alpha_p32n=7.3386786496e-01 rz32q=4.7126013227e-01 rz32n=4.7126008756e-01 alpha_full_q=7.3386765493e-01 alpha_full_n=7.3386779393e-01
  residual=3.069e+03
iter=195 pAp_d=5.7566467150e-01 p8q=6.4000000000e+01 p8n=8.0000000000e+00 p8q_e2=5.6250000000e-01 p8n_e2=2.7343750000e-02 p16q=5.7519531250e-01 p16n=5.2575683594e-01 p16q_e2=5.7568359375e-01 p16n_e2=5.1196289062e-01 p32q=5.7566466928e-01 p32n=5.7566462085e-01 p64q=5.7566467150e-01 p64n=5.7566467150e-01 alpha_d=8.3461328314e-01 alpha_p32q=8.3461328637e-01 alpha_p32n=8.3461335658e-01 rz32q=4.8045738228e-01 rz32n=4.8045727238e-01 alpha_full_q=8.3461328777e-01 alpha_full_n=8.3461316708e-01
  residual=3.377e+03
iter=196 pAp_d=6.9833933757e-01 p8q=6.4000000000e+01 p8n=8.0000000000e+00 p8q_e2=7.5000000000e-01 p8n_e2=7.8125000000e-02 p16q=6.9787597656e-01 p16n=6.4489746094e-01 p16q_e2=6.9848632812e-01 p16n_e2=6.1132812500e-01 p32q=6.9833933562e-01 p32n=6.9833918288e-01 p64q=6.9833933757e-01 p64n=6.9833933757e-01 alpha_d=7.5947476591e-01 alpha_p32q=7.5947476804e-01 alpha_p32n=7.5947493415e-01 rz32q=5.3037110344e-01 rz32n=5.3037112206e-01 alpha_full_q=7.5947476590e-01 alpha_full_n=7.5947495868e-01
  residual=3.420e+03
iter=197 pAp_d=7.1540397484e-01 p8q=6.4000000000e+01 p8n=8.0000000000e+00 p8q_e2=6.2500000000e-01 p8n_e2=1.3671875000e-02 p16q=7.1667480469e-01 p16n=6.6210937500e-01 p16q_e2=7.1533203125e-01 p16n_e2=6.2670898438e-01 p32q=7.1540397406e-01 p32n=7.1540408954e-01 p64q=7.1540397484e-01 p64n=7.1540397484e-01 alpha_d=7.6005031241e-01 alpha_p32q=7.6005031325e-01 alpha_p32n=7.6005019056e-01 rz32q=5.4374301434e-01 rz32n=5.4374288768e-01 alpha_full_q=7.6005031291e-01 alpha_full_n=7.6005001317e-01
  residual=3.087e+03
iter=198 pAp_d=6.6377614320e-01 p8q=6.4000000000e+01 p8n=8.0000000000e+00 p8q_e2=6.8750000000e-01 p8n_e2=1.9531250000e-02 p16q=6.6406250000e-01 p16n=6.2426757812e-01 p16q_e2=6.6381835938e-01 p16n_e2=5.7739257812e-01 p32q=6.6377614066e-01 p32n=6.6377607360e-01 p64q=6.6377614320e-01 p64n=6.6377614320e-01 alpha_d=7.6681328343e-01 alpha_p32q=7.6681328636e-01 alpha_p32n=7.6681336383e-01 rz32q=5.0899236277e-01 rz32n=5.0899213552e-01 alpha_full_q=7.6681328476e-01 alpha_full_n=7.6681301988e-01
  residual=2.942e+03
iter=199 pAp_d=6.5916601716e-01 p8q=6.4000000000e+01 p8n=8.0000000000e+00 p8q_e2=6.8750000000e-01 p8n_e2=1.5625000000e-02 p16q=6.5869140625e-01 p16n=6.0083007812e-01 p16q_e2=6.5893554688e-01 p16n_e2=5.7348632812e-01 p32q=6.5916601941e-01 p32n=6.5916599333e-01 p64q=6.5916601716e-01 p64n=6.5916601716e-01 alpha_d=7.1458364899e-01 alpha_p32q=7.1458364655e-01 alpha_p32n=7.1458367482e-01 rz32q=4.7102925740e-01 rz32n=4.7102920339e-01 alpha_full_q=7.1458364590e-01 alpha_full_n=7.1458359222e-01
  residual=2.821e+03
iter=200 pAp_d=6.0852488766e-01 p8q=6.4000000000e+01 p8n=7.5000000000e+00 p8q_e2=6.8750000000e-01 p8n_e2=4.6875000000e-02 p16q=6.0803222656e-01 p16n=5.6420898438e-01 p16q_e2=6.0839843750e-01 p16n_e2=5.3271484375e-01 p32q=6.0852489248e-01 p32n=6.0852506384e-01 p64q=6.0852488766e-01 p64n=6.0852488766e-01 alpha_d=7.0000035988e-01 alpha_p32q=7.0000035434e-01 alpha_p32n=7.0000015721e-01 rz32q=4.2596764117e-01 rz32n=4.2596761696e-01 alpha_full_q=7.0000035568e-01 alpha_full_n=7.0000011876e-01
  residual=2.634e+03
iter=201 pAp_d=5.3364007567e-01 p8q=6.4000000000e+01 p8n=8.0000000000e+00 p8q_e2=5.6250000000e-01 p8n_e2=2.3437500000e-02 p16q=5.3356933594e-01 p16n=4.9114990234e-01 p16q_e2=5.3369140625e-01 p16n_e2=4.7021484375e-01 p32q=5.3364007547e-01 p32n=5.3364017978e-01 p64q=5.3364007567e-01 p64n=5.3364007567e-01 alpha_d=7.2939674373e-01 alpha_p32q=7.2939674400e-01 alpha_p32n=7.2939660143e-01 rz32q=3.8923533261e-01 rz32n=3.8923532702e-01 alpha_full_q=7.2939674229e-01 alpha_full_n=7.2939658925e-01
  residual=2.561e+03
iter=202 pAp_d=5.2876545248e-01 p8q=6.4000000000e+01 p8n=8.0000000000e+00 p8q_e2=5.6250000000e-01 p8n_e2=3.1250000000e-02 p16q=5.2819824219e-01 p16n=4.8272705078e-01 p16q_e2=5.2880859375e-01 p16n_e2=4.5507812500e-01 p32q=5.2876545489e-01 p32n=5.2876528352e-01 p64q=5.2876545248e-01 p64n=5.2876545248e-01 alpha_d=7.1642206611e-01 alpha_p32q=7.1642206285e-01 alpha_p32n=7.1642229503e-01 rz32q=3.7881923839e-01 rz32n=3.7881919369e-01 alpha_full_q=7.1642206368e-01 alpha_full_n=7.1642221132e-01
  residual=2.482e+03
iter=203 pAp_d=4.8269740627e-01 p8q=6.4000000000e+01 p8n=8.0000000000e+00 p8q_e2=5.0000000000e-01 p8n_e2=1.1718750000e-02 p16q=4.8229980469e-01 p16n=4.3896484375e-01 p16q_e2=4.8266601562e-01 p16n_e2=4.1821289062e-01 p32q=4.8269740678e-01 p32n=4.8269730061e-01 p64q=4.8269740627e-01 p64n=4.8269740627e-01 alpha_d=7.9018283879e-01 alpha_p32q=7.9018283796e-01 alpha_p32n=7.9018301176e-01 rz32q=3.8141920604e-01 rz32n=3.8141912222e-01 alpha_full_q=7.9018283645e-01 alpha_full_n=7.9018283660e-01
  residual=2.607e+03
iter=204 pAp_d=5.0823399452e-01 p8q=6.4000000000e+01 p8n=8.0000000000e+00 p8q_e2=5.6250000000e-01 p8n_e2=3.1250000000e-02 p16q=5.0891113281e-01 p16n=4.6777343750e-01 p16q_e2=5.0830078125e-01 p16n_e2=4.4299316406e-01 p32q=5.0823399425e-01 p32n=5.0823394209e-01 p64q=5.0823399452e-01 p64n=5.0823399452e-01 alpha_d=7.8784375604e-01 alpha_p32q=7.8784375645e-01 alpha_p32n=7.8784383730e-01 rz32q=4.0040897951e-01 rz32n=4.0040895157e-01 alpha_full_q=7.8784375709e-01 alpha_full_n=7.8784378296e-01
  residual=2.948e+03
iter=205 pAp_d=6.1033473478e-01 p8q=6.4000000000e+01 p8n=8.0000000000e+00 p8q_e2=6.2500000000e-01 p8n_e2=4.6875000000e-02 p16q=6.1096191406e-01 p16n=5.7275390625e-01 p16q_e2=6.1035156250e-01 p16n_e2=5.3466796875e-01 p32q=6.1033473536e-01 p32n=6.1033451185e-01 p64q=6.1033473478e-01 p64n=6.1033473478e-01 alpha_d=7.6364933786e-01 alpha_p32q=7.6364933714e-01 alpha_p32n=7.6364961680e-01 rz32q=4.6608171612e-01 rz32n=4.6608157828e-01 alpha_full_q=7.6364933718e-01 alpha_full_n=7.6364939101e-01
  residual=2.861e+03
iter=206 pAp_d=6.2818897546e-01 p8q=6.4000000000e+01 p8n=8.0000000000e+00 p8q_e2=6.8750000000e-01 p8n_e2=2.3437500000e-02 p16q=6.2780761719e-01 p16n=5.8581542969e-01 p16q_e2=6.2817382812e-01 p16n_e2=5.4321289062e-01 p32q=6.2818897516e-01 p32n=6.2818898261e-01 p64q=6.2818897546e-01 p64n=6.2818897546e-01 alpha_d=7.7488079314e-01 alpha_p32q=7.7488079351e-01 alpha_p32n=7.7488078432e-01 rz32q=4.8677157052e-01 rz32n=4.8677147552e-01 alpha_full_q=7.7488079188e-01 alpha_full_n=7.7488063147e-01
  residual=2.908e+03
iter=207 pAp_d=7.0599871639e-01 p8q=6.4000000000e+01 p8n=8.0000000000e+00 p8q_e2=7.5000000000e-01 p8n_e2=7.8125000000e-02 p16q=7.0520019531e-01 p16n=6.5710449219e-01 p16q_e2=7.0605468750e-01 p16n_e2=6.1206054688e-01 p32q=7.0599871874e-01 p32n=7.0599881932e-01 p64q=7.0599871639e-01 p64n=7.0599871639e-01 alpha_d=7.2206662971e-01 alpha_p32q=7.2206662730e-01 alpha_p32n=7.2206652443e-01 rz32q=5.0977811217e-01 rz32n=5.0977800041e-01 alpha_full_q=7.2206662511e-01 alpha_full_n=7.2206636394e-01
  residual=2.904e+03
iter=208 pAp_d=6.5943604241e-01 p8q=6.4000000000e+01 p8n=8.0000000000e+00 p8q_e2=6.8750000000e-01 p8n_e2=1.5625000000e-02 p16q=6.5844726562e-01 p16n=6.0815429688e-01 p16q_e2=6.5942382812e-01 p16n_e2=5.6127929688e-01 p32q=6.5943603963e-01 p32n=6.5943616629e-01 p64q=6.5943604241e-01 p64n=6.5943604241e-01 alpha_d=7.6256023579e-01 alpha_p32q=7.6256023901e-01 alpha_p32n=7.6256009254e-01 rz32q=5.0285970420e-01 rz32n=5.0285968184e-01 alpha_full_q=7.6256023932e-01 alpha_full_n=7.6256005896e-01
  residual=2.998e+03
iter=209 pAp_d=6.5514101940e-01 p8q=6.4000000000e+01 p8n=8.0000000000e+00 p8q_e2=6.8750000000e-01 p8n_e2=1.3671875000e-02 p16q=6.5441894531e-01 p16n=6.0412597656e-01 p16q_e2=6.5527343750e-01 p16n_e2=5.5566406250e-01 p32q=6.5514101833e-01 p32n=6.5514119714e-01 p64q=6.5514101940e-01 p64n=6.5514101940e-01 alpha_d=7.7636674336e-01 alpha_p32q=7.7636674462e-01 alpha_p32n=7.7636653272e-01 rz32q=5.0862969831e-01 rz32n=5.0862952694e-01 alpha_full_q=7.7636674254e-01 alpha_full_n=7.7636626907e-01
  residual=3.417e+03
iter=210 pAp_d=7.0395592760e-01 p8q=6.4000000000e+01 p8n=8.0000000000e+00 p8q_e2=6.8750000000e-01 p8n_e2=1.5625000000e-02 p16q=7.0397949219e-01 p16n=6.5063476562e-01 p16q_e2=7.0385742188e-01 p16n_e2=6.0864257812e-01 p32q=7.0395592600e-01 p32n=7.0395582914e-01 p64q=7.0395592760e-01 p64n=7.0395592760e-01 alpha_d=7.7563646982e-01 alpha_p32q=7.7563647158e-01 alpha_p32n=7.7563657830e-01 rz32q=5.4601389170e-01 rz32n=5.4601367190e-01 alpha_full_q=7.7563647315e-01 alpha_full_n=7.7563626765e-01
  residual=3.442e+03
iter=211 pAp_d=7.2715367651e-01 p8q=6.4000000000e+01 p8n=8.0000000000e+00 p8q_e2=6.8750000000e-01 p8n_e2=4.6875000000e-02 p16q=7.2729492188e-01 p16n=6.7736816406e-01 p16q_e2=7.2705078125e-01 p16n_e2=6.3330078125e-01 p32q=7.2715367377e-01 p32n=7.2715371475e-01 p64q=7.2715367651e-01 p64n=7.2715367651e-01 alpha_d=7.7902650939e-01 alpha_p32q=7.7902651233e-01 alpha_p32n=7.7902646843e-01 rz32q=5.6647199020e-01 rz32n=5.6647207215e-01 alpha_full_q=7.7902651205e-01 alpha_full_n=7.7902658085e-01
  residual=3.513e+03
iter=212 pAp_d=7.9164895839e-01 p8q=6.4000000000e+01 p8n=8.0000000000e+00 p8q_e2=7.5000000000e-01 p8n_e2=3.1250000000e-02 p16q=7.9187011719e-01 p16n=7.3718261719e-01 p16q_e2=7.9150390625e-01 p16n_e2=6.9042968750e-01 p32q=7.9164895788e-01 p32n=7.9164898768e-01 p64q=7.9164895839e-01 p64n=7.9164895839e-01 alpha_d=7.4842502041e-01 alpha_p32q=7.4842502089e-01 alpha_p32n=7.4842499272e-01 rz32q=5.9248988703e-01 rz32n=5.9248967469e-01 alpha_full_q=7.4842501987e-01 alpha_full_n=7.4842472347e-01
  residual=3.608e+03
iter=213 pAp_d=8.2349433469e-01 p8q=6.4000000000e+01 p8n=8.0000000000e+00 p8q_e2=8.1250000000e-01 p8n_e2=9.3750000000e-02 p16q=8.2287597656e-01 p16n=7.6232910156e-01 p16q_e2=8.2348632812e-01 p16n_e2=7.2534179688e-01 p32q=8.2349433750e-01 p32n=8.2349435240e-01 p64q=8.2349433469e-01 p64n=8.2349433469e-01 alpha_d=7.3128844305e-01 alpha_p32q=7.3128844055e-01 alpha_p32n=7.3128842732e-01 rz32q=6.0221188888e-01 rz32n=6.0221167281e-01 alpha_full_q=7.3128843935e-01 alpha_full_n=7.3128816373e-01
  residual=3.437e+03
iter=214 pAp_d=7.7470873522e-01 p8q=6.4000000000e+01 p8n=8.0000000000e+00 p8q_e2=7.5000000000e-01 p8n_e2=1.3671875000e-02 p16q=7.7368164062e-01 p16n=7.2131347656e-01 p16q_e2=7.7465820312e-01 p16n_e2=6.6943359375e-01 p32q=7.7470873669e-01 p32n=7.7470894158e-01 p64q=7.7470873522e-01 p64n=7.7470873522e-01 alpha_d=7.3739460867e-01 alpha_p32q=7.3739460728e-01 alpha_p32n=7.3739441225e-01 rz32q=5.7126604393e-01 rz32n=5.7126596570e-01 alpha_full_q=7.3739460636e-01 alpha_full_n=7.3739431035e-01
  residual=3.328e+03
iter=215 pAp_d=7.7751418205e-01 p8q=6.4000000000e+01 p8n=8.0000000000e+00 p8q_e2=7.5000000000e-01 p8n_e2=4.6875000000e-02 p16q=7.7624511719e-01 p16n=7.2119140625e-01 p16q_e2=7.7758789062e-01 p16n_e2=6.6088867188e-01 p32q=7.7751418203e-01 p32n=7.7751417458e-01 p64q=7.7751418205e-01 p64n=7.7751418205e-01 alpha_d=7.3900683803e-01 alpha_p32q=7.3900683805e-01 alpha_p32n=7.3900684514e-01 rz32q=5.7458829507e-01 rz32n=5.7458811626e-01 alpha_full_q=7.3900683531e-01 alpha_full_n=7.3900661241e-01
  residual=3.122e+03
iter=216 pAp_d=7.4890811684e-01 p8q=6.4000000000e+01 p8n=8.0000000000e+00 p8q_e2=6.8750000000e-01 p8n_e2=6.2500000000e-02 p16q=7.4841308594e-01 p16n=6.9665527344e-01 p16q_e2=7.4877929688e-01 p16n_e2=6.4233398438e-01 p32q=7.4890811741e-01 p32n=7.4890834093e-01 p64q=7.4890811684e-01 p64n=7.4890811684e-01 alpha_d=7.5401263633e-01 alpha_p32q=7.5401263575e-01 alpha_p32n=7.5401241071e-01 rz32q=5.6468618289e-01 rz32n=5.6468598917e-01 alpha_full_q=7.5401263487e-01 alpha_full_n=7.5401215117e-01
  residual=2.962e+03
iter=217 pAp_d=6.5494134143e-01 p8q=6.4000000000e+01 p8n=8.0000000000e+00 p8q_e2=6.2500000000e-01 p8n_e2=3.1250000000e-02 p16q=6.5441894531e-01 p16n=6.0583496094e-01 p16q_e2=6.5478515625e-01 p16n_e2=5.5883789062e-01 p32q=6.5494133905e-01 p32n=6.5494120121e-01 p64q=6.5494134143e-01 p64n=6.5494134143e-01 alpha_d=7.8935465196e-01 alpha_p32q=7.8935465483e-01 alpha_p32n=7.8935482096e-01 rz32q=5.1698099449e-01 rz32n=5.1698071137e-01 alpha_full_q=7.8935465464e-01 alpha_full_n=7.8935438848e-01
  residual=3.420e+03
iter=218 pAp_d=7.2541580413e-01 p8q=6.4000000000e+01 p8n=8.0000000000e+00 p8q_e2=7.5000000000e-01 p8n_e2=2.3437500000e-02 p16q=7.2448730469e-01 p16n=6.6748046875e-01 p16q_e2=7.2558593750e-01 p16n_e2=6.3281250000e-01 p32q=7.2541580722e-01 p32n=7.2541608289e-01 p64q=7.2541580413e-01 p64n=7.2541580413e-01 alpha_d=7.3215939411e-01 alpha_p32q=7.3215939099e-01 alpha_p32n=7.3215911276e-01 rz32q=5.3111999482e-01 rz32n=5.3111989796e-01 alpha_full_q=7.3215938988e-01 alpha_full_n=7.3215897812e-01
  residual=3.708e+03
iter=219 pAp_d=7.0977526998e-01 p8q=6.4000000000e+01 p8n=8.0000000000e+00 p8q_e2=6.2500000000e-01 p8n_e2=1.1718750000e-02 p16q=7.0971679688e-01 p16n=6.6003417969e-01 p16q_e2=7.0996093750e-01 p16n_e2=6.2011718750e-01 p32q=7.0977526903e-01 p32n=7.0977546275e-01 p64q=7.0977526998e-01 p64n=7.0977526998e-01 alpha_d=7.6945318088e-01 alpha_p32q=7.6945318191e-01 alpha_p32n=7.6945297191e-01 rz32q=5.4613883793e-01 rz32n=5.4613852501e-01 alpha_full_q=7.6945318013e-01 alpha_full_n=7.6945252925e-01
  residual=4.513e+03
iter=220 pAp_d=8.3381638624e-01 p8q=6.4000000000e+01 p8n=8.0000000000e+00 p8q_e2=8.1250000000e-01 p8n_e2=1.2500000000e-01 p16q=8.3435058594e-01 p16n=7.8015136719e-01 p16q_e2=8.3374023438e-01 p16n_e2=7.4951171875e-01 p32q=8.3381638676e-01 p32n=8.3381650597e-01 p64q=8.3381638624e-01 p64n=8.3381638624e-01 alpha_d=6.8138667561e-01 alpha_p32q=6.8138667519e-01 alpha_p32n=6.8138657777e-01 rz32q=5.6815137714e-01 rz32n=5.6815115362e-01 alpha_full_q=6.8138667717e-01 alpha_full_n=6.8138631169e-01
  residual=5.877e+03
iter=221 pAp_d=8.9016073593e-01 p8q=6.4000000000e+01 p8n=8.0000000000e+00 p8q_e2=7.5000000000e-01 p8n_e2=1.7187500000e-01 p16q=8.9001464844e-01 p16n=8.3874511719e-01 p16q_e2=8.9013671875e-01 p16n_e2=7.9931640625e-01 p32q=8.9016073197e-01 p32n=8.9016057923e-01 p64q=8.9016073593e-01 p64n=8.9016073593e-01 alpha_d=6.5277558699e-01 alpha_p32q=6.5277558989e-01 alpha_p32n=6.5277570190e-01 rz32q=5.8107519522e-01 rz32n=5.8107510954e-01 alpha_full_q=6.5277558800e-01 alpha_full_n=6.5277560375e-01
  residual=6.526e+03
iter=222 pAp_d=9.2953270391e-01 p8q=6.4000000000e+01 p8n=8.0000000000e+00 p8q_e2=8.1250000000e-01 p8n_e2=1.5625000000e-01 p16q=9.3017578125e-01 p16n=8.8293457031e-01 p16q_e2=9.2968750000e-01 p16n_e2=8.3081054688e-01 p32q=9.2953270301e-01 p32n=9.2953264713e-01 p64q=9.2953270391e-01 p64n=9.2953270391e-01 alpha_d=6.3684491059e-01 alpha_p32q=6.3684491120e-01 alpha_p32n=6.3684494948e-01 rz32q=5.9196817130e-01 rz32n=5.9196813777e-01 alpha_full_q=6.3684491076e-01 alpha_full_n=6.3684491298e-01
  residual=5.726e+03
iter=223 pAp_d=8.7811243329e-01 p8q=6.4000000000e+01 p8n=8.0000000000e+00 p8q_e2=8.7500000000e-01 p8n_e2=1.2500000000e-01 p16q=8.7768554688e-01 p16n=8.2360839844e-01 p16q_e2=8.7817382812e-01 p16n_e2=7.6074218750e-01 p32q=8.7811243162e-01 p32n=8.7811236456e-01 p64q=8.7811243329e-01 p64n=8.7811243329e-01 alpha_d=6.6563563442e-01 alpha_p32q=6.6563563569e-01 alpha_p32n=6.6563568652e-01 rz32q=5.8450292796e-01 rz32n=5.8450267091e-01 alpha_full_q=6.6563563721e-01 alpha_full_n=6.6563539531e-01
  residual=3.984e+03
iter=224 pAp_d=7.0125119133e-01 p8q=6.4000000000e+01 p8n=8.0000000000e+00 p8q_e2=6.8750000000e-01 p8n_e2=2.3437500000e-02 p16q=7.0043945312e-01 p16n=6.5649414062e-01 p16q_e2=7.0141601562e-01 p16n_e2=6.0375976562e-01 p32q=7.0125119388e-01 p32n=7.0125113428e-01 p64q=7.0125119133e-01 p64n=7.0125119133e-01 alpha_d=7.5863844802e-01 alpha_p32q=7.5863844526e-01 alpha_p32n=7.5863850974e-01 rz32q=5.3199611604e-01 rz32n=5.3199607879e-01 alpha_full_q=7.5863844609e-01 alpha_full_n=7.5863845745e-01
  residual=3.497e+03
iter=225 pAp_d=7.3573667940e-01 p8q=6.4000000000e+01 p8n=8.0000000000e+00 p8q_e2=6.8750000000e-01 p8n_e2=2.3437500000e-02 p16q=7.3559570312e-01 p16n=6.8432617188e-01 p16q_e2=7.3583984375e-01 p16n_e2=6.3330078125e-01 p32q=7.3573667556e-01 p32n=7.3573679477e-01 p64q=7.3573667940e-01 p64n=7.3573667940e-01 alpha_d=7.3289711746e-01 alpha_p32q=7.3289712129e-01 alpha_p32n=7.3289700254e-01 rz32q=5.3921929002e-01 rz32n=5.3921922669e-01 alpha_full_q=7.3289711921e-01 alpha_full_n=7.3289691439e-01
  residual=3.436e+03
iter=226 pAp_d=6.4126148073e-01 p8q=6.4000000000e+01 p8n=8.0000000000e+00 p8q_e2=6.2500000000e-01 p8n_e2=7.8125000000e-02 p16q=6.4184570312e-01 p16n=5.9594726562e-01 p16q_e2=6.4135742188e-01 p16n_e2=5.4980468750e-01 p32q=6.4126148075e-01 p32n=6.4126161486e-01 p64q=6.4126148073e-01 p64n=6.4126148073e-01 alpha_d=7.9031579946e-01 alpha_p32q=7.9031579944e-01 alpha_p32n=7.9031563416e-01 rz32q=5.0679907948e-01 rz32n=5.0679898262e-01 alpha_full_q=7.9031579893e-01 alpha_full_n=7.9031548260e-01
  residual=3.494e+03
iter=227 pAp_d=6.6164518633e-01 p8q=6.4000000000e+01 p8n=8.0000000000e+00 p8q_e2=6.8750000000e-01 p8n_e2=2.3437500000e-02 p16q=6.6162109375e-01 p16n=6.1206054688e-01 p16q_e2=6.6162109375e-01 p16n_e2=5.6689453125e-01 p32q=6.6164518893e-01 p32n=6.6164512932e-01 p64q=6.6164518633e-01 p64n=6.6164518633e-01 alpha_d=7.6610546993e-01 alpha_p32q=7.6610546692e-01 alpha_p32n=7.6610553594e-01 rz32q=5.0688999519e-01 rz32n=5.0688978657e-01 alpha_full_q=7.6610546509e-01 alpha_full_n=7.6610521881e-01
  residual=3.454e+03
iter=228 pAp_d=6.6283452126e-01 p8q=6.4000000000e+01 p8n=8.0000000000e+00 p8q_e2=6.2500000000e-01 p8n_e2=6.2500000000e-02 p16q=6.6345214844e-01 p16n=6.2036132812e-01 p16q_e2=6.6284179688e-01 p16n_e2=5.7983398438e-01 p32q=6.6283452138e-01 p32n=6.6283429042e-01 p64q=6.6283452126e-01 p64n=6.6283452126e-01 alpha_d=7.9974383260e-01 alpha_p32q=7.9974383245e-01 alpha_p32n=7.9974411113e-01 rz32q=5.3009781986e-01 rz32n=5.3009762987e-01 alpha_full_q=7.9974383163e-01 alpha_full_n=7.9974382367e-01
  residual=3.336e+03
iter=229 pAp_d=7.1013396352e-01 p8q=6.4000000000e+01 p8n=8.0000000000e+00 p8q_e2=6.8750000000e-01 p8n_e2=6.2500000000e-02 p16q=7.0935058594e-01 p16n=6.6125488281e-01 p16q_e2=7.0996093750e-01 p16n_e2=6.2695312500e-01 p32q=7.1013396606e-01 p32n=7.1013411507e-01 p64q=7.1013396352e-01 p64n=7.1013396352e-01 alpha_d=7.5332069561e-01 alpha_p32q=7.5332069292e-01 alpha_p32n=7.5332053484e-01 rz32q=5.3495861217e-01 rz32n=5.3495876491e-01 alpha_full_q=7.5332069404e-01 alpha_full_n=7.5332075105e-01
  residual=4.095e+03
iter=230 pAp_d=7.6888862675e-01 p8q=6.4000000000e+01 p8n=8.0000000000e+00 p8q_e2=7.5000000000e-01 p8n_e2=1.0156250000e-01 p16q=7.7038574219e-01 p16n=7.2497558594e-01 p16q_e2=7.6879882812e-01 p16n_e2=6.8115234375e-01 p32q=7.6888862997e-01 p32n=7.6888879016e-01 p64q=7.6888862675e-01 p64n=7.6888862675e-01 alpha_d=7.0591112649e-01 alpha_p32q=7.0591112353e-01 alpha_p32n=7.0591097647e-01 rz32q=5.4276703671e-01 rz32n=5.4276685789e-01 alpha_full_q=7.0591112360e-01 alpha_full_n=7.0591074397e-01
  residual=5.346e+03
iter=231 pAp_d=8.3512302876e-01 p8q=6.4000000000e+01 p8n=8.0000000000e+00 p8q_e2=8.1250000000e-01 p8n_e2=2.1875000000e-01 p16q=8.3557128906e-01 p16n=7.9699707031e-01 p16q_e2=8.3520507812e-01 p16n_e2=7.6562500000e-01 p32q=8.3512303233e-01 p32n=8.3512283862e-01 p64q=8.3512302876e-01 p64n=8.3512302876e-01 alpha_d=6.5834668668e-01 alpha_p32q=6.5834668387e-01 alpha_p32n=6.5834683658e-01 rz32q=5.4980047792e-01 rz32n=5.4980044812e-01 alpha_full_q=6.5834668263e-01 alpha_full_n=6.5834679965e-01
  residual=6.434e+03
iter=232 pAp_d=9.1691038815e-01 p8q=6.4000000000e+01 p8n=8.0000000000e+00 p8q_e2=9.3750000000e-01 p8n_e2=2.5000000000e-01 p16q=9.1748046875e-01 p16n=8.6865234375e-01 p16q_e2=9.1699218750e-01 p16n_e2=8.3666992188e-01 p32q=9.1691039130e-01 p32n=9.1691023111e-01 p64q=9.1691038815e-01 p64n=9.1691038815e-01 alpha_d=6.0346022954e-01 alpha_p32q=6.0346022747e-01 alpha_p32n=6.0346033290e-01 rz32q=5.5331895128e-01 rz32n=5.5331881344e-01 alpha_full_q=6.0346022526e-01 alpha_full_n=6.0346018036e-01
  residual=5.618e+03
iter=233 pAp_d=7.6724995298e-01 p8q=6.4000000000e+01 p8n=8.0000000000e+00 p8q_e2=8.1250000000e-01 p8n_e2=1.5625000000e-01 p16q=7.6770019531e-01 p16n=7.1984863281e-01 p16q_e2=7.6733398438e-01 p16n_e2=6.8237304688e-01 p32q=7.6724995300e-01 p32n=7.6725004241e-01 p64q=7.6724995298e-01 p64n=7.6724995298e-01 alpha_d=6.8295279199e-01 alpha_p32q=6.8295279197e-01 alpha_p32n=6.8295271238e-01 rz32q=5.2399549633e-01 rz32n=5.2399545908e-01 alpha_full_q=6.8295279039e-01 alpha_full_n=6.8295266226e-01
  residual=4.042e+03
iter=234 pAp_d=6.8695651976e-01 p8q=6.4000000000e+01 p8n=8.0000000000e+00 p8q_e2=6.8750000000e-01 p8n_e2=3.1250000000e-02 p16q=6.8664550781e-01 p16n=6.3757324219e-01 p16q_e2=6.8701171875e-01 p16n_e2=6.0717773438e-01 p32q=6.8695651740e-01 p32n=6.8695647642e-01 p64q=6.8695651976e-01 p64n=6.8695651976e-01 alpha_d=6.9856791472e-01 alpha_p32q=6.9856791712e-01 alpha_p32n=6.9856795879e-01 rz32q=4.7988578305e-01 rz32n=4.7988583893e-01 alpha_full_q=6.9856791644e-01 alpha_full_n=6.9856803946e-01
  residual=3.447e+03
iter=235 pAp_d=6.3706057634e-01 p8q=6.4000000000e+01 p8n=8.0000000000e+00 p8q_e2=6.8750000000e-01 p8n_e2=1.5625000000e-02 p16q=6.3671875000e-01 p16n=5.9143066406e-01 p16q_e2=6.3720703125e-01 p16n_e2=5.6103515625e-01 p32q=6.3706057519e-01 p32n=6.3706083596e-01 p64q=6.3706057634e-01 p64n=6.3706057634e-01 alpha_d=7.2944063513e-01 alpha_p32q=7.2944063646e-01 alpha_p32n=7.2944033787e-01 rz32q=4.6469787136e-01 rz32n=4.6469786577e-01 alpha_full_q=7.2944063635e-01 alpha_full_n=7.2944032899e-01
  residual=2.987e+03
iter=236 pAp_d=5.4130049817e-01 p8q=6.4000000000e+01 p8n=8.0000000000e+00 p8q_e2=5.6250000000e-01 p8n_e2=7.8125000000e-03 p16q=5.4064941406e-01 p16n=4.9798583984e-01 p16q_e2=5.4125976562e-01 p16n_e2=4.8107910156e-01 p32q=5.4130049795e-01 p32n=5.4130056873e-01 p64q=5.4130049817e-01 p64n=5.4130049817e-01 alpha_d=8.0365865516e-01 alpha_p32q=8.0365865549e-01 alpha_p32n=8.0365855041e-01 rz32q=4.3502083048e-01 rz32n=4.3502074480e-01 alpha_full_q=8.0365865565e-01 alpha_full_n=8.0365839227e-01
  residual=3.246e+03
iter=237 pAp_d=7.0162059571e-01 p8q=6.4000000000e+01 p8n=8.0000000000e+00 p8q_e2=6.8750000000e-01 p8n_e2=6.2500000000e-02 p16q=7.0129394531e-01 p16n=6.5563964844e-01 p16q_e2=7.0166015625e-01 p16n_e2=5.9887695312e-01 p32q=7.0162059739e-01 p32n=7.0162042603e-01 p64q=7.0162059571e-01 p64n=7.0162059571e-01 alpha_d=6.8485234870e-01 alpha_p32q=6.8485234706e-01 alpha_p32n=6.8485251433e-01 rz32q=4.8050651327e-01 rz32n=4.8050639778e-01 alpha_full_q=6.8485234763e-01 alpha_full_n=6.8485235030e-01
  residual=3.389e+03
iter=238 pAp_d=7.2878432121e-01 p8q=6.4000000000e+01 p8n=8.0000000000e+00 p8q_e2=7.5000000000e-01 p8n_e2=1.7187500000e-01 p16q=7.2912597656e-01 p16n=6.7041015625e-01 p16q_e2=7.2875976562e-01 p16n_e2=6.3647460938e-01 p32q=7.2878431901e-01 p32n=7.2878422588e-01 p64q=7.2878432121e-01 p64n=7.2878432121e-01 alpha_d=6.5740231693e-01 alpha_p32q=6.5740231892e-01 alpha_p32n=6.5740240293e-01 rz32q=4.7910450213e-01 rz32n=4.7910434008e-01 alpha_full_q=6.5740232004e-01 alpha_full_n=6.5740218169e-01
  residual=3.595e+03
iter=239 pAp_d=8.9917778336e-01 p8q=6.4000000000e+01 p8n=8.0000000000e+00 p8q_e2=9.3750000000e-01 p8n_e2=2.5000000000e-01 p16q=8.9916992188e-01 p16n=8.2446289062e-01 p16q_e2=8.9916992188e-01 p16n_e2=7.7099609375e-01 p32q=8.9917778596e-01 p32n=8.9917788282e-01 p64q=8.9917778336e-01 p64n=8.9917778336e-01 alpha_d=5.8565785732e-01 alpha_p32q=5.8565785563e-01 alpha_p32n=5.8565779254e-01 rz32q=5.2661053464e-01 rz32n=5.2661072090e-01 alpha_full_q=5.8565785639e-01 alpha_full_n=5.8565800045e-01
  residual=3.276e+03
iter=240 pAp_d=7.3007747674e-01 p8q=6.4000000000e+01 p8n=8.0000000000e+00 p8q_e2=6.8750000000e-01 p8n_e2=1.0937500000e-01 p16q=7.3022460938e-01 p16n=6.7565917969e-01 p16q_e2=7.2998046875e-01 p16n_e2=6.2890625000e-01 p32q=7.3007747531e-01 p32n=7.3007757217e-01 p64q=7.3007747674e-01 p64n=7.3007747674e-01 alpha_d=6.7441254808e-01 alpha_p32q=6.7441254940e-01 alpha_p32n=6.7441245993e-01 rz32q=4.9237341061e-01 rz32n=4.9237355404e-01 alpha_full_q=6.7441254834e-01 alpha_full_n=6.7441265532e-01
  residual=3.050e+03
iter=241 pAp_d=5.7726246631e-01 p8q=6.4000000000e+01 p8n=8.0000000000e+00 p8q_e2=6.2500000000e-01 p8n_e2=3.1250000000e-02 p16q=5.7763671875e-01 p16n=5.3320312500e-01 p16q_e2=5.7739257812e-01 p16n_e2=5.0781250000e-01 p32q=5.7726246864e-01 p32n=5.7726232335e-01 p64q=5.7726246631e-01 p64n=5.7726246631e-01 alpha_d=7.5144036898e-01 alpha_p32q=7.5144036595e-01 alpha_p32n=7.5144055507e-01 rz32q=4.3377832137e-01 rz32n=4.3377834745e-01 alpha_full_q=7.5144036714e-01 alpha_full_n=7.5144060144e-01
  residual=3.104e+03
iter=242 pAp_d=5.7001564427e-01 p8q=6.4000000000e+01 p8n=8.0000000000e+00 p8q_e2=6.2500000000e-01 p8n_e2=1.5625000000e-02 p16q=5.6982421875e-01 p16n=5.3039550781e-01 p16q_e2=5.7006835938e-01 p16n_e2=5.0463867188e-01 p32q=5.7001564652e-01 p32n=5.7001562044e-01 p64q=5.7001564427e-01 p64n=5.7001564427e-01 alpha_d=7.5169185557e-01 alpha_p32q=7.5169185260e-01 alpha_p32n=7.5169188699e-01 rz32q=4.2847611755e-01 rz32n=4.2847592011e-01 alpha_full_q=7.5169185297e-01 alpha_full_n=7.5169154098e-01
  residual=2.845e+03
iter=243 pAp_d=5.6471955922e-01 p8q=6.4000000000e+01 p8n=8.0000000000e+00 p8q_e2=6.2500000000e-01 p8n_e2=1.5625000000e-02 p16q=5.6469726562e-01 p16n=5.2844238281e-01 p16q_e2=5.6494140625e-01 p16n_e2=4.9816894531e-01 p32q=5.6471955776e-01 p32n=5.6471946463e-01 p64q=5.6471955922e-01 p64n=5.6471955922e-01 alpha_d=7.4518773557e-01 alpha_p32q=7.4518773750e-01 alpha_p32n=7.4518786039e-01 rz32q=4.2082208954e-01 rz32n=4.2082209326e-01 alpha_full_q=7.4518773744e-01 alpha_full_n=7.4518786693e-01
  residual=2.729e+03
iter=244 pAp_d=5.2849216308e-01 p8q=6.4000000000e+01 p8n=8.0000000000e+00 p8q_e2=6.2500000000e-01 p8n_e2=1.5625000000e-02 p16q=5.2880859375e-01 p16n=4.9615478516e-01 p16q_e2=5.2856445312e-01 p16n_e2=4.5593261719e-01 p32q=5.2849216014e-01 p32n=5.2849193290e-01 p64q=5.2849216308e-01 p64n=5.2849216308e-01 alpha_d=7.6134688256e-01 alpha_p32q=7.6134688679e-01 alpha_p32n=7.6134721416e-01 rz32q=4.0236586146e-01 rz32n=4.0236588940e-01 alpha_full_q=7.6134688801e-01 alpha_full_n=7.6134726824e-01
  residual=2.785e+03
iter=245 pAp_d=5.3780555472e-01 p8q=6.4000000000e+01 p8n=8.0000000000e+00 p8q_e2=6.2500000000e-01 p8n_e2=1.5625000000e-02 p16q=5.3710937500e-01 p16n=4.9218750000e-01 p16q_e2=5.3759765625e-01 p16n_e2=4.6264648438e-01 p32q=5.3780555725e-01 p32n=5.3780542687e-01 p64q=5.3780555472e-01 p64n=5.3780555472e-01 alpha_d=7.3430704789e-01 alpha_p32q=7.3430704443e-01 alpha_p32n=7.3430722245e-01 rz32q=3.9491440915e-01 rz32n=3.9491434209e-01 alpha_full_q=7.3430704429e-01 alpha_full_n=7.3430709763e-01
  residual=2.819e+03
iter=246 pAp_d=5.0817812155e-01 p8q=6.4000000000e+01 p8n=8.0000000000e+00 p8q_e2=6.2500000000e-01 p8n_e2=3.9062500000e-02 p16q=5.0842285156e-01 p16n=4.6887207031e-01 p16q_e2=5.0805664062e-01 p16n_e2=4.3017578125e-01 p32q=5.0817812234e-01 p32n=5.0817801431e-01 p64q=5.0817812155e-01 p64n=5.0817812155e-01 alpha_d=7.3968684817e-01 alpha_p32q=7.3968684701e-01 alpha_p32n=7.3968700426e-01 rz32q=3.7589267269e-01 rz32n=3.7589256279e-01 alpha_full_q=7.3968684633e-01 alpha_full_n=7.3968678732e-01
  residual=2.845e+03
iter=247 pAp_d=5.1511870384e-01 p8q=6.4000000000e+01 p8n=8.0000000000e+00 p8q_e2=6.2500000000e-01 p8n_e2=5.8593750000e-03 p16q=5.1489257812e-01 p16n=4.7235107422e-01 p16q_e2=5.1513671875e-01 p16n_e2=4.4274902344e-01 p32q=5.1511870697e-01 p32n=5.1511884853e-01 p64q=5.1511870384e-01 p64n=5.1511870384e-01 alpha_d=7.2246979498e-01 alpha_p32q=7.2246979059e-01 alpha_p32n=7.2246959205e-01 rz32q=3.7215770409e-01 rz32n=3.7215767615e-01 alpha_full_q=7.2246979007e-01 alpha_full_n=7.2246953728e-01
  residual=2.830e+03
iter=248 pAp_d=5.3191560841e-01 p8q=6.4000000000e+01 p8n=8.0000000000e+00 p8q_e2=6.2500000000e-01 p8n_e2=3.1250000000e-02 p16q=5.3161621094e-01 p16n=4.9377441406e-01 p16q_e2=5.3198242188e-01 p16n_e2=4.5617675781e-01 p32q=5.3191560879e-01 p32n=5.3191566095e-01 p64q=5.3191560841e-01 p64n=5.3191560841e-01 alpha_d=7.1957402737e-01 alpha_p32q=7.1957402685e-01 alpha_p32n=7.1957395630e-01 rz32q=3.8275265694e-01 rz32n=3.8275281899e-01 alpha_full_q=7.1957402755e-01 alpha_full_n=7.1957426165e-01
  residual=2.692e+03
iter=249 pAp_d=5.7079284044e-01 p8q=6.4000000000e+01 p8n=8.0000000000e+00 p8q_e2=6.2500000000e-01 p8n_e2=2.3437500000e-02 p16q=5.7116699219e-01 p16n=5.3051757812e-01 p16q_e2=5.7080078125e-01 p16n_e2=4.9963378906e-01 p32q=5.7079283893e-01 p32n=5.7079278678e-01 p64q=5.7079284044e-01 p64n=5.7079284044e-01 alpha_d=7.0133772911e-01 alpha_p32q=7.0133773097e-01 alpha_p32n=7.0133779505e-01 rz32q=4.0031855367e-01 rz32n=4.0031836927e-01 alpha_full_q=7.0133772950e-01 alpha_full_n=7.0133747052e-01
  residual=2.813e+03
iter=250 pAp_d=6.3761883632e-01 p8q=6.4000000000e+01 p8n=8.0000000000e+00 p8q_e2=6.8750000000e-01 p8n_e2=6.2500000000e-02 p16q=6.3720703125e-01 p16n=5.9716796875e-01 p16q_e2=6.3745117188e-01 p16n_e2=5.5810546875e-01 p32q=6.3761883602e-01 p32n=6.3761884347e-01 p64q=6.3761883632e-01 p64n=6.3761883632e-01 alpha_d=6.8040434280e-01 alpha_p32q=6.8040434312e-01 alpha_p32n=6.8040433517e-01 rz32q=4.3383862451e-01 rz32n=4.3383875303e-01 alpha_full_q=6.8040434191e-01 alpha_full_n=6.8040453552e-01
  residual=2.736e+03
iter=251 pAp_d=5.9478887065e-01 p8q=6.4000000000e+01 p8n=8.0000000000e+00 p8q_e2=6.2500000000e-01 p8n_e2=3.1250000000e-02 p16q=5.9448242188e-01 p16n=5.5175781250e-01 p16q_e2=5.9497070312e-01 p16n_e2=5.1538085938e-01 p32q=5.9478887171e-01 p32n=5.9478898719e-01 p64q=5.9478887065e-01 p64n=5.9478887065e-01 alpha_d=7.0826420376e-01 alpha_p32q=7.0826420250e-01 alpha_p32n=7.0826406499e-01 rz32q=4.2126766592e-01 rz32n=4.2126773484e-01 alpha_full_q=7.0826420258e-01 alpha_full_n=7.0826418093e-01
  residual=2.977e+03
iter=252 pAp_d=6.3607448040e-01 p8q=6.4000000000e+01 p8n=8.0000000000e+00 p8q_e2=6.2500000000e-01 p8n_e2=7.8125000000e-02 p16q=6.3562011719e-01 p16n=5.9326171875e-01 p16q_e2=6.3598632812e-01 p16n_e2=5.4223632812e-01 p32q=6.3607447967e-01 p32n=6.3607435673e-01 p64q=6.3607448040e-01 p64n=6.3607448040e-01 alpha_d=6.7270986429e-01 alpha_p32q=6.7270986506e-01 alpha_p32n=6.7270999508e-01 rz32q=4.2789357714e-01 rz32n=4.2789349332e-01 alpha_full_q=6.7270986468e-01 alpha_full_n=6.7270986292e-01
  residual=3.409e+03
iter=253 pAp_d=6.8842060658e-01 p8q=6.4000000000e+01 p8n=8.0000000000e+00 p8q_e2=7.5000000000e-01 p8n_e2=1.5625000000e-01 p16q=6.8835449219e-01 p16n=6.2353515625e-01 p16q_e2=6.8847656250e-01 p16n_e2=5.9423828125e-01 p32q=6.8842060491e-01 p32n=6.8842010200e-01 p64q=6.8842060658e-01 p64n=6.8842060658e-01 alpha_d=6.2624419638e-01 alpha_p32q=6.2624419790e-01 alpha_p32n=6.2624465539e-01 rz32q=4.3111941032e-01 rz32n=4.3111927062e-01 alpha_full_q=6.2624419903e-01 alpha_full_n=6.2624445360e-01
  residual=3.437e+03
iter=254 pAp_d=7.0946269221e-01 p8q=6.4000000000e+01 p8n=8.0000000000e+00 p8q_e2=7.5000000000e-01 p8n_e2=1.2500000000e-01 p16q=7.0959472656e-01 p16n=6.5234375000e-01 p16q_e2=7.0947265625e-01 p16n_e2=5.9985351562e-01 p32q=7.0946269482e-01 p32n=7.0946280658e-01 p64q=7.0946269221e-01 p64n=7.0946269221e-01 alpha_d=6.1745115230e-01 alpha_p32q=6.1745115002e-01 alpha_p32n=6.1745105276e-01 rz32q=4.3805855699e-01 rz32n=4.3805847317e-01 alpha_full_q=6.1745115026e-01 alpha_full_n=6.1745093486e-01
  residual=2.793e+03
iter=255 pAp_d=5.6807543882e-01 p8q=6.4000000000e+01 p8n=8.0000000000e+00 p8q_e2=5.6250000000e-01 p8n_e2=4.8828125000e-03 p16q=5.6787109375e-01 p16n=5.1940917969e-01 p16q_e2=5.6811523438e-01 p16n_e2=4.9609375000e-01 p32q=5.6807544082e-01 p32n=5.6807545200e-01 p64q=5.6807543882e-01 p64n=5.6807543882e-01 alpha_d=7.2143271516e-01 alpha_p32q=7.2143271261e-01 alpha_p32n=7.2143269842e-01 rz32q=4.0982820652e-01 rz32n=4.0982803330e-01 alpha_full_q=7.2143271311e-01 alpha_full_n=7.2143239398e-01
  residual=2.907e+03
iter=256 pAp_d=5.9520783777e-01 p8q=6.4000000000e+01 p8n=8.0000000000e+00 p8q_e2=6.2500000000e-01 p8n_e2=1.9531250000e-03 p16q=5.9570312500e-01 p16n=5.5224609375e-01 p16q_e2=5.9521484375e-01 p16n_e2=5.0976562500e-01 p32q=5.9520784020e-01 p32n=5.9520806745e-01 p64q=5.9520783777e-01 p64n=5.9520783777e-01 alpha_d=6.9555071952e-01 alpha_p32q=6.9555071668e-01 alpha_p32n=6.9555045113e-01 rz32q=4.1399724036e-01 rz32n=4.1399706714e-01 alpha_full_q=6.9555071758e-01 alpha_full_n=6.9555016100e-01
  residual=3.268e+03
iter=257 pAp_d=5.2933566292e-01 p8q=6.4000000000e+01 p8n=8.0000000000e+00 p8q_e2=5.6250000000e-01 p8n_e2=3.9062500000e-03 p16q=5.2978515625e-01 p16n=4.9835205078e-01 p16q_e2=5.2929687500e-01 p16n_e2=4.5800781250e-01 p32q=5.2933566272e-01 p32n=5.2933570743e-01 p64q=5.2933566292e-01 p64n=5.2933566292e-01 alpha_d=7.6154341698e-01 alpha_p32q=7.6154341727e-01 alpha_p32n=7.6154335295e-01 rz32q=4.0311208926e-01 rz32n=4.0311198682e-01 alpha_full_q=7.6154341687e-01 alpha_full_n=7.6154315902e-01
  residual=3.667e+03
iter=258 pAp_d=5.8688659393e-01 p8q=6.4000000000e+01 p8n=8.0000000000e+00 p8q_e2=5.6250000000e-01 p8n_e2=1.5625000000e-02 p16q=5.8618164062e-01 p16n=5.4333496094e-01 p16q_e2=5.8691406250e-01 p16n_e2=5.1708984375e-01 p32q=5.8688659221e-01 p32n=5.8688659966e-01 p64q=5.8688659393e-01 p64n=5.8688659393e-01 alpha_d=7.2349102109e-01 alpha_p32q=7.2349102322e-01 alpha_p32n=7.2349101403e-01 rz32q=4.2460718192e-01 rz32n=4.2460723035e-01 alpha_full_q=7.2349102460e-01 alpha_full_n=7.2349109793e-01
  residual=3.703e+03
iter=259 pAp_d=5.6123430040e-01 p8q=6.4000000000e+01 p8n=7.0000000000e+00 p8q_e2=6.2500000000e-01 p8n_e2=1.1718750000e-02 p16q=5.6018066406e-01 p16n=5.2026367188e-01 p16q_e2=5.6127929688e-01 p16n_e2=4.9182128906e-01 p32q=5.6123429909e-01 p32n=5.6123415753e-01 p64q=5.6123430040e-01 p64n=5.6123430040e-01 alpha_d=7.5531982067e-01 alpha_p32q=7.5531982243e-01 alpha_p32n=7.5532001294e-01 rz32q=4.2391139083e-01 rz32n=4.2391123250e-01 alpha_full_q=7.5531982188e-01 alpha_full_n=7.5531973030e-01
  residual=3.572e+03
iter=260 pAp_d=5.7359508720e-01 p8q=6.4000000000e+01 p8n=8.0000000000e+00 p8q_e2=5.6250000000e-01 p8n_e2=6.2500000000e-02 p16q=5.7250976562e-01 p16n=5.3051757812e-01 p16q_e2=5.7348632812e-01 p16n_e2=5.0366210938e-01 p32q=5.7359508798e-01 p32n=5.7359509543e-01 p64q=5.7359508720e-01 p64n=5.7359508720e-01 alpha_d=7.4351274662e-01 alpha_p32q=7.4351274562e-01 alpha_p32n=7.4351273596e-01 rz32q=4.2647525854e-01 rz32n=4.2647523805e-01 alpha_full_q=7.4351274529e-01 alpha_full_n=7.4351269991e-01
  residual=3.637e+03
iter=261 pAp_d=5.6829306736e-01 p8q=6.4000000000e+01 p8n=8.0000000000e+00 p8q_e2=5.6250000000e-01 p8n_e2=2.7343750000e-02 p16q=5.6933593750e-01 p16n=5.3125000000e-01 p16q_e2=5.6835937500e-01 p16n_e2=4.9816894531e-01 p32q=5.6829306856e-01 p32n=5.6829302013e-01 p64q=5.6829306736e-01 p64n=5.6829306736e-01 alpha_d=7.2590163599e-01 alpha_p32q=7.2590163446e-01 alpha_p32n=7.2590169632e-01 rz32q=4.1252486780e-01 rz32n=4.1252497025e-01 alpha_full_q=7.2590163531e-01 alpha_full_n=7.2590187744e-01
  residual=4.076e+03
iter=262 pAp_d=5.8690440807e-01 p8q=6.4000000000e+01 p8n=8.0000000000e+00 p8q_e2=6.2500000000e-01 p8n_e2=4.6875000000e-02 p16q=5.8642578125e-01 p16n=5.4418945312e-01 p16q_e2=5.8691406250e-01 p16n_e2=5.2343750000e-01 p32q=5.8690440655e-01 p32n=5.8690425009e-01 p64q=5.8690440807e-01 p64n=5.8690440807e-01 alpha_d=6.8585771756e-01 alpha_p32q=6.8585771933e-01 alpha_p32n=6.8585790218e-01 rz32q=4.0253291838e-01 rz32n=4.0253275074e-01 alpha_full_q=6.8585772042e-01 alpha_full_n=6.8585761763e-01
  residual=4.250e+03
iter=263 pAp_d=5.1610426432e-01 p8q=6.4000000000e+01 p8n=8.0000000000e+00 p8q_e2=5.6250000000e-01 p8n_e2=7.0312500000e-02 p16q=5.1574707031e-01 p16n=4.7583007812e-01 p16q_e2=5.1611328125e-01 p16n_e2=4.5471191406e-01 p32q=5.1610426232e-01 p32n=5.1610435173e-01 p64q=5.1610426432e-01 p64n=5.1610426432e-01 alpha_d=7.0431254378e-01 alpha_p32q=7.0431254651e-01 alpha_p32n=7.0431242450e-01 rz32q=3.6349870823e-01 rz32n=3.6349872127e-01 alpha_full_q=7.0431254839e-01 alpha_full_n=7.0431245165e-01
  residual=4.690e+03
iter=264 pAp_d=5.3713069726e-01 p8q=6.4000000000e+01 p8n=8.0000000000e+00 p8q_e2=5.6250000000e-01 p8n_e2=9.3750000000e-02 p16q=5.3674316406e-01 p16n=5.0134277344e-01 p16q_e2=5.3710937500e-01 p16n_e2=4.8046875000e-01 p32q=5.3713069856e-01 p32n=5.3713070601e-01 p64q=5.3713069726e-01 p64n=5.3713069726e-01 alpha_d=6.4836077174e-01 alpha_p32q=6.4836077017e-01 alpha_p32n=6.4836076118e-01 rz32q=3.4825447388e-01 rz32n=3.4825449809e-01 alpha_full_q=6.4836077106e-01 alpha_full_n=6.4836080715e-01
  residual=4.520e+03
iter=265 pAp_d=4.7900026540e-01 p8q=6.4000000000e+01 p8n=8.0000000000e+00 p8q_e2=5.0000000000e-01 p8n_e2=1.9531250000e-03 p16q=4.7888183594e-01 p16n=4.3395996094e-01 p16q_e2=4.7900390625e-01 p16n_e2=4.2163085938e-01 p32q=4.7900026664e-01 p32n=4.7900019772e-01 p64q=4.7900026540e-01 p64n=4.7900026540e-01 alpha_d=6.9029587874e-01 alpha_p32q=6.9029587695e-01 alpha_p32n=6.9029597627e-01 rz32q=3.3065190911e-01 rz32n=3.3065189607e-01 alpha_full_q=6.9029587693e-01 alpha_full_n=6.9029594903e-01
  residual=3.824e+03
iter=266 pAp_d=4.3139271799e-01 p8q=6.4000000000e+01 p8n=8.0000000000e+00 p8q_e2=4.3750000000e-01 p8n_e2=2.7343750000e-02 p16q=4.3035888672e-01 p16n=3.9764404297e-01 p16q_e2=4.3139648438e-01 p16n_e2=3.8317871094e-01 p32q=4.3139271811e-01 p32n=4.3139261380e-01 p64q=4.3139271799e-01 p64n=4.3139271799e-01 alpha_d=7.0675289696e-01 alpha_p32q=7.0675289677e-01 alpha_p32n=7.0675306766e-01 rz32q=3.0488805287e-01 rz32n=3.0488806963e-01 alpha_full_q=7.0675289607e-01 alpha_full_n=7.0675310582e-01
  residual=3.680e+03
iter=267 pAp_d=4.3813398724e-01 p8q=6.4000000000e+01 p8n=8.0000000000e+00 p8q_e2=4.3750000000e-01 p8n_e2=7.8125000000e-03 p16q=4.3890380859e-01 p16n=4.0277099609e-01 p16q_e2=4.3823242188e-01 p16n_e2=3.8769531250e-01 p32q=4.3813398667e-01 p32n=4.3813391589e-01 p64q=4.3813398724e-01 p64n=4.3813398724e-01 alpha_d=7.3093758431e-01 alpha_p32q=7.3093758527e-01 alpha_p32n=7.3093770335e-01 rz32q=3.2024859823e-01 rz32n=3.2024862990e-01 alpha_full_q=7.3093758526e-01 alpha_full_n=7.3093777561e-01
  residual=3.968e+03
iter=268 pAp_d=4.6626536029e-01 p8q=6.4000000000e+01 p8n=8.0000000000e+00 p8q_e2=4.6875000000e-01 p8n_e2=4.6875000000e-02 p16q=4.6508789062e-01 p16n=4.2529296875e-01 p16q_e2=4.6618652344e-01 p16n_e2=4.1821289062e-01 p32q=4.6626535989e-01 p32n=4.6626531146e-01 p64q=4.6626536029e-01 p64n=4.6626536029e-01 alpha_d=6.9076568847e-01 alpha_p32q=6.9076568905e-01 alpha_p32n=6.9076576080e-01 rz32q=3.2208011299e-01 rz32n=3.2208010741e-01 alpha_full_q=6.9076568988e-01 alpha_full_n=6.9076574964e-01
  residual=4.790e+03
iter=269 pAp_d=5.1755103788e-01 p8q=6.4000000000e+01 p8n=8.0000000000e+00 p8q_e2=5.0000000000e-01 p8n_e2=2.3437500000e-02 p16q=5.1757812500e-01 p16n=4.6990966797e-01 p16q_e2=5.1757812500e-01 p16n_e2=4.5727539062e-01 p32q=5.1755103841e-01 p32n=5.1755100861e-01 p64q=5.1755103788e-01 p64n=5.1755103788e-01 alpha_d=6.5568860083e-01 alpha_p32q=6.5568860016e-01 alpha_p32n=6.5568863791e-01 rz32q=3.3935231529e-01 rz32n=3.3935224637e-01 alpha_full_q=6.5568859901e-01 alpha_full_n=6.5568850360e-01
  residual=4.652e+03
iter=270 pAp_d=4.7957480870e-01 p8q=6.4000000000e+01 p8n=8.0000000000e+00 p8q_e2=4.6875000000e-01 p8n_e2=3.1250000000e-02 p16q=4.7967529297e-01 p16n=4.4421386719e-01 p16q_e2=4.7949218750e-01 p16n_e2=4.2797851562e-01 p32q=4.7957480885e-01 p32n=4.7957471944e-01 p64q=4.7957480870e-01 p64n=4.7957480870e-01 alpha_d=7.1683592716e-01 alpha_p32q=7.1683592694e-01 alpha_p32n=7.1683606058e-01 rz32q=3.4377645142e-01 rz32n=3.4377648868e-01 alpha_full_q=7.1683592440e-01 alpha_full_n=7.1683613572e-01
  residual=4.055e+03
iter=271 pAp_d=5.0020338514e-01 p8q=6.4000000000e+01 p8n=8.0000000000e+00 p8q_e2=5.6250000000e-01 p8n_e2=9.7656250000e-04 p16q=5.0061035156e-01 p16n=4.6166992188e-01 p16q_e2=5.0000000000e-01 p16n_e2=4.4543457031e-01 p32q=5.0020338595e-01 p32n=5.0020346791e-01 p64q=5.0020338514e-01 p64n=5.0020338514e-01 alpha_d=7.2817827012e-01 alpha_p32q=7.2817826894e-01 alpha_p32n=7.2817814963e-01 rz32q=3.6423723586e-01 rz32n=3.6423726939e-01 alpha_full_q=7.2817826926e-01 alpha_full_n=7.2817821698e-01
  residual=3.374e+03
iter=272 pAp_d=4.8724888117e-01 p8q=6.4000000000e+01 p8n=8.0000000000e+00 p8q_e2=5.6250000000e-01 p8n_e2=7.8125000000e-03 p16q=4.8681640625e-01 p16n=4.4940185547e-01 p16q_e2=4.8718261719e-01 p16n_e2=4.2321777344e-01 p32q=4.8724888079e-01 p32n=4.8724865541e-01 p64q=4.8724888117e-01 p64n=4.8724888117e-01 alpha_d=7.6476653124e-01 alpha_p32q=7.6476653185e-01 alpha_p32n=7.6476688559e-01 rz32q=3.7263163738e-01 rz32n=3.7263154797e-01 alpha_full_q=7.6476653323e-01 alpha_full_n=7.6476670348e-01
  residual=3.413e+03
iter=273 pAp_d=6.1368364664e-01 p8q=6.4000000000e+01 p8n=8.0000000000e+00 p8q_e2=6.2500000000e-01 p8n_e2=4.6875000000e-02 p16q=6.1437988281e-01 p16n=5.7824707031e-01 p16q_e2=6.1352539062e-01 p16n_e2=5.4272460938e-01 p32q=6.1368364841e-01 p32n=6.1368349567e-01 p64q=6.1368364664e-01 p64n=6.1368364664e-01 alpha_d=6.6242464281e-01 alpha_p32q=6.6242464091e-01 alpha_p32n=6.6242480577e-01 rz32q=4.0651917085e-01 rz32n=4.0651908517e-01 alpha_full_q=6.6242464160e-01 alpha_full_n=6.6242466685e-01
  residual=3.440e+03
iter=274 pAp_d=5.9563434793e-01 p8q=6.4000000000e+01 p8n=8.0000000000e+00 p8q_e2=6.2500000000e-01 p8n_e2=9.3750000000e-02 p16q=5.9558105469e-01 p16n=5.5419921875e-01 p16q_e2=5.9570312500e-01 p16n_e2=5.2148437500e-01 p32q=5.9563434869e-01 p32n=5.9563430026e-01 p64q=5.9563434793e-01 p64n=5.9563434793e-01 alpha_d=6.8682893994e-01 alpha_p32q=6.8682893906e-01 alpha_p32n=6.8682899490e-01 rz32q=4.0909890831e-01 rz32n=4.0909858607e-01 alpha_full_q=6.8682893994e-01 alpha_full_n=6.8682845479e-01
  residual=3.911e+03
iter=275 pAp_d=7.5819482268e-01 p8q=6.4000000000e+01 p8n=8.0000000000e+00 p8q_e2=8.1250000000e-01 p8n_e2=1.4062500000e-01 p16q=7.5866699219e-01 p16n=7.0727539062e-01 p16q_e2=7.5805664062e-01 p16n_e2=6.6503906250e-01 p32q=7.5819482282e-01 p32n=7.5819478557e-01 p64q=7.5819482268e-01 p64n=7.5819482268e-01 alpha_d=5.9448914069e-01 alpha_p32q=5.9448914059e-01 alpha_p32n=5.9448916980e-01 rz32q=4.5073858835e-01 rz32n=4.5073856227e-01 alpha_full_q=5.9448914024e-01 alpha_full_n=5.9448913505e-01
  residual=3.606e+03
iter=276 pAp_d=6.1243311385e-01 p8q=6.4000000000e+01 p8n=8.0000000000e+00 p8q_e2=6.2500000000e-01 p8n_e2=7.8125000000e-02 p16q=6.1267089844e-01 p16n=5.7531738281e-01 p16q_e2=6.1230468750e-01 p16n_e2=5.4785156250e-01 p32q=6.1243311688e-01 p32n=6.1243319511e-01 p64q=6.1243311385e-01 p64n=6.1243311385e-01 alpha_d=6.8586828851e-01 alpha_p32q=6.8586828511e-01 alpha_p32n=6.8586819750e-01 rz32q=4.2004845105e-01 rz32n=4.2004834674e-01 alpha_full_q=6.8586828418e-01 alpha_full_n=6.8586802625e-01
  residual=3.144e+03
iter=277 pAp_d=5.9444704865e-01 p8q=6.4000000000e+01 p8n=8.0000000000e+00 p8q_e2=6.2500000000e-01 p8n_e2=2.3437500000e-02 p16q=5.9521484375e-01 p16n=5.5090332031e-01 p16q_e2=5.9448242188e-01 p16n_e2=5.1586914062e-01 p32q=5.9444704652e-01 p32n=5.9444704652e-01 p64q=5.9444704865e-01 p64n=5.9444704865e-01 alpha_d=6.8904754375e-01 alpha_p32q=6.8904754623e-01 alpha_p32n=6.8904754623e-01 rz32q=4.0960227884e-01 rz32n=4.0960207768e-01 alpha_full_q=6.8904754636e-01 alpha_full_n=6.8904720795e-01
  residual=3.031e+03
iter=278 pAp_d=5.1294210509e-01 p8q=6.4000000000e+01 p8n=8.0000000000e+00 p8q_e2=5.6250000000e-01 p8n_e2=-5.8593750000e-03 p16q=5.1220703125e-01 p16n=4.6893310547e-01 p16q_e2=5.1293945312e-01 p16n_e2=4.4787597656e-01 p32q=5.1294210553e-01 p32n=5.1294211671e-01 p64q=5.1294210509e-01 p64n=5.1294210509e-01 alpha_d=7.3876819096e-01 alpha_p32q=7.3876819032e-01 alpha_p32n=7.3876817422e-01 rz32q=3.7894531153e-01 rz32n=3.7894512527e-01 alpha_full_q=7.3876819127e-01 alpha_full_n=7.3876781205e-01
  residual=3.859e+03
iter=279 pAp_d=5.7433123648e-01 p8q=6.4000000000e+01 p8n=8.0000000000e+00 p8q_e2=6.2500000000e-01 p8n_e2=1.5625000000e-02 p16q=5.7373046875e-01 p16n=5.3527832031e-01 p16q_e2=5.7446289062e-01 p16n_e2=5.0854492188e-01 p32q=5.7433123514e-01 p32n=5.7433142513e-01 p64q=5.7433123648e-01 p64n=5.7433123648e-01 alpha_d=6.6952329966e-01 alpha_p32q=6.6952330122e-01 alpha_p32n=6.6952307974e-01 rz32q=3.8452814519e-01 rz32n=3.8452815078e-01 alpha_full_q=6.6952330235e-01 alpha_full_n=6.6952309060e-01
  residual=4.832e+03
iter=280 pAp_d=5.8858885122e-01 p8q=6.4000000000e+01 p8n=8.0000000000e+00 p8q_e2=6.2500000000e-01 p8n_e2=8.5937500000e-02 p16q=5.8850097656e-01 p16n=5.5456542969e-01 p16q_e2=5.8862304688e-01 p16n_e2=5.3881835938e-01 p32q=5.8858884871e-01 p32n=5.8858865872e-01 p64q=5.8858885122e-01 p64n=5.8858885122e-01 alpha_d=6.3602423909e-01 alpha_p32q=6.3602424180e-01 alpha_p32n=6.3602444710e-01 rz32q=3.7435677648e-01 rz32n=3.7435663864e-01 alpha_full_q=6.3602424221e-01 alpha_full_n=6.3602421333e-01
  residual=4.982e+03
iter=281 pAp_d=5.7002769872e-01 p8q=6.4000000000e+01 p8n=8.0000000000e+00 p8q_e2=5.6250000000e-01 p8n_e2=3.9062500000e-02 p16q=5.6970214844e-01 p16n=5.2832031250e-01 p16q_e2=5.6982421875e-01 p16n_e2=5.1513671875e-01 p32q=5.7002769411e-01 p32n=5.7002766430e-01 p64q=5.7002769872e-01 p64n=5.7002769872e-01 alpha_d=6.1931676563e-01 alpha_p32q=6.1931677064e-01 alpha_p32n=6.1931680302e-01 rz32q=3.5302770883e-01 rz32n=3.5302771442e-01 alpha_full_q=6.1931676738e-01 alpha_full_n=6.1931680956e-01
  residual=4.043e+03
iter=282 pAp_d=4.7006492592e-01 p8q=6.4000000000e+01 p8n=8.0000000000e+00 p8q_e2=4.3750000000e-01 p8n_e2=-5.8593750000e-03 p16q=4.6984863281e-01 p16n=4.3054199219e-01 p16q_e2=4.7021484375e-01 p16n_e2=4.0893554688e-01 p32q=4.7006492689e-01 p32n=4.7006492876e-01 p64q=4.7006492592e-01 p64n=4.7006492592e-01 alpha_d=6.8206514625e-01 alpha_p32q=6.8206514484e-01 alpha_p32n=6.8206514214e-01 rz32q=3.2061490230e-01 rz32n=3.2061487250e-01 alpha_full_q=6.8206514454e-01 alpha_full_n=6.8206507843e-01
  residual=2.892e+03
iter=283 pAp_d=3.5612679905e-01 p8q=6.4000000000e+01 p8n=8.0000000000e+00 p8q_e2=3.4375000000e-01 p8n_e2=5.8593750000e-03 p16q=3.5607910156e-01 p16n=3.1927490234e-01 p16q_e2=3.5607910156e-01 p16n_e2=3.1176757812e-01 p32q=3.5612679832e-01 p32n=3.5612674430e-01 p64q=3.5612679905e-01 p64n=3.5612679905e-01 alpha_d=8.0264153425e-01 alpha_p32q=8.0264153590e-01 alpha_p32n=8.0264165764e-01 rz32q=2.8584215976e-01 rz32n=2.8584217839e-01 alpha_full_q=8.0264153418e-01 alpha_full_n=8.0264170822e-01
  residual=2.639e+03
iter=284 pAp_d=3.8707679963e-01 p8q=6.4000000000e+01 p8n=8.0000000000e+00 p8q_e2=3.7500000000e-01 p8n_e2=4.8828125000e-04 p16q=3.8647460938e-01 p16n=3.4643554688e-01 p16q_e2=3.8708496094e-01 p16n_e2=3.3569335938e-01 p32q=3.8707679883e-01 p32n=3.8707683422e-01 p64q=3.8707679963e-01 p64n=3.8707679963e-01 alpha_d=7.7804755207e-01 alpha_p32q=7.7804755369e-01 alpha_p32n=7.7804748256e-01 rz32q=3.0116415583e-01 rz32n=3.0116409622e-01 alpha_full_q=7.7804755216e-01 alpha_full_n=7.7804732704e-01
  residual=2.598e+03
iter=285 pAp_d=4.1929023135e-01 p8q=6.4000000000e+01 p8n=8.0000000000e+00 p8q_e2=4.0625000000e-01 p8n_e2=1.5625000000e-02 p16q=4.1906738281e-01 p16n=3.8781738281e-01 p16q_e2=4.1931152344e-01 p16n_e2=3.7084960938e-01 p32q=4.1929023154e-01 p32n=4.1929011606e-01 p64q=4.1929023135e-01 p64n=4.1929023135e-01 alpha_d=7.6056658690e-01 alpha_p32q=7.6056658656e-01 alpha_p32n=7.6056679604e-01 rz32q=3.1889813952e-01 rz32n=3.1889808737e-01 alpha_full_q=7.6056658499e-01 alpha_full_n=7.6056667008e-01
  residual=2.477e+03
iter=286 pAp_d=4.1255578143e-01 p8q=6.4000000000e+01 p8n=8.0000000000e+00 p8q_e2=4.3750000000e-01 p8n_e2=1.1718750000e-02 p16q=4.1284179688e-01 p16n=3.6859130859e-01 p16q_e2=4.1259765625e-01 p16n_e2=3.5290527344e-01 p32q=4.1255578212e-01 p32n=4.1255575791e-01 p64q=4.1255578143e-01 p64n=4.1255578143e-01 alpha_d=7.9125487383e-01 alpha_p32q=7.9125487251e-01 alpha_p32n=7.9125491895e-01 rz32q=3.2643677294e-01 rz32n=3.2643683255e-01 alpha_full_q=7.9125487288e-01 alpha_full_n=7.9125506380e-01
  residual=2.425e+03
iter=287 pAp_d=4.8058108262e-01 p8q=6.4000000000e+01 p8n=8.0000000000e+00 p8q_e2=5.0000000000e-01 p8n_e2=3.1250000000e-02 p16q=4.7998046875e-01 p16n=4.4689941406e-01 p16q_e2=4.8059082031e-01 p16n_e2=4.1381835938e-01 p32q=4.8058108240e-01 p32n=4.8058103956e-01 p64q=4.8058108262e-01 p64n=4.8058108262e-01 alpha_d=7.0057543215e-01 alpha_p32q=7.0057543247e-01 alpha_p32n=7.0057549493e-01 rz32q=3.3668329939e-01 rz32n=3.3668327704e-01 alpha_full_q=7.0057543195e-01 alpha_full_n=7.0057544789e-01
  residual=2.440e+03
iter=288 pAp_d=4.4473847073e-01 p8q=6.4000000000e+01 p8n=8.0000000000e+00 p8q_e2=4.6875000000e-01 p8n_e2=3.1250000000e-02 p16q=4.4451904297e-01 p16n=4.0673828125e-01 p16q_e2=4.4470214844e-01 p16n_e2=3.8818359375e-01 p32q=4.4473847002e-01 p32n=4.4473831914e-01 p64q=4.4473847073e-01 p64n=4.4473847073e-01 alpha_d=7.5185074417e-01 alpha_p32q=7.5185074537e-01 alpha_p32n=7.5185100043e-01 rz32q=3.3437694982e-01 rz32n=3.3437696472e-01 alpha_full_q=7.5185074456e-01 alpha_full_n=7.5185103312e-01
  residual=2.427e+03
iter=289 pAp_d=4.3450286763e-01 p8q=6.4000000000e+01 p8n=8.0000000000e+00 p8q_e2=4.3750000000e-01 p8n_e2=3.9062500000e-03 p16q=4.3402099609e-01 p16n=3.9703369141e-01 p16q_e2=4.3457031250e-01 p16n_e2=3.7060546875e-01 p32q=4.3450286798e-01 p32n=4.3450289033e-01 p64q=4.3450286763e-01 p64n=4.3450286763e-01 alpha_d=7.6552540676e-01 alpha_p32q=7.6552540613e-01 alpha_p32n=7.6552536675e-01 rz32q=3.3262298442e-01 rz32n=3.3262302913e-01 alpha_full_q=7.6552540601e-01 alpha_full_n=7.6552546951e-01
  residual=2.490e+03
iter=290 pAp_d=4.7170105815e-01 p8q=6.4000000000e+01 p8n=8.0000000000e+00 p8q_e2=5.0000000000e-01 p8n_e2=7.8125000000e-03 p16q=4.7216796875e-01 p16n=4.3402099609e-01 p16q_e2=4.7167968750e-01 p16n_e2=4.0881347656e-01 p32q=4.7170105949e-01 p32n=4.7170128115e-01 p64q=4.7170105815e-01 p64n=4.7170105815e-01 alpha_d=7.3541812566e-01 alpha_p32q=7.3541812357e-01 alpha_p32n=7.3541777799e-01 rz32q=3.4689750709e-01 rz32n=3.4689750895e-01 alpha_full_q=7.3541812151e-01 alpha_full_n=7.3541777989e-01
  residual=2.552e+03
iter=291 pAp_d=5.1216429048e-01 p8q=6.4000000000e+01 p8n=8.0000000000e+00 p8q_e2=6.2500000000e-01 p8n_e2=9.3750000000e-02 p16q=5.1208496094e-01 p16n=4.7131347656e-01 p16q_e2=5.1220703125e-01 p16n_e2=4.5629882812e-01 p32q=5.1216429099e-01 p32n=5.1216427237e-01 p64q=5.1216429048e-01 p64n=5.1216429048e-01 alpha_d=7.0508449989e-01 alpha_p32q=7.0508449917e-01 alpha_p32n=7.0508452481e-01 rz32q=3.6111910269e-01 rz32n=3.6111900955e-01 alpha_full_q=7.0508449932e-01 alpha_full_n=7.0508434312e-01
  residual=2.501e+03
iter=292 pAp_d=5.4139506078e-01 p8q=6.4000000000e+01 p8n=8.0000000000e+00 p8q_e2=6.2500000000e-01 p8n_e2=1.2500000000e-01 p16q=5.4138183594e-01 p16n=5.0427246094e-01 p16q_e2=5.4125976562e-01 p16n_e2=4.7229003906e-01 p32q=5.4139506072e-01 p32n=5.4139499739e-01 p64q=5.4139506078e-01 p64n=5.4139506078e-01 alpha_d=6.8285703754e-01 alpha_p32q=6.8285703762e-01 alpha_p32n=6.8285711749e-01 rz32q=3.6969542690e-01 rz32n=3.6969541572e-01 alpha_full_q=6.8285703679e-01 alpha_full_n=6.8285709603e-01
  residual=2.428e+03
iter=293 pAp_d=5.1942775520e-01 p8q=6.4000000000e+01 p8n=8.0000000000e+00 p8q_e2=5.6250000000e-01 p8n_e2=1.0937500000e-01 p16q=5.1989746094e-01 p16n=4.7937011719e-01 p16q_e2=5.1928710938e-01 p16n_e2=4.5068359375e-01 p32q=5.1942775398e-01 p32n=5.1942792535e-01 p64q=5.1942775520e-01 p64n=5.1942775520e-01 alpha_d=6.9695249330e-01 alpha_p32q=6.9695249493e-01 alpha_p32n=6.9695226500e-01 rz32q=3.6201646924e-01 rz32n=3.6201626062e-01 alpha_full_q=6.9695249525e-01 alpha_full_n=6.9695186369e-01
  residual=2.577e+03
iter=294 pAp_d=4.9558542403e-01 p8q=6.4000000000e+01 p8n=8.0000000000e+00 p8q_e2=5.6250000000e-01 p8n_e2=5.8593750000e-03 p16q=4.9560546875e-01 p16n=4.5715332031e-01 p16q_e2=4.9548339844e-01 p16n_e2=4.3151855469e-01 p32q=4.9558542296e-01 p32n=4.9558529072e-01 p64q=4.9558542403e-01 p64n=4.9558542403e-01 alpha_d=7.3869374011e-01 alpha_p32q=7.3869374170e-01 alpha_p32n=7.3869393883e-01 rz32q=3.6608584970e-01 rz32n=3.6608576588e-01 alpha_full_q=7.3869374025e-01 alpha_full_n=7.3869376824e-01
  residual=2.644e+03
iter=295 pAp_d=5.2415321942e-01 p8q=6.4000000000e+01 p8n=8.0000000000e+00 p8q_e2=6.2500000000e-01 p8n_e2=6.2500000000e-02 p16q=5.2404785156e-01 p16n=4.8358154297e-01 p16q_e2=5.2416992188e-01 p16n_e2=4.6105957031e-01 p32q=5.2415321767e-01 p32n=5.2415334433e-01 p64q=5.2415321942e-01 p64n=5.2415321942e-01 alpha_d=6.9256411778e-01 alpha_p32q=6.9256412008e-01 alpha_p32n=6.9256395273e-01 rz32q=3.6300971173e-01 rz32n=3.6300976574e-01 alpha_full_q=6.9256411959e-01 alpha_full_n=6.9256405529e-01
  residual=2.947e+03
iter=296 pAp_d=6.2367129589e-01 p8q=6.4000000000e+01 p8n=8.0000000000e+00 p8q_e2=6.8750000000e-01 p8n_e2=1.0937500000e-01 p16q=6.2353515625e-01 p16n=5.7910156250e-01 p16q_e2=6.2353515625e-01 p16n_e2=5.3759765625e-01 p32q=6.2367129698e-01 p32n=6.2367140874e-01 p64q=6.2367129589e-01 p64n=6.2367129589e-01 alpha_d=6.2815165991e-01 alpha_p32q=6.2815165881e-01 alpha_p32n=6.2815154625e-01 rz32q=3.9176015928e-01 rz32n=3.9176019840e-01 alpha_full_q=6.2815165806e-01 alpha_full_n=6.2815160822e-01
  residual=2.880e+03
iter=297 pAp_d=6.0457907014e-01 p8q=6.4000000000e+01 p8n=8.0000000000e+00 p8q_e2=6.8750000000e-01 p8n_e2=1.0937500000e-01 p16q=6.0388183594e-01 p16n=5.5651855469e-01 p16q_e2=6.0449218750e-01 p16n_e2=5.3027343750e-01 p32q=6.0457907245e-01 p32n=6.0457919911e-01 p64q=6.0457907014e-01 p64n=6.0457907014e-01 alpha_d=6.4006361462e-01 alpha_p32q=6.4006361217e-01 alpha_p32n=6.4006347808e-01 rz32q=3.8696906529e-01 rz32n=3.8696903177e-01 alpha_full_q=6.4006361274e-01 alpha_full_n=6.4006342319e-01
  residual=2.990e+03
iter=298 pAp_d=5.9604707667e-01 p8q=6.4000000000e+01 p8n=8.0000000000e+00 p8q_e2=6.8750000000e-01 p8n_e2=1.2500000000e-01 p16q=5.9509277344e-01 p16n=5.4956054688e-01 p16q_e2=5.9594726562e-01 p16n_e2=5.1464843750e-01 p32q=5.9604707733e-01 p32n=5.9604708105e-01 p64q=5.9604707667e-01 p64n=5.9604707667e-01 alpha_d=6.8352871922e-01 alpha_p32q=6.8352871847e-01 alpha_p32n=6.8352871420e-01 rz32q=4.0741529502e-01 rz32n=4.0741524287e-01 alpha_full_q=6.8352871865e-01 alpha_full_n=6.8352862688e-01
  residual=3.000e+03
iter=299 pAp_d=5.7194063060e-01 p8q=6.4000000000e+01 p8n=8.0000000000e+00 p8q_e2=6.2500000000e-01 p8n_e2=3.9062500000e-03 p16q=5.7202148438e-01 p16n=5.3149414062e-01 p16q_e2=5.7202148438e-01 p16n_e2=4.8974609375e-01 p32q=5.7194063067e-01 p32n=5.7194096223e-01 p64q=5.7194063060e-01 p64n=5.7194063060e-01 alpha_d=7.2569081681e-01 alpha_p32q=7.2569081672e-01 alpha_p32n=7.2569039604e-01 rz32q=4.1505206376e-01 rz32n=4.1505203210e-01 alpha_full_q=7.2569081737e-01 alpha_full_n=7.2569034133e-01
  residual=2.805e+03
