matrix=data/matrices/nasa4704.mtx n=4704 val_range=1.000e+00/4.704e+03 seed=1
iter=0 pAp_d=7.6525080511e+07 p8q=6.4000000000e+01 p8n=6.4000000000e+01 p8q_e2=1.6777216000e+07 p8n_e2=6.5536000000e+04 p16q=6.7108864000e+07 p16n=1.0485760000e+06 p16q_e2=7.5497472000e+07 p16n_e2=1.6777216000e+07 p32q=7.6525088000e+07 p32n=7.6524512000e+07 p64q=7.6525080511e+07 p64n=7.6525080511e+07 alpha_d=4.4697143691e-05 alpha_p32q=4.4697139316e-05 alpha_p32n=4.4697475752e-05 rz32q=3.4204525146e+03 rz32n=3.4204518433e+03 alpha_full_q=4.4697139253e-05 alpha_full_n=4.4697466914e-05
  residual=5.514e+01
iter=1 pAp_d=2.8011217668e+07 p8q=6.4000000000e+01 p8n=-6.4000000000e+01 p8q_e2=1.6777216000e+07 p8n_e2=1.0485760000e+06 p16q=3.3554432000e+07 p16n=2.6214400000e+06 p16q_e2=2.7787264000e+07 p16n_e2=1.3893632000e+07 p32q=2.8011216000e+07 p32n=2.8011120000e+07 p64q=2.8011217668e+07 p64n=2.8011217668e+07 alpha_d=7.4162110021e-05 alpha_p32q=7.4162114437e-05 alpha_p32n=7.4162368606e-05 rz32q=2.0773710327e+03 rz32n=2.0773709106e+03 alpha_full_q=7.4162115372e-05 alpha_full_n=7.4162365184e-05
  residual=7.038e+01
iter=2 pAp_d=-4.9463321923e+06 p8q=-6.4000000000e+01 p8n=0.0000000000e+00 p8q_e2=-1.0485760000e+06 p8n_e2=-1.0485760000e+06 p16q=-4.1943040000e+06 p16n=-4.1943040000e+06 p16q_e2=-4.9807360000e+06 p16n_e2=-1.5728640000e+07 p32q=-4.9463320000e+06 p32n=-4.9463500000e+06 p64q=-4.9463321923e+06 p64n=-4.9463321923e+06 alpha_d=-6.8545734052e-04 alpha_p32q=-6.8545736717e-04 alpha_p32n=-6.8545487276e-04 rz32q=3.3904996948e+03 rz32n=3.3904999390e+03 alpha_full_q=-6.8545736413e-04 alpha_full_n=-6.8545491907e-04
  residual=9.457e+02
iter=3 pAp_d=1.9280328788e+11 p8q=6.4000000000e+01 p8n=0.0000000000e+00 p8q_e2=-1.6777216000e+07 p8n_e2=0.0000000000e+00 p16q=2.6843545600e+08 p16n=0.0000000000e+00 p16q_e2=2.0615843021e+11 p16n_e2=-1.7179869184e+11 p32q=1.9280324198e+11 p32n=1.9280219341e+11 p64q=1.9280328788e+11 p64n=1.9280328788e+11 alpha_d=3.3995062457e-06 alpha_p32q=3.3995070549e-06 alpha_p32n=3.3995255435e-06 rz32q=6.5543600000e+05 rz32n=6.5543543750e+05 alpha_full_q=3.3995071517e-06 alpha_full_n=3.3995227228e-06
  residual=6.930e+01
iter=4 pAp_d=3.1066245352e+07 p8q=6.4000000000e+01 p8n=0.0000000000e+00 p8q_e2=1.6777216000e+07 p8n_e2=-1.0485760000e+06 p16q=3.3554432000e+07 p16n=3.1457280000e+06 p16q_e2=3.0932992000e+07 p16n_e2=1.8350080000e+07 p32q=3.1066248000e+07 p32n=3.1066152000e+07 p64q=3.1066245352e+07 p64n=3.1066245352e+07 alpha_d=1.1228042510e-04 alpha_p32q=1.1228041553e-04 alpha_p32n=1.1228076250e-04 rz32q=3.4881312256e+03 rz32n=3.4881303711e+03 alpha_full_q=1.1228041525e-04 alpha_full_n=1.1228073471e-04
  residual=1.578e+02
iter=5 pAp_d=-5.9109639111e+08 p8q=-6.4000000000e+01 p8n=0.0000000000e+00 p8q_e2=-1.6777216000e+07 p8n_e2=-1.6777216000e+07 p16q=-2.6843545600e+08 p16n=-6.7108864000e+07 p16q_e2=-6.0397977600e+08 p16n_e2=-4.8653926400e+08 p32q=-5.9109632000e+08 p32n=-5.9109683200e+08 p64q=-5.9109639111e+08 p64n=-5.9109639111e+08 alpha_d=-3.0152596368e-05 alpha_p32q=-3.0152599995e-05 alpha_p32n=-3.0152573878e-05 rz32q=1.7823090820e+04 rz32n=1.7823090820e+04 alpha_full_q=-3.0152599868e-05 alpha_full_n=-3.0152573750e-05
  residual=1.020e+02
iter=6 pAp_d=1.9984613789e+08 p8q=6.4000000000e+01 p8n=6.4000000000e+01 p8q_e2=1.6777216000e+07 p8n_e2=6.5536000000e+04 p16q=2.6843545600e+08 p16n=1.6777216000e+07 p16q_e2=2.0132659200e+08 p16n_e2=9.2274688000e+07 p32q=1.9984614400e+08 p32n=1.9984614400e+08 p64q=1.9984613789e+08 p64n=1.9984613789e+08 alpha_d=3.8083297741e-05 alpha_p32q=3.8083296576e-05 alpha_p32n=3.8083296576e-05 rz32q=7.6108000488e+03 rz32n=7.6107939453e+03 alpha_full_q=3.8083296963e-05 alpha_full_n=3.8083266422e-05
  residual=7.824e+01
iter=7 pAp_d=-1.3451265731e+07 p8q=-6.4000000000e+01 p8n=0.0000000000e+00 p8q_e2=-1.6777216000e+07 p8n_e2=-1.0485760000e+06 p16q=-1.2582912000e+07 p16n=-8.3886080000e+06 p16q_e2=-1.3500416000e+07 p16n_e2=-2.0971520000e+07 p32q=-1.3451266000e+07 p32n=-1.3451234000e+07 p64q=-1.3451265731e+07 p64n=-1.3451265731e+07 alpha_d=-3.1450138845e-04 alpha_p32q=-3.1450138215e-04 alpha_p32n=-3.1450213034e-04 rz32q=4.2304416504e+03 rz32n=4.2304418945e+03 alpha_full_q=-3.1450137484e-04 alpha_full_n=-3.1450214118e-04
  residual=4.907e+02
iter=8 pAp_d=2.5154530027e+10 p8q=6.4000000000e+01 p8n=0.0000000000e+00 p8q_e2=1.6777216000e+07 p8n_e2=0.0000000000e+00 p16q=2.6843545600e+08 p16n=-2.6843545600e+08 p16q_e2=2.5769803776e+10 p16n_e2=-3.6238786560e+09 p32q=2.5154519040e+10 p32n=2.5153994752e+10 p64q=2.5154530027e+10 p64n=2.5154530027e+10 alpha_d=6.9705541652e-06 alpha_p32q=6.9705572099e-06 alpha_p32n=6.9707024981e-06 rz32q=1.7534101562e+05 rz32n=1.7534070312e+05 alpha_full_q=6.9705572723e-06 alpha_full_n=6.9706901370e-06
  residual=7.489e+01
iter=9 pAp_d=3.9778284310e+07 p8q=6.4000000000e+01 p8n=6.4000000000e+01 p8q_e2=1.6777216000e+07 p8n_e2=1.0485760000e+06 p16q=3.3554432000e+07 p16n=4.1943040000e+06 p16q_e2=3.9845888000e+07 p16n_e2=2.5165824000e+07 p32q=3.9778288000e+07 p32n=3.9778400000e+07 p64q=3.9778284310e+07 p64n=3.9778284310e+07 alpha_d=9.6924843576e-05 alpha_p32q=9.6924834584e-05 alpha_p32n=9.6924561683e-05 rz32q=3.8555039673e+03 rz32n=3.8555025635e+03 alpha_full_q=9.6924834153e-05 alpha_full_n=9.6924525961e-05
  residual=1.523e+02
iter=10 pAp_d=-4.9427639711e+08 p8q=6.4000000000e+01 p8n=0.0000000000e+00 p8q_e2=-1.6777216000e+07 p8n_e2=-1.6777216000e+07 p16q=-2.6843545600e+08 p16n=-6.7108864000e+07 p16q_e2=-4.8653926400e+08 p16n_e2=-3.6909875200e+08 p32q=-4.9427635200e+08 p32n=-4.9427507200e+08 p64q=-4.9427639711e+08 p64n=-4.9427639711e+08 alpha_d=-3.2228692987e-05 alpha_p32q=-3.2228695929e-05 alpha_p32n=-3.2228779390e-05 rz32q=1.5929882324e+04 rz32n=1.5929877441e+04 alpha_full_q=-3.2228696072e-05 alpha_full_n=-3.2228769654e-05
  residual=9.490e+01
iter=11 pAp_d=1.3911849108e+08 p8q=6.4000000000e+01 p8n=-6.4000000000e+01 p8q_e2=1.6777216000e+07 p8n_e2=1.0485760000e+06 p16q=2.6843545600e+08 p16n=1.6777216000e+07 p16q_e2=1.3841203200e+08 p16n_e2=7.7594624000e+07 p32q=1.3911846400e+08 p32n=1.3911827200e+08 p64q=1.3911849108e+08 p64n=1.3911849108e+08 alpha_d=4.4425413320e-05 alpha_p32q=4.4425421968e-05 alpha_p32n=4.4425483281e-05 rz32q=6.1803964844e+03 rz32n=6.1803952637e+03 alpha_full_q=4.4425422095e-05 alpha_full_n=4.4425474633e-05
  residual=8.559e+01
iter=12 pAp_d=-6.8493124966e+06 p8q=-6.4000000000e+01 p8n=0.0000000000e+00 p8q_e2=-1.6777216000e+07 p8n_e2=-1.0485760000e+06 p16q=-6.2914560000e+06 p16n=-4.1943040000e+06 p16q_e2=-6.8812800000e+06 p16n_e2=-1.6515072000e+07 p32q=-6.8493120000e+06 p32n=-6.8494870000e+06 p64q=-6.8493124966e+06 p64n=-6.8493124966e+06 alpha_d=-7.2654233196e-04 alpha_p32q=-7.2654238464e-04 alpha_p32n=-7.2652382195e-04 rz32q=4.9763154297e+03 rz32n=4.9763125000e+03 alpha_full_q=-7.2654237823e-04 alpha_full_n=-7.2652338781e-04
  residual=1.283e+03
iter=13 pAp_d=3.5747794369e+11 p8q=-6.4000000000e+01 p8n=0.0000000000e+00 p8q_e2=-1.6777216000e+07 p8n_e2=0.0000000000e+00 p16q=2.6843545600e+08 p16n=0.0000000000e+00 p16q_e2=3.4359738368e+11 p16n_e2=-1.3743895347e+11 p32q=3.5747843277e+11 p32n=3.5738301235e+11 p64q=3.5747794369e+11 p64n=3.5747794369e+11 alpha_d=3.1147683518e-06 alpha_p32q=3.1147640904e-06 alpha_p32n=3.1155957250e-06 rz32q=1.1134610000e+06 rz32n=1.1134582500e+06 alpha_full_q=3.1147641310e-06 alpha_full_n=3.1155880708e-06
  residual=7.440e+01
iter=14 pAp_d=3.1990569174e+07 p8q=6.4000000000e+01 p8n=6.4000000000e+01 p8q_e2=1.6777216000e+07 p8n_e2=1.0485760000e+06 p16q=3.3554432000e+07 p16n=3.6700160000e+06 p16q_e2=3.1981568000e+07 p16n_e2=2.3592960000e+07 p32q=3.1990568000e+07 p32n=3.1990656000e+07 p64q=3.1990569174e+07 p64n=3.1990569174e+07 alpha_d=1.1803380811e-04 alpha_p32q=1.1803381244e-04 alpha_p32n=1.1803348775e-04 rz32q=3.7759686890e+03 rz32n=3.7759680786e+03 alpha_full_q=1.1803381200e-04 alpha_full_n=1.1803346823e-04
  residual=1.592e+02
iter=15 pAp_d=-4.9423151995e+08 p8q=-6.4000000000e+01 p8n=-6.4000000000e+01 p8q_e2=-1.6777216000e+07 p8n_e2=-1.6777216000e+07 p16q=-2.6843545600e+08 p16n=-6.7108864000e+07 p16q_e2=-4.8653926400e+08 p16n_e2=-3.3554432000e+08 p32q=-4.9423155200e+08 p32n=-4.9422976000e+08 p64q=-4.9423151995e+08 p64n=-4.9423151995e+08 alpha_d=-3.3900636422e-05 alpha_p32q=-3.3900634224e-05 alpha_p32n=-3.3900757142e-05 rz32q=1.6754762695e+04 rz32n=1.6754752930e+04 alpha_full_q=-3.3900633473e-05 alpha_full_n=-3.3900736632e-05
  residual=9.591e+01
iter=16 pAp_d=1.2887684701e+08 p8q=6.4000000000e+01 p8n=-3.2000000000e+01 p8q_e2=1.6777216000e+07 p8n_e2=0.0000000000e+00 p16q=6.7108864000e+07 p16n=8.3886080000e+06 p16q_e2=1.2792627200e+08 p16n_e2=7.9691776000e+07 p32q=1.2887683200e+08 p32n=1.2887740800e+08 p64q=1.2887684701e+08 p64n=1.2887684701e+08 alpha_d=4.8451224167e-05 alpha_p32q=4.8451229810e-05 alpha_p32n=4.8451013264e-05 rz32q=6.2442409668e+03 rz32n=6.2442399902e+03 alpha_full_q=4.8451229518e-05 alpha_full_n=4.8451005394e-05
  residual=8.971e+01
iter=17 pAp_d=-1.4530534488e+07 p8q=-6.4000000000e+01 p8n=-6.4000000000e+01 p8q_e2=-1.6777216000e+07 p8n_e2=-1.0485760000e+06 p16q=-1.2582912000e+07 p16n=-4.1943040000e+06 p16q_e2=-1.4548992000e+07 p16n_e2=-1.7825792000e+07 p32q=-1.4530534000e+07 p32n=-1.4530472000e+07 p64q=-1.4530534488e+07 p64n=-1.4530534488e+07 alpha_d=-3.6778506454e-04 alpha_p32q=-3.6778507688e-04 alpha_p32n=-3.6778664618e-04 rz32q=5.3441135254e+03 rz32n=5.3441105957e+03 alpha_full_q=-3.6778507420e-04 alpha_full_n=-3.6778644188e-04
  residual=6.720e+02
iter=18 pAp_d=4.7605204283e+10 p8q=6.4000000000e+01 p8n=6.4000000000e+01 p8q_e2=1.6777216000e+07 p8n_e2=1.6777216000e+07 p16q=2.6843545600e+08 p16n=1.6777216000e+07 p16q_e2=4.7244640256e+10 p16n_e2=-2.1474836480e+10 p32q=4.7605219328e+10 p32n=4.7605547008e+10 p64q=4.7605204283e+10 p64n=4.7605204283e+10 alpha_d=6.1379588986e-06 alpha_p32q=6.1379569587e-06 alpha_p32n=6.1379147098e-06 rz32q=2.9219878125e+05 rz32n=2.9219840625e+05 alpha_full_q=6.1379568328e-06 alpha_full_n=6.1379067066e-06
  residual=8.149e+01
iter=19 pAp_d=5.2759023588e+07 p8q=6.4000000000e+01 p8n=-6.4000000000e+01 p8q_e2=1.6777216000e+07 p8n_e2=1.0485760000e+06 p16q=6.7108864000e+07 p16n=4.1943040000e+06 p16q_e2=5.2428800000e+07 p16n_e2=3.6700160000e+07 p32q=5.2759024000e+07 p32n=5.2758896000e+07 p64q=5.2759023588e+07 p64n=5.2759023588e+07 alpha_d=8.4222348891e-05 alpha_p32q=8.4222348233e-05 alpha_p32n=8.4222552568e-05 rz32q=4.4434890137e+03 rz32n=4.4434865723e+03 alpha_full_q=8.4222350544e-05 alpha_full_n=8.4222508603e-05
  residual=1.394e+02
iter=20 pAp_d=-2.2142602154e+08 p8q=-6.4000000000e+01 p8n=-6.4000000000e+01 p8q_e2=-1.6777216000e+07 p8n_e2=-1.6777216000e+07 p16q=-2.6843545600e+08 p16n=-1.6777216000e+07 p16q_e2=-2.2229811200e+08 p16n_e2=-1.5938355200e+08 p32q=-2.2142604800e+08 p32n=-2.2142579200e+08 p64q=-2.2142602154e+08 p64n=-2.2142602154e+08 alpha_d=-5.5346374300e-05 alpha_p32q=-5.5346367686e-05 alpha_p32n=-5.5346431674e-05 rz32q=1.2255127441e+04 rz32n=1.2255122559e+04 alpha_full_q=-5.5346367567e-05 alpha_full_n=-5.5346409503e-05
  residual=1.470e+02
iter=21 pAp_d=4.1185425679e+08 p8q=6.4000000000e+01 p8n=-6.4000000000e+01 p8q_e2=1.6777216000e+07 p8n_e2=-1.6777216000e+07 p16q=2.6843545600e+08 p16n=1.2582912000e+07 p16q_e2=4.1943040000e+08 p16n_e2=2.6424115200e+08 p32q=4.1185433600e+08 p32n=4.1184947200e+08 p64q=4.1185425679e+08 p64n=4.1185425679e+08 alpha_d=3.2943956050e-05 alpha_p32q=3.2943949714e-05 alpha_p32n=3.2944338787e-05 rz32q=1.3568108398e+04 rz32n=1.3568108398e+04 alpha_full_q=3.2943949383e-05 alpha_full_n=3.2944338456e-05
  residual=8.472e+01
iter=22 pAp_d=3.0921198297e+06 p8q=-6.4000000000e+01 p8n=-6.4000000000e+01 p8q_e2=1.0485760000e+06 p8n_e2=-1.0485760000e+06 p16q=3.1457280000e+06 p16n=-1.0485760000e+06 p16q_e2=3.0801920000e+06 p16n_e2=3.3751040000e+06 p32q=3.0921200000e+06 p32n=3.0920975000e+06 p64q=3.0921198297e+06 p64n=3.0921198297e+06 alpha_d=1.5159338136e-03 alpha_p32q=1.5159337301e-03 alpha_p32n=1.5159447609e-03 rz32q=4.6874489746e+03 rz32n=4.6874475098e+03 alpha_full_q=1.5159337201e-03 alpha_full_n=1.5159442772e-03
  residual=2.369e+03
iter=23 pAp_d=-1.6432804900e+12 p8q=-6.4000000000e+01 p8n=-3.2000000000e+01 p8q_e2=1.6777216000e+07 p8n_e2=0.0000000000e+00 p16q=-2.6843545600e+08 p16n=-2.6843545600e+08 p16q_e2=-1.6492674417e+12 p16n_e2=-2.1990232556e+12 p32q=-1.6432779756e+12 p32n=-1.6427998249e+12 p64q=-1.6432804900e+12 p64n=-1.6432804900e+12 alpha_d=-2.1000205367e-06 alpha_p32q=-2.1000237500e-06 alpha_p32n=-2.1006349795e-06 rz32q=3.4509230000e+06 rz32n=3.4509115000e+06 alpha_full_q=-2.1000238860e-06 alpha_full_n=-2.1006281153e-06
  residual=8.794e+01
iter=24 pAp_d=6.8525180426e+07 p8q=6.4000000000e+01 p8n=6.4000000000e+01 p8q_e2=1.6777216000e+07 p8n_e2=1.0485760000e+06 p16q=6.7108864000e+07 p16n=4.1943040000e+06 p16q_e2=6.9206016000e+07 p16n_e2=4.7185920000e+07 p32q=6.8525184000e+07 p32n=6.8525568000e+07 p64q=6.8525180426e+07 p64n=6.8525180426e+07 alpha_d=7.3887393417e-05 alpha_p32q=7.3887389563e-05 alpha_p32n=7.3886975517e-05 rz32q=5.0631469727e+03 rz32n=5.0631452637e+03 alpha_full_q=7.3887389673e-05 alpha_full_n=7.3886950688e-05
  residual=1.315e+02
iter=25 pAp_d=-1.6778235064e+08 p8q=-6.4000000000e+01 p8n=-6.4000000000e+01 p8q_e2=-1.6777216000e+07 p8n_e2=-1.6777216000e+07 p16q=-2.6843545600e+08 p16n=-1.6777216000e+07 p16q_e2=-1.6777216000e+08 p16n_e2=-1.3421772800e+08 p32q=-1.6778233600e+08 p32n=-1.6778169600e+08 p64q=-1.6778235064e+08 p64n=-1.6778235064e+08 alpha_d=-6.3552948019e-05 alpha_p32q=-6.3552953563e-05 alpha_p32n=-6.3553195985e-05 rz32q=1.0663062988e+04 rz32n=1.0663062012e+04 alpha_full_q=-6.3552953442e-05 alpha_full_n=-6.3553190044e-05
  residual=1.594e+02
iter=26 pAp_d=6.2600101373e+08 p8q=6.4000000000e+01 p8n=-6.4000000000e+01 p8q_e2=1.6777216000e+07 p8n_e2=0.0000000000e+00 p16q=2.6843545600e+08 p16n=3.3554432000e+07 p16q_e2=6.3753420800e+08 p16n_e2=3.6909875200e+08 p32q=6.2600089600e+08 p32n=6.2599628800e+08 p64q=6.2600101373e+08 p64n=6.2600101373e+08 alpha_d=2.6131582840e-05 alpha_p32q=2.6131587755e-05 alpha_p32n=2.6131780111e-05 rz32q=1.6358397461e+04 rz32n=1.6358393555e+04 alpha_full_q=2.6131587935e-05 alpha_full_n=2.6131774051e-05
  residual=8.509e+01
iter=27 pAp_d=2.6507266470e+06 p8q=-6.4000000000e+01 p8n=-6.4000000000e+01 p8q_e2=-2.6214400000e+05 p8n_e2=-2.6214400000e+05 p16q=2.6214400000e+06 p16n=-2.6214400000e+06 p16q_e2=2.6542080000e+06 p16n_e2=1.0035200000e+06 p32q=2.6507265000e+06 p32n=2.6506970000e+06 p64q=2.6507266470e+06 p64n=2.6507266470e+06 alpha_d=1.7130117450e-03 alpha_p32q=1.7130118400e-03 alpha_p32n=1.7130309044e-03 rz32q=4.5407258301e+03 rz32n=4.5407258301e+03 alpha_full_q=1.7130118215e-03 alpha_full_n=1.7130308859e-03
  residual=2.705e+03
iter=28 pAp_d=-2.7616740756e+12 p8q=-6.4000000000e+01 p8n=-6.4000000000e+01 p8q_e2=1.6777216000e+07 p8n_e2=-1.6777216000e+07 p16q=-2.6843545600e+08 p16n=-2.6843545600e+08 p16q_e2=-3.2985348833e+12 p16n_e2=-4.3980465111e+12 p32q=-2.7616807485e+12 p32n=-2.7630564803e+12 p64q=-2.7616740756e+12 p64n=-2.7616740756e+12 alpha_d=-1.6937740958e-06 alpha_p32q=-1.6937700032e-06 alpha_p32n=-1.6929266715e-06 rz32q=4.6776520000e+06 rz32n=4.6776450000e+06 alpha_full_q=-1.6937699995e-06 alpha_full_n=-1.6929241344e-06
  residual=8.822e+01
iter=29 pAp_d=5.5342664583e+07 p8q=6.4000000000e+01 p8n=-6.4000000000e+01 p8q_e2=1.6777216000e+07 p8n_e2=1.0485760000e+06 p16q=6.7108864000e+07 p16n=6.2914560000e+06 p16q_e2=5.5574528000e+07 p16n_e2=3.7748736000e+07 p32q=5.5342672000e+07 p32n=5.5342672000e+07 p64q=5.5342664583e+07 p64n=5.5342664583e+07 alpha_d=8.4251499826e-05 alpha_p32q=8.4251488535e-05 alpha_p32n=8.4251488535e-05 rz32q=4.6627023926e+03 rz32n=4.6627023926e+03 alpha_full_q=8.4251486675e-05 alpha_full_n=8.4251486675e-05
  residual=1.308e+02
iter=30 pAp_d=-1.7437215632e+08 p8q=-6.4000000000e+01 p8n=6.4000000000e+01 p8q_e2=-1.6777216000e+07 p8n_e2=-1.6777216000e+07 p16q=-2.6843545600e+08 p16n=-1.6777216000e+07 p16q_e2=-1.7616076800e+08 p16n_e2=-1.2163481600e+08 p32q=-1.7437216000e+08 p32n=-1.7437190400e+08 p64q=-1.7437215632e+08 p64n=-1.7437215632e+08 alpha_d=-6.0019760613e-05 alpha_p32q=-6.0019759348e-05 alpha_p32n=-6.0019847464e-05 rz32q=1.0465774902e+04 rz32n=1.0465776367e+04 alpha_full_q=-6.0019758328e-05 alpha_full_n=-6.0019854845e-05
  residual=1.382e+02
iter=31 pAp_d=2.9926739012e+08 p8q=6.4000000000e+01 p8n=6.4000000000e+01 p8q_e2=1.6777216000e+07 p8n_e2=1.6777216000e+07 p16q=2.6843545600e+08 p16n=1.6777216000e+07 p16q_e2=3.0198988800e+08 p16n_e2=1.6777216000e+08 p32q=2.9926732800e+08 p32n=2.9926400000e+08 p64q=2.9926739012e+08 p64n=2.9926739012e+08 alpha_d=3.8524432441e-05 alpha_p32q=3.8524440438e-05 alpha_p32n=3.8524868854e-05 rz32q=1.1529106445e+04 rz32n=1.1529108887e+04 alpha_full_q=3.8524440748e-05 alpha_full_n=3.8524877321e-05
  residual=8.875e+01
iter=32 pAp_d=-5.1695923494e+06 p8q=-6.4000000000e+01 p8n=6.4000000000e+01 p8q_e2=-1.6777216000e+07 p8n_e2=-1.0485760000e+06 p16q=-4.1943040000e+06 p16n=-4.1943040000e+06 p16q_e2=-5.1773440000e+06 p16n_e2=-4.7841280000e+06 p32q=-5.1695920000e+06 p32n=-5.1695000000e+06 p64q=-5.1695923494e+06 p64n=-5.1695923494e+06 alpha_d=-9.4615979017e-04 alpha_p32q=-9.4615985413e-04 alpha_p32n=-9.4617669265e-04 rz32q=4.8912604980e+03 rz32n=4.8912602539e+03 alpha_full_q=-9.4615987065e-04 alpha_full_n=-9.4617666194e-04
  residual=1.519e+03
iter=33 pAp_d=4.0336807195e+11 p8q=6.4000000000e+01 p8n=6.4000000000e+01 p8q_e2=1.6777216000e+07 p8n_e2=1.6777216000e+07 p16q=2.6843545600e+08 p16n=2.6843545600e+08 p16q_e2=4.1231686042e+11 p16n_e2=-4.1231686042e+11 p32q=4.0336831283e+11 p32n=4.0338613862e+11 p64q=4.0336807195e+11 p64n=4.0336807195e+11 alpha_d=3.3344431959e-06 alpha_p32q=3.3344412046e-06 alpha_p32n=3.3342938544e-06 rz32q=1.3450080000e+06 rz32n=1.3450035000e+06 alpha_full_q=3.3344413956e-06 alpha_full_n=3.3342828898e-06
  residual=8.311e+01
iter=34 pAp_d=3.8061500828e+07 p8q=6.4000000000e+01 p8n=-6.4000000000e+01 p8q_e2=1.6777216000e+07 p8n_e2=1.0485760000e+06 p16q=3.3554432000e+07 p16n=4.1943040000e+06 p16q_e2=3.7748736000e+07 p16n_e2=3.3554432000e+07 p32q=3.8061504000e+07 p32n=3.8061712000e+07 p64q=3.8061500828e+07 p64n=3.8061500828e+07 alpha_d=1.1158758319e-04 alpha_p32q=1.1158757389e-04 alpha_p32n=1.1158696408e-04 rz32q=4.2471909180e+03 rz32n=4.2471904297e+03 alpha_full_q=1.1158757463e-04 alpha_full_n=1.1158695199e-04
  residual=1.631e+02
iter=35 pAp_d=-3.4828299862e+08 p8q=-6.4000000000e+01 p8n=-6.4000000000e+01 p8q_e2=-1.6777216000e+07 p8n_e2=-1.6777216000e+07 p16q=-2.6843545600e+08 p16n=-1.6777216000e+07 p16q_e2=-3.5232153600e+08 p16n_e2=-2.6843545600e+08 p32q=-3.4828288000e+08 p32n=-3.4827878400e+08 p64q=-3.4828299862e+08 p64n=-3.4828299862e+08 alpha_d=-4.4059326981e-05 alpha_p32q=-4.4059341986e-05 alpha_p32n=-4.4059860155e-05 rz32q=1.5345114746e+04 rz32n=1.5345109863e+04 alpha_full_q=-4.4059342642e-05 alpha_full_n=-4.4059846790e-05
  residual=1.253e+02
iter=36 pAp_d=2.1418171951e+08 p8q=6.4000000000e+01 p8n=-6.4000000000e+01 p8q_e2=1.6777216000e+07 p8n_e2=1.6777216000e+07 p16q=2.6843545600e+08 p16n=1.6777216000e+07 p16q_e2=2.1390950400e+08 p16n_e2=1.4260633600e+08 p32q=2.1418169600e+08 p32n=2.1418201600e+08 p64q=2.1418171951e+08 p64n=2.1418171951e+08 alpha_d=4.2065120380e-05 alpha_p32q=4.2065124999e-05 alpha_p32n=4.2065062151e-05 rz32q=9.0095795898e+03 rz32n=9.0095805664e+03 alpha_full_q=4.2065123949e-05 alpha_full_n=4.2065065661e-05
  residual=9.504e+01
iter=37 pAp_d=-1.0434282207e+07 p8q=-6.4000000000e+01 p8n=-6.4000000000e+01 p8q_e2=-1.6777216000e+07 p8n_e2=-1.0485760000e+06 p16q=-8.3886080000e+06 p16n=-3.6700160000e+06 p16q_e2=-1.0485760000e+07 p16n_e2=-1.4155776000e+07 p32q=-1.0434282000e+07 p32n=-1.0434278000e+07 p64q=-1.0434282207e+07 p64n=-1.0434282207e+07 alpha_d=-4.8962372566e-04 alpha_p32q=-4.8962373538e-04 alpha_p32n=-4.8962392308e-04 rz32q=5.1088720703e+03 rz32n=5.1088691406e+03 alpha_full_q=-4.8962372977e-04 alpha_full_n=-4.8962363669e-04
  residual=7.819e+02
iter=38 pAp_d=4.5951641052e+10 p8q=6.4000000000e+01 p8n=-6.4000000000e+01 p8q_e2=1.6777216000e+07 p8n_e2=-1.6777216000e+07 p16q=2.6843545600e+08 p16n=-2.6843545600e+08 p16q_e2=4.7244640256e+10 p16n_e2=-1.0737418240e+10 p32q=4.5951614976e+10 p32n=4.5948600320e+10 p64q=4.5951641052e+10 p64n=4.5951641052e+10 alpha_d=7.1234370413e-06 alpha_p32q=7.1234410836e-06 alpha_p32n=7.1239084476e-06 rz32q=3.2733362500e+05 rz32n=3.2733328125e+05 alpha_full_q=7.1234411494e-06 alpha_full_n=7.1239010322e-06
  residual=9.007e+01
iter=39 pAp_d=4.2726592121e+07 p8q=6.4000000000e+01 p8n=-6.4000000000e+01 p8q_e2=1.6777216000e+07 p8n_e2=1.0485760000e+06 p16q=3.3554432000e+07 p16n=4.1943040000e+06 p16q_e2=4.2991616000e+07 p16n_e2=3.3554432000e+07 p32q=4.2726592000e+07 p32n=4.2726304000e+07 p64q=4.2726592121e+07 p64n=4.2726592121e+07 alpha_d=1.0973511697e-04 alpha_p32q=1.0973511729e-04 alpha_p32n=1.0973585696e-04 rz32q=4.6886076660e+03 rz32n=4.6886062012e+03 alpha_full_q=1.0973511920e-04 alpha_full_n=1.0973582459e-04
  residual=1.797e+02
iter=40 pAp_d=-3.8960104019e+08 p8q=-6.4000000000e+01 p8n=-6.4000000000e+01 p8q_e2=-1.6777216000e+07 p8n_e2=-1.0485760000e+06 p16q=-2.6843545600e+08 p16n=-3.3554432000e+07 p16q_e2=-3.8587596800e+08 p16n_e2=-3.0198988800e+08 p32q=-3.8960102400e+08 p32n=-3.8959846400e+08 p64q=-3.8960104019e+08 p64n=-3.8960104019e+08 alpha_d=-4.4045592192e-05 alpha_p32q=-4.4045594022e-05 alpha_p32n=-4.4045883440e-05 rz32q=1.7160208984e+04 rz32n=1.7160194336e+04 alpha_full_q=-4.4045595179e-05 alpha_full_n=-4.4045846998e-05
  residual=1.288e+02
iter=41 pAp_d=2.0325193688e+08 p8q=6.4000000000e+01 p8n=-6.4000000000e+01 p8q_e2=1.6777216000e+07 p8n_e2=1.6777216000e+07 p16q=2.6843545600e+08 p16n=1.6777216000e+07 p16q_e2=2.0132659200e+08 p16n_e2=1.3212057600e+08 p32q=2.0325196800e+08 p32n=2.0325273600e+08 p64q=2.0325193688e+08 p64n=2.0325193688e+08 alpha_d=4.6532171930e-05 alpha_p32q=4.6532164805e-05 alpha_p32n=4.6531988981e-05 rz32q=9.4577539062e+03 rz32n=9.4577539062e+03 alpha_full_q=4.6532163990e-05 alpha_full_n=4.6531988166e-05
  residual=1.021e+02
iter=42 pAp_d=-2.2378414483e+07 p8q=-6.4000000000e+01 p8n=-6.4000000000e+01 p8q_e2=-1.6777216000e+07 p8n_e2=-1.0485760000e+06 p16q=-1.6777216000e+07 p16n=-4.1943040000e+06 p16q_e2=-2.2544384000e+07 p16n_e2=-1.7825792000e+07 p32q=-2.2378416000e+07 p32n=-2.2378440000e+07 p64q=-2.2378414483e+07 p64n=-2.2378414483e+07 alpha_d=-2.6863490435e-04 alpha_p32q=-2.6863488613e-04 alpha_p32n=-2.6863459803e-04 rz32q=6.0116232910e+03 rz32n=6.0116223145e+03 alpha_full_q=-2.6863488868e-04 alpha_full_n=-2.6863455694e-04
  residual=4.945e+02
iter=43 pAp_d=1.1858312471e+10 p8q=-6.4000000000e+01 p8n=-6.4000000000e+01 p8q_e2=1.6777216000e+07 p8n_e2=-1.6777216000e+07 p16q=2.6843545600e+08 p16n=-2.6843545600e+08 p16q_e2=1.1811160064e+10 p16n_e2=5.3687091200e+09 p32q=1.1858313216e+10 p32n=1.1858214912e+10 p64q=1.1858312471e+10 p64n=1.1858312471e+10 alpha_d=1.1116808279e-05 alpha_p32q=1.1116807580e-05 alpha_p32n=1.1116899738e-05 rz32q=1.3182659375e+05 rz32n=1.3182643750e+05 alpha_full_q=1.1116808213e-05 alpha_full_n=1.1116887194e-05
  residual=8.996e+01
iter=44 pAp_d=3.0329922280e+07 p8q=-6.4000000000e+01 p8n=6.4000000000e+01 p8q_e2=1.6777216000e+07 p8n_e2=1.0485760000e+06 p16q=3.3554432000e+07 p16n=3.1457280000e+06 p16q_e2=3.0408704000e+07 p16n_e2=1.9922944000e+07 p32q=3.0329920000e+07 p32n=3.0330024000e+07 p64q=3.0329922280e+07 p64n=3.0329922280e+07 alpha_d=1.5473407852e-04 alpha_p32q=1.5473409015e-04 alpha_p32n=1.5473355957e-04 rz32q=4.6930725098e+03 rz32n=4.6930720215e+03 alpha_full_q=1.5473408798e-04 alpha_full_n=1.5473354131e-04
  residual=2.549e+02
iter=45 pAp_d=-1.2325575511e+09 p8q=-6.4000000000e+01 p8n=6.4000000000e+01 p8q_e2=-1.6777216000e+07 p8n_e2=-1.6777216000e+07 p16q=-2.6843545600e+08 p16n=-6.7108864000e+07 p16q_e2=-1.2079595520e+09 p16n_e2=-8.0530636800e+08 p32q=-1.2325570560e+09 p32n=-1.2325662720e+09 p64q=-1.2325575511e+09 p64n=-1.2325575511e+09 alpha_d=-2.7331566058e-05 alpha_p32q=-2.7331577037e-05 alpha_p32n=-2.7331372677e-05 rz32q=3.3687728516e+04 rz32n=3.3687714844e+04 alpha_full_q=-2.7331577351e-05 alpha_full_n=-2.7331361898e-05
  residual=1.125e+02
iter=46 pAp_d=1.1652153747e+08 p8q=6.4000000000e+01 p8n=0.0000000000e+00 p8q_e2=1.6777216000e+07 p8n_e2=1.0485760000e+06 p16q=6.7108864000e+07 p16n=8.3886080000e+06 p16q_e2=1.1744051200e+08 p16n_e2=7.7594624000e+07 p32q=1.1652153600e+08 p32n=1.1652185600e+08 p64q=1.1652153747e+08 p64n=1.1652153747e+08 alpha_d=6.0469538704e-05 alpha_p32q=6.0469539465e-05 alpha_p32n=6.0469373399e-05 rz32q=7.0460036621e+03 rz32n=7.0460024414e+03 alpha_full_q=6.0469539829e-05 alpha_full_n=6.0469363288e-05
  residual=1.107e+02
iter=47 pAp_d=-5.3146006293e+07 p8q=-6.4000000000e+01 p8n=6.4000000000e+01 p8q_e2=-1.6777216000e+07 p8n_e2=-1.0485760000e+06 p16q=-6.7108864000e+07 p16n=-8.3886080000e+06 p16q_e2=-5.3477376000e+07 p16n_e2=-4.1943040000e+07 p32q=-5.3146000000e+07 p32n=-5.3145952000e+07 p64q=-5.3146006293e+07 p64n=-5.3146006293e+07 alpha_d=-1.2409339593e-04 alpha_p32q=-1.2409341062e-04 alpha_p32n=-1.2409352270e-04 rz32q=6.5950683594e+03 rz32n=6.5950698242e+03 alpha_full_q=-1.2409340984e-04 alpha_full_n=-1.2409354948e-04
  residual=2.168e+02
iter=48 pAp_d=9.7599185162e+08 p8q=6.4000000000e+01 p8n=-6.4000000000e+01 p8q_e2=1.6777216000e+07 p8n_e2=-2.6214400000e+05 p16q=2.6843545600e+08 p16n=6.7108864000e+07 p16q_e2=9.7307852800e+08 p16n_e2=5.0331648000e+08 p32q=9.7599180800e+08 p32n=9.7599232000e+08 p64q=9.7599185162e+08 p64n=9.7599185162e+08 alpha_d=2.5602175457e-05 alpha_p32q=2.5602176602e-05 alpha_p32n=2.5602163171e-05 rz32q=2.4987514648e+04 rz32n=2.4987499023e+04 alpha_full_q=2.5602176620e-05 alpha_full_n=2.5602147180e-05
  residual=9.246e+01
iter=49 pAp_d=9.8871623100e+06 p8q=-6.4000000000e+01 p8n=6.4000000000e+01 p8q_e2=1.6777216000e+07 p8n_e2=-1.0485760000e+06 p16q=8.3886080000e+06 p16n=-3.9321600000e+05 p16q_e2=9.8304000000e+06 p16n_e2=1.0354688000e+07 p32q=9.8871620000e+06 p32n=9.8871480000e+06 p64q=9.8871623100e+06 p64n=9.8871623100e+06 alpha_d=5.0104541375e-04 alpha_p32q=5.0104542946e-04 alpha_p32n=5.0104613893e-04 rz32q=4.9539172363e+03 rz32n=4.9539165039e+03 alpha_full_q=5.0104541994e-04 alpha_full_n=5.0104605533e-04
  residual=8.412e+02
iter=50 pAp_d=-5.0468248374e+10 p8q=6.4000000000e+01 p8n=3.2000000000e+01 p8q_e2=-1.6777216000e+07 p8n_e2=0.0000000000e+00 p16q=-2.6843545600e+08 p16n=2.6843545600e+08 p16q_e2=-5.1539607552e+10 p16n_e2=-3.4359738368e+10 p32q=-5.0468225024e+10 p32n=-5.0471895040e+10 p64q=-5.0468248374e+10 p64n=-5.0468248374e+10 alpha_d=-7.2949001237e-06 alpha_p32q=-7.2949034987e-06 alpha_p32n=-7.2943730567e-06 rz32q=3.6816084375e+05 rz32n=3.6816096875e+05 alpha_full_q=-7.2949037454e-06 alpha_full_n=-7.2943757800e-06
  residual=1.036e+02
iter=51 pAp_d=7.2503887922e+07 p8q=6.4000000000e+01 p8n=0.0000000000e+00 p8q_e2=1.6777216000e+07 p8n_e2=0.0000000000e+00 p16q=6.7108864000e+07 p16n=8.3886080000e+06 p16q_e2=7.3400320000e+07 p16n_e2=5.1380224000e+07 p32q=7.2503872000e+07 p32n=7.2504320000e+07 p64q=7.2503887922e+07 p64n=7.2503887922e+07 alpha_d=8.6934420275e-05 alpha_p32q=8.6934439366e-05 alpha_p32n=8.6933902203e-05 rz32q=6.3030834961e+03 rz32n=6.3030815430e+03 alpha_full_q=8.6934439806e-05 alpha_full_n=8.6933875705e-05
  residual=1.566e+02
iter=52 pAp_d=-1.9732974511e+08 p8q=-6.4000000000e+01 p8n=0.0000000000e+00 p8q_e2=-1.6777216000e+07 p8n_e2=-1.6777216000e+07 p16q=-2.6843545600e+08 p16n=-1.6777216000e+07 p16q_e2=-1.9713228800e+08 p16n_e2=-1.5099494400e+08 p32q=-1.9732972800e+08 p32n=-1.9733024000e+08 p64q=-1.9732974511e+08 p64n=-1.9732974511e+08 alpha_d=-6.5072468462e-05 alpha_p32q=-6.5072474103e-05 alpha_p32n=-6.5072305264e-05 rz32q=1.2840733398e+04 rz32n=1.2840728516e+04 alpha_full_q=-6.5072473005e-05 alpha_full_n=-6.5072279422e-05
  residual=1.695e+02
iter=53 pAp_d=4.0497526505e+08 p8q=6.4000000000e+01 p8n=6.4000000000e+01 p8q_e2=1.6777216000e+07 p8n_e2=1.6777216000e+07 p16q=2.6843545600e+08 p16n=3.1457280000e+06 p16q_e2=4.0265318400e+08 p16n_e2=2.6424115200e+08 p32q=4.0497536000e+08 p32n=4.0497331200e+08 p64q=4.0497526505e+08 p64n=4.0497526505e+08 alpha_d=3.7706060555e-05 alpha_p32q=3.7706051715e-05 alpha_p32n=3.7706242399e-05 rz32q=1.5270021973e+04 rz32n=1.5270015137e+04 alpha_full_q=3.7706051975e-05 alpha_full_n=3.7706225779e-05
  residual=9.947e+01
iter=54 pAp_d=-1.7416931085e+06 p8q=-6.4000000000e+01 p8n=-6.4000000000e+01 p8q_e2=-6.5536000000e+04 p8n_e2=-1.0485760000e+06 p16q=-1.8350080000e+06 p16n=-4.1943040000e+06 p16q_e2=-1.7367040000e+06 p16n_e2=-2.3592960000e+06 p32q=-1.7416930000e+06 p32n=-1.7417400000e+06 p64q=-1.7416931085e+06 p64n=-1.7416931085e+06 alpha_d=-3.1258418083e-03 alpha_p32q=-3.1258420030e-03 alpha_p32n=-3.1257576537e-03 rz32q=5.4442570801e+03 rz32n=5.4442546387e+03 alpha_full_q=-3.1258419710e-03 alpha_full_n=-3.1257562200e-03
  residual=5.470e+03
iter=55 pAp_d=1.2460208084e+13 p8q=-6.4000000000e+01 p8n=-6.4000000000e+01 p8q_e2=1.6777216000e+07 p8n_e2=-1.6777216000e+07 p16q=2.6843545600e+08 p16n=-2.6843545600e+08 p16q_e2=1.3194139533e+13 p16n_e2=-1.7592186044e+13 p32q=1.2460236997e+13 p32n=1.2453391892e+13 p64q=1.2460208084e+13 p64n=1.2460208084e+13 alpha_d=1.1633585037e-06 alpha_p32q=1.1633558042e-06 alpha_p32n=1.1639952518e-06 rz32q=1.4495690000e+07 rz32n=1.4495660000e+07 alpha_full_q=1.1633558819e-06 alpha_full_n=1.1639929206e-06
  residual=1.027e+02
iter=56 pAp_d=8.7374953015e+07 p8q=6.4000000000e+01 p8n=0.0000000000e+00 p8q_e2=1.6777216000e+07 p8n_e2=1.0485760000e+06 p16q=6.7108864000e+07 p16n=8.3886080000e+06 p16q_e2=8.8080384000e+07 p16n_e2=6.6060288000e+07 p32q=8.7374944000e+07 p32n=8.7374880000e+07 p64q=8.7374953015e+07 p64n=8.7374953015e+07 alpha_d=6.9759891179e-05 alpha_p32q=6.9759898376e-05 alpha_p32n=6.9759949474e-05 rz32q=6.0952673340e+03 rz32n=6.0952629395e+03 alpha_full_q=6.9759899749e-05 alpha_full_n=6.9759900551e-05
  residual=1.696e+02
iter=57 pAp_d=-2.2195518718e+08 p8q=-6.4000000000e+01 p8n=-6.4000000000e+01 p8q_e2=-1.6777216000e+07 p8n_e2=-1.6777216000e+07 p16q=-2.6843545600e+08 p16n=-3.3554432000e+07 p16q_e2=-2.2229811200e+08 p16n_e2=-1.6357785600e+08 p32q=-2.2195520000e+08 p32n=-2.2195468800e+08 p64q=-2.2195518718e+08 p64n=-2.2195518718e+08 alpha_d=-6.6037556016e-05 alpha_p32q=-6.6037552202e-05 alpha_p32n=-6.6037704536e-05 rz32q=1.4657377930e+04 rz32n=1.4657374023e+04 alpha_full_q=-6.6037551405e-05 alpha_full_n=-6.6037686140e-05
  residual=2.354e+02
iter=58 pAp_d=1.5736360106e+09 p8q=6.4000000000e+01 p8n=-6.4000000000e+01 p8q_e2=1.6777216000e+07 p8n_e2=1.6777216000e+07 p16q=2.6843545600e+08 p16n=6.7108864000e+07 p16q_e2=1.5435038720e+09 p16n_e2=1.2079595520e+09 p32q=1.5736360960e+09 p32n=1.5736432640e+09 p64q=1.5736360106e+09 p64n=1.5736360106e+09 alpha_d=2.0093337790e-05 alpha_p32q=2.0093336700e-05 alpha_p32n=2.0093245174e-05 rz32q=3.1619599609e+04 rz32n=3.1619596680e+04 alpha_full_q=2.0093336502e-05 alpha_full_n=2.0093243115e-05
  residual=9.775e+01
iter=59 pAp_d=1.1689952115e+07 p8q=6.4000000000e+01 p8n=-6.4000000000e+01 p8q_e2=1.6777216000e+07 p8n_e2=-1.0485760000e+06 p16q=1.2582912000e+07 p16n=7.3728000000e+04 p16q_e2=1.1665408000e+07 p16n_e2=1.1272192000e+07 p32q=1.1689952000e+07 p32n=1.1689936000e+07 p64q=1.1689952115e+07 p64n=1.1689952115e+07 alpha_d=4.3628908910e-04 alpha_p32q=4.3628909338e-04 alpha_p32n=4.3628969053e-04 rz32q=5.1001984863e+03 rz32n=5.1001970215e+03 alpha_full_q=4.3628908710e-04 alpha_full_n=4.3628955894e-04
  residual=7.574e+02
iter=60 pAp_d=-3.1555463433e+10 p8q=-6.4000000000e+01 p8n=-6.4000000000e+01 p8q_e2=-1.6777216000e+07 p8n_e2=-1.6777216000e+07 p16q=-2.6843545600e+08 p16n=-2.6843545600e+08 p16q_e2=-3.2212254720e+10 p16n_e2=-1.4763950080e+09 p32q=-3.1555452928e+10 p32n=-3.1554011136e+10 p64q=-3.1555463433e+10 p64n=-3.1555463433e+10 alpha_d=-8.7231664496e-06 alpha_p32q=-8.7231693537e-06 alpha_p32n=-8.7235679400e-06 rz32q=2.7526356250e+05 rz32n=2.7526350000e+05 alpha_full_q=-8.7231694353e-06 alpha_full_n=-8.7235660409e-06
  residual=1.059e+02
iter=61 pAp_d=7.1327562508e+07 p8q=6.4000000000e+01 p8n=6.4000000000e+01 p8q_e2=1.6777216000e+07 p8n_e2=6.5536000000e+04 p16q=6.7108864000e+07 p16n=8.3886080000e+06 p16q_e2=7.1303168000e+07 p16n_e2=5.2428800000e+07 p32q=7.1327552000e+07 p32n=7.1327680000e+07 p64q=7.1327562508e+07 p64n=7.1327562508e+07 alpha_d=8.7353384198e-05 alpha_p32q=8.7353397068e-05 alpha_p32n=8.7353240309e-05 rz32q=6.2307038574e+03 rz32n=6.2307023926e+03 alpha_full_q=8.7353395465e-05 alpha_full_n=8.7353218170e-05
  residual=1.674e+02
iter=62 pAp_d=-2.1201416345e+08 p8q=-6.4000000000e+01 p8n=-6.4000000000e+01 p8q_e2=-1.6777216000e+07 p8n_e2=-1.6777216000e+07 p16q=-2.6843545600e+08 p16n=-1.6777216000e+07 p16q_e2=-2.1390950400e+08 p16n_e2=-1.8874368000e+08 p32q=-2.1201414400e+08 p32n=-2.1201363200e+08 p64q=-2.1201416345e+08 p64n=-2.1201416345e+08 alpha_d=-6.3285168058e-05 alpha_p32q=-6.3285173863e-05 alpha_p32n=-6.3285326693e-05 rz32q=1.3417352051e+04 rz32n=1.3417345215e+04 alpha_full_q=-6.3285174270e-05 alpha_full_n=-6.3285294857e-05
  residual=1.666e+02
iter=63 pAp_d=4.2740231583e+08 p8q=6.4000000000e+01 p8n=-6.4000000000e+01 p8q_e2=1.6777216000e+07 p8n_e2=-1.0485760000e+06 p16q=2.6843545600e+08 p16n=1.6777216000e+07 p16q_e2=4.1943040000e+08 p16n_e2=2.8521267200e+08 p32q=4.2740224000e+08 p32n=4.2740044800e+08 p64q=4.2740231583e+08 p64n=4.2740231583e+08 alpha_d=3.6184637262e-05 alpha_p32q=3.6184643682e-05 alpha_p32n=3.6184795396e-05 rz32q=1.5465397949e+04 rz32n=1.5465393066e+04 alpha_full_q=3.6184644117e-05 alpha_full_n=3.6184784407e-05
  residual=1.047e+02
iter=64 pAp_d=-1.6243188355e+07 p8q=-6.4000000000e+01 p8n=0.0000000000e+00 p8q_e2=-1.6777216000e+07 p8n_e2=-1.0485760000e+06 p16q=-1.6777216000e+07 p16n=-4.1943040000e+06 p16q_e2=-1.6252928000e+07 p16n_e2=-1.4942208000e+07 p32q=-1.6243188000e+07 p32n=-1.6243176000e+07 p64q=-1.6243188355e+07 p64n=-1.6243188355e+07 alpha_d=-3.5426924258e-04 alpha_p32q=-3.5426925032e-04 alpha_p32n=-3.5426951204e-04 rz32q=5.7544619141e+03 rz32n=5.7544604492e+03 alpha_full_q=-3.5426924284e-04 alpha_full_n=-3.5426941438e-04
  residual=6.088e+02
iter=65 pAp_d=1.6056421173e+10 p8q=-6.4000000000e+01 p8n=0.0000000000e+00 p8q_e2=1.6777216000e+07 p8n_e2=0.0000000000e+00 p16q=2.6843545600e+08 p16n=0.0000000000e+00 p16q_e2=1.6106127360e+10 p16n_e2=1.0737418240e+10 p32q=1.6056418304e+10 p32n=1.6056664064e+10 p64q=1.6056421173e+10 p64n=1.6056421173e+10 alpha_d=1.0789130114e-05 alpha_p32q=1.0789132042e-05 alpha_p32n=1.0788966906e-05 rz32q=1.7323481250e+05 rz32n=1.7323467188e+05 alpha_full_q=1.0789131749e-05 alpha_full_n=1.0788957855e-05
  residual=9.970e+01
iter=66 pAp_d=2.9348602688e+07 p8q=-6.4000000000e+01 p8n=0.0000000000e+00 p8q_e2=1.6777216000e+07 p8n_e2=1.0485760000e+06 p16q=3.3554432000e+07 p16n=1.8350080000e+06 p16q_e2=2.9360128000e+07 p16n_e2=2.2544384000e+07 p32q=2.9348600000e+07 p32n=2.9348672000e+07 p64q=2.9348602688e+07 p64n=2.9348602688e+07 alpha_d=1.7426775499e-04 alpha_p32q=1.7426777095e-04 alpha_p32n=1.7426734342e-04 rz32q=5.1145151367e+03 rz32n=5.1145156250e+03 alpha_full_q=1.7426777212e-04 alpha_full_n=1.7426736123e-04
  residual=2.875e+02
iter=67 pAp_d=-1.3125503359e+09 p8q=-6.4000000000e+01 p8n=0.0000000000e+00 p8q_e2=-1.6777216000e+07 p8n_e2=-1.6777216000e+07 p16q=-2.6843545600e+08 p16n=-6.7108864000e+07 p16q_e2=-1.3421772800e+09 p16n_e2=-5.7042534400e+08 p32q=-1.3125498880e+09 p32n=-1.3125632000e+09 p64q=-1.3125503359e+09 p64n=-1.3125503359e+09 alpha_d=-2.8614852309e-05 alpha_p32q=-2.8614862074e-05 alpha_p32n=-2.8614571862e-05 rz32q=3.7558433594e+04 rz32n=3.7558416016e+04 alpha_full_q=-2.8614861757e-05 alpha_full_n=-2.8614558153e-05
  residual=1.228e+02
iter=68 pAp_d=1.1494012263e+08 p8q=6.4000000000e+01 p8n=0.0000000000e+00 p8q_e2=1.6777216000e+07 p8n_e2=1.0485760000e+06 p16q=6.7108864000e+07 p16n=8.3886080000e+06 p16q_e2=1.1534336000e+08 p16n_e2=8.8080384000e+07 p32q=1.1494012800e+08 p32n=1.1493948800e+08 p64q=1.1494012263e+08 p64n=1.1494012263e+08 alpha_d=6.7498491733e-05 alpha_p32q=6.7498488577e-05 alpha_p32n=6.7498864419e-05 rz32q=7.7582849121e+03 rz32n=7.7582797852e+03 alpha_full_q=6.7498488536e-05 alpha_full_n=6.7498819772e-05
  residual=1.328e+02
iter=69 pAp_d=-6.9395616920e+07 p8q=-6.4000000000e+01 p8n=6.4000000000e+01 p8q_e2=-1.6777216000e+07 p8n_e2=-1.0485760000e+06 p16q=-6.7108864000e+07 p16n=-8.3886080000e+06 p16q_e2=-6.9206016000e+07 p16n_e2=-6.6060288000e+07 p32q=-6.9395616000e+07 p32n=-6.9395392000e+07 p64q=-6.9395616920e+07 p64n=-6.9395616920e+07 alpha_d=-1.1821281832e-04 alpha_p32q=-1.1821281989e-04 alpha_p32n=-1.1821320147e-04 rz32q=8.2034516602e+03 rz32n=8.2034462891e+03 alpha_full_q=-1.1821282284e-04 alpha_full_n=-1.1821312702e-04
  residual=2.439e+02
iter=70 pAp_d=1.2553337472e+09 p8q=6.4000000000e+01 p8n=6.4000000000e+01 p8q_e2=1.6777216000e+07 p8n_e2=-1.6777216000e+07 p16q=2.6843545600e+08 p16n=6.7108864000e+07 p16q_e2=1.2750684160e+09 p16n_e2=1.0737418240e+09 p32q=1.2553338880e+09 p32n=1.2553328640e+09 p64q=1.2553337472e+09 p64n=1.2553337472e+09 alpha_d=2.3657092877e-05 alpha_p32q=2.3657090224e-05 alpha_p32n=2.3657109521e-05 rz32q=2.9697546875e+04 rz32n=2.9697527344e+04 alpha_full_q=2.3657090085e-05 alpha_full_n=2.3657093824e-05
  residual=1.103e+02
iter=71 pAp_d=7.4484052250e+07 p8q=6.4000000000e+01 p8n=6.4000000000e+01 p8q_e2=1.6777216000e+07 p8n_e2=-1.0485760000e+06 p16q=6.7108864000e+07 p16n=1.6777216000e+07 p16q_e2=7.5497472000e+07 p16n_e2=6.9206016000e+07 p32q=7.4484064000e+07 p32n=7.4484032000e+07 p64q=7.4484052250e+07 p64n=7.4484052250e+07 alpha_d=9.3336668639e-05 alpha_p32q=9.3336653914e-05 alpha_p32n=9.3336694014e-05 rz32q=6.9520932617e+03 rz32n=6.9520893555e+03 alpha_full_q=9.3336653351e-05 alpha_full_n=9.3336641006e-05
  residual=2.520e+02
iter=72 pAp_d=-9.6905489230e+08 p8q=-6.4000000000e+01 p8n=6.4000000000e+01 p8q_e2=-1.6777216000e+07 p8n_e2=-1.6777216000e+07 p16q=-2.6843545600e+08 p16n=-6.7108864000e+07 p16q_e2=-9.7307852800e+08 p16n_e2=-5.2009369600e+08 p32q=-9.6905472000e+08 p32n=-9.6905164800e+08 p64q=-9.6905489230e+08 p64n=-9.6905489230e+08 alpha_d=-3.1798159543e-05 alpha_p32q=-3.1798165197e-05 alpha_p32n=-3.1798266001e-05 rz32q=3.0814162109e+04 rz32n=3.0814153320e+04 alpha_full_q=-3.1798165236e-05 alpha_full_n=-3.1798256970e-05
  residual=1.411e+02
iter=73 pAp_d=1.9064457156e+08 p8q=6.4000000000e+01 p8n=0.0000000000e+00 p8q_e2=1.6777216000e+07 p8n_e2=1.6777216000e+07 p16q=2.6843545600e+08 p16n=1.6777216000e+07 p16q_e2=1.8874368000e+08 p16n_e2=1.3421772800e+08 p32q=1.9064454400e+08 p32n=1.9064499200e+08 p64q=1.9064457156e+08 p64n=1.9064457156e+08 alpha_d=5.3347594214e-05 alpha_p32q=5.3347601927e-05 alpha_p32n=5.3347476564e-05 rz32q=1.0170429199e+04 rz32n=1.0170433594e+04 alpha_full_q=5.3347601698e-05 alpha_full_n=5.3347499386e-05
  residual=1.197e+02
iter=74 pAp_d=-4.6116394136e+07 p8q=-6.4000000000e+01 p8n=6.4000000000e+01 p8q_e2=-1.6777216000e+07 p8n_e2=-1.0485760000e+06 p16q=-3.3554432000e+07 p16n=-8.3886080000e+06 p16q_e2=-4.6137344000e+07 p16n_e2=-3.9845888000e+07 p32q=-4.6116400000e+07 p32n=-4.6116288000e+07 p64q=-4.6116394136e+07 p64n=-4.6116394136e+07 alpha_d=-1.4541131311e-04 alpha_p32q=-1.4541129462e-04 alpha_p32n=-1.4541164777e-04 rz32q=6.7058454590e+03 rz32n=6.7058471680e+03 alpha_full_q=-1.4541129531e-04 alpha_full_n=-1.4541168552e-04
  residual=2.545e+02
iter=75 pAp_d=1.1462735537e+09 p8q=6.4000000000e+01 p8n=-6.4000000000e+01 p8q_e2=1.6777216000e+07 p8n_e2=-2.6214400000e+05 p16q=2.6843545600e+08 p16n=6.7108864000e+07 p16q_e2=1.1408506880e+09 p16n_e2=6.7108864000e+08 p32q=1.1462737920e+09 p32n=1.1462737920e+09 p64q=1.1462735537e+09 p64n=1.1462735537e+09 alpha_d=2.6647085701e-05 alpha_p32q=2.6647080161e-05 alpha_p32n=2.6647080161e-05 rz32q=3.0544849609e+04 rz32n=3.0544854492e+04 alpha_full_q=2.6647080150e-05 alpha_full_n=2.6647084410e-05
  residual=1.046e+02
iter=76 pAp_d=2.3888491027e+06 p8q=-6.4000000000e+01 p8n=6.4000000000e+01 p8q_e2=1.0485760000e+06 p8n_e2=-1.0485760000e+06 p16q=2.6214400000e+06 p16n=-3.1457280000e+06 p16q_e2=2.3920640000e+06 p16n_e2=2.3592960000e+06 p32q=2.3888490000e+06 p32n=2.3888115000e+06 p64q=2.3888491027e+06 p64n=2.3888491027e+06 alpha_d=2.2333100024e-03 alpha_p32q=2.2333100985e-03 alpha_p32n=2.2333451574e-03 rz32q=5.3350405273e+03 rz32n=5.3350390625e+03 alpha_full_q=2.2333100700e-03 alpha_full_n=2.2333445157e-03
  residual=3.989e+03
iter=77 pAp_d=-4.0284416297e+12 p8q=6.4000000000e+01 p8n=6.4000000000e+01 p8q_e2=1.6777216000e+07 p8n_e2=1.6777216000e+07 p16q=-2.6843545600e+08 p16n=2.6843545600e+08 p16q_e2=-4.3980465111e+12 p16n_e2=-1.6492674417e+12 p32q=-4.0284444426e+12 p32n=-4.0262969590e+12 p64q=-4.0284416297e+12 p64n=-4.0284416297e+12 alpha_d=-1.7338122877e-06 alpha_p32q=-1.7338110770e-06 alpha_p32n=-1.7347358302e-06 rz32q=6.9845620000e+06 rz32n=6.9845420000e+06 alpha_full_q=-1.7338111769e-06 alpha_full_n=-1.7347309628e-06
  residual=1.121e+02
iter=78 pAp_d=8.2397630569e+07 p8q=6.4000000000e+01 p8n=-6.4000000000e+01 p8q_e2=1.6777216000e+07 p8n_e2=-3.2768000000e+04 p16q=6.7108864000e+07 p16n=8.3886080000e+06 p16q_e2=8.1788928000e+07 p16n_e2=8.3886080000e+07 p32q=8.2397632000e+07 p32n=8.2397312000e+07 p64q=8.2397630569e+07 p64n=8.2397630569e+07 alpha_d=7.9031173676e-05 alpha_p32q=7.9031172303e-05 alpha_p32n=7.9031479230e-05 rz32q=6.5119814453e+03 rz32n=6.5119833984e+03 alpha_full_q=7.9031172222e-05 alpha_full_n=7.9031502853e-05
  residual=1.719e+02
iter=79 pAp_d=-1.3585996332e+08 p8q=-6.4000000000e+01 p8n=-6.4000000000e+01 p8q_e2=-1.6777216000e+07 p8n_e2=-1.0485760000e+06 p16q=-2.6843545600e+08 p16n=-1.6777216000e+07 p16q_e2=-1.3421772800e+08 p16n_e2=-1.3421772800e+08 p32q=-1.3585996800e+08 p32n=-1.3586028800e+08 p64q=-1.3585996332e+08 p64n=-1.3585996332e+08 alpha_d=-1.0278204471e-04 alpha_p32q=-1.0278204117e-04 alpha_p32n=-1.0278179908e-04 rz32q=1.3963964844e+04 rz32n=1.3963957031e+04 alpha_full_q=-1.0278204131e-04 alpha_full_n=-1.0278174172e-04
  residual=3.701e+02
iter=80 pAp_d=4.5443080402e+09 p8q=6.4000000000e+01 p8n=-6.4000000000e+01 p8q_e2=1.6777216000e+07 p8n_e2=-1.6777216000e+07 p16q=2.6843545600e+08 p16n=2.6843545600e+08 p16q_e2=4.2949672960e+09 p16n_e2=4.2949672960e+09 p32q=4.5443072000e+09 p32n=4.5442908160e+09 p64q=4.5443080402e+09 p64n=4.5443080402e+09 alpha_d=1.4970278956e-05 alpha_p32q=1.4970281724e-05 alpha_p32n=1.4970335697e-05 rz32q=6.8029562500e+04 rz32n=6.8029546875e+04 alpha_full_q=1.4970282489e-05 alpha_full_n=1.4970333024e-05
  residual=1.050e+02
iter=81 pAp_d=2.3729051965e+07 p8q=6.4000000000e+01 p8n=6.4000000000e+01 p8q_e2=1.6777216000e+07 p8n_e2=1.0485760000e+06 p16q=1.6777216000e+07 p16n=3.2768000000e+05 p16q_e2=2.3592960000e+07 p16n_e2=1.9922944000e+07 p32q=2.3729056000e+07 p32n=2.3728856000e+07 p64q=2.3729051965e+07 p64n=2.3729051965e+07 alpha_d=2.3093085951e-04 alpha_p32q=2.3093082024e-04 alpha_p32n=2.3093276665e-04 rz32q=5.4797702637e+03 rz32n=5.4797692871e+03 alpha_full_q=2.3093081594e-04 alpha_full_n=2.3093272120e-04
  residual=4.147e+02
iter=82 pAp_d=-3.8808099451e+09 p8q=6.4000000000e+01 p8n=6.4000000000e+01 p8q_e2=-1.6777216000e+07 p8n_e2=1.6777216000e+07 p16q=-2.6843545600e+08 p16n=-2.6843545600e+08 p16q_e2=-3.8923141120e+09 p16n_e2=-3.3554432000e+09 p32q=-3.8808104960e+09 p32n=-3.8808186880e+09 p64q=-3.8808099451e+09 p64n=-3.8808099451e+09 alpha_d=-1.9235030317e-05 alpha_p32q=-1.9235027587e-05 alpha_p32n=-1.9234986983e-05 rz32q=7.4647500000e+04 rz32n=7.4647492188e+04 alpha_full_q=-1.9235028373e-05 alpha_full_n=-1.9234985757e-05
  residual=1.198e+02
iter=83 pAp_d=7.1047654177e+07 p8q=6.4000000000e+01 p8n=6.4000000000e+01 p8q_e2=1.6777216000e+07 p8n_e2=3.2768000000e+04 p16q=6.7108864000e+07 p16n=8.3886080000e+06 p16q_e2=7.1303168000e+07 p16n_e2=5.6623104000e+07 p32q=7.1047648000e+07 p32n=7.1047328000e+07 p64q=7.1047654177e+07 p64n=7.1047654177e+07 alpha_d=9.8415523288e-05 alpha_p32q=9.8415531844e-05 alpha_p32n=9.8415975111e-05 rz32q=6.9921921387e+03 rz32n=6.9921906738e+03 alpha_full_q=9.8415532892e-05 alpha_full_n=9.8415955542e-05
  residual=1.996e+02
iter=84 pAp_d=-4.2154210787e+08 p8q=-6.4000000000e+01 p8n=-6.4000000000e+01 p8q_e2=-1.6777216000e+07 p8n_e2=-1.6777216000e+07 p16q=-2.6843545600e+08 p16n=-6.7108864000e+07 p16q_e2=-4.1943040000e+08 p16n_e2=-3.3554432000e+08 p32q=-4.2154214400e+08 p32n=-4.2154137600e+08 p64q=-4.2154210787e+08 p64n=-4.2154210787e+08 alpha_d=-4.4827777594e-05 alpha_p32q=-4.4827773752e-05 alpha_p32n=-4.4827855423e-05 rz32q=1.8896795898e+04 rz32n=1.8896795898e+04 alpha_full_q=-4.4827773848e-05 alpha_full_n=-4.4827855519e-05
  residual=1.603e+02
iter=85 pAp_d=2.7568107199e+08 p8q=6.4000000000e+01 p8n=0.0000000000e+00 p8q_e2=1.6777216000e+07 p8n_e2=-1.6777216000e+07 p16q=2.6843545600e+08 p16n=1.6777216000e+07 p16q_e2=2.6843545600e+08 p16n_e2=2.2229811200e+08 p32q=2.7568102400e+08 p32n=2.7568230400e+08 p64q=2.7568107199e+08 p64n=2.7568107199e+08 alpha_d=4.7325364088e-05 alpha_p32q=4.7325372326e-05 alpha_p32n=4.7325152593e-05 rz32q=1.3046707031e+04 rz32n=1.3046705566e+04 alpha_full_q=4.7325372062e-05 alpha_full_n=4.7325147016e-05
  residual=1.519e+02
iter=86 pAp_d=-8.5007887794e+07 p8q=-6.4000000000e+01 p8n=-6.4000000000e+01 p8q_e2=-1.6777216000e+07 p8n_e2=-1.6777216000e+07 p16q=-6.7108864000e+07 p16n=-1.6777216000e+07 p16q_e2=-8.5983232000e+07 p16n_e2=-7.5497472000e+07 p32q=-8.5007904000e+07 p32n=-8.5007584000e+07 p64q=-8.5007887794e+07 p64n=-8.5007887794e+07 alpha_d=-1.4058308460e-04 alpha_p32q=-1.4058305780e-04 alpha_p32n=-1.4058358700e-04 rz32q=1.1950670898e+04 rz32n=1.1950666992e+04 alpha_full_q=-1.4058305565e-04 alpha_full_n=-1.4058353890e-04
  residual=5.048e+02
iter=87 pAp_d=9.8499016544e+09 p8q=-6.4000000000e+01 p8n=-6.4000000000e+01 p8q_e2=1.6777216000e+07 p8n_e2=-1.6777216000e+07 p16q=2.6843545600e+08 p16n=2.6843545600e+08 p16q_e2=9.6636764160e+09 p16n_e2=6.9793218560e+09 p32q=9.8498969600e+09 p32n=9.8500280320e+09 p64q=9.8499016544e+09 p64n=9.8499016544e+09 alpha_d=1.1872260997e-05 alpha_p32q=1.1872266655e-05 alpha_p32n=1.1872108673e-05 rz32q=1.1694060156e+05 rz32n=1.1694064062e+05 alpha_full_q=1.1872266485e-05 alpha_full_n=1.1872112470e-05
  residual=1.113e+02
iter=88 pAp_d=4.5645753967e+07 p8q=6.4000000000e+01 p8n=6.4000000000e+01 p8q_e2=1.6777216000e+07 p8n_e2=6.5536000000e+04 p16q=3.3554432000e+07 p16n=4.1943040000e+06 p16q_e2=4.6137344000e+07 p16n_e2=3.3554432000e+07 p32q=4.5645760000e+07 p32n=4.5645680000e+07 p64q=4.5645753967e+07 p64n=4.5645753967e+07 alpha_d=1.4760092574e-04 alpha_p32q=1.4760090623e-04 alpha_p32n=1.4760116492e-04 rz32q=6.7373554688e+03 rz32n=6.7373540039e+03 alpha_full_q=1.4760090463e-04 alpha_full_n=1.4760113123e-04
  residual=3.286e+02
iter=89 pAp_d=-1.5630036425e+09 p8q=-6.4000000000e+01 p8n=6.4000000000e+01 p8q_e2=-1.6777216000e+07 p8n_e2=1.6777216000e+07 p16q=-2.6843545600e+08 p16n=-6.7108864000e+07 p16q_e2=-1.5435038720e+09 p16n_e2=-9.0596966400e+08 p32q=-1.5630039040e+09 p32n=-1.5630131200e+09 p64q=-1.5630036425e+09 p64n=-1.5630036425e+09 alpha_d=-2.8022196528e-05 alpha_p32q=-2.8022191839e-05 alpha_p32n=-2.8022026611e-05 rz32q=4.3798794922e+04 rz32n=4.3798789062e+04 alpha_full_q=-2.8022191634e-05 alpha_full_n=-2.8022022657e-05
  residual=1.338e+02
iter=90 pAp_d=1.2317237312e+08 p8q=6.4000000000e+01 p8n=6.4000000000e+01 p8q_e2=1.6777216000e+07 p8n_e2=-1.0485760000e+06 p16q=6.7108864000e+07 p16n=8.3886080000e+06 p16q_e2=1.2373196800e+08 p16n_e2=8.1788928000e+07 p32q=1.2317238400e+08 p32n=1.2317225600e+08 p64q=1.2317237312e+08 p64n=1.2317237312e+08 alpha_d=6.8087498160e-05 alpha_p32q=6.8087492145e-05 alpha_p32n=6.8087562901e-05 rz32q=8.3864985352e+03 rz32n=8.3864975586e+03 alpha_full_q=6.8087490579e-05 alpha_full_n=6.8087553406e-05
  residual=1.526e+02
iter=91 pAp_d=-9.2307131468e+07 p8q=-6.4000000000e+01 p8n=6.4000000000e+01 p8q_e2=-1.6777216000e+07 p8n_e2=-1.0485760000e+06 p16q=-6.7108864000e+07 p16n=-1.6777216000e+07 p16q_e2=-9.2274688000e+07 p16n_e2=-8.1788928000e+07 p32q=-9.2307136000e+07 p32n=-9.2306912000e+07 p64q=-9.2307131468e+07 p64n=-9.2307131468e+07 alpha_d=-1.1166449570e-04 alpha_p32q=-1.1166449022e-04 alpha_p32n=-1.1166476119e-04 rz32q=1.0307429199e+04 rz32n=1.0307424805e+04 alpha_full_q=-1.1166448929e-04 alpha_full_n=-1.1166471266e-04
  residual=2.807e+02
iter=92 pAp_d=1.5036651450e+09 p8q=6.4000000000e+01 p8n=0.0000000000e+00 p8q_e2=1.6777216000e+07 p8n_e2=1.6777216000e+07 p16q=2.6843545600e+08 p16n=1.6777216000e+07 p16q_e2=1.4763950080e+09 p16n_e2=9.7307852800e+08 p32q=1.5036651520e+09 p32n=1.5036764160e+09 p64q=1.5036651450e+09 p64n=1.5036651450e+09 alpha_d=2.3550813789e-05 alpha_p32q=2.3550813680e-05 alpha_p32n=2.3550637261e-05 rz32q=3.5412537109e+04 rz32n=3.5412517578e+04 alpha_full_q=2.3550813200e-05 alpha_full_n=2.3550623792e-05
  residual=1.146e+02
iter=93 pAp_d=5.0530793724e+07 p8q=6.4000000000e+01 p8n=6.4000000000e+01 p8q_e2=1.6777216000e+07 p8n_e2=1.6777216000e+07 p16q=6.7108864000e+07 p16n=1.6777216000e+07 p16q_e2=5.0331648000e+07 p16n_e2=4.5088768000e+07 p32q=5.0530800000e+07 p32n=5.0531200000e+07 p64q=5.0530793724e+07 p64n=5.0530793724e+07 alpha_d=1.4653391168e-04 alpha_p32q=1.4653389348e-04 alpha_p32n=1.4653273353e-04 rz32q=7.4044748535e+03 rz32n=7.4044758301e+03 alpha_full_q=1.4653389326e-04 alpha_full_n=1.4653275264e-04
  residual=3.799e+02
iter=94 pAp_d=-3.0910438543e+09 p8q=-6.4000000000e+01 p8n=0.0000000000e+00 p8q_e2=-1.6777216000e+07 p8n_e2=0.0000000000e+00 p16q=-2.6843545600e+08 p16n=-2.6843545600e+08 p16q_e2=-3.0870077440e+09 p16n_e2=-2.1474836480e+09 p32q=-3.0910443520e+09 p32n=-3.0910545920e+09 p64q=-3.0910438543e+09 p64n=-3.0910438543e+09 alpha_d=-2.1422459887e-05 alpha_p32q=-2.1422456438e-05 alpha_p32n=-2.1422385470e-05 rz32q=6.6217765625e+04 rz32n=6.6217757812e+04 alpha_full_q=-2.1422457294e-05 alpha_full_n=-2.1422383799e-05
  residual=1.516e+02
iter=95 pAp_d=2.0561417295e+08 p8q=6.4000000000e+01 p8n=0.0000000000e+00 p8q_e2=1.6777216000e+07 p8n_e2=1.6777216000e+07 p16q=2.6843545600e+08 p16n=1.6777216000e+07 p16q_e2=2.0552089600e+08 p16n_e2=1.5518924800e+08 p32q=2.0561414400e+08 p32n=2.0561523200e+08 p64q=2.0561417295e+08 p64n=2.0561417295e+08 alpha_d=5.3611080408e-05 alpha_p32q=5.3611087957e-05 alpha_p32n=5.3610804277e-05 rz32q=1.1023197754e+04 rz32n=1.1023201660e+04 alpha_full_q=5.3611086959e-05 alpha_full_n=5.3610822277e-05
  residual=1.373e+02
iter=96 pAp_d=-5.7475452345e+07 p8q=-6.4000000000e+01 p8n=6.4000000000e+01 p8q_e2=-1.6777216000e+07 p8n_e2=-1.0485760000e+06 p16q=-6.7108864000e+07 p16n=-8.3886080000e+06 p16q_e2=-5.7671680000e+07 p16n_e2=-5.3477376000e+07 p32q=-5.7475456000e+07 p32n=-5.7475568000e+07 p64q=-5.7475452345e+07 p64n=-5.7475452345e+07 alpha_d=-1.4941966773e-04 alpha_p32q=-1.4941965823e-04 alpha_p32n=-1.4941936706e-04 rz32q=8.5879628906e+03 rz32n=8.5879628906e+03 alpha_full_q=-1.4941965646e-04 alpha_full_n=-1.4941936530e-04
  residual=3.343e+02
iter=97 pAp_d=1.8566810666e+09 p8q=-6.4000000000e+01 p8n=6.4000000000e+01 p8q_e2=1.6777216000e+07 p8n_e2=1.6777216000e+07 p16q=2.6843545600e+08 p16n=3.3554432000e+07 p16q_e2=1.8790481920e+09 p16n_e2=1.3421772800e+09 p32q=1.8566809600e+09 p32n=1.8566912000e+09 p64q=1.8566810666e+09 p64n=1.8566810666e+09 alpha_d=2.4010251532e-05 alpha_p32q=2.4010252910e-05 alpha_p32n=2.4010120489e-05 rz32q=4.4579378906e+04 rz32n=4.4579365234e+04 alpha_full_q=2.4010252632e-05 alpha_full_n=2.4010112847e-05
  residual=1.067e+02
iter=98 pAp_d=9.3898615454e+06 p8q=6.4000000000e+01 p8n=-6.4000000000e+01 p8q_e2=1.6777216000e+07 p8n_e2=-2.6214400000e+05 p16q=8.3886080000e+06 p16n=-3.1457280000e+06 p16q_e2=9.4371840000e+06 p16n_e2=9.3061120000e+06 p32q=9.3898620000e+06 p32n=9.3898660000e+06 p64q=9.3898615454e+06 p64n=9.3898615454e+06 alpha_d=5.9545492165e-04 alpha_p32q=5.9545489282e-04 alpha_p32n=5.9545463916e-04 rz32q=5.5912392578e+03 rz32n=5.5912375488e+03 alpha_full_q=5.9545489144e-04 alpha_full_n=5.9545445577e-04
  residual=1.066e+03
iter=99 pAp_d=-5.6078909140e+10 p8q=-6.4000000000e+01 p8n=-6.4000000000e+01 p8q_e2=-1.6777216000e+07 p8n_e2=-1.6777216000e+07 p16q=-2.6843545600e+08 p16n=-2.6843545600e+08 p16q_e2=-5.5834574848e+10 p16n_e2=-3.4359738368e+10 p32q=-5.6078893056e+10 p32n=-5.6070504448e+10 p64q=-5.6078909140e+10 p64n=-5.6078909140e+10 alpha_d=-7.9007194276e-06 alpha_p32q=-7.9007216936e-06 alpha_p32n=-7.9019037065e-06 rz32q=4.4306371875e+05 rz32n=4.4306331250e+05 alpha_full_q=-7.9007215479e-06 alpha_full_n=-7.9018963154e-06
  residual=1.178e+02
iter=100 pAp_d=7.6022360634e+07 p8q=6.4000000000e+01 p8n=6.4000000000e+01 p8q_e2=1.6777216000e+07 p8n_e2=2.6214400000e+05 p16q=6.7108864000e+07 p16n=6.2914560000e+06 p16q_e2=7.5497472000e+07 p16n_e2=5.2428800000e+07 p32q=7.6022368000e+07 p32n=7.6022560000e+07 p64q=7.6022360634e+07 p64n=7.6022360634e+07 alpha_d=8.9149849203e-05 alpha_p32q=8.9149840565e-05 alpha_p32n=8.9149615411e-05 rz32q=6.7773820801e+03 rz32n=6.7773803711e+03 alpha_full_q=8.9149841795e-05 alpha_full_n=8.9149594161e-05
  residual=1.827e+02
iter=101 pAp_d=-1.6803559044e+08 p8q=-6.4000000000e+01 p8n=6.4000000000e+01 p8q_e2=-1.6777216000e+07 p8n_e2=-1.6777216000e+07 p16q=-2.6843545600e+08 p16n=-1.6777216000e+07 p16q_e2=-1.6777216000e+08 p16n_e2=-1.5518924800e+08 p32q=-1.6803558400e+08 p32n=-1.6803577600e+08 p64q=-1.6803559044e+08 p64n=-1.6803559044e+08 alpha_d=-7.8555537562e-05 alpha_p32q=-7.8555540574e-05 alpha_p32n=-7.8555450815e-05 rz32q=1.3200125977e+04 rz32n=1.3200117676e+04 alpha_full_q=-7.8555539620e-05 alpha_full_n=-7.8555400463e-05
  residual=2.110e+02
iter=102 pAp_d=5.4409151790e+08 p8q=6.4000000000e+01 p8n=-6.4000000000e+01 p8q_e2=1.6777216000e+07 p8n_e2=-6.5536000000e+04 p16q=2.6843545600e+08 p16n=8.3886080000e+06 p16q_e2=5.3687091200e+08 p16n_e2=3.6909875200e+08 p32q=5.4409164800e+08 p32n=5.4409676800e+08 p64q=5.4409151790e+08 p64n=5.4409151790e+08 alpha_d=3.5679602264e-05 alpha_p32q=3.5679593733e-05 alpha_p32n=3.5679257985e-05 rz32q=1.9412968750e+04 rz32n=1.9412966797e+04 alpha_full_q=3.5679593358e-05 alpha_full_n=3.5679254020e-05
  residual=1.225e+02
iter=103 pAp_d=2.5538855603e+07 p8q=6.4000000000e+01 p8n=-6.4000000000e+01 p8q_e2=1.6777216000e+07 p8n_e2=-1.0485760000e+06 p16q=3.3554432000e+07 p16n=8.3886080000e+06 p16q_e2=2.5690112000e+07 p16n_e2=2.6214400000e+07 p32q=2.5538856000e+07 p32n=2.5538880000e+07 p64q=2.5538855603e+07 p64n=2.5538855603e+07 alpha_d=2.9245858337e-04 alpha_p32q=2.9245857883e-04 alpha_p32n=2.9245830399e-04 rz32q=7.4690576172e+03 rz32n=7.4690524902e+03 alpha_full_q=2.9245858222e-04 alpha_full_n=2.9245810663e-04
  residual=8.200e+02
iter=104 pAp_d=-3.4244512897e+10 p8q=-6.4000000000e+01 p8n=-3.2000000000e+01 p8q_e2=-1.6777216000e+07 p8n_e2=-1.6777216000e+07 p16q=-2.6843545600e+08 p16n=-2.6843545600e+08 p16q_e2=-3.4359738368e+10 p16n_e2=-2.6843545600e+09 p32q=-3.4244526080e+10 p32n=-3.4244558848e+10 p64q=-3.4244512897e+10 p64n=-3.4244512897e+10 alpha_d=-8.7297656085e-06 alpha_p32q=-8.7297622478e-06 alpha_p32n=-8.7297538945e-06 rz32q=2.9894656250e+05 rz32n=2.9894631250e+05 alpha_full_q=-8.7297620005e-06 alpha_full_n=-8.7297463468e-06
  residual=1.572e+02
iter=105 pAp_d=2.4755705329e+08 p8q=-6.4000000000e+01 p8n=6.4000000000e+01 p8q_e2=1.6777216000e+07 p8n_e2=2.6214400000e+05 p16q=2.6843545600e+08 p16n=1.6777216000e+07 p16q_e2=2.4746393600e+08 p16n_e2=1.8454937600e+08 p32q=2.4755705600e+08 p32n=2.4755648000e+08 p64q=2.4755705329e+08 p64n=2.4755705329e+08 alpha_d=4.7791479647e-05 alpha_p32q=4.7791479125e-05 alpha_p32n=4.7791590323e-05 rz32q=1.1831117676e+04 rz32n=1.1831115234e+04 alpha_full_q=4.7791478324e-05 alpha_full_n=4.7791579660e-05
  residual=1.378e+02
iter=106 pAp_d=-5.8557943215e+07 p8q=-6.4000000000e+01 p8n=6.4000000000e+01 p8q_e2=-1.6777216000e+07 p8n_e2=1.6384000000e+04 p16q=-6.7108864000e+07 p16n=-8.3886080000e+06 p16q_e2=-5.8720256000e+07 p16n_e2=-5.4525952000e+07 p32q=-5.8557936000e+07 p32n=-5.8557776000e+07 p64q=-5.8557943215e+07 p64n=-5.8557943215e+07 alpha_d=-1.3992817192e-04 alpha_p32q=-1.3992818916e-04 alpha_p32n=-1.3992857149e-04 rz32q=8.1939057617e+03 rz32n=8.1939023438e+03 alpha_full_q=-1.3992818602e-04 alpha_full_n=-1.3992850999e-04
  residual=3.102e+02
iter=107 pAp_d=1.7976031172e+09 p8q=-6.4000000000e+01 p8n=0.0000000000e+00 p8q_e2=1.6777216000e+07 p8n_e2=-2.6214400000e+05 p16q=2.6843545600e+08 p16n=3.3554432000e+07 p16q_e2=1.8119393280e+09 p16n_e2=1.0066329600e+09 p32q=1.7976033280e+09 p32n=1.7975838720e+09 p64q=1.7976031172e+09 p64n=1.7976031172e+09 alpha_d=2.2950353070e-05 alpha_p32q=2.2950350379e-05 alpha_p32n=2.2950598780e-05 rz32q=4.1255626953e+04 rz32n=4.1255636719e+04 alpha_full_q=2.2950350787e-05 alpha_full_n=2.2950604621e-05
  residual=1.084e+02
iter=108 pAp_d=1.3097531018e+07 p8q=6.4000000000e+01 p8n=6.4000000000e+01 p8q_e2=1.6777216000e+07 p8n_e2=1.0485760000e+06 p16q=1.2582912000e+07 p16n=3.9321600000e+05 p16q_e2=1.3107200000e+07 p16n_e2=1.2582912000e+07 p32q=1.3097532000e+07 p32n=1.3097516000e+07 p64q=1.3097531018e+07 p64n=1.3097531018e+07 alpha_d=4.0647503100e-04 alpha_p32q=4.0647500052e-04 alpha_p32n=4.0647549707e-04 rz32q=5.3238193359e+03 rz32n=5.3238203125e+03 alpha_full_q=4.0647500124e-04 alpha_full_n=4.0647557235e-04
  residual=7.278e+02
iter=109 pAp_d=-1.9136555201e+10 p8q=-6.4000000000e+01 p8n=0.0000000000e+00 p8q_e2=-1.6777216000e+07 p8n_e2=0.0000000000e+00 p16q=-2.6843545600e+08 p16n=-2.6843545600e+08 p16q_e2=-1.9327352832e+10 p16n_e2=-1.1811160064e+10 p32q=-1.9136544768e+10 p32n=-1.9137101824e+10 p64q=-1.9136555201e+10 p64n=-1.9136555201e+10 alpha_d=-1.1181367058e-05 alpha_p32q=-1.1181373154e-05 alpha_p32n=-1.1181047679e-05 rz32q=2.1397284375e+05 rz32n=2.1397251562e+05 alpha_full_q=-1.1181372936e-05 alpha_full_n=-1.1181030314e-05
  residual=1.180e+02
iter=110 pAp_d=7.0151760920e+07 p8q=6.4000000000e+01 p8n=-6.4000000000e+01 p8q_e2=1.6777216000e+07 p8n_e2=1.0485760000e+06 p16q=6.7108864000e+07 p16n=8.3886080000e+06 p16q_e2=6.9206016000e+07 p16n_e2=5.3477376000e+07 p32q=7.0151776000e+07 p32n=7.0151584000e+07 p64q=7.0151760920e+07 p64n=7.0151760920e+07 alpha_d=8.7013118370e-05 alpha_p32q=8.7013099665e-05 alpha_p32n=8.7013337814e-05 rz32q=6.1041235352e+03 rz32n=6.1041203613e+03 alpha_full_q=8.7013100497e-05 alpha_full_n=8.7013293404e-05
  residual=1.618e+02
iter=111 pAp_d=-1.2050892556e+08 p8q=-6.4000000000e+01 p8n=-6.4000000000e+01 p8q_e2=-1.6777216000e+07 p8n_e2=-1.0485760000e+06 p16q=-6.7108864000e+07 p16n=-1.6777216000e+07 p16q_e2=-1.1953766400e+08 p16n_e2=-9.2274688000e+07 p32q=-1.2050892800e+08 p32n=-1.2050889600e+08 p64q=-1.2050892556e+08 p64n=-1.2050892556e+08 alpha_d=-8.7065966851e-05 alpha_p32q=-8.7065965089e-05 alpha_p32n=-8.7065988208e-05 rz32q=1.0492226074e+04 rz32n=1.0492223633e+04 alpha_full_q=-8.7065964724e-05 alpha_full_n=-8.7065967585e-05
  residual=2.099e+02
iter=112 pAp_d=4.3139799122e+08 p8q=6.4000000000e+01 p8n=-6.4000000000e+01 p8q_e2=1.6777216000e+07 p8n_e2=1.0485760000e+06 p16q=2.6843545600e+08 p16n=1.6777216000e+07 p16q_e2=4.3620761600e+08 p16n_e2=2.8521267200e+08 p32q=4.3139788800e+08 p32n=4.3139660800e+08 p64q=4.3139799122e+08 p64n=4.3139799122e+08 alpha_d=3.9013577436e-05 alpha_p32q=3.9013586771e-05 alpha_p32n=3.9013702528e-05 rz32q=1.6830378906e+04 rz32n=1.6830371094e+04 alpha_full_q=3.9013586701e-05 alpha_full_n=3.9013684349e-05
  residual=1.226e+02
iter=113 pAp_d=6.1222976937e+06 p8q=-6.4000000000e+01 p8n=6.4000000000e+01 p8q_e2=1.6777216000e+07 p8n_e2=2.6214400000e+05 p16q=6.2914560000e+06 p16n=3.1457280000e+06 p16q_e2=6.0948480000e+06 p16n_e2=7.9953920000e+06 p32q=6.1222980000e+06 p32n=6.1222950000e+06 p64q=6.1222976937e+06 p64n=6.1222976937e+06 alpha_d=1.0947797665e-03 alpha_p32q=1.0947797118e-03 alpha_p32n=1.0947802482e-03 rz32q=6.7025676270e+03 rz32n=6.7025661621e+03 alpha_full_q=1.0947797097e-03 alpha_full_n=1.0947800069e-03
  residual=2.554e+03
iter=114 pAp_d=-9.0443317821e+11 p8q=6.4000000000e+01 p8n=6.4000000000e+01 p8q_e2=-1.6777216000e+07 p8n_e2=1.6777216000e+07 p16q=-2.6843545600e+08 p16n=2.6843545600e+08 p16q_e2=-9.6207267430e+11 p16n_e2=-1.0737418240e+10 p32q=-9.0443245158e+11 p32n=-9.0425838797e+11 p64q=-9.0443317821e+11 p64n=-9.0443317821e+11 alpha_d=-2.9104407795e-06 alpha_p32q=-2.9104431178e-06 alpha_p32n=-2.9110033584e-06 rz32q=2.6322990000e+06 rz32n=2.6322945000e+06 alpha_full_q=-2.9104428920e-06 alpha_full_n=-2.9109981561e-06
  residual=1.323e+02
iter=115 pAp_d=1.0553574855e+08 p8q=6.4000000000e+01 p8n=-6.4000000000e+01 p8q_e2=1.6777216000e+07 p8n_e2=1.6777216000e+07 p16q=6.7108864000e+07 p16n=1.2582912000e+07 p16q_e2=1.0485760000e+08 p16n_e2=7.9691776000e+07 p32q=1.0553574400e+08 p32n=1.0553555200e+08 p64q=1.0553574855e+08 p64n=1.0553574855e+08 alpha_d=7.5258030433e-05 alpha_p32q=7.5258033678e-05 alpha_p32n=7.5258170594e-05 rz32q=7.9424125977e+03 rz32n=7.9424125977e+03 alpha_full_q=7.5258033881e-05 alpha_full_n=7.5258170798e-05
  residual=1.689e+02
iter=116 pAp_d=-1.3304725866e+08 p8q=-6.4000000000e+01 p8n=-6.4000000000e+01 p8q_e2=-1.6777216000e+07 p8n_e2=-1.6777216000e+07 p16q=-6.7108864000e+07 p16n=-1.6777216000e+07 p16q_e2=-1.3212057600e+08 p16n_e2=-1.4680064000e+08 p32q=-1.3304726400e+08 p32n=-1.3304819200e+08 p64q=-1.3304725866e+08 p64n=-1.3304725866e+08 alpha_d=-8.9187939816e-05 alpha_p32q=-8.9187936239e-05 alpha_p32n=-8.9187314161e-05 rz32q=1.1866210938e+04 rz32n=1.1866204102e+04 alpha_full_q=-8.9187936533e-05 alpha_full_n=-8.9187263075e-05
  residual=2.398e+02
iter=117 pAp_d=6.4679789566e+08 p8q=6.4000000000e+01 p8n=0.0000000000e+00 p8q_e2=1.6777216000e+07 p8n_e2=1.6777216000e+07 p16q=2.6843545600e+08 p16n=3.3554432000e+07 p16q_e2=6.3753420800e+08 p16n_e2=4.6976204800e+08 p32q=6.4679782400e+08 p32n=6.4680345600e+08 p64q=6.4679789566e+08 p64n=6.4679789566e+08 alpha_d=3.3647627987e-05 alpha_p32q=3.3647631715e-05 alpha_p32n=3.3647338730e-05 rz32q=2.1763214844e+04 rz32n=2.1763193359e+04 alpha_full_q=3.3647631511e-05 alpha_full_n=3.3647305310e-05
  residual=1.150e+02
iter=118 pAp_d=6.3008174851e+06 p8q=6.4000000000e+01 p8n=6.4000000000e+01 p8q_e2=1.6777216000e+07 p8n_e2=2.6214400000e+05 p16q=6.2914560000e+06 p16n=-1.3107200000e+06 p16q_e2=6.2914560000e+06 p16n_e2=5.7671680000e+06 p32q=6.3008180000e+06 p32n=6.3007660000e+06 p64q=6.3008174851e+06 p64n=6.3008174851e+06 alpha_d=9.1350434761e-04 alpha_p32q=9.1350427296e-04 alpha_p32n=9.1351181208e-04 rz32q=5.7558242188e+03 rz32n=5.7558232422e+03 alpha_full_q=9.1350428131e-04 alpha_full_n=9.1351166544e-04
  residual=1.676e+03
iter=119 pAp_d=-1.9761560855e+11 p8q=-6.4000000000e+01 p8n=6.4000000000e+01 p8q_e2=-1.6777216000e+07 p8n_e2=1.6777216000e+07 p16q=-2.6843545600e+08 p16n=2.6843545600e+08 p16q_e2=-2.0615843021e+11 p16n_e2=-1.0737418240e+10 p32q=-1.9761568154e+11 p32n=-1.9762407014e+11 p64q=-1.9761560855e+11 p64n=-1.9761560855e+11 alpha_d=-5.2247300522e-06 alpha_p32q=-5.2247281226e-06 alpha_p32n=-5.2245063470e-06 rz32q=1.0324881875e+06 rz32n=1.0324863750e+06 alpha_full_q=-5.2247280149e-06 alpha_full_n=-5.2244970678e-06
  residual=1.147e+02
iter=120 pAp_d=2.9373177690e+07 p8q=6.4000000000e+01 p8n=0.0000000000e+00 p8q_e2=1.6777216000e+07 p8n_e2=1.0485760000e+06 p16q=3.3554432000e+07 p16n=3.1457280000e+06 p16q_e2=2.9360128000e+07 p16n_e2=2.0971520000e+07 p32q=2.9373176000e+07 p32n=2.9373080000e+07 p64q=2.9373177690e+07 p64n=2.9373177690e+07 alpha_d=1.8347263505e-04 alpha_p32q=1.8347264561e-04 alpha_p32n=1.8347324525e-04 rz32q=5.3891743164e+03 rz32n=5.3891728516e+03 alpha_full_q=1.8347264580e-04 alpha_full_n=1.8347319558e-04
  residual=3.136e+02
iter=121 pAp_d=-1.1635086906e+09 p8q=-6.4000000000e+01 p8n=0.0000000000e+00 p8q_e2=-1.6777216000e+07 p8n_e2=-1.6777216000e+07 p16q=-2.6843545600e+08 p16n=-6.7108864000e+07 p16q_e2=-1.1408506880e+09 p16n_e2=-8.3886080000e+08 p32q=-1.1635087360e+09 p32n=-1.1635036160e+09 p64q=-1.1635086906e+09 p64n=-1.1635086906e+09 alpha_d=-3.2334248552e-05 alpha_p32q=-3.2334247290e-05 alpha_p32n=-3.2334389577e-05 rz32q=3.7621179688e+04 rz32n=3.7621136719e+04 alpha_full_q=-3.2334247714e-05 alpha_full_n=-3.2334353071e-05
  residual=1.477e+02
iter=122 pAp_d=1.2381923508e+08 p8q=6.4000000000e+01 p8n=0.0000000000e+00 p8q_e2=1.6777216000e+07 p8n_e2=2.6214400000e+05 p16q=6.7108864000e+07 p16n=8.3886080000e+06 p16q_e2=1.2373196800e+08 p16n_e2=9.4371840000e+07 p32q=1.2381923200e+08 p32n=1.2381926400e+08 p64q=1.2381923508e+08 p64n=1.2381923508e+08 alpha_d=7.1550558335e-05 alpha_p32q=7.1550560114e-05 alpha_p32n=7.1550541623e-05 rz32q=8.8593354492e+03 rz32n=8.8593349609e+03 alpha_full_q=7.1550560491e-05 alpha_full_n=7.1550538056e-05
  residual=1.637e+02
iter=123 pAp_d=-1.4513897027e+08 p8q=-6.4000000000e+01 p8n=-6.4000000000e+01 p8q_e2=-1.6777216000e+07 p8n_e2=-1.6777216000e+07 p16q=-2.6843545600e+08 p16n=-3.3554432000e+07 p16q_e2=-1.4680064000e+08 p16n_e2=-1.4680064000e+08 p32q=-1.4513894400e+08 p32n=-1.4513894400e+08 p64q=-1.4513897027e+08 p64n=-1.4513897027e+08 alpha_d=-8.3687524873e-05 alpha_p32q=-8.3687540019e-05 alpha_p32n=-8.3687540019e-05 rz32q=1.2146321289e+04 rz32n=1.2146320312e+04 alpha_full_q=-8.3687540741e-05 alpha_full_n=-8.3687534012e-05
  residual=2.747e+02
iter=124 pAp_d=1.7693140936e+09 p8q=6.4000000000e+01 p8n=-6.4000000000e+01 p8q_e2=1.6777216000e+07 p8n_e2=-1.6777216000e+07 p16q=2.6843545600e+08 p16n=6.7108864000e+07 p16q_e2=1.7448304640e+09 p16n_e2=1.3421772800e+09 p32q=1.7693143040e+09 p32n=1.7692989440e+09 p64q=1.7693140936e+09 p64n=1.7693140936e+09 alpha_d=2.0148454506e-05 alpha_p32q=2.0148452110e-05 alpha_p32n=2.0148627027e-05 rz32q=3.5648945312e+04 rz32n=3.5648929688e+04 alpha_full_q=2.0148452557e-05 alpha_full_n=2.0148618643e-05
  residual=1.255e+02
iter=125 pAp_d=3.8898639671e+07 p8q=-6.4000000000e+01 p8n=-6.4000000000e+01 p8q_e2=1.6777216000e+07 p8n_e2=-1.0485760000e+06 p16q=3.3554432000e+07 p16n=8.3886080000e+06 p16q_e2=3.8797312000e+07 p16n_e2=3.4603008000e+07 p32q=3.8898640000e+07 p32n=3.8898640000e+07 p64q=3.8898639671e+07 p64n=3.8898639671e+07 alpha_d=1.9248578445e-04 alpha_p32q=1.9248578282e-04 alpha_p32n=1.9248578282e-04 rz32q=7.4874350586e+03 rz32n=7.4874345703e+03 alpha_full_q=1.9248577993e-04 alpha_full_n=1.9248576738e-04
  residual=5.282e+02
iter=126 pAp_d=-7.8241873088e+09 p8q=6.4000000000e+01 p8n=-6.4000000000e+01 p8q_e2=-1.6777216000e+07 p8n_e2=-1.6777216000e+07 p16q=-2.6843545600e+08 p16n=-2.6843545600e+08 p16q_e2=-8.0530636800e+09 p16n_e2=-5.9055800320e+09 p32q=-7.8241873920e+09 p32n=-7.8241382400e+09 p64q=-7.8241873088e+09 p64n=-7.8241873088e+09 alpha_d=-1.4877541033e-05 alpha_p32q=-1.4877540875e-05 alpha_p32n=-1.4877634337e-05 rz32q=1.1640466406e+05 rz32n=1.1640461719e+05 alpha_full_q=-1.4877540405e-05 alpha_full_n=-1.4877627876e-05
  residual=1.460e+02
iter=127 pAp_d=1.6131132681e+08 p8q=6.4000000000e+01 p8n=-6.4000000000e+01 p8q_e2=1.6777216000e+07 p8n_e2=1.0485760000e+06 p16q=2.6843545600e+08 p16n=1.6777216000e+07 p16q_e2=1.5938355200e+08 p16n_e2=1.3212057600e+08 p32q=1.6131129600e+08 p32n=1.6131174400e+08 p64q=1.6131132681e+08 p64n=1.6131132681e+08 alpha_d=5.6194577828e-05 alpha_p32q=5.6194588560e-05 alpha_p32n=5.6194432495e-05 rz32q=9.0648217773e+03 rz32n=9.0648173828e+03 alpha_full_q=5.6194587745e-05 alpha_full_n=5.6194404437e-05
  residual=1.491e+02
iter=128 pAp_d=-5.4151729801e+07 p8q=-6.4000000000e+01 p8n=6.4000000000e+01 p8q_e2=-1.6777216000e+07 p8n_e2=-1.0485760000e+06 p16q=-6.7108864000e+07 p16n=-1.6777216000e+07 p16q_e2=-5.4525952000e+07 p16n_e2=-5.2428800000e+07 p32q=-5.4151728000e+07 p32n=-5.4151584000e+07 p64q=-5.4151729801e+07 p64n=-5.4151729801e+07 alpha_d=-1.7491576978e-04 alpha_p32q=-1.7491577559e-04 alpha_p32n=-1.7491624073e-04 rz32q=9.4719916992e+03 rz32n=9.4719858398e+03 alpha_full_q=-1.7491577922e-04 alpha_full_n=-1.7491613615e-04
  residual=4.925e+02
iter=129 pAp_d=6.9411925661e+09 p8q=6.4000000000e+01 p8n=6.4000000000e+01 p8q_e2=1.6777216000e+07 p8n_e2=1.6777216000e+07 p16q=2.6843545600e+08 p16n=-2.6843545600e+08 p16q_e2=6.9793218560e+09 p16n_e2=4.0265318400e+09 p32q=6.9411962880e+09 p32n=6.9411717120e+09 p64q=6.9411925661e+09 p64n=6.9411925661e+09 alpha_d=1.3957890769e-05 alpha_p32q=1.3957883285e-05 alpha_p32n=1.3957932704e-05 rz32q=9.6884406250e+04 rz32n=9.6884398438e+04 alpha_full_q=1.3957883084e-05 alpha_full_n=1.3957931378e-05
  residual=1.158e+02
iter=130 pAp_d=3.3016170221e+07 p8q=6.4000000000e+01 p8n=6.4000000000e+01 p8q_e2=1.6777216000e+07 p8n_e2=-1.0485760000e+06 p16q=3.3554432000e+07 p16n=3.1457280000e+06 p16q_e2=3.3030144000e+07 p16n_e2=3.0408704000e+07 p32q=3.3016168000e+07 p32n=3.3016080000e+07 p64q=3.3016170221e+07 p64n=3.3016170221e+07 alpha_d=1.7407060353e-04 alpha_p32q=1.7407061524e-04 alpha_p32n=1.7407107920e-04 rz32q=5.7471447754e+03 rz32n=5.7471425781e+03 alpha_full_q=1.7407061823e-04 alpha_full_n=1.7407101564e-04
  residual=3.246e+02
iter=131 pAp_d=-1.3002174369e+09 p8q=6.4000000000e+01 p8n=6.4000000000e+01 p8q_e2=-1.6777216000e+07 p8n_e2=1.6777216000e+07 p16q=-2.6843545600e+08 p16n=-6.7108864000e+07 p16q_e2=-1.2750684160e+09 p16n_e2=-1.0737418240e+09 p32q=-1.3002178560e+09 p32n=-1.3002219520e+09 p64q=-1.3002174369e+09 p64n=-1.3002174369e+09 alpha_d=-3.0411216744e-05 alpha_p32q=-3.0411206941e-05 alpha_p32n=-3.0411111139e-05 rz32q=3.9541193359e+04 rz32n=3.9541171875e+04 alpha_full_q=-3.0411206227e-05 alpha_full_n=-3.0411093901e-05
  residual=1.405e+02
iter=132 pAp_d=1.0010072289e+08 p8q=6.4000000000e+01 p8n=-6.4000000000e+01 p8q_e2=1.6777216000e+07 p8n_e2=1.0485760000e+06 p16q=6.7108864000e+07 p16n=8.3886080000e+06 p16q_e2=1.0066329600e+08 p16n_e2=7.9691776000e+07 p32q=1.0010073600e+08 p32n=1.0010076800e+08 p64q=1.0010072289e+08 p64n=1.0010072289e+08 alpha_d=7.9139400844e-05 alpha_p32q=7.9139390481e-05 alpha_p32n=7.9139365182e-05 rz32q=7.9219111328e+03 rz32n=7.9219113770e+03 alpha_full_q=7.9139389473e-05 alpha_full_n=7.9139366613e-05
  residual=1.682e+02
iter=133 pAp_d=-1.1317637024e+08 p8q=-6.4000000000e+01 p8n=-6.4000000000e+01 p8q_e2=-1.6777216000e+07 p8n_e2=-1.6777216000e+07 p16q=-6.7108864000e+07 p16n=-1.6777216000e+07 p16q_e2=-1.1324620800e+08 p16n_e2=-9.0177536000e+07 p32q=-1.1317638400e+08 p32n=-1.1317619200e+08 p64q=-1.1317637024e+08 p64n=-1.1317637024e+08 alpha_d=-9.7256515229e-05 alpha_p32q=-9.7256503401e-05 alpha_p32n=-9.7256668393e-05 rz32q=1.1007139160e+04 rz32n=1.1007129395e+04 alpha_full_q=-9.7256501499e-05 alpha_full_n=-9.7256580205e-05
  residual=2.597e+02
iter=134 pAp_d=1.0598332031e+09 p8q=6.4000000000e+01 p8n=-6.4000000000e+01 p8q_e2=1.6777216000e+07 p8n_e2=-2.6214400000e+05 p16q=2.6843545600e+08 p16n=6.7108864000e+07 p16q_e2=1.0737418240e+09 p16n_e2=8.3886080000e+08 p32q=1.0598333440e+09 p32n=1.0598312960e+09 p64q=1.0598332031e+09 p64n=1.0598332031e+09 alpha_d=2.5200221635e-05 alpha_p32q=2.5200218285e-05 alpha_p32n=2.5200266981e-05 rz32q=2.6708031250e+04 rz32n=2.6708019531e+04 alpha_full_q=2.5200217941e-05 alpha_full_n=2.5200255580e-05
  residual=1.178e+02
iter=135 pAp_d=4.7724854226e+07 p8q=6.4000000000e+01 p8n=-6.4000000000e+01 p8q_e2=1.6777216000e+07 p8n_e2=1.0485760000e+06 p16q=3.3554432000e+07 p16n=4.1943040000e+06 p16q_e2=4.8234496000e+07 p16n_e2=4.6137344000e+07 p32q=4.7724848000e+07 p32n=4.7725104000e+07 p64q=4.7724854226e+07 p64n=4.7724854226e+07 alpha_d=1.2626017237e-04 alpha_p32q=1.2626018884e-04 alpha_p32n=1.2625951158e-04 rz32q=6.0257482910e+03 rz32n=6.0257470703e+03 alpha_full_q=1.2626018822e-04 alpha_full_n=1.2625948537e-04
  residual=2.804e+02
iter=136 pAp_d=-7.9104889143e+08 p8q=-6.4000000000e+01 p8n=0.0000000000e+00 p8q_e2=-1.6777216000e+07 p8n_e2=-1.6777216000e+07 p16q=-2.6843545600e+08 p16n=-6.7108864000e+07 p16q_e2=-8.0530636800e+08 p16n_e2=-5.3687091200e+08 p32q=-7.9104870400e+08 p32n=-7.9105484800e+08 p64q=-7.9104889143e+08 p64n=-7.9104889143e+08 alpha_d=-3.7589803292e-05 alpha_p32q=-3.7589812199e-05 alpha_p32n=-3.7589520245e-05 rz32q=2.9735372070e+04 rz32n=2.9735361328e+04 alpha_full_q=-3.7589812005e-05 alpha_full_n=-3.7589506471e-05
  residual=1.735e+02
iter=137 pAp_d=3.1680260040e+08 p8q=6.4000000000e+01 p8n=6.4000000000e+01 p8q_e2=1.6777216000e+07 p8n_e2=1.6777216000e+07 p16q=2.6843545600e+08 p16n=3.3554432000e+07 p16q_e2=3.1876710400e+08 p16n_e2=2.6424115200e+08 p32q=3.1680256000e+08 p32n=3.1680204800e+08 p64q=3.1680260040e+08 p64n=3.1680260040e+08 alpha_d=3.9591807638e-05 alpha_p32q=3.9591812687e-05 alpha_p32n=3.9591876673e-05 rz32q=1.2542787598e+04 rz32n=1.2542783691e+04 alpha_full_q=3.9591812635e-05 alpha_full_n=3.9591864291e-05
  residual=1.344e+02
iter=138 pAp_d=2.6308274918e+07 p8q=-6.4000000000e+01 p8n=-6.4000000000e+01 p8q_e2=1.6777216000e+07 p8n_e2=1.6777216000e+07 p16q=3.3554432000e+07 p16n=1.8350080000e+06 p16q_e2=2.6214400000e+07 p16n_e2=2.4641536000e+07 p32q=2.6308272000e+07 p32n=2.6307984000e+07 p64q=2.6308274918e+07 p64n=2.6308274918e+07 alpha_d=3.0447870024e-04 alpha_p32q=3.0447873401e-04 alpha_p32n=3.0448206721e-04 rz32q=8.0103093262e+03 rz32n=8.0103081055e+03 alpha_full_q=3.0447873301e-04 alpha_full_n=3.0448201981e-04
  residual=8.784e+02
iter=139 pAp_d=-3.6566378604e+10 p8q=-6.4000000000e+01 p8n=-6.4000000000e+01 p8q_e2=-1.6777216000e+07 p8n_e2=-1.6777216000e+07 p16q=-2.6843545600e+08 p16n=-2.6843545600e+08 p16q_e2=-3.4359738368e+10 p16n_e2=-5.1539607552e+10 p32q=-3.6566401024e+10 p32n=-3.6566269952e+10 p64q=-3.6566378604e+10 p64n=-3.6566378604e+10 alpha_d=-8.6283910840e-06 alpha_p32q=-8.6283857937e-06 alpha_p32n=-8.6284167222e-06 rz32q=3.1550900000e+05 rz32n=3.1550878125e+05 alpha_full_q=-8.6283853801e-06 alpha_full_n=-8.6284103264e-06
  residual=1.304e+02
iter=140 pAp_d=8.7224214584e+07 p8q=6.4000000000e+01 p8n=0.0000000000e+00 p8q_e2=1.6777216000e+07 p8n_e2=1.0485760000e+06 p16q=6.7108864000e+07 p16n=8.3886080000e+06 p16q_e2=8.8080384000e+07 p16n_e2=7.1303168000e+07 p32q=8.7224224000e+07 p32n=8.7223936000e+07 p64q=8.7224214584e+07 p64n=8.7224214584e+07 alpha_d=8.4072799707e-05 alpha_p32q=8.4072790631e-05 alpha_p32n=8.4073068227e-05 rz32q=7.3331838379e+03 rz32n=7.3331840820e+03 alpha_full_q=8.4072789663e-05 alpha_full_n=8.4073070058e-05
  residual=1.905e+02
iter=141 pAp_d=-2.2129411975e+08 p8q=-6.4000000000e+01 p8n=6.4000000000e+01 p8q_e2=-1.6777216000e+07 p8n_e2=-1.6777216000e+07 p16q=-2.6843545600e+08 p16n=-1.6777216000e+07 p16q_e2=-2.2229811200e+08 p16n_e2=-1.8035507200e+08 p32q=-2.2129414400e+08 p32n=-2.2129363200e+08 p64q=-2.2129411975e+08 p64n=-2.2129411975e+08 alpha_d=-6.1549958308e-05 alpha_p32q=-6.1549951564e-05 alpha_p32n=-6.1550093970e-05 rz32q=1.3620644043e+04 rz32n=1.3620640625e+04 alpha_full_q=-6.1549952460e-05 alpha_full_n=-6.1550079421e-05
  residual=1.687e+02
iter=142 pAp_d=1.8929620238e+08 p8q=6.4000000000e+01 p8n=0.0000000000e+00 p8q_e2=1.6777216000e+07 p8n_e2=1.6777216000e+07 p16q=2.6843545600e+08 p16n=1.2582912000e+07 p16q_e2=1.8874368000e+08 p16n_e2=1.2792627200e+08 p32q=1.8929619200e+08 p32n=1.8929555200e+08 p64q=1.8929620238e+08 p64n=1.8929620238e+08 alpha_d=5.8628251243e-05 alpha_p32q=5.8628254457e-05 alpha_p32n=5.8628452677e-05 rz32q=1.1098105469e+04 rz32n=1.1098099121e+04 alpha_full_q=5.8628255283e-05 alpha_full_n=5.8628419970e-05
  residual=1.518e+02
iter=143 pAp_d=-8.6569786274e+07 p8q=-6.4000000000e+01 p8n=6.4000000000e+01 p8q_e2=-1.6777216000e+07 p8n_e2=-1.0485760000e+06 p16q=-6.7108864000e+07 p16n=-1.6777216000e+07 p16q_e2=-8.5983232000e+07 p16n_e2=-7.9691776000e+07 p32q=-8.6569792000e+07 p32n=-8.6569792000e+07 p64q=-8.6569786274e+07 p64n=-8.6569786274e+07 alpha_d=-9.8747073158e-05 alpha_p32q=-9.8747066626e-05 alpha_p32n=-9.8747066626e-05 rz32q=8.5485131836e+03 rz32n=8.5485117188e+03 alpha_full_q=-9.8747068534e-05 alpha_full_n=-9.8747051613e-05
  residual=2.323e+02
iter=144 pAp_d=5.8355662771e+08 p8q=6.4000000000e+01 p8n=0.0000000000e+00 p8q_e2=1.6777216000e+07 p8n_e2=0.0000000000e+00 p16q=2.6843545600e+08 p16n=3.3554432000e+07 p16q_e2=5.7042534400e+08 p16n_e2=2.8521267200e+08 p32q=5.8355660800e+08 p32n=5.8355865600e+08 p64q=5.8355662771e+08 p64n=5.8355662771e+08 alpha_d=3.5719466715e-05 alpha_p32q=3.5719467921e-05 alpha_p32n=3.5719342564e-05 rz32q=2.0844331055e+04 rz32n=2.0844327148e+04 alpha_full_q=3.5719467090e-05 alpha_full_n=3.5719335039e-05
  residual=1.316e+02
iter=145 pAp_d=-2.4316551641e+07 p8q=-6.4000000000e+01 p8n=0.0000000000e+00 p8q_e2=-1.6777216000e+07 p8n_e2=-1.0485760000e+06 p16q=-1.6777216000e+07 p16n=-8.3886080000e+06 p16q_e2=-2.4117248000e+07 p16n_e2=-2.6738688000e+07 p32q=-2.4316552000e+07 p32n=-2.4316560000e+07 p64q=-2.4316551641e+07 p64n=-2.4316551641e+07 alpha_d=-2.7073577316e-04 alpha_p32q=-2.7073576917e-04 alpha_p32n=-2.7073568009e-04 rz32q=6.5833603516e+03 rz32n=6.5833610840e+03 alpha_full_q=-2.7073576680e-04 alpha_full_n=-2.7073570785e-04
  residual=5.790e+02
iter=146 pAp_d=1.2183995015e+10 p8q=-6.4000000000e+01 p8n=0.0000000000e+00 p8q_e2=1.6777216000e+07 p8n_e2=0.0000000000e+00 p16q=2.6843545600e+08 p16n=2.6843545600e+08 p16q_e2=1.1811160064e+10 p16n_e2=6.4424509440e+09 p32q=1.2183994368e+10 p32n=1.2183896064e+10 p64q=1.2183995015e+10 p64n=1.2183995015e+10 alpha_d=1.1230620522e-05 alpha_p32q=1.1230621118e-05 alpha_p32n=1.1230711731e-05 rz32q=1.3683382812e+05 rz32n=1.3683367188e+05 alpha_full_q=1.1230621420e-05 alpha_full_n=1.1230699208e-05
  residual=1.316e+02
iter=147 pAp_d=1.1293798833e+08 p8q=6.4000000000e+01 p8n=-6.4000000000e+01 p8q_e2=1.6777216000e+07 p8n_e2=-1.0485760000e+06 p16q=6.7108864000e+07 p16n=1.6777216000e+07 p16q_e2=1.1324620800e+08 p16n_e2=8.8080384000e+07 p32q=1.1293798400e+08 p32n=1.1293840000e+08 p64q=1.1293798833e+08 p64n=1.1293798833e+08 alpha_d=6.3646992063e-05 alpha_p32q=6.3646994504e-05 alpha_p32n=6.3646760065e-05 rz32q=7.1881633301e+03 rz32n=7.1881635742e+03 alpha_full_q=6.3646995240e-05 alpha_full_n=6.3646762963e-05
  residual=1.847e+02
iter=148 pAp_d=-1.6020130960e+08 p8q=-6.4000000000e+01 p8n=-6.4000000000e+01 p8q_e2=-1.6777216000e+07 p8n_e2=-1.6777216000e+07 p16q=-2.6843545600e+08 p16n=-1.6777216000e+07 p16q_e2=-1.5938355200e+08 p16n_e2=-1.3421772800e+08 p32q=-1.6020128000e+08 p32n=-1.6020108800e+08 p64q=-1.6020130960e+08 p64n=-1.6020130960e+08 alpha_d=-8.6514285244e-05 alpha_p32q=-8.6514301228e-05 alpha_p32n=-8.6514404915e-05 rz32q=1.3859701660e+04 rz32n=1.3859703125e+04 alpha_full_q=-8.6514300386e-05 alpha_full_n=-8.6514413217e-05
  residual=3.021e+02
iter=149 pAp_d=1.4518318619e+09 p8q=6.4000000000e+01 p8n=0.0000000000e+00 p8q_e2=1.6777216000e+07 p8n_e2=-1.6777216000e+07 p16q=2.6843545600e+08 p16n=0.0000000000e+00 p16q_e2=1.4763950080e+09 p16n_e2=1.0401873920e+09 p32q=1.4518323200e+09 p32n=1.4518333440e+09 p64q=1.4518318619e+09 p64n=1.4518318619e+09 alpha_d=2.4355552264e-05 alpha_p32q=2.4355544580e-05 alpha_p32n=2.4355527401e-05 rz32q=3.5360166016e+04 rz32n=3.5360177734e+04 alpha_full_q=2.4355544045e-05 alpha_full_n=2.4355534938e-05
  residual=1.284e+02
iter=150 pAp_d=4.6810501540e+07 p8q=-6.4000000000e+01 p8n=-6.4000000000e+01 p8q_e2=1.6777216000e+07 p8n_e2=-1.0485760000e+06 p16q=3.3554432000e+07 p16n=1.2582912000e+07 p16q_e2=4.7185920000e+07 p16n_e2=4.6137344000e+07 p32q=4.6810496000e+07 p32n=4.6810720000e+07 p64q=4.6810501540e+07 p64n=4.6810501540e+07 alpha_d=1.5913119472e-04 alpha_p32q=1.5913121355e-04 alpha_p32n=1.5913045207e-04 rz32q=7.4490109863e+03 rz32n=7.4490119629e+03 alpha_full_q=1.5913121250e-04 alpha_full_n=1.5913047189e-04
  residual=4.736e+02
iter=151 pAp_d=-6.0670229300e+09 p8q=-6.4000000000e+01 p8n=-6.4000000000e+01 p8q_e2=-1.6777216000e+07 p8n_e2=-1.6777216000e+07 p16q=-2.6843545600e+08 p16n=-2.6843545600e+08 p16q_e2=-5.9055800320e+09 p16n_e2=-4.8318382080e+09 p32q=-6.0670197760e+09 p32n=-6.0670361600e+09 p64q=-6.0670229300e+09 p64n=-6.0670229300e+09 alpha_d=-1.5419528977e-05 alpha_p32q=-1.5419536993e-05 alpha_p32n=-1.5419495352e-05 rz32q=9.3550632812e+04 rz32n=9.3550640625e+04 alpha_full_q=-1.5419536489e-05 alpha_full_n=-1.5419496136e-05
  residual=1.491e+02
iter=152 pAp_d=1.5211385395e+08 p8q=6.4000000000e+01 p8n=-6.4000000000e+01 p8q_e2=1.6777216000e+07 p8n_e2=-1.6777216000e+07 p16q=2.6843545600e+08 p16n=1.2582912000e+07 p16q_e2=1.5099494400e+08 p16n_e2=1.3841203200e+08 p32q=1.5211385600e+08 p32n=1.5211449600e+08 p64q=1.5211385395e+08 p64n=1.5211385395e+08 alpha_d=6.6973705415e-05 alpha_p32q=6.6973704512e-05 alpha_p32n=6.6973422730e-05 rz32q=1.0187628418e+04 rz32n=1.0187624512e+04 alpha_full_q=6.6973704341e-05 alpha_full_n=6.6973396879e-05
  residual=2.189e+02
iter=153 pAp_d=-3.6172656793e+08 p8q=-6.4000000000e+01 p8n=-6.4000000000e+01 p8q_e2=-1.6777216000e+07 p8n_e2=-1.6777216000e+07 p16q=-2.6843545600e+08 p16n=-6.7108864000e+07 p16q_e2=-3.6909875200e+08 p16n_e2=-3.1876710400e+08 p32q=-3.6172646400e+08 p32n=-3.6172672000e+08 p64q=-3.6172656793e+08 p64n=-3.6172656793e+08 alpha_d=-5.2415592347e-05 alpha_p32q=-5.2415607407e-05 alpha_p32n=-5.2415570311e-05 rz32q=1.8960112305e+04 rz32n=1.8960105469e+04 alpha_full_q=-5.2415607349e-05 alpha_full_n=-5.2415551355e-05
  residual=2.282e+02
iter=154 pAp_d=7.7952045791e+08 p8q=6.4000000000e+01 p8n=6.4000000000e+01 p8q_e2=1.6777216000e+07 p8n_e2=1.6777216000e+07 p16q=2.6843545600e+08 p16n=6.7108864000e+07 p16q_e2=7.7175193600e+08 p16n_e2=5.3687091200e+08 p32q=7.7952051200e+08 p32n=7.7952819200e+08 p64q=7.7952045791e+08 p64n=7.7952045791e+08 alpha_d=2.8266408091e-05 alpha_p32q=2.8266406130e-05 alpha_p32n=2.8266127646e-05 rz32q=2.2034243164e+04 rz32n=2.2034236328e+04 alpha_full_q=2.8266405854e-05 alpha_full_n=2.8266118601e-05
  residual=1.241e+02
iter=155 pAp_d=5.1229440159e+06 p8q=-6.4000000000e+01 p8n=3.2000000000e+01 p8q_e2=1.0485760000e+06 p8n_e2=1.0485760000e+06 p16q=4.1943040000e+06 p16n=-3.6700160000e+06 p16q_e2=5.1118080000e+06 p16n_e2=3.3423360000e+06 p32q=5.1229440000e+06 p32n=5.1229570000e+06 p64q=5.1229440159e+06 p64n=5.1229440159e+06 alpha_d=1.2180028957e-03 alpha_p32q=1.2180028994e-03 alpha_p32n=1.2179998086e-03 rz32q=6.2397607422e+03 rz32n=6.2397595215e+03 alpha_full_q=1.2180029183e-03 alpha_full_n=1.2179995892e-03
  residual=2.549e+03
iter=156 pAp_d=-6.8173985193e+11 p8q=-6.4000000000e+01 p8n=0.0000000000e+00 p8q_e2=1.6777216000e+07 p8n_e2=0.0000000000e+00 p16q=-2.6843545600e+08 p16n=0.0000000000e+00 p16q_e2=-6.8719476736e+11 p16n_e2=-6.8719476736e+11 p32q=-6.8174007501e+11 p32n=-6.8156810854e+11 p64q=-6.8173985193e+11 p64n=-6.8173985193e+11 alpha_d=-3.3836146716e-06 alpha_p32q=-3.3836135644e-06 alpha_p32n=-3.3844672841e-06 rz32q=2.3067450000e+06 rz32n=2.3067415000e+06 alpha_full_q=-3.3836136155e-06 alpha_full_n=-3.3844621999e-06
  residual=1.226e+02
iter=157 pAp_d=5.1634569905e+07 p8q=6.4000000000e+01 p8n=0.0000000000e+00 p8q_e2=1.6777216000e+07 p8n_e2=1.0485760000e+06 p16q=6.7108864000e+07 p16n=3.6700160000e+06 p16q_e2=5.1380224000e+07 p16n_e2=3.7748736000e+07 p32q=5.1634576000e+07 p32n=5.1634832000e+07 p64q=5.1634569905e+07 p64n=5.1634569905e+07 alpha_d=1.1191321998e-04 alpha_p32q=1.1191320677e-04 alpha_p32n=1.1191265192e-04 rz32q=5.7785910645e+03 rz32n=5.7785910645e+03 alpha_full_q=1.1191320840e-04 alpha_full_n=1.1191265354e-04
  residual=2.147e+02
iter=158 pAp_d=-2.5808650260e+08 p8q=-1.0000000000e+01 p8n=6.4000000000e+01 p8q_e2=-1.6777216000e+07 p8n_e2=-1.6777216000e+07 p16q=-2.6843545600e+08 p16n=-1.6777216000e+07 p16q_e2=-2.6004684800e+08 p16n_e2=-2.3068672000e+08 p32q=-2.5808652800e+08 p32n=-2.5808608000e+08 p64q=-2.5808650260e+08 p64n=-2.5808650260e+08 alpha_d=-5.9061055508e-05 alpha_p32q=-5.9061049695e-05 alpha_p32n=-5.9061152217e-05 rz32q=1.5242861328e+04 rz32n=1.5242851562e+04 alpha_full_q=-5.9061049975e-05 alpha_full_n=-5.9061114658e-05
  residual=1.753e+02
iter=159 pAp_d=3.0977756220e+08 p8q=6.4000000000e+01 p8n=0.0000000000e+00 p8q_e2=1.6777216000e+07 p8n_e2=1.0485760000e+06 p16q=2.6843545600e+08 p16n=8.3886080000e+06 p16q_e2=3.0198988800e+08 p16n_e2=2.3068672000e+08 p32q=3.0977766400e+08 p32n=3.0977766400e+08 p64q=3.0977756220e+08 p64n=3.0977756220e+08 alpha_d=4.0443727556e-05 alpha_p32q=4.0443714264e-05 alpha_p32n=4.0443714264e-05 rz32q=1.2528559570e+04 rz32n=1.2528552246e+04 alpha_full_q=4.0443715046e-05 alpha_full_n=4.0443691402e-05
  residual=1.279e+02
iter=160 pAp_d=1.6065844507e+07 p8q=-6.4000000000e+01 p8n=-6.4000000000e+01 p8q_e2=1.6777216000e+07 p8n_e2=1.0485760000e+06 p16q=1.6777216000e+07 p16n=-3.6044800000e+05 p16q_e2=1.6121856000e+07 p16n_e2=1.5204352000e+07 p32q=1.6065844000e+07 p32n=1.6065766000e+07 p64q=1.6065844507e+07 p64n=1.6065844507e+07 alpha_d=3.8810982500e-04 alpha_p32q=3.8810983725e-04 alpha_p32n=3.8811172154e-04 rz32q=6.2353120117e+03 rz32n=6.2353115234e+03 alpha_full_q=3.8810983175e-04 alpha_full_n=3.8811168564e-04
  residual=8.998e+02
iter=161 pAp_d=-4.3694506604e+10 p8q=-6.4000000000e+01 p8n=-6.4000000000e+01 p8q_e2=-1.6777216000e+07 p8n_e2=-1.6777216000e+07 p16q=-2.6843545600e+08 p16n=-2.6843545600e+08 p16q_e2=-4.2949672960e+10 p16n_e2=-3.8654705664e+10 p32q=-4.3694489600e+10 p32n=-4.3694424064e+10 p64q=-4.3694506604e+10 p64n=-4.3694506604e+10 alpha_d=-7.9216069225e-06 alpha_p32q=-7.9216100053e-06 alpha_p32n=-7.9216218867e-06 rz32q=3.4613071875e+05 rz32n=3.4613021875e+05 alpha_full_q=-7.9216102973e-06 alpha_full_n=-7.9216107356e-06
  residual=1.347e+02
iter=162 pAp_d=1.2408453495e+08 p8q=6.4000000000e+01 p8n=0.0000000000e+00 p8q_e2=1.6777216000e+07 p8n_e2=1.6777216000e+07 p16q=6.7108864000e+07 p16n=1.6777216000e+07 p16q_e2=1.2373196800e+08 p16n_e2=8.5983232000e+07 p32q=1.2408454400e+08 p32n=1.2408403200e+08 p64q=1.2408453495e+08 p64n=1.2408453495e+08 alpha_d=5.9893874282e-05 alpha_p32q=5.9893869912e-05 alpha_p32n=5.9894117049e-05 rz32q=7.4319035645e+03 rz32n=7.4318994141e+03 alpha_full_q=5.9893870138e-05 alpha_full_n=5.9894083826e-05
  residual=1.474e+02
iter=163 pAp_d=-2.8207137758e+07 p8q=-6.4000000000e+01 p8n=6.4000000000e+01 p8q_e2=-1.6777216000e+07 p8n_e2=-1.0485760000e+06 p16q=-3.3554432000e+07 p16n=-3.1457280000e+06 p16q_e2=-2.8311552000e+07 p16n_e2=-2.8311552000e+07 p32q=-2.8207136000e+07 p32n=-2.8207168000e+07 p64q=-2.8207137758e+07 p64n=-2.8207137758e+07 alpha_d=-2.6587491675e-04 alpha_p32q=-2.6587493332e-04 alpha_p32n=-2.6587463169e-04 rz32q=7.4995703125e+03 rz32n=7.4995676270e+03 alpha_full_q=-2.6587493011e-04 alpha_full_n=-2.6587453327e-04
  residual=6.237e+02
iter=164 pAp_d=1.4509569894e+10 p8q=6.4000000000e+01 p8n=6.4000000000e+01 p8q_e2=1.6777216000e+07 p8n_e2=1.6777216000e+07 p16q=2.6843545600e+08 p16n=6.7108864000e+07 p16q_e2=1.5032385536e+10 p16n_e2=1.1811160064e+10 p32q=1.4509572096e+10 p32n=1.4510358528e+10 p64q=1.4509569894e+10 p64n=1.4509569894e+10 alpha_d=1.0829637561e-05 alpha_p32q=1.0829635918e-05 alpha_p32n=1.0829048973e-05 rz32q=1.5713339062e+05 rz32n=1.5713343750e+05 alpha_full_q=1.0829636435e-05 alpha_full_n=1.0829052721e-05
  residual=1.196e+02
iter=165 pAp_d=5.6948935588e+07 p8q=6.4000000000e+01 p8n=0.0000000000e+00 p8q_e2=1.6777216000e+07 p8n_e2=1.0485760000e+06 p16q=6.7108864000e+07 p16n=8.3886080000e+06 p16q_e2=5.6623104000e+07 p16n_e2=3.9845888000e+07 p32q=5.6948928000e+07 p32n=5.6949184000e+07 p64q=5.6948935588e+07 p64n=5.6948935588e+07 alpha_d=1.0188955205e-04 alpha_p32q=1.0188956562e-04 alpha_p32n=1.0188910760e-04 rz32q=5.8025014648e+03 rz32n=5.8025017090e+03 alpha_full_q=1.0188956436e-04 alpha_full_n=1.0188911063e-04
  residual=2.191e+02
iter=166 pAp_d=-3.0727172406e+08 p8q=-6.4000000000e+01 p8n=6.4000000000e+01 p8q_e2=-1.6777216000e+07 p8n_e2=2.6214400000e+05 p16q=-2.6843545600e+08 p16n=-1.6777216000e+07 p16q_e2=-3.0198988800e+08 p16n_e2=-2.3907532800e+08 p32q=-3.0727168000e+08 p32n=-3.0727193600e+08 p64q=-3.0727172406e+08 p64n=-3.0727172406e+08 alpha_d=-5.4431211180e-05 alpha_p32q=-5.4431218986e-05 alpha_p32n=-5.4431173637e-05 rz32q=1.6725171875e+04 rz32n=1.6725161133e+04 alpha_full_q=-5.4431218246e-05 alpha_full_n=-5.4431137938e-05
  residual=1.636e+02
iter=167 pAp_d=1.6890643073e+08 p8q=6.4000000000e+01 p8n=0.0000000000e+00 p8q_e2=1.6777216000e+07 p8n_e2=1.6777216000e+07 p16q=2.6843545600e+08 p16n=1.2582912000e+07 p16q_e2=1.6777216000e+08 p16n_e2=1.3421772800e+08 p32q=1.6890643200e+08 p32n=1.6890681600e+08 p64q=1.6890643073e+08 p64n=1.6890643073e+08 alpha_d=5.9228453295e-05 alpha_p32q=5.9228452851e-05 alpha_p32n=5.9228318198e-05 rz32q=1.0004066406e+04 rz32n=1.0004065430e+04 alpha_full_q=5.9228451444e-05 alpha_full_n=5.9228311010e-05
  residual=1.420e+02
iter=168 pAp_d=-4.7578091333e+07 p8q=-6.4000000000e+01 p8n=6.4000000000e+01 p8q_e2=-1.6777216000e+07 p8n_e2=-1.6777216000e+07 p16q=-3.3554432000e+07 p16n=-3.6700160000e+06 p16q_e2=-4.7185920000e+07 p16n_e2=-3.8797312000e+07 p32q=-4.7578096000e+07 p32n=-4.7578272000e+07 p64q=-4.7578091333e+07 p64n=-4.7578091333e+07 alpha_d=-1.4588091492e-04 alpha_p32q=-1.4588090061e-04 alpha_p32n=-1.4588036098e-04 rz32q=6.9407355957e+03 rz32n=6.9407355957e+03 alpha_full_q=-1.4588090275e-04 alpha_full_n=-1.4588036311e-04
  residual=2.884e+02
iter=169 pAp_d=1.1153277159e+09 p8q=6.4000000000e+01 p8n=6.4000000000e+01 p8q_e2=1.6777216000e+07 p8n_e2=1.0485760000e+06 p16q=2.6843545600e+08 p16n=3.3554432000e+07 p16q_e2=1.1408506880e+09 p16n_e2=6.3753420800e+08 p32q=1.1153274880e+09 p32n=1.1153223680e+09 p64q=1.1153277159e+09 p64n=1.1153277159e+09 alpha_d=2.8208422273e-05 alpha_p32q=2.8208428038e-05 alpha_p32n=2.8208557532e-05 rz32q=3.1461634766e+04 rz32n=3.1461631836e+04 alpha_full_q=2.8208427663e-05 alpha_full_n=2.8208554530e-05
  residual=1.249e+02
iter=170 pAp_d=-6.4662830754e+06 p8q=-6.4000000000e+01 p8n=-6.4000000000e+01 p8q_e2=-1.6777216000e+07 p8n_e2=-1.0485760000e+06 p16q=-6.2914560000e+06 p16n=-8.3886080000e+06 p16q_e2=-6.4880640000e+06 p16n_e2=-4.8496640000e+06 p32q=-6.4662830000e+06 p32n=-6.4663010000e+06 p64q=-6.4662830754e+06 p64n=-6.4662830754e+06 alpha_d=-8.8733077267e-04 alpha_p32q=-8.8733078302e-04 alpha_p32n=-8.8732831300e-04 rz32q=5.7377319336e+03 rz32n=5.7377294922e+03 alpha_full_q=-8.8733077930e-04 alpha_full_n=-8.8732793172e-04
  residual=1.806e+03
iter=171 pAp_d=3.2551632030e+11 p8q=6.4000000000e+01 p8n=6.4000000000e+01 p8q_e2=1.6777216000e+07 p8n_e2=1.6777216000e+07 p16q=2.6843545600e+08 p16n=-2.6843545600e+08 p16q_e2=3.4359738368e+11 p16n_e2=1.7179869184e+11 p32q=3.2551678771e+11 p32n=3.2550839910e+11 p64q=3.2551632030e+11 p64n=3.2551632030e+11 alpha_d=3.8975285532e-06 alpha_p32q=3.8975229567e-06 alpha_p32n=3.8976233989e-06 rz32q=1.2687092500e+06 rz32n=1.2687072500e+06 alpha_full_q=3.8975232550e-06 alpha_full_n=3.8976175530e-06
  residual=1.207e+02
iter=172 pAp_d=4.3804662160e+07 p8q=6.4000000000e+01 p8n=0.0000000000e+00 p8q_e2=1.6777216000e+07 p8n_e2=1.0485760000e+06 p16q=3.3554432000e+07 p16n=8.3886080000e+06 p16q_e2=4.4040192000e+07 p16n_e2=4.1943040000e+07 p32q=4.3804656000e+07 p32n=4.3804448000e+07 p64q=4.3804662160e+07 p64n=4.3804662160e+07 alpha_d=1.3417849233e-04 alpha_p32q=1.3417851120e-04 alpha_p32n=1.3417914833e-04 rz32q=5.8776435547e+03 rz32n=5.8776394043e+03 alpha_full_q=1.3417851186e-04 alpha_full_n=1.3417905424e-04
  residual=3.020e+02
iter=173 pAp_d=-1.2220683829e+09 p8q=-6.4000000000e+01 p8n=3.2000000000e+01 p8q_e2=-1.6777216000e+07 p8n_e2=-1.6777216000e+07 p16q=-2.6843545600e+08 p16n=-6.7108864000e+07 p16q_e2=-1.2079595520e+09 p16n_e2=-1.0737418240e+09 p32q=-1.2220682240e+09 p32n=-1.2220733440e+09 p64q=-1.2220683829e+09 p64n=-1.2220683829e+09 alpha_d=-2.9157181337e-05 alpha_p32q=-2.9157185129e-05 alpha_p32n=-2.9157062972e-05 rz32q=3.5632070312e+04 rz32n=3.5632070312e+04 alpha_full_q=-2.9157185837e-05 alpha_full_n=-2.9157063680e-05
  residual=1.557e+02
iter=174 pAp_d=1.6088373355e+08 p8q=-6.4000000000e+01 p8n=-6.4000000000e+01 p8q_e2=1.6777216000e+07 p8n_e2=1.0485760000e+06 p16q=2.6843545600e+08 p16n=1.6777216000e+07 p16q_e2=1.5938355200e+08 p16n_e2=1.3002342400e+08 p32q=1.6088371200e+08 p32n=1.6088345600e+08 p64q=1.6088373355e+08 p64n=1.6088373355e+08 alpha_d=5.7738540027e-05 alpha_p32q=5.7738547761e-05 alpha_p32n=5.7738639636e-05 rz32q=9.2891918945e+03 rz32n=9.2891884766e+03 alpha_full_q=5.7738547794e-05 alpha_full_n=5.7738618423e-05
  residual=1.459e+02
iter=175 pAp_d=-4.8619280582e+07 p8q=-6.4000000000e+01 p8n=-6.4000000000e+01 p8q_e2=-1.6777216000e+07 p8n_e2=-1.0485760000e+06 p16q=-3.3554432000e+07 p16n=-8.3886080000e+06 p16q_e2=-4.8234496000e+07 p16n_e2=-4.7185920000e+07 p32q=-4.8619280000e+07 p32n=-4.8619376000e+07 p64q=-4.8619280582e+07 p64n=-4.8619280582e+07 alpha_d=-1.5164679194e-04 alpha_p32q=-1.5164679376e-04 alpha_p32n=-1.5164649433e-04 rz32q=7.3729580078e+03 rz32n=7.3729555664e+03 alpha_full_q=-1.5164679542e-04 alpha_full_n=-1.5164644578e-04
  residual=3.171e+02
iter=176 pAp_d=1.4037972079e+09 p8q=-6.4000000000e+01 p8n=-6.4000000000e+01 p8q_e2=1.6777216000e+07 p8n_e2=-1.6777216000e+07 p16q=2.6843545600e+08 p16n=6.7108864000e+07 p16q_e2=1.4092861440e+09 p16n_e2=1.0401873920e+09 p32q=1.4037975040e+09 p32n=1.4037800960e+09 p64q=1.4037972079e+09 p64n=1.4037972079e+09 alpha_d=2.5538590177e-05 alpha_p32q=2.5538584789e-05 alpha_p32n=2.5538901488e-05 rz32q=3.5851001953e+04 rz32n=3.5850994141e+04 alpha_full_q=2.5538585053e-05 alpha_full_n=2.5538896187e-05
  residual=1.189e+02
iter=177 pAp_d=5.4179195346e+06 p8q=-6.4000000000e+01 p8n=6.4000000000e+01 p8q_e2=1.6777216000e+07 p8n_e2=-1.0485760000e+06 p16q=6.2914560000e+06 p16n=-1.0485760000e+06 p16q_e2=5.4394880000e+06 p16n_e2=6.1603840000e+06 p32q=5.4179190000e+06 p32n=5.4179620000e+06 p64q=5.4179195346e+06 p64n=5.4179195346e+06 alpha_d=9.2570439113e-04 alpha_p32q=9.2570448247e-04 alpha_p32n=9.2569713556e-04 rz32q=5.0153918457e+03 rz32n=5.0153916016e+03 alpha_full_q=9.2570447172e-04 alpha_full_n=9.2569707974e-04
  residual=1.580e+03
iter=178 pAp_d=-1.5957947593e+11 p8q=6.4000000000e+01 p8n=6.4000000000e+01 p8q_e2=-1.6777216000e+07 p8n_e2=1.6777216000e+07 p16q=-2.6843545600e+08 p16n=2.6843545600e+08 p16q_e2=-1.7179869184e+11 p16n_e2=-1.7179869184e+11 p32q=-1.5957963571e+11 p32n=-1.5957701427e+11 p64q=-1.5957947593e+11 p64n=-1.5957947593e+11 alpha_d=-5.4803919871e-06 alpha_p32q=-5.4803864998e-06 alpha_p32n=-5.4804765285e-06 rz32q=8.7455806250e+05 rz32n=8.7455800000e+05 alpha_full_q=-5.4803863826e-06 alpha_full_n=-5.4804760196e-06
  residual=1.222e+02
iter=179 pAp_d=3.7628664745e+07 p8q=6.4000000000e+01 p8n=1.4000000000e+01 p8q_e2=1.6777216000e+07 p8n_e2=1.0485760000e+06 p16q=3.3554432000e+07 p16n=4.1943040000e+06 p16q_e2=3.7748736000e+07 p16n_e2=2.9884416000e+07 p32q=3.7628672000e+07 p32n=3.7628592000e+07 p64q=3.7628664745e+07 p64n=3.7628664745e+07 alpha_d=1.3084677801e-04 alpha_p32q=1.3084675278e-04 alpha_p32n=1.3084703097e-04 rz32q=4.9235895996e+03 rz32n=4.9235891113e+03 alpha_full_q=1.3084675429e-04 alpha_full_n=1.3084701950e-04
  residual=2.305e+02
iter=180 pAp_d=-3.0537293792e+08 p8q=-6.4000000000e+01 p8n=-6.4000000000e+01 p8q_e2=-1.6777216000e+07 p8n_e2=-1.6777216000e+07 p16q=-2.6843545600e+08 p16n=-1.2582912000e+07 p16q_e2=-3.0198988800e+08 p16n_e2=-2.8521267200e+08 p32q=-3.0537292800e+08 p32n=-3.0537395200e+08 p64q=-3.0537293792e+08 p64n=-3.0537293792e+08 alpha_d=-6.2423762188e-05 alpha_p32q=-6.2423764215e-05 alpha_p32n=-6.2423554892e-05 rz32q=1.9062527344e+04 rz32n=1.9062525391e+04 alpha_full_q=-6.2423763195e-05 alpha_full_n=-6.2423547476e-05
  residual=2.702e+02
iter=181 pAp_d=1.4661202705e+09 p8q=6.4000000000e+01 p8n=-6.4000000000e+01 p8q_e2=1.6777216000e+07 p8n_e2=-1.6777216000e+07 p16q=2.6843545600e+08 p16n=6.7108864000e+07 p16q_e2=1.4763950080e+09 p16n_e2=1.1408506880e+09 p32q=1.4661201920e+09 p32n=1.4661273600e+09 p64q=1.4661202705e+09 p64n=1.4661202705e+09 alpha_d=2.0390833845e-05 alpha_p32q=2.0390834937e-05 alpha_p32n=2.0390735245e-05 rz32q=2.9895415039e+04 rz32n=2.9895396484e+04 alpha_full_q=2.0390835078e-05 alpha_full_n=2.0390722730e-05
  residual=1.220e+02
iter=182 pAp_d=3.8160315614e+07 p8q=6.4000000000e+01 p8n=-6.4000000000e+01 p8q_e2=1.6777216000e+07 p8n_e2=1.0485760000e+06 p16q=3.3554432000e+07 p16n=8.3886080000e+06 p16q_e2=3.7748736000e+07 p16n_e2=3.9845888000e+07 p32q=3.8160320000e+07 p32n=3.8160400000e+07 p64q=3.8160315614e+07 p64n=3.8160315614e+07 alpha_d=1.4288363849e-04 alpha_p32q=1.4288362206e-04 alpha_p32n=1.4288332252e-04 rz32q=5.4524846191e+03 rz32n=5.4524865723e+03 alpha_full_q=1.4288361888e-04 alpha_full_n=1.4288337052e-04
  residual=2.886e+02
iter=183 pAp_d=-7.3075746485e+08 p8q=-6.4000000000e+01 p8n=-6.4000000000e+01 p8q_e2=-1.6777216000e+07 p8n_e2=-1.6777216000e+07 p16q=-2.6843545600e+08 p16n=-6.7108864000e+07 p16q_e2=-7.3819750400e+08 p16n_e2=-4.3620761600e+08 p32q=-7.3075763200e+08 p32n=-7.3075865600e+08 p64q=-7.3075746485e+08 p64n=-7.3075746485e+08 alpha_d=-3.8313645935e-05 alpha_p32q=-3.8313637171e-05 alpha_p32n=-3.8313583483e-05 rz32q=2.7997982422e+04 rz32n=2.7997976562e+04 alpha_full_q=-3.8313636691e-05 alpha_full_n=-3.8313574985e-05
  residual=1.722e+02
iter=184 pAp_d=2.8222332696e+08 p8q=6.4000000000e+01 p8n=-6.4000000000e+01 p8q_e2=1.6777216000e+07 p8n_e2=1.6777216000e+07 p16q=2.6843545600e+08 p16n=3.3554432000e+07 p16q_e2=2.8521267200e+08 p16n_e2=2.3907532800e+08 p32q=2.8222336000e+08 p32n=2.8222438400e+08 p64q=2.8222332696e+08 p64n=2.8222332696e+08 alpha_d=4.0384630900e-05 alpha_p32q=4.0384626172e-05 alpha_p32n=4.0384479644e-05 rz32q=1.1397484863e+04 rz32n=1.1397480957e+04 alpha_full_q=4.0384626075e-05 alpha_full_n=4.0384465706e-05
  residual=1.289e+02
iter=185 pAp_d=-3.0333969468e+06 p8q=-6.4000000000e+01 p8n=0.0000000000e+00 p8q_e2=1.0485760000e+06 p8n_e2=-1.0485760000e+06 p16q=-3.1457280000e+06 p16n=-2.0971520000e+06 p16q_e2=-3.0474240000e+06 p16n_e2=-5.3084160000e+06 p32q=-3.0333970000e+06 p32n=-3.0334020000e+06 p64q=-3.0333969468e+06 p64n=-3.0333969468e+06 alpha_d=-1.9207703351e-03 alpha_p32q=-1.9207703014e-03 alpha_p32n=-1.9207671354e-03 rz32q=5.8264589844e+03 rz32n=5.8264577637e+03 alpha_full_q=-1.9207703391e-03 alpha_full_n=-1.9207667707e-03
  residual=3.920e+03
iter=186 pAp_d=2.4563394958e+12 p8q=6.4000000000e+01 p8n=0.0000000000e+00 p8q_e2=1.6777216000e+07 p8n_e2=0.0000000000e+00 p16q=2.6843545600e+08 p16n=2.6843545600e+08 p16q_e2=2.1990232556e+12 p16n_e2=-1.0995116278e+12 p32q=2.4563354173e+12 p32n=2.4572246098e+12 p64q=2.4563394958e+12 p64n=2.4563394958e+12 alpha_d=2.1147945843e-06 alpha_p32q=2.1147980957e-06 alpha_p32n=2.1140328166e-06 rz32q=5.1946530000e+06 rz32n=5.1946520000e+06 alpha_full_q=2.1147979072e-06 alpha_full_n=2.1140322213e-06
  residual=1.217e+02
iter=187 pAp_d=2.9314392413e+07 p8q=6.4000000000e+01 p8n=6.4000000000e+01 p8q_e2=1.6777216000e+07 p8n_e2=1.0485760000e+06 p16q=3.3554432000e+07 p16n=2.6214400000e+06 p16q_e2=2.9360128000e+07 p16n_e2=2.2020096000e+07 p32q=2.9314392000e+07 p32n=2.9314232000e+07 p64q=2.9314392413e+07 p64n=2.9314392413e+07 alpha_d=1.7514195386e-04 alpha_p32q=1.7514195633e-04 alpha_p32n=1.7514291227e-04 rz32q=5.1341799316e+03 rz32n=5.1341791992e+03 alpha_full_q=1.7514195524e-04 alpha_full_n=1.7514288620e-04
  residual=3.197e+02
iter=188 pAp_d=-1.2927898501e+09 p8q=-6.4000000000e+01 p8n=0.0000000000e+00 p8q_e2=-1.6777216000e+07 p8n_e2=-1.6777216000e+07 p16q=-2.6843545600e+08 p16n=-6.7108864000e+07 p16q_e2=-1.2750684160e+09 p16n_e2=-7.3819750400e+08 p32q=-1.2927897600e+09 p32n=-1.2927989760e+09 p64q=-1.2927898501e+09 p64n=-1.2927898501e+09 alpha_d=-2.8464105257e-05 alpha_p32q=-2.8464107241e-05 alpha_p32n=-2.8463904328e-05 rz32q=3.6798105469e+04 rz32n=3.6798093750e+04 alpha_full_q=-2.8464106545e-05 alpha_full_n=-2.8463894568e-05
  residual=1.455e+02
iter=189 pAp_d=9.1333688667e+07 p8q=6.4000000000e+01 p8n=0.0000000000e+00 p8q_e2=1.6777216000e+07 p8n_e2=2.6214400000e+05 p16q=6.7108864000e+07 p16n=8.3886080000e+06 p16q_e2=9.2274688000e+07 p16n_e2=7.7594624000e+07 p32q=9.1333696000e+07 p32n=9.1334240000e+07 p64q=9.1333688667e+07 p64n=9.1333688667e+07 alpha_d=7.9867371058e-05 alpha_p32q=7.9867364645e-05 alpha_p32n=7.9866888944e-05 rz32q=7.2945815430e+03 rz32n=7.2945781250e+03 alpha_full_q=7.9867363990e-05 alpha_full_n=7.9866850866e-05
  residual=1.799e+02
iter=190 pAp_d=-1.6962231906e+08 p8q=-6.4000000000e+01 p8n=6.4000000000e+01 p8q_e2=-1.6777216000e+07 p8n_e2=-1.6777216000e+07 p16q=-2.6843545600e+08 p16n=-3.3554432000e+07 p16q_e2=-1.6777216000e+08 p16n_e2=-1.4680064000e+08 p32q=-1.6962233600e+08 p32n=-1.6962291200e+08 p64q=-1.6962231906e+08 p64n=-1.6962231906e+08 alpha_d=-7.3831917991e-05 alpha_p32q=-7.3831910617e-05 alpha_p32n=-7.3831659901e-05 rz32q=1.2523541016e+04 rz32n=1.2523532715e+04 alpha_full_q=-7.3831909824e-05 alpha_full_n=-7.3831610171e-05
  residual=2.451e+02
iter=191 pAp_d=8.3673930154e+08 p8q=6.4000000000e+01 p8n=6.4000000000e+01 p8q_e2=1.6777216000e+07 p8n_e2=1.6777216000e+07 p16q=2.6843545600e+08 p16n=6.7108864000e+07 p16q_e2=8.3886080000e+08 p16n_e2=5.7042534400e+08 p32q=8.3673907200e+08 p32n=8.3674060800e+08 p64q=8.3673930154e+08 p64n=8.3673930154e+08 alpha_d=2.7050962578e-05 alpha_p32q=2.7050969998e-05 alpha_p32n=2.7050920341e-05 rz32q=2.2634603516e+04 rz32n=2.2634604492e+04 alpha_full_q=2.7050969977e-05 alpha_full_n=2.7050921487e-05
  residual=1.379e+02
iter=192 pAp_d=7.3765762575e+07 p8q=6.4000000000e+01 p8n=-6.4000000000e+01 p8q_e2=1.6777216000e+07 p8n_e2=1.0485760000e+06 p16q=6.7108864000e+07 p16n=1.6777216000e+07 p16q_e2=7.3400320000e+07 p16n_e2=7.5497472000e+07 p32q=7.3765760000e+07 p32n=7.3765568000e+07 p64q=7.3765762575e+07 p64n=7.3765762575e+07 alpha_d=1.0993991686e-04 alpha_p32q=1.0993992070e-04 alpha_p32n=1.0994020685e-04 rz32q=8.1098017578e+03 rz32n=8.1097995605e+03 alpha_full_q=1.0993992006e-04 alpha_full_n=1.0994017643e-04
  residual=3.618e+02
iter=193 pAp_d=-1.6244645684e+09 p8q=6.4000000000e+01 p8n=-6.4000000000e+01 p8q_e2=-1.6777216000e+07 p8n_e2=-1.6777216000e+07 p16q=-2.6843545600e+08 p16n=-6.7108864000e+07 p16q_e2=-1.6106127360e+09 p16n_e2=-1.1408506880e+09 p32q=-1.6244643840e+09 p32n=-1.6244746240e+09 p64q=-1.6244645684e+09 p64n=-1.6244645684e+09 alpha_d=-2.8258450541e-05 alpha_p32q=-2.8258453748e-05 alpha_p32n=-2.8258275619e-05 rz32q=4.5904851562e+04 rz32n=4.5904822266e+04 alpha_full_q=-2.8258453688e-05 alpha_full_n=-2.8258257524e-05
  residual=1.838e+02
iter=194 pAp_d=2.8339673970e+08 p8q=6.4000000000e+01 p8n=-6.4000000000e+01 p8q_e2=1.6777216000e+07 p8n_e2=1.6777216000e+07 p16q=2.6843545600e+08 p16n=1.6777216000e+07 p16q_e2=2.8521267200e+08 p16n_e2=2.6843545600e+08 p32q=2.8339686400e+08 p32n=2.8339609600e+08 p64q=2.8339673970e+08 p64n=2.8339673970e+08 alpha_d=4.3368697833e-05 alpha_p32q=4.3368678811e-05 alpha_p32n=4.3368796340e-05 rz32q=1.2290547363e+04 rz32n=1.2290550293e+04 alpha_full_q=4.3368678079e-05 alpha_full_n=4.3368805945e-05
  residual=1.387e+02
iter=195 pAp_d=-5.7888670360e+06 p8q=-6.4000000000e+01 p8n=0.0000000000e+00 p8q_e2=-1.6777216000e+07 p8n_e2=1.0485760000e+06 p16q=-6.2914560000e+06 p16n=-4.1943040000e+06 p16q_e2=-5.7671680000e+06 p16n_e2=-7.6021760000e+06 p32q=-5.7888670000e+06 p32n=-5.7888360000e+06 p64q=-5.7888670360e+06 p64n=-5.7888670360e+06 alpha_d=-1.1875470711e-03 alpha_p32q=-1.1875470785e-03 alpha_p32n=-1.1875534379e-03 rz32q=6.8745520020e+03 rz32n=6.8745507812e+03 alpha_full_q=-1.1875470627e-03 alpha_full_n=-1.1875532113e-03
  residual=2.772e+03
iter=196 pAp_d=7.1635983097e+11 p8q=6.4000000000e+01 p8n=6.4000000000e+01 p8q_e2=1.6777216000e+07 p8n_e2=1.6777216000e+07 p16q=2.6843545600e+08 p16n=0.0000000000e+00 p16q_e2=6.8719476736e+11 p16n_e2=-2.4051816858e+11 p32q=7.1635986022e+11 p32n=7.1629904282e+11 p64q=7.1635983097e+11 p64n=7.1635983097e+11 alpha_d=3.3186577269e-06 alpha_p32q=3.3186575914e-06 alpha_p32n=3.3189393622e-06 rz32q=2.3773530000e+06 rz32n=2.3773520000e+06 alpha_full_q=3.3186574681e-06 alpha_full_n=3.3189378429e-06
  residual=1.294e+02
iter=197 pAp_d=7.4040420839e+07 p8q=6.4000000000e+01 p8n=-6.4000000000e+01 p8q_e2=1.6777216000e+07 p8n_e2=1.0485760000e+06 p16q=6.7108864000e+07 p16n=8.3886080000e+06 p16q_e2=7.3400320000e+07 p16n_e2=6.7108864000e+07 p32q=7.4040416000e+07 p32n=7.4040384000e+07 p64q=7.4040420839e+07 p64n=7.4040420839e+07 alpha_d=7.9544604521e-05 alpha_p32q=7.9544609720e-05 alpha_p32n=7.9544644099e-05 rz32q=5.8895161133e+03 rz32n=5.8895139160e+03 alpha_full_q=7.9544611328e-05 alpha_full_n=7.9544616030e-05
  residual=1.894e+02
iter=198 pAp_d=-9.5397216141e+07 p8q=-6.4000000000e+01 p8n=6.4000000000e+01 p8q_e2=-1.6777216000e+07 p8n_e2=-1.6777216000e+07 p16q=-6.7108864000e+07 p16n=-1.6777216000e+07 p16q_e2=-9.4371840000e+07 p16n_e2=-7.9691776000e+07 p32q=-9.5397216000e+07 p32n=-9.5397248000e+07 p64q=-9.5397216141e+07 p64n=-9.5397216141e+07 alpha_d=-1.4725486084e-04 alpha_p32q=-1.4725486106e-04 alpha_p32n=-1.4725481167e-04 rz32q=1.4047703613e+04 rz32n=1.4047709473e+04 alpha_full_q=-1.4725485923e-04 alpha_full_n=-1.4725487126e-04
  residual=6.347e+02
iter=199 pAp_d=1.1437891582e+10 p8q=6.4000000000e+01 p8n=6.4000000000e+01 p8q_e2=1.6777216000e+07 p8n_e2=1.6777216000e+07 p16q=2.6843545600e+08 p16n=3.3554432000e+07 p16q_e2=1.1811160064e+10 p16n_e2=5.3687091200e+09 p32q=1.1437899776e+10 p32n=1.1438309376e+10 p64q=1.1437891582e+10 p64n=1.1437891582e+10 alpha_d=1.2112181605e-05 alpha_p32q=1.2112172928e-05 alpha_p32n=1.2111739197e-05 rz32q=1.3853781250e+05 rz32n=1.3853787500e+05 alpha_full_q=1.2112172271e-05 alpha_full_n=1.2111744004e-05
  residual=1.211e+02
iter=200 pAp_d=2.3517751251e+07 p8q=6.4000000000e+01 p8n=-6.4000000000e+01 p8q_e2=1.6777216000e+07 p8n_e2=1.0485760000e+06 p16q=1.6777216000e+07 p16n=4.1943040000e+06 p16q_e2=2.3592960000e+07 p16n_e2=2.4117248000e+07 p32q=2.3517752000e+07 p32n=2.3517760000e+07 p64q=2.3517751251e+07 p64n=2.3517751251e+07 alpha_d=2.0108777241e-04 alpha_p32q=2.0108776601e-04 alpha_p32n=2.0108769761e-04 rz32q=4.7291323242e+03 rz32n=4.7291311035e+03 alpha_full_q=2.0108777081e-04 alpha_full_n=2.0108765050e-04
  residual=3.355e+02
iter=201 pAp_d=-9.3796544599e+08 p8q=-6.4000000000e+01 p8n=0.0000000000e+00 p8q_e2=-1.6777216000e+07 p8n_e2=-1.6777216000e+07 p16q=-2.6843545600e+08 p16n=-6.7108864000e+07 p16q_e2=-9.3952409600e+08 p16n_e2=-5.2009369600e+08 p32q=-9.3796556800e+08 p32n=-9.3796556800e+08 p64q=-9.3796544599e+08 p64n=-9.3796544599e+08 alpha_d=-3.5057542859e-05 alpha_p32q=-3.5057538298e-05 alpha_p32n=-3.5057538298e-05 rz32q=3.2882763672e+04 rz32n=3.2882732422e+04 alpha_full_q=-3.5057538138e-05 alpha_full_n=-3.5057504821e-05
  residual=1.462e+02
iter=202 pAp_d=8.1445937556e+07 p8q=6.4000000000e+01 p8n=0.0000000000e+00 p8q_e2=1.6777216000e+07 p8n_e2=2.6214400000e+05 p16q=6.7108864000e+07 p16n=8.3886080000e+06 p16q_e2=8.1788928000e+07 p16n_e2=6.9206016000e+07 p32q=8.1445952000e+07 p32n=8.1445888000e+07 p64q=8.1445937556e+07 p64n=8.1445937556e+07 alpha_d=8.5726335873e-05 alpha_p32q=8.5726320670e-05 alpha_p32n=8.5726388034e-05 rz32q=6.9820617676e+03 rz32n=6.9820605469e+03 alpha_full_q=8.5726320291e-05 alpha_full_n=8.5726372667e-05
  residual=1.740e+02
iter=203 pAp_d=-8.6035963153e+07 p8q=-6.4000000000e+01 p8n=-6.4000000000e+01 p8q_e2=-1.6777216000e+07 p8n_e2=-1.0485760000e+06 p16q=-6.7108864000e+07 p16n=-8.3886080000e+06 p16q_e2=-8.5983232000e+07 p16n_e2=-7.7594624000e+07 p32q=-8.6035968000e+07 p32n=-8.6035968000e+07 p64q=-8.6035963153e+07 p64n=-8.6035963153e+07 alpha_d=-1.0659557694e-04 alpha_p32q=-1.0659557094e-04 alpha_p32n=-1.0659557094e-04 rz32q=9.1710532227e+03 rz32n=9.1710498047e+03 alpha_full_q=-1.0659557201e-04 alpha_full_n=-1.0659553229e-04
  residual=2.465e+02
iter=204 pAp_d=5.4022861786e+08 p8q=6.4000000000e+01 p8n=-6.4000000000e+01 p8q_e2=1.6777216000e+07 p8n_e2=-1.0485760000e+06 p16q=2.6843545600e+08 p16n=6.7108864000e+07 p16q_e2=5.3687091200e+08 p16n_e2=2.6424115200e+08 p32q=5.4022860800e+08 p32n=5.4022502400e+08 p64q=5.4022861786e+08 p64n=5.4022861786e+08 alpha_d=3.6922357324e-05 alpha_p32q=3.6922357998e-05 alpha_p32n=3.6922602951e-05 rz32q=1.9946513672e+04 rz32n=1.9946502930e+04 alpha_full_q=3.6922357270e-05 alpha_full_n=3.6922582338e-05
  residual=1.339e+02
iter=205 pAp_d=1.8750428324e+07 p8q=-6.4000000000e+01 p8n=6.4000000000e+01 p8q_e2=1.6777216000e+07 p8n_e2=1.0485760000e+06 p16q=1.6777216000e+07 p16n=6.2914560000e+06 p16q_e2=1.8874368000e+07 p16n_e2=1.9398656000e+07 p32q=1.8750432000e+07 p32n=1.8750416000e+07 p64q=1.8750428324e+07 p64n=1.8750428324e+07 alpha_d=3.3183111472e-04 alpha_p32q=3.3183104966e-04 alpha_p32n=3.3183133282e-04 rz32q=6.2219755859e+03 rz32n=6.2219753418e+03 alpha_full_q=3.3183105253e-04 alpha_full_n=3.3183132266e-04
  residual=8.230e+02
iter=206 pAp_d=-2.8976933091e+10 p8q=-6.4000000000e+01 p8n=6.4000000000e+01 p8q_e2=-1.6777216000e+07 p8n_e2=1.6777216000e+07 p16q=-2.6843545600e+08 p16n=6.7108864000e+07 p16q_e2=-2.7917287424e+10 p16n_e2=-1.9327352832e+10 p32q=-2.8976939008e+10 p32n=-2.8977201152e+10 p64q=-2.8976933091e+10 p64n=-2.8976933091e+10 alpha_d=-9.0119035930e-06 alpha_p32q=-9.0119017529e-06 alpha_p32n=-9.0118202262e-06 rz32q=2.6113732812e+05 rz32n=2.6113717188e+05 alpha_full_q=-9.0119017765e-06 alpha_full_n=-9.0118148577e-06
  residual=1.436e+02
iter=207 pAp_d=9.9448328188e+07 p8q=6.4000000000e+01 p8n=-1.0000000000e+01 p8q_e2=1.6777216000e+07 p8n_e2=-8.1920000000e+03 p16q=6.7108864000e+07 p16n=4.1943040000e+06 p16q_e2=9.8566144000e+07 p16n_e2=7.1303168000e+07 p32q=9.9448320000e+07 p32n=9.9448768000e+07 p64q=9.9448328188e+07 p64n=9.9448328188e+07 alpha_d=8.5441800281e-05 alpha_p32q=8.5441807316e-05 alpha_p32n=8.5441422415e-05 rz32q=8.4970444336e+03 rz32n=8.4970468750e+03 alpha_full_q=8.5441809712e-05 alpha_full_n=8.5441449360e-05
  residual=2.338e+02
iter=208 pAp_d=-4.5253155725e+08 p8q=-6.4000000000e+01 p8n=-6.4000000000e+01 p8q_e2=-1.6777216000e+07 p8n_e2=-1.6777216000e+07 p16q=-2.6843545600e+08 p16n=-6.7108864000e+07 p16q_e2=-4.5298483200e+08 p16n_e2=-3.6909875200e+08 p32q=-4.5253145600e+08 p32n=-4.5253120000e+08 p64q=-4.5253155725e+08 p64n=-4.5253155725e+08 alpha_d=-4.0742512315e-05 alpha_p32q=-4.0742521431e-05 alpha_p32n=-4.0742544479e-05 rz32q=1.8437272461e+04 rz32n=1.8437269531e+04 alpha_full_q=-4.0742521247e-05 alpha_full_n=-4.0742537821e-05
  residual=1.456e+02
iter=209 pAp_d=9.7519492155e+07 p8q=6.4000000000e+01 p8n=6.4000000000e+01 p8q_e2=1.6777216000e+07 p8n_e2=1.0485760000e+06 p16q=6.7108864000e+07 p16n=8.3886080000e+06 p16q_e2=9.6468992000e+07 p16n_e2=7.7594624000e+07 p32q=9.7519488000e+07 p32n=9.7519552000e+07 p64q=9.7519492155e+07 p64n=9.7519492155e+07 alpha_d=7.8833544200e-05 alpha_p32q=7.8833547559e-05 alpha_p32n=7.8833495822e-05 rz32q=7.6878071289e+03 rz32n=7.6878039551e+03 alpha_full_q=7.8833546879e-05 alpha_full_n=7.8833462597e-05
  residual=1.937e+02
iter=210 pAp_d=-1.6086332695e+08 p8q=-6.4000000000e+01 p8n=-6.4000000000e+01 p8q_e2=-1.6777216000e+07 p8n_e2=-1.6777216000e+07 p16q=-2.6843545600e+08 p16n=-1.6777216000e+07 p16q_e2=-1.5938355200e+08 p16n_e2=-1.4680064000e+08 p32q=-1.6086329600e+08 p32n=-1.6086406400e+08 p64q=-1.6086332695e+08 p64n=-1.6086332695e+08 alpha_d=-7.8170037742e-05 alpha_p32q=-7.8170052784e-05 alpha_p32n=-7.8169679584e-05 rz32q=1.2574692383e+04 rz32n=1.2574686523e+04 alpha_full_q=-7.8170053054e-05 alpha_full_n=-7.8169643429e-05
  residual=2.716e+02
iter=211 pAp_d=1.6171651324e+09 p8q=6.4000000000e+01 p8n=-6.0000000000e+00 p8q_e2=1.6777216000e+07 p8n_e2=-1.6777216000e+07 p16q=2.6843545600e+08 p16n=-1.6777216000e+07 p16q_e2=1.6106127360e+09 p16n_e2=1.5435038720e+09 p32q=1.6171653120e+09 p32n=1.6171571200e+09 p64q=1.6171651324e+09 p64n=1.6171651324e+09 alpha_d=2.0188107721e-05 alpha_p32q=2.0188105479e-05 alpha_p32n=2.0188207745e-05 rz32q=3.2647503906e+04 rz32n=3.2647500000e+04 alpha_full_q=2.0188105486e-05 alpha_full_n=2.0188205337e-05
  residual=1.389e+02
iter=212 pAp_d=9.8400573621e+06 p8q=6.4000000000e+01 p8n=2.4000000000e+01 p8q_e2=1.0485760000e+06 p8n_e2=-1.0485760000e+06 p16q=8.3886080000e+06 p16n=-8.3886080000e+06 p16q_e2=9.8304000000e+06 p16n_e2=8.3886080000e+06 p32q=9.8400580000e+06 p32n=9.8402660000e+06 p64q=9.8400573621e+06 p64n=9.8400573621e+06 alpha_d=7.5586620602e-04 alpha_p32q=7.5586615701e-04 alpha_p32n=7.5585017979e-04 rz32q=7.4377668457e+03 rz32n=7.4377648926e+03 alpha_full_q=7.5586615909e-04 alpha_full_n=7.5584998338e-04
  residual=2.059e+03
iter=213 pAp_d=-3.7472314693e+11 p8q=-6.4000000000e+01 p8n=6.4000000000e+01 p8q_e2=1.6777216000e+07 p8n_e2=1.6777216000e+07 p16q=-2.6843545600e+08 p16n=2.6843545600e+08 p16q_e2=-3.4359738368e+11 p16n_e2=-5.4975581389e+11 p32q=-3.7472331366e+11 p32n=-3.7471702221e+11 p64q=-3.7472314693e+11 p64n=-3.7472314693e+11 alpha_d=-3.9117855979e-06 alpha_p32q=-3.9117838574e-06 alpha_p32n=-3.9118495358e-06 rz32q=1.4658365000e+06 rz32n=1.4658340000e+06 alpha_full_q=-3.9117835655e-06 alpha_full_n=-3.9118425722e-06
  residual=1.275e+02
iter=214 pAp_d=3.6981008966e+07 p8q=6.4000000000e+01 p8n=6.4000000000e+01 p8q_e2=1.6777216000e+07 p8n_e2=1.0485760000e+06 p16q=3.3554432000e+07 p16n=4.1943040000e+06 p16q_e2=3.6700160000e+07 p16n_e2=3.3554432000e+07 p32q=3.6981008000e+07 p32n=3.6981024000e+07 p64q=3.6981008966e+07 p64n=3.6981008966e+07 alpha_d=1.4658907316e-04 alpha_p32q=1.4658907699e-04 alpha_p32n=1.4658901356e-04 rz32q=5.4210117188e+03 rz32n=5.4210109863e+03 alpha_full_q=1.4658907401e-04 alpha_full_n=1.4658899078e-04
  residual=2.957e+02
iter=215 pAp_d=-8.3527679649e+08 p8q=-6.4000000000e+01 p8n=6.4000000000e+01 p8q_e2=-1.6777216000e+07 p8n_e2=2.6214400000e+05 p16q=-2.6843545600e+08 p16n=-6.7108864000e+07 p16q_e2=-8.3886080000e+08 p16n_e2=-6.0397977600e+08 p32q=-8.3527680000e+08 p32n=-8.3527577600e+08 p64q=-8.3527679649e+08 p64n=-8.3527679649e+08 alpha_d=-3.3764824491e-05 alpha_p32q=-3.3764824350e-05 alpha_p32n=-3.3764865743e-05 rz32q=2.8202974609e+04 rz32n=2.8202953125e+04 alpha_full_q=-3.3764824558e-05 alpha_full_n=-3.3764840230e-05
  residual=1.397e+02
iter=216 pAp_d=6.5520377647e+07 p8q=6.4000000000e+01 p8n=0.0000000000e+00 p8q_e2=1.6777216000e+07 p8n_e2=1.0485760000e+06 p16q=6.7108864000e+07 p16n=8.3886080000e+06 p16q_e2=6.5011712000e+07 p16n_e2=5.2428800000e+07 p32q=6.5520384000e+07 p32n=6.5520480000e+07 p64q=6.5520377647e+07 p64n=6.5520377647e+07 alpha_d=9.9488151622e-05 alpha_p32q=9.9488141975e-05 alpha_p32n=9.9487996206e-05 rz32q=6.5185012207e+03 rz32n=6.5184990234e+03 alpha_full_q=9.9488141289e-05 alpha_full_n=9.9487961984e-05
  residual=2.014e+02
iter=217 pAp_d=-1.9641547657e+08 p8q=-6.4000000000e+01 p8n=0.0000000000e+00 p8q_e2=-1.6777216000e+07 p8n_e2=-1.6777216000e+07 p16q=-2.6843545600e+08 p16n=-3.3554432000e+07 p16q_e2=-1.9713228800e+08 p16n_e2=-1.5938355200e+08 p32q=-1.9641548800e+08 p32n=-1.9641587200e+08 p64q=-1.9641547657e+08 p64n=-1.9641547657e+08 alpha_d=-6.0064975939e-05 alpha_p32q=-6.0064972442e-05 alpha_p32n=-6.0064855013e-05 rz32q=1.1797690918e+04 rz32n=1.1797689941e+04 alpha_full_q=-6.0064972666e-05 alpha_full_n=-6.0064850265e-05
  residual=1.663e+02
iter=218 pAp_d=2.1074991381e+08 p8q=6.4000000000e+01 p8n=-6.4000000000e+01 p8q_e2=1.6777216000e+07 p8n_e2=1.6777216000e+07 p16q=2.6843545600e+08 p16n=1.6777216000e+07 p16q_e2=2.0971520000e+08 p16n_e2=1.5518924800e+08 p32q=2.1074988800e+08 p32n=2.1075001600e+08 p64q=2.1074991381e+08 p64n=2.1074991381e+08 alpha_d=5.0898851581e-05 alpha_p32q=5.0898857816e-05 alpha_p32n=5.0898826902e-05 rz32q=1.0726928711e+04 rz32n=1.0726930664e+04 alpha_full_q=5.0898858418e-05 alpha_full_n=5.0898836772e-05
  residual=1.710e+02
iter=219 pAp_d=-6.9244694174e+07 p8q=-6.4000000000e+01 p8n=6.4000000000e+01 p8q_e2=-1.6777216000e+07 p8n_e2=-1.6777216000e+07 p16q=-6.7108864000e+07 p16n=-1.6777216000e+07 p16q_e2=-6.9206016000e+07 p16n_e2=-5.6623104000e+07 p32q=-6.9244704000e+07 p32n=-6.9244704000e+07 p64q=-6.9244694174e+07 p64n=-6.9244694174e+07 alpha_d=-1.4304203203e-04 alpha_p32q=-1.4304201174e-04 alpha_p32n=-1.4304201174e-04 rz32q=9.9049018555e+03 rz32n=9.9049038086e+03 alpha_full_q=-1.4304201308e-04 alpha_full_n=-1.4304204129e-04
  residual=4.481e+02
iter=220 pAp_d=6.0391340836e+09 p8q=6.4000000000e+01 p8n=6.4000000000e+01 p8q_e2=1.6777216000e+07 p8n_e2=1.6777216000e+07 p16q=2.6843545600e+08 p16n=2.6843545600e+08 p16q_e2=5.9055800320e+09 p16n_e2=4.2949672960e+09 p32q=6.0391342080e+09 p32n=6.0390686720e+09 p64q=6.0391340836e+09 p64n=6.0391340836e+09 alpha_d=1.3624959335e-05 alpha_p32q=1.3624959055e-05 alpha_p32n=1.3625106913e-05 rz32q=8.2282953125e+04 rz32n=8.2282921875e+04 alpha_full_q=1.3624958527e-05 alpha_full_n=1.3625101211e-05
  residual=1.290e+02
iter=221 pAp_d=4.6647597188e+07 p8q=6.4000000000e+01 p8n=6.4000000000e+01 p8q_e2=1.6777216000e+07 p8n_e2=1.0485760000e+06 p16q=3.3554432000e+07 p16n=8.3886080000e+06 p16q_e2=4.6137344000e+07 p16n_e2=3.8797312000e+07 p32q=4.6647600000e+07 p32n=4.6647552000e+07 p64q=4.6647597188e+07 p64n=4.6647597188e+07 alpha_d=1.2038423720e-04 alpha_p32q=1.2038422994e-04 alpha_p32n=1.2038435381e-04 rz32q=5.6156354980e+03 rz32n=5.6156354980e+03 alpha_full_q=1.2038423194e-04 alpha_full_n=1.2038435582e-04
  residual=2.705e+02
iter=222 pAp_d=-5.3136057944e+08 p8q=-6.4000000000e+01 p8n=6.4000000000e+01 p8q_e2=-1.6777216000e+07 p8n_e2=-1.6777216000e+07 p16q=-2.6843545600e+08 p16n=6.7108864000e+07 p16q_e2=-5.3687091200e+08 p16n_e2=-4.0265318400e+08 p32q=-5.3136051200e+08 p32n=-5.3136000000e+08 p64q=-5.3136057944e+08 p64n=-5.3136057944e+08 alpha_d=-4.4905143907e-05 alpha_p32q=-4.4905149606e-05 alpha_p32n=-4.4905192875e-05 rz32q=2.3860823242e+04 rz32n=2.3860826172e+04 alpha_full_q=-4.4905149523e-05 alpha_full_n=-4.4905198306e-05
  residual=2.034e+02
iter=223 pAp_d=4.5576595252e+08 p8q=6.4000000000e+01 p8n=6.4000000000e+01 p8q_e2=1.6777216000e+07 p8n_e2=1.6777216000e+07 p16q=2.6843545600e+08 p16n=6.7108864000e+07 p16q_e2=4.5298483200e+08 p16n_e2=2.8521267200e+08 p32q=4.5576601600e+08 p32n=4.5576627200e+08 p64q=4.5576595252e+08 p64n=4.5576595252e+08 alpha_d=3.4201961401e-05 alpha_p32q=3.4201956637e-05 alpha_p32n=3.4201937426e-05 rz32q=1.5588089355e+04 rz32n=1.5588084473e+04 alpha_full_q=3.4201956285e-05 alpha_full_n=3.4201926361e-05
  residual=1.371e+02
iter=224 pAp_d=7.7338123587e+06 p8q=-6.4000000000e+01 p8n=0.0000000000e+00 p8q_e2=1.6777216000e+07 p8n_e2=1.0485760000e+06 p16q=8.3886080000e+06 p16n=3.1457280000e+06 p16q_e2=7.7332480000e+06 p16n_e2=6.3569920000e+06 p32q=7.7338130000e+06 p32n=7.7338480000e+06 p64q=7.7338123587e+06 p64n=7.7338123587e+06 alpha_d=7.5912254793e-04 alpha_p32q=7.5912248498e-04 alpha_p32n=7.5911904953e-04 rz32q=5.8709113770e+03 rz32n=5.8709094238e+03 alpha_full_q=7.5912248938e-04 alpha_full_n=7.5911880138e-04
  residual=1.679e+03
iter=225 pAp_d=-1.8017690632e+11 p8q=6.4000000000e+01 p8n=6.4000000000e+01 p8q_e2=-1.6777216000e+07 p8n_e2=1.6777216000e+07 p16q=-2.6843545600e+08 p16n=2.6843545600e+08 p16q_e2=-1.7179869184e+11 p16n_e2=-1.7179869184e+11 p32q=-1.8017681408e+11 p32n=-1.8016213402e+11 p64q=-1.8017690632e+11 p64n=-1.8017690632e+11 alpha_d=-5.1081650386e-06 alpha_p32q=-5.1081676537e-06 alpha_p32n=-5.1085838800e-06 rz32q=9.2037337500e+05 rz32n=9.2037325000e+05 alpha_full_q=-5.1081676613e-06 alpha_full_n=-5.1085831938e-06
  residual=1.398e+02
iter=226 pAp_d=1.0056158582e+08 p8q=6.4000000000e+01 p8n=-6.4000000000e+01 p8q_e2=1.6777216000e+07 p8n_e2=1.6777216000e+07 p16q=6.7108864000e+07 p16n=1.6777216000e+07 p16q_e2=1.0066329600e+08 p16n_e2=9.2274688000e+07 p32q=1.0056160000e+08 p32n=1.0056169600e+08 p64q=1.0056158582e+08 p64n=1.0056158582e+08 alpha_d=7.1423462755e-05 alpha_p32q=7.1423452687e-05 alpha_p32n=7.1423384503e-05 rz32q=7.1824567871e+03 rz32n=7.1824558105e+03 alpha_full_q=7.1423453755e-05 alpha_full_n=7.1423375860e-05
  residual=1.957e+02
iter=227 pAp_d=-1.8598440539e+08 p8q=-6.4000000000e+01 p8n=-6.4000000000e+01 p8q_e2=-1.6777216000e+07 p8n_e2=-1.6777216000e+07 p16q=-2.6843545600e+08 p16n=-1.6777216000e+07 p16q_e2=-1.8454937600e+08 p16n_e2=-1.5938355200e+08 p32q=-1.8598438400e+08 p32n=-1.8598419200e+08 p64q=-1.8598440539e+08 p64n=-1.8598440539e+08 alpha_d=-6.6017431210e-05 alpha_p32q=-6.6017438801e-05 alpha_p32n=-6.6017506954e-05 rz32q=1.2278212891e+04 rz32n=1.2278212402e+04 alpha_full_q=-6.6017439887e-05 alpha_full_n=-6.6017505414e-05
  residual=1.968e+02
iter=228 pAp_d=3.6067213195e+08 p8q=6.4000000000e+01 p8n=6.4000000000e+01 p8q_e2=1.6777216000e+07 p8n_e2=6.5536000000e+04 p16q=2.6843545600e+08 p16n=6.2914560000e+06 p16q_e2=3.6909875200e+08 p16n_e2=2.6424115200e+08 p32q=3.6067225600e+08 p32n=3.6067532800e+08 p64q=3.6067213195e+08 p64n=3.6067213195e+08 alpha_d=4.1909148712e-05 alpha_p32q=4.1909134297e-05 alpha_p32n=4.1908777342e-05 rz32q=1.5115461914e+04 rz32n=1.5115452148e+04 alpha_full_q=4.1909134020e-05 alpha_full_n=4.1908749989e-05
  residual=1.498e+02
iter=229 pAp_d=-3.6747905997e+07 p8q=-6.4000000000e+01 p8n=0.0000000000e+00 p8q_e2=-1.6777216000e+07 p8n_e2=-1.0485760000e+06 p16q=-3.3554432000e+07 p16n=-4.1943040000e+06 p16q_e2=-3.6700160000e+07 p16n_e2=-3.3554432000e+07 p32q=-3.6747904000e+07 p32n=-3.6747888000e+07 p64q=-3.6747905997e+07 p64n=-3.6747905997e+07 alpha_d=-1.7029991057e-04 alpha_p32q=-1.7029991983e-04 alpha_p32n=-1.7029999397e-04 rz32q=6.2581650391e+03 rz32n=6.2581662598e+03 alpha_full_q=-1.7029991803e-04 alpha_full_n=-1.7030002540e-04
  residual=3.368e+02
iter=230 pAp_d=1.5529328068e+09 p8q=6.4000000000e+01 p8n=0.0000000000e+00 p8q_e2=1.6777216000e+07 p8n_e2=-1.6777216000e+07 p16q=2.6843545600e+08 p16n=3.3554432000e+07 p16q_e2=1.5435038720e+09 p16n_e2=7.3819750400e+08 p32q=1.5529328640e+09 p32n=1.5529267200e+09 p64q=1.5529328068e+09 p64n=1.5529328068e+09 alpha_d=2.4640021546e-05 alpha_p32q=2.4640020638e-05 alpha_p32n=2.4640118124e-05 rz32q=3.8264296875e+04 rz32n=3.8264294922e+04 alpha_full_q=2.4640020031e-05 alpha_full_n=2.4640116259e-05
  residual=1.325e+02
iter=231 pAp_d=2.7066911663e+07 p8q=6.4000000000e+01 p8n=-6.4000000000e+01 p8q_e2=1.6777216000e+07 p8n_e2=-2.6214400000e+05 p16q=3.3554432000e+07 p16n=2.6214400000e+06 p16q_e2=2.7262976000e+07 p16n_e2=2.5165824000e+07 p32q=2.7066912000e+07 p32n=2.7066864000e+07 p64q=2.7066911663e+07 p64n=2.7066911663e+07 alpha_d=1.8789260691e-04 alpha_p32q=1.8789260458e-04 alpha_p32n=1.8789293778e-04 rz32q=5.0856726074e+03 rz32n=5.0856701660e+03 alpha_full_q=1.8789260509e-04 alpha_full_n=1.8789284810e-04
  residual=4.202e+02
iter=232 pAp_d=-2.3660633159e+09 p8q=-6.4000000000e+01 p8n=-6.4000000000e+01 p8q_e2=-1.6777216000e+07 p8n_e2=-1.6777216000e+07 p16q=-2.6843545600e+08 p16n=-6.7108864000e+07 p16q_e2=-2.4159191040e+09 p16n_e2=-2.0132659200e+09 p32q=-2.3660625920e+09 p32n=-2.3660707840e+09 p64q=-2.3660633159e+09 p64n=-2.3660633159e+09 alpha_d=-2.3791182222e-05 alpha_p32q=-2.3791189501e-05 alpha_p32n=-2.3791107129e-05 rz32q=5.6291443359e+04 rz32n=5.6291441406e+04 alpha_full_q=-2.3791189443e-05 alpha_full_n=-2.3791106245e-05
  residual=1.726e+02
iter=233 pAp_d=2.4607588695e+08 p8q=6.4000000000e+01 p8n=-6.4000000000e+01 p8q_e2=1.6777216000e+07 p8n_e2=1.6777216000e+07 p16q=2.6843545600e+08 p16n=1.6777216000e+07 p16q_e2=2.4746393600e+08 p16n_e2=2.1390950400e+08 p32q=2.4607590400e+08 p32n=2.4607712000e+08 p64q=2.4607588695e+08 p64n=2.4607588695e+08 alpha_d=4.4277764004e-05 alpha_p32q=4.4277760936e-05 alpha_p32n=4.4277542136e-05 rz32q=1.0895689941e+04 rz32n=1.0895690918e+04 alpha_full_q=4.4277760497e-05 alpha_full_n=4.4277545665e-05
  residual=1.438e+02
iter=234 pAp_d=1.2464584237e+03 p8q=-6.4000000000e+01 p8n=0.0000000000e+00 p8q_e2=-1.0485760000e+06 p8n_e2=-1.0485760000e+06 p16q=1.0240000000e+04 p16n=8.3886080000e+06 p16q_e2=-3.2150000000e+02 p16n_e2=5.0995200000e+05 p32q=1.2464906616e+03 p32n=1.2478417969e+03 p64q=1.2464584238e+03 p64n=1.2464584238e+03 alpha_d=4.7463231319e+00 alpha_p32q=4.7462003781e+00 alpha_p32n=4.7410612982e+00 rz32q=5.9160944824e+03 rz32n=5.9160913086e+03 alpha_full_q=4.7462004045e+00 alpha_full_n=4.7410587812e+00
  residual=1.049e+07
iter=235 pAp_d=-4.4855350401e+22 p8q=0.0000000000e+00 p8n=0.0000000000e+00 p8q_e2=1.6777216000e+07 p8n_e2=0.0000000000e+00 p16q=2.6843545600e+08 p16n=0.0000000000e+00 p16q_e2=7.2057594038e+16 p16n_e2=0.0000000000e+00 p32q=-4.5526564374e+22 p32n=7.1779970540e+23 p64q=-4.4855350401e+22 p64n=-4.4855341324e+22 alpha_d=-7.9121078185e-10 alpha_p32q=-7.7954568610e-10 alpha_p32n=4.9442813356e-11 rz32q=3.5489851638e+13 rz32n=3.5481798574e+13 alpha_full_q=-7.7954161764e-10 alpha_full_n=4.9431336217e-11
  residual=1.657e+02
iter=236 pAp_d=2.6340718778e+08 p8q=6.4000000000e+01 p8n=-6.4000000000e+01 p8q_e2=1.6777216000e+07 p8n_e2=1.6777216000e+07 p16q=2.6843545600e+08 p16n=1.6777216000e+07 p16q_e2=2.6424115200e+08 p16n_e2=2.0132659200e+08 p32q=2.6340716800e+08 p32n=2.6340736000e+08 p64q=2.6340718778e+08 p64n=2.6340718778e+08 alpha_d=4.2583645387e-05 alpha_p32q=4.2583648584e-05 alpha_p32n=4.2583617545e-05 rz32q=1.1216838379e+04 rz32n=1.1216834961e+04 alpha_full_q=4.2583648972e-05 alpha_full_n=4.2583604957e-05
  residual=1.600e+02
iter=237 pAp_d=-3.8202416421e+07 p8q=-6.4000000000e+01 p8n=6.4000000000e+01 p8q_e2=-1.6777216000e+07 p8n_e2=-1.0485760000e+06 p16q=-3.3554432000e+07 p16n=-8.3886080000e+06 p16q_e2=-3.7748736000e+07 p16n_e2=-3.6700160000e+07 p32q=-3.8202416000e+07 p32n=-3.8202304000e+07 p64q=-3.8202416421e+07 p64n=-3.8202416421e+07 alpha_d=-1.8377054125e-04 alpha_p32q=-1.8377054327e-04 alpha_p32n=-1.8377108204e-04 rz32q=7.0204787598e+03 rz32n=7.0204763184e+03 alpha_full_q=-1.8377054372e-04 alpha_full_n=-1.8377101858e-04
  residual=4.006e+02
iter=238 pAp_d=2.6463217108e+09 p8q=-6.4000000000e+01 p8n=6.4000000000e+01 p8q_e2=1.6777216000e+07 p8n_e2=-1.6777216000e+07 p16q=2.6843545600e+08 p16n=6.7108864000e+07 p16q_e2=2.6843545600e+09 p16n_e2=2.0803747840e+09 p32q=2.6463211520e+09 p32n=2.6463088640e+09 p64q=2.6463217108e+09 p64n=2.6463217108e+09 alpha_d=1.9967742601e-05 alpha_p32q=1.9967746817e-05 alpha_p32n=1.9967839536e-05 rz32q=5.2841070312e+04 rz32n=5.2841058594e+04 alpha_full_q=1.9967746648e-05 alpha_full_n=1.9967834939e-05
  residual=1.391e+02
iter=239 pAp_d=8.2204857726e+07 p8q=6.4000000000e+01 p8n=-3.2000000000e+01 p8q_e2=1.6777216000e+07 p8n_e2=2.6214400000e+05 p16q=6.7108864000e+07 p16n=1.6777216000e+07 p16q_e2=8.1788928000e+07 p16n_e2=7.3400320000e+07 p32q=8.2204864000e+07 p32n=8.2204736000e+07 p64q=8.2204857726e+07 p64n=8.2204857726e+07 alpha_d=8.0077575498e-05 alpha_p32q=8.0077569386e-05 alpha_p32n=8.0077694074e-05 rz32q=6.5827656250e+03 rz32n=6.5827658691e+03 alpha_full_q=8.0077568464e-05 alpha_full_n=8.0077696121e-05
  residual=2.581e+02
iter=240 pAp_d=-5.5666551496e+08 p8q=-6.4000000000e+01 p8n=-6.4000000000e+01 p8q_e2=-1.6777216000e+07 p8n_e2=-1.0485760000e+06 p16q=-2.6843545600e+08 p16n=-8.3886080000e+06 p16q_e2=-5.7042534400e+08 p16n_e2=-5.2009369600e+08 p32q=-5.5666534400e+08 p32n=-5.5666739200e+08 p64q=-5.5666551496e+08 p64n=-5.5666551496e+08 alpha_d=-4.2015563826e-05 alpha_p32q=-4.2015576729e-05 alpha_p32n=-4.2015422152e-05 rz32q=2.3388615234e+04 rz32n=2.3388612305e+04 alpha_full_q=-4.2015576300e-05 alpha_full_n=-4.2015416460e-05
  residual=2.094e+02
iter=241 pAp_d=4.5880557116e+08 p8q=-6.4000000000e+01 p8n=8.0000000000e+00 p8q_e2=1.6777216000e+07 p8n_e2=1.6777216000e+07 p16q=2.6843545600e+08 p16n=3.3554432000e+07 p16q_e2=4.5298483200e+08 p16n_e2=3.8587596800e+08 p32q=4.5880550400e+08 p32n=4.5880857600e+08 p64q=4.5880557116e+08 p64n=4.5880557116e+08 alpha_d=3.6408792564e-05 alpha_p32q=3.6408797894e-05 alpha_p32n=3.6408554115e-05 rz32q=1.6704556641e+04 rz32n=1.6704560547e+04 alpha_full_q=3.6408797399e-05 alpha_full_n=3.6408562134e-05
  residual=1.519e+02
iter=242 pAp_d=-7.2740362447e+06 p8q=-6.4000000000e+01 p8n=6.4000000000e+01 p8q_e2=-1.6777216000e+07 p8n_e2=8.1920000000e+03 p16q=-6.2914560000e+06 p16n=-6.2914560000e+06 p16q_e2=-7.2744960000e+06 p16n_e2=-6.8812800000e+06 p32q=-7.2740360000e+06 p32n=-7.2740580000e+06 p64q=-7.2740362447e+06 p64n=-7.2740362447e+06 alpha_d=-1.0052584160e-03 alpha_p32q=-1.0052584498e-03 alpha_p32n=-1.0052554094e-03 rz32q=7.3122861328e+03 rz32n=7.3122849121e+03 alpha_full_q=-1.0052584470e-03 alpha_full_n=-1.0052552388e-03
  residual=2.645e+03
iter=243 pAp_d=7.4693028220e+11 p8q=-6.4000000000e+01 p8n=6.4000000000e+01 p8q_e2=1.6777216000e+07 p8n_e2=1.6777216000e+07 p16q=2.6843545600e+08 p16n=2.6843545600e+08 p16q_e2=6.8719476736e+11 p16n_e2=-9.6207267430e+11 p32q=7.4693004493e+11 p32n=7.4726978355e+11 p64q=7.4693028220e+11 p64n=7.4693028220e+11 alpha_d=3.0951182392e-06 alpha_p32q=3.0951192224e-06 alpha_p32n=3.0937120579e-06 rz32q=2.3118375000e+06 rz32n=2.3118365000e+06 alpha_full_q=3.0951191691e-06 alpha_full_n=3.0937106663e-06
  residual=1.296e+02
iter=244 pAp_d=2.6191639492e+07 p8q=6.4000000000e+01 p8n=0.0000000000e+00 p8q_e2=1.6777216000e+07 p8n_e2=1.0485760000e+06 p16q=3.3554432000e+07 p16n=3.1457280000e+06 p16q_e2=2.6214400000e+07 p16n_e2=2.8311552000e+07 p32q=2.6191640000e+07 p32n=2.6191784000e+07 p64q=2.6191639492e+07 p64n=2.6191639492e+07 alpha_d=1.9516256824e-04 alpha_p32q=1.9516256445e-04 alpha_p32n=1.9516149147e-04 rz32q=5.1116276855e+03 rz32n=5.1116271973e+03 alpha_full_q=1.9516256659e-04 alpha_full_n=1.9516147496e-04
  residual=3.720e+02
iter=245 pAp_d=-1.4775297102e+09 p8q=-6.4000000000e+01 p8n=6.4000000000e+01 p8q_e2=-1.6777216000e+07 p8n_e2=-1.6777216000e+07 p16q=-2.6843545600e+08 p16n=-6.7108864000e+07 p16q_e2=-1.4763950080e+09 p16n_e2=-1.0737418240e+09 p32q=-1.4775296000e+09 p32n=-1.4775326720e+09 p64q=-1.4775297102e+09 p64n=-1.4775297102e+09 alpha_d=-2.7496224658e-05 alpha_p32q=-2.7496226710e-05 alpha_p32n=-2.7496169541e-05 rz32q=4.0626488281e+04 rz32n=4.0626492188e+04 alpha_full_q=-2.7496226323e-05 alpha_full_n=-2.7496171799e-05
  residual=1.367e+02
iter=246 pAp_d=6.1175562856e+07 p8q=6.4000000000e+01 p8n=0.0000000000e+00 p8q_e2=1.6777216000e+07 p8n_e2=1.0485760000e+06 p16q=6.7108864000e+07 p16n=8.3886080000e+06 p16q_e2=6.0817408000e+07 p16n_e2=5.5574528000e+07 p32q=6.1175568000e+07 p32n=6.1175808000e+07 p64q=6.1175562856e+07 p64n=6.1175562856e+07 alpha_d=9.7644289747e-05 alpha_p32q=9.7644281537e-05 alpha_p32n=9.7643898467e-05 rz32q=5.9734443359e+03 rz32n=5.9734436035e+03 alpha_full_q=9.7644280735e-05 alpha_full_n=9.7643885693e-05
  residual=2.070e+02
iter=247 pAp_d=-1.6786568249e+08 p8q=6.4000000000e+01 p8n=-6.4000000000e+01 p8q_e2=-1.6777216000e+07 p8n_e2=-1.6777216000e+07 p16q=-2.6843545600e+08 p16n=-3.3554432000e+07 p16q_e2=-1.6777216000e+08 p16n_e2=-1.3841203200e+08 p32q=-1.6786566400e+08 p32n=-1.6786611200e+08 p64q=-1.6786568249e+08 p64n=-1.6786568249e+08 alpha_d=-6.8503542494e-05 alpha_p32q=-6.8503550042e-05 alpha_p32n=-6.8503367220e-05 rz32q=1.1499394043e+04 rz32n=1.1499388184e+04 alpha_full_q=-6.8503550809e-05 alpha_full_n=-6.8503333082e-05
  residual=1.904e+02
iter=248 pAp_d=2.9318165817e+08 p8q=6.4000000000e+01 p8n=6.4000000000e+01 p8q_e2=1.6777216000e+07 p8n_e2=1.6777216000e+07 p16q=2.6843545600e+08 p16n=1.6777216000e+07 p16q_e2=2.8521267200e+08 p16n_e2=2.5165824000e+08 p32q=2.9318169600e+08 p32n=2.9318246400e+08 p64q=2.9318165817e+08 p64n=2.9318165817e+08 alpha_d=4.4367453572e-05 alpha_p32q=4.4367447848e-05 alpha_p32n=4.4367331626e-05 rz32q=1.3007723633e+04 rz32n=1.3007724121e+04 alpha_full_q=4.4367447935e-05 alpha_full_n=4.4367333379e-05
  residual=1.649e+02
iter=249 pAp_d=-5.9902724535e+07 p8q=-6.4000000000e+01 p8n=-6.4000000000e+01 p8q_e2=-1.6777216000e+07 p8n_e2=-1.6777216000e+07 p16q=-6.7108864000e+07 p16n=-1.6777216000e+07 p16q_e2=-5.9768832000e+07 p16n_e2=-6.2914560000e+07 p32q=-5.9902720000e+07 p32n=-5.9902768000e+07 p64q=-5.9902724535e+07 p64n=-5.9902724535e+07 alpha_d=-1.4990839608e-04 alpha_p32q=-1.4990840743e-04 alpha_p32n=-1.4990828731e-04 rz32q=8.9799213867e+03 rz32n=8.9799208984e+03 alpha_full_q=-1.4990840794e-04 alpha_full_n=-1.4990827967e-04
  residual=4.381e+02
iter=250 pAp_d=3.7536805562e+09 p8q=6.4000000000e+01 p8n=-3.2000000000e+01 p8q_e2=1.6777216000e+07 p8n_e2=-1.0485760000e+06 p16q=2.6843545600e+08 p16n=-2.6843545600e+08 p16q_e2=3.7580963840e+09 p16n_e2=2.6843545600e+09 p32q=3.7536808960e+09 p32n=3.7536194560e+09 p64q=3.7536805562e+09 p64n=3.7536805562e+09 alpha_d=1.8037669163e-05 alpha_p32q=1.8037667529e-05 alpha_p32n=1.8037962774e-05 rz32q=6.7707648438e+04 rz32n=6.7707617188e+04 alpha_full_q=1.8037667642e-05 alpha_full_n=1.8037954561e-05
  residual=1.346e+02
iter=251 pAp_d=3.0403900028e+06 p8q=-6.4000000000e+01 p8n=0.0000000000e+00 p8q_e2=1.0485760000e+06 p8n_e2=-1.0485760000e+06 p16q=3.1457280000e+06 p16n=-5.8982400000e+05 p16q_e2=3.0474240000e+06 p16n_e2=4.3253760000e+06 p32q=3.0403900000e+06 p32n=3.0404085000e+06 p64q=3.0403900028e+06 p64n=3.0403900028e+06 alpha_d=1.6350076527e-03 alpha_p32q=1.6350076542e-03 alpha_p32n=1.6349977056e-03 rz32q=4.9710610352e+03 rz32n=4.9710578613e+03 alpha_full_q=1.6350076915e-03 alpha_full_n=1.6349966991e-03
  residual=2.902e+03
iter=252 pAp_d=-6.6626477286e+11 p8q=6.4000000000e+01 p8n=6.4000000000e+01 p8q_e2=-1.6777216000e+07 p8n_e2=1.6777216000e+07 p16q=-2.6843545600e+08 p16n=2.6843545600e+08 p16q_e2=-6.8719476736e+11 p16n_e2=-5.4975581389e+11 p32q=-6.6626519040e+11 p32n=-6.6616033280e+11 p64q=-6.6626477286e+11 p64n=-6.6626477286e+11 alpha_d=-3.5252967892e-06 alpha_p32q=-3.5252945799e-06 alpha_p32n=-3.5258494823e-06 rz32q=2.3487810000e+06 rz32n=2.3487755000e+06 alpha_full_q=-3.5252944831e-06 alpha_full_n=-3.5258411292e-06
  residual=1.352e+02
iter=253 pAp_d=4.3296167866e+07 p8q=6.4000000000e+01 p8n=6.4000000000e+01 p8q_e2=1.6777216000e+07 p8n_e2=1.0485760000e+06 p16q=3.3554432000e+07 p16n=8.3886080000e+06 p16q_e2=4.2991616000e+07 p16n_e2=4.2991616000e+07 p32q=4.3296160000e+07 p32n=4.3296080000e+07 p64q=4.3296167866e+07 p64n=4.3296167866e+07 alpha_d=1.2006088198e-04 alpha_p32q=1.2006090380e-04 alpha_p32n=1.2006112564e-04 rz32q=5.1981760254e+03 rz32n=5.1981760254e+03 alpha_full_q=1.2006090206e-04 alpha_full_n=1.2006112390e-04
  residual=2.463e+02
iter=254 pAp_d=-2.4868426731e+08 p8q=-6.4000000000e+01 p8n=0.0000000000e+00 p8q_e2=-1.6777216000e+07 p8n_e2=-1.6777216000e+07 p16q=-2.6843545600e+08 p16n=-3.3554432000e+07 p16q_e2=-2.4746393600e+08 p16n_e2=-2.6843545600e+08 p32q=-2.4868428800e+08 p32n=-2.4868326400e+08 p64q=-2.4868426731e+08 p64n=-2.4868426731e+08 alpha_d=-7.3296326876e-05 alpha_p32q=-7.3296320778e-05 alpha_p32n=-7.3296622590e-05 rz32q=1.8227643555e+04 rz32n=1.8227654297e+04 alpha_full_q=-7.3296321618e-05 alpha_full_n=-7.3296666626e-05
  residual=3.293e+02
iter=255 pAp_d=1.8290548815e+09 p8q=6.4000000000e+01 p8n=0.0000000000e+00 p8q_e2=1.6777216000e+07 p8n_e2=1.6777216000e+07 p16q=2.6843545600e+08 p16n=1.2582912000e+07 p16q_e2=1.8119393280e+09 p16n_e2=1.3421772800e+09 p32q=1.8290544640e+09 p32n=1.8290544640e+09 p64q=1.8290548815e+09 p64n=1.8290548815e+09 alpha_d=2.1458548949e-05 alpha_p32q=2.1458553847e-05 alpha_p32n=2.1458553847e-05 rz32q=3.9248863281e+04 rz32n=3.9248839844e+04 alpha_full_q=2.1458553615e-05 alpha_full_n=2.1458540801e-05
  residual=1.372e+02
iter=256 pAp_d=3.3632575280e+07 p8q=6.4000000000e+01 p8n=-6.4000000000e+01 p8q_e2=1.6777216000e+07 p8n_e2=-2.6214400000e+05 p16q=3.3554432000e+07 p16n=8.3886080000e+06 p16q_e2=3.3554432000e+07 p16n_e2=3.2505856000e+07 p32q=3.3632576000e+07 p32n=3.3632656000e+07 p64q=3.3632575280e+07 p64n=3.3632575280e+07 alpha_d=1.7128789435e-04 alpha_p32q=1.7128789068e-04 alpha_p32n=1.7128748325e-04 rz32q=5.7608530273e+03 rz32n=5.7608500977e+03 alpha_full_q=1.7128789146e-04 alpha_full_n=1.7128739692e-04
  residual=4.422e+02
iter=257 pAp_d=-3.4747844567e+09 p8q=-6.4000000000e+01 p8n=-3.2000000000e+01 p8q_e2=-1.6777216000e+07 p8n_e2=-1.6777216000e+07 p16q=-2.6843545600e+08 p16n=-1.6777216000e+07 p16q_e2=-3.4896609280e+09 p16n_e2=-2.9527900160e+09 p32q=-3.4747842560e+09 p32n=-3.4747904000e+09 p64q=-3.4747844567e+09 p64n=-3.4747844567e+09 alpha_d=-1.9992099083e-05 alpha_p32q=-1.9992100238e-05 alpha_p32n=-1.9992064889e-05 rz32q=6.9468234375e+04 rz32n=6.9468195312e+04 alpha_full_q=-1.9992100015e-05 alpha_full_n=-1.9992053424e-05
  residual=1.885e+02
iter=258 pAp_d=2.7821792620e+08 p8q=-6.4000000000e+01 p8n=-6.4000000000e+01 p8q_e2=1.6777216000e+07 p8n_e2=1.6777216000e+07 p16q=2.6843545600e+08 p16n=1.6777216000e+07 p16q_e2=2.8521267200e+08 p16n_e2=2.2649241600e+08 p32q=2.7821798400e+08 p32n=2.7821977600e+08 p64q=2.7821792620e+08 p64n=2.7821792620e+08 alpha_d=4.5931640614e-05 alpha_p32q=4.5931631071e-05 alpha_p32n=4.5931335228e-05 rz32q=1.2779005859e+04 rz32n=1.2779005859e+04 alpha_full_q=4.5931631290e-05 alpha_full_n=4.5931335447e-05
  residual=1.685e+02
iter=259 pAp_d=-3.5946152691e+07 p8q=-6.4000000000e+01 p8n=-6.4000000000e+01 p8q_e2=-1.6777216000e+07 p8n_e2=-1.0485760000e+06 p16q=-3.3554432000e+07 p16n=4.5875200000e+05 p16q_e2=-3.5651584000e+07 p16n_e2=-3.2505856000e+07 p32q=-3.5946160000e+07 p32n=-3.5946128000e+07 p64q=-3.5946152691e+07 p64n=-3.5946152691e+07 alpha_d=-2.2375138977e-04 alpha_p32q=-2.2375134427e-04 alpha_p32n=-2.2375154346e-04 rz32q=8.0430017090e+03 rz32n=8.0429987793e+03 alpha_full_q=-2.2375134671e-04 alpha_full_n=-2.2375146439e-04
  residual=6.158e+02
iter=260 pAp_d=1.1950601505e+10 p8q=6.4000000000e+01 p8n=-6.4000000000e+01 p8q_e2=1.6777216000e+07 p8n_e2=-1.6777216000e+07 p16q=2.6843545600e+08 p16n=-2.6843545600e+08 p16q_e2=1.1811160064e+10 p16n_e2=1.0737418240e+10 p32q=1.1950604288e+10 p32n=1.1950768128e+10 p64q=1.1950601505e+10 p64n=1.1950601505e+10 alpha_d=1.1086408347e-05 alpha_p32q=1.1086405765e-05 alpha_p32n=1.1086253776e-05 rz32q=1.3248925000e+05 rz32n=1.3248915625e+05 alpha_full_q=1.1086405909e-05 alpha_full_n=1.1086246075e-05
  residual=1.449e+02
iter=261 pAp_d=1.0402200259e+08 p8q=-6.4000000000e+01 p8n=0.0000000000e+00 p8q_e2=1.6777216000e+07 p8n_e2=1.6777216000e+07 p16q=6.7108864000e+07 p16n=1.6777216000e+07 p16q_e2=1.0485760000e+08 p16n_e2=9.4371840000e+07 p32q=1.0402201600e+08 p32n=1.0402214400e+08 p64q=1.0402200259e+08 p64n=1.0402200259e+08 alpha_d=7.5614840456e-05 alpha_p32q=7.5614830710e-05 alpha_p32n=7.5614737665e-05 rz32q=7.8656071777e+03 rz32n=7.8656064453e+03 alpha_full_q=7.5614831169e-05 alpha_full_n=7.5614731084e-05
  residual=2.442e+02
iter=262 pAp_d=-2.5470110749e+08 p8q=-6.4000000000e+01 p8n=6.4000000000e+01 p8q_e2=-1.6777216000e+07 p8n_e2=2.6214400000e+05 p16q=-2.6843545600e+08 p16n=-3.3554432000e+07 p16q_e2=-2.5585254400e+08 p16n_e2=-2.2649241600e+08 p32q=-2.5470112000e+08 p32n=-2.5470112000e+08 p64q=-2.5470110749e+08 p64n=-2.5470110749e+08 alpha_d=-7.0724277791e-05 alpha_p32q=-7.0724274319e-05 alpha_p32n=-7.0724274319e-05 rz32q=1.8013551758e+04 rz32n=1.8013552734e+04 alpha_full_q=-7.0724273838e-05 alpha_full_n=-7.0724277672e-05
  residual=3.203e+02
iter=263 pAp_d=1.6987005056e+09 p8q=-6.4000000000e+01 p8n=6.4000000000e+01 p8q_e2=1.6777216000e+07 p8n_e2=1.6777216000e+07 p16q=2.6843545600e+08 p16n=6.2914560000e+06 p16q_e2=1.6777216000e+09 p16n_e2=1.0737418240e+09 p32q=1.6987002880e+09 p32n=1.6987105280e+09 p64q=1.6987005056e+09 p64n=1.6987005056e+09 alpha_d=2.1978336379e-05 alpha_p32q=2.1978339193e-05 alpha_p32n=2.1978206706e-05 rz32q=3.7334611328e+04 rz32n=3.7334609375e+04 alpha_full_q=2.1978339317e-05 alpha_full_n=2.1978205680e-05
  residual=1.357e+02
iter=264 pAp_d=9.7191697522e+06 p8q=6.4000000000e+01 p8n=-6.4000000000e+01 p8q_e2=1.6777216000e+07 p8n_e2=1.0485760000e+06 p16q=8.3886080000e+06 p16n=6.2914560000e+06 p16q_e2=9.6993280000e+06 p16n_e2=7.2089600000e+06 p32q=9.7191700000e+06 p32n=9.7191800000e+06 p64q=9.7191697522e+06 p64n=9.7191697522e+06 alpha_d=5.5592374987e-04 alpha_p32q=5.5592373569e-04 alpha_p32n=5.5592316371e-04 rz32q=5.4031171875e+03 rz32n=5.4031166992e+03 alpha_full_q=5.5592372471e-04 alpha_full_n=5.5592310249e-04
  residual=1.099e+03
iter=265 pAp_d=-3.3075618479e+10 p8q=-6.4000000000e+01 p8n=-6.4000000000e+01 p8q_e2=-1.6777216000e+07 p8n_e2=-1.6777216000e+07 p16q=-2.6843545600e+08 p16n=-2.6843545600e+08 p16q_e2=-3.2212254720e+10 p16n_e2=-1.9327352832e+10 p32q=-3.3075625984e+10 p32n=-3.3076051968e+10 p64q=-3.3075618479e+10 p64n=-3.3075618479e+10 alpha_d=-9.9618253036e-06 alpha_p32q=-9.9618230432e-06 alpha_p32n=-9.9616947457e-06 rz32q=3.2949353125e+05 rz32n=3.2949353125e+05 alpha_full_q=-9.9618229874e-06 alpha_full_n=-9.9616946898e-06
  residual=1.653e+02
iter=266 pAp_d=2.9764954897e+08 p8q=6.4000000000e+01 p8n=-6.4000000000e+01 p8q_e2=1.6777216000e+07 p8n_e2=1.6777216000e+07 p16q=2.6843545600e+08 p16n=3.3554432000e+07 p16q_e2=3.0198988800e+08 p16n_e2=2.6843545600e+08 p32q=2.9764966400e+08 p32n=2.9764940800e+08 p64q=2.9764954897e+08 p64n=2.9764954897e+08 alpha_d=3.7026719480e-05 alpha_p32q=3.7026705171e-05 alpha_p32n=3.7026737017e-05 rz32q=1.1020986328e+04 rz32n=1.1020982910e+04 alpha_full_q=3.7026705087e-05 alpha_full_n=3.7026725449e-05
  residual=1.584e+02
iter=267 pAp_d=-1.3036330499e+07 p8q=-6.4000000000e+01 p8n=0.0000000000e+00 p8q_e2=-1.6777216000e+07 p8n_e2=2.6214400000e+05 p16q=-1.2582912000e+07 p16n=1.6777216000e+07 p16q_e2=-1.3107200000e+07 p16n_e2=-1.0878976000e+07 p32q=-1.3036330000e+07 p32n=-1.3036328000e+07 p64q=-1.3036330499e+07 p64n=-1.3036330499e+07 alpha_d=-6.0359250871e-04 alpha_p32q=-6.0359253181e-04 alpha_p32n=-6.0359262441e-04 rz32q=7.8686313477e+03 rz32n=7.8686301270e+03 alpha_full_q=-6.0359252548e-04 alpha_full_n=-6.0359252444e-04
  residual=1.622e+03
iter=268 pAp_d=1.1251994461e+11 p8q=-6.4000000000e+01 p8n=6.4000000000e+01 p8q_e2=1.6777216000e+07 p8n_e2=1.6777216000e+07 p16q=2.6843545600e+08 p16n=0.0000000000e+00 p16q_e2=1.2025908429e+11 p16n_e2=-3.2212254720e+10 p32q=1.1252006912e+11 p32n=1.1251403981e+11 p64q=1.1251994461e+11 p64n=1.1251994461e+11 alpha_d=6.3634349271e-06 alpha_p32q=6.3634278854e-06 alpha_p32n=6.3637688836e-06 rz32q=7.1601337500e+05 rz32n=7.1601206250e+05 alpha_full_q=6.3634281475e-06 alpha_full_n=6.3637574806e-06
  residual=1.385e+02
iter=269 pAp_d=3.4004853255e+07 p8q=6.4000000000e+01 p8n=6.4000000000e+01 p8q_e2=1.6777216000e+07 p8n_e2=-1.0485760000e+06 p16q=3.3554432000e+07 p16n=8.3886080000e+06 p16q_e2=3.3554432000e+07 p16n_e2=2.9884416000e+07 p32q=3.4004848000e+07 p32n=3.4004736000e+07 p64q=3.4004853255e+07 p64n=3.4004853255e+07 alpha_d=1.8423641897e-04 alpha_p32q=1.8423644744e-04 alpha_p32n=1.8423705425e-04 rz32q=6.2649323730e+03 rz32n=6.2649348145e+03 alpha_full_q=1.8423644690e-04 alpha_full_n=1.8423712551e-04
  residual=4.646e+02
iter=270 pAp_d=-3.0415029271e+09 p8q=-6.4000000000e+01 p8n=6.4000000000e+01 p8q_e2=-1.6777216000e+07 p8n_e2=1.6777216000e+07 p16q=-2.6843545600e+08 p16n=-2.6843545600e+08 p16q_e2=-3.0870077440e+09 p16n_e2=-2.4159191040e+09 p32q=-3.0415032320e+09 p32n=-3.0414991360e+09 p64q=-3.0415029271e+09 p64n=-3.0415029271e+09 alpha_d=-2.1634282234e-05 alpha_p32q=-2.1634280065e-05 alpha_p32n=-2.1634309200e-05 rz32q=6.5800734375e+04 rz32n=6.5800718750e+04 alpha_full_q=-2.1634280603e-05 alpha_full_n=-2.1634304600e-05
  residual=1.699e+02
iter=271 pAp_d=1.9288925940e+08 p8q=6.4000000000e+01 p8n=-6.4000000000e+01 p8q_e2=1.6777216000e+07 p8n_e2=1.6777216000e+07 p16q=2.6843545600e+08 p16n=1.2582912000e+07 p16q_e2=1.9293798400e+08 p16n_e2=1.3421772800e+08 p32q=1.9288928000e+08 p32n=1.9288998400e+08 p64q=1.9288925940e+08 p64n=1.9288925940e+08 alpha_d=5.7761961761e-05 alpha_p32q=5.7761955590e-05 alpha_p32n=5.7761744774e-05 rz32q=1.1141662109e+04 rz32n=1.1141660645e+04 alpha_full_q=5.7761956027e-05 alpha_full_n=5.7761737616e-05
  residual=1.943e+02
iter=272 pAp_d=-1.1045365446e+08 p8q=-6.4000000000e+01 p8n=-6.4000000000e+01 p8q_e2=-1.6777216000e+07 p8n_e2=-1.6777216000e+07 p16q=-6.7108864000e+07 p16n=-1.6777216000e+07 p16q_e2=-1.1114905600e+08 p16n_e2=-9.8566144000e+07 p32q=-1.1045366400e+08 p32n=-1.1045318400e+08 p64q=-1.1045365446e+08 p64n=-1.1045365446e+08 alpha_d=-9.4102823731e-05 alpha_p32q=-9.4102815600e-05 alpha_p32n=-9.4103224546e-05 rz32q=1.0394000977e+04 rz32n=1.0393995117e+04 alpha_full_q=-9.4102817418e-05 alpha_full_n=-9.4103173315e-05
  residual=2.610e+02
iter=273 pAp_d=7.9684286932e+08 p8q=-6.4000000000e+01 p8n=6.4000000000e+01 p8q_e2=1.6777216000e+07 p8n_e2=-1.6777216000e+07 p16q=2.6843545600e+08 p16n=6.7108864000e+07 p16q_e2=8.0530636800e+08 p16n_e2=5.7042534400e+08 p32q=7.9684300800e+08 p32n=7.9685324800e+08 p64q=7.9684286932e+08 p64n=7.9684286932e+08 alpha_d=2.9931112820e-05 alpha_p32q=2.9931107611e-05 alpha_p32n=2.9930722980e-05 rz32q=2.3850393555e+04 rz32n=2.3850387695e+04 alpha_full_q=2.9931107276e-05 alpha_full_n=2.9930715292e-05
  residual=1.476e+02
iter=274 pAp_d=2.2988616967e+06 p8q=-6.4000000000e+01 p8n=-6.4000000000e+01 p8q_e2=-1.0485760000e+06 p8n_e2=-1.6777216000e+07 p16q=2.0971520000e+06 p16n=-8.3886080000e+06 p16q_e2=2.2937600000e+06 p16n_e2=7.9298560000e+06 p32q=2.2988615000e+06 p32n=2.2989445000e+06 p64q=2.2988616967e+06 p64n=2.2988616967e+06 alpha_d=3.1128565902e-03 alpha_p32q=3.1128568565e-03 alpha_p32n=3.1127444714e-03 rz32q=7.1560268555e+03 rz32n=7.1560253906e+03 alpha_full_q=3.1128568883e-03 alpha_full_n=3.1127438660e-03
  residual=8.613e+03
iter=275 pAp_d=-2.9300632669e+13 p8q=-6.4000000000e+01 p8n=0.0000000000e+00 p8q_e2=1.6777216000e+07 p8n_e2=0.0000000000e+00 p16q=2.6843545600e+08 p16n=0.0000000000e+00 p16q_e2=-3.5184372089e+13 p16n_e2=-7.0368744178e+13 p32q=-2.9300535329e+13 p32n=-2.9369523241e+13 p64q=-2.9300632669e+13 p64n=-2.9300632669e+13 alpha_d=-8.7363368736e-07 alpha_p32q=-8.7363658970e-07 alpha_p32n=-8.7158445000e-07 rz32q=2.5598016000e+07 rz32n=2.5597928000e+07 alpha_full_q=-8.7363646134e-07 alpha_full_n=-8.7158132565e-07
  residual=1.408e+02
iter=276 pAp_d=3.4055324994e+06 p8q=-6.4000000000e+01 p8n=-6.4000000000e+01 p8q_e2=1.0485760000e+06 p8n_e2=-1.0485760000e+06 p16q=3.6700160000e+06 p16n=-4.1943040000e+06 p16q_e2=3.4078720000e+06 p16n_e2=7.5366400000e+06 p32q=3.4055325000e+06 p32n=3.4055940000e+06 p64q=3.4055324994e+06 p64n=3.4055324994e+06 alpha_d=1.9779328364e-03 alpha_p32q=1.9779328360e-03 alpha_p32n=1.9778971175e-03 rz32q=6.7359145508e+03 rz32n=6.7359128418e+03 alpha_full_q=1.9779328345e-03 alpha_full_n=1.9778966142e-03
  residual=4.773e+03
iter=277 pAp_d=-2.4488874177e+12 p8q=6.4000000000e+01 p8n=0.0000000000e+00 p8q_e2=1.6777216000e+07 p8n_e2=0.0000000000e+00 p16q=-2.6843545600e+08 p16n=0.0000000000e+00 p16q_e2=-2.1990232556e+12 p16n_e2=8.7960930222e+12 p32q=-2.4488863334e+12 p32n=-2.4485843436e+12 p64q=-2.4488874177e+12 p64n=-2.4488874177e+12 alpha_d=-2.3408439945e-06 alpha_p32q=-2.3408450310e-06 alpha_p32n=-2.3411337331e-06 rz32q=5.7324630000e+06 rz32n=5.7324580000e+06 alpha_full_q=-2.3408448656e-06 alpha_full_n=-2.3411315257e-06
  residual=1.422e+02
iter=278 pAp_d=9.7595093235e+07 p8q=-6.4000000000e+01 p8n=-6.4000000000e+01 p8q_e2=1.6777216000e+07 p8n_e2=1.6777216000e+07 p16q=6.7108864000e+07 p16n=3.3554432000e+07 p16q_e2=9.8566144000e+07 p16n_e2=9.2274688000e+07 p32q=9.7595104000e+07 p32n=9.7595328000e+07 p64q=9.7595093235e+07 p64n=9.7595093235e+07 alpha_d=7.1373225559e-05 alpha_p32q=7.1373217687e-05 alpha_p32n=7.1373053872e-05 rz32q=6.9656765137e+03 rz32n=6.9656762695e+03 alpha_full_q=7.1373216772e-05 alpha_full_n=7.1373050455e-05
  residual=2.200e+02
iter=279 pAp_d=-1.8786410019e+08 p8q=-6.4000000000e+01 p8n=6.4000000000e+01 p8q_e2=-1.6777216000e+07 p8n_e2=-1.6777216000e+07 p16q=-2.6843545600e+08 p16n=-1.6777216000e+07 p16q_e2=-1.8874368000e+08 p16n_e2=-1.5938355200e+08 p32q=-1.8786412800e+08 p32n=-1.8786406400e+08 p64q=-1.8786410019e+08 p64n=-1.8786410019e+08 alpha_d=-8.8279939548e-05 alpha_p32q=-8.8279926480e-05 alpha_p32n=-8.8279956554e-05 rz32q=1.6584631836e+04 rz32n=1.6584629883e+04 alpha_full_q=-8.8279928758e-05 alpha_full_n=-8.8279948436e-05
  residual=3.900e+02
iter=280 pAp_d=1.6146811481e+09 p8q=-6.4000000000e+01 p8n=-3.2000000000e+01 p8q_e2=1.6777216000e+07 p8n_e2=-1.0485760000e+06 p16q=2.6843545600e+08 p16n=-6.7108864000e+07 p16q_e2=1.6106127360e+09 p16n_e2=1.1408506880e+09 p32q=1.6146810880e+09 p32n=1.6147056640e+09 p64q=1.6146811481e+09 p64n=1.6146811481e+09 alpha_d=2.6018222422e-05 alpha_p32q=2.6018223391e-05 alpha_p32n=2.6017827391e-05 rz32q=4.2011132812e+04 rz32n=4.2011132812e+04 alpha_full_q=2.6018223118e-05 alpha_full_n=2.6017827118e-05
  residual=1.376e+02
iter=281 pAp_d=1.2505020134e+07 p8q=6.4000000000e+01 p8n=-6.4000000000e+01 p8q_e2=1.6777216000e+07 p8n_e2=1.0485760000e+06 p16q=1.2582912000e+07 p16n=8.3886080000e+06 p16q_e2=1.2582912000e+07 p16n_e2=1.4680064000e+07 p32q=1.2505020000e+07 p32n=1.2505086000e+07 p64q=1.2505020134e+07 p64n=1.2505020134e+07 alpha_d=4.5873598951e-04 alpha_p32q=4.5873599443e-04 alpha_p32n=4.5873357329e-04 rz32q=5.7365026855e+03 rz32n=5.7365041504e+03 alpha_full_q=4.5873598647e-04 alpha_full_n=4.5873368247e-04
  residual=1.010e+03
iter=282 pAp_d=-2.8458200961e+10 p8q=6.4000000000e+01 p8n=0.0000000000e+00 p8q_e2=-1.6777216000e+07 p8n_e2=0.0000000000e+00 p16q=-2.6843545600e+08 p16n=0.0000000000e+00 p16q_e2=-2.7917287424e+10 p16n_e2=-1.9327352832e+10 p32q=-2.8458188800e+10 p32n=-2.8458188800e+10 p64q=-2.8458200961e+10 p64n=-2.8458200961e+10 alpha_d=-1.0146980802e-05 alpha_p32q=-1.0146985138e-05 alpha_p32n=-1.0146985138e-05 rz32q=2.8876481250e+05 rz32n=2.8876468750e+05 alpha_full_q=-1.0146984916e-05 alpha_full_n=-1.0146980524e-05
  residual=1.682e+02
iter=283 pAp_d=1.7818400219e+08 p8q=6.4000000000e+01 p8n=6.4000000000e+01 p8q_e2=1.6777216000e+07 p8n_e2=1.6777216000e+07 p16q=2.6843545600e+08 p16n=6.2914560000e+06 p16q_e2=1.7616076800e+08 p16n_e2=1.5518924800e+08 p32q=1.7818400000e+08 p32n=1.7818464000e+08 p64q=1.7818400219e+08 p64n=1.7818400219e+08 alpha_d=5.7768573065e-05 alpha_p32q=5.7768573774e-05 alpha_p32n=5.7768366282e-05 rz32q=1.0293435547e+04 rz32n=1.0293433594e+04 alpha_full_q=5.7768573760e-05 alpha_full_n=5.7768355307e-05
  residual=2.053e+02
iter=284 pAp_d=-1.3635003542e+08 p8q=-6.4000000000e+01 p8n=-6.4000000000e+01 p8q_e2=-1.6777216000e+07 p8n_e2=-1.6777216000e+07 p16q=-2.6843545600e+08 p16n=-1.6777216000e+07 p16q_e2=-1.3421772800e+08 p16n_e2=-1.2373196800e+08 p32q=-1.3635001600e+08 p32n=-1.3634956800e+08 p64q=-1.3635003542e+08 p64n=-1.3635003542e+08 alpha_d=-9.5270612009e-05 alpha_p32q=-9.5270625578e-05 alpha_p32n=-9.5270938606e-05 rz32q=1.2990151367e+04 rz32n=1.2990141602e+04 alpha_full_q=-9.5270625910e-05 alpha_full_n=-9.5270867316e-05
  residual=3.624e+02
iter=285 pAp_d=2.1946222160e+09 p8q=6.4000000000e+01 p8n=6.4000000000e+01 p8q_e2=1.6777216000e+07 p8n_e2=1.0485760000e+06 p16q=2.6843545600e+08 p16n=1.6777216000e+07 p16q_e2=2.1474836480e+09 p16n_e2=1.8119393280e+09 p32q=2.1946224640e+09 p32n=2.1946265600e+09 p64q=2.1946222160e+09 p64n=2.1946222160e+09 alpha_d=2.0469964722e-05 alpha_p32q=2.0469962409e-05 alpha_p32n=2.0469924204e-05 rz32q=4.4923839844e+04 rz32n=4.4923837891e+04 alpha_full_q=2.0469962639e-05 alpha_full_n=2.0469923544e-05
  residual=1.531e+02
iter=286 pAp_d=8.2337742843e+07 p8q=6.4000000000e+01 p8n=0.0000000000e+00 p8q_e2=1.6777216000e+07 p8n_e2=1.6777216000e+07 p16q=6.7108864000e+07 p16n=1.6777216000e+07 p16q_e2=8.1788928000e+07 p16n_e2=8.1788928000e+07 p32q=8.2337728000e+07 p32n=8.2337664000e+07 p64q=8.2337742843e+07 p64n=8.2337742843e+07 alpha_d=1.0767463569e-04 alpha_p32q=1.0767465510e-04 alpha_p32n=1.0767473880e-04 rz32q=8.8656865234e+03 rz32n=8.8656855469e+03 alpha_full_q=1.0767465582e-04 alpha_full_n=1.0767472765e-04
  residual=3.992e+02
iter=287 pAp_d=-1.7723986820e+09 p8q=6.4000000000e+01 p8n=6.4000000000e+01 p8q_e2=-1.6777216000e+07 p8n_e2=1.6777216000e+07 p16q=-2.6843545600e+08 p16n=-6.7108864000e+07 p16q_e2=-1.7448304640e+09 p16n_e2=-1.5435038720e+09 p32q=-1.7723985920e+09 p32n=-1.7723996160e+09 p64q=-1.7723986820e+09 p64n=-1.7723986820e+09 alpha_d=-2.7747443704e-05 alpha_p32q=-2.7747445113e-05 alpha_p32n=-2.7747429082e-05 rz32q=4.9179533203e+04 rz32n=4.9179503906e+04 alpha_full_q=-2.7747445425e-05 alpha_full_n=-2.7747412865e-05
  residual=2.003e+02
iter=288 pAp_d=3.9694398736e+08 p8q=6.4000000000e+01 p8n=0.0000000000e+00 p8q_e2=1.6777216000e+07 p8n_e2=1.6777216000e+07 p16q=2.6843545600e+08 p16n=1.6777216000e+07 p16q_e2=4.0265318400e+08 p16n_e2=2.8521267200e+08 p32q=3.9694387200e+08 p32n=3.9694387200e+08 p64q=3.9694398736e+08 p64n=3.9694398736e+08 alpha_d=3.7494099862e-05 alpha_p32q=3.7494110758e-05 alpha_p32n=3.7494110758e-05 rz32q=1.4883057617e+04 rz32n=1.4883059570e+04 alpha_full_q=3.7494111050e-05 alpha_full_n=3.7494115970e-05
  residual=1.555e+02
iter=289 pAp_d=-2.3967919433e+07 p8q=-6.4000000000e+01 p8n=0.0000000000e+00 p8q_e2=-1.6777216000e+07 p8n_e2=-1.0485760000e+06 p16q=-1.6777216000e+07 p16n=1.2582912000e+07 p16q_e2=-2.4117248000e+07 p16n_e2=-2.6214400000e+07 p32q=-2.3967920000e+07 p32n=-2.3967912000e+07 p64q=-2.3967919433e+07 p64n=-2.3967919433e+07 alpha_d=-3.0235063879e-04 alpha_p32q=-3.0235063164e-04 alpha_p32n=-3.0235073256e-04 rz32q=7.2467158203e+03 rz32n=7.2467143555e+03 alpha_full_q=-3.0235063453e-04 alpha_full_n=-3.0235067433e-04
  residual=7.278e+02
iter=290 pAp_d=1.0488768112e+10 p8q=6.4000000000e+01 p8n=0.0000000000e+00 p8q_e2=1.6777216000e+07 p8n_e2=-1.6777216000e+07 p16q=2.6843545600e+08 p16n=-2.6843545600e+08 p16q_e2=1.0737418240e+10 p16n_e2=3.7580963840e+09 p32q=1.0488774656e+10 p32n=1.0488627200e+10 p64q=1.0488768112e+10 p64n=1.0488768112e+10 alpha_d=1.3969517397e-05 alpha_p32q=1.3969508682e-05 alpha_p32n=1.3969705075e-05 rz32q=1.4652303125e+05 rz32n=1.4652293750e+05 alpha_full_q=1.3969508933e-05 alpha_full_n=1.3969696387e-05
  residual=1.412e+02
iter=291 pAp_d=3.7573986717e+07 p8q=-6.4000000000e+01 p8n=-6.4000000000e+01 p8q_e2=1.6777216000e+07 p8n_e2=-6.5536000000e+04 p16q=3.3554432000e+07 p16n=1.6777216000e+07 p16q_e2=3.7748736000e+07 p16n_e2=3.8797312000e+07 p32q=3.7573984000e+07 p32n=3.7573968000e+07 p64q=3.7573986717e+07 p64n=3.7573986717e+07 alpha_d=1.7344841372e-04 alpha_p32q=1.7344842626e-04 alpha_p32n=1.7344850012e-04 rz32q=6.5171484375e+03 rz32n=6.5171462402e+03 alpha_full_q=1.7344842744e-04 alpha_full_n=1.7344844282e-04
  residual=4.691e+02
iter=292 pAp_d=-3.3673565789e+09 p8q=-6.4000000000e+01 p8n=-6.4000000000e+01 p8q_e2=-1.6777216000e+07 p8n_e2=-1.6777216000e+07 p16q=-2.6843545600e+08 p16n=-2.6843545600e+08 p16q_e2=-3.3554432000e+09 p16n_e2=-2.1474836480e+09 p32q=-3.3673564160e+09 p32n=-3.3673768960e+09 p64q=-3.3673565789e+09 p64n=-3.3673565789e+09 alpha_d=-2.2170153231e-05 alpha_p32q=-2.2170154303e-05 alpha_p32n=-2.2170019467e-05 rz32q=7.4654812500e+04 rz32n=7.4654773438e+04 alpha_full_q=-2.2170154649e-05 alpha_full_n=-2.2170008212e-05
  residual=2.329e+02
iter=293 pAp_d=5.0213933595e+08 p8q=-6.4000000000e+01 p8n=-6.4000000000e+01 p8q_e2=1.6777216000e+07 p8n_e2=1.6777216000e+07 p16q=2.6843545600e+08 p16n=6.7108864000e+07 p16q_e2=5.0331648000e+08 p16n_e2=3.8587596800e+08 p32q=5.0213939200e+08 p32n=5.0213888000e+08 p64q=5.0213933595e+08 p64n=5.0213933595e+08 alpha_d=3.8285006709e-05 alpha_p32q=3.8285002436e-05 alpha_p32n=3.8285041473e-05 rz32q=1.9224408203e+04 rz32n=1.9224400391e+04 alpha_full_q=3.8285003147e-05 alpha_full_n=3.8285026626e-05
  residual=1.651e+02
iter=294 pAp_d=-2.0014130467e+07 p8q=-6.4000000000e+01 p8n=6.4000000000e+01 p8q_e2=-1.6777216000e+07 p8n_e2=3.2768000000e+04 p16q=-1.6777216000e+07 p16n=1.6777216000e+07 p16q_e2=-1.9922944000e+07 p16n_e2=-2.0447232000e+07 p32q=-2.0014128000e+07 p32n=-2.0014176000e+07 p64q=-2.0014130467e+07 p64n=-2.0014130467e+07 alpha_d=-3.9674804586e-04 alpha_p32q=-3.9674809477e-04 alpha_p32n=-3.9674714325e-04 rz32q=7.9405671387e+03 rz32n=7.9405690918e+03 alpha_full_q=-3.9674809408e-04 alpha_full_n=-3.9674724015e-04
  residual=1.081e+03
iter=295 pAp_d=5.4954549218e+10 p8q=-6.4000000000e+01 p8n=6.4000000000e+01 p8q_e2=1.6777216000e+07 p8n_e2=1.6777216000e+07 p16q=2.6843545600e+08 p16n=6.7108864000e+07 p16q_e2=5.5834574848e+10 p16n_e2=6.8719476736e+10 p32q=5.4954557440e+10 p32n=5.4952263680e+10 p64q=5.4954549218e+10 p64n=5.4954549218e+10 alpha_d=7.0728974744e-06 alpha_p32q=7.0728964163e-06 alpha_p32n=7.0731916457e-06 rz32q=3.8868790625e+05 rz32n=3.8868737500e+05 alpha_full_q=7.0728966687e-06 alpha_full_n=7.0731822307e-06
  residual=1.521e+02
iter=296 pAp_d=9.8611725040e+07 p8q=6.4000000000e+01 p8n=0.0000000000e+00 p8q_e2=1.6777216000e+07 p8n_e2=1.0485760000e+06 p16q=6.7108864000e+07 p16n=1.2582912000e+07 p16q_e2=9.8566144000e+07 p16n_e2=8.5983232000e+07 p32q=9.8611712000e+07 p32n=9.8611584000e+07 p64q=9.8611725040e+07 p64n=9.8611725040e+07 alpha_d=7.9395094894e-05 alpha_p32q=7.9395105393e-05 alpha_p32n=7.9395208449e-05 rz32q=7.8292873535e+03 rz32n=7.8292890625e+03 alpha_full_q=7.9395106268e-05 alpha_full_n=7.9395226655e-05
  residual=2.180e+02
iter=297 pAp_d=-6.9206686725e+07 p8q=-6.4000000000e+01 p8n=-6.4000000000e+01 p8q_e2=-1.6777216000e+07 p8n_e2=-1.6777216000e+07 p16q=-6.7108864000e+07 p16n=-1.2582912000e+07 p16q_e2=-6.9206016000e+07 p16n_e2=-5.7671680000e+07 p32q=-6.9206688000e+07 p32n=-6.9206784000e+07 p64q=-6.9206686725e+07 p64n=-6.9206686725e+07 alpha_d=-1.8316712858e-04 alpha_p32q=-1.8316712521e-04 alpha_p32n=-1.8316687113e-04 rz32q=1.2676390137e+04 rz32n=1.2676385254e+04 alpha_full_q=-1.8316712594e-04 alpha_full_n=-1.8316680131e-04
  residual=7.163e+02
iter=298 pAp_d=1.7389028669e+10 p8q=-6.4000000000e+01 p8n=0.0000000000e+00 p8q_e2=1.6777216000e+07 p8n_e2=-1.6777216000e+07 p16q=2.6843545600e+08 p16n=2.6843545600e+08 p16q_e2=1.7179869184e+10 p16n_e2=2.1474836480e+10 p32q=1.7389027328e+10 p32n=1.7388961792e+10 p64q=1.7389028669e+10 p64n=1.7389028669e+10 alpha_d=1.0241930650e-05 alpha_p32q=1.0241931439e-05 alpha_p32n=1.0241970039e-05 rz32q=1.7809721875e+05 rz32n=1.7809726562e+05 alpha_full_q=1.0241931040e-05 alpha_full_n=1.0241972336e-05
  residual=1.383e+02
iter=299 pAp_d=3.8001535543e+07 p8q=6.4000000000e+01 p8n=-6.4000000000e+01 p8q_e2=1.6777216000e+07 p8n_e2=1.0485760000e+06 p16q=3.3554432000e+07 p16n=6.2914560000e+06 p16q_e2=3.7748736000e+07 p16n_e2=3.4603008000e+07 p32q=3.8001536000e+07 p32n=3.8001296000e+07 p64q=3.8001535543e+07 p64n=3.8001535543e+07 alpha_d=1.6380521762e-04 alpha_p32q=1.6380521565e-04 alpha_p32n=1.6380625018e-04 rz32q=6.2248498535e+03 rz32n=6.2248474121e+03 alpha_full_q=1.6380521707e-04 alpha_full_n=1.6380618735e-04
  residual=3.706e+02
