matrix=data/matrices/nasa4704.mtx n=4704 val_range=1.000e+00/4.704e+03 seed=13
iter=0 pAp_d=7.6968818332e+07 p8q=6.4000000000e+01 p8n=6.4000000000e+01 p8q_e2=1.6777216000e+07 p8n_e2=6.5536000000e+04 p16q=6.7108864000e+07 p16n=1.5728640000e+06 p16q_e2=7.7594624000e+07 p16n_e2=1.6777216000e+07 p32q=7.6968832000e+07 p32n=7.6968000000e+07 p64q=7.6968818332e+07 p64n=7.6968818332e+07 alpha_d=4.4296831818e-05 alpha_p32q=4.4296823952e-05 alpha_p32n=4.4297302787e-05 rz32q=3.4094747925e+03 rz32n=3.4094749146e+03 alpha_full_q=4.4296823843e-05 alpha_full_n=4.4297304263e-05
  residual=5.499e+01
iter=1 pAp_d=2.7426550659e+07 p8q=6.4000000000e+01 p8n=-6.4000000000e+01 p8q_e2=1.6777216000e+07 p8n_e2=1.0485760000e+06 p16q=3.3554432000e+07 p16n=2.6214400000e+06 p16q_e2=2.7262976000e+07 p16n_e2=1.2713984000e+07 p32q=2.7426552000e+07 p32n=2.7426640000e+07 p64q=2.7426550659e+07 p64n=2.7426550659e+07 alpha_d=7.5230094391e-05 alpha_p32q=7.5230090713e-05 alpha_p32n=7.5229849333e-05 rz32q=2.0633020020e+03 rz32n=2.0633011475e+03 alpha_full_q=7.5230090970e-05 alpha_full_n=7.5229818434e-05
  residual=7.072e+01
iter=2 pAp_d=-4.5532316036e+06 p8q=-6.4000000000e+01 p8n=-6.4000000000e+01 p8q_e2=-1.0485760000e+06 p8n_e2=-1.0485760000e+06 p16q=-4.1943040000e+06 p16n=-4.1943040000e+06 p16q_e2=-4.5219840000e+06 p16n_e2=-1.4942208000e+07 p32q=-4.5532320000e+06 p32n=-4.5531450000e+06 p64q=-4.5532316036e+06 p64n=-4.5532316036e+06 alpha_d=-7.5189440895e-04 alpha_p32q=-7.5189434349e-04 alpha_p32n=-7.5190871044e-04 rz32q=3.4235493774e+03 rz32n=3.4235490723e+03 alpha_full_q=-7.5189434174e-04 alpha_full_n=-7.5190864167e-04
  residual=1.024e+03
iter=3 pAp_d=2.3981382554e+11 p8q=-6.4000000000e+01 p8n=0.0000000000e+00 p8q_e2=-1.6777216000e+07 p8n_e2=-1.6777216000e+07 p16q=2.6843545600e+08 p16n=-2.6843545600e+08 p16q_e2=2.4051816858e+11 p16n_e2=-2.0615843021e+11 p32q=2.3981404979e+11 p32n=2.3975532954e+11 p64q=2.3981382554e+11 p64n=2.3981382554e+11 alpha_d=3.2049087008e-06 alpha_p32q=3.2049057038e-06 alpha_p32n=3.2056906410e-06 rz32q=7.6858143750e+05 rz32n=7.6858037500e+05 alpha_full_q=3.2049057933e-06 alpha_full_n=3.2056862990e-06
  residual=6.728e+01
iter=4 pAp_d=3.8828426154e+07 p8q=6.4000000000e+01 p8n=-6.4000000000e+01 p8q_e2=1.6777216000e+07 p8n_e2=1.0485760000e+06 p16q=3.3554432000e+07 p16n=4.1943040000e+06 p16q_e2=3.8797312000e+07 p16n_e2=1.9922944000e+07 p32q=3.8828432000e+07 p32n=3.8828656000e+07 p64q=3.8828426154e+07 p64n=3.8828426154e+07 alpha_d=8.4606696802e-05 alpha_p32q=8.4606684064e-05 alpha_p32n=8.4606195973e-05 rz32q=3.2851448975e+03 rz32n=3.2851441650e+03 alpha_full_q=8.4606684541e-05 alpha_full_n=8.4606177588e-05
  residual=1.119e+02
iter=5 pAp_d=-1.6408424807e+08 p8q=-6.4000000000e+01 p8n=-6.4000000000e+01 p8q_e2=-1.6777216000e+07 p8n_e2=-1.0485760000e+06 p16q=-2.6843545600e+08 p16n=-1.6777216000e+07 p16q_e2=-1.6357785600e+08 p16n_e2=-1.5938355200e+08 p32q=-1.6408422400e+08 p32n=-1.6408396800e+08 p64q=-1.6408424807e+08 p64n=-1.6408424807e+08 alpha_d=-5.4069412513e-05 alpha_p32q=-5.4069420444e-05 alpha_p32n=-5.4069504802e-05 rz32q=8.8719389648e+03 rz32n=8.8719438477e+03 alpha_full_q=-5.4069420865e-05 alpha_full_n=-5.4069534981e-05
  residual=1.276e+02
iter=6 pAp_d=4.4169125787e+08 p8q=6.4000000000e+01 p8n=0.0000000000e+00 p8q_e2=1.6777216000e+07 p8n_e2=1.6777216000e+07 p16q=2.6843545600e+08 p16n=3.6700160000e+06 p16q_e2=4.3620761600e+08 p16n_e2=2.2649241600e+08 p32q=4.4169113600e+08 p32n=4.4168857600e+08 p64q=4.4169125787e+08 p64n=4.4169125787e+08 alpha_d=2.7467276704e-05 alpha_p32q=2.7467284283e-05 alpha_p32n=2.7467443482e-05 rz32q=1.2132056152e+04 rz32n=1.2132044434e+04 alpha_full_q=2.7467284633e-05 alpha_full_n=2.7467417300e-05
  residual=7.052e+01
iter=7 pAp_d=5.4106829478e+06 p8q=-6.4000000000e+01 p8n=-6.4000000000e+01 p8q_e2=1.0485760000e+06 p8n_e2=-1.0485760000e+06 p16q=6.2914560000e+06 p16n=-6.2914560000e+06 p16q_e2=5.4394880000e+06 p16n_e2=3.1129600000e+06 p32q=5.4106830000e+06 p32n=5.4107220000e+06 p64q=5.4106829478e+06 p64n=5.4106829478e+06 alpha_d=6.4752779332e-04 alpha_p32q=6.4752778707e-04 alpha_p32n=6.4752311975e-04 rz32q=3.5035675659e+03 rz32n=3.5035661011e+03 alpha_full_q=6.4752778271e-04 alpha_full_n=6.4752284465e-04
  residual=9.188e+02
iter=8 pAp_d=-1.5301142862e+11 p8q=-6.4000000000e+01 p8n=0.0000000000e+00 p8q_e2=-1.6777216000e+07 p8n_e2=0.0000000000e+00 p16q=-2.6843545600e+08 p16n=-2.6843545600e+08 p16q_e2=-1.3743895347e+11 p16n_e2=-2.4051816858e+11 p32q=-1.5301135565e+11 p32n=-1.5300716134e+11 p64q=-1.5301142862e+11 p64n=-1.5301142862e+11 alpha_d=-3.9354511165e-06 alpha_p32q=-3.9354529934e-06 alpha_p32n=-3.9355608738e-06 rz32q=6.0216900000e+05 rz32n=6.0216900000e+05 alpha_full_q=-3.9354530090e-06 alpha_full_n=-3.9355608895e-06
  residual=7.905e+01
iter=9 pAp_d=6.4785313154e+07 p8q=6.4000000000e+01 p8n=6.4000000000e+01 p8q_e2=1.6777216000e+07 p8n_e2=1.0485760000e+06 p16q=6.7108864000e+07 p16n=8.3886080000e+06 p16q_e2=6.5011712000e+07 p16n_e2=3.3554432000e+07 p32q=6.4785312000e+07 p32n=6.4785200000e+07 p64q=6.4785313154e+07 p64n=6.4785313154e+07 alpha_d=6.7711025011e-05 alpha_p32q=6.7711026217e-05 alpha_p32n=6.7711143275e-05 rz32q=4.3866799316e+03 rz32n=4.3866799316e+03 alpha_full_q=6.7711025790e-05 alpha_full_n=6.7711142848e-05
  residual=1.123e+02
iter=10 pAp_d=-1.6281885538e+08 p8q=-6.4000000000e+01 p8n=-6.4000000000e+01 p8q_e2=-1.6777216000e+07 p8n_e2=-1.6777216000e+07 p16q=-2.6843545600e+08 p16n=-1.6777216000e+07 p16q_e2=-1.6357785600e+08 p16n_e2=-1.3841203200e+08 p32q=-1.6281888000e+08 p32n=-1.6281920000e+08 p64q=-1.6281885538e+08 p64n=-1.6281885538e+08 alpha_d=-5.3982708579e-05 alpha_p32q=-5.3982700416e-05 alpha_p32n=-5.3982594320e-05 rz32q=8.7894028320e+03 rz32n=8.7894023438e+03 alpha_full_q=-5.3982700483e-05 alpha_full_n=-5.3982591388e-05
  residual=1.184e+02
iter=11 pAp_d=2.9725056935e+08 p8q=6.4000000000e+01 p8n=-6.4000000000e+01 p8q_e2=1.6777216000e+07 p8n_e2=1.6777216000e+07 p16q=2.6843545600e+08 p16n=1.6777216000e+07 p16q_e2=3.0198988800e+08 p16n_e2=1.7196646400e+08 p32q=2.9725056000e+08 p32n=2.9725440000e+08 p64q=2.9725056935e+08 p64n=2.9725056935e+08 alpha_d=3.2730000819e-05 alpha_p32q=3.2730001849e-05 alpha_p32n=3.2729579035e-05 rz32q=9.7290112305e+03 rz32n=9.7290058594e+03 alpha_full_q=3.2730001351e-05 alpha_full_n=3.2729560469e-05
  residual=8.248e+01
iter=12 pAp_d=6.0264256824e+06 p8q=-6.4000000000e+01 p8n=-6.4000000000e+01 p8q_e2=1.6777216000e+07 p8n_e2=-1.0485760000e+06 p16q=6.2914560000e+06 p16n=-4.1943040000e+06 p16q_e2=6.0293120000e+06 p16n_e2=5.8327040000e+06 p32q=6.0264260000e+06 p32n=6.0267270000e+06 p64q=6.0264256824e+06 p64n=6.0264256824e+06 alpha_d=7.7882697865e-04 alpha_p32q=7.7882693761e-04 alpha_p32n=7.7878803973e-04 rz32q=4.6935429688e+03 rz32n=4.6935405273e+03 alpha_full_q=7.7882694797e-04 alpha_full_n=7.7878764499e-04
  residual=1.353e+03
iter=13 pAp_d=-3.8268533813e+11 p8q=-6.4000000000e+01 p8n=-6.4000000000e+01 p8q_e2=-1.6777216000e+07 p8n_e2=-1.6777216000e+07 p16q=-2.6843545600e+08 p16n=-2.6843545600e+08 p16q_e2=-4.1231686042e+11 p16n_e2=-4.8103633715e+11 p32q=-3.8268515123e+11 p32n=-3.8270821990e+11 p64q=-3.8268533813e+11 p64n=-3.8268533813e+11 alpha_d=-3.1538865426e-06 alpha_p32q=-3.1538880829e-06 alpha_p32n=-3.1536979746e-06 rz32q=1.2069462500e+06 rz32n=1.2069437500e+06 alpha_full_q=-3.1538883756e-06 alpha_full_n=-3.1536917349e-06
  residual=7.841e+01
iter=14 pAp_d=4.5328691872e+07 p8q=6.4000000000e+01 p8n=6.4000000000e+01 p8q_e2=1.6777216000e+07 p8n_e2=1.0485760000e+06 p16q=3.3554432000e+07 p16n=3.6700160000e+06 p16q_e2=4.5088768000e+07 p16n_e2=2.8311552000e+07 p32q=4.5328688000e+07 p32n=4.5328848000e+07 p64q=4.5328691872e+07 p64n=4.5328691872e+07 alpha_d=9.0051965076e-05 alpha_p32q=9.0051972769e-05 alpha_p32n=9.0051654907e-05 rz32q=4.0819378052e+03 rz32n=4.0819376221e+03 alpha_full_q=9.0051973381e-05 alpha_full_n=9.0051651480e-05
  residual=1.207e+02
iter=15 pAp_d=-1.5556466863e+08 p8q=-6.4000000000e+01 p8n=-6.4000000000e+01 p8q_e2=-1.6777216000e+07 p8n_e2=-1.6777216000e+07 p16q=-2.6843545600e+08 p16n=-1.6777216000e+07 p16q_e2=-1.5518924800e+08 p16n_e2=-1.3421772800e+08 p32q=-1.5556467200e+08 p32n=-1.5556512000e+08 p64q=-1.5556466863e+08 p64n=-1.5556466863e+08 alpha_d=-6.0526569583e-05 alpha_p32q=-6.0526568272e-05 alpha_p32n=-6.0526393966e-05 rz32q=9.4157958984e+03 rz32n=9.4157871094e+03 alpha_full_q=-6.0526569287e-05 alpha_full_n=-6.0526338484e-05
  residual=1.268e+02
iter=16 pAp_d=3.0365710307e+08 p8q=6.4000000000e+01 p8n=-6.4000000000e+01 p8q_e2=1.6777216000e+07 p8n_e2=1.6777216000e+07 p16q=2.6843545600e+08 p16n=1.6777216000e+07 p16q_e2=3.0198988800e+08 p16n_e2=1.9713228800e+08 p32q=3.0365721600e+08 p32n=3.0365721600e+08 p64q=3.0365710307e+08 p64n=3.0365710307e+08 alpha_d=3.4946973830e-05 alpha_p32q=3.4946960833e-05 alpha_p32n=3.4946960833e-05 rz32q=1.0611896973e+04 rz32n=1.0611901367e+04 alpha_full_q=3.4946961289e-05 alpha_full_n=3.4946975761e-05
  residual=8.569e+01
iter=17 pAp_d=2.1155907826e+06 p8q=-6.4000000000e+01 p8n=6.4000000000e+01 p8q_e2=1.0485760000e+06 p8n_e2=-1.0485760000e+06 p16q=2.0971520000e+06 p16n=-4.1943040000e+06 p16q_e2=2.1299200000e+06 p16n_e2=2.3592960000e+06 p32q=2.1155910000e+06 p32n=2.1154640000e+06 p64q=2.1155907826e+06 p64n=2.1155907826e+06 alpha_d=2.4083187902e-03 alpha_p32q=2.4083185427e-03 alpha_p32n=2.4084631239e-03 rz32q=5.0950170898e+03 rz32n=5.0950148926e+03 alpha_full_q=2.4083185691e-03 alpha_full_n=2.4084621117e-03
  residual=4.372e+03
iter=18 pAp_d=-1.2912725898e+13 p8q=-6.4000000000e+01 p8n=6.4000000000e+01 p8q_e2=1.6777216000e+07 p8n_e2=1.6777216000e+07 p16q=-2.6843545600e+08 p16n=2.6843545600e+08 p16q_e2=-1.3194139533e+13 p16n_e2=-1.7592186044e+13 p32q=-1.2912752067e+13 p32n=-1.2948923744e+13 p64q=-1.2912725898e+13 p64n=-1.2912725898e+13 alpha_d=-9.8103288629e-07 alpha_p32q=-9.8103089814e-07 alpha_p32n=-9.7829047476e-07 rz32q=1.2667808000e+07 rz32n=1.2667786000e+07 alpha_full_q=-9.8103083949e-07 alpha_full_n=-9.7828871729e-07
  residual=8.511e+01
iter=19 pAp_d=6.9813728019e+07 p8q=6.4000000000e+01 p8n=6.4000000000e+01 p8q_e2=1.6777216000e+07 p8n_e2=1.0485760000e+06 p16q=6.7108864000e+07 p16n=6.2914560000e+06 p16q_e2=6.9206016000e+07 p16n_e2=4.9283072000e+07 p32q=6.9813728000e+07 p32n=6.9813984000e+07 p64q=6.9813728019e+07 p64n=6.9813728019e+07 alpha_d=6.9830320900e-05 alpha_p32q=6.9830320919e-05 alpha_p32n=6.9830064859e-05 rz32q=4.8751149902e+03 rz32n=4.8751127930e+03 alpha_full_q=6.9830320338e-05 alpha_full_n=6.9830032805e-05
  residual=1.192e+02
iter=20 pAp_d=-1.1068603993e+08 p8q=-6.4000000000e+01 p8n=-6.4000000000e+01 p8q_e2=-1.6777216000e+07 p8n_e2=-1.6777216000e+07 p16q=-6.7108864000e+07 p16n=-1.6777216000e+07 p16q_e2=-1.1114905600e+08 p16n_e2=-4.1943040000e+07 p32q=-1.1068604800e+08 p32n=-1.1068604800e+08 p64q=-1.1068603993e+08 p64n=-1.1068603993e+08 alpha_d=-8.2163606580e-05 alpha_p32q=-8.2163600587e-05 alpha_p32n=-8.2163600587e-05 rz32q=9.0943642578e+03 rz32n=9.0943613281e+03 alpha_full_q=-8.2163600762e-05 alpha_full_n=-8.2163574294e-05
  residual=1.893e+02
iter=21 pAp_d=9.4540170895e+08 p8q=-6.4000000000e+01 p8n=-6.4000000000e+01 p8q_e2=1.6777216000e+07 p8n_e2=-1.6777216000e+07 p16q=2.6843545600e+08 p16n=6.7108864000e+07 p16q_e2=9.3952409600e+08 p16n_e2=5.7042534400e+08 p32q=9.4540185600e+08 p32n=9.4539520000e+08 p64q=9.4540170895e+08 p64n=9.4540170895e+08 alpha_d=2.4368568321e-05 alpha_p32q=2.4368564530e-05 alpha_p32n=2.4368736096e-05 rz32q=2.3038085938e+04 rz32n=2.3038079102e+04 alpha_full_q=2.4368564321e-05 alpha_full_n=2.4368728656e-05
  residual=8.459e+01
iter=22 pAp_d=1.3883275976e+07 p8q=6.4000000000e+01 p8n=6.4000000000e+01 p8q_e2=1.6777216000e+07 p8n_e2=1.0485760000e+06 p16q=1.2582912000e+07 p16n=3.1457280000e+06 p16q_e2=1.3893632000e+07 p16n_e2=1.8874368000e+07 p32q=1.3883276000e+07 p32n=1.3883414000e+07 p64q=1.3883275976e+07 p64n=1.3883275976e+07 alpha_d=3.3407951134e-04 alpha_p32q=3.3407951075e-04 alpha_p32n=3.3407619003e-04 rz32q=4.6381181641e+03 rz32n=4.6381154785e+03 alpha_full_q=3.3407951870e-04 alpha_full_n=3.3407600454e-04
  residual=5.383e+02
iter=23 pAp_d=-1.7927800206e+10 p8q=-6.4000000000e+01 p8n=6.4000000000e+01 p8q_e2=-1.6777216000e+07 p8n_e2=1.6777216000e+07 p16q=-2.6843545600e+08 p16n=-2.6843545600e+08 p16q_e2=-1.7179869184e+10 p16n_e2=-5.3687091200e+09 p32q=-1.7927798784e+10 p32n=-1.7928552448e+10 p64q=-1.7927800206e+10 p64n=-1.7927800206e+10 alpha_d=-9.7459823396e-06 alpha_p32q=-9.7459831126e-06 alpha_p32n=-9.7455734199e-06 rz32q=1.7472403125e+05 rz32n=1.7472387500e+05 alpha_full_q=-9.7459835061e-06 alpha_full_n=-9.7455650983e-06
  residual=9.445e+01
iter=24 pAp_d=1.0522986825e+08 p8q=6.4000000000e+01 p8n=6.4000000000e+01 p8q_e2=1.6777216000e+07 p8n_e2=1.0485760000e+06 p16q=6.7108864000e+07 p16n=8.3886080000e+06 p16q_e2=1.0485760000e+08 p16n_e2=6.7108864000e+07 p32q=1.0522985600e+08 p32n=1.0522982400e+08 p64q=1.0522986825e+08 p64n=1.0522986825e+08 alpha_d=5.6045030698e-05 alpha_p32q=5.6045037224e-05 alpha_p32n=5.6045054267e-05 rz32q=5.8976110840e+03 rz32n=5.8976108398e+03 alpha_full_q=5.6045036154e-05 alpha_full_n=5.6045050877e-05
  residual=1.113e+02
iter=25 pAp_d=-7.1772318811e+07 p8q=-6.4000000000e+01 p8n=-6.4000000000e+01 p8q_e2=-1.6777216000e+07 p8n_e2=-1.6777216000e+07 p16q=-6.7108864000e+07 p16n=-1.6777216000e+07 p16q_e2=-7.1303168000e+07 p16n_e2=-5.7671680000e+07 p32q=-7.1772320000e+07 p32n=-7.1771808000e+07 p64q=-7.1772318811e+07 p64n=-7.1772318811e+07 alpha_d=-1.0459024840e-04 alpha_p32q=-1.0459024667e-04 alpha_p32n=-1.0459099279e-04 rz32q=7.5066845703e+03 rz32n=7.5066823730e+03 alpha_full_q=-1.0459024552e-04 alpha_full_n=-1.0459096102e-04
  residual=2.234e+02
iter=26 pAp_d=1.7484145008e+09 p8q=6.4000000000e+01 p8n=-6.4000000000e+01 p8q_e2=1.6777216000e+07 p8n_e2=-1.6777216000e+07 p16q=2.6843545600e+08 p16n=6.7108864000e+07 p16q_e2=1.7448304640e+09 p16n_e2=1.0066329600e+09 p32q=1.7484144640e+09 p32n=1.7484042240e+09 p64q=1.7484145008e+09 p64n=1.7484145008e+09 alpha_d=1.8306618505e-05 alpha_p32q=1.8306618890e-05 alpha_p32n=1.8306726108e-05 rz32q=3.2007557617e+04 rz32n=3.2007544922e+04 alpha_full_q=1.8306619098e-05 alpha_full_n=1.8306719054e-05
  residual=7.922e+01
iter=27 pAp_d=1.6802148274e+07 p8q=6.4000000000e+01 p8n=-6.4000000000e+01 p8q_e2=1.6777216000e+07 p8n_e2=-1.0485760000e+06 p16q=1.6777216000e+07 p16n=2.0971520000e+06 p16q_e2=1.6777216000e+07 p16n_e2=1.6384000000e+07 p32q=1.6802152000e+07 p32n=1.6802200000e+07 p64q=1.6802148274e+07 p64n=1.6802148274e+07 alpha_d=2.2829747714e-04 alpha_p32q=2.2829742652e-04 alpha_p32n=2.2829677433e-04 rz32q=3.8358880615e+03 rz32n=3.8358883667e+03 alpha_full_q=2.2829742652e-04 alpha_full_n=2.2829679249e-04
  residual=3.145e+02
iter=28 pAp_d=-3.4665654042e+09 p8q=-6.4000000000e+01 p8n=0.0000000000e+00 p8q_e2=-1.6777216000e+07 p8n_e2=-1.0485760000e+06 p16q=-2.6843545600e+08 p16n=-2.6843545600e+08 p16q_e2=-3.4896609280e+09 p16n_e2=-1.0737418240e+09 p32q=-3.4665656320e+09 p32n=-3.4665533440e+09 p64q=-3.4665654042e+09 p64n=-3.4665654042e+09 alpha_d=-1.7393640719e-05 alpha_p32q=-1.7393639576e-05 alpha_p32n=-1.7393701232e-05 rz32q=6.0296193359e+04 rz32n=6.0296173828e+04 alpha_full_q=-1.7393639631e-05 alpha_full_n=-1.7393695652e-05
  residual=9.783e+01
iter=29 pAp_d=9.8654185514e+07 p8q=6.4000000000e+01 p8n=0.0000000000e+00 p8q_e2=1.6777216000e+07 p8n_e2=1.0485760000e+06 p16q=6.7108864000e+07 p16n=8.3886080000e+06 p16q_e2=9.8566144000e+07 p16n_e2=6.9206016000e+07 p32q=9.8654176000e+07 p32n=9.8654144000e+07 p64q=9.8654185514e+07 p64n=9.8654185514e+07 alpha_d=6.0704601710e-05 alpha_p32q=6.0704607564e-05 alpha_p32n=6.0704627255e-05 rz32q=5.9887629395e+03 rz32n=5.9887612305e+03 alpha_full_q=6.0704606559e-05 alpha_full_n=6.0704608926e-05
  residual=1.084e+02
iter=30 pAp_d=-7.1832650623e+07 p8q=-6.4000000000e+01 p8n=6.4000000000e+01 p8q_e2=-1.6777216000e+07 p8n_e2=-1.6777216000e+07 p16q=-6.7108864000e+07 p16n=-1.6777216000e+07 p16q_e2=-7.1303168000e+07 p16n_e2=-6.1865984000e+07 p32q=-7.1832640000e+07 p32n=-7.1832832000e+07 p64q=-7.1832650623e+07 p64n=-7.1832650623e+07 alpha_d=-9.8687842910e-05 alpha_p32q=-9.8687857504e-05 alpha_p32n=-9.8687593724e-05 rz32q=7.0890092773e+03 rz32n=7.0890068359e+03 alpha_full_q=-9.8687856625e-05 alpha_full_n=-9.8687558858e-05
  residual=1.860e+02
iter=31 pAp_d=8.1594473400e+08 p8q=6.4000000000e+01 p8n=6.4000000000e+01 p8q_e2=1.6777216000e+07 p8n_e2=0.0000000000e+00 p16q=2.6843545600e+08 p16n=8.3886080000e+06 p16q_e2=8.0530636800e+08 p16n_e2=3.0198988800e+08 p32q=8.1594470400e+08 p32n=8.1595545600e+08 p64q=8.1594473400e+08 p64n=8.1594473400e+08 alpha_d=2.6450255841e-05 alpha_p32q=2.6450256813e-05 alpha_p32n=2.6449908273e-05 rz32q=2.1581947266e+04 rz32n=2.1581929688e+04 alpha_full_q=2.6450257180e-05 alpha_full_n=2.6449887097e-05
  residual=8.710e+01
iter=32 pAp_d=4.6170977176e+06 p8q=-6.4000000000e+01 p8n=-6.4000000000e+01 p8q_e2=1.0485760000e+06 p8n_e2=-1.0485760000e+06 p16q=4.1943040000e+06 p16n=-3.6700160000e+06 p16q_e2=4.5875200000e+06 p16n_e2=8.1264640000e+06 p32q=4.6170980000e+06 p32n=4.6170660000e+06 p64q=4.6170977176e+06 p64n=4.6170977176e+06 alpha_d=9.8110774350e-04 alpha_p32q=9.8110768349e-04 alpha_p32n=9.8111448336e-04 rz32q=4.5298703613e+03 rz32n=4.5298688965e+03 alpha_full_q=9.8110769174e-04 alpha_full_n=9.8111417434e-04
  residual=1.516e+03
iter=33 pAp_d=-3.7368248220e+11 p8q=-6.4000000000e+01 p8n=-6.4000000000e+01 p8q_e2=-1.6777216000e+07 p8n_e2=-1.6777216000e+07 p16q=-2.6843545600e+08 p16n=-2.6843545600e+08 p16q_e2=-3.4359738368e+11 p16n_e2=-3.4359738368e+11 p32q=-3.7368207770e+11 p32n=-3.7372821504e+11 p64q=-3.7368248220e+11 p64n=-3.7368248220e+11 alpha_d=-3.5059346922e-06 alpha_p32q=-3.5059384873e-06 alpha_p32n=-3.5055056736e-06 rz32q=1.3101065000e+06 rz32n=1.3101062500e+06 alpha_full_q=-3.5059388132e-06 alpha_full_n=-3.5055053306e-06
  residual=8.852e+01
iter=34 pAp_d=5.0448126892e+07 p8q=6.4000000000e+01 p8n=-6.4000000000e+01 p8q_e2=1.6777216000e+07 p8n_e2=-3.2768000000e+04 p16q=6.7108864000e+07 p16n=3.1457280000e+06 p16q_e2=5.0331648000e+07 p16n_e2=3.8797312000e+07 p32q=5.0448128000e+07 p32n=5.0448064000e+07 p64q=5.0448126892e+07 p64n=5.0448126892e+07 alpha_d=9.2718799560e-05 alpha_p32q=9.2718797523e-05 alpha_p32n=9.2718915149e-05 rz32q=4.6774897461e+03 rz32n=4.6774877930e+03 alpha_full_q=9.2718797139e-05 alpha_full_n=9.2718876050e-05
  residual=1.439e+02
iter=35 pAp_d=-2.1287982077e+08 p8q=-6.4000000000e+01 p8n=0.0000000000e+00 p8q_e2=-1.6777216000e+07 p8n_e2=-1.6777216000e+07 p16q=-2.6843545600e+08 p16n=-1.6777216000e+07 p16q_e2=-2.1390950400e+08 p16n_e2=-1.7196646400e+08 p32q=-2.1287980800e+08 p32n=-2.1287968000e+08 p64q=-2.1287982077e+08 p64n=-2.1287982077e+08 alpha_d=-5.5747918921e-05 alpha_p32q=-5.5747922265e-05 alpha_p32n=-5.5747955785e-05 rz32q=1.1867606934e+04 rz32n=1.1867604004e+04 alpha_full_q=-5.5747922009e-05 alpha_full_n=-5.5747941766e-05
  residual=1.393e+02
iter=36 pAp_d=3.1124564974e+08 p8q=6.4000000000e+01 p8n=-6.4000000000e+01 p8q_e2=1.6777216000e+07 p8n_e2=1.6777216000e+07 p16q=2.6843545600e+08 p16n=1.6777216000e+07 p16q_e2=3.1876710400e+08 p16n_e2=2.2649241600e+08 p32q=3.1124556800e+08 p32n=3.1124224000e+08 p64q=3.1124564974e+08 p64n=3.1124564974e+08 alpha_d=3.6544343540e-05 alpha_p32q=3.6544353138e-05 alpha_p32n=3.6544743893e-05 rz32q=1.1374268066e+04 rz32n=1.1374270020e+04 alpha_full_q=3.6544353513e-05 alpha_full_n=3.6544750544e-05
  residual=9.392e+01
iter=37 pAp_d=-7.6416238951e+06 p8q=-6.4000000000e+01 p8n=6.4000000000e+01 p8q_e2=-1.6777216000e+07 p8n_e2=-1.0485760000e+06 p16q=-8.3886080000e+06 p16n=-4.1943040000e+06 p16q_e2=-7.6677120000e+06 p16n_e2=9.9614720000e+06 p32q=-7.6416240000e+06 p32n=-7.6415560000e+06 p64q=-7.6416238951e+06 p64n=-7.6416238951e+06 alpha_d=-6.6089856837e-04 alpha_p32q=-6.6089855930e-04 alpha_p32n=-6.6090444044e-04 rz32q=5.0503383789e+03 rz32n=5.0503383789e+03 alpha_full_q=-6.6089857063e-04 alpha_full_n=-6.6090445178e-04
  residual=1.065e+03
iter=38 pAp_d=1.2429036799e+11 p8q=6.4000000000e+01 p8n=6.4000000000e+01 p8q_e2=1.6777216000e+07 p8n_e2=1.6777216000e+07 p16q=2.6843545600e+08 p16n=2.6843545600e+08 p16q_e2=1.2025908429e+11 p16n_e2=8.5899345920e+10 p32q=1.2429033472e+11 p32n=1.2431654912e+11 p64q=1.2429036799e+11 p64n=1.2429036799e+11 alpha_d=5.0733297030e-06 alpha_p32q=5.0733310610e-06 alpha_p32n=5.0722612571e-06 rz32q=6.3056600000e+05 rz32n=6.3056512500e+05 alpha_full_q=5.0733309345e-06 alpha_full_n=5.0722540922e-06
  residual=9.090e+01
iter=39 pAp_d=3.8185274630e+07 p8q=6.4000000000e+01 p8n=-6.4000000000e+01 p8q_e2=1.6777216000e+07 p8n_e2=-1.0485760000e+06 p16q=3.3554432000e+07 p16n=4.1943040000e+06 p16q_e2=3.7748736000e+07 p16n_e2=3.3030144000e+07 p32q=3.8185280000e+07 p32n=3.8185536000e+07 p64q=3.8185274630e+07 p64n=3.8185274630e+07 alpha_d=1.2939483623e-04 alpha_p32q=1.2939481803e-04 alpha_p32n=1.2939395056e-04 rz32q=4.9409772949e+03 rz32n=4.9409758301e+03 alpha_full_q=1.2939481640e-04 alpha_full_n=1.2939391057e-04
  residual=2.250e+02
iter=40 pAp_d=-9.5161076645e+08 p8q=-6.4000000000e+01 p8n=-6.4000000000e+01 p8q_e2=-1.6777216000e+07 p8n_e2=-1.6777216000e+07 p16q=-2.6843545600e+08 p16n=-6.7108864000e+07 p16q_e2=-9.3952409600e+08 p16n_e2=-3.1876710400e+08 p32q=-9.5161088000e+08 p32n=-9.5160524800e+08 p64q=-9.5161076645e+08 p64n=-9.5161076645e+08 alpha_d=-2.9049677520e-05 alpha_p32q=-2.9049674054e-05 alpha_p32n=-2.9049845982e-05 rz32q=2.7643986328e+04 rz32n=2.7643975586e+04 alpha_full_q=-2.9049674514e-05 alpha_full_n=-2.9049835154e-05
  residual=1.122e+02
iter=41 pAp_d=1.3359823735e+08 p8q=6.4000000000e+01 p8n=0.0000000000e+00 p8q_e2=1.6777216000e+07 p8n_e2=-6.5536000000e+04 p16q=6.7108864000e+07 p16n=1.2582912000e+07 p16q_e2=1.3421772800e+08 p16n_e2=8.8080384000e+07 p32q=1.3359824000e+08 p32n=1.3359705600e+08 p64q=1.3359823735e+08 p64n=1.3359823735e+08 alpha_d=5.6254317464e-05 alpha_p32q=5.6254316348e-05 alpha_p32n=5.6254814901e-05 rz32q=7.5154775391e+03 rz32n=7.5154794922e+03 alpha_full_q=5.6254315469e-05 alpha_full_n=5.6254828641e-05
  residual=1.107e+02
iter=42 pAp_d=-4.1547568962e+07 p8q=-6.4000000000e+01 p8n=0.0000000000e+00 p8q_e2=-1.6777216000e+07 p8n_e2=-1.0485760000e+06 p16q=-3.3554432000e+07 p16n=-8.3886080000e+06 p16q_e2=-4.1943040000e+07 p16n_e2=-2.7787264000e+07 p32q=-4.1547568000e+07 p32n=-4.1547584000e+07 p64q=-4.1547568962e+07 p64n=-4.1547568962e+07 alpha_d=-1.6649059171e-04 alpha_p32q=-1.6649059556e-04 alpha_p32n=-1.6649053144e-04 rz32q=6.9172792969e+03 rz32n=6.9172778320e+03 alpha_full_q=-1.6649059451e-04 alpha_full_n=-1.6649049514e-04
  residual=3.186e+02
iter=43 pAp_d=3.0009249748e+09 p8q=-6.4000000000e+01 p8n=-6.4000000000e+01 p8q_e2=1.6777216000e+07 p8n_e2=-1.6777216000e+07 p16q=2.6843545600e+08 p16n=-6.7108864000e+07 p16q_e2=2.9527900160e+09 p16n_e2=2.0132659200e+09 p32q=3.0009241600e+09 p32n=3.0009589760e+09 p64q=3.0009249748e+09 p64n=3.0009249748e+09 alpha_d=1.7932286690e-05 alpha_p32q=1.7932291558e-05 alpha_p32n=1.7932083515e-05 rz32q=5.3813447266e+04 rz32n=5.3813412109e+04 alpha_full_q=1.7932291653e-05 alpha_full_n=1.7932071894e-05
  residual=8.924e+01
iter=44 pAp_d=2.2351802364e+07 p8q=6.4000000000e+01 p8n=-3.2000000000e+01 p8q_e2=1.6777216000e+07 p8n_e2=1.0485760000e+06 p16q=1.6777216000e+07 p16n=1.0485760000e+06 p16q_e2=2.2544384000e+07 p16n_e2=1.7301504000e+07 p32q=2.2351800000e+07 p32n=2.2351640000e+07 p64q=2.2351802364e+07 p64n=2.2351802364e+07 alpha_d=2.0816430436e-04 alpha_p32q=2.0816432638e-04 alpha_p32n=2.0816581648e-04 rz32q=4.6528474121e+03 rz32n=4.6528466797e+03 alpha_full_q=2.0816432735e-04 alpha_full_n=2.0816578469e-04
  residual=3.407e+02
iter=45 pAp_d=-3.3149460765e+09 p8q=-6.4000000000e+01 p8n=-6.4000000000e+01 p8q_e2=-1.6777216000e+07 p8n_e2=-1.6777216000e+07 p16q=-2.6843545600e+08 p16n=-2.6843545600e+08 p16q_e2=-3.3554432000e+09 p16n_e2=-2.2817013760e+09 p32q=-3.3149460480e+09 p32n=-3.3149931520e+09 p64q=-3.3149460765e+09 p64n=-3.3149460765e+09 alpha_d=-1.8537328632e-05 alpha_p32q=-1.8537328791e-05 alpha_p32n=-1.8537065387e-05 rz32q=6.1450244141e+04 rz32n=6.1450226562e+04 alpha_full_q=-1.8537328587e-05 alpha_full_n=-1.8537059881e-05
  residual=1.038e+02
iter=46 pAp_d=8.9068131659e+07 p8q=6.4000000000e+01 p8n=6.4000000000e+01 p8q_e2=1.6777216000e+07 p8n_e2=1.0485760000e+06 p16q=6.7108864000e+07 p16n=3.6700160000e+06 p16q_e2=8.8080384000e+07 p16n_e2=5.7671680000e+07 p32q=8.9068128000e+07 p32n=8.9068960000e+07 p64q=8.9068131659e+07 p64n=8.9068131659e+07 alpha_d=6.9745318985e-05 alpha_p32q=6.9745321850e-05 alpha_p32n=6.9744670353e-05 rz32q=6.2120852051e+03 rz32n=6.2120849609e+03 alpha_full_q=6.9745321301e-05 alpha_full_n=6.9744667064e-05
  residual=1.240e+02
iter=47 pAp_d=-9.0929134399e+07 p8q=-6.4000000000e+01 p8n=-6.4000000000e+01 p8q_e2=-1.6777216000e+07 p8n_e2=-1.6384000000e+04 p16q=-6.7108864000e+07 p16n=-1.2582912000e+07 p16q_e2=-9.0177536000e+07 p16n_e2=-7.5497472000e+07 p32q=-9.0929120000e+07 p32n=-9.0928928000e+07 p64q=-9.0929134399e+07 p64n=-9.0929134399e+07 alpha_d=-8.9385930321e-05 alpha_p32q=-8.9385944476e-05 alpha_p32n=-8.9386133218e-05 rz32q=8.1277851562e+03 rz32n=8.1277824707e+03 alpha_full_q=-8.9385943208e-05 alpha_full_n=-8.9386102415e-05
  residual=1.737e+02
iter=48 pAp_d=4.9163213656e+08 p8q=6.4000000000e+01 p8n=-6.4000000000e+01 p8q_e2=1.6777216000e+07 p8n_e2=-1.0485760000e+06 p16q=2.6843545600e+08 p16n=8.3886080000e+06 p16q_e2=4.8653926400e+08 p16n_e2=2.6424115200e+08 p32q=4.9163212800e+08 p32n=4.9163545600e+08 p64q=4.9163213656e+08 p64n=4.9163213656e+08 alpha_d=3.2801065089e-05 alpha_p32q=3.2801065660e-05 alpha_p32n=3.2800843621e-05 rz32q=1.6126057617e+04 rz32n=1.6126052734e+04 alpha_full_q=3.2801065469e-05 alpha_full_n=3.2800833499e-05
  residual=9.475e+01
iter=49 pAp_d=2.9711000412e+06 p8q=-6.4000000000e+01 p8n=6.4000000000e+01 p8q_e2=1.0485760000e+06 p8n_e2=1.0485760000e+06 p16q=3.1457280000e+06 p16n=-3.1457280000e+06 p16q_e2=2.9818880000e+06 p16n_e2=-4.4032000000e+05 p32q=2.9711000000e+06 p32n=2.9709245000e+06 p64q=2.9711000412e+06 p64n=2.9711000412e+06 alpha_d=1.7093624315e-03 alpha_p32q=1.7093624552e-03 alpha_p32n=1.7094634316e-03 rz32q=5.0786867676e+03 rz32n=5.0786875000e+03 alpha_full_q=1.7093624474e-03 alpha_full_n=1.7094636703e-03
  residual=2.882e+03
iter=50 pAp_d=-2.1202883621e+12 p8q=6.4000000000e+01 p8n=6.4000000000e+01 p8q_e2=1.6777216000e+07 p8n_e2=1.6777216000e+07 p16q=-2.6843545600e+08 p16n=2.6843545600e+08 p16q_e2=-2.1990232556e+12 p16n_e2=-1.0995116278e+12 p32q=-2.1202877809e+12 p32n=-2.1197089669e+12 p64q=-2.1202883621e+12 p64n=-2.1202883621e+12 alpha_d=-2.0468800360e-06 alpha_p32q=-2.0468805971e-06 alpha_p32n=-2.0474395243e-06 rz32q=4.3399760000e+06 rz32n=4.3399710000e+06 alpha_full_q=-2.0468806353e-06 alpha_full_n=-2.0474372038e-06
  residual=9.833e+01
iter=51 pAp_d=6.1074489367e+07 p8q=6.4000000000e+01 p8n=6.4000000000e+01 p8q_e2=1.6777216000e+07 p8n_e2=1.6384000000e+04 p16q=6.7108864000e+07 p16n=3.6700160000e+06 p16q_e2=6.0817408000e+07 p16n_e2=4.0894464000e+07 p32q=6.1074496000e+07 p32n=6.1074432000e+07 p64q=6.1074489367e+07 p64n=6.1074489367e+07 alpha_d=9.2656446468e-05 alpha_p32q=9.2656436406e-05 alpha_p32n=9.2656533500e-05 rz32q=5.6589450684e+03 rz32n=5.6589433594e+03 alpha_full_q=9.2656434993e-05 alpha_full_n=9.2656504106e-05
  residual=1.529e+02
iter=52 pAp_d=-1.8021184984e+08 p8q=-6.4000000000e+01 p8n=-6.4000000000e+01 p8q_e2=-1.6777216000e+07 p8n_e2=-1.6777216000e+07 p16q=-2.6843545600e+08 p16n=-3.3554432000e+07 p16q_e2=-1.8035507200e+08 p16n_e2=-1.5518924800e+08 p32q=-1.8021184000e+08 p32n=-1.8021286400e+08 p64q=-1.8021184984e+08 p64n=-1.8021184984e+08 alpha_d=-6.7756289331e-05 alpha_p32q=-6.7756293031e-05 alpha_p32n=-6.7755908028e-05 rz32q=1.2210486328e+04 rz32n=1.2210481445e+04 alpha_full_q=-6.7756293527e-05 alpha_full_n=-6.7755881430e-05
  residual=1.724e+02
iter=53 pAp_d=4.5698423372e+08 p8q=6.4000000000e+01 p8n=6.4000000000e+01 p8q_e2=1.6777216000e+07 p8n_e2=1.6777216000e+07 p16q=2.6843545600e+08 p16n=3.1457280000e+06 p16q_e2=4.5298483200e+08 p16n_e2=2.6424115200e+08 p32q=4.5698432000e+08 p32n=4.5698099200e+08 p64q=4.5698423372e+08 p64n=4.5698423372e+08 alpha_d=3.5714133261e-05 alpha_p32q=3.5714126518e-05 alpha_p32n=3.5714386609e-05 rz32q=1.6320795898e+04 rz32n=1.6320786621e+04 alpha_full_q=3.5714126687e-05 alpha_full_n=3.5714366477e-05
  residual=1.049e+02
iter=54 pAp_d=5.1658209794e+06 p8q=-6.4000000000e+01 p8n=-6.4000000000e+01 p8q_e2=1.6777216000e+07 p8n_e2=-1.0485760000e+06 p16q=4.1943040000e+06 p16n=-1.8350080000e+06 p16q_e2=5.1773440000e+06 p16n_e2=3.3423360000e+06 p32q=5.1658210000e+06 p32n=5.1657640000e+06 p64q=5.1658209794e+06 p64n=5.1658209794e+06 alpha_d=1.2017972015e-03 alpha_p32q=1.2017971968e-03 alpha_p32n=1.2018104576e-03 rz32q=6.2082692871e+03 rz32n=6.2082692871e+03 alpha_full_q=1.2017972142e-03 alpha_full_n=1.2018104751e-03
  residual=2.629e+03
iter=55 pAp_d=-1.7076418411e+12 p8q=-6.4000000000e+01 p8n=0.0000000000e+00 p8q_e2=1.6777216000e+07 p8n_e2=-1.6777216000e+07 p16q=-2.6843545600e+08 p16n=-2.6843545600e+08 p16q_e2=-1.6492674417e+12 p16n_e2=-2.1990232556e+12 p32q=-1.7076437647e+12 p32n=-1.7076269875e+12 p64q=-1.7076418411e+12 p64n=-1.7076418411e+12 alpha_d=-2.1314786753e-06 alpha_p32q=-2.1314762742e-06 alpha_p32n=-2.1314972157e-06 rz32q=3.6398020000e+06 rz32n=3.6398045000e+06 alpha_full_q=-2.1314761750e-06 alpha_full_n=-2.1314985805e-06
  residual=1.203e+02
iter=56 pAp_d=1.9734583996e+08 p8q=6.4000000000e+01 p8n=-6.4000000000e+01 p8q_e2=1.6777216000e+07 p8n_e2=-6.5536000000e+04 p16q=2.6843545600e+08 p16n=1.6777216000e+07 p16q_e2=1.9713228800e+08 p16n_e2=1.5099494400e+08 p32q=1.9734585600e+08 p32n=1.9734585600e+08 p64q=1.9734583996e+08 p64n=1.9734583996e+08 alpha_d=4.3995535111e-05 alpha_p32q=4.3995531534e-05 alpha_p32n=4.3995531534e-05 rz32q=8.6823359375e+03 rz32n=8.6823334961e+03 alpha_full_q=4.3995532075e-05 alpha_full_n=4.3995519704e-05
  residual=1.137e+02
iter=57 pAp_d=-3.1243493808e+07 p8q=-6.4000000000e+01 p8n=-6.4000000000e+01 p8q_e2=-1.6777216000e+07 p8n_e2=-1.0485760000e+06 p16q=-3.3554432000e+07 p16n=-3.1457280000e+06 p16q_e2=-3.1457280000e+07 p16n_e2=-2.0447232000e+07 p32q=-3.1243496000e+07 p32n=-3.1243472000e+07 p64q=-3.1243493808e+07 p64n=-3.1243493808e+07 alpha_d=-1.9884558142e-04 alpha_p32q=-1.9884556747e-04 alpha_p32n=-1.9884572021e-04 rz32q=6.2126306152e+03 rz32n=6.2126296387e+03 alpha_full_q=-1.9884556502e-04 alpha_full_n=-1.9884568651e-04
  residual=3.541e+02
iter=58 pAp_d=4.1461993460e+09 p8q=-6.4000000000e+01 p8n=-6.4000000000e+01 p8q_e2=1.6777216000e+07 p8n_e2=-1.6777216000e+07 p16q=2.6843545600e+08 p16n=2.6843545600e+08 p16q_e2=4.1607495680e+09 p16n_e2=3.2212254720e+09 p32q=4.1461985280e+09 p32n=4.1461903360e+09 p64q=4.1461993460e+09 p64n=4.1461993460e+09 alpha_d=1.5846167545e-05 alpha_p32q=1.5846170671e-05 alpha_p32n=1.5846201980e-05 rz32q=6.5701367188e+04 rz32n=6.5701359375e+04 alpha_full_q=1.5846170111e-05 alpha_full_n=1.5846199535e-05
  residual=9.394e+01
iter=59 pAp_d=1.6009928338e+07 p8q=-6.4000000000e+01 p8n=0.0000000000e+00 p8q_e2=1.6777216000e+07 p8n_e2=1.0485760000e+06 p16q=1.6777216000e+07 p16n=-7.8643200000e+05 p16q_e2=1.5990784000e+07 p16n_e2=1.6252928000e+07 p32q=1.6009928000e+07 p32n=1.6009918000e+07 p64q=1.6009928338e+07 p64n=1.6009928338e+07 alpha_d=2.9507695340e-04 alpha_p32q=2.9507695963e-04 alpha_p32n=2.9507714394e-04 rz32q=4.7241608887e+03 rz32n=4.7241621094e+03 alpha_full_q=2.9507696029e-04 alpha_full_n=2.9507722084e-04
  residual=4.808e+02
iter=60 pAp_d=-7.6289354485e+09 p8q=-6.4000000000e+01 p8n=0.0000000000e+00 p8q_e2=-1.6777216000e+07 p8n_e2=-1.6777216000e+07 p16q=-2.6843545600e+08 p16n=-2.6843545600e+08 p16q_e2=-7.5161927680e+09 p16n_e2=-5.9055800320e+09 p32q=-7.6289392640e+09 p32n=-7.6289720320e+09 p64q=-7.6289354485e+09 p64n=-7.6289354485e+09 alpha_d=-1.4313953551e-05 alpha_p32q=-1.4313946392e-05 alpha_p32n=-1.4313884911e-05 rz32q=1.0920022656e+05 rz32n=1.0920028125e+05 alpha_full_q=-1.4313946249e-05 alpha_full_n=-1.4313891936e-05
  residual=1.086e+02
iter=61 pAp_d=8.0971823348e+07 p8q=6.4000000000e+01 p8n=6.4000000000e+01 p8q_e2=1.6777216000e+07 p8n_e2=1.0485760000e+06 p16q=6.7108864000e+07 p16n=8.3886080000e+06 p16q_e2=8.1788928000e+07 p16n_e2=6.3963136000e+07 p32q=8.0971808000e+07 p32n=8.0971872000e+07 p64q=8.0971823348e+07 p64n=8.0971823348e+07 alpha_d=7.9299036956e-05 alpha_p32q=7.9299051987e-05 alpha_p32n=7.9298989309e-05 rz32q=6.4209875488e+03 rz32n=6.4209863281e+03 alpha_full_q=7.9299051206e-05 alpha_full_n=7.9298973452e-05
  residual=1.523e+02
iter=62 pAp_d=-1.6166593646e+08 p8q=6.4000000000e+01 p8n=0.0000000000e+00 p8q_e2=-1.6777216000e+07 p8n_e2=-1.6777216000e+07 p16q=-2.6843545600e+08 p16n=-1.2582912000e+07 p16q_e2=-1.6357785600e+08 p16n_e2=-1.5099494400e+08 p32q=-1.6166592000e+08 p32n=-1.6166572800e+08 p64q=-1.6166593646e+08 p64n=-1.6166593646e+08 alpha_d=-7.0943688199e-05 alpha_p32q=-7.0943695424e-05 alpha_p32n=-7.0943779680e-05 rz32q=1.1469177734e+04 rz32n=1.1469177246e+04 alpha_full_q=-7.0943695087e-05 alpha_full_n=-7.0943776322e-05
  residual=1.771e+02
iter=63 pAp_d=5.0330681868e+08 p8q=6.4000000000e+01 p8n=6.4000000000e+01 p8q_e2=1.6777216000e+07 p8n_e2=1.6777216000e+07 p16q=2.6843545600e+08 p16n=6.7108864000e+07 p16q_e2=5.0331648000e+08 p16n_e2=3.1876710400e+08 p32q=5.0330675200e+08 p32n=5.0330624000e+08 p64q=5.0330681868e+08 p64n=5.0330681868e+08 alpha_d=3.2793068678e-05 alpha_p32q=3.2793073023e-05 alpha_p32n=3.2793106383e-05 rz32q=1.6504974609e+04 rz32n=1.6504965820e+04 alpha_full_q=3.2793072105e-05 alpha_full_n=3.2793088002e-05
  residual=9.813e+01
iter=64 pAp_d=-4.3619905465e+06 p8q=-6.4000000000e+01 p8n=6.4000000000e+01 p8q_e2=-1.0485760000e+06 p8n_e2=-1.0485760000e+06 p16q=-4.1943040000e+06 p16n=-4.1943040000e+06 p16q_e2=-4.3253760000e+06 p16n_e2=-4.7185920000e+06 p32q=-4.3619900000e+06 p32n=-4.3619500000e+06 p64q=-4.3619905465e+06 p64n=-4.3619905465e+06 alpha_d=-1.1400526450e-03 alpha_p32q=-1.1400527879e-03 alpha_p32n=-1.1400632424e-03 rz32q=4.9728989258e+03 rz32n=4.9728969727e+03 alpha_full_q=-1.1400528029e-03 alpha_full_n=-1.1400628097e-03
  residual=1.793e+03
iter=65 pAp_d=4.5231686322e+11 p8q=-6.4000000000e+01 p8n=0.0000000000e+00 p8q_e2=1.6777216000e+07 p8n_e2=0.0000000000e+00 p16q=2.6843545600e+08 p16n=0.0000000000e+00 p16q_e2=4.8103633715e+11 p16n_e2=1.0307921510e+11 p32q=4.5231688909e+11 p32n=4.5231059763e+11 p64q=4.5231686322e+11 p64n=4.5231686322e+11 alpha_d=3.4883983235e-06 alpha_p32q=3.4883981240e-06 alpha_p32n=3.4884466462e-06 rz32q=1.5778615000e+06 rz32n=1.5778612500e+06 alpha_full_q=3.4883983731e-06 alpha_full_n=3.4884463425e-06
  residual=9.822e+01
iter=66 pAp_d=4.1587784762e+07 p8q=6.4000000000e+01 p8n=0.0000000000e+00 p8q_e2=1.6777216000e+07 p8n_e2=1.0485760000e+06 p16q=3.3554432000e+07 p16n=4.1943040000e+06 p16q_e2=4.1943040000e+07 p16n_e2=3.2505856000e+07 p32q=4.1587792000e+07 p32n=4.1587680000e+07 p64q=4.1587784762e+07 p64n=4.1587784762e+07 alpha_d=1.2084079560e-04 alpha_p32q=1.2084077457e-04 alpha_p32n=1.2084110001e-04 rz32q=5.0255009766e+03 rz32n=5.0255007324e+03 alpha_full_q=1.2084077406e-04 alpha_full_n=1.2084109362e-04
  residual=1.984e+02
iter=67 pAp_d=-3.8794967723e+08 p8q=-6.4000000000e+01 p8n=-6.4000000000e+01 p8q_e2=-1.6777216000e+07 p8n_e2=-2.6214400000e+05 p16q=-2.6843545600e+08 p16n=-3.3554432000e+07 p16q_e2=-3.8587596800e+08 p16n_e2=-3.5232153600e+08 p32q=-3.8794956800e+08 p32n=-3.8795161600e+08 p64q=-3.8794967723e+08 p64n=-3.8794967723e+08 alpha_d=-4.8917847559e-05 alpha_p32q=-4.8917861332e-05 alpha_p32n=-4.8917603095e-05 rz32q=1.8977663086e+04 rz32n=1.8977657227e+04 alpha_full_q=-4.8917861112e-05 alpha_full_n=-4.8917587771e-05
  residual=1.728e+02
iter=68 pAp_d=5.5490763795e+08 p8q=6.4000000000e+01 p8n=6.4000000000e+01 p8q_e2=1.6777216000e+07 p8n_e2=1.6384000000e+04 p16q=2.6843545600e+08 p16n=1.6777216000e+07 p16q_e2=5.7042534400e+08 p16n_e2=4.6976204800e+08 p32q=5.5490764800e+08 p32n=5.5491123200e+08 p64q=5.5490763795e+08 p64n=5.5490763795e+08 alpha_d=2.8874971082e-05 alpha_p32q=2.8874970559e-05 alpha_p32n=2.8874784065e-05 rz32q=1.6022941895e+04 rz32n=1.6022939941e+04 alpha_full_q=2.8874970371e-05 alpha_full_n=2.8874780357e-05
  residual=1.073e+02
iter=69 pAp_d=4.0838736427e+07 p8q=-6.4000000000e+01 p8n=-6.4000000000e+01 p8q_e2=1.6777216000e+07 p8n_e2=1.0485760000e+06 p16q=3.3554432000e+07 p16n=8.3886080000e+06 p16q_e2=4.0894464000e+07 p16n_e2=4.7185920000e+07 p32q=4.0838736000e+07 p32n=4.0838592000e+07 p64q=4.0838736427e+07 p64n=4.0838736427e+07 alpha_d=1.5229856435e-04 alpha_p32q=1.5229856594e-04 alpha_p32n=1.5229910296e-04 rz32q=6.2196809082e+03 rz32n=6.2196799316e+03 alpha_full_q=1.5229856546e-04 alpha_full_n=1.5229907857e-04
  residual=3.479e+02
iter=70 pAp_d=-3.0083216646e+09 p8q=-6.4000000000e+01 p8n=-6.4000000000e+01 p8q_e2=-1.6777216000e+07 p8n_e2=-1.6777216000e+07 p16q=-2.6843545600e+08 p16n=-6.7108864000e+07 p16q_e2=-2.9527900160e+09 p16n_e2=-2.6843545600e+09 p32q=-3.0083215360e+09 p32n=-3.0083461120e+09 p64q=-3.0083216646e+09 p64n=-3.0083216646e+09 alpha_d=-1.9689754445e-05 alpha_p32q=-1.9689755287e-05 alpha_p32n=-1.9689594436e-05 rz32q=5.9233115234e+04 rz32n=5.9233083984e+04 alpha_full_q=-1.9689755409e-05 alpha_full_n=-1.9689584170e-05
  residual=1.056e+02
iter=71 pAp_d=7.3602963221e+07 p8q=-6.4000000000e+01 p8n=0.0000000000e+00 p8q_e2=1.6777216000e+07 p8n_e2=7.6800000000e+02 p16q=6.7108864000e+07 p16n=8.3886080000e+06 p16q_e2=7.3400320000e+07 p16n_e2=5.1380224000e+07 p32q=7.3602976000e+07 p32n=7.3602720000e+07 p64q=7.3602963221e+07 p64n=7.3602963221e+07 alpha_d=8.1975304472e-05 alpha_p32q=8.1975290239e-05 alpha_p32n=8.1975575360e-05 rz32q=6.0336252441e+03 rz32n=6.0336237793e+03 alpha_full_q=8.1975289208e-05 alpha_full_n=8.1975554426e-05
  residual=1.427e+02
iter=72 pAp_d=-1.0883524994e+08 p8q=-6.4000000000e+01 p8n=-6.4000000000e+01 p8q_e2=-1.6777216000e+07 p8n_e2=-1.0485760000e+06 p16q=-6.7108864000e+07 p16n=-1.6777216000e+07 p16q_e2=-1.0905190400e+08 p16n_e2=-9.8566144000e+07 p32q=-1.0883526400e+08 p32n=-1.0883513600e+08 p64q=-1.0883524994e+08 p64n=-1.0883524994e+08 alpha_d=-8.5941635111e-05 alpha_p32q=-8.5941624010e-05 alpha_p32n=-8.5941725085e-05 rz32q=9.3534794922e+03 rz32n=9.3534814453e+03 alpha_full_q=-8.5941625429e-05 alpha_full_n=-8.5941744450e-05
  residual=1.799e+02
iter=73 pAp_d=4.7611874441e+08 p8q=6.4000000000e+01 p8n=-6.4000000000e+01 p8q_e2=1.6777216000e+07 p8n_e2=-2.6214400000e+05 p16q=2.6843545600e+08 p16n=6.2914560000e+06 p16q_e2=4.6976204800e+08 p16n_e2=3.1876710400e+08 p32q=4.7611878400e+08 p32n=4.7611724800e+08 p64q=4.7611874441e+08 p64n=4.7611874441e+08 alpha_d=3.4551194486e-05 alpha_p32q=3.4551191613e-05 alpha_p32n=3.4551303079e-05 rz32q=1.6450471680e+04 rz32n=1.6450472656e+04 alpha_full_q=3.4551192334e-05 alpha_full_n=3.4551305850e-05
  residual=1.070e+02
iter=74 pAp_d=3.1827308858e+07 p8q=6.4000000000e+01 p8n=0.0000000000e+00 p8q_e2=1.6777216000e+07 p8n_e2=6.5536000000e+04 p16q=3.3554432000e+07 p16n=1.6777216000e+07 p16q_e2=3.1981568000e+07 p16n_e2=2.8311552000e+07 p32q=3.1827312000e+07 p32n=3.1827448000e+07 p64q=3.1827308858e+07 p64n=3.1827308858e+07 alpha_d=1.8591839309e-04 alpha_p32q=1.8591837474e-04 alpha_p32n=1.8591758030e-04 rz32q=5.9172822266e+03 rz32n=5.9172824707e+03 alpha_full_q=1.8591837811e-04 alpha_full_n=1.8591759134e-04
  residual=4.544e+02
iter=75 pAp_d=-7.4894045658e+09 p8q=6.4000000000e+01 p8n=-6.4000000000e+01 p8q_e2=-1.6777216000e+07 p8n_e2=-1.6777216000e+07 p16q=-2.6843545600e+08 p16n=-1.2582912000e+07 p16q_e2=-7.5161927680e+09 p16n_e2=-3.7580963840e+09 p32q=-7.4894049280e+09 p32n=-7.4894950400e+09 p64q=-7.4894045658e+09 p64n=-7.4894045658e+09 alpha_d=-1.3726959818e-05 alpha_p32q=-1.3726959154e-05 alpha_p32n=-1.3726793994e-05 rz32q=1.0280675781e+05 rz32n=1.0280670312e+05 alpha_full_q=-1.3726959458e-05 alpha_full_n=-1.3726786996e-05
  residual=1.210e+02
iter=76 pAp_d=1.1830795580e+08 p8q=6.4000000000e+01 p8n=0.0000000000e+00 p8q_e2=1.6777216000e+07 p8n_e2=1.0485760000e+06 p16q=6.7108864000e+07 p16n=8.3886080000e+06 p16q_e2=1.1744051200e+08 p16n_e2=8.1788928000e+07 p32q=1.1830796800e+08 p32n=1.1830755200e+08 p64q=1.1830795580e+08 p64n=1.1830795580e+08 alpha_d=6.4774020616e-05 alpha_p32q=6.4774013936e-05 alpha_p32n=6.4774241698e-05 rz32q=7.6632819824e+03 rz32n=7.6632761230e+03 alpha_full_q=6.4774014058e-05 alpha_full_n=6.4774192294e-05
  residual=1.345e+02
iter=77 pAp_d=-8.0305294580e+07 p8q=-6.4000000000e+01 p8n=0.0000000000e+00 p8q_e2=-1.6777216000e+07 p8n_e2=-1.6777216000e+07 p16q=-6.7108864000e+07 p16n=-1.6777216000e+07 p16q_e2=-7.9691776000e+07 p16n_e2=-6.7108864000e+07 p32q=-8.0305280000e+07 p32n=-8.0305248000e+07 p64q=-8.0305294580e+07 p64n=-8.0305294580e+07 alpha_d=-1.0284714203e-04 alpha_p32q=-1.0284716070e-04 alpha_p32n=-1.0284720168e-04 rz32q=8.2591699219e+03 rz32n=8.2591679688e+03 alpha_full_q=-1.0284715926e-04 alpha_full_n=-1.0284717592e-04
  residual=2.117e+02
iter=78 pAp_d=6.6134345379e+08 p8q=6.4000000000e+01 p8n=0.0000000000e+00 p8q_e2=1.6777216000e+07 p8n_e2=1.6777216000e+07 p16q=2.6843545600e+08 p16n=3.3554432000e+07 p16q_e2=6.7108864000e+08 p16n_e2=3.5232153600e+08 p32q=6.6134323200e+08 p32n=6.6134425600e+08 p64q=6.6134345379e+08 p64n=6.6134345379e+08 alpha_d=3.2269945030e-05 alpha_p32q=3.2269955852e-05 alpha_p32n=3.2269905886e-05 rz32q=2.1341516602e+04 rz32n=2.1341496094e+04 alpha_full_q=3.2269955401e-05 alpha_full_n=3.2269874426e-05
  residual=1.103e+02
iter=79 pAp_d=-4.5561436476e+06 p8q=-6.4000000000e+01 p8n=3.2000000000e+01 p8q_e2=-1.6777216000e+07 p8n_e2=-1.0485760000e+06 p16q=-4.1943040000e+06 p16n=-6.2914560000e+06 p16q_e2=-4.5875200000e+06 p16n_e2=-6.4880640000e+06 p32q=-4.5561440000e+06 p32n=-4.5563290000e+06 p64q=-4.5561436476e+06 p64n=-4.5561436476e+06 alpha_d=-1.3137073669e-03 alpha_p32q=-1.3137072653e-03 alpha_p32n=-1.3136539250e-03 rz32q=5.9854394531e+03 rz32n=5.9854394531e+03 alpha_full_q=-1.3137072606e-03 alpha_full_n=-1.3136539203e-03
  residual=2.618e+03
iter=80 pAp_d=1.2530540557e+12 p8q=6.4000000000e+01 p8n=0.0000000000e+00 p8q_e2=1.6777216000e+07 p8n_e2=0.0000000000e+00 p16q=2.6843545600e+08 p16n=0.0000000000e+00 p16q_e2=1.0995116278e+12 p16n_e2=-1.0995116278e+12 p32q=1.2530567086e+12 p32n=1.2530315428e+12 p64q=1.2530540557e+12 p64n=1.2530540557e+12 alpha_d=2.4833981880e-06 alpha_p32q=2.4833929303e-06 alpha_p32n=2.4834428066e-06 rz32q=3.1118320000e+06 rz32n=3.1118280000e+06 alpha_full_q=2.4833927935e-06 alpha_full_n=2.4834394776e-06
  residual=1.044e+02
iter=81 pAp_d=1.4160190733e+07 p8q=-6.4000000000e+01 p8n=-6.4000000000e+01 p8q_e2=1.6777216000e+07 p8n_e2=-1.0485760000e+06 p16q=1.2582912000e+07 p16n=-4.1943040000e+06 p16q_e2=1.4155776000e+07 p16n_e2=1.4942208000e+07 p32q=1.4160190000e+07 p32n=1.4160016000e+07 p64q=1.4160190733e+07 p64n=1.4160190733e+07 alpha_d=3.9615516668e-04 alpha_p32q=3.9615518720e-04 alpha_p32n=3.9616005520e-04 rz32q=5.6096328125e+03 rz32n=5.6096333008e+03 alpha_full_q=3.9615519372e-04 alpha_full_n=3.9616009620e-04
  residual=7.618e+02
iter=82 pAp_d=-3.2755992824e+10 p8q=-6.4000000000e+01 p8n=-6.4000000000e+01 p8q_e2=-1.6777216000e+07 p8n_e2=-1.6777216000e+07 p16q=-2.6843545600e+08 p16n=-2.6843545600e+08 p16q_e2=-3.2212254720e+10 p16n_e2=-3.8654705664e+10 p32q=-3.2756006912e+10 p32n=-3.2756989952e+10 p64q=-3.2755992824e+10 p64n=-3.2755992824e+10 alpha_d=-8.3463024202e-06 alpha_p32q=-8.3462988305e-06 alpha_p32n=-8.3460483574e-06 rz32q=2.7339143750e+05 rz32n=2.7339118750e+05 alpha_full_q=-8.3462992982e-06 alpha_full_n=-8.3460411931e-06
  residual=1.109e+02
iter=83 pAp_d=8.1179695768e+07 p8q=6.4000000000e+01 p8n=0.0000000000e+00 p8q_e2=1.6777216000e+07 p8n_e2=1.0485760000e+06 p16q=6.7108864000e+07 p16n=1.6777216000e+07 p16q_e2=8.1788928000e+07 p16n_e2=6.1865984000e+07 p32q=8.1179680000e+07 p32n=8.1179712000e+07 p64q=8.1179695768e+07 p64n=8.1179695768e+07 alpha_d=8.1505177350e-05 alpha_p32q=8.1505193181e-05 alpha_p32n=8.1505161053e-05 rz32q=6.6165654297e+03 rz32n=6.6165678711e+03 alpha_full_q=8.1505192305e-05 alpha_full_n=8.1505190251e-05
  residual=1.967e+02
iter=84 pAp_d=-3.2160531466e+08 p8q=-6.4000000000e+01 p8n=-6.4000000000e+01 p8q_e2=-1.6777216000e+07 p8n_e2=-1.6777216000e+07 p16q=-2.6843545600e+08 p16n=-6.7108864000e+07 p16q_e2=-3.1876710400e+08 p16n_e2=-2.8521267200e+08 p32q=-3.2160537600e+08 p32n=-3.2160332800e+08 p64q=-3.2160531466e+08 p64n=-3.2160531466e+08 alpha_d=-5.7758120284e-05 alpha_p32q=-5.7758109268e-05 alpha_p32n=-5.7758477077e-05 rz32q=1.8575318359e+04 rz32n=1.8575314453e+04 alpha_full_q=-5.7758108992e-05 alpha_full_n=-5.7758464655e-05
  residual=2.335e+02
iter=85 pAp_d=1.1042012667e+09 p8q=6.4000000000e+01 p8n=0.0000000000e+00 p8q_e2=1.6777216000e+07 p8n_e2=0.0000000000e+00 p16q=2.6843545600e+08 p16n=6.7108864000e+07 p16q_e2=1.0737418240e+09 p16n_e2=6.7108864000e+08 p32q=1.1042017280e+09 p32n=1.1042109440e+09 p64q=1.1042012667e+09 p64n=1.1042012667e+09 alpha_d=2.5073217259e-05 alpha_p32q=2.5073206785e-05 alpha_p32n=2.5072997518e-05 rz32q=2.7685877930e+04 rz32n=2.7685876953e+04 alpha_full_q=2.5073206487e-05 alpha_full_n=2.5072996336e-05
  residual=1.052e+02
iter=86 pAp_d=8.4974914006e+06 p8q=-6.4000000000e+01 p8n=0.0000000000e+00 p8q_e2=1.6777216000e+07 p8n_e2=-1.0485760000e+06 p16q=8.3886080000e+06 p16n=-2.6214400000e+06 p16q_e2=8.5196800000e+06 p16n_e2=6.6846720000e+06 p32q=8.4974920000e+06 p32n=8.4975360000e+06 p64q=8.4974914006e+06 p64n=8.4974914006e+06 alpha_d=6.3743412742e-04 alpha_p32q=6.3743408246e-04 alpha_p32n=6.3743078185e-04 rz32q=5.4165910645e+03 rz32n=5.4165942383e+03 alpha_full_q=6.3743408813e-04 alpha_full_n=6.3743116102e-04
  residual=1.161e+03
iter=87 pAp_d=-9.6320886939e+10 p8q=-6.4000000000e+01 p8n=0.0000000000e+00 p8q_e2=-1.6777216000e+07 p8n_e2=0.0000000000e+00 p16q=-2.6843545600e+08 p16n=2.6843545600e+08 p16q_e2=-1.0307921510e+11 p16n_e2=-1.0307921510e+11 p32q=-9.6320880640e+10 p32n=-9.6324288512e+10 p64q=-9.6320886939e+10 p64n=-9.6320886939e+10 alpha_d=-6.1283395809e-06 alpha_p32q=-6.1283399817e-06 alpha_p32n=-6.1281231662e-06 rz32q=5.9028712500e+05 rz32n=5.9028718750e+05 alpha_full_q=-6.1283402008e-06 alpha_full_n=-6.1281240341e-06
  residual=1.074e+02
iter=88 pAp_d=6.3114496562e+07 p8q=6.4000000000e+01 p8n=-6.4000000000e+01 p8q_e2=1.6777216000e+07 p8n_e2=1.0485760000e+06 p16q=6.7108864000e+07 p16n=8.3886080000e+06 p16q_e2=6.2914560000e+07 p16n_e2=4.8234496000e+07 p32q=6.3114496000e+07 p32n=6.3114160000e+07 p64q=6.3114496562e+07 p64n=6.3114496562e+07 alpha_d=9.2887260618e-05 alpha_p32q=9.2887261444e-05 alpha_p32n=9.2887755947e-05 rz32q=5.8625327148e+03 rz32n=5.8625307617e+03 alpha_full_q=9.2887261824e-05 alpha_full_n=9.2887725381e-05
  residual=1.807e+02
iter=89 pAp_d=-2.0478464058e+08 p8q=-6.4000000000e+01 p8n=-6.4000000000e+01 p8q_e2=-1.6777216000e+07 p8n_e2=-1.6777216000e+07 p16q=-2.6843545600e+08 p16n=-1.6777216000e+07 p16q_e2=-2.0552089600e+08 p16n_e2=-1.7616076800e+08 p32q=-2.0478464000e+08 p32n=-2.0478496000e+08 p64q=-2.0478464058e+08 p64n=-2.0478464058e+08 alpha_d=-6.8136678425e-05 alpha_p32q=-6.8136678618e-05 alpha_p32n=-6.8136572147e-05 rz32q=1.3953345215e+04 rz32n=1.3953342773e+04 alpha_full_q=-6.8136678683e-05 alpha_full_n=-6.8136560290e-05
  residual=2.029e+02
iter=90 pAp_d=8.0851056096e+08 p8q=6.4000000000e+01 p8n=-6.4000000000e+01 p8q_e2=1.6777216000e+07 p8n_e2=1.6777216000e+07 p16q=2.6843545600e+08 p16n=6.7108864000e+07 p16q_e2=8.0530636800e+08 p16n_e2=5.3687091200e+08 p32q=8.0851046400e+08 p32n=8.0850380800e+08 p64q=8.0851056096e+08 p64n=8.0851056096e+08 alpha_d=2.6364049898e-05 alpha_p32q=2.6364053060e-05 alpha_p32n=2.6364270101e-05 rz32q=2.1315612305e+04 rz32n=2.1315605469e+04 alpha_full_q=2.6364052481e-05 alpha_full_n=2.6364261068e-05
  residual=1.090e+02
iter=91 pAp_d=3.0300296543e+07 p8q=-6.4000000000e+01 p8n=6.4000000000e+01 p8q_e2=1.6777216000e+07 p8n_e2=3.2768000000e+04 p16q=3.3554432000e+07 p16n=-2.6214400000e+05 p16q_e2=3.0408704000e+07 p16n_e2=2.3068672000e+07 p32q=3.0300296000e+07 p32n=3.0300304000e+07 p64q=3.0300296543e+07 p64n=3.0300296543e+07 alpha_d=2.1101195992e-04 alpha_p32q=2.1101196370e-04 alpha_p32n=2.1101190799e-04 rz32q=6.3937248535e+03 rz32n=6.3937226562e+03 alpha_full_q=2.1101196020e-04 alpha_full_n=2.1101183197e-04
  residual=4.844e+02
iter=92 pAp_d=-6.2781310283e+09 p8q=-6.4000000000e+01 p8n=6.4000000000e+01 p8q_e2=-1.6777216000e+07 p8n_e2=1.6777216000e+07 p16q=-2.6843545600e+08 p16n=1.2582912000e+07 p16q_e2=-6.4424509440e+09 p16n_e2=-4.0265318400e+09 p32q=-6.2781276160e+09 p32n=-6.2782013440e+09 p64q=-6.2781310283e+09 p64n=-6.2781310283e+09 alpha_d=-1.5933986981e-05 alpha_p32q=-1.5933995641e-05 alpha_p32n=-1.5933808521e-05 rz32q=1.0003565625e+05 rz32n=1.0003557812e+05 alpha_full_q=-1.5933995352e-05 alpha_full_n=-1.5933795787e-05
  residual=1.214e+02
iter=93 pAp_d=8.3414579264e+07 p8q=6.4000000000e+01 p8n=0.0000000000e+00 p8q_e2=1.6777216000e+07 p8n_e2=1.0485760000e+06 p16q=6.7108864000e+07 p16n=8.3886080000e+06 p16q_e2=8.3886080000e+07 p16n_e2=6.3963136000e+07 p32q=8.3414592000e+07 p32n=8.3415008000e+07 p64q=8.3414579264e+07 p64n=8.3414579264e+07 alpha_d=8.5957088556e-05 alpha_p32q=8.5957075432e-05 alpha_p32n=8.5956646754e-05 rz32q=7.1700744629e+03 rz32n=7.1700717773e+03 alpha_full_q=8.5957076466e-05 alpha_full_n=8.5956615593e-05
  residual=1.755e+02
iter=94 pAp_d=-1.8122884806e+08 p8q=-6.4000000000e+01 p8n=-6.4000000000e+01 p8q_e2=-1.6777216000e+07 p8n_e2=-1.6777216000e+07 p16q=-2.6843545600e+08 p16n=-1.6777216000e+07 p16q_e2=-1.8035507200e+08 p16n_e2=-1.5518924800e+08 p32q=-1.8122886400e+08 p32n=-1.8122892800e+08 p64q=-1.8122884806e+08 p64n=-1.8122884806e+08 alpha_d=-7.2592587144e-05 alpha_p32q=-7.2592580758e-05 alpha_p32n=-7.2592555122e-05 rz32q=1.3155871094e+04 rz32n=1.3155872559e+04 alpha_full_q=-7.2592581575e-05 alpha_full_n=-7.2592564023e-05
  residual=1.957e+02
iter=95 pAp_d=4.6998351511e+08 p8q=6.4000000000e+01 p8n=0.0000000000e+00 p8q_e2=1.6777216000e+07 p8n_e2=1.6777216000e+07 p16q=2.6843545600e+08 p16n=1.6777216000e+07 p16q_e2=4.6976204800e+08 p16n_e2=3.3554432000e+08 p32q=4.6998348800e+08 p32n=4.6998169600e+08 p64q=4.6998351511e+08 p64n=4.6998351511e+08 alpha_d=3.7998602551e-05 alpha_p32q=3.7998604743e-05 alpha_p32n=3.7998749629e-05 rz32q=1.7858716797e+04 rz32n=1.7858706055e+04 alpha_full_q=3.7998604744e-05 alpha_full_n=3.7998726773e-05
  residual=1.195e+02
iter=96 pAp_d=-1.6116963874e+07 p8q=-6.4000000000e+01 p8n=-6.4000000000e+01 p8q_e2=-1.6777216000e+07 p8n_e2=-2.6214400000e+05 p16q=-1.6777216000e+07 p16n=-8.3886080000e+06 p16q_e2=-1.6121856000e+07 p16n_e2=-1.8874368000e+07 p32q=-1.6116964000e+07 p32n=-1.6117006000e+07 p64q=-1.6116963874e+07 p64n=-1.6116963874e+07 alpha_d=-3.9776039707e-04 alpha_p32q=-3.9776039397e-04 alpha_p32n=-3.9775935743e-04 rz32q=6.4106899414e+03 rz32n=6.4106884766e+03 alpha_full_q=-3.9776039342e-04 alpha_full_n=-3.9775926599e-04
  residual=7.708e+02
iter=97 pAp_d=2.3964157339e+10 p8q=-6.4000000000e+01 p8n=-6.4000000000e+01 p8q_e2=1.6777216000e+07 p8n_e2=-1.6777216000e+07 p16q=2.6843545600e+08 p16n=-2.6843545600e+08 p16q_e2=2.3622320128e+10 p16n_e2=8.0530636800e+09 p32q=2.3964155904e+10 p32n=2.3964123136e+10 p64q=2.3964157339e+10 p64n=2.3964157339e+10 alpha_d=9.9524177089e-06 alpha_p32q=9.9524183047e-06 alpha_p32n=9.9524319135e-06 rz32q=2.3850129688e+05 rz32n=2.3850132812e+05 alpha_full_q=9.9524180126e-06 alpha_full_n=9.9524329253e-06
  residual=1.056e+02
iter=98 pAp_d=2.5862033930e+07 p8q=6.4000000000e+01 p8n=-6.4000000000e+01 p8q_e2=1.6777216000e+07 p8n_e2=1.0485760000e+06 p16q=3.3554432000e+07 p16n=2.6214400000e+06 p16q_e2=2.5690112000e+07 p16n_e2=1.8350080000e+07 p32q=2.5862032000e+07 p32n=2.5862016000e+07 p64q=2.5862033930e+07 p64n=2.5862033930e+07 alpha_d=2.0283103880e-04 alpha_p32q=2.0283105394e-04 alpha_p32n=2.0283117942e-04 rz32q=5.2456232910e+03 rz32n=5.2456235352e+03 alpha_full_q=2.0283105717e-04 alpha_full_n=2.0283119209e-04
  residual=3.542e+02
iter=99 pAp_d=-1.9074079763e+09 p8q=-6.4000000000e+01 p8n=-6.4000000000e+01 p8q_e2=-1.6777216000e+07 p8n_e2=-1.6777216000e+07 p16q=-2.6843545600e+08 p16n=-6.7108864000e+07 p16q_e2=-1.8790481920e+09 p16n_e2=-2.0132659200e+09 p32q=-1.9074078720e+09 p32n=-1.9074099200e+09 p64q=-1.9074079763e+09 p64n=-1.9074079763e+09 alpha_d=-2.6153889358e-05 alpha_p32q=-2.6153890788e-05 alpha_p32n=-2.6153862707e-05 rz32q=4.9886136719e+04 rz32n=4.9886101562e+04 alpha_full_q=-2.6153890550e-05 alpha_full_n=-2.6153844037e-05
  residual=1.469e+02
iter=100 pAp_d=2.8182126216e+08 p8q=6.4000000000e+01 p8n=-6.4000000000e+01 p8q_e2=1.6777216000e+07 p8n_e2=1.6777216000e+07 p16q=2.6843545600e+08 p16n=1.6777216000e+07 p16q_e2=2.8521267200e+08 p16n_e2=2.0552089600e+08 p32q=2.8182118400e+08 p32n=2.8182092800e+08 p64q=2.8182126216e+08 p64n=2.8182126216e+08 alpha_d=3.8549092986e-05 alpha_p32q=3.8549103678e-05 alpha_p32n=3.8549138695e-05 rz32q=1.0863954102e+04 rz32n=1.0863949219e+04 alpha_full_q=3.8549103894e-05 alpha_full_n=3.8549121585e-05
  residual=1.282e+02
iter=101 pAp_d=2.2659430167e+07 p8q=6.4000000000e+01 p8n=-6.4000000000e+01 p8q_e2=1.6777216000e+07 p8n_e2=1.0485760000e+06 p16q=1.6777216000e+07 p16n=-6.5536000000e+05 p16q_e2=2.2544384000e+07 p16n_e2=1.8350080000e+07 p32q=2.2659432000e+07 p32n=2.2659528000e+07 p64q=2.2659430167e+07 p64n=2.2659430167e+07 alpha_d=3.5302401158e-04 alpha_p32q=3.5302398303e-04 alpha_p32n=3.5302248740e-04 rz32q=7.9993229980e+03 rz32n=7.9993227539e+03 alpha_full_q=3.5302398569e-04 alpha_full_n=3.5302247928e-04
  residual=1.011e+03
iter=102 pAp_d=-6.8580843471e+10 p8q=6.4000000000e+01 p8n=-6.4000000000e+01 p8q_e2=-1.6777216000e+07 p8n_e2=-1.6777216000e+07 p16q=-2.6843545600e+08 p16n=-2.6843545600e+08 p16q_e2=-6.8719476736e+10 p16n_e2=-6.0129542144e+10 p32q=-6.8580868096e+10 p32n=-6.8581785600e+10 p64q=-6.8580843471e+10 p64n=-6.8580843471e+10 alpha_d=-6.7288042469e-06 alpha_p32q=-6.7288018308e-06 alpha_p32n=-6.7287118112e-06 rz32q=4.6146706250e+05 rz32n=4.6146650000e+05 alpha_full_q=-6.7288017097e-06 alpha_full_n=-6.7287034883e-06
  residual=1.163e+02
iter=103 pAp_d=6.8502263503e+07 p8q=-6.4000000000e+01 p8n=6.4000000000e+01 p8q_e2=1.6777216000e+07 p8n_e2=2.6214400000e+05 p16q=6.7108864000e+07 p16n=3.6700160000e+06 p16q_e2=6.9206016000e+07 p16n_e2=5.7671680000e+07 p32q=6.8502272000e+07 p32n=6.8502144000e+07 p64q=6.8502263503e+07 p64n=6.8502263503e+07 alpha_d=9.5677971176e-05 alpha_p32q=9.5677959308e-05 alpha_p32n=9.5678138088e-05 rz32q=6.5541577148e+03 rz32n=6.5541545410e+03 alpha_full_q=9.5677961088e-05 alpha_full_n=9.5678093536e-05
  residual=1.953e+02
iter=104 pAp_d=-2.5711546109e+08 p8q=-6.4000000000e+01 p8n=6.4000000000e+01 p8q_e2=-1.6777216000e+07 p8n_e2=-1.6777216000e+07 p16q=-2.6843545600e+08 p16n=-3.3554432000e+07 p16q_e2=-2.5585254400e+08 p16n_e2=-2.1390950400e+08 p32q=-2.5711545600e+08 p32n=-2.5711481600e+08 p64q=-2.5711546109e+08 p64n=-2.5711546109e+08 alpha_d=-5.9768843857e-05 alpha_p32q=-5.9768845040e-05 alpha_p32n=-5.9768993814e-05 rz32q=1.5367493652e+04 rz32n=1.5367490234e+04 alpha_full_q=-5.9768844283e-05 alpha_full_n=-5.9768979763e-05
  residual=1.786e+02
iter=105 pAp_d=3.3026723601e+08 p8q=6.4000000000e+01 p8n=-6.4000000000e+01 p8q_e2=1.6777216000e+07 p8n_e2=-1.6384000000e+04 p16q=2.6843545600e+08 p16n=6.2914560000e+06 p16q_e2=3.3554432000e+08 p16n_e2=2.3488102400e+08 p32q=3.3026713600e+08 p32n=3.3026816000e+08 p64q=3.3026723601e+08 p64n=3.3026723601e+08 alpha_d=4.3152788777e-05 alpha_p32q=4.3152801844e-05 alpha_p32n=4.3152668048e-05 rz32q=1.4251952148e+04 rz32n=1.4251950195e+04 alpha_full_q=4.3152801460e-05 alpha_full_n=4.3152661750e-05
  residual=1.227e+02
iter=106 pAp_d=-2.0796358804e+07 p8q=-6.4000000000e+01 p8n=0.0000000000e+00 p8q_e2=-1.6777216000e+07 p8n_e2=-1.0485760000e+06 p16q=-1.6777216000e+07 p16n=-4.1943040000e+06 p16q_e2=-2.0971520000e+07 p16n_e2=-2.3068672000e+07 p32q=-2.0796360000e+07 p32n=-2.0796392000e+07 p64q=-2.0796358804e+07 p64n=-2.0796358804e+07 alpha_d=-2.8901449723e-04 alpha_p32q=-2.8901448060e-04 alpha_p32n=-2.8901403589e-04 rz32q=6.0104492188e+03 rz32n=6.0104499512e+03 alpha_full_q=-2.8901448228e-04 alpha_full_n=-2.8901407279e-04
  residual=5.268e+02
iter=107 pAp_d=8.4667758213e+09 p8q=-6.4000000000e+01 p8n=0.0000000000e+00 p8q_e2=1.6777216000e+07 p8n_e2=0.0000000000e+00 p16q=2.6843545600e+08 p16n=-2.6843545600e+08 p16q_e2=8.5899345920e+09 p16n_e2=5.9055800320e+09 p32q=8.4667760640e+09 p32n=8.4667269120e+09 p64q=8.4667758213e+09 p64n=8.4667758213e+09 alpha_d=1.3569422865e-05 alpha_p32q=1.3569422476e-05 alpha_p32n=1.3569501251e-05 rz32q=1.1488925781e+05 rz32n=1.1488908594e+05 alpha_full_q=1.3569422050e-05 alpha_full_n=1.3569480524e-05
  residual=1.052e+02
iter=108 pAp_d=2.1618639631e+07 p8q=6.4000000000e+01 p8n=6.4000000000e+01 p8q_e2=1.6777216000e+07 p8n_e2=-1.0485760000e+06 p16q=1.6777216000e+07 p16n=3.6700160000e+06 p16q_e2=2.1495808000e+07 p16n_e2=1.8350080000e+07 p32q=2.1618640000e+07 p32n=2.1618648000e+07 p64q=2.1618639631e+07 p64n=2.1618639631e+07 alpha_d=2.2923237469e-04 alpha_p32q=2.2923237077e-04 alpha_p32n=2.2923228594e-04 rz32q=4.9556921387e+03 rz32n=4.9556906738e+03 alpha_full_q=2.2923237256e-04 alpha_full_n=2.2923221997e-04
  residual=3.886e+02
iter=109 pAp_d=-2.9561682228e+09 p8q=-6.4000000000e+01 p8n=-6.4000000000e+01 p8q_e2=-1.6777216000e+07 p8n_e2=-1.6777216000e+07 p16q=-2.6843545600e+08 p16n=-2.6843545600e+08 p16q_e2=-2.9527900160e+09 p16n_e2=-3.0870077440e+09 p32q=-2.9561692160e+09 p32n=-2.9561835520e+09 p64q=-2.9561682228e+09 p64n=-2.9561682228e+09 alpha_d=-2.1572716884e-05 alpha_p32q=-2.1572709637e-05 alpha_p32n=-2.1572605020e-05 rz32q=6.3772580078e+04 rz32n=6.3772558594e+04 alpha_full_q=-2.1572709618e-05 alpha_full_n=-2.1572597734e-05
  residual=1.278e+02
iter=110 pAp_d=9.3442107853e+07 p8q=6.4000000000e+01 p8n=-6.4000000000e+01 p8q_e2=1.6777216000e+07 p8n_e2=1.0485760000e+06 p16q=6.7108864000e+07 p16n=8.3886080000e+06 p16q_e2=9.4371840000e+07 p16n_e2=6.7108864000e+07 p32q=9.3442112000e+07 p32n=9.3442080000e+07 p64q=9.3442107853e+07 p64n=9.3442107853e+07 alpha_d=7.3778889620e-05 alpha_p32q=7.3778886346e-05 alpha_p32n=7.3778911612e-05 rz32q=6.8940549316e+03 rz32n=6.8940529785e+03 alpha_full_q=7.3778886030e-05 alpha_full_n=7.3778890394e-05
  residual=1.444e+02
iter=111 pAp_d=-7.8729769646e+07 p8q=-6.4000000000e+01 p8n=0.0000000000e+00 p8q_e2=-1.6777216000e+07 p8n_e2=-1.0485760000e+06 p16q=-6.7108864000e+07 p16n=-1.6777216000e+07 p16q_e2=-7.9691776000e+07 p16n_e2=-6.9206016000e+07 p32q=-7.8729760000e+07 p32n=-7.8729664000e+07 p64q=-7.8729769646e+07 p64n=-7.8729769646e+07 alpha_d=-1.0907742869e-04 alpha_p32q=-1.0907744205e-04 alpha_p32n=-1.0907757506e-04 rz32q=8.5876406250e+03 rz32n=8.5876381836e+03 alpha_full_q=-1.0907743940e-04 alpha_full_n=-1.0907754139e-04
  residual=2.336e+02
iter=112 pAp_d=6.0746840032e+08 p8q=-6.4000000000e+01 p8n=6.4000000000e+01 p8q_e2=1.6777216000e+07 p8n_e2=2.6214400000e+05 p16q=2.6843545600e+08 p16n=1.2582912000e+07 p16q_e2=6.0397977600e+08 p16n_e2=2.6424115200e+08 p32q=6.0746854400e+08 p32n=6.0747366400e+08 p64q=6.0746840032e+08 p64n=6.0746840032e+08 alpha_d=3.5398077836e-05 alpha_p32q=3.5398069463e-05 alpha_p32n=3.5397771116e-05 rz32q=2.1503213867e+04 rz32n=2.1503219727e+04 alpha_full_q=3.5398069710e-05 alpha_full_n=3.5397781008e-05
  residual=1.194e+02
iter=113 pAp_d=-2.7679607189e+06 p8q=-6.4000000000e+01 p8n=-6.4000000000e+01 p8q_e2=-1.0485760000e+06 p8n_e2=-2.6214400000e+05 p16q=-2.6214400000e+06 p16n=-8.5196800000e+05 p16q_e2=-2.7525120000e+06 p16n_e2=-3.3423360000e+06 p32q=-2.7679605000e+06 p32n=-2.7679870000e+06 p64q=-2.7679607189e+06 p64n=-2.7679607189e+06 alpha_d=-2.2324457607e-03 alpha_p32q=-2.2324459372e-03 alpha_p32n=-2.2324245644e-03 rz32q=6.1793222656e+03 rz32n=6.1793195801e+03 alpha_full_q=-2.2324459708e-03 alpha_full_n=-2.2324236277e-03
  residual=4.518e+03
iter=114 pAp_d=4.6553967140e+12 p8q=-6.4000000000e+01 p8n=-6.4000000000e+01 p8q_e2=1.6777216000e+07 p8n_e2=-1.6777216000e+07 p16q=2.6843545600e+08 p16n=-2.6843545600e+08 p16q_e2=4.3980465111e+12 p16n_e2=-1.6492674417e+12 p32q=4.6554090045e+12 p32n=4.6605092782e+12 p64q=4.6553967140e+12 p64n=4.6553967140e+12 alpha_d=1.7034983487e-06 alpha_p32q=1.7034938514e-06 alpha_p32n=1.7016296163e-06 rz32q=7.9304610000e+06 rz32n=7.9304580000e+06 alpha_full_q=1.7034939341e-06 alpha_full_n=1.7016290552e-06
  residual=1.300e+02
iter=115 pAp_d=1.2518320007e+08 p8q=6.4000000000e+01 p8n=6.4000000000e+01 p8q_e2=1.6777216000e+07 p8n_e2=1.6777216000e+07 p16q=6.7108864000e+07 p16n=1.2582912000e+07 p16q_e2=1.2582912000e+08 p16n_e2=9.8566144000e+07 p32q=1.2518320000e+08 p32n=1.2518272000e+08 p64q=1.2518320007e+08 p64n=1.2518320007e+08 alpha_d=6.3644924044e-05 alpha_p32q=6.3644924081e-05 alpha_p32n=6.3645168121e-05 rz32q=7.9672751465e+03 rz32n=7.9672717285e+03 alpha_full_q=6.3644923172e-05 alpha_full_n=6.3645139908e-05
  residual=1.561e+02
iter=116 pAp_d=-7.7124765684e+07 p8q=-6.4000000000e+01 p8n=6.4000000000e+01 p8q_e2=-1.6777216000e+07 p8n_e2=-1.0485760000e+06 p16q=-6.7108864000e+07 p16n=-1.6777216000e+07 p16q_e2=-7.7594624000e+07 p16n_e2=-7.5497472000e+07 p32q=-7.7124768000e+07 p32n=-7.7124800000e+07 p64q=-7.7124765684e+07 p64n=-7.7124765684e+07 alpha_d=-1.2852382477e-04 alpha_p32q=-1.2852382091e-04 alpha_p32n=-1.2852376758e-04 rz32q=9.9123696289e+03 rz32n=9.9123666992e+03 alpha_full_q=-1.2852381778e-04 alpha_full_n=-1.2852372647e-04
  residual=3.152e+02
iter=117 pAp_d=1.7419181856e+09 p8q=6.4000000000e+01 p8n=0.0000000000e+00 p8q_e2=1.6777216000e+07 p8n_e2=0.0000000000e+00 p16q=2.6843545600e+08 p16n=6.7108864000e+07 p16q_e2=1.7448304640e+09 p16n_e2=1.0401873920e+09 p32q=1.7419182080e+09 p32n=1.7419048960e+09 p64q=1.7419181856e+09 p64n=1.7419181856e+09 alpha_d=2.3898098337e-05 alpha_p32q=2.3898098030e-05 alpha_p32n=2.3898280664e-05 rz32q=4.1628531250e+04 rz32n=4.1628548828e+04 alpha_full_q=2.3898097545e-05 alpha_full_n=2.3898290270e-05
  residual=1.178e+02
iter=118 pAp_d=1.9065544822e+07 p8q=-6.5000000000e+00 p8n=-6.4000000000e+01 p8q_e2=1.6777216000e+07 p8n_e2=-1.6384000000e+04 p16q=1.6777216000e+07 p16n=3.2768000000e+05 p16q_e2=1.8874368000e+07 p16n_e2=1.5597568000e+07 p32q=1.9065544000e+07 p32n=1.9065640000e+07 p64q=1.9065544822e+07 p64n=1.9065544822e+07 alpha_d=3.3729397359e-04 alpha_p32q=3.3729398814e-04 alpha_p32n=3.3729228978e-04 rz32q=6.4306933594e+03 rz32n=6.4306926270e+03 alpha_full_q=3.3729398749e-04 alpha_full_n=3.3729225072e-04
  residual=7.301e+02
iter=119 pAp_d=-1.8471454949e+10 p8q=6.4000000000e+01 p8n=-6.4000000000e+01 p8q_e2=-1.6777216000e+07 p8n_e2=-1.6777216000e+07 p16q=-2.6843545600e+08 p16n=-2.6843545600e+08 p16q_e2=-1.9327352832e+10 p16n_e2=-1.6106127360e+10 p32q=-1.8471452672e+10 p32n=-1.8471813120e+10 p64q=-1.8471454949e+10 p64n=-1.8471454949e+10 alpha_d=-1.1349750570e-05 alpha_p32q=-1.1349751969e-05 alpha_p32n=-1.1349530497e-05 rz32q=2.0964640625e+05 rz32n=2.0964639062e+05 alpha_full_q=-1.1349751964e-05 alpha_full_n=-1.1349529646e-05
  residual=1.408e+02
iter=120 pAp_d=2.1664855815e+08 p8q=6.4000000000e+01 p8n=0.0000000000e+00 p8q_e2=1.6777216000e+07 p8n_e2=1.6777216000e+07 p16q=2.6843545600e+08 p16n=3.3554432000e+07 p16q_e2=2.1810380800e+08 p16n_e2=1.8035507200e+08 p32q=2.1664857600e+08 p32n=2.1664774400e+08 p64q=2.1664855815e+08 p64n=2.1664855815e+08 alpha_d=4.6963887797e-05 alpha_p32q=4.6963883928e-05 alpha_p32n=4.6964064285e-05 rz32q=1.0174658691e+04 rz32n=1.0174655273e+04 alpha_full_q=4.6963884459e-05 alpha_full_n=4.6964049039e-05
  residual=1.690e+02
iter=121 pAp_d=-1.7050862739e+08 p8q=-6.4000000000e+01 p8n=-6.4000000000e+01 p8q_e2=-1.6777216000e+07 p8n_e2=-1.6777216000e+07 p16q=-2.6843545600e+08 p16n=-6.7108864000e+07 p16q_e2=-1.7196646400e+08 p16n_e2=-1.4680064000e+08 p32q=-1.7050860800e+08 p32n=-1.7050899200e+08 p64q=-1.7050862739e+08 p64n=-1.7050862739e+08 alpha_d=-8.0467792883e-05 alpha_p32q=-8.0467802032e-05 alpha_p32n=-8.0467620812e-05 rz32q=1.3720453125e+04 rz32n=1.3720451172e+04 alpha_full_q=-8.0467803274e-05 alpha_full_n=-8.0467610599e-05
  residual=2.830e+02
iter=122 pAp_d=1.2442050771e+09 p8q=6.4000000000e+01 p8n=-6.4000000000e+01 p8q_e2=1.6777216000e+07 p8n_e2=1.6777216000e+07 p16q=2.6843545600e+08 p16n=-6.7108864000e+07 p16q_e2=1.2750684160e+09 p16n_e2=8.3886080000e+08 p32q=1.2442050560e+09 p32n=1.2442112000e+09 p64q=1.2442050771e+09 p64n=1.2442050771e+09 alpha_d=2.6873050764e-05 alpha_p32q=2.6873051220e-05 alpha_p32n=2.6872918520e-05 rz32q=3.3435585938e+04 rz32n=3.3435580078e+04 alpha_full_q=2.6873051011e-05 alpha_full_n=2.6872913600e-05
  residual=1.198e+02
iter=123 pAp_d=-6.4219702406e+06 p8q=-6.4000000000e+01 p8n=-3.2000000000e+01 p8q_e2=-1.0485760000e+06 p8n_e2=-1.0485760000e+06 p16q=-6.2914560000e+06 p16n=-8.3886080000e+06 p16q_e2=-6.4225280000e+06 p16n_e2=-7.0778880000e+06 p32q=-6.4219700000e+06 p32n=-6.4220100000e+06 p64q=-6.4219702406e+06 p64n=-6.4219702406e+06 alpha_d=-1.0291707717e-03 alpha_p32q=-1.0291708102e-03 alpha_p32n=-1.0291643999e-03 rz32q=6.6093039551e+03 rz32n=6.6093046875e+03 alpha_full_q=-1.0291707926e-03 alpha_full_n=-1.0291644964e-03
  residual=2.148e+03
iter=124 pAp_d=4.2512526028e+11 p8q=-6.4000000000e+01 p8n=-6.4000000000e+01 p8q_e2=-1.6777216000e+07 p8n_e2=-1.6777216000e+07 p16q=2.6843545600e+08 p16n=-2.6843545600e+08 p16q_e2=4.1231686042e+11 p16n_e2=-1.3743895347e+11 p32q=4.2512521626e+11 p32n=4.2517030502e+11 p64q=4.2512526028e+11 p64n=4.2512526028e+11 alpha_d=3.9445361450e-06 alpha_p32q=3.9445365535e-06 alpha_p32n=3.9441182404e-06 rz32q=1.6769220000e+06 rz32n=1.6769207500e+06 alpha_full_q=3.9445366586e-06 alpha_full_n=3.9441154055e-06
  residual=1.188e+02
iter=125 pAp_d=7.7538611477e+07 p8q=6.4000000000e+01 p8n=-3.2000000000e+01 p8q_e2=1.6777216000e+07 p8n_e2=-6.5536000000e+04 p16q=6.7108864000e+07 p16n=1.6777216000e+07 p16q_e2=7.7594624000e+07 p16n_e2=6.1865984000e+07 p32q=7.7538624000e+07 p32n=7.7538976000e+07 p64q=7.7538611477e+07 p64n=7.7538611477e+07 alpha_d=8.6737838582e-05 alpha_p32q=8.6737824574e-05 alpha_p32n=8.6737430814e-05 rz32q=6.7255314941e+03 rz32n=6.7255307617e+03 alpha_full_q=8.6737823644e-05 alpha_full_n=8.6737420439e-05
  residual=2.139e+02
iter=126 pAp_d=-2.9555411760e+08 p8q=-6.4000000000e+01 p8n=6.4000000000e+01 p8q_e2=-1.6777216000e+07 p8n_e2=-1.6777216000e+07 p16q=-2.6843545600e+08 p16n=-3.3554432000e+07 p16q_e2=-3.0198988800e+08 p16n_e2=-2.6424115200e+08 p32q=-2.9555404800e+08 p32n=-2.9555404800e+08 p64q=-2.9555411760e+08 p64n=-2.9555411760e+08 alpha_d=-6.8660802994e-05 alpha_p32q=-6.8660819164e-05 alpha_p32n=-6.8660819164e-05 rz32q=2.0292983398e+04 rz32n=2.0292977539e+04 alpha_full_q=-6.8660820367e-05 alpha_full_n=-6.8660800542e-05
  residual=3.140e+02
iter=127 pAp_d=1.7107764415e+09 p8q=6.4000000000e+01 p8n=3.2000000000e+01 p8q_e2=1.6777216000e+07 p8n_e2=1.6777216000e+07 p16q=2.6843545600e+08 p16n=3.3554432000e+07 p16q_e2=1.7448304640e+09 p16n_e2=8.7241523200e+08 p32q=1.7107763200e+09 p32n=1.7107701760e+09 p64q=1.7107764415e+09 p64n=1.7107764415e+09 alpha_d=2.2749227095e-05 alpha_p32q=2.2749228711e-05 alpha_p32n=2.2749310412e-05 rz32q=3.8918841797e+04 rz32n=3.8918841797e+04 alpha_full_q=2.2749228723e-05 alpha_full_n=2.2749310423e-05
  residual=1.162e+02
iter=128 pAp_d=3.6792627832e+07 p8q=6.4000000000e+01 p8n=6.4000000000e+01 p8q_e2=1.6777216000e+07 p8n_e2=1.0485760000e+06 p16q=3.3554432000e+07 p16n=3.6700160000e+06 p16q_e2=3.6700160000e+07 p16n_e2=3.1457280000e+07 p32q=3.6792624000e+07 p32n=3.6792496000e+07 p64q=3.6792627832e+07 p64n=3.6792627832e+07 alpha_d=1.7082323369e-04 alpha_p32q=1.7082325148e-04 alpha_p32n=1.7082384577e-04 rz32q=6.2850356445e+03 rz32n=6.2850366211e+03 alpha_full_q=1.7082325100e-04 alpha_full_n=1.7082387183e-04
  residual=3.866e+02
iter=129 pAp_d=-2.4052370427e+09 p8q=-6.4000000000e+01 p8n=6.4000000000e+01 p8q_e2=-1.6777216000e+07 p8n_e2=1.0485760000e+06 p16q=-2.6843545600e+08 p16n=-2.6843545600e+08 p16q_e2=-2.4159191040e+09 p16n_e2=-2.2817013760e+09 p32q=-2.4052367360e+09 p32n=-2.4052346880e+09 p64q=-2.4052370427e+09 p64n=-2.4052370427e+09 alpha_d=-2.4458143994e-05 alpha_p32q=-2.4458147113e-05 alpha_p32n=-2.4458167938e-05 rz32q=5.8827634766e+04 rz32n=5.8827623047e+04 alpha_full_q=-2.4458147460e-05 alpha_full_n=-2.4458163413e-05
  residual=1.601e+02
iter=130 pAp_d=2.5455196111e+08 p8q=6.4000000000e+01 p8n=-3.2000000000e+01 p8q_e2=1.6777216000e+07 p8n_e2=1.6777216000e+07 p16q=2.6843545600e+08 p16n=8.3886080000e+06 p16q_e2=2.5585254400e+08 p16n_e2=2.0971520000e+08 p32q=2.5455193600e+08 p32n=2.5455091200e+08 p64q=2.5455196111e+08 p64n=2.5455196111e+08 alpha_d=4.5821893582e-05 alpha_p32q=4.5821898102e-05 alpha_p32n=4.5822082433e-05 rz32q=1.1664052734e+04 rz32n=1.1664056641e+04 alpha_full_q=4.5821897557e-05 alpha_full_n=4.5822097234e-05
  residual=1.309e+02
iter=131 pAp_d=-1.0619487115e+07 p8q=-6.4000000000e+01 p8n=-6.4000000000e+01 p8q_e2=-1.6777216000e+07 p8n_e2=-1.0485760000e+06 p16q=-1.2582912000e+07 p16n=-6.2914560000e+06 p16q_e2=-1.0616832000e+07 p16n_e2=-1.4155776000e+07 p32q=-1.0619486000e+07 p32n=-1.0619374000e+07 p64q=-1.0619487115e+07 p64n=-1.0619487115e+07 alpha_d=-7.1237044986e-04 alpha_p32q=-7.1237052465e-04 alpha_p32n=-7.1237803785e-04 rz32q=7.5650087891e+03 rz32n=7.5650104980e+03 alpha_full_q=-7.1237052236e-04 alpha_full_n=-7.1237819650e-04
  residual=1.673e+03
iter=132 pAp_d=2.1843742016e+11 p8q=-6.4000000000e+01 p8n=-6.4000000000e+01 p8q_e2=1.6777216000e+07 p8n_e2=-1.6777216000e+07 p16q=2.6843545600e+08 p16n=-2.6843545600e+08 p16q_e2=2.0615843021e+11 p16n_e2=-6.0129542144e+10 p32q=2.1843725517e+11 p32n=2.1843882803e+11 p64q=2.1843742016e+11 p64n=2.1843742016e+11 alpha_d=4.8680124775e-06 alpha_p32q=4.8680161544e-06 alpha_p32n=4.8679811024e-06 rz32q=1.0633560000e+06 rz32n=1.0633557500e+06 alpha_full_q=4.8680157567e-06 alpha_full_n=4.8679795601e-06
  residual=1.137e+02
iter=133 pAp_d=2.7235891101e+07 p8q=6.4000000000e+01 p8n=0.0000000000e+00 p8q_e2=1.6777216000e+07 p8n_e2=4.0960000000e+03 p16q=3.3554432000e+07 p16n=1.0485760000e+06 p16q_e2=2.7262976000e+07 p16n_e2=2.2544384000e+07 p32q=2.7235888000e+07 p32n=2.7235704000e+07 p64q=2.7235891101e+07 p64n=2.7235891101e+07 alpha_d=2.0669966001e-04 alpha_p32q=2.0669968354e-04 alpha_p32n=2.0670107997e-04 rz32q=5.6296494141e+03 rz32n=5.6296469727e+03 alpha_full_q=2.0669968294e-04 alpha_full_n=2.0670098972e-04
  residual=3.746e+02
iter=134 pAp_d=-1.9700871073e+09 p8q=-6.4000000000e+01 p8n=-6.4000000000e+01 p8q_e2=-1.6777216000e+07 p8n_e2=-1.0485760000e+06 p16q=-2.6843545600e+08 p16n=-6.7108864000e+07 p16q_e2=-1.9461570560e+09 p16n_e2=-1.1408506880e+09 p32q=-1.9700869120e+09 p32n=-1.9700920320e+09 p64q=-1.9700871073e+09 p64n=-1.9700871073e+09 alpha_d=-2.6270439822e-05 alpha_p32q=-2.6270442427e-05 alpha_p32n=-2.6270374153e-05 rz32q=5.1755054688e+04 rz32n=5.1755023438e+04 alpha_full_q=-2.6270442371e-05 alpha_full_n=-2.6270358235e-05
  residual=1.365e+02
iter=135 pAp_d=1.2740624476e+08 p8q=6.4000000000e+01 p8n=6.4000000000e+01 p8q_e2=1.6777216000e+07 p8n_e2=-1.0485760000e+06 p16q=6.7108864000e+07 p16n=1.6777216000e+07 p16q_e2=1.2792627200e+08 p16n_e2=1.0066329600e+08 p32q=1.2740624000e+08 p32n=1.2740608000e+08 p64q=1.2740624476e+08 p64n=1.2740624476e+08 alpha_d=6.2339724196e-05 alpha_p32q=6.2339726526e-05 alpha_p32n=6.2339804814e-05 rz32q=7.9424702148e+03 rz32n=7.9424677734e+03 alpha_full_q=6.2339726962e-05 alpha_full_n=6.2339786087e-05
  residual=1.494e+02
iter=136 pAp_d=-4.1120859999e+07 p8q=-6.4000000000e+01 p8n=0.0000000000e+00 p8q_e2=-1.6777216000e+07 p8n_e2=-1.6777216000e+07 p16q=-3.3554432000e+07 p16n=-4.1943040000e+06 p16q_e2=-4.0894464000e+07 p16n_e2=-4.8234496000e+07 p32q=-4.1120864000e+07 p32n=-4.1120672000e+07 p64q=-4.1120859999e+07 p64n=-4.1120859999e+07 alpha_d=-2.4096055652e-04 alpha_p32q=-2.4096053308e-04 alpha_p32n=-2.4096165817e-04 rz32q=9.9085053711e+03 rz32n=9.9085043945e+03 alpha_full_q=-2.4096053456e-04 alpha_full_n=-2.4096163590e-04
  residual=7.084e+02
iter=137 pAp_d=1.9241575949e+10 p8q=-6.4000000000e+01 p8n=0.0000000000e+00 p8q_e2=1.6777216000e+07 p8n_e2=0.0000000000e+00 p16q=2.6843545600e+08 p16n=-2.6843545600e+08 p16q_e2=1.9327352832e+10 p16n_e2=8.5899345920e+09 p32q=1.9241566208e+10 p32n=1.9241304064e+10 p64q=1.9241575949e+10 p64n=1.9241575949e+10 alpha_d=1.0418167080e-05 alpha_p32q=1.0418172354e-05 alpha_p32n=1.0418314291e-05 rz32q=2.0046195312e+05 rz32n=2.0046192188e+05 alpha_full_q=1.0418172354e-05 alpha_full_n=1.0418312668e-05
  residual=1.151e+02
iter=138 pAp_d=2.6917600665e+07 p8q=-6.4000000000e+01 p8n=-3.2000000000e+01 p8q_e2=1.6777216000e+07 p8n_e2=-3.2768000000e+04 p16q=3.3554432000e+07 p16n=3.6700160000e+06 p16q_e2=2.6738688000e+07 p16n_e2=2.1495808000e+07 p32q=2.6917600000e+07 p32n=2.6917432000e+07 p64q=2.6917600665e+07 p64n=2.6917600665e+07 alpha_d=2.1068501156e-04 alpha_p32q=2.1068501677e-04 alpha_p32n=2.1068633172e-04 rz32q=5.6711350098e+03 rz32n=5.6711328125e+03 alpha_full_q=2.1068501686e-04 alpha_full_n=2.1068625018e-04
  residual=3.843e+02
iter=139 pAp_d=-2.3008227034e+09 p8q=-6.4000000000e+01 p8n=-3.2000000000e+01 p8q_e2=-1.6777216000e+07 p8n_e2=1.6777216000e+07 p16q=-2.6843545600e+08 p16n=-2.6843545600e+08 p16q_e2=-2.2817013760e+09 p16n_e2=-1.8790481920e+09 p32q=-2.3008235520e+09 p32n=-2.3008276480e+09 p64q=-2.3008227034e+09 p64n=-2.3008227034e+09 alpha_d=-2.4148195509e-05 alpha_p32q=-2.4148186603e-05 alpha_p32n=-2.4148143613e-05 rz32q=5.5560716797e+04 rz32n=5.5560689453e+04 alpha_full_q=-2.4148186743e-05 alpha_full_n=-2.4148131870e-05
  residual=1.339e+02
iter=140 pAp_d=9.3423386613e+07 p8q=6.4000000000e+01 p8n=0.0000000000e+00 p8q_e2=1.6777216000e+07 p8n_e2=-8.1920000000e+03 p16q=6.7108864000e+07 p16n=4.1943040000e+06 p16q_e2=9.4371840000e+07 p16n_e2=6.6060288000e+07 p32q=9.3423392000e+07 p32n=9.3423552000e+07 p64q=9.3423386613e+07 p64n=9.3423386613e+07 alpha_d=8.7182232171e-05 alpha_p32q=8.7182227143e-05 alpha_p32n=8.7182077832e-05 rz32q=8.1448593750e+03 rz32n=8.1448579102e+03 alpha_full_q=8.7182227070e-05 alpha_full_n=8.7182062080e-05
  residual=2.072e+02
iter=141 pAp_d=-4.5313116883e+08 p8q=6.4000000000e+01 p8n=6.4000000000e+01 p8q_e2=-1.6777216000e+07 p8n_e2=2.6214400000e+05 p16q=-2.6843545600e+08 p16n=-6.7108864000e+07 p16q_e2=-4.5298483200e+08 p16n_e2=-4.1943040000e+08 p32q=-4.5313126400e+08 p32n=-4.5313203200e+08 p64q=-4.5313116883e+08 p64n=-4.5313116883e+08 alpha_d=-4.1309014075e-05 alpha_p32q=-4.1309005399e-05 alpha_p32n=-4.1308935385e-05 rz32q=1.8718401367e+04 rz32n=1.8718390625e+04 alpha_full_q=-4.1309004375e-05 alpha_full_n=-4.1308910655e-05
  residual=1.475e+02
iter=142 pAp_d=1.8625975807e+08 p8q=6.4000000000e+01 p8n=0.0000000000e+00 p8q_e2=1.6777216000e+07 p8n_e2=2.6214400000e+05 p16q=2.6843545600e+08 p16n=8.3886080000e+06 p16q_e2=1.8454937600e+08 p16n_e2=1.4260633600e+08 p32q=1.8625977600e+08 p32n=1.8625881600e+08 p64q=1.8625975807e+08 p64n=1.8625975807e+08 alpha_d=5.4956755680e-05 alpha_p32q=5.4956750389e-05 alpha_p32n=5.4957033643e-05 rz32q=1.0236231934e+04 rz32n=1.0236232910e+04 alpha_full_q=5.4956749940e-05 alpha_full_n=5.4957038437e-05
  residual=1.743e+02
iter=143 pAp_d=-6.7981633807e+07 p8q=-6.4000000000e+01 p8n=-6.4000000000e+01 p8q_e2=-1.6777216000e+07 p8n_e2=1.6777216000e+07 p16q=-6.7108864000e+07 p16n=-1.6777216000e+07 p16q_e2=-6.7108864000e+07 p16n_e2=-5.9768832000e+07 p32q=-6.7981632000e+07 p32n=-6.7981376000e+07 p64q=-6.7981633807e+07 p64n=-6.7981633807e+07 alpha_d=-2.0401823726e-04 alpha_p32q=-2.0401824268e-04 alpha_p32n=-2.0401901096e-04 rz32q=1.3869493164e+04 rz32n=1.3869491211e+04 alpha_full_q=-2.0401824369e-04 alpha_full_n=-2.0401898324e-04
  residual=8.854e+02
iter=144 pAp_d=4.5528474612e+10 p8q=-6.4000000000e+01 p8n=-6.4000000000e+01 p8q_e2=1.6777216000e+07 p8n_e2=-1.6777216000e+07 p16q=2.6843545600e+08 p16n=2.6843545600e+08 p16q_e2=4.7244640256e+10 p16n_e2=3.0064771072e+10 p32q=4.5528449024e+10 p32n=4.5527728128e+10 p64q=4.5528474612e+10 p64n=4.5528474612e+10 alpha_d=7.3587440537e-06 alpha_p32q=7.3587481895e-06 alpha_p32n=7.3588647096e-06 rz32q=3.3503240625e+05 rz32n=3.3503221875e+05 alpha_full_q=7.3587485063e-06 alpha_full_n=7.3588609080e-06
  residual=1.181e+02
iter=145 pAp_d=4.5986079548e+07 p8q=6.4000000000e+01 p8n=3.2000000000e+01 p8q_e2=1.6777216000e+07 p8n_e2=-1.0485760000e+06 p16q=3.3554432000e+07 p16n=8.3886080000e+06 p16q_e2=4.6137344000e+07 p16n_e2=3.3030144000e+07 p32q=4.5986080000e+07 p32n=4.5986368000e+07 p64q=4.5986079548e+07 p64n=4.5986079548e+07 alpha_d=1.2671106888e-04 alpha_p32q=1.2671106763e-04 alpha_p32n=1.2671027408e-04 rz32q=5.8269453125e+03 rz32n=5.8269433594e+03 alpha_full_q=1.2671106806e-04 alpha_full_n=1.2671023203e-04
  residual=2.630e+02
iter=146 pAp_d=-6.7791965029e+08 p8q=-6.4000000000e+01 p8n=6.4000000000e+01 p8q_e2=-1.6777216000e+07 p8n_e2=-1.6777216000e+07 p16q=-2.6843545600e+08 p16n=-1.6777216000e+07 p16q_e2=-6.7108864000e+08 p16n_e2=-5.3687091200e+08 p32q=-6.7791974400e+08 p32n=-6.7792128000e+08 p64q=-6.7791965029e+08 p64n=-6.7791965029e+08 alpha_d=-4.2814415657e-05 alpha_p32q=-4.2814409739e-05 alpha_p32n=-4.2814312732e-05 rz32q=2.9024733398e+04 rz32n=2.9024729492e+04 alpha_full_q=-4.2814409309e-05 alpha_full_n=-4.2814306540e-05
  residual=2.322e+02
iter=147 pAp_d=9.5194760161e+08 p8q=-6.4000000000e+01 p8n=-3.2000000000e+01 p8q_e2=1.6777216000e+07 p8n_e2=-1.6777216000e+07 p16q=2.6843545600e+08 p16n=6.7108864000e+07 p16q_e2=9.3952409600e+08 p16n_e2=7.0464307200e+08 p32q=9.5194777600e+08 p32n=9.5195033600e+08 p64q=9.5194760161e+08 p64n=9.5194760161e+08 alpha_d=2.5506371708e-05 alpha_p32q=2.5506367035e-05 alpha_p32n=2.5506298443e-05 rz32q=2.4280729492e+04 rz32n=2.4280724609e+04 alpha_full_q=2.5506367160e-05 alpha_full_n=2.5506293439e-05
  residual=1.206e+02
iter=148 pAp_d=-1.0156681362e+07 p8q=-6.4000000000e+01 p8n=0.0000000000e+00 p8q_e2=-1.6777216000e+07 p8n_e2=2.6214400000e+05 p16q=-8.3886080000e+06 p16n=-6.2914560000e+06 p16q_e2=-1.0223616000e+07 p16n_e2=-8.1920000000e+06 p32q=-1.0156682000e+07 p32n=-1.0156722000e+07 p64q=-1.0156681362e+07 p64n=-1.0156681362e+07 alpha_d=-6.6422696437e-04 alpha_p32q=-6.6422692268e-04 alpha_p32n=-6.6422430677e-04 rz32q=6.7463415527e+03 rz32n=6.7463398438e+03 alpha_full_q=-6.6422691512e-04 alpha_full_n=-6.6422413095e-04
  residual=1.527e+03
iter=149 pAp_d=2.0221375179e+11 p8q=6.4000000000e+01 p8n=0.0000000000e+00 p8q_e2=1.6777216000e+07 p8n_e2=0.0000000000e+00 p16q=2.6843545600e+08 p16n=0.0000000000e+00 p16q_e2=2.0615843021e+11 p16n_e2=-1.3958643712e+10 p32q=2.0221368730e+11 p32n=2.0222941594e+11 p64q=2.0221375179e+11 p64n=2.0221375179e+11 alpha_d=4.6411501565e-06 alpha_p32q=4.6411516368e-06 alpha_p32n=4.6407906656e-06 rz32q=9.3850437500e+05 rz32n=9.3850393750e+05 alpha_full_q=4.6411515835e-06 alpha_full_n=4.6407884489e-06
  residual=1.267e+02
iter=150 pAp_d=6.3052161579e+07 p8q=6.4000000000e+01 p8n=-6.4000000000e+01 p8q_e2=1.6777216000e+07 p8n_e2=1.6777216000e+07 p16q=6.7108864000e+07 p16n=1.6777216000e+07 p16q_e2=6.2914560000e+07 p16n_e2=5.7671680000e+07 p32q=6.3052160000e+07 p32n=6.3052016000e+07 p64q=6.3052161579e+07 p64n=6.3052161579e+07 alpha_d=1.1512565212e-04 alpha_p32q=1.1512565501e-04 alpha_p32n=1.1512591794e-04 rz32q=7.2589211426e+03 rz32n=7.2589208984e+03 alpha_full_q=1.1512565379e-04 alpha_full_n=1.1512591284e-04
  residual=2.847e+02
iter=151 pAp_d=-9.2530590532e+08 p8q=-6.4000000000e+01 p8n=6.4000000000e+01 p8q_e2=-1.6777216000e+07 p8n_e2=6.5536000000e+04 p16q=-2.6843545600e+08 p16n=-6.7108864000e+07 p16q_e2=-9.3952409600e+08 p16n_e2=-6.7108864000e+08 p32q=-9.2530585600e+08 p32n=-9.2530432000e+08 p64q=-9.2530590532e+08 p64n=-9.2530590532e+08 alpha_d=-3.6124360481e-05 alpha_p32q=-3.6124362406e-05 alpha_p32n=-3.6124422373e-05 rz32q=3.3426083984e+04 rz32n=3.3426082031e+04 alpha_full_q=-3.6124362304e-05 alpha_full_n=-3.6124420160e-05
  residual=1.889e+02
iter=152 pAp_d=3.0491410713e+08 p8q=6.4000000000e+01 p8n=6.4000000000e+01 p8q_e2=1.6777216000e+07 p8n_e2=1.6777216000e+07 p16q=2.6843545600e+08 p16n=1.6777216000e+07 p16q_e2=3.0198988800e+08 p16n_e2=2.3068672000e+08 p32q=3.0491417600e+08 p32n=3.0491264000e+08 p64q=3.0491410713e+08 p64n=3.0491410713e+08 alpha_d=4.4641056128e-05 alpha_p32q=4.4641046045e-05 alpha_p32n=4.4641270925e-05 rz32q=1.3611687988e+04 rz32n=1.3611687012e+04 alpha_full_q=4.4641046759e-05 alpha_full_n=4.4641268436e-05
  residual=1.296e+02
iter=153 pAp_d=-1.5670258344e+07 p8q=-6.4000000000e+01 p8n=0.0000000000e+00 p8q_e2=-1.6777216000e+07 p8n_e2=-1.0485760000e+06 p16q=-1.6777216000e+07 p16n=8.3886080000e+06 p16q_e2=-1.5597568000e+07 p16n_e2=-1.4942208000e+07 p32q=-1.5670258000e+07 p32n=-1.5670238000e+07 p64q=-1.5670258344e+07 p64n=-1.5670258344e+07 alpha_d=-4.3199230617e-04 alpha_p32q=-4.3199231566e-04 alpha_p32n=-4.3199286702e-04 rz32q=6.7694311523e+03 rz32n=6.7694274902e+03 alpha_full_q=-4.3199232280e-04 alpha_full_n=-4.3199264046e-04
  residual=8.976e+02
iter=154 pAp_d=2.9007714781e+10 p8q=6.4000000000e+01 p8n=0.0000000000e+00 p8q_e2=1.6777216000e+07 p8n_e2=0.0000000000e+00 p16q=2.6843545600e+08 p16n=0.0000000000e+00 p16q_e2=2.7917287424e+10 p16n_e2=1.9461570560e+09 p32q=2.9007708160e+10 p32n=2.9006561280e+10 p64q=2.9007714781e+10 p64n=2.9007714781e+10 alpha_d=9.6562541687e-06 alpha_p32q=9.6562563726e-06 alpha_p32n=9.6566381679e-06 rz32q=2.8010587500e+05 rz32n=2.8010559375e+05 alpha_full_q=9.6562566562e-06 alpha_full_n=9.6566287553e-06
  residual=1.211e+02
iter=155 pAp_d=4.4250228052e+07 p8q=6.4000000000e+01 p8n=-6.4000000000e+01 p8q_e2=1.6777216000e+07 p8n_e2=-6.5536000000e+04 p16q=3.3554432000e+07 p16n=1.6777216000e+07 p16q_e2=4.4040192000e+07 p16n_e2=4.1943040000e+07 p32q=4.4250224000e+07 p32n=4.4250224000e+07 p64q=4.4250228052e+07 p64n=4.4250228052e+07 alpha_d=1.3766296119e-04 alpha_p32q=1.3766297380e-04 alpha_p32n=1.3766297380e-04 rz32q=6.0916174316e+03 rz32n=6.0916164551e+03 alpha_full_q=1.3766297390e-04 alpha_full_n=1.3766295183e-04
  residual=2.949e+02
iter=156 pAp_d=-1.0356574185e+09 p8q=-6.4000000000e+01 p8n=-6.4000000000e+01 p8q_e2=-1.6777216000e+07 p8n_e2=-1.6777216000e+07 p16q=-2.6843545600e+08 p16n=-6.7108864000e+07 p16q_e2=-1.0401873920e+09 p16n_e2=-7.7175193600e+08 p32q=-1.0356572160e+09 p32n=-1.0356602880e+09 p64q=-1.0356574185e+09 p64n=-1.0356574185e+09 alpha_d=-3.6473280706e-05 alpha_p32q=-3.6473287839e-05 alpha_p32n=-3.6473179651e-05 rz32q=3.7773824219e+04 rz32n=3.7773796875e+04 alpha_full_q=-3.6473288300e-05 alpha_full_n=-3.6473153709e-05
  residual=2.353e+02
iter=157 pAp_d=7.2197007691e+08 p8q=-6.4000000000e+01 p8n=-6.4000000000e+01 p8q_e2=1.6777216000e+07 p8n_e2=-1.6777216000e+07 p16q=2.6843545600e+08 p16n=6.7108864000e+07 p16q_e2=7.3819750400e+08 p16n_e2=4.6976204800e+08 p32q=7.2197017600e+08 p32n=7.2197324800e+08 p64q=7.2197007691e+08 p64n=7.2197007691e+08 alpha_d=3.0687098971e-05 alpha_p32q=3.0687094759e-05 alpha_p32n=3.0686964186e-05 rz32q=2.2155166992e+04 rz32n=2.2155162109e+04 alpha_full_q=3.0687094466e-05 alpha_full_n=3.0686957129e-05
  residual=1.223e+02
iter=158 pAp_d=7.3053827741e+06 p8q=-6.4000000000e+01 p8n=-6.4000000000e+01 p8q_e2=1.6777216000e+07 p8n_e2=-6.5536000000e+04 p16q=6.2914560000e+06 p16n=-2.0971520000e+06 p16q_e2=7.3400320000e+06 p16n_e2=5.8982400000e+06 p32q=7.3053830000e+06 p32n=7.3054130000e+06 p64q=7.3053827741e+06 p64n=7.3053827741e+06 alpha_d=8.7135109317e-04 alpha_p32q=8.7135106622e-04 alpha_p32n=8.7134748798e-04 rz32q=6.3655532227e+03 rz32n=6.3655546875e+03 alpha_full_q=8.7135106026e-04 alpha_full_n=8.7134768253e-04
  residual=1.874e+03
iter=159 pAp_d=-2.5667157800e+11 p8q=-6.4000000000e+01 p8n=-6.4000000000e+01 p8q_e2=-1.6777216000e+07 p8n_e2=-1.6777216000e+07 p16q=-2.6843545600e+08 p16n=-2.6843545600e+08 p16q_e2=-2.4051816858e+11 p16n_e2=-2.4051816858e+11 p32q=-2.5667148186e+11 p32n=-2.5666676326e+11 p64q=-2.5667157800e+11 p64n=-2.5667157800e+11 alpha_d=-4.7321739606e-06 alpha_p32q=-4.7321757331e-06 alpha_p32n=-4.7322627300e-06 rz32q=1.2146145000e+06 rz32n=1.2146135000e+06 alpha_full_q=-4.7321755078e-06 alpha_full_n=-4.7322586086e-06
  residual=1.192e+02
iter=160 pAp_d=5.4718437697e+07 p8q=6.4000000000e+01 p8n=-6.4000000000e+01 p8q_e2=1.6777216000e+07 p8n_e2=-2.6214400000e+05 p16q=6.7108864000e+07 p16n=6.2914560000e+06 p16q_e2=5.4525952000e+07 p16n_e2=5.2428800000e+07 p32q=5.4718432000e+07 p32n=5.4718384000e+07 p64q=5.4718437697e+07 p64n=5.4718437697e+07 alpha_d=1.0309117333e-04 alpha_p32q=1.0309118407e-04 alpha_p32n=1.0309127450e-04 rz32q=5.6409880371e+03 rz32n=5.6409890137e+03 alpha_full_q=1.0309118575e-04 alpha_full_n=1.0309129403e-04
  residual=1.935e+02
iter=161 pAp_d=-1.9421893306e+08 p8q=-6.4000000000e+01 p8n=0.0000000000e+00 p8q_e2=-1.6777216000e+07 p8n_e2=-1.6777216000e+07 p16q=-2.6843545600e+08 p16n=-1.6777216000e+07 p16q_e2=-1.9293798400e+08 p16n_e2=-1.3002342400e+08 p32q=-1.9421894400e+08 p32n=-1.9421836800e+08 p64q=-1.9421893306e+08 p64n=-1.9421893306e+08 alpha_d=-7.6358304142e-05 alpha_p32q=-7.6358299841e-05 alpha_p32n=-7.6358526299e-05 rz32q=1.4830228516e+04 rz32n=1.4830226562e+04 alpha_full_q=-7.6358300638e-05 alpha_full_n=-7.6358517040e-05
  residual=2.543e+02
iter=162 pAp_d=9.0146273499e+08 p8q=6.4000000000e+01 p8n=6.4000000000e+01 p8q_e2=1.6777216000e+07 p8n_e2=1.6777216000e+07 p16q=2.6843545600e+08 p16n=3.3554432000e+07 p16q_e2=9.0596966400e+08 p16n_e2=6.3753420800e+08 p32q=9.0146252800e+08 p32n=9.0146508800e+08 p64q=9.0146273499e+08 p64n=9.0146273499e+08 alpha_d=2.7940705851e-05 alpha_p32q=2.7940712266e-05 alpha_p32n=2.7940632920e-05 rz32q=2.5187504883e+04 rz32n=2.5187506836e+04 alpha_full_q=2.7940712010e-05 alpha_full_n=2.7940634830e-05
  residual=1.171e+02
iter=163 pAp_d=1.7224807339e+07 p8q=-6.4000000000e+01 p8n=-6.4000000000e+01 p8q_e2=1.6777216000e+07 p8n_e2=1.0485760000e+06 p16q=1.6777216000e+07 p16n=3.6044800000e+05 p16q_e2=1.7301504000e+07 p16n_e2=1.5990784000e+07 p32q=1.7224808000e+07 p32n=1.7224840000e+07 p64q=1.7224807339e+07 p64n=1.7224807339e+07 alpha_d=3.2574289866e-04 alpha_p32q=3.2574288615e-04 alpha_p32n=3.2574228099e-04 rz32q=5.6108586426e+03 rz32n=5.6108564453e+03 alpha_full_q=3.2574288448e-04 alpha_full_n=3.2574215176e-04
  residual=6.417e+02
iter=164 pAp_d=-1.1988177200e+10 p8q=-6.4000000000e+01 p8n=-6.4000000000e+01 p8q_e2=-1.6777216000e+07 p8n_e2=-1.6777216000e+07 p16q=-2.6843545600e+08 p16n=-2.6843545600e+08 p16q_e2=-1.1811160064e+10 p16n_e2=-8.5899345920e+09 p32q=-1.1988172800e+10 p32n=-1.1988074496e+10 p64q=-1.1988177200e+10 p64n=-1.1988177200e+10 alpha_d=-1.2898213233e-05 alpha_p32q=-1.2898217967e-05 alpha_p32n=-1.2898323734e-05 rz32q=1.5462606250e+05 rz32n=1.5462601562e+05 alpha_full_q=-1.2898217692e-05 alpha_full_n=-1.2898319549e-05
  residual=1.263e+02
iter=165 pAp_d=6.2578216535e+07 p8q=6.4000000000e+01 p8n=6.4000000000e+01 p8q_e2=1.6777216000e+07 p8n_e2=-1.6777216000e+07 p16q=6.7108864000e+07 p16n=8.3886080000e+06 p16q_e2=6.2914560000e+07 p16n_e2=5.3477376000e+07 p32q=6.2578224000e+07 p32n=6.2578576000e+07 p64q=6.2578216535e+07 p64n=6.2578216535e+07 alpha_d=1.0633347457e-04 alpha_p32q=1.0633346188e-04 alpha_p32n=1.0633286377e-04 rz32q=6.6541591797e+03 rz32n=6.6541572266e+03 alpha_full_q=1.0633346162e-04 alpha_full_n=1.0633283229e-04
  residual=2.229e+02
iter=166 pAp_d=-4.5265368981e+08 p8q=-6.4000000000e+01 p8n=0.0000000000e+00 p8q_e2=-1.6777216000e+07 p8n_e2=-6.5536000000e+04 p16q=-2.6843545600e+08 p16n=-6.7108864000e+07 p16q_e2=-4.5298483200e+08 p16n_e2=-3.6909875200e+08 p32q=-4.5265356800e+08 p32n=-4.5265228800e+08 p64q=-4.5265368981e+08 p64n=-4.5265368981e+08 alpha_d=-4.3388594987e-05 alpha_p32q=-4.3388606663e-05 alpha_p32n=-4.3388729356e-05 rz32q=1.9640007812e+04 rz32n=1.9639998047e+04 alpha_full_q=-4.3388607096e-05 alpha_full_n=-4.3388708215e-05
  residual=1.501e+02
iter=167 pAp_d=1.1161018438e+08 p8q=6.4000000000e+01 p8n=6.4000000000e+01 p8q_e2=1.6777216000e+07 p8n_e2=2.6214400000e+05 p16q=6.7108864000e+07 p16n=1.2582912000e+07 p16q_e2=1.1114905600e+08 p16n_e2=8.3886080000e+07 p32q=1.1161017600e+08 p32n=1.1161001600e+08 p64q=1.1161018438e+08 p64n=1.1161018438e+08 alpha_d=7.8535329464e-05 alpha_p32q=7.8535335358e-05 alpha_p32n=7.8535447943e-05 rz32q=8.7653427734e+03 rz32n=8.7653422852e+03 alpha_full_q=7.8535336898e-05 alpha_full_n=7.8535445109e-05
  residual=1.773e+02
iter=168 pAp_d=-1.5958747109e+08 p8q=-6.4000000000e+01 p8n=0.0000000000e+00 p8q_e2=-1.6777216000e+07 p8n_e2=-1.6777216000e+07 p16q=-2.6843545600e+08 p16n=-1.6777216000e+07 p16q_e2=-1.5938355200e+08 p16n_e2=-1.3841203200e+08 p32q=-1.5958745600e+08 p32n=-1.5958796800e+08 p64q=-1.5958747109e+08 p64n=-1.5958747109e+08 alpha_d=-7.3685782829e-05 alpha_p32q=-7.3685789798e-05 alpha_p32n=-7.3685553395e-05 rz32q=1.1759327637e+04 rz32n=1.1759329102e+04 alpha_full_q=-7.3685789168e-05 alpha_full_n=-7.3685561944e-05
  residual=1.922e+02
iter=169 pAp_d=2.5543165196e+08 p8q=6.4000000000e+01 p8n=-6.4000000000e+01 p8q_e2=1.6777216000e+07 p8n_e2=1.6777216000e+07 p16q=2.6843545600e+08 p16n=1.6777216000e+07 p16q_e2=2.5585254400e+08 p16n_e2=2.1390950400e+08 p32q=2.5543168000e+08 p32n=2.5543321600e+08 p64q=2.5543165196e+08 p64n=2.5543165196e+08 alpha_d=5.1213960464e-05 alpha_p32q=5.1213954841e-05 alpha_p32n=5.1213646876e-05 rz32q=1.3081666504e+04 rz32n=1.3081662598e+04 alpha_full_q=5.1213954760e-05 alpha_full_n=5.1213631502e-05
  residual=1.330e+02
iter=170 pAp_d=-3.2950984083e+07 p8q=-6.4000000000e+01 p8n=-6.4000000000e+01 p8q_e2=-1.6777216000e+07 p8n_e2=-2.6214400000e+05 p16q=-3.3554432000e+07 p16n=-8.3886080000e+06 p16q_e2=-3.3030144000e+07 p16n_e2=-3.3030144000e+07 p32q=-3.2950984000e+07 p32n=-3.2950992000e+07 p64q=-3.2950984083e+07 p64n=-3.2950984083e+07 alpha_d=-2.0611356897e-04 alpha_p32q=-2.0611356949e-04 alpha_p32n=-2.0611351944e-04 rz32q=6.7916450195e+03 rz32n=6.7916464844e+03 alpha_full_q=-2.0611357219e-04 alpha_full_n=-2.0611356661e-04
  residual=4.198e+02
iter=171 pAp_d=3.4303145540e+09 p8q=6.4000000000e+01 p8n=-6.4000000000e+01 p8q_e2=1.6777216000e+07 p8n_e2=-1.6777216000e+07 p16q=2.6843545600e+08 p16n=2.6843545600e+08 p16q_e2=3.4896609280e+09 p16n_e2=2.8185722880e+09 p32q=3.4303139840e+09 p32n=3.4302996480e+09 p64q=3.4303145540e+09 p64n=3.4303145540e+09 alpha_d=1.8571290298e-05 alpha_p32q=1.8571293384e-05 alpha_p32n=1.8571370997e-05 rz32q=6.3705367188e+04 rz32n=6.3705361328e+04 alpha_full_q=1.8571293323e-05 alpha_full_n=1.8571369229e-05
  residual=1.175e+02
iter=172 pAp_d=3.7780701883e+07 p8q=6.4000000000e+01 p8n=6.4000000000e+01 p8q_e2=1.6777216000e+07 p8n_e2=6.5536000000e+04 p16q=3.3554432000e+07 p16n=2.0971520000e+06 p16q_e2=3.7748736000e+07 p16n_e2=3.7748736000e+07 p32q=3.7780704000e+07 p32n=3.7780768000e+07 p64q=3.7780701883e+07 p64n=3.7780701883e+07 alpha_d=1.5303581569e-04 alpha_p32q=1.5303580712e-04 alpha_p32n=1.5303554788e-04 rz32q=5.7818005371e+03 rz32n=5.7817971191e+03 alpha_full_q=1.5303580730e-04 alpha_full_n=1.5303545759e-04
  residual=3.416e+02
iter=173 pAp_d=-1.9599276426e+09 p8q=-6.4000000000e+01 p8n=6.4000000000e+01 p8q_e2=-1.6777216000e+07 p8n_e2=1.6777216000e+07 p16q=-2.6843545600e+08 p16n=-2.6843545600e+08 p16q_e2=-1.9461570560e+09 p16n_e2=-1.3421772800e+09 p32q=-1.9599278080e+09 p32n=-1.9599226880e+09 p64q=-1.9599276426e+09 p64n=-1.9599276426e+09 alpha_d=-2.5545200733e-05 alpha_p32q=-2.5545198576e-05 alpha_p32n=-2.5545265309e-05 rz32q=5.0066744141e+04 rz32n=5.0066734375e+04 alpha_full_q=-2.5545198112e-05 alpha_full_n=-2.5545259862e-05
  residual=1.831e+02
iter=174 pAp_d=3.2839396699e+08 p8q=6.4000000000e+01 p8n=0.0000000000e+00 p8q_e2=1.6777216000e+07 p8n_e2=-1.6777216000e+07 p16q=2.6843545600e+08 p16n=8.3886080000e+06 p16q_e2=3.3554432000e+08 p16n_e2=2.6004684800e+08 p32q=3.2839398400e+08 p32n=3.2839270400e+08 p64q=3.2839396699e+08 p64n=3.2839396699e+08 alpha_d=3.8774291793e-05 alpha_p32q=3.8774289785e-05 alpha_p32n=3.8774440918e-05 rz32q=1.2733243652e+04 rz32n=1.2733244141e+04 alpha_full_q=3.8774290251e-05 alpha_full_n=3.8774442871e-05
  residual=1.317e+02
iter=175 pAp_d=2.5945187770e+07 p8q=6.4000000000e+01 p8n=-6.4000000000e+01 p8q_e2=1.6777216000e+07 p8n_e2=-1.0485760000e+06 p16q=3.3554432000e+07 p16n=1.5728640000e+06 p16q_e2=2.5690112000e+07 p16n_e2=2.7787264000e+07 p32q=2.5945184000e+07 p32n=2.5945128000e+07 p64q=2.5945187770e+07 p64n=2.5945187770e+07 alpha_d=2.7940479840e-04 alpha_p32q=2.7940483899e-04 alpha_p32n=2.7940544206e-04 rz32q=7.2492099609e+03 rz32n=7.2492109375e+03 alpha_full_q=2.7940483910e-04 alpha_full_n=2.7940547981e-04
  residual=7.648e+02
iter=176 pAp_d=-2.2613443642e+10 p8q=-6.4000000000e+01 p8n=-6.4000000000e+01 p8q_e2=-1.6777216000e+07 p8n_e2=-1.6777216000e+07 p16q=-2.6843545600e+08 p16n=-2.6843545600e+08 p16q_e2=-2.3622320128e+10 p16n_e2=-2.5769803776e+10 p32q=-2.2613458944e+10 p32n=-2.2613688320e+10 p64q=-2.2613443642e+10 p64n=-2.2613443642e+10 alpha_d=-1.0157961330e-05 alpha_p32q=-1.0157954456e-05 alpha_p32n=-1.0157851422e-05 rz32q=2.2970648438e+05 rz32n=2.2970628125e+05 alpha_full_q=-1.0157954382e-05 alpha_full_n=-1.0157842365e-05
  residual=1.373e+02
iter=177 pAp_d=7.3186907867e+07 p8q=6.4000000000e+01 p8n=0.0000000000e+00 p8q_e2=1.6777216000e+07 p8n_e2=-1.5360000000e+03 p16q=6.7108864000e+07 p16n=8.3886080000e+06 p16q_e2=7.3400320000e+07 p16n_e2=5.5574528000e+07 p32q=7.3186912000e+07 p32n=7.3186880000e+07 p64q=7.3186907867e+07 p64n=7.3186907867e+07 alpha_d=9.0786742096e-05 alpha_p32q=9.0786736969e-05 alpha_p32n=9.0786776665e-05 rz32q=6.6444008789e+03 rz32n=6.6444011230e+03 alpha_full_q=9.0786736280e-05 alpha_full_n=9.0786779311e-05
  residual=1.721e+02
iter=178 pAp_d=-1.3582748023e+08 p8q=-6.4000000000e+01 p8n=0.0000000000e+00 p8q_e2=-1.6777216000e+07 p8n_e2=-1.6777216000e+07 p16q=-2.6843545600e+08 p16n=-1.6777216000e+07 p16q_e2=-1.3421772800e+08 p16n_e2=-1.1324620800e+08 p32q=-1.3582745600e+08 p32n=-1.3582713600e+08 p64q=-1.3582748023e+08 p64n=-1.3582748023e+08 alpha_d=-8.6244685381e-05 alpha_p32q=-8.6244700765e-05 alpha_p32n=-8.6244903952e-05 rz32q=1.1714398438e+04 rz32n=1.1714396973e+04 alpha_full_q=-8.6244701789e-05 alpha_full_n=-8.6244894192e-05
  residual=2.437e+02
iter=179 pAp_d=6.3816188787e+08 p8q=6.4000000000e+01 p8n=6.4000000000e+01 p8q_e2=1.6777216000e+07 p8n_e2=1.6777216000e+07 p16q=2.6843545600e+08 p16n=1.6777216000e+07 p16q_e2=6.3753420800e+08 p16n_e2=4.1943040000e+08 p32q=6.3816192000e+08 p32n=6.3816448000e+08 p64q=6.3816188787e+08 p64n=6.3816188787e+08 alpha_d=3.1694811432e-05 alpha_p32q=3.1694809836e-05 alpha_p32n=3.1694682692e-05 rz32q=2.0226420898e+04 rz32n=2.0226415039e+04 alpha_full_q=3.1694810149e-05 alpha_full_n=3.1694673823e-05
  residual=1.242e+02
iter=180 pAp_d=5.7448570348e+07 p8q=6.4000000000e+01 p8n=-6.4000000000e+01 p8q_e2=1.6777216000e+07 p8n_e2=1.6777216000e+07 p16q=6.7108864000e+07 p16n=1.6777216000e+07 p16q_e2=5.7671680000e+07 p16n_e2=4.8234496000e+07 p32q=5.7448576000e+07 p32n=5.7448560000e+07 p64q=5.7448570348e+07 p64n=5.7448570348e+07 alpha_d=1.1161041895e-04 alpha_p32q=1.1161040797e-04 alpha_p32n=1.1161043905e-04 rz32q=6.4118588867e+03 rz32n=6.4118569336e+03 alpha_full_q=1.1161040592e-04 alpha_full_n=1.1161040300e-04
  residual=2.989e+02
iter=181 pAp_d=-1.0639542429e+09 p8q=-6.4000000000e+01 p8n=3.2000000000e+01 p8q_e2=-1.6777216000e+07 p8n_e2=-1.6777216000e+07 p16q=-2.6843545600e+08 p16n=-6.7108864000e+07 p16q_e2=-1.0737418240e+09 p16n_e2=-8.0530636800e+08 p32q=-1.0639544320e+09 p32n=-1.0639528960e+09 p64q=-1.0639542429e+09 p64n=-1.0639542429e+09 alpha_d=-3.3877366893e-05 alpha_p32q=-3.3877360871e-05 alpha_p32n=-3.3877409779e-05 rz32q=3.6043968750e+04 rz32n=3.6043951172e+04 alpha_full_q=-3.3877361347e-05 alpha_full_n=-3.3877393734e-05
  residual=1.991e+02
iter=182 pAp_d=3.1454721636e+08 p8q=6.4000000000e+01 p8n=6.4000000000e+01 p8q_e2=1.6777216000e+07 p8n_e2=2.6214400000e+05 p16q=2.6843545600e+08 p16n=3.3554432000e+07 p16q_e2=3.1876710400e+08 p16n_e2=2.3488102400e+08 p32q=3.1454720000e+08 p32n=3.1454694400e+08 p64q=3.1454721636e+08 p64n=3.1454721636e+08 alpha_d=4.3274772899e-05 alpha_p32q=4.3274775150e-05 alpha_p32n=4.3274810370e-05 rz32q=1.3611959473e+04 rz32n=1.3611950195e+04 alpha_full_q=4.3274775527e-05 alpha_full_n=4.3274781253e-05
  residual=1.232e+02
iter=183 pAp_d=-8.5975532291e+06 p8q=-6.4000000000e+01 p8n=0.0000000000e+00 p8q_e2=-1.6777216000e+07 p8n_e2=-1.0485760000e+06 p16q=-8.3886080000e+06 p16n=-1.8350080000e+06 p16q_e2=-8.6507520000e+06 p16n_e2=-1.1665408000e+07 p32q=-8.5975540000e+06 p32n=-8.5975940000e+06 p64q=-8.5975532291e+06 p64n=-8.5975532291e+06 alpha_d=-6.7968376942e-04 alpha_p32q=-6.7968370848e-04 alpha_p32n=-6.7968054627e-04 rz32q=5.8436174316e+03 rz32n=5.8436188965e+03 alpha_full_q=-6.7968371372e-04 alpha_full_n=-6.7968072190e-04
  residual=1.309e+03
iter=184 pAp_d=9.0289241297e+10 p8q=-6.4000000000e+01 p8n=-6.4000000000e+01 p8q_e2=1.6777216000e+07 p8n_e2=-1.6777216000e+07 p16q=2.6843545600e+08 p16n=-2.6843545600e+08 p16q_e2=8.5899345920e+10 p16n_e2=9.6636764160e+09 p32q=9.0289209344e+10 p32n=9.0301530112e+10 p64q=9.0289241297e+10 p64n=9.0289241297e+10 alpha_d=6.4728829335e-06 alpha_p32q=6.4728852242e-06 alpha_p32n=6.4720020618e-06 rz32q=5.8443168750e+05 rz32n=5.8443118750e+05 alpha_full_q=6.4728852068e-06 alpha_full_n=6.4719965074e-06
  residual=1.195e+02
iter=185 pAp_d=4.9547372002e+07 p8q=6.4000000000e+01 p8n=6.4000000000e+01 p8q_e2=1.6777216000e+07 p8n_e2=-2.6214400000e+05 p16q=3.3554432000e+07 p16n=8.3886080000e+06 p16q_e2=4.9283072000e+07 p16n_e2=3.5651584000e+07 p32q=4.9547376000e+07 p32n=4.9547312000e+07 p64q=4.9547372002e+07 p64n=4.9547372002e+07 alpha_d=1.0445925499e-04 alpha_p32q=1.0445924656e-04 alpha_p32n=1.0445938149e-04 rz32q=5.1756816406e+03 rz32n=5.1756796875e+03 alpha_full_q=1.0445924807e-04 alpha_full_n=1.0445934358e-04
  residual=2.050e+02
iter=186 pAp_d=-2.6925983584e+08 p8q=-6.4000000000e+01 p8n=6.4000000000e+01 p8q_e2=-1.6777216000e+07 p8n_e2=-1.6777216000e+07 p16q=-2.6843545600e+08 p16n=-1.6777216000e+07 p16q_e2=-2.6843545600e+08 p16n_e2=-2.0552089600e+08 p32q=-2.6925977600e+08 p32n=-2.6926054400e+08 p64q=-2.6925983584e+08 p64n=-2.6925983584e+08 alpha_d=-6.2192182690e-05 alpha_p32q=-6.2192196513e-05 alpha_p32n=-6.2192019125e-05 rz32q=1.6745856445e+04 rz32n=1.6745851562e+04 alpha_full_q=-6.2192194817e-05 alpha_full_n=-6.2191999295e-05
  residual=2.339e+02
iter=187 pAp_d=5.3404931149e+08 p8q=6.4000000000e+01 p8n=0.0000000000e+00 p8q_e2=1.6777216000e+07 p8n_e2=1.6777216000e+07 p16q=2.6843545600e+08 p16n=8.3886080000e+06 p16q_e2=5.3687091200e+08 p16n_e2=2.6424115200e+08 p32q=5.3404928000e+08 p32n=5.3404211200e+08 p64q=5.3404931149e+08 p64n=5.3404931149e+08 alpha_d=3.4921683411e-05 alpha_p32q=3.4921685470e-05 alpha_p32n=3.4922154194e-05 rz32q=1.8649901367e+04 rz32n=1.8649895508e+04 alpha_full_q=3.4921686192e-05 alpha_full_n=3.4922143945e-05
  residual=1.212e+02
iter=188 pAp_d=-4.5301033636e+05 p8q=-6.4000000000e+01 p8n=-6.4000000000e+01 p8q_e2=-1.6777216000e+07 p8n_e2=1.0485760000e+06 p16q=-4.5875200000e+05 p16n=1.3107200000e+06 p16q_e2=-4.5875200000e+05 p16n_e2=-1.0403840000e+06 p32q=-4.5301021875e+05 p32n=-4.5300312500e+05 p64q=-4.5301033636e+05 p64n=-4.5301033636e+05 alpha_d=-1.1976122015e-02 alpha_p32q=-1.1976125125e-02 alpha_p32n=-1.1976312663e-02 rz32q=5.4253071289e+03 rz32n=5.4253066406e+03 alpha_full_q=-1.1976125271e-02 alpha_full_n=-1.1976311732e-02
  residual=2.366e+04
iter=189 pAp_d=8.4058272821e+14 p8q=-6.4000000000e+01 p8n=-6.4000000000e+01 p8q_e2=-1.6777216000e+07 p8n_e2=-1.6777216000e+07 p16q=2.6843545600e+08 p16n=-2.6843545600e+08 p16q_e2=1.1258999068e+15 p16n_e2=4.5035996274e+15 p32q=8.4057663943e+14 p32n=8.5212151153e+14 p64q=8.4058272821e+14 p64n=8.4058272821e+14 alpha_d=2.7734098321e-07 alpha_p32q=2.7734299214e-07 alpha_p32n=2.7358544193e-07 rz32q=2.3312806400e+08 rz32n=2.3312742400e+08 alpha_full_q=2.7734302033e-07 alpha_full_n=2.7358471867e-07
  residual=1.616e+02
iter=190 pAp_d=2.4035823208e+08 p8q=-6.4000000000e+01 p8n=-6.4000000000e+01 p8q_e2=1.6777216000e+07 p8n_e2=1.6777216000e+07 p16q=2.6843545600e+08 p16n=1.6777216000e+07 p16q_e2=2.3907532800e+08 p16n_e2=1.9713228800e+08 p32q=2.4035820800e+08 p32n=2.4035788800e+08 p64q=2.4035823208e+08 p64n=2.4035823208e+08 alpha_d=4.6121823013e-05 alpha_p32q=4.6121827633e-05 alpha_p32n=4.6121889038e-05 rz32q=1.1085759766e+04 rz32n=1.1085756836e+04 alpha_full_q=4.6121827325e-05 alpha_full_n=4.6121876541e-05
  residual=1.575e+02
iter=191 pAp_d=-1.2404482216e+08 p8q=-6.4000000000e+01 p8n=-6.4000000000e+01 p8q_e2=-1.6777216000e+07 p8n_e2=-1.6777216000e+07 p16q=-6.7108864000e+07 p16n=-3.3554432000e+07 p16q_e2=-1.2373196800e+08 p16n_e2=-1.1744051200e+08 p32q=-1.2404483200e+08 p32n=-1.2404534400e+08 p64q=-1.2404482216e+08 p64n=-1.2404482216e+08 alpha_d=-8.2910381026e-05 alpha_p32q=-8.2910374452e-05 alpha_p32n=-8.2910032237e-05 rz32q=1.0284603516e+04 rz32n=1.0284603516e+04 alpha_full_q=-8.2910374820e-05 alpha_full_n=-8.2910032606e-05
  residual=2.277e+02
iter=192 pAp_d=4.1443581268e+08 p8q=6.4000000000e+01 p8n=-6.4000000000e+01 p8q_e2=1.6777216000e+07 p8n_e2=1.6777216000e+07 p16q=2.6843545600e+08 p16n=1.6777216000e+07 p16q_e2=4.1943040000e+08 p16n_e2=2.6843545600e+08 p32q=4.1443584000e+08 p32n=4.1444096000e+08 p64q=4.1443581268e+08 p64n=4.1443581268e+08 alpha_d=4.2176184428e-05 alpha_p32q=4.2176181648e-05 alpha_p32n=4.2175660604e-05 rz32q=1.7479321289e+04 rz32n=1.7479319336e+04 alpha_full_q=4.2176181696e-05 alpha_full_n=4.2175655939e-05
  residual=1.316e+02
iter=193 pAp_d=-2.0915082372e+07 p8q=-6.4000000000e+01 p8n=6.4000000000e+01 p8q_e2=-1.6777216000e+07 p8n_e2=-1.0485760000e+06 p16q=-1.6777216000e+07 p16n=-3.6700160000e+06 p16q_e2=-2.0971520000e+07 p16n_e2=-2.2544384000e+07 p32q=-2.0915080000e+07 p32n=-2.0915088000e+07 p64q=-2.0915082372e+07 p64n=-2.0915082372e+07 alpha_d=-3.1209145537e-04 alpha_p32q=-3.1209149076e-04 alpha_p32n=-3.1209137138e-04 rz32q=6.5274184570e+03 rz32n=6.5274157715e+03 alpha_full_q=-3.1209148887e-04 alpha_full_n=-3.1209124109e-04
  residual=6.341e+02
iter=194 pAp_d=1.1601880458e+10 p8q=6.4000000000e+01 p8n=-3.2000000000e+01 p8q_e2=1.6777216000e+07 p8n_e2=0.0000000000e+00 p16q=2.6843545600e+08 p16n=-6.2914560000e+06 p16q_e2=1.1811160064e+10 p16n_e2=5.9055800320e+09 p32q=1.1601887232e+10 p32n=1.1601379328e+10 p64q=1.1601880458e+10 p64n=1.1601880458e+10 alpha_d=1.2568221552e-05 alpha_p32q=1.2568214214e-05 alpha_p32n=1.2568764445e-05 rz32q=1.4581500000e+05 rz32n=1.4581479688e+05 alpha_full_q=1.2568213868e-05 alpha_full_n=1.2568746591e-05
  residual=1.211e+02
iter=195 pAp_d=3.6748704131e+07 p8q=6.4000000000e+01 p8n=6.4000000000e+01 p8q_e2=1.6777216000e+07 p8n_e2=-1.0485760000e+06 p16q=3.3554432000e+07 p16n=3.1457280000e+06 p16q_e2=3.6700160000e+07 p16n_e2=3.2505856000e+07 p32q=3.6748704000e+07 p32n=3.6748592000e+07 p64q=3.6748704131e+07 p64n=3.6748704131e+07 alpha_d=1.4794727930e-04 alpha_p32q=1.4794727983e-04 alpha_p32n=1.4794773073e-04 rz32q=5.4368708496e+03 rz32n=5.4368706055e+03 alpha_full_q=1.4794728134e-04 alpha_full_n=1.4794772560e-04
  residual=2.883e+02
iter=196 pAp_d=-7.9603659402e+08 p8q=-6.4000000000e+01 p8n=0.0000000000e+00 p8q_e2=-1.6777216000e+07 p8n_e2=-1.6777216000e+07 p16q=-2.6843545600e+08 p16n=-6.7108864000e+07 p16q_e2=-8.0530636800e+08 p16n_e2=-5.7042534400e+08 p32q=-7.9603660800e+08 p32n=-7.9602944000e+08 p64q=-7.9603659402e+08 p64n=-7.9603659402e+08 alpha_d=-3.7889262186e-05 alpha_p32q=-3.7889261521e-05 alpha_p32n=-3.7889602702e-05 rz32q=3.0161239258e+04 rz32n=3.0161260742e+04 alpha_full_q=-3.7889261567e-05 alpha_full_n=-3.7889629738e-05
  residual=1.813e+02
iter=197 pAp_d=2.1862293421e+08 p8q=6.4000000000e+01 p8n=0.0000000000e+00 p8q_e2=1.6777216000e+07 p8n_e2=1.6777216000e+07 p16q=2.6843545600e+08 p16n=1.6777216000e+07 p16q_e2=2.1810380800e+08 p16n_e2=1.4260633600e+08 p32q=2.1862291200e+08 p32n=2.1862336000e+08 p64q=2.1862293421e+08 p64n=2.1862293421e+08 alpha_d=5.0076602859e-05 alpha_p32q=5.0076607947e-05 alpha_p32n=5.0076505331e-05 rz32q=1.0947894043e+04 rz32n=1.0947898438e+04 alpha_full_q=5.0076608818e-05 alpha_full_n=5.0076526303e-05
  residual=1.353e+02
iter=198 pAp_d=-4.1755416226e+07 p8q=-6.4000000000e+01 p8n=6.4000000000e+01 p8q_e2=-1.6777216000e+07 p8n_e2=-1.0485760000e+06 p16q=-3.3554432000e+07 p16n=-1.6777216000e+07 p16q_e2=-4.1943040000e+07 p16n_e2=-4.1943040000e+07 p32q=-4.1755408000e+07 p32n=-4.1755328000e+07 p64q=-4.1755416226e+07 p64n=-4.1755416226e+07 alpha_d=-1.6915873744e-04 alpha_p32q=-1.6915877076e-04 alpha_p32n=-1.6915909486e-04 rz32q=7.0632934570e+03 rz32n=7.0632924805e+03 alpha_full_q=-1.6915876997e-04 alpha_full_n=-1.6915907068e-04
  residual=3.862e+02
iter=199 pAp_d=2.9716298533e+09 p8q=6.4000000000e+01 p8n=0.0000000000e+00 p8q_e2=1.6777216000e+07 p8n_e2=-1.6777216000e+07 p16q=2.6843545600e+08 p16n=2.6843545600e+08 p16q_e2=2.9527900160e+09 p16n_e2=2.2817013760e+09 p32q=2.9716295680e+09 p32n=2.9716008960e+09 p64q=2.9716298533e+09 p64n=2.9716298533e+09 alpha_d=1.9562507778e-05 alpha_p32q=1.9562509656e-05 alpha_p32n=1.9562698408e-05 rz32q=5.8132531250e+04 rz32n=5.8132548828e+04 alpha_full_q=1.9562509364e-05 alpha_full_n=1.9562704031e-05
  residual=1.301e+02
iter=200 pAp_d=-4.2827169369e+07 p8q=-6.4000000000e+01 p8n=0.0000000000e+00 p8q_e2=-1.6777216000e+07 p8n_e2=-1.0485760000e+06 p16q=-3.3554432000e+07 p16n=-1.6777216000e+07 p16q_e2=-4.2991616000e+07 p16n_e2=-4.4040192000e+07 p32q=-4.2827168000e+07 p32n=-4.2827120000e+07 p64q=-4.2827169369e+07 p64n=-4.2827169369e+07 alpha_d=-1.6671175698e-04 alpha_p32q=-1.6671176231e-04 alpha_p32n=-1.6671194915e-04 rz32q=7.1397927246e+03 rz32n=7.1397929688e+03 alpha_full_q=-1.6671176400e-04 alpha_full_n=-1.6671195655e-04
  residual=3.936e+02
iter=201 pAp_d=2.8921841197e+09 p8q=6.4000000000e+01 p8n=0.0000000000e+00 p8q_e2=1.6777216000e+07 p8n_e2=0.0000000000e+00 p16q=2.6843545600e+08 p16n=-1.6777216000e+07 p16q_e2=2.9527900160e+09 p16n_e2=1.6777216000e+09 p32q=2.8921835520e+09 p32n=2.8921835520e+09 p64q=2.8921841197e+09 p64n=2.8921841197e+09 alpha_d=1.9425021558e-05 alpha_p32q=1.9425025371e-05 alpha_p32n=1.9425025371e-05 rz32q=5.6180738281e+04 rz32n=5.6180738281e+04 alpha_full_q=1.9425025166e-05 alpha_full_n=1.9425025166e-05
  residual=1.213e+02
iter=202 pAp_d=3.5893970293e+07 p8q=6.4000000000e+01 p8n=0.0000000000e+00 p8q_e2=1.6777216000e+07 p8n_e2=-6.5536000000e+04 p16q=3.3554432000e+07 p16n=4.1943040000e+06 p16q_e2=3.5651584000e+07 p16n_e2=3.4603008000e+07 p32q=3.5893968000e+07 p32n=3.5893936000e+07 p64q=3.5893970293e+07 p64n=3.5893970293e+07 alpha_d=1.5012742404e-04 alpha_p32q=1.5012743364e-04 alpha_p32n=1.5012756748e-04 rz32q=5.3886691895e+03 rz32n=5.3886679688e+03 alpha_full_q=1.5012743059e-04 alpha_full_n=1.5012753042e-04
  residual=3.279e+02
iter=203 pAp_d=-1.6885921327e+09 p8q=-6.4000000000e+01 p8n=-3.2000000000e+01 p8q_e2=-1.6777216000e+07 p8n_e2=0.0000000000e+00 p16q=-2.6843545600e+08 p16n=-3.3554432000e+07 p16q_e2=-1.6777216000e+09 p16n_e2=-1.4092861440e+09 p32q=-1.6885923840e+09 p32n=-1.6886026240e+09 p64q=-1.6885921327e+09 p64n=-1.6885921327e+09 alpha_d=-2.6889620114e-05 alpha_p32q=-2.6889616112e-05 alpha_p32n=-2.6889453048e-05 rz32q=4.5405601562e+04 rz32n=4.5405595703e+04 alpha_full_q=-2.6889616460e-05 alpha_full_n=-2.6889449926e-05
  residual=1.904e+02
iter=204 pAp_d=3.0081386707e+08 p8q=6.4000000000e+01 p8n=0.0000000000e+00 p8q_e2=1.6777216000e+07 p8n_e2=1.6777216000e+07 p16q=2.6843545600e+08 p16n=3.3554432000e+07 p16q_e2=3.0198988800e+08 p16n_e2=2.6424115200e+08 p32q=3.0081382400e+08 p32n=3.0081356800e+08 p64q=3.0081386707e+08 p64n=3.0081386707e+08 alpha_d=4.3732202671e-05 alpha_p32q=4.3732208932e-05 alpha_p32n=4.3732246150e-05 rz32q=1.3155252930e+04 rz32n=1.3155253906e+04 alpha_full_q=4.3732208696e-05 alpha_full_n=4.3732249159e-05
  residual=1.371e+02
iter=205 pAp_d=-2.3961059169e+07 p8q=6.4000000000e+01 p8n=6.4000000000e+01 p8q_e2=-1.6777216000e+07 p8n_e2=-1.6777216000e+07 p16q=-1.6777216000e+07 p16n=-1.6777216000e+07 p16q_e2=-2.4117248000e+07 p16n_e2=-2.7262976000e+07 p32q=-2.3961056000e+07 p32n=-2.3961000000e+07 p64q=-2.3961059169e+07 p64n=-2.3961059169e+07 alpha_d=-2.9129262095e-04 alpha_p32q=-2.9129265947e-04 alpha_p32n=-2.9129334026e-04 rz32q=6.9796796875e+03 rz32n=6.9796794434e+03 alpha_full_q=-2.9129265787e-04 alpha_full_n=-2.9129332847e-04
  residual=7.112e+02
iter=206 pAp_d=2.4285704675e+10 p8q=6.4000000000e+01 p8n=0.0000000000e+00 p8q_e2=1.6777216000e+07 p8n_e2=0.0000000000e+00 p16q=2.6843545600e+08 p16n=2.6843545600e+08 p16q_e2=2.3622320128e+10 p16n_e2=2.1474836480e+10 p32q=2.4285708288e+10 p32n=2.4285675520e+10 p64q=2.4285704675e+10 p64n=2.4285704675e+10 alpha_d=8.6299889811e-06 alpha_p32q=8.6299876972e-06 alpha_p32n=8.6299993414e-06 rz32q=2.0958535938e+05 rz32n=2.0958521875e+05 alpha_full_q=8.6299875173e-06 alpha_full_n=8.6299933711e-06
  residual=1.343e+02
iter=207 pAp_d=7.2990688808e+07 p8q=6.4000000000e+01 p8n=-6.4000000000e+01 p8q_e2=1.6777216000e+07 p8n_e2=1.6777216000e+07 p16q=6.7108864000e+07 p16n=8.3886080000e+06 p16q_e2=7.3400320000e+07 p16n_e2=5.6623104000e+07 p32q=7.2990688000e+07 p32n=7.2990944000e+07 p64q=7.2990688808e+07 p64n=7.2990688808e+07 alpha_d=1.0767078337e-04 alpha_p32q=1.0767078456e-04 alpha_p32n=1.0767040693e-04 rz32q=7.8589645996e+03 rz32n=7.8589648438e+03 alpha_full_q=1.0767078397e-04 alpha_full_n=1.0767040968e-04
  residual=2.987e+02
iter=208 pAp_d=-1.1316379812e+09 p8q=-6.4000000000e+01 p8n=-6.4000000000e+01 p8q_e2=-1.6777216000e+07 p8n_e2=-1.0485760000e+06 p16q=-2.6843545600e+08 p16n=-3.3554432000e+07 p16q_e2=-1.1408506880e+09 p16n_e2=-9.7307852800e+08 p32q=-1.1316377600e+09 p32n=-1.1316367360e+09 p64q=-1.1316379812e+09 p64n=-1.1316379812e+09 alpha_d=-3.0011003889e-05 alpha_p32q=-3.0011009755e-05 alpha_p32n=-3.0011036912e-05 rz32q=3.3961591797e+04 rz32n=3.3961587891e+04 alpha_full_q=-3.0011009704e-05 alpha_full_n=-3.0011033409e-05
  residual=1.438e+02
iter=209 pAp_d=9.0582507455e+07 p8q=6.4000000000e+01 p8n=6.4000000000e+01 p8q_e2=1.6777216000e+07 p8n_e2=2.6214400000e+05 p16q=6.7108864000e+07 p16n=8.3886080000e+06 p16q_e2=9.0177536000e+07 p16n_e2=7.5497472000e+07 p32q=9.0582496000e+07 p32n=9.0582816000e+07 p64q=9.0582507455e+07 p64n=9.0582507455e+07 alpha_d=8.0386459825e-05 alpha_p32q=8.0386469990e-05 alpha_p32n=8.0386186011e-05 rz32q=7.2816071777e+03 rz32n=7.2816047363e+03 alpha_full_q=8.0386470889e-05 alpha_full_n=8.0386159957e-05
  residual=1.664e+02
iter=210 pAp_d=-1.2224038307e+08 p8q=-6.4000000000e+01 p8n=6.4000000000e+01 p8q_e2=-1.6777216000e+07 p8n_e2=-1.6777216000e+07 p16q=-6.7108864000e+07 p16n=-1.6777216000e+07 p16q_e2=-1.2163481600e+08 p16n_e2=-9.6468992000e+07 p32q=-1.2224038400e+08 p32n=-1.2224108800e+08 p64q=-1.2224038307e+08 p64n=-1.2224038307e+08 alpha_d=-7.8871476958e-05 alpha_p32q=-7.8871476358e-05 alpha_p32n=-7.8871022128e-05 rz32q=9.6412797852e+03 rz32n=9.6412758789e+03 alpha_full_q=-7.8871478227e-05 alpha_full_n=-7.8870992042e-05
  residual=1.827e+02
iter=211 pAp_d=1.9581695838e+08 p8q=6.4000000000e+01 p8n=-6.4000000000e+01 p8q_e2=1.6777216000e+07 p8n_e2=1.6777216000e+07 p16q=2.6843545600e+08 p16n=1.6777216000e+07 p16q_e2=1.9713228800e+08 p16n_e2=1.3421772800e+08 p32q=1.9581696000e+08 p32n=1.9581702400e+08 p64q=1.9581695838e+08 p64n=1.9581695838e+08 alpha_d=5.7335969400e-05 alpha_p32q=5.7335968925e-05 alpha_p32n=5.7335950186e-05 rz32q=1.1227354980e+04 rz32n=1.1227350586e+04 alpha_full_q=5.7335968143e-05 alpha_full_n=5.7335926962e-05
  residual=1.459e+02
iter=212 pAp_d=-6.4987910630e+07 p8q=-6.4000000000e+01 p8n=-6.4000000000e+01 p8q_e2=-1.6777216000e+07 p8n_e2=-1.6777216000e+07 p16q=-6.7108864000e+07 p16n=-1.6777216000e+07 p16q_e2=-6.5011712000e+07 p16n_e2=-5.5574528000e+07 p32q=-6.4987904000e+07 p32n=-6.4987888000e+07 p64q=-6.4987910630e+07 p64n=-6.4987910630e+07 alpha_d=-1.1631226833e-04 alpha_p32q=-1.1631228019e-04 alpha_p32n=-1.1631230883e-04 rz32q=7.5588913574e+03 rz32n=7.5588918457e+03 alpha_full_q=-1.1631228109e-04 alpha_full_n=-1.1631231724e-04
  residual=2.582e+02
iter=213 pAp_d=7.2408099553e+08 p8q=-6.4000000000e+01 p8n=0.0000000000e+00 p8q_e2=1.6777216000e+07 p8n_e2=0.0000000000e+00 p16q=2.6843545600e+08 p16n=6.7108864000e+07 p16q_e2=7.3819750400e+08 p16n_e2=4.3620761600e+08 p32q=7.2408115200e+08 p32n=7.2408985600e+08 p64q=7.2408099553e+08 p64n=7.2408099553e+08 alpha_d=3.2696289277e-05 alpha_p32q=3.2696282212e-05 alpha_p32n=3.2695889183e-05 rz32q=2.3674761719e+04 rz32n=2.3674770508e+04 alpha_full_q=3.2696282251e-05 alpha_full_n=3.2695901360e-05
  residual=1.342e+02
iter=214 pAp_d=3.8733551345e+07 p8q=-6.4000000000e+01 p8n=-6.4000000000e+01 p8q_e2=1.6777216000e+07 p8n_e2=1.6777216000e+07 p16q=3.3554432000e+07 p16n=1.6777216000e+07 p16q_e2=3.8797312000e+07 p16n_e2=4.1943040000e+07 p32q=3.8733552000e+07 p32n=3.8733376000e+07 p64q=3.8733551345e+07 p64n=3.8733551345e+07 alpha_d=1.9085827677e-04 alpha_p32q=1.9085827354e-04 alpha_p32n=1.9085914078e-04 rz32q=7.3926188965e+03 rz32n=7.3926210938e+03 alpha_full_q=1.9085827441e-04 alpha_full_n=1.9085919838e-04
  residual=5.762e+02
iter=215 pAp_d=-1.0811205534e+10 p8q=6.4000000000e+01 p8n=-6.4000000000e+01 p8q_e2=-1.6777216000e+07 p8n_e2=-1.6777216000e+07 p16q=-2.6843545600e+08 p16n=-2.6843545600e+08 p16q_e2=-1.0737418240e+10 p16n_e2=-6.4424509440e+09 p32q=-1.0811211776e+10 p32n=-1.0811211776e+10 p64q=-1.0811205534e+10 p64n=-1.0811205534e+10 alpha_d=-1.2690928709e-05 alpha_p32q=-1.2690921383e-05 alpha_p32n=-1.2690921383e-05 rz32q=1.3720423438e+05 rz32n=1.3720426562e+05 alpha_full_q=-1.2690920983e-05 alpha_full_n=-1.2690923873e-05
  residual=1.436e+02
iter=216 pAp_d=9.6021268788e+07 p8q=6.4000000000e+01 p8n=6.4000000000e+01 p8q_e2=1.6777216000e+07 p8n_e2=2.6214400000e+05 p16q=6.7108864000e+07 p16n=6.2914560000e+06 p16q_e2=9.6468992000e+07 p16n_e2=6.6060288000e+07 p32q=9.6021280000e+07 p32n=9.6022080000e+07 p64q=9.6021268788e+07 p64n=9.6021268788e+07 alpha_d=7.6674383632e-05 alpha_p32q=7.6674374679e-05 alpha_p32n=7.6673735873e-05 rz32q=7.3623715820e+03 rz32n=7.3623684082e+03 alpha_full_q=7.6674374493e-05 alpha_full_n=7.6673702634e-05
  residual=1.690e+02
iter=217 pAp_d=-1.1328088562e+08 p8q=-6.4000000000e+01 p8n=0.0000000000e+00 p8q_e2=-1.6777216000e+07 p8n_e2=-1.6777216000e+07 p16q=-6.7108864000e+07 p16n=-1.6777216000e+07 p16q_e2=-1.1324620800e+08 p16n_e2=-9.2274688000e+07 p32q=-1.1328089600e+08 p32n=-1.1328070400e+08 p64q=-1.1328088562e+08 p64n=-1.1328088562e+08 alpha_d=-9.1146257172e-05 alpha_p32q=-9.1146248818e-05 alpha_p32n=-9.1146403302e-05 rz32q=1.0325128906e+04 rz32n=1.0325122070e+04 alpha_full_q=-9.1146250346e-05 alpha_full_n=-9.1146344485e-05
  residual=2.318e+02
iter=218 pAp_d=4.7333354133e+08 p8q=6.4000000000e+01 p8n=-6.4000000000e+01 p8q_e2=1.6777216000e+07 p8n_e2=0.0000000000e+00 p16q=2.6843545600e+08 p16n=6.2914560000e+06 p16q_e2=4.6976204800e+08 p16n_e2=2.6424115200e+08 p32q=4.7333350400e+08 p32n=4.7333273600e+08 p64q=4.7333354133e+08 p64n=4.7333354133e+08 alpha_d=3.9114656051e-05 alpha_p32q=3.9114659136e-05 alpha_p32n=3.9114722601e-05 rz32q=1.8514278320e+04 rz32n=1.8514274414e+04 alpha_full_q=3.9114658404e-05 alpha_full_n=3.9114713617e-05
  residual=1.264e+02
iter=219 pAp_d=-2.1642672110e+06 p8q=-6.4000000000e+01 p8n=-6.4000000000e+01 p8q_e2=-1.0485760000e+06 p8n_e2=1.0485760000e+06 p16q=-2.0971520000e+06 p16n=1.3824000000e+04 p16q_e2=-2.1626880000e+06 p16n_e2=-2.9818880000e+06 p32q=-2.1642670000e+06 p32n=-2.1642845000e+06 p64q=-2.1642672110e+06 p64n=-2.1642672110e+06 alpha_d=-2.2702281256e-03 alpha_p32q=-2.2702283469e-03 alpha_p32n=-2.2702099902e-03 rz32q=4.9133803711e+03 rz32n=4.9133781738e+03 alpha_full_q=-2.2702283827e-03 alpha_full_n=-2.2702090108e-03
  residual=3.798e+03
iter=220 pAp_d=2.7315195526e+12 p8q=6.4000000000e+01 p8n=-6.4000000000e+01 p8q_e2=1.6777216000e+07 p8n_e2=-1.6777216000e+07 p16q=2.6843545600e+08 p16n=-2.6843545600e+08 p16q_e2=2.1990232556e+12 p16n_e2=4.3980465111e+12 p32q=2.7315153142e+12 p32n=2.7317669724e+12 p64q=2.7315195526e+12 p64n=2.7315195526e+12 alpha_d=1.9925906827e-06 alpha_p32q=1.9925937746e-06 alpha_p32n=1.9924102111e-06 rz32q=5.4428000000e+06 rz32n=5.4428050000e+06 alpha_full_q=1.9925936244e-06 alpha_full_n=1.9924118913e-06
  residual=1.445e+02
iter=221 pAp_d=1.1748247532e+08 p8q=6.4000000000e+01 p8n=6.4000000000e+01 p8q_e2=1.6777216000e+07 p8n_e2=2.6214400000e+05 p16q=6.7108864000e+07 p16n=1.6777216000e+07 p16q_e2=1.1744051200e+08 p16n_e2=8.5983232000e+07 p32q=1.1748246400e+08 p32n=1.1748288000e+08 p64q=1.1748247532e+08 p64n=1.1748247532e+08 alpha_d=6.3796724139e-05 alpha_p32q=6.3796730284e-05 alpha_p32n=6.3796504384e-05 rz32q=7.4949970703e+03 rz32n=7.4949960938e+03 alpha_full_q=6.3796730296e-05 alpha_full_n=6.3796496083e-05
  residual=1.637e+02
iter=222 pAp_d=-6.6962081884e+07 p8q=-6.4000000000e+01 p8n=-6.4000000000e+01 p8q_e2=-1.6777216000e+07 p8n_e2=-1.6777216000e+07 p16q=-6.7108864000e+07 p16n=-1.6777216000e+07 p16q_e2=-6.7108864000e+07 p16n_e2=-6.9206016000e+07 p32q=-6.6962080000e+07 p32n=-6.6962000000e+07 p64q=-6.6962081884e+07 p64n=-6.6962081884e+07 alpha_d=-1.4004721032e-04 alpha_p32q=-1.4004721426e-04 alpha_p32n=-1.4004738158e-04 rz32q=9.3778525391e+03 rz32n=9.3778525391e+03 alpha_full_q=-1.4004721089e-04 alpha_full_n=-1.4004737820e-04
  residual=3.541e+02
iter=223 pAp_d=1.6664885956e+09 p8q=-6.4000000000e+01 p8n=-6.4000000000e+01 p8q_e2=1.6777216000e+07 p8n_e2=-1.6777216000e+07 p16q=2.6843545600e+08 p16n=-6.7108864000e+07 p16q_e2=1.6777216000e+09 p16n_e2=7.7175193600e+08 p32q=1.6664883200e+09 p32n=1.6664903680e+09 p64q=1.6664885956e+09 p64n=1.6664885956e+09 alpha_d=2.4521728103e-05 alpha_p32q=2.4521732158e-05 alpha_p32n=2.4521702023e-05 rz32q=4.0865179688e+04 rz32n=4.0865177734e+04 alpha_full_q=2.4521731834e-05 alpha_full_n=2.4521700526e-05
  residual=1.248e+02
iter=224 pAp_d=4.5916225797e+07 p8q=6.4000000000e+01 p8n=0.0000000000e+00 p8q_e2=1.6777216000e+07 p8n_e2=-2.6214400000e+05 p16q=3.3554432000e+07 p16n=6.2914560000e+06 p16q_e2=4.6137344000e+07 p16n_e2=3.9845888000e+07 p32q=4.5916224000e+07 p32n=4.5916160000e+07 p64q=4.5916225797e+07 p64n=4.5916225797e+07 alpha_d=1.2270768218e-04 alpha_p32q=1.2270768698e-04 alpha_p32n=1.2270785802e-04 rz32q=5.6342736816e+03 rz32n=5.6342734375e+03 alpha_full_q=1.2270768785e-04 alpha_full_n=1.2270785356e-04
  residual=2.900e+02
iter=225 pAp_d=-9.1579408315e+08 p8q=-6.4000000000e+01 p8n=-6.4000000000e+01 p8q_e2=-1.6777216000e+07 p8n_e2=-1.6777216000e+07 p16q=-2.6843545600e+08 p16n=-6.7108864000e+07 p16q_e2=-9.0596966400e+08 p16n_e2=-7.7175193600e+08 p32q=-9.1579392000e+08 p32n=-9.1578982400e+08 p64q=-9.1579408315e+08 p64n=-9.1579408315e+08 alpha_d=-3.8146558317e-05 alpha_p32q=-3.8146565113e-05 alpha_p32n=-3.8146735729e-05 rz32q=3.4934392578e+04 rz32n=3.4934396484e+04 alpha_full_q=-3.8146565308e-05 alpha_full_n=-3.8146740190e-05
  residual=2.651e+02
iter=226 pAp_d=9.0839394366e+08 p8q=6.4000000000e+01 p8n=-6.4000000000e+01 p8q_e2=1.6777216000e+07 p8n_e2=-2.6214400000e+05 p16q=2.6843545600e+08 p16n=6.7108864000e+07 p16q_e2=9.0596966400e+08 p16n_e2=6.3753420800e+08 p32q=9.0839398400e+08 p32n=9.0840064000e+08 p64q=9.0839394366e+08 p64n=9.0839394366e+08 alpha_d=2.8073584200e-05 alpha_p32q=2.8073582954e-05 alpha_p32n=2.8073377254e-05 rz32q=2.5501874023e+04 rz32n=2.5501866211e+04 alpha_full_q=2.8073583129e-05 alpha_full_n=2.8073368829e-05
  residual=1.263e+02
iter=227 pAp_d=9.4072269118e+06 p8q=6.4000000000e+01 p8n=0.0000000000e+00 p8q_e2=1.6777216000e+07 p8n_e2=-1.0485760000e+06 p16q=8.3886080000e+06 p16n=-8.5196800000e+05 p16q_e2=9.4371840000e+06 p16n_e2=1.2058624000e+07 p32q=9.4072260000e+06 p32n=9.4072300000e+06 p64q=9.4072269118e+06 p64n=9.4072269118e+06 alpha_d=5.6533780099e-04 alpha_p32q=5.6533785578e-04 alpha_p32n=5.6533761540e-04 rz32q=5.3182609863e+03 rz32n=5.3182602539e+03 alpha_full_q=5.6533785691e-04 alpha_full_n=5.6533753867e-04
  residual=1.105e+03
iter=228 pAp_d=-5.3986990854e+10 p8q=6.4000000000e+01 p8n=-6.4000000000e+01 p8q_e2=-1.6777216000e+07 p8n_e2=-1.6777216000e+07 p16q=-2.6843545600e+08 p16n=0.0000000000e+00 p16q_e2=-5.1539607552e+10 p16n_e2=-3.8654705664e+10 p32q=-5.3986983936e+10 p32n=-5.3987180544e+10 p64q=-5.3986990854e+10 p64n=-5.3986990854e+10 alpha_d=-7.8570177248e-06 alpha_p32q=-7.8570187315e-06 alpha_p32n=-7.8569901182e-06 rz32q=4.2417675000e+05 rz32n=4.2417571875e+05 alpha_full_q=-7.8570188419e-06 alpha_full_n=-7.8569711268e-06
  residual=1.635e+02
iter=229 pAp_d=2.6111214579e+08 p8q=6.4000000000e+01 p8n=-6.4000000000e+01 p8q_e2=1.6777216000e+07 p8n_e2=1.6777216000e+07 p16q=2.6843545600e+08 p16n=1.6777216000e+07 p16q_e2=2.6004684800e+08 p16n_e2=2.3907532800e+08 p32q=2.6111212800e+08 p32n=2.6111232000e+08 p64q=2.6111214579e+08 p64n=2.6111214579e+08 alpha_d=4.1134580756e-05 alpha_p32q=4.1134583559e-05 alpha_p32n=4.1134553312e-05 rz32q=1.0740738770e+04 rz32n=1.0740740234e+04 alpha_full_q=4.1134584026e-05 alpha_full_n=4.1134559390e-05
  residual=1.457e+02
iter=230 pAp_d=-1.3803656664e+07 p8q=-6.4000000000e+01 p8n=6.4000000000e+01 p8q_e2=-1.6777216000e+07 p8n_e2=1.6777216000e+07 p16q=-1.2582912000e+07 p16n=-6.2914560000e+06 p16q_e2=-1.3762560000e+07 p16n_e2=-1.2189696000e+07 p32q=-1.3803658000e+07 p32n=-1.3803706000e+07 p64q=-1.3803656664e+07 p64n=-1.3803656664e+07 alpha_d=-5.7346554676e-04 alpha_p32q=-5.7346549127e-04 alpha_p32n=-5.7346349715e-04 rz32q=7.9159216309e+03 rz32n=7.9159201660e+03 alpha_full_q=-5.7346549957e-04 alpha_full_n=-5.7346339932e-04
  residual=1.559e+03
iter=231 pAp_d=1.7823759410e+11 p8q=6.4000000000e+01 p8n=6.4000000000e+01 p8q_e2=1.6777216000e+07 p8n_e2=1.6777216000e+07 p16q=2.6843545600e+08 p16n=2.6843545600e+08 p16q_e2=1.7179869184e+11 p16n_e2=1.3743895347e+11 p32q=1.7823747277e+11 p32n=1.7822279270e+11 p64q=1.7823759410e+11 p64n=1.7823759410e+11 alpha_d=4.8708925671e-06 alpha_p32q=4.8708958830e-06 alpha_p32n=4.8712970946e-06 rz32q=8.6817618750e+05 rz32n=8.6817668750e+05 alpha_full_q=4.8708959683e-06 alpha_full_n=4.8712999854e-06
  residual=1.414e+02
iter=232 pAp_d=8.9912635216e+07 p8q=6.4000000000e+01 p8n=6.4000000000e+01 p8q_e2=1.6777216000e+07 p8n_e2=2.6214400000e+05 p16q=6.7108864000e+07 p16n=1.5728640000e+06 p16q_e2=9.0177536000e+07 p16n_e2=7.5497472000e+07 p32q=8.9912640000e+07 p32n=8.9912768000e+07 p64q=8.9912635216e+07 p64n=8.9912635216e+07 alpha_d=8.3650718187e-05 alpha_p32q=8.3650713736e-05 alpha_p32n=8.3650594651e-05 rz32q=7.5212565918e+03 rz32n=7.5212548828e+03 alpha_full_q=8.3650714647e-05 alpha_full_n=8.3650576555e-05
  residual=2.196e+02
iter=233 pAp_d=-3.2274349664e+08 p8q=-6.4000000000e+01 p8n=6.4000000000e+01 p8q_e2=-1.6777216000e+07 p8n_e2=-1.6777216000e+07 p16q=-2.6843545600e+08 p16n=-6.7108864000e+07 p16q_e2=-3.1876710400e+08 p16n_e2=-2.6424115200e+08 p32q=-3.2274355200e+08 p32n=-3.2274329600e+08 p64q=-3.2274349664e+08 p64n=-3.2274349664e+08 alpha_d=-5.3459865864e-05 alpha_p32q=-5.3459856694e-05 alpha_p32n=-5.3459899098e-05 rz32q=1.7253824219e+04 rz32n=1.7253820312e+04 alpha_full_q=-5.3459857251e-05 alpha_full_n=-5.3459887553e-05
  residual=2.043e+02
iter=234 pAp_d=4.4569587471e+08 p8q=6.4000000000e+01 p8n=0.0000000000e+00 p8q_e2=1.6777216000e+07 p8n_e2=-1.0485760000e+06 p16q=2.6843545600e+08 p16n=3.6700160000e+06 p16q_e2=4.5298483200e+08 p16n_e2=2.5585254400e+08 p32q=4.4569600000e+08 p32n=4.4569446400e+08 p64q=4.4569587471e+08 p64n=4.4569587471e+08 alpha_d=3.6164048603e-05 alpha_p32q=3.6164038436e-05 alpha_p32n=3.6164163069e-05 rz32q=1.6118167480e+04 rz32n=1.6118166992e+04 alpha_full_q=3.6164038898e-05 alpha_full_n=3.6164162434e-05
  residual=1.432e+02
iter=235 pAp_d=-1.4734700388e+06 p8q=-6.4000000000e+01 p8n=-6.4000000000e+01 p8q_e2=-1.6777216000e+07 p8n_e2=-1.0485760000e+06 p16q=-1.3107200000e+06 p16n=-2.6214400000e+06 p16q_e2=-1.4745600000e+06 p16n_e2=-3.4406400000e+06 p32q=-1.4734700000e+06 p32n=-1.4734245000e+06 p64q=-1.4734700388e+06 p64n=-1.4734700388e+06 alpha_d=-5.2324254742e-03 alpha_p32q=-5.2324256118e-03 alpha_p32n=-5.2325871914e-03 rz32q=7.7098222656e+03 rz32n=7.7098222656e+03 alpha_full_q=-5.2324256793e-03 alpha_full_n=-5.2325872589e-03
  residual=1.434e+04
iter=236 pAp_d=1.2671645790e+14 p8q=-6.4000000000e+01 p8n=-6.4000000000e+01 p8q_e2=1.6777216000e+07 p8n_e2=-1.6777216000e+07 p16q=-2.6843545600e+08 p16n=-2.6843545600e+08 p16q_e2=1.4073748836e+14 p16n_e2=-2.8147497671e+14 p32q=1.2671656762e+14 p32n=1.2639122384e+14 p64q=1.2671645790e+14 p64n=1.2671645790e+14 alpha_d=5.6178968304e-07 alpha_p32q=5.6178919660e-07 alpha_p32n=5.6323529872e-07 rz32q=7.1188000000e+07 rz32n=7.1187680000e+07 alpha_full_q=5.6178920672e-07 alpha_full_n=5.6323277704e-07
  residual=1.486e+02
iter=237 pAp_d=1.4642633519e+08 p8q=6.4000000000e+01 p8n=-6.4000000000e+01 p8q_e2=1.6777216000e+07 p8n_e2=1.6777216000e+07 p16q=2.6843545600e+08 p16n=1.6777216000e+07 p16q_e2=1.4680064000e+08 p16n_e2=1.1744051200e+08 p32q=1.4642630400e+08 p32n=1.4642624000e+08 p64q=1.4642633519e+08 p64n=1.4642633519e+08 alpha_d=5.5956229424e-05 alpha_p32q=5.5956241344e-05 alpha_p32n=5.5956265802e-05 rz32q=8.1934658203e+03 rz32n=8.1934628906e+03 alpha_full_q=5.5956242809e-05 alpha_full_n=5.5956247259e-05
  residual=1.604e+02
iter=238 pAp_d=-3.0092683257e+07 p8q=-6.4000000000e+01 p8n=6.4000000000e+01 p8q_e2=-1.6777216000e+07 p8n_e2=2.6214400000e+05 p16q=-3.3554432000e+07 p16n=-1.6777216000e+07 p16q_e2=-2.9884416000e+07 p16n_e2=-3.0932992000e+07 p32q=-3.0092680000e+07 p32n=-3.0092832000e+07 p64q=-3.0092683257e+07 p64n=-3.0092683257e+07 alpha_d=-3.2154261327e-04 alpha_p32q=-3.2154264807e-04 alpha_p32n=-3.2154102395e-04 rz32q=9.6760800781e+03 rz32n=9.6760825195e+03 alpha_full_q=-3.2154265018e-04 alpha_full_n=-3.2154110718e-04
  residual=1.033e+03
iter=239 pAp_d=4.3866727265e+10 p8q=-6.4000000000e+01 p8n=0.0000000000e+00 p8q_e2=1.6777216000e+07 p8n_e2=0.0000000000e+00 p16q=2.6843545600e+08 p16n=2.6843545600e+08 p16q_e2=4.2949672960e+10 p16n_e2=1.0737418240e+10 p32q=4.3866718208e+10 p32n=4.3867570176e+10 p64q=4.3866727265e+10 p64n=4.3866727265e+10 alpha_d=7.9928239465e-06 alpha_p32q=7.9928255968e-06 alpha_p32n=7.9926703652e-06 rz32q=3.5061903125e+05 rz32n=3.5061884375e+05 alpha_full_q=7.9928256677e-06 alpha_full_n=7.9926661619e-06
  residual=1.273e+02
iter=240 pAp_d=2.5136974964e+07 p8q=6.4000000000e+01 p8n=0.0000000000e+00 p8q_e2=1.6777216000e+07 p8n_e2=1.0485760000e+06 p16q=1.6777216000e+07 p16n=2.6214400000e+06 p16q_e2=2.5165824000e+07 p16n_e2=2.4641536000e+07 p32q=2.5136976000e+07 p32n=2.5137040000e+07 p64q=2.5136974964e+07 p64n=2.5136974964e+07 alpha_d=2.0800835354e-04 alpha_p32q=2.0800834497e-04 alpha_p32n=2.0800781538e-04 rz32q=5.2287006836e+03 rz32n=5.2286975098e+03 alpha_full_q=2.0800834132e-04 alpha_full_n=2.0800768546e-04
  residual=3.690e+02
iter=241 pAp_d=-1.4526389445e+09 p8q=-6.4000000000e+01 p8n=6.4000000000e+01 p8q_e2=-1.6777216000e+07 p8n_e2=1.6777216000e+07 p16q=-2.6843545600e+08 p16n=1.3107200000e+06 p16q_e2=-1.4763950080e+09 p16n_e2=-9.7307852800e+08 p32q=-1.4526392320e+09 p32n=-1.4526484480e+09 p64q=-1.4526389445e+09 p64n=-1.4526389445e+09 alpha_d=-2.9349580024e-05 alpha_p32q=-2.9349574215e-05 alpha_p32n=-2.9349388013e-05 rz32q=4.2634343750e+04 rz32n=4.2634343750e+04 alpha_full_q=-2.9349574768e-05 alpha_full_n=-2.9349388566e-05
  residual=1.448e+02
iter=242 pAp_d=6.7514519338e+07 p8q=-6.4000000000e+01 p8n=0.0000000000e+00 p8q_e2=1.6777216000e+07 p8n_e2=2.6214400000e+05 p16q=6.7108864000e+07 p16n=8.3886080000e+06 p16q_e2=6.7108864000e+07 p16n_e2=6.3963136000e+07 p32q=6.7514528000e+07 p32n=6.7514432000e+07 p64q=6.7514519338e+07 p64n=6.7514519338e+07 alpha_d=1.0986161911e-04 alpha_p32q=1.0986160501e-04 alpha_p32n=1.0986176122e-04 rz32q=7.4172543945e+03 rz32n=7.4172548828e+03 alpha_full_q=1.0986160482e-04 alpha_full_n=1.0986176826e-04
  residual=2.474e+02
iter=243 pAp_d=-4.6574410822e+08 p8q=-6.4000000000e+01 p8n=0.0000000000e+00 p8q_e2=-1.6777216000e+07 p8n_e2=-1.6777216000e+07 p16q=-2.6843545600e+08 p16n=-6.7108864000e+07 p16q_e2=-4.6976204800e+08 p16n_e2=-3.5232153600e+08 p32q=-4.6574412800e+08 p32n=-4.6574361600e+08 p64q=-4.6574410822e+08 p64n=-4.6574410822e+08 alpha_d=-4.4770761151e-05 alpha_p32q=-4.4770759249e-05 alpha_p32n=-4.4770808466e-05 rz32q=2.0851717773e+04 rz32n=2.0851709961e+04 alpha_full_q=-4.4770758277e-05 alpha_full_n=-4.4770790720e-05
  residual=1.786e+02
iter=244 pAp_d=2.3704928337e+08 p8q=6.4000000000e+01 p8n=-6.4000000000e+01 p8q_e2=1.6777216000e+07 p8n_e2=1.6777216000e+07 p16q=2.6843545600e+08 p16n=6.2914560000e+06 p16q_e2=2.3907532800e+08 p16n_e2=1.6357785600e+08 p32q=2.3704928000e+08 p32n=2.3705043200e+08 p64q=2.3704928337e+08 p64n=2.3704928337e+08 alpha_d=4.8845344019e-05 alpha_p32q=4.8845344713e-05 alpha_p32n=4.8845107338e-05 rz32q=1.1578753906e+04 rz32n=1.1578754395e+04 alpha_full_q=4.8845345180e-05 alpha_full_n=4.8845109865e-05
  residual=1.549e+02
iter=245 pAp_d=-3.8601481658e+07 p8q=-6.4000000000e+01 p8n=6.4000000000e+01 p8q_e2=-1.6777216000e+07 p8n_e2=-1.6777216000e+07 p16q=-3.3554432000e+07 p16n=-1.6777216000e+07 p16q_e2=-3.8797312000e+07 p16n_e2=-4.0894464000e+07 p32q=-3.8601488000e+07 p32n=-3.8601408000e+07 p64q=-3.8601481658e+07 p64n=-3.8601481658e+07 alpha_d=-2.1310018437e-04 alpha_p32q=-2.1310014936e-04 alpha_p32n=-2.1310059100e-04 rz32q=8.2259829102e+03 rz32n=8.2259799805e+03 alpha_full_q=-2.1310015070e-04 alpha_full_n=-2.1310051645e-04
  residual=5.424e+02
iter=246 pAp_d=6.3939761238e+09 p8q=6.4000000000e+01 p8n=0.0000000000e+00 p8q_e2=1.6777216000e+07 p8n_e2=0.0000000000e+00 p16q=2.6843545600e+08 p16n=-1.6777216000e+07 p16q_e2=6.4424509440e+09 p16n_e2=3.8923141120e+09 p32q=6.3939788800e+09 p32n=6.3939051520e+09 p64q=6.3939761238e+09 p64n=6.3939761238e+09 alpha_d=1.5582786098e-05 alpha_p32q=1.5582779380e-05 alpha_p32n=1.5582959065e-05 rz32q=9.9635960938e+04 rz32n=9.9635921875e+04 alpha_full_q=1.5582779175e-05 alpha_full_n=1.5582952751e-05
  residual=1.288e+02
iter=247 pAp_d=3.1653898447e+06 p8q=-6.4000000000e+01 p8n=6.4000000000e+01 p8q_e2=1.0485760000e+06 p8n_e2=6.5536000000e+04 p16q=3.1457280000e+06 p16n=-4.1943040000e+06 p16q_e2=3.1457280000e+06 p16n_e2=2.5559040000e+06 p32q=3.1653895000e+06 p32n=3.1653890000e+06 p64q=3.1653898447e+06 p64n=3.1653898447e+06 alpha_d=1.7569840666e-03 alpha_p32q=1.7569842579e-03 alpha_p32n=1.7569845354e-03 rz32q=5.5615395508e+03 rz32n=5.5615393066e+03 alpha_full_q=1.7569842671e-03 alpha_full_n=1.7569844675e-03
  residual=3.456e+03
iter=248 pAp_d=-1.7322643233e+12 p8q=-6.4000000000e+01 p8n=6.4000000000e+01 p8q_e2=1.6777216000e+07 p8n_e2=1.6777216000e+07 p16q=-2.6843545600e+08 p16n=2.6843545600e+08 p16q_e2=-1.6492674417e+12 p16n_e2=-4.3980465111e+12 p32q=-1.7322643292e+12 p32n=-1.7319371735e+12 p64q=-1.7322643233e+12 p64n=-1.7322643233e+12 alpha_d=-2.3865732184e-06 alpha_p32q=-2.3865732102e-06 alpha_p32n=-2.3870240239e-06 rz32q=4.1341755000e+06 rz32n=4.1341710000e+06 alpha_full_q=-2.3865731288e-06 alpha_full_n=-2.3870213442e-06
  residual=1.353e+02
iter=249 pAp_d=5.9597531405e+07 p8q=-6.4000000000e+01 p8n=-6.4000000000e+01 p8q_e2=1.6777216000e+07 p8n_e2=1.6777216000e+07 p16q=6.7108864000e+07 p16n=1.6777216000e+07 p16q_e2=5.9768832000e+07 p16n_e2=5.9768832000e+07 p32q=5.9597536000e+07 p32n=5.9597440000e+07 p64q=5.9597531405e+07 p64n=5.9597531405e+07 alpha_d=1.0987914784e-04 alpha_p32q=1.0987913937e-04 alpha_p32n=1.0987931637e-04 rz32q=6.5485258789e+03 rz32n=6.5485251465e+03 alpha_full_q=1.0987913794e-04 alpha_full_n=1.0987930264e-04
  residual=2.832e+02
iter=250 pAp_d=-8.2731576871e+08 p8q=-6.4000000000e+01 p8n=-6.4000000000e+01 p8q_e2=-1.6777216000e+07 p8n_e2=-1.6777216000e+07 p16q=-2.6843545600e+08 p16n=-6.7108864000e+07 p16q_e2=-8.3886080000e+08 p16n_e2=-6.7108864000e+08 p32q=-8.2731571200e+08 p32n=-8.2731724800e+08 p64q=-8.2731576871e+08 p64n=-8.2731576871e+08 alpha_d=-3.6553619461e-05 alpha_p32q=-3.6553621967e-05 alpha_p32n=-3.6553554101e-05 rz32q=3.0241385742e+04 rz32n=3.0241392578e+04 alpha_full_q=-3.6553621917e-05 alpha_full_n=-3.6553562314e-05
  residual=2.036e+02
iter=251 pAp_d=2.8409096253e+08 p8q=-6.4000000000e+01 p8n=-6.4000000000e+01 p8q_e2=1.6777216000e+07 p8n_e2=-1.6777216000e+07 p16q=2.6843545600e+08 p16n=8.3886080000e+06 p16q_e2=2.8521267200e+08 p16n_e2=2.3907532800e+08 p32q=2.8409088000e+08 p32n=2.8409216000e+08 p64q=2.8409096253e+08 p64n=2.8409096253e+08 alpha_d=4.8891320035e-05 alpha_p32q=4.8891334238e-05 alpha_p32n=4.8891113954e-05 rz32q=1.3889582031e+04 rz32n=1.3889574707e+04 alpha_full_q=4.8891333756e-05 alpha_full_n=4.8891087692e-05
  residual=1.497e+02
iter=252 pAp_d=-3.6317554945e+07 p8q=-6.4000000000e+01 p8n=6.4000000000e+01 p8q_e2=-1.6777216000e+07 p8n_e2=6.5536000000e+04 p16q=-3.3554432000e+07 p16n=-8.3886080000e+06 p16q_e2=-3.6700160000e+07 p16n_e2=-3.1457280000e+07 p32q=-3.6317552000e+07 p32n=-3.6317520000e+07 p64q=-3.6317554945e+07 p64n=-3.6317554945e+07 alpha_d=-1.8539024324e-04 alpha_p32q=-1.8539025828e-04 alpha_p32n=-1.8539042163e-04 rz32q=6.7329204102e+03 rz32n=6.7329172363e+03 alpha_full_q=-1.8539026006e-04 alpha_full_n=-1.8539033602e-04
  residual=3.599e+02
iter=253 pAp_d=1.7765147703e+09 p8q=-6.4000000000e+01 p8n=6.4000000000e+01 p8q_e2=1.6777216000e+07 p8n_e2=1.0485760000e+06 p16q=2.6843545600e+08 p16n=1.6777216000e+07 p16q_e2=1.7448304640e+09 p16n_e2=9.7307852800e+08 p32q=1.7765150720e+09 p32n=1.7765263360e+09 p64q=1.7765147703e+09 p64n=1.7765147703e+09 alpha_d=2.4442737147e-05 alpha_p32q=2.4442732996e-05 alpha_p32n=2.4442578018e-05 rz32q=4.3422882812e+04 rz32n=4.3422863281e+04 alpha_full_q=2.4442732571e-05 alpha_full_n=2.4442566598e-05
  residual=1.374e+02
iter=254 pAp_d=2.6354171342e+07 p8q=-6.4000000000e+01 p8n=0.0000000000e+00 p8q_e2=1.6777216000e+07 p8n_e2=-6.5536000000e+04 p16q=3.3554432000e+07 p16n=8.3886080000e+06 p16q_e2=2.6214400000e+07 p16n_e2=2.3592960000e+07 p32q=2.6354168000e+07 p32n=2.6354192000e+07 p64q=2.6354171342e+07 p64n=2.6354171342e+07 alpha_d=2.4481360883e-04 alpha_p32q=2.4481363987e-04 alpha_p32n=2.4481341693e-04 rz32q=6.4518598633e+03 rz32n=6.4518605957e+03 alpha_full_q=2.4481364251e-04 alpha_full_n=2.4481344735e-04
  residual=5.772e+02
iter=255 pAp_d=-7.4091652708e+09 p8q=-6.4000000000e+01 p8n=6.4000000000e+01 p8q_e2=-1.6777216000e+07 p8n_e2=1.6777216000e+07 p16q=-2.6843545600e+08 p16n=1.2582912000e+07 p16q_e2=-7.5161927680e+09 p16n_e2=-4.2949672960e+09 p32q=-7.4091642880e+09 p32n=-7.4091642880e+09 p64q=-7.4091652708e+09 p64n=-7.4091652708e+09 alpha_d=-1.5794637755e-05 alpha_p32q=-1.5794639850e-05 alpha_p32n=-1.5794639850e-05 rz32q=1.1702507812e+05 rz32n=1.1702504688e+05 alpha_full_q=-1.5794639392e-05 alpha_full_n=-1.5794635174e-05
  residual=1.516e+02
iter=256 pAp_d=8.3590674411e+07 p8q=6.4000000000e+01 p8n=6.4000000000e+01 p8q_e2=1.6777216000e+07 p8n_e2=-1.6777216000e+07 p16q=6.7108864000e+07 p16n=1.2582912000e+07 p16q_e2=8.3886080000e+07 p16n_e2=6.3963136000e+07 p32q=8.3590688000e+07 p32n=8.3591232000e+07 p64q=8.3590674411e+07 p64n=8.3590674411e+07 alpha_d=9.0784769954e-05 alpha_p32q=9.0784755195e-05 alpha_p32n=9.0784164380e-05 rz32q=7.5887602539e+03 rz32n=7.5887622070e+03 alpha_full_q=9.0784756478e-05 alpha_full_n=9.0784189029e-05
  residual=2.054e+02
iter=257 pAp_d=-2.2930674280e+08 p8q=-6.4000000000e+01 p8n=-6.4000000000e+01 p8q_e2=-1.6777216000e+07 p8n_e2=-1.0485760000e+06 p16q=-2.6843545600e+08 p16n=-3.3554432000e+07 p16q_e2=-2.3068672000e+08 p16n_e2=-2.0552089600e+08 p32q=-2.2930675200e+08 p32n=-2.2930681600e+08 p64q=-2.2930674280e+08 p64n=-2.2930674280e+08 alpha_d=-5.8333611904e-05 alpha_p32q=-5.8333609564e-05 alpha_p32n=-5.8333593283e-05 rz32q=1.3376290527e+04 rz32n=1.3376295410e+04 alpha_full_q=-5.8333609502e-05 alpha_full_n=-5.8333614515e-05
  residual=1.671e+02
iter=258 pAp_d=1.1779876724e+08 p8q=6.4000000000e+01 p8n=0.0000000000e+00 p8q_e2=1.6777216000e+07 p8n_e2=-1.0485760000e+06 p16q=6.7108864000e+07 p16n=1.2582912000e+07 p16q_e2=1.1744051200e+08 p16n_e2=1.1114905600e+08 p32q=1.1779875200e+08 p32n=1.1779849600e+08 p64q=1.1779876724e+08 p64n=1.1779876724e+08 alpha_d=7.6918253109e-05 alpha_p32q=7.6918263059e-05 alpha_p32n=7.6918430218e-05 rz32q=9.0608754883e+03 rz32n=9.0608735352e+03 alpha_full_q=7.6918263856e-05 alpha_full_n=7.6918414435e-05
  residual=1.866e+02
iter=259 pAp_d=-1.2482439771e+08 p8q=-6.4000000000e+01 p8n=6.4000000000e+01 p8q_e2=-1.6777216000e+07 p8n_e2=-1.6777216000e+07 p16q=-6.7108864000e+07 p16n=-1.2582912000e+07 p16q_e2=-1.2582912000e+08 p16n_e2=-1.2792627200e+08 p32q=-1.2482438400e+08 p32n=-1.2482432000e+08 p64q=-1.2482439771e+08 p64n=-1.2482439771e+08 alpha_d=-9.0202195937e-05 alpha_p32q=-9.0202205845e-05 alpha_p32n=-9.0202252094e-05 rz32q=1.1259434570e+04 rz32n=1.1259435547e+04 alpha_full_q=-9.0202204165e-05 alpha_full_n=-9.0202258237e-05
  residual=2.497e+02
iter=260 pAp_d=6.8288228348e+08 p8q=6.4000000000e+01 p8n=-6.4000000000e+01 p8q_e2=1.6777216000e+07 p8n_e2=-6.5536000000e+04 p16q=2.6843545600e+08 p16n=3.3554432000e+07 p16q_e2=6.7108864000e+08 p16n_e2=5.7042534400e+08 p32q=6.8288204800e+08 p32n=6.8287948800e+08 p64q=6.8288228348e+08 p64n=6.8288228348e+08 alpha_d=3.1167613396e-05 alpha_p32q=3.1167624143e-05 alpha_p32n=3.1167740985e-05 rz32q=2.1283810547e+04 rz32n=2.1283809570e+04 alpha_full_q=3.1167623471e-05 alpha_full_n=3.1167738883e-05
  residual=1.427e+02
iter=261 pAp_d=3.6431853526e+07 p8q=6.4000000000e+01 p8n=6.4000000000e+01 p8q_e2=1.6777216000e+07 p8n_e2=-1.6777216000e+07 p16q=3.3554432000e+07 p16n=-8.3886080000e+06 p16q_e2=3.6700160000e+07 p16n_e2=3.2505856000e+07 p32q=3.6431856000e+07 p32n=3.6431936000e+07 p64q=3.6431853526e+07 p64n=3.6431853526e+07 alpha_d=2.2979373765e-04 alpha_p32q=2.2979372205e-04 alpha_p32n=2.2979321745e-04 rz32q=8.3718120117e+03 rz32n=8.3718139648e+03 alpha_full_q=2.2979372810e-04 alpha_full_n=2.2979327711e-04
  residual=7.121e+02
iter=262 pAp_d=-1.8191127770e+10 p8q=-6.4000000000e+01 p8n=0.0000000000e+00 p8q_e2=-1.6777216000e+07 p8n_e2=0.0000000000e+00 p16q=-2.6843545600e+08 p16n=2.6843545600e+08 p16q_e2=-1.7179869184e+10 p16n_e2=-1.9327352832e+10 p32q=-1.8191122432e+10 p32n=-1.8190991360e+10 p64q=-1.8191127770e+10 p64n=-1.8191127770e+10 alpha_d=-1.0611632875e-05 alpha_p32q=-1.0611635989e-05 alpha_p32n=-1.0611712449e-05 rz32q=1.9303756250e+05 rz32n=1.9303759375e+05 alpha_full_q=-1.0611635605e-05 alpha_full_n=-1.0611713783e-05
  residual=1.448e+02
iter=263 pAp_d=1.0719315596e+08 p8q=-6.4000000000e+01 p8n=6.4000000000e+01 p8q_e2=1.6777216000e+07 p8n_e2=1.6777216000e+07 p16q=6.7108864000e+07 p16n=8.3886080000e+06 p16q_e2=1.0695475200e+08 p16n_e2=1.0066329600e+08 p32q=1.0719315200e+08 p32n=1.0719260800e+08 p64q=1.0719315596e+08 p64n=1.0719315596e+08 alpha_d=8.0115591926e-05 alpha_p32q=8.0115594888e-05 alpha_p32n=8.0116001473e-05 rz32q=8.5878432617e+03 rz32n=8.5878427734e+03 alpha_full_q=8.0115596020e-05 alpha_full_n=8.0115998049e-05
  residual=2.715e+02
iter=264 pAp_d=-7.5469543475e+08 p8q=-6.4000000000e+01 p8n=0.0000000000e+00 p8q_e2=-1.6777216000e+07 p8n_e2=-1.6777216000e+07 p16q=-2.6843545600e+08 p16n=-6.7108864000e+07 p16q_e2=-7.7175193600e+08 p16n_e2=-6.3753420800e+08 p32q=-7.5469568000e+08 p32n=-7.5469363200e+08 p64q=-7.5469543475e+08 p64n=-7.5469543475e+08 alpha_d=-3.8352046385e-05 alpha_p32q=-3.8352033921e-05 alpha_p32n=-3.8352137997e-05 rz32q=2.8944114258e+04 rz32n=2.8944109375e+04 alpha_full_q=-3.8352033839e-05 alpha_full_n=-3.8352131445e-05
  residual=2.174e+02
iter=265 pAp_d=4.0633232073e+08 p8q=-6.4000000000e+01 p8n=-6.4000000000e+01 p8q_e2=1.6777216000e+07 p8n_e2=1.6777216000e+07 p16q=2.6843545600e+08 p16n=3.6700160000e+06 p16q_e2=4.0265318400e+08 p16n_e2=2.5585254400e+08 p32q=4.0633241600e+08 p32n=4.0633548800e+08 p64q=4.0633232073e+08 p64n=4.0633232073e+08 alpha_d=4.0395123992e-05 alpha_p32q=4.0395114522e-05 alpha_p32n=4.0394809124e-05 rz32q=1.6413844727e+04 rz32n=1.6413844727e+04 alpha_full_q=4.0395115133e-05 alpha_full_n=4.0394809736e-05
  residual=1.445e+02
iter=266 pAp_d=2.5054930392e+07 p8q=6.4000000000e+01 p8n=-6.4000000000e+01 p8q_e2=1.6777216000e+07 p8n_e2=-2.6214400000e+05 p16q=1.6777216000e+07 p16n=6.2914560000e+06 p16q_e2=2.5165824000e+07 p16n_e2=2.8311552000e+07 p32q=2.5054928000e+07 p32n=2.5054992000e+07 p64q=2.5054930392e+07 p64n=2.5054930392e+07 alpha_d=2.7591486615e-04 alpha_p32q=2.7591489249e-04 alpha_p32n=2.7591418770e-04 rz32q=6.9130278320e+03 rz32n=6.9130270996e+03 alpha_full_q=2.7591489515e-04 alpha_full_n=2.7591416112e-04
  residual=7.655e+02
iter=267 pAp_d=-2.1310843072e+10 p8q=-6.4000000000e+01 p8n=-6.4000000000e+01 p8q_e2=-1.6777216000e+07 p8n_e2=-1.6777216000e+07 p16q=-2.6843545600e+08 p16n=-2.6843545600e+08 p16q_e2=-2.1474836480e+10 p16n_e2=-8.5899345920e+09 p32q=-2.1310832640e+10 p32n=-2.1311520768e+10 p64q=-2.1310843072e+10 p64n=-2.1310843072e+10 alpha_d=-1.0648795436e-05 alpha_p32q=-1.0648800649e-05 alpha_p32n=-1.0648456810e-05 rz32q=2.2693481250e+05 rz32n=2.2693459375e+05 alpha_full_q=-1.0648800839e-05 alpha_full_n=-1.0648446735e-05
  residual=1.829e+02
iter=268 pAp_d=2.2855530835e+08 p8q=6.4000000000e+01 p8n=6.4000000000e+01 p8q_e2=1.6777216000e+07 p8n_e2=2.6214400000e+05 p16q=2.6843545600e+08 p16n=3.3554432000e+07 p16q_e2=2.2649241600e+08 p16n_e2=1.6357785600e+08 p32q=2.2855532800e+08 p32n=2.2855513600e+08 p64q=2.2855530835e+08 p64n=2.2855530835e+08 alpha_d=5.0642134584e-05 alpha_p32q=5.0642130230e-05 alpha_p32n=5.0642172772e-05 rz32q=1.1574528809e+04 rz32n=1.1574528320e+04 alpha_full_q=5.0642130769e-05 alpha_full_n=5.0642171175e-05
  residual=1.587e+02
iter=269 pAp_d=-1.8818546775e+07 p8q=-6.4000000000e+01 p8n=6.4000000000e+01 p8q_e2=-1.6777216000e+07 p8n_e2=-1.6777216000e+07 p16q=-1.6777216000e+07 p16n=8.3886080000e+06 p16q_e2=-1.8874368000e+07 p16n_e2=-1.5204352000e+07 p32q=-1.8818544000e+07 p32n=-1.8818520000e+07 p64q=-1.8818546775e+07 p64n=-1.8818546775e+07 alpha_d=-4.5645688420e-04 alpha_p32q=-4.5645695152e-04 alpha_p32n=-4.5645753365e-04 rz32q=8.5898554688e+03 rz32n=8.5898530273e+03 alpha_full_q=-4.5645696440e-04 alpha_full_n=-4.5645741681e-04
  residual=1.293e+03
iter=270 pAp_d=9.4298069865e+10 p8q=6.4000000000e+01 p8n=6.4000000000e+01 p8q_e2=1.6777216000e+07 p8n_e2=1.6777216000e+07 p16q=2.6843545600e+08 p16n=2.6843545600e+08 p16q_e2=8.5899345920e+10 p16n_e2=4.2949672960e+09 p32q=9.4298177536e+10 p32n=9.4305255424e+10 p64q=9.4298069865e+10 p64n=9.4298069865e+10 alpha_d=6.2114759336e-06 alpha_p32q=6.2114688412e-06 alpha_p32n=6.2110026521e-06 rz32q=5.8573018750e+05 rz32n=5.8573025000e+05 alpha_full_q=6.2114687983e-06 alpha_full_n=6.2110032719e-06
  residual=1.347e+02
iter=271 pAp_d=2.3351232558e+07 p8q=6.4000000000e+01 p8n=-6.4000000000e+01 p8q_e2=1.6777216000e+07 p8n_e2=-1.0485760000e+06 p16q=1.6777216000e+07 p16n=4.1943040000e+06 p16q_e2=2.3592960000e+07 p16n_e2=2.1495808000e+07 p32q=2.3351232000e+07 p32n=2.3351232000e+07 p64q=2.3351232558e+07 p64n=2.3351232558e+07 alpha_d=2.5854200580e-04 alpha_p32q=2.5854201198e-04 alpha_p32n=2.5854201198e-04 rz32q=6.0372744141e+03 rz32n=6.0372736816e+03 alpha_full_q=2.5854200815e-04 alpha_full_n=2.5854197678e-04
  residual=5.313e+02
iter=272 pAp_d=-4.5752049354e+09 p8q=-6.4000000000e+01 p8n=-6.4000000000e+01 p8q_e2=-1.6777216000e+07 p8n_e2=-1.6777216000e+07 p16q=-2.6843545600e+08 p16n=-2.6843545600e+08 p16q_e2=-4.8318382080e+09 p16n_e2=-4.2949672960e+09 p32q=-4.5752074240e+09 p32n=-4.5752074240e+09 p64q=-4.5752049354e+09 p64n=-4.5752049354e+09 alpha_d=-1.8913829882e-05 alpha_p32q=-1.8913819594e-05 alpha_p32n=-1.8913819594e-05 rz32q=8.6534648438e+04 rz32n=8.6534632812e+04 alpha_full_q=-1.8913819728e-05 alpha_full_n=-1.8913816313e-05
  residual=1.374e+02
iter=273 pAp_d=5.0185959381e+07 p8q=-6.4000000000e+01 p8n=-6.4000000000e+01 p8q_e2=1.6777216000e+07 p8n_e2=-1.0485760000e+06 p16q=3.3554432000e+07 p16n=2.0971520000e+06 p16q_e2=5.0331648000e+07 p16n_e2=4.1943040000e+07 p32q=5.0185952000e+07 p32n=5.0186016000e+07 p64q=5.0185959381e+07 p64n=5.0185959381e+07 alpha_d=1.2632615091e-04 alpha_p32q=1.2632616949e-04 alpha_p32n=1.2632600839e-04 rz32q=6.3397990723e+03 rz32n=6.3397958984e+03 alpha_full_q=1.2632616937e-04 alpha_full_n=1.2632594503e-04
  residual=2.623e+02
iter=274 pAp_d=-4.8319584106e+08 p8q=-6.4000000000e+01 p8n=-6.4000000000e+01 p8q_e2=-1.6777216000e+07 p8n_e2=-1.6777216000e+07 p16q=-2.6843545600e+08 p16n=6.7108864000e+07 p16q_e2=-4.8653926400e+08 p16n_e2=-3.0198988800e+08 p32q=-4.8319590400e+08 p32n=-4.8319692800e+08 p64q=-4.8319584106e+08 p64n=-4.8319584106e+08 alpha_d=-4.6045525085e-05 alpha_p32q=-4.6045519087e-05 alpha_p32n=-4.6045421507e-05 rz32q=2.2249005859e+04 rz32n=2.2249002930e+04 alpha_full_q=-4.6045518340e-05 alpha_full_n=-4.6045414696e-05
  residual=1.801e+02
iter=275 pAp_d=2.3866728122e+08 p8q=6.4000000000e+01 p8n=-6.4000000000e+01 p8q_e2=1.6777216000e+07 p8n_e2=-2.6214400000e+05 p16q=2.6843545600e+08 p16n=1.6777216000e+07 p16q_e2=2.3907532800e+08 p16n_e2=1.8874368000e+08 p32q=2.3866726400e+08 p32n=2.3866758400e+08 p64q=2.3866728122e+08 p64n=2.3866728122e+08 alpha_d=4.7264825176e-05 alpha_p32q=4.7264828587e-05 alpha_p32n=4.7264765215e-05 rz32q=1.1280567383e+04 rz32n=1.1280564941e+04 alpha_full_q=4.7264828841e-05 alpha_full_n=4.7264755240e-05
  residual=1.526e+02
iter=276 pAp_d=-1.9571965981e+06 p8q=-6.4000000000e+01 p8n=6.4000000000e+01 p8q_e2=1.0485760000e+06 p8n_e2=1.0485760000e+06 p16q=-2.0971520000e+06 p16n=1.6777216000e+07 p16q_e2=-1.9333120000e+06 p16n_e2=-2.7197440000e+06 p32q=-1.9571965000e+06 p32n=-1.9571652500e+06 p64q=-1.9571965981e+06 p64n=-1.9571965981e+06 alpha_d=-4.2186929497e-03 alpha_p32q=-4.2186931612e-03 alpha_p32n=-4.2187605209e-03 rz32q=8.2568115234e+03 rz32n=8.2568129883e+03 alpha_full_q=-4.2186931785e-03 alpha_full_n=-4.2187612867e-03
  residual=1.155e+04
iter=277 pAp_d=5.8543409616e+13 p8q=-6.4000000000e+01 p8n=0.0000000000e+00 p8q_e2=1.6777216000e+07 p8n_e2=0.0000000000e+00 p16q=2.6843545600e+08 p16n=0.0000000000e+00 p16q_e2=7.0368744178e+13 p16n_e2=2.8147497671e+14 p32q=5.8543625470e+13 p32n=5.8479200961e+13 p64q=5.8543409616e+13 p64n=5.8543409616e+13 alpha_d=7.6690517761e-07 alpha_p32q=7.6690234999e-07 alpha_p32n=7.6774721973e-07 rz32q=4.4897248000e+07 rz32n=4.4897040000e+07 alpha_full_q=7.6690241917e-07 alpha_full_n=7.6774373217e-07
  residual=1.642e+02
iter=278 pAp_d=2.5338126293e+08 p8q=6.4000000000e+01 p8n=6.4000000000e+01 p8q_e2=1.6777216000e+07 p8n_e2=1.6777216000e+07 p16q=2.6843545600e+08 p16n=1.6777216000e+07 p16q_e2=2.5165824000e+08 p16n_e2=1.8874368000e+08 p32q=2.5338124800e+08 p32n=2.5338156800e+08 p64q=2.5338126293e+08 p64n=2.5338126293e+08 alpha_d=4.3450212722e-05 alpha_p32q=4.3450215283e-05 alpha_p32n=4.3450160409e-05 rz32q=1.1009469727e+04 rz32n=1.1009471191e+04 alpha_full_q=4.3450215095e-05 alpha_full_n=4.3450166002e-05
  residual=1.576e+02
iter=279 pAp_d=-4.0156520577e+07 p8q=-6.4000000000e+01 p8n=-6.4000000000e+01 p8q_e2=-1.6777216000e+07 p8n_e2=-1.6384000000e+04 p16q=-3.3554432000e+07 p16n=1.6777216000e+07 p16q_e2=-3.9845888000e+07 p16n_e2=-3.6700160000e+07 p32q=-4.0156528000e+07 p32n=-4.0156624000e+07 p64q=-4.0156520577e+07 p64n=-4.0156520577e+07 alpha_d=-1.9498952792e-04 alpha_p32q=-1.9498949188e-04 alpha_p32n=-1.9498902573e-04 rz32q=7.8301010742e+03 rz32n=7.8300993652e+03 alpha_full_q=-1.9498949397e-04 alpha_full_n=-1.9498898526e-04
  residual=4.442e+02
iter=280 pAp_d=3.0821297643e+09 p8q=6.4000000000e+01 p8n=3.2000000000e+01 p8q_e2=1.6777216000e+07 p8n_e2=1.6777216000e+07 p16q=2.6843545600e+08 p16n=2.6843545600e+08 p16q_e2=3.0870077440e+09 p16n_e2=2.8185722880e+09 p32q=3.0821294080e+09 p32n=3.0821027840e+09 p64q=3.0821297643e+09 p64n=3.0821297643e+09 alpha_d=2.0454158484e-05 alpha_p32q=2.0454160848e-05 alpha_p32n=2.0454337537e-05 rz32q=6.3042371094e+04 rz32n=6.3042341797e+04 alpha_full_q=2.0454160987e-05 alpha_full_n=2.0454328170e-05
  residual=1.406e+02
iter=281 pAp_d=8.9226109955e+07 p8q=-6.4000000000e+01 p8n=-6.4000000000e+01 p8q_e2=1.6777216000e+07 p8n_e2=1.6777216000e+07 p16q=6.7108864000e+07 p16n=1.6777216000e+07 p16q_e2=9.0177536000e+07 p16n_e2=7.7594624000e+07 p32q=8.9226112000e+07 p32n=8.9226464000e+07 p64q=8.9226109955e+07 p64n=8.9226109955e+07 alpha_d=8.2371415480e-05 alpha_p32q=8.2371413592e-05 alpha_p32n=8.2371088636e-05 rz32q=7.3496809082e+03 rz32n=7.3496787109e+03 alpha_full_q=8.2371412846e-05 alpha_full_n=8.2371063264e-05
  residual=2.591e+02
iter=282 pAp_d=-4.7591120668e+08 p8q=-6.4000000000e+01 p8n=-6.4000000000e+01 p8q_e2=-1.6777216000e+07 p8n_e2=-1.0485760000e+06 p16q=-2.6843545600e+08 p16n=6.7108864000e+07 p16q_e2=-4.6976204800e+08 p16n_e2=-4.1943040000e+08 p32q=-4.7591116800e+08 p32n=-4.7591065600e+08 p64q=-4.7591120668e+08 p64n=-4.7591120668e+08 alpha_d=-5.0413532996e-05 alpha_p32q=-5.0413537094e-05 alpha_p32n=-5.0413591330e-05 rz32q=2.3992365234e+04 rz32n=2.3992361328e+04 alpha_full_q=-5.0413536911e-05 alpha_full_n=-5.0413582940e-05
  residual=2.392e+02
iter=283 pAp_d=4.5029422487e+08 p8q=6.4000000000e+01 p8n=-6.4000000000e+01 p8q_e2=1.6777216000e+07 p8n_e2=0.0000000000e+00 p16q=2.6843545600e+08 p16n=6.7108864000e+07 p16q_e2=4.5298483200e+08 p16n_e2=3.1876710400e+08 p32q=4.5029427200e+08 p32n=4.5029171200e+08 p64q=4.5029422487e+08 p64n=4.5029422487e+08 alpha_d=4.0801924265e-05 alpha_p32q=4.0801919994e-05 alpha_p32n=4.0802151961e-05 rz32q=1.8372871094e+04 rz32n=1.8372873047e+04 alpha_full_q=4.0801920513e-05 alpha_full_n=4.0802156818e-05
  residual=1.499e+02
iter=284 pAp_d=-5.2608154274e+06 p8q=-6.4000000000e+01 p8n=0.0000000000e+00 p8q_e2=-1.6777216000e+07 p8n_e2=-1.0485760000e+06 p16q=-4.1943040000e+06 p16n=8.3886080000e+06 p16q_e2=-5.2428800000e+06 p16n_e2=-5.7016320000e+06 p32q=-5.2608160000e+06 p32n=-5.2608300000e+06 p64q=-5.2608154274e+06 p64n=-5.2608154274e+06 alpha_d=-1.3968819653e-03 alpha_p32q=-1.3968818133e-03 alpha_p32n=-1.3968780960e-03 rz32q=7.3487382812e+03 rz32n=7.3487380371e+03 alpha_full_q=-1.3968818300e-03 alpha_full_n=-1.3968780662e-03
  residual=3.571e+03
iter=285 pAp_d=2.2511522683e+12 p8q=6.4000000000e+01 p8n=0.0000000000e+00 p8q_e2=1.6777216000e+07 p8n_e2=0.0000000000e+00 p16q=2.6843545600e+08 p16n=0.0000000000e+00 p16q_e2=2.1990232556e+12 p16n_e2=4.8103633715e+11 p32q=2.2511500657e+12 p32n=2.2515191644e+12 p64q=2.2511522683e+12 p64n=2.2511522683e+12 alpha_d=2.1070961260e-06 alpha_p32q=2.1070981876e-06 alpha_p32n=2.1067527643e-06 rz32q=4.7433940000e+06 rz32n=4.7433860000e+06 alpha_full_q=2.1070980884e-06 alpha_full_n=2.1067491119e-06
  residual=1.564e+02
iter=286 pAp_d=1.4427128474e+08 p8q=-6.4000000000e+01 p8n=-6.4000000000e+01 p8q_e2=1.6777216000e+07 p8n_e2=1.6777216000e+07 p16q=2.6843545600e+08 p16n=8.3886080000e+06 p16q_e2=1.4260633600e+08 p16n_e2=1.3212057600e+08 p32q=1.4427129600e+08 p32n=1.4427180800e+08 p64q=1.4427128474e+08 p64n=1.4427128474e+08 alpha_d=7.0219756414e-05 alpha_p32q=7.0219750934e-05 alpha_p32n=7.0219501734e-05 rz32q=1.0130694336e+04 rz32n=1.0130692383e+04 alpha_full_q=7.0219749991e-05 alpha_full_n=7.0219487253e-05
  residual=2.463e+02
iter=287 pAp_d=-3.4812448268e+08 p8q=6.4000000000e+01 p8n=0.0000000000e+00 p8q_e2=-1.6777216000e+07 p8n_e2=-1.0485760000e+06 p16q=-2.6843545600e+08 p16n=6.7108864000e+07 p16q_e2=-3.5232153600e+08 p16n_e2=-2.8521267200e+08 p32q=-3.4812441600e+08 p32n=-3.4812364800e+08 p64q=-3.4812448268e+08 p64n=-3.4812448268e+08 alpha_d=-6.1410097546e-05 alpha_p32q=-6.1410109308e-05 alpha_p32n=-6.1410244785e-05 rz32q=2.1378358398e+04 rz32n=2.1378361328e+04 alpha_full_q=-6.1410109190e-05 alpha_full_n=-6.1410253084e-05
  residual=2.953e+02
iter=288 pAp_d=1.3405228446e+09 p8q=-6.4000000000e+01 p8n=0.0000000000e+00 p8q_e2=1.6777216000e+07 p8n_e2=-1.0485760000e+06 p16q=2.6843545600e+08 p16n=3.3554432000e+07 p16q_e2=1.3421772800e+09 p16n_e2=9.7307852800e+08 p32q=1.3405224960e+09 p32n=1.3405347840e+09 p64q=1.3405228446e+09 p64n=1.3405228446e+09 alpha_d=2.5078883102e-05 alpha_p32q=2.5078889624e-05 alpha_p32n=2.5078659739e-05 rz32q=3.3618816406e+04 rz32n=3.3618818359e+04 alpha_full_q=2.5078890139e-05 alpha_full_n=2.5078661711e-05
  residual=1.399e+02
iter=289 pAp_d=-6.3561872310e+06 p8q=-6.4000000000e+01 p8n=-6.4000000000e+01 p8q_e2=-1.6777216000e+07 p8n_e2=-1.0485760000e+06 p16q=-6.2914560000e+06 p16n=-2.0971520000e+06 p16q_e2=-6.3569920000e+06 p16n_e2=-6.2914560000e+06 p32q=-6.3561870000e+06 p32n=-6.3561560000e+06 p64q=-6.3561872310e+06 p64n=-6.3561872310e+06 alpha_d=-9.6041861915e-04 alpha_p32q=-9.6041865406e-04 alpha_p32n=-9.6042333818e-04 rz32q=6.1046005859e+03 rz32n=6.1046008301e+03 alpha_full_q=-9.6041865759e-04 alpha_full_n=-9.6042338012e-04
  residual=1.860e+03
iter=290 pAp_d=1.9829530326e+11 p8q=-6.4000000000e+01 p8n=0.0000000000e+00 p8q_e2=1.6777216000e+07 p8n_e2=0.0000000000e+00 p16q=2.6843545600e+08 p16n=0.0000000000e+00 p16q_e2=2.0615843021e+11 p16n_e2=8.5899345920e+10 p32q=1.9829515878e+11 p32n=1.9828205158e+11 p64q=1.9829530326e+11 p64n=1.9829530326e+11 alpha_d=5.3834865440e-06 alpha_p32q=5.3834904665e-06 alpha_p32n=5.3838463357e-06 rz32q=1.0675200000e+06 rz32n=1.0675212500e+06 alpha_full_q=5.3834899780e-06 alpha_full_n=5.3838521514e-06
  residual=1.352e+02
iter=291 pAp_d=2.8797014153e+07 p8q=6.4000000000e+01 p8n=0.0000000000e+00 p8q_e2=1.6777216000e+07 p8n_e2=-6.5536000000e+04 p16q=3.3554432000e+07 p16n=8.3886080000e+06 p16q_e2=2.8835840000e+07 p16n_e2=3.0932992000e+07 p32q=2.8797016000e+07 p32n=2.8797056000e+07 p64q=2.8797014153e+07 p64n=2.8797014153e+07 alpha_d=2.0664676754e-04 alpha_p32q=2.0664675429e-04 alpha_p32n=2.0664646725e-04 rz32q=5.9508098145e+03 rz32n=5.9508105469e+03 alpha_full_q=2.0664675168e-04 alpha_full_n=2.0664649007e-04
  residual=4.497e+02
iter=292 pAp_d=-2.9313714843e+09 p8q=-6.4000000000e+01 p8n=6.4000000000e+01 p8q_e2=-1.6777216000e+07 p8n_e2=1.6777216000e+07 p16q=-2.6843545600e+08 p16n=4.1943040000e+06 p16q_e2=-2.9527900160e+09 p16n_e2=-2.2817013760e+09 p32q=-2.9313720320e+09 p32n=-2.9313740800e+09 p64q=-2.9313714843e+09 p64n=-2.9313714843e+09 alpha_d=-2.3592091206e-05 alpha_p32q=-2.3592086798e-05 alpha_p32n=-2.3592070315e-05 rz32q=6.9157179688e+04 rz32n=6.9157171875e+04 alpha_full_q=-2.3592085526e-05 alpha_full_n=-2.3592066378e-05
  residual=2.071e+02
iter=293 pAp_d=4.5983037822e+08 p8q=6.4000000000e+01 p8n=6.4000000000e+01 p8q_e2=1.6777216000e+07 p8n_e2=1.0485760000e+06 p16q=2.6843545600e+08 p16n=6.7108864000e+07 p16q_e2=4.5298483200e+08 p16n_e2=3.1876710400e+08 p32q=4.5983027200e+08 p32n=4.5982848000e+08 p64q=4.5983037822e+08 p64n=4.5983037822e+08 alpha_d=3.8720730634e-05 alpha_p32q=3.8720739578e-05 alpha_p32n=3.8720890477e-05 rz32q=1.7804967773e+04 rz32n=1.7804964844e+04 alpha_full_q=3.8720738624e-05 alpha_full_n=3.8720883151e-05
  residual=1.616e+02
iter=294 pAp_d=-5.7861878646e+07 p8q=-6.4000000000e+01 p8n=6.4000000000e+01 p8q_e2=-1.6777216000e+07 p8n_e2=6.5536000000e+04 p16q=-6.7108864000e+07 p16n=1.2582912000e+07 p16q_e2=-5.7671680000e+07 p16n_e2=-5.0331648000e+07 p32q=-5.7861872000e+07 p32n=-5.7861728000e+07 p64q=-5.7861878646e+07 p64n=-5.7861878646e+07 alpha_d=-1.3823004585e-04 alpha_p32q=-1.3823006173e-04 alpha_p32n=-1.3823040574e-04 rz32q=7.9982502441e+03 rz32n=7.9982492676e+03 alpha_full_q=-1.3823006356e-04 alpha_full_n=-1.3823039069e-04
  residual=2.915e+02
iter=295 pAp_d=7.6596579083e+08 p8q=-6.4000000000e+01 p8n=-6.4000000000e+01 p8q_e2=1.6777216000e+07 p8n_e2=1.6777216000e+07 p16q=2.6843545600e+08 p16n=6.7108864000e+07 p16q_e2=7.7175193600e+08 p16n_e2=4.5298483200e+08 p32q=7.6596582400e+08 p32n=7.6596633600e+08 p64q=7.6596579083e+08 p64n=7.6596579083e+08 alpha_d=3.6081434828e-05 alpha_p32q=3.6081433265e-05 alpha_p32n=3.6081409147e-05 rz32q=2.7637144531e+04 rz32n=2.7637137695e+04 alpha_full_q=3.6081432964e-05 alpha_full_n=3.6081399921e-05
  residual=1.487e+02
iter=296 pAp_d=6.0671404345e+06 p8q=6.4000000000e+01 p8n=0.0000000000e+00 p8q_e2=1.0485760000e+06 p8n_e2=-1.0485760000e+06 p16q=6.2914560000e+06 p16n=-3.1457280000e+06 p16q_e2=6.0948480000e+06 p16n_e2=8.2575360000e+06 p32q=6.0671410000e+06 p32n=6.0671510000e+06 p64q=6.0671404345e+06 p64n=6.0671404345e+06 alpha_d=1.1204141039e-03 alpha_p32q=1.1204139995e-03 alpha_p32n=1.1204121528e-03 rz32q=6.7977097168e+03 rz32n=6.7977072754e+03 alpha_full_q=1.1204140001e-03 alpha_full_n=1.1204117510e-03
  residual=2.757e+03
iter=297 pAp_d=-9.8185198313e+11 p8q=6.4000000000e+01 p8n=0.0000000000e+00 p8q_e2=-1.6777216000e+07 p8n_e2=0.0000000000e+00 p16q=-2.6843545600e+08 p16n=0.0000000000e+00 p16q_e2=-9.6207267430e+11 p16n_e2=-5.4975581389e+11 p32q=-9.8185301197e+11 p32n=-9.8184881766e+11 p64q=-9.8185198313e+11 p64n=-9.8185198313e+11 alpha_d=-2.8408061855e-06 alpha_p32q=-2.8408032088e-06 alpha_p32n=-2.8408153442e-06 rz32q=2.7892510000e+06 rz32n=2.7892485000e+06 alpha_full_q=-2.8408030184e-06 alpha_full_n=-2.8408126076e-06
  residual=1.474e+02
iter=298 pAp_d=6.6449673857e+07 p8q=6.4000000000e+01 p8n=0.0000000000e+00 p8q_e2=1.6777216000e+07 p8n_e2=-1.0485760000e+06 p16q=6.7108864000e+07 p16n=1.6777216000e+07 p16q_e2=6.6060288000e+07 p16n_e2=4.1943040000e+07 p32q=6.6449680000e+07 p32n=6.6449856000e+07 p64q=6.6449673857e+07 p64n=6.6449673857e+07 alpha_d=1.2804549641e-04 alpha_p32q=1.2804548457e-04 alpha_p32n=1.2804514542e-04 rz32q=8.5085815430e+03 rz32n=8.5085800781e+03 alpha_full_q=1.2804548559e-04 alpha_full_n=1.2804512440e-04
  residual=3.441e+02
iter=299 pAp_d=-1.2228536794e+09 p8q=-6.4000000000e+01 p8n=6.4000000000e+01 p8q_e2=-1.6777216000e+07 p8n_e2=1.0485760000e+06 p16q=-2.6843545600e+08 p16n=-6.7108864000e+07 p16q_e2=-1.2079595520e+09 p16n_e2=-1.0737418240e+09 p32q=-1.2228536320e+09 p32n=-1.2228485120e+09 p64q=-1.2228536794e+09 p64n=-1.2228536794e+09 alpha_d=-3.0058272798e-05 alpha_p32q=-3.0058273963e-05 alpha_p32n=-3.0058399815e-05 rz32q=3.6756869141e+04 rz32n=3.6756837891e+04 alpha_full_q=-3.0058273679e-05 alpha_full_n=-3.0058373977e-05
  residual=1.491e+02
