matrix=data/matrices/nos2.mtx n=957 val_range=3.200e+05/7.864e+10 seed=49
iter=0 pAp_d=5.8104671032e-05 p8q=7.5000000000e+00 p8n=2.1250000000e+00 p8q_e2=1.2207031250e-04 p8n_e2=1.5258789062e-05 p16q=5.8174133301e-05 p16n=4.4822692871e-05 p16q_e2=5.8054924011e-05 p16n_e2=5.7220458984e-05 p32q=5.8104671552e-05 p32n=5.8104691561e-05 p64q=5.8104671032e-05 p64n=5.8104671032e-05 alpha_d=9.4502202203e+00 alpha_p32q=9.4502201357e+00 alpha_p32n=9.4502168814e+00 rz32q=5.4910194012e-04 rz32n=5.4910201288e-04 alpha_full_q=9.4502201880e+00 alpha_full_n=9.4502181860e+00
  residual=1.679e+03
iter=1 pAp_d=1.2275487473e-03 p8q=6.4000000000e+01 p8n=8.0000000000e+00 p8q_e2=2.9296875000e-03 p8n_e2=4.8828125000e-04 p16q=1.2550354004e-03 p16n=1.2168884277e-03 p16q_e2=1.2283325195e-03 p16n_e2=1.1959075928e-03 p32q=1.2275487534e-03 p32n=1.2275487534e-03 p64q=1.2275487473e-03 p64n=1.2275487473e-03 alpha_d=5.6521612333e+00 alpha_p32q=5.6521612055e+00 alpha_p32n=5.6521612055e+00 rz32q=6.9383034715e-03 rz32n=6.9383031223e-03 alpha_full_q=5.6521612298e+00 alpha_full_n=5.6521609453e+00
  residual=4.397e+03
iter=2 pAp_d=1.1339339361e-02 p8q=6.4000000000e+01 p8n=8.0000000000e+00 p8q_e2=1.9531250000e-02 p8n_e2=1.9531250000e-03 p16q=1.1322021484e-02 p16n=1.1291503906e-02 p16q_e2=1.1337280273e-02 p16n_e2=1.1344909668e-02 p32q=1.1339339428e-02 p32n=1.1339340825e-02 p64q=1.1339339361e-02 p64n=1.1339339361e-02 alpha_d=2.4413161560e+00 alpha_p32q=2.4413161417e+00 alpha_p32n=2.4413158410e+00 rz32q=2.7682912536e-02 rz32n=2.7682911837e-02 alpha_full_q=2.4413161554e+00 alpha_full_n=2.4413157930e+00
  residual=1.915e+03
iter=3 pAp_d=1.9229692333e-02 p8q=6.4000000000e+01 p8n=8.0000000000e+00 p8q_e2=2.3437500000e-02 p8n_e2=1.5625000000e-02 p16q=1.9226074219e-02 p16n=1.8981933594e-02 p16q_e2=1.9210815430e-02 p16n_e2=1.9073486328e-02 p32q=1.9229692407e-02 p32n=1.9229689380e-02 p64q=1.9229692333e-02 p64n=1.9229692333e-02 alpha_d=2.6570770759e+00 alpha_p32q=2.6570770656e+00 alpha_p32n=2.6570774838e+00 rz32q=5.1094774622e-02 rz32n=5.1094773225e-02 alpha_full_q=2.6570770630e+00 alpha_full_n=2.6570774086e+00
  residual=5.919e+03
iter=4 pAp_d=2.5202043550e-02 p8q=6.4000000000e+01 p8n=8.0000000000e+00 p8q_e2=6.2500000000e-02 p8n_e2=3.9062500000e-02 p16q=2.5238037109e-02 p16n=2.4719238281e-02 p16q_e2=2.5192260742e-02 p16n_e2=2.4856567383e-02 p32q=2.5202043820e-02 p32n=2.5202041492e-02 p64q=2.5202043550e-02 p64n=2.5202043550e-02 alpha_d=2.1941602229e+00 alpha_p32q=2.1941601994e+00 alpha_p32n=2.1941604021e+00 rz32q=5.5297321640e-02 rz32n=5.5297325831e-02 alpha_full_q=2.1941602052e+00 alpha_full_n=2.1941605742e+00
  residual=7.785e+03
iter=5 pAp_d=3.7135532896e-02 p8q=6.4000000000e+01 p8n=8.0000000000e+00 p8q_e2=2.7343750000e-02 p8n_e2=4.8828125000e-03 p16q=3.7139892578e-02 p16n=3.6743164062e-02 p16q_e2=3.7109375000e-02 p16n_e2=3.6804199219e-02 p32q=3.7135532591e-02 p32n=3.7135537714e-02 p64q=3.7135532896e-02 p64n=3.7135532896e-02 alpha_d=1.8965195577e+00 alpha_p32q=1.8965195732e+00 alpha_p32n=1.8965193116e+00 rz32q=7.0428264327e-02 rz32n=7.0428259205e-02 alpha_full_q=1.8965195707e+00 alpha_full_n=1.8965191711e+00
  residual=4.148e+03
iter=6 pAp_d=3.3486684571e-02 p8q=3.2000000000e+01 p8n=8.0000000000e+00 p8q_e2=1.9531250000e-02 p8n_e2=5.8593750000e-03 p16q=3.3416748047e-02 p16n=3.3203125000e-02 p16q_e2=3.3508300781e-02 p16n_e2=3.3325195312e-02 p32q=3.3486684784e-02 p32n=3.3486681059e-02 p64q=3.3486684571e-02 p64n=3.3486684571e-02 alpha_d=2.1893662220e+00 alpha_p32q=2.1893662081e+00 alpha_p32n=2.1893664517e+00 rz32q=7.3314615991e-02 rz32n=7.3314610403e-02 alpha_full_q=2.1893662052e+00 alpha_full_n=2.1893662819e+00
  residual=5.244e+03
iter=7 pAp_d=3.5352179016e-02 p8q=6.4000000000e+01 p8n=7.5000000000e+00 p8q_e2=1.9531250000e-02 p8n_e2=7.8125000000e-03 p16q=3.5583496094e-02 p16n=3.5125732422e-02 p16q_e2=3.5400390625e-02 p16n_e2=3.5003662109e-02 p32q=3.5352178849e-02 p32n=3.5352179315e-02 p64q=3.5352179016e-02 p64n=3.5352179016e-02 alpha_d=2.0208322658e+00 alpha_p32q=2.0208322753e+00 alpha_p32n=2.0208322487e+00 rz32q=7.1440823842e-02 rz32n=7.1440822445e-02 alpha_full_q=2.0208322702e+00 alpha_full_n=2.0208322041e+00
  residual=8.114e+03
iter=8 pAp_d=4.0519493951e-02 p8q=6.4000000000e+01 p8n=8.0000000000e+00 p8q_e2=2.7343750000e-02 p8n_e2=7.8125000000e-03 p16q=4.0649414062e-02 p16n=3.9825439453e-02 p16q_e2=4.0527343750e-02 p16n_e2=3.9947509766e-02 p32q=4.0519494098e-02 p32n=4.0519495495e-02 p64q=4.0519493951e-02 p64n=4.0519493951e-02 alpha_d=1.7180233937e+00 alpha_p32q=1.7180233875e+00 alpha_p32n=1.7180233283e+00 rz32q=6.9613438565e-02 rz32n=6.9613441359e-02 alpha_full_q=1.7180233889e+00 alpha_full_n=1.7180233986e+00
  residual=2.090e+03
iter=9 pAp_d=3.0981532627e-02 p8q=-3.2000000000e+01 p8n=-2.6250000000e+00 p8q_e2=3.9062500000e-02 p8n_e2=7.8125000000e-03 p16q=3.0807495117e-02 p16n=3.0746459961e-02 p16q_e2=3.0975341797e-02 p16n_e2=3.0838012695e-02 p32q=3.0981532764e-02 p32n=3.0981533928e-02 p64q=3.0981532627e-02 p64n=3.0981532627e-02 alpha_d=2.0200714236e+00 alpha_p32q=2.0200714146e+00 alpha_p32n=2.0200713387e+00 rz32q=6.2584908679e-02 rz32n=6.2584911007e-02 alpha_full_q=2.0200714134e+00 alpha_full_n=2.0200714126e+00
  residual=4.836e+03
iter=10 pAp_d=2.7862464251e-02 p8q=6.4000000000e+01 p8n=8.0000000000e+00 p8q_e2=5.4687500000e-02 p8n_e2=3.1250000000e-02 p16q=2.7893066406e-02 p16n=2.7465820312e-02 p16q_e2=2.7877807617e-02 p16n_e2=2.7557373047e-02 p32q=2.7862464543e-02 p32n=2.7862464543e-02 p64q=2.7862464251e-02 p64n=2.7862464251e-02 alpha_d=2.0450251454e+00 alpha_p32q=2.0450251239e+00 alpha_p32n=2.0450251239e+00 rz32q=5.6979440153e-02 rz32n=5.6979441550e-02 alpha_full_q=2.0450251292e+00 alpha_full_n=2.0450251793e+00
  residual=6.977e+03
iter=11 pAp_d=2.8770426521e-02 p8q=6.4000000000e+01 p8n=8.0000000000e+00 p8q_e2=5.4687500000e-02 p8n_e2=1.3671875000e-02 p16q=2.8808593750e-02 p16n=2.8305053711e-02 p16q_e2=2.8732299805e-02 p16n_e2=2.8289794922e-02 p32q=2.8770426055e-02 p32n=2.8770423960e-02 p64q=2.8770426521e-02 p64n=2.8770426521e-02 alpha_d=2.0607282634e+00 alpha_p32q=2.0607282967e+00 alpha_p32n=2.0607284468e+00 rz32q=5.9288030956e-02 rz32n=5.9288034216e-02 alpha_full_q=2.0607282924e+00 alpha_full_n=2.0607285558e+00
  residual=5.340e+03
iter=12 pAp_d=3.2332838094e-02 p8q=-6.4000000000e+01 p8n=-1.8750000000e-01 p8q_e2=1.9531250000e-02 p8n_e2=9.7656250000e-03 p16q=3.2287597656e-02 p16n=3.2257080078e-02 p16q_e2=3.2318115234e-02 p16n_e2=3.2409667969e-02 p32q=3.2332838047e-02 p32n=3.2332839444e-02 p64q=3.2332838094e-02 p64n=3.2332838094e-02 alpha_d=2.0154851311e+00 alpha_p32q=2.0154851340e+00 alpha_p32n=2.0154850469e+00 rz32q=6.5166354179e-02 rz32n=6.5166362096e-02 alpha_full_q=2.0154851264e+00 alpha_full_n=2.0154852842e+00
  residual=5.497e+03
iter=13 pAp_d=2.7056553371e-02 p8q=6.4000000000e+01 p8n=8.0000000000e+00 p8q_e2=6.2500000000e-02 p8n_e2=3.1250000000e-02 p16q=2.7160644531e-02 p16n=2.6855468750e-02 p16q_e2=2.7084350586e-02 p16n_e2=2.6840209961e-02 p32q=2.7056553634e-02 p32n=2.7056552004e-02 p64q=2.7056553371e-02 p64n=2.7056553371e-02 alpha_d=2.1156567024e+00 alpha_p32q=2.1156566818e+00 alpha_p32n=2.1156568093e+00 rz32q=5.7242378592e-02 rz32n=5.7242379989e-02 alpha_full_q=2.1156566859e+00 alpha_full_n=2.1156568650e+00
  residual=7.852e+03
iter=14 pAp_d=3.3646791004e-02 p8q=6.4000000000e+01 p8n=8.0000000000e+00 p8q_e2=3.1250000000e-02 p8n_e2=1.9531250000e-02 p16q=3.3569335938e-02 p16n=3.2989501953e-02 p16q_e2=3.3599853516e-02 p16n_e2=3.3142089844e-02 p32q=3.3646791242e-02 p32n=3.3646790311e-02 p64q=3.3646791004e-02 p64n=3.3646791004e-02 alpha_d=1.8459690539e+00 alpha_p32q=1.8459690408e+00 alpha_p32n=1.8459690919e+00 rz32q=6.2110935338e-02 rz32n=6.2110937200e-02 alpha_full_q=1.8459690522e+00 alpha_full_n=1.8459691586e+00
  residual=3.132e+03
iter=15 pAp_d=3.0873404147e-02 p8q=-2.4000000000e+01 p8n=1.1875000000e+00 p8q_e2=2.3437500000e-02 p8n_e2=6.8359375000e-03 p16q=3.0776977539e-02 p16n=3.0639648438e-02 p16q_e2=3.0914306641e-02 p16n_e2=3.0868530273e-02 p32q=3.0873404350e-02 p32n=3.0873405049e-02 p64q=3.0873404147e-02 p64n=3.0873404147e-02 alpha_d=2.0690092826e+00 alpha_p32q=2.0690092690e+00 alpha_p32n=2.0690092222e+00 rz32q=6.3877359964e-02 rz32n=6.3877365086e-02 alpha_full_q=2.0690092754e+00 alpha_full_n=2.0690093945e+00
  residual=6.160e+03
iter=16 pAp_d=2.8698007628e-02 p8q=6.4000000000e+01 p8n=8.0000000000e+00 p8q_e2=6.2500000000e-02 p8n_e2=5.4687500000e-02 p16q=2.8808593750e-02 p16n=2.8442382812e-02 p16q_e2=2.8701782227e-02 p16n_e2=2.8228759766e-02 p32q=2.8698007809e-02 p32n=2.8698008740e-02 p64q=2.8698007628e-02 p64n=2.8698007628e-02 alpha_d=1.8087164216e+00 alpha_p32q=1.8087164101e+00 alpha_p32n=1.8087163515e+00 rz32q=5.1906557754e-02 rz32n=5.1906555891e-02 alpha_full_q=1.8087164133e+00 alpha_full_n=1.8087162897e+00
  residual=6.681e+03
iter=17 pAp_d=2.2231686432e-02 p8q=6.4000000000e+01 p8n=8.0000000000e+00 p8q_e2=4.6875000000e-02 p8n_e2=3.1250000000e-02 p16q=2.2277832031e-02 p16n=2.1881103516e-02 p16q_e2=2.2232055664e-02 p16n_e2=2.1957397461e-02 p32q=2.2231686860e-02 p32n=2.2231685929e-02 p64q=2.2231686432e-02 p64n=2.2231686432e-02 alpha_d=2.2744507275e+00 alpha_p32q=2.2744506837e+00 alpha_p32n=2.2744507790e+00 rz32q=5.0564875361e-02 rz32n=5.0564879086e-02 alpha_full_q=2.2744506829e+00 alpha_full_n=2.2744509457e+00
  residual=5.146e+03
iter=18 pAp_d=3.2955447412e-02 p8q=-7.5000000000e+00 p8n=-2.2500000000e+00 p8q_e2=1.9531250000e-02 p8n_e2=6.8359375000e-03 p16q=3.3111572266e-02 p16n=3.2745361328e-02 p16q_e2=3.2958984375e-02 p16n_e2=3.2806396484e-02 p32q=3.2955447212e-02 p32n=3.2955447678e-02 p64q=3.2955447412e-02 p64n=3.2955447412e-02 alpha_d=1.9848646351e+00 alpha_p32q=1.9848646472e+00 alpha_p32n=1.9848646191e+00 rz32q=6.5412101801e-02 rz32n=6.5412103198e-02 alpha_full_q=1.9848646380e+00 alpha_full_n=1.9848646524e+00
  residual=5.171e+03
iter=19 pAp_d=3.1041271335e-02 p8q=6.4000000000e+01 p8n=8.0000000000e+00 p8q_e2=2.3437500000e-02 p8n_e2=1.1718750000e-02 p16q=3.1143188477e-02 p16n=3.0685424805e-02 p16q_e2=3.1051635742e-02 p16n_e2=3.0731201172e-02 p32q=3.1041271286e-02 p32n=3.1041274546e-02 p64q=3.1041271335e-02 p64n=3.1041271335e-02 alpha_d=2.0137873385e+00 alpha_p32q=2.0137873417e+00 alpha_p32n=2.0137871302e+00 rz32q=6.2510519288e-02 rz32n=6.2510522082e-02 alpha_full_q=2.0137873450e+00 alpha_full_n=2.0137872235e+00
  residual=7.664e+03
iter=20 pAp_d=3.1118645194e-02 p8q=6.4000000000e+01 p8n=8.0000000000e+00 p8q_e2=4.6875000000e-02 p8n_e2=3.1250000000e-02 p16q=3.1204223633e-02 p16n=3.0700683594e-02 p16q_e2=3.1097412109e-02 p16n_e2=3.0532836914e-02 p32q=3.1118645333e-02 p32n=3.1118644401e-02 p64q=3.1118645194e-02 p64n=3.1118645194e-02 alpha_d=1.8222490470e+00 alpha_p32q=1.8222490389e+00 alpha_p32n=1.8222490934e+00 rz32q=5.6705921423e-02 rz32n=5.6705920491e-02 alpha_full_q=1.8222490348e+00 alpha_full_n=1.8222490594e+00
  residual=3.354e+03
iter=21 pAp_d=2.4552598797e-02 p8q=-3.2000000000e+01 p8n=2.2500000000e+00 p8q_e2=3.9062500000e-02 p8n_e2=2.7343750000e-02 p16q=2.4597167969e-02 p16n=2.4429321289e-02 p16q_e2=2.4551391602e-02 p16n_e2=2.4566650391e-02 p32q=2.4552598828e-02 p32n=2.4552598130e-02 p64q=2.4552598797e-02 p64n=2.4552598797e-02 alpha_d=1.8659857398e+00 alpha_p32q=1.8659857374e+00 alpha_p32n=1.8659857905e+00 rz32q=4.5814799145e-02 rz32n=4.5814793557e-02 alpha_full_q=1.8659857339e+00 alpha_full_n=1.8659855594e+00
  residual=5.949e+03
iter=22 pAp_d=2.0639338952e-02 p8q=6.4000000000e+01 p8n=8.0000000000e+00 p8q_e2=3.1250000000e-02 p8n_e2=1.1718750000e-02 p16q=2.0721435547e-02 p16n=2.0446777344e-02 p16q_e2=2.0614624023e-02 p16n_e2=2.0477294922e-02 p32q=2.0639339462e-02 p32n=2.0639341092e-02 p64q=2.0639338952e-02 p64n=2.0639338952e-02 alpha_d=2.2189168429e+00 alpha_p32q=2.2189167881e+00 alpha_p32n=2.2189166129e+00 rz32q=4.5796976890e-02 rz32n=4.5796979219e-02 alpha_full_q=2.2189167912e+00 alpha_full_n=2.2189167287e+00
  residual=6.254e+03
iter=23 pAp_d=2.4598232648e-02 p8q=6.4000000000e+01 p8n=8.0000000000e+00 p8q_e2=3.9062500000e-02 p8n_e2=1.5625000000e-02 p16q=2.4642944336e-02 p16n=2.4490356445e-02 p16q_e2=2.4581909180e-02 p16n_e2=2.4368286133e-02 p32q=2.4598232470e-02 p32n=2.4598230142e-02 p64q=2.4598232648e-02 p64n=2.4598232648e-02 alpha_d=2.2099845695e+00 alpha_p32q=2.2099845855e+00 alpha_p32n=2.2099847947e+00 rz32q=5.4361714516e-02 rz32n=5.4361716378e-02 alpha_full_q=2.2099845825e+00 alpha_full_n=2.2099848674e+00
  residual=6.241e+03
iter=24 pAp_d=3.2757321772e-02 p8q=-1.4000000000e+01 p8n=2.2500000000e+00 p8q_e2=1.9531250000e-02 p8n_e2=7.8125000000e-03 p16q=3.2836914062e-02 p16n=3.2684326172e-02 p16q_e2=3.2714843750e-02 p16n_e2=3.2531738281e-02 p32q=3.2757321838e-02 p32n=3.2757321838e-02 p64q=3.2757321772e-02 p64n=3.2757321772e-02 alpha_d=1.9340337404e+00 alpha_p32q=1.9340337365e+00 alpha_p32n=1.9340337365e+00 rz32q=6.3353765290e-02 rz32n=6.3353763893e-02 alpha_full_q=1.9340337285e+00 alpha_full_n=1.9340336858e+00
  residual=6.255e+03
iter=25 pAp_d=2.8837692194e-02 p8q=6.4000000000e+01 p8n=7.5000000000e+00 p8q_e2=3.1250000000e-02 p8n_e2=1.5625000000e-02 p16q=2.8915405273e-02 p16n=2.8656005859e-02 p16q_e2=2.8823852539e-02 p16n_e2=2.8686523438e-02 p32q=2.8837692225e-02 p32n=2.8837692691e-02 p64q=2.8837692194e-02 p64n=2.8837692194e-02 alpha_d=1.9698965060e+00 alpha_p32q=1.9698965039e+00 alpha_p32n=1.9698964720e+00 rz32q=5.6807268877e-02 rz32n=5.6807266548e-02 alpha_full_q=1.9698964963e+00 alpha_full_n=1.9698963838e+00
  residual=8.467e+03
iter=26 pAp_d=3.0083059448e-02 p8q=6.4000000000e+01 p8n=8.0000000000e+00 p8q_e2=1.9531250000e-02 p8n_e2=7.8125000000e-03 p16q=3.0044555664e-02 p16n=2.9479980469e-02 p16q_e2=3.0090332031e-02 p16n_e2=2.9708862305e-02 p32q=3.0083059333e-02 p32n=3.0083057703e-02 p64q=3.0083059448e-02 p64n=3.0083059448e-02 alpha_d=1.9349671826e+00 alpha_p32q=1.9349671900e+00 alpha_p32n=1.9349672948e+00 rz32q=5.8209732641e-02 rz32n=5.8209729381e-02 alpha_full_q=1.9349671852e+00 alpha_full_n=1.9349671817e+00
  residual=3.333e+03
iter=27 pAp_d=2.6747459881e-02 p8q=1.0000000000e+01 p8n=5.5000000000e+00 p8q_e2=6.2500000000e-02 p8n_e2=3.9062500000e-02 p16q=2.6840209961e-02 p16n=2.6657104492e-02 p16q_e2=2.6733398438e-02 p16n_e2=2.6672363281e-02 p32q=2.6747459779e-02 p32n=2.6747460943e-02 p64q=2.6747459881e-02 p64n=2.6747459881e-02 alpha_d=1.8577190726e+00 alpha_p32q=1.8577190797e+00 alpha_p32n=1.8577189988e+00 rz32q=4.9689266365e-02 rz32n=4.9689268693e-02 alpha_full_q=1.8577190797e+00 alpha_full_n=1.8577190859e+00
  residual=6.441e+03
iter=28 pAp_d=2.2143366869e-02 p8q=6.4000000000e+01 p8n=6.5000000000e+00 p8q_e2=4.6875000000e-02 p8n_e2=3.1250000000e-02 p16q=2.2186279297e-02 p16n=2.1926879883e-02 p16q_e2=2.2171020508e-02 p16n_e2=2.1957397461e-02 p32q=2.2143366979e-02 p32n=2.2143365582e-02 p64q=2.2143366869e-02 p64n=2.2143366869e-02 alpha_d=2.0109932032e+00 alpha_p32q=2.0109931932e+00 alpha_p32n=2.0109933201e+00 rz32q=4.4530160259e-02 rz32n=4.4530162588e-02 alpha_full_q=2.0109931927e+00 alpha_full_n=2.0109934247e+00
  residual=6.232e+03
iter=29 pAp_d=2.1206838488e-02 p8q=6.4000000000e+01 p8n=6.5000000000e+00 p8q_e2=4.6875000000e-02 p8n_e2=3.1250000000e-02 p16q=2.1240234375e-02 p16n=2.0874023438e-02 p16q_e2=2.1209716797e-02 p16n_e2=2.1026611328e-02 p32q=2.1206838312e-02 p32n=2.1206839941e-02 p64q=2.1206838488e-02 p64n=2.1206838488e-02 alpha_d=2.1255813375e+00 alpha_p32q=2.1255813552e+00 alpha_p32n=2.1255811918e+00 rz32q=4.5076860115e-02 rz32n=4.5076858718e-02 alpha_full_q=2.1255813551e+00 alpha_full_n=2.1255811258e+00
  residual=4.015e+03
iter=30 pAp_d=2.8325467332e-02 p8q=6.4000000000e+01 p8n=8.0000000000e+00 p8q_e2=2.7343750000e-02 p8n_e2=1.3671875000e-02 p16q=2.8396606445e-02 p16n=2.8030395508e-02 p16q_e2=2.8305053711e-02 p16n_e2=2.8137207031e-02 p32q=2.8325467603e-02 p32n=2.8325468302e-02 p64q=2.8325467332e-02 p64n=2.8325467332e-02 alpha_d=1.8723850358e+00 alpha_p32q=1.8723850178e+00 alpha_p32n=1.8723849716e+00 rz32q=5.3036181256e-02 rz32n=5.3036184050e-02 alpha_full_q=1.8723850211e+00 alpha_full_n=1.8723850736e+00
  residual=5.435e+03
iter=31 pAp_d=2.2597476383e-02 p8q=6.4000000000e+01 p8n=8.0000000000e+00 p8q_e2=3.9062500000e-02 p8n_e2=1.9531250000e-02 p16q=2.2552490234e-02 p16n=2.2094726562e-02 p16q_e2=2.2598266602e-02 p16n_e2=2.2415161133e-02 p32q=2.2597476374e-02 p32n=2.2597474512e-02 p64q=2.2597476383e-02 p64n=2.2597476383e-02 alpha_d=1.8319419424e+00 alpha_p32q=1.8319419431e+00 alpha_p32n=1.8319420941e+00 rz32q=4.1397264693e-02 rz32n=4.1397267021e-02 alpha_full_q=1.8319419393e+00 alpha_full_n=1.8319421934e+00
  residual=6.313e+03
iter=32 pAp_d=1.7196298644e-02 p8q=6.4000000000e+01 p8n=8.0000000000e+00 p8q_e2=1.3671875000e-02 p8n_e2=2.9296875000e-03 p16q=1.7242431641e-02 p16n=1.6799926758e-02 p16q_e2=1.7196655273e-02 p16n_e2=1.7074584961e-02 p32q=1.7196298810e-02 p32n=1.7196298344e-02 p64q=1.7196298644e-02 p64n=1.7196298644e-02 alpha_d=2.2300375604e+00 alpha_p32q=2.2300375389e+00 alpha_p32n=2.2300375993e+00 rz32q=3.8348391652e-02 rz32n=3.8348391186e-02 alpha_full_q=2.2300375259e+00 alpha_full_n=2.2300375592e+00
  residual=3.875e+03
iter=33 pAp_d=2.2752075203e-02 p8q=6.5000000000e+00 p8n=8.0000000000e+00 p8q_e2=3.9062500000e-02 p8n_e2=1.5625000000e-02 p16q=2.2644042969e-02 p16n=2.2415161133e-02 p16q_e2=2.2750854492e-02 p16n_e2=2.2552490234e-02 p32q=2.2752075223e-02 p32n=2.2752074990e-02 p64q=2.2752075203e-02 p64n=2.2752075203e-02 alpha_d=2.1228560281e+00 alpha_p32q=2.1228560262e+00 alpha_p32n=2.1228560479e+00 rz32q=4.8299380112e-02 rz32n=4.8299380112e-02 alpha_full_q=2.1228560313e+00 alpha_full_n=2.1228560530e+00
  residual=6.960e+03
iter=34 pAp_d=2.5861395327e-02 p8q=6.4000000000e+01 p8n=8.0000000000e+00 p8q_e2=2.7343750000e-02 p8n_e2=1.1718750000e-02 p16q=2.6077270508e-02 p16n=2.5756835938e-02 p16q_e2=2.5848388672e-02 p16n_e2=2.5543212891e-02 p32q=2.5861395290e-02 p32n=2.5861396221e-02 p64q=2.5861395327e-02 p64n=2.5861395327e-02 alpha_d=2.0767937463e+00 alpha_p32q=2.0767937493e+00 alpha_p32n=2.0767936745e+00 rz32q=5.3708784282e-02 rz32n=5.3708779160e-02 alpha_full_q=2.0767937569e+00 alpha_full_n=2.0767934840e+00
  residual=7.282e+03
iter=35 pAp_d=2.6996247058e-02 p8q=6.4000000000e+01 p8n=8.0000000000e+00 p8q_e2=3.1250000000e-02 p8n_e2=1.5625000000e-02 p16q=2.6901245117e-02 p16n=2.6550292969e-02 p16q_e2=2.7023315430e-02 p16n_e2=2.6718139648e-02 p32q=2.6996247238e-02 p32n=2.6996248635e-02 p64q=2.6996247058e-02 p64n=2.6996247058e-02 alpha_d=1.9317878208e+00 alpha_p32q=1.9317878079e+00 alpha_p32n=1.9317877079e+00 rz32q=5.2151021082e-02 rz32n=5.2151022013e-02 alpha_full_q=1.9317878008e+00 alpha_full_n=1.9317877354e+00
  residual=5.062e+03
iter=36 pAp_d=2.6324859881e-02 p8q=1.6000000000e+01 p8n=8.0000000000e+00 p8q_e2=1.9531250000e-02 p8n_e2=7.8125000000e-03 p16q=2.6275634766e-02 p16n=2.6092529297e-02 p16q_e2=2.6336669922e-02 p16n_e2=2.6245117188e-02 p32q=2.6324859587e-02 p32n=2.6324856561e-02 p64q=2.6324859881e-02 p64n=2.6324859881e-02 alpha_d=2.1052032643e+00 alpha_p32q=2.1052032877e+00 alpha_p32n=2.1052035298e+00 rz32q=5.5419181008e-02 rz32n=5.5419185665e-02 alpha_full_q=2.1052032898e+00 alpha_full_n=2.1052037088e+00
  residual=6.319e+03
iter=37 pAp_d=2.7896087022e-02 p8q=6.4000000000e+01 p8n=8.0000000000e+00 p8q_e2=1.3671875000e-02 p8n_e2=1.9531250000e-03 p16q=2.8015136719e-02 p16n=2.7709960938e-02 p16q_e2=2.7893066406e-02 p16n_e2=2.7587890625e-02 p32q=2.7896087151e-02 p32n=2.7896085754e-02 p64q=2.7896087022e-02 p64n=2.7896087022e-02 alpha_d=2.0765042945e+00 alpha_p32q=2.0765042849e+00 alpha_p32n=2.0765043889e+00 rz32q=5.7926344685e-02 rz32n=5.7926346548e-02 alpha_full_q=2.0765042915e+00 alpha_full_n=2.0765044623e+00
  residual=8.369e+03
iter=38 pAp_d=3.1036871427e-02 p8q=6.4000000000e+01 p8n=8.0000000000e+00 p8q_e2=1.5625000000e-02 p8n_e2=3.9062500000e-03 p16q=3.1097412109e-02 p16n=3.0715942383e-02 p16q_e2=3.1021118164e-02 p16n_e2=3.0593872070e-02 p32q=3.1036871253e-02 p32n=3.1036872650e-02 p64q=3.1036871427e-02 p64n=3.1036871427e-02 alpha_d=1.8080947405e+00 alpha_p32q=1.8080947507e+00 alpha_p32n=1.8080946693e+00 rz32q=5.6117604021e-02 rz32n=5.6117603090e-02 alpha_full_q=1.8080947517e+00 alpha_full_n=1.8080946403e+00
  residual=3.969e+03
iter=39 pAp_d=2.6832304719e-02 p8q=8.0000000000e+00 p8n=4.5000000000e+00 p8q_e2=1.1718750000e-02 p8n_e2=5.8593750000e-03 p16q=2.6779174805e-02 p16n=2.6367187500e-02 p16q_e2=2.6824951172e-02 p16n_e2=2.6580810547e-02 p32q=2.6832304895e-02 p32n=2.6832303498e-02 p64q=2.6832304719e-02 p64n=2.6832304719e-02 alpha_d=2.0710363572e+00 alpha_p32q=2.0710363436e+00 alpha_p32n=2.0710364515e+00 rz32q=5.5570678320e-02 rz32n=5.5570681114e-02 alpha_full_q=2.0710363324e+00 alpha_full_n=2.0710365444e+00
  residual=6.520e+03
iter=40 pAp_d=2.2878823061e-02 p8q=6.4000000000e+01 p8n=8.0000000000e+00 p8q_e2=5.4687500000e-02 p8n_e2=3.1250000000e-02 p16q=2.2979736328e-02 p16n=2.2460937500e-02 p16q_e2=2.2872924805e-02 p16n_e2=2.2506713867e-02 p32q=2.2878822871e-02 p32n=2.2878825432e-02 p64q=2.2878823061e-02 p64n=2.2878823061e-02 alpha_d=1.9099634257e+00 alpha_p32q=1.9099634416e+00 alpha_p32n=1.9099632277e+00 rz32q=4.3697715271e-02 rz32n=4.3697713874e-02 alpha_full_q=1.9099634417e+00 alpha_full_n=1.9099631668e+00
  residual=7.505e+03
iter=41 pAp_d=2.3584380723e-02 p8q=6.4000000000e+01 p8n=7.5000000000e+00 p8q_e2=4.6875000000e-02 p8n_e2=7.8125000000e-03 p16q=2.3651123047e-02 p16n=2.3193359375e-02 p16q_e2=2.3559570312e-02 p16n_e2=2.3239135742e-02 p32q=2.3584380979e-02 p32n=2.3584380513e-02 p64q=2.3584380723e-02 p64n=2.3584380723e-02 alpha_d=1.9884813961e+00 alpha_p32q=1.9884813746e+00 alpha_p32n=1.9884814139e+00 rz32q=4.6897102147e-02 rz32n=4.6897103079e-02 alpha_full_q=1.9884813678e+00 alpha_full_n=1.9884814466e+00
  residual=4.558e+03
iter=42 pAp_d=2.2729620658e-02 p8q=3.2000000000e+01 p8n=8.0000000000e+00 p8q_e2=4.6875000000e-02 p8n_e2=3.1250000000e-02 p16q=2.2735595703e-02 p16n=2.2323608398e-02 p16q_e2=2.2689819336e-02 p16n_e2=2.2506713867e-02 p32q=2.2729620570e-02 p32n=2.2729620105e-02 p64q=2.2729620658e-02 p64n=2.2729620658e-02 alpha_d=1.9968780447e+00 alpha_p32q=1.9968780524e+00 alpha_p32n=1.9968780933e+00 rz32q=4.5388280414e-02 rz32n=4.5388283208e-02 alpha_full_q=1.9968780505e+00 alpha_full_n=1.9968782144e+00
  residual=6.321e+03
iter=43 pAp_d=2.1523571736e-02 p8q=6.4000000000e+01 p8n=8.0000000000e+00 p8q_e2=5.4687500000e-02 p8n_e2=2.7343750000e-02 p16q=2.1514892578e-02 p16n=2.1392822266e-02 p16q_e2=2.1530151367e-02 p16n_e2=2.1270751953e-02 p32q=2.1523571340e-02 p32n=2.1523573203e-02 p64q=2.1523571736e-02 p64n=2.1523571736e-02 alpha_d=2.0540977353e+00 alpha_p32q=2.0540977731e+00 alpha_p32n=2.0540975953e+00 rz32q=4.4211519882e-02 rz32n=4.4211520348e-02 alpha_full_q=2.0540977695e+00 alpha_full_n=2.0540976134e+00
  residual=8.003e+03
iter=44 pAp_d=2.3149585373e-02 p8q=6.4000000000e+01 p8n=8.0000000000e+00 p8q_e2=2.7343750000e-02 p8n_e2=1.5625000000e-02 p16q=2.3284912109e-02 p16n=2.2842407227e-02 p16q_e2=2.3147583008e-02 p16n_e2=2.2949218750e-02 p32q=2.3149585584e-02 p32n=2.3149586981e-02 p64q=2.3149585373e-02 p64n=2.3149585373e-02 alpha_d=2.0530533524e+00 alpha_p32q=2.0530533336e+00 alpha_p32n=2.0530532097e+00 rz32q=4.7527333722e-02 rz32n=4.7527332790e-02 alpha_full_q=2.0530533278e+00 alpha_full_n=2.0530531637e+00
  residual=4.663e+03
iter=45 pAp_d=2.5411847255e-02 p8q=3.2000000000e+01 p8n=8.0000000000e+00 p8q_e2=2.3437500000e-02 p8n_e2=5.8593750000e-03 p16q=2.5421142578e-02 p16n=2.4993896484e-02 p16q_e2=2.5405883789e-02 p16n_e2=2.5146484375e-02 p32q=2.5411847048e-02 p32n=2.5411847979e-02 p64q=2.5411847255e-02 p64n=2.5411847255e-02 alpha_d=1.9348756840e+00 alpha_p32q=1.9348756998e+00 alpha_p32n=1.9348756289e+00 rz32q=4.9168765079e-02 rz32n=4.9168761820e-02 alpha_full_q=1.9348756896e+00 alpha_full_n=1.9348754904e+00
  residual=6.966e+03
iter=46 pAp_d=2.3521654985e-02 p8q=6.4000000000e+01 p8n=8.0000000000e+00 p8q_e2=3.1250000000e-02 p8n_e2=1.5625000000e-02 p16q=2.3529052734e-02 p16n=2.3315429688e-02 p16q_e2=2.3513793945e-02 p16n_e2=2.3300170898e-02 p32q=2.3521654774e-02 p32n=2.3521654075e-02 p64q=2.3521654985e-02 p64n=2.3521654985e-02 alpha_d=2.0218877864e+00 alpha_p32q=2.0218878046e+00 alpha_p32n=2.0218878646e+00 rz32q=4.7558146995e-02 rz32n=4.7558143735e-02 alpha_full_q=2.0218878073e+00 alpha_full_n=2.0218877288e+00
  residual=7.175e+03
iter=47 pAp_d=2.3278717695e-02 p8q=6.4000000000e+01 p8n=8.0000000000e+00 p8q_e2=3.9062500000e-02 p8n_e2=3.1250000000e-02 p16q=2.3330688477e-02 p16n=2.2811889648e-02 p16q_e2=2.3269653320e-02 p16n_e2=2.3040771484e-02 p32q=2.3278717417e-02 p32n=2.3278716952e-02 p64q=2.3278717695e-02 p64n=2.3278717695e-02 alpha_d=1.9071306278e+00 alpha_p32q=1.9071306506e+00 alpha_p32n=1.9071306887e+00 rz32q=4.4395555742e-02 rz32n=4.4395558070e-02 alpha_full_q=1.9071306613e+00 alpha_full_n=1.9071307995e+00
  residual=5.474e+03
iter=48 pAp_d=2.1705098444e-02 p8q=3.2000000000e+01 p8n=5.0000000000e+00 p8q_e2=3.1250000000e-02 p8n_e2=7.8125000000e-03 p16q=2.1774291992e-02 p16n=2.1606445312e-02 p16q_e2=2.1713256836e-02 p16n_e2=2.1484375000e-02 p32q=2.1705098916e-02 p32n=2.1705098217e-02 p64q=2.1705098444e-02 p64n=2.1705098444e-02 alpha_d=2.0734348329e+00 alpha_p32q=2.0734347878e+00 alpha_p32n=2.0734348546e+00 rz32q=4.5004107058e-02 rz32n=4.5004108455e-02 alpha_full_q=2.0734347829e+00 alpha_full_n=2.0734349140e+00
  residual=6.276e+03
iter=49 pAp_d=2.0882357585e-02 p8q=6.4000000000e+01 p8n=8.0000000000e+00 p8q_e2=3.9062500000e-02 p8n_e2=7.8125000000e-03 p16q=2.1057128906e-02 p16n=2.0645141602e-02 p16q_e2=2.0874023438e-02 p16n_e2=2.0690917969e-02 p32q=2.0882358076e-02 p32n=2.0882357843e-02 p64q=2.0882357585e-02 p64n=2.0882357585e-02 alpha_d=2.1054508199e+00 alpha_p32q=2.1054507704e+00 alpha_p32n=2.1054507939e+00 rz32q=4.3966777157e-02 rz32n=4.3966778088e-02 alpha_full_q=2.1054507828e+00 alpha_full_n=2.1054508508e+00
  residual=8.542e+03
iter=50 pAp_d=2.7779835831e-02 p8q=6.4000000000e+01 p8n=8.0000000000e+00 p8q_e2=1.5625000000e-02 p8n_e2=9.7656250000e-03 p16q=2.7832031250e-02 p16n=2.7587890625e-02 p16q_e2=2.7801513672e-02 p16n_e2=2.7450561523e-02 p32q=2.7779835742e-02 p32n=2.7779835276e-02 p64q=2.7779835831e-02 p64n=2.7779835831e-02 alpha_d=1.8808795926e+00 alpha_p32q=1.8808795986e+00 alpha_p32n=1.8808796301e+00 rz32q=5.2250526380e-02 rz32n=5.2250525448e-02 alpha_full_q=1.8808796015e+00 alpha_full_n=1.8808795995e+00
  residual=4.582e+03
iter=51 pAp_d=2.3439795634e-02 p8q=6.4000000000e+01 p8n=8.0000000000e+00 p8q_e2=3.1250000000e-02 p8n_e2=1.3671875000e-02 p16q=2.3544311523e-02 p16n=2.3239135742e-02 p16q_e2=2.3437500000e-02 p16n_e2=2.3239135742e-02 p32q=2.3439795477e-02 p32n=2.3439795477e-02 p64q=2.3439795634e-02 p64n=2.3439795634e-02 alpha_d=1.8577050697e+00 alpha_p32q=1.8577050822e+00 alpha_p32n=1.8577050822e+00 rz32q=4.3544227257e-02 rz32n=4.3544222601e-02 alpha_full_q=1.8577050853e+00 alpha_full_n=1.8577048867e+00
  residual=6.647e+03
iter=52 pAp_d=1.9869193775e-02 p8q=6.4000000000e+01 p8n=8.0000000000e+00 p8q_e2=2.7343750000e-02 p8n_e2=1.5625000000e-02 p16q=2.0019531250e-02 p16n=1.9714355469e-02 p16q_e2=1.9851684570e-02 p16n_e2=1.9607543945e-02 p32q=1.9869193900e-02 p32n=1.9869190874e-02 p64q=1.9869193775e-02 p64n=1.9869193775e-02 alpha_d=1.8465164058e+00 alpha_p32q=1.8465163942e+00 alpha_p32n=1.8465166755e+00 rz32q=3.6688792054e-02 rz32n=3.6688793451e-02 alpha_full_q=1.8465163830e+00 alpha_full_n=1.8465167346e+00
  residual=6.207e+03
iter=53 pAp_d=1.6138858502e-02 p8q=6.4000000000e+01 p8n=8.0000000000e+00 p8q_e2=2.7343750000e-02 p8n_e2=1.1718750000e-02 p16q=1.6174316406e-02 p16n=1.5686035156e-02 p16q_e2=1.6143798828e-02 p16n_e2=1.5899658203e-02 p32q=1.6138858628e-02 p32n=1.6138859326e-02 p64q=1.6138858502e-02 p64n=1.6138858502e-02 alpha_d=2.1953028704e+00 alpha_p32q=2.1953028534e+00 alpha_p32n=2.1953027584e+00 rz32q=3.5429682117e-02 rz32n=3.5429685377e-02 alpha_full_q=2.1953028361e+00 alpha_full_n=2.1953029431e+00
  residual=5.043e+03
iter=54 pAp_d=1.8431543731e-02 p8q=2.4000000000e+01 p8n=8.0000000000e+00 p8q_e2=2.7343750000e-02 p8n_e2=1.5625000000e-02 p16q=1.8447875977e-02 p16n=1.8249511719e-02 p16q_e2=1.8402099609e-02 p16n_e2=1.8310546875e-02 p32q=1.8431543605e-02 p32n=1.8431542208e-02 p64q=1.8431543731e-02 p64n=1.8431543731e-02 alpha_d=1.9473345067e+00 alpha_p32q=1.9473345200e+00 alpha_p32n=1.9473346676e+00 rz32q=3.5892380867e-02 rz32n=3.5892378539e-02 alpha_full_q=1.9473345063e+00 alpha_full_n=1.9473345276e+00
  residual=6.411e+03
iter=55 pAp_d=1.7076408738e-02 p8q=6.4000000000e+01 p8n=8.0000000000e+00 p8q_e2=3.1250000000e-02 p8n_e2=2.3437500000e-02 p16q=1.7211914062e-02 p16n=1.6860961914e-02 p16q_e2=1.7074584961e-02 p16n_e2=1.6845703125e-02 p32q=1.7076408956e-02 p32n=1.7076411750e-02 p64q=1.7076408738e-02 p64n=1.7076408738e-02 alpha_d=2.1274452499e+00 alpha_p32q=2.1274452227e+00 alpha_p32n=2.1274448746e+00 rz32q=3.6329124589e-02 rz32n=3.6329125986e-02 alpha_full_q=2.1274452188e+00 alpha_full_n=2.1274449525e+00
  residual=7.839e+03
iter=56 pAp_d=2.1737624275e-02 p8q=6.4000000000e+01 p8n=8.0000000000e+00 p8q_e2=3.1250000000e-02 p8n_e2=1.5625000000e-02 p16q=2.1759033203e-02 p16n=2.1362304688e-02 p16q_e2=2.1759033203e-02 p16n_e2=2.1545410156e-02 p32q=2.1737624425e-02 p32n=2.1737625822e-02 p64q=2.1737624275e-02 p64n=2.1737624275e-02 alpha_d=1.8804353260e+00 alpha_p32q=1.8804353130e+00 alpha_p32n=1.8804351922e+00 rz32q=4.0876196697e-02 rz32n=4.0876198094e-02 alpha_full_q=1.8804353179e+00 alpha_full_n=1.8804352613e+00
  residual=4.407e+03
iter=57 pAp_d=1.8389692473e-02 p8q=6.4000000000e+01 p8n=8.0000000000e+00 p8q_e2=3.1250000000e-02 p8n_e2=7.8125000000e-03 p16q=1.8478393555e-02 p16n=1.8188476562e-02 p16q_e2=1.8386840820e-02 p16n_e2=1.8264770508e-02 p32q=1.8389692530e-02 p32n=1.8389691599e-02 p64q=1.8389692473e-02 p64n=1.8389692473e-02 alpha_d=1.8712601280e+00 alpha_p32q=1.8712601221e+00 alpha_p32n=1.8712602169e+00 rz32q=3.4411898348e-02 rz32n=3.4411895089e-02 alpha_full_q=1.8712601253e+00 alpha_full_n=1.8712600428e+00
  residual=6.237e+03
iter=58 pAp_d=1.5200787387e-02 p8q=6.4000000000e+01 p8n=8.0000000000e+00 p8q_e2=3.1250000000e-02 p8n_e2=1.1718750000e-02 p16q=1.5243530273e-02 p16n=1.4968872070e-02 p16q_e2=1.5182495117e-02 p16n_e2=1.5075683594e-02 p32q=1.5200787340e-02 p32n=1.5200787806e-02 p64q=1.5200787387e-02 p64n=1.5200787387e-02 alpha_d=2.2934774426e+00 alpha_p32q=2.2934774497e+00 alpha_p32n=2.2934773795e+00 rz32q=3.4862663131e-02 rz32n=3.4862660803e-02 alpha_full_q=2.2934774595e+00 alpha_full_n=2.2934772360e+00
  residual=6.721e+03
iter=59 pAp_d=2.1027541271e-02 p8q=6.4000000000e+01 p8n=8.0000000000e+00 p8q_e2=3.9062500000e-02 p8n_e2=9.7656250000e-03 p16q=2.1057128906e-02 p16n=2.0782470703e-02 p16q_e2=2.1026611328e-02 p16n_e2=2.0935058594e-02 p32q=2.1027541487e-02 p32n=2.1027542418e-02 p64q=2.1027541271e-02 p64n=2.1027541271e-02 alpha_d=1.8056470815e+00 alpha_p32q=1.8056470629e+00 alpha_p32n=1.8056469829e+00 rz32q=3.7968318444e-02 rz32n=3.7968320772e-02 alpha_full_q=1.8056470590e+00 alpha_full_n=1.8056470898e+00
  residual=5.170e+03
iter=60 pAp_d=1.7895922554e-02 p8q=6.4000000000e+01 p8n=7.0000000000e+00 p8q_e2=2.3437500000e-02 p8n_e2=7.8125000000e-03 p16q=1.7944335938e-02 p16n=1.7684936523e-02 p16q_e2=1.7883300781e-02 p16n_e2=1.7669677734e-02 p32q=1.7895922298e-02 p32n=1.7895922065e-02 p64q=1.7895922554e-02 p64n=1.7895922554e-02 alpha_d=1.8919942432e+00 alpha_p32q=1.8919942703e+00 alpha_p32n=1.8919942949e+00 rz32q=3.3858982380e-02 rz32n=3.3858982380e-02 alpha_full_q=1.8919942665e+00 alpha_full_n=1.8919942911e+00
  residual=5.558e+03
iter=61 pAp_d=1.4658901657e-02 p8q=6.4000000000e+01 p8n=8.0000000000e+00 p8q_e2=9.7656250000e-03 p8n_e2=1.9531250000e-03 p16q=1.4709472656e-02 p16n=1.4495849609e-02 p16q_e2=1.4656066895e-02 p16n_e2=1.4549255371e-02 p32q=1.4658901375e-02 p32n=1.4658901258e-02 p64q=1.4658901657e-02 p64n=1.4658901657e-02 alpha_d=1.8910082418e+00 alpha_p32q=1.8910082781e+00 alpha_p32n=1.8910082931e+00 rz32q=2.7720103739e-02 rz32n=2.7720102575e-02 alpha_full_q=1.8910082707e+00 alpha_full_n=1.8910082063e+00
  residual=6.439e+03
iter=62 pAp_d=1.2759912836e-02 p8q=6.4000000000e+01 p8n=8.0000000000e+00 p8q_e2=9.7656250000e-03 p8n_e2=9.7656250000e-04 p16q=1.2786865234e-02 p16n=1.2435913086e-02 p16q_e2=1.2756347656e-02 p16n_e2=1.2641906738e-02 p32q=1.2759912992e-02 p32n=1.2759912759e-02 p64q=1.2759912836e-02 p64n=1.2759912836e-02 alpha_d=1.9855956963e+00 alpha_p32q=1.9855956720e+00 alpha_p32n=1.9855957083e+00 rz32q=2.5336027844e-02 rz32n=2.5336027611e-02 alpha_full_q=1.9855956588e+00 alpha_full_n=1.9855956768e+00
  residual=3.876e+03
iter=63 pAp_d=1.3277496988e-02 p8q=3.2000000000e+01 p8n=8.0000000000e+00 p8q_e2=7.8125000000e-03 p8n_e2=9.7656250000e-04 p16q=1.3305664062e-02 p16n=1.3061523438e-02 p16q_e2=1.3275146484e-02 p16n_e2=1.3153076172e-02 p32q=1.3277497026e-02 p32n=1.3277497957e-02 p64q=1.3277496988e-02 p64n=1.3277496988e-02 alpha_d=2.0662507938e+00 alpha_p32q=2.0662507879e+00 alpha_p32n=2.0662506430e+00 rz32q=2.7434638701e-02 rz32n=2.7434638469e-02 alpha_full_q=2.0662507886e+00 alpha_full_n=2.0662506262e+00
  residual=5.718e+03
iter=64 pAp_d=1.3710052007e-02 p8q=6.4000000000e+01 p8n=8.0000000000e+00 p8q_e2=9.7656250000e-03 p8n_e2=9.7656250000e-04 p16q=1.3793945312e-02 p16n=1.3519287109e-02 p16q_e2=1.3710021973e-02 p16n_e2=1.3519287109e-02 p32q=1.3710052241e-02 p32n=1.3710051076e-02 p64q=1.3710052007e-02 p64n=1.3710052007e-02 alpha_d=1.8126752003e+00 alpha_p32q=1.8126751694e+00 alpha_p32n=1.8126753233e+00 rz32q=2.4851871189e-02 rz32n=2.4851869559e-02 alpha_full_q=1.8126751636e+00 alpha_full_n=1.8126751987e+00
  residual=5.416e+03
iter=65 pAp_d=1.1180089642e-02 p8q=6.4000000000e+01 p8n=8.0000000000e+00 p8q_e2=9.7656250000e-03 p8n_e2=1.9531250000e-03 p16q=1.1215209961e-02 p16n=1.0879516602e-02 p16q_e2=1.1192321777e-02 p16n_e2=1.1070251465e-02 p32q=1.1180089787e-02 p32n=1.1180091067e-02 p64q=1.1180089642e-02 p64n=1.1180089642e-02 alpha_d=2.0138752271e+00 alpha_p32q=2.0138752010e+00 alpha_p32n=2.0138749703e+00 rz32q=2.2515305551e-02 rz32n=2.2515306016e-02 alpha_full_q=2.0138751996e+00 alpha_full_n=2.0138750106e+00
  residual=4.106e+03
iter=66 pAp_d=1.1304759622e-02 p8q=3.2000000000e+01 p8n=8.0000000000e+00 p8q_e2=5.8593750000e-03 p8n_e2=9.7656250000e-04 p16q=1.1291503906e-02 p16n=1.1138916016e-02 p16q_e2=1.1306762695e-02 p16n_e2=1.1177062988e-02 p32q=1.1304759886e-02 p32n=1.1304759420e-02 p64q=1.1304759622e-02 p64n=1.1304759622e-02 alpha_d=2.2199939410e+00 alpha_p32q=2.2199938891e+00 alpha_p32n=2.2199939806e+00 rz32q=2.5096497964e-02 rz32n=2.5096499594e-02 alpha_full_q=2.2199938979e+00 alpha_full_n=2.2199941335e+00
  residual=5.247e+03
iter=67 pAp_d=1.3560543883e-02 p8q=6.4000000000e+01 p8n=8.0000000000e+00 p8q_e2=1.1718750000e-02 p8n_e2=1.9531250000e-03 p16q=1.3641357422e-02 p16n=1.3259887695e-02 p16q_e2=1.3565063477e-02 p16n_e2=1.3397216797e-02 p32q=1.3560544117e-02 p32n=1.3560543186e-02 p64q=1.3560543883e-02 p64n=1.3560543883e-02 alpha_d=2.0308838733e+00 alpha_p32q=2.0308838382e+00 alpha_p32n=2.0308839777e+00 rz32q=2.7539889794e-02 rz32n=2.7539890725e-02 alpha_full_q=2.0308838315e+00 alpha_full_n=2.0308840396e+00
  residual=6.769e+03
iter=68 pAp_d=1.4249178055e-02 p8q=6.4000000000e+01 p8n=8.0000000000e+00 p8q_e2=1.9531250000e-02 p8n_e2=9.7656250000e-03 p16q=1.4251708984e-02 p16n=1.3992309570e-02 p16q_e2=1.4244079590e-02 p16n_e2=1.4137268066e-02 p32q=1.4249177882e-02 p32n=1.4249180211e-02 p64q=1.4249178055e-02 p64n=1.4249178055e-02 alpha_d=2.0539991208e+00 alpha_p32q=2.0539991457e+00 alpha_p32n=2.0539988100e+00 rz32q=2.9267799109e-02 rz32n=2.9267796082e-02 alpha_full_q=2.0539991395e+00 alpha_full_n=2.0539985915e+00
  residual=4.556e+03
iter=69 pAp_d=1.4650949221e-02 p8q=3.2000000000e+01 p8n=7.0000000000e+00 p8q_e2=1.5625000000e-02 p8n_e2=2.9296875000e-03 p16q=1.4663696289e-02 p16n=1.4297485352e-02 p16q_e2=1.4640808105e-02 p16n_e2=1.4541625977e-02 p32q=1.4650949277e-02 p32n=1.4650950441e-02 p64q=1.4650949221e-02 p64n=1.4650949221e-02 alpha_d=2.0673610026e+00 alpha_p32q=2.0673609947e+00 alpha_p32n=2.0673608304e+00 rz32q=3.0288801063e-02 rz32n=3.0288800364e-02 alpha_full_q=2.0673609942e+00 alpha_full_n=2.0673607822e+00
  residual=6.222e+03
iter=70 pAp_d=1.7019251376e-02 p8q=6.4000000000e+01 p8n=8.0000000000e+00 p8q_e2=3.1250000000e-02 p8n_e2=1.5625000000e-02 p16q=1.7181396484e-02 p16n=1.6845703125e-02 p16q_e2=1.7028808594e-02 p16n_e2=1.6845703125e-02 p32q=1.7019251361e-02 p32n=1.7019251129e-02 p64q=1.7019251376e-02 p64n=1.7019251376e-02 alpha_d=1.8317928085e+00 alpha_p32q=1.8317928101e+00 alpha_p32n=1.8317928351e+00 rz32q=3.1175742391e-02 rz32n=3.1175740995e-02 alpha_full_q=1.8317928168e+00 alpha_full_n=1.8317927598e+00
  residual=6.287e+03
iter=71 pAp_d=1.4150263101e-02 p8q=6.4000000000e+01 p8n=8.0000000000e+00 p8q_e2=1.1718750000e-02 p8n_e2=1.9531250000e-03 p16q=1.4205932617e-02 p16n=1.3839721680e-02 p16q_e2=1.4152526855e-02 p16n_e2=1.3969421387e-02 p32q=1.4150263276e-02 p32n=1.4150263392e-02 p64q=1.4150263101e-02 p64n=1.4150263101e-02 alpha_d=1.8299421685e+00 alpha_p32q=1.8299421459e+00 alpha_p32n=1.8299421308e+00 rz32q=2.5894163176e-02 rz32n=2.5894162478e-02 alpha_full_q=1.8299421482e+00 alpha_full_n=1.8299420838e+00
  residual=4.012e+03
iter=72 pAp_d=1.1506074573e-02 p8q=6.4000000000e+01 p8n=8.0000000000e+00 p8q_e2=6.8359375000e-03 p8n_e2=9.7656250000e-04 p16q=1.1489868164e-02 p16n=1.1199951172e-02 p16q_e2=1.1505126953e-02 p16n_e2=1.1413574219e-02 p32q=1.1506074574e-02 p32n=1.1506076902e-02 p64q=1.1506074573e-02 p64n=1.1506074573e-02 alpha_d=1.9941207547e+00 alpha_p32q=1.9941207545e+00 alpha_p32n=1.9941203510e+00 rz32q=2.2944502067e-02 rz32n=2.2944502067e-02 alpha_full_q=1.9941207507e+00 alpha_full_n=1.9941203472e+00
  residual=4.744e+03
iter=73 pAp_d=1.0773721867e-02 p8q=6.4000000000e+01 p8n=8.0000000000e+00 p8q_e2=9.7656250000e-03 p8n_e2=7.8125000000e-03 p16q=1.0848999023e-02 p16n=1.0589599609e-02 p16q_e2=1.0765075684e-02 p16n_e2=1.0635375977e-02 p32q=1.0773721850e-02 p32n=1.0773722548e-02 p64q=1.0773721867e-02 p64n=1.0773721867e-02 alpha_d=2.1416309611e+00 alpha_p32q=2.1416309646e+00 alpha_p32n=2.1416308257e+00 rz32q=2.3073336342e-02 rz32n=2.3073334713e-02 alpha_full_q=2.1416309670e+00 alpha_full_n=2.1416306768e+00
  residual=6.313e+03
iter=74 pAp_d=1.2536036833e-02 p8q=6.4000000000e+01 p8n=8.0000000000e+00 p8q_e2=9.7656250000e-03 p8n_e2=9.7656250000e-04 p16q=1.2588500977e-02 p16n=1.2359619141e-02 p16q_e2=1.2542724609e-02 p16n_e2=1.2413024902e-02 p32q=1.2536036782e-02 p32n=1.2536036316e-02 p64q=1.2536036833e-02 p64n=1.2536036833e-02 alpha_d=1.9708279009e+00 alpha_p32q=1.9708279090e+00 alpha_p32n=1.9708279822e+00 rz32q=2.4706371129e-02 rz32n=2.4706370197e-02 alpha_full_q=1.9708279066e+00 alpha_full_n=1.9708279056e+00
  residual=4.225e+03
iter=75 pAp_d=1.2270897746e-02 p8q=3.2000000000e+01 p8n=8.0000000000e+00 p8q_e2=7.8125000000e-03 p8n_e2=1.9531250000e-03 p16q=1.2329101562e-02 p16n=1.2100219727e-02 p16q_e2=1.2275695801e-02 p16n_e2=1.2153625488e-02 p32q=1.2270897743e-02 p32n=1.2270897743e-02 p64q=1.2270897746e-02 p64n=1.2270897746e-02 alpha_d=2.0560078659e+00 alpha_p32q=2.0560078664e+00 alpha_p32n=2.0560078664e+00 rz32q=2.5229062187e-02 rz32n=2.5229064049e-02 alpha_full_q=2.0560078581e+00 alpha_full_n=2.0560080099e+00
  residual=5.834e+03
iter=76 pAp_d=1.3608138649e-02 p8q=6.4000000000e+01 p8n=8.0000000000e+00 p8q_e2=1.3671875000e-02 p8n_e2=1.9531250000e-03 p16q=1.3687133789e-02 p16n=1.3381958008e-02 p16q_e2=1.3603210449e-02 p16n_e2=1.3481140137e-02 p32q=1.3608138775e-02 p32n=1.3608138310e-02 p64q=1.3608138649e-02 p64n=1.3608138649e-02 alpha_d=1.9232735924e+00 alpha_p32q=1.9232735746e+00 alpha_p32n=1.9232736404e+00 rz32q=2.6172173675e-02 rz32n=2.6172173442e-02 alpha_full_q=1.9232735723e+00 alpha_full_n=1.9232736210e+00
  residual=5.628e+03
iter=77 pAp_d=1.1648033774e-02 p8q=6.4000000000e+01 p8n=8.0000000000e+00 p8q_e2=7.8125000000e-03 p8n_e2=1.4648437500e-03 p16q=1.1642456055e-02 p16n=1.1428833008e-02 p16q_e2=1.1657714844e-02 p16n_e2=1.1535644531e-02 p32q=1.1648033629e-02 p32n=1.1648033513e-02 p64q=1.1648033774e-02 p64n=1.1648033774e-02 alpha_d=2.0849028997e+00 alpha_p32q=2.0849029257e+00 alpha_p32n=2.0849029465e+00 rz32q=2.4285019375e-02 rz32n=2.4285018677e-02 alpha_full_q=2.0849029243e+00 alpha_full_n=2.0849028851e+00
  residual=4.379e+03
iter=78 pAp_d=1.2795298423e-02 p8q=3.2000000000e+01 p8n=8.0000000000e+00 p8q_e2=9.7656250000e-03 p8n_e2=1.9531250000e-03 p16q=1.2786865234e-02 p16n=1.2603759766e-02 p16q_e2=1.2786865234e-02 p16n_e2=1.2649536133e-02 p32q=1.2795298244e-02 p32n=1.2795298593e-02 p64q=1.2795298423e-02 p64n=1.2795298423e-02 alpha_d=1.9591246946e+00 alpha_p32q=1.9591247221e+00 alpha_p32n=1.9591246686e+00 rz32q=2.5067585055e-02 rz32n=2.5067586219e-02 alpha_full_q=1.9591247173e+00 alpha_full_n=1.9591247548e+00
  residual=5.281e+03
iter=79 pAp_d=1.2462196205e-02 p8q=6.4000000000e+01 p8n=8.0000000000e+00 p8q_e2=1.1718750000e-02 p8n_e2=1.9531250000e-03 p16q=1.2527465820e-02 p16n=1.2207031250e-02 p16q_e2=1.2466430664e-02 p16n_e2=1.2413024902e-02 p32q=1.2462196057e-02 p32n=1.2462194427e-02 p64q=1.2462196205e-02 p64n=1.2462196205e-02 alpha_d=2.0336247753e+00 alpha_p32q=2.0336247994e+00 alpha_p32n=2.0336250654e+00 rz32q=2.5343430927e-02 rz32n=2.5343433022e-02 alpha_full_q=2.0336247971e+00 alpha_full_n=2.0336252312e+00
  residual=5.813e+03
iter=80 pAp_d=1.4284422062e-02 p8q=6.4000000000e+01 p8n=8.0000000000e+00 p8q_e2=1.3671875000e-02 p8n_e2=3.9062500000e-03 p16q=1.4358520508e-02 p16n=1.3916015625e-02 p16q_e2=1.4282226562e-02 p16n_e2=1.4144897461e-02 p32q=1.4284422272e-02 p32n=1.4284422621e-02 p64q=1.4284422062e-02 p64n=1.4284422062e-02 alpha_d=1.7722747212e+00 alpha_p32q=1.7722746952e+00 alpha_p32n=1.7722746519e+00 rz32q=2.5315920124e-02 rz32n=2.5315920822e-02 alpha_full_q=1.7722746949e+00 alpha_full_n=1.7722747005e+00
  residual=4.069e+03
iter=81 pAp_d=1.0924295396e-02 p8q=6.4000000000e+01 p8n=8.0000000000e+00 p8q_e2=7.8125000000e-03 p8n_e2=9.7656250000e-04 p16q=1.0940551758e-02 p16n=1.0696411133e-02 p16q_e2=1.0917663574e-02 p16n_e2=1.0848999023e-02 p32q=1.0924295289e-02 p32n=1.0924296221e-02 p64q=1.0924295396e-02 p64n=1.0924295396e-02 alpha_d=1.9985234955e+00 alpha_p32q=1.9985235151e+00 alpha_p32n=1.9985233447e+00 rz32q=2.1832461003e-02 rz32n=2.1832461469e-02 alpha_full_q=1.9985235134e+00 alpha_full_n=1.9985233856e+00
  residual=4.759e+03
iter=82 pAp_d=1.0118205503e-02 p8q=6.4000000000e+01 p8n=8.0000000000e+00 p8q_e2=9.7656250000e-03 p8n_e2=9.7656250000e-04 p16q=1.0147094727e-02 p16n=9.8571777344e-03 p16q_e2=1.0116577148e-02 p16n_e2=1.0017395020e-02 p32q=1.0118205682e-02 p32n=1.0118206963e-02 p64q=1.0118205503e-02 p64n=1.0118205503e-02 alpha_d=2.0073457823e+00 alpha_p32q=2.0073457467e+00 alpha_p32n=2.0073454926e+00 rz32q=2.0310737193e-02 rz32n=2.0310736028e-02 alpha_full_q=2.0073457518e+00 alpha_full_n=2.0073453827e+00
  residual=5.679e+03
iter=83 pAp_d=9.5733660577e-03 p8q=6.4000000000e+01 p8n=8.0000000000e+00 p8q_e2=7.8125000000e-03 p8n_e2=1.4648437500e-03 p16q=9.5825195312e-03 p16n=9.3383789062e-03 p16q_e2=9.5596313477e-03 p16n_e2=9.4757080078e-03 p32q=9.5733659109e-03 p32n=9.5733654452e-03 p64q=9.5733660577e-03 p64n=9.5733660577e-03 alpha_d=1.9776867951e+00 alpha_p32q=1.9776868254e+00 alpha_p32n=1.9776869216e+00 rz32q=1.8933119718e-02 rz32n=1.8933120649e-02 alpha_full_q=1.9776868339e+00 alpha_full_n=1.9776870274e+00
  residual=4.131e+03
iter=84 pAp_d=9.8728168615e-03 p8q=2.4000000000e+01 p8n=7.5000000000e+00 p8q_e2=6.8359375000e-03 p8n_e2=9.7656250000e-04 p16q=9.9182128906e-03 p16n=9.7198486328e-03 p16q_e2=9.8724365234e-03 p16n_e2=9.8190307617e-03 p32q=9.8728169687e-03 p32n=9.8728184821e-03 p64q=9.8728168615e-03 p64n=9.8728168615e-03 alpha_d=2.0318136279e+00 alpha_p32q=2.0318136059e+00 alpha_p32n=2.0318132944e+00 rz32q=2.0059723873e-02 rz32n=2.0059724338e-02 alpha_full_q=2.0318136086e+00 alpha_full_n=2.0318133444e+00
  residual=4.492e+03
iter=85 pAp_d=1.0276872307e-02 p8q=6.4000000000e+01 p8n=8.0000000000e+00 p8q_e2=7.8125000000e-03 p8n_e2=1.9531250000e-03 p16q=1.0330200195e-02 p16n=1.0040283203e-02 p16q_e2=1.0261535645e-02 p16n_e2=1.0116577148e-02 p32q=1.0276872199e-02 p32n=1.0276871850e-02 p64q=1.0276872307e-02 p64n=1.0276872307e-02 alpha_d=1.9050733532e+00 alpha_p32q=1.9050733732e+00 alpha_p32n=1.9050734380e+00 rz32q=1.9578195643e-02 rz32n=1.9578198204e-02 alpha_full_q=1.9050733787e+00 alpha_full_n=1.9050736927e+00
  residual=5.294e+03
iter=86 pAp_d=9.2245507662e-03 p8q=6.4000000000e+01 p8n=8.0000000000e+00 p8q_e2=7.8125000000e-03 p8n_e2=1.9531250000e-03 p16q=9.2315673828e-03 p16n=8.9569091797e-03 p16q_e2=9.2315673828e-03 p16n_e2=9.1018676758e-03 p32q=9.2245506821e-03 p32n=9.2245504493e-03 p64q=9.2245507662e-03 p64n=9.2245507662e-03 alpha_d=1.9683759566e+00 alpha_p32q=1.9683759746e+00 alpha_p32n=1.9683760243e+00 rz32q=1.8157383893e-02 rz32n=1.8157383194e-02 alpha_full_q=1.9683759696e+00 alpha_full_n=1.9683759435e+00
  residual=3.523e+03
iter=87 pAp_d=8.1063799527e-03 p8q=2.4000000000e+01 p8n=7.5000000000e+00 p8q_e2=5.8593750000e-03 p8n_e2=9.7656250000e-04 p16q=8.0871582031e-03 p16n=7.8735351562e-03 p16q_e2=8.1024169922e-03 p16n_e2=8.0795288086e-03 p32q=8.1063800026e-03 p32n=8.1063793041e-03 p64q=8.1063799527e-03 p64n=8.1063799527e-03 alpha_d=2.1635212735e+00 alpha_p32q=2.1635212602e+00 alpha_p32n=2.1635214466e+00 rz32q=1.7538325395e-02 rz32n=1.7538324697e-02 alpha_full_q=2.1635212499e+00 alpha_full_n=2.1635213502e+00
  residual=5.234e+03
iter=88 pAp_d=9.6975372683e-03 p8q=6.4000000000e+01 p8n=8.0000000000e+00 p8q_e2=9.7656250000e-03 p8n_e2=1.9531250000e-03 p16q=9.7656250000e-03 p16n=9.5520019531e-03 p16q_e2=9.6969604492e-03 p16n_e2=9.5901489258e-03 p32q=9.6975371707e-03 p32n=9.6975367051e-03 p64q=9.6975372683e-03 p64n=9.6975372683e-03 alpha_d=2.0825110424e+00 alpha_p32q=2.0825110633e+00 alpha_p32n=2.0825111633e+00 rz32q=2.0195228513e-02 rz32n=2.0195225952e-02 alpha_full_q=2.0825110704e+00 alpha_full_n=2.0825109063e+00
  residual=5.218e+03
iter=89 pAp_d=1.0999324752e-02 p8q=6.4000000000e+01 p8n=8.0000000000e+00 p8q_e2=7.8125000000e-03 p8n_e2=9.7656250000e-04 p16q=1.1016845703e-02 p16n=1.0787963867e-02 p16q_e2=1.0993957520e-02 p16n_e2=1.0871887207e-02 p32q=1.0999324848e-02 p32n=1.0999324499e-02 p64q=1.0999324752e-02 p64n=1.0999324752e-02 alpha_d=1.8547870005e+00 alpha_p32q=1.8547869844e+00 alpha_p32n=1.8547870433e+00 rz32q=2.0401404472e-02 rz32n=2.0401401678e-02 alpha_full_q=1.8547869759e+00 alpha_full_n=1.8547867808e+00
  residual=4.086e+03
iter=90 pAp_d=9.6064825785e-03 p8q=6.4000000000e+01 p8n=8.0000000000e+00 p8q_e2=7.8125000000e-03 p8n_e2=1.9531250000e-03 p16q=9.5977783203e-03 p16n=9.4299316406e-03 p16q_e2=9.6054077148e-03 p16n_e2=9.5291137695e-03 p32q=9.6064824611e-03 p32n=9.6064826939e-03 p64q=9.6064825785e-03 p64n=9.6064825785e-03 alpha_d=1.8972193160e+00 alpha_p32q=1.8972193392e+00 alpha_p32n=1.8972192932e+00 rz32q=1.8225604435e-02 rz32n=1.8225605134e-02 alpha_full_q=1.8972193526e+00 alpha_full_n=1.8972193793e+00
  residual=4.699e+03
iter=91 pAp_d=7.9577664448e-03 p8q=6.4000000000e+01 p8n=8.0000000000e+00 p8q_e2=9.7656250000e-03 p8n_e2=9.7656250000e-04 p16q=7.9956054688e-03 p16n=7.7438354492e-03 p16q_e2=7.9498291016e-03 p16n_e2=7.8201293945e-03 p32q=7.9577665310e-03 p32n=7.9577662982e-03 p64q=7.9577664448e-03 p64n=7.9577664448e-03 alpha_d=2.0102646949e+00 alpha_p32q=2.0102646731e+00 alpha_p32n=2.0102647320e+00 rz32q=1.5997216804e-02 rz32n=1.5997215407e-02 alpha_full_q=2.0102646567e+00 alpha_full_n=2.0102645400e+00
  residual=5.563e+03
iter=92 pAp_d=8.9003151644e-03 p8q=6.4000000000e+01 p8n=5.5000000000e+00 p8q_e2=7.8125000000e-03 p8n_e2=9.7656250000e-04 p16q=8.9263916016e-03 p16n=8.6517333984e-03 p16q_e2=8.8958740234e-03 p16n_e2=8.7966918945e-03 p32q=8.9003152680e-03 p32n=8.9003150351e-03 p64q=8.9003151644e-03 p64n=8.9003151644e-03 alpha_d=1.8358409116e+00 alpha_p32q=1.8358408903e+00 alpha_p32n=1.8358409383e+00 rz32q=1.6339562600e-02 rz32n=1.6339563997e-02 alpha_full_q=1.8358408785e+00 alpha_full_n=1.8358410835e+00
  residual=3.013e+03
iter=93 pAp_d=7.0695512616e-03 p8q=6.4000000000e+01 p8n=8.0000000000e+00 p8q_e2=9.7656250000e-03 p8n_e2=9.7656250000e-04 p16q=7.1029663086e-03 p16n=6.8893432617e-03 p16q_e2=7.0648193359e-03 p16n_e2=7.0114135742e-03 p32q=7.0695512695e-03 p32n=7.0695501636e-03 p64q=7.0695512616e-03 p64n=7.0695512616e-03 alpha_d=1.8955825061e+00 alpha_p32q=1.8955825039e+00 alpha_p32n=1.8955828005e+00 rz32q=1.3400917640e-02 rz32n=1.3400916243e-02 alpha_full_q=1.8955824958e+00 alpha_full_n=1.8955825948e+00
  residual=4.012e+03
iter=94 pAp_d=5.8904236612e-03 p8q=6.4000000000e+01 p8n=5.0000000000e+00 p8q_e2=1.1718750000e-02 p8n_e2=7.8125000000e-03 p16q=5.9127807617e-03 p16n=5.7449340820e-03 p16q_e2=5.8898925781e-03 p16n_e2=5.8097839355e-03 p32q=5.8904236648e-03 p32n=5.8904234902e-03 p64q=5.8904236612e-03 p64n=5.8904236612e-03 alpha_d=2.1209508901e+00 alpha_p32q=2.1209508888e+00 alpha_p32n=2.1209509517e+00 rz32q=1.2493299320e-02 rz32n=1.2493299902e-02 alpha_full_q=2.1209508910e+00 alpha_full_n=2.1209510527e+00
  residual=4.826e+03
iter=95 pAp_d=7.7242053738e-03 p8q=6.4000000000e+01 p8n=8.0000000000e+00 p8q_e2=7.8125000000e-03 p8n_e2=9.7656250000e-04 p16q=7.7133178711e-03 p16n=7.6141357422e-03 p16q_e2=7.7209472656e-03 p16n_e2=7.6522827148e-03 p32q=7.7242053812e-03 p32n=7.7242042171e-03 p64q=7.7242053738e-03 p64n=7.7242053738e-03 alpha_d=1.9838763330e+00 alpha_p32q=1.9838763311e+00 alpha_p32n=1.9838766301e+00 rz32q=1.5323868254e-02 rz32n=1.5323868371e-02 alpha_full_q=1.9838763339e+00 alpha_full_n=1.9838766480e+00
  residual=3.568e+03
iter=96 pAp_d=7.1678740288e-03 p8q=1.6000000000e+01 p8n=6.0000000000e+00 p8q_e2=7.8125000000e-03 p8n_e2=3.9062500000e-03 p16q=7.1716308594e-03 p16n=7.0266723633e-03 p16q_e2=7.1716308594e-03 p16n_e2=7.1296691895e-03 p32q=7.1678740787e-03 p32n=7.1678739041e-03 p64q=7.1678740288e-03 p64n=7.1678740288e-03 alpha_d=1.8987026881e+00 alpha_p32q=1.8987026749e+00 alpha_p32n=1.8987027211e+00 rz32q=1.3609661604e-02 rz32n=1.3609661604e-02 alpha_full_q=1.8987026634e+00 alpha_full_n=1.8987027097e+00
  residual=3.895e+03
iter=97 pAp_d=6.1768017517e-03 p8q=6.4000000000e+01 p8n=8.0000000000e+00 p8q_e2=1.1718750000e-02 p8n_e2=5.8593750000e-03 p16q=6.2179565430e-03 p16n=6.0195922852e-03 p16q_e2=6.1721801758e-03 p16n_e2=6.0615539551e-03 p32q=6.1768016894e-03 p32n=6.1768021551e-03 p64q=6.1768017517e-03 p64n=6.1768017517e-03 alpha_d=1.7900031043e+00 alpha_p32q=1.7900031224e+00 alpha_p32n=1.7900029874e+00 rz32q=1.1056494317e-02 rz32n=1.1056493619e-02 alpha_full_q=1.7900031234e+00 alpha_full_n=1.7900028754e+00
  residual=4.158e+03
iter=98 pAp_d=4.4859356328e-03 p8q=6.4000000000e+01 p8n=7.0000000000e+00 p8q_e2=5.8593750000e-03 p8n_e2=2.4414062500e-04 p16q=4.4937133789e-03 p16n=4.3182373047e-03 p16q_e2=4.4860839844e-03 p16n_e2=4.3907165527e-03 p32q=4.4859356713e-03 p32n=4.4859353802e-03 p64q=4.4859356328e-03 p64n=4.4859356328e-03 alpha_d=2.1530921544e+00 alpha_p32q=2.1530921360e+00 alpha_p32n=2.1530922756e+00 rz32q=9.6586328000e-03 rz32n=9.6586328000e-03 alpha_full_q=2.1530921323e+00 alpha_full_n=2.1530922720e+00
  residual=3.185e+03
iter=99 pAp_d=5.1871975631e-03 p8q=6.4000000000e+01 p8n=8.0000000000e+00 p8q_e2=9.7656250000e-03 p8n_e2=3.9062500000e-03 p16q=5.1956176758e-03 p16n=5.0277709961e-03 p16q_e2=5.1841735840e-03 p16n_e2=5.1918029785e-03 p32q=5.1871975884e-03 p32n=5.1871974138e-03 p64q=5.1871975631e-03 p64n=5.1871975631e-03 alpha_d=2.1640594320e+00 alpha_p32q=2.1640594215e+00 alpha_p32n=2.1640594943e+00 rz32q=1.1225403869e-02 rz32n=1.1225402937e-02 alpha_full_q=2.1640594323e+00 alpha_full_n=2.1640593257e+00
  residual=4.841e+03
iter=100 pAp_d=7.1903100317e-03 p8q=6.4000000000e+01 p8n=8.0000000000e+00 p8q_e2=9.7656250000e-03 p8n_e2=1.9531250000e-03 p16q=7.2250366211e-03 p16n=7.0953369141e-03 p16q_e2=7.1868896484e-03 p16n_e2=7.1220397949e-03 p32q=7.1903101052e-03 p32n=7.1903102798e-03 p64q=7.1903100317e-03 p64n=7.1903100317e-03 alpha_d=1.7962791765e+00 alpha_p32q=1.7962791582e+00 alpha_p32n=1.7962791146e+00 rz32q=1.2915804167e-02 rz32n=1.2915805215e-02 alpha_full_q=1.7962791560e+00 alpha_full_n=1.7962792581e+00
  residual=4.186e+03
iter=101 pAp_d=5.1800266670e-03 p8q=6.4000000000e+01 p8n=8.0000000000e+00 p8q_e2=9.7656250000e-03 p8n_e2=3.9062500000e-03 p16q=5.2108764648e-03 p16n=5.0048828125e-03 p16q_e2=5.1841735840e-03 p16n_e2=5.1002502441e-03 p32q=5.1800266956e-03 p32n=5.1800272195e-03 p64q=5.1800266670e-03 p64n=5.1800266670e-03 alpha_d=2.0361901702e+00 alpha_p32q=2.0361901590e+00 alpha_p32n=2.0361899531e+00 rz32q=1.0547519429e-02 rz32n=1.0547519196e-02 alpha_full_q=2.0361901682e+00 alpha_full_n=2.0361899173e+00
  residual=3.898e+03
iter=102 pAp_d=5.2835394930e-03 p8q=6.4000000000e+01 p8n=8.0000000000e+00 p8q_e2=9.7656250000e-03 p8n_e2=1.9531250000e-03 p16q=5.2719116211e-03 p16n=5.0964355469e-03 p16q_e2=5.2833557129e-03 p16n_e2=5.1918029785e-03 p32q=5.2835394745e-03 p32n=5.2835397073e-03 p64q=5.2835394930e-03 p64n=5.2835394930e-03 alpha_d=2.0872440317e+00 alpha_p32q=2.0872440391e+00 alpha_p32n=2.0872439471e+00 rz32q=1.1028036242e-02 rz32n=1.1028035544e-02 alpha_full_q=2.0872440332e+00 alpha_full_n=2.0872438090e+00
  residual=4.074e+03
iter=103 pAp_d=5.8260892881e-03 p8q=6.4000000000e+01 p8n=8.0000000000e+00 p8q_e2=1.1718750000e-02 p8n_e2=9.7656250000e-04 p16q=5.8441162109e-03 p16n=5.6610107422e-03 p16q_e2=5.8288574219e-03 p16n_e2=5.7067871094e-03 p32q=5.8260892984e-03 p32n=5.8260890073e-03 p64q=5.8260892881e-03 p64n=5.8260892881e-03 alpha_d=1.9401462515e+00 alpha_p32q=1.9401462480e+00 alpha_p32n=1.9401463450e+00 rz32q=1.1303465231e-02 rz32n=1.1303466861e-02 alpha_full_q=1.9401462375e+00 alpha_full_n=1.9401466141e+00
  residual=4.843e+03
iter=104 pAp_d=6.0846136328e-03 p8q=6.4000000000e+01 p8n=8.0000000000e+00 p8q_e2=7.8125000000e-03 p8n_e2=9.7656250000e-04 p16q=6.1035156250e-03 p16n=5.9585571289e-03 p16q_e2=6.0882568359e-03 p16n_e2=6.0119628906e-03 p32q=6.0846136184e-03 p32n=6.0846131528e-03 p64q=6.0846136328e-03 p64n=6.0846136328e-03 alpha_d=1.8954552354e+00 alpha_p32q=1.8954552399e+00 alpha_p32n=1.8954553849e+00 rz32q=1.1533112731e-02 rz32n=1.1533112847e-02 alpha_full_q=1.8954552341e+00 alpha_full_n=1.8954553983e+00
  residual=3.267e+03
iter=105 pAp_d=5.1649437694e-03 p8q=6.4000000000e+01 p8n=8.0000000000e+00 p8q_e2=9.7656250000e-03 p8n_e2=7.8125000000e-03 p16q=5.1574707031e-03 p16n=4.9896240234e-03 p16q_e2=5.1651000977e-03 p16n_e2=5.0849914551e-03 p32q=5.1649437519e-03 p32n=5.1649436355e-03 p64q=5.1649437694e-03 p64n=5.1649437694e-03 alpha_d=1.8584565133e+00 alpha_p32q=1.8584565196e+00 alpha_p32n=1.8584565615e+00 rz32q=9.5988233807e-03 rz32n=9.5988239627e-03 alpha_full_q=1.8584565180e+00 alpha_full_n=1.8584566726e+00
  residual=3.523e+03
iter=106 pAp_d=3.9724351345e-03 p8q=6.4000000000e+01 p8n=7.0000000000e+00 p8q_e2=5.8593750000e-03 p8n_e2=1.4648437500e-03 p16q=3.9749145508e-03 p16n=3.7994384766e-03 p16q_e2=3.9787292480e-03 p16n_e2=3.9176940918e-03 p32q=3.9724351373e-03 p32n=3.9724353119e-03 p64q=3.9724351345e-03 p64n=3.9724351345e-03 alpha_d=2.3156221416e+00 alpha_p32q=2.3156221399e+00 alpha_p32n=2.3156220382e+00 rz32q=9.1986587504e-03 rz32n=9.1986581683e-03 alpha_full_q=2.3156221392e+00 alpha_full_n=2.3156218909e+00
  residual=4.552e+03
iter=107 pAp_d=6.0669804108e-03 p8q=6.4000000000e+01 p8n=8.0000000000e+00 p8q_e2=7.8125000000e-03 p8n_e2=9.7656250000e-04 p16q=6.0882568359e-03 p16n=5.8364868164e-03 p16q_e2=6.0691833496e-03 p16n_e2=6.0195922852e-03 p32q=6.0669804225e-03 p32n=6.0669811210e-03 p64q=6.0669804108e-03 p64n=6.0669804108e-03 alpha_d=1.8652033024e+00 alpha_p32q=1.8652032988e+00 alpha_p32n=1.8652030841e+00 rz32q=1.1316151824e-02 rz32n=1.1316152290e-02 alpha_full_q=1.8652032866e+00 alpha_full_n=1.8652031486e+00
  residual=3.289e+03
iter=108 pAp_d=5.2068203835e-03 p8q=3.2000000000e+01 p8n=7.5000000000e+00 p8q_e2=7.8125000000e-03 p8n_e2=7.8125000000e-03 p16q=5.2108764648e-03 p16n=5.1040649414e-03 p16q_e2=5.2070617676e-03 p16n_e2=5.1383972168e-03 p32q=5.2068203804e-03 p32n=5.2068202640e-03 p64q=5.2068203835e-03 p64n=5.2068203835e-03 alpha_d=1.8781193237e+00 alpha_p32q=1.8781193248e+00 alpha_p32n=1.8781193668e+00 rz32q=9.7790299915e-03 rz32n=9.7790306900e-03 alpha_full_q=1.8781193275e+00 alpha_full_n=1.8781195037e+00
  residual=3.723e+03
iter=109 pAp_d=3.8284661776e-03 p8q=6.4000000000e+01 p8n=8.0000000000e+00 p8q_e2=4.8828125000e-03 p8n_e2=4.8828125000e-04 p16q=3.8299560547e-03 p16n=3.6849975586e-03 p16q_e2=3.8299560547e-03 p16n_e2=3.7231445312e-03 p32q=3.8284662296e-03 p32n=3.8284655893e-03 p64q=3.8284661776e-03 p64n=3.8284661776e-03 alpha_d=1.9976765692e+00 alpha_p32q=1.9976765421e+00 alpha_p32n=1.9976768762e+00 rz32q=7.6480371645e-03 rz32n=7.6480369316e-03 alpha_full_q=1.9976765383e+00 alpha_full_n=1.9976768116e+00
  residual=4.112e+03
iter=110 pAp_d=4.4967820639e-03 p8q=6.4000000000e+01 p8n=7.0000000000e+00 p8q_e2=7.8125000000e-03 p8n_e2=1.9531250000e-03 p16q=4.4937133789e-03 p16n=4.3945312500e-03 p16q_e2=4.4937133789e-03 p16n_e2=4.4364929199e-03 p32q=4.4967820868e-03 p32n=4.4967819704e-03 p64q=4.4967820639e-03 p64n=4.4967820639e-03 alpha_d=1.9305975936e+00 alpha_p32q=1.9305975838e+00 alpha_p32n=1.9305976338e+00 rz32q=8.6814765818e-03 rz32n=8.6814762326e-03 alpha_full_q=1.9305975727e+00 alpha_full_n=1.9305975450e+00
  residual=2.943e+03
iter=111 pAp_d=3.9425581731e-03 p8q=3.2000000000e+01 p8n=8.0000000000e+00 p8q_e2=5.8593750000e-03 p8n_e2=1.9531250000e-03 p16q=3.9367675781e-03 p16n=3.8299560547e-03 p16q_e2=3.9443969727e-03 p16n_e2=3.8604736328e-03 p32q=3.9425581344e-03 p32n=3.9425579598e-03 p64q=3.9425581731e-03 p64n=3.9425581731e-03 alpha_d=2.1122095262e+00 alpha_p32q=2.1122095470e+00 alpha_p32n=2.1122096405e+00 rz32q=8.3275089273e-03 rz32n=8.3275083452e-03 alpha_full_q=2.1122095460e+00 alpha_full_n=2.1122094919e+00
  residual=3.856e+03
iter=112 pAp_d=4.3166679934e-03 p8q=6.4000000000e+01 p8n=8.0000000000e+00 p8q_e2=7.8125000000e-03 p8n_e2=4.8828125000e-04 p16q=4.3487548828e-03 p16n=4.1503906250e-03 p16q_e2=4.3144226074e-03 p16n_e2=4.2343139648e-03 p32q=4.3166680261e-03 p32n=4.3166679679e-03 p64q=4.3166679934e-03 p64n=4.3166679934e-03 alpha_d=2.0510866604e+00 alpha_p32q=2.0510866449e+00 alpha_p32n=2.0510866725e+00 rz32q=8.8538601995e-03 rz32n=8.8538597338e-03 alpha_full_q=2.0510866589e+00 alpha_full_n=2.0510865787e+00
  residual=4.199e+03
iter=113 pAp_d=4.3016769986e-03 p8q=6.4000000000e+01 p8n=8.0000000000e+00 p8q_e2=7.8125000000e-03 p8n_e2=1.9531250000e-03 p16q=4.3106079102e-03 p16n=4.1656494141e-03 p16q_e2=4.3029785156e-03 p16n_e2=4.2419433594e-03 p32q=4.3016769923e-03 p32n=4.3016774580e-03 p64q=4.3016769986e-03 p64n=4.3016769986e-03 alpha_d=2.0722901741e+00 alpha_p32q=2.0722901771e+00 alpha_p32n=2.0722899528e+00 rz32q=8.9143229416e-03 rz32n=8.9143225923e-03 alpha_full_q=2.0722901690e+00 alpha_full_n=2.0722898635e+00
  residual=3.498e+03
iter=114 pAp_d=4.7517233859e-03 p8q=6.4000000000e+01 p8n=6.5000000000e+00 p8q_e2=7.8125000000e-03 p8n_e2=1.9531250000e-03 p16q=4.7454833984e-03 p16n=4.5928955078e-03 p16q_e2=4.7569274902e-03 p16n_e2=4.7111511230e-03 p32q=4.7517233761e-03 p32n=4.7517234925e-03 p64q=4.7517233859e-03 p64n=4.7517233859e-03 alpha_d=1.8787680251e+00 alpha_p32q=1.8787680290e+00 alpha_p32n=1.8787679830e+00 rz32q=8.9273859048e-03 rz32n=8.9273862541e-03 alpha_full_q=1.8787680170e+00 alpha_full_n=1.8787680445e+00
  residual=3.686e+03
iter=115 pAp_d=4.5057910328e-03 p8q=6.4000000000e+01 p8n=8.0000000000e+00 p8q_e2=7.8125000000e-03 p8n_e2=9.7656250000e-04 p16q=4.5013427734e-03 p16n=4.3106079102e-03 p16q_e2=4.5051574707e-03 p16n_e2=4.4097900391e-03 p32q=4.5057910611e-03 p32n=4.5057911193e-03 p64q=4.5057910328e-03 p64n=4.5057910328e-03 alpha_d=1.8369305881e+00 alpha_p32q=1.8369305766e+00 alpha_p32n=1.8369305529e+00 rz32q=8.2768254215e-03 rz32n=8.2768255379e-03 alpha_full_q=1.8369305876e+00 alpha_full_n=1.8369305897e+00
  residual=3.677e+03
iter=116 pAp_d=3.5343816248e-03 p8q=6.4000000000e+01 p8n=7.0000000000e+00 p8q_e2=4.8828125000e-03 p8n_e2=4.8828125000e-04 p16q=3.5400390625e-03 p16n=3.3721923828e-03 p16q_e2=3.5362243652e-03 p16n_e2=3.4446716309e-03 p32q=3.5343816271e-03 p32n=3.5343814525e-03 p64q=3.5343816248e-03 p64n=3.5343816248e-03 alpha_d=1.9648071003e+00 alpha_p32q=1.9648070990e+00 alpha_p32n=1.9648071961e+00 rz32q=6.9443781395e-03 rz32n=6.9443784305e-03 alpha_full_q=1.9648071069e+00 alpha_full_n=1.9648072863e+00
  residual=3.183e+03
iter=117 pAp_d=3.1962586205e-03 p8q=6.4000000000e+01 p8n=8.0000000000e+00 p8q_e2=3.9062500000e-03 p8n_e2=9.7656250000e-04 p16q=3.2043457031e-03 p16n=3.1204223633e-03 p16q_e2=3.1967163086e-03 p16n_e2=3.1547546387e-03 p32q=3.1962586218e-03 p32n=3.1962579233e-03 p64q=3.1962586205e-03 p64n=3.1962586205e-03 alpha_d=2.1280332467e+00 alpha_p32q=2.1280332459e+00 alpha_p32n=2.1280337109e+00 rz32q=6.8017446320e-03 rz32n=6.8017448066e-03 alpha_full_q=2.1280332529e+00 alpha_full_n=2.1280337726e+00
  residual=3.619e+03
iter=118 pAp_d=4.1777018750e-03 p8q=6.4000000000e+01 p8n=7.0000000000e+00 p8q_e2=7.8125000000e-03 p8n_e2=5.8593750000e-03 p16q=4.1809082031e-03 p16n=4.0206909180e-03 p16q_e2=4.1770935059e-03 p16n_e2=4.0931701660e-03 p32q=4.1777018923e-03 p32n=4.1777017177e-03 p64q=4.1777018750e-03 p64n=4.1777018750e-03 alpha_d=1.8117424069e+00 alpha_p32q=1.8117423994e+00 alpha_p32n=1.8117424752e+00 rz32q=7.5689196819e-03 rz32n=7.5689183432e-03 alpha_full_q=1.8117424070e+00 alpha_full_n=1.8117421622e+00
  residual=3.343e+03
iter=119 pAp_d=3.3229398828e-03 p8q=6.4000000000e+01 p8n=8.0000000000e+00 p8q_e2=4.8828125000e-03 p8n_e2=9.7656250000e-04 p16q=3.3340454102e-03 p16n=3.1890869141e-03 p16q_e2=3.3226013184e-03 p16n_e2=3.2272338867e-03 p32q=3.3229398541e-03 p32n=3.3229396213e-03 p64q=3.3229398828e-03 p64n=3.3229398828e-03 alpha_d=1.9935486747e+00 alpha_p32q=1.9935486919e+00 alpha_p32n=1.9935488315e+00 rz32q=6.6244424088e-03 rz32n=6.6244420595e-03 alpha_full_q=1.9935486947e+00 alpha_full_n=1.9935487293e+00
  residual=2.889e+03
iter=120 pAp_d=3.2709403239e-03 p8q=1.6000000000e+01 p8n=5.5000000000e+00 p8q_e2=3.9062500000e-03 p8n_e2=4.8828125000e-04 p16q=3.2653808594e-03 p16n=3.1204223633e-03 p16q_e2=3.2691955566e-03 p16n_e2=3.2119750977e-03 p32q=3.2709403313e-03 p32n=3.2709399238e-03 p64q=3.2709403239e-03 p64n=3.2709403239e-03 alpha_d=1.9475818130e+00 alpha_p32q=1.9475818086e+00 alpha_p32n=1.9475820512e+00 rz32q=6.3704238855e-03 rz32n=6.3704231870e-03 alpha_full_q=1.9475818084e+00 alpha_full_n=1.9475818375e+00
  residual=3.198e+03
iter=121 pAp_d=2.9661153708e-03 p8q=6.4000000000e+01 p8n=8.0000000000e+00 p8q_e2=4.8828125000e-03 p8n_e2=2.4414062500e-04 p16q=2.9830932617e-03 p16n=2.7923583984e-03 p16q_e2=2.9678344727e-03 p16n_e2=2.9067993164e-03 p32q=2.9661153676e-03 p32n=2.9661155422e-03 p64q=2.9661153708e-03 p64n=2.9661153708e-03 alpha_d=1.8989990653e+00 alpha_p32q=1.8989990674e+00 alpha_p32n=1.8989989556e+00 rz32q=5.6326502818e-03 rz32n=5.6326504564e-03 alpha_full_q=1.8989990556e+00 alpha_full_n=1.8989990026e+00
  residual=3.337e+03
iter=122 pAp_d=2.7967156382e-03 p8q=6.4000000000e+01 p8n=8.0000000000e+00 p8q_e2=3.9062500000e-03 p8n_e2=9.7656250000e-04 p16q=2.7999877930e-03 p16n=2.6702880859e-03 p16q_e2=2.7961730957e-03 p16n_e2=2.7542114258e-03 p32q=2.7967156493e-03 p32n=2.7967157075e-03 p64q=2.7967156382e-03 p64n=2.7967156382e-03 alpha_d=1.8851051053e+00 alpha_p32q=1.8851050978e+00 alpha_p32n=1.8851050585e+00 rz32q=5.2721029497e-03 rz32n=5.2721025422e-03 alpha_full_q=1.8851051057e+00 alpha_full_n=1.8851049208e+00
  residual=2.342e+03
iter=123 pAp_d=2.2054283074e-03 p8q=6.4000000000e+01 p8n=8.0000000000e+00 p8q_e2=2.9296875000e-03 p8n_e2=4.8828125000e-04 p16q=2.2125244141e-03 p16n=2.1057128906e-03 p16q_e2=2.2048950195e-03 p16n_e2=2.1858215332e-03 p32q=2.2054283181e-03 p32n=2.2054284345e-03 p64q=2.2054283074e-03 p64n=2.2054283074e-03 alpha_d=2.2686223321e+00 alpha_p32q=2.2686223211e+00 alpha_p32n=2.2686222014e+00 rz32q=5.0032839063e-03 rz32n=5.0032837898e-03 alpha_full_q=2.2686223194e+00 alpha_full_n=2.2686221468e+00
  residual=3.426e+03
iter=124 pAp_d=3.1217044583e-03 p8q=6.4000000000e+01 p8n=7.0000000000e+00 p8q_e2=4.8828125000e-03 p8n_e2=9.7656250000e-04 p16q=3.1509399414e-03 p16n=2.9907226562e-03 p16q_e2=3.1242370605e-03 p16n_e2=3.0555725098e-03 p32q=3.1217045034e-03 p32n=3.1217044452e-03 p64q=3.1217044583e-03 p64n=3.1217044583e-03 alpha_d=1.8017297441e+00 alpha_p32q=1.8017297181e+00 alpha_p32n=1.8017297517e+00 rz32q=5.6244677980e-03 rz32n=5.6244682637e-03 alpha_full_q=1.8017297255e+00 alpha_full_n=1.8017299083e+00
  residual=3.288e+03
iter=125 pAp_d=2.3212947714e-03 p8q=6.4000000000e+01 p8n=8.0000000000e+00 p8q_e2=2.9296875000e-03 p8n_e2=9.7656250000e-04 p16q=2.3574829102e-03 p16n=2.2506713867e-03 p16q_e2=2.3193359375e-03 p16n_e2=2.2735595703e-03 p32q=2.3212947417e-03 p32n=2.3212948581e-03 p64q=2.3212947714e-03 p64n=2.3212947714e-03 alpha_d=2.2692160271e+00 alpha_p32q=2.2692160561e+00 alpha_p32n=2.2692159423e+00 rz32q=5.2675192710e-03 rz32n=5.2675193874e-03 alpha_full_q=2.2692160441e+00 alpha_full_n=2.2692159805e+00
  residual=2.975e+03
iter=126 pAp_d=3.3191186818e-03 p8q=6.4000000000e+01 p8n=8.0000000000e+00 p8q_e2=4.8828125000e-03 p8n_e2=9.7656250000e-04 p16q=3.3340454102e-03 p16n=3.2272338867e-03 p16q_e2=3.3187866211e-03 p16n_e2=3.2272338867e-03 p32q=3.3191186958e-03 p32n=3.3191185212e-03 p64q=3.3191186818e-03 p64n=3.3191186818e-03 alpha_d=1.9783294976e+00 alpha_p32q=1.9783294893e+00 alpha_p32n=1.9783295934e+00 rz32q=6.5663104178e-03 rz32n=6.5663105925e-03 alpha_full_q=1.9783294964e+00 alpha_full_n=1.9783296531e+00
  residual=3.017e+03
iter=127 pAp_d=3.2602975341e-03 p8q=6.4000000000e+01 p8n=8.0000000000e+00 p8q_e2=4.8828125000e-03 p8n_e2=4.8828125000e-04 p16q=3.2806396484e-03 p16n=3.0822753906e-03 p16q_e2=3.2615661621e-03 p16n_e2=3.1929016113e-03 p32q=3.2602975261e-03 p32n=3.2602982246e-03 p64q=3.2602975341e-03 p64n=3.2602975341e-03 alpha_d=1.7952356007e+00 alpha_p32q=1.7952356051e+00 alpha_p32n=1.7952352205e+00 rz32q=5.8530021925e-03 rz32n=5.8530023671e-03 alpha_full_q=1.7952356021e+00 alpha_full_n=1.7952352711e+00
  residual=3.199e+03
iter=128 pAp_d=2.4424606932e-03 p8q=6.4000000000e+01 p8n=8.0000000000e+00 p8q_e2=3.9062500000e-03 p8n_e2=4.8828125000e-04 p16q=2.4566650391e-03 p16n=2.3422241211e-03 p16q_e2=2.4414062500e-03 p16n_e2=2.3803710938e-03 p32q=2.4424606818e-03 p32n=2.4424603907e-03 p64q=2.4424606932e-03 p64n=2.4424606932e-03 alpha_d=1.9342130495e+00 alpha_p32q=1.9342130585e+00 alpha_p32n=1.9342132890e+00 rz32q=4.7242393484e-03 rz32n=4.7242387081e-03 alpha_full_q=1.9342130597e+00 alpha_full_n=1.9342130280e+00
  residual=2.365e+03
iter=129 pAp_d=2.3346847176e-03 p8q=6.4000000000e+01 p8n=5.5000000000e+00 p8q_e2=2.9296875000e-03 p8n_e2=4.8828125000e-04 p16q=2.3422241211e-03 p16n=2.2201538086e-03 p16q_e2=2.3345947266e-03 p16n_e2=2.2850036621e-03 p32q=2.3346847156e-03 p32n=2.3346847738e-03 p64q=2.3346847176e-03 p64n=2.3346847176e-03 alpha_d=1.7885175184e+00 alpha_p32q=1.7885175199e+00 alpha_p32n=1.7885174753e+00 rz32q=4.1756245191e-03 rz32n=4.1756243445e-03 alpha_full_q=1.7885175207e+00 alpha_full_n=1.7885174013e+00
  residual=2.499e+03
iter=130 pAp_d=1.8170680899e-03 p8q=6.4000000000e+01 p8n=7.5000000000e+00 p8q_e2=2.9296875000e-03 p8n_e2=2.4414062500e-04 p16q=1.8272399902e-03 p16n=1.7280578613e-03 p16q_e2=1.8157958984e-03 p16n_e2=1.7662048340e-03 p32q=1.8170681142e-03 p32n=1.8170679396e-03 p64q=1.8170680899e-03 p64n=1.8170680899e-03 alpha_d=1.8867923017e+00 alpha_p32q=1.8867922765e+00 alpha_p32n=1.8867924578e+00 rz32q=3.4284300637e-03 rz32n=3.4284302965e-03 alpha_full_q=1.8867922655e+00 alpha_full_n=1.8867925749e+00
  residual=2.515e+03
iter=131 pAp_d=1.5505585687e-03 p8q=6.4000000000e+01 p8n=8.0000000000e+00 p8q_e2=2.9296875000e-03 p8n_e2=9.7656250000e-04 p16q=1.5640258789e-03 p16n=1.4648437500e-03 p16q_e2=1.5506744385e-03 p16n_e2=1.5106201172e-03 p32q=1.5505585761e-03 p32n=1.5505587216e-03 p64q=1.5505585687e-03 p64n=1.5505585687e-03 alpha_d=1.9023131284e+00 alpha_p32q=1.9023131193e+00 alpha_p32n=1.9023129407e+00 rz32q=2.9496479547e-03 rz32n=2.9496477218e-03 alpha_full_q=1.9023131406e+00 alpha_full_n=1.9023128119e+00
  residual=1.944e+03
iter=132 pAp_d=1.4989141223e-03 p8q=3.2000000000e+01 p8n=3.7500000000e+00 p8q_e2=1.9531250000e-03 p8n_e2=4.8828125000e-04 p16q=1.4915466309e-03 p16n=1.4610290527e-03 p16q_e2=1.4991760254e-03 p16n_e2=1.4743804932e-03 p32q=1.4989141200e-03 p32n=1.4989143237e-03 p64q=1.4989141223e-03 p64n=1.4989141223e-03 alpha_d=1.8582859703e+00 alpha_p32q=1.8582859731e+00 alpha_p32n=1.8582857205e+00 rz32q=2.7854110813e-03 rz32n=2.7854114887e-03 alpha_full_q=1.8582859712e+00 alpha_full_n=1.8582859905e+00
  residual=2.243e+03
iter=133 pAp_d=1.2632258951e-03 p8q=6.4000000000e+01 p8n=8.0000000000e+00 p8q_e2=1.9531250000e-03 p8n_e2=2.4414062500e-04 p16q=1.2893676758e-03 p16n=1.2168884277e-03 p16q_e2=1.2626647949e-03 p16n_e2=1.2435913086e-03 p32q=1.2632258877e-03 p32n=1.2632258586e-03 p64q=1.2632258951e-03 p64n=1.2632258951e-03 alpha_d=1.8301863551e+00 alpha_p32q=1.8301863659e+00 alpha_p32n=1.8301864081e+00 rz32q=2.3119387915e-03 rz32n=2.3119388497e-03 alpha_full_q=1.8301863618e+00 alpha_full_n=1.8301864501e+00
  residual=1.977e+03
iter=134 pAp_d=1.0186845645e-03 p8q=6.4000000000e+01 p8n=8.0000000000e+00 p8q_e2=1.4648437500e-03 p8n_e2=2.4414062500e-04 p16q=1.0337829590e-03 p16n=9.5367431641e-04 p16q_e2=1.0185241699e-03 p16n_e2=9.9372863770e-04 p32q=1.0186845611e-03 p32n=1.0186845320e-03 p64q=1.0186845645e-03 p64n=1.0186845645e-03 alpha_d=2.0426663339e+00 alpha_p32q=2.0426663407e+00 alpha_p32n=2.0426663991e+00 rz32q=2.0808326663e-03 rz32n=2.0808327827e-03 alpha_full_q=2.0426663421e+00 alpha_full_n=2.0426665148e+00
  residual=1.582e+03
iter=135 pAp_d=1.0915466491e-03 p8q=3.2000000000e+01 p8n=7.0000000000e+00 p8q_e2=1.4648437500e-03 p8n_e2=4.8828125000e-04 p16q=1.1024475098e-03 p16n=1.0452270508e-03 p16q_e2=1.0910034180e-03 p16n_e2=1.0795593262e-03 p32q=1.0915466410e-03 p32n=1.0915466410e-03 p64q=1.0915466491e-03 p64n=1.0915466491e-03 alpha_d=1.8762852639e+00 alpha_p32q=1.8762852779e+00 alpha_p32n=1.8762852779e+00 rz32q=2.0480529056e-03 rz32n=2.0480533130e-03 alpha_full_q=1.8762852898e+00 alpha_full_n=1.8762856631e+00
  residual=2.023e+03
iter=136 pAp_d=8.7968299124e-04 p8q=6.4000000000e+01 p8n=6.5000000000e+00 p8q_e2=1.4648437500e-03 p8n_e2=2.4414062500e-04 p16q=8.9645385742e-04 p16n=8.1634521484e-04 p16q_e2=8.7928771973e-04 p16n_e2=8.5449218750e-04 p32q=8.7968300795e-04 p32n=8.7968303706e-04 p64q=8.7968299124e-04 p64n=8.7968299124e-04 alpha_d=2.1600934354e+00 alpha_p32q=2.1600933943e+00 alpha_p32n=2.1600933229e+00 rz32q=1.9001974433e-03 rz32n=1.9001975888e-03 alpha_full_q=2.1600933815e+00 alpha_full_n=2.1600934755e+00
  residual=2.105e+03
iter=137 pAp_d=1.1531734862e-03 p8q=6.4000000000e+01 p8n=8.0000000000e+00 p8q_e2=1.9531250000e-03 p8n_e2=2.4414062500e-04 p16q=1.1787414551e-03 p16n=1.1100769043e-03 p16q_e2=1.1539459229e-03 p16n_e2=1.1367797852e-03 p32q=1.1531734781e-03 p32n=1.1531732744e-03 p64q=1.1531734862e-03 p64n=1.1531734862e-03 alpha_d=1.7798532574e+00 alpha_p32q=1.7798532700e+00 alpha_p32n=1.7798535844e+00 rz32q=2.0524795982e-03 rz32n=2.0524794818e-03 alpha_full_q=1.7798532807e+00 alpha_full_n=1.7798534942e+00
  residual=1.367e+03
iter=138 pAp_d=7.9975418025e-04 p8q=6.4000000000e+01 p8n=8.0000000000e+00 p8q_e2=9.7656250000e-04 p8n_e2=6.1035156250e-05 p16q=8.0871582031e-04 p16n=7.3623657227e-04 p16q_e2=8.0013275146e-04 p16n_e2=7.8105926514e-04 p32q=7.9975418339e-04 p32n=7.9975411063e-04 p64q=7.9975418025e-04 p64n=7.9975418025e-04 alpha_d=2.2309249032e+00 alpha_p32q=2.2309248945e+00 alpha_p32n=2.2309250974e+00 rz32q=1.7841915251e-03 rz32n=1.7841912340e-03 alpha_full_q=2.2309249043e+00 alpha_full_n=2.2309247434e+00
  residual=1.826e+03
iter=139 pAp_d=1.1360646881e-03 p8q=6.4000000000e+01 p8n=8.0000000000e+00 p8q_e2=1.9531250000e-03 p8n_e2=2.4414062500e-04 p16q=1.1558532715e-03 p16n=1.0795593262e-03 p16q_e2=1.1348724365e-03 p16n_e2=1.1062622070e-03 p32q=1.1360647040e-03 p32n=1.1360645876e-03 p64q=1.1360646881e-03 p64n=1.1360646881e-03 alpha_d=1.8940908081e+00 alpha_p32q=1.8940907816e+00 alpha_p32n=1.8940909757e+00 rz32q=2.1518096910e-03 rz32n=2.1518102149e-03 alpha_full_q=1.8940907884e+00 alpha_full_n=1.8940914436e+00
  residual=1.958e+03
iter=140 pAp_d=9.9393628898e-04 p8q=6.4000000000e+01 p8n=6.0000000000e+00 p8q_e2=1.9531250000e-03 p8n_e2=4.8828125000e-04 p16q=1.0147094727e-03 p16n=9.4604492188e-04 p16q_e2=9.9372863770e-04 p16n_e2=9.7465515137e-04 p32q=9.9393629353e-04 p32n=9.9393626442e-04 p64q=9.9393628898e-04 p64n=9.9393628898e-04 alpha_d=1.8115243088e+00 alpha_p32q=1.8115243005e+00 alpha_p32n=1.8115243536e+00 rz32q=1.8005397578e-03 rz32n=1.8005399033e-03 alpha_full_q=1.8115243095e+00 alpha_full_n=1.8115245090e+00
  residual=1.669e+03
iter=141 pAp_d=8.0562833140e-04 p8q=6.4000000000e+01 p8n=8.0000000000e+00 p8q_e2=9.7656250000e-04 p8n_e2=6.1035156250e-05 p16q=8.2397460938e-04 p16n=7.6293945312e-04 p16q_e2=8.0585479736e-04 p16n_e2=7.8201293945e-04 p32q=8.0562832591e-04 p32n=8.0562822404e-04 p64q=8.0562833140e-04 p64n=8.0562833140e-04 alpha_d=1.8009952727e+00 alpha_p32q=1.8009952850e+00 alpha_p32n=1.8009955127e+00 rz32q=1.4509328175e-03 rz32n=1.4509329048e-03 alpha_full_q=1.8009952864e+00 alpha_full_n=1.8009956225e+00
  residual=1.401e+03
iter=142 pAp_d=6.0242990777e-04 p8q=6.4000000000e+01 p8n=8.0000000000e+00 p8q_e2=1.4648437500e-03 p8n_e2=1.2207031250e-04 p16q=6.3323974609e-04 p16n=5.6457519531e-04 p16q_e2=6.0272216797e-04 p16n_e2=5.9032440186e-04 p32q=6.0242990730e-04 p32n=6.0243003827e-04 p64q=6.0242990777e-04 p64n=6.0242990777e-04 alpha_d=1.8897562533e+00 alpha_p32q=1.8897562548e+00 alpha_p32n=1.8897558440e+00 rz32q=1.1384456884e-03 rz32n=1.1384458339e-03 alpha_full_q=1.8897562598e+00 alpha_full_n=1.8897560905e+00
  residual=1.501e+03
iter=143 pAp_d=5.1665871004e-04 p8q=6.4000000000e+01 p8n=8.0000000000e+00 p8q_e2=9.7656250000e-04 p8n_e2=6.1035156250e-05 p16q=5.3405761719e-04 p16n=4.9209594727e-04 p16q_e2=5.1689147949e-04 p16n_e2=5.0926208496e-04 p32q=5.1665870706e-04 p32n=5.1665872161e-04 p64q=5.1665871004e-04 p64n=5.1665871004e-04 alpha_d=1.9772712207e+00 alpha_p32q=1.9772712321e+00 alpha_p32n=1.9772711765e+00 rz32q=1.0215743969e-03 rz32n=1.0215743678e-03 alpha_full_q=1.9772712294e+00 alpha_full_n=1.9772711174e+00
  residual=1.261e+03
iter=144 pAp_d=5.9597188342e-04 p8q=6.4000000000e+01 p8n=5.5000000000e+00 p8q_e2=7.3242187500e-04 p8n_e2=6.1035156250e-05 p16q=6.0272216797e-04 p16n=5.4550170898e-04 p16q_e2=5.9604644775e-04 p16n_e2=5.8174133301e-04 p32q=5.9597188374e-04 p32n=5.9597191284e-04 p64q=5.9597188342e-04 p64n=5.9597188342e-04 alpha_d=1.7582182593e+00 alpha_p32q=1.7582182584e+00 alpha_p32n=1.7582181725e+00 rz32q=1.0478486365e-03 rz32n=1.0478486365e-03 alpha_full_q=1.7582182400e+00 alpha_full_n=1.7582181541e+00
  residual=1.355e+03
iter=145 pAp_d=4.0775876109e-04 p8q=6.4000000000e+01 p8n=8.0000000000e+00 p8q_e2=9.7656250000e-04 p8n_e2=1.2207031250e-04 p16q=4.3296813965e-04 p16n=3.9672851562e-04 p16q_e2=4.0769577026e-04 p16n_e2=3.9577484131e-04 p32q=4.0775876550e-04 p32n=4.0775873640e-04 p64q=4.0775876109e-04 p64n=4.0775876109e-04 alpha_d=1.9338817828e+00 alpha_p32q=1.9338817619e+00 alpha_p32n=1.9338818999e+00 rz32q=7.8855724132e-04 rz32n=7.8855743050e-04 alpha_full_q=1.9338817655e+00 alpha_full_n=1.9338823674e+00
  residual=1.209e+03
iter=146 pAp_d=3.6640766189e-04 p8q=6.4000000000e+01 p8n=8.0000000000e+00 p8q_e2=7.3242187500e-04 p8n_e2=6.1035156250e-05 p16q=3.8528442383e-04 p16n=3.2043457031e-04 p16q_e2=3.6621093750e-04 p16n_e2=3.5381317139e-04 p32q=3.6640766484e-04 p32n=3.6640768667e-04 p64q=3.6640766189e-04 p64n=3.6640766189e-04 alpha_d=2.1398442636e+00 alpha_p32q=2.1398442464e+00 alpha_p32n=2.1398441189e+00 rz32q=7.8405532986e-04 rz32n=7.8405538807e-04 alpha_full_q=2.1398442366e+00 alpha_full_n=2.1398442680e+00
  residual=1.104e+03
iter=147 pAp_d=4.7832332071e-04 p8q=6.4000000000e+01 p8n=8.0000000000e+00 p8q_e2=7.3242187500e-04 p8n_e2=6.1035156250e-05 p16q=4.8637390137e-04 p16n=4.5394897461e-04 p16q_e2=4.7874450684e-04 p16n_e2=4.6968460083e-04 p32q=4.7832332348e-04 p32n=4.7832333075e-04 p64q=4.7832332071e-04 p64n=4.7832332071e-04 alpha_d=1.8412580409e+00 alpha_p32q=1.8412580302e+00 alpha_p32n=1.8412580022e+00 rz32q=8.8071665959e-04 rz32n=8.8071647042e-04 alpha_full_q=1.8412580285e+00 alpha_full_n=1.8412576050e+00
  residual=1.245e+03
iter=148 pAp_d=3.7791220485e-04 p8q=6.4000000000e+01 p8n=7.0000000000e+00 p8q_e2=9.7656250000e-04 p8n_e2=6.1035156250e-05 p16q=3.9863586426e-04 p16n=3.5476684570e-04 p16q_e2=3.7765502930e-04 p16n_e2=3.6621093750e-04 p32q=3.7791220529e-04 p32n=3.7791218347e-04 p64q=3.7791220485e-04 p64n=3.7791220485e-04 alpha_d=1.7696338505e+00 alpha_p32q=1.7696338484e+00 alpha_p32n=1.7696339506e+00 rz32q=6.6876622441e-04 rz32n=6.6876632627e-04 alpha_full_q=1.7696338330e+00 alpha_full_n=1.7696342048e+00
  residual=1.140e+03
iter=149 pAp_d=2.9773763264e-04 p8q=6.4000000000e+01 p8n=7.5000000000e+00 p8q_e2=7.3242187500e-04 p8n_e2=6.1035156250e-05 p16q=3.1471252441e-04 p16n=2.8228759766e-04 p16q_e2=2.9754638672e-04 p16n_e2=2.8467178345e-04 p32q=2.9773763526e-04 p32n=2.9773766437e-04 p64q=2.9773763264e-04 p64n=2.9773763264e-04 alpha_d=1.7718149714e+00 alpha_p32q=1.7718149558e+00 alpha_p32n=1.7718147826e+00 rz32q=5.2753600175e-04 rz32n=5.2753597265e-04 alpha_full_q=1.7718149783e+00 alpha_full_n=1.7718147073e+00
  residual=8.147e+02
iter=150 pAp_d=2.3193992033e-04 p8q=6.4000000000e+01 p8n=7.5000000000e+00 p8q_e2=4.8828125000e-04 p8n_e2=6.1035156250e-05 p16q=2.4414062500e-04 p16n=2.1362304688e-04 p16q_e2=2.3174285889e-04 p16n_e2=2.2554397583e-04 p32q=2.3193992092e-04 p32n=2.3194001551e-04 p64q=2.3193992033e-04 p64n=2.3193992033e-04 alpha_d=1.8050538964e+00 alpha_p32q=1.8050538918e+00 alpha_p32n=1.8050531557e+00 rz32q=4.1866405809e-04 rz32n=4.1866405809e-04 alpha_full_q=1.8050538968e+00 alpha_full_n=1.8050531607e+00
  residual=8.070e+02
iter=151 pAp_d=1.9127369891e-04 p8q=6.4000000000e+01 p8n=8.0000000000e+00 p8q_e2=7.3242187500e-04 p8n_e2=6.1035156250e-05 p16q=2.1171569824e-04 p16n=1.8310546875e-04 p16q_e2=1.9121170044e-04 p16n_e2=1.8548965454e-04 p32q=1.9127369887e-04 p32n=1.9127369160e-04 p64q=1.9127369891e-04 p64n=1.9127369891e-04 alpha_d=1.6005057568e+00 alpha_p32q=1.6005057571e+00 alpha_p32n=1.6005058180e+00 rz32q=3.0613465788e-04 rz32n=3.0613465060e-04 alpha_full_q=1.6005057657e+00 alpha_full_n=1.6005057885e+00
  residual=6.705e+02
iter=152 pAp_d=1.1189782050e-04 p8q=6.4000000000e+01 p8n=8.0000000000e+00 p8q_e2=3.6621093750e-04 p8n_e2=6.1035156250e-05 p16q=1.2207031250e-04 p16n=9.9182128906e-05 p16q_e2=1.1181831360e-04 p16n_e2=1.0633468628e-04 p32q=1.1189782163e-04 p32n=1.1189785437e-04 p64q=1.1189782050e-04 p64n=1.1189782050e-04 alpha_d=1.8625035833e+00 alpha_p32q=1.8625035646e+00 alpha_p32n=1.8625030196e+00 rz32q=2.0841009245e-04 rz32n=2.0841009245e-04 alpha_full_q=1.8625035718e+00 alpha_full_n=1.8625030268e+00
  residual=5.478e+02
iter=153 pAp_d=9.0762098432e-05 p8q=3.2000000000e+01 p8n=8.0000000000e+00 p8q_e2=2.4414062500e-04 p8n_e2=1.5258789062e-05 p16q=9.9182128906e-05 p16n=8.9645385742e-05 p16q_e2=9.0837478638e-05 p16n_e2=8.7738037109e-05 p32q=9.0762099717e-05 p32n=9.0762139735e-05 p64q=9.0762098432e-05 p64n=9.0762098432e-05 alpha_d=1.9313723092e+00 alpha_p32q=1.9313722819e+00 alpha_p32n=1.9313714303e+00 rz32q=1.7529540492e-04 rz32n=1.7529547767e-04 alpha_full_q=1.9313722959e+00 alpha_full_n=1.9313722460e+00
  residual=5.969e+02
iter=154 pAp_d=8.3079236131e-05 p8q=6.4000000000e+01 p8n=8.0000000000e+00 p8q_e2=3.6621093750e-04 p8n_e2=1.5258789062e-05 p16q=1.0013580322e-04 p16n=7.7247619629e-05 p16q_e2=8.2969665527e-05 p16n_e2=7.9631805420e-05 p32q=8.3079237811e-05 p32n=8.3079248725e-05 p64q=8.3079236131e-05 p64n=8.3079236131e-05 alpha_d=1.8261499929e+00 alpha_p32q=1.8261499559e+00 alpha_p32n=1.8261497160e+00 rz32q=1.5171514679e-04 rz32n=1.5171510313e-04 alpha_full_q=1.8261499598e+00 alpha_full_n=1.8261491944e+00
  residual=5.972e+02
iter=155 pAp_d=7.4761920892e-05 p8q=3.2000000000e+01 p8n=8.0000000000e+00 p8q_e2=2.4414062500e-04 p8n_e2=1.5258789062e-05 p16q=8.2015991211e-05 p16n=6.8664550781e-05 p16q_e2=7.4863433838e-05 p16n_e2=7.0810317993e-05 p32q=7.4761919677e-05 p32n=7.4761908763e-05 p64q=7.4761920892e-05 p64n=7.4761920892e-05 alpha_d=1.8537758612e+00 alpha_p32q=1.8537758913e+00 alpha_p32n=1.8537761619e+00 rz32q=1.3859184401e-04 rz32n=1.3859182945e-04 alpha_full_q=1.8537758876e+00 alpha_full_n=1.8537759635e+00
  residual=4.450e+02
iter=156 pAp_d=6.5502107833e-05 p8q=6.4000000000e+01 p8n=8.0000000000e+00 p8q_e2=2.4414062500e-04 p8n_e2=1.5258789062e-05 p16q=7.5340270996e-05 p16n=6.2942504883e-05 p16q_e2=6.5565109253e-05 p16n_e2=6.2465667725e-05 p32q=6.5502106736e-05 p32n=6.5502103098e-05 p64q=6.5502107833e-05 p64n=6.5502107833e-05 alpha_d=1.5612182540e+00 alpha_p32q=1.5612182802e+00 alpha_p32n=1.5612183669e+00 rz32q=1.0226308586e-04 rz32n=1.0226307131e-04 alpha_full_q=1.5612182716e+00 alpha_full_n=1.5612181361e+00
  residual=4.923e+02
iter=157 pAp_d=3.8794545007e-05 p8q=6.4000000000e+01 p8n=8.0000000000e+00 p8q_e2=2.4414062500e-04 p8n_e2=1.5258789062e-05 p16q=4.9591064453e-05 p16n=3.4332275391e-05 p16q_e2=3.8862228394e-05 p16n_e2=3.6597251892e-05 p32q=3.8794545617e-05 p32n=3.8794547436e-05 p64q=3.8794545007e-05 p64n=3.8794545007e-05 alpha_d=1.8298136803e+00 alpha_p32q=1.8298136516e+00 alpha_p32n=1.8298135658e+00 rz32q=7.0986789069e-05 rz32n=7.0986799983e-05 alpha_full_q=1.8298136488e+00 alpha_full_n=1.8298138443e+00
  residual=3.651e+02
iter=158 pAp_d=3.2095957428e-05 p8q=3.2000000000e+01 p8n=8.0000000000e+00 p8q_e2=1.2207031250e-04 p8n_e2=1.5258789062e-05 p16q=4.0054321289e-05 p16n=2.7179718018e-05 p16q_e2=3.2067298889e-05 p16n_e2=3.0338764191e-05 p32q=3.2095957067e-05 p32n=3.2095951610e-05 p64q=3.2095957428e-05 p64n=3.2095957428e-05 alpha_d=1.6848353032e+00 alpha_p32q=1.6848353221e+00 alpha_p32n=1.6848356086e+00 rz32q=5.4076401284e-05 rz32n=5.4076390370e-05 alpha_full_q=1.6848352947e+00 alpha_full_n=1.6848352411e+00
  residual=2.635e+02
iter=159 pAp_d=2.0565904725e-05 p8q=2.4000000000e+01 p8n=8.0000000000e+00 p8q_e2=1.2207031250e-04 p8n_e2=3.8146972656e-06 p16q=2.4795532227e-05 p16n=1.5258789062e-05 p16q_e2=2.0563602448e-05 p16n_e2=1.9609928131e-05 p32q=2.0565904379e-05 p32n=2.0565901650e-05 p64q=2.0565904725e-05 p64n=2.0565904725e-05 alpha_d=1.7436305844e+00 alpha_p32q=1.7436306138e+00 alpha_p32n=1.7436308451e+00 rz32q=3.5859340642e-05 rz32n=3.5859331547e-05 alpha_full_q=1.7436306219e+00 alpha_full_n=1.7436304110e+00
  residual=3.173e+02
iter=160 pAp_d=1.6449062142e-05 p8q=3.2000000000e+01 p8n=8.0000000000e+00 p8q_e2=1.2207031250e-04 p8n_e2=1.5258789062e-05 p16q=2.5272369385e-05 p16n=1.5258789062e-05 p16q_e2=1.6450881958e-05 p16n_e2=1.5735626221e-05 p32q=1.6449062059e-05 p32n=1.6449055693e-05 p64q=1.6449062142e-05 p64n=1.6449062142e-05 alpha_d=1.7490339478e+00 alpha_p32q=1.7490339566e+00 alpha_p32n=1.7490346335e+00 rz32q=2.8769967685e-05 rz32n=2.8769974961e-05 alpha_full_q=1.7490339316e+00 alpha_full_n=1.7490350509e+00
  residual=2.283e+02
iter=161 pAp_d=1.2582265432e-05 p8q=1.6000000000e+01 p8n=6.5000000000e+00 p8q_e2=6.1035156250e-05 p8n_e2=5.9604644775e-08 p16q=1.6689300537e-05 p16n=1.0490417480e-05 p16q_e2=1.2576580048e-05 p16n_e2=1.1682510376e-05 p32q=1.2582265299e-05 p32n=1.2582266208e-05 p64q=1.2582265432e-05 p64n=1.2582265432e-05 alpha_d=1.8388175760e+00 alpha_p32q=1.8388175955e+00 alpha_p32n=1.8388174625e+00 rz32q=2.3136491109e-05 rz32n=2.3136505661e-05 alpha_full_q=1.8388176182e+00 alpha_full_n=1.8388186418e+00
  residual=1.869e+02
iter=162 pAp_d=9.0065381763e-06 p8q=1.6000000000e+01 p8n=8.0000000000e+00 p8q_e2=6.1035156250e-05 p8n_e2=5.9604644775e-08 p16q=1.2874603271e-05 p16n=7.1525573730e-06 p16q_e2=9.0003013611e-06 p16n_e2=8.5830688477e-06 p32q=9.0065386757e-06 p32n=9.0065432232e-06 p64q=9.0065381763e-06 p64n=9.0065381763e-06 alpha_d=2.0868182901e+00 alpha_p32q=2.0868181743e+00 alpha_p32n=2.0868171207e+00 rz32q=1.8795008145e-05 rz32n=1.8795017240e-05 alpha_full_q=2.0868181243e+00 alpha_full_n=2.0868180804e+00
  residual=2.756e+02
iter=163 pAp_d=1.1051117802e-05 p8q=2.4000000000e+01 p8n=8.0000000000e+00 p8q_e2=1.2207031250e-04 p8n_e2=1.5258789062e-05 p16q=1.6689300537e-05 p16n=1.1444091797e-05 p16q_e2=1.1026859283e-05 p16n_e2=1.0669231415e-05 p32q=1.1051117326e-05 p32n=1.1051116417e-05 p64q=1.1051117802e-05 p64n=1.1051117802e-05 alpha_d=2.1467435400e+00 alpha_p32q=2.1467436326e+00 alpha_p32n=2.1467438092e+00 rz32q=2.3723915547e-05 rz32n=2.3723920094e-05 alpha_full_q=2.1467436139e+00 alpha_full_n=2.1467442021e+00
  residual=2.532e+02
iter=164 pAp_d=1.1011256990e-05 p8q=1.6000000000e+01 p8n=8.0000000000e+00 p8q_e2=6.1035156250e-05 p8n_e2=9.5367431641e-07 p16q=1.4305114746e-05 p16n=9.5367431641e-06 p16q_e2=1.1026859283e-05 p16n_e2=1.0371208191e-05 p32q=1.1011256902e-05 p32n=1.1011258721e-05 p64q=1.1011256990e-05 p64n=1.1011256990e-05 alpha_d=2.3123849322e+00 alpha_p32q=2.3123849508e+00 alpha_p32n=2.3123845688e+00 rz32q=2.5462264603e-05 rz32n=2.5462248232e-05 alpha_full_q=2.3123849375e+00 alpha_full_n=2.3123830687e+00
  residual=2.799e+02
iter=165 pAp_d=1.6481443957e-05 p8q=1.0000000000e+01 p8n=7.0000000000e+00 p8q_e2=6.1035156250e-05 p8n_e2=1.5258789062e-05 p16q=1.8119812012e-05 p16n=1.4305114746e-05 p16q_e2=1.6450881958e-05 p16n_e2=1.6033649445e-05 p32q=1.6481443708e-05 p32n=1.6481444618e-05 p64q=1.6481443957e-05 p64n=1.6481443957e-05 alpha_d=2.1438025474e+00 alpha_p32q=2.1438025797e+00 alpha_p32n=2.1438024614e+00 rz32q=3.5332961488e-05 rz32n=3.5332970583e-05 alpha_full_q=2.1438025766e+00 alpha_full_n=2.1438030101e+00
  residual=2.875e+02
iter=166 pAp_d=1.9570508158e-05 p8q=3.2000000000e+01 p8n=8.0000000000e+00 p8q_e2=1.2207031250e-04 p8n_e2=1.5258789062e-05 p16q=2.8133392334e-05 p16n=1.8596649170e-05 p16q_e2=1.9550323486e-05 p16n_e2=1.8298625946e-05 p32q=1.9570507902e-05 p32n=1.9570514269e-05 p64q=1.9570508158e-05 p64n=1.9570508158e-05 alpha_d=1.6275481979e+00 alpha_p32q=1.6275482192e+00 alpha_p32n=1.6275476897e+00 rz32q=3.1851945096e-05 rz32n=3.1851945096e-05 alpha_full_q=1.6275482095e+00 alpha_full_n=1.6275476801e+00
  residual=2.765e+02
iter=167 pAp_d=1.2191310060e-05 p8q=1.4000000000e+01 p8n=8.0000000000e+00 p8q_e2=6.1035156250e-05 p8n_e2=3.8146972656e-06 p16q=1.4781951904e-05 p16n=9.0599060059e-06 p16q_e2=1.2218952179e-05 p16n_e2=1.1742115021e-05 p32q=1.2191309906e-05 p32n=1.2191298083e-05 p64q=1.2191310060e-05 p64n=1.2191310060e-05 alpha_d=1.8356690538e+00 alpha_p32q=1.8356690768e+00 alpha_p32n=1.8356708571e+00 rz32q=2.2379210350e-05 rz32n=2.2379204893e-05 alpha_full_q=1.8356690562e+00 alpha_full_n=1.8356703889e+00
  residual=1.888e+02
iter=168 pAp_d=9.1166879089e-06 p8q=1.6000000000e+01 p8n=8.0000000000e+00 p8q_e2=6.1035156250e-05 p8n_e2=3.8146972656e-06 p16q=1.2397766113e-05 p16n=7.6293945312e-06 p16q_e2=9.1195106506e-06 p16n_e2=8.5830688477e-06 p32q=9.1166875791e-06 p32n=9.1166857601e-06 p64q=9.1166879089e-06 p64n=9.1166879089e-06 alpha_d=1.9428804310e+00 alpha_p32q=1.9428805013e+00 alpha_p32n=1.9428808889e+00 rz32q=1.7712634872e-05 rz32n=1.7712631234e-05 alpha_full_q=1.9428805384e+00 alpha_full_n=1.9428805270e+00
  residual=2.458e+02
iter=169 pAp_d=9.2059262854e-06 p8q=2.4000000000e+01 p8n=8.0000000000e+00 p8q_e2=1.2207031250e-04 p8n_e2=5.9604644775e-08 p16q=1.3828277588e-05 p16n=9.5367431641e-06 p16q_e2=9.2387199402e-06 p16n_e2=8.5234642029e-06 p32q=9.2059262897e-06 p32n=9.2059181043e-06 p64q=9.2059262854e-06 p64n=9.2059262854e-06 alpha_d=2.2209122624e+00 alpha_p32q=2.2209122614e+00 alpha_p32n=2.2209142361e+00 rz32q=2.0445554583e-05 rz32n=2.0445557311e-05 alpha_full_q=2.2209122623e+00 alpha_full_n=2.2209145334e+00
  residual=2.396e+02
iter=170 pAp_d=1.1097263205e-05 p8q=1.6000000000e+01 p8n=8.0000000000e+00 p8q_e2=6.1035156250e-05 p8n_e2=9.5367431641e-07 p16q=1.4781951904e-05 p16n=1.0013580322e-05 p16q_e2=1.1086463928e-05 p16n_e2=1.0490417480e-05 p32q=1.1097263268e-05 p32n=1.1097264178e-05 p64q=1.1097263205e-05 p64n=1.1097263205e-05 alpha_d=1.8999317624e+00 alpha_p32q=1.8999317516e+00 alpha_p32n=1.8999315959e+00 rz32q=2.1084042601e-05 rz32n=2.1084039872e-05 alpha_full_q=1.8999317301e+00 alpha_full_n=1.8999313285e+00
  residual=2.305e+02
iter=171 pAp_d=1.0167032797e-05 p8q=1.2000000000e+01 p8n=7.5000000000e+00 p8q_e2=6.1035156250e-05 p8n_e2=9.5367431641e-07 p16q=1.2397766113e-05 p16n=9.0599060059e-06 p16q_e2=1.0192394257e-05 p16n_e2=9.4175338745e-06 p32q=1.0167032997e-05 p32n=1.0167031178e-05 p64q=1.0167032797e-05 p64n=1.0167032797e-05 alpha_d=2.0741405017e+00 alpha_p32q=2.0741404610e+00 alpha_p32n=2.0741408321e+00 rz32q=2.1087854293e-05 rz32n=2.1087858840e-05 alpha_full_q=2.0741404399e+00 alpha_full_n=2.0741412583e+00
  residual=2.586e+02
iter=172 pAp_d=1.0020435126e-05 p8q=1.6000000000e+01 p8n=8.0000000000e+00 p8q_e2=6.1035156250e-05 p8n_e2=9.5367431641e-07 p16q=1.3828277588e-05 p16n=7.6293945312e-06 p16q_e2=1.0013580322e-05 p16n_e2=9.1195106506e-06 p32q=1.0020435184e-05 p32n=1.0020439731e-05 p64q=1.0020435126e-05 p64n=1.0020435126e-05 alpha_d=2.3305374472e+00 alpha_p32q=2.3305374337e+00 alpha_p32n=2.3305363761e+00 rz32q=2.3352999051e-05 rz32n=2.3353000870e-05 alpha_full_q=2.3305374091e+00 alpha_full_n=2.3305365329e+00
  residual=2.819e+02
iter=173 pAp_d=1.4529384108e-05 p8q=1.6000000000e+01 p8n=8.0000000000e+00 p8q_e2=6.1035156250e-05 p8n_e2=3.8146972656e-06 p16q=1.7642974854e-05 p16n=1.3351440430e-05 p16q_e2=1.4543533325e-05 p16n_e2=1.3709068298e-05 p32q=1.4529384316e-05 p32n=1.4529380678e-05 p64q=1.4529384108e-05 p64n=1.4529384108e-05 alpha_d=2.1355755610e+00 alpha_p32q=2.1355755304e+00 alpha_p32n=2.1355760651e+00 rz32q=3.1028597732e-05 rz32n=3.1028597732e-05 alpha_full_q=2.1355755383e+00 alpha_full_n=2.1355760730e+00
  residual=2.930e+02
iter=174 pAp_d=1.6636184933e-05 p8q=1.0000000000e+01 p8n=3.6250000000e+00 p8q_e2=6.1035156250e-05 p8n_e2=5.9604644775e-08 p16q=1.8596649170e-05 p16n=1.3351440430e-05 p16q_e2=1.6629695892e-05 p16n_e2=1.5616416931e-05 p32q=1.6636185137e-05 p32n=1.6636195141e-05 p64q=1.6636184933e-05 p64n=1.6636184933e-05 alpha_d=1.8576548456e+00 alpha_p32q=1.8576548228e+00 alpha_p32n=1.8576537057e+00 rz32q=3.0904289815e-05 rz32n=3.0904275263e-05 alpha_full_q=1.8576548386e+00 alpha_full_n=1.8576528467e+00
  residual=2.997e+02
iter=175 pAp_d=1.4999545418e-05 p8q=1.6000000000e+01 p8n=8.0000000000e+00 p8q_e2=6.1035156250e-05 p8n_e2=1.5258789062e-05 p16q=1.8596649170e-05 p16n=1.5258789062e-05 p16q_e2=1.5020370483e-05 p16n_e2=1.4543533325e-05 p32q=1.4999545783e-05 p32n=1.4999552150e-05 p64q=1.4999545418e-05 p64n=1.4999545418e-05 alpha_d=1.9418327997e+00 alpha_p32q=1.9418327524e+00 alpha_p32n=1.9418319282e+00 rz32q=2.9126609661e-05 rz32n=2.9126602385e-05 alpha_full_q=1.9418327783e+00 alpha_full_n=1.9418314690e+00
  residual=2.713e+02
iter=176 pAp_d=1.4660377231e-05 p8q=1.4000000000e+01 p8n=7.0000000000e+00 p8q_e2=6.1035156250e-05 p8n_e2=3.8146972656e-06 p16q=1.7642974854e-05 p16n=9.5367431641e-06 p16q_e2=1.4662742615e-05 p16n_e2=1.3411045074e-05 p32q=1.4660377019e-05 p32n=1.4660379748e-05 p64q=1.4660377231e-05 p64n=1.4660377231e-05 alpha_d=1.9100400718e+00 alpha_p32q=1.9100400994e+00 alpha_p32n=1.9100397439e+00 rz32q=2.8001907594e-05 rz32n=2.8001908504e-05 alpha_full_q=1.9100400732e+00 alpha_full_n=1.9100397797e+00
  residual=2.206e+02
iter=177 pAp_d=1.1641529498e-05 p8q=6.5000000000e+00 p8n=5.5000000000e+00 p8q_e2=3.0517578125e-05 p8n_e2=9.5367431641e-07 p16q=1.2874603271e-05 p16n=8.5830688477e-06 p16q_e2=1.1622905731e-05 p16n_e2=1.0669231415e-05 p32q=1.1641529454e-05 p32n=1.1641521269e-05 p64q=1.1641529498e-05 p64n=1.1641529498e-05 alpha_d=2.0582773247e+00 alpha_p32q=2.0582773323e+00 alpha_p32n=2.0582787796e+00 rz32q=2.3961496481e-05 rz32n=2.3961498300e-05 alpha_full_q=2.0582773574e+00 alpha_full_n=2.0582789609e+00
  residual=2.572e+02
iter=178 pAp_d=1.2209302190e-05 p8q=1.6000000000e+01 p8n=8.0000000000e+00 p8q_e2=1.2207031250e-04 p8n_e2=1.5258789062e-05 p16q=1.6212463379e-05 p16n=9.5367431641e-06 p16q_e2=1.2218952179e-05 p16n_e2=1.1265277863e-05 p32q=1.2209302440e-05 p32n=1.2209310626e-05 p64q=1.2209302190e-05 p64n=1.2209302190e-05 alpha_d=1.8508822937e+00 alpha_p32q=1.8508822558e+00 alpha_p32n=1.8508810149e+00 rz32q=2.2597981115e-05 rz32n=2.2597998395e-05 alpha_full_q=1.8508822454e+00 alpha_full_n=1.8508824198e+00
  residual=2.696e+02
iter=179 pAp_d=1.0624579767e-05 p8q=1.2000000000e+01 p8n=6.5000000000e+00 p8q_e2=6.1035156250e-05 p8n_e2=3.8146972656e-06 p16q=1.2874603271e-05 p16n=9.0599060059e-06 p16q_e2=1.0609626770e-05 p16n_e2=1.0013580322e-05 p32q=1.0624579772e-05 p32n=1.0624591596e-05 p64q=1.0624579767e-05 p64n=1.0624579767e-05 alpha_d=1.9669166164e+00 alpha_p32q=1.9669166153e+00 alpha_p32n=1.9669144265e+00 rz32q=2.0897662580e-05 rz32n=2.0897668946e-05 alpha_full_q=1.9669166242e+00 alpha_full_n=1.9669150346e+00
  residual=2.207e+02
iter=180 pAp_d=1.0620430856e-05 p8q=1.0000000000e+01 p8n=5.5000000000e+00 p8q_e2=6.1035156250e-05 p8n_e2=9.5367431641e-07 p16q=1.2397766113e-05 p16n=9.5367431641e-06 p16q_e2=1.0609626770e-05 p16n_e2=9.8347663879e-06 p32q=1.0620430658e-05 p32n=1.0620421563e-05 p64q=1.0620430856e-05 p64n=1.0620430856e-05 alpha_d=1.9725566211e+00 alpha_p32q=1.9725566579e+00 alpha_p32n=1.9725583472e+00 rz32q=2.0949401005e-05 rz32n=2.0949396458e-05 alpha_full_q=1.9725566392e+00 alpha_full_n=1.9725579003e+00
  residual=2.411e+02
iter=181 pAp_d=1.0884875620e-05 p8q=1.6000000000e+01 p8n=8.0000000000e+00 p8q_e2=6.1035156250e-05 p8n_e2=9.5367431641e-07 p16q=1.3828277588e-05 p16n=8.1062316895e-06 p16q_e2=1.0907649994e-05 p16n_e2=1.0073184967e-05 p32q=1.0884875337e-05 p32n=1.0884876247e-05 p64q=1.0884875620e-05 p64n=1.0884875620e-05 alpha_d=1.8309790449e+00 alpha_p32q=1.8309790926e+00 alpha_p32n=1.8309789396e+00 rz32q=1.9929979317e-05 rz32n=1.9929986593e-05 alpha_full_q=1.8309791063e+00 alpha_full_n=1.8309796217e+00
  residual=2.342e+02
iter=182 pAp_d=9.1110553102e-06 p8q=1.0000000000e+01 p8n=3.7500000000e+00 p8q_e2=6.1035156250e-05 p8n_e2=0.0000000000e+00 p16q=1.1444091797e-05 p16n=7.6293945312e-06 p16q_e2=9.1195106506e-06 p16n_e2=8.7618827820e-06 p32q=9.1110550784e-06 p32n=9.1110550784e-06 p64q=9.1110553102e-06 p64n=9.1110553102e-06 alpha_d=1.8587108174e+00 alpha_p32q=1.8587108647e+00 alpha_p32n=1.8587108647e+00 rz32q=1.6934816813e-05 rz32n=1.6934812265e-05 alpha_full_q=1.8587108372e+00 alpha_full_n=1.8587103381e+00
  residual=1.765e+02
iter=183 pAp_d=6.8169058438e-06 p8q=8.0000000000e+00 p8n=4.5000000000e+00 p8q_e2=3.0517578125e-05 p8n_e2=9.5367431641e-07 p16q=8.1062316895e-06 p16n=4.2915344238e-06 p16q_e2=6.8247318268e-06 p16n_e2=6.4074993134e-06 p32q=6.8169056249e-06 p32n=6.8169056249e-06 p64q=6.8169058438e-06 p64n=6.8169058438e-06 alpha_d=2.0247980588e+00 alpha_p32q=2.0247981238e+00 alpha_p32n=2.0247981238e+00 rz32q=1.3802857211e-05 rz32n=1.3802868125e-05 alpha_full_q=2.0247980492e+00 alpha_full_n=2.0247996502e+00
  residual=2.044e+02
iter=184 pAp_d=7.4104555781e-06 p8q=1.2000000000e+01 p8n=5.0000000000e+00 p8q_e2=6.1035156250e-05 p8n_e2=5.9604644775e-08 p16q=1.0013580322e-05 p16n=5.9604644775e-06 p16q_e2=7.3909759521e-06 p16n_e2=6.8843364716e-06 p32q=7.4104555097e-06 p32n=7.4104482337e-06 p64q=7.4104555781e-06 p64n=7.4104555781e-06 alpha_d=2.0749509300e+00 alpha_p32q=2.0749509491e+00 alpha_p32n=2.0749529864e+00 rz32q=1.5376331248e-05 rz32n=1.5376327610e-05 alpha_full_q=2.0749508891e+00 alpha_full_n=2.0749524354e+00
  residual=2.021e+02
iter=185 pAp_d=7.3513197080e-06 p8q=8.0000000000e+00 p8n=4.0000000000e+00 p8q_e2=3.0517578125e-05 p8n_e2=9.5367431641e-07 p16q=9.0599060059e-06 p16n=4.7683715820e-06 p16q_e2=7.3611736298e-06 p16n_e2=6.8247318268e-06 p32q=7.3513197094e-06 p32n=7.3513215284e-06 p64q=7.3513197080e-06 p64n=7.3513197080e-06 alpha_d=2.0340157654e+00 alpha_p32q=2.0340157650e+00 alpha_p32n=2.0340152617e+00 rz32q=1.4952700440e-05 rz32n=1.4952697711e-05 alpha_full_q=2.0340158000e+00 alpha_full_n=2.0340149255e+00
  residual=2.336e+02
iter=186 pAp_d=8.4059686759e-06 p8q=4.5000000000e+00 p8n=4.0000000000e+00 p8q_e2=3.0517578125e-05 p8n_e2=0.0000000000e+00 p16q=9.0599060059e-06 p16n=5.7220458984e-06 p16q_e2=8.4042549133e-06 p16n_e2=7.9274177551e-06 p32q=8.4059684013e-06 p32n=8.4059656729e-06 p64q=8.4059686759e-06 p64n=8.4059686759e-06 alpha_d=1.9937990291e+00 alpha_p32q=1.9937990942e+00 alpha_p32n=1.9937997414e+00 rz32q=1.6759811842e-05 rz32n=1.6759815480e-05 alpha_full_q=1.9937990535e+00 alpha_full_n=1.9938001334e+00
  residual=2.015e+02
iter=187 pAp_d=8.2954267631e-06 p8q=1.0000000000e+01 p8n=4.0000000000e+00 p8q_e2=3.0517578125e-05 p8n_e2=3.8146972656e-06 p16q=1.0013580322e-05 p16n=5.0067901611e-06 p16q_e2=8.2850456238e-06 p16n_e2=7.6889991760e-06 p32q=8.2954265963e-06 p32n=8.2954311438e-06 p64q=8.2954267631e-06 p64n=8.2954267631e-06 alpha_d=2.1219876826e+00 alpha_p32q=2.1219877253e+00 alpha_p32n=2.1219865620e+00 rz32q=1.7602793378e-05 rz32n=1.7602796106e-05 alpha_full_q=2.1219877210e+00 alpha_full_n=2.1219868866e+00
  residual=2.279e+02
iter=188 pAp_d=9.0511343728e-06 p8q=3.8750000000e+00 p8n=3.8750000000e+00 p8q_e2=1.5258789062e-05 p8n_e2=9.5367431641e-07 p16q=9.5367431641e-06 p16n=6.1988830566e-06 p16q_e2=9.0599060059e-06 p16n_e2=8.5234642029e-06 p32q=9.0511339295e-06 p32n=9.0511348390e-06 p64q=9.0511343728e-06 p64n=9.0511343728e-06 alpha_d=1.9451577143e+00 alpha_p32q=1.9451578096e+00 alpha_p32n=1.9451576141e+00 rz32q=1.7605883841e-05 rz32n=1.7605879293e-05 alpha_full_q=1.9451578087e+00 alpha_full_n=1.9451571108e+00
  residual=2.080e+02
iter=189 pAp_d=8.7014073069e-06 p8q=6.5000000000e+00 p8n=5.0000000000e+00 p8q_e2=3.0517578125e-05 p8n_e2=3.8146972656e-06 p16q=1.0013580322e-05 p16n=6.9141387939e-06 p16q_e2=8.7022781372e-06 p16n_e2=8.1658363342e-06 p32q=8.7014077508e-06 p32n=8.7014041128e-06 p64q=8.7014073069e-06 p64n=8.7014073069e-06 alpha_d=1.8416009577e+00 alpha_p32q=1.8416008638e+00 alpha_p32n=1.8416016337e+00 rz32q=1.6024519937e-05 rz32n=1.6024522665e-05 alpha_full_q=1.8416008531e+00 alpha_full_n=1.8416019366e+00
  residual=2.080e+02
iter=190 pAp_d=7.7795265596e-06 p8q=1.0000000000e+01 p8n=5.5000000000e+00 p8q_e2=3.0517578125e-05 p8n_e2=9.5367431641e-07 p16q=9.5367431641e-06 p16n=6.1988830566e-06 p16q_e2=7.7486038208e-06 p16n_e2=7.1823596954e-06 p32q=7.7795266407e-06 p32n=7.7795211837e-06 p64q=7.7795265596e-06 p64n=7.7795265596e-06 alpha_d=1.7589026744e+00 alpha_p32q=1.7589026561e+00 alpha_p32n=1.7589038898e+00 rz32q=1.3683429643e-05 rz32n=1.3683422367e-05 alpha_full_q=1.7589026010e+00 alpha_full_n=1.7589028995e+00
  residual=1.676e+02
iter=191 pAp_d=5.9319544589e-06 p8q=7.0000000000e+00 p8n=4.0000000000e+00 p8q_e2=3.0517578125e-05 p8n_e2=9.5367431641e-07 p16q=7.1525573730e-06 p16n=3.5762786865e-06 p16q_e2=5.9306621552e-06 p16n_e2=5.4240226746e-06 p32q=5.9319545471e-06 p32n=5.9319527281e-06 p64q=5.9319544589e-06 p64n=5.9319544589e-06 alpha_d=1.7956877392e+00 alpha_p32q=1.7956877125e+00 alpha_p32n=1.7956882631e+00 rz32q=1.0651938283e-05 rz32n=1.0651942830e-05 alpha_full_q=1.7956877784e+00 alpha_full_n=1.7956890957e+00
  residual=1.404e+02
iter=192 pAp_d=4.1640504224e-06 p8q=4.5000000000e+00 p8n=4.0000000000e+00 p8q_e2=3.0517578125e-05 p8n_e2=9.5367431641e-07 p16q=5.0067901611e-06 p16n=2.8610229492e-06 p16q_e2=4.1723251343e-06 p16n_e2=3.9339065552e-06 p32q=4.1640505515e-06 p32n=4.1640510062e-06 p64q=4.1640504224e-06 p64n=4.1640504224e-06 alpha_d=2.0560959376e+00 alpha_p32q=2.0560958739e+00 alpha_p32n=2.0560956494e+00 rz32q=8.5616875367e-06 rz32n=8.5616866272e-06 alpha_full_q=2.0560959649e+00 alpha_full_n=2.0560955220e+00
  residual=1.684e+02
iter=193 pAp_d=4.7329478060e-06 p8q=7.5000000000e+00 p8n=4.0000000000e+00 p8q_e2=3.0517578125e-05 p8n_e2=9.5367431641e-07 p16q=6.1988830566e-06 p16n=2.8610229492e-06 p16q_e2=4.7385692596e-06 p16n_e2=4.3809413910e-06 p32q=4.7329476729e-06 p32n=4.7329504014e-06 p64q=4.7329478060e-06 p64n=4.7329478060e-06 alpha_d=1.9322569799e+00 alpha_p32q=1.9322570342e+00 alpha_p32n=1.9322559203e+00 rz32q=9.1452711786e-06 rz32n=9.1452666311e-06 alpha_full_q=1.9322569803e+00 alpha_full_n=1.9322549056e+00
  residual=1.567e+02
iter=194 pAp_d=4.3817196359e-06 p8q=5.0000000000e+00 p8n=3.7500000000e+00 p8q_e2=3.0517578125e-05 p8n_e2=5.9604644775e-08 p16q=5.2452087402e-06 p16n=2.1457672119e-06 p16q_e2=4.3809413910e-06 p16n_e2=4.2915344238e-06 p32q=4.3817194637e-06 p32n=4.3817190090e-06 p64q=4.3817196359e-06 p64n=4.3817196359e-06 alpha_d=2.0136688383e+00 alpha_p32q=2.0136689175e+00 alpha_p32n=2.0136691265e+00 rz32q=8.8233318820e-06 rz32n=8.8233346105e-06 alpha_full_q=2.0136688246e+00 alpha_full_n=2.0136696562e+00
  residual=1.282e+02
iter=195 pAp_d=4.6360421124e-06 p8q=2.5000000000e+00 p8n=3.7500000000e+00 p8q_e2=1.5258789062e-05 p8n_e2=9.5367431641e-07 p16q=5.0067901611e-06 p16n=1.9073486328e-06 p16q_e2=4.6491622925e-06 p16n_e2=4.3213367462e-06 p32q=4.6360419219e-06 p32n=4.6360405577e-06 p64q=4.6360421124e-06 p64n=4.6360421124e-06 alpha_d=1.7659812476e+00 alpha_p32q=1.7659813202e+00 alpha_p32n=1.7659818398e+00 rz32q=8.1871630755e-06 rz32n=8.1871594375e-06 alpha_full_q=1.7659812429e+00 alpha_full_n=1.7659809779e+00
  residual=1.320e+02
iter=196 pAp_d=3.4121699717e-06 p8q=8.0000000000e+00 p8n=4.0000000000e+00 p8q_e2=3.0517578125e-05 p8n_e2=9.5367431641e-07 p16q=5.2452087402e-06 p16n=1.9073486328e-06 p16q_e2=3.4123659134e-06 p16n_e2=3.1590461731e-06 p32q=3.4121699173e-06 p32n=3.4121687804e-06 p64q=3.4121699717e-06 p64n=3.4121699717e-06 alpha_d=1.7685325402e+00 alpha_p32q=1.7685325684e+00 alpha_p32n=1.7685331577e+00 rz32q=6.0345337261e-06 rz32n=6.0345346355e-06 alpha_full_q=1.7685325972e+00 alpha_full_n=1.7685334530e+00
  residual=1.317e+02
iter=197 pAp_d=2.6330387711e-06 p8q=3.1250000000e+00 p8n=3.8750000000e+00 p8q_e2=1.5258789062e-05 p8n_e2=9.5367431641e-07 p16q=3.0994415283e-06 p16n=7.1525573730e-07 p16q_e2=2.6375055313e-06 p16n_e2=2.4735927582e-06 p32q=2.6330387755e-06 p32n=2.6330415039e-06 p64q=2.6330387711e-06 p64n=2.6330387711e-06 alpha_d=1.8237763419e+00 alpha_p32q=1.8237763389e+00 alpha_p32n=1.8237744490e+00 rz32q=4.8020738177e-06 rz32n=4.8020760914e-06 alpha_full_q=1.8237763388e+00 alpha_full_n=1.8237753124e+00
  residual=1.096e+02
iter=198 pAp_d=2.1871059654e-06 p8q=4.0000000000e+00 p8n=4.0000000000e+00 p8q_e2=1.5258789062e-05 p8n_e2=9.5367431641e-07 p16q=3.0994415283e-06 p16n=1.1920928955e-06 p16q_e2=2.1904706955e-06 p16n_e2=2.0265579224e-06 p32q=2.1871060198e-06 p32n=2.1871046556e-06 p64q=2.1871059654e-06 p64n=2.1871059654e-06 alpha_d=2.0384437387e+00 alpha_p32q=2.0384436879e+00 alpha_p32n=2.0384449594e+00 rz32q=4.4582925511e-06 rz32n=4.4582898227e-06 alpha_full_q=2.0384437291e+00 alpha_full_n=2.0384437531e+00
  residual=1.060e+02
iter=199 pAp_d=2.3519051626e-06 p8q=6.5000000000e+00 p8n=3.8750000000e+00 p8q_e2=3.0517578125e-05 p8n_e2=5.9604644775e-08 p16q=3.5762786865e-06 p16n=1.4305114746e-06 p16q_e2=2.3543834686e-06 p16n_e2=2.2053718567e-06 p32q=2.3519050956e-06 p32n=2.3519046408e-06 p64q=2.3519051626e-06 p64n=2.3519051626e-06 alpha_d=1.8318081885e+00 alpha_p32q=1.8318082407e+00 alpha_p32n=1.8318085949e+00 rz32q=4.3082391130e-06 rz32n=4.3082404773e-06 alpha_full_q=1.8318082312e+00 alpha_full_n=1.8318091654e+00
  residual=1.035e+02
iter=200 pAp_d=2.0116691566e-06 p8q=4.0000000000e+00 p8n=4.0000000000e+00 p8q_e2=1.5258789062e-05 p8n_e2=9.5367431641e-07 p16q=2.8610229492e-06 p16n=1.1920928955e-06 p16q_e2=2.0116567612e-06 p16n_e2=1.9222497940e-06 p32q=2.0116690393e-06 p32n=2.0116694941e-06 p64q=2.0116691566e-06 p64n=2.0116691566e-06 alpha_d=1.8161241446e+00 alpha_p32q=1.8161242505e+00 alpha_p32n=1.8161238399e+00 rz32q=3.6534408991e-06 rz32n=3.6534390802e-06 alpha_full_q=1.8161242370e+00 alpha_full_n=1.8161229222e+00
  residual=8.892e+01
iter=201 pAp_d=1.5429667893e-06 p8q=3.0000000000e+00 p8n=3.5000000000e+00 p8q_e2=1.5258789062e-05 p8n_e2=9.5367431641e-07 p16q=2.1457672119e-06 p16n=4.7683715820e-07 p16q_e2=1.5422701836e-06 p16n_e2=1.4603137970e-06 p32q=1.5429667428e-06 p32n=1.5429664018e-06 p64q=1.5429667893e-06 p64n=1.5429667893e-06 alpha_d=2.1702691177e+00 alpha_p32q=2.1702691830e+00 alpha_p32n=2.1702696628e+00 rz32q=3.3486530810e-06 rz32n=3.3486508073e-06 alpha_full_q=2.1702691238e+00 alpha_full_n=2.1702681299e+00
  residual=9.610e+01
iter=202 pAp_d=1.7381668262e-06 p8q=3.2500000000e+00 p8n=3.7500000000e+00 p8q_e2=1.5258789062e-05 p8n_e2=5.9604644775e-08 p16q=2.3841857910e-06 p16n=8.3446502686e-07 p16q_e2=1.7359852791e-06 p16n_e2=1.5944242477e-06 p32q=1.7381668158e-06 p32n=1.7381661337e-06 p64q=1.7381668262e-06 p64n=1.7381668262e-06 alpha_d=2.0077051402e+00 alpha_p32q=2.0077051522e+00 alpha_p32n=2.0077059401e+00 rz32q=3.4897263959e-06 rz32n=3.4897257137e-06 alpha_full_q=2.0077051087e+00 alpha_full_n=2.0077055041e+00
  residual=1.086e+02
iter=203 pAp_d=1.9139154548e-06 p8q=4.0000000000e+00 p8n=3.7500000000e+00 p8q_e2=1.5258789062e-05 p8n_e2=9.5367431641e-07 p16q=2.6226043701e-06 p16n=1.1920928955e-06 p16q_e2=1.9073486328e-06 p16n_e2=1.7285346985e-06 p32q=1.9139154119e-06 p32n=1.9139147298e-06 p64q=1.9139154548e-06 p64n=1.9139154548e-06 alpha_d=1.6896720289e+00 alpha_p32q=1.6896720668e+00 alpha_p32n=1.6896726690e+00 rz32q=3.2338894016e-06 rz32n=3.2338878100e-06 alpha_full_q=1.6896720625e+00 alpha_full_n=1.6896718331e+00
  residual=7.632e+01
iter=204 pAp_d=1.2458890341e-06 p8q=1.3437500000e+00 p8n=1.9375000000e+00 p8q_e2=3.8146972656e-06 p8n_e2=5.9604644775e-08 p16q=1.4305114746e-06 p16n=4.7683715820e-07 p16q_e2=1.2442469597e-06 p16n_e2=1.1548399925e-06 p32q=1.2458890524e-06 p32n=1.2458891661e-06 p64q=1.2458890341e-06 p64n=1.2458890341e-06 alpha_d=2.0415478967e+00 alpha_p32q=2.0415478668e+00 alpha_p32n=2.0415476805e+00 rz32q=2.5435422231e-06 rz32n=2.5435415409e-06 alpha_full_q=2.0415479358e+00 alpha_full_n=2.0415472020e+00
  residual=8.439e+01
iter=205 pAp_d=1.3799991154e-06 p8q=4.0000000000e+00 p8n=4.0000000000e+00 p8q_e2=1.5258789062e-05 p8n_e2=9.5367431641e-07 p16q=2.3841857910e-06 p16n=5.9604644775e-07 p16q_e2=1.3783574104e-06 p16n_e2=1.2665987015e-06 p32q=1.3799990484e-06 p32n=1.3799995031e-06 p64q=1.3799991154e-06 p64n=1.3799991154e-06 alpha_d=1.7429748755e+00 alpha_p32q=1.7429749601e+00 alpha_p32n=1.7429743858e+00 rz32q=2.4053038032e-06 rz32n=2.4053035759e-06 alpha_full_q=1.7429749724e+00 alpha_full_n=1.7429742333e+00
  residual=7.830e+01
iter=206 pAp_d=8.9910425280e-07 p8q=1.9062500000e+00 p8n=2.6250000000e+00 p8q_e2=1.5258789062e-05 p8n_e2=9.5367431641e-07 p16q=1.3113021851e-06 p16n=1.1920928955e-07 p16q_e2=9.0152025223e-07 p16n_e2=7.9721212387e-07 p32q=8.9910429324e-07 p32n=8.9910349743e-07 p64q=8.9910425280e-07 p64n=8.9910425280e-07 alpha_d=2.2250640961e+00 alpha_p32q=2.2250639960e+00 alpha_p32n=2.2250659655e+00 rz32q=2.0005645638e-06 rz32n=2.0005650185e-06 alpha_full_q=2.2250639651e+00 alpha_full_n=2.2250664403e+00
  residual=7.876e+01
iter=207 pAp_d=1.1972482372e-06 p8q=1.8437500000e+00 p8n=3.0000000000e+00 p8q_e2=1.5258789062e-05 p8n_e2=9.5367431641e-07 p16q=1.5497207642e-06 p16n=4.7683715820e-07 p16q_e2=1.1995434761e-06 p16n_e2=1.0877847672e-06 p32q=1.1972482525e-06 p32n=1.1972470020e-06 p64q=1.1972482372e-06 p64n=1.1972482372e-06 alpha_d=2.0078639977e+00 alpha_p32q=2.0078639720e+00 alpha_p32n=2.0078660693e+00 rz32q=2.4039115942e-06 rz32n=2.4039100026e-06 alpha_full_q=2.0078639406e+00 alpha_full_n=2.0078647085e+00
  residual=8.382e+01
iter=208 pAp_d=1.2295849679e-06 p8q=2.7500000000e+00 p8n=2.8750000000e+00 p8q_e2=1.5258789062e-05 p8n_e2=9.5367431641e-07 p16q=1.7881393433e-06 p16n=2.3841857910e-07 p16q_e2=1.2293457985e-06 p16n_e2=1.0728836060e-06 p32q=1.2295848819e-06 p32n=1.2295844272e-06 p64q=1.2295849679e-06 p64n=1.2295849679e-06 alpha_d=1.9447201694e+00 alpha_p32q=1.9447203055e+00 alpha_p32n=1.9447210247e+00 rz32q=2.3911986773e-06 rz32n=2.3911993594e-06 alpha_full_q=1.9447202974e+00 alpha_full_n=1.9447215714e+00
  residual=8.564e+01
iter=209 pAp_d=1.1004571451e-06 p8q=1.4687500000e+00 p8n=2.7500000000e+00 p8q_e2=3.8146972656e-06 p8n_e2=9.5367431641e-07 p16q=1.3113021851e-06 p16n=4.7683715820e-07 p16q_e2=1.1026859283e-06 p16n_e2=9.6112489700e-07 p32q=1.1004572116e-06 p32n=1.1004578937e-06 p64q=1.1004571451e-06 p64n=1.1004571451e-06 alpha_d=2.1091237708e+00 alpha_p32q=2.1091236433e+00 alpha_p32n=2.1091223360e+00 rz32q=2.3210002382e-06 rz32n=2.3210011477e-06 alpha_full_q=2.1091235659e+00 alpha_full_n=2.1091230850e+00
  residual=7.999e+01
iter=210 pAp_d=1.1718379580e-06 p8q=1.0625000000e+00 p8n=2.2500000000e+00 p8q_e2=3.8146972656e-06 p8n_e2=5.9604644775e-08 p16q=1.3113021851e-06 p16n=4.7683715820e-07 p16q_e2=1.1697411537e-06 p16n_e2=1.0728836060e-06 p32q=1.1718379938e-06 p32n=1.1718379938e-06 p64q=1.1718379580e-06 p64n=1.1718379580e-06 alpha_d=2.2853122386e+00 alpha_p32q=2.2853121688e+00 alpha_p32n=2.2853121688e+00 rz32q=2.6780155622e-06 rz32n=2.6780146527e-06 alpha_full_q=2.2853121135e+00 alpha_full_n=2.2853113374e+00
  residual=9.951e+01
iter=211 pAp_d=1.6710574736e-06 p8q=1.2500000000e+00 p8n=2.2500000000e+00 p8q_e2=3.8146972656e-06 p8n_e2=9.5367431641e-07 p16q=1.9073486328e-06 p16n=7.1525573730e-07 p16q_e2=1.6689300537e-06 p16n_e2=1.5646219254e-06 p32q=1.6710574755e-06 p32n=1.6710567934e-06 p64q=1.6710574736e-06 p64n=1.6710574736e-06 alpha_d=1.8041013739e+00 alpha_p32q=1.8041013718e+00 alpha_p32n=1.8041021082e+00 rz32q=3.0147571124e-06 rz32n=3.0147559755e-06 alpha_full_q=1.8041013888e+00 alpha_full_n=1.8041014449e+00
  residual=9.224e+01
iter=212 pAp_d=1.2582355634e-06 p8q=9.3750000000e-01 p8n=2.2500000000e+00 p8q_e2=3.8146972656e-06 p8n_e2=9.5367431641e-07 p16q=1.4305114746e-06 p16n=4.7683715820e-07 p16q_e2=1.2591481209e-06 p16n_e2=1.1697411537e-06 p32q=1.2582355566e-06 p32n=1.2582373756e-06 p64q=1.2582355634e-06 p64n=1.2582355634e-06 alpha_d=2.1009165345e+00 alpha_p32q=2.1009165457e+00 alpha_p32n=2.1009135085e+00 rz32q=2.6434479423e-06 rz32n=2.6434452138e-06 alpha_full_q=2.1009165799e+00 alpha_full_n=2.1009113742e+00
  residual=8.700e+01
iter=213 pAp_d=1.5411282391e-06 p8q=1.1562500000e+00 p8n=2.5000000000e+00 p8q_e2=3.8146972656e-06 p8n_e2=9.5367431641e-07 p16q=1.6689300537e-06 p16n=4.7683715820e-07 p16q_e2=1.5422701836e-06 p16n_e2=1.4156103134e-06 p32q=1.5411281993e-06 p32n=1.5411266077e-06 p64q=1.5411282391e-06 p64n=1.5411282391e-06 alpha_d=1.9724055142e+00 alpha_p32q=1.9724055652e+00 alpha_p32n=1.9724076022e+00 rz32q=3.0397297905e-06 rz32n=3.0397281989e-06 alpha_full_q=1.9724055351e+00 alpha_full_n=1.9724065394e+00
  residual=9.195e+01
iter=214 pAp_d=1.3084585803e-06 p8q=5.9375000000e-01 p8n=2.2500000000e+00 p8q_e2=3.8146972656e-06 p8n_e2=9.5367431641e-07 p16q=1.3113021851e-06 p16n=7.1525573730e-07 p16q_e2=1.3113021851e-06 p16n_e2=1.2591481209e-06 p32q=1.3084585362e-06 p32n=1.3084587636e-06 p64q=1.3084585803e-06 p64n=1.3084585803e-06 alpha_d=2.1787319039e+00 alpha_p32q=2.1787319773e+00 alpha_p32n=2.1787315987e+00 rz32q=2.8507804473e-06 rz32n=2.8507806746e-06 alpha_full_q=2.1787319723e+00 alpha_full_n=2.1787317675e+00
  residual=1.042e+02
iter=215 pAp_d=1.8401347614e-06 p8q=1.8125000000e+00 p8n=2.5000000000e+00 p8q_e2=1.5258789062e-05 p8n_e2=9.5367431641e-07 p16q=2.1457672119e-06 p16n=9.5367431641e-07 p16q_e2=1.8402934074e-06 p16n_e2=1.7583370209e-06 p32q=1.8401347006e-06 p32n=1.8401348143e-06 p64q=1.8401347614e-06 p64n=1.8401347614e-06 alpha_d=1.7519999651e+00 alpha_p32q=1.7520000230e+00 alpha_p32n=1.7519999148e+00 rz32q=3.2239161101e-06 rz32n=3.2239163374e-06 alpha_full_q=1.7520000623e+00 alpha_full_n=1.7520000776e+00
  residual=8.641e+01
iter=216 pAp_d=1.2168127251e-06 p8q=1.0625000000e+00 p8n=2.1250000000e+00 p8q_e2=3.8146972656e-06 p8n_e2=9.5367431641e-07 p16q=1.4305114746e-06 p16n=4.7683715820e-07 p16q_e2=1.2144446373e-06 p16n_e2=1.1101365089e-06 p32q=1.2168127341e-06 p32n=1.2168123931e-06 p64q=1.2168127251e-06 p64n=1.2168127251e-06 alpha_d=2.3896155406e+00 alpha_p32q=2.3896155229e+00 alpha_p32n=2.3896161926e+00 rz32q=2.9077145882e-06 rz32n=2.9077161798e-06 alpha_full_q=2.3896155149e+00 alpha_full_n=2.3896174927e+00
  residual=9.851e+01
iter=217 pAp_d=1.7136357520e-06 p8q=1.7500000000e+00 p8n=2.5000000000e+00 p8q_e2=1.5258789062e-05 p8n_e2=9.5367431641e-07 p16q=1.9073486328e-06 p16n=1.1920928955e-06 p16q_e2=1.7136335373e-06 p16n_e2=1.5944242477e-06 p32q=1.7136356973e-06 p32n=1.7136353563e-06 p64q=1.7136357520e-06 p64n=1.7136357520e-06 alpha_d=1.8761381537e+00 alpha_p32q=1.8761382136e+00 alpha_p32n=1.8761385870e+00 rz32q=3.2150173865e-06 rz32n=3.2150187508e-06 alpha_full_q=1.8761381964e+00 alpha_full_n=1.8761393659e+00
  residual=1.041e+02
iter=218 pAp_d=1.5741275042e-06 p8q=7.3437500000e-01 p8n=1.9375000000e+00 p8q_e2=3.8146972656e-06 p8n_e2=9.5367431641e-07 p16q=1.6689300537e-06 p16n=2.3841857910e-07 p16q_e2=1.5720725060e-06 p16n_e2=1.4752149582e-06 p32q=1.5741275092e-06 p32n=1.5741280777e-06 p64q=1.5741275042e-06 p64n=1.5741275042e-06 alpha_d=2.0904372255e+00 alpha_p32q=2.0904372188e+00 alpha_p32n=2.0904364640e+00 rz32q=3.2906148135e-06 rz32n=3.2906145861e-06 alpha_full_q=2.0904372703e+00 alpha_full_n=2.0904363710e+00
  residual=8.709e+01
iter=219 pAp_d=1.8543622026e-06 p8q=9.5312500000e-01 p8n=2.1250000000e+00 p8q_e2=3.8146972656e-06 p8n_e2=9.5367431641e-07 p16q=1.9073486328e-06 p16n=1.0728836060e-06 p16q_e2=1.8551945686e-06 p16n_e2=1.7657876015e-06 p32q=1.8543621536e-06 p32n=1.8543621536e-06 p64q=1.8543622026e-06 p64n=1.8543622026e-06 alpha_d=1.7706167026e+00 alpha_p32q=1.7706167493e+00 alpha_p32n=1.7706167493e+00 rz32q=3.2833647765e-06 rz32n=3.2833661407e-06 alpha_full_q=1.7706167968e+00 alpha_full_n=1.7706175325e+00
  residual=8.776e+01
iter=220 pAp_d=1.4403557571e-06 p8q=1.1250000000e+00 p8n=2.1250000000e+00 p8q_e2=3.8146972656e-06 p8n_e2=9.5367431641e-07 p16q=1.5497207642e-06 p16n=9.5367431641e-07 p16q_e2=1.4379620552e-06 p16n_e2=1.3262033463e-06 p32q=1.4403557316e-06 p32n=1.4403568684e-06 p64q=1.4403557571e-06 p64n=1.4403557571e-06 alpha_d=1.7046440679e+00 alpha_p32q=1.7046440982e+00 alpha_p32n=1.7046427527e+00 rz32q=2.4552939522e-06 rz32n=2.4552932700e-06 alpha_full_q=1.7046441364e+00 alpha_full_n=1.7046423173e+00
  residual=8.115e+01
iter=221 pAp_d=9.4649935289e-07 p8q=7.3437500000e-01 p8n=2.1250000000e+00 p8q_e2=3.8146972656e-06 p8n_e2=9.5367431641e-07 p16q=1.0728836060e-06 p16n=1.1920928955e-07 p16q_e2=9.4622373581e-07 p16n_e2=8.4191560745e-07 p32q=9.4649931270e-07 p32n=9.4649897164e-07 p64q=9.4649935289e-07 p64n=9.4649935289e-07 alpha_d=2.0598410516e+00 alpha_p32q=2.0598411391e+00 alpha_p32n=2.0598418813e+00 rz32q=1.9496383175e-06 rz32n=1.9496378627e-06 alpha_full_q=2.0598412395e+00 alpha_full_n=2.0598415013e+00
  residual=7.170e+01
iter=222 pAp_d=8.8512976589e-07 p8q=8.1250000000e-01 p8n=1.9375000000e+00 p8q_e2=3.8146972656e-06 p8n_e2=9.5367431641e-07 p16q=9.5367431641e-07 p16n=4.7683715820e-07 p16q_e2=8.8661909103e-07 p16n_e2=8.1956386566e-07 p32q=8.8512979346e-07 p32n=8.8512945240e-07 p64q=8.8512976589e-07 p64n=8.8512976589e-07 alpha_d=2.0837993039e+00 alpha_p32q=2.0837992390e+00 alpha_p32n=2.0838000419e+00 rz32q=1.8444327452e-06 rz32n=1.8444324041e-06 alpha_full_q=2.0837991884e+00 alpha_full_n=2.0837996060e+00
  residual=8.706e+01
iter=223 pAp_d=1.0897540486e-06 p8q=1.4687500000e+00 p8n=2.2500000000e+00 p8q_e2=3.8146972656e-06 p8n_e2=9.5367431641e-07 p16q=1.3113021851e-06 p16n=4.7683715820e-07 p16q_e2=1.0877847672e-06 p16n_e2=1.0281801224e-06 p32q=1.0897540506e-06 p32n=1.0897543916e-06 p64q=1.0897540486e-06 p64n=1.0897540486e-06 alpha_d=1.9363947659e+00 alpha_p32q=1.9363947624e+00 alpha_p32n=1.9363941563e+00 rz32q=2.1101939183e-06 rz32n=2.1101930088e-06 alpha_full_q=1.9363946546e+00 alpha_full_n=1.9363932139e+00
  residual=8.105e+01
iter=224 pAp_d=9.4275211098e-07 p8q=3.1250000000e-01 p8n=1.9375000000e+00 p8q_e2=3.8146972656e-06 p8n_e2=9.5367431641e-07 p16q=9.5367431641e-07 p16n=4.7683715820e-07 p16q_e2=9.3877315521e-07 p16n_e2=8.5681676865e-07 p32q=9.4275208085e-07 p32n=9.4275219453e-07 p64q=9.4275211098e-07 p64n=9.4275211098e-07 alpha_d=2.0817289717e+00 alpha_p32q=2.0817290382e+00 alpha_p32n=2.0817287872e+00 rz32q=1.9625542791e-06 rz32n=1.9625535970e-06 alpha_full_q=2.0817289285e+00 alpha_full_n=2.0817279539e+00
  residual=7.897e+01
iter=225 pAp_d=1.1042111289e-06 p8q=1.3125000000e+00 p8n=2.1250000000e+00 p8q_e2=3.8146972656e-06 p8n_e2=9.5367431641e-07 p16q=1.3113021851e-06 p16n=2.3841857910e-07 p16q_e2=1.1026859283e-06 p16n_e2=1.0058283806e-06 p32q=1.1042111510e-06 p32n=1.1042108099e-06 p64q=1.1042111289e-06 p64n=1.1042111289e-06 alpha_d=2.0422187336e+00 alpha_p32q=2.0422186928e+00 alpha_p32n=2.0422193236e+00 rz32q=2.2550407266e-06 rz32n=2.2550409540e-06 alpha_full_q=2.0422187592e+00 alpha_full_n=2.0422195959e+00
  residual=8.481e+01
iter=226 pAp_d=1.1348810160e-06 p8q=7.3437500000e-01 p8n=1.2500000000e+00 p8q_e2=3.8146972656e-06 p8n_e2=9.5367431641e-07 p16q=1.1920928955e-06 p16n=7.1525573730e-07 p16q_e2=1.1324882507e-06 p16n_e2=1.0132789612e-06 p32q=1.1348810176e-06 p32n=1.1348822682e-06 p64q=1.1348810160e-06 p64n=1.1348810160e-06 alpha_d=1.7439300032e+00 alpha_p32q=1.7439300008e+00 alpha_p32n=1.7439280791e+00 rz32q=1.9791530121e-06 rz32n=1.9791530121e-06 alpha_full_q=1.7439299640e+00 alpha_full_n=1.7439280423e+00
  residual=7.496e+01
iter=227 pAp_d=8.2963241045e-07 p8q=5.7812500000e-01 p8n=2.2500000000e+00 p8q_e2=3.8146972656e-06 p8n_e2=9.5367431641e-07 p16q=8.3446502686e-07 p16n=3.5762786865e-07 p16q_e2=8.2701444626e-07 p16n_e2=7.8231096268e-07 p32q=8.2963242676e-07 p32n=8.2963117620e-07 p64q=8.2963241045e-07 p64n=8.2963241045e-07 alpha_d=1.8846547433e+00 alpha_p32q=1.8846547063e+00 alpha_p32n=1.8846575471e+00 rz32q=1.5635706632e-06 rz32n=1.5635704358e-06 alpha_full_q=1.8846547130e+00 alpha_full_n=1.8846572798e+00
  residual=6.726e+01
iter=228 pAp_d=7.3035401225e-07 p8q=4.8437500000e-01 p8n=1.5625000000e+00 p8q_e2=3.8146972656e-06 p8n_e2=-9.5367431641e-07 p16q=7.1525573730e-07 p16n=2.3841857910e-07 p16q_e2=7.3015689850e-07 p16n_e2=6.4074993134e-07 p32q=7.3035403148e-07 p32n=7.3035391779e-07 p64q=7.3035401225e-07 p64n=7.3035401225e-07 alpha_d=1.9198858192e+00 alpha_p32q=1.9198857687e+00 alpha_p32n=1.9198860675e+00 rz32q=1.4021962897e-06 rz32n=1.4021968582e-06 alpha_full_q=1.9198857394e+00 alpha_full_n=1.9198868166e+00
  residual=7.359e+01
iter=229 pAp_d=8.0766282185e-07 p8q=6.2500000000e-01 p8n=1.8125000000e+00 p8q_e2=3.8146972656e-06 p8n_e2=5.9604644775e-08 p16q=8.3446502686e-07 p16n=1.1920928955e-07 p16q_e2=8.0466270447e-07 p16n_e2=7.5995922089e-07 p32q=8.0766290012e-07 p32n=8.0766301380e-07 p64q=8.0766282185e-07 p64n=8.0766282185e-07 alpha_d=1.6590625217e+00 alpha_p32q=1.6590623609e+00 alpha_p32n=1.6590621274e+00 rz32q=1.3399630916e-06 rz32n=1.3399640011e-06 alpha_full_q=1.6590623284e+00 alpha_full_n=1.6590632209e+00
  residual=5.411e+01
iter=230 pAp_d=4.2734955292e-07 p8q=6.5625000000e-01 p8n=2.1250000000e+00 p8q_e2=3.8146972656e-06 p8n_e2=9.5367431641e-07 p16q=4.7683715820e-07 p16n=1.1920928955e-07 p16q_e2=4.2840838432e-07 p16n_e2=3.9488077164e-07 p32q=4.2734956196e-07 p32n=4.2735030092e-07 p64q=4.2734955292e-07 p64n=4.2734955292e-07 alpha_d=1.7576734531e+00 alpha_p32q=1.7576734159e+00 alpha_p32n=1.7576703766e+00 rz32q=7.5114098763e-07 rz32n=7.5113962339e-07 alpha_full_q=1.7576734704e+00 alpha_full_n=1.7576672387e+00
  residual=5.021e+01
iter=231 pAp_d=3.1234697502e-07 p8q=2.6562500000e-01 p8n=1.8750000000e+00 p8q_e2=9.5367431641e-07 p8n_e2=9.5367431641e-07 p16q=2.9802322388e-07 p16n=1.1920928955e-07 p16q_e2=3.1292438507e-07 p16n_e2=2.9429793358e-07 p32q=3.1234696962e-07 p32n=3.1234719700e-07 p64q=3.1234697502e-07 p64n=3.1234697502e-07 alpha_d=2.1141965307e+00 alpha_p32q=2.1141965673e+00 alpha_p32n=2.1141950282e+00 rz32q=6.6036284352e-07 rz32n=6.6036227508e-07 alpha_full_q=2.1141964153e+00 alpha_full_n=2.1141930564e+00
  residual=5.429e+01
iter=232 pAp_d=3.6308144786e-07 p8q=7.3437500000e-01 p8n=1.8125000000e+00 p8q_e2=3.8146972656e-06 p8n_e2=-9.5367431641e-07 p16q=4.7683715820e-07 p16n=1.1920928955e-07 p16q_e2=3.6507844925e-07 p16n_e2=3.1664967537e-07 p32q=3.6308142626e-07 p32n=3.6308193785e-07 p64q=3.6308144786e-07 p64n=3.6308144786e-07 alpha_d=1.9865141525e+00 alpha_p32q=1.9865142707e+00 alpha_p32n=1.9865114716e+00 rz32q=7.2126647410e-07 rz32n=7.2126681516e-07 alpha_full_q=1.9865143793e+00 alpha_full_n=1.9865125196e+00
  residual=5.431e+01
iter=233 pAp_d=3.5066836631e-07 p8q=4.2187500000e-01 p8n=1.5625000000e+00 p8q_e2=3.8146972656e-06 p8n_e2=-9.5367431641e-07 p16q=4.1723251343e-07 p16n=5.9604644775e-08 p16q_e2=3.5017728806e-07 p16n_e2=3.2782554626e-07 p32q=3.5066835835e-07 p32n=3.5066801729e-07 p64q=3.5066836631e-07 p64n=3.5066836631e-07 alpha_d=2.2630049144e+00 alpha_p32q=2.2630049658e+00 alpha_p32n=2.2630071668e+00 rz32q=7.9356425431e-07 rz32n=7.9356357219e-07 alpha_full_q=2.2630050172e+00 alpha_full_n=2.2630052730e+00
  residual=5.948e+01
iter=234 pAp_d=4.7281971029e-07 p8q=4.6875000000e-01 p8n=1.7500000000e+00 p8q_e2=3.8146972656e-06 p8n_e2=9.5367431641e-07 p16q=4.7683715820e-07 p16n=5.9604644775e-08 p16q_e2=4.7311186790e-07 p16n_e2=4.6193599701e-07 p32q=4.7281969273e-07 p32n=4.7281918114e-07 p64q=4.7281971029e-07 p64n=4.7281971029e-07 alpha_d=1.6913975586e+00 alpha_p32q=1.6913976214e+00 alpha_p32n=1.6913994515e+00 rz32q=7.9972608091e-07 rz32n=7.9972676303e-07 alpha_full_q=1.6913975733e+00 alpha_full_n=1.6914008461e+00
  residual=5.880e+01
iter=235 pAp_d=3.3399576853e-07 p8q=5.3125000000e-01 p8n=1.8125000000e+00 p8q_e2=3.8146972656e-06 p8n_e2=-9.5367431641e-07 p16q=4.1723251343e-07 p16n=5.9604644775e-08 p16q_e2=3.3527612686e-07 p16n_e2=3.0919909477e-07 p32q=3.3399578570e-07 p32n=3.3399606991e-07 p64q=3.3399576853e-07 p64n=3.3399576853e-07 alpha_d=2.0073852757e+00 alpha_p32q=2.0073851725e+00 alpha_p32n=2.0073834643e+00 rz32q=6.7045823471e-07 rz32n=6.7045823471e-07 alpha_full_q=2.0073853127e+00 alpha_full_n=2.0073836045e+00
  residual=4.954e+01
iter=236 pAp_d=3.2881505928e-07 p8q=3.7500000000e-01 p8n=1.1875000000e+00 p8q_e2=9.5367431641e-07 p8n_e2=9.5367431641e-07 p16q=3.5762786865e-07 p16n=5.9604644775e-08 p16q_e2=3.2782554626e-07 p16n_e2=2.8684735298e-07 p32q=3.2881507650e-07 p32n=3.2881519019e-07 p64q=3.2881505928e-07 p64n=3.2881505928e-07 alpha_d=2.0545012311e+00 alpha_p32q=2.0545011235e+00 alpha_p32n=2.0545004131e+00 rz32q=6.7555095029e-07 rz32n=6.7555004080e-07 alpha_full_q=2.0545011423e+00 alpha_full_n=2.0544976660e+00
  residual=5.058e+01
iter=237 pAp_d=3.7409211944e-07 p8q=2.5000000000e-01 p8n=1.7500000000e+00 p8q_e2=9.5367431641e-07 p8n_e2=5.9604644775e-08 p16q=3.5762786865e-07 p16n=1.1920928955e-07 p16q_e2=3.7252902985e-07 p16n_e2=3.3527612686e-07 p32q=3.7409211018e-07 p32n=3.7409211018e-07 p64q=3.7409211944e-07 p64n=3.7409211944e-07 alpha_d=1.7878614015e+00 alpha_p32q=1.7878614457e+00 alpha_p32n=1.7878614457e+00 rz32q=6.6882489591e-07 rz32n=6.6882319061e-07 alpha_full_q=1.7878615392e+00 alpha_full_n=1.7878569807e+00
  residual=5.487e+01
iter=238 pAp_d=2.6830511095e-07 p8q=5.0000000000e-01 p8n=2.0000000000e+00 p8q_e2=3.8146972656e-06 p8n_e2=5.9604644775e-08 p16q=3.5762786865e-07 p16n=5.9604644775e-08 p16q_e2=2.6822090149e-07 p16n_e2=2.4586915970e-07 p32q=2.6830508659e-07 p32n=2.6830508659e-07 p64q=2.6830511095e-07 p64n=2.6830511095e-07 alpha_d=2.2604808795e+00 alpha_p32q=2.2604810846e+00 alpha_p32n=2.2604810846e+00 rz32q=6.0649858824e-07 rz32n=6.0649915667e-07 alpha_full_q=2.2604811409e+00 alpha_full_n=2.2604832595e+00
  residual=5.217e+01
iter=239 pAp_d=3.7525504845e-07 p8q=3.5937500000e-01 p8n=2.0000000000e+00 p8q_e2=9.5367431641e-07 p8n_e2=-9.5367431641e-07 p16q=3.5762786865e-07 p16n=5.9604644775e-08 p16q_e2=3.7625432014e-07 p16n_e2=3.6135315895e-07 p32q=3.7525506968e-07 p32n=3.7525546759e-07 p64q=3.7525504845e-07 p64n=3.7525504845e-07 alpha_d=1.6460425649e+00 alpha_p32q=1.6460424718e+00 alpha_p32n=1.6460407264e+00 rz32q=6.1768582782e-07 rz32n=6.1768605519e-07 alpha_full_q=1.6460425927e+00 alpha_full_n=1.6460414532e+00
  residual=4.730e+01
iter=240 pAp_d=2.3031100769e-07 p8q=1.8750000000e-01 p8n=1.6250000000e+00 p8q_e2=9.5367431641e-07 p8n_e2=-9.5367431641e-07 p16q=2.3841857910e-07 p16n=5.9604644775e-08 p16q_e2=2.3096799850e-07 p16n_e2=2.1234154701e-07 p32q=2.3031100227e-07 p32n=2.3031074647e-07 p64q=2.3031100769e-07 p64n=2.3031100769e-07 alpha_d=2.2029867047e+00 alpha_p32q=2.2029867565e+00 alpha_p32n=2.2029892033e+00 rz32q=5.0737207857e-07 rz32n=5.0737128277e-07 alpha_full_q=2.2029867161e+00 alpha_full_n=2.2029857075e+00
  residual=4.818e+01
iter=241 pAp_d=3.0205255536e-07 p8q=2.5000000000e-01 p8n=1.5625000000e+00 p8q_e2=9.5367431641e-07 p8n_e2=9.5367431641e-07 p16q=2.9802322388e-07 p16n=5.9604644775e-08 p16q_e2=3.0174851418e-07 p16n_e2=2.9057264328e-07 p32q=3.0205256962e-07 p32n=3.0205279700e-07 p64q=3.0205255536e-07 p64n=3.0205255536e-07 alpha_d=1.8147016788e+00 alpha_p32q=1.8147015931e+00 alpha_p32n=1.8147002270e+00 rz32q=5.4813529005e-07 rz32n=5.4813517636e-07 alpha_full_q=1.8147016287e+00 alpha_full_n=1.8146998863e+00
  residual=4.660e+01
iter=242 pAp_d=2.5237468475e-07 p8q=3.2812500000e-01 p8n=1.1875000000e+00 p8q_e2=9.5367431641e-07 p8n_e2=-9.5367431641e-07 p16q=2.9802322388e-07 p16n=5.9604644775e-08 p16q_e2=2.5331974030e-07 p16n_e2=2.2351741791e-07 p32q=2.5237466161e-07 p32n=2.5237466161e-07 p64q=2.5237468475e-07 p64n=2.5237468475e-07 alpha_d=1.9121539978e+00 alpha_p32q=1.9121541731e+00 alpha_p32n=1.9121541731e+00 rz32q=4.8257925300e-07 rz32n=4.8258004881e-07 alpha_full_q=1.9121541359e+00 alpha_full_n=1.9121572892e+00
  residual=3.690e+01
iter=243 pAp_d=2.0662244595e-07 p8q=1.8750000000e-01 p8n=1.7500000000e+00 p8q_e2=9.5367431641e-07 p8n_e2=9.5367431641e-07 p16q=2.3841857910e-07 p16n=5.9604644775e-08 p16q_e2=2.0675361156e-07 p16n_e2=1.8440186977e-07 p32q=2.0662244538e-07 p32n=2.0662253064e-07 p64q=2.0662244595e-07 p64n=2.0662244595e-07 alpha_d=2.0798050589e+00 alpha_p32q=2.0798050647e+00 alpha_p32n=2.0798042064e+00 rz32q=4.2973442760e-07 rz32n=4.2973465497e-07 alpha_full_q=2.0798051577e+00 alpha_full_n=2.0798053999e+00
  residual=4.460e+01
iter=244 pAp_d=2.0410250304e-07 p8q=4.0625000000e-01 p8n=1.7500000000e+00 p8q_e2=9.5367431641e-07 p8n_e2=9.5367431641e-07 p16q=2.3841857910e-07 p16n=8.9406967163e-08 p16q_e2=2.0489096642e-07 p16n_e2=1.8812716007e-07 p32q=2.0410249135e-07 p32n=2.0410263346e-07 p64q=2.0410250304e-07 p64n=2.0410250304e-07 alpha_d=2.3156328126e+00 alpha_p32q=2.3156329452e+00 alpha_p32n=2.3156313329e+00 rz32q=4.7262648195e-07 rz32n=4.7262722092e-07 alpha_full_q=2.3156330862e+00 alpha_full_n=2.3156350945e+00
  residual=5.275e+01
iter=245 pAp_d=2.9227194660e-07 p8q=1.4062500000e-01 p8n=1.1875000000e+00 p8q_e2=9.5367431641e-07 p8n_e2=5.9604644775e-08 p16q=2.9802322388e-07 p16n=1.1920928955e-07 p16q_e2=2.9057264328e-07 p16n_e2=2.5331974030e-07 p32q=2.9227192044e-07 p32n=2.9227220466e-07 p64q=2.9227194660e-07 p64n=2.9227194660e-07 alpha_d=2.1378187799e+00 alpha_p32q=2.1378189712e+00 alpha_p32n=2.1378168923e+00 rz32q=6.2482445173e-07 rz32n=6.2482422436e-07 alpha_full_q=2.1378189557e+00 alpha_full_n=2.1378160988e+00
  residual=5.279e+01
iter=246 pAp_d=3.4241007024e-07 p8q=3.5937500000e-01 p8n=1.3125000000e+00 p8q_e2=9.5367431641e-07 p8n_e2=-9.5367431641e-07 p16q=3.5762786865e-07 p16n=5.9604644775e-08 p16q_e2=3.4272670746e-07 p16n_e2=3.3527612686e-07 p32q=3.4241008962e-07 p32n=3.4241071489e-07 p64q=3.4241007024e-07 p64n=3.4241007024e-07 alpha_d=1.8555955305e+00 alpha_p32q=1.8555954255e+00 alpha_p32n=1.8555920370e+00 rz32q=6.3537459027e-07 rz32n=6.3537515871e-07 alpha_full_q=1.8555954090e+00 alpha_full_n=1.8555936806e+00
  residual=5.465e+01
iter=247 pAp_d=2.7506552507e-07 p8q=2.5000000000e-01 p8n=1.6250000000e+00 p8q_e2=9.5367431641e-07 p8n_e2=9.5367431641e-07 p16q=2.9802322388e-07 p16n=1.1920928955e-07 p16q_e2=2.7567148209e-07 p16n_e2=2.6449561119e-07 p32q=2.7506553124e-07 p32n=2.7506564493e-07 p64q=2.7506552507e-07 p64n=2.7506552507e-07 alpha_d=2.1812600647e+00 alpha_p32q=2.1812600157e+00 alpha_p32n=2.1812591142e+00 rz32q=5.9998944835e-07 rz32n=5.9998899360e-07 alpha_full_q=2.1812600279e+00 alpha_full_n=2.1812574731e+00
  residual=5.197e+01
iter=248 pAp_d=3.2776900801e-07 p8q=3.4375000000e-01 p8n=1.6250000000e+00 p8q_e2=9.5367431641e-07 p8n_e2=9.5367431641e-07 p16q=3.5762786865e-07 p16n=1.1920928955e-07 p16q_e2=3.2782554626e-07 p16n_e2=3.0919909477e-07 p32q=3.2776898706e-07 p32n=3.2776932812e-07 p64q=3.2776900801e-07 p64n=3.2776900801e-07 alpha_d=1.9603983184e+00 alpha_p32q=1.9603984436e+00 alpha_p32n=1.9603964038e+00 rz32q=6.4255777943e-07 rz32n=6.4255812049e-07 alpha_full_q=1.9603983439e+00 alpha_full_n=1.9603973446e+00
  residual=5.185e+01
iter=249 pAp_d=3.3085071117e-07 p8q=3.5937500000e-01 p8n=1.3750000000e+00 p8q_e2=3.8146972656e-06 p8n_e2=9.5367431641e-07 p16q=3.5762786865e-07 p16n=8.9406967163e-08 p16q_e2=3.3155083656e-07 p16n_e2=3.0174851418e-07 p32q=3.3085069617e-07 p32n=3.3085069617e-07 p64q=3.3085071117e-07 p64n=3.3085071117e-07 alpha_d=1.8420313423e+00 alpha_p32q=1.8420314258e+00 alpha_p32n=1.8420314258e+00 rz32q=6.0943739300e-07 rz32n=6.0943727931e-07 alpha_full_q=1.8420314663e+00 alpha_full_n=1.8420311227e+00
  residual=5.325e+01
iter=250 pAp_d=2.5522584215e-07 p8q=1.8750000000e-01 p8n=1.5625000000e+00 p8q_e2=9.5367431641e-07 p8n_e2=-9.5367431641e-07 p16q=2.3841857910e-07 p16n=5.9604644775e-08 p16q_e2=2.5704503059e-07 p16n_e2=2.4959445000e-07 p32q=2.5522581382e-07 p32n=2.5522575697e-07 p64q=2.5522584215e-07 p64n=2.5522584215e-07 alpha_d=2.0957809513e+00 alpha_p32q=2.0957811839e+00 alpha_p32n=2.0957816507e+00 rz32q=5.3489748097e-07 rz32n=5.3489782204e-07 alpha_full_q=2.0957812730e+00 alpha_full_n=2.0957830760e+00
  residual=5.179e+01
iter=251 pAp_d=2.8212103216e-07 p8q=9.3750000000e-02 p8n=1.3750000000e+00 p8q_e2=9.5367431641e-07 p8n_e2=-9.5367431641e-07 p16q=2.3841857910e-07 p16n=1.1920928955e-07 p16q_e2=2.8312206268e-07 p16n_e2=2.6822090149e-07 p32q=2.8212105008e-07 p32n=2.8212105008e-07 p64q=2.8212103216e-07 p64n=2.8212103216e-07 alpha_d=2.0931799587e+00 alpha_p32q=2.0931798258e+00 alpha_p32n=2.0931798258e+00 rz32q=5.9053013501e-07 rz32n=5.9052922552e-07 alpha_full_q=2.0931799837e+00 alpha_full_n=2.0931767600e+00
  residual=5.470e+01
iter=252 pAp_d=3.1748797612e-07 p8q=5.0000000000e-01 p8n=2.0000000000e+00 p8q_e2=3.8146972656e-06 p8n_e2=9.5367431641e-07 p16q=3.5762786865e-07 p16n=8.9406967163e-08 p16q_e2=3.1664967537e-07 p16n_e2=2.7567148209e-07 p32q=3.1748800211e-07 p32n=3.1748800211e-07 p64q=3.1748797612e-07 p64n=3.1748797612e-07 alpha_d=2.1706457058e+00 alpha_p32q=2.1706455282e+00 alpha_p32n=2.1706455282e+00 rz32q=6.8915392148e-07 rz32n=6.8915448992e-07 alpha_full_q=2.1706455580e+00 alpha_full_n=2.1706473484e+00
  residual=6.288e+01
iter=253 pAp_d=3.9347382543e-07 p8q=2.5000000000e-01 p8n=1.3750000000e+00 p8q_e2=9.5367431641e-07 p8n_e2=0.0000000000e+00 p16q=4.1723251343e-07 p16n=1.1920928955e-07 p16q_e2=3.9488077164e-07 p16n_e2=3.8370490074e-07 p32q=3.9347378333e-07 p32n=3.9347446545e-07 p64q=3.9347382543e-07 p64n=3.9347382543e-07 alpha_d=2.1613218305e+00 alpha_p32q=2.1613220617e+00 alpha_p32n=2.1613183149e+00 rz32q=8.5042358933e-07 rz32n=8.5042336195e-07 alpha_full_q=2.1613221143e+00 alpha_full_n=2.1613177896e+00
  residual=5.843e+01
iter=254 pAp_d=4.4067660822e-07 p8q=2.3437500000e-01 p8n=1.8750000000e+00 p8q_e2=9.5367431641e-07 p8n_e2=5.9604644775e-08 p16q=4.1723251343e-07 p16n=5.9604644775e-08 p16q_e2=4.3958425522e-07 p16n_e2=3.9860606194e-07 p32q=4.4067661520e-07 p32n=4.4067672889e-07 p64q=4.4067660822e-07 p64n=4.4067660822e-07 alpha_d=2.0226364557e+00 alpha_p32q=2.0226364236e+00 alpha_p32n=2.0226359018e+00 rz32q=8.9132856829e-07 rz32n=8.9132777248e-07 alpha_full_q=2.0226364131e+00 alpha_full_n=2.0226340854e+00
  residual=6.512e+01
iter=255 pAp_d=4.4251583055e-07 p8q=5.1562500000e-01 p8n=2.0000000000e+00 p8q_e2=3.8146972656e-06 p8n_e2=9.5367431641e-07 p16q=4.7683715820e-07 p16n=1.1920928955e-07 p16q_e2=4.4330954552e-07 p16n_e2=4.3213367462e-07 p32q=4.4251584086e-07 p32n=4.4251549980e-07 p64q=4.4251583055e-07 p64n=4.4251583055e-07 alpha_d=1.8591735074e+00 alpha_p32q=1.8591734641e+00 alpha_p32n=1.8591748970e+00 rz32q=8.2271367319e-07 rz32n=8.2271253632e-07 alpha_full_q=1.8591733837e+00 alpha_full_n=1.8591722475e+00
  residual=6.187e+01
iter=256 pAp_d=4.0693528128e-07 p8q=1.7187500000e-01 p8n=1.6875000000e+00 p8q_e2=9.5367431641e-07 p8n_e2=9.5367431641e-07 p16q=4.1723251343e-07 p16n=1.1920928955e-07 p16q_e2=4.0605664253e-07 p16n_e2=3.9488077164e-07 p32q=4.0693527126e-07 p32n=4.0693510073e-07 p64q=4.0693528128e-07 p64n=4.0693528128e-07 alpha_d=1.9010178912e+00 alpha_p32q=1.9010179380e+00 alpha_p32n=1.9010187346e+00 rz32q=7.7359129591e-07 rz32n=7.7359050010e-07 alpha_full_q=1.9010180502e+00 alpha_full_n=1.9010168912e+00
  residual=5.557e+01
iter=257 pAp_d=3.1680410607e-07 p8q=2.8125000000e-01 p8n=1.5625000000e+00 p8q_e2=9.5367431641e-07 p8n_e2=0.0000000000e+00 p16q=2.9802322388e-07 p16n=1.1920928955e-07 p16q_e2=3.1664967537e-07 p16n_e2=2.9429793358e-07 p32q=3.1680411894e-07 p32n=3.1680440316e-07 p64q=3.1680410607e-07 p64n=3.1680410607e-07 alpha_d=2.2146451281e+00 alpha_p32q=2.2146450381e+00 alpha_p32n=2.2146430513e+00 rz32q=7.0160865562e-07 rz32n=7.0160899668e-07 alpha_full_q=2.2146449925e+00 alpha_full_n=2.2146440822e+00
  residual=5.680e+01
iter=258 pAp_d=4.1846313618e-07 p8q=2.1875000000e-01 p8n=1.3750000000e+00 p8q_e2=9.5367431641e-07 p8n_e2=-9.5367431641e-07 p16q=4.1723251343e-07 p16n=5.9604644775e-08 p16q_e2=4.1723251343e-07 p16n_e2=4.0233135223e-07 p32q=4.1846311660e-07 p32n=4.1846323029e-07 p64q=4.1846313618e-07 p64n=4.1846313618e-07 alpha_d=2.1971162309e+00 alpha_p32q=2.1971163337e+00 alpha_p32n=2.1971157368e+00 rz32q=9.1941217306e-07 rz32n=9.1941274150e-07 alpha_full_q=2.1971163923e+00 alpha_full_n=2.1971171538e+00
  residual=7.202e+01
iter=259 pAp_d=4.5842605443e-07 p8q=3.1250000000e-01 p8n=1.6250000000e+00 p8q_e2=9.5367431641e-07 p8n_e2=9.5367431641e-07 p16q=4.7683715820e-07 p16n=5.9604644775e-08 p16q_e2=4.5821070671e-07 p16n_e2=4.2840838432e-07 p32q=4.5842602958e-07 p32n=4.5842585905e-07 p64q=4.5842605443e-07 p64n=4.5842605443e-07 alpha_d=2.1120562840e+00 alpha_p32q=2.1120563985e+00 alpha_p32n=2.1120571842e+00 rz32q=9.6822157047e-07 rz32n=9.6822111573e-07 alpha_full_q=2.1120562708e+00 alpha_full_n=2.1120560645e+00
  residual=7.704e+01
iter=260 pAp_d=5.5334898555e-07 p8q=2.0312500000e-01 p8n=1.7500000000e+00 p8q_e2=9.5367431641e-07 p8n_e2=-9.5367431641e-07 p16q=4.7683715820e-07 p16n=1.1920928955e-07 p16q_e2=5.5879354477e-07 p16n_e2=4.8428773880e-07 p32q=5.5334896842e-07 p32n=5.5334828630e-07 p64q=5.5334898555e-07 p64n=5.5334898555e-07 alpha_d=2.1013120041e+00 alpha_p32q=2.1013120692e+00 alpha_p32n=2.1013146595e+00 rz32q=1.1627588492e-06 rz32n=1.1627586218e-06 alpha_full_q=2.1013120392e+00 alpha_full_n=2.1013142186e+00
  residual=7.303e+01
iter=261 pAp_d=5.9296834560e-07 p8q=1.7187500000e-01 p8n=9.2187500000e-01 p8q_e2=9.5367431641e-07 p8n_e2=-9.5367431641e-07 p16q=5.9604644775e-07 p16n=3.5762786865e-07 p16q_e2=5.8859586716e-07 p16n_e2=5.5879354477e-07 p32q=5.9296837662e-07 p32n=5.9296837662e-07 p64q=5.9296834560e-07 p64n=5.9296834560e-07 alpha_d=2.1675683197e+00 alpha_p32q=2.1675682063e+00 alpha_p32n=2.1675682063e+00 rz32q=1.2852993905e-06 rz32n=1.2852996178e-06 alpha_full_q=2.1675681894e+00 alpha_full_n=2.1675685728e+00
  residual=8.517e+01
iter=262 pAp_d=7.7248650216e-07 p8q=5.0000000000e-01 p8n=1.9375000000e+00 p8q_e2=3.8146972656e-06 p8n_e2=9.5367431641e-07 p16q=8.3446502686e-07 p16n=7.1525573730e-07 p16q_e2=7.6740980148e-07 p16n_e2=7.3015689850e-07 p32q=7.7248648722e-07 p32n=7.7248648722e-07 p64q=7.7248650216e-07 p64n=7.7248650216e-07 alpha_d=2.1359686132e+00 alpha_p32q=2.1359686546e+00 alpha_p32n=2.1359686546e+00 rz32q=1.6500068796e-06 rz32n=1.6500066522e-06 alpha_full_q=2.1359685986e+00 alpha_full_n=2.1359683043e+00
  residual=8.310e+01
iter=263 pAp_d=7.3988240424e-07 p8q=3.7500000000e-01 p8n=1.8750000000e+00 p8q_e2=9.5367431641e-07 p8n_e2=9.5367431641e-07 p16q=7.1525573730e-07 p16n=5.9604644775e-08 p16q_e2=7.3760747910e-07 p16n_e2=6.4074993134e-07 p32q=7.3988246641e-07 p32n=7.3988280747e-07 p64q=7.3988240424e-07 p64n=7.3988240424e-07 alpha_d=2.1191947943e+00 alpha_p32q=2.1191946162e+00 alpha_p32n=2.1191936394e+00 rz32q=1.5679548824e-06 rz32n=1.5679535181e-06 alpha_full_q=2.1191945391e+00 alpha_full_n=2.1191917184e+00
  residual=9.553e+01
iter=264 pAp_d=7.5937630386e-07 p8q=1.0937500000e-01 p8n=1.6875000000e+00 p8q_e2=9.5367431641e-07 p8n_e2=-9.5367431641e-07 p16q=7.1525573730e-07 p16n=1.1920928955e-07 p16q_e2=7.5995922089e-07 p16n_e2=7.5250864029e-07 p32q=7.5937634847e-07 p32n=7.5937691690e-07 p64q=7.5937630386e-07 p64n=7.5937630386e-07 alpha_d=2.7524487610e+00 alpha_p32q=2.7524485993e+00 alpha_p32n=2.7524465389e+00 rz32q=2.0901443349e-06 rz32n=2.0901438802e-06 alpha_full_q=2.7524485575e+00 alpha_full_n=2.7524458983e+00
  residual=1.243e+02
iter=265 pAp_d=1.6244419985e-06 p8q=4.6875000000e-01 p8n=1.5625000000e+00 p8q_e2=3.8146972656e-06 p8n_e2=5.9604644775e-08 p16q=1.5497207642e-06 p16n=1.1920928955e-06 p16q_e2=1.6242265701e-06 p16n_e2=1.5422701836e-06 p32q=1.6244420067e-06 p32n=1.6244425751e-06 p64q=1.6244419985e-06 p64n=1.6244419985e-06 alpha_d=1.5473176225e+00 alpha_p32q=1.5473176147e+00 alpha_p32n=1.5473170733e+00 rz32q=2.5135277610e-06 rz32n=2.5135279884e-06 alpha_full_q=1.5473176332e+00 alpha_full_n=1.5473172317e+00
  residual=1.090e+02
iter=266 pAp_d=8.8224566497e-07 p8q=4.8437500000e-01 p8n=1.8125000000e+00 p8q_e2=9.5367431641e-07 p8n_e2=9.5367431641e-07 p16q=9.5367431641e-07 p16n=1.1920928955e-07 p16q_e2=8.8661909103e-07 p16n_e2=8.4936618805e-07 p32q=8.8224555839e-07 p32n=8.8224408046e-07 p64q=8.8224566497e-07 p64n=8.8224566497e-07 alpha_d=2.1430991793e+00 alpha_p32q=2.1430994382e+00 alpha_p32n=2.1431030283e+00 rz32q=1.8907400090e-06 rz32n=1.8907387584e-06 alpha_full_q=2.1430994931e+00 alpha_full_n=2.1431016658e+00
  residual=9.835e+01
iter=267 pAp_d=1.0890503785e-06 p8q=4.2187500000e-01 p8n=1.5625000000e+00 p8q_e2=9.5367431641e-07 p8n_e2=5.9604644775e-08 p16q=1.0728836060e-06 p16n=5.9604644775e-08 p16q_e2=1.0877847672e-06 p16n_e2=1.0132789612e-06 p32q=1.0890504427e-06 p32n=1.0890508975e-06 p64q=1.0890503785e-06 p64n=1.0890503785e-06 alpha_d=1.9672600300e+00 alpha_p32q=1.9672599140e+00 alpha_p32n=1.9672590926e+00 rz32q=2.1424452825e-06 rz32n=2.1424457373e-06 alpha_full_q=1.9672599161e+00 alpha_full_n=1.9672595122e+00
  residual=1.023e+02
iter=268 pAp_d=1.0504788676e-06 p8q=4.3750000000e-01 p8n=1.7500000000e+00 p8q_e2=9.5367431641e-07 p8n_e2=9.5367431641e-07 p16q=9.5367431641e-07 p16n=3.5762786865e-07 p16q_e2=1.0505318642e-06 p16n_e2=9.6857547760e-07 p32q=1.0504788861e-06 p32n=1.0504793408e-06 p64q=1.0504788676e-06 p64n=1.0504788676e-06 alpha_d=1.7374409830e+00 alpha_p32q=1.7374409524e+00 alpha_p32n=1.7374402003e+00 rz32q=1.8251449774e-06 rz32n=1.8251440679e-06 alpha_full_q=1.7374408963e+00 alpha_full_n=1.7374392783e+00
  residual=9.262e+01
iter=269 pAp_d=6.8262156470e-07 p8q=4.3750000000e-01 p8n=1.5625000000e+00 p8q_e2=9.5367431641e-07 p8n_e2=9.5367431641e-07 p16q=7.1525573730e-07 p16n=5.9604644775e-08 p16q_e2=6.8545341492e-07 p16n_e2=6.1094760895e-07 p32q=6.8262158948e-07 p32n=6.8262124842e-07 p64q=6.8262156470e-07 p64n=6.8262156470e-07 alpha_d=2.5589715480e+00 alpha_p32q=2.5589714552e+00 alpha_p32n=2.5589727337e+00 rz32q=1.7468091755e-06 rz32n=1.7468099713e-06 alpha_full_q=2.5589714748e+00 alpha_full_n=2.5589739191e+00
  residual=1.078e+02
iter=270 pAp_d=1.2417653453e-06 p8q=2.0312500000e-01 p8n=9.8437500000e-01 p8q_e2=9.5367431641e-07 p8n_e2=-9.5367431641e-07 p16q=1.1920928955e-06 p16n=4.7683715820e-07 p16q_e2=1.2442469597e-06 p16n_e2=1.1920928955e-06 p32q=1.2417654034e-06 p32n=1.2417663129e-06 p64q=1.2417653453e-06 p64n=1.2417653453e-06 alpha_d=1.7180268980e+00 alpha_p32q=1.7180268176e+00 alpha_p32n=1.7180255593e+00 rz32q=2.1333862605e-06 rz32n=2.1333848963e-06 alpha_full_q=1.7180268147e+00 alpha_full_n=1.7180244577e+00
  residual=1.058e+02
iter=271 pAp_d=7.3506136728e-07 p8q=5.9375000000e-01 p8n=1.5000000000e+00 p8q_e2=3.8146972656e-06 p8n_e2=5.9604644775e-08 p16q=7.1525573730e-07 p16n=3.5762786865e-07 p16q_e2=7.3760747910e-07 p16n_e2=7.3015689850e-07 p32q=7.3506134868e-07 p32n=7.3506248555e-07 p64q=7.3506136728e-07 p64n=7.3506136728e-07 alpha_d=2.4386206785e+00 alpha_p32q=2.4386207402e+00 alpha_p32n=2.4386169686e+00 rz32q=1.7925358407e-06 rz32n=1.7925373186e-06 alpha_full_q=2.4386207272e+00 alpha_full_n=2.4386189662e+00
  residual=1.270e+02
iter=272 pAp_d=1.2556795877e-06 p8q=8.7500000000e-01 p8n=2.0000000000e+00 p8q_e2=3.8146972656e-06 p8n_e2=9.5367431641e-07 p16q=1.3113021851e-06 p16n=2.3841857910e-07 p16q_e2=1.2516975403e-06 p16n_e2=1.1920928955e-06 p32q=1.2556796491e-06 p32n=1.2556804450e-06 p64q=1.2556795877e-06 p64n=1.2556795877e-06 alpha_d=2.2301657928e+00 alpha_p32q=2.2301656837e+00 alpha_p32n=2.2301642703e+00 rz32q=2.8003737498e-06 rz32n=2.8003721582e-06 alpha_full_q=2.2301657526e+00 alpha_full_n=2.2301630717e+00
  residual=1.161e+02
iter=273 pAp_d=1.6958087981e-06 p8q=9.8437500000e-01 p8n=2.1250000000e+00 p8q_e2=1.5258789062e-05 p8n_e2=9.5367431641e-07 p16q=1.7881393433e-06 p16n=1.6689300537e-06 p16q_e2=1.6987323761e-06 p16n_e2=1.6689300537e-06 p32q=1.6958088054e-06 p32n=1.6958082369e-06 p64q=1.6958087981e-06 p64n=1.6958087981e-06 alpha_d=1.5845423780e+00 alpha_p32q=1.5845423712e+00 alpha_p32n=1.5845429023e+00 rz32q=2.6870809506e-06 rz32n=2.6870802685e-06 alpha_full_q=1.5845423978e+00 alpha_full_n=1.5845425267e+00
  residual=1.260e+02
iter=274 pAp_d=9.1530785377e-07 p8q=2.1875000000e-01 p8n=1.0000000000e+00 p8q_e2=9.5367431641e-07 p8n_e2=5.9604644775e-08 p16q=8.3446502686e-07 p16n=4.7683715820e-07 p16q_e2=9.1642141342e-07 p16n_e2=8.9406967163e-07 p32q=9.1530785085e-07 p32n=9.1530682766e-07 p64q=9.1530785377e-07 p64n=9.1530785377e-07 alpha_d=2.2673526526e+00 alpha_p32q=2.2673526599e+00 alpha_p32n=2.2673551944e+00 rz32q=2.0753257104e-06 rz32n=2.0753232093e-06 alpha_full_q=2.2673526819e+00 alpha_full_n=2.2673524840e+00
  residual=1.118e+02
iter=275 pAp_d=1.2949057008e-06 p8q=9.2187500000e-01 p8n=2.3750000000e+00 p8q_e2=3.8146972656e-06 p8n_e2=5.9604644775e-08 p16q=1.3113021851e-06 p16n=4.7683715820e-07 p16q_e2=1.2964010239e-06 p16n_e2=1.2218952179e-06 p32q=1.2949055872e-06 p32n=1.2949036545e-06 p64q=1.2949057008e-06 p64n=1.2949057008e-06 alpha_d=1.6496977919e+00 alpha_p32q=1.6496979366e+00 alpha_p32n=1.6497003988e+00 rz32q=2.1362029656e-06 rz32n=2.1362031930e-06 alpha_full_q=1.6496978519e+00 alpha_full_n=1.6497004897e+00
  residual=1.006e+02
iter=276 pAp_d=8.5233338620e-07 p8q=2.0312500000e-01 p8n=1.0625000000e+00 p8q_e2=9.5367431641e-07 p8n_e2=-9.5367431641e-07 p16q=8.3446502686e-07 p16n=5.9604644775e-08 p16q_e2=8.4936618805e-07 p16n_e2=8.0466270447e-07 p32q=8.5233330083e-07 p32n=8.5233227765e-07 p64q=8.5233338620e-07 p64n=8.5233338620e-07 alpha_d=1.7065337718e+00 alpha_p32q=1.7065339427e+00 alpha_p32n=1.7065359913e+00 rz32q=1.4545356635e-06 rz32n=1.4545364593e-06 alpha_full_q=1.7065338900e+00 alpha_full_n=1.7065368723e+00
  residual=9.195e+01
iter=277 pAp_d=4.4594967212e-07 p8q=3.5937500000e-01 p8n=1.3125000000e+00 p8q_e2=9.5367431641e-07 p8n_e2=9.5367431641e-07 p16q=4.7683715820e-07 p16n=1.1920928955e-07 p16q_e2=4.4703483582e-07 p16n_e2=3.9860606194e-07 p32q=4.4594963811e-07 p32n=4.4594952442e-07 p64q=4.4594967212e-07 p64n=4.4594967212e-07 alpha_d=2.7853350066e+00 alpha_p32q=2.7853352190e+00 alpha_p32n=2.7853359291e+00 rz32q=1.2421191968e-06 rz32n=1.2421193105e-06 alpha_full_q=2.7853351381e+00 alpha_full_n=2.7853361031e+00
  residual=1.114e+02
iter=278 pAp_d=1.2664919913e-06 p8q=2.5000000000e-01 p8n=1.5625000000e+00 p8q_e2=9.5367431641e-07 p8n_e2=5.9604644775e-08 p16q=1.1920928955e-06 p16n=1.1920928955e-06 p16q_e2=1.2665987015e-06 p16n_e2=1.2814998627e-06 p32q=1.2664919495e-06 p32n=1.2664911537e-06 p64q=1.2664919913e-06 p64n=1.2664919913e-06 alpha_d=1.4639941119e+00 alpha_p32q=1.4639941601e+00 alpha_p32n=1.4639950800e+00 rz32q=1.8541368263e-06 rz32n=1.8541364852e-06 alpha_full_q=1.4639941667e+00 alpha_full_n=1.4639948173e+00
  residual=7.853e+01
iter=279 pAp_d=5.0847394562e-07 p8q=4.2187500000e-01 p8n=1.7500000000e+00 p8q_e2=9.5367431641e-07 p8n_e2=9.5367431641e-07 p16q=5.9604644775e-07 p16n=5.9604644775e-08 p16q_e2=5.0663948059e-07 p16n_e2=4.6938657761e-07 p32q=5.0847393140e-07 p32n=5.0847461353e-07 p64q=5.0847394562e-07 p64n=5.0847394562e-07 alpha_d=1.8773477000e+00 alpha_p32q=1.8773477525e+00 alpha_p32n=1.8773452340e+00 rz32q=9.5458244687e-07 rz32n=9.5458187843e-07 alpha_full_q=1.8773478598e+00 alpha_full_n=1.8773442234e+00
  residual=7.765e+01
iter=280 pAp_d=5.0846638394e-07 p8q=2.0312500000e-01 p8n=1.3125000000e+00 p8q_e2=9.5367431641e-07 p8n_e2=9.5367431641e-07 p16q=4.7683715820e-07 p16n=5.9604644775e-08 p16q_e2=5.0663948059e-07 p16n_e2=5.3644180298e-07 p32q=5.0846631439e-07 p32n=5.0846620070e-07 p64q=5.0846638394e-07 p64n=5.0846638394e-07 alpha_d=1.5982520500e+00 alpha_p32q=1.5982522686e+00 alpha_p32n=1.5982526259e+00 rz32q=8.1265739027e-07 rz32n=8.1265727658e-07 alpha_full_q=1.5982521699e+00 alpha_full_n=1.5982523036e+00
  residual=6.193e+01
iter=281 pAp_d=3.0823588192e-07 p8q=4.2187500000e-01 p8n=1.6875000000e+00 p8q_e2=3.8146972656e-06 p8n_e2=5.9604644775e-08 p16q=3.5762786865e-07 p16n=1.1920928955e-07 p16q_e2=3.0919909477e-07 p16n_e2=2.7567148209e-07 p32q=3.0823588304e-07 p32n=3.0823565567e-07 p64q=3.0823588192e-07 p64n=3.0823588192e-07 alpha_d=1.7568874033e+00 alpha_p32q=1.7568873969e+00 alpha_p32n=1.7568886929e+00 rz32q=5.4153576912e-07 rz32n=5.4153542806e-07 alpha_full_q=1.7568874972e+00 alpha_full_n=1.7568876867e+00
  residual=5.467e+01
iter=282 pAp_d=2.0485810638e-07 p8q=4.8437500000e-01 p8n=1.6250000000e+00 p8q_e2=3.8146972656e-06 p8n_e2=-9.5367431641e-07 p16q=2.9802322388e-07 p16n=5.9604644775e-08 p16q_e2=2.0489096642e-07 p16n_e2=1.8440186977e-07 p32q=2.0485811092e-07 p32n=2.0485805408e-07 p64q=2.0485810638e-07 p64n=2.0485810638e-07 alpha_d=2.0121191167e+00 alpha_p32q=2.0121190721e+00 alpha_p32n=2.0121196304e+00 rz32q=4.1219891500e-07 rz32n=4.1219902869e-07 alpha_full_q=2.0121190865e+00 alpha_full_n=2.0121201998e+00
  residual=5.890e+01
iter=283 pAp_d=2.5511417617e-07 p8q=4.0625000000e-01 p8n=2.0000000000e+00 p8q_e2=9.5367431641e-07 p8n_e2=9.5367431641e-07 p16q=2.9802322388e-07 p16n=5.9604644775e-08 p16q_e2=2.5331974030e-07 p16n_e2=2.4959445000e-07 p32q=2.5511417334e-07 p32n=2.5511411650e-07 p64q=2.5511417617e-07 p64n=2.5511417617e-07 alpha_d=1.8039121506e+00 alpha_p32q=1.8039121706e+00 alpha_p32n=1.8039125725e+00 rz32q=4.6020358013e-07 rz32n=4.6020323907e-07 alpha_full_q=1.8039122410e+00 alpha_full_n=1.8039113060e+00
  residual=4.300e+01
iter=284 pAp_d=1.7091935864e-07 p8q=3.4375000000e-01 p8n=1.9375000000e+00 p8q_e2=9.5367431641e-07 p8n_e2=9.5367431641e-07 p16q=2.3841857910e-07 p16n=5.9604644775e-08 p16q_e2=1.7136335373e-07 p16n_e2=1.4156103134e-07 p32q=1.7091934978e-07 p32n=1.7091923610e-07 p64q=1.7091935864e-07 p64n=1.7091935864e-07 alpha_d=1.9706444668e+00 alpha_p32q=1.9706445689e+00 alpha_p32n=1.9706458797e+00 rz32q=3.3682130152e-07 rz32n=3.3682158573e-07 alpha_full_q=1.9706446458e+00 alpha_full_n=1.9706476194e+00
  residual=4.794e+01
iter=285 pAp_d=1.7160665830e-07 p8q=2.8125000000e-01 p8n=1.6875000000e+00 p8q_e2=9.5367431641e-07 p8n_e2=5.9604644775e-08 p16q=1.7881393433e-07 p16n=5.9604644775e-08 p16q_e2=1.7136335373e-07 p16n_e2=1.7136335373e-07 p32q=1.7160667198e-07 p32n=1.7160687094e-07 p64q=1.7160665830e-07 p64n=1.7160665830e-07 alpha_d=2.0142274767e+00 alpha_p32q=2.0142273161e+00 alpha_p32n=2.0142249809e+00 rz32q=3.4565482565e-07 rz32n=3.4565448459e-07 alpha_full_q=2.0142271956e+00 alpha_full_n=2.0142228729e+00
  residual=5.205e+01
iter=286 pAp_d=1.8108852776e-07 p8q=1.7187500000e-01 p8n=1.1875000000e+00 p8q_e2=9.5367431641e-07 p8n_e2=-9.5367431641e-07 p16q=1.7881393433e-07 p16n=5.9604644775e-08 p16q_e2=1.8067657948e-07 p16n_e2=1.6577541828e-07 p32q=1.8108852373e-07 p32n=1.8108869426e-07 p64q=1.8108852776e-07 p64n=1.8108852776e-07 alpha_d=2.1009146279e+00 alpha_p32q=2.1009146746e+00 alpha_p32n=2.1009126962e+00 rz32q=3.8045152451e-07 rz32n=3.8045141082e-07 alpha_full_q=2.1009146061e+00 alpha_full_n=2.1009119999e+00
  residual=5.135e+01
iter=287 pAp_d=2.0338363064e-07 p8q=2.3437500000e-01 p8n=1.0625000000e+00 p8q_e2=9.5367431641e-07 p8n_e2=-9.5367431641e-07 p16q=2.3841857910e-07 p16n=5.9604644775e-08 p16q_e2=2.0302832127e-07 p16n_e2=1.7695128918e-07 p32q=2.0338362106e-07 p32n=2.0338353579e-07 p64q=2.0338363064e-07 p64n=2.0338363064e-07 alpha_d=1.5648367158e+00 alpha_p32q=1.5648367896e+00 alpha_p32n=1.5648374456e+00 rz32q=3.1826215263e-07 rz32n=3.1826272107e-07 alpha_full_q=1.5648366913e+00 alpha_full_n=1.5648401422e+00
  residual=4.628e+01
iter=288 pAp_d=1.2113194162e-07 p8q=1.8750000000e-01 p8n=1.4375000000e+00 p8q_e2=9.5367431641e-07 p8n_e2=9.5367431641e-07 p16q=1.1920928955e-07 p16n=5.9604644775e-08 p16q_e2=1.2107193470e-07 p16n_e2=1.1362135410e-07 p32q=1.2113193293e-07 p32n=1.2113193293e-07 p64q=1.2113194162e-07 p64n=1.2113194162e-07 alpha_d=2.0580271513e+00 alpha_p32q=2.0580272990e+00 alpha_p32n=2.0580272990e+00 rz32q=2.4929283882e-07 rz32n=2.4929255460e-07 alpha_full_q=2.0580274151e+00 alpha_full_n=2.0580250688e+00
  residual=3.970e+01
iter=289 pAp_d=1.2330828654e-07 p8q=1.4062500000e-01 p8n=1.7500000000e+00 p8q_e2=9.5367431641e-07 p8n_e2=9.5367431641e-07 p16q=1.1920928955e-07 p16n=5.9604644775e-08 p16q_e2=1.2293457985e-07 p16n_e2=1.0803341866e-07 p32q=1.2330826848e-07 p32n=1.2330829691e-07 p64q=1.2330828654e-07 p64n=1.2330828654e-07 alpha_d=1.5526837661e+00 alpha_p32q=1.5526839935e+00 alpha_p32n=1.5526836356e+00 rz32q=1.9145878127e-07 rz32n=1.9145863916e-07 alpha_full_q=1.5526840465e+00 alpha_full_n=1.5526825361e+00
  residual=3.509e+01
iter=290 pAp_d=6.3256342785e-08 p8q=1.4062500000e-01 p8n=1.1875000000e+00 p8q_e2=9.5367431641e-07 p8n_e2=-5.9604644775e-08 p16q=8.9406967163e-08 p16n=-5.9604644775e-08 p16q_e2=6.3329935074e-08 p16n_e2=5.6810677052e-08 p32q=6.3256337057e-08 p32n=6.3256251792e-08 p64q=6.3256342785e-08 p64n=6.3256342785e-08 alpha_d=2.1132051108e+00 alpha_p32q=2.1132053022e+00 alpha_p32n=2.1132081506e+00 rz32q=1.3367363749e-07 rz32n=1.3367369434e-07 alpha_full_q=2.1132054702e+00 alpha_full_n=2.1132092172e+00
  residual=3.411e+01
iter=291 pAp_d=8.1616449908e-08 p8q=1.7187500000e-01 p8n=1.2500000000e+00 p8q_e2=9.5367431641e-07 p8n_e2=5.9604644775e-08 p16q=8.9406967163e-08 p16n=-5.9604644775e-08 p16q_e2=8.1956386566e-08 p16n_e2=6.7986547947e-08 p32q=8.1616448711e-08 p32n=8.1616335024e-08 p64q=8.1616449908e-08 p64n=8.1616449908e-08 alpha_d=1.8170891273e+00 alpha_p32q=1.8170891540e+00 alpha_p32n=1.8170916851e+00 rz32q=1.4830436612e-07 rz32n=1.4830447981e-07 alpha_full_q=1.8170891832e+00 alpha_full_n=1.8170931072e+00
  residual=3.308e+01
iter=292 pAp_d=5.3860900933e-08 p8q=9.3750000000e-02 p8n=1.0000000000e+00 p8q_e2=9.5367431641e-07 p8n_e2=-9.5367431641e-07 p16q=5.9604644775e-08 p16n=5.9604644775e-08 p16q_e2=5.4016709328e-08 p16n_e2=4.6566128731e-08 p32q=5.3860901517e-08 p32n=5.3860816251e-08 p64q=5.3860900933e-08 p64n=5.3860900933e-08 alpha_d=2.2151311421e+00 alpha_p32q=2.2151311181e+00 alpha_p32n=2.2151346248e+00 rz32q=1.1930896449e-07 rz32n=1.1930902133e-07 alpha_full_q=2.2151312200e+00 alpha_full_n=2.2151357821e+00
  residual=3.491e+01
iter=293 pAp_d=8.7649293994e-08 p8q=2.5000000000e-01 p8n=1.3750000000e+00 p8q_e2=9.5367431641e-07 p8n_e2=-5.9604644775e-08 p16q=1.1920928955e-07 p16n=5.9604644775e-08 p16q_e2=8.7544322014e-08 p16n_e2=7.7299773693e-08 p32q=8.7649297598e-08 p32n=8.7649226543e-08 p64q=8.7649293994e-08 p64n=8.7649293994e-08 alpha_d=1.6995642610e+00 alpha_p32q=1.6995641911e+00 alpha_p32n=1.6995655689e+00 rz32q=1.4896559719e-07 rz32n=1.4896559719e-07 alpha_full_q=1.6995640727e+00 alpha_full_n=1.6995654504e+00
  residual=3.251e+01
iter=294 pAp_d=4.4975736628e-08 p8q=1.4062500000e-01 p8n=1.4375000000e+00 p8q_e2=9.5367431641e-07 p8n_e2=5.9604644775e-08 p16q=5.9604644775e-08 p16n=5.9604644775e-08 p16q_e2=4.4703483582e-08 p16n_e2=3.8184225559e-08 p32q=4.4975735136e-08 p32n=4.4975692504e-08 p64q=4.4975736628e-08 p64n=4.4975736628e-08 alpha_d=1.9908212949e+00 alpha_p32q=1.9908213609e+00 alpha_p32n=1.9908232480e+00 rz32q=8.9538659154e-08 rz32n=8.9538602310e-08 alpha_full_q=1.9908214703e+00 alpha_full_n=1.9908220936e+00
  residual=3.351e+01
iter=295 pAp_d=4.4944153133e-08 p8q=9.3750000000e-02 p8n=1.6875000000e+00 p8q_e2=9.5367431641e-07 p8n_e2=-5.9604644775e-08 p16q=5.9604644775e-08 p16n=-5.9604644775e-08 p16q_e2=4.4703483582e-08 p16n_e2=3.9115548134e-08 p32q=4.4944158617e-08 p32n=4.4944243882e-08 p64q=4.4944153133e-08 p64n=4.4944153133e-08 alpha_d=2.1202927506e+00 alpha_p32q=2.1202924919e+00 alpha_p32n=2.1202884695e+00 rz32q=9.5294765856e-08 rz32n=9.5294893754e-08 alpha_full_q=2.1202925761e+00 alpha_full_n=2.1202913994e+00
  residual=3.205e+01
iter=296 pAp_d=5.2787664771e-08 p8q=1.4062500000e-01 p8n=1.3750000000e+00 p8q_e2=9.5367431641e-07 p8n_e2=5.9604644775e-08 p16q=5.9604644775e-08 p16n=5.9604644775e-08 p16q_e2=5.3085386753e-08 p16n_e2=4.5634806156e-08 p32q=5.2787669347e-08 p32n=5.2787683558e-08 p64q=5.2787664771e-08 p64n=5.2787664771e-08 alpha_d=1.7857175839e+00 alpha_p32q=1.7857174292e+00 alpha_p32n=1.7857169484e+00 rz32q=9.4263867823e-08 rz32n=9.4263796768e-08 alpha_full_q=1.7857175547e+00 alpha_full_n=1.7857157279e+00
  residual=2.907e+01
iter=297 pAp_d=3.8180151606e-08 p8q=1.2500000000e-01 p8n=9.6875000000e-01 p8q_e2=9.5367431641e-07 p8n_e2=-5.9604644775e-08 p16q=5.9604644775e-08 p16n=5.9604644775e-08 p16q_e2=3.8184225559e-08 p16n_e2=3.0733644962e-08 p32q=3.8180147044e-08 p32n=3.8180104411e-08 p64q=3.8180151606e-08 p64n=3.8180151606e-08 alpha_d=2.2501015352e+00 alpha_p32q=2.2501018040e+00 alpha_p32n=2.2501043165e+00 rz32q=8.5909221070e-08 rz32n=8.5909249492e-08 alpha_full_q=2.2501018912e+00 alpha_full_n=2.2501051481e+00
  residual=3.427e+01
iter=298 pAp_d=5.7090507330e-08 p8q=3.1250000000e-02 p8n=1.5625000000e+00 p8q_e2=5.9604644775e-08 p8n_e2=-9.5367431641e-07 p16q=2.9802322388e-08 p16n=5.9604644775e-08 p16q_e2=5.6810677052e-08 p16n_e2=4.5634806156e-08 p32q=5.7090502992e-08 p32n=5.7090332461e-08 p64q=5.7090507330e-08 p64n=5.7090507330e-08 alpha_d=1.6664487934e+00 alpha_p32q=1.6664489200e+00 alpha_p32n=1.6664538977e+00 rz32q=9.5138403822e-08 rz32n=9.5138460665e-08 alpha_full_q=1.6664488634e+00 alpha_full_n=1.6664548368e+00
  residual=3.001e+01
iter=299 pAp_d=2.7694756029e-08 p8q=1.0937500000e-01 p8n=9.0625000000e-01 p8q_e2=9.5367431641e-07 p8n_e2=5.9604644775e-08 p16q=2.9802322388e-08 p16n=5.9604644775e-08 p16q_e2=2.7474015951e-08 p16n_e2=2.2351741791e-08 p32q=2.7694753157e-08 p32n=2.7694774474e-08 p64q=2.7694756029e-08 p64n=2.7694756029e-08 alpha_d=2.5941832497e+00 alpha_p32q=2.5941835188e+00 alpha_p32n=2.5941815221e+00 rz32q=7.1845278171e-08 rz32n=7.1845519756e-08 alpha_full_q=2.5941837345e+00 alpha_full_n=2.5941904609e+00
  residual=3.714e+01
