matrix=data/matrices/sts4098.mtx n=4098 val_range=4.379e-47/2.477e+08 seed=44
iter=0 pAp_d=9.3842670469e+01 p8q=6.4000000000e+01 p8n=8.0000000000e+00 p8q_e2=9.6000000000e+01 p8n_e2=1.0000000000e+01 p16q=9.3875000000e+01 p16n=9.4250000000e+01 p16q_e2=9.3812500000e+01 p16n_e2=9.3750000000e+01 p32q=9.3842670441e+01 p32n=9.3842665672e+01 p64q=9.3842670469e+01 p64n=9.3842670469e+01 alpha_d=8.8859481842e-01 alpha_p32q=8.8859481869e-01 alpha_p32n=8.8859486384e-01 rz32q=8.3388111115e+01 rz32n=8.3388124466e+01 alpha_full_q=8.8859482283e-01 alpha_full_n=8.8859501026e-01
  residual=3.744e+03
iter=1 pAp_d=2.7802343848e+01 p8q=6.4000000000e+01 p8n=8.0000000000e+00 p8q_e2=2.8000000000e+01 p8n_e2=4.0000000000e+00 p16q=2.7796875000e+01 p16n=2.7390625000e+01 p16q_e2=2.7796875000e+01 p16n_e2=2.7375000000e+01 p32q=2.7802343845e+01 p32n=2.7802342415e+01 p64q=2.7802343848e+01 p64n=2.7802343848e+01 alpha_d=1.6181552007e+00 alpha_p32q=1.6181552008e+00 alpha_p32n=1.6181552841e+00 rz32q=4.4988507271e+01 rz32n=4.4988507748e+01 alpha_full_q=1.6181552002e+00 alpha_full_n=1.6181553006e+00
  residual=1.046e+04
iter=2 pAp_d=9.2009109506e+01 p8q=6.4000000000e+01 p8n=8.0000000000e+00 p8q_e2=9.6000000000e+01 p8n_e2=8.0000000000e+00 p16q=9.2000000000e+01 p16n=8.8750000000e+01 p16q_e2=9.2000000000e+01 p16n_e2=9.1000000000e+01 p32q=9.2009109497e+01 p32n=9.2009115219e+01 p64q=9.2009109506e+01 p64n=9.2009109506e+01 alpha_d=8.0694458408e-01 alpha_p32q=8.0694458416e-01 alpha_p32n=8.0694453398e-01 rz32q=7.4246253014e+01 rz32n=7.4246249199e+01 alpha_full_q=8.0694458863e-01 alpha_full_n=8.0694449699e-01
  residual=4.407e+03
iter=3 pAp_d=4.3397749813e+01 p8q=6.4000000000e+01 p8n=8.0000000000e+00 p8q_e2=4.0000000000e+01 p8n_e2=6.5000000000e+00 p16q=4.3406250000e+01 p16n=4.2343750000e+01 p16q_e2=4.3406250000e+01 p16n_e2=4.2312500000e+01 p32q=4.3397749901e+01 p32n=4.3397752285e+01 p64q=4.3397749813e+01 p64n=4.3397749813e+01 alpha_d=9.7505529572e-01 alpha_p32q=9.7505529375e-01 alpha_p32n=9.7505524018e-01 rz32q=4.2315205574e+01 rz32n=4.2315200329e+01 alpha_full_q=9.7505528906e-01 alpha_full_n=9.7505511463e-01
  residual=6.065e+03
iter=4 pAp_d=2.7581753322e+01 p8q=6.4000000000e+01 p8n=8.0000000000e+00 p8q_e2=2.8000000000e+01 p8n_e2=5.0000000000e+00 p16q=2.7578125000e+01 p16n=2.6953125000e+01 p16q_e2=2.7578125000e+01 p16n_e2=2.6968750000e+01 p32q=2.7581753254e+01 p32n=2.7581755638e+01 p64q=2.7581753322e+01 p64n=2.7581753322e+01 alpha_d=9.9708945456e-01 alpha_p32q=9.9708945702e-01 alpha_p32n=9.9708937083e-01 rz32q=2.7501475334e+01 rz32n=2.7501466513e+01 alpha_full_q=9.9708945552e-01 alpha_full_n=9.9708904950e-01
  residual=5.506e+03
iter=5 pAp_d=1.9222911564e+01 p8q=6.4000000000e+01 p8n=8.0000000000e+00 p8q_e2=2.0000000000e+01 p8n_e2=2.0000000000e+00 p16q=1.9218750000e+01 p16n=1.8656250000e+01 p16q_e2=1.9218750000e+01 p16n_e2=1.8656250000e+01 p32q=1.9222911596e+01 p32n=1.9222911358e+01 p64q=1.9222911564e+01 p64n=1.9222911564e+01 alpha_d=8.9979842227e-01 alpha_p32q=8.9979842075e-01 alpha_p32n=8.9979843191e-01 rz32q=1.7296745539e+01 rz32n=1.7296746016e+01 alpha_full_q=8.9979842294e-01 alpha_full_n=8.9979845891e-01
  residual=4.406e+03
iter=6 pAp_d=2.0134636139e+01 p8q=6.4000000000e+01 p8n=8.0000000000e+00 p8q_e2=2.0000000000e+01 p8n_e2=4.0000000000e+00 p16q=2.0140625000e+01 p16n=1.9687500000e+01 p16q_e2=2.0140625000e+01 p16n_e2=1.9703125000e+01 p32q=2.0134636164e+01 p32n=2.0134633541e+01 p64q=2.0134636139e+01 p64n=2.0134636139e+01 alpha_d=7.5953740003e-01 alpha_p32q=7.5953739910e-01 alpha_p32n=7.5953749803e-01 rz32q=1.5293009162e+01 rz32n=1.5293009341e+01 alpha_full_q=7.5953739802e-01 alpha_full_n=7.5953750584e-01
  residual=5.510e+03
iter=7 pAp_d=2.5505783994e+01 p8q=6.4000000000e+01 p8n=8.0000000000e+00 p8q_e2=2.4000000000e+01 p8n_e2=1.0000000000e+01 p16q=2.5515625000e+01 p16n=2.4406250000e+01 p16q_e2=2.5500000000e+01 p16n_e2=2.4406250000e+01 p32q=2.5505784035e+01 p32n=2.5505787134e+01 p64q=2.5505783994e+01 p64n=2.5505783994e+01 alpha_d=5.1553635032e-01 alpha_p32q=5.1553634949e-01 alpha_p32n=5.1553628685e-01 rz32q=1.3149158776e+01 rz32n=1.3149158239e+01 alpha_full_q=5.1553634885e-01 alpha_full_n=5.1553626517e-01
  residual=3.134e+03
iter=8 pAp_d=1.2261997261e+01 p8q=6.4000000000e+01 p8n=8.0000000000e+00 p8q_e2=1.2000000000e+01 p8n_e2=2.2500000000e+00 p16q=1.2257812500e+01 p16n=1.2007812500e+01 p16q_e2=1.2261718750e+01 p16n_e2=1.2003906250e+01 p32q=1.2261997283e+01 p32n=1.2261997342e+01 p64q=1.2261997261e+01 p64n=1.2261997261e+01 alpha_d=6.5564323508e-01 alpha_p32q=6.5564323393e-01 alpha_p32n=6.5564323075e-01 rz32q=8.0394955277e+00 rz32n=8.0394946933e+00 alpha_full_q=6.5564323189e-01 alpha_full_n=6.5564316065e-01
  residual=3.470e+03
iter=9 pAp_d=7.3666811154e+00 p8q=6.4000000000e+01 p8n=8.0000000000e+00 p8q_e2=7.0000000000e+00 p8n_e2=2.0000000000e+00 p16q=7.3671875000e+00 p16n=7.2265625000e+00 p16q_e2=7.3671875000e+00 p16n_e2=7.2031250000e+00 p32q=7.3666811287e+00 p32n=7.3666808009e+00 p64q=7.3666811154e+00 p64n=7.3666811154e+00 alpha_d=5.9071417801e-01 alpha_p32q=5.9071417694e-01 alpha_p32n=5.9071420323e-01 rz32q=4.3516029716e+00 rz32n=4.3516032696e+00 alpha_full_q=5.9071417583e-01 alpha_full_n=5.9071424257e-01
  residual=2.023e+03
iter=10 pAp_d=4.3116903320e+00 p8q=6.4000000000e+01 p8n=8.0000000000e+00 p8q_e2=4.0000000000e+00 p8n_e2=1.0000000000e+00 p16q=4.3105468750e+00 p16n=4.2578125000e+00 p16q_e2=4.3125000000e+00 p16n_e2=4.2500000000e+00 p32q=4.3116903305e+00 p32n=4.3116908073e+00 p64q=4.3116903320e+00 p64n=4.3116903320e+00 alpha_d=6.7530421365e-01 alpha_p32q=6.7530421388e-01 alpha_p32n=6.7530413920e-01 rz32q=2.9117026478e+00 rz32n=2.9117023498e+00 alpha_full_q=6.7530421357e-01 alpha_full_n=6.7530406977e-01
  residual=2.018e+03
iter=11 pAp_d=2.5772263382e+00 p8q=6.4000000000e+01 p8n=8.0000000000e+00 p8q_e2=2.5000000000e+00 p8n_e2=5.0000000000e-01 p16q=2.5756835938e+00 p16n=2.5595703125e+00 p16q_e2=2.5771484375e+00 p16n_e2=2.5322265625e+00 p32q=2.5772263408e+00 p32n=2.5772262365e+00 p64q=2.5772263382e+00 p64n=2.5772263382e+00 alpha_d=7.9184568779e-01 alpha_p32q=7.9184568700e-01 alpha_p32n=7.9184571905e-01 rz32q=2.0407655686e+00 rz32n=2.0407655686e+00 alpha_full_q=7.9184568943e-01 alpha_full_n=7.9184572147e-01
  residual=2.272e+03
iter=12 pAp_d=2.8953930077e+00 p8q=6.4000000000e+01 p8n=8.0000000000e+00 p8q_e2=2.7500000000e+00 p8n_e2=5.6250000000e-01 p16q=2.8945312500e+00 p16n=2.8627929688e+00 p16q_e2=2.8955078125e+00 p16n_e2=2.8466796875e+00 p32q=2.8953930140e+00 p32n=2.8953931332e+00 p64q=2.8953930077e+00 p64n=2.8953930077e+00 alpha_d=6.8133925162e-01 alpha_p32q=6.8133925016e-01 alpha_p32n=6.8133922210e-01 rz32q=1.9727449045e+00 rz32n=1.9727448821e+00 alpha_full_q=6.8133924996e-01 alpha_full_n=6.8133921419e-01
  residual=1.649e+03
iter=13 pAp_d=1.8971312991e+00 p8q=6.4000000000e+01 p8n=8.0000000000e+00 p8q_e2=1.8750000000e+00 p8n_e2=4.6875000000e-01 p16q=1.8962402344e+00 p16n=1.8808593750e+00 p16q_e2=1.8969726562e+00 p16n_e2=1.8637695312e+00 p32q=1.8971313015e+00 p32n=1.8971313834e+00 p64q=1.8971312991e+00 p64n=1.8971312991e+00 alpha_d=7.8562686974e-01 alpha_p32q=7.8562686877e-01 alpha_p32n=7.8562683483e-01 rz32q=1.4904373214e+00 rz32n=1.4904371426e+00 alpha_full_q=7.8562686737e-01 alpha_full_n=7.8562673918e-01
  residual=1.330e+03
iter=14 pAp_d=1.5776195076e+00 p8q=6.4000000000e+01 p8n=8.0000000000e+00 p8q_e2=1.6250000000e+00 p8n_e2=4.3750000000e-01 p16q=1.5773925781e+00 p16n=1.5722656250e+00 p16q_e2=1.5776367188e+00 p16n_e2=1.5444335938e+00 p32q=1.5776195079e+00 p32n=1.5776195601e+00 p64q=1.5776195076e+00 p64n=1.5776195076e+00 alpha_d=9.1519405146e-01 alpha_p32q=9.1519405129e-01 alpha_p32n=9.1519402103e-01 rz32q=1.4438279867e+00 rz32n=1.4438280910e+00 alpha_full_q=9.1519404995e-01 alpha_full_n=9.1519408581e-01
  residual=2.227e+03
iter=15 pAp_d=1.8216653218e+00 p8q=6.4000000000e+01 p8n=8.0000000000e+00 p8q_e2=1.7500000000e+00 p8n_e2=5.0000000000e-01 p16q=1.8195800781e+00 p16n=1.8093261719e+00 p16q_e2=1.8217773438e+00 p16n_e2=1.7890625000e+00 p32q=1.8216653243e+00 p32n=1.8216652796e+00 p64q=1.8216653218e+00 p64n=1.8216653218e+00 alpha_d=8.4062942167e-01 alpha_p32q=8.4062942053e-01 alpha_p32n=8.4062944116e-01 rz32q=1.5313454643e+00 rz32n=1.5313454270e+00 alpha_full_q=8.4062941962e-01 alpha_full_n=8.4062941980e-01
  residual=2.027e+03
iter=16 pAp_d=1.7189142406e+00 p8q=6.4000000000e+01 p8n=8.0000000000e+00 p8q_e2=1.7500000000e+00 p8n_e2=2.5000000000e-01 p16q=1.7192382812e+00 p16n=1.7026367188e+00 p16q_e2=1.7187500000e+00 p16n_e2=1.6850585938e+00 p32q=1.7189142406e+00 p32n=1.7189142853e+00 p64q=1.7189142406e+00 p64n=1.7189142406e+00 alpha_d=1.0083068911e+00 alpha_p32q=1.0083068911e+00 alpha_p32n=1.0083068649e+00 rz32q=1.7331930697e+00 rz32n=1.7331931293e+00 alpha_full_q=1.0083068886e+00 alpha_full_n=1.0083068970e+00
  residual=1.580e+03
iter=17 pAp_d=3.0144210416e+00 p8q=6.4000000000e+01 p8n=8.0000000000e+00 p8q_e2=3.0000000000e+00 p8n_e2=1.0000000000e+00 p16q=3.0131835938e+00 p16n=3.0043945312e+00 p16q_e2=3.0146484375e+00 p16n_e2=2.9550781250e+00 p32q=3.0144210458e+00 p32n=3.0144212395e+00 p64q=3.0144210416e+00 p64n=3.0144210416e+00 alpha_d=6.8308643427e-01 alpha_p32q=6.8308643332e-01 alpha_p32n=6.8308638942e-01 rz32q=2.0591101199e+00 rz32n=2.0591101199e+00 alpha_full_q=6.8308643307e-01 alpha_full_n=6.8308638917e-01
  residual=1.831e+03
iter=18 pAp_d=2.1758958757e+00 p8q=6.4000000000e+01 p8n=8.0000000000e+00 p8q_e2=2.2500000000e+00 p8n_e2=5.0000000000e-01 p16q=2.1752929688e+00 p16n=2.1621093750e+00 p16q_e2=2.1757812500e+00 p16n_e2=2.1503906250e+00 p32q=2.1758958697e+00 p32n=2.1758957207e+00 p64q=2.1758958757e+00 p64n=2.1758958757e+00 alpha_d=7.0468643311e-01 alpha_p32q=7.0468643503e-01 alpha_p32n=7.0468648329e-01 rz32q=1.5333243012e+00 rz32n=1.5333243534e+00 alpha_full_q=7.0468643402e-01 alpha_full_n=7.0468650625e-01
  residual=1.402e+03
iter=19 pAp_d=1.5115250536e+00 p8q=6.4000000000e+01 p8n=8.0000000000e+00 p8q_e2=1.5000000000e+00 p8n_e2=4.3750000000e-01 p16q=1.5114746094e+00 p16n=1.5004882812e+00 p16q_e2=1.5117187500e+00 p16n_e2=1.4921875000e+00 p32q=1.5115250573e+00 p32n=1.5115249604e+00 p64q=1.5115250536e+00 p64n=1.5115250536e+00 alpha_d=7.9665645604e-01 alpha_p32q=7.9665645410e-01 alpha_p32n=7.9665650514e-01 rz32q=1.2041661888e+00 rz32n=1.2041661888e+00 alpha_full_q=7.9665645174e-01 alpha_full_n=7.9665650279e-01
  residual=1.004e+03
iter=20 pAp_d=1.2628484206e+00 p8q=6.4000000000e+01 p8n=8.0000000000e+00 p8q_e2=1.2500000000e+00 p8n_e2=3.1250000000e-01 p16q=1.2626953125e+00 p16n=1.2536621094e+00 p16q_e2=1.2626953125e+00 p16n_e2=1.2368164062e+00 p32q=1.2628484219e+00 p32n=1.2628484666e+00 p64q=1.2628484206e+00 p64n=1.2628484206e+00 alpha_d=8.1586722580e-01 alpha_p32q=8.1586722493e-01 alpha_p32n=8.1586719605e-01 rz32q=1.0303166360e+00 rz32n=1.0303165168e+00 alpha_full_q=8.1586722371e-01 alpha_full_n=8.1586710043e-01
  residual=1.395e+03
iter=21 pAp_d=1.6128541482e+00 p8q=6.4000000000e+01 p8n=8.0000000000e+00 p8q_e2=1.5000000000e+00 p8n_e2=4.6875000000e-01 p16q=1.6132812500e+00 p16n=1.6013183594e+00 p16q_e2=1.6127929688e+00 p16n_e2=1.5961914062e+00 p32q=1.6128541455e+00 p32n=1.6128541380e+00 p64q=1.6128541482e+00 p64n=1.6128541482e+00 alpha_d=6.8364399807e-01 alpha_p32q=6.8364399923e-01 alpha_p32n=6.8364400239e-01 rz32q=1.1026180610e+00 rz32n=1.1026181802e+00 alpha_full_q=6.8364400098e-01 alpha_full_n=6.8364407805e-01
  residual=1.003e+03
iter=22 pAp_d=8.9353098653e-01 p8q=6.4000000000e+01 p8n=8.0000000000e+00 p8q_e2=8.7500000000e-01 p8n_e2=1.8750000000e-01 p16q=8.9331054688e-01 p16n=8.8952636719e-01 p16q_e2=8.9355468750e-01 p16n_e2=8.8500976562e-01 p32q=8.9353098720e-01 p32n=8.9353091270e-01 p64q=8.9353098653e-01 p64n=8.9353098653e-01 alpha_d=8.9066150364e-01 alpha_p32q=8.9066150296e-01 alpha_p32n=8.9066157723e-01 rz32q=7.9583365098e-01 rz32n=7.9583368823e-01 alpha_full_q=8.9066150181e-01 alpha_full_n=8.9066161777e-01
  residual=6.639e+02
iter=23 pAp_d=8.9423933739e-01 p8q=6.4000000000e+01 p8n=8.0000000000e+00 p8q_e2=8.7500000000e-01 p8n_e2=2.1875000000e-01 p16q=8.9440917969e-01 p16n=8.8940429688e-01 p16q_e2=8.9428710938e-01 p16n_e2=8.9038085938e-01 p32q=8.9423933625e-01 p32n=8.9423941448e-01 p64q=8.9423933739e-01 p64n=8.9423933739e-01 alpha_d=7.9699220265e-01 alpha_p32q=7.9699220366e-01 alpha_p32n=7.9699213394e-01 rz32q=7.1270177886e-01 rz32n=7.1270183474e-01 alpha_full_q=7.9699220328e-01 alpha_full_n=7.9699219604e-01
  residual=7.124e+02
iter=24 pAp_d=7.1767805228e-01 p8q=6.4000000000e+01 p8n=8.0000000000e+00 p8q_e2=6.8750000000e-01 p8n_e2=2.3437500000e-01 p16q=7.1765136719e-01 p16n=7.1362304688e-01 p16q_e2=7.1752929688e-01 p16n_e2=7.0336914062e-01 p32q=7.1767805144e-01 p32n=7.1767804399e-01 p64q=7.1767805228e-01 p64n=7.1767805228e-01 alpha_d=7.0441232107e-01 alpha_p32q=7.0441232189e-01 alpha_p32n=7.0441232920e-01 rz32q=5.0554126129e-01 rz32n=5.0554128736e-01 alpha_full_q=7.0441232008e-01 alpha_full_n=7.0441236373e-01
  residual=9.353e+02
iter=25 pAp_d=7.5833565451e-01 p8q=6.4000000000e+01 p8n=8.0000000000e+00 p8q_e2=8.1250000000e-01 p8n_e2=2.3437500000e-01 p16q=7.5842285156e-01 p16n=7.5317382812e-01 p16q_e2=7.5830078125e-01 p16n_e2=7.4780273438e-01 p32q=7.5833565369e-01 p32n=7.5833558291e-01 p64q=7.5833565451e-01 p64n=7.5833565451e-01 alpha_d=5.7560405400e-01 alpha_p32q=5.7560405462e-01 alpha_p32n=5.7560410835e-01 rz32q=4.3650107644e-01 rz32n=4.3650107831e-01 alpha_full_q=5.7560405385e-01 alpha_full_n=5.7560411003e-01
  residual=5.670e+02
iter=26 pAp_d=3.0254850413e-01 p8q=6.4000000000e+01 p8n=8.0000000000e+00 p8q_e2=3.1250000000e-01 p8n_e2=3.1250000000e-02 p16q=3.0267333984e-01 p16n=2.9846191406e-01 p16q_e2=3.0249023438e-01 p16n_e2=2.9699707031e-01 p32q=3.0254850537e-01 p32n=3.0254848488e-01 p64q=3.0254850413e-01 p64n=3.0254850413e-01 alpha_d=6.7101548128e-01 alpha_p32q=6.7101547855e-01 alpha_p32n=6.7101552399e-01 rz32q=2.0301473048e-01 rz32n=2.0301473234e-01 alpha_full_q=6.7101547975e-01 alpha_full_n=6.7101553135e-01
  residual=3.682e+02
iter=27 pAp_d=1.8292958924e-01 p8q=6.4000000000e+01 p8n=8.0000000000e+00 p8q_e2=1.8750000000e-01 p8n_e2=1.5625000000e-02 p16q=1.8292236328e-01 p16n=1.7926025391e-01 p16q_e2=1.8292236328e-01 p16n_e2=1.7938232422e-01 p32q=1.8292958941e-01 p32n=1.8292957265e-01 p64q=1.8292958924e-01 p64n=1.8292958924e-01 alpha_d=7.0338743637e-01 alpha_p32q=7.0338743572e-01 alpha_p32n=7.0338750018e-01 rz32q=1.2867037486e-01 rz32n=1.2867038883e-01 alpha_full_q=7.0338743598e-01 alpha_full_n=7.0338757681e-01
  residual=3.307e+02
iter=28 pAp_d=9.8540604515e-02 p8q=6.4000000000e+01 p8n=8.0000000000e+00 p8q_e2=1.0156250000e-01 p8n_e2=9.7656250000e-03 p16q=9.8571777344e-02 p16n=9.6008300781e-02 p16q_e2=9.8541259766e-02 p16n_e2=9.6221923828e-02 p32q=9.8540604580e-02 p32n=9.8540599458e-02 p64q=9.8540604515e-02 p64n=9.8540604515e-02 alpha_d=9.2930890829e-01 alpha_p32q=9.2930890767e-01 alpha_p32n=9.2930895598e-01 rz32q=9.1574661434e-02 rz32n=9.1574685182e-02 alpha_full_q=9.2930890595e-01 alpha_full_n=9.2930919526e-01
  residual=3.471e+02
iter=29 pAp_d=9.6150324028e-02 p8q=6.4000000000e+01 p8n=8.0000000000e+00 p8q_e2=1.0156250000e-01 p8n_e2=1.1718750000e-02 p16q=9.6282958984e-02 p16n=9.3566894531e-02 p16q_e2=9.6160888672e-02 p16n_e2=9.3444824219e-02 p32q=9.6150324214e-02 p32n=9.6150326543e-02 p64q=9.6150324028e-02 p64n=9.6150324028e-02 alpha_d=8.9732898119e-01 alpha_p32q=8.9732897945e-01 alpha_p32n=8.9732895772e-01 rz32q=8.6278472096e-02 rz32n=8.6278482806e-02 alpha_full_q=8.9732897732e-01 alpha_full_n=8.9732906698e-01
  residual=4.628e+02
iter=30 pAp_d=1.3373037767e-01 p8q=6.4000000000e+01 p8n=8.0000000000e+00 p8q_e2=1.4062500000e-01 p8n_e2=2.3437500000e-02 p16q=1.3372802734e-01 p16n=1.3110351562e-01 p16q_e2=1.3372802734e-01 p16n_e2=1.3092041016e-01 p32q=1.3373037707e-01 p32n=1.3373038825e-01 p64q=1.3373037767e-01 p64n=1.3373037767e-01 alpha_d=7.4527209187e-01 alpha_p32q=7.4527209519e-01 alpha_p32n=7.4527203291e-01 rz32q=9.9665518384e-02 rz32n=9.9665497895e-02 alpha_full_q=7.4527209575e-01 alpha_full_n=7.4527188025e-01
  residual=3.931e+02
iter=31 pAp_d=1.1822712942e-01 p8q=3.2000000000e+01 p8n=8.0000000000e+00 p8q_e2=1.1718750000e-01 p8n_e2=1.5625000000e-02 p16q=1.1822509766e-01 p16n=1.1535644531e-01 p16q_e2=1.1822509766e-01 p16n_e2=1.1599731445e-01 p32q=1.1822712934e-01 p32n=1.1822712794e-01 p64q=1.1822712942e-01 p64n=1.1822712942e-01 alpha_d=7.6228947772e-01 alpha_p32q=7.6228947829e-01 alpha_p32n=7.6228948729e-01 rz32q=9.0123296715e-02 rz32n=9.0123305097e-02 alpha_full_q=7.6228947807e-01 alpha_full_n=7.6228955797e-01
  residual=3.481e+02
iter=32 pAp_d=9.5534626693e-02 p8q=6.4000000000e+01 p8n=8.0000000000e+00 p8q_e2=1.0156250000e-01 p8n_e2=1.5625000000e-02 p16q=9.5489501953e-02 p16n=9.3444824219e-02 p16q_e2=9.5550537109e-02 p16n_e2=9.3231201172e-02 p32q=9.5534626860e-02 p32n=9.5534616150e-02 p64q=9.5534626693e-02 p64n=9.5534626693e-02 alpha_d=7.8588840423e-01 alpha_p32q=7.8588840286e-01 alpha_p32n=7.8588849096e-01 rz32q=7.5079555623e-02 rz32n=7.5079552829e-02 alpha_full_q=7.8588840602e-01 alpha_full_n=7.8588846488e-01
  residual=2.827e+02
iter=33 pAp_d=8.0762525973e-02 p8q=6.4000000000e+01 p8n=8.0000000000e+00 p8q_e2=8.5937500000e-02 p8n_e2=1.3671875000e-02 p16q=8.0841064453e-02 p16n=7.8369140625e-02 p16q_e2=8.0749511719e-02 p16n_e2=7.8308105469e-02 p32q=8.0762525555e-02 p32n=8.0762526952e-02 p64q=8.0762525973e-02 p64n=8.0762525973e-02 alpha_d=8.1579242129e-01 alpha_p32q=8.1579242552e-01 alpha_p32n=8.1579241141e-01 rz32q=6.5885456745e-02 rz32n=6.5885461401e-02 alpha_full_q=8.1579242714e-01 alpha_full_n=8.1579247069e-01
  residual=3.430e+02
iter=34 pAp_d=7.3115818694e-02 p8q=3.2000000000e+01 p8n=8.0000000000e+00 p8q_e2=7.8125000000e-02 p8n_e2=1.5625000000e-02 p16q=7.3181152344e-02 p16n=7.0404052734e-02 p16q_e2=7.3089599609e-02 p16n_e2=7.0251464844e-02 p32q=7.3115818668e-02 p32n=7.3115806095e-02 p64q=7.3115818694e-02 p64n=7.3115818694e-02 alpha_d=9.3773772588e-01 alpha_p32q=9.3773772621e-01 alpha_p32n=9.3773788746e-01 rz32q=6.8563461769e-02 rz32n=6.8563452456e-02 alpha_full_q=9.3773772924e-01 alpha_full_n=9.3773776311e-01
  residual=3.574e+02
iter=35 pAp_d=9.2409716705e-02 p8q=6.4000000000e+01 p8n=7.5000000000e+00 p8q_e2=9.3750000000e-02 p8n_e2=1.5625000000e-02 p16q=9.2468261719e-02 p16n=9.0728759766e-02 p16q_e2=9.2407226562e-02 p16n_e2=9.0576171875e-02 p32q=9.2409716919e-02 p32n=9.2409707140e-02 p64q=9.2409716705e-02 p64n=9.2409716705e-02 alpha_d=9.1336537559e-01 alpha_p32q=9.1336537347e-01 alpha_p32n=9.1336547012e-01 rz32q=8.4403835703e-02 rz32n=8.4403843619e-02 alpha_full_q=9.1336537452e-01 alpha_full_n=9.1336555683e-01
  residual=3.482e+02
iter=36 pAp_d=9.8621880867e-02 p8q=3.2000000000e+01 p8n=8.0000000000e+00 p8q_e2=1.0156250000e-01 p8n_e2=1.5625000000e-02 p16q=9.8663330078e-02 p16n=9.7106933594e-02 p16q_e2=9.8632812500e-02 p16n_e2=9.6832275391e-02 p32q=9.8621881101e-02 p32n=9.8621875048e-02 p64q=9.8621880867e-02 p64n=9.8621880867e-02 alpha_d=9.9808209422e-01 alpha_p32q=9.9808209185e-01 alpha_p32n=9.9808215311e-01 rz32q=9.8432733212e-02 rz32n=9.8432730883e-02 alpha_full_q=9.9808209002e-01 alpha_full_n=9.9808212768e-01
  residual=3.765e+02
iter=37 pAp_d=1.5057968335e-01 p8q=3.2000000000e+01 p8n=7.0000000000e+00 p8q_e2=1.5625000000e-01 p8n_e2=2.7343750000e-02 p16q=1.5069580078e-01 p16n=1.4837646484e-01 p16q_e2=1.5057373047e-01 p16n_e2=1.4837646484e-01 p32q=1.5057968348e-01 p32n=1.5057969745e-01 p64q=1.5057968335e-01 p64n=1.5057968335e-01 alpha_d=8.2001852988e-01 alpha_p32q=8.2001852914e-01 alpha_p32n=8.2001845306e-01 rz32q=1.2347813044e-01 rz32n=1.2347814208e-01 alpha_full_q=8.2001852827e-01 alpha_full_n=8.2001852951e-01
  residual=4.396e+02
iter=38 pAp_d=1.5518470643e-01 p8q=3.2000000000e+01 p8n=7.5000000000e+00 p8q_e2=1.5625000000e-01 p8n_e2=3.1250000000e-02 p16q=1.5545654297e-01 p16n=1.5246582031e-01 p16q_e2=1.5521240234e-01 p16n_e2=1.5246582031e-01 p32q=1.5518470667e-01 p32n=1.5518470481e-01 p64q=1.5518470643e-01 p64n=1.5518470643e-01 alpha_d=8.0773214161e-01 alpha_p32q=8.0773214032e-01 alpha_p32n=8.0773215002e-01 rz32q=1.2534767482e-01 rz32n=1.2534767482e-01 alpha_full_q=8.0773213747e-01 alpha_full_n=8.0773214717e-01
  residual=4.300e+02
iter=39 pAp_d=1.6639700930e-01 p8q=3.2000000000e+01 p8n=8.0000000000e+00 p8q_e2=1.7187500000e-01 p8n_e2=3.9062500000e-02 p16q=1.6638183594e-01 p16n=1.6363525391e-01 p16q_e2=1.6638183594e-01 p16n_e2=1.6357421875e-01 p32q=1.6639700904e-01 p32n=1.6639700625e-01 p64q=1.6639700930e-01 p64n=1.6639700930e-01 alpha_d=7.8347203447e-01 alpha_p32q=7.8347203568e-01 alpha_p32n=7.8347204883e-01 rz32q=1.3036740292e-01 rz32n=1.3036739174e-01 alpha_full_q=7.8347203274e-01 alpha_full_n=7.8347197873e-01
  residual=3.753e+02
iter=40 pAp_d=1.2477248873e-01 p8q=3.2000000000e+01 p8n=8.0000000000e+00 p8q_e2=1.1718750000e-01 p8n_e2=1.5625000000e-02 p16q=1.2475585938e-01 p16n=1.2405395508e-01 p16q_e2=1.2475585938e-01 p16n_e2=1.2411499023e-01 p32q=1.2477248861e-01 p32n=1.2477248488e-01 p64q=1.2477248873e-01 p64n=1.2477248873e-01 alpha_d=9.7187081699e-01 alpha_p32q=9.7187081797e-01 alpha_p32n=9.7187084699e-01 rz32q=1.2126274034e-01 rz32n=1.2126274779e-01 alpha_full_q=9.7187081623e-01 alpha_full_n=9.7187090496e-01
  residual=3.395e+02
iter=41 pAp_d=1.5499968571e-01 p8q=3.2000000000e+01 p8n=8.0000000000e+00 p8q_e2=1.5625000000e-01 p8n_e2=2.3437500000e-02 p16q=1.5515136719e-01 p16n=1.5344238281e-01 p16q_e2=1.5496826172e-01 p16n_e2=1.5350341797e-01 p32q=1.5499968547e-01 p32n=1.5499968734e-01 p64q=1.5499968571e-01 p64n=1.5499968571e-01 alpha_d=8.3127686179e-01 alpha_p32q=8.3127686306e-01 alpha_p32n=8.3127685307e-01 rz32q=1.2884765211e-01 rz32n=1.2884765398e-01 alpha_full_q=8.3127686176e-01 alpha_full_n=8.3127686379e-01
  residual=4.707e+02
iter=42 pAp_d=1.5686497673e-01 p8q=3.2000000000e+01 p8n=7.5000000000e+00 p8q_e2=1.5625000000e-01 p8n_e2=3.1250000000e-02 p16q=1.5679931641e-01 p16n=1.5454101562e-01 p16q_e2=1.5686035156e-01 p16n_e2=1.5466308594e-01 p32q=1.5686497651e-01 p32n=1.5686496720e-01 p64q=1.5686497673e-01 p64n=1.5686497673e-01 alpha_d=7.3453409275e-01 alpha_p32q=7.3453409377e-01 alpha_p32n=7.3453413738e-01 rz32q=1.1522267340e-01 rz32n=1.1522267573e-01 alpha_full_q=7.3453409398e-01 alpha_full_n=7.3453415243e-01
  residual=4.511e+02
iter=43 pAp_d=1.3879966343e-01 p8q=3.2000000000e+01 p8n=8.0000000000e+00 p8q_e2=1.2500000000e-01 p8n_e2=1.5625000000e-02 p16q=1.3879394531e-01 p16n=1.3745117188e-01 p16q_e2=1.3879394531e-01 p16n_e2=1.3745117188e-01 p32q=1.3879966363e-01 p32n=1.3879964687e-01 p64q=1.3879966343e-01 p64n=1.3879966343e-01 alpha_d=7.6735610537e-01 alpha_p32q=7.6735610425e-01 alpha_p32n=7.6735619693e-01 rz32q=1.0650876909e-01 rz32n=1.0650876211e-01 alpha_full_q=7.6735610380e-01 alpha_full_n=7.6735614616e-01
  residual=3.775e+02
iter=44 pAp_d=9.9491399267e-02 p8q=3.2000000000e+01 p8n=8.0000000000e+00 p8q_e2=1.0156250000e-01 p8n_e2=1.9531250000e-02 p16q=9.9578857422e-02 p16n=9.8205566406e-02 p16q_e2=9.9487304688e-02 p16n_e2=9.8083496094e-02 p32q=9.9491399247e-02 p32n=9.9491401110e-02 p64q=9.9491399267e-02 p64n=9.9491399267e-02 alpha_d=9.2621614469e-01 alpha_p32q=9.2621614487e-01 alpha_p32n=9.2621612753e-01 rz32q=9.2150540091e-02 rz32n=9.2150549404e-02 alpha_full_q=9.2621614319e-01 alpha_full_n=9.2621621946e-01
  residual=4.645e+02
iter=45 pAp_d=1.3378380918e-01 p8q=3.2000000000e+01 p8n=7.0000000000e+00 p8q_e2=1.4062500000e-01 p8n_e2=3.1250000000e-02 p16q=1.3378906250e-01 p16n=1.3262939453e-01 p16q_e2=1.3378906250e-01 p16n_e2=1.3281250000e-01 p32q=1.3378380891e-01 p32n=1.3378380984e-01 p64q=1.3378380918e-01 p64n=1.3378380918e-01 alpha_d=7.8926132469e-01 alpha_p32q=7.8926132629e-01 alpha_p32n=7.8926132080e-01 rz32q=1.0559038632e-01 rz32n=1.0559037421e-01 alpha_full_q=7.8926132525e-01 alpha_full_n=7.8926122925e-01
  residual=4.604e+02
iter=46 pAp_d=1.3976941550e-01 p8q=3.2000000000e+01 p8n=8.0000000000e+00 p8q_e2=1.4062500000e-01 p8n_e2=3.9062500000e-02 p16q=1.3970947266e-01 p16n=1.3806152344e-01 p16q_e2=1.3977050781e-01 p16n_e2=1.3806152344e-01 p32q=1.3976941537e-01 p32n=1.3976939768e-01 p64q=1.3976941550e-01 p64n=1.3976941550e-01 alpha_d=8.0887103496e-01 alpha_p32q=8.0887103570e-01 alpha_p32n=8.0887113810e-01 rz32q=1.1305543175e-01 rz32n=1.1305543967e-01 alpha_full_q=8.0887103555e-01 alpha_full_n=8.0887119459e-01
  residual=3.895e+02
iter=47 pAp_d=1.1437673264e-01 p8q=3.2000000000e+01 p8n=8.0000000000e+00 p8q_e2=1.1718750000e-01 p8n_e2=2.3437500000e-02 p16q=1.1444091797e-01 p16n=1.1303710938e-01 p16q_e2=1.1437988281e-01 p16n_e2=1.1267089844e-01 p32q=1.1437673215e-01 p32n=1.1437674519e-01 p64q=1.1437673264e-01 p64n=1.1437673264e-01 alpha_d=8.5310637648e-01 alpha_p32q=8.5310638012e-01 alpha_p32n=8.5310628287e-01 rz32q=9.7575519700e-02 rz32n=9.7575509921e-02 alpha_full_q=8.5310637808e-01 alpha_full_n=8.5310619533e-01
  residual=3.506e+02
iter=48 pAp_d=1.0462877626e-01 p8q=3.2000000000e+01 p8n=8.0000000000e+00 p8q_e2=1.0937500000e-01 p8n_e2=1.5625000000e-02 p16q=1.0449218750e-01 p16n=1.0272216797e-01 p16q_e2=1.0461425781e-01 p16n_e2=1.0293579102e-01 p32q=1.0462877620e-01 p32n=1.0462878458e-01 p64q=1.0462877626e-01 p64n=1.0462877626e-01 alpha_d=7.9404961788e-01 alpha_p32q=7.9404961834e-01 alpha_p32n=7.9404955473e-01 rz32q=8.3080439828e-02 rz32n=8.3080439828e-02 alpha_full_q=7.9404961852e-01 alpha_full_n=7.9404955491e-01
  residual=3.099e+02
iter=49 pAp_d=7.9513800042e-02 p8q=3.2000000000e+01 p8n=8.0000000000e+00 p8q_e2=8.5937500000e-02 p8n_e2=1.3671875000e-02 p16q=7.9467773438e-02 p16n=7.7667236328e-02 p16q_e2=7.9498291016e-02 p16n_e2=7.7972412109e-02 p32q=7.9513800330e-02 p32n=7.9513807315e-02 p64q=7.9513800042e-02 p64n=7.9513800042e-02 alpha_d=8.6580755198e-01 alpha_p32q=8.6580754884e-01 alpha_p32n=8.6580747278e-01 rz32q=6.8843648769e-02 rz32n=6.8843656685e-02 alpha_full_q=8.6580755143e-01 alpha_full_n=8.6580757493e-01
  residual=3.498e+02
iter=50 pAp_d=8.0713278675e-02 p8q=3.2000000000e+01 p8n=8.0000000000e+00 p8q_e2=7.8125000000e-02 p8n_e2=1.5625000000e-02 p16q=8.0627441406e-02 p16n=7.9132080078e-02 p16q_e2=8.0718994141e-02 p16n_e2=7.8765869141e-02 p32q=8.0713278614e-02 p32n=8.0713267904e-02 p64q=8.0713278675e-02 p64n=8.0713278675e-02 alpha_d=8.1368568772e-01 alpha_p32q=8.1368568833e-01 alpha_p32n=8.1368579631e-01 rz32q=6.5675239544e-02 rz32n=6.5675234888e-02 alpha_full_q=8.1368568682e-01 alpha_full_n=8.1368573710e-01
  residual=3.703e+02
iter=51 pAp_d=9.4847262502e-02 p8q=3.2000000000e+01 p8n=8.0000000000e+00 p8q_e2=9.3750000000e-02 p8n_e2=2.3437500000e-02 p16q=9.4818115234e-02 p16n=9.3322753906e-02 p16q_e2=9.4848632812e-02 p16n_e2=9.3383789062e-02 p32q=9.4847262371e-02 p32n=9.4847256783e-02 p64q=9.4847262502e-02 p64n=9.4847262502e-02 alpha_d=7.5435221124e-01 alpha_p32q=7.5435221228e-01 alpha_p32n=7.5435225672e-01 rz32q=7.1548242122e-02 rz32n=7.1548250038e-02 alpha_full_q=7.5435221147e-01 alpha_full_n=7.5435233938e-01
  residual=3.436e+02
iter=52 pAp_d=7.1322866407e-02 p8q=3.2000000000e+01 p8n=8.0000000000e+00 p8q_e2=7.0312500000e-02 p8n_e2=7.8125000000e-03 p16q=7.1350097656e-02 p16n=6.9702148438e-02 p16q_e2=7.1319580078e-02 p16n_e2=6.9885253906e-02 p32q=7.1322866715e-02 p32n=7.1322856937e-02 p64q=7.1322866407e-02 p64n=7.1322866407e-02 alpha_d=8.7824883263e-01 alpha_p32q=8.7824882884e-01 alpha_p32n=8.7824894925e-01 rz32q=6.2639224343e-02 rz32n=6.2639221549e-02 alpha_full_q=8.7824883137e-01 alpha_full_n=8.7824891261e-01
  residual=2.804e+02
iter=53 pAp_d=6.9423046473e-02 p8q=3.2000000000e+01 p8n=8.0000000000e+00 p8q_e2=7.0312500000e-02 p8n_e2=7.8125000000e-03 p16q=6.9458007812e-02 p16n=6.7169189453e-02 p16q_e2=6.9427490234e-02 p16n_e2=6.7108154297e-02 p32q=6.9423046429e-02 p32n=6.9423054345e-02 p64q=6.9423046473e-02 p64n=6.9423046473e-02 alpha_d=8.1115894919e-01 alpha_p32q=8.1115894971e-01 alpha_p32n=8.1115885722e-01 rz32q=5.6313125417e-02 rz32n=5.6313123088e-02 alpha_full_q=8.1115894956e-01 alpha_full_n=8.1115882353e-01
  residual=3.369e+02
iter=54 pAp_d=5.6515115869e-02 p8q=3.2000000000e+01 p8n=8.0000000000e+00 p8q_e2=5.4687500000e-02 p8n_e2=7.8125000000e-03 p16q=5.6457519531e-02 p16n=5.4412841797e-02 p16q_e2=5.6518554688e-02 p16n_e2=5.4809570312e-02 p32q=5.6515115779e-02 p32n=5.6515119970e-02 p64q=5.6515115869e-02 p64n=5.6515115869e-02 alpha_d=8.5727000897e-01 alpha_p32q=8.5727001034e-01 alpha_p32n=8.5726994677e-01 rz32q=4.8448713962e-02 rz32n=4.8448713962e-02 alpha_full_q=8.5727001165e-01 alpha_full_n=8.5726994807e-01
  residual=3.125e+02
iter=55 pAp_d=5.9295758532e-02 p8q=3.2000000000e+01 p8n=8.0000000000e+00 p8q_e2=6.2500000000e-02 p8n_e2=7.8125000000e-03 p16q=5.9356689453e-02 p16n=5.7403564453e-02 p16q_e2=5.9295654297e-02 p16n_e2=5.7525634766e-02 p32q=5.9295758605e-02 p32n=5.9295770247e-02 p64q=5.9295758532e-02 p64n=5.9295758532e-02 alpha_d=7.7023046128e-01 alpha_p32q=7.7023046033e-01 alpha_p32n=7.7023030911e-01 rz32q=4.5671399217e-02 rz32n=4.5671401080e-02 alpha_full_q=7.7023045647e-01 alpha_full_n=7.7023033666e-01
  residual=3.038e+02
iter=56 pAp_d=4.6693525419e-02 p8q=3.2000000000e+01 p8n=8.0000000000e+00 p8q_e2=4.6875000000e-02 p8n_e2=3.9062500000e-03 p16q=4.6722412109e-02 p16n=4.4952392578e-02 p16q_e2=4.6691894531e-02 p16n_e2=4.5043945312e-02 p32q=4.6693525277e-02 p32n=4.6693537384e-02 p64q=4.6693525419e-02 p64n=4.6693525419e-02 alpha_d=8.8739845092e-01 alpha_p32q=8.8739845362e-01 alpha_p32n=8.8739822353e-01 rz32q=4.1435762309e-02 rz32n=4.1435765568e-02 alpha_full_q=8.8739845755e-01 alpha_full_n=8.8739829727e-01
  residual=2.597e+02
iter=57 pAp_d=4.4584121372e-02 p8q=3.2000000000e+01 p8n=8.0000000000e+00 p8q_e2=4.6875000000e-02 p8n_e2=7.8125000000e-03 p16q=4.4586181641e-02 p16n=4.3029785156e-02 p16q_e2=4.4586181641e-02 p16n_e2=4.3029785156e-02 p32q=4.4584121555e-02 p32n=4.4584111311e-02 p64q=4.4584121372e-02 p64n=4.4584121372e-02 alpha_d=8.6255173559e-01 alpha_p32q=8.6255173206e-01 alpha_p32n=8.6255193025e-01 rz32q=3.8456111215e-02 rz32n=3.8456105627e-02 alpha_full_q=8.6255173083e-01 alpha_full_n=8.6255180370e-01
  residual=2.919e+02
iter=58 pAp_d=3.5279387937e-02 p8q=1.6000000000e+01 p8n=7.5000000000e+00 p8q_e2=3.9062500000e-02 p8n_e2=2.9296875000e-03 p16q=3.5278320312e-02 p16n=3.4057617188e-02 p16q_e2=3.5278320312e-02 p16n_e2=3.4240722656e-02 p32q=3.5279388074e-02 p32n=3.5279389471e-02 p64q=3.5279387937e-02 p64n=3.5279387937e-02 alpha_d=9.2653393837e-01 alpha_p32q=9.2653393478e-01 alpha_p32n=9.2653389809e-01 rz32q=3.2687550411e-02 rz32n=3.2687545288e-02 alpha_full_q=9.2653393937e-01 alpha_full_n=9.2653375749e-01
  residual=2.336e+02
iter=59 pAp_d=3.1029797502e-02 p8q=2.4000000000e+01 p8n=8.0000000000e+00 p8q_e2=3.1250000000e-02 p8n_e2=3.9062500000e-03 p16q=3.0960083008e-02 p16n=2.9937744141e-02 p16q_e2=3.1021118164e-02 p16n_e2=3.0197143555e-02 p32q=3.1029797392e-02 p32n=3.1029796693e-02 p64q=3.1029797502e-02 p64n=3.1029797502e-02 alpha_d=8.9187877136e-01 alpha_p32q=8.9187877453e-01 alpha_p32n=8.9187879461e-01 rz32q=2.7674817713e-02 rz32n=2.7674818877e-02 alpha_full_q=8.9187877586e-01 alpha_full_n=8.9187883345e-01
  residual=2.143e+02
iter=60 pAp_d=2.7407781210e-02 p8q=1.6000000000e+01 p8n=8.0000000000e+00 p8q_e2=2.7343750000e-02 p8n_e2=2.9296875000e-03 p16q=2.7404785156e-02 p16n=2.5848388672e-02 p16q_e2=2.7404785156e-02 p16n_e2=2.6138305664e-02 p32q=2.7407781221e-02 p32n=2.7407784015e-02 p64q=2.7407781210e-02 p64n=2.7407781210e-02 alpha_d=9.4748281378e-01 alpha_p32q=9.4748281338e-01 alpha_p32n=9.4748271680e-01 rz32q=2.5968401693e-02 rz32n=2.5968406815e-02 alpha_full_q=9.4748281459e-01 alpha_full_n=9.4748290489e-01
  residual=2.274e+02
iter=61 pAp_d=2.5752444958e-02 p8q=1.4000000000e+01 p8n=5.0000000000e+00 p8q_e2=2.7343750000e-02 p8n_e2=1.9531250000e-03 p16q=2.5741577148e-02 p16n=2.4688720703e-02 p16q_e2=2.5756835938e-02 p16n_e2=2.4856567383e-02 p32q=2.5752444984e-02 p32n=2.5752441259e-02 p64q=2.5752444958e-02 p64n=2.5752444958e-02 alpha_d=9.7530236220e-01 alpha_p32q=9.7530236119e-01 alpha_p32n=9.7530250227e-01 rz32q=2.5116420351e-02 rz32n=2.5116415462e-02 alpha_full_q=9.7530235930e-01 alpha_full_n=9.7530231052e-01
  residual=2.417e+02
iter=62 pAp_d=2.3782362617e-02 p8q=1.4000000000e+01 p8n=8.0000000000e+00 p8q_e2=2.3437500000e-02 p8n_e2=1.9531250000e-03 p16q=2.3773193359e-02 p16n=2.2750854492e-02 p16q_e2=2.3788452148e-02 p16n_e2=2.2933959961e-02 p32q=2.3782362696e-02 p32n=2.3782360600e-02 p64q=2.3782362617e-02 p64n=2.3782362617e-02 alpha_d=1.0089479797e+00 alpha_p32q=1.0089479763e+00 alpha_p32n=1.0089480652e+00 rz32q=2.3995166644e-02 rz32n=2.3995168973e-02 alpha_full_q=1.0089479734e+00 alpha_full_n=1.0089481602e+00
  residual=1.884e+02
iter=63 pAp_d=2.3403058241e-02 p8q=1.2000000000e+01 p8n=5.0000000000e+00 p8q_e2=2.3437500000e-02 p8n_e2=1.9531250000e-03 p16q=2.3406982422e-02 p16n=2.2003173828e-02 p16q_e2=2.3406982422e-02 p16n_e2=2.2354125977e-02 p32q=2.3403058294e-02 p32n=2.3403058294e-02 p64q=2.3403058241e-02 p64n=2.3403058241e-02 alpha_d=1.0035385610e+00 alpha_p32q=1.0035385588e+00 alpha_p32n=1.0035385588e+00 rz32q=2.3485871498e-02 rz32n=2.3485876387e-02 alpha_full_q=1.0035385633e+00 alpha_full_n=1.0035387722e+00
  residual=2.292e+02
iter=64 pAp_d=3.0797444453e-02 p8q=2.4000000000e+01 p8n=8.0000000000e+00 p8q_e2=3.1250000000e-02 p8n_e2=3.9062500000e-03 p16q=3.0807495117e-02 p16n=2.9525756836e-02 p16q_e2=3.0792236328e-02 p16n_e2=2.9617309570e-02 p32q=3.0797444284e-02 p32n=3.0797448475e-02 p64q=3.0797444453e-02 p64n=3.0797444453e-02 alpha_d=8.6873018432e-01 alpha_p32q=8.6873018908e-01 alpha_p32n=8.6873007086e-01 rz32q=2.6754669612e-02 rz32n=2.6754669147e-02 alpha_full_q=8.6873018961e-01 alpha_full_n=8.6873005627e-01
  residual=2.199e+02
iter=65 pAp_d=3.7409934048e-02 p8q=2.4000000000e+01 p8n=8.0000000000e+00 p8q_e2=3.9062500000e-02 p8n_e2=7.8125000000e-03 p16q=3.7414550781e-02 p16n=3.5888671875e-02 p16q_e2=3.7384033203e-02 p16n_e2=3.5980224609e-02 p32q=3.7409934215e-02 p32n=3.7409927696e-02 p64q=3.7409934048e-02 p64n=3.7409934048e-02 alpha_d=7.4939471973e-01 alpha_p32q=7.4939471638e-01 alpha_p32n=7.4939484698e-01 rz32q=2.8034807183e-02 rz32n=2.8034805553e-02 alpha_full_q=7.4939472017e-01 alpha_full_n=7.4939480720e-01
  residual=2.419e+02
iter=66 pAp_d=3.7324344388e-02 p8q=1.4000000000e+01 p8n=6.0000000000e+00 p8q_e2=3.9062500000e-02 p8n_e2=1.5625000000e-02 p16q=3.7353515625e-02 p16n=3.5125732422e-02 p16q_e2=3.7322998047e-02 p16n_e2=3.5125732422e-02 p32q=3.7324344274e-02 p32n=3.7324349862e-02 p64q=3.7324344388e-02 p64n=3.7324344388e-02 alpha_d=7.1353125089e-01 alpha_p32q=7.1353125308e-01 alpha_p32n=7.1353114625e-01 rz32q=2.6632086141e-02 rz32n=2.6632078690e-02 alpha_full_q=7.1353125311e-01 alpha_full_n=7.1353094667e-01
  residual=2.417e+02
iter=67 pAp_d=3.9840033413e-02 p8q=1.6000000000e+01 p8n=8.0000000000e+00 p8q_e2=3.9062500000e-02 p8n_e2=1.1718750000e-02 p16q=3.9764404297e-02 p16n=3.7506103516e-02 p16q_e2=3.9855957031e-02 p16n_e2=3.7445068359e-02 p32q=3.9840033744e-02 p32n=3.9840040263e-02 p64q=3.9840033413e-02 p64n=3.9840033413e-02 alpha_d=7.0002037009e-01 alpha_p32q=7.0002036428e-01 alpha_p32n=7.0002024973e-01 rz32q=2.7888834942e-02 rz32n=2.7888837736e-02 alpha_full_q=7.0002036448e-01 alpha_full_n=7.0002032006e-01
  residual=2.234e+02
iter=68 pAp_d=3.2801213357e-02 p8q=1.6000000000e+01 p8n=7.0000000000e+00 p8q_e2=3.1250000000e-02 p8n_e2=3.9062500000e-03 p16q=3.2836914062e-02 p16n=3.1707763672e-02 p16q_e2=3.2806396484e-02 p16n_e2=3.1829833984e-02 p32q=3.2801213209e-02 p32n=3.2801214606e-02 p64q=3.2801213357e-02 p64n=3.2801213357e-02 alpha_d=7.9607296070e-01 alpha_p32q=7.9607296430e-01 alpha_p32n=7.9607293040e-01 rz32q=2.6112159016e-02 rz32n=2.6112160180e-02 alpha_full_q=7.9607296381e-01 alpha_full_n=7.9607296540e-01
  residual=2.254e+02
iter=69 pAp_d=2.5656794334e-02 p8q=1.6000000000e+01 p8n=7.0000000000e+00 p8q_e2=2.7343750000e-02 p8n_e2=1.9531250000e-03 p16q=2.5680541992e-02 p16n=2.4627685547e-02 p16q_e2=2.5650024414e-02 p16n_e2=2.5192260742e-02 p32q=2.5656794431e-02 p32n=2.5656792568e-02 p64q=2.5656794334e-02 p64n=2.5656794334e-02 alpha_d=9.0909555818e-01 alpha_p32q=9.0909555477e-01 alpha_p32n=9.0909562077e-01 rz32q=2.3324477719e-02 rz32n=2.3324482143e-02 alpha_full_q=9.0909555292e-01 alpha_full_n=9.0909579134e-01
  residual=2.176e+02
iter=70 pAp_d=2.5714451834e-02 p8q=1.6000000000e+01 p8n=7.0000000000e+00 p8q_e2=2.3437500000e-02 p8n_e2=9.7656250000e-04 p16q=2.5756835938e-02 p16n=2.4291992188e-02 p16q_e2=2.5711059570e-02 p16n_e2=2.4841308594e-02 p32q=2.5714451913e-02 p32n=2.5714451214e-02 p64q=2.5714451834e-02 p64n=2.5714451834e-02 alpha_d=7.9628611603e-01 alpha_p32q=7.9628611357e-01 alpha_p32n=7.9628613520e-01 rz32q=2.0476060919e-02 rz32n=2.0476062782e-02 alpha_full_q=7.9628611136e-01 alpha_full_n=7.9628620543e-01
  residual=1.761e+02
iter=71 pAp_d=1.6334306415e-02 p8q=1.0000000000e+01 p8n=5.0000000000e+00 p8q_e2=1.5625000000e-02 p8n_e2=9.7656250000e-04 p16q=1.6296386719e-02 p16n=1.4953613281e-02 p16q_e2=1.6326904297e-02 p16n_e2=1.5762329102e-02 p32q=1.6334306449e-02 p32n=1.6334308311e-02 p64q=1.6334306415e-02 p64n=1.6334306415e-02 alpha_d=9.6417079682e-01 alpha_p32q=9.6417079482e-01 alpha_p32n=9.6417068487e-01 rz32q=1.5749061247e-02 rz32n=1.5749063343e-02 alpha_full_q=9.6417079579e-01 alpha_full_n=9.6417081413e-01
  residual=1.941e+02
iter=72 pAp_d=1.6477880313e-02 p8q=1.6000000000e+01 p8n=8.0000000000e+00 p8q_e2=1.5625000000e-02 p8n_e2=1.9531250000e-03 p16q=1.6494750977e-02 p16n=1.4556884766e-02 p16q_e2=1.6479492188e-02 p16n_e2=1.5899658203e-02 p32q=1.6477880301e-02 p32n=1.6477882862e-02 p64q=1.6477880313e-02 p64n=1.6477880313e-02 alpha_d=8.5741855461e-01 alpha_p32q=8.5741855527e-01 alpha_p32n=8.5741842200e-01 rz32q=1.4128440293e-02 rz32n=1.4128438663e-02 alpha_full_q=8.5741855351e-01 alpha_full_n=8.5741832133e-01
  residual=1.985e+02
iter=73 pAp_d=1.8584802070e-02 p8q=1.4000000000e+01 p8n=7.5000000000e+00 p8q_e2=1.9531250000e-02 p8n_e2=9.7656250000e-04 p16q=1.8539428711e-02 p16n=1.7333984375e-02 p16q_e2=1.8585205078e-02 p16n_e2=1.7669677734e-02 p32q=1.8584802048e-02 p32n=1.8584804377e-02 p64q=1.8584802070e-02 p64n=1.8584802070e-02 alpha_d=8.1984168010e-01 alpha_p32q=8.1984168105e-01 alpha_p32n=8.1984157834e-01 rz32q=1.5236595296e-02 rz32n=1.5236592619e-02 alpha_full_q=8.1984167799e-01 alpha_full_n=8.1984143120e-01
  residual=1.810e+02
iter=74 pAp_d=1.5744705648e-02 p8q=1.0000000000e+01 p8n=5.0000000000e+00 p8q_e2=1.5625000000e-02 p8n_e2=3.9062500000e-03 p16q=1.5747070312e-02 p16n=1.4572143555e-02 p16q_e2=1.5747070312e-02 p16n_e2=1.5411376953e-02 p32q=1.5744705684e-02 p32n=1.5744706150e-02 p64q=1.5744705648e-02 p64n=1.5744705648e-02 alpha_d=9.1604380029e-01 alpha_p32q=9.1604379815e-01 alpha_p32n=9.1604377105e-01 rz32q=1.4422839973e-02 rz32n=1.4422837296e-02 alpha_full_q=9.1604379670e-01 alpha_full_n=9.1604359955e-01
  residual=1.745e+02
iter=75 pAp_d=1.4420081903e-02 p8q=1.0000000000e+01 p8n=6.0000000000e+00 p8q_e2=1.3671875000e-02 p8n_e2=9.7656250000e-04 p16q=1.4434814453e-02 p16n=1.2664794922e-02 p16q_e2=1.4419555664e-02 p16n_e2=1.4045715332e-02 p32q=1.4420081861e-02 p32n=1.4420080697e-02 p64q=1.4420081903e-02 p64n=1.4420081903e-02 alpha_d=9.6694321905e-01 alpha_p32q=9.6694322182e-01 alpha_p32n=9.6694329988e-01 rz32q=1.3943400467e-02 rz32n=1.3943399885e-02 alpha_full_q=9.6694322549e-01 alpha_full_n=9.6694326319e-01
  residual=2.023e+02
iter=76 pAp_d=1.6323080729e-02 p8q=1.2000000000e+01 p8n=6.0000000000e+00 p8q_e2=1.5625000000e-02 p8n_e2=1.9531250000e-03 p16q=1.6326904297e-02 p16n=1.4953613281e-02 p16q_e2=1.6326904297e-02 p16n_e2=1.5808105469e-02 p32q=1.6323080752e-02 p32n=1.6323081916e-02 p64q=1.6323080729e-02 p64n=1.6323080729e-02 alpha_d=8.8179724967e-01 alpha_p32q=8.8179724841e-01 alpha_p32n=8.8179718552e-01 rz32q=1.4393647667e-02 rz32n=1.4393649413e-02 alpha_full_q=8.8179724684e-01 alpha_full_n=8.8179729093e-01
  residual=1.912e+02
iter=77 pAp_d=1.5412564989e-02 p8q=1.2000000000e+01 p8n=6.0000000000e+00 p8q_e2=1.5625000000e-02 p8n_e2=1.4648437500e-03 p16q=1.5411376953e-02 p16n=1.3717651367e-02 p16q_e2=1.5411376953e-02 p16n_e2=1.4648437500e-02 p32q=1.5412564971e-02 p32n=1.5412564739e-02 p64q=1.5412564989e-02 p64n=1.5412564989e-02 alpha_d=8.4291346996e-01 alpha_p32q=8.4291347089e-01 alpha_p32n=8.4291348363e-01 rz32q=1.2991458643e-02 rz32n=1.2991463300e-02 alpha_full_q=8.4291347140e-01 alpha_full_n=8.4291378626e-01
  residual=1.970e+02
iter=78 pAp_d=1.5339341794e-02 p8q=1.4000000000e+01 p8n=8.0000000000e+00 p8q_e2=1.5625000000e-02 p8n_e2=4.8828125000e-03 p16q=1.5380859375e-02 p16n=1.3656616211e-02 p16q_e2=1.5335083008e-02 p16n_e2=1.4701843262e-02 p32q=1.5339341830e-02 p32n=1.5339344856e-02 p64q=1.5339341794e-02 p64n=1.5339341794e-02 alpha_d=8.2689702253e-01 alpha_p32q=8.2689702062e-01 alpha_p32n=8.2689685745e-01 rz32q=1.2684056070e-02 rz32n=1.2684058282e-02 alpha_full_q=8.2689702144e-01 alpha_full_n=8.2689700247e-01
  residual=1.861e+02
iter=79 pAp_d=1.1606094852e-02 p8q=8.0000000000e+00 p8n=3.7500000000e+00 p8q_e2=1.1718750000e-02 p8n_e2=9.7656250000e-04 p16q=1.1581420898e-02 p16n=9.9334716797e-03 p16q_e2=1.1604309082e-02 p16n_e2=1.1070251465e-02 p32q=1.1606094893e-02 p32n=1.1606092681e-02 p64q=1.1606094852e-02 p64n=1.1606094852e-02 alpha_d=9.6212122711e-01 alpha_p32q=9.6212122367e-01 alpha_p32n=9.6212140703e-01 rz32q=1.1166470242e-02 rz32n=1.1166468612e-02 alpha_full_q=9.6212122550e-01 alpha_full_n=9.6212126843e-01
  residual=1.588e+02
iter=80 pAp_d=1.3778229645e-02 p8q=7.0000000000e+00 p8n=3.2500000000e+00 p8q_e2=1.3671875000e-02 p8n_e2=4.8828125000e-04 p16q=1.3748168945e-02 p16n=1.2390136719e-02 p16q_e2=1.3778686523e-02 p16n_e2=1.3389587402e-02 p32q=1.3778229593e-02 p32n=1.3778230175e-02 p64q=1.3778229645e-02 p64n=1.3778229645e-02 alpha_d=9.6461231286e-01 alpha_p32q=9.6461231648e-01 alpha_p32n=9.6461227573e-01 rz32q=1.3290649978e-02 rz32n=1.3290652190e-02 alpha_full_q=9.6461231746e-01 alpha_full_n=9.6461243724e-01
  residual=1.815e+02
iter=81 pAp_d=1.2765615853e-02 p8q=8.0000000000e+00 p8n=4.0000000000e+00 p8q_e2=1.3671875000e-02 p8n_e2=1.9531250000e-03 p16q=1.2771606445e-02 p16n=1.1566162109e-02 p16q_e2=1.2763977051e-02 p16n_e2=1.2252807617e-02 p32q=1.2765615829e-02 p32n=1.2765612570e-02 p64q=1.2765615853e-02 p64n=1.2765615853e-02 alpha_d=1.0625591878e+00 alpha_p32q=1.0625591898e+00 alpha_p32n=1.0625594611e+00 rz32q=1.3564222376e-02 rz32n=1.3564220979e-02 alpha_full_q=1.0625591869e+00 alpha_full_n=1.0625593488e+00
  residual=1.599e+02
iter=82 pAp_d=1.4551458681e-02 p8q=1.0000000000e+01 p8n=5.0000000000e+00 p8q_e2=1.5625000000e-02 p8n_e2=1.4648437500e-03 p16q=1.4572143555e-02 p16n=1.3244628906e-02 p16q_e2=1.4541625977e-02 p16n_e2=1.4083862305e-02 p32q=1.4551458764e-02 p32n=1.4551457600e-02 p64q=1.4551458681e-02 p64n=1.4551458681e-02 alpha_d=9.4518768624e-01 alpha_p32q=9.4518768083e-01 alpha_p32n=9.4518775645e-01 rz32q=1.3753859559e-02 rz32n=1.3753860141e-02 alpha_full_q=9.4518768065e-01 alpha_full_n=9.4518779627e-01
  residual=1.813e+02
iter=83 pAp_d=1.4491116851e-02 p8q=1.0000000000e+01 p8n=6.5000000000e+00 p8q_e2=1.3671875000e-02 p8n_e2=9.7656250000e-04 p16q=1.4450073242e-02 p16n=1.3092041016e-02 p16q_e2=1.4488220215e-02 p16n_e2=1.4236450195e-02 p32q=1.4491116861e-02 p32n=1.4491118724e-02 p64q=1.4491116851e-02 p64n=1.4491116851e-02 alpha_d=9.0700792579e-01 alpha_p32q=9.0700792516e-01 alpha_p32n=9.0700780858e-01 rz32q=1.3143557822e-02 rz32n=1.3143558754e-02 alpha_full_q=9.0700792413e-01 alpha_full_n=9.0700787182e-01
  residual=1.514e+02
iter=84 pAp_d=1.0614666742e-02 p8q=8.0000000000e+00 p8n=6.0000000000e+00 p8q_e2=1.1718750000e-02 p8n_e2=9.7656250000e-04 p16q=1.0620117188e-02 p16n=9.5520019531e-03 p16q_e2=1.0612487793e-02 p16n_e2=1.0177612305e-02 p32q=1.0614666739e-02 p32n=1.0614666971e-02 p64q=1.0614666742e-02 p64n=1.0614666742e-02 alpha_d=9.9319108992e-01 alpha_p32q=9.9319109024e-01 alpha_p32n=9.9319106845e-01 rz32q=1.0542392381e-02 rz32n=1.0542392032e-02 alpha_full_q=9.9319108561e-01 alpha_full_n=9.9319103092e-01
  residual=1.466e+02
iter=85 pAp_d=1.0193706719e-02 p8q=1.0000000000e+01 p8n=6.5000000000e+00 p8q_e2=1.1718750000e-02 p8n_e2=9.7656250000e-04 p16q=1.0177612305e-02 p16n=9.1247558594e-03 p16q_e2=1.0185241699e-02 p16n_e2=9.7732543945e-03 p32q=1.0193706723e-02 p32n=1.0193705326e-02 p64q=1.0193706719e-02 p64n=1.0193706719e-02 alpha_d=9.7260504603e-01 alpha_p32q=9.7260504565e-01 alpha_p32n=9.7260517894e-01 rz32q=9.9144505803e-03 rz32n=9.9144520937e-03 alpha_full_q=9.7260504444e-01 alpha_full_n=9.7260532619e-01
  residual=1.746e+02
iter=86 pAp_d=1.0793143028e-02 p8q=1.0000000000e+01 p8n=8.0000000000e+00 p8q_e2=1.1718750000e-02 p8n_e2=9.7656250000e-04 p16q=1.0787963867e-02 p16n=9.5520019531e-03 p16q_e2=1.0795593262e-02 p16n_e2=1.0406494141e-02 p32q=1.0793143068e-02 p32n=1.0793141322e-02 p64q=1.0793143028e-02 p64n=1.0793143028e-02 alpha_d=9.2863718954e-01 alpha_p32q=9.2863718607e-01 alpha_p32n=9.2863733632e-01 rz32q=1.0022914037e-02 rz32n=1.0022914503e-02 alpha_full_q=9.2863718877e-01 alpha_full_n=9.2863738216e-01
  residual=1.433e+02
iter=87 pAp_d=8.8887308453e-03 p8q=1.0000000000e+01 p8n=7.0000000000e+00 p8q_e2=9.7656250000e-03 p8n_e2=9.7656250000e-04 p16q=8.8806152344e-03 p16n=8.1481933594e-03 p16q_e2=8.8882446289e-03 p16n_e2=8.4457397461e-03 p32q=8.8887308957e-03 p32n=8.8887318270e-03 p64q=8.8887308453e-03 p64n=8.8887308453e-03 alpha_d=1.0127071917e+00 alpha_p32q=1.0127071859e+00 alpha_p32n=1.0127070798e+00 rz32q=9.0016816976e-03 rz32n=9.0016832110e-03 alpha_full_q=1.0127071911e+00 alpha_full_n=1.0127072552e+00
  residual=1.543e+02
iter=88 pAp_d=1.0385765643e-02 p8q=1.2000000000e+01 p8n=8.0000000000e+00 p8q_e2=1.1718750000e-02 p8n_e2=9.7656250000e-04 p16q=1.0375976562e-02 p16n=9.0332031250e-03 p16q_e2=1.0391235352e-02 p16n_e2=9.9029541016e-03 p32q=1.0385765694e-02 p32n=1.0385764646e-02 p64q=1.0385765643e-02 p64n=1.0385765643e-02 alpha_d=9.7381613504e-01 alpha_p32q=9.7381613026e-01 alpha_p32n=9.7381622850e-01 rz32q=1.0113826138e-02 rz32n=1.0113825556e-02 alpha_full_q=9.7381612833e-01 alpha_full_n=9.7381617053e-01
  residual=1.268e+02
iter=89 pAp_d=9.7315917359e-03 p8q=5.0000000000e+00 p8n=4.0000000000e+00 p8q_e2=9.7656250000e-03 p8n_e2=4.8828125000e-04 p16q=9.7351074219e-03 p16n=8.6059570312e-03 p16q_e2=9.7351074219e-03 p16n_e2=9.3917846680e-03 p32q=9.7315917956e-03 p32n=9.7315901658e-03 p64q=9.7315917359e-03 p64n=9.7315917359e-03 alpha_d=1.0474664943e+00 alpha_p32q=1.0474664879e+00 alpha_p32n=1.0474666633e+00 rz32q=1.0193516267e-02 rz32n=1.0193515220e-02 alpha_full_q=1.0474664866e+00 alpha_full_n=1.0474665544e+00
  residual=1.210e+02
iter=90 pAp_d=1.0084049081e-02 p8q=7.0000000000e+00 p8n=4.0000000000e+00 p8q_e2=9.7656250000e-03 p8n_e2=4.8828125000e-04 p16q=1.0070800781e-02 p16n=9.0179443359e-03 p16q_e2=1.0086059570e-02 p16n_e2=9.5596313477e-03 p32q=1.0084049078e-02 p32n=1.0084049427e-02 p64q=1.0084049081e-02 p64n=1.0084049081e-02 alpha_d=1.0514402248e+00 alpha_p32q=1.0514402252e+00 alpha_p32n=1.0514401888e+00 rz32q=1.0602774797e-02 rz32n=1.0602773633e-02 alpha_full_q=1.0514402216e+00 alpha_full_n=1.0514400698e+00
  residual=1.172e+02
iter=91 pAp_d=1.0797214297e-02 p8q=5.0000000000e+00 p8n=4.0000000000e+00 p8q_e2=9.7656250000e-03 p8n_e2=9.7656250000e-04 p16q=1.0772705078e-02 p16n=9.7656250000e-03 p16q_e2=1.0795593262e-02 p16n_e2=1.0391235352e-02 p32q=1.0797214345e-02 p32n=1.0797213879e-02 p64q=1.0797214297e-02 p64n=1.0797214297e-02 alpha_d=1.0135230098e+00 alpha_p32q=1.0135230053e+00 alpha_p32n=1.0135230490e+00 rz32q=1.0943225119e-02 rz32n=1.0943224188e-02 alpha_full_q=1.0135230041e+00 alpha_full_n=1.0135229616e+00
  residual=1.131e+02
iter=92 pAp_d=1.0890644816e-02 p8q=7.5000000000e+00 p8n=3.6250000000e+00 p8q_e2=1.1718750000e-02 p8n_e2=9.7656250000e-04 p16q=1.0894775391e-02 p16n=9.7808837891e-03 p16q_e2=1.0894775391e-02 p16n_e2=1.0368347168e-02 p32q=1.0890644859e-02 p32n=1.0890647303e-02 p64q=1.0890644816e-02 p64n=1.0890644816e-02 alpha_d=9.2464792963e-01 alpha_p32q=9.2464792605e-01 alpha_p32n=9.2464771849e-01 rz32q=1.0070012184e-02 rz32n=1.0070010554e-02 alpha_full_q=9.2464792624e-01 alpha_full_n=9.2464756902e-01
  residual=1.373e+02
iter=93 pAp_d=1.3162369365e-02 p8q=5.5000000000e+00 p8n=4.0000000000e+00 p8q_e2=1.3671875000e-02 p8n_e2=3.9062500000e-03 p16q=1.3168334961e-02 p16n=1.1810302734e-02 p16q_e2=1.3160705566e-02 p16n_e2=1.2519836426e-02 p32q=1.3162369374e-02 p32n=1.3162371004e-02 p64q=1.3162369365e-02 p64n=1.3162369365e-02 alpha_d=7.9258480081e-01 alpha_p32q=7.9258480027e-01 alpha_p32n=7.9258470213e-01 rz32q=1.0432293871e-02 rz32n=1.0432294453e-02 alpha_full_q=7.9258479798e-01 alpha_full_n=7.9258474407e-01
  residual=1.765e+02
iter=94 pAp_d=1.4806702795e-02 p8q=7.5000000000e+00 p8n=5.5000000000e+00 p8q_e2=1.5625000000e-02 p8n_e2=7.8125000000e-03 p16q=1.4785766602e-02 p16n=1.2893676758e-02 p16q_e2=1.4801025391e-02 p16n_e2=1.4244079590e-02 p32q=1.4806702849e-02 p32n=1.4806702617e-02 p64q=1.4806702795e-02 p64n=1.4806702795e-02 alpha_d=7.1553318423e-01 alpha_p32q=7.1553318162e-01 alpha_p32n=7.1553319287e-01 rz32q=1.0594687192e-02 rz32n=1.0594688007e-02 alpha_full_q=7.1553318112e-01 alpha_full_n=7.1553324741e-01
  residual=1.710e+02
iter=95 pAp_d=1.4359650308e-02 p8q=8.0000000000e+00 p8n=3.8750000000e+00 p8q_e2=1.5625000000e-02 p8n_e2=1.4648437500e-03 p16q=1.4358520508e-02 p16n=1.3000488281e-02 p16q_e2=1.4366149902e-02 p16n_e2=1.3710021973e-02 p32q=1.4359650319e-02 p32n=1.4359649504e-02 p64q=1.4359650308e-02 p64n=1.4359650308e-02 alpha_d=7.5981426308e-01 alpha_p32q=7.5981426250e-01 alpha_p32n=7.5981430562e-01 rz32q=1.0910667130e-02 rz32n=1.0910668410e-02 alpha_full_q=7.5981426342e-01 alpha_full_n=7.5981439572e-01
  residual=1.049e+02
iter=96 pAp_d=8.5131855991e-03 p8q=5.0000000000e+00 p8n=3.2500000000e+00 p8q_e2=9.7656250000e-03 p8n_e2=4.8828125000e-04 p16q=8.5144042969e-03 p16n=7.8048706055e-03 p16q_e2=8.5144042969e-03 p16n_e2=8.2168579102e-03 p32q=8.5131855449e-03 p32n=8.5131840315e-03 p64q=8.5131855991e-03 p64n=8.5131855991e-03 alpha_d=1.0665239461e+00 alpha_p32q=1.0665239529e+00 alpha_p32n=1.0665241425e+00 rz32q=9.0795162832e-03 rz32n=9.0795146534e-03 alpha_full_q=1.0665239510e+00 alpha_full_n=1.0665239492e+00
  residual=9.428e+01
iter=97 pAp_d=8.7522311166e-03 p8q=6.0000000000e+00 p8n=3.8750000000e+00 p8q_e2=7.8125000000e-03 p8n_e2=4.8828125000e-04 p16q=8.7432861328e-03 p16n=7.7514648438e-03 p16q_e2=8.7509155273e-03 p16n_e2=8.4457397461e-03 p32q=8.7522310205e-03 p32n=8.7522312533e-03 p64q=8.7522311166e-03 p64n=8.7522311166e-03 alpha_d=1.0062354853e+00 alpha_p32q=1.0062354963e+00 alpha_p32n=1.0062354695e+00 rz32q=8.8068054756e-03 rz32n=8.8068069890e-03 alpha_full_q=1.0062354907e+00 alpha_full_n=1.0062356368e+00
  residual=9.137e+01
iter=98 pAp_d=9.5219897368e-03 p8q=7.0000000000e+00 p8n=4.0000000000e+00 p8q_e2=9.7656250000e-03 p8n_e2=4.8828125000e-04 p16q=9.5367431641e-03 p16n=8.6059570312e-03 p16q_e2=9.5214843750e-03 p16n_e2=9.1781616211e-03 p32q=9.5219897339e-03 p32n=9.5219879877e-03 p64q=9.5219897368e-03 p64n=9.5219897368e-03 alpha_d=9.6160186254e-01 alpha_p32q=9.6160186284e-01 alpha_p32n=9.6160203919e-01 rz32q=9.1563630849e-03 rz32n=9.1563636670e-03 alpha_full_q=9.6160186482e-01 alpha_full_n=9.6160210230e-01
  residual=9.330e+01
iter=99 pAp_d=7.7755568197e-03 p8q=5.5000000000e+00 p8n=3.5000000000e+00 p8q_e2=7.8125000000e-03 p8n_e2=4.8828125000e-04 p16q=7.7896118164e-03 p16n=7.0419311523e-03 p16q_e2=7.7743530273e-03 p16n_e2=7.4615478516e-03 p32q=7.7755568200e-03 p32n=7.7755579841e-03 p64q=7.7755568197e-03 p64n=7.7755568197e-03 alpha_d=1.0256109863e+00 alpha_p32q=1.0256109862e+00 alpha_p32n=1.0256108327e+00 rz32q=7.9746964620e-03 rz32n=7.9746979754e-03 alpha_full_q=1.0256109815e+00 alpha_full_n=1.0256110226e+00
  residual=7.886e+01
iter=100 pAp_d=9.1727204066e-03 p8q=5.5000000000e+00 p8n=3.5000000000e+00 p8q_e2=9.7656250000e-03 p8n_e2=4.8828125000e-04 p16q=9.1705322266e-03 p16n=8.2702636719e-03 p16q_e2=9.1705322266e-03 p16n_e2=8.8272094727e-03 p32q=9.1727203690e-03 p32n=9.1727189720e-03 p64q=9.1727204066e-03 p64n=9.1727204066e-03 alpha_d=9.6413314175e-01 alpha_p32q=9.6413314571e-01 alpha_p32n=9.6413329255e-01 rz32q=8.8437236845e-03 rz32n=8.8437241502e-03 alpha_full_q=9.6413313922e-01 alpha_full_n=9.6413333683e-01
  residual=6.777e+01
iter=101 pAp_d=7.8097099500e-03 p8q=4.5000000000e+00 p8n=2.8750000000e+00 p8q_e2=7.8125000000e-03 p8n_e2=9.7656250000e-04 p16q=7.8277587891e-03 p16n=6.8435668945e-03 p16q_e2=7.8125000000e-03 p16n_e2=7.5416564941e-03 p32q=7.8097099322e-03 p32n=7.8097098158e-03 p64q=7.8097099500e-03 p64n=7.8097099500e-03 alpha_d=1.1107065296e+00 alpha_p32q=1.1107065321e+00 alpha_p32n=1.1107065487e+00 rz32q=8.6742958520e-03 rz32n=8.6742944550e-03 alpha_full_q=1.1107065342e+00 alpha_full_n=1.1107063719e+00
  residual=8.143e+01
iter=102 pAp_d=9.8387037761e-03 p8q=5.5000000000e+00 p8n=3.0000000000e+00 p8q_e2=9.7656250000e-03 p8n_e2=9.7656250000e-04 p16q=9.8419189453e-03 p16n=8.8348388672e-03 p16q_e2=9.8342895508e-03 p16n_e2=9.3994140625e-03 p32q=9.8387037870e-03 p32n=9.8387051839e-03 p64q=9.8387037761e-03 p64n=9.8387037761e-03 alpha_d=9.9547551604e-01 alpha_p32q=9.9547551494e-01 alpha_p32n=9.9547537359e-01 rz32q=9.7941886634e-03 rz32n=9.7941884305e-03 alpha_full_q=9.9547550932e-01 alpha_full_n=9.9547534431e-01
  residual=8.432e+01
iter=103 pAp_d=9.8950930972e-03 p8q=6.0000000000e+00 p8n=3.7500000000e+00 p8q_e2=9.7656250000e-03 p8n_e2=1.9531250000e-03 p16q=9.8724365234e-03 p16n=8.7890625000e-03 p16q_e2=9.8953247070e-03 p16n_e2=9.4680786133e-03 p32q=9.8950931570e-03 p32n=9.8950939719e-03 p64q=9.8950930972e-03 p64n=9.8950930972e-03 alpha_d=1.0012862872e+00 alpha_p32q=1.0012862811e+00 alpha_p32n=1.0012861987e+00 rz32q=9.9078210769e-03 rz32n=9.9078216590e-03 alpha_full_q=1.0012862860e+00 alpha_full_n=1.0012862624e+00
  residual=8.010e+01
iter=104 pAp_d=1.1706089608e-02 p8q=7.0000000000e+00 p8n=4.0000000000e+00 p8q_e2=1.1718750000e-02 p8n_e2=1.9531250000e-03 p16q=1.1718750000e-02 p16n=1.0269165039e-02 p16q_e2=1.1703491211e-02 p16n_e2=1.1116027832e-02 p32q=1.1706089601e-02 p32n=1.1706091580e-02 p64q=1.1706089608e-02 p64n=1.1706089608e-02 alpha_d=8.6510212324e-01 alpha_p32q=8.6510212378e-01 alpha_p32n=8.6510197752e-01 rz32q=1.0126962909e-02 rz32n=1.0126961861e-02 alpha_full_q=8.6510211811e-01 alpha_full_n=8.6510188235e-01
  residual=1.130e+02
iter=105 pAp_d=1.4043957014e-02 p8q=1.2000000000e+01 p8n=7.5000000000e+00 p8q_e2=1.5625000000e-02 p8n_e2=5.8593750000e-03 p16q=1.4038085938e-02 p16n=1.2130737305e-02 p16q_e2=1.4045715332e-02 p16n_e2=1.3420104980e-02 p32q=1.4043956995e-02 p32n=1.4043955482e-02 p64q=1.4043957014e-02 p64n=1.4043957014e-02 alpha_d=7.0079471179e-01 alpha_p32q=7.0079471274e-01 alpha_p32n=7.0079478826e-01 rz32q=9.8419308197e-03 rz32n=9.8419297719e-03 alpha_full_q=7.0079471357e-01 alpha_full_n=7.0079471448e-01
  residual=1.168e+02
iter=106 pAp_d=1.3792082416e-02 p8q=8.0000000000e+00 p8n=5.5000000000e+00 p8q_e2=1.5625000000e-02 p8n_e2=3.9062500000e-03 p16q=1.3793945312e-02 p16n=1.2237548828e-02 p16q_e2=1.3786315918e-02 p16n_e2=1.3153076172e-02 p32q=1.3792082435e-02 p32n=1.3792080223e-02 p64q=1.3792082416e-02 p64n=1.3792082416e-02 alpha_d=6.7634728842e-01 alpha_p32q=6.7634728754e-01 alpha_p32n=6.7634739600e-01 rz32q=9.3282376183e-03 rz32n=9.3282361049e-03 alpha_full_q=6.7634729292e-01 alpha_full_n=6.7634729166e-01
  residual=7.766e+01
iter=107 pAp_d=8.1399243458e-03 p8q=7.0000000000e+00 p8n=4.0000000000e+00 p8q_e2=7.8125000000e-03 p8n_e2=4.8828125000e-04 p16q=8.1329345703e-03 p16n=7.1792602539e-03 p16q_e2=8.1405639648e-03 p16n_e2=7.8125000000e-03 p32q=8.1399243791e-03 p32n=8.1399263581e-03 p64q=8.1399243458e-03 p64n=8.1399243458e-03 alpha_d=9.0164333986e-01 alpha_p32q=9.0164333618e-01 alpha_p32n=9.0164311696e-01 rz32q=7.3393085622e-03 rz32n=7.3393089115e-03 alpha_full_q=9.0164333481e-01 alpha_full_n=9.0164315850e-01
  residual=6.983e+01
iter=108 pAp_d=8.2022058414e-03 p8q=7.5000000000e+00 p8n=3.7500000000e+00 p8q_e2=9.7656250000e-03 p8n_e2=1.9531250000e-03 p16q=8.1939697266e-03 p16n=7.1411132812e-03 p16q_e2=8.2015991211e-03 p16n_e2=7.8353881836e-03 p32q=8.2022058778e-03 p32n=8.2022044808e-03 p64q=8.2022058414e-03 p64n=8.2022058414e-03 alpha_d=8.6126808078e-01 alpha_p32q=8.6126807697e-01 alpha_p32n=8.6126822366e-01 rz32q=7.0642980863e-03 rz32n=7.0642968640e-03 alpha_full_q=8.6126807735e-01 alpha_full_n=8.6126807501e-01
  residual=1.019e+02
iter=109 pAp_d=1.1820495759e-02 p8q=1.2000000000e+01 p8n=8.0000000000e+00 p8q_e2=1.3671875000e-02 p8n_e2=5.8593750000e-03 p16q=1.1840820312e-02 p16n=1.0086059570e-02 p16q_e2=1.1825561523e-02 p16n_e2=1.1108398438e-02 p32q=1.1820495711e-02 p32n=1.1820493266e-02 p64q=1.1820495759e-02 p64n=1.1820495759e-02 alpha_d=6.6838914691e-01 alpha_p32q=6.6838914966e-01 alpha_p32n=6.6838928789e-01 rz32q=7.9006911255e-03 rz32n=7.9006904270e-03 alpha_full_q=6.6838915380e-01 alpha_full_n=6.6838923294e-01
  residual=1.060e+02
iter=110 pAp_d=1.1587049798e-02 p8q=1.0000000000e+01 p8n=5.5000000000e+00 p8q_e2=1.1718750000e-02 p8n_e2=3.9062500000e-03 p16q=1.1627197266e-02 p16n=9.8419189453e-03 p16q_e2=1.1581420898e-02 p16n_e2=1.0726928711e-02 p32q=1.1587049812e-02 p32n=1.1587048532e-02 p64q=1.1587049798e-02 p64n=1.1587049798e-02 alpha_d=6.8889722160e-01 alpha_p32q=6.8889722078e-01 alpha_p32n=6.8889729691e-01 rz32q=7.9822863918e-03 rz32n=7.9822862754e-03 alpha_full_q=6.8889721898e-01 alpha_full_n=6.8889728507e-01
  residual=7.528e+01
iter=111 pAp_d=8.1463107000e-03 p8q=8.0000000000e+00 p8n=4.0000000000e+00 p8q_e2=7.8125000000e-03 p8n_e2=9.7656250000e-04 p16q=8.1329345703e-03 p16n=7.0953369141e-03 p16q_e2=8.1481933594e-03 p16n_e2=7.7323913574e-03 p32q=8.1463106908e-03 p32n=8.1463102251e-03 p64q=8.1463107000e-03 p64n=8.1463107000e-03 alpha_d=8.1944735235e-01 alpha_p32q=8.1944735328e-01 alpha_p32n=8.1944740012e-01 rz32q=6.6754727159e-03 rz32n=6.6754731815e-03 alpha_full_q=8.1944735099e-01 alpha_full_n=8.1944745499e-01
  residual=4.852e+01
iter=112 pAp_d=5.6019428262e-03 p8q=5.0000000000e+00 p8n=3.2500000000e+00 p8q_e2=5.8593750000e-03 p8n_e2=4.8828125000e-04 p16q=5.5923461914e-03 p16n=4.7454833984e-03 p16q_e2=5.5999755859e-03 p16n_e2=5.3291320801e-03 p32q=5.6019428303e-03 p32n=5.6019435287e-03 p64q=5.6019428262e-03 p64n=5.6019428262e-03 alpha_d=1.0260681920e+00 alpha_p32q=1.0260681912e+00 alpha_p32n=1.0260680633e+00 rz32q=5.7479753741e-03 rz32n=5.7479756651e-03 alpha_full_q=1.0260681960e+00 alpha_full_n=1.0260681200e+00
  residual=5.329e+01
iter=113 pAp_d=5.6187736071e-03 p8q=4.5000000000e+00 p8n=2.1250000000e+00 p8q_e2=4.8828125000e-03 p8n_e2=2.4414062500e-04 p16q=5.6076049805e-03 p16n=4.6234130859e-03 p16q_e2=5.6190490723e-03 p16n_e2=5.2833557129e-03 p32q=5.6187735754e-03 p32n=5.6187739247e-03 p64q=5.6187736071e-03 p64n=5.6187736071e-03 alpha_d=9.9800742645e-01 alpha_p32q=9.9800743208e-01 alpha_p32n=9.9800737005e-01 rz32q=5.6075777975e-03 rz32n=5.6075778557e-03 alpha_full_q=9.9800743387e-01 alpha_full_n=9.9800738220e-01
  residual=6.705e+01
iter=114 pAp_d=6.9229872001e-03 p8q=8.0000000000e+00 p8n=4.0000000000e+00 p8q_e2=6.8359375000e-03 p8n_e2=9.7656250000e-04 p16q=6.9122314453e-03 p16n=5.9204101562e-03 p16q_e2=6.9236755371e-03 p16n_e2=6.4811706543e-03 p32q=6.9229871733e-03 p32n=6.9229864748e-03 p64q=6.9229872001e-03 p64n=6.9229872001e-03 alpha_d=8.6707424393e-01 alpha_p32q=8.6707424729e-01 alpha_p32n=8.6707433477e-01 rz32q=6.0027439031e-03 rz32n=6.0027436703e-03 alpha_full_q=8.6707424885e-01 alpha_full_n=8.6707430270e-01
  residual=9.791e+01
iter=115 pAp_d=8.9152549445e-03 p8q=1.0000000000e+01 p8n=7.5000000000e+00 p8q_e2=9.7656250000e-03 p8n_e2=3.9062500000e-03 p16q=8.8806152344e-03 p16n=7.9803466797e-03 p16q_e2=8.9187622070e-03 p16n_e2=8.3770751953e-03 p32q=8.9152549626e-03 p32n=8.9152551955e-03 p64q=8.9152549445e-03 p64n=8.9152549445e-03 alpha_d=7.4161265246e-01 alpha_p32q=7.4161265095e-01 alpha_p32n=7.4161263159e-01 rz32q=6.6116658854e-03 rz32n=6.6116650123e-03 alpha_full_q=7.4161265305e-01 alpha_full_n=7.4161253574e-01
  residual=9.486e+01
iter=116 pAp_d=9.0719898038e-03 p8q=1.0000000000e+01 p8n=3.8750000000e+00 p8q_e2=9.7656250000e-03 p8n_e2=1.9531250000e-03 p16q=9.0637207031e-03 p16n=8.1634521484e-03 p16q_e2=9.0713500977e-03 p16n_e2=8.4991455078e-03 p32q=9.0719897998e-03 p32n=9.0719914297e-03 p64q=9.0719898038e-03 p64n=9.0719898038e-03 alpha_d=7.2599080430e-01 alpha_p32q=7.2599080461e-01 alpha_p32n=7.2599067419e-01 rz32q=6.5861811745e-03 rz32n=6.5861814655e-03 alpha_full_q=7.2599080464e-01 alpha_full_n=7.2599070630e-01
  residual=6.252e+01
iter=117 pAp_d=5.5438851766e-03 p8q=4.5000000000e+00 p8n=3.0000000000e+00 p8q_e2=4.8828125000e-03 p8n_e2=4.8828125000e-04 p16q=5.5389404297e-03 p16n=4.6615600586e-03 p16q_e2=5.5427551270e-03 p16n_e2=5.2108764648e-03 p32q=5.5438851705e-03 p32n=5.5438870331e-03 p64q=5.5438851766e-03 p64n=5.5438851766e-03 alpha_d=9.1984347209e-01 alpha_p32q=9.1984347310e-01 alpha_p32n=9.1984316405e-01 rz32q=5.0995065831e-03 rz32n=5.0995083875e-03 alpha_full_q=9.1984347191e-01 alpha_full_n=9.1984348834e-01
  residual=5.318e+01
iter=118 pAp_d=5.0153235911e-03 p8q=6.5000000000e+00 p8n=3.7500000000e+00 p8q_e2=4.8828125000e-03 p8n_e2=2.4414062500e-04 p16q=5.0201416016e-03 p16n=4.2037963867e-03 p16q_e2=5.0163269043e-03 p16n_e2=4.6882629395e-03 p32q=5.0153235788e-03 p32n=5.0153231132e-03 p64q=5.0153235911e-03 p64n=5.0153235911e-03 alpha_d=8.2742193315e-01 alpha_p32q=8.2742193517e-01 alpha_p32n=8.2742201200e-01 rz32q=4.1497887578e-03 rz32n=4.1497871280e-03 alpha_full_q=8.2742193849e-01 alpha_full_n=8.2742169035e-01
  residual=4.360e+01
iter=119 pAp_d=3.5792649579e-03 p8q=5.0000000000e+00 p8n=2.6250000000e+00 p8q_e2=3.9062500000e-03 p8n_e2=2.4414062500e-04 p16q=3.5781860352e-03 p16n=2.7389526367e-03 p16q_e2=3.5781860352e-03 p16n_e2=3.2768249512e-03 p32q=3.5792649724e-03 p32n=3.5792654962e-03 p64q=3.5792649579e-03 p64n=3.5792649579e-03 alpha_d=8.5778110818e-01 alpha_p32q=8.5778110472e-01 alpha_p32n=8.5778097918e-01 rz32q=3.0702258809e-03 rz32n=3.0702261138e-03 alpha_full_q=8.5778110999e-01 alpha_full_n=8.5778104950e-01
  residual=5.651e+01
iter=120 pAp_d=3.4128530966e-03 p8q=7.5000000000e+00 p8n=4.0000000000e+00 p8q_e2=3.9062500000e-03 p8n_e2=4.8828125000e-04 p16q=3.4179687500e-03 p16n=2.6168823242e-03 p16q_e2=3.4103393555e-03 p16n_e2=2.9907226562e-03 p32q=3.4128531115e-03 p32n=3.4128535772e-03 p64q=3.4128530966e-03 p64n=3.4128530966e-03 alpha_d=7.3486905491e-01 alpha_p32q=7.3486905170e-01 alpha_p32n=7.3486895143e-01 rz32q=2.5080001215e-03 rz32n=2.5080006453e-03 alpha_full_q=7.3486904930e-01 alpha_full_n=7.3486910253e-01
  residual=6.536e+01
iter=121 pAp_d=3.6031195482e-03 p8q=8.0000000000e+00 p8n=5.0000000000e+00 p8q_e2=3.9062500000e-03 p8n_e2=9.7656250000e-04 p16q=3.6087036133e-03 p16n=2.7618408203e-03 p16q_e2=3.6010742188e-03 p16n_e2=3.2005310059e-03 p32q=3.6031195195e-03 p32n=3.6031208583e-03 p64q=3.6031195482e-03 p64n=3.6031195482e-03 alpha_d=6.8823372624e-01 alpha_p32q=6.8823373172e-01 alpha_p32n=6.8823347600e-01 rz32q=2.4797883816e-03 rz32n=2.4797898950e-03 alpha_full_q=6.8823372862e-01 alpha_full_n=6.8823389293e-01
  residual=5.872e+01
iter=122 pAp_d=2.4699785924e-03 p8q=5.5000000000e+00 p8n=2.5000000000e+00 p8q_e2=2.9296875000e-03 p8n_e2=3.6621093750e-04 p16q=2.4719238281e-03 p16n=1.9073486328e-03 p16q_e2=2.4719238281e-03 p16n_e2=2.2048950195e-03 p32q=2.4699785863e-03 p32n=2.4699796340e-03 p64q=2.4699785924e-03 p64n=2.4699785924e-03 alpha_d=9.2811549905e-01 alpha_p32q=9.2811550133e-01 alpha_p32n=9.2811510763e-01 rz32q=2.2924254299e-03 rz32n=2.2924247896e-03 alpha_full_q=9.2811550781e-01 alpha_full_n=9.2811485489e-01
  residual=4.202e+01
iter=123 pAp_d=2.3642611806e-03 p8q=6.0000000000e+00 p8n=3.0000000000e+00 p8q_e2=1.9531250000e-03 p8n_e2=1.2207031250e-04 p16q=2.3651123047e-03 p16n=1.8463134766e-03 p16q_e2=2.3651123047e-03 p16n_e2=2.1209716797e-03 p32q=2.3642611923e-03 p32n=2.3642614833e-03 p64q=2.3642611806e-03 p64n=2.3642611806e-03 alpha_d=9.6429710329e-01 alpha_p32q=9.6429709852e-01 alpha_p32n=9.6429697981e-01 rz32q=2.2798501886e-03 rz32n=2.2798500722e-03 alpha_full_q=9.6429709040e-01 alpha_full_n=9.6429692245e-01
  residual=5.093e+01
iter=124 pAp_d=2.5125096020e-03 p8q=3.2500000000e+00 p8n=2.1250000000e+00 p8q_e2=2.9296875000e-03 p8n_e2=6.1035156250e-05 p16q=2.5100708008e-03 p16n=1.9531250000e-03 p16q_e2=2.5100708008e-03 p16n_e2=2.2468566895e-03 p32q=2.5125095854e-03 p32n=2.5125087122e-03 p64q=2.5125096020e-03 p64n=2.5125096020e-03 alpha_d=9.8072936437e-01 alpha_p32q=9.8072937085e-01 alpha_p32n=9.8072971166e-01 rz32q=2.4640919291e-03 rz32n=2.4640922784e-03 alpha_full_q=9.8072936458e-01 alpha_full_n=9.8072984439e-01
  residual=4.735e+01
iter=125 pAp_d=2.0591818157e-03 p8q=4.5000000000e+00 p8n=2.8750000000e+00 p8q_e2=1.9531250000e-03 p8n_e2=1.2207031250e-04 p16q=2.0599365234e-03 p16n=1.5869140625e-03 p16q_e2=2.0599365234e-03 p16n_e2=1.8863677979e-03 p32q=2.0591818029e-03 p32n=2.0591811626e-03 p64q=2.0591818157e-03 p64n=2.0591818157e-03 alpha_d=1.0287871762e+00 alpha_p32q=1.0287871826e+00 alpha_p32n=1.0287875025e+00 rz32q=2.1184598445e-03 rz32n=2.1184604848e-03 alpha_full_q=1.0287871821e+00 alpha_full_n=1.0287878130e+00
  residual=5.594e+01
iter=126 pAp_d=2.9293711898e-03 p8q=8.0000000000e+00 p8n=6.0000000000e+00 p8q_e2=2.9296875000e-03 p8n_e2=9.7656250000e-04 p16q=2.9144287109e-03 p16n=2.2277832031e-03 p16q_e2=2.9296875000e-03 p16n_e2=2.5367736816e-03 p32q=2.9293711996e-03 p32n=2.9293700354e-03 p64q=2.9293711898e-03 p64n=2.9293711898e-03 alpha_d=7.4305884705e-01 alpha_p32q=7.4305884457e-01 alpha_p32n=7.4305913986e-01 rz32q=2.1766951540e-03 rz32n=2.1766952705e-03 alpha_full_q=7.4305883610e-01 alpha_full_n=7.4305917113e-01
  residual=6.702e+01
iter=127 pAp_d=3.1433089602e-03 p8q=7.0000000000e+00 p8n=6.0000000000e+00 p8q_e2=2.9296875000e-03 p8n_e2=9.7656250000e-04 p16q=3.1433105469e-03 p16n=2.3651123047e-03 p16q_e2=3.1433105469e-03 p16n_e2=2.7427673340e-03 p32q=3.1433089753e-03 p32n=3.1433092663e-03 p64q=3.1433089602e-03 p64n=3.1433089602e-03 alpha_d=7.6617860879e-01 alpha_p32q=7.6617860511e-01 alpha_p32n=7.6617853417e-01 rz32q=2.4083360913e-03 rz32n=2.4083366734e-03 alpha_full_q=7.6617860677e-01 alpha_full_n=7.6617872101e-01
  residual=5.962e+01
iter=128 pAp_d=2.7154730915e-03 p8q=4.5000000000e+00 p8n=2.7500000000e+00 p8q_e2=2.9296875000e-03 p8n_e2=4.8828125000e-04 p16q=2.7236938477e-03 p16n=2.0294189453e-03 p16q_e2=2.7160644531e-03 p16n_e2=2.4452209473e-03 p32q=2.7154730633e-03 p32n=2.7154749259e-03 p64q=2.7154730915e-03 p64n=2.7154730915e-03 alpha_d=8.0106422979e-01 alpha_p32q=8.0106423811e-01 alpha_p32n=8.0106368863e-01 rz32q=2.1752683679e-03 rz32n=2.1752682514e-03 alpha_full_q=8.0106424080e-01 alpha_full_n=8.0106364845e-01
  residual=4.934e+01
iter=129 pAp_d=2.1186495059e-03 p8q=4.5000000000e+00 p8n=2.2500000000e+00 p8q_e2=1.9531250000e-03 p8n_e2=2.4414062500e-04 p16q=2.1209716797e-03 p16n=1.6784667969e-03 p16q_e2=2.1171569824e-03 p16n_e2=1.9264221191e-03 p32q=2.1186494851e-03 p32n=2.1186491358e-03 p64q=2.1186495059e-03 p64n=2.1186495059e-03 alpha_d=9.2176480137e-01 alpha_p32q=9.2176481044e-01 alpha_p32n=9.2176496239e-01 rz32q=1.9528965349e-03 rz32n=1.9528961857e-03 alpha_full_q=9.2176480758e-01 alpha_full_n=9.2176479469e-01
  residual=5.299e+01
iter=130 pAp_d=1.9004330403e-03 p8q=3.8750000000e+00 p8n=2.0000000000e+00 p8q_e2=1.9531250000e-03 p8n_e2=6.1035156250e-05 p16q=1.8959045410e-03 p16n=1.3580322266e-03 p16q_e2=1.8997192383e-03 p16n_e2=1.7337799072e-03 p32q=1.9004330388e-03 p32n=1.9004318747e-03 p64q=1.9004330403e-03 p64n=1.9004330403e-03 alpha_d=9.3688414595e-01 alpha_p32q=9.3688414667e-01 alpha_p32n=9.3688472058e-01 rz32q=1.7804855888e-03 rz32n=1.7804856470e-03 alpha_full_q=9.3688414822e-01 alpha_full_n=9.3688475276e-01
  residual=5.742e+01
iter=131 pAp_d=1.7415741918e-03 p8q=4.0000000000e+00 p8n=2.5000000000e+00 p8q_e2=1.9531250000e-03 p8n_e2=6.1035156250e-05 p16q=1.7395019531e-03 p16n=1.2741088867e-03 p16q_e2=1.7414093018e-03 p16n_e2=1.5525817871e-03 p32q=1.7415741750e-03 p32n=1.7415745533e-03 p64q=1.7415741918e-03 p64n=1.7415741918e-03 alpha_d=9.4682914988e-01 alpha_p32q=9.4682915905e-01 alpha_p32n=9.4682895335e-01 rz32q=1.6489732079e-03 rz32n=1.6489732079e-03 alpha_full_q=9.4682915700e-01 alpha_full_n=9.4682895130e-01
  residual=5.080e+01
iter=132 pAp_d=2.3619215606e-03 p8q=1.0000000000e+01 p8n=7.0000000000e+00 p8q_e2=2.9296875000e-03 p8n_e2=4.8828125000e-04 p16q=2.3574829102e-03 p16n=1.7967224121e-03 p16q_e2=2.3612976074e-03 p16n_e2=2.0370483398e-03 p32q=2.3619215353e-03 p32n=2.3619221174e-03 p64q=2.3619215606e-03 p64n=2.3619215606e-03 alpha_d=7.3726529424e-01 alpha_p32q=7.3726530212e-01 alpha_p32n=7.3726512043e-01 rz32q=1.7413627938e-03 rz32n=1.7413625319e-03 alpha_full_q=7.3726530191e-01 alpha_full_n=7.3726500932e-01
  residual=6.968e+01
iter=133 pAp_d=2.4286127516e-03 p8q=7.0000000000e+00 p8n=3.8750000000e+00 p8q_e2=2.9296875000e-03 p8n_e2=4.8828125000e-04 p16q=2.4337768555e-03 p16n=1.8386840820e-03 p16q_e2=2.4299621582e-03 p16n_e2=2.1553039551e-03 p32q=2.4286127300e-03 p32n=2.4286129628e-03 p64q=2.4286127516e-03 p64n=2.4286127516e-03 alpha_d=7.5383164754e-01 alpha_p32q=7.5383165425e-01 alpha_p32n=7.5383158198e-01 rz32q=1.8307651626e-03 rz32n=1.8307651917e-03 alpha_full_q=7.5383165870e-01 alpha_full_n=7.5383159841e-01
  residual=4.372e+01
iter=134 pAp_d=1.6491111231e-03 p8q=3.5000000000e+00 p8n=1.6875000000e+00 p8q_e2=1.4648437500e-03 p8n_e2=6.1035156250e-05 p16q=1.6517639160e-03 p16n=1.2168884277e-03 p16q_e2=1.6498565674e-03 p16n_e2=1.4705657959e-03 p32q=1.6491111310e-03 p32n=1.6491116548e-03 p64q=1.6491111231e-03 p64n=1.6491111231e-03 alpha_d=9.5079446072e-01 alpha_p32q=9.5079445616e-01 alpha_p32n=9.5079415413e-01 rz32q=1.5679657226e-03 rz32n=1.5679654316e-03 alpha_full_q=9.5079445720e-01 alpha_full_n=9.5079397869e-01
  residual=4.413e+01
iter=135 pAp_d=1.6820160421e-03 p8q=2.7500000000e+00 p8n=2.0000000000e+00 p8q_e2=1.9531250000e-03 p8n_e2=1.2207031250e-04 p16q=1.6822814941e-03 p16n=1.2931823730e-03 p16q_e2=1.6822814941e-03 p16n_e2=1.4839172363e-03 p32q=1.6820160381e-03 p32n=1.6820158344e-03 p64q=1.6820160421e-03 p64n=1.6820160421e-03 alpha_d=9.2603873149e-01 alpha_p32q=9.2603873371e-01 alpha_p32n=9.2603884587e-01 rz32q=1.5576120059e-03 rz32n=1.5576116857e-03 alpha_full_q=9.2603873600e-01 alpha_full_n=9.2603865783e-01
  residual=3.647e+01
iter=136 pAp_d=1.2141698082e-03 p8q=2.3750000000e+00 p8n=1.5625000000e+00 p8q_e2=9.7656250000e-04 p8n_e2=2.4414062500e-04 p16q=1.2130737305e-03 p16n=8.3923339844e-04 p16q_e2=1.2149810791e-03 p16n_e2=1.0795593262e-03 p32q=1.2141698098e-03 p32n=1.2141700136e-03 p64q=1.2141698082e-03 p64n=1.2141698082e-03 alpha_d=1.0639655273e+00 alpha_p32q=1.0639655259e+00 alpha_p32n=1.0639653474e+00 rz32q=1.2918348075e-03 rz32n=1.2918348657e-03 alpha_full_q=1.0639655154e+00 alpha_full_n=1.0639653848e+00
  residual=3.923e+01
iter=137 pAp_d=1.4631550192e-03 p8q=3.8750000000e+00 p8n=2.5000000000e+00 p8q_e2=1.4648437500e-03 p8n_e2=6.1035156250e-05 p16q=1.4686584473e-03 p16n=1.0223388672e-03 p16q_e2=1.4629364014e-03 p16n_e2=1.2931823730e-03 p32q=1.4631550293e-03 p32n=1.4631547965e-03 p64q=1.4631550192e-03 p64n=1.4631550192e-03 alpha_d=9.2727262115e-01 alpha_p32q=9.2727261470e-01 alpha_p32n=9.2727276226e-01 rz32q=1.3567435963e-03 rz32n=1.3567432470e-03 alpha_full_q=9.2727261914e-01 alpha_full_n=9.2727252800e-01
  residual=5.081e+01
iter=138 pAp_d=1.6190917098e-03 p8q=5.5000000000e+00 p8n=4.0000000000e+00 p8q_e2=1.4648437500e-03 p8n_e2=4.8828125000e-04 p16q=1.6288757324e-03 p16n=1.2092590332e-03 p16q_e2=1.6193389893e-03 p16n_e2=1.4133453369e-03 p32q=1.6190916940e-03 p32n=1.6190906172e-03 p64q=1.6190917098e-03 p64n=1.6190917098e-03 alpha_d=7.8566219541e-01 alpha_p32q=7.8566220309e-01 alpha_p32n=7.8566272562e-01 rz32q=1.2720591621e-03 rz32n=1.2720592786e-03 alpha_full_q=7.8566221225e-01 alpha_full_n=7.8566280669e-01
  residual=6.390e+01
iter=139 pAp_d=1.9558549725e-03 p8q=6.0000000000e+00 p8n=5.0000000000e+00 p8q_e2=1.9531250000e-03 p8n_e2=4.8828125000e-04 p16q=1.9454956055e-03 p16n=1.4114379883e-03 p16q_e2=1.9569396973e-03 p16n_e2=1.7642974854e-03 p32q=1.9558549975e-03 p32n=1.9558541826e-03 p64q=1.9558549725e-03 p64n=1.9558549725e-03 alpha_d=6.8371283068e-01 alpha_p32q=6.8371282193e-01 alpha_p32n=6.8371310680e-01 rz32q=1.3372431276e-03 rz32n=1.3372435642e-03 alpha_full_q=6.8371281580e-01 alpha_full_n=6.8371332387e-01
  residual=4.636e+01
iter=140 pAp_d=1.1338078181e-03 p8q=2.7500000000e+00 p8n=1.8750000000e+00 p8q_e2=9.7656250000e-04 p8n_e2=6.1035156250e-05 p16q=1.1367797852e-03 p16n=7.3242187500e-04 p16q_e2=1.1329650879e-03 p16n_e2=1.0242462158e-03 p32q=1.1338078184e-03 p32n=1.1338076729e-03 p64q=1.1338078181e-03 p64n=1.1338078181e-03 alpha_d=9.0705661901e-01 alpha_p32q=9.0705661877e-01 alpha_p32n=9.0705673518e-01 rz32q=1.0284278833e-03 rz32n=1.0284279997e-03 alpha_full_q=9.0705661629e-01 alpha_full_n=9.0705683538e-01
  residual=3.795e+01
iter=141 pAp_d=9.3937457476e-04 p8q=3.1250000000e+00 p8n=2.2500000000e+00 p8q_e2=9.7656250000e-04 p8n_e2=6.1035156250e-05 p16q=9.4223022461e-04 p16n=5.9509277344e-04 p16q_e2=9.3936920166e-04 p16n_e2=8.4686279297e-04 p32q=9.3937457132e-04 p32n=9.3937468773e-04 p64q=9.3937457476e-04 p64n=9.3937457476e-04 alpha_d=9.3891789128e-01 alpha_p32q=9.3891789473e-01 alpha_p32n=9.3891777837e-01 rz32q=8.8199559832e-04 rz32n=8.8199565653e-04 alpha_full_q=9.3891789841e-01 alpha_full_n=9.3891784401e-01
  residual=3.346e+01
iter=142 pAp_d=1.0077117784e-03 p8q=4.0000000000e+00 p8n=3.5000000000e+00 p8q_e2=9.7656250000e-04 p8n_e2=1.2207031250e-04 p16q=1.0032653809e-03 p16n=6.1035156250e-04 p16q_e2=1.0070800781e-03 p16n_e2=9.0122222900e-04 p32q=1.0077117768e-03 p32n=1.0077117477e-03 p64q=1.0077117784e-03 p64n=1.0077117784e-03 alpha_d=9.4644053629e-01 alpha_p32q=9.4644053779e-01 alpha_p32n=9.4644056512e-01 rz32q=9.5373927616e-04 rz32n=9.5373879594e-04 alpha_full_q=9.4644053801e-01 alpha_full_n=9.4644008880e-01
  residual=4.216e+01
iter=143 pAp_d=1.2652146590e-03 p8q=3.6250000000e+00 p8n=3.0000000000e+00 p8q_e2=1.4648437500e-03 p8n_e2=2.4414062500e-04 p16q=1.2664794922e-03 p16n=8.5830688477e-04 p16q_e2=1.2645721436e-03 p16n_e2=1.0967254639e-03 p32q=1.2652146688e-03 p32n=1.2652147852e-03 p64q=1.2652146590e-03 p64n=1.2652146590e-03 alpha_d=7.8783583697e-01 alpha_p32q=7.8783583088e-01 alpha_p32n=7.8783575839e-01 rz32q=9.9678145489e-04 rz32n=9.9678133847e-04 alpha_full_q=7.8783583486e-01 alpha_full_n=7.8783567036e-01
  residual=3.864e+01
iter=144 pAp_d=1.3052512064e-03 p8q=4.0000000000e+00 p8n=3.1250000000e+00 p8q_e2=1.4648437500e-03 p8n_e2=4.8828125000e-04 p16q=1.3046264648e-03 p16n=8.4686279297e-04 p16q_e2=1.3046264648e-03 p16n_e2=1.1425018311e-03 p32q=1.3052512077e-03 p32n=1.3052517315e-03 p64q=1.3052512064e-03 p64n=1.3052512064e-03 alpha_d=7.5484325601e-01 alpha_p32q=7.5484325527e-01 alpha_p32n=7.5484295231e-01 rz32q=9.8526006332e-04 rz32n=9.8525968497e-04 alpha_full_q=7.5484324973e-01 alpha_full_n=7.5484265691e-01
  residual=3.687e+01
iter=145 pAp_d=9.2663481887e-04 p8q=3.3750000000e+00 p8n=2.0000000000e+00 p8q_e2=9.7656250000e-04 p8n_e2=6.1035156250e-05 p16q=9.2697143555e-04 p16n=6.0272216797e-04 p16q_e2=9.2697143555e-04 p16n_e2=8.1825256348e-04 p32q=9.2663482064e-04 p32n=9.2663444229e-04 p64q=9.2663481887e-04 p64n=9.2663481887e-04 alpha_d=8.3318329945e-01 alpha_p32q=8.3318329786e-01 alpha_p32n=8.3318363805e-01 rz32q=7.7205665002e-04 rz32n=7.7205662092e-04 alpha_full_q=8.3318329165e-01 alpha_full_n=8.3318360043e-01
  residual=2.509e+01
iter=146 pAp_d=6.1370338611e-04 p8q=2.1250000000e+00 p8n=1.5625000000e+00 p8q_e2=7.3242187500e-04 p8n_e2=6.1035156250e-05 p16q=6.1416625977e-04 p16n=3.7956237793e-04 p16q_e2=6.1416625977e-04 p16n_e2=5.3215026855e-04 p32q=6.1370339245e-04 p32n=6.1370308686e-04 p64q=6.1370338611e-04 p64n=6.1370338611e-04 alpha_d=9.5832152452e-01 alpha_p32q=9.5832151462e-01 alpha_p32n=9.5832199181e-01 rz32q=5.8812517091e-04 rz32n=5.8812506904e-04 alpha_full_q=9.5832152494e-01 alpha_full_n=9.5832183615e-01
  residual=2.337e+01
iter=147 pAp_d=6.2488379203e-04 p8q=2.1250000000e+00 p8n=2.0000000000e+00 p8q_e2=7.3242187500e-04 p8n_e2=6.1035156250e-05 p16q=6.2561035156e-04 p16n=3.6811828613e-04 p16q_e2=6.2465667725e-04 p16n_e2=5.4740905762e-04 p32q=6.2488378899e-04 p32n=6.2488362892e-04 p64q=6.2488379203e-04 p64n=6.2488379203e-04 alpha_d=9.4392470895e-01 alpha_p32q=9.4392471355e-01 alpha_p32n=9.4392495534e-01 rz32q=5.8984325733e-04 rz32n=5.8984311181e-04 alpha_full_q=9.4392472285e-01 alpha_full_n=9.4392473177e-01
  residual=2.438e+01
iter=148 pAp_d=4.8714935948e-04 p8q=1.0937500000e+00 p8n=1.1250000000e+00 p8q_e2=4.8828125000e-04 p8n_e2=6.1035156250e-05 p16q=4.8637390137e-04 p16n=2.9563903809e-04 p16q_e2=4.8685073853e-04 p16n_e2=4.3869018555e-04 p32q=4.8714935838e-04 p32n=4.8714923469e-04 p64q=4.8714935948e-04 p64n=4.8714935948e-04 alpha_d=1.0604927622e+00 alpha_p32q=1.0604927646e+00 alpha_p32n=1.0604930338e+00 rz32q=5.1661836915e-04 rz32n=5.1661817997e-04 alpha_full_q=1.0604927632e+00 alpha_full_n=1.0604926441e+00
  residual=2.210e+01
iter=149 pAp_d=5.0657237725e-04 p8q=1.8125000000e+00 p8n=1.5625000000e+00 p8q_e2=4.8828125000e-04 p8n_e2=6.1035156250e-05 p16q=5.0735473633e-04 p16n=2.9563903809e-04 p16q_e2=5.0640106201e-04 p16n_e2=4.5347213745e-04 p32q=5.0657238171e-04 p32n=5.0657233805e-04 p64q=5.0657237725e-04 p64n=5.0657237725e-04 alpha_d=9.7240230859e-01 alpha_p32q=9.7240230003e-01 alpha_p32n=9.7240238383e-01 rz32q=4.9259215302e-04 rz32n=4.9259224033e-04 alpha_full_q=9.7240230776e-01 alpha_full_n=9.7240256392e-01
  residual=2.327e+01
iter=150 pAp_d=4.2872421693e-04 p8q=1.8437500000e+00 p8n=1.5000000000e+00 p8q_e2=4.8828125000e-04 p8n_e2=6.1035156250e-05 p16q=4.2724609375e-04 p16n=2.3651123047e-04 p16q_e2=4.2867660522e-04 p16n_e2=3.7956237793e-04 p32q=4.2872421909e-04 p32n=4.2872417544e-04 p64q=4.2872421693e-04 p64n=4.2872421693e-04 alpha_d=9.4781379420e-01 alpha_p32q=9.4781378944e-01 alpha_p32n=9.4781388595e-01 rz32q=4.0635072946e-04 rz32n=4.0635072946e-04 alpha_full_q=9.4781379583e-01 alpha_full_n=9.4781389235e-01
  residual=1.808e+01
iter=151 pAp_d=3.5656184643e-04 p8q=1.6250000000e+00 p8n=1.1875000000e+00 p8q_e2=3.6621093750e-04 p8n_e2=6.1035156250e-05 p16q=3.5476684570e-04 p16n=1.7547607422e-04 p16q_e2=3.5667419434e-04 p16n_e2=3.0040740967e-04 p32q=3.5656184627e-04 p32n=3.5656187538e-04 p64q=3.5656184643e-04 p64n=3.5656184643e-04 alpha_d=9.6111295131e-01 alpha_p32q=9.6111295174e-01 alpha_p32n=9.6111287329e-01 rz32q=3.4269620664e-04 rz32n=3.4269608295e-04 alpha_full_q=9.6111294639e-01 alpha_full_n=9.6111252104e-01
  residual=1.523e+01
iter=152 pAp_d=3.6819304020e-04 p8q=1.5000000000e+00 p8n=1.1875000000e+00 p8q_e2=3.6621093750e-04 p8n_e2=3.0517578125e-05 p16q=3.6811828613e-04 p16n=2.0790100098e-04 p16q_e2=3.6811828613e-04 p16n_e2=3.1614303589e-04 p32q=3.6819303932e-04 p32n=3.6819291563e-04 p64q=3.6819304020e-04 p64n=3.6819304020e-04 alpha_d=8.8650033543e-01 alpha_p32q=8.8650033755e-01 alpha_p32n=8.8650063536e-01 rz32q=3.2640325662e-04 rz32n=3.2640320569e-04 alpha_full_q=8.8650034564e-01 alpha_full_n=8.8650050513e-01
  residual=1.965e+01
iter=153 pAp_d=2.4735276362e-04 p8q=1.5625000000e+00 p8n=1.7500000000e+00 p8q_e2=2.4414062500e-04 p8n_e2=6.1035156250e-05 p16q=2.4604797363e-04 p16n=1.2588500977e-04 p16q_e2=2.4747848511e-04 p16n_e2=1.9836425781e-04 p32q=2.4735276384e-04 p32n=2.4735270563e-04 p64q=2.4735276362e-04 p64n=2.4735276362e-04 alpha_d=1.0702185807e+00 alpha_p32q=1.0702185798e+00 alpha_p32n=1.0702188316e+00 rz32q=2.6472152240e-04 rz32n=2.6472131867e-04 alpha_full_q=1.0702185749e+00 alpha_full_n=1.0702180031e+00
  residual=1.590e+01
iter=154 pAp_d=3.1291755237e-04 p8q=2.1250000000e+00 p8n=1.6250000000e+00 p8q_e2=3.6621093750e-04 p8n_e2=6.1035156250e-05 p16q=3.1280517578e-04 p16n=1.8310546875e-04 p16q_e2=3.1280517578e-04 p16n_e2=2.6178359985e-04 p32q=3.1291755295e-04 p32n=3.1291742926e-04 p64q=3.1291755237e-04 p64n=3.1291755237e-04 alpha_d=8.5008565052e-01 alpha_p32q=8.5008564895e-01 alpha_p32n=8.5008598498e-01 rz32q=2.6600671845e-04 rz32n=2.6600669662e-04 alpha_full_q=8.5008564059e-01 alpha_full_n=8.5008590686e-01
  residual=2.053e+01
iter=155 pAp_d=3.6319084402e-04 p8q=2.8750000000e+00 p8n=2.2500000000e+00 p8q_e2=3.6621093750e-04 p8n_e2=6.1035156250e-05 p16q=3.6430358887e-04 p16n=2.1743774414e-04 p16q_e2=3.6334991455e-04 p16n_e2=3.1042098999e-04 p32q=3.6319084029e-04 p32n=3.6319074570e-04 p64q=3.6319084402e-04 p64n=3.6319084402e-04 alpha_d=7.1947161326e-01 alpha_p32q=7.1947162064e-01 alpha_p32n=7.1947180802e-01 rz32q=2.6130550395e-04 rz32n=2.6130538026e-04 alpha_full_q=7.1947162474e-01 alpha_full_n=7.1947147155e-01
  residual=2.119e+01
iter=156 pAp_d=3.3248968126e-04 p8q=2.8750000000e+00 p8n=2.0000000000e+00 p8q_e2=3.6621093750e-04 p8n_e2=6.1035156250e-05 p16q=3.2997131348e-04 p16n=1.8310546875e-04 p16q_e2=3.3235549927e-04 p16n_e2=2.7561187744e-04 p32q=3.3248968248e-04 p32n=3.3248953696e-04 p64q=3.3248968126e-04 p64n=3.3248968126e-04 alpha_d=7.2997324919e-01 alpha_p32q=7.2997324651e-01 alpha_p32n=7.2997356600e-01 rz32q=2.4270857102e-04 rz32n=2.4270857102e-04 alpha_full_q=7.2997324071e-01 alpha_full_n=7.2997356020e-01
  residual=2.086e+01
iter=157 pAp_d=3.4222351775e-04 p8q=2.1250000000e+00 p8n=1.7500000000e+00 p8q_e2=3.6621093750e-04 p8n_e2=6.1035156250e-05 p16q=3.4141540527e-04 p16n=1.8119812012e-04 p16q_e2=3.4236907959e-04 p16n_e2=2.7990341187e-04 p32q=3.4222351678e-04 p32n=3.4222358227e-04 p64q=3.4222351775e-04 p64n=3.4222351775e-04 alpha_d=7.1367005125e-01 alpha_p32q=7.1367005327e-01 alpha_p32n=7.1366991671e-01 rz32q=2.4423467403e-04 rz32n=2.4423480500e-04 alpha_full_q=7.1367004911e-01 alpha_full_n=7.1367029525e-01
  residual=1.885e+01
iter=158 pAp_d=3.1142369038e-04 p8q=3.0000000000e+00 p8n=2.5000000000e+00 p8q_e2=3.6621093750e-04 p8n_e2=6.1035156250e-05 p16q=3.1089782715e-04 p16n=1.6975402832e-04 p16q_e2=3.1137466431e-04 p16n_e2=2.5749206543e-04 p32q=3.1142368971e-04 p32n=3.1142383523e-04 p64q=3.1142369038e-04 p64n=3.1142369038e-04 alpha_d=7.4006717029e-01 alpha_p32q=7.4006717189e-01 alpha_p32n=7.4006682608e-01 rz32q=2.3047444847e-04 rz32n=2.3047441209e-04 alpha_full_q=7.4006716922e-01 alpha_full_n=7.4006670659e-01
  residual=1.975e+01
iter=159 pAp_d=2.9372327907e-04 p8q=2.1250000000e+00 p8n=1.5625000000e+00 p8q_e2=2.4414062500e-04 p8n_e2=1.5258789062e-05 p16q=2.9373168945e-04 p16n=1.6403198242e-04 p16q_e2=2.9373168945e-04 p16n_e2=2.4318695068e-04 p32q=2.9372327845e-04 p32n=2.9372321296e-04 p64q=2.9372327907e-04 p64n=2.9372327907e-04 alpha_d=7.8272338268e-01 alpha_p32q=7.8272338433e-01 alpha_p32n=7.8272355884e-01 rz32q=2.2990407888e-04 rz32n=2.2990396246e-04 alpha_full_q=7.8272338541e-01 alpha_full_n=7.8272316357e-01
  residual=1.443e+01
iter=160 pAp_d=1.8317175251e-04 p8q=1.5000000000e+00 p8n=1.5000000000e+00 p8q_e2=2.4414062500e-04 p8n_e2=1.5258789062e-05 p16q=1.8310546875e-04 p16n=8.2015991211e-05 p16q_e2=1.8310546875e-04 p16n_e2=1.5258789062e-04 p32q=1.8317175272e-04 p32n=1.8317181821e-04 p64q=1.8317175251e-04 p64n=1.8317175251e-04 alpha_d=9.7781736694e-01 alpha_p32q=9.7781736581e-01 alpha_p32n=9.7781701624e-01 rz32q=1.7910852330e-04 rz32n=1.7910856695e-04 alpha_full_q=9.7781737978e-01 alpha_full_n=9.7781726854e-01
  residual=1.526e+01
iter=161 pAp_d=1.5080658065e-04 p8q=8.7500000000e-01 p8n=9.8437500000e-01 p8q_e2=1.2207031250e-04 p8n_e2=1.5258789062e-05 p16q=1.5068054199e-04 p16n=7.0571899414e-05 p16q_e2=1.5068054199e-04 p16n_e2=1.2588500977e-04 p32q=1.5080658341e-04 p32n=1.5080671437e-04 p64q=1.5080658065e-04 p64n=1.5080658065e-04 alpha_d=9.6428226543e-01 alpha_p32q=9.6428224780e-01 alpha_p32n=9.6428141037e-01 rz32q=1.4542011195e-04 rz32n=1.4542009740e-04 alpha_full_q=9.6428225257e-01 alpha_full_n=9.6428131865e-01
  residual=1.195e+01
iter=162 pAp_d=1.3541775926e-04 p8q=1.0937500000e+00 p8n=1.0000000000e+00 p8q_e2=1.2207031250e-04 p8n_e2=1.5258789062e-05 p16q=1.3542175293e-04 p16n=5.3405761719e-05 p16q_e2=1.3542175293e-04 p16n_e2=1.0752677917e-04 p32q=1.3541775843e-04 p32n=1.3541777298e-04 p64q=1.3541775926e-04 p64n=1.3541775926e-04 alpha_d=9.6302388941e-01 alpha_p32q=9.6302389530e-01 alpha_p32n=9.6302379181e-01 rz32q=1.3041053899e-04 rz32n=1.3041054626e-04 alpha_full_q=9.6302390838e-01 alpha_full_n=9.6302385862e-01
  residual=1.139e+01
iter=163 pAp_d=1.1826360347e-04 p8q=1.0937500000e+00 p8n=1.0625000000e+00 p8q_e2=1.2207031250e-04 p8n_e2=-1.5258789062e-05 p16q=1.1825561523e-04 p16n=4.8637390137e-05 p16q_e2=1.1825561523e-04 p16n_e2=8.9406967163e-05 p32q=1.1826360424e-04 p32n=1.1826357513e-04 p64q=1.1826360347e-04 p64n=1.1826360347e-04 alpha_d=1.0034716216e+00 alpha_p32q=1.0034716152e+00 alpha_p32n=1.0034718621e+00 rz32q=1.1867416833e-04 rz32n=1.1867408102e-04 alpha_full_q=1.0034716014e+00 alpha_full_n=1.0034711101e+00
  residual=1.448e+01
iter=164 pAp_d=1.5154930655e-04 p8q=1.7187500000e+00 p8n=1.3750000000e+00 p8q_e2=1.2207031250e-04 p8n_e2=3.0517578125e-05 p16q=1.5068054199e-04 p16n=6.6757202148e-05 p16q_e2=1.5163421631e-04 p16n_e2=1.2207031250e-04 p32q=1.5154930588e-04 p32n=1.5154928406e-04 p64q=1.5154930655e-04 p64n=1.5154930655e-04 alpha_d=8.3070693222e-01 alpha_p32q=8.3070693587e-01 alpha_p32n=8.3070705552e-01 rz32q=1.2589305697e-04 rz32n=1.2589307153e-04 alpha_full_q=8.3070691905e-01 alpha_full_n=8.3070713472e-01
  residual=1.732e+01
iter=165 pAp_d=1.7298061469e-04 p8q=1.1250000000e+00 p8n=9.5312500000e-01 p8q_e2=2.4414062500e-04 p8n_e2=6.1035156250e-05 p16q=1.7166137695e-04 p16n=9.1552734375e-05 p16q_e2=1.7261505127e-04 p16n_e2=1.3399124146e-04 p32q=1.7298060993e-04 p32n=1.7298049352e-04 p64q=1.7298061469e-04 p64n=1.7298061469e-04 alpha_d=7.2960373814e-01 alpha_p32q=7.2960375819e-01 alpha_p32n=7.2960424921e-01 rz32q=1.2620730558e-04 rz32n=1.2620731286e-04 alpha_full_q=7.2960377255e-01 alpha_full_n=7.2960430563e-01
  residual=1.923e+01
iter=166 pAp_d=1.7332871002e-04 p8q=1.4375000000e+00 p8n=1.1250000000e+00 p8q_e2=1.2207031250e-04 p8n_e2=6.1035156250e-05 p16q=1.7547607422e-04 p16n=9.0599060059e-05 p16q_e2=1.7356872559e-04 p16n_e2=1.3494491577e-04 p32q=1.7332871357e-04 p32n=1.7332896823e-04 p64q=1.7332871002e-04 p64n=1.7332871002e-04 alpha_d=7.3039980513e-01 alpha_p32q=7.3039979015e-01 alpha_p32n=7.3039871703e-01 rz32q=1.2659925414e-04 rz32n=1.2659922504e-04 alpha_full_q=7.3039977933e-01 alpha_full_n=7.3039853830e-01
  residual=1.290e+01
iter=167 pAp_d=1.2803630214e-04 p8q=1.1250000000e+00 p8n=1.1250000000e+00 p8q_e2=1.2207031250e-04 p8n_e2=6.1035156250e-05 p16q=1.2588500977e-04 p16n=5.9127807617e-05 p16q_e2=1.2779235840e-04 p16n_e2=1.0132789612e-04 p32q=1.2803629943e-04 p32n=1.2803632853e-04 p64q=1.2803630214e-04 p64n=1.2803630214e-04 alpha_d=8.5830579519e-01 alpha_p32q=8.5830581335e-01 alpha_p32n=8.5830561825e-01 rz32q=1.0989429938e-04 rz32n=1.0989433940e-04 alpha_full_q=8.5830580761e-01 alpha_full_n=8.5830592506e-01
  residual=1.196e+01
iter=168 pAp_d=1.1231504333e-04 p8q=1.4375000000e+00 p8n=1.0625000000e+00 p8q_e2=1.2207031250e-04 p8n_e2=6.1035156250e-05 p16q=1.1253356934e-04 p16n=4.7683715820e-05 p16q_e2=1.1229515076e-04 p16n_e2=8.9883804321e-05 p32q=1.1231504322e-04 p32n=1.1231503959e-04 p64q=1.1231504333e-04 p64n=1.1231504333e-04 alpha_d=9.0199962090e-01 alpha_p32q=9.0199962173e-01 alpha_p32n=9.0199965094e-01 rz32q=1.0130812734e-04 rz32n=1.0130812734e-04 alpha_full_q=9.0199962919e-01 alpha_full_n=9.0199965841e-01
  residual=1.421e+01
iter=169 pAp_d=1.4370505643e-04 p8q=1.7187500000e+00 p8n=1.3125000000e+00 p8q_e2=1.2207031250e-04 p8n_e2=6.1035156250e-05 p16q=1.4305114746e-04 p16n=7.0571899414e-05 p16q_e2=1.4400482178e-04 p16n_e2=1.1181831360e-04 p32q=1.4370505232e-04 p32n=1.4370487770e-04 p64q=1.4370505643e-04 p64n=1.4370505643e-04 alpha_d=7.4214768610e-01 alpha_p32q=7.4214770728e-01 alpha_p32n=7.4214860911e-01 rz32q=1.0665037553e-04 rz32n=1.0665034279e-04 alpha_full_q=7.4214771021e-01 alpha_full_n=7.4214838419e-01
  residual=1.305e+01
iter=170 pAp_d=1.1545069240e-04 p8q=1.4687500000e+00 p8n=1.2500000000e+00 p8q_e2=1.2207031250e-04 p8n_e2=3.0517578125e-05 p16q=1.1539459229e-04 p16n=4.5776367188e-05 p16q_e2=1.1539459229e-04 p16n_e2=8.9406967163e-05 p32q=1.1545068992e-04 p32n=1.1545059533e-04 p64q=1.1545069240e-04 p64n=1.1545069240e-04 alpha_d=7.9343074162e-01 alpha_p32q=7.9343075869e-01 alpha_p32n=7.9343140874e-01 rz32q=9.1602127213e-05 rz32n=9.1602116299e-05 alpha_full_q=7.9343074760e-01 alpha_full_n=7.9343130312e-01
  residual=8.852e+00
iter=171 pAp_d=8.0301819825e-05 p8q=1.0937500000e+00 p8n=1.0625000000e+00 p8q_e2=6.1035156250e-05 p8n_e2=-1.5258789062e-05 p16q=8.0108642578e-05 p16n=3.0517578125e-05 p16q_e2=8.0347061157e-05 p16n_e2=6.5088272095e-05 p32q=8.0301819253e-05 p32n=8.0301859271e-05 p64q=8.0301819825e-05 p64n=8.0301819825e-05 alpha_d=8.9655334984e-01 alpha_p32q=8.9655335623e-01 alpha_p32n=8.9655290944e-01 rz32q=7.1994865721e-05 rz32n=7.1994916652e-05 alpha_full_q=8.9655335820e-01 alpha_full_n=8.9655354566e-01
  residual=6.611e+00
iter=172 pAp_d=6.4243000120e-05 p8q=1.1562500000e+00 p8n=1.0625000000e+00 p8q_e2=6.1035156250e-05 p8n_e2=1.5258789062e-05 p16q=6.3896179199e-05 p16n=2.4795532227e-05 p16q_e2=6.4373016357e-05 p16n_e2=5.1379203796e-05 p32q=6.4243002271e-05 p32n=6.4242958615e-05 p64q=6.4243000120e-05 p64n=6.4243000120e-05 alpha_d=8.9463384433e-01 alpha_p32q=8.9463381438e-01 alpha_p32n=8.9463442232e-01 rz32q=5.7473962443e-05 rz32n=5.7473915149e-05 alpha_full_q=8.9463381864e-01 alpha_full_n=8.9463369041e-01
  residual=9.427e+00
iter=173 pAp_d=6.7591719627e-05 p8q=1.1562500000e+00 p8n=1.0000000000e+00 p8q_e2=6.1035156250e-05 p8n_e2=-1.5258789062e-05 p16q=6.7710876465e-05 p16n=2.8610229492e-05 p16q_e2=6.7710876465e-05 p16n_e2=5.4240226746e-05 p32q=6.7591721745e-05 p32n=6.7591732659e-05 p64q=6.7591719627e-05 p64n=6.7591719627e-05 alpha_d=7.6541850081e-01 alpha_p32q=7.6541847682e-01 alpha_p32n=7.6541835323e-01 rz32q=5.1735953093e-05 rz32n=5.1735940360e-05 alpha_full_q=7.6541848258e-01 alpha_full_n=7.6541817061e-01
  residual=7.457e+00
iter=174 pAp_d=4.3199533064e-05 p8q=8.7500000000e-01 p8n=1.0625000000e+00 p8q_e2=6.1035156250e-05 p8n_e2=3.8146972656e-06 p16q=4.2915344238e-05 p16n=8.5830688477e-06 p16q_e2=4.3153762817e-05 p16n_e2=3.2782554626e-05 p32q=4.3199534048e-05 p32n=4.3199494030e-05 p64q=4.3199533064e-05 p64n=4.3199533064e-05 alpha_d=9.4277548008e-01 alpha_p32q=9.4277545860e-01 alpha_p32n=9.4277633194e-01 rz32q=4.0727460146e-05 rz32n=4.0727463784e-05 alpha_full_q=9.4277544986e-01 alpha_full_n=9.4277640741e-01
  residual=9.692e+00
iter=175 pAp_d=4.7206587541e-05 p8q=1.0312500000e+00 p8n=1.1250000000e+00 p8q_e2=6.1035156250e-05 p8n_e2=3.0517578125e-05 p16q=4.6730041504e-05 p16n=1.9073486328e-05 p16q_e2=4.7206878662e-05 p16n_e2=3.6001205444e-05 p32q=4.7206587624e-05 p32n=4.7206529416e-05 p64q=4.7206587541e-05 p64n=4.7206587541e-05 alpha_d=7.9414291516e-01 alpha_p32q=7.9414291378e-01 alpha_p32n=7.9414389299e-01 rz32q=3.7488776798e-05 rz32n=3.7488764065e-05 alpha_full_q=7.9414290853e-01 alpha_full_n=7.9414361802e-01
  residual=8.701e+00
iter=176 pAp_d=4.0867423958e-05 p8q=7.8125000000e-01 p8n=1.0625000000e+00 p8q_e2=3.0517578125e-05 p8n_e2=-3.0517578125e-05 p16q=4.0054321289e-05 p16n=1.4305114746e-05 p16q_e2=4.0888786316e-05 p16n_e2=3.1590461731e-05 p32q=4.0867424104e-05 p32n=4.0867438656e-05 p64q=4.0867423958e-05 p64n=4.0867423958e-05 alpha_d=8.8339737733e-01 alpha_p32q=8.8339737417e-01 alpha_p32n=8.8339705961e-01 rz32q=3.6102175727e-05 rz32n=3.6102130252e-05 alpha_full_q=8.8339738847e-01 alpha_full_n=8.8339596117e-01
  residual=7.140e+00
iter=177 pAp_d=3.4108799669e-05 p8q=5.6250000000e-01 p8n=1.0000000000e+00 p8q_e2=3.0517578125e-05 p8n_e2=1.5258789062e-05 p16q=3.4332275391e-05 p16n=8.5830688477e-06 p16q_e2=3.4093856812e-05 p16n_e2=2.5987625122e-05 p32q=3.4108799809e-05 p32n=3.4108788896e-05 p64q=3.4108799669e-05 p64n=3.4108799669e-05 alpha_d=9.5381700952e-01 alpha_p32q=9.5381700558e-01 alpha_p32n=9.5381731078e-01 rz32q=3.2533553167e-05 rz32n=3.2533554986e-05 alpha_full_q=9.5381700173e-01 alpha_full_n=9.5381736026e-01
  residual=8.403e+00
iter=178 pAp_d=2.9021329377e-05 p8q=6.0937500000e-01 p8n=1.0000000000e+00 p8q_e2=3.0517578125e-05 p8n_e2=9.5367431641e-07 p16q=2.9087066650e-05 p16n=8.5830688477e-06 p16q_e2=2.9027462006e-05 p16n_e2=2.0742416382e-05 p32q=2.9021329283e-05 p32n=2.9021352930e-05 p64q=2.9021329377e-05 p64n=2.9021329377e-05 alpha_d=1.0396508783e+00 alpha_p32q=1.0396508816e+00 alpha_p32n=1.0396500345e+00 rz32q=3.0172050174e-05 rz32n=3.0172050174e-05 alpha_full_q=1.0396508678e+00 alpha_full_n=1.0396500207e+00
  residual=4.719e+00
iter=179 pAp_d=2.9037780694e-05 p8q=7.3437500000e-01 p8n=1.0625000000e+00 p8q_e2=3.0517578125e-05 p8n_e2=9.5367431641e-07 p16q=2.9087066650e-05 p16n=7.6293945312e-06 p16q_e2=2.9027462006e-05 p16n_e2=2.1338462830e-05 p32q=2.9037781133e-05 p32n=2.9037789318e-05 p64q=2.9037780694e-05 p64n=2.9037780694e-05 alpha_d=9.3814988031e-01 alpha_p32q=9.3814986614e-01 alpha_p32n=9.3814960168e-01 rz32q=2.7241790121e-05 rz32n=2.7241811040e-05 alpha_full_q=9.3814985371e-01 alpha_full_n=9.3815030964e-01
  residual=5.978e+00
iter=180 pAp_d=2.7115305711e-05 p8q=7.0312500000e-01 p8n=1.0000000000e+00 p8q_e2=3.0517578125e-05 p8n_e2=5.9604644775e-08 p16q=2.7179718018e-05 p16n=6.1988830566e-06 p16q_e2=2.7120113373e-05 p16n_e2=1.9550323486e-05 p32q=2.7115305784e-05 p32n=2.7115306693e-05 p64q=2.7115305711e-05 p64n=2.7115305711e-05 alpha_d=9.4398749843e-01 alpha_p32q=9.4398749589e-01 alpha_p32n=9.4398746422e-01 rz32q=2.5596509658e-05 rz32n=2.5596498745e-05 alpha_full_q=9.4398749778e-01 alpha_full_n=9.4398706362e-01
  residual=6.094e+00
iter=181 pAp_d=1.8662051154e-05 p8q=5.7812500000e-01 p8n=1.0000000000e+00 p8q_e2=1.5258789062e-05 p8n_e2=9.5367431641e-07 p16q=1.8596649170e-05 p16n=4.7683715820e-06 p16q_e2=1.8656253815e-05 p16n_e2=1.2397766113e-05 p32q=1.8662050934e-05 p32n=1.8662059119e-05 p64q=1.8662051154e-05 p64n=1.8662051154e-05 alpha_d=1.0051498932e+00 alpha_p32q=1.0051499050e+00 alpha_p32n=1.0051494642e+00 rz32q=1.8758159058e-05 rz32n=1.8758182705e-05 alpha_full_q=1.0051499229e+00 alpha_full_n=1.0051507492e+00
  residual=3.796e+00
iter=182 pAp_d=2.2454927630e-05 p8q=6.4062500000e-01 p8n=1.0000000000e+00 p8q_e2=3.0517578125e-05 p8n_e2=9.5367431641e-07 p16q=2.2411346436e-05 p16n=7.6293945312e-06 p16q_e2=2.2470951080e-05 p16n_e2=1.4483928680e-05 p32q=2.2454927603e-05 p32n=2.2454904865e-05 p64q=2.2454927630e-05 p64n=2.2454927630e-05 alpha_d=8.0927037180e-01 alpha_p32q=8.0927037278e-01 alpha_p32n=8.0927119223e-01 rz32q=1.8172107957e-05 rz32n=1.8172107957e-05 alpha_full_q=8.0927038727e-01 alpha_full_n=8.0927120672e-01
  residual=4.693e+00
iter=183 pAp_d=2.2428197996e-05 p8q=7.0312500000e-01 p8n=1.1250000000e+00 p8q_e2=3.0517578125e-05 p8n_e2=9.5367431641e-07 p16q=2.2411346436e-05 p16n=7.6293945312e-06 p16q_e2=2.2411346436e-05 p16n_e2=1.5795230865e-05 p32q=2.2428198463e-05 p32n=2.2428229386e-05 p64q=2.2428197996e-05 p64n=2.2428197996e-05 alpha_d=7.3879925734e-01 alpha_p32q=7.3879924195e-01 alpha_p32n=7.3879822333e-01 rz32q=1.6569935724e-05 rz32n=1.6569929358e-05 alpha_full_q=7.3879922863e-01 alpha_full_n=7.3879792616e-01
  residual=3.476e+00
iter=184 pAp_d=1.3131391941e-05 p8q=5.9375000000e-01 p8n=9.8437500000e-01 p8q_e2=1.5258789062e-05 p8n_e2=9.5367431641e-07 p16q=1.2874603271e-05 p16n=2.3841857910e-06 p16q_e2=1.3113021851e-05 p16n_e2=8.1658363342e-06 p32q=1.3131391825e-05 p32n=1.3131407286e-05 p64q=1.3131391941e-05 p64n=1.3131391941e-05 alpha_d=9.1897019738e-01 alpha_p32q=9.1897020552e-01 alpha_p32n=9.1896912349e-01 rz32q=1.2067357602e-05 rz32n=1.2067349417e-05 alpha_full_q=9.1897018711e-01 alpha_full_n=9.1896848173e-01
  residual=3.138e+00
iter=185 pAp_d=1.0895652453e-05 p8q=6.8750000000e-01 p8n=9.6875000000e-01 p8q_e2=1.5258789062e-05 p8n_e2=9.5367431641e-07 p16q=1.0967254639e-05 p16n=1.6689300537e-06 p16q_e2=1.0907649994e-05 p16n_e2=7.2717666626e-06 p32q=1.0895652849e-05 p32n=1.0895661944e-05 p64q=1.0895652453e-05 p64n=1.0895652453e-05 alpha_d=9.1884417164e-01 alpha_p32q=9.1884413823e-01 alpha_p32n=9.1884337124e-01 rz32q=1.0011406630e-05 rz32n=1.0011412996e-05 alpha_full_q=9.1884412696e-01 alpha_full_n=9.1884394428e-01
  residual=4.376e+00
iter=186 pAp_d=9.8663761441e-06 p8q=7.8125000000e-01 p8n=1.1250000000e+00 p8q_e2=1.5258789062e-05 p8n_e2=5.9604644775e-08 p16q=1.0013580322e-05 p16n=2.3841857910e-06 p16q_e2=9.8347663879e-06 p16n_e2=6.4671039581e-06 p32q=9.8663758763e-06 p32n=9.8663522294e-06 p64q=9.8663761441e-06 p64n=9.8663761441e-06 alpha_d=9.2033444807e-01 alpha_p32q=9.2033447305e-01 alpha_p32n=9.2033667883e-01 rz32q=9.0803659987e-06 rz32n=9.0803696366e-06 alpha_full_q=9.2033448883e-01 alpha_full_n=9.2033706333e-01
  residual=4.441e+00
iter=187 pAp_d=1.2442887019e-05 p8q=7.9687500000e-01 p8n=1.0000000000e+00 p8q_e2=1.5258789062e-05 p8n_e2=9.5367431641e-07 p16q=1.2397766113e-05 p16n=3.3378601074e-06 p16q_e2=1.2457370758e-05 p16n_e2=7.8678131104e-06 p32q=1.2442887055e-05 p32n=1.2442895240e-05 p64q=1.2442887019e-05 p64n=1.2442887019e-05 alpha_d=8.0072486809e-01 alpha_p32q=8.0072486575e-01 alpha_p32n=8.0072433900e-01 rz32q=9.9633289210e-06 rz32n=9.9633271020e-06 alpha_full_q=8.0072485405e-01 alpha_full_n=8.0072418111e-01
  residual=5.060e+00
iter=188 pAp_d=1.3909460146e-05 p8q=9.5312500000e-01 p8n=1.0000000000e+00 p8q_e2=1.5258789062e-05 p8n_e2=3.8146972656e-06 p16q=1.3828277588e-05 p16n=5.2452087402e-06 p16q_e2=1.3947486877e-05 p16n_e2=8.7022781372e-06 p32q=1.3909459994e-05 p32n=1.3909444533e-05 p64q=1.3909460146e-05 p64n=1.3909460146e-05 alpha_d=7.3096112330e-01 alpha_p32q=7.3096113127e-01 alpha_p32n=7.3096194379e-01 rz32q=1.0167274922e-05 rz32n=1.0167275832e-05 alpha_full_q=7.3096115352e-01 alpha_full_n=7.3096203143e-01
  residual=3.533e+00
iter=189 pAp_d=1.1119995849e-05 p8q=6.2500000000e-01 p8n=1.0000000000e+00 p8q_e2=1.5258789062e-05 p8n_e2=9.5367431641e-07 p16q=1.0967254639e-05 p16n=2.6226043701e-06 p16q_e2=1.1086463928e-05 p16n_e2=7.1823596954e-06 p32q=1.1119996088e-05 p32n=1.1119994269e-05 p64q=1.1119995849e-05 p64n=1.1119995849e-05 alpha_d=8.0842348439e-01 alpha_p32q=8.0842346699e-01 alpha_p32n=8.0842359923e-01 rz32q=8.9896657300e-06 rz32n=8.9896420832e-06 alpha_full_q=8.0842346154e-01 alpha_full_n=8.0842146726e-01
  residual=3.546e+00
iter=190 pAp_d=1.0270336455e-05 p8q=7.6562500000e-01 p8n=1.0000000000e+00 p8q_e2=1.5258789062e-05 p8n_e2=9.5367431641e-07 p16q=1.0490417480e-05 p16n=2.3841857910e-06 p16q_e2=1.0251998901e-05 p16n_e2=6.9141387939e-06 p32q=1.0270336134e-05 p32n=1.0270351595e-05 p64q=1.0270336455e-05 p64n=1.0270336455e-05 alpha_d=8.0943868494e-01 alpha_p32q=8.0943871024e-01 alpha_p32n=8.0943749168e-01 rz32q=8.3132072177e-06 rz32n=8.3132181317e-06 alpha_full_q=8.0943866974e-01 alpha_full_n=8.0943851384e-01
  residual=4.720e+00
iter=191 pAp_d=9.9045367541e-06 p8q=7.0312500000e-01 p8n=9.8437500000e-01 p8q_e2=1.5258789062e-05 p8n_e2=3.8146972656e-06 p16q=1.0013580322e-05 p16n=3.8146972656e-06 p16q_e2=9.8943710327e-06 p16n_e2=6.7353248596e-06 p32q=9.9045364550e-06 p32n=9.9045255411e-06 p64q=9.9045367541e-06 p64n=9.9045367541e-06 alpha_d=7.6085770413e-01 alpha_p32q=7.6085772711e-01 alpha_p32n=7.6085856551e-01 rz32q=7.5359430411e-06 rz32n=7.5359498624e-06 alpha_full_q=7.6085772165e-01 alpha_full_n=7.6085924875e-01
  residual=4.482e+00
iter=192 pAp_d=9.3787171669e-06 p8q=7.1875000000e-01 p8n=9.8437500000e-01 p8q_e2=1.5258789062e-05 p8n_e2=3.8146972656e-06 p16q=9.0599060059e-06 p16n=1.6689300537e-06 p16q_e2=9.3579292297e-06 p16n_e2=6.0200691223e-06 p32q=9.3787166406e-06 p32n=9.3787166406e-06 p64q=9.3787171669e-06 p64n=9.3787171669e-06 alpha_d=7.9756828290e-01 alpha_p32q=7.9756832766e-01 alpha_p32n=7.9756832766e-01 rz32q=7.4801673691e-06 rz32n=7.4801619121e-06 alpha_full_q=7.9756833005e-01 alpha_full_n=7.9756774820e-01
  residual=3.481e+00
iter=193 pAp_d=6.6812036124e-06 p8q=5.4687500000e-01 p8n=1.0000000000e+00 p8q_e2=1.5258789062e-05 p8n_e2=5.9604644775e-08 p16q=6.6757202148e-06 p16n=9.5367431641e-07 p16q_e2=6.6757202148e-06 p16n_e2=4.3511390686e-06 p32q=6.6812035584e-06 p32n=6.6811849138e-06 p64q=6.6812036124e-06 p64n=6.6812036124e-06 alpha_d=9.6264860249e-01 alpha_p32q=9.6264861028e-01 alpha_p32n=9.6265129667e-01 rz32q=6.4316513999e-06 rz32n=6.4316545831e-06 alpha_full_q=9.6264862217e-01 alpha_full_n=9.6265178500e-01
  residual=2.040e+00
iter=194 pAp_d=5.0526259012e-06 p8q=4.5312500000e-01 p8n=1.0000000000e+00 p8q_e2=3.8146972656e-06 p8n_e2=5.9604644775e-08 p16q=5.0067901611e-06 p16n=7.1525573730e-07 p16q_e2=5.0663948059e-06 p16n_e2=3.5166740417e-06 p32q=5.0526259656e-06 p32n=5.0526282394e-06 p64q=5.0526259012e-06 p64n=5.0526259012e-06 alpha_d=1.0712796749e+00 alpha_p32q=1.0712796612e+00 alpha_p32n=1.0712791791e+00 rz32q=5.4127754083e-06 rz32n=5.4127799558e-06 alpha_full_q=1.0712796564e+00 alpha_full_n=1.0712800743e+00
  residual=2.569e+00
iter=195 pAp_d=6.0485061545e-06 p8q=6.2500000000e-01 p8n=1.0000000000e+00 p8q_e2=3.8146972656e-06 p8n_e2=5.9604644775e-08 p16q=5.9604644775e-06 p16n=7.1525573730e-07 p16q_e2=6.0498714447e-06 p16n_e2=3.9041042328e-06 p32q=6.0485062932e-06 p32n=6.0485090216e-06 p64q=6.0485061545e-06 p64n=6.0485061545e-06 alpha_d=8.9281005158e-01 alpha_p32q=8.9281003111e-01 alpha_p32n=8.9280962837e-01 rz32q=5.4001670833e-06 rz32n=5.4001652643e-06 alpha_full_q=8.9281002971e-01 alpha_full_n=8.9280932623e-01
  residual=3.143e+00
iter=196 pAp_d=6.2168718064e-06 p8q=7.5000000000e-01 p8n=1.0000000000e+00 p8q_e2=3.8146972656e-06 p8n_e2=9.5367431641e-07 p16q=6.1988830566e-06 p16n=2.1457672119e-06 p16q_e2=6.2286853790e-06 p16n_e2=3.9339065552e-06 p32q=6.2168719523e-06 p32n=6.2168710429e-06 p64q=6.2168718064e-06 p64n=6.2168718064e-06 alpha_d=8.2397921722e-01 alpha_p32q=8.2397919788e-01 alpha_p32n=8.2397931842e-01 rz32q=5.1225733841e-06 rz32n=5.1225747484e-06 alpha_full_q=8.2397923319e-01 alpha_full_n=8.2397957318e-01
  residual=3.214e+00
iter=197 pAp_d=8.9850414802e-06 p8q=8.2812500000e-01 p8n=1.0625000000e+00 p8q_e2=1.5258789062e-05 p8n_e2=9.5367431641e-07 p16q=9.0599060059e-06 p16n=2.8610229492e-06 p16q_e2=9.0003013611e-06 p16n_e2=5.7220458984e-06 p32q=8.9850418590e-06 p32n=8.9850545919e-06 p64q=8.9850414802e-06 p64n=8.9850414802e-06 alpha_d=6.6977963565e-01 alpha_p32q=6.6977960742e-01 alpha_p32n=6.6977865826e-01 rz32q=6.0179977481e-06 rz32n=6.0179941102e-06 alpha_full_q=6.6977960065e-01 alpha_full_n=6.6977824660e-01
  residual=2.860e+00
iter=198 pAp_d=5.8238859262e-06 p8q=6.0937500000e-01 p8n=1.0000000000e+00 p8q_e2=3.8146972656e-06 p8n_e2=5.9604644775e-08 p16q=5.7220458984e-06 p16n=9.5367431641e-07 p16q_e2=5.8114528656e-06 p16n_e2=3.7103891373e-06 p32q=5.8238861129e-06 p32n=5.8238856582e-06 p64q=5.8238859262e-06 p64n=5.8238859262e-06 alpha_d=8.9945262208e-01 alpha_p32q=8.9945259324e-01 alpha_p32n=8.9945266347e-01 rz32q=5.2383093134e-06 rz32n=5.2383070397e-06 alpha_full_q=8.9945256687e-01 alpha_full_n=8.9945224669e-01
  residual=1.947e+00
iter=199 pAp_d=4.5583960296e-06 p8q=5.3125000000e-01 p8n=1.0000000000e+00 p8q_e2=3.8146972656e-06 p8n_e2=5.9604644775e-08 p16q=4.5299530029e-06 p16n=4.7683715820e-07 p16q_e2=4.5597553253e-06 p16n_e2=2.8312206268e-06 p32q=4.5583960855e-06 p32n=4.5583979045e-06 p64q=4.5583960296e-06 p64n=4.5583960296e-06 alpha_d=1.0091757024e+00 alpha_p32q=1.0091756900e+00 alpha_p32n=1.0091752873e+00 rz32q=4.6002223826e-06 rz32n=4.6002210183e-06 alpha_full_q=1.0091756610e+00 alpha_full_n=1.0091749590e+00
  residual=1.655e+00
iter=200 pAp_d=4.2150478256e-06 p8q=5.3125000000e-01 p8n=1.0000000000e+00 p8q_e2=3.8146972656e-06 p8n_e2=-9.5367431641e-07 p16q=4.2915344238e-06 p16n=3.5762786865e-07 p16q_e2=4.2021274567e-06 p16n_e2=2.7120113373e-06 p32q=4.2150477384e-06 p32n=4.2150472837e-06 p64q=4.2150478256e-06 p64n=4.2150478256e-06 alpha_d=9.7035230731e-01 alpha_p32q=9.7035232739e-01 alpha_p32n=9.7035243208e-01 rz32q=4.0900813474e-06 rz32n=4.0900895328e-06 alpha_full_q=9.7035231894e-01 alpha_full_n=9.7035436558e-01
  residual=1.646e+00
iter=201 pAp_d=3.2221102460e-06 p8q=5.3125000000e-01 p8n=9.8437500000e-01 p8q_e2=3.8146972656e-06 p8n_e2=9.5367431641e-07 p16q=3.0994415283e-06 p16n=3.5762786865e-07 p16q_e2=3.2186508179e-06 p16n_e2=1.9222497940e-06 p32q=3.2221103083e-06 p32n=3.2221139463e-06 p64q=3.2221102460e-06 p64n=3.2221102460e-06 alpha_d=1.0436515541e+00 alpha_p32q=1.0436515339e+00 alpha_p32n=1.0436503556e+00 rz32q=3.3627604807e-06 rz32n=3.3627627545e-06 alpha_full_q=1.0436515696e+00 alpha_full_n=1.0436510969e+00
  residual=2.107e+00
iter=202 pAp_d=5.1991571765e-06 p8q=6.4062500000e-01 p8n=9.6875000000e-01 p8q_e2=3.8146972656e-06 p8n_e2=-5.9604644775e-08 p16q=5.2452087402e-06 p16n=1.4305114746e-06 p16q_e2=5.1856040955e-06 p16n_e2=3.5464763641e-06 p32q=5.1991569308e-06 p32n=5.1991596592e-06 p64q=5.1991571765e-06 p64n=5.1991571765e-06 alpha_d=7.6882062220e-01 alpha_p32q=7.6882065853e-01 alpha_p32n=7.6882025506e-01 rz32q=3.9972192099e-06 rz32n=3.9972178456e-06 alpha_full_q=7.6882064979e-01 alpha_full_n=7.6881998392e-01
  residual=2.110e+00
iter=203 pAp_d=4.9691445318e-06 p8q=7.1875000000e-01 p8n=1.0000000000e+00 p8q_e2=3.8146972656e-06 p8n_e2=5.9604644775e-08 p16q=4.7683715820e-06 p16n=1.4305114746e-06 p16q_e2=4.9769878387e-06 p16n_e2=3.0845403671e-06 p32q=4.9691443564e-06 p32n=4.9691398090e-06 p64q=4.9691445318e-06 p64n=4.9691445318e-06 alpha_d=7.6552144773e-01 alpha_p32q=7.6552147474e-01 alpha_p32n=7.6552217531e-01 rz32q=3.8039868286e-06 rz32n=3.8039920582e-06 alpha_full_q=7.6552149742e-01 alpha_full_n=7.6552325040e-01
  residual=2.567e+00
iter=204 pAp_d=5.5943319603e-06 p8q=6.0937500000e-01 p8n=9.8437500000e-01 p8q_e2=3.8146972656e-06 p8n_e2=0.0000000000e+00 p16q=5.7220458984e-06 p16n=1.0728836060e-06 p16q_e2=5.6028366089e-06 p16n_e2=3.6805868149e-06 p32q=5.5943319239e-06 p32n=5.5943164625e-06 p64q=5.5943319603e-06 p64n=5.5943319603e-06 alpha_d=7.0948078617e-01 alpha_p32q=7.0948079077e-01 alpha_p32n=7.0948275162e-01 rz32q=3.9690712583e-06 rz32n=3.9690708036e-06 alpha_full_q=7.0948083029e-01 alpha_full_n=7.0948270985e-01
  residual=1.746e+00
iter=205 pAp_d=4.1539631795e-06 p8q=5.3125000000e-01 p8n=9.8437500000e-01 p8q_e2=3.8146972656e-06 p8n_e2=9.5367431641e-07 p16q=4.0531158447e-06 p16n=1.1920928955e-06 p16q_e2=4.1425228119e-06 p16n_e2=2.7418136597e-06 p32q=4.1539633457e-06 p32n=4.1539556150e-06 p64q=4.1539631795e-06 p64n=4.1539631795e-06 alpha_d=7.5431772099e-01 alpha_p32q=7.5431769080e-01 alpha_p32n=7.5431909462e-01 rz32q=3.1334079722e-06 rz32n=3.1334052437e-06 alpha_full_q=7.5431767481e-01 alpha_full_n=7.5431842179e-01
  residual=1.942e+00
iter=206 pAp_d=4.1264198056e-06 p8q=5.9375000000e-01 p8n=1.0000000000e+00 p8q_e2=3.8146972656e-06 p8n_e2=5.9604644775e-08 p16q=4.0531158447e-06 p16n=1.4305114746e-06 p16q_e2=4.1127204895e-06 p16n_e2=2.4884939194e-06 p32q=4.1264197534e-06 p32n=4.1264133870e-06 p64q=4.1264198056e-06 p64n=4.1264198056e-06 alpha_d=7.1895227684e-01 alpha_p32q=7.1895228593e-01 alpha_p32n=7.1895339517e-01 rz32q=2.9666989576e-06 rz32n=2.9666989576e-06 alpha_full_q=7.1895229639e-01 alpha_full_n=7.1895340563e-01
  residual=2.165e+00
iter=207 pAp_d=4.2301604363e-06 p8q=6.4062500000e-01 p8n=1.0000000000e+00 p8q_e2=3.8146972656e-06 p8n_e2=9.5367431641e-07 p16q=4.2915344238e-06 p16n=9.5367431641e-07 p16q_e2=4.2319297791e-06 p16n_e2=2.6524066925e-06 p32q=4.2301603571e-06 p32n=4.2301571739e-06 p64q=4.2301604363e-06 p64n=4.2301604363e-06 alpha_d=6.9305931492e-01 alpha_p32q=6.9305932790e-01 alpha_p32n=6.9305984943e-01 rz32q=2.9317520784e-06 rz32n=2.9317500321e-06 alpha_full_q=6.9305932422e-01 alpha_full_n=6.9305936200e-01
  residual=1.842e+00
iter=208 pAp_d=3.3330763186e-06 p8q=5.9375000000e-01 p8n=1.0000000000e+00 p8q_e2=3.8146972656e-06 p8n_e2=9.5367431641e-07 p16q=3.3378601074e-06 p16n=4.7683715820e-07 p16q_e2=3.3378601074e-06 p16n_e2=2.0861625671e-06 p32q=3.3330763927e-06 p32n=3.3330813949e-06 p64q=3.3330763186e-06 p64n=3.3330763186e-06 alpha_d=7.7299905250e-01 alpha_p32q=7.7299903533e-01 alpha_p32n=7.7299787523e-01 rz32q=2.5764647944e-06 rz32n=2.5764643397e-06 alpha_full_q=7.7299902279e-01 alpha_full_n=7.7299772625e-01
  residual=1.724e+00
iter=209 pAp_d=2.8783939276e-06 p8q=6.0937500000e-01 p8n=1.0000000000e+00 p8q_e2=3.8146972656e-06 p8n_e2=5.9604644775e-08 p16q=2.8610229492e-06 p16n=4.7683715820e-07 p16q_e2=2.8759241104e-06 p16n_e2=1.8477439880e-06 p32q=2.8783938433e-06 p32n=2.8783938433e-06 p64q=2.8783939276e-06 p64n=2.8783939276e-06 alpha_d=7.8921999146e-01 alpha_p32q=7.8922001458e-01 alpha_p32n=7.8922001458e-01 rz32q=2.2716860713e-06 rz32n=2.2716844796e-06 alpha_full_q=7.8922002858e-01 alpha_full_n=7.8921947563e-01
  residual=1.435e+00
iter=210 pAp_d=2.6449934084e-06 p8q=5.7812500000e-01 p8n=1.0000000000e+00 p8q_e2=3.8146972656e-06 p8n_e2=5.9604644775e-08 p16q=2.6226043701e-06 p16n=4.7683715820e-07 p16q_e2=2.6375055313e-06 p16n_e2=1.6838312149e-06 p32q=2.6449934012e-06 p32n=2.6449886263e-06 p64q=2.6449934084e-06 p64n=2.6449934084e-06 alpha_d=7.3565939599e-01 alpha_p32q=7.3565939800e-01 alpha_p32n=7.3566072605e-01 rz32q=1.9458143470e-06 rz32n=1.9458179850e-06 alpha_full_q=7.3565943344e-01 alpha_full_n=7.3566213691e-01
  residual=1.327e+00
iter=211 pAp_d=1.7062833787e-06 p8q=5.0000000000e-01 p8n=1.0000000000e+00 p8q_e2=3.8146972656e-06 p8n_e2=5.9604644775e-08 p16q=1.6689300537e-06 p16n=1.1920928955e-07 p16q_e2=1.7061829567e-06 p16n_e2=9.1642141342e-07 p32q=1.7062833422e-06 p32n=1.7062832285e-06 p64q=1.7062833787e-06 p64n=1.7062833787e-06 alpha_d=8.7658034373e-01 alpha_p32q=8.7658036251e-01 alpha_p32n=8.7658042092e-01 rz32q=1.4956945051e-06 rz32n=1.4956908672e-06 alpha_full_q=8.7658038274e-01 alpha_full_n=8.7657830903e-01
  residual=1.059e+00
iter=212 pAp_d=1.4406503090e-06 p8q=5.3125000000e-01 p8n=9.8437500000e-01 p8q_e2=9.5367431641e-07 p8n_e2=0.0000000000e+00 p16q=1.4305114746e-06 p16n=1.1920928955e-07 p16q_e2=1.4379620552e-06 p16n_e2=7.5250864029e-07 p32q=1.4406502942e-06 p32n=1.4406535911e-06 p64q=1.4406503090e-06 p64n=1.4406503090e-06 alpha_d=8.6515761476e-01 alpha_p32q=8.6515762366e-01 alpha_p32n=8.6515564375e-01 rz32q=1.2463896155e-06 rz32n=1.2463892745e-06 alpha_full_q=8.6515764482e-01 alpha_full_n=8.6515542818e-01
  residual=1.094e+00
iter=213 pAp_d=1.3941177334e-06 p8q=5.4687500000e-01 p8n=1.0000000000e+00 p8q_e2=9.5367431641e-07 p8n_e2=5.9604644775e-08 p16q=1.4305114746e-06 p16n=2.3841857910e-07 p16q_e2=1.3932585716e-06 p16n_e2=7.8231096268e-07 p32q=1.3941177031e-06 p32n=1.3941170209e-06 p64q=1.3941177334e-06 p64n=1.3941177334e-06 alpha_d=8.2606052748e-01 alpha_p32q=8.2606054545e-01 alpha_p32n=8.2606094963e-01 rz32q=1.1516256109e-06 rz32n=1.1516248151e-06 alpha_full_q=8.2606053158e-01 alpha_full_n=8.2606036493e-01
  residual=1.149e+00
iter=214 pAp_d=1.5390695696e-06 p8q=5.3125000000e-01 p8n=1.0000000000e+00 p8q_e2=9.5367431641e-07 p8n_e2=5.9604644775e-08 p16q=1.5497207642e-06 p16n=4.7683715820e-07 p16q_e2=1.5422701836e-06 p16n_e2=9.0152025223e-07 p32q=1.5390695580e-06 p32n=1.5390670569e-06 p64q=1.5390695696e-06 p64n=1.5390695696e-06 alpha_d=6.8083199604e-01 alpha_p32q=6.8083200117e-01 alpha_p32n=6.8083310758e-01 rz32q=1.0478478316e-06 rz32n=1.0478452168e-06 alpha_full_q=6.8083201708e-01 alpha_full_n=6.8083142454e-01
  residual=1.100e+00
iter=215 pAp_d=1.3090085342e-06 p8q=5.7812500000e-01 p8n=1.0000000000e+00 p8q_e2=9.5367431641e-07 p8n_e2=5.9604644775e-08 p16q=1.3113021851e-06 p16n=2.3841857910e-07 p16q_e2=1.3113021851e-06 p16n_e2=6.9290399551e-07 p32q=1.3090085531e-06 p32n=1.3090063931e-06 p64q=1.3090085342e-06 p64n=1.3090085342e-06 alpha_d=6.6658315121e-01 alpha_p32q=6.6658314156e-01 alpha_p32n=6.6658424151e-01 rz32q=8.7256307779e-07 rz32n=8.7256296410e-07 alpha_full_q=6.6658317527e-01 alpha_full_n=6.6658418838e-01
  residual=8.007e-01
iter=216 pAp_d=7.0903151758e-07 p8q=5.0000000000e-01 p8n=1.0000000000e+00 p8q_e2=9.5367431641e-07 p8n_e2=5.9604644775e-08 p16q=7.1525573730e-07 p16n=5.9604644775e-08 p16q_e2=7.0780515671e-07 p16n_e2=3.4272670746e-07 p32q=7.0903149663e-07 p32n=7.0902842708e-07 p64q=7.0903151758e-07 p64n=7.0903151758e-07 alpha_d=8.3535732625e-01 alpha_p32q=8.3535735094e-01 alpha_p32n=8.3536096739e-01 rz32q=5.9229466842e-07 rz32n=5.9229523686e-07 alpha_full_q=8.3535734483e-01 alpha_full_n=8.3536176299e-01
  residual=5.871e-01
iter=217 pAp_d=4.8075499840e-07 p8q=4.5312500000e-01 p8n=1.0000000000e+00 p8q_e2=9.5367431641e-07 p8n_e2=5.9604644775e-08 p16q=4.7683715820e-07 p16n=5.9604644775e-08 p16q_e2=4.8428773880e-07 p16n_e2=2.4959445000e-07 p32q=4.8075503400e-07 p32n=4.8075514769e-07 p64q=4.8075499840e-07 p64n=4.8075499840e-07 alpha_d=9.2241310367e-01 alpha_p32q=9.2241303536e-01 alpha_p32n=9.2241281723e-01 rz32q=4.4345472361e-07 rz32n=4.4345415517e-07 alpha_full_q=9.2241306329e-01 alpha_full_n=9.2241166278e-01
  residual=6.359e-01
iter=218 pAp_d=5.5453744252e-07 p8q=4.8437500000e-01 p8n=1.0000000000e+00 p8q_e2=9.5367431641e-07 p8n_e2=5.9604644775e-08 p16q=5.9604644775e-07 p16n=1.1920928955e-07 p16q_e2=5.5134296417e-07 p16n_e2=2.7939677238e-07 p32q=5.5453745063e-07 p32n=5.5453688219e-07 p64q=5.5453744252e-07 p64n=5.5453744252e-07 alpha_d=7.5465244854e-01 alpha_p32q=7.5465243751e-01 alpha_p32n=7.5465321107e-01 rz32q=4.1848306864e-07 rz32n=4.1848295496e-07 alpha_full_q=7.5465249132e-01 alpha_full_n=7.5465305987e-01
  residual=5.340e-01
iter=219 pAp_d=4.0678967243e-07 p8q=4.2187500000e-01 p8n=9.6875000000e-01 p8q_e2=9.5367431641e-07 p8n_e2=-5.9604644775e-08 p16q=4.1723251343e-07 p16n=5.9604644775e-08 p16q_e2=4.0605664253e-07 p16n_e2=1.9557774067e-07 p32q=4.0678969526e-07 p32n=4.0678975211e-07 p64q=4.0678967243e-07 p64n=4.0678967243e-07 alpha_d=9.1190693632e-01 alpha_p32q=9.1190688514e-01 alpha_p32n=9.1190675771e-01 rz32q=3.7095429661e-07 rz32n=3.7095435346e-07 alpha_full_q=9.1190681803e-01 alpha_full_n=9.1190683034e-01
  residual=6.281e-01
iter=220 pAp_d=3.7914175134e-07 p8q=4.5312500000e-01 p8n=1.0000000000e+00 p8q_e2=9.5367431641e-07 p8n_e2=5.9604644775e-08 p16q=3.5762786865e-07 p16n=1.4901161194e-08 p16q_e2=3.7997961044e-07 p16n_e2=2.0675361156e-07 p32q=3.7914173845e-07 p32n=3.7914338691e-07 p64q=3.7914175134e-07 p64n=3.7914175134e-07 alpha_d=9.0145437624e-01 alpha_p32q=9.0145440688e-01 alpha_p32n=9.0145048749e-01 rz32q=3.4177901398e-07 rz32n=3.4177884345e-07 alpha_full_q=9.0145446760e-01 alpha_full_n=9.0145009843e-01
  residual=6.081e-01
iter=221 pAp_d=3.4341256103e-07 p8q=4.5312500000e-01 p8n=1.0000000000e+00 p8q_e2=9.5367431641e-07 p8n_e2=5.9604644775e-08 p16q=3.5762786865e-07 p16n=1.4901161194e-08 p16q_e2=3.4272670746e-07 p16n_e2=1.6018748283e-07 p32q=3.4341258015e-07 p32n=3.4341286437e-07 p64q=3.4341256103e-07 p64n=3.4341256103e-07 alpha_d=9.2659827298e-01 alpha_p32q=9.2659822138e-01 alpha_p32n=9.2659745450e-01 rz32q=3.1820547974e-07 rz32n=3.1820638924e-07 alpha_full_q=9.2659820326e-01 alpha_full_n=9.2660008478e-01
  residual=6.359e-01
iter=222 pAp_d=3.4349082844e-07 p8q=4.5312500000e-01 p8n=1.0000000000e+00 p8q_e2=9.5367431641e-07 p8n_e2=5.9604644775e-08 p16q=3.5762786865e-07 p16n=5.9604644775e-08 p16q_e2=3.4272670746e-07 p16n_e2=1.7136335373e-07 p32q=3.4349085354e-07 p32n=3.4349102407e-07 p64q=3.4349082844e-07 p64n=3.4349082844e-07 alpha_d=8.5771869332e-01 alpha_p32q=8.5771863065e-01 alpha_p32n=8.5771820482e-01 rz32q=2.9461853046e-07 rz32n=2.9461972417e-07 alpha_full_q=8.5771870612e-01 alpha_full_n=8.5772175553e-01
  residual=7.005e-01
iter=223 pAp_d=3.2831504849e-07 p8q=4.8437500000e-01 p8n=1.0000000000e+00 p8q_e2=9.5367431641e-07 p8n_e2=5.9604644775e-08 p16q=2.9802322388e-07 p16n=5.9604644775e-08 p16q_e2=3.2782554626e-07 p16n_e2=1.6950070858e-07 p32q=3.2831502494e-07 p32n=3.2831439967e-07 p64q=3.2831504849e-07 p64n=3.2831504849e-07 alpha_d=8.2246109434e-01 alpha_p32q=8.2246115332e-01 alpha_p32n=8.2246271971e-01 rz32q=2.7002636216e-07 rz32n=2.7002641900e-07 alpha_full_q=8.2246117796e-01 alpha_full_n=8.2246291749e-01
  residual=7.674e-01
iter=224 pAp_d=4.5213247522e-07 p8q=5.0000000000e-01 p8n=9.8437500000e-01 p8q_e2=9.5367431641e-07 p8n_e2=0.0000000000e+00 p16q=4.7683715820e-07 p16n=1.1920928955e-07 p16q_e2=4.5076012611e-07 p16n_e2=2.3841857910e-07 p32q=4.5213249678e-07 p32n=4.5213289468e-07 p64q=4.5213247522e-07 p64n=4.5213247522e-07 alpha_d=6.8920091806e-01 alpha_p32q=6.8920088521e-01 alpha_p32n=6.8920027867e-01 rz32q=3.1161010838e-07 rz32n=3.1160828939e-07 alpha_full_q=6.8920086613e-01 alpha_full_n=6.8919623646e-01
  residual=7.191e-01
iter=225 pAp_d=2.7172623310e-07 p8q=4.3750000000e-01 p8n=9.8437500000e-01 p8q_e2=9.5367431641e-07 p8n_e2=0.0000000000e+00 p16q=2.3841857910e-07 p16n=2.9802322388e-08 p16q_e2=2.7194619179e-07 p16n_e2=1.3224780560e-07 p32q=2.7172620776e-07 p32n=2.7172512773e-07 p64q=2.7172623310e-07 p64n=2.7172623310e-07 alpha_d=8.8414657838e-01 alpha_p32q=8.8414666084e-01 alpha_p32n=8.8415017505e-01 rz32q=2.4024581080e-07 rz32n=2.4024637924e-07 alpha_full_q=8.8414662974e-01 alpha_full_n=8.8415223590e-01
  residual=5.607e-01
iter=226 pAp_d=1.9122888954e-07 p8q=4.2187500000e-01 p8n=1.0000000000e+00 p8q_e2=9.5367431641e-07 p8n_e2=5.9604644775e-08 p16q=1.7881393433e-07 p16n=1.4901161194e-08 p16q_e2=1.9185245037e-07 p16n_e2=7.6368451118e-08 p32q=1.9122887807e-07 p32n=1.9122887807e-07 p64q=1.9122888954e-07 p64n=1.9122888954e-07 alpha_d=1.1077628734e+00 alpha_p32q=1.1077629399e+00 alpha_p32n=1.1077629399e+00 rz32q=2.1183626586e-07 rz32n=2.1183592480e-07 alpha_full_q=1.1077629488e+00 alpha_full_n=1.1077611653e+00
  residual=3.991e-01
iter=227 pAp_d=2.1985012839e-07 p8q=4.0625000000e-01 p8n=1.0000000000e+00 p8q_e2=9.5367431641e-07 p8n_e2=5.9604644775e-08 p16q=2.3841857910e-07 p16n=1.4901161194e-08 p16q_e2=2.1979212761e-07 p16n_e2=1.1920928955e-07 p32q=2.1985013632e-07 p32n=2.1985019316e-07 p64q=2.1985012839e-07 p64n=2.1985012839e-07 alpha_d=1.0476084156e+00 alpha_p32q=1.0476083778e+00 alpha_p32n=1.0476081069e+00 rz32q=2.3031685714e-07 rz32n=2.3031705609e-07 alpha_full_q=1.0476084345e+00 alpha_full_n=1.0476090686e+00
  residual=6.523e-01
iter=228 pAp_d=2.5591286980e-07 p8q=4.3750000000e-01 p8n=1.0000000000e+00 p8q_e2=9.5367431641e-07 p8n_e2=5.9604644775e-08 p16q=2.3841857910e-07 p16n=5.9604644775e-08 p16q_e2=2.5704503059e-07 p16n_e2=1.2665987015e-07 p32q=2.5591288022e-07 p32n=2.5591407393e-07 p64q=2.5591286980e-07 p64n=2.5591286980e-07 alpha_d=1.0037506412e+00 alpha_p32q=1.0037506003e+00 alpha_p32n=1.0037459183e+00 rz32q=2.5687268135e-07 rz32n=2.5687216976e-07 alpha_full_q=1.0037504995e+00 alpha_full_n=1.0037438184e+00
  residual=7.743e-01
iter=229 pAp_d=2.7937630502e-07 p8q=4.0625000000e-01 p8n=1.0000000000e+00 p8q_e2=9.5367431641e-07 p8n_e2=5.9604644775e-08 p16q=2.9802322388e-07 p16n=1.1920928955e-07 p16q_e2=2.7939677238e-07 p16n_e2=1.4714896679e-07 p32q=2.7937630875e-07 p32n=2.7937653613e-07 p64q=2.7937630502e-07 p64n=2.7937630502e-07 alpha_d=9.4730429003e-01 alpha_p32q=9.4730427737e-01 alpha_p32n=9.4730350640e-01 rz32q=2.6465437486e-07 rz32n=2.6465414749e-07 alpha_full_q=9.4730428661e-01 alpha_full_n=9.4730270177e-01
  residual=8.778e-01
iter=230 pAp_d=4.1659060336e-07 p8q=4.5312500000e-01 p8n=1.0000000000e+00 p8q_e2=9.5367431641e-07 p8n_e2=5.9604644775e-08 p16q=4.1723251343e-07 p16n=1.1920928955e-07 p16q_e2=4.1723251343e-07 p16n_e2=2.3841857910e-07 p32q=4.1659058070e-07 p32n=4.1658751115e-07 p64q=4.1659060336e-07 p64n=4.1659060336e-07 alpha_d=7.0824503022e-01 alpha_p32q=7.0824506874e-01 alpha_p32n=7.0825028731e-01 rz32q=2.9504820986e-07 rz32n=2.9504889199e-07 alpha_full_q=7.0824503370e-01 alpha_full_n=7.0825188966e-01
  residual=9.406e-01
iter=231 pAp_d=3.7353637032e-07 p8q=4.2187500000e-01 p8n=1.0000000000e+00 p8q_e2=9.5367431641e-07 p8n_e2=5.9604644775e-08 p16q=3.5762786865e-07 p16n=5.9604644775e-08 p16q_e2=3.7252902985e-07 p16n_e2=1.8812716007e-07 p32q=3.7353635207e-07 p32n=3.7353703419e-07 p64q=3.7353637032e-07 p64n=3.7353637032e-07 alpha_d=8.0206825472e-01 alpha_p32q=8.0206829391e-01 alpha_p32n=8.0206682924e-01 rz32q=2.9960165193e-07 rz32n=2.9960074244e-07 alpha_full_q=8.0206825994e-01 alpha_full_n=8.0206436046e-01
  residual=5.379e-01
iter=232 pAp_d=2.3296766498e-07 p8q=4.2187500000e-01 p8n=1.0000000000e+00 p8q_e2=9.5367431641e-07 p8n_e2=5.9604644775e-08 p16q=2.3841857910e-07 p16n=2.9802322388e-08 p16q_e2=2.3283064365e-07 p16n_e2=1.1920928955e-07 p32q=2.3296766472e-07 p32n=2.3296692575e-07 p64q=2.3296766498e-07 p64n=2.3296766498e-07 alpha_d=1.0238946738e+00 alpha_p32q=1.0238946749e+00 alpha_p32n=1.0238979227e+00 rz32q=2.3853436915e-07 rz32n=2.3853408493e-07 alpha_full_q=1.0238947514e+00 alpha_full_n=1.0238967792e+00
  residual=5.251e-01
iter=233 pAp_d=2.5060319102e-07 p8q=4.3750000000e-01 p8n=1.0000000000e+00 p8q_e2=9.5367431641e-07 p8n_e2=5.9604644775e-08 p16q=2.3841857910e-07 p16n=2.9802322388e-08 p16q_e2=2.4959445000e-07 p16n_e2=1.2107193470e-07 p32q=2.5060319331e-07 p32n=2.5060387543e-07 p64q=2.5060319102e-07 p64n=2.5060319102e-07 alpha_d=9.3906843522e-01 alpha_p32q=9.3906842666e-01 alpha_p32n=9.3906587060e-01 rz32q=2.3533354465e-07 rz32n=2.3533351623e-07 alpha_full_q=9.3906841946e-01 alpha_full_n=9.3906574999e-01
  residual=4.368e-01
iter=234 pAp_d=2.0395710049e-07 p8q=4.3750000000e-01 p8n=9.6875000000e-01 p8q_e2=5.9604644775e-08 p8n_e2=-5.9604644775e-08 p16q=1.7881393433e-07 p16n=-1.4901161194e-08 p16q_e2=2.0489096642e-07 p16n_e2=8.9406967163e-08 p32q=2.0395708589e-07 p32n=2.0395674483e-07 p64q=2.0395710049e-07 p64n=2.0395710049e-07 alpha_d=1.0191770939e+00 alpha_p32q=1.0191771669e+00 alpha_p32n=1.0191788712e+00 rz32q=2.0786839627e-07 rz32n=2.0786842470e-07 alpha_full_q=1.0191771243e+00 alpha_full_n=1.0191789679e+00
  residual=4.456e-01
iter=235 pAp_d=1.8790265021e-07 p8q=4.2187500000e-01 p8n=1.0000000000e+00 p8q_e2=9.5367431641e-07 p8n_e2=5.9604644775e-08 p16q=1.7881393433e-07 p16n=1.4901161194e-08 p16q_e2=1.8812716007e-07 p16n_e2=8.5681676865e-08 p32q=1.8790265699e-07 p32n=1.8790220224e-07 p64q=1.8790265021e-07 p64n=1.8790265021e-07 alpha_d=9.7896922473e-01 alpha_p32q=9.7896918938e-01 alpha_p32n=9.7897155861e-01 rz32q=1.8395090251e-07 rz32n=1.8395098778e-07 alpha_full_q=9.7896913997e-01 alpha_full_n=9.7897196297e-01
  residual=2.617e-01
iter=236 pAp_d=1.7195300979e-07 p8q=4.2187500000e-01 p8n=9.8437500000e-01 p8q_e2=9.5367431641e-07 p8n_e2=0.0000000000e+00 p16q=1.7881393433e-07 p16n=1.4901161194e-08 p16q_e2=1.7136335373e-07 p16n_e2=8.0093741417e-08 p32q=1.7195301893e-07 p32n=1.7195327473e-07 p64q=1.7195300979e-07 p64n=1.7195300979e-07 alpha_d=1.0193473591e+00 alpha_p32q=1.0193473049e+00 alpha_p32n=1.0193457885e+00 rz32q=1.7527983687e-07 rz32n=1.7527915475e-07 alpha_full_q=1.0193472493e+00 alpha_full_n=1.0193417661e+00
  residual=3.621e-01
iter=237 pAp_d=1.6007000470e-07 p8q=3.7500000000e-01 p8n=1.0000000000e+00 p8q_e2=5.9604644775e-08 p8n_e2=5.9604644775e-08 p16q=1.7881393433e-07 p16n=2.9802322388e-08 p16q_e2=1.6018748283e-07 p16n_e2=6.4261257648e-08 p32q=1.6007001591e-07 p32n=1.6006950432e-07 p64q=1.6007000470e-07 p64n=1.6007000470e-07 alpha_d=1.0112181928e+00 alpha_p32q=1.0112181219e+00 alpha_p32n=1.0112213538e+00 rz32q=1.6186569951e-07 rz32n=1.6186558582e-07 alpha_full_q=1.0112181135e+00 alpha_full_n=1.0112206351e+00
  residual=6.091e-01
iter=238 pAp_d=2.2782957937e-07 p8q=4.3750000000e-01 p8n=1.0000000000e+00 p8q_e2=9.5367431641e-07 p8n_e2=5.9604644775e-08 p16q=2.3841857910e-07 p16n=5.9604644775e-08 p16q_e2=2.2910535336e-07 p16n_e2=1.2852251530e-07 p32q=2.2782958808e-07 p32n=2.2782975861e-07 p64q=2.2782957937e-07 p64n=2.2782957937e-07 alpha_d=7.7955284869e-01 alpha_p32q=7.7955281886e-01 alpha_p32n=7.7955223537e-01 rz32q=1.7760518745e-07 rz32n=1.7760598325e-07 alpha_full_q=7.7955277424e-01 alpha_full_n=7.7955568374e-01
  residual=7.306e-01
iter=239 pAp_d=2.7178871821e-07 p8q=4.0625000000e-01 p8n=1.0000000000e+00 p8q_e2=5.9604644775e-08 p8n_e2=5.9604644775e-08 p16q=2.3841857910e-07 p16n=5.9604644775e-08 p16q_e2=2.7194619179e-07 p16n_e2=1.4714896679e-07 p32q=2.7178873552e-07 p32n=2.7178890605e-07 p64q=2.7178871821e-07 p64n=2.7178871821e-07 alpha_d=6.8519559327e-01 alpha_p32q=6.8519554964e-01 alpha_p32n=6.8519511972e-01 rz32q=1.8622844777e-07 rz32n=1.8622836251e-07 alpha_full_q=6.8519560761e-01 alpha_full_n=6.8519486397e-01
  residual=6.661e-01
iter=240 pAp_d=2.2067265118e-07 p8q=4.3750000000e-01 p8n=9.6875000000e-01 p8q_e2=9.5367431641e-07 p8n_e2=-5.9604644775e-08 p16q=2.3841857910e-07 p16n=5.9604644775e-08 p16q_e2=2.1979212761e-07 p16n_e2=1.1920928955e-07 p32q=2.2067263217e-07 p32n=2.2067240479e-07 p64q=2.2067265118e-07 p64n=2.2067265118e-07 alpha_d=7.7791575415e-01 alpha_p32q=7.7791582119e-01 alpha_p32n=7.7791662273e-01 rz32q=1.7166473754e-07 rz32n=1.7166485122e-07 alpha_full_q=7.7791584688e-01 alpha_full_n=7.7791716360e-01
  residual=3.950e-01
iter=241 pAp_d=1.3369756342e-07 p8q=3.9062500000e-01 p8n=1.0000000000e+00 p8q_e2=5.9604644775e-08 p8n_e2=5.9604644775e-08 p16q=1.1920928955e-07 p16n=2.9802322388e-08 p16q_e2=1.3411045074e-07 p16n_e2=6.0535967350e-08 p32q=1.3369756857e-07 p32n=1.3369736962e-07 p64q=1.3369756342e-07 p64n=1.3369756342e-07 alpha_d=1.0949649722e+00 alpha_p32q=1.0949649301e+00 alpha_p32n=1.0949665594e+00 rz32q=1.4639414303e-07 rz32n=1.4639380197e-07 alpha_full_q=1.0949648868e+00 alpha_full_n=1.0949639652e+00
  residual=3.669e-01
iter=242 pAp_d=1.6145650321e-07 p8q=4.2187500000e-01 p8n=1.0000000000e+00 p8q_e2=9.5367431641e-07 p8n_e2=5.9604644775e-08 p16q=1.7881393433e-07 p16n=1.4901161194e-08 p16q_e2=1.6205012798e-07 p16n_e2=8.4750354290e-08 p32q=1.6145651216e-07 p32n=1.6145617110e-07 p64q=1.6145650321e-07 p64n=1.6145650321e-07 alpha_d=9.1834740617e-01 alpha_p32q=9.1834735527e-01 alpha_p32n=9.1834929519e-01 rz32q=1.4827315908e-07 rz32n=1.4827315908e-07 alpha_full_q=9.1834734382e-01 alpha_full_n=9.1834928374e-01
  residual=4.312e-01
iter=243 pAp_d=1.2884860068e-07 p8q=4.0625000000e-01 p8n=9.6875000000e-01 p8q_e2=9.5367431641e-07 p8n_e2=-5.9604644775e-08 p16q=1.1920928955e-07 p16n=1.4901161194e-08 p16q_e2=1.2852251530e-07 p16n_e2=4.9360096455e-08 p32q=1.2884859757e-07 p32n=1.2884868283e-07 p64q=1.2884860068e-07 p64n=1.2884860068e-07 alpha_d=9.7077149553e-01 alpha_p32q=9.7077151898e-01 alpha_p32n=9.7077087658e-01 rz32q=1.2508255054e-07 rz32n=1.2508218106e-07 alpha_full_q=9.7077153263e-01 alpha_full_n=9.7076802266e-01
  residual=2.963e-01
iter=244 pAp_d=1.2348631601e-07 p8q=4.3750000000e-01 p8n=1.0000000000e+00 p8q_e2=5.9604644775e-08 p8n_e2=5.9604644775e-08 p16q=1.1920928955e-07 p16n=2.9802322388e-08 p16q_e2=1.2293457985e-07 p16n_e2=4.6566128731e-08 p32q=1.2348633049e-07 p32n=1.2348607470e-07 p64q=1.2348631601e-07 p64n=1.2348631601e-07 alpha_d=8.2343161132e-01 alpha_p32q=8.2343151471e-01 alpha_p32n=8.2343322041e-01 rz32q=1.0168253084e-07 rz32n=1.0168248821e-07 alpha_full_q=8.2343147159e-01 alpha_full_n=8.2343283204e-01
  residual=3.620e-01
iter=245 pAp_d=1.5133091084e-07 p8q=4.2187500000e-01 p8n=1.0000000000e+00 p8q_e2=5.9604644775e-08 p8n_e2=5.9604644775e-08 p16q=1.1920928955e-07 p16n=5.9604644775e-08 p16q_e2=1.5087425709e-07 p16n_e2=7.5437128544e-08 p32q=1.5133090869e-07 p32n=1.5133133502e-07 p64q=1.5133091084e-07 p64n=1.5133091084e-07 alpha_d=6.5604944299e-01 alpha_p32q=6.5604945232e-01 alpha_p32n=6.5604760412e-01 rz32q=9.9280555332e-08 rz32n=9.9280413224e-08 alpha_full_q=6.5604942301e-01 alpha_full_n=6.5604663576e-01
  residual=3.398e-01
iter=246 pAp_d=8.4268554399e-08 p8q=4.0625000000e-01 p8n=9.8437500000e-01 p8q_e2=5.9604644775e-08 p8n_e2=0.0000000000e+00 p16q=8.9406967163e-08 p16n=-1.4901161194e-08 p16q_e2=8.4750354290e-08 p16n_e2=3.4458935261e-08 p32q=8.4268549472e-08 p32n=8.4268137357e-08 p64q=8.4268554399e-08 p64n=8.4268554399e-08 alpha_d=8.4187164979e-01 alpha_p32q=8.4187169901e-01 alpha_p32n=8.4187581620e-01 rz32q=7.0943301012e-08 rz32n=7.0943116270e-08 alpha_full_q=8.4187162893e-01 alpha_full_n=8.4187355382e-01
  residual=2.241e-01
iter=247 pAp_d=6.3433594000e-08 p8q=4.5312500000e-01 p8n=1.0000000000e+00 p8q_e2=5.9604644775e-08 p8n_e2=5.9604644775e-08 p16q=5.9604644775e-08 p16n=1.4901161194e-08 p16q_e2=6.3329935074e-08 p16n_e2=2.4680048227e-08 p32q=6.3433589048e-08 p32n=6.3433418518e-08 p64q=6.3433594000e-08 p64n=6.3433594000e-08 alpha_d=8.8186900530e-01 alpha_p32q=8.8186907415e-01 alpha_p32n=8.8187144491e-01 rz32q=5.5940120092e-08 rz32n=5.5940006405e-08 alpha_full_q=8.8186906860e-01 alpha_full_n=8.8186964713e-01
  residual=1.698e-01
iter=248 pAp_d=4.2989149660e-08 p8q=4.2187500000e-01 p8n=1.0000000000e+00 p8q_e2=5.9604644775e-08 p8n_e2=5.9604644775e-08 p16q=2.9802322388e-08 p16n=1.4901161194e-08 p16q_e2=4.2840838432e-08 p16n_e2=1.7695128918e-08 p32q=4.2989142912e-08 p32n=4.2988929749e-08 p64q=4.2989149660e-08 p64n=4.2989149660e-08 alpha_d=1.0496117782e+00 alpha_p32q=1.0496119430e+00 alpha_p32n=1.0496171476e+00 rz32q=4.5121922199e-08 rz32n=4.5122050096e-08 alpha_full_q=1.0496120449e+00 alpha_full_n=1.0496202245e+00
  residual=1.806e-01
iter=249 pAp_d=3.7636111520e-08 p8q=4.0625000000e-01 p8n=1.0000000000e+00 p8q_e2=5.9604644775e-08 p8n_e2=5.9604644775e-08 p16q=2.9802322388e-08 p16n=1.4901161194e-08 p16q_e2=3.7252902985e-08 p16n_e2=1.6298145056e-08 p32q=3.7636112893e-08 p32n=3.7636468164e-08 p64q=3.7636111520e-08 p64n=3.7636111520e-08 alpha_d=1.1007437320e+00 alpha_p32q=1.1007436919e+00 alpha_p32n=1.1007333013e+00 rz32q=4.1427711039e-08 rz32n=4.1427625774e-08 alpha_full_q=1.1007436171e+00 alpha_full_n=1.1007309611e+00
  residual=2.140e-01
iter=250 pAp_d=4.1463639612e-08 p8q=4.0625000000e-01 p8n=1.0000000000e+00 p8q_e2=5.9604644775e-08 p8n_e2=5.9604644775e-08 p16q=2.9802322388e-08 p16n=1.4901161194e-08 p16q_e2=4.1909515858e-08 p16n_e2=1.7229467630e-08 p32q=4.1463636080e-08 p32n=4.1463508182e-08 p64q=4.1463639612e-08 p64n=4.1463639612e-08 alpha_d=1.0637983465e+00 alpha_p32q=1.0637984371e+00 alpha_p32n=1.0638017185e+00 rz32q=4.4108944053e-08 rz32n=4.4109029318e-08 alpha_full_q=1.0637982633e+00 alpha_full_n=1.0638036011e+00
  residual=2.625e-01
iter=251 pAp_d=5.7895057930e-08 p8q=3.9062500000e-01 p8n=1.0000000000e+00 p8q_e2=5.9604644775e-08 p8n_e2=5.9604644775e-08 p16q=5.9604644775e-08 p16n=-1.4901161194e-08 p16q_e2=5.7741999626e-08 p16n_e2=2.9802322388e-08 p32q=5.7895064742e-08 p32n=5.7895064742e-08 p64q=5.7895057930e-08 p64n=5.7895057930e-08 alpha_d=8.8523602782e-01 alpha_p32q=8.8523592366e-01 alpha_p32n=8.8523592366e-01 rz32q=5.1250793831e-08 rz32n=5.1250665933e-08 alpha_full_q=8.8523597062e-01 alpha_full_n=8.8523376149e-01
  residual=2.833e-01
iter=252 pAp_d=7.3583230748e-08 p8q=4.2187500000e-01 p8n=9.8437500000e-01 p8q_e2=5.9604644775e-08 p8n_e2=0.0000000000e+00 p16q=5.9604644775e-08 p16n=-1.4901161194e-08 p16q_e2=7.3574483395e-08 p16n_e2=3.5390257835e-08 p32q=7.3583237281e-08 p32n=7.3583535709e-08 p64q=7.3583230748e-08 p64n=7.3583230748e-08 alpha_d=7.1184593725e-01 alpha_p32q=7.1184587404e-01 alpha_p32n=7.1184298706e-01 rz32q=5.2379917292e-08 rz32n=5.2380087823e-08 alpha_full_q=7.1184578483e-01 alpha_full_n=7.1184521535e-01
  residual=2.809e-01
iter=253 pAp_d=8.1815025279e-08 p8q=4.0625000000e-01 p8n=9.8437500000e-01 p8q_e2=5.9604644775e-08 p8n_e2=0.0000000000e+00 p16q=8.9406967163e-08 p16n=2.9802322388e-08 p16q_e2=8.1956386566e-08 p16n_e2=3.5390257835e-08 p32q=8.1815031194e-08 p32n=8.1814832242e-08 p64q=8.1815025279e-08 p64n=8.1815025279e-08 alpha_d=6.2073931970e-01 alpha_p32q=6.2073927482e-01 alpha_p32n=6.2074078430e-01 rz32q=5.0785800454e-08 rz32n=5.0786084671e-08 alpha_full_q=6.2073924208e-01 alpha_full_n=6.2074422546e-01
  residual=2.524e-01
iter=254 pAp_d=6.0392363650e-08 p8q=3.9062500000e-01 p8n=9.8437500000e-01 p8q_e2=5.9604644775e-08 p8n_e2=0.0000000000e+00 p16q=5.9604644775e-08 p16n=1.4901161194e-08 p16q_e2=6.0535967350e-08 p16n_e2=2.9336661100e-08 p32q=6.0392366663e-08 p32n=6.0392551404e-08 p64q=6.0392363650e-08 p64n=6.0392363650e-08 alpha_d=7.0749653720e-01 alpha_p32q=7.0749650191e-01 alpha_p32n=7.0749433767e-01 rz32q=4.2727393179e-08 rz32n=4.2726952643e-08 alpha_full_q=7.0749658508e-01 alpha_full_n=7.0748712630e-01
  residual=2.172e-01
iter=255 pAp_d=3.4604372750e-08 p8q=4.0625000000e-01 p8n=1.0000000000e+00 p8q_e2=5.9604644775e-08 p8n_e2=5.9604644775e-08 p16q=2.9802322388e-08 p16n=1.4901161194e-08 p16q_e2=3.4458935261e-08 p16n_e2=1.5832483768e-08 p32q=3.4604369148e-08 p32n=3.4604312305e-08 p64q=3.4604372750e-08 p64n=3.4604372750e-08 alpha_d=9.3538388870e-01 alpha_p32q=9.3538398607e-01 alpha_p32n=9.3538552260e-01 rz32q=3.2368376424e-08 rz32n=3.2368262737e-08 alpha_full_q=9.3538409226e-01 alpha_full_n=9.3538234345e-01
  residual=1.804e-01
iter=256 pAp_d=3.4244108300e-08 p8q=4.2187500000e-01 p8n=1.0000000000e+00 p8q_e2=5.9604644775e-08 p8n_e2=5.9604644775e-08 p16q=2.9802322388e-08 p16n=1.4901161194e-08 p16q_e2=3.4458935261e-08 p16n_e2=1.4901161194e-08 p32q=3.4244109770e-08 p32n=3.4244251879e-08 p64q=3.4244108300e-08 p64n=3.4244108300e-08 alpha_d=9.2621554399e-01 alpha_p32q=9.2621550424e-01 alpha_p32n=9.2621166058e-01 rz32q=3.1717419802e-08 rz32n=3.1717348747e-08 alpha_full_q=9.2621534082e-01 alpha_full_n=9.2620942224e-01
  residual=1.676e-01
iter=257 pAp_d=2.6699659218e-08 p8q=3.7500000000e-01 p8n=1.0000000000e+00 p8q_e2=5.9604644775e-08 p8n_e2=5.9604644775e-08 p16q=2.9802322388e-08 p16n=1.4901161194e-08 p16q_e2=2.6542693377e-08 p16n_e2=1.1641532183e-08 p32q=2.6699659372e-08 p32n=2.6699758848e-08 p64q=2.6699659218e-08 p64n=2.6699659218e-08 alpha_d=1.0105346058e+00 alpha_p32q=1.0105345999e+00 alpha_p32n=1.0105308350e+00 rz32q=2.6980927714e-08 rz32n=2.6980629286e-08 alpha_full_q=1.0105345292e+00 alpha_full_n=1.0105195871e+00
  residual=1.450e-01
iter=258 pAp_d=2.4837166217e-08 p8q=4.2187500000e-01 p8n=1.0000000000e+00 p8q_e2=5.9604644775e-08 p8n_e2=5.9604644775e-08 p16q=2.9802322388e-08 p16n=1.4901161194e-08 p16q_e2=2.4680048227e-08 p16n_e2=8.8475644588e-09 p32q=2.4837163437e-08 p32n=2.4837135015e-08 p64q=2.4837166217e-08 p64n=2.4837166217e-08 alpha_d=1.0084211386e+00 alpha_p32q=1.0084212514e+00 alpha_p32n=1.0084224054e+00 rz32q=2.5046325902e-08 rz32n=2.5046411167e-08 alpha_full_q=1.0084213508e+00 alpha_full_n=1.0084259377e+00
  residual=1.514e-01
iter=259 pAp_d=2.3813698024e-08 p8q=4.0625000000e-01 p8n=9.8437500000e-01 p8q_e2=5.9604644775e-08 p8n_e2=0.0000000000e+00 p16q=2.9802322388e-08 p16n=1.4901161194e-08 p16q_e2=2.3748725653e-08 p16n_e2=8.8475644588e-09 p32q=2.3813697680e-08 p32n=2.3813676364e-08 p64q=2.3813698024e-08 p64n=2.3813698024e-08 alpha_d=9.2426341569e-01 alpha_p32q=9.2426342904e-01 alpha_p32n=9.2426425637e-01 rz32q=2.2010127054e-08 rz32n=2.2010056000e-08 alpha_full_q=9.2426331054e-01 alpha_full_n=9.2426115411e-01
  residual=1.532e-01
iter=260 pAp_d=1.9026836895e-08 p8q=3.9062500000e-01 p8n=9.8437500000e-01 p8q_e2=5.9604644775e-08 p8n_e2=0.0000000000e+00 p16q=1.4901161194e-08 p16n=1.4901161194e-08 p16q_e2=1.9092112780e-08 p16n_e2=6.2864273787e-09 p32q=1.9026835218e-08 p32n=1.9026749953e-08 p64q=1.9026836895e-08 p64n=1.9026836895e-08 alpha_d=1.0477566182e+00 alpha_p32q=1.0477567106e+00 alpha_p32n=1.0477614059e+00 rz32q=1.9935491480e-08 rz32n=1.9935619378e-08 alpha_full_q=1.0477565633e+00 alpha_full_n=1.0477679807e+00
  residual=1.186e-01
iter=261 pAp_d=1.6584431185e-08 p8q=4.0625000000e-01 p8n=1.0000000000e+00 p8q_e2=5.9604644775e-08 p8n_e2=5.9604644775e-08 p16q=1.4901161194e-08 p16n=-1.4901161194e-08 p16q_e2=1.6763806343e-08 p16n_e2=5.9371814132e-09 p32q=1.6584429829e-08 p32n=1.6584436935e-08 p64q=1.6584431185e-08 p64n=1.6584431185e-08 alpha_d=1.0325406780e+00 alpha_p32q=1.0325407624e+00 alpha_p32n=1.0325403200e+00 rz32q=1.7124101248e-08 rz32n=1.7124072826e-08 alpha_full_q=1.0325408485e+00 alpha_full_n=1.0325386924e+00
  residual=1.150e-01
iter=262 pAp_d=1.7716986587e-08 p8q=4.2187500000e-01 p8n=1.0000000000e+00 p8q_e2=5.9604644775e-08 p8n_e2=5.9604644775e-08 p16q=1.4901161194e-08 p16n=1.4901161194e-08 p16q_e2=1.7695128918e-08 p16n_e2=6.8685039878e-09 p32q=1.7716985212e-08 p32n=1.7716949685e-08 p64q=1.7716986587e-08 p64n=1.7716986587e-08 alpha_d=1.0227241403e+00 alpha_p32q=1.0227242196e+00 alpha_p32n=1.0227262704e+00 rz32q=1.8119592937e-08 rz32n=1.8119514777e-08 alpha_full_q=1.0227243924e+00 alpha_full_n=1.0227220317e+00
  residual=1.584e-01
iter=263 pAp_d=1.6584658646e-08 p8q=3.9062500000e-01 p8n=9.8437500000e-01 p8q_e2=5.9604644775e-08 p8n_e2=0.0000000000e+00 p16q=1.4901161194e-08 p16n=1.4901161194e-08 p16q_e2=1.6763806343e-08 p16n_e2=7.4505805969e-09 p32q=1.6584657203e-08 p32n=1.6584721152e-08 p64q=1.6584658646e-08 p64n=1.6584658646e-08 alpha_d=1.0569772483e+00 alpha_p32q=1.0569773403e+00 alpha_p32n=1.0569732647e+00 rz32q=1.7529607987e-08 rz32n=1.7529629304e-08 alpha_full_q=1.0569774083e+00 alpha_full_n=1.0569746180e+00
  residual=1.477e-01
iter=264 pAp_d=1.8534380259e-08 p8q=3.7500000000e-01 p8n=1.0000000000e+00 p8q_e2=5.9604644775e-08 p8n_e2=5.9604644775e-08 p16q=1.4901161194e-08 p16n=1.4901161194e-08 p16q_e2=1.8626451492e-08 p16n_e2=8.8475644588e-09 p32q=1.8534379365e-08 p32n=1.8534194623e-08 p64q=1.8534380259e-08 p64n=1.8534380259e-08 alpha_d=9.8710275407e-01 alpha_p32q=9.8710280170e-01 alpha_p32n=9.8711264073e-01 rz32q=1.8295338577e-08 rz32n=1.8295274629e-08 alpha_full_q=9.8710284372e-01 alpha_full_n=9.8710923243e-01
  residual=1.746e-01
iter=265 pAp_d=2.6511124139e-08 p8q=3.7500000000e-01 p8n=1.0000000000e+00 p8q_e2=5.9604644775e-08 p8n_e2=5.9604644775e-08 p16q=2.9802322388e-08 p16n=1.4901161194e-08 p16q_e2=2.6542693377e-08 p16n_e2=1.3737007976e-08 p32q=2.6511123963e-08 p32n=2.6511266071e-08 p64q=2.6511124139e-08 p64n=2.6511124139e-08 alpha_d=8.1186864087e-01 alpha_p32q=8.1186864628e-01 alpha_p32n=8.1186429441e-01 rz32q=2.1523547389e-08 rz32n=2.1523440807e-08 alpha_full_q=8.1186853560e-01 alpha_full_n=8.1186016351e-01
  residual=1.806e-01
iter=266 pAp_d=2.7562544676e-08 p8q=3.9062500000e-01 p8n=1.0000000000e+00 p8q_e2=5.9604644775e-08 p8n_e2=5.9604644775e-08 p16q=2.9802322388e-08 p16n=1.4901161194e-08 p16q_e2=2.7474015951e-08 p16n_e2=1.2107193470e-08 p32q=2.7562542471e-08 p32n=2.7562464311e-08 p64q=2.7562544676e-08 p64n=2.7562544676e-08 alpha_d=7.6437439297e-01 alpha_p32q=7.6437445414e-01 alpha_p32n=7.6437662170e-01 rz32q=2.1068103706e-08 rz32n=2.1068053968e-08 alpha_full_q=7.6437446685e-01 alpha_full_n=7.6437482986e-01
  residual=1.712e-01
iter=267 pAp_d=2.8642064358e-08 p8q=3.9062500000e-01 p8n=1.0000000000e+00 p8q_e2=5.9604644775e-08 p8n_e2=5.9604644775e-08 p16q=2.9802322388e-08 p16n=-1.4901161194e-08 p16q_e2=2.8870999813e-08 p16n_e2=1.3969838619e-08 p32q=2.8642062944e-08 p32n=2.8641949257e-08 p64q=2.8642064358e-08 p64n=2.8642064358e-08 alpha_d=7.5342879051e-01 alpha_p32q=7.5342882771e-01 alpha_p32n=7.5343181825e-01 rz32q=2.1579758425e-08 rz32n=2.1579808163e-08 alpha_full_q=7.5342891562e-01 alpha_full_n=7.5343364270e-01
  residual=1.843e-01
iter=268 pAp_d=2.4813745176e-08 p8q=4.0625000000e-01 p8n=1.0000000000e+00 p8q_e2=5.9604644775e-08 p8n_e2=5.9604644775e-08 p16q=2.9802322388e-08 p16n=1.4901161194e-08 p16q_e2=2.4680048227e-08 p16n_e2=1.1874362826e-08 p32q=2.4813743948e-08 p32n=2.4813743948e-08 p64q=2.4813745176e-08 p64n=2.4813745176e-08 alpha_d=8.2631520708e-01 alpha_p32q=8.2631524794e-01 alpha_p32n=8.2631524794e-01 rz32q=2.0503975406e-08 rz32n=2.0503705400e-08 alpha_full_q=8.2631526500e-01 alpha_full_n=8.2630438368e-01
  residual=1.436e-01
iter=269 pAp_d=1.9617920261e-08 p8q=3.7500000000e-01 p8n=1.0000000000e+00 p8q_e2=5.9604644775e-08 p8n_e2=5.9604644775e-08 p16q=1.4901161194e-08 p16n=1.4901161194e-08 p16q_e2=1.9557774067e-08 p16n_e2=8.3819031715e-09 p32q=1.9617921510e-08 p32n=1.9618013880e-08 p64q=1.9617920261e-08 p64n=1.9617920261e-08 alpha_d=9.2057275843e-01 alpha_p32q=9.2057269985e-01 alpha_p32n=9.2056836537e-01 rz32q=1.8059722606e-08 rz32n=1.8059701290e-08 alpha_full_q=9.2057268134e-01 alpha_full_n=9.2056726029e-01
  residual=1.181e-01
iter=270 pAp_d=1.5518206902e-08 p8q=3.9062500000e-01 p8n=1.0000000000e+00 p8q_e2=5.9604644775e-08 p8n_e2=5.9604644775e-08 p16q=1.4901161194e-08 p16n=1.4901161194e-08 p16q_e2=1.5366822481e-08 p16n_e2=5.5879354477e-09 p32q=1.5518210716e-08 p32n=1.5518239138e-08 p64q=1.5518206902e-08 p64n=1.5518206902e-08 alpha_d=9.9500040723e-01 alpha_p32q=9.9500016269e-01 alpha_p32n=9.9499834034e-01 rz32q=1.5440619450e-08 rz32n=1.5440591028e-08 alpha_full_q=9.9499998626e-01 alpha_full_n=9.9499633241e-01
  residual=1.424e-01
iter=271 pAp_d=1.7410073029e-08 p8q=4.2187500000e-01 p8n=9.8437500000e-01 p8q_e2=5.9604644775e-08 p8n_e2=0.0000000000e+00 p16q=1.4901161194e-08 p16n=1.4901161194e-08 p16q_e2=1.7229467630e-08 p16n_e2=7.3341652751e-09 p32q=1.7410073383e-08 p32n=1.7409909958e-08 p64q=1.7410073029e-08 p64n=1.7410073029e-08 alpha_d=8.3658741910e-01 alpha_p32q=8.3658740207e-01 alpha_p32n=8.3659525502e-01 rz32q=1.4565049611e-08 rz32n=1.4565049611e-08 alpha_full_q=8.3658749107e-01 alpha_full_n=8.3659534402e-01
  residual=1.548e-01
iter=272 pAp_d=1.8872992767e-08 p8q=4.2187500000e-01 p8n=9.8437500000e-01 p8q_e2=5.9604644775e-08 p8n_e2=0.0000000000e+00 p16q=1.4901161194e-08 p16n=1.4901161194e-08 p16q_e2=1.8626451492e-08 p16n_e2=9.3132257462e-09 p32q=1.8872995611e-08 p32n=1.8873080876e-08 p64q=1.8872992767e-08 p64n=1.8872992767e-08 alpha_d=7.5770350418e-01 alpha_p32q=7.5770338999e-01 alpha_p32n=7.5769996683e-01 rz32q=1.4300134410e-08 rz32n=1.4300077567e-08 alpha_full_q=7.5770347776e-01 alpha_full_n=7.5769704271e-01
  residual=1.222e-01
iter=273 pAp_d=1.4134432851e-08 p8q=4.0625000000e-01 p8n=1.0000000000e+00 p8q_e2=5.9604644775e-08 p8n_e2=5.9604644775e-08 p16q=1.4901161194e-08 p16n=1.4901161194e-08 p16q_e2=1.4202669263e-08 p16n_e2=5.3551048040e-09 p32q=1.4134432291e-08 p32n=1.4134485582e-08 p64q=1.4134432851e-08 p64n=1.4134432851e-08 alpha_d=8.6017943840e-01 alpha_p32q=8.6017947249e-01 alpha_p32n=8.6017622939e-01 rz32q=1.2158150042e-08 rz32n=1.2158071883e-08 alpha_full_q=8.6017958074e-01 alpha_full_n=8.6017080792e-01
  residual=1.209e-01
iter=274 pAp_d=1.1456886541e-08 p8q=4.2187500000e-01 p8n=9.8437500000e-01 p8q_e2=5.9604644775e-08 p8n_e2=5.9604644775e-08 p16q=1.4901161194e-08 p16n=1.4901161194e-08 p16q_e2=1.1408701539e-08 p16n_e2=3.8417056203e-09 p32q=1.1456886995e-08 p32n=1.1456862126e-08 p64q=1.1456886541e-08 p64n=1.1456886541e-08 alpha_d=8.9181063574e-01 alpha_p32q=8.9181060046e-01 alpha_p32n=8.9181253628e-01 rz32q=1.0217373614e-08 rz32n=1.0217309665e-08 alpha_full_q=8.9181063046e-01 alpha_full_n=8.9180698458e-01
  residual=1.072e-01
iter=275 pAp_d=9.7647919466e-09 p8q=4.0625000000e-01 p8n=1.0000000000e+00 p8q_e2=5.9604644775e-08 p8n_e2=5.9604644775e-08 p16q=1.4901161194e-08 p16n=1.4901161194e-08 p16q_e2=9.7788870335e-09 p16n_e2=3.9581209421e-09 p32q=9.7647934183e-09 p32n=9.7647472330e-09 p64q=9.7647919466e-09 p64n=9.7647919466e-09 alpha_d=8.9380252563e-01 alpha_p32q=8.9380239092e-01 alpha_p32n=8.9380661843e-01 rz32q=8.7277953753e-09 rz32n=8.7278095862e-09 alpha_full_q=8.9380235725e-01 alpha_full_n=8.9380804007e-01
  residual=1.027e-01
iter=276 pAp_d=8.5509944004e-09 p8q=4.0625000000e-01 p8n=1.0000000000e+00 p8q_e2=5.9604644775e-08 p8n_e2=5.9604644775e-08 p16q=1.4901161194e-08 p16n=1.4901161194e-08 p16q_e2=8.6147338152e-09 p16n_e2=2.9103830457e-09 p32q=8.5509945791e-09 p32n=8.5510230008e-09 p64q=8.5509944004e-09 p64n=8.5509944004e-09 alpha_d=8.8376522631e-01 alpha_p32q=8.8376520783e-01 alpha_p32n=8.8376227039e-01 rz32q=7.5570731894e-09 rz32n=7.5570447677e-09 alpha_full_q=8.8376540525e-01 alpha_full_n=8.8375914403e-01
  residual=1.191e-01
iter=277 pAp_d=1.0258062514e-08 p8q=4.0625000000e-01 p8n=1.0000000000e+00 p8q_e2=5.9604644775e-08 p8n_e2=5.9604644775e-08 p16q=1.4901161194e-08 p16n=1.4901161194e-08 p16q_e2=1.0244548321e-08 p16n_e2=5.2386894822e-09 p32q=1.0258062844e-08 p32n=1.0258077054e-08 p64q=1.0258062514e-08 p64n=1.0258062514e-08 alpha_d=7.2808764072e-01 alpha_p32q=7.2808761731e-01 alpha_p32n=7.2808660866e-01 rz32q=7.4687669382e-09 rz32n=7.4687314111e-09 alpha_full_q=7.2808746175e-01 alpha_full_n=7.2808298977e-01
  residual=1.151e-01
iter=278 pAp_d=1.0686259606e-08 p8q=4.2187500000e-01 p8n=1.0000000000e+00 p8q_e2=5.9604644775e-08 p8n_e2=5.9604644775e-08 p16q=1.4901161194e-08 p16n=1.4901161194e-08 p16q_e2=1.0710209608e-08 p16n_e2=4.6566128731e-09 p32q=1.0686260765e-08 p32n=1.0686221685e-08 p64q=1.0686259606e-08 p64n=1.0686259606e-08 alpha_d=7.4515468121e-01 alpha_p32q=7.4515460039e-01 alpha_p32n=7.4515732544e-01 rz32q=7.9629174365e-09 rz32n=7.9629387528e-09 alpha_full_q=7.4515470018e-01 alpha_full_n=7.4515941998e-01
  residual=1.223e-01
iter=279 pAp_d=7.8641552579e-09 p8q=3.9062500000e-01 p8n=9.8437500000e-01 p8q_e2=5.9604644775e-08 p8n_e2=0.0000000000e+00 p16q=1.4901161194e-08 p16n=1.4901161194e-08 p16q_e2=7.9162418842e-09 p16n_e2=2.9103830457e-09 p32q=7.8641555490e-09 p32n=7.8641697598e-09 p64q=7.8641552579e-09 p64n=7.8641552579e-09 alpha_d=8.9804404304e-01 alpha_p32q=8.9804400980e-01 alpha_p32n=8.9804238700e-01 rz32q=7.0623578097e-09 rz32n=7.0623151771e-09 alpha_full_q=8.9804401320e-01 alpha_full_n=8.9803696929e-01
  residual=8.801e-02
iter=280 pAp_d=6.0886854724e-09 p8q=3.9062500000e-01 p8n=9.5312500000e-01 p8q_e2=5.9604644775e-08 p8n_e2=-5.9604644775e-08 p16q=3.7252902985e-09 p16n=1.4901161194e-08 p16q_e2=6.0535967350e-09 p16n_e2=1.8626451492e-09 p32q=6.0886851116e-09 p32n=6.0887046516e-09 p64q=6.0886854724e-09 p64n=6.0886854724e-09 alpha_d=1.0220501913e+00 alpha_p32q=1.0220502519e+00 alpha_p32n=1.0220469719e+00 rz32q=6.2229421616e-09 rz32n=6.2229581488e-09 alpha_full_q=1.0220502535e+00 alpha_full_n=1.0220495992e+00
  residual=8.433e-02
iter=281 pAp_d=7.6821340486e-09 p8q=4.2187500000e-01 p8n=9.5312500000e-01 p8q_e2=5.9604644775e-08 p8n_e2=0.0000000000e+00 p16q=1.4901161194e-08 p16n=1.4901161194e-08 p16q_e2=7.6834112406e-09 p16n_e2=2.7939677238e-09 p32q=7.6821358164e-09 p32n=7.6821820016e-09 p64q=7.6821340486e-09 p64n=7.6821340486e-09 alpha_d=8.6683884635e-01 alpha_p32q=8.6683864687e-01 alpha_p32n=8.6683343544e-01 rz32q=6.6591727688e-09 rz32n=6.6591603343e-09 alpha_full_q=8.6683871881e-01 alpha_full_n=8.6683188876e-01
  residual=7.783e-02
iter=282 pAp_d=6.0560726528e-09 p8q=4.0625000000e-01 p8n=1.0000000000e+00 p8q_e2=5.9604644775e-08 p8n_e2=5.9604644775e-08 p16q=3.7252902985e-09 p16n=1.4901161194e-08 p16q_e2=6.0535967350e-09 p16n_e2=2.3283064365e-09 p32q=6.0560729764e-09 p32n=6.0560658710e-09 p64q=6.0560726528e-09 p64n=6.0560726528e-09 alpha_d=9.3804501827e-01 alpha_p32q=9.3804496814e-01 alpha_p32n=9.3804606873e-01 rz32q=5.6808691085e-09 rz32n=5.6808548976e-09 alpha_full_q=9.3804502201e-01 alpha_full_n=9.3804377604e-01
  residual=7.432e-02
iter=283 pAp_d=5.9669108171e-09 p8q=4.0625000000e-01 p8n=1.0000000000e+00 p8q_e2=5.9604644775e-08 p8n_e2=5.9604644775e-08 p16q=3.7252902985e-09 p16n=1.4901161194e-08 p16q_e2=5.9371814132e-09 p16n_e2=1.8044374883e-09 p32q=5.9669105212e-09 p32n=5.9669122976e-09 p64q=5.9669108171e-09 p64n=5.9669108171e-09 alpha_d=8.4586635351e-01 alpha_p32q=8.4586639545e-01 alpha_p32n=8.4586614364e-01 rz32q=5.0472088731e-09 rz32n=5.0471964386e-09 alpha_full_q=8.4586635833e-01 alpha_full_n=8.4586402260e-01
  residual=7.152e-02
iter=284 pAp_d=4.5611468668e-09 p8q=4.2187500000e-01 p8n=1.0000000000e+00 p8q_e2=5.9604644775e-08 p8n_e2=5.9604644775e-08 p16q=3.7252902985e-09 p16n=1.4901161194e-08 p16q_e2=4.5401975513e-09 p16n_e2=1.7462298274e-09 p32q=4.5611461275e-09 p32n=4.5611709965e-09 p64q=4.5611468668e-09 p64n=4.5611468668e-09 alpha_d=8.6186906017e-01 alpha_p32q=8.6186919988e-01 alpha_p32n=8.6186450068e-01 rz32q=3.9311114364e-09 rz32n=3.9310830147e-09 alpha_full_q=8.6186921588e-01 alpha_full_n=8.6185828545e-01
  residual=6.754e-02
iter=285 pAp_d=3.9441317863e-09 p8q=4.2187500000e-01 p8n=1.0000000000e+00 p8q_e2=5.9604644775e-08 p8n_e2=5.9604644775e-08 p16q=3.7252902985e-09 p16n=1.4901161194e-08 p16q_e2=3.9581209421e-09 p16n_e2=1.1641532183e-09 p32q=3.9441321320e-09 p32n=3.9441481192e-09 p64q=3.9441317863e-09 p64n=3.9441317863e-09 alpha_d=8.0339836030e-01 alpha_p32q=8.0339828989e-01 alpha_p32n=8.0339503339e-01 rz32q=3.1687097390e-09 rz32n=3.1687470425e-09 alpha_full_q=8.0339847474e-01 alpha_full_n=8.0340467618e-01
  residual=7.354e-02
iter=286 pAp_d=4.4387965701e-09 p8q=4.2187500000e-01 p8n=9.8437500000e-01 p8q_e2=5.9604644775e-08 p8n_e2=5.9604644775e-08 p16q=3.7252902985e-09 p16n=1.4901161194e-08 p16q_e2=4.4237822294e-09 p16n_e2=2.0954757929e-09 p32q=4.4387959974e-09 p32n=4.4388066556e-09 p64q=4.4387965701e-09 p64n=4.4387965701e-09 alpha_d=6.6578377615e-01 alpha_p32q=6.6578386205e-01 alpha_p32n=6.6578226342e-01 rz32q=2.9552786884e-09 rz32n=2.9552413849e-09 alpha_full_q=6.6578384998e-01 alpha_full_n=6.6577384740e-01
  residual=6.698e-02
iter=287 pAp_d=3.4053955264e-09 p8q=4.2187500000e-01 p8n=1.0000000000e+00 p8q_e2=5.9604644775e-08 p8n_e2=5.9604644775e-08 p16q=3.7252902985e-09 p16n=1.4901161194e-08 p16q_e2=3.3760443330e-09 p16n_e2=9.3132257462e-10 p32q=3.4053950770e-09 p32n=3.4053986298e-09 p64q=3.4053955264e-09 p64n=3.4053955264e-09 alpha_d=7.8300752445e-01 alpha_p32q=7.8300762777e-01 alpha_p32n=7.8300681089e-01 rz32q=2.6664501718e-09 rz32n=2.6664377373e-09 alpha_full_q=7.8300758398e-01 alpha_full_n=7.8300311569e-01
  residual=5.043e-02
iter=288 pAp_d=2.2388984076e-09 p8q=4.0625000000e-01 p8n=1.0000000000e+00 p8q_e2=5.9604644775e-08 p8n_e2=5.9604644775e-08 p16q=3.7252902985e-09 p16n=1.4901161194e-08 p16q_e2=2.2118911147e-09 p16n_e2=4.9476511776e-10 p32q=2.2388988441e-09 p32n=2.2389023968e-09 p64q=2.2388984076e-09 p64n=2.2388984076e-09 alpha_d=9.6336407453e-01 alpha_p32q=9.6336388672e-01 alpha_p32n=9.6336235805e-01 rz32q=2.1568737907e-09 rz32n=2.1568524744e-09 alpha_full_q=9.6336366262e-01 alpha_full_n=9.6335261308e-01
  residual=4.326e-02
iter=289 pAp_d=1.7590008161e-09 p8q=3.9062500000e-01 p8n=9.8437500000e-01 p8q_e2=5.9604644775e-08 p8n_e2=0.0000000000e+00 p16q=3.7252902985e-09 p16n=-1.4901161194e-08 p16q_e2=1.7462298274e-09 p16n_e2=4.9476511776e-10 p32q=1.7590009449e-09 p32n=1.7590044976e-09 p64q=1.7590008161e-09 p64n=1.7590008161e-09 alpha_d=1.0694434680e+00 alpha_p32q=1.0694433897e+00 alpha_p32n=1.0694412297e+00 rz32q=1.8811512348e-09 rz32n=1.8811476821e-09 alpha_full_q=1.0694429928e+00 alpha_full_n=1.0694388130e+00
  residual=4.735e-02
iter=290 pAp_d=1.8440819749e-09 p8q=4.0625000000e-01 p8n=1.0000000000e+00 p8q_e2=5.9604644775e-08 p8n_e2=5.9604644775e-08 p16q=3.7252902985e-09 p16n=1.4901161194e-08 p16q_e2=1.8626451492e-09 p16n_e2=6.1118043959e-10 p32q=1.8440822203e-09 p32n=1.8440813321e-09 p64q=1.8440819749e-09 p64n=1.8440819749e-09 alpha_d=9.4886024672e-01 alpha_p32q=9.4886012045e-01 alpha_p32n=9.4886057746e-01 rz32q=1.7497763238e-09 rz32n=1.7497665539e-09 alpha_full_q=9.4886025396e-01 alpha_full_n=9.4885541295e-01
  residual=5.583e-02
iter=291 pAp_d=2.7030398379e-09 p8q=3.9062500000e-01 p8n=1.0000000000e+00 p8q_e2=5.9604644775e-08 p8n_e2=5.9604644775e-08 p16q=3.7252902985e-09 p16n=1.4901161194e-08 p16q_e2=2.6775524020e-09 p16n_e2=1.2805685401e-09 p32q=2.7030395700e-09 p32n=2.7030804262e-09 p64q=2.7030398379e-09 p64n=2.7030398379e-09 alpha_d=7.2100955609e-01 alpha_p32q=7.2100962756e-01 alpha_p32n=7.2099872972e-01 rz32q=1.9489174719e-09 rz32n=1.9488819447e-09 alpha_full_q=7.2100959731e-01 alpha_full_n=7.2098555628e-01
  residual=5.913e-02
iter=292 pAp_d=2.7306472281e-09 p8q=3.9062500000e-01 p8n=9.6875000000e-01 p8q_e2=5.9604644775e-08 p8n_e2=-5.9604644775e-08 p16q=3.7252902985e-09 p16n=1.4901161194e-08 p16q_e2=2.6775524020e-09 p16n_e2=9.3132257462e-10 p32q=2.7306477079e-09 p32n=2.7306850114e-09 p64q=2.7306472281e-09 p64n=2.7306472281e-09 alpha_d=7.0833400077e-01 alpha_p32q=7.0833387631e-01 alpha_p32n=7.0832419986e-01 rz32q=1.9342110136e-09 rz32n=1.9341879209e-09 alpha_full_q=7.0833414649e-01 alpha_full_n=7.0831601332e-01
  residual=3.916e-02
iter=293 pAp_d=1.6212285134e-09 p8q=4.2187500000e-01 p8n=1.0000000000e+00 p8q_e2=5.9604644775e-08 p8n_e2=5.9604644775e-08 p16q=3.7252902985e-09 p16n=-1.4901161194e-08 p16q_e2=1.6298145056e-09 p16n_e2=5.2386894822e-10 p32q=1.6212284848e-09 p32n=1.6212213794e-09 p64q=1.6212285134e-09 p64n=1.6212285134e-09 alpha_d=8.7406278776e-01 alpha_p32q=8.7406280317e-01 alpha_p32n=8.7406663398e-01 rz32q=1.4170558060e-09 rz32n=1.4170362661e-09 alpha_full_q=8.7406298330e-01 alpha_full_n=8.7405476151e-01
  residual=3.473e-02
iter=294 pAp_d=1.3449084489e-09 p8q=4.2187500000e-01 p8n=1.0000000000e+00 p8q_e2=5.9604644775e-08 p8n_e2=5.9604644775e-08 p16q=3.7252902985e-09 p16n=1.4901161194e-08 p16q_e2=1.3387762010e-09 p16n_e2=4.6566128731e-10 p32q=1.3449081848e-09 p32n=1.3449401592e-09 p64q=1.3449084489e-09 p64n=1.3449084489e-09 alpha_d=8.2542058559e-01 alpha_p32q=8.2542074766e-01 alpha_p32n=8.2540112422e-01 rz32q=1.1101155550e-09 rz32n=1.1101031205e-09 alpha_full_q=8.2542107154e-01 alpha_full_n=8.2539220270e-01
  residual=4.460e-02
iter=295 pAp_d=1.6228351047e-09 p8q=4.0625000000e-01 p8n=1.0000000000e+00 p8q_e2=5.9604644775e-08 p8n_e2=5.9604644775e-08 p16q=3.7252902985e-09 p16n=1.4901161194e-08 p16q_e2=1.6298145056e-09 p16n_e2=7.2759576142e-10 p32q=1.6228351996e-09 p32n=1.6228272059e-09 p64q=1.6228351047e-09 p64n=1.6228351047e-09 alpha_d=6.4464267424e-01 alpha_p32q=6.4464263655e-01 alpha_p32n=6.4464581189e-01 rz32q=1.0461489452e-09 rz32n=1.0461489452e-09 alpha_full_q=6.4464274964e-01 alpha_full_n=6.4464592497e-01
  residual=3.433e-02
iter=296 pAp_d=9.1921355496e-10 p8q=4.3750000000e-01 p8n=9.8437500000e-01 p8q_e2=5.9604644775e-08 p8n_e2=0.0000000000e+00 p16q=3.7252902985e-09 p16n=1.4901161194e-08 p16q_e2=9.3132257462e-10 p16n_e2=2.3283064365e-10 p32q=9.1921359413e-10 p32n=9.1922869316e-10 p64q=9.1921355496e-10 p64n=9.1921355496e-10 alpha_d=8.7597187063e-01 alpha_p32q=8.7597183330e-01 alpha_p32n=8.7595744480e-01 rz32q=8.0520523582e-10 rz32n=8.0519368950e-10 alpha_full_q=8.7597185351e-01 alpha_full_n=8.7594490412e-01
  residual=2.827e-02
iter=297 pAp_d=6.5127968701e-10 p8q=4.2187500000e-01 p8n=1.0000000000e+00 p8q_e2=5.9604644775e-08 p8n_e2=5.9604644775e-08 p16q=3.7252902985e-09 p16n=1.4901161194e-08 p16q_e2=6.4028427005e-10 p16n_e2=1.3096723706e-10 p32q=6.5127947479e-10 p32n=6.5127681026e-10 p64q=6.5127968701e-10 p64n=6.5127968701e-10 alpha_d=8.8192234852e-01 alpha_p32q=8.8192263588e-01 alpha_p32n=8.8192624405e-01 rz32q=5.7437832268e-10 rz32n=5.7437832268e-10 alpha_full_q=8.8192296074e-01 alpha_full_n=8.8192656891e-01
  residual=2.733e-02
iter=298 pAp_d=5.3629173216e-10 p8q=4.2187500000e-01 p8n=1.0000000000e+00 p8q_e2=5.9604644775e-08 p8n_e2=5.9604644775e-08 p16q=3.7252902985e-09 p16n=1.4901161194e-08 p16q_e2=5.2386894822e-10 p16n_e2=1.1641532183e-10 p32q=5.3629189978e-10 p32n=5.3628257390e-10 p64q=5.3629173216e-10 p64n=5.3629173216e-10 alpha_d=8.7406989109e-01 alpha_p32q=8.7406961789e-01 alpha_p32n=8.7408481783e-01 rz32q=4.6875658910e-10 rz32n=4.6875792137e-10 alpha_full_q=8.7406986623e-01 alpha_full_n=8.7408755044e-01
  residual=2.512e-02
iter=299 pAp_d=6.3810745325e-10 p8q=4.2187500000e-01 p8n=9.8437500000e-01 p8q_e2=5.9604644775e-08 p8n_e2=0.0000000000e+00 p16q=3.7252902985e-09 p16n=1.4901161194e-08 p16q_e2=6.4028427005e-10 p16n_e2=2.6193447411e-10 p32q=6.3810734474e-10 p32n=6.3810645656e-10 p64q=6.3810745325e-10 p64n=6.3810745325e-10 alpha_d=6.6911883658e-01 alpha_p32q=6.6911895036e-01 alpha_p32n=6.6911988170e-01 rz32q=4.2696979285e-10 rz32n=4.2696912672e-10 alpha_full_q=6.6911906966e-01 alpha_full_n=6.6911895708e-01
  residual=3.160e-02
