matrix=data/matrices/bcsstk37.mtx n=25503 seed=95
iter res_d res_f res_ffma res_p32q res_p32n solerr_d solerr_f solerr_ffma solerr_p32q solerr_p32n pAp_d pAp_p32q pAp_p32n rz_d rz_p32q rz_p32n guard_p32q guard_p32n
0 3.5356422080e+08 3.5355695931e+08 3.5355692287e+08 3.5356763714e+08 3.4946381146e+08 4.6409192145e+01 4.6408778142e+01 4.6408772321e+01 4.6409194127e+01 4.6401887202e+01 2.1382373073e+11 2.1382352077e+11 2.1374173184e+11 1.0681801353e+11 1.0681791283e+11 1.0676024115e+11 0 0
1 1.7350267823e+08 1.7349907487e+08 1.7349901917e+08 1.7350368543e+08 1.7201760644e+08 3.1447566996e+01 3.1447614558e+01 3.1447614985e+01 3.1447575265e+01 3.1450114563e+01 3.7242001791e+10 3.7242011648e+10 3.7228511232e+10 1.8378545471e+10 1.8378555392e+10 1.8369380352e+10 0 0
2 1.0192948951e+08 1.0192753845e+08 1.0192753318e+08 1.0193054070e+08 1.0105302689e+08 2.9040315143e+01 2.9040304497e+01 2.9040306656e+01 2.9040320470e+01 2.9040234203e+01 1.5860788066e+10 1.5860793344e+10 1.5851585536e+10 6.3603636968e+09 6.3603671040e+09 6.3547719680e+09 0 0
3 7.7163969798e+07 7.7162113953e+07 7.7162117431e+07 7.7164792621e+07 7.6633977333e+07 2.8096763009e+01 2.8096748119e+01 2.8096753944e+01 2.8096766149e+01 2.8096039318e+01 8.8156470106e+09 8.8156569600e+09 8.8045158400e+09 3.1199180501e+09 3.1199211520e+09 3.1159603200e+09 0 0
4 5.1550572240e+07 5.1549446066e+07 5.1549451273e+07 5.1550469298e+07 5.1269093859e+07 2.6325836657e+01 2.6325860069e+01 2.6325870221e+01 2.6325840816e+01 2.6325866496e+01 2.9362395276e+09 2.9362421760e+09 2.9328179200e+09 1.3074498816e+09 1.3074513920e+09 1.3057720320e+09 0 0
5 4.1537725387e+07 4.1536695667e+07 4.1536713439e+07 4.1537624657e+07 4.1354410379e+07 2.4761752666e+01 2.4761798764e+01 2.4761811570e+01 2.4761760533e+01 2.4762339040e+01 1.9764743569e+09 1.9764766720e+09 1.9736883200e+09 7.5841432304e+08 7.5841536000e+08 7.5728281600e+08 0 0
6 3.3159361907e+07 3.3158487919e+07 3.3158506134e+07 3.3159402701e+07 3.3016878098e+07 2.3486606107e+01 2.3486646180e+01 2.3486662746e+01 2.3486619687e+01 2.3487428530e+01 1.0008641667e+09 1.0008657920e+09 9.9926528000e+08 4.4136495284e+08 4.4136576000e+08 4.4061977600e+08 0 0
7 2.5885154455e+07 2.5884429509e+07 2.5884446361e+07 2.5885309693e+07 2.5764901422e+07 2.2197731190e+01 2.2197782389e+01 2.2197802657e+01 2.2197750533e+01 2.2198939620e+01 5.8346619408e+08 5.8346752000e+08 5.8241126400e+08 2.6420492121e+08 2.6420544000e+08 2.6372377600e+08 0 0
8 2.1707183719e+07 2.1706332213e+07 2.1706349217e+07 2.1707161538e+07 2.1618934783e+07 2.0877624950e+01 2.0877697636e+01 2.0877721744e+01 2.0877650049e+01 2.0879037454e+01 4.4168448316e+08 4.4168524800e+08 4.4089497600e+08 1.8758587654e+08 1.8758611200e+08 1.8723827200e+08 0 0
9 1.7038593725e+07 1.7037947018e+07 1.7037956865e+07 1.7038603799e+07 1.6982298549e+07 1.9192060850e+01 1.9192182658e+01 1.9192210588e+01 1.9192091652e+01 1.9193807996e+01 2.3944000002e+08 2.3944012800e+08 2.3897472000e+08 1.1470376118e+08 1.1470380800e+08 1.1447948800e+08 0 0
10 1.5137921417e+07 1.5137138054e+07 1.5137142488e+07 1.5137893929e+07 1.5094066224e+07 1.7411306602e+01 1.7411475226e+01 1.7411506520e+01 1.7411342123e+01 1.7413336564e+01 1.7954627162e+08 1.7954630400e+08 1.7919129600e+08 8.2340013356e+07 8.2340032000e+07 8.2177472000e+07 0 0
11 1.2136482770e+07 1.2135917153e+07 1.2135925448e+07 1.2136463897e+07 1.2100668268e+07 1.6019752757e+01 1.6019924708e+01 1.6019959813e+01 1.6019793012e+01 1.6021519914e+01 1.1881056948e+08 1.1881059200e+08 1.1857644800e+08 5.7492639729e+07 5.7492640000e+07 5.7378592000e+07 0 0
12 1.0926460828e+07 1.0925873279e+07 1.0925874814e+07 1.0926445256e+07 1.0894411411e+07 1.5277750025e+01 1.5277889453e+01 1.5277929570e+01 1.5277793557e+01 1.5278848404e+01 1.0026687536e+08 1.0026684800e+08 1.0006896000e+08 4.4768648114e+07 4.4768640000e+07 4.4678352000e+07 0 0
13 9.2977367182e+06 9.2972609176e+06 9.2972564063e+06 9.2977431666e+06 9.2674948620e+06 1.4667410800e+01 1.4667530856e+01 1.4667577145e+01 1.4667457808e+01 1.4668198755e+01 6.3418220775e+07 6.3418224000e+07 6.3287536000e+07 3.1567537386e+07 3.1567536000e+07 3.1501824000e+07 0 0
14 8.2945707799e+06 8.2941668787e+06 8.2941567648e+06 8.2945769858e+06 8.2726059313e+06 1.3868230251e+01 1.3868350137e+01 1.3868402888e+01 1.3868279267e+01 1.3869182917e+01 5.0706711318e+07 5.0706704000e+07 5.0599280000e+07 2.4623159479e+07 2.4623152000e+07 2.4570800000e+07 0 0
15 7.2927774167e+06 7.2924100866e+06 7.2923971455e+06 7.2927758793e+06 7.2697711503e+06 1.2955002782e+01 1.2955120337e+01 1.2955178631e+01 1.2955052845e+01 1.2956092204e+01 3.5991534103e+07 3.5991520000e+07 3.5915088000e+07 1.8509541941e+07 1.8509536000e+07 1.8470080000e+07 0 0
16 6.3231570667e+06 6.3228327589e+06 6.3228274520e+06 6.3231627711e+06 6.3060311173e+06 1.2107210950e+01 1.2107319405e+01 1.2107381021e+01 1.2107263518e+01 1.2108264119e+01 2.7460313449e+07 2.7460312000e+07 2.7401456000e+07 1.4411911051e+07 1.4411906000e+07 1.4381006000e+07 0 0
17 5.7559550718e+06 5.7556557826e+06 5.7556501349e+06 5.7559396149e+06 5.7425861569e+06 1.1344322053e+01 1.1344427454e+01 1.1344492438e+01 1.1344379535e+01 1.1345343875e+01 2.1252867473e+07 2.1252856000e+07 2.1207536000e+07 1.1185647797e+07 1.1185638000e+07 1.1161566000e+07 0 0
18 5.0309526860e+06 5.0306607354e+06 5.0306574004e+06 5.0309552483e+06 5.0185344697e+06 1.0577644356e+01 1.0577754897e+01 1.0577822883e+01 1.0577707516e+01 1.0578709727e+01 1.7149817907e+07 1.7149800000e+07 1.7112688000e+07 8.9562702838e+06 8.9562560000e+06 8.9367720000e+06 0 0
19 4.5233285104e+06 4.5230424269e+06 4.5230343128e+06 4.5233194550e+06 4.5114943844e+06 9.8129046325e+00 9.8130251775e+00 9.8130955381e+00 9.8129732171e+00 9.8140748878e+00 1.5507097285e+07 1.5507062000e+07 1.5473178000e+07 7.4792686996e+06 7.4792490000e+06 7.4627690000e+06 0 0
20 4.2295260064e+06 4.2292439691e+06 4.2292345476e+06 4.2295161926e+06 4.2213527821e+06 9.0919444217e+00 9.0920660546e+00 9.0921379540e+00 9.0920164843e+00 9.0930309382e+00 1.1765123532e+07 1.1765086000e+07 1.1739084000e+07 6.0111525017e+06 6.0111320000e+06 5.9977220000e+06 0 0
21 3.7251699434e+06 3.7249272061e+06 3.7249194648e+06 3.7251628161e+06 3.7184912865e+06 8.5080155236e+00 8.5081317555e+00 8.5082044502e+00 8.5080910135e+00 8.5089214200e+00 9.5246267199e+06 9.5245920000e+06 9.5032460000e+06 4.9529628119e+06 4.9529430000e+06 4.9417670000e+06 0 0
22 3.5773412669e+06 3.5770890901e+06 3.5770811754e+06 3.5773348768e+06 3.5706314696e+06 8.0132800197e+00 8.0133859814e+00 8.0134561610e+00 8.0133593106e+00 8.0140172578e+00 7.5615692611e+06 7.5615350000e+06 7.5446860000e+06 4.1125262813e+06 4.1125065000e+06 4.1032240000e+06 0 0
23 3.1267358034e+06 3.1265102982e+06 3.1265025844e+06 3.1267266122e+06 3.1209154766e+06 7.5781098705e+00 7.5782067089e+00 7.5782723037e+00 7.5781930285e+00 7.5787887052e+00 5.8629979961e+06 5.8629690000e+06 5.8505370000e+06 3.3330585249e+06 3.3330410000e+06 3.3256120000e+06 0 0
24 2.9651498918e+06 2.9649399685e+06 2.9649298008e+06 2.9651362424e+06 2.9605042494e+06 7.1834996087e+00 7.1835850059e+00 7.1836464526e+00 7.1835816821e+00 7.1841848181e+00 5.9348971185e+06 5.9348640000e+06 5.9238870000e+06 2.9673786763e+06 2.9673615000e+06 2.9610620000e+06 0 0
25 2.6452799971e+06 2.6451107306e+06 2.6450974505e+06 2.6452740508e+06 2.6406591472e+06 6.8092962182e+00 6.8093760876e+00 6.8094342771e+00 6.8093769154e+00 6.8100791934e+00 4.8021794179e+06 4.8021500000e+06 4.7942230000e+06 2.5096497913e+06 2.5096345000e+06 2.5044480000e+06 0 0
26 2.4869723104e+06 2.4867954375e+06 2.4867842635e+06 2.4869635677e+06 2.4824328316e+06 6.5108236060e+00 6.5108855655e+00 6.5109393645e+00 6.5109047940e+00 6.5115369251e+00 4.2024551985e+06 4.2024290000e+06 4.1976630000e+06 2.1365816938e+06 2.1365685000e+06 2.1325770000e+06 0 0
27 2.3681511693e+06 2.3679517885e+06 2.3679414929e+06 2.3681398687e+06 2.3623020849e+06 6.1721428185e+00 6.1722074419e+00 6.1722554628e+00 6.1722235692e+00 6.1733857287e+00 3.2278638098e+06 3.2278425000e+06 3.2275590000e+06 1.7958641803e+06 1.7958527500e+06 1.7929190000e+06 0 0
28 2.0605435121e+06 2.0604093801e+06 2.0604039093e+06 2.0605363508e+06 2.0581533912e+06 5.8369411673e+00 5.8369935229e+00 5.8370358718e+00 5.8370172285e+00 5.8389110059e+00 2.9544337167e+06 2.9544145000e+06 2.9681080000e+06 1.5283421836e+06 1.5283325000e+06 1.5284060000e+06 0 0
29 2.0334481491e+06 2.0333096167e+06 2.0333052977e+06 2.0334443386e+06 2.0304925926e+06 5.5538280824e+00 5.5538879727e+00 5.5539236158e+00 5.5539016463e+00 5.5557152505e+00 2.9933611774e+06 2.9933430000e+06 3.0015805000e+06 1.4365732029e+06 1.4365642500e+06 1.4368825000e+06 0 0
30 1.7937485154e+06 1.7936063018e+06 1.7936008941e+06 1.7937440473e+06 1.7911138746e+06 5.3104684949e+00 5.3104981365e+00 5.3105234976e+00 5.3105418999e+00 5.3121697946e+00 2.2138651353e+06 2.2138515000e+06 2.2143580000e+06 1.1961871354e+06 1.1961797500e+06 1.1945295000e+06 0 0
31 1.7721322778e+06 1.7719353224e+06 1.7719299965e+06 1.7721248262e+06 1.7680919062e+06 5.0738505509e+00 5.0738973238e+00 5.0739133158e+00 5.0739175515e+00 5.0766943397e+00 2.0442536405e+06 2.0442420000e+06 2.0574930000e+06 1.0484991736e+06 1.0484930625e+06 1.0497612500e+06 0 0
32 1.5976385669e+06 1.5974536205e+06 1.5974493538e+06 1.5976342856e+06 1.5906725162e+06 4.8599889796e+00 4.8599988687e+00 4.8600021785e+00 4.8600478846e+00 4.8633264221e+00 1.5201362438e+06 1.5201272500e+06 1.5479917500e+06 8.7727191515e+05 8.7726675000e+05 8.8028637500e+05 0 0
33 1.5059956740e+06 1.5058667700e+06 1.5058597197e+06 1.5059917555e+06 1.5004000791e+06 4.7271935543e+00 4.7272540793e+00 4.7272473596e+00 4.7272485211e+00 4.7334392859e+00 1.3698694202e+06 1.3698617500e+06 1.4782295000e+06 7.5948183413e+05 7.5947750000e+05 7.7663506250e+05 0 0
34 1.4297255504e+06 1.4293116661e+06 1.4293068976e+06 1.4297211067e+06 1.4112993721e+06 4.5737373212e+00 4.5738677909e+00 4.5738534248e+00 4.5737889656e+00 4.5911863176e+00 1.2511354633e+06 1.2511282500e+06 1.4348367500e+06 6.9678501947e+05 6.9678100000e+05 7.2851200000e+05 0 0
35 1.3281656366e+06 1.3277920192e+06 1.3277869354e+06 1.3281591854e+06 1.3460299854e+06 4.4358183255e+00 4.4362499455e+00 4.4362278142e+00 4.4358639446e+00 4.4562459580e+00 1.1308386980e+06 1.1308325000e+06 1.3886652500e+06 6.1190081583e+05 6.1189731250e+05 6.6281918750e+05 0 0
36 1.2698409796e+06 1.2683933290e+06 1.2683925023e+06 1.2698359719e+06 1.2645168653e+06 4.3751399537e+00 4.3751070562e+00 4.3750815242e+00 4.3751832698e+00 4.3786522220e+00 1.0423420206e+06 1.0423358750e+06 1.1443020000e+06 5.6207546487e+05 5.6207206250e+05 5.8810556250e+05 0 0
37 1.1444201473e+06 1.1441814538e+06 1.1441771007e+06 1.1444160962e+06 1.1741418162e+06 4.3463829701e+00 4.3470562493e+00 4.3470217364e+00 4.3464220659e+00 4.3540388370e+00 8.7121941643e+05 8.7121468750e+05 9.8844925000e+05 4.7321538479e+05 4.7321253125e+05 5.0354181250e+05 0 0
38 1.1220416262e+06 1.1227405282e+06 1.1227277448e+06 1.1220348874e+06 1.1367673010e+06 4.3039702057e+00 4.3050322977e+00 4.3049910732e+00 4.3040062553e+00 4.3119755644e+00 9.1405894072e+05 9.1405400000e+05 8.3181275000e+05 4.5321210267e+05 4.5320937500e+05 4.4945206250e+05 0 0
39 1.0276397321e+06 1.0272102001e+06 1.0271985565e+06 1.0276348926e+06 1.0370971703e+06 4.2690674507e+00 4.2699834103e+00 4.2699424732e+00 4.2690992036e+00 4.2724287577e+00 7.0418576455e+05 7.0418206250e+05 6.5962912500e+05 3.8308695419e+05 3.8308456250e+05 3.7495225000e+05 0 0
40 1.0086796142e+06 1.0100015338e+06 1.0099865773e+06 1.0086748258e+06 1.0163002678e+06 4.2519496116e+00 4.2522760363e+00 4.2522354310e+00 4.2519832526e+00 4.2535389428e+00 7.0158370076e+05 7.0158006250e+05 6.7155818750e+05 3.6325111224e+05 3.6324878125e+05 3.6118518750e+05 0 0
41 9.4792820325e+05 9.4648209767e+05 9.4647558893e+05 9.4792205992e+05 9.4849710106e+05 4.2227361930e+00 4.2253883210e+00 4.2253412743e+00 4.2227667702e+00 4.2279296834e+00 5.7977546182e+05 5.7977287500e+05 5.7990306250e+05 3.1718642603e+05 3.1718434375e+05 3.1764603125e+05 0 0
42 9.0296096546e+05 9.0678625796e+05 9.0676912914e+05 9.0295318987e+05 9.1125644355e+05 4.1843372431e+00 4.1870718600e+00 4.1870248854e+00 4.1843699119e+00 4.1891237948e+00 5.5498509246e+05 5.5498387500e+05 5.6572568750e+05 2.9771058925e+05 2.9770878125e+05 3.0132253125e+05 0 0
43 8.5937526712e+05 8.5138961136e+05 8.5138888010e+05 8.5937213441e+05 8.5182768075e+05 4.1549076919e+00 4.1578757767e+00 4.1578310828e+00 4.1549368414e+00 4.1588197402e+00 4.6796415603e+05 4.6796671875e+05 5.0732137500e+05 2.6139025781e+05 2.6138909375e+05 2.6938318750e+05 0 0
44 7.8769669721e+05 7.9701479514e+05 7.9699325142e+05 7.8769764823e+05 8.0102461361e+05 4.1299593556e+00 4.1343004943e+00 4.1342555276e+00 4.1299968930e+00 4.1352287336e+00 4.1186936235e+05 4.1188381250e+05 4.8252446875e+05 2.3070822876e+05 2.3070906250e+05 2.4605692188e+05 0 0
45 7.7990779244e+05 7.7136355710e+05 7.7135905414e+05 7.7987667899e+05 7.7140170375e+05 4.0946008679e+00 4.1036805413e+00 4.1036356782e+00 4.0946260132e+00 4.1042283104e+00 3.7040098840e+05 3.7044403125e+05 4.1640587500e+05 2.1074250031e+05 2.1074792188e+05 2.2162712500e+05 0 0
46 7.2673482301e+05 7.2016992981e+05 7.2016403749e+05 7.2659420699e+05 7.2055628359e+05 4.0554915927e+00 4.0674548260e+00 4.0674122263e+00 4.0555535003e+00 4.0678240367e+00 2.8489421964e+05 2.8505828125e+05 3.7159306250e+05 1.7864780815e+05 1.7867134375e+05 1.9651264062e+05 0 0
47 6.9091046174e+05 7.2587963741e+05 7.2587697399e+05 6.9087755442e+05 7.2548575277e+05 4.0157732505e+00 4.0290252320e+00 4.0289842902e+00 4.0158407555e+00 4.0291331220e+00 3.0348783303e+05 3.0424193750e+05 3.3653228125e+05 1.7012754001e+05 1.7024720312e+05 1.8425706250e+05 0 0
48 6.7775993073e+05 6.6343581699e+05 6.6343678012e+05 6.7690272809e+05 6.6281835987e+05 3.9580243632e+00 3.9775943832e+00 3.9775566970e+00 3.9584374166e+00 3.9777224022e+00 2.6760283689e+05 2.6962084375e+05 2.5178228125e+05 1.5518640732e+05 1.5550845312e+05 1.5319721875e+05 0 0
49 6.2036928716e+05 6.5124520728e+05 6.5124535822e+05 6.1945906477e+05 6.5052697919e+05 3.9067388578e+00 3.9211387578e+00 3.9211027475e+00 3.9075101736e+00 3.9212199502e+00 2.3603115447e+05 2.4285075000e+05 2.5353350000e+05 1.3808422468e+05 1.3917135938e+05 1.4422193750e+05 0 0
50 6.2572668249e+05 6.2477275966e+05 6.2477270721e+05 6.2165318691e+05 6.2398496802e+05 3.8672693660e+00 3.8767212630e+00 3.8766877070e+00 3.8689809011e+00 3.8768256544e+00 2.5077040902e+05 2.6732496875e+05 2.2056092188e+05 1.3705635261e+05 1.3990360938e+05 1.3324204688e+05 0 0
51 5.7859471437e+05 5.8621680303e+05 5.8621616021e+05 5.7226760152e+05 5.8551850799e+05 3.8180702023e+00 3.8335561870e+00 3.8335250397e+00 3.8237147276e+00 3.8336428135e+00 2.0069964353e+05 2.3344179688e+05 2.0897893750e+05 1.1953585533e+05 1.2497352344e+05 1.2122214844e+05 0 0
52 5.5922414130e+05 5.7376125287e+05 5.7375925399e+05 5.6345408087e+05 5.7291770500e+05 3.7670085465e+00 3.7807548388e+00 3.7807274158e+00 3.7762103722e+00 3.7810018106e+00 2.0606013317e+05 2.6409362500e+05 2.1321681250e+05 1.1357039091e+05 1.2489031250e+05 1.1805482031e+05 0 0
53 5.3272983961e+05 5.3470918002e+05 5.3470522732e+05 5.3138595299e+05 5.3340571839e+05 3.7276436187e+00 3.7356933349e+00 3.7356690200e+00 3.7343683038e+00 3.7359928351e+00 1.8832602184e+05 2.1569109375e+05 1.7785067188e+05 1.0536540655e+05 1.1172659375e+05 1.0404076562e+05 0 0
54 5.1590493315e+05 5.2109532591e+05 5.2109078260e+05 5.1933056232e+05 5.1870932006e+05 3.6890255762e+00 3.6998595659e+00 3.6998373736e+00 3.6993231804e+00 3.7008474783e+00 1.6578172984e+05 1.8726734375e+05 1.7780937500e+05 9.5582188340e+04 1.0060060938e+05 9.8346023438e+04 0 0
55 4.9927319467e+05 5.0204344647e+05 5.0203840440e+05 5.0152013859e+05 4.9830464115e+05 3.6497990611e+00 3.6598364620e+00 3.6598170830e+00 3.6596357187e+00 3.6621684305e+00 1.5493603864e+05 1.6939453125e+05 1.7682918750e+05 8.9980590904e+04 9.3703476562e+04 9.4553507812e+04 0 0
56 4.7786187416e+05 4.8015577632e+05 4.8015002669e+05 4.8007256198e+05 4.7767157923e+05 3.6244251683e+00 3.6300071484e+00 3.6299894177e+00 3.6300435931e+00 3.6327531628e+00 1.4524739004e+05 1.5758181250e+05 1.8020653125e+05 8.3200516579e+04 8.7145914062e+04 9.1018468750e+04 0 0
57 4.7127969924e+05 4.7541596924e+05 4.7541133402e+05 4.7542611832e+05 4.6935070998e+05 3.6014729814e+00 3.6089249133e+00 3.6089080917e+00 3.6089647865e+00 3.6124674064e+00 1.2611849227e+05 1.3707823438e+05 1.6851198438e+05 7.5860905112e+04 7.8564773438e+04 8.4374578125e+04 0 0
58 4.4653767917e+05 4.4742055327e+05 4.4741551816e+05 4.4746339520e+05 4.5143304506e+05 3.5711299207e+00 3.5815525674e+00 3.5815361983e+00 3.5815970367e+00 3.5887349741e+00 1.2314233923e+05 1.3092628906e+05 1.5434795312e+05 7.2154021744e+04 7.5039351562e+04 7.9993062500e+04 0 0
59 4.2287896506e+05 4.3827388785e+05 4.3827173832e+05 4.3836769049e+05 4.3803268232e+05 3.5447897487e+00 3.5522657213e+00 3.5522484124e+00 3.5523282718e+00 3.5598546463e+00 1.1077008490e+05 1.1859285156e+05 1.3833173438e+05 6.5251805572e+04 6.8173515625e+04 7.2950015625e+04 0 0
60 4.1023440052e+05 4.0869327640e+05 4.0869566168e+05 4.0885372015e+05 4.1068336728e+05 3.5279797143e+00 3.5321392000e+00 3.5321208364e+00 3.5321473991e+00 3.5367413319e+00 1.0887329775e+05 1.0598043750e+05 1.1829565625e+05 6.1055743411e+04 6.2128248047e+04 6.5339640625e+04 0 0
61 3.9462085505e+05 4.0536601693e+05 4.0538412370e+05 4.0573989098e+05 4.0936377188e+05 3.5085464740e+00 3.5148321363e+00 3.5148090008e+00 3.5148642179e+00 3.5207441288e+00 9.8327328575e+04 9.2878554688e+04 1.0671360156e+05 5.6318418747e+04 5.5723314453e+04 5.9380736328e+04 0 0
62 3.9347900575e+05 3.8851337979e+05 3.8862754101e+05 3.9033276273e+05 3.8967539312e+05 3.4889376173e+00 3.4941570716e+00 3.4941119311e+00 3.4937126859e+00 3.5009948102e+00 9.3845044797e+04 9.1126945312e+04 9.2566171875e+04 5.3396594062e+04 5.3392275391e+04 5.4479132812e+04 0 0
63 3.7506963134e+05 3.7650973176e+05 3.7655848770e+05 3.7822143846e+05 3.8847812322e+05 3.4663923137e+00 3.4740677408e+00 3.4739852485e+00 3.4733018180e+00 3.4794613438e+00 8.2414316052e+04 8.5967375000e+04 8.5920507812e+04 4.9926874801e+04 5.0483990234e+04 5.0861593750e+04 0 0
64 3.7052597071e+05 3.7285934223e+05 3.7296355691e+05 3.7756450545e+05 3.7221519659e+05 3.4434172399e+00 3.4526863689e+00 3.4525434224e+00 3.4499639990e+00 3.4573124491e+00 8.4986490131e+04 9.0681000000e+04 8.5002468750e+04 4.7766534333e+04 5.0207916016e+04 4.9564091797e+04 0 0
65 3.5194749103e+05 3.4985636147e+05 3.4953751020e+05 3.4859643234e+05 3.5795757836e+05 3.4191664718e+00 3.4300133470e+00 3.4298637342e+00 3.4260611343e+00 3.4349189982e+00 7.5028831318e+04 7.3642656250e+04 8.8910671875e+04 4.4898760916e+04 4.4472080078e+04 4.7150564453e+04 0 0
66 3.3993065244e+05 3.5019740335e+05 3.5007706324e+05 3.5135624625e+05 3.4619946824e+05 3.4005255065e+00 3.4102133093e+00 3.4101401532e+00 3.4055102935e+00 3.4131485840e+00 7.2370783705e+04 7.9508687500e+04 9.1310843750e+04 4.1484399491e+04 4.3971972656e+04 4.7324470703e+04 0 0
67 3.4231696145e+05 3.3177307406e+05 3.3168123338e+05 3.3683685803e+05 3.3636685497e+05 3.3826197137e+00 3.3917980854e+00 3.3917490320e+00 3.3873126935e+00 3.3959606424e+00 7.3119621541e+04 6.4409580078e+04 8.1194054688e+04 4.1591884767e+04 3.9875201172e+04 4.2796478516e+04 0 0
68 3.2575594742e+05 3.4021282751e+05 3.4016995207e+05 3.3201374198e+05 3.3872002267e+05 3.3652599441e+00 3.3756125897e+00 3.3755804011e+00 3.3703811869e+00 3.3783314979e+00 5.9210109383e+04 6.8439906250e+04 7.7167335938e+04 3.6274557870e+04 3.8292527344e+04 4.1975410156e+04 0 0
69 3.1937594433e+05 3.2075176974e+05 3.2074179622e+05 3.2197066162e+05 3.2127826613e+05 3.3515438365e+00 3.3587965625e+00 3.3587689493e+00 3.3550803373e+00 3.3626745677e+00 6.4556710316e+04 6.3977771484e+04 6.2942886719e+04 3.6576236350e+04 3.7195892578e+04 3.6523490234e+04 0 0
70 3.0726108588e+05 3.1116057581e+05 3.1113132486e+05 3.0681276928e+05 3.1696273800e+05 3.3418328547e+00 3.3472426741e+00 3.3472091859e+00 3.3442878602e+00 3.3490737314e+00 5.4688927004e+04 5.7298207031e+04 6.8590132812e+04 3.3251315510e+04 3.3797992188e+04 3.7236898438e+04 0 0
71 2.9439199441e+05 3.0079734467e+05 3.0075074320e+05 3.0086176047e+05 3.0259156684e+05 3.3329462796e+00 3.3387252920e+00 3.3387067653e+00 3.3359762244e+00 3.3401496942e+00 5.2485919950e+04 5.8956175781e+04 5.5010314453e+04 3.0767414028e+04 3.2894806641e+04 3.2839347656e+04 0 0
72 2.8781751277e+05 2.8991580394e+05 2.8988336369e+05 2.9136668987e+05 2.9420092052e+05 3.3236002183e+00 3.3299184305e+00 3.3298861072e+00 3.3261750816e+00 3.3312577095e+00 5.4023072912e+04 4.8726091797e+04 5.5291949219e+04 3.0367698442e+04 2.9658342773e+04 3.1143125000e+04 0 0
73 2.7814575915e+05 2.8538486284e+05 2.8537873423e+05 2.7962325832e+05 2.8734012938e+05 3.3184420685e+00 3.3223283329e+00 3.3223141589e+00 3.3194159979e+00 3.3228395044e+00 4.9159438668e+04 4.9195816406e+04 5.1051710938e+04 2.8171082893e+04 2.8311826172e+04 2.9698690430e+04 0 0
74 2.7610500612e+05 2.7504796545e+05 2.7505058642e+05 2.7400563895e+05 2.7558206781e+05 3.3097692682e+00 3.3155622535e+00 3.3155275177e+00 3.3129819340e+00 3.3160900955e+00 4.7671531934e+04 5.0636365234e+04 4.7098574219e+04 2.7227435061e+04 2.7859052734e+04 2.7392897461e+04 0 0
75 2.6848494683e+05 2.7433774501e+05 2.7437212780e+05 2.7079573031e+05 2.7442770146e+05 3.2972679506e+00 3.3078825688e+00 3.3078620527e+00 3.3024994351e+00 3.3083526948e+00 4.3834430595e+04 5.2903398438e+04 4.9829929688e+04 2.5449960736e+04 2.7357936523e+04 2.7369888672e+04 0 0
76 2.6333503309e+05 2.6854642516e+05 2.6859420694e+05 2.6445531064e+05 2.6817707631e+05 3.2869357634e+00 3.2951329404e+00 3.2950874462e+00 3.2900316533e+00 3.2962059100e+00 4.6917199072e+04 4.8414572266e+04 4.6298013672e+04 2.6015196730e+04 2.6459759766e+04 2.5877422852e+04 0 0
77 2.5605908941e+05 2.6229373848e+05 2.6235173019e+05 2.5684315550e+05 2.6069725780e+05 3.2766417753e+00 3.2838684237e+00 3.2838169923e+00 3.2812578462e+00 3.2846153494e+00 4.1408893307e+04 4.8344947266e+04 4.6954201172e+04 2.4075596969e+04 2.5630997070e+04 2.5861875000e+04 0 0
78 2.4836477098e+05 2.5384150822e+05 2.5396045147e+05 2.5585429453e+05 2.5196591109e+05 3.2632783006e+00 3.2737841206e+00 3.2736884242e+00 3.2686320144e+00 3.2753269502e+00 4.6357030482e+04 4.2968923828e+04 4.6781884766e+04 2.4074828801e+04 2.4283142578e+04 2.4718577148e+04 0 0
79 2.4428872127e+05 2.4948351744e+05 2.4946438983e+05 2.4831195038e+05 2.5154693393e+05 3.2513997313e+00 3.2601799266e+00 3.2600448597e+00 3.2545620841e+00 3.2627377653e+00 5.0193031519e+04 3.8305376953e+04 4.9464488281e+04 2.4229714355e+04 2.2320250000e+04 2.4985615234e+04 0 0
80 2.4207649706e+05 2.4490469500e+05 2.4484358305e+05 2.4284187527e+05 2.4465578602e+05 3.2402642219e+00 3.2472194016e+00 3.2470968758e+00 3.2425914609e+00 3.2488705685e+00 4.4919093703e+04 3.8185232422e+04 4.1300318359e+04 2.3282411357e+04 2.1849329102e+04 2.2634589844e+04 0 0
81 2.3348939680e+05 2.3825402672e+05 2.3811680576e+05 2.3389029196e+05 2.3850285030e+05 3.2275833102e+00 3.2362235348e+00 3.2361167686e+00 3.2312502835e+00 3.2382878587e+00 3.5756633674e+04 3.8903056641e+04 4.2314017578e+04 2.0620605648e+04 2.1300488281e+04 2.2333439453e+04 0 0
82 2.2471275130e+05 2.2983250110e+05 2.2972941523e+05 2.2734616144e+05 2.3017347086e+05 3.2155515604e+00 3.2243084281e+00 3.2242074498e+00 3.2186290752e+00 3.2268748914e+00 3.1786935124e+04 3.5624789062e+04 4.1534697266e+04 1.8847748977e+04 1.9905961914e+04 2.1411644531e+04 0 0
83 2.2165048388e+05 2.2396713816e+05 2.2391234857e+05 2.2352655796e+05 2.2394835519e+05 3.2031686095e+00 3.2117510051e+00 3.2116772170e+00 3.2064955020e+00 3.2148569256e+00 3.2066597192e+04 3.0700399414e+04 3.7572197266e+04 1.8467665481e+04 1.8423195312e+04 1.9945397461e+04 0 0
84 2.1938580786e+05 2.2144074913e+05 2.2140937592e+05 2.1768039926e+05 2.1992769139e+05 3.1908220340e+00 3.1997286477e+00 3.1996419925e+00 3.1940493704e+00 3.2029493270e+00 2.7515266960e+04 2.8867731445e+04 3.4571068359e+04 1.7083799683e+04 1.7267305664e+04 1.8910694336e+04 0 0
85 2.1242153120e+05 2.1667570282e+05 2.1663569863e+05 2.1233421505e+05 2.1606733647e+05 3.1782450920e+00 3.1869904290e+00 3.1869367713e+00 3.1824100872e+00 3.1913286847e+00 2.6725375847e+04 3.1161490234e+04 3.2108017578e+04 1.6288608935e+04 1.7389513672e+04 1.7837566406e+04 0 0
86 2.0887480022e+05 2.0980440720e+05 2.0974427767e+05 2.1032452730e+05 2.1337457948e+05 3.1654464993e+00 3.1750710029e+00 3.1749750251e+00 3.1700562003e+00 3.1789302598e+00 2.5756539748e+04 2.8894209961e+04 2.9900273438e+04 1.5801457085e+04 1.6446161133e+04 1.7146777344e+04 0 0
87 2.1111475352e+05 2.0814842704e+05 2.0809443272e+05 2.0308852879e+05 2.1053225835e+05 3.1553155476e+00 3.1630493796e+00 3.1630498042e+00 3.1590915750e+00 3.1664733300e+00 2.5264083168e+04 3.0796001953e+04 2.5220912109e+04 1.5489874412e+04 1.6544083984e+04 1.5617446777e+04 0 0
88 2.0344503809e+05 2.0794055027e+05 2.0770340947e+05 2.0835742337e+05 2.0351114446e+05 3.1456863179e+00 3.1529816182e+00 3.1528807188e+00 3.1506745839e+00 3.1558229921e+00 2.3151623270e+04 3.2052885742e+04 2.7975146484e+04 1.4779241553e+04 1.6573607422e+04 1.5862718750e+04 0 0
89 2.0685548107e+05 2.0237740143e+05 2.0232382060e+05 2.0087845479e+05 2.0601781919e+05 3.1373111532e+00 3.1449271724e+00 3.1450161096e+00 3.1420223361e+00 3.1474791799e+00 2.4720998038e+04 2.8501041016e+04 3.0658026367e+04 1.4928025282e+04 1.5915754395e+04 1.6148489746e+04 0 0
90 1.9364375660e+05 2.0437916763e+05 2.0395891288e+05 2.0311660147e+05 1.9957248387e+05 3.1296636023e+00 3.1362805304e+00 3.1362487056e+00 3.1339003972e+00 3.1398284034e+00 2.3671525914e+04 2.7814616211e+04 3.0334825195e+04 1.4434770793e+04 1.5379858398e+04 1.6127852051e+04 0 0
91 1.9836008923e+05 1.9271134360e+05 1.9289315459e+05 1.9062049485e+05 2.0110083218e+05 3.1238832188e+00 3.1291603690e+00 3.1293301051e+00 3.1275644415e+00 3.1316105863e+00 2.3295727359e+04 2.6969951172e+04 2.9130550781e+04 1.4047263685e+04 1.4952747559e+04 1.5530833984e+04 0 0
92 1.8955951945e+05 1.9299566901e+05 1.9293514135e+05 1.9219122211e+05 1.9134985391e+05 3.1172719674e+00 3.1237947646e+00 3.1237405477e+00 3.1219696421e+00 3.1255135845e+00 1.8496721276e+04 2.8984333984e+04 2.5964242188e+04 1.2516638423e+04 1.4752557129e+04 1.4742799805e+04 0 0
93 1.8262412601e+05 1.8365333883e+05 1.8435975682e+05 1.8189182825e+05 1.9056238319e+05 3.1103405917e+00 3.1180949494e+00 3.1182153832e+00 3.1165813788e+00 3.1200289072e+00 2.0655324740e+04 2.7755241211e+04 2.4198255859e+04 1.2438378468e+04 1.4197780273e+04 1.3736978516e+04 0 0
94 1.8250681689e+05 1.8671874687e+05 1.8679462159e+05 1.8727585472e+05 1.8374577220e+05 3.1034258456e+00 3.1119386963e+00 3.1118406061e+00 3.1099356901e+00 3.1134546019e+00 1.9812756396e+04 2.6912674805e+04 2.2587488281e+04 1.1960058452e+04 1.3913351562e+04 1.3155866699e+04 0 0
95 1.7015506035e+05 1.7621010877e+05 1.7620389063e+05 1.7824008043e+05 1.8162861730e+05 3.0980160388e+00 3.1051881930e+00 3.1051878079e+00 3.1028408222e+00 3.1070476498e+00 1.9753066267e+04 1.9385434570e+04 2.3542618164e+04 1.1615217960e+04 1.1814924316e+04 1.2805326172e+04 0 0
96 1.7445830200e+05 1.8059929674e+05 1.8007280021e+05 1.7225899310e+05 1.7938970530e+05 3.0922502948e+00 3.0990317320e+00 3.0990475961e+00 3.0976887557e+00 3.1001125413e+00 1.9224040834e+04 2.2239125977e+04 1.9653022461e+04 1.1267877302e+04 1.1990106445e+04 1.1812234863e+04 0 0
97 1.6727037060e+05 1.6493806411e+05 1.6392781397e+05 1.6802465952e+05 1.6700081073e+05 3.0870110935e+00 3.0941847636e+00 3.0942669079e+00 3.0925689050e+00 3.0952302589e+00 1.5873854691e+04 2.2982226562e+04 2.0694957031e+04 1.0061817896e+04 1.1930172363e+04 1.1546955566e+04 0 0
98 1.6781053824e+05 1.6887090985e+05 1.7010019523e+05 1.6729330679e+05 1.7291478262e+05 3.0810713673e+00 3.0891380740e+00 3.0894123407e+00 3.0875491727e+00 3.0899918755e+00 1.7232440965e+04 2.1480492188e+04 2.0208037109e+04 1.0257316945e+04 1.1155924805e+04 1.1272735840e+04 0 0
99 1.6442433709e+05 1.6408097279e+05 1.6477375170e+05 1.6695351631e+05 1.6522177329e+05 3.0731403413e+00 3.0838436953e+00 3.0837542261e+00 3.0817653555e+00 3.0839870287e+00 1.6237657139e+04 1.9440401367e+04 1.6160529785e+04 9.9788948232e+03 1.0786676758e+04 1.0044160156e+04 0 0
100 1.6133317452e+05 1.6771688755e+05 1.6796900895e+05 1.6337072795e+05 1.6730740895e+05 3.0665020351e+00 3.0775785696e+00 3.0775214626e+00 3.0752559742e+00 3.0778211169e+00 1.4798948858e+04 1.8637285156e+04 1.7164373047e+04 9.3370511976e+03 1.0431474121e+04 1.0192993652e+04 0 0
101 1.5785509098e+05 1.6013352508e+05 1.6007392852e+05 1.6348501544e+05 1.5769225970e+05 3.0602170494e+00 3.0703142573e+00 3.0701408606e+00 3.0676827738e+00 3.0708019654e+00 1.4099364386e+04 1.6294828613e+04 1.7866793945e+04 8.9814639870e+03 9.8401997070e+03 1.0002958496e+04 0 0
102 1.5526166914e+05 1.5905032723e+05 1.5876511617e+05 1.5898094678e+05 1.5863388632e+05 3.0536709366e+00 3.0635978260e+00 3.0635393872e+00 3.0610835809e+00 3.0645382153e+00 1.4339724992e+04 1.3673934570e+04 2.0998254883e+04 8.7662055704e+03 8.9072661133e+03 1.0369595703e+04 0 0
103 1.4956652252e+05 1.5848655736e+05 1.5736335695e+05 1.5454291914e+05 1.5521339324e+05 3.0462582398e+00 3.0575998947e+00 3.0575653924e+00 3.0552706432e+00 3.0587089572e+00 1.5488540501e+04 1.4507480469e+04 1.8489333984e+04 8.8650221071e+03 8.8656611328e+03 9.8109213867e+03 0 0
104 1.5000445060e+05 1.5463278121e+05 1.5136280082e+05 1.5221013853e+05 1.5258791900e+05 3.0388364305e+00 3.0507204514e+00 3.0513297139e+00 3.0477888231e+00 3.0530172184e+00 1.7868447520e+04 1.5247439453e+04 1.8245230469e+04 9.0728808082e+03 8.8331875000e+03 9.5143764648e+03 0 0
105 1.4446343574e+05 1.5095098394e+05 1.4940908631e+05 1.4884578392e+05 1.5276991704e+05 3.0296332697e+00 3.0421419871e+00 3.0438190547e+00 3.0400914854e+00 3.0453671057e+00 1.7170987719e+04 1.6935192383e+04 1.6230161133e+04 8.9755701528e+03 9.0210966797e+03 9.0946923828e+03 0 0
106 1.4798287505e+05 1.4907429342e+05 1.5037627047e+05 1.4715825495e+05 1.4946278884e+05 3.0207738060e+00 3.0338681140e+00 3.0356851530e+00 3.0319508789e+00 3.0367427732e+00 1.5538082680e+04 1.7440009766e+04 1.4905561523e+04 8.4787921841e+03 8.9224033203e+03 8.5854521484e+03 0 0
107 1.4084774391e+05 1.4255646236e+05 1.4551659325e+05 1.4519624017e+05 1.4395954632e+05 3.0119769626e+00 3.0248849301e+00 3.0265121603e+00 3.0225445312e+00 3.0285208573e+00 1.3099042338e+04 1.6256053711e+04 1.6150363281e+04 7.8006734083e+03 8.7457905273e+03 8.5390634766e+03 0 0
108 1.4112413403e+05 1.4414033340e+05 1.4666753086e+05 1.4366641539e+05 1.4361588592e+05 3.0036492285e+00 3.0163211661e+00 3.0168694087e+00 3.0137171070e+00 3.0198900468e+00 1.2798775125e+04 1.3370065430e+04 1.8513953125e+04 7.4842494236e+03 7.8691098633e+03 9.0042226562e+03 0 0
109 1.3480986668e+05 1.3932356079e+05 1.4009125620e+05 1.4290361641e+05 1.4176299049e+05 2.9951688195e+00 3.0081858537e+00 3.0082512762e+00 3.0050216049e+00 3.0109896762e+00 1.2560322405e+04 1.2329169922e+04 1.4440855469e+04 7.3606244765e+03 7.5037531738e+03 8.0338532715e+03 0 0
110 1.3518743581e+05 1.4105207254e+05 1.4145458024e+05 1.3359827927e+05 1.4205324433e+05 2.9872531381e+00 2.9997079924e+00 2.9996239637e+00 2.9967127328e+00 3.0028385406e+00 1.0679671032e+04 1.1807633789e+04 1.2690176758e+04 6.6732318015e+03 7.1520681152e+03 7.5303488770e+03 0 0
111 1.3080802313e+05 1.3382874406e+05 1.3385933919e+05 1.3720847741e+05 1.3285191467e+05 2.9797581405e+00 2.9914131666e+00 2.9912642628e+00 2.9887219417e+00 2.9942009201e+00 1.1135000951e+04 1.2399288086e+04 1.1509867676e+04 6.6275683647e+03 7.0886464844e+03 7.0502961426e+03 0 0
112 1.2726868593e+05 1.3338402279e+05 1.3341693806e+05 1.2924679177e+05 1.3775785550e+05 2.9722180636e+00 2.9835313727e+00 2.9833755624e+00 2.9810374232e+00 2.9863908246e+00 1.0349869656e+04 1.0750128906e+04 1.1382541992e+04 6.2081004092e+03 6.6117084961e+03 6.8136613770e+03 0 0
113 1.2439296616e+05 1.2973199007e+05 1.2975459816e+05 1.3226804300e+05 1.2764064757e+05 2.9648253221e+00 2.9764142762e+00 2.9762409889e+00 2.9737481190e+00 2.9786021430e+00 1.1766463272e+04 1.0757656250e+04 1.0342680664e+04 6.3436271624e+03 6.3525151367e+03 6.4417863770e+03 0 0
114 1.2413583695e+05 1.2752096762e+05 1.2752127277e+05 1.2540433779e+05 1.3041956369e+05 2.9577232844e+00 2.9686948524e+00 2.9685154395e+00 2.9655823412e+00 2.9716611801e+00 1.3016177271e+04 9.5764790039e+03 1.1192729980e+04 6.5472727778e+03 6.0370002441e+03 6.3057956543e+03 0 0
115 1.2446916081e+05 1.2613811858e+05 1.2618879773e+05 1.2836702580e+05 1.2336829648e+05 2.9503694054e+00 2.9608871773e+00 2.9606909709e+00 2.9574884828e+00 2.9639783432e+00 1.1783525004e+04 9.0548178711e+03 1.1456716309e+04 6.2992779542e+03 5.7970461426e+03 6.3610258789e+03 0 0
116 1.2267604700e+05 1.2440997516e+05 1.2441646502e+05 1.2406964135e+05 1.2675632611e+05 2.9424219181e+00 2.9530606380e+00 2.9528534555e+00 2.9495279491e+00 2.9563180740e+00 9.8989333147e+03 9.0444936523e+03 1.1198605957e+04 5.8795539416e+03 5.7206315918e+03 6.1946625977e+03 0 0
117 1.2200637370e+05 1.2422853366e+05 1.2430797780e+05 1.2405947271e+05 1.2250837137e+05 2.9356628533e+00 2.9455585526e+00 2.9453258255e+00 2.9416884018e+00 2.9488721283e+00 9.3204053717e+03 8.8533603516e+03 1.0563919922e+04 5.6663373464e+03 5.6128593750e+03 6.0394731445e+03 0 0
118 1.1671018796e+05 1.1979018244e+05 1.1967163607e+05 1.2011877642e+05 1.2395939258e+05 2.9292597646e+00 2.9384342540e+00 2.9382070702e+00 2.9347155652e+00 2.9412387219e+00 8.6827698527e+03 9.3604746094e+03 9.8480805664e+03 5.3704516069e+03 5.6406892090e+03 5.7914780273e+03 0 0
119 1.1681232993e+05 1.1900823232e+05 1.1889492235e+05 1.1594518098e+05 1.1752310084e+05 2.9224841663e+00 2.9322021691e+00 2.9320012816e+00 2.9286795919e+00 2.9347972765e+00 7.9395529781e+03 9.4424658203e+03 1.0793754883e+04 5.0105292897e+03 5.4860451660e+03 5.8854899902e+03 0 0
120 1.1038227072e+05 1.1438731566e+05 1.1432546719e+05 1.1568481096e+05 1.1665133772e+05 2.9155778470e+00 2.9263017542e+00 2.9261271302e+00 2.9224250450e+00 2.9287975122e+00 8.2845332240e+03 9.2671708984e+03 1.1256614746e+04 4.9459786052e+03 5.2743198242e+03 5.8140163574e+03 0 0
121 1.1083914805e+05 1.1387934106e+05 1.1385919276e+05 1.1042513337e+05 1.1333436887e+05 2.9093470837e+00 2.9198978296e+00 2.9197364002e+00 2.9154788179e+00 2.9230217535e+00 7.8518398776e+03 8.9588642578e+03 1.0382359375e+04 4.7177370384e+03 5.1078227539e+03 5.5162819824e+03 0 0
122 1.0597408618e+05 1.0766030370e+05 1.0772794653e+05 1.1013654362e+05 1.1248636796e+05 2.9032765381e+00 2.9137550459e+00 2.9135813342e+00 2.9094142577e+00 2.9162446135e+00 7.7885465304e+03 8.6392387695e+03 9.1926030273e+03 4.5322172049e+03 4.8497976074e+03 5.1495654297e+03 0 0
123 1.0290529797e+05 1.0991940844e+05 1.0994263522e+05 1.0646345657e+05 1.0865797789e+05 2.8970786600e+00 2.9078093587e+00 2.9076125173e+00 2.9034087622e+00 2.9097891157e+00 8.0536771774e+03 8.5111513672e+03 8.8458520508e+03 4.4315257294e+03 4.7276413574e+03 4.9214084473e+03 0 0
124 1.0190681144e+05 1.0609274614e+05 1.0609251450e+05 1.0527305509e+05 1.0821762252e+05 2.8914337069e+00 2.9020057213e+00 2.9017998792e+00 2.8972493131e+00 2.9037796736e+00 8.6823738712e+03 7.4537773438e+03 8.0049162598e+03 4.4688915020e+03 4.3627333984e+03 4.6256743164e+03 0 0
125 1.0015067172e+05 1.0487531218e+05 1.0490270143e+05 1.0155362217e+05 1.0452640195e+05 2.8853726619e+00 2.8955317535e+00 2.8953162922e+00 2.8908649802e+00 2.8978138154e+00 7.3251603947e+03 7.1960732422e+03 7.5515163574e+03 4.1093315260e+03 4.1979638672e+03 4.3776254883e+03 0 0
126 9.6283944527e+04 1.0075858959e+05 1.0080710578e+05 1.0106659856e+05 1.0198017941e+05 2.8800438933e+00 2.8892386378e+00 2.8890050195e+00 2.8849218355e+00 2.8913391592e+00 7.6244382060e+03 6.7914123535e+03 7.0873701172e+03 4.0401679243e+03 3.9831325684e+03 4.1725185547e+03 0 0
127 9.7020391722e+04 9.9608099912e+04 9.9615162219e+04 9.6767915344e+04 9.8576289563e+04 2.8749468378e+00 2.8835513478e+00 2.8833058595e+00 2.8793139995e+00 2.8857734777e+00 6.5170607637e+03 6.7194497070e+03 7.8630883789e+03 3.7362785020e+03 3.8904458008e+03 4.1191843262e+03 0 0
128 9.2232421400e+04 9.5182804497e+04 9.5128158439e+04 9.3899843834e+04 9.6996555485e+04 2.8697622975e+00 2.8781806546e+00 2.8779256835e+00 2.8743906700e+00 2.8806688170e+00 5.7684303610e+03 6.7578906250e+03 9.2669565430e+03 3.4703278804e+03 3.6739813232e+03 4.3452912598e+03 0 0
129 9.2670662757e+04 9.4398291510e+04 9.4258535359e+04 9.2654539792e+04 9.5831831371e+04 2.8650674791e+00 2.8735084716e+00 2.8733074254e+00 2.8699461299e+00 2.8755473034e+00 6.0212998530e+03 8.5176889648e+03 7.6163388672e+03 3.4012981635e+03 3.9594326782e+03 3.9842339478e+03 0 0
130 8.6779397257e+04 9.2779401852e+04 9.2701575391e+04 9.2073292545e+04 9.4053002929e+04 2.8601970848e+00 2.8684375653e+00 2.8682503414e+00 2.8652820626e+00 2.8703792007e+00 6.2136934365e+03 6.9525817871e+03 5.7173166504e+03 3.3862036894e+03 3.6559970093e+03 3.4792132568e+03 0 0
131 8.7084191757e+04 9.2270311758e+04 9.2081925262e+04 8.9795580827e+04 9.1701570935e+04 2.8554640949e+00 2.8636694780e+00 2.8635122324e+00 2.8602034432e+00 2.8654567341e+00 6.6194234177e+03 5.7706228027e+03 5.7010446777e+03 3.3574261213e+03 3.3170942383e+03 3.3761226196e+03 0 0
132 8.6884697567e+04 8.7553371334e+04 8.7625311412e+04 8.7550081850e+04 9.1548728358e+04 2.8503533899e+00 2.8585342993e+00 2.8584449027e+00 2.8551577603e+00 2.8604040575e+00 5.5682969676e+03 5.3591127930e+03 5.2392551270e+03 3.1693848308e+03 3.1785284424e+03 3.2127506104e+03 0 0
133 8.6388934645e+04 8.7518724671e+04 8.7116748516e+04 8.8149121652e+04 8.5338522509e+04 2.8451724703e+00 2.8535795342e+00 2.8534902128e+00 2.8495075309e+00 2.8552493857e+00 5.3601396669e+03 4.4220373535e+03 5.1488532715e+03 3.0301927631e+03 2.8934781494e+03 3.0912496338e+03 0 0
134 8.2791624769e+04 8.5605170685e+04 8.5636352655e+04 8.5961268301e+04 8.7174202423e+04 2.8392058615e+00 2.8482785067e+00 2.8483665491e+00 2.8442681848e+00 2.8502877815e+00 4.6913576637e+03 4.8153610840e+03 5.7947380371e+03 2.8299790862e+03 2.9237879028e+03 3.1221163940e+03 0 0
135 8.3646507496e+04 8.4017052745e+04 8.4245307335e+04 8.3459877211e+04 8.4319313849e+04 2.8337547083e+00 2.8434172152e+00 2.8433720429e+00 2.8382892943e+00 2.8452092966e+00 4.6480579613e+03 4.3737316895e+03 5.9155678711e+03 2.7431659659e+03 2.7343468018e+03 3.1811402588e+03 0 0
136 7.9197517057e+04 8.3600724207e+04 8.4073193254e+04 8.1116055131e+04 8.4781860701e+04 2.8286104514e+00 2.8380122699e+00 2.8379316159e+00 2.8330023914e+00 2.8398537779e+00 4.4060929321e+03 5.0444020996e+03 5.4143281250e+03 2.6246121017e+03 2.7932657471e+03 2.9328009644e+03 0 0
137 8.3175130361e+04 8.0940421348e+04 8.1032407147e+04 7.9863127712e+04 8.0891341638e+04 2.8233693440e+00 2.8325620941e+00 2.8323294988e+00 2.8281845461e+00 2.8343263532e+00 4.1792581975e+03 5.3646428223e+03 5.0725222168e+03 2.5184245356e+03 2.7821470337e+03 2.8681195679e+03 0 0
138 7.6312230467e+04 8.1150438471e+04 8.1214294702e+04 7.9939561170e+04 8.2512954038e+04 2.8182166766e+00 2.8273508215e+00 2.8271173612e+00 2.8235829975e+00 2.8289009703e+00 3.8683284797e+03 5.3583999023e+03 4.5379008789e+03 2.3839886161e+03 2.7450993652e+03 2.6504819336e+03 0 0
139 7.8880917317e+04 8.0616631535e+04 8.0628802397e+04 7.8385500700e+04 7.8700589477e+04 2.8135722852e+00 2.8225074188e+00 2.8222401566e+00 2.8183608364e+00 2.8239882280e+00 5.3287480546e+03 4.6059677734e+03 4.2391928711e+03 2.5927640289e+03 2.5574570312e+03 2.5392147217e+03 0 0
140 7.4261788915e+04 7.8162923180e+04 7.8169994039e+04 8.0120229655e+04 8.0773121866e+04 2.8090221536e+00 2.8169050605e+00 2.8166434803e+00 2.8132820977e+00 2.8188826879e+00 5.0696095755e+03 4.1760539551e+03 4.0914978027e+03 2.5651488501e+03 2.4573026123e+03 2.4356847534e+03 0 0
141 7.6241081814e+04 8.0662314373e+04 8.0714803401e+04 7.4411553512e+04 7.6397612528e+04 2.8046893041e+00 2.8117760456e+00 2.8114908885e+00 2.8083475427e+00 2.8135940092e+00 4.7473078520e+03 3.8550219116e+03 4.2050979004e+03 2.4509265494e+03 2.2975514526e+03 2.4393615112e+03 0 0
142 7.2791484743e+04 7.3993210499e+04 7.4098596370e+04 7.8232925652e+04 7.7779566263e+04 2.8001541498e+00 2.8067784289e+00 2.8064760316e+00 2.8036677749e+00 2.8089960952e+00 3.9348603908e+03 3.9669731445e+03 4.3990717773e+03 2.2879896714e+03 2.3263639526e+03 2.4091659546e+03 0 0
143 7.1834496861e+04 7.6386567196e+04 7.6629166666e+04 7.1783011695e+04 7.3302438486e+04 2.7959524219e+00 2.8022633995e+00 2.8018656890e+00 2.7990606272e+00 2.8045746031e+00 3.6623962905e+03 3.2609712524e+03 4.4108962402e+03 2.1090538269e+03 2.1150843506e+03 2.3780095215e+03 0 0
144 7.1845864512e+04 7.0285641663e+04 7.1833613970e+04 7.2302666949e+04 7.4087401790e+04 2.7912442158e+00 2.7979908518e+00 2.7974108316e+00 2.7947708361e+00 2.8002932617e+00 3.3413881288e+03 3.6296174316e+03 4.8222045898e+03 2.0343821502e+03 2.0805373535e+03 2.4163196411e+03 0 0
145 6.8391138100e+04 7.2135190414e+04 7.0601453583e+04 6.9475353212e+04 7.2324474198e+04 2.7869416575e+00 2.7941647693e+00 2.7933596797e+00 2.7904361185e+00 2.7960934783e+00 2.9254533349e+03 3.5828530273e+03 3.9066947632e+03 1.8692197969e+03 2.0601779175e+03 2.2158500977e+03 0 0
146 7.0810019853e+04 6.9054268746e+04 6.9548181170e+04 6.9177516810e+04 6.9500994410e+04 2.7825207089e+00 2.7897464953e+00 2.7891082346e+00 2.7862756058e+00 2.7918097194e+00 3.1261122768e+03 3.6993338013e+03 3.5747619019e+03 1.9077811272e+03 2.0088236389e+03 2.0269121094e+03 0 0
147 6.6813416142e+04 6.9601154933e+04 6.8688277661e+04 6.8760725534e+04 7.1287899001e+04 2.7783501746e+00 2.7856497078e+00 2.7850936733e+00 2.7822406285e+00 2.7874039247e+00 2.7881279640e+03 3.6868677979e+03 3.6010304565e+03 1.7956001055e+03 2.0277276917e+03 2.0473787842e+03 0 0
148 6.7605814469e+04 6.8418738954e+04 6.8536466439e+04 6.6906666454e+04 6.6606445334e+04 2.7743370053e+00 2.7814936295e+00 2.7810498558e+00 2.7783090694e+00 2.7834141066e+00 3.0706314814e+03 3.4844798584e+03 3.3727509155e+03 1.8218192052e+03 1.9201734314e+03 1.9168532104e+03 0 0
149 6.6536327288e+04 6.6929241203e+04 6.6680398799e+04 6.7909458782e+04 6.9619822465e+04 2.7700764654e+00 2.7776419082e+00 2.7772044902e+00 2.7743350896e+00 2.7794331391e+00 2.8393564946e+03 3.4626488647e+03 3.9562510376e+03 1.7688849909e+03 1.9333889771e+03 2.0500492554e+03 0 0
150 6.5865348598e+04 6.6795042690e+04 6.7252615592e+04 6.5089164198e+04 6.5138670542e+04 2.7659429262e+00 2.7737285378e+00 2.7732419807e+00 2.7702626482e+00 2.7755830337e+00 2.6297084943e+03 2.9491775513e+03 3.2776998291e+03 1.6695626746e+03 1.7733099976e+03 1.8688652954e+03 0 0
151 6.5987046589e+04 6.4507095052e+04 6.4248953797e+04 6.6853813055e+04 6.6643762679e+04 2.7615537473e+00 2.7700089393e+00 2.7694231773e+00 2.7661703202e+00 2.7717863552e+00 2.7323103161e+03 3.0038634644e+03 3.7697056885e+03 1.7091003695e+03 1.7672092896e+03 1.9303804321e+03 0 0
152 6.6177694424e+04 6.6043259520e+04 6.6211704101e+04 6.5267339949e+04 6.3750602068e+04 2.7573308693e+00 2.7661245677e+00 2.7655442739e+00 2.7618585451e+00 2.7680575834e+00 2.8403303950e+03 2.7138914795e+03 3.7920995483e+03 1.7218667525e+03 1.6902476807e+03 1.9040324097e+03 0 0
153 6.5324008445e+04 6.4862687703e+04 6.4636009778e+04 6.4969867231e+04 6.7435230199e+04 2.7533315443e+00 2.7621196627e+00 2.7615426428e+00 2.7579687064e+00 2.7640777986e+00 2.7390711402e+03 3.3222214355e+03 3.5319983521e+03 1.6995657885e+03 1.8094426270e+03 1.8776340942e+03 0 0
154 6.6429428864e+04 6.5878219770e+04 6.5640288116e+04 6.5843030793e+04 6.5330913479e+04 2.7493928453e+00 2.7580083892e+00 2.7575041535e+00 2.7539834450e+00 2.7596683493e+00 2.6768289723e+03 3.3618736572e+03 2.6586523438e+03 1.6882544146e+03 1.8184299622e+03 1.6950867920e+03 0 0
155 6.3179696959e+04 6.5297093840e+04 6.5127618228e+04 6.3663595877e+04 6.6031067597e+04 2.7452742310e+00 2.7541196415e+00 2.7537039957e+00 2.7503657603e+00 2.7555639662e+00 2.3683134370e+03 3.2548234253e+03 2.8721338501e+03 1.5757919808e+03 1.7972818604e+03 1.7217982178e+03 0 0
156 6.2644388129e+04 6.4916233532e+04 6.4754144763e+04 6.4612318825e+04 6.5783719323e+04 2.7414872802e+00 2.7502488605e+00 2.7498729961e+00 2.7468082778e+00 2.7515227834e+00 2.6434388913e+03 3.3611793213e+03 2.7066095581e+03 1.5909768482e+03 1.7877171936e+03 1.6865974731e+03 0 0
157 6.2154021239e+04 6.5119569532e+04 6.5014733592e+04 6.1801320892e+04 6.3708423807e+04 2.7377471227e+00 2.7464409614e+00 2.7461106590e+00 2.7429696753e+00 2.7477762912e+00 2.5219067278e+03 3.0912553711e+03 2.8366309814e+03 1.5575776030e+03 1.7126200562e+03 1.6960277100e+03 0 0
158 5.9855738588e+04 6.1908155973e+04 6.1767365364e+04 6.2666279034e+04 6.4104123300e+04 2.7342112210e+00 2.7425455999e+00 2.7422291887e+00 2.7394204792e+00 2.7439635401e+00 2.4872684366e+03 2.9872554321e+03 2.8290858154e+03 1.5112278670e+03 1.6569452820e+03 1.6600484009e+03 0 0
159 5.9752636996e+04 6.2587766728e+04 6.2209598745e+04 6.0520756638e+04 6.1397501969e+04 2.7308075418e+00 2.7387577385e+00 2.7385605288e+00 2.7357701557e+00 2.7402444365e+00 2.4907349196e+03 2.6717609253e+03 2.7261604004e+03 1.4891517992e+03 1.5688160706e+03 1.6113784790e+03 0 0
160 5.6226462736e+04 6.0415722457e+04 5.9922268582e+04 5.9984612427e+04 6.1070237334e+04 2.7274576424e+00 2.7352970614e+00 2.7351677176e+00 2.7324848848e+00 2.7366485454e+00 2.6225058390e+03 2.8864013672e+03 2.9006525269e+03 1.4645319640e+03 1.5792571106e+03 1.5915575256e+03 0 0
161 5.8074583174e+04 6.0015675819e+04 5.9813275316e+04 5.9270911044e+04 5.9918066724e+04 2.7234773978e+00 2.7317722252e+00 2.7319232931e+00 2.7290182196e+00 2.7334781738e+00 2.8081506841e+03 2.4942493286e+03 3.1135693970e+03 1.4892476615e+03 1.4922549438e+03 1.6428070068e+03 0 0
162 5.4889535777e+04 5.8620779388e+04 5.7595279807e+04 5.6638589813e+04 5.8526766526e+04 2.7190299387e+00 2.7283608891e+00 2.7285746990e+00 2.7252538295e+00 2.7301017850e+00 2.3108610105e+03 2.3479802856e+03 2.8316440430e+03 1.3711500979e+03 1.4028518372e+03 1.5423536377e+03 0 0
163 5.6550642820e+04 5.6220304944e+04 5.7703078878e+04 5.7142843611e+04 5.8069975994e+04 2.7145186718e+00 2.7246220921e+00 2.7251309080e+00 2.7211901355e+00 2.7266355247e+00 2.1711411343e+03 2.4698416748e+03 2.6933783569e+03 1.2945820058e+03 1.4061343994e+03 1.4974510498e+03 0 0
164 5.4567859772e+04 5.6876050496e+04 5.7033132826e+04 5.4349209231e+04 5.5643206234e+04 2.7097302315e+00 2.7204924911e+00 2.7207190828e+00 2.7166303640e+00 2.7229242068e+00 2.0925512829e+03 2.3771828003e+03 2.6759000854e+03 1.2774100282e+03 1.3580798035e+03 1.4375498657e+03 0 0
165 5.5244951269e+04 5.4182787525e+04 5.4611379913e+04 5.6182231497e+04 5.6806534835e+04 2.7048341139e+00 2.7159997461e+00 2.7162342567e+00 2.7122426331e+00 2.7185174869e+00 1.9531013891e+03 2.3927437744e+03 2.6406391602e+03 1.2114519455e+03 1.3289211426e+03 1.4353724976e+03 0 0
166 5.4667186877e+04 5.5892777351e+04 5.6295208180e+04 5.2687842089e+04 5.4732293356e+04 2.6996782341e+00 2.7115638755e+00 2.7115813147e+00 2.7078852510e+00 2.7138567625e+00 1.9620325442e+03 2.5389945068e+03 2.1463407593e+03 1.2195543626e+03 1.3357825012e+03 1.2956718750e+03 0 0
167 5.3163845774e+04 5.3065465983e+04 5.3432179068e+04 5.5827904707e+04 5.5517021246e+04 2.6945653741e+00 2.7071118479e+00 2.7069439282e+00 2.7033789331e+00 2.7092385829e+00 1.8599834355e+03 2.7187877808e+03 2.1765135498e+03 1.1766311658e+03 1.3642330322e+03 1.2736980286e+03 0 0
168 5.3437957305e+04 5.5742608479e+04 5.5979351622e+04 5.3473656467e+04 5.4200915712e+04 2.6896458284e+00 2.7024271293e+00 2.7021349949e+00 2.6982311795e+00 2.7044461082e+00 2.0301501991e+03 2.0768236084e+03 2.1495772095e+03 1.1989519228e+03 1.2488611450e+03 1.2645676270e+03 0 0
169 5.2625665600e+04 5.2700313168e+04 5.2769115816e+04 5.3836973466e+04 5.4647868248e+04 2.6846191059e+00 2.6974441528e+00 2.6970478185e+00 2.6933745076e+00 2.6995799857e+00 1.7684506007e+03 2.0838356934e+03 2.0258357849e+03 1.1351522829e+03 1.2116244202e+03 1.2141195679e+03 0 0
170 5.2722984612e+04 5.4275190944e+04 5.4274400890e+04 5.1781359426e+04 5.3247346150e+04 2.6799818315e+00 2.6926265774e+00 2.6922216256e+00 2.6886582704e+00 2.6944852200e+00 1.8258721450e+03 2.3145042725e+03 2.1824685059e+03 1.1313210931e+03 1.2482737427e+03 1.2447822876e+03 0 0
171 5.2325936602e+04 5.2603885484e+04 5.2621246507e+04 5.2093248085e+04 5.2405000067e+04 2.6756454110e+00 2.6876496660e+00 2.6872224339e+00 2.6843711728e+00 2.6901426607e+00 1.6618962885e+03 2.4851042480e+03 2.4870632935e+03 1.0935060452e+03 1.2518486938e+03 1.2626749573e+03 0 0
172 5.1170228444e+04 5.2552771497e+04 5.2620472974e+04 5.1805420566e+04 5.2320440365e+04 2.6710898157e+00 2.6828011519e+00 2.6823558635e+00 2.6799904111e+00 2.6855827520e+00 1.7552044987e+03 2.4459903564e+03 2.5866379395e+03 1.0947965477e+03 1.2672840271e+03 1.3037966919e+03 0 0
173 5.1996579324e+04 5.2043875644e+04 5.2279769242e+04 5.1753428949e+04 5.1816330399e+04 2.6669580594e+00 2.6784486814e+00 2.6779454209e+00 2.6758861574e+00 2.6810410692e+00 1.7766849522e+03 2.1779824829e+03 2.0873754272e+03 1.0959741880e+03 1.1900486450e+03 1.1810418701e+03 0 0
174 5.0353785973e+04 5.0745934064e+04 5.0971065675e+04 5.1779342290e+04 5.2001821507e+04 2.6632860330e+00 2.6744153411e+00 2.6737115456e+00 2.6716124155e+00 2.6769198892e+00 1.6714262426e+03 1.9166087646e+03 2.2465494995e+03 1.0563713592e+03 1.1515620117e+03 1.2124698181e+03 0 0
175 4.9638195722e+04 5.1133712089e+04 5.1925038893e+04 5.0943577888e+04 5.0725682962e+04 2.6596966671e+00 2.6704458171e+00 2.6695542642e+00 2.6674444775e+00 2.6727579035e+00 1.5907727772e+03 1.8440104675e+03 1.9774285583e+03 1.0164370985e+03 1.0985619812e+03 1.1429121399e+03 0 0
176 4.8450648140e+04 5.0271322720e+04 5.0323062546e+04 5.0798646911e+04 5.1145430920e+04 2.6565275361e+00 2.6668072649e+00 2.6655872069e+00 2.6636175427e+00 2.6688435056e+00 1.6396051486e+03 1.9255021362e+03 2.2174119873e+03 1.0041757657e+03 1.1142702942e+03 1.1823530273e+03 0 0
177 4.8026659361e+04 5.0550437070e+04 4.9714693200e+04 4.9064442848e+04 5.0000693755e+04 2.6533956414e+00 2.6630688374e+00 2.6620732179e+00 2.6602847768e+00 2.6651561475e+00 1.5756677936e+03 1.8599472961e+03 2.2649309082e+03 9.7436703619e+02 1.0745721436e+03 1.1636944275e+03 0 0
178 4.6716336490e+04 4.8870189523e+04 4.8559541349e+04 4.9059391924e+04 5.0257260729e+04 2.6501577779e+00 2.6599118406e+00 2.6591956035e+00 2.6572196773e+00 2.6616324403e+00 1.4755210818e+03 1.8157159424e+03 2.1936107178e+03 9.2734074156e+02 1.0530712585e+03 1.1660139771e+03 0 0
179 4.6286335357e+04 4.8718016380e+04 4.8428223176e+04 4.7711581487e+04 4.8779421235e+04 2.6471531298e+00 2.6568548198e+00 2.6561835536e+00 2.6539316236e+00 2.6584524731e+00 1.4956770317e+03 1.7207716370e+03 1.7358227234e+03 9.0227421340e+02 1.0069227448e+03 1.0375079041e+03 0 0
180 4.5264762234e+04 4.7237281548e+04 4.7400682527e+04 4.7337248589e+04 4.8080636269e+04 2.6442611271e+00 2.6537248056e+00 2.6531078121e+00 2.6510086829e+00 2.6554328423e+00 1.5114179204e+03 1.6924241028e+03 1.8149631042e+03 8.8998957975e+02 9.8050701904e+02 1.0323522034e+03 0 0
181 4.5680440606e+04 4.7093784218e+04 4.6918954464e+04 4.6307726180e+04 4.7487633422e+04 2.6410446930e+00 2.6508620278e+00 2.6501998085e+00 2.6479613817e+00 2.6523504298e+00 1.6090292000e+03 1.5895782166e+03 1.7838435669e+03 9.0952813435e+02 9.4084925842e+02 1.0033483124e+03 0 0
182 4.3458557558e+04 4.5415001574e+04 4.5572225928e+04 4.6153485849e+04 4.6313950555e+04 2.6379213857e+00 2.6479468483e+00 2.6472725460e+00 2.6447806664e+00 2.6493548838e+00 1.5695280643e+03 1.4260190430e+03 1.7454334717e+03 8.7767082176e+02 8.8151301575e+02 9.7701440430e+02 0 0
183 4.4119770006e+04 4.6083292938e+04 4.5774105518e+04 4.5240870725e+04 4.6056605172e+04 2.6347250878e+00 2.6450555942e+00 2.6444150544e+00 2.6417071067e+00 2.6465125883e+00 1.6700466607e+03 1.4189364929e+03 1.6320791626e+03 8.8488351772e+02 8.6754013062e+02 9.3164286804e+02 0 0
184 4.2856229820e+04 4.5201561743e+04 4.5104898182e+04 4.5327172601e+04 4.5516341505e+04 2.6312309672e+00 2.6418483290e+00 2.6412432925e+00 2.6385047633e+00 2.6433446941e+00 1.5049067401e+03 1.4815888672e+03 1.5265331726e+03 8.4497795845e+02 8.7849935913e+02 8.9312277222e+02 0 0
185 4.3352655090e+04 4.4981902139e+04 4.4924509836e+04 4.3730970993e+04 4.5314971654e+04 2.6279050423e+00 2.6387470951e+00 2.6381934142e+00 2.6349064153e+00 2.6402173893e+00 1.5826059120e+03 1.3258383789e+03 1.4806718750e+03 8.4184661921e+02 8.2211720276e+02 8.8109039307e+02 0 0
186 4.1664588628e+04 4.3520435292e+04 4.3386194302e+04 4.3797982785e+04 4.4616366504e+04 2.6244291585e+00 2.6354208060e+00 2.6348455797e+00 2.6315370595e+00 2.6369265677e+00 1.4812057533e+03 1.3767690125e+03 1.4350488586e+03 8.1666243297e+02 8.1584611511e+02 8.5569581604e+02 0 0
187 4.1463529336e+04 4.3537299503e+04 4.3453141290e+04 4.2668901275e+04 4.3102170711e+04 2.6210463839e+00 2.6319169871e+00 2.6314146160e+00 2.6281330529e+00 2.6335139246e+00 1.4918961079e+03 1.4809721680e+03 1.3954951172e+03 8.0055911471e+02 8.2636907959e+02 8.2256340027e+02 0 0
188 4.0557562846e+04 4.3245032825e+04 4.3175950343e+04 4.3435518001e+04 4.3633604664e+04 2.6175051269e+00 2.6285445805e+00 2.6280514639e+00 2.6245273317e+00 2.6299944282e+00 1.3615561283e+03 1.4902609253e+03 1.4928272095e+03 7.6447691108e+02 8.2221270752e+02 8.3794963074e+02 0 0
189 4.1452938600e+04 4.2762670824e+04 4.2694040052e+04 4.1142817016e+04 4.2587515917e+04 2.6139757493e+00 2.6249416531e+00 2.6244985613e+00 2.6209732763e+00 2.6266109704e+00 1.2252768133e+03 1.2792186279e+03 1.3940041504e+03 7.2041942017e+02 7.6741085815e+02 8.0585334778e+02 0 0
190 3.9238182009e+04 4.1903673156e+04 4.1920833579e+04 4.1735643472e+04 4.2540675312e+04 2.6104133326e+00 2.6213321150e+00 2.6208815200e+00 2.6174051793e+00 2.6231190975e+00 1.0778003365e+03 1.2730126648e+03 1.4778742981e+03 6.6771565842e+02 7.4525376892e+02 8.0265487671e+02 0 0
191 3.9208247264e+04 4.1192525924e+04 4.0985298437e+04 4.0352406025e+04 4.0896901399e+04 2.6074083617e+00 2.6178554825e+00 2.6174812869e+00 2.6136929837e+00 2.6195972564e+00 1.3752802764e+03 1.1193096313e+03 1.4656488953e+03 7.1006526867e+02 7.0293440247e+02 7.9489828491e+02 0 0
192 3.8125020699e+04 3.9831549305e+04 3.9898038047e+04 4.0788917711e+04 4.1267793544e+04 2.6043358052e+00 2.6144162582e+00 2.6140798883e+00 2.6101752804e+00 2.6162602239e+00 1.4611596907e+03 1.0518869019e+03 1.3575284424e+03 7.3714162751e+02 6.6250094604e+02 7.5585404968e+02 0 0
193 3.9395024201e+04 4.0115888124e+04 4.0158733048e+04 3.9429999543e+04 3.9598018536e+04 2.6012891873e+00 2.6111973819e+00 2.6108641258e+00 2.6066520119e+00 2.6127639882e+00 1.3637778166e+03 1.0762597961e+03 1.2359726868e+03 7.0296662865e+02 6.6638047791e+02 7.1171032715e+02 0 0
194 3.7778937518e+04 3.9455596105e+04 3.9673962444e+04 3.8985864105e+04 4.0483060754e+04 2.5982795275e+00 2.6079156157e+00 2.6074773928e+00 2.6034078048e+00 2.6094666431e+00 1.2533604323e+03 1.0953055725e+03 1.3287245178e+03 6.8654012646e+02 6.6083970642e+02 7.1344052124e+02 0 0
195 3.8398874590e+04 3.9285470902e+04 3.9385278062e+04 3.9142187573e+04 3.8842951896e+04 2.5954037600e+00 2.6047488302e+00 2.6042647897e+00 2.6001251957e+00 2.6062302369e+00 1.1001155957e+03 1.0952507629e+03 1.2546422424e+03 6.4361450799e+02 6.5560656738e+02 6.9814193726e+02 0 0
196 3.6759901972e+04 3.8378770798e+04 3.8444414315e+04 3.7726276466e+04 3.8878301197e+04 2.5922757990e+00 2.6015172364e+00 2.6009723750e+00 2.5972400499e+00 2.6032519988e+00 9.1772707122e+02 1.1511271362e+03 1.4309569397e+03 5.8994237204e+02 6.5052642822e+02 7.1701635742e+02 0 0
197 3.6386211777e+04 3.9163241541e+04 3.9255117170e+04 3.7702030078e+04 3.8137167173e+04 2.5895970803e+00 2.5984780242e+00 2.5979039987e+00 2.5943460436e+00 2.6001825887e+00 1.0228002986e+03 1.3028553162e+03 1.3414185486e+03 5.9126139995e+02 6.7897816467e+02 7.0537203979e+02 0 0
198 3.5714282363e+04 3.6995356249e+04 3.7044825604e+04 3.6365377820e+04 3.8755342548e+04 2.5871814475e+00 2.5954569052e+00 2.5948327392e+00 2.5917798333e+00 2.5972908622e+00 1.0375570823e+03 1.1784627686e+03 1.2159146423e+03 5.8245042503e+02 6.3377169800e+02 6.6869554138e+02 0 0
199 3.4858645757e+04 3.8007749947e+04 3.8085317276e+04 3.6616600388e+04 3.6704530075e+04 2.5848311971e+00 2.5926757477e+00 2.5920241076e+00 2.5890419467e+00 2.5943766810e+00 1.0807363595e+03 1.2150323486e+03 1.1879047241e+03 5.7341857560e+02 6.3993395996e+02 6.5359849548e+02 0 0
200 3.4391651083e+04 3.5698129923e+04 3.5943172926e+04 3.5526889422e+04 3.7679874310e+04 2.5823505403e+00 2.5899531937e+00 2.5892164282e+00 2.5864512514e+00 2.5917060642e+00 1.0709931851e+03 1.0234046783e+03 1.1657421875e+03 5.7032156935e+02 5.7914619446e+02 6.3462873840e+02 0 0
201 3.4073569323e+04 3.6293932496e+04 3.6134047324e+04 3.5326463735e+04 3.5615870620e+04 2.5802116363e+00 2.5873928966e+00 2.5866002506e+00 2.5841559919e+00 2.5889722254e+00 9.9229718246e+02 1.0089805603e+03 1.0376708374e+03 5.4373155123e+02 5.6388121033e+02 5.9996502686e+02 0 0
202 3.4530677597e+04 3.4822582098e+04 3.5073627699e+04 3.4131116595e+04 3.6327808852e+04 2.5776314447e+00 2.5850063329e+00 2.5842094012e+00 2.5818131293e+00 2.5864484955e+00 9.7618309989e+02 1.0487646179e+03 1.0611163635e+03 5.3970370511e+02 5.6025279236e+02 5.8347535706e+02 0 0
203 3.4369240004e+04 3.4796466947e+04 3.4862323962e+04 3.4562562868e+04 3.4813632272e+04 2.5749070702e+00 2.5827742560e+00 2.5818185200e+00 2.5792922449e+00 2.5839491993e+00 8.9940688066e+02 9.7266513062e+02 9.2776054382e+02 5.2226558422e+02 5.4637785339e+02 5.4828671265e+02 0 0
204 3.3337922416e+04 3.3587275686e+04 3.4074224863e+04 3.3489937832e+04 3.4532181396e+04 2.5722919065e+00 2.5804652748e+00 2.5793418806e+00 2.5770100310e+00 2.5817254349e+00 8.5994109775e+02 9.6522271729e+02 1.0197028198e+03 5.0236651362e+02 5.2639645386e+02 5.4867362976e+02 0 0
205 3.3551355017e+04 3.4398773932e+04 3.4109348865e+04 3.4390666641e+04 3.3706862447e+04 2.5697800558e+00 2.5780641025e+00 2.5768377855e+00 2.5745835748e+00 2.5793905006e+00 9.6835799761e+02 1.1804558105e+03 1.0698237915e+03 5.2125315270e+02 5.7276463318e+02 5.5950544739e+02 0 0
206 3.3347166308e+04 3.3820387697e+04 3.3729146091e+04 3.3572377217e+04 3.4187503682e+04 2.5670928128e+00 2.5755022178e+00 2.5743548164e+00 2.5718300847e+00 2.5768535107e+00 8.6562374221e+02 9.6614385986e+02 9.9426231384e+02 5.0339722156e+02 5.3007093811e+02 5.4104354858e+02 0 0
207 3.3785793207e+04 3.4236027807e+04 3.3570964597e+04 3.3380847203e+04 3.3845472843e+04 2.5643500903e+00 2.5728879984e+00 2.5719816725e+00 2.5692467671e+00 2.5743294237e+00 7.6731661353e+02 9.0892291260e+02 9.2101121521e+02 4.7698107188e+02 5.1066912842e+02 5.2328800964e+02 0 0
208 3.3095706624e+04 3.3322759069e+04 3.3731701884e+04 3.3414819227e+04 3.3894752868e+04 2.5613098672e+00 2.5700254862e+00 2.5691513751e+00 2.5666851919e+00 2.5716467425e+00 7.0442627551e+02 8.8085328674e+02 9.1568272400e+02 4.6077508999e+02 5.0485495758e+02 5.1637351990e+02 0 0
209 3.2681288219e+04 3.2733554161e+04 3.3001680442e+04 3.3427626419e+04 3.3479249693e+04 2.5584676516e+00 2.5676874524e+00 2.5666356701e+00 2.5638669352e+00 2.5688500453e+00 7.4342323213e+02 7.7446060181e+02 8.2307205200e+02 4.5889453242e+02 4.7930790710e+02 4.9430486298e+02 0 0
210 3.1687666072e+04 3.3138006699e+04 3.2963704646e+04 3.3147999759e+04 3.2910502640e+04 2.5556639831e+00 2.5652210263e+00 2.5641049867e+00 2.5609707793e+00 2.5663197087e+00 7.3891048401e+02 7.5468528748e+02 8.6074542236e+02 4.5479660435e+02 4.6897927094e+02 4.9353457642e+02 0 0
211 3.1540755124e+04 3.3085930303e+04 3.2985898563e+04 3.2733810288e+04 3.3365167945e+04 2.5528105654e+00 2.5624137847e+00 2.5612773938e+00 2.5581535635e+00 2.5636717581e+00 7.4166505763e+02 7.6387944031e+02 8.5206964111e+02 4.4194898805e+02 4.6814150238e+02 4.9451940155e+02 0 0
212 3.1133840114e+04 3.2400878013e+04 3.2080735154e+04 3.1429042365e+04 3.2904294674e+04 2.5500754225e+00 2.5596074591e+00 2.5586650069e+00 2.5553578647e+00 2.5607718415e+00 8.2129691264e+02 8.1556896973e+02 7.7665116882e+02 4.5658033055e+02 4.6263006592e+02 4.7296688843e+02 0 0
213 3.1261129668e+04 3.2417441232e+04 3.2243766529e+04 3.1574012605e+04 3.2091365568e+04 2.5473799833e+00 2.5569514888e+00 2.5560004535e+00 2.5527356090e+00 2.5579779510e+00 8.0085405039e+02 9.0436967468e+02 8.3839234924e+02 4.4553030284e+02 4.8108592987e+02 4.7689167786e+02 0 0
214 3.1604791059e+04 3.1180502626e+04 3.1203275725e+04 3.1404499041e+04 3.2206104266e+04 2.5445042157e+00 2.5540686635e+00 2.5531967294e+00 2.5499945962e+00 2.5553439603e+00 7.0152178520e+02 8.0073199463e+02 8.6689355469e+02 4.2715818412e+02 4.5397776031e+02 4.8013636780e+02 0 0
215 3.1402893717e+04 3.1752041320e+04 3.1691155612e+04 3.1446859303e+04 3.1442690979e+04 2.5413623978e+00 2.5514553418e+00 2.5505383180e+00 2.5470608054e+00 2.5523847461e+00 6.4225753256e+02 7.5779112244e+02 7.2140356445e+02 4.0896450870e+02 4.4140666962e+02 4.4347058105e+02 0 0
216 3.1421471049e+04 3.0927114317e+04 3.0658503029e+04 3.0857583574e+04 3.1398621116e+04 2.5385178279e+00 2.5486421204e+00 2.5478252948e+00 2.5443921269e+00 2.5496716949e+00 6.6919482947e+02 7.3809182739e+02 7.7406428528e+02 4.1610505775e+02 4.2631281281e+02 4.4105489349e+02 0 0
217 3.0320365836e+04 3.1956513452e+04 3.1799925535e+04 3.1597136073e+04 3.0603202970e+04 2.5357314319e+00 2.5457995304e+00 2.5450811917e+00 2.5415201357e+00 2.5471188029e+00 6.3242406666e+02 7.7056695557e+02 8.7285966492e+02 4.0110196101e+02 4.3885885620e+02 4.5711595154e+02 0 0
218 3.0410210081e+04 3.0938180425e+04 3.0884744713e+04 3.0833266191e+04 3.1520300506e+04 2.5329144333e+00 2.5428088667e+00 2.5421403988e+00 2.5386540358e+00 2.5443520011e+00 6.9621741573e+02 7.3643328857e+02 9.1208410645e+02 4.1154954719e+02 4.2596992493e+02 4.6100907898e+02 0 0
219 3.0279663371e+04 3.2071464201e+04 3.2020002748e+04 3.0731764414e+04 3.0753215377e+04 2.5305243997e+00 2.5398792981e+00 2.5392378762e+00 2.5359286607e+00 2.5416089315e+00 7.4208370676e+02 8.2734657288e+02 7.7578553772e+02 4.1891535367e+02 4.4210034943e+02 4.3979663086e+02 0 0
220 3.0142106745e+04 3.0443375371e+04 3.0346402225e+04 3.0574187283e+04 3.1678626233e+04 2.5281348485e+00 2.5368847155e+00 2.5362661136e+00 2.5334278706e+00 2.5387595242e+00 8.2869178218e+02 7.6826800537e+02 7.5775135803e+02 4.3623370135e+02 4.2976547241e+02 4.3166453552e+02 0 0
221 2.9549226432e+04 3.1144247623e+04 3.1012749894e+04 3.0905887594e+04 3.0292813141e+04 2.5255404989e+00 2.5342304180e+00 2.5336815417e+00 2.5305959268e+00 2.5359413712e+00 7.8831362450e+02 6.7215614319e+02 7.2964648438e+02 4.3000443781e+02 4.1244459534e+02 4.2366748047e+02 0 0
222 2.9373892787e+04 3.0267506009e+04 2.9907189771e+04 3.0280404753e+04 3.0830526171e+04 2.5231073438e+00 2.5316332641e+00 2.5311825605e+00 2.5279232043e+00 2.5334512256e+00 7.0043624508e+02 6.0945288086e+02 8.0300268555e+02 3.9971115396e+02 3.9236988831e+02 4.2810515594e+02 0 0
223 2.9206439371e+04 3.0742977865e+04 3.0382584485e+04 2.9975204687e+04 2.9635395054e+04 2.5206831127e+00 2.5288468422e+00 2.5286480159e+00 2.5254450951e+00 2.5310782529e+00 6.9763171830e+02 7.0266757202e+02 8.9571194458e+02 4.0192780714e+02 4.0934909058e+02 4.4794884491e+02 0 0
224 2.9098694295e+04 2.9845433286e+04 2.9690096396e+04 2.9186298155e+04 3.0794468075e+04 2.5181328126e+00 2.5263583087e+00 2.5261990445e+00 2.5230409051e+00 2.5286452768e+00 6.4801677748e+02 7.5481475830e+02 8.6756779480e+02 3.8332394546e+02 4.1190476227e+02 4.4769784546e+02 0 0
225 2.8730136674e+04 2.9376958590e+04 3.0048873257e+04 2.9249916786e+04 3.0005746650e+04 2.5155896672e+00 2.5240255160e+00 2.5238074147e+00 2.5206187491e+00 2.5258873114e+00 6.6036814718e+02 8.0207235718e+02 6.7177987671e+02 3.8214860105e+02 4.1572000122e+02 4.0989987183e+02 0 0
226 2.8155554610e+04 2.9563125139e+04 2.9695543100e+04 2.8784760412e+04 3.0027503126e+04 2.5132512598e+00 2.5215529453e+00 2.5211709516e+00 2.5182022150e+00 2.5234322321e+00 7.1481876505e+02 7.6551295471e+02 6.2008093262e+02 3.8391240945e+02 4.1338901520e+02 3.8806545258e+02 0 0
227 2.8021082553e+04 2.8595421172e+04 2.8804631850e+04 2.8963341244e+04 2.9481362248e+04 2.5108727739e+00 2.5190891084e+00 2.5185912907e+00 2.5158505108e+00 2.5208037115e+00 7.5815108765e+02 6.9286622620e+02 6.0326301575e+02 3.9546388285e+02 3.8905498505e+02 3.7712306976e+02 0 0
228 2.7914663362e+04 2.8761816911e+04 2.8908645074e+04 2.8739581069e+04 2.8754230297e+04 2.5085256310e+00 2.5168304493e+00 2.5162730257e+00 2.5131788432e+00 2.5182920028e+00 6.5013697127e+02 6.5502578735e+02 6.7228811646e+02 3.6720018866e+02 3.8122911072e+02 3.8827059174e+02 0 0
229 2.7619052427e+04 2.8514887620e+04 2.8657714075e+04 2.8196331109e+04 2.9084092147e+04 2.5060452955e+00 2.5144385539e+00 2.5137189626e+00 2.5106933897e+00 2.5158785057e+00 6.1306825324e+02 6.4424926758e+02 6.9055899048e+02 3.5378802893e+02 3.6957855225e+02 3.9106687164e+02 0 0
230 2.7529760796e+04 2.8455671632e+04 2.8590710659e+04 2.7778921505e+04 2.8487486656e+04 2.5035619948e+00 2.5119432250e+00 2.5111866945e+00 2.5084282014e+00 2.5133648183e+00 5.5990623050e+02 6.7186581421e+02 6.1126780701e+02 3.3871561876e+02 3.7430501556e+02 3.6799353027e+02 0 0
231 2.6700112079e+04 2.7689300172e+04 2.7780897034e+04 2.7570632492e+04 2.8367192318e+04 2.5011277373e+00 2.5095428197e+00 2.5086734911e+00 2.5059763979e+00 2.5108162241e+00 5.8076060599e+02 6.3561413574e+02 6.8358787537e+02 3.3583085258e+02 3.5797315979e+02 3.7748480988e+02 0 0
232 2.7319673134e+04 2.7597107095e+04 2.7714664999e+04 2.7459850546e+04 2.7717505227e+04 2.4986572980e+00 2.5073447333e+00 2.5064342468e+00 2.5035170880e+00 2.5084379926e+00 6.4422146880e+02 6.1422340393e+02 6.3581159973e+02 3.4998678167e+02 3.5154981232e+02 3.6655709076e+02 0 0
233 2.6551782769e+04 2.7255855591e+04 2.7565699266e+04 2.7381222179e+04 2.7732657428e+04 2.4961261304e+00 2.5049064358e+00 2.5038019328e+00 2.5010324142e+00 2.5060672606e+00 5.6472086554e+02 5.5986521912e+02 5.9796885681e+02 3.3531136600e+02 3.3638946533e+02 3.5142420959e+02 0 0
234 2.6279889101e+04 2.6974805430e+04 2.7149351668e+04 2.7103773317e+04 2.7362030334e+04 2.4936099943e+00 2.5025332825e+00 2.5013084170e+00 2.4984175239e+00 2.5035082628e+00 5.5874327612e+02 5.3978230286e+02 5.4017793274e+02 3.2436484905e+02 3.3009924316e+02 3.3395246887e+02 0 0
235 2.6589715376e+04 2.7202858673e+04 2.6957298381e+04 2.6898469845e+04 2.6949538623e+04 2.4909202304e+00 2.5001798126e+00 2.4989568258e+00 2.4958831995e+00 2.5010353988e+00 5.0052398642e+02 5.4012910461e+02 5.9889759827e+02 3.1347747102e+02 3.2611249542e+02 3.3852645111e+02 0 0
236 2.6339637011e+04 2.6837233837e+04 2.6432421304e+04 2.5868660267e+04 2.6954791188e+04 2.4886365147e+00 2.4976929144e+00 2.4966272862e+00 2.4935326781e+00 2.4987466287e+00 4.7268015308e+02 6.5593968201e+02 6.7534602356e+02 3.0288638793e+02 3.4203855133e+02 3.5393589783e+02 0 0
237 2.5868436927e+04 2.6836731843e+04 2.6660598643e+04 2.6292191997e+04 2.6528414955e+04 2.4859961435e+00 2.4950389877e+00 2.4941878931e+00 2.4911832283e+00 2.4963595064e+00 4.5153368465e+02 6.9265983582e+02 6.6974902344e+02 2.9291222299e+02 3.4919599152e+02 3.5265389252e+02 0 0
238 2.4732113891e+04 2.6030111794e+04 2.5998967364e+04 2.5976245148e+04 2.6597592673e+04 2.4838986090e+00 2.4926271397e+00 2.4918218827e+00 2.4887358271e+00 2.4937600611e+00 5.1419151860e+02 5.6500778198e+02 6.0789703369e+02 2.9575608796e+02 3.2433946991e+02 3.3980944061e+02 0 0
239 2.5040046699e+04 2.6366071531e+04 2.6388152493e+04 2.6187068564e+04 2.6118705021e+04 2.4816890161e+00 2.4901234551e+00 2.4893112441e+00 2.4863808607e+00 2.4913835628e+00 5.8282712793e+02 5.4886083984e+02 5.4766181946e+02 3.1122587678e+02 3.1773117828e+02 3.2033558655e+02 0 0
240 2.4958843847e+04 2.5657487952e+04 2.5729911621e+04 2.5715041513e+04 2.6340354440e+04 2.4793528771e+00 2.4877486223e+00 2.4869227095e+00 2.4839853152e+00 2.4888472904e+00 4.9800829567e+02 4.5514183807e+02 5.1278710938e+02 2.9291848167e+02 2.9255679321e+02 3.1142890167e+02 0 0
241 2.3813954954e+04 2.5743638282e+04 2.5775772811e+04 2.4694609614e+04 2.5639489543e+04 2.4771064947e+00 2.4855939520e+00 2.4847061300e+00 2.4816965475e+00 2.4864873196e+00 4.6353422401e+02 4.8285639191e+02 5.2841651917e+02 2.7937669369e+02 2.8872970581e+02 3.1040897369e+02 0 0
242 2.4831824220e+04 2.5033831828e+04 2.5295760910e+04 2.4682965138e+04 2.5193360395e+04 2.4747030996e+00 2.4832579415e+00 2.4822991779e+00 2.4794685334e+00 2.4844457642e+00 4.1838568785e+02 5.4957563782e+02 5.8884626770e+02 2.6590232146e+02 2.9996924591e+02 3.1090654755e+02 0 0
243 2.3712351168e+04 2.4368778714e+04 2.4534981394e+04 2.4186560235e+04 2.4695076108e+04 2.4723016379e+00 2.4811593801e+00 2.4800186218e+00 2.4774613090e+00 2.4823324958e+00 3.8298297102e+02 6.1931976318e+02 6.7851344299e+02 2.5586486773e+02 3.0896410370e+02 3.2886907196e+02 0 0
244 2.4205670965e+04 2.4836314058e+04 2.4596464136e+04 2.3867045062e+04 2.4618068161e+04 2.4700506439e+00 2.4788930343e+00 2.4777709678e+00 2.4753574826e+00 2.4801584538e+00 4.0065543931e+02 6.0842662048e+02 6.0365267944e+02 2.5235439645e+02 3.0469287872e+02 3.1212654114e+02 0 0
245 2.3732744833e+04 2.4038911123e+04 2.3792901126e+04 2.4019565358e+04 2.4918550199e+04 2.4676432425e+00 2.4766974505e+00 2.4756927579e+00 2.4730829942e+00 2.4778282609e+00 3.8297041732e+02 5.2502738953e+02 4.9006401062e+02 2.5053433201e+02 2.8640259552e+02 2.9189060211e+02 0 0
246 2.3336594898e+04 2.4055010289e+04 2.3848175779e+04 2.3866251319e+04 2.3912212779e+04 2.4653776910e+00 2.4744159931e+00 2.4734990886e+00 2.4708307640e+00 2.4755454418e+00 3.7567756291e+02 4.5568621063e+02 4.2351441956e+02 2.4456478814e+02 2.7096776581e+02 2.6623092651e+02 0 0
247 2.3796340794e+04 2.4068718952e+04 2.4001890592e+04 2.3979511254e+04 2.3848835946e+04 2.4629942977e+00 2.4720607013e+00 2.4712348299e+00 2.4686602300e+00 2.4733190807e+00 3.8696479489e+02 4.4479163361e+02 4.7678390503e+02 2.4815338852e+02 2.6249211121e+02 2.7250381470e+02 0 0
248 2.2663339874e+04 2.3654774402e+04 2.3719083962e+04 2.3562084797e+04 2.3659785967e+04 2.4606362730e+00 2.4698384033e+00 2.4689985875e+00 2.4662570740e+00 2.4711638934e+00 3.7116504483e+02 4.1095489502e+02 5.1153393555e+02 2.4022214351e+02 2.5500715828e+02 2.7839924622e+02 0 0
249 2.3096795419e+04 2.3728609567e+04 2.3898548240e+04 2.4205107560e+04 2.3533775558e+04 2.4583147018e+00 2.4677376970e+00 2.4668251210e+00 2.4639719054e+00 2.4690423922e+00 3.8930230749e+02 3.7877356720e+02 5.3173939514e+02 2.4207036376e+02 2.4873543739e+02 2.7924245453e+02 0 0
250 2.2175404696e+04 2.2795471831e+04 2.2924330481e+04 2.2590334216e+04 2.3919941137e+04 2.4559977230e+00 2.4655519940e+00 2.4645144482e+00 2.4615492125e+00 2.4669549929e+00 3.4495936965e+02 3.5858591461e+02 4.7705123901e+02 2.2740398551e+02 2.3814504051e+02 2.6702798462e+02 0 0
251 2.1945883643e+04 2.3445604791e+04 2.3357613577e+04 2.3783320542e+04 2.3108453864e+04 2.4538928130e+00 2.4634846868e+00 2.4624578432e+00 2.4593017870e+00 2.4645829888e+00 4.3653066894e+02 4.2647129059e+02 4.3191445160e+02 2.3730289546e+02 2.5175597954e+02 2.5985494232e+02 0 0
252 2.1695722443e+04 2.2537610876e+04 2.2377523724e+04 2.1953702558e+04 2.3511813541e+04 2.4519455920e+00 2.4613536115e+00 2.4603585183e+00 2.4570260293e+00 2.4623414266e+00 5.6987249353e+02 3.9062348175e+02 4.0853796387e+02 2.6432195401e+02 2.4181991959e+02 2.4996969223e+02 0 0
253 2.1777683596e+04 2.3729879899e+04 2.3576954171e+04 2.2790785506e+04 2.2746947400e+04 2.4499379935e+00 2.4590134062e+00 2.4581424731e+00 2.4547195974e+00 2.4601129624e+00 4.7777290737e+02 4.0111421967e+02 4.1586492157e+02 2.4621797028e+02 2.3751888466e+02 2.4983132172e+02 0 0
254 2.1467779820e+04 2.1920650355e+04 2.1943729492e+04 2.1859958646e+04 2.3128170183e+04 2.4477493951e+00 2.4567101263e+00 2.4558542446e+00 2.4525600895e+00 2.4578299730e+00 3.5862219908e+02 3.9748044586e+02 4.2718690491e+02 2.1828551780e+02 2.3665662956e+02 2.4849894333e+02 0 0
255 2.1376278689e+04 2.2744276467e+04 2.2751857946e+04 2.2273218357e+04 2.1935515677e+04 2.4456173768e+00 2.4545391811e+00 2.4536621739e+00 2.4503595746e+00 2.4555897100e+00 3.3801469396e+02 4.0052585602e+02 4.0020357513e+02 2.0842904311e+02 2.3233687401e+02 2.3843981361e+02 0 0
256 2.1234654544e+04 2.1833053108e+04 2.2191702954e+04 2.1747143261e+04 2.2393804858e+04 2.4435827834e+00 2.4522487278e+00 2.4512792375e+00 2.4481110996e+00 2.4536456040e+00 3.3751379787e+02 3.6877970886e+02 4.8216397858e+02 2.0773247822e+02 2.2376009178e+02 2.4749688339e+02 0 0
257 2.0980535951e+04 2.1687357423e+04 2.1988931761e+04 2.1311393385e+04 2.1693675392e+04 2.4414911280e+00 2.4503540704e+00 2.4490941303e+00 2.4460764755e+00 2.4514189279e+00 2.9410183391e+02 3.3172415924e+02 4.7037768555e+02 1.9386794630e+02 2.0845371056e+02 2.5039184189e+02 0 0
258 2.0676872224e+04 2.1197017903e+04 2.1788100973e+04 2.1680873783e+04 2.1930508430e+04 2.4393705076e+00 2.4484513660e+00 2.4468169194e+00 2.4438163972e+00 2.4494261721e+00 2.8475112549e+02 3.3133345032e+02 4.2705979919e+02 1.8824824350e+02 2.0867934990e+02 2.3219811440e+02 0 0
259 2.0665762798e+04 2.1629428841e+04 2.0913985369e+04 2.0716787396e+04 2.1391144336e+04 2.4372611026e+00 2.4463494796e+00 2.4447923277e+00 2.4417784713e+00 2.4473667227e+00 2.9442320687e+02 3.0252321625e+02 4.0785748291e+02 1.8959172645e+02 1.9666924858e+02 2.2802899170e+02 0 0
260 2.0161096429e+04 2.1349700138e+04 2.1058326619e+04 2.0569616428e+04 2.1227845863e+04 2.4351877200e+00 2.4442760307e+00 2.4428962754e+00 2.4398847832e+00 2.4452656327e+00 2.8991342256e+02 3.6345927429e+02 3.5664173889e+02 1.8576054737e+02 2.0347470856e+02 2.1141737366e+02 0 0
261 2.0425946316e+04 2.0703337702e+04 2.0260852499e+04 2.0321593638e+04 2.1000772557e+04 2.4330385517e+00 2.4421591943e+00 2.4410488240e+00 2.4380515646e+00 2.4433281514e+00 2.9021431041e+02 4.0700849152e+02 3.7865399170e+02 1.8505936384e+02 2.1176460648e+02 2.1477057648e+02 0 0
262 2.0072622647e+04 2.0898815277e+04 2.0818029109e+04 2.0374032100e+04 2.0563853335e+04 2.4307629331e+00 2.4401740424e+00 2.4392311156e+00 2.4360972418e+00 2.4413936725e+00 2.8039238458e+02 4.1381278229e+02 3.7446044159e+02 1.8194990997e+02 2.1282565308e+02 2.0902881622e+02 0 0
263 1.9533764805e+04 2.0323386332e+04 2.0437922399e+04 2.0204414567e+04 2.0859373720e+04 2.4286240202e+00 2.4382594072e+00 2.4372650429e+00 2.4340900897e+00 2.4393980338e+00 2.7779212666e+02 3.5560833740e+02 3.5358912659e+02 1.7728680148e+02 2.0136668968e+02 2.0483605385e+02 0 0
264 1.9435256840e+04 2.0284671651e+04 2.0435597960e+04 2.0006821237e+04 2.0224113924e+04 2.4264154549e+00 2.4362173415e+00 2.4351293485e+00 2.4320212538e+00 2.4374764785e+00 2.8857543474e+02 3.1677240753e+02 3.2875755310e+02 1.7862128527e+02 1.8989101410e+02 1.9424346733e+02 0 0
265 1.9197752939e+04 1.9798893706e+04 2.0041536867e+04 2.0247871987e+04 2.0245690900e+04 2.4242619414e+00 2.4343468770e+00 2.4331248089e+00 2.4299034589e+00 2.4356086002e+00 2.5205711455e+02 3.1833483887e+02 4.1491968536e+02 1.6623237904e+02 1.9008365822e+02 2.0981330299e+02 0 0
266 1.9014689037e+04 1.9938480584e+04 1.9842455493e+04 1.9618557745e+04 1.9771132087e+04 2.4220446323e+00 2.4324197929e+00 2.4310742015e+00 2.4276654195e+00 2.4335853618e+00 2.3473370299e+02 3.0196097565e+02 3.9404956818e+02 1.5837718100e+02 1.8356822395e+02 2.0526204109e+02 0 0
267 1.8596284976e+04 2.0146327109e+04 1.9897764297e+04 1.9361547046e+04 1.9967865384e+04 2.4199831084e+00 2.4302551071e+00 2.4290489252e+00 2.4255867385e+00 2.4316976776e+00 2.6817417804e+02 2.9635982513e+02 3.7951527405e+02 1.6365669699e+02 1.7982205582e+02 2.0179893303e+02 0 0
268 1.8745130638e+04 1.9518071216e+04 1.9269811416e+04 1.9186108308e+04 1.9822514876e+04 2.4179883941e+00 2.4281375052e+00 2.4270515544e+00 2.4233919741e+00 2.4296655336e+00 3.0051775931e+02 2.7166055298e+02 3.5394171143e+02 1.6991261269e+02 1.7170314789e+02 1.9499015427e+02 0 0
269 1.8463811939e+04 1.9237010994e+04 1.9112541642e+04 1.8897117664e+04 1.9510955282e+04 2.4160949081e+00 2.4260348901e+00 2.4250566587e+00 2.4212716216e+00 2.4275783756e+00 3.5512015680e+02 2.4921345520e+02 3.7310281372e+02 1.8047542229e+02 1.6113388443e+02 1.9509390068e+02 0 0
270 1.8765387183e+04 1.8819060976e+04 1.8806909369e+04 1.8614368644e+04 1.9229810191e+04 2.4140247640e+00 2.4239844392e+00 2.4230368570e+00 2.4192737900e+00 2.4255549218e+00 3.5683939412e+02 2.9323063660e+02 3.2431118774e+02 1.8616224557e+02 1.6826879692e+02 1.8562223244e+02 0 0
271 1.8555331014e+04 1.9044824599e+04 1.9082232993e+04 1.8448215090e+04 1.8749986240e+04 2.4119254382e+00 2.4219394906e+00 2.4209798023e+00 2.4173580236e+00 2.4234743014e+00 2.8270484727e+02 3.6711766052e+02 2.8713262177e+02 1.6779579025e+02 1.8156956673e+02 1.7190452003e+02 0 0
272 1.8520351674e+04 1.8787150502e+04 1.8943934122e+04 1.8865831972e+04 1.8863647155e+04 2.4097619663e+00 2.4197890464e+00 2.4187516964e+00 2.4153846895e+00 2.4214893936e+00 2.5406108247e+02 3.4584470367e+02 2.9662321472e+02 1.6089563328e+02 1.8233058929e+02 1.7001014709e+02 0 0
273 1.9062117403e+04 1.8562485178e+04 1.8656749556e+04 1.8575531433e+04 1.8545200996e+04 2.4076021747e+00 2.4178073571e+00 2.4166732984e+00 2.4132514050e+00 2.4195411928e+00 2.7775342331e+02 2.9412641144e+02 3.2491654205e+02 1.6728534142e+02 1.7202928734e+02 1.7471525383e+02 0 0
274 1.7836066180e+04 1.8751554602e+04 1.8700614749e+04 1.8388866197e+04 1.8705457599e+04 2.4056081608e+00 2.4157876611e+00 2.4145890289e+00 2.4112566171e+00 2.4175733050e+00 2.5942268685e+02 3.2060770416e+02 3.5496049500e+02 1.5922585750e+02 1.7391859436e+02 1.8160635567e+02 0 0
275 1.8181518087e+04 1.8600117849e+04 1.8342147312e+04 1.8310844874e+04 1.8630583029e+04 2.4036571560e+00 2.4136314409e+00 2.4125754924e+00 2.4093040171e+00 2.4155132667e+00 2.8567051172e+02 3.3919519806e+02 3.0620848846e+02 1.6214166553e+02 1.7640969276e+02 1.7368505669e+02 0 0
276 1.7375437393e+04 1.8664356619e+04 1.8493312954e+04 1.8504883680e+04 1.8743779768e+04 2.4015704148e+00 2.4115687012e+00 2.4106302562e+00 2.4072937393e+00 2.4134278213e+00 2.5585607335e+02 3.3685603333e+02 2.9231641388e+02 1.5325336454e+02 1.7737398720e+02 1.7171242332e+02 0 0
277 1.7669695568e+04 1.8660970178e+04 1.8550306089e+04 1.8518132087e+04 1.8508839834e+04 2.3996105936e+00 2.4093447499e+00 2.4085132870e+00 2.4052494742e+00 2.4112544645e+00 2.6862414374e+02 3.2422514343e+02 2.7387995911e+02 1.5436825693e+02 1.7760018539e+02 1.6603962898e+02 0 0
278 1.7631340469e+04 1.8668656942e+04 1.8548875977e+04 1.8218843871e+04 1.8457357557e+04 2.3975435417e+00 2.4072197676e+00 2.4064207035e+00 2.4031620223e+00 2.4092585462e+00 2.2579278920e+02 2.4153424644e+02 2.7883934784e+02 1.4433975869e+02 1.5470875740e+02 1.6361904144e+02 0 0
279 1.7183747964e+04 1.7943379392e+04 1.7969706954e+04 1.7774394167e+04 1.8554268080e+04 2.3955079965e+00 2.4052490830e+00 2.4045385406e+00 2.4011270613e+00 2.4071959360e+00 2.2166127781e+02 2.4284216309e+02 3.1225733948e+02 1.3958186372e+02 1.5123643303e+02 1.7299512863e+02 0 0
280 1.7051522992e+04 1.7554121112e+04 1.7777187179e+04 1.7608572458e+04 1.8230551939e+04 2.3935323749e+00 2.4034697024e+00 2.4026171048e+00 2.3991356816e+00 2.4051565531e+00 2.4896901283e+02 2.6084957123e+02 3.0118559265e+02 1.4534629952e+02 1.5152076530e+02 1.7009142303e+02 0 0
281 1.6767770657e+04 1.7767813597e+04 1.7927279771e+04 1.7193725367e+04 1.7859368858e+04 2.3917010405e+00 2.4016014268e+00 2.4006416531e+00 2.3971739026e+00 2.4032193534e+00 3.1031403378e+02 2.7681405640e+02 2.6358408356e+02 1.5345502115e+02 1.5483690071e+02 1.5696470451e+02 0 0
282 1.7271767405e+04 1.7448976589e+04 1.7650401469e+04 1.7458390304e+04 1.7816335875e+04 2.3897900990e+00 2.3996256450e+00 2.3984843078e+00 2.3952416878e+00 2.4011451129e+00 3.0094304766e+02 2.7704026031e+02 2.4886848068e+02 1.5715638444e+02 1.5124418068e+02 1.5268253708e+02 0 0
283 1.6941220061e+04 1.6936227679e+04 1.7172065688e+04 1.7511026012e+04 1.7615542228e+04 2.3877008168e+00 2.3977528195e+00 2.3964754394e+00 2.3932765837e+00 2.3991656622e+00 2.3473444093e+02 2.5087411308e+02 2.4508278656e+02 1.4008827443e+02 1.4907581520e+02 1.4762893677e+02 0 0
284 1.7261751240e+04 1.7767605579e+04 1.7514015416e+04 1.7055969981e+04 1.7147066455e+04 2.3856217117e+00 2.3958475319e+00 2.3945565935e+00 2.3910919033e+00 2.3971029436e+00 2.0245220452e+02 2.0909298134e+02 2.4836825180e+02 1.3325544895e+02 1.3694042969e+02 1.4874212837e+02 0 0
285 1.6431588902e+04 1.7053039143e+04 1.7241370711e+04 1.7247079753e+04 1.7567970856e+04 2.3835056611e+00 2.3938146137e+00 2.3925347582e+00 2.3890131574e+00 2.3951323565e+00 2.0620880871e+02 2.2855064011e+02 2.4102575493e+02 1.3181505854e+02 1.4025302887e+02 1.4335977173e+02 0 0
286 1.6605925343e+04 1.7176694909e+04 1.6920089834e+04 1.6777447720e+04 1.6905080893e+04 2.3814985026e+00 2.3918564719e+00 2.3905662814e+00 2.3870342185e+00 2.3932453559e+00 2.7365215436e+02 2.2952556610e+02 2.6041400146e+02 1.4469059978e+02 1.3823505402e+02 1.4777249908e+02 0 0
287 1.6838015981e+04 1.7019432658e+04 1.7096768350e+04 1.7043680354e+04 1.7267654849e+04 2.3793785273e+00 2.3897871695e+00 2.3885632707e+00 2.3851790437e+00 2.3912682614e+00 2.6988121649e+02 2.8548124695e+02 2.7166349792e+02 1.4767788855e+02 1.4706471634e+02 1.4890427971e+02 0 0
288 1.6977519495e+04 1.6757497665e+04 1.6727003318e+04 1.6530516749e+04 1.6481630987e+04 2.3770811330e+00 2.3878756987e+00 2.3866336471e+00 2.3831787045e+00 2.3894117803e+00 2.2962424339e+02 2.6840504456e+02 2.9536470032e+02 1.3804495536e+02 1.4585004997e+02 1.5052827263e+02 0 0
289 1.6870261341e+04 1.7121202761e+04 1.7092600504e+04 1.6945276628e+04 1.7210787315e+04 2.3747710237e+00 2.3859862150e+00 2.3847991170e+00 2.3811887037e+00 2.3875726584e+00 2.2399819083e+02 2.7443791962e+02 3.3251844788e+02 1.3674186770e+02 1.4784581947e+02 1.5903100586e+02 0 0
290 1.6690008990e+04 1.6578263359e+04 1.6473282126e+04 1.6511465108e+04 1.7183523271e+04 2.3723252650e+00 2.3840161659e+00 2.3828418906e+00 2.3790007299e+00 2.3854757685e+00 1.9848357010e+02 2.3273476219e+02 2.2409278107e+02 1.3052059488e+02 1.3913306618e+02 1.3894135857e+02 0 0
291 1.6689395490e+04 1.6988607948e+04 1.6924460878e+04 1.6990832352e+04 1.6748247908e+04 2.3699900155e+00 2.3818779842e+00 2.3807919428e+00 2.3767695790e+00 2.3834612548e+00 1.9107493050e+02 2.4103378677e+02 2.1449510765e+02 1.2684826667e+02 1.3970290184e+02 1.3261877060e+02 0 0
292 1.6473442643e+04 1.6384155273e+04 1.6372925456e+04 1.6698880442e+04 1.6827421431e+04 2.3676784211e+00 2.3797908670e+00 2.3787406582e+00 2.3745489349e+00 2.3813198151e+00 1.7839141489e+02 2.4851969147e+02 2.5293553925e+02 1.2093215141e+02 1.4097705269e+02 1.4366624641e+02 0 0
293 1.5872951144e+04 1.7229243976e+04 1.7295084157e+04 1.6752343836e+04 1.6435746408e+04 2.3655125014e+00 2.3775353057e+00 2.3764506738e+00 2.3723611560e+00 2.3792571546e+00 1.9582061481e+02 2.6052516174e+02 2.5282417870e+02 1.2169091007e+02 1.4269367027e+02 1.4094357491e+02 0 0
294 1.6413723338e+04 1.6477858113e+04 1.6631306383e+04 1.6445696337e+04 1.7210579072e+04 2.3633037508e+00 2.3752498319e+00 2.3740873656e+00 2.3700882430e+00 2.3770316077e+00 1.9376212468e+02 2.3838215828e+02 2.4895638466e+02 1.2297277106e+02 1.3833283234e+02 1.4333684921e+02 0 0
295 1.5914657350e+04 1.6821641299e+04 1.6893465719e+04 1.6274528810e+04 1.6603768247e+04 2.3611117275e+00 2.3731712104e+00 2.3718654644e+00 2.3678656411e+00 2.3746995220e+00 1.6776538240e+02 2.2663530922e+02 2.2437406731e+02 1.1460199465e+02 1.3281241608e+02 1.3541127205e+02 0 0
296 1.5972923254e+04 1.6123124263e+04 1.6243081974e+04 1.6254084533e+04 1.6861783536e+04 2.3590009387e+00 2.3709926506e+00 2.3695608795e+00 2.3657853920e+00 2.3724553195e+00 1.6314841724e+02 2.3162903404e+02 2.3758888626e+02 1.1095006991e+02 1.3105675316e+02 1.3782011032e+02 0 0
297 1.5668986955e+04 1.6382201073e+04 1.6200623198e+04 1.5876866190e+04 1.5986446259e+04 2.3568684626e+00 2.3688586382e+00 2.3674711620e+00 2.3637653304e+00 2.3703966399e+00 1.7284553794e+02 2.3505040169e+02 2.5609583282e+02 1.1313164353e+02 1.2953420830e+02 1.3806683731e+02 0 0
298 1.5361481473e+04 1.6133793602e+04 1.6026414696e+04 1.5821449744e+04 1.6344714620e+04 2.3548293363e+00 2.3667227309e+00 2.3654236693e+00 2.3617741579e+00 2.3683194633e+00 1.8529136193e+02 2.5936083221e+02 2.8433243561e+02 1.1418191583e+02 1.3369218254e+02 1.4381985283e+02 0 0
299 1.5635960693e+04 1.6203204621e+04 1.6106914788e+04 1.5808552622e+04 1.6012481132e+04 2.3527947511e+00 2.3645936479e+00 2.3634166372e+00 2.3597232687e+00 2.3661835112e+00 2.0128522873e+02 2.2289438248e+02 2.3102555084e+02 1.1735266152e+02 1.2702232265e+02 1.3120219612e+02 0 0
300 1.5303712742e+04 1.5826381014e+04 1.5921019565e+04 1.5499012614e+04 1.6221725679e+04 2.3507316597e+00 2.3625092006e+00 2.3612704872e+00 2.3578426365e+00 2.3641434171e+00 1.9636805901e+02 2.2417200470e+02 2.1313015366e+02 1.1657928603e+02 1.2261634445e+02 1.2564738178e+02 0 0
301 1.5489652990e+04 1.5560109511e+04 1.5596456008e+04 1.5878311245e+04 1.5764082720e+04 2.3487493106e+00 2.3605127995e+00 2.3592457950e+00 2.3558860027e+00 2.3620182260e+00 2.0297491391e+02 2.2277948761e+02 2.0812480927e+02 1.1633234426e+02 1.2420753479e+02 1.2362205410e+02 0 0
302 1.5232288013e+04 1.5669098251e+04 1.5580577140e+04 1.5446953874e+04 1.5701548459e+04 2.3466406829e+00 2.3586753171e+00 2.3573982713e+00 2.3538113805e+00 2.3600362764e+00 1.9049761712e+02 2.0108730507e+02 2.1191761208e+02 1.1405748674e+02 1.1898977470e+02 1.2236061192e+02 0 0
303 1.5173462242e+04 1.5675434029e+04 1.5749860698e+04 1.5564546380e+04 1.5534815609e+04 2.3446924305e+00 2.3566771698e+00 2.3554296112e+00 2.3517361384e+00 2.3581025950e+00 2.2279803603e+02 1.8951477242e+02 2.2087780571e+02 1.1932121770e+02 1.1542610455e+02 1.2251797104e+02 0 0
304 1.5187236068e+04 1.5452287856e+04 1.5473878376e+04 1.5318646415e+04 1.5580921667e+04 2.3427813841e+00 2.3547390841e+00 2.3534030770e+00 2.3496303169e+00 2.3562444640e+00 2.5083671973e+02 1.8605035973e+02 2.2574179077e+02 1.2551062871e+02 1.1390130901e+02 1.2249363327e+02 0 0
305 1.5482412261e+04 1.5262895662e+04 1.5569650478e+04 1.5470761067e+04 1.5631283505e+04 2.3406695866e+00 2.3527729670e+00 2.3512955460e+00 2.3475601239e+00 2.3542435911e+00 2.2482018580e+02 1.9174402046e+02 2.2901023293e+02 1.2201899622e+02 1.1506865215e+02 1.2495040226e+02 0 0
306 1.5339984396e+04 1.5341750096e+04 1.5105095299e+04 1.5221963080e+04 1.5235589913e+04 2.3384591206e+00 2.3508228063e+00 2.3492813459e+00 2.3455279718e+00 2.3522164817e+00 1.9797512206e+02 1.9243473434e+02 1.9934444046e+02 1.1625992181e+02 1.1327981663e+02 1.1612961578e+02 0 0
307 1.5047856416e+04 1.5419772761e+04 1.5255334542e+04 1.5404832489e+04 1.5450121035e+04 2.3363264885e+00 2.3487754011e+00 2.3474125964e+00 2.3434997375e+00 2.3502074732e+00 2.0527909351e+02 2.1676529694e+02 2.1508853340e+02 1.1677671365e+02 1.1939545822e+02 1.1985708904e+02 0 0
308 1.4815964780e+04 1.5316720276e+04 1.5273448334e+04 1.5367623108e+04 1.5313331186e+04 2.3342985130e+00 2.3466760868e+00 2.3454057309e+00 2.3413277955e+00 2.3481443478e+00 2.6373580745e+02 1.9559612846e+02 1.9192003441e+02 1.2604007822e+02 1.1720216942e+02 1.1525055790e+02 0 0
309 1.5113557806e+04 1.5384609972e+04 1.5454308396e+04 1.5260385316e+04 1.5312681281e+04 2.3321142909e+00 2.3446312279e+00 2.3433418106e+00 2.3391940199e+00 2.3461011353e+00 2.2333313135e+02 1.8379543304e+02 1.9254811859e+02 1.2047441470e+02 1.1128250694e+02 1.1321986580e+02 0 0
310 1.4689253432e+04 1.5092945637e+04 1.5101666663e+04 1.5421082712e+04 1.5214365843e+04 2.3298783768e+00 2.3425456214e+00 2.3411953060e+00 2.3370878630e+00 2.3441133780e+00 1.7256128809e+02 2.2463946342e+02 2.1335153580e+02 1.0700188982e+02 1.2105875206e+02 1.1791651344e+02 0 0
311 1.4564218641e+04 1.5440447144e+04 1.5556725105e+04 1.5063349959e+04 1.5059848605e+04 2.3277507342e+00 2.3404613335e+00 2.3390586599e+00 2.3349913895e+00 2.3421779855e+00 1.7344844214e+02 2.2787469482e+02 2.5134009361e+02 1.0440947480e+02 1.2076981258e+02 1.2513331985e+02 0 0
312 1.4298160821e+04 1.5095522515e+04 1.5358311366e+04 1.4763440249e+04 1.5340750438e+04 2.3256752565e+00 2.3383983716e+00 2.3367884856e+00 2.3329183164e+00 2.3401224624e+00 1.8062889705e+02 2.6337036133e+02 2.3636500168e+02 1.0359183147e+02 1.2737623215e+02 1.2383039474e+02 0 0
313 1.3782356303e+04 1.5354133255e+04 1.5190014088e+04 1.5050889675e+04 1.5396980483e+04 2.3237553502e+00 2.3363560673e+00 2.3346004374e+00 2.3307526077e+00 2.3379293999e+00 1.9129985218e+02 2.2390448189e+02 1.9659300613e+02 1.0146915043e+02 1.2038033390e+02 1.1605893421e+02 0 0
314 1.3853596928e+04 1.4722424800e+04 1.4936206747e+04 1.4908967503e+04 1.5252360342e+04 2.3218776255e+00 2.3341628788e+00 2.3323126113e+00 2.3284549619e+00 2.3356984793e+00 2.1157254606e+02 1.6667768669e+02 2.0040015411e+02 1.0561611601e+02 1.0624798107e+02 1.1604126835e+02 0 0
315 1.3944461704e+04 1.4966874356e+04 1.4763078270e+04 1.4443310424e+04 1.4601141873e+04 2.3197654911e+00 2.3320288700e+00 2.3301385800e+00 2.3261809907e+00 2.3336513593e+00 1.7095989186e+02 1.5497864914e+02 2.2802283096e+02 9.8306923529e+01 1.0087276745e+02 1.1912353420e+02 0 0
316 1.3985553238e+04 1.4808193408e+04 1.4443685402e+04 1.4326514719e+04 1.4903158323e+04 2.3175622539e+00 2.3297660612e+00 2.3281404753e+00 2.3240884983e+00 2.3315296343e+00 1.3937916502e+02 1.6562565613e+02 2.4193482971e+02 9.0618994289e+01 9.9943281174e+01 1.2274376678e+02 0 0
317 1.3585890901e+04 1.4437573757e+04 1.4232520508e+04 1.4180935935e+04 1.4518375667e+04 2.3153919420e+00 2.3275696556e+00 2.3261642013e+00 2.3220805919e+00 2.3294535124e+00 1.3313360082e+02 1.7570076370e+02 1.9484919548e+02 8.7094010511e+01 1.0006613827e+02 1.0975997448e+02 0 0
318 1.3755955151e+04 1.4180167559e+04 1.4117577696e+04 1.3806493545e+04 1.4395121396e+04 2.3132021928e+00 2.3254689831e+00 2.3242001574e+00 2.3200434819e+00 2.3274136154e+00 1.3769025004e+02 1.6905624962e+02 2.1279225922e+02 8.8417021689e+01 9.6604566574e+01 1.1242019463e+02 0 0
319 1.3540022611e+04 1.4311794297e+04 1.4292203749e+04 1.3814049660e+04 1.4184252677e+04 2.3111422377e+00 2.3234582051e+00 2.3222213855e+00 2.3180175767e+00 2.3253059770e+00 1.3858523931e+02 1.8103088570e+02 1.7996353722e+02 8.7260625266e+01 9.8970042229e+01 1.0418275356e+02 0 0
320 1.3027941123e+04 1.3792340483e+04 1.3815228120e+04 1.3871478652e+04 1.4213964964e+04 2.3090879400e+00 2.3214120659e+00 2.3201710597e+00 2.3159215156e+00 2.3233030937e+00 1.3756309863e+02 1.6085033226e+02 1.6782218742e+02 8.5023412614e+01 9.5177610397e+01 9.7915178299e+01 0 0
321 1.2951660407e+04 1.3802191710e+04 1.3768977885e+04 1.3709754775e+04 1.3936964375e+04 2.3072266097e+00 2.3194304314e+00 2.3181683243e+00 2.3137127041e+00 2.3212752571e+00 1.5442348904e+02 1.3957691002e+02 1.7042275047e+02 8.7235420342e+01 8.9223937035e+01 9.7245436668e+01 0 0
322 1.3080104538e+04 1.3711268359e+04 1.3701804845e+04 1.3525506571e+04 1.3894123074e+04 2.3052798657e+00 2.3173438227e+00 2.3161148600e+00 2.3116018792e+00 2.3191999079e+00 1.4316526809e+02 1.4107190132e+02 1.5838937569e+02 8.4868658387e+01 8.8249259949e+01 9.4352394104e+01 0 0
323 1.2789148046e+04 1.3736122306e+04 1.3873252539e+04 1.3585255537e+04 1.3614441744e+04 2.3033086650e+00 2.3152734435e+00 2.3139718518e+00 2.3094852060e+00 2.3171348204e+00 1.3151426816e+02 1.4661695480e+02 1.6570729828e+02 8.0849620766e+01 8.9347373009e+01 9.4654264450e+01 0 0
324 1.2793543509e+04 1.3198469002e+04 1.3527120019e+04 1.3049500833e+04 1.3677213751e+04 2.3012958029e+00 2.3132901994e+00 2.3117590533e+00 2.3076065720e+00 2.3151129084e+00 1.2896885613e+02 1.5344491005e+02 1.6775918388e+02 8.0465405034e+01 8.7663671494e+01 9.4662066460e+01 0 0
325 1.2816592855e+04 1.3487655393e+04 1.3455453021e+04 1.2802609734e+04 1.3533484400e+04 2.2992707470e+00 2.3114298082e+00 2.3097028564e+00 2.3057212377e+00 2.3130318063e+00 1.1056016238e+02 1.7182558250e+02 1.5280274010e+02 7.4771384186e+01 9.0307422638e+01 9.1509005547e+01 0 0
326 1.2419100658e+04 1.3358959241e+04 1.3139748552e+04 1.2764182387e+04 1.3385599426e+04 2.2972814910e+00 2.3094429768e+00 2.3078207528e+00 2.3039587999e+00 2.3109664767e+00 1.1063017856e+02 1.8249648857e+02 1.4686424446e+02 7.2880629250e+01 9.1675940514e+01 8.8357723236e+01 0 0
327 1.2398424671e+04 1.2917436897e+04 1.2720657216e+04 1.3043398330e+04 1.3132355158e+04 2.2953497282e+00 2.3074672811e+00 2.3059370649e+00 2.3020611140e+00 2.3091322236e+00 1.1449849347e+02 1.5423986435e+02 1.8027043152e+02 7.2537877117e+01 8.6466602325e+01 9.2804701805e+01 0 0
328 1.1834780437e+04 1.2956277243e+04 1.2777958522e+04 1.2819689856e+04 1.2913040850e+04 2.2935414586e+00 2.3054882264e+00 2.3041606245e+00 2.3000079112e+00 2.3073333507e+00 1.1885597867e+02 1.2753593731e+02 1.7847199249e+02 7.1387752927e+01 8.0247604370e+01 9.2298575401e+01 0 0
329 1.2078964152e+04 1.3001956161e+04 1.2904391811e+04 1.2647506632e+04 1.2749999843e+04 2.2918366276e+00 2.3035077414e+00 2.3022795211e+00 2.2980154335e+00 2.3054240380e+00 1.3745915017e+02 1.1719620037e+02 1.5548330498e+02 7.4384833012e+01 7.6202970505e+01 8.6956881523e+01 0 0
330 1.1972816194e+04 1.2787111011e+04 1.2716810292e+04 1.2309405835e+04 1.2843246941e+04 2.2900355342e+00 2.3015213355e+00 2.3003624154e+00 2.2961230572e+00 2.3035775448e+00 1.2624995005e+02 1.2731531429e+02 1.5519738197e+02 7.1701292039e+01 7.6216561317e+01 8.5740910530e+01 0 0
331 1.1767082597e+04 1.2637749800e+04 1.2554061016e+04 1.2318758379e+04 1.2952390359e+04 2.2882144824e+00 2.2995626380e+00 2.2984996325e+00 2.2942962421e+00 2.3015819136e+00 1.2167717384e+02 1.4059674263e+02 1.2994086456e+02 7.0669124994e+01 7.8141028404e+01 8.0686401367e+01 0 0
332 1.1860745167e+04 1.2293325669e+04 1.2307192044e+04 1.2210170187e+04 1.2522558205e+04 2.2863935335e+00 2.2976815753e+00 2.2966503259e+00 2.2924782221e+00 2.2996890030e+00 1.0981757316e+02 1.3018205261e+02 1.2861856079e+02 6.7397210177e+01 7.5368931770e+01 7.7986452103e+01 0 0
333 1.1621557993e+04 1.2253487340e+04 1.2322045934e+04 1.2006651490e+04 1.2372320073e+04 2.2845000720e+00 2.2959035027e+00 2.2948440347e+00 2.2905365127e+00 2.2978519498e+00 9.8801508222e+01 1.1144079781e+02 1.4975418472e+02 6.4268794894e+01 6.9929692268e+01 8.0814449310e+01 0 0
334 1.1426217888e+04 1.2078082629e+04 1.2194106117e+04 1.1914076380e+04 1.2216872267e+04 2.2827086547e+00 2.2941230679e+00 2.2929569160e+00 2.2887795565e+00 2.2960825413e+00 1.0727527611e+02 1.1524346924e+02 1.4584480286e+02 6.4083266877e+01 6.9083953857e+01 7.9799485207e+01 0 0
335 1.1642180992e+04 1.1945944249e+04 1.2037265470e+04 1.2133202051e+04 1.2275835124e+04 2.2809179278e+00 2.2923905659e+00 2.2911198844e+00 2.2869252790e+00 2.2942177292e+00 1.2479934888e+02 1.1687751198e+02 1.2609138298e+02 6.9057782387e+01 6.9620352745e+01 7.4350647926e+01 0 0
336 1.1407204387e+04 1.1786574057e+04 1.1843411671e+04 1.1553901506e+04 1.1912378772e+04 2.2790108580e+00 2.2906756244e+00 2.2893189057e+00 2.2851158244e+00 2.2924604810e+00 1.0301641143e+02 1.1377381802e+02 1.2713279247e+02 6.4514816952e+01 6.7771135330e+01 7.2319834709e+01 0 0
337 1.1525193503e+04 1.1900253443e+04 1.1900256804e+04 1.1810343941e+04 1.1736610754e+04 2.2771384337e+00 2.2889989052e+00 2.2875824491e+00 2.2833786999e+00 2.2908416311e+00 1.0254552184e+02 1.3164055824e+02 1.5161916924e+02 6.3261905000e+01 7.0497411728e+01 7.5333861351e+01 0 0
338 1.1418201335e+04 1.1753773862e+04 1.1657043193e+04 1.1326218787e+04 1.1852371915e+04 2.2752060293e+00 2.2873287036e+00 2.2859415888e+00 2.2815621817e+00 2.2891765330e+00 9.2446504226e+01 1.1149937153e+02 1.6008062935e+02 6.0991860198e+01 6.6962358475e+01 7.7986545563e+01 0 0
339 1.1641104135e+04 1.1728211458e+04 1.1752043567e+04 1.1653833704e+04 1.2018556319e+04 2.2732503460e+00 2.2855337100e+00 2.2841670948e+00 2.2797475962e+00 2.2873718336e+00 9.3368467462e+01 1.0834623623e+02 1.2079683113e+02 6.0979426147e+01 6.4744787216e+01 7.0333519936e+01 0 0
340 1.1287115436e+04 1.1620441300e+04 1.1640050172e+04 1.1268607012e+04 1.1679479440e+04 2.2713797403e+00 2.2837045246e+00 2.2822870279e+00 2.2779165108e+00 2.2855075356e+00 1.0217780532e+02 1.1965745544e+02 1.0885319424e+02 6.2936611839e+01 6.6943082809e+01 6.6875791550e+01 0 0
341 1.1440963735e+04 1.1298465383e+04 1.1553991518e+04 1.1326675064e+04 1.1814724373e+04 2.2694884856e+00 2.2819021874e+00 2.2803915862e+00 2.2762342745e+00 2.2836457227e+00 1.1269663338e+02 1.3908643913e+02 1.0020424080e+02 6.4645501766e+01 7.0332846642e+01 6.4021129608e+01 0 0
342 1.1079415239e+04 1.1660048027e+04 1.1469063432e+04 1.1298141440e+04 1.1317985687e+04 2.2676144935e+00 2.2801896592e+00 2.2785959288e+00 2.2744710974e+00 2.2817686886e+00 1.1090171111e+02 1.2800699425e+02 9.8012825966e+01 6.4597291306e+01 6.8524333000e+01 6.2919052124e+01 0 0
343 1.1393499429e+04 1.1327031385e+04 1.1290415759e+04 1.1469073546e+04 1.1761349582e+04 2.2657595199e+00 2.2782192839e+00 2.2767358627e+00 2.2726268927e+00 2.2799235281e+00 1.2069350923e+02 1.0972894764e+02 1.0317934036e+02 6.5834186743e+01 6.4343023300e+01 6.3843107700e+01 0 0
344 1.1092166624e+04 1.1295105135e+04 1.1235604835e+04 1.1264200282e+04 1.1145689750e+04 2.2637806449e+00 2.2764729282e+00 2.2750493138e+00 2.2708518684e+00 2.2780844836e+00 1.0541312833e+02 1.1886029243e+02 1.0933955956e+02 6.3430344083e+01 6.5599793434e+01 6.4506844521e+01 0 0
345 1.1288504604e+04 1.1212923615e+04 1.1214858358e+04 1.1476582070e+04 1.1457469180e+04 2.2617925196e+00 2.2747796019e+00 2.2734076165e+00 2.2691111520e+00 2.2762918454e+00 9.9022609850e+01 1.4670123291e+02 1.2388321781e+02 6.0881110521e+01 7.1372204781e+01 6.7500177383e+01 0 0
346 1.0947885439e+04 1.1509668631e+04 1.1534568913e+04 1.1196689511e+04 1.1183343328e+04 2.2597493863e+00 2.2729447021e+00 2.2715682966e+00 2.2672951198e+00 2.2745246792e+00 9.4781958927e+01 1.2623501110e+02 1.0925839138e+02 5.9862098858e+01 6.7977257729e+01 6.3763165474e+01 0 0
347 1.1031042335e+04 1.1413209189e+04 1.1390968352e+04 1.1489577886e+04 1.1462372529e+04 2.2578965626e+00 2.2710705359e+00 2.2696915888e+00 2.2653204469e+00 2.2727542210e+00 1.0739145423e+02 1.0879812717e+02 1.2108518982e+02 6.0809981855e+01 6.4627711296e+01 6.6600209236e+01 0 0
348 1.0689324423e+04 1.1452753031e+04 1.1414476072e+04 1.1158394150e+04 1.1565723151e+04 2.2561163345e+00 2.2691899271e+00 2.2678402240e+00 2.2632694067e+00 2.2707479671e+00 1.3485375629e+02 9.2272329330e+01 1.0439656830e+02 6.5912977936e+01 6.0482367516e+01 6.4486042023e+01 0 0
349 1.0980137296e+04 1.1171964554e+04 1.1186311635e+04 1.1372843444e+04 1.1416671319e+04 2.2542035927e+00 2.2672514002e+00 2.2658927195e+00 2.2612935242e+00 2.2688099310e+00 1.2402279087e+02 9.8699215889e+01 9.4707324982e+01 6.5428758241e+01 6.0764255047e+01 6.0774215698e+01 0 0
350 1.0924723188e+04 1.1193282628e+04 1.1273667371e+04 1.1048340328e+04 1.0994881718e+04 2.2521579918e+00 2.2653881116e+00 2.2639849560e+00 2.2592875654e+00 2.2670162486e+00 8.7214911292e+01 9.7006504059e+01 1.1305772972e+02 5.6364216503e+01 6.0682204247e+01 6.3548842430e+01 0 0
351 1.0791688976e+04 1.1018741852e+04 1.1218690120e+04 1.0934510506e+04 1.1243790108e+04 2.2501370274e+00 2.2635646298e+00 2.2619900290e+00 2.2573816526e+00 2.2652088229e+00 9.0579172980e+01 1.0944264889e+02 1.3931518936e+02 5.6472933077e+01 6.1396070480e+01 6.9256899834e+01 0 0
352 1.0464927694e+04 1.1239437352e+04 1.1119016863e+04 1.0771760116e+04 1.1061464641e+04 2.2482833944e+00 2.2617488514e+00 2.2601131203e+00 2.2555185369e+00 2.2633427274e+00 1.1128716016e+02 1.2475921059e+02 1.2024473476e+02 5.9482801319e+01 6.5346577644e+01 6.5858901978e+01 0 0
353 1.0564205417e+04 1.1040927135e+04 1.1037564224e+04 1.1087040363e+04 1.1347429665e+04 2.2464088948e+00 2.2597849287e+00 2.2581689070e+00 2.2535836367e+00 2.2614078258e+00 1.0762117578e+02 1.1032377052e+02 1.0939675999e+02 5.9156016411e+01 6.2146803379e+01 6.3011240482e+01 0 0
354 1.0187228911e+04 1.0970107748e+04 1.0847525801e+04 1.0539818594e+04 1.0897922004e+04 2.2444918651e+00 2.2577771944e+00 2.2562214647e+00 2.2516999003e+00 2.2594602536e+00 9.1004284302e+01 1.0958162594e+02 1.0239089203e+02 5.5007410410e+01 6.0509862423e+01 6.1052379608e+01 0 0
355 1.0560696815e+04 1.0968082057e+04 1.0975027654e+04 1.1025011565e+04 1.1019877313e+04 2.2425086713e+00 2.2557608624e+00 2.2542605989e+00 2.2498491114e+00 2.2575664684e+00 8.6335334422e+01 1.2328845882e+02 1.1296527672e+02 5.3301916001e+01 6.3612171173e+01 6.2415258408e+01 0 0
356 1.0159021377e+04 1.0833046847e+04 1.0817250667e+04 1.0680653164e+04 1.0648087152e+04 2.2405471838e+00 2.2537860694e+00 2.2522685055e+00 2.2478045104e+00 2.2556450057e+00 8.0803718113e+01 9.3692013741e+01 1.0869768810e+02 5.1616978558e+01 5.7447426319e+01 6.1503365517e+01 0 0
357 1.0231754259e+04 1.0664654519e+04 1.0683918008e+04 1.0649114893e+04 1.0882107149e+04 2.2386649456e+00 2.2519275794e+00 2.2504161916e+00 2.2458391996e+00 2.2538591199e+00 8.4675329263e+01 9.9762024879e+01 1.2530322647e+02 5.1724508082e+01 5.7997426510e+01 6.3416805744e+01 0 0
358 9.9043842479e+03 1.0884633572e+04 1.0845636173e+04 1.0471457587e+04 1.0609481043e+04 2.2367097045e+00 2.2500581294e+00 2.2485391930e+00 2.2439026490e+00 2.2520033605e+00 8.4267217633e+01 9.1749899864e+01 1.1709839916e+02 5.1229092533e+01 5.5155834675e+01 6.2321454048e+01 0 0
359 1.0024819182e+04 1.0402402030e+04 1.0439090382e+04 1.0344853793e+04 1.0879272034e+04 2.2348717485e+00 2.2481107624e+00 2.2465904410e+00 2.2420083620e+00 2.2501531175e+00 8.7305853788e+01 9.4279747963e+01 1.1576546574e+02 5.1342309809e+01 5.4940276623e+01 6.1217648506e+01 0 0
360 9.7006906900e+03 1.0596429587e+04 1.0656906493e+04 1.0157264199e+04 1.0511076063e+04 2.2330885014e+00 2.2462705676e+00 2.2446767045e+00 2.2402048224e+00 2.2481910486e+00 8.8667596263e+01 1.0590059566e+02 1.0446431446e+02 5.0202238508e+01 5.6604382515e+01 5.9115276814e+01 0 0
361 9.6989264362e+03 1.0209795688e+04 1.0447937213e+04 1.0331523799e+04 1.0416619029e+04 2.2313222039e+00 2.2444098525e+00 2.2426515982e+00 2.2383464925e+00 2.2463792090e+00 9.0224245217e+01 9.8827972412e+01 1.0821917629e+02 5.0053995480e+01 5.5451417446e+01 5.8581891060e+01 0 0
362 9.4176808987e+03 1.0358294454e+04 1.0234262064e+04 1.0090232901e+04 1.0365161649e+04 2.2296218609e+00 2.2426474391e+00 2.2407631144e+00 2.2364219839e+00 2.2445715939e+00 9.1147712736e+01 8.9547445297e+01 1.0841445637e+02 4.8760028400e+01 5.2832666874e+01 5.7315833092e+01 0 0
363 9.4074461133e+03 1.0253502036e+04 1.0155206349e+04 1.0051784319e+04 1.0345217252e+04 2.2279941843e+00 2.2407521272e+00 2.2389924256e+00 2.2346155132e+00 2.2427198329e+00 9.8236106680e+01 9.5454256058e+01 1.0280196953e+02 5.0354161570e+01 5.2877929688e+01 5.7159154892e+01 0 0
364 9.5533473571e+03 1.0211824519e+04 1.0179818859e+04 9.8461736731e+03 1.0212143360e+04 2.2262499384e+00 2.2388252066e+00 2.2371055127e+00 2.2329216214e+00 2.2408860375e+00 8.7780761253e+01 1.0860134411e+02 9.5835230827e+01 4.8282962730e+01 5.4863272190e+01 5.4133624077e+01 0 0
365 9.5431290380e+03 9.9824542073e+03 9.9645901070e+03 9.7310324221e+03 1.0230342321e+04 2.2243734364e+00 2.2370471610e+00 2.2353556474e+00 2.2310902875e+00 2.2389957694e+00 7.7061325148e+01 1.0028839874e+02 9.3198867798e+01 4.6216490716e+01 5.3612332821e+01 5.3985761642e+01 0 0
366 9.4435142521e+03 1.0109312934e+04 1.0089115719e+04 9.7739343153e+03 1.0044408594e+04 2.2226476919e+00 2.2352585120e+00 2.2335603524e+00 2.2292352830e+00 2.2371232407e+00 8.1072000426e+01 7.8700958252e+01 8.6123402596e+01 4.6041364056e+01 4.7753634453e+01 5.1478375912e+01 0 0
367 9.3720264098e+03 9.5824685755e+03 9.5700194357e+03 9.5464607054e+03 1.0048929893e+04 2.2208736726e+00 2.2335243208e+00 2.2317660579e+00 2.2273957868e+00 2.2353180370e+00 9.3936624848e+01 7.3801150322e+01 9.4743757248e+01 4.9168332079e+01 4.5936789989e+01 5.2429238319e+01 0 0
368 9.3504025886e+03 9.6962970252e+03 9.7908414347e+03 9.5510602553e+03 9.8716272215e+03 2.2191372437e+00 2.2318432757e+00 2.2300209866e+00 2.2256354767e+00 2.2335007063e+00 9.7401461865e+01 7.8019432068e+01 9.0252048492e+01 4.9264000192e+01 4.5958254814e+01 5.1455791950e+01 0 0
369 9.4358909510e+03 9.4829767478e+03 9.4731038208e+03 9.4853554493e+03 9.5653206951e+03 2.2172722892e+00 2.2301429332e+00 2.2281676592e+00 2.2237879953e+00 2.2317259607e+00 8.9999227498e+01 7.7575078011e+01 8.5509872437e+01 4.8910716258e+01 4.6379952908e+01 4.8949251652e+01 0 0
370 9.3226715925e+03 9.5115660120e+03 9.6689093490e+03 9.6431961507e+03 9.6909277162e+03 2.2153941880e+00 2.2284278184e+00 2.2263951533e+00 2.2219336974e+00 2.2299667598e+00 7.8918831019e+01 7.2783252716e+01 8.6033619881e+01 4.5727827290e+01 4.4965950489e+01 4.8380640507e+01 0 0
371 9.2917437095e+03 9.5565943725e+03 9.2344481156e+03 9.4603492536e+03 9.5270948353e+03 2.2135438076e+00 2.2266730457e+00 2.2247199631e+00 2.2200468113e+00 2.2281337091e+00 8.4571722397e+01 7.2614307404e+01 7.5297295570e+01 4.6328468855e+01 4.5056756973e+01 4.6227222919e+01 0 0
372 9.3433639911e+03 9.6074050607e+03 9.5240814780e+03 9.6303669712e+03 9.5212284922e+03 2.2116878397e+00 2.2247732765e+00 2.2230797623e+00 2.2180684958e+00 2.2263684888e+00 8.5736714970e+01 7.1440312386e+01 7.3728505135e+01 4.6721034556e+01 4.4838190556e+01 4.4623005867e+01 0 0
373 9.3977028087e+03 9.5667892211e+03 9.5270385745e+03 9.4822630210e+03 9.2694319136e+03 2.2096506283e+00 2.2228736472e+00 2.2212962507e+00 2.2160519352e+00 2.2246968858e+00 7.4989484113e+01 6.6535449982e+01 9.1195260048e+01 4.5280910183e+01 4.3759439945e+01 4.8003926277e+01 0 0
374 9.5299810862e+03 9.4520537451e+03 9.5787172419e+03 9.4176769959e+03 9.6512133952e+03 2.2075830786e+00 2.2210162514e+00 2.2193658827e+00 2.2141004145e+00 2.2229739621e+00 6.5624143125e+01 6.8159511566e+01 9.7679266930e+01 4.2890703127e+01 4.3483696461e+01 4.9914751053e+01 0 0
375 9.3198871852e+03 9.4164197018e+03 9.4641491958e+03 9.4232580353e+03 9.3055596285e+03 2.2055099691e+00 2.2191522174e+00 2.2173608402e+00 2.2120629863e+00 2.2211159257e+00 6.3850221138e+01 7.0233701706e+01 8.1035098076e+01 4.1906037441e+01 4.4137081146e+01 4.6870739460e+01 0 0
376 9.1621973644e+03 9.3560555791e+03 9.4550113696e+03 9.2316915026e+03 9.5809043414e+03 2.2035857916e+00 2.2173179914e+00 2.2154261143e+00 2.2101822774e+00 2.2192539680e+00 7.1631164279e+01 7.3712115288e+01 7.8231557846e+01 4.3003665105e+01 4.3446219444e+01 4.6043360710e+01 0 0
377 9.1398949703e+03 9.4482447047e+03 9.3325357754e+03 9.2321334479e+03 9.3104191098e+03 2.2016364348e+00 2.2154114814e+00 2.2134896765e+00 2.2084635394e+00 2.2173152626e+00 6.6591588632e+01 1.0176107311e+02 7.4744500160e+01 4.1469616088e+01 4.8930584431e+01 4.5154870510e+01 0 0
378 8.9075289411e+03 9.3020062352e+03 9.3367908834e+03 9.2970274819e+03 9.4675462502e+03 2.1998083107e+00 2.2134436187e+00 2.2115815021e+00 2.2065831371e+00 2.2154037285e+00 7.0942222167e+01 9.8899807930e+01 7.7200692177e+01 4.1649631136e+01 4.9735773087e+01 4.5352433205e+01 0 0
379 8.9063071330e+03 9.4239766553e+03 9.3112009966e+03 9.3496301531e+03 9.2008521344e+03 2.1979989363e+00 2.2115097135e+00 2.2096803312e+00 2.2045312719e+00 2.2135424411e+00 8.1282099172e+01 7.6671206474e+01 7.6751412392e+01 4.3592870831e+01 4.5442836285e+01 4.4948507309e+01 0 0
380 8.9511979536e+03 9.2992141603e+03 9.3945465032e+03 9.2008973475e+03 9.3458217402e+03 2.1961387256e+00 2.2094963873e+00 2.2077068913e+00 2.2026270805e+00 2.2116700836e+00 6.8561348951e+01 7.3146267891e+01 8.2904336929e+01 4.0748530044e+01 4.3352723598e+01 4.5610097408e+01 0 0
381 9.0212344820e+03 9.1844651450e+03 9.1373536650e+03 9.0684331612e+03 9.1896376425e+03 2.1941602856e+00 2.2076904234e+00 2.2057948352e+00 2.2007591024e+00 2.2098605501e+00 6.4316193355e+01 8.0947170258e+01 9.1556589127e+01 4.0074487650e+01 4.4815919399e+01 4.7195738792e+01 0 0
382 8.9304711093e+03 9.2396060522e+03 9.2310775102e+03 8.9507613084e+03 9.2870059761e+03 2.1922055342e+00 2.2057581001e+00 2.2039187644e+00 2.1988962662e+00 2.2080367964e+00 5.8034611441e+01 7.7907292366e+01 9.6159250259e+01 3.8150712060e+01 4.3271934509e+01 4.8958174229e+01 0 0
383 8.8139325692e+03 9.0926216242e+03 9.0881588895e+03 8.9759964349e+03 9.1703295470e+03 2.1903507093e+00 2.2039271753e+00 2.2020643770e+00 2.1970838698e+00 2.2061140630e+00 6.6818183169e+01 7.7178033829e+01 8.3617351532e+01 3.9497369914e+01 4.3264636040e+01 4.6115750790e+01 0 0
384 8.8339130392e+03 8.9665770504e+03 8.9946339559e+03 8.9409261265e+03 9.3034754796e+03 2.1884445616e+00 2.2021362871e+00 2.2002181073e+00 2.1951858850e+00 2.2041499555e+00 6.4479305428e+01 7.1393632889e+01 7.4882968903e+01 3.8965197721e+01 4.1802926064e+01 4.4300215244e+01 0 0
385 8.7036594888e+03 8.9897768604e+03 8.8667261151e+03 8.9173090111e+03 8.8818970947e+03 2.1865732840e+00 2.2002994216e+00 2.1984188141e+00 2.1933206491e+00 2.2022644066e+00 6.6337579551e+01 6.6059957504e+01 6.9237274170e+01 3.8886053859e+01 3.9764339447e+01 4.1587134838e+01 0 0
386 8.9474605106e+03 8.9895775207e+03 8.8810693050e+03 8.9014659467e+03 8.8750310422e+03 2.1845672647e+00 2.1983221552e+00 2.1966098527e+00 2.1914292402e+00 2.2006117800e+00 6.1871081576e+01 7.0648818970e+01 9.1699996948e+01 3.8769140931e+01 4.0834574699e+01 4.5127511501e+01 0 0
387 8.5855788707e+03 8.9489673147e+03 8.9081962259e+03 8.7252112868e+03 8.8833759349e+03 2.1825694642e+00 2.1964442223e+00 2.1948195135e+00 2.1896693049e+00 2.1988415206e+00 5.4044634243e+01 7.8444302559e+01 8.7200048447e+01 3.5980502433e+01 4.1994113922e+01 4.4982302189e+01 0 0
388 8.7281617378e+03 9.0579935968e+03 9.0639902913e+03 8.8818430520e+03 8.8954424286e+03 2.1806378593e+00 2.1944644617e+00 2.1928551446e+00 2.1878678228e+00 2.1969586502e+00 5.8225928372e+01 8.1794147491e+01 7.4626770973e+01 3.6928384927e+01 4.2569620609e+01 4.2489730358e+01 0 0
389 8.6151596302e+03 8.8736562926e+03 8.9381984762e+03 8.7117208403e+03 8.9312503044e+03 2.1786070377e+00 2.1924827825e+00 2.1908219002e+00 2.1860358360e+00 2.1951088224e+00 5.2353875876e+01 7.2136583328e+01 6.4064548492e+01 3.5272391717e+01 4.0563791275e+01 3.9323141575e+01 0 0
390 8.6453296958e+03 8.7193325433e+03 8.8689891194e+03 8.6942095673e+03 8.9503573113e+03 2.1766058810e+00 2.1907204158e+00 2.1889150101e+00 2.1842232410e+00 2.1931850858e+00 5.6179008725e+01 7.1858442307e+01 6.4048265457e+01 3.6056556752e+01 3.9784135818e+01 3.9497169971e+01 0 0
391 8.5797014233e+03 8.8048295838e+03 8.8238862187e+03 8.8156297563e+03 8.7365530960e+03 2.1746190685e+00 2.1890293097e+00 2.1870328199e+00 2.1822549179e+00 2.1913030500e+00 5.5373158365e+01 6.8855773926e+01 6.8703704834e+01 3.5656281767e+01 4.0086208344e+01 4.0033821106e+01 0 0
392 8.5740963907e+03 8.6481947249e+03 8.6802059883e+03 8.6909534575e+03 8.8048604759e+03 2.1726261264e+00 2.1872701465e+00 2.1851703834e+00 2.1802951158e+00 2.1895412681e+00 5.7100924850e+01 5.9511415005e+01 7.5258652687e+01 3.5879082755e+01 3.7426527500e+01 4.0832843304e+01 0 0
393 8.4564023301e+03 8.7602260245e+03 8.6408731040e+03 8.7852002823e+03 8.8318333318e+03 2.1706101029e+00 2.1854325508e+00 2.1833883793e+00 2.1782704887e+00 2.1877059476e+00 5.6614931617e+01 5.5542834282e+01 6.9801844597e+01 3.5865063508e+01 3.6510834694e+01 4.0107761860e+01 0 0
394 8.4239979511e+03 8.6865422350e+03 8.6328122880e+03 8.6772622411e+03 8.7525977858e+03 2.1686299255e+00 2.1835199299e+00 2.1815753259e+00 2.1762146088e+00 2.1857367789e+00 6.0265662378e+01 4.8876597881e+01 6.1081317902e+01 3.6275711658e+01 3.4419398785e+01 3.7860343933e+01 0 0
395 8.2890938635e+03 8.6179115800e+03 8.5579698527e+03 8.5013071936e+03 8.7528080066e+03 2.1667926808e+00 2.1816165409e+00 2.1797492844e+00 2.1742719865e+00 2.1837922758e+00 7.1228405971e+01 5.7423429012e+01 6.0187344074e+01 3.7628038723e+01 3.5798428059e+01 3.7691325665e+01 0 0
396 8.4940520181e+03 8.6286578331e+03 8.6114723480e+03 8.5668720079e+03 8.6553659657e+03 2.1649391416e+00 2.1797291099e+00 2.1779067171e+00 2.1723211884e+00 2.1818411412e+00 7.7859358169e+01 6.3720510960e+01 5.9650218487e+01 3.9722634765e+01 3.7626928329e+01 3.7214693546e+01 0 0
397 8.2728275261e+03 8.5075815600e+03 8.5122274406e+03 8.4678762391e+03 8.5166434703e+03 2.1629495951e+00 2.1778510715e+00 2.1760305610e+00 2.1703955126e+00 2.1799641801e+00 6.3031337817e+01 6.3222754955e+01 6.0537756443e+01 3.6775195429e+01 3.6951571465e+01 3.6724140167e+01 0 0
398 8.4008509035e+03 8.5694867991e+03 8.5288010881e+03 8.6677018869e+03 8.5838117407e+03 2.1609950911e+00 2.1759843161e+00 2.1741896920e+00 2.1683445418e+00 2.1781300110e+00 6.2922669868e+01 5.8182366371e+01 6.7725493431e+01 3.6140121766e+01 3.6595326424e+01 3.8382714272e+01 0 0
399 8.1432406275e+03 8.3471427447e+03 8.3306907277e+03 8.2953326636e+03 8.5890516357e+03 2.1590534578e+00 2.1741432442e+00 2.1723881213e+00 2.1663185189e+00 2.1761717289e+00 6.2031300945e+01 5.5500489235e+01 6.0079856873e+01 3.5776803829e+01 3.5167819023e+01 3.6892032146e+01 0 0
400 8.1131410799e+03 8.6130463832e+03 8.5754943881e+03 8.5265252008e+03 8.4178895217e+03 2.1571105707e+00 2.1722996307e+00 2.1706139258e+00 2.1642875270e+00 2.1742710239e+00 6.1049413073e+01 6.0200148106e+01 6.3333298683e+01 3.5347518268e+01 3.6418427467e+01 3.6907924175e+01 0 0
401 8.2186570374e+03 8.4577273543e+03 8.4764804017e+03 8.3133396418e+03 8.4154144283e+03 2.1550992276e+00 2.1702844172e+00 2.1686081907e+00 2.1622948388e+00 2.1724635798e+00 5.6207675830e+01 5.7599888325e+01 7.2062337875e+01 3.4060184911e+01 3.4972033024e+01 3.8324313164e+01 0 0
402 8.0338166740e+03 8.4551177402e+03 8.4837260682e+03 8.3249139335e+03 8.4367728427e+03 2.1531560907e+00 2.1683548998e+00 2.1666271385e+00 2.1604799914e+00 2.1707268140e+00 5.3884434372e+01 7.6327466011e+01 8.4875634193e+01 3.2800704364e+01 3.8606027126e+01 4.0771811485e+01 0 0
403 8.1041281509e+03 8.3399338127e+03 8.5064954006e+03 8.3278828042e+03 8.5353439298e+03 2.1513427288e+00 2.1663327941e+00 2.1644846061e+00 2.1585365487e+00 2.1687219612e+00 6.8813244840e+01 7.1573145866e+01 6.7502090454e+01 3.5772426642e+01 3.8448179722e+01 3.8625038147e+01 0 0
404 8.1080963190e+03 8.3878416771e+03 8.3492308628e+03 8.3605856254e+03 8.2442726787e+03 2.1494051122e+00 2.1644796357e+00 2.1625089369e+00 2.1565102797e+00 2.1668087773e+00 6.8761941343e+01 5.7054396629e+01 6.1211590290e+01 3.6230087134e+01 3.4897365570e+01 3.5826506615e+01 0 0
405 8.1089768676e+03 8.3445014231e+03 8.3767583229e+03 8.0677164055e+03 8.4207667109e+03 2.1473581400e+00 2.1625025367e+00 2.1605140075e+00 2.1544900740e+00 2.1648947199e+00 5.8861274491e+01 5.5257360458e+01 6.7802402496e+01 3.4648429676e+01 3.3958105087e+01 3.7413248062e+01 0 0
406 8.1981001433e+03 8.2083221184e+03 8.2105381066e+03 8.0506238268e+03 8.2250466260e+03 2.1452273317e+00 2.1606310031e+00 2.1586111717e+00 2.1525526149e+00 2.1630530300e+00 4.6894111508e+01 5.8055257797e+01 7.2461358070e+01 3.1471014159e+01 3.4187747955e+01 3.7620473862e+01 0 0
407 8.1376936637e+03 8.2137109762e+03 8.3375320089e+03 8.1129959941e+03 8.3458904857e+03 2.1430673474e+00 2.1587773961e+00 2.1566208758e+00 2.1506331412e+00 2.1611340692e+00 4.6801605814e+01 6.0806502819e+01 7.1284588814e+01 3.1240188894e+01 3.4287685394e+01 3.8416275024e+01 0 0
408 8.0299862904e+03 8.1127267919e+03 7.9627917215e+03 8.0682211174e+03 8.1267528571e+03 2.1409579909e+00 2.1568903904e+00 2.1546872132e+00 2.1487165754e+00 2.1592550361e+00 4.7226756354e+01 6.3094642639e+01 6.3924984455e+01 3.1137663830e+01 3.4921675205e+01 3.5610285759e+01 0 0
409 7.9408249997e+03 8.0686692831e+03 8.1088933894e+03 8.1262379980e+03 8.2355929963e+03 2.1388579074e+00 2.1549028410e+00 2.1527629748e+00 2.1468127008e+00 2.1573681451e+00 4.7997283017e+01 6.6387682915e+01 6.6495718956e+01 3.1139663965e+01 3.5582401276e+01 3.6352616310e+01 0 0
410 7.9318061139e+03 8.1010582025e+03 8.1639255264e+03 8.0215130742e+03 7.9179542813e+03 2.1368303152e+00 2.1529821130e+00 2.1507762738e+00 2.1448548035e+00 2.1554639927e+00 5.3186940454e+01 6.5422522545e+01 6.3316557407e+01 3.2215802404e+01 3.5352540970e+01 3.5117533207e+01 0 0
411 7.9630459781e+03 8.1317422487e+03 8.0120167249e+03 7.9173167172e+03 8.1446099968e+03 2.1347977843e+00 2.1510660239e+00 2.1489016104e+00 2.1429508407e+00 2.1535603510e+00 5.4210058259e+01 6.6082894325e+01 6.1613095760e+01 3.2401271823e+01 3.5099828243e+01 3.4845633030e+01 0 0
412 7.8727151136e+03 8.2542721060e+03 8.2092479558e+03 8.0881750723e+03 8.1177711227e+03 2.1327511355e+00 2.1489866864e+00 2.1469538704e+00 2.1410482838e+00 2.1515642165e+00 5.0754875676e+01 6.7608973503e+01 5.5182338715e+01 3.1871940429e+01 3.5438123703e+01 3.3234492779e+01 0 0
413 7.7436815893e+03 7.9794814368e+03 7.9976399019e+03 7.9902891062e+03 8.1587185268e+03 2.1306714149e+00 2.1469681366e+00 2.1449301487e+00 2.1390226863e+00 2.1495741250e+00 4.8452957964e+01 5.9830628872e+01 5.6146163464e+01 3.0752655023e+01 3.3947815895e+01 3.3647781849e+01 0 0
414 7.6825358738e+03 8.0462008426e+03 8.0246689651e+03 7.8925402755e+03 8.0595453966e+03 2.1287636927e+00 2.1449678367e+00 2.1429146052e+00 2.1370767627e+00 2.1475859758e+00 5.0841621357e+01 6.0039583206e+01 5.8124567509e+01 3.0558127270e+01 3.3639352798e+01 3.3659964085e+01 0 0
415 7.7750598443e+03 8.1179457993e+03 8.0607312323e+03 7.8170848786e+03 7.8610218165e+03 2.1268221390e+00 2.1429377524e+00 2.1409566452e+00 2.1351641367e+00 2.1457101455e+00 5.3166082940e+01 6.2325286865e+01 6.5427802086e+01 3.1552575467e+01 3.3685259819e+01 3.4806355953e+01 0 0
416 7.6940450434e+03 7.9778711446e+03 7.9639231538e+03 7.9496052732e+03 8.1247808586e+03 2.1248389022e+00 2.1409036229e+00 2.1389568168e+00 2.1332474246e+00 2.1437295092e+00 5.2575518921e+01 7.1464859009e+01 6.1990484238e+01 3.1248987342e+01 3.5983432770e+01 3.4633781910e+01 0 0
417 7.6817025008e+03 7.7742703838e+03 7.9314694729e+03 7.8979683464e+03 7.9926816526e+03 2.1228840981e+00 2.1389922681e+00 2.1369137874e+00 2.1312310659e+00 2.1417189338e+00 5.5987916761e+01 5.5948675632e+01 5.4273461342e+01 3.1874495916e+01 3.2899231911e+01 3.2434889793e+01 0 0
418 7.6882762047e+03 7.9054275027e+03 7.9291689350e+03 7.7577295648e+03 7.8530615686e+03 2.1209850898e+00 2.1371435881e+00 2.1348697867e+00 2.1292736341e+00 2.1398209257e+00 5.9720951279e+01 5.6400590420e+01 6.2960570812e+01 3.2550868660e+01 3.2418420315e+01 3.3974700451e+01 0 0
419 7.9127830576e+03 7.8985631605e+03 7.8457346374e+03 7.6661969711e+03 7.9363780152e+03 2.1189236416e+00 2.1352019802e+00 2.1329735759e+00 2.1273415724e+00 2.1378206460e+00 5.5146143206e+01 5.9456492424e+01 5.8982005596e+01 3.2122177523e+01 3.2993804932e+01 3.3724342823e+01 0 0
420 7.8183805577e+03 7.8145989021e+03 7.7556116458e+03 7.7369182495e+03 8.0030734096e+03 2.1167083321e+00 2.1332958460e+00 2.1311120552e+00 2.1254245939e+00 2.1357033342e+00 4.4773854650e+01 5.5733259678e+01 4.8788372993e+01 2.9973963871e+01 3.1718042135e+01 3.1386190653e+01 0 0
421 7.8864138284e+03 7.7656260533e+03 7.7699441439e+03 7.7699132556e+03 7.8783450039e+03 2.1144825920e+00 2.1313561399e+00 2.1292152831e+00 2.1234479325e+00 2.1336828958e+00 4.5332160724e+01 5.1614354610e+01 5.0443119526e+01 2.9974974658e+01 3.1200790644e+01 3.1331404924e+01 0 0
422 7.6349466663e+03 7.5854726946e+03 7.6604801416e+03 7.7278695641e+03 7.7420379746e+03 2.1123681039e+00 2.1295022944e+00 2.1272547695e+00 2.1214179434e+00 2.1317076275e+00 5.6318782007e+01 5.1503465652e+01 5.2870755196e+01 3.2274403618e+01 3.1138099670e+01 3.1538522243e+01 0 0
423 7.7304657175e+03 7.7506822925e+03 7.7371095378e+03 7.7087005390e+03 7.6540540892e+03 2.1104920000e+00 2.1276860098e+00 2.1254036538e+00 2.1194540010e+00 2.1298460057e+00 7.8392017564e+01 5.4548223019e+01 5.9774364471e+01 3.5875669403e+01 3.1515296221e+01 3.2765970230e+01 0 0
424 7.8610337974e+03 7.6303273849e+03 7.6872614109e+03 7.7056000415e+03 7.6379777428e+03 2.1083294881e+00 2.1258170321e+00 2.1234749105e+00 2.1175218688e+00 2.1279786342e+00 6.7678222369e+01 5.8319968700e+01 5.7253397465e+01 3.5641115081e+01 3.2179503441e+01 3.1786089897e+01 0 0
425 7.8631986082e+03 7.7701227790e+03 7.6958409547e+03 7.7848683997e+03 7.7396340999e+03 2.1060695346e+00 2.1239288465e+00 2.1216046793e+00 2.1155740393e+00 2.1261410743e+00 4.9710241473e+01 6.3991234779e+01 6.1310739040e+01 3.1258551872e+01 3.3378523350e+01 3.2707248688e+01 0 0
426 7.6609167306e+03 7.7293583175e+03 7.6739457908e+03 7.7110227597e+03 7.6603185312e+03 2.1038381345e+00 2.1219109471e+00 2.1196892861e+00 2.1135342034e+00 2.1242203487e+00 5.0099269253e+01 5.9971416950e+01 5.9049997807e+01 3.1024044161e+01 3.2985802650e+01 3.2729667664e+01 0 0
427 7.7670479411e+03 7.8556109883e+03 7.7561449187e+03 7.7951051308e+03 7.6487844786e+03 2.1016074768e+00 2.1198246882e+00 2.1177895611e+00 2.1114506858e+00 2.1223813452e+00 5.2731441417e+01 5.8005286217e+01 6.4291582108e+01 3.1563413570e+01 3.2947384834e+01 3.3058845043e+01 0 0
428 7.5519622886e+03 7.8502792307e+03 7.8703288368e+03 7.8478858300e+03 7.7046157594e+03 2.0994619670e+00 2.1177711655e+00 2.1158061327e+00 2.1092264198e+00 2.1204973007e+00 5.2890630814e+01 5.5070456505e+01 6.3886015415e+01 3.1294070896e+01 3.2581507683e+01 3.3445420265e+01 0 0
429 7.5949635038e+03 7.6942394036e+03 7.7336045929e+03 7.8224906520e+03 7.8487848741e+03 2.0973268155e+00 2.1157206696e+00 2.1136693384e+00 2.1069445976e+00 2.1184840060e+00 5.1496151016e+01 5.2651300430e+01 5.8748552799e+01 3.0670390107e+01 3.2058166981e+01 3.2558096886e+01 0 0
430 7.4574762032e+03 7.8210774194e+03 7.7740614868e+03 7.7891401323e+03 7.8508924333e+03 2.0951467109e+00 2.1136276924e+00 2.1115659594e+00 2.1047206542e+00 2.1163733131e+00 4.3395934970e+01 5.0389298439e+01 5.2479379654e+01 2.8330394291e+01 3.1231671572e+01 3.1555024385e+01 0 0
431 7.5065330084e+03 7.8928202817e+03 7.8248951431e+03 7.7896762449e+03 7.7175985902e+03 2.0930693567e+00 2.1113814029e+00 2.1094374121e+00 2.1025359323e+00 2.1142456241e+00 4.1209215738e+01 5.4977327347e+01 5.1245743275e+01 2.7147089552e+01 3.2056435585e+01 3.1265855074e+01 0 0
432 7.2612178993e+03 7.8634664112e+03 7.8518907277e+03 7.7317268446e+03 7.7819668465e+03 2.0911214332e+00 2.1090665514e+00 2.1071666535e+00 2.1003644069e+00 2.1121273492e+00 5.0943855011e+01 5.7815779686e+01 5.9809946060e+01 2.9240882906e+01 3.2673298836e+01 3.3155024052e+01 0 0
433 7.3756454785e+03 7.7679438721e+03 7.8207723404e+03 7.6901672284e+03 7.7293611638e+03 2.0892467846e+00 2.1067800485e+00 2.1048472783e+00 2.0982056727e+00 2.1100565337e+00 6.0335623118e+01 5.5878355026e+01 6.1927890778e+01 3.0642018806e+01 3.2058300495e+01 3.3583972454e+01 0 0
434 7.2966889619e+03 7.7906633864e+03 7.8192646713e+03 7.7083072072e+03 7.7128899901e+03 2.0872943397e+00 2.1046440364e+00 2.1026416878e+00 2.0960123325e+00 2.1079644649e+00 5.9974134779e+01 5.4247390747e+01 6.2797041416e+01 3.1126530476e+01 3.1796966076e+01 3.3664806366e+01 0 0
435 7.4587878403e+03 7.6935190908e+03 7.6844325750e+03 7.4584019736e+03 7.7018210834e+03 2.0852266991e+00 2.1025127502e+00 2.1004541747e+00 2.0937918895e+00 2.1058387756e+00 5.0764048038e+01 4.5807222366e+01 6.0043440342e+01 2.9538681915e+01 2.9212783098e+01 3.3041172504e+01 0 0
436 7.1484176451e+03 7.7337861362e+03 7.6850077424e+03 7.4621937793e+03 7.7519226002e+03 2.0831610763e+00 2.1003067183e+00 2.0983223440e+00 2.0917145766e+00 2.1037532865e+00 4.6680568642e+01 4.5875637531e+01 6.0782419682e+01 2.8068188618e+01 2.8557711840e+01 3.3205520630e+01 0 0
437 7.4150534970e+03 7.4959709178e+03 7.5005343810e+03 7.4426661889e+03 7.6878272613e+03 2.0811324237e+00 2.0982890918e+00 2.0963016296e+00 2.0896160210e+00 2.1016124856e+00 5.0495796260e+01 4.3346069336e+01 5.6072018623e+01 2.8763589760e+01 2.7801333904e+01 3.2164408684e+01 0 0
438 7.2374054888e+03 7.4111904577e+03 7.3824900948e+03 7.3998183761e+03 7.7415006297e+03 2.0789539896e+00 2.0963489056e+00 2.0943659581e+00 2.0875666825e+00 2.0993707252e+00 4.4953496641e+01 4.7162167072e+01 5.0008520126e+01 2.7959784828e+01 2.8426082611e+01 3.0769391537e+01 0 0
439 7.4428545144e+03 7.3435255838e+03 7.3478671735e+03 7.2978890098e+03 7.5546097186e+03 2.0767511433e+00 2.0943981982e+00 2.0924178207e+00 2.0855997474e+00 2.0971945036e+00 4.1069708370e+01 5.4291213036e+01 4.5578031540e+01 2.6958745343e+01 2.9917806149e+01 2.9126655340e+01 0 0
440 7.2994726307e+03 7.4597517385e+03 7.4503551593e+03 7.4379900511e+03 7.3616737227e+03 2.0744596033e+00 2.0924461301e+00 2.0904758250e+00 2.0835731004e+00 2.0951777862e+00 3.7200520707e+01 5.1034382343e+01 4.5575029850e+01 2.5939081833e+01 2.9234853745e+01 2.8183081865e+01 0 0
441 7.1839624126e+03 7.3645882438e+03 7.4205296307e+03 7.3154215190e+03 7.3129638314e+03 2.0722200426e+00 2.0904409271e+00 2.0884117919e+00 2.0814310468e+00 2.0932923815e+00 3.7626147148e+01 4.7229852200e+01 5.5766817093e+01 2.5591538742e+01 2.8642677307e+01 2.9760710239e+01 0 0
442 7.2368408662e+03 7.3449302243e+03 7.3659723051e+03 7.3737838319e+03 7.4180417901e+03 2.0700296853e+00 2.0884955211e+00 2.0863611243e+00 2.0793151156e+00 2.0914177549e+00 3.9479506370e+01 4.6911644459e+01 6.0939982891e+01 2.5933216906e+01 2.8177703857e+01 3.1211547852e+01 0 0
443 6.9116718395e+03 7.3579589561e+03 7.3317574974e+03 7.1908163653e+03 7.3765954207e+03 2.0679594985e+00 2.0864917475e+00 2.0843436075e+00 2.0773203912e+00 2.0894103084e+00 3.6708804563e+01 4.8610791206e+01 5.1969276905e+01 2.4313579719e+01 2.8123229742e+01 2.9884864807e+01 0 0
444 6.8926866416e+03 7.3571353121e+03 7.3073499985e+03 7.3380880344e+03 7.3148418985e+03 2.0660214648e+00 2.0843923056e+00 2.0823058374e+00 2.0752375344e+00 2.0874062685e+00 4.4905246203e+01 5.2316511631e+01 4.9295728207e+01 2.5500181407e+01 2.9297210455e+01 2.8450173378e+01 0 0
445 6.8145635476e+03 7.2846792654e+03 7.2990928203e+03 7.1318351075e+03 7.3265369719e+03 2.0641377606e+00 2.0822927404e+00 2.0802284772e+00 2.0731553929e+00 2.0854353405e+00 5.0291144606e+01 4.8747537613e+01 5.4638317108e+01 2.6864909855e+01 2.8297725201e+01 2.9830219030e+01 0 0
446 6.8048985599e+03 7.3316928468e+03 7.3798642264e+03 7.1811208039e+03 7.2618168526e+03 2.0622253654e+00 2.0802608525e+00 2.0781225106e+00 2.0711978910e+00 2.0833738470e+00 4.9013130007e+01 5.7748755455e+01 4.9794806004e+01 2.6425171503e+01 2.9625309944e+01 2.8961844921e+01 0 0
447 6.6981757007e+03 7.1172208059e+03 7.2816228960e+03 7.1435957332e+03 7.3184380847e+03 2.0603278985e+00 2.0783425709e+00 2.0759685807e+00 2.0692391992e+00 2.0813375146e+00 4.8166139491e+01 5.7918659210e+01 4.9308205605e+01 2.6072156451e+01 2.9855355263e+01 2.8466183662e+01 0 0
448 6.6859097687e+03 7.2470283565e+03 7.2292547334e+03 7.0291564216e+03 7.3076737749e+03 2.0584873484e+00 2.0764185938e+00 2.0738058779e+00 2.0672100668e+00 2.0792368076e+00 4.9244684369e+01 5.2397720337e+01 4.5709308624e+01 2.5810926439e+01 2.8595003605e+01 2.7653754711e+01 0 0
449 6.8155158879e+03 7.1044327008e+03 7.1815744792e+03 6.9917974799e+03 7.1721528149e+03 2.0565205445e+00 2.0743639332e+00 2.0717004845e+00 2.0651718890e+00 2.0772228073e+00 4.0172139871e+01 4.6327685833e+01 5.0200142384e+01 2.4161300222e+01 2.6781399727e+01 2.8552448034e+01 0 0
450 6.5232507327e+03 7.2423888324e+03 7.0635373574e+03 6.8260055669e+03 7.1813190989e+03 2.0545037868e+00 2.0723371608e+00 2.0698113976e+00 2.0632308491e+00 2.0751908453e+00 3.5222345602e+01 4.4848042965e+01 5.1677605629e+01 2.2667673604e+01 2.5675026178e+01 2.8737790585e+01 0 0
451 6.6133319966e+03 6.9418452878e+03 6.9426988988e+03 6.8702174638e+03 7.0471486432e+03 2.0525479524e+00 2.0703541372e+00 2.0679272858e+00 2.0614300605e+00 2.0732195465e+00 3.4248672561e+01 5.3748454094e+01 5.3692294121e+01 2.2215308575e+01 2.7005018234e+01 2.8672863722e+01 0 0
452 6.6055048985e+03 6.9999014279e+03 6.9521357869e+03 6.8240234466e+03 7.1019952126e+03 2.0505056600e+00 2.0684217420e+00 2.0660078204e+00 2.0595378575e+00 2.0713704676e+00 3.2125276501e+01 5.4627536774e+01 6.1869870663e+01 2.1606885808e+01 2.7842909813e+01 2.9884794235e+01 0 0
453 6.5747010492e+03 6.8255402717e+03 6.7965965012e+03 6.7781366171e+03 6.9264524831e+03 2.0486020825e+00 2.0664257349e+00 2.0640607402e+00 2.0575427096e+00 2.0694207756e+00 3.3132578054e+01 4.6438441277e+01 5.3970308781e+01 2.1459175087e+01 2.5904998541e+01 2.8609771252e+01 0 0
454 6.5448072391e+03 6.9798349551e+03 6.9381458618e+03 6.8198416404e+03 6.9940477551e+03 2.0466748286e+00 2.0644488537e+00 2.0621533528e+00 2.0554997702e+00 2.0674247277e+00 3.7665422356e+01 3.9310015678e+01 4.3962716103e+01 2.2698505862e+01 2.4362651825e+01 2.5870465040e+01 0 0
455 6.5631988002e+03 6.8399786549e+03 6.7942452119e+03 6.6386155183e+03 6.8349209213e+03 2.0447348513e+00 2.0624143287e+00 2.0601993422e+00 2.0535204449e+00 2.0653591143e+00 3.8744104168e+01 3.5802443504e+01 3.8281540394e+01 2.2986046807e+01 2.2798112869e+01 2.4378498554e+01 0 0
456 6.5765421195e+03 6.7797657777e+03 6.8106481336e+03 6.8170222238e+03 6.9270137866e+03 2.0427784431e+00 2.0604422469e+00 2.0581866118e+00 2.0515192978e+00 2.0633787941e+00 3.9261731500e+01 3.7137624741e+01 3.9893142223e+01 2.3251764461e+01 2.3117637634e+01 2.4422757387e+01 0 0
457 6.6156192847e+03 6.5819228194e+03 6.6113677859e+03 6.5252849746e+03 6.7050953759e+03 2.0407386712e+00 2.0585391666e+00 2.0562301934e+00 2.0495032689e+00 2.0614770559e+00 3.6258653837e+01 3.4085155964e+01 4.5750841141e+01 2.2561406019e+01 2.2306303978e+01 2.5558085918e+01 0 0
458 6.6315744444e+03 6.6717547917e+03 6.6953870687e+03 6.5735713277e+03 6.6955364236e+03 2.0386499539e+00 2.0567358628e+00 2.0543571096e+00 2.0475508762e+00 2.0595969060e+00 3.4652180498e+01 3.4308995724e+01 4.7591488361e+01 2.2239751991e+01 2.1913531542e+01 2.5487128496e+01 0 0
459 6.5138939127e+03 6.5126787116e+03 6.6773497737e+03 6.5679415345e+03 6.5930945693e+03 2.0366495204e+00 2.0549590368e+00 2.0524025575e+00 2.0456172951e+00 2.0577423218e+00 3.7162281539e+01 3.5494618893e+01 4.5764092922e+01 2.2353135137e+01 2.2154792547e+01 2.5089534283e+01 0 0
460 6.4709174902e+03 6.7106220278e+03 6.5142186024e+03 6.5965469755e+03 6.6507840139e+03 2.0346765845e+00 2.0531080023e+00 2.0505239197e+00 2.0437402213e+00 2.0558620499e+00 3.9590991819e+01 3.9567184925e+01 4.1082244873e+01 2.2985110280e+01 2.2931207895e+01 2.3740316629e+01 0 0
461 6.5691507362e+03 6.4456971694e+03 6.5175458571e+03 6.6846917655e+03 6.5097096709e+03 2.0325913283e+00 2.0511865643e+00 2.0486662769e+00 2.0416955452e+00 2.0540710009e+00 3.7217980061e+01 3.6171726704e+01 4.2654772282e+01 2.2656366582e+01 2.2790115118e+01 2.3720130682e+01 0 0
462 6.3703496716e+03 6.6141436332e+03 6.5070758410e+03 6.5652759272e+03 6.5919283977e+03 2.0304606727e+00 2.0493228515e+00 2.0468915979e+00 2.0396568439e+00 2.0522951893e+00 3.1180443478e+01 3.3681870937e+01 4.8422394753e+01 2.0887940150e+01 2.1905581474e+01 2.4847169638e+01 0 0
463 6.4284790390e+03 6.5123623978e+03 6.6114860659e+03 6.5278235270e+03 6.4284754025e+03 2.0283858194e+00 2.0474978131e+00 2.0450632036e+00 2.0376823603e+00 2.0504602765e+00 3.1427348174e+01 3.8614235401e+01 4.1624284267e+01 2.0701204596e+01 2.2822132349e+01 2.3425841570e+01 0 0
464 6.3647615592e+03 6.5897116781e+03 6.5754528361e+03 6.4544112047e+03 6.6757111981e+03 2.0262311865e+00 2.0457304254e+00 2.0431554120e+00 2.0357483619e+00 2.0486017089e+00 2.9366441124e+01 4.2677083015e+01 3.9674693584e+01 2.0178192886e+01 2.3673955202e+01 2.3090594530e+01 0 0
465 6.4274539729e+03 6.5846640005e+03 6.6080275423e+03 6.6221313789e+03 6.6447669636e+03 2.0241205519e+00 2.0438003260e+00 2.0412044955e+00 2.0338112397e+00 2.0466081936e+00 2.9651123657e+01 4.4452303410e+01 3.4745697021e+01 2.0173617061e+01 2.4122302055e+01 2.2217470169e+01 0 0
466 6.1882157315e+03 6.5738241534e+03 6.5490533667e+03 6.5406030303e+03 6.5896731330e+03 2.0221357173e+00 2.0418318087e+00 2.0391750883e+00 2.0317369275e+00 2.0446443937e+00 3.2762616264e+01 3.8316144943e+01 3.5506032944e+01 2.0471664820e+01 2.2981043100e+01 2.2081013918e+01 0 0
467 6.3296563668e+03 6.5676903094e+03 6.4552515056e+03 6.3753148942e+03 6.5640536256e+03 2.0201917748e+00 2.0397402318e+00 2.0372121735e+00 2.0297310193e+00 2.0427063921e+00 3.9701540918e+01 3.6509170055e+01 4.0473391056e+01 2.2158926838e+01 2.2011126518e+01 2.3462852478e+01 0 0
468 6.2096636900e+03 6.5806592375e+03 6.5003433755e+03 6.3684999804e+03 6.5039655596e+03 2.0182341429e+00 2.0376638862e+00 2.0353184980e+00 2.0277817910e+00 2.0407489070e+00 3.5015410960e+01 4.2683089733e+01 3.8341067314e+01 2.0913216866e+01 2.3342006207e+01 2.2736008644e+01 0 0
469 6.2797873612e+03 6.6186892962e+03 6.5302676821e+03 6.3251611837e+03 6.5048511128e+03 2.0162426741e+00 2.0355648937e+00 2.0334308055e+00 2.0258644970e+00 2.0387599890e+00 3.4674048341e+01 4.1542304516e+01 3.9949707031e+01 2.0915209113e+01 2.2822609901e+01 2.3254037619e+01 0 0
470 6.1905133257e+03 6.4018109938e+03 6.4024079845e+03 6.2917647763e+03 6.4951354104e+03 2.0142563758e+00 2.0335222213e+00 2.0314344984e+00 2.0238766861e+00 2.0368026183e+00 3.3365695321e+01 3.7611263275e+01 3.9522761345e+01 2.0434826292e+01 2.1964141846e+01 2.2781761169e+01 0 0
471 6.2282647095e+03 6.3098031665e+03 6.3351274652e+03 6.2371057390e+03 6.4553295811e+03 2.0122906982e+00 2.0316418482e+00 2.0294994219e+00 2.0219962598e+00 2.0349667110e+00 3.6844818353e+01 4.1321222782e+01 4.6609685421e+01 2.1370757161e+01 2.2296816111e+01 2.4032066107e+01 0 0
472 6.1297609967e+03 6.3398230259e+03 6.4090579651e+03 6.3217794963e+03 6.3512556239e+03 2.0103655008e+00 2.0297234567e+00 2.0274847347e+00 2.0200969841e+00 2.0330492696e+00 3.8648083098e+01 4.3919347286e+01 4.4318181515e+01 2.1421795381e+01 2.3195881605e+01 2.3732567310e+01 0 0
473 6.4341581346e+03 6.2514462327e+03 6.2639303955e+03 6.3949905395e+03 6.3543685760e+03 2.0083795320e+00 2.0278509623e+00 2.0254933102e+00 2.0180245647e+00 2.0310699375e+00 3.9208260092e+01 3.5620953560e+01 3.9949858189e+01 2.2080542855e+01 2.1655444622e+01 2.2760266781e+01 0 0
474 6.4279673900e+03 6.3136689809e+03 6.3579877320e+03 6.2252286705e+03 6.2410255567e+03 2.0061939744e+00 2.0259458999e+00 2.0235171318e+00 2.0160253383e+00 2.0291854945e+00 3.1432471350e+01 3.2682844162e+01 3.8922756195e+01 2.0696976371e+01 2.0422552824e+01 2.2008327723e+01 0 0
475 6.2458584605e+03 6.2138937873e+03 6.2394769012e+03 6.1603623270e+03 6.2442306171e+03 2.0041050099e+00 2.0241185369e+00 2.0215712036e+00 2.0141205159e+00 2.0274000076e+00 3.4031138888e+01 3.8607474804e+01 4.5497385025e+01 2.0828516474e+01 2.1491637468e+01 2.2920128345e+01 0 0
476 6.2181324744e+03 6.2960552729e+03 6.2583962802e+03 6.1526358579e+03 6.2710381916e+03 2.0022030856e+00 2.0222524854e+00 2.0197197632e+00 2.0123080992e+00 2.0255248796e+00 4.2880895550e+01 4.3842187881e+01 4.5853647232e+01 2.2327939887e+01 2.2304715633e+01 2.3582946301e+01 0 0
477 6.3093406929e+03 6.3062115410e+03 6.2715436696e+03 6.2783781345e+03 6.2987973455e+03 2.0002745036e+00 2.0203206995e+00 2.0178663975e+00 2.0103597451e+00 2.0236234355e+00 5.0549764950e+01 4.0463104725e+01 4.0717992783e+01 2.4419882384e+01 2.2302443027e+01 2.2364606857e+01 0 0
478 6.5216499739e+03 6.1907812108e+03 6.1918317161e+03 6.3380943508e+03 6.3783370874e+03 1.9980703372e+00 2.0183811982e+00 2.0159034983e+00 2.0082888213e+00 2.0215535584e+00 3.5623818157e+01 3.4526208878e+01 3.4138680935e+01 2.1907335398e+01 2.0962255001e+01 2.1273244858e+01 0 0
479 6.3333026651e+03 6.1503118620e+03 6.1367499542e+03 6.2058011570e+03 6.2598261957e+03 1.9959004890e+00 2.0165094450e+00 2.0140586298e+00 2.0062435775e+00 2.0195366804e+00 3.3522346623e+01 3.2854967117e+01 3.0844098568e+01 2.0927025163e+01 2.0514071226e+01 1.9955327034e+01 0 0
480 6.2203297530e+03 6.1941420713e+03 6.1543513062e+03 6.2803503087e+03 6.1919702842e+03 1.9939504610e+00 2.0146316195e+00 2.0122625333e+00 2.0042252443e+00 2.0175856701e+00 4.1815993439e+01 3.6423577309e+01 3.3768342018e+01 2.2293449688e+01 2.1214023113e+01 2.0496505022e+01 0 0
481 6.2242462145e+03 6.2729001267e+03 6.3795990470e+03 6.3381360036e+03 6.1945937720e+03 1.9920655839e+00 2.0126688371e+00 2.0102636270e+00 2.0021942347e+00 2.0156226425e+00 4.9475738850e+01 3.7786807060e+01 3.5693250656e+01 2.3873157031e+01 2.1718939066e+01 2.0909505367e+01 0 0
482 6.3865447746e+03 6.2423501984e+03 6.2424652182e+03 6.3453415984e+03 6.2109348733e+03 1.9900449856e+00 2.0108142590e+00 2.0082586517e+00 2.0002285739e+00 2.0136767129e+00 4.2771951062e+01 4.4679697037e+01 3.5362592697e+01 2.2860157571e+01 2.3154183626e+01 2.0925039053e+01 0 0
483 6.4536486693e+03 6.2478668360e+03 6.2142648801e+03 6.2480153649e+03 6.3362790343e+03 1.9878581411e+00 2.0088503625e+00 2.0063077507e+00 1.9982746258e+00 2.0116868127e+00 3.4936178350e+01 4.4570641994e+01 3.6952731133e+01 2.1305294108e+01 2.3054672718e+01 2.1395638466e+01 0 0
484 6.2324047612e+03 6.3909748865e+03 6.2802799301e+03 6.3856100727e+03 6.2337147833e+03 1.9857326797e+00 2.0067679054e+00 2.0044570702e+00 1.9961903772e+00 2.0096951028e+00 3.4290990419e+01 3.9661502361e+01 3.5296667576e+01 2.0769815498e+01 2.2412166834e+01 2.0929234028e+01 0 0
485 6.2972609154e+03 6.4260102708e+03 6.3937719697e+03 6.2147553451e+03 6.3238216294e+03 1.9836441904e+00 2.0045717749e+00 2.0023996555e+00 1.9941029967e+00 2.0076750289e+00 3.8083062135e+01 3.9599346161e+01 3.6511949539e+01 2.1654555262e+01 2.2138835669e+01 2.1424027920e+01 0 0
486 6.3486786355e+03 6.3858982140e+03 6.3783527654e+03 6.3692976065e+03 6.2520678179e+03 1.9814170349e+00 2.0023980625e+00 2.0002536934e+00 1.9920911698e+00 2.0057055023e+00 3.4382208433e+01 4.4408693314e+01 3.9131946564e+01 2.1077368781e+01 2.3378031969e+01 2.1787688494e+01 0 0
487 6.3654339674e+03 6.3426846051e+03 6.3443105220e+03 6.3009459607e+03 6.3256835204e+03 1.9791661206e+00 2.0002536763e+00 1.9981224007e+00 1.9900366773e+00 2.0037309014e+00 3.3364617046e+01 3.9919548035e+01 4.4734992981e+01 2.0880752091e+01 2.2243770361e+01 2.3339438438e+01 0 0
488 6.2619702050e+03 6.3610282188e+03 6.3596411848e+03 6.2294063923e+03 6.2902769414e+03 1.9770691399e+00 1.9981438441e+00 1.9959956963e+00 1.9879917253e+00 2.0017262624e+00 4.0339382958e+01 4.1972319603e+01 4.0043992519e+01 2.2184092288e+01 2.2648766041e+01 2.2156510115e+01 0 0
489 6.3824967646e+03 6.3406958609e+03 6.3172082442e+03 6.1798886721e+03 6.3352044955e+03 1.9749406666e+00 1.9959431734e+00 1.9938264562e+00 1.9859924903e+00 1.9996751611e+00 4.4457009301e+01 4.0002864361e+01 3.8372882843e+01 2.3410217179e+01 2.1942524672e+01 2.1929559946e+01 0 0
490 6.3588946054e+03 6.4248050554e+03 6.3674000974e+03 6.2761759058e+03 6.3121812395e+03 1.9726682203e+00 1.9937789372e+00 1.9917240953e+00 1.9840109375e+00 1.9976059206e+00 3.8850151462e+01 4.5835697651e+01 4.0695934772e+01 2.2565353833e+01 2.3229903221e+01 2.2601069212e+01 0 0
491 6.5015052865e+03 6.2026807108e+03 6.1575888138e+03 6.4076591670e+03 6.2715063581e+03 1.9703207271e+00 1.9916562601e+00 1.9897462522e+00 1.9818540123e+00 1.9955364973e+00 3.4458381749e+01 3.7303654194e+01 3.8338532448e+01 2.1727226512e+01 2.1783715963e+01 2.1979023457e+01 0 0
492 6.4340626062e+03 6.2386264514e+03 6.2732852637e+03 6.2992951987e+03 6.3697849257e+03 1.9679939670e+00 1.9896234008e+00 1.9877273381e+00 1.9796431612e+00 1.9934709280e+00 3.6717910269e+01 3.4224957943e+01 3.8470799923e+01 2.2189595032e+01 2.0972176552e+01 2.1955180645e+01 0 0
493 6.4037144559e+03 6.2296497494e+03 6.2407185484e+03 6.3288444443e+03 6.2131576513e+03 1.9658777236e+00 1.9875649262e+00 1.9855888290e+00 1.9774307182e+00 1.9913849931e+00 4.4431024811e+01 3.3415585995e+01 3.5427844524e+01 2.3401114831e+01 2.0659923553e+01 2.1214683533e+01 0 0
494 6.4928352660e+03 6.2757542973e+03 6.2620022357e+03 6.4213730619e+03 6.2689061247e+03 1.9636145857e+00 1.9855574456e+00 1.9835652757e+00 1.9752167278e+00 1.9893271300e+00 4.2907129485e+01 3.6843878269e+01 3.6829067707e+01 2.3666109241e+01 2.1684703112e+01 2.1358737946e+01 0 0
495 6.3403019898e+03 6.2647997574e+03 6.2393207964e+03 6.4079425715e+03 6.1909236791e+03 1.9612615202e+00 1.9834955120e+00 1.9815420313e+00 1.9729272012e+00 1.9872402879e+00 3.6061493574e+01 3.4766345024e+01 3.7107564449e+01 2.2152084221e+01 2.1511892080e+01 2.1409111977e+01 0 0
496 6.4229241164e+03 6.2584164131e+03 6.2785759532e+03 6.4263196310e+03 6.2145802754e+03 1.9588902473e+00 1.9814152881e+00 1.9794728582e+00 1.9706036519e+00 1.9853156544e+00 3.2405418841e+01 3.4989087105e+01 4.3762320995e+01 2.0948353887e+01 2.1546559334e+01 2.2351425886e+01 0 0
497 6.2149784270e+03 6.4546460786e+03 6.4645841320e+03 6.5190895070e+03 6.2391807154e+03 1.9565704944e+00 1.9792137795e+00 1.9771956980e+00 1.9682050438e+00 1.9833653284e+00 3.1572219267e+01 3.3102657795e+01 4.8008976460e+01 2.0346842913e+01 2.1348238230e+01 2.3468951702e+01 0 0
498 6.2064621839e+03 6.3185729402e+03 6.3383912786e+03 6.4607145116e+03 6.3641458186e+03 1.9543274747e+00 1.9770305775e+00 1.9749865857e+00 1.9658129445e+00 1.9811793932e+00 3.4475815807e+01 3.2397996902e+01 3.9771357536e+01 2.0895014590e+01 2.1211128712e+01 2.2400700092e+01 0 0
499 6.0393347446e+03 6.3920800996e+03 6.4243654940e+03 6.3786631828e+03 6.4472530585e+03 1.9521121592e+00 1.9748708681e+00 1.9727368215e+00 1.9635691537e+00 1.9788263262e+00 3.5832132551e+01 3.9316636562e+01 3.0781177044e+01 2.1033598657e+01 2.2524487019e+01 2.0521371365e+01 0 0
500 6.1769240920e+03 6.4767887105e+03 6.4976521914e+03 6.5315088609e+03 6.2853238580e+03 1.9498988660e+00 1.9726519426e+00 1.9704522651e+00 1.9612892618e+00 1.9766808593e+00 3.4556982938e+01 4.3601146221e+01 3.6378886223e+01 2.0630570093e+01 2.3834404945e+01 2.1370871782e+01 0 0
501 6.0302734047e+03 6.4344087529e+03 6.4824223867e+03 6.3832480760e+03 6.3933377824e+03 1.9475954340e+00 1.9703503291e+00 1.9680581146e+00 1.9589941226e+00 1.9745618411e+00 2.9781679178e+01 3.7466053963e+01 4.3417915821e+01 1.9474162066e+01 2.2288595915e+01 2.3157515526e+01 0 0
502 5.9739408846e+03 6.3791444567e+03 6.4619755493e+03 6.4129431621e+03 6.4384134692e+03 1.9454129931e+00 1.9682392629e+00 1.9657561432e+00 1.9566760698e+00 1.9723773485e+00 2.8466900139e+01 3.7126548290e+01 4.2947910309e+01 1.8633475456e+01 2.2182726383e+01 2.3200069904e+01 0 0
503 5.8470812997e+03 6.4364965626e+03 6.4736076495e+03 6.2387716740e+03 6.4656000495e+03 1.9433061138e+00 1.9661178912e+00 1.9634566144e+00 1.9544018927e+00 1.9701122915e+00 2.9790148480e+01 3.7430505276e+01 3.9080625057e+01 1.8567497985e+01 2.1965277195e+01 2.2796429396e+01 0 0
504 5.9155011601e+03 6.3945630031e+03 6.4211852488e+03 6.2747391978e+03 6.4001837474e+03 1.9413671572e+00 1.9639269694e+00 1.9611404798e+00 1.9521506922e+00 1.9679049203e+00 3.8974059392e+01 3.5534226418e+01 4.1049675465e+01 2.0277432417e+01 2.1225224972e+01 2.2890804291e+01 0 0
505 5.9860828348e+03 6.3247444217e+03 6.3087694521e+03 6.2533267946e+03 6.4389365582e+03 1.9392927971e+00 1.9617264703e+00 1.9588921773e+00 1.9498289984e+00 1.9657490082e+00 3.6333217587e+01 3.3468555927e+01 4.4954467773e+01 2.0315926505e+01 2.0855248690e+01 2.3807261705e+01 0 0
506 5.9932746996e+03 6.2966775366e+03 6.2260957269e+03 6.0754891161e+03 6.4136866154e+03 1.9370415442e+00 1.9595145787e+00 1.9567592638e+00 1.9475356686e+00 1.9634944290e+00 2.8157934603e+01 3.2188704014e+01 4.0132351875e+01 1.8496710318e+01 2.0235673189e+01 2.2846559048e+01 0 0
507 5.8573727809e+03 6.1991057420e+03 6.1004999795e+03 6.0414806132e+03 6.2873791042e+03 1.9347986200e+00 1.9573334531e+00 1.9548039527e+00 1.9454123600e+00 1.9612373669e+00 2.5027698671e+01 3.6732855797e+01 3.7030908585e+01 1.7365988736e+01 2.0659687281e+01 2.1898490191e+01 0 0
508 5.8775256072e+03 6.3285025085e+03 6.2856022782e+03 5.9202945873e+03 6.2255897713e+03 1.9326615021e+00 1.9550011185e+00 1.9526450671e+00 1.9434774582e+00 1.9591143599e+00 2.5969440286e+01 4.4230735302e+01 4.1343174458e+01 1.7399716191e+01 2.1895011187e+01 2.2490296602e+01 0 0
509 5.7525460561e+03 6.0588196870e+03 6.0771160924e+03 5.9943746963e+03 6.2191523538e+03 1.9306174541e+00 1.9527455563e+00 1.9503976888e+00 1.9413879657e+00 1.9569381157e+00 2.9864701708e+01 4.0086555958e+01 3.8836395264e+01 1.8005414087e+01 2.1366953850e+01 2.1917046309e+01 0 0
510 5.8329112003e+03 6.0050818479e+03 6.0463446809e+03 5.8527272275e+03 6.2386062546e+03 1.9287130967e+00 1.9507243515e+00 1.9482893432e+00 1.9392768665e+00 1.9546377409e+00 3.6683535594e+01 3.2522104263e+01 3.2273531914e+01 1.9422429992e+01 1.9417954206e+01 2.0417250395e+01 0 0
511 5.7961894478e+03 6.0075981890e+03 6.0654454082e+03 5.8867661751e+03 6.0181738094e+03 1.9266746841e+00 1.9486869746e+00 1.9461168639e+00 1.9372068772e+00 1.9524462220e+00 3.4709622930e+01 3.2269191265e+01 3.4631884098e+01 1.9364204682e+01 1.9088295221e+01 2.0572082758e+01 0 0
512 5.8077464692e+03 5.9209239144e+03 5.9305355576e+03 5.8728064841e+03 6.0728892629e+03 1.9246704128e+00 1.9466573423e+00 1.9439887486e+00 1.9351493419e+00 1.9503452653e+00 3.4125860035e+01 3.5441635609e+01 3.6225833416e+01 1.9098826775e+01 1.9915571451e+01 2.0683755398e+01 0 0
513 5.8046940176e+03 5.9532018276e+03 5.9949622184e+03 6.0869854608e+03 5.9168261763e+03 1.9226577404e+00 1.9446081053e+00 1.9418491336e+00 1.9329563497e+00 1.9483250905e+00 3.6924399695e+01 3.1428083420e+01 3.7715484142e+01 1.9890860659e+01 1.9185171366e+01 2.0557530165e+01 0 0
514 5.8828193372e+03 5.8185011816e+03 5.8658544135e+03 5.8583274064e+03 5.9117185319e+03 1.9206072139e+00 1.9425536506e+00 1.9396794659e+00 1.9307615819e+00 1.9463426078e+00 3.5652485561e+01 2.7290076017e+01 4.0740715504e+01 1.9579963011e+01 1.7961673737e+01 2.1062652588e+01 0 0
515 5.7678658007e+03 5.8819054736e+03 5.8782204790e+03 5.8354406860e+03 5.8816324265e+03 1.9185516227e+00 1.9405429751e+00 1.9376010120e+00 1.9286967884e+00 1.9443807061e+00 3.3400975647e+01 3.0402708530e+01 3.6795187473e+01 1.9088687749e+01 1.8305437088e+01 2.0158268929e+01 0 0
516 5.8715879579e+03 5.8603853116e+03 5.8238561109e+03 5.7993944511e+03 5.8743632846e+03 1.9164768945e+00 1.9385200976e+00 1.9356891909e+00 1.9266027432e+00 1.9423598002e+00 3.4727365548e+01 2.9966942549e+01 3.5103922367e+01 1.9347525009e+01 1.8371934175e+01 1.9693428516e+01 0 0
517 5.7407355960e+03 5.9081012178e+03 5.9471475516e+03 5.8315720008e+03 5.9452999924e+03 1.9143273783e+00 1.9365612374e+00 1.9337112564e+00 1.9245551949e+00 1.9402009518e+00 3.0550441371e+01 3.0805404663e+01 3.1074164391e+01 1.8407503812e+01 1.8321212530e+01 1.9119754314e+01 0 0
518 5.8107737004e+03 5.7893524681e+03 5.8342077440e+03 5.7194594150e+03 5.8693181887e+03 1.9122270292e+00 1.9345950838e+00 1.9316157919e+00 1.9226738745e+00 1.9381085561e+00 3.0032935304e+01 3.8010581970e+01 2.9808619976e+01 1.7997158067e+01 1.9438388824e+01 1.8456651449e+01 0 0
519 5.7856681049e+03 5.8686168728e+03 5.8281856525e+03 5.8604368438e+03 5.8721907326e+03 1.9100590945e+00 1.9325821111e+00 1.9295207151e+00 1.9207658337e+00 1.9361579178e+00 2.9369594647e+01 4.4566087246e+01 3.4734689713e+01 1.8063893493e+01 2.1294977188e+01 1.9146781921e+01 0 0
520 5.6671578529e+03 5.7613649424e+03 5.8080984840e+03 5.8479480162e+03 5.7753496864e+03 1.9078690396e+00 1.9305121097e+00 1.9274680484e+00 1.9186234282e+00 1.9342284595e+00 2.4753134576e+01 3.3672277451e+01 3.7989970207e+01 1.6614317742e+01 1.9472652435e+01 1.9870631456e+01 0 0
521 5.5656681710e+03 5.9187447994e+03 5.8600003413e+03 5.9127306720e+03 5.7998193075e+03 1.9057735980e+00 1.9284522564e+00 1.9254360694e+00 1.9164158974e+00 1.9322967295e+00 2.3704427758e+01 2.9796865463e+01 3.5725613594e+01 1.5922541667e+01 1.8553083897e+01 1.9312162399e+01 0 0
522 5.5721752831e+03 5.7389380551e+03 5.8047239383e+03 5.9524085881e+03 5.7154149456e+03 1.9036608074e+00 1.9264339270e+00 1.9233786906e+00 1.9142110192e+00 1.9303981692e+00 2.3562746407e+01 2.8031049967e+01 3.6149136543e+01 1.5740359101e+01 1.8083027363e+01 1.9311673641e+01 0 0
523 5.4042934817e+03 5.9427084734e+03 5.7749625107e+03 5.8910603460e+03 5.8596709805e+03 1.9016443124e+00 1.9243485973e+00 1.9214644736e+00 1.9119157125e+00 1.9284830041e+00 2.4036290370e+01 2.6315699577e+01 3.8849071026e+01 1.5628782431e+01 1.7611159086e+01 1.9966142654e+01 0 0
524 5.4916724427e+03 5.7796487783e+03 5.7920393645e+03 5.8009516461e+03 5.7889909311e+03 1.8997198997e+00 1.9221945264e+00 1.9194196392e+00 1.9097029544e+00 1.9264803309e+00 2.7860892716e+01 2.6744588375e+01 3.5180148602e+01 1.6382827274e+01 1.7531776667e+01 1.9401881456e+01 0 0
525 5.3781616597e+03 5.8473009158e+03 5.8564818791e+03 5.7315582523e+03 5.9040460703e+03 1.8978083538e+00 1.9201266055e+00 1.9173555486e+00 1.9075586632e+00 1.9243629524e+00 2.9573121598e+01 2.8902146578e+01 3.2071622372e+01 1.6696895119e+01 1.7683571100e+01 1.9014666080e+01 0 0
526 5.4247448488e+03 5.8095669374e+03 5.8610466642e+03 5.6361405234e+03 5.7457170136e+03 1.8959336189e+00 1.9180976918e+00 1.9151997674e+00 1.9055283317e+00 1.9222927824e+00 2.9742217254e+01 3.2203788280e+01 3.1551024437e+01 1.6729809637e+01 1.8312472105e+01 1.8672024488e+01 0 0
527 5.2276296372e+03 5.7889054233e+03 5.7930969265e+03 5.6214567507e+03 5.8685493949e+03 1.8940814197e+00 1.9160396327e+00 1.9130570899e+00 1.9035569910e+00 1.9201914078e+00 2.9984069050e+01 3.5055346966e+01 3.2246614933e+01 1.6399284626e+01 1.8671360254e+01 1.8909600019e+01 0 0
528 5.2714139358e+03 5.7787488265e+03 5.6950543457e+03 5.4982338983e+03 5.7686414345e+03 1.8923175688e+00 1.9139404963e+00 1.9110287477e+00 1.9016142092e+00 1.9181305717e+00 3.2191779549e+01 3.2603934288e+01 3.1774290323e+01 1.6690833546e+01 1.7842316389e+01 1.8563174009e+01 0 0
529 5.2794864988e+03 5.7023484636e+03 5.6875843730e+03 5.5528500790e+03 5.8213153153e+03 1.8904758574e+00 1.9118412898e+00 1.9090311426e+00 1.8997452023e+00 1.9160452679e+00 3.0824537798e+01 3.2300683975e+01 3.2210626125e+01 1.6592869422e+01 1.7511252403e+01 1.8720957756e+01 0 0
530 5.4195898973e+03 5.5486594777e+03 5.6150718606e+03 5.4358329628e+03 5.6776466956e+03 1.8884941734e+00 1.9099123154e+00 1.9069726017e+00 1.8977677743e+00 1.9140197600e+00 2.4959550103e+01 2.9204580784e+01 3.2085996628e+01 1.5509628308e+01 1.6965229750e+01 1.8347688437e+01 0 0
531 5.2521070615e+03 5.5396830234e+03 5.4680045721e+03 5.5560662343e+03 5.6583856355e+03 1.8865327144e+00 1.9080952054e+00 1.9051228002e+00 1.8957522437e+00 1.9120692322e+00 2.3375744335e+01 2.7161797762e+01 3.5733084679e+01 1.4911574286e+01 1.6406157017e+01 1.8880552530e+01 0 0
532 5.2816036333e+03 5.5102205038e+03 5.4974188489e+03 5.3958895467e+03 5.6269764528e+03 1.8846936773e+00 1.9062087803e+00 1.9033145544e+00 1.8937876735e+00 1.9100524031e+00 2.9663529088e+01 2.6511799097e+01 3.3051066399e+01 1.6180089750e+01 1.6149559498e+01 1.8499982119e+01 0 0
533 5.1635316286e+03 5.4768176891e+03 5.5085969175e+03 5.4029199513e+03 5.5109295042e+03 1.8827829415e+00 1.9043674504e+00 1.9014200441e+00 1.8919569243e+00 1.9080834388e+00 2.9619750681e+01 3.1073982716e+01 3.0178005934e+01 1.6515963178e+01 1.6752985001e+01 1.7419896603e+01 0 0
534 5.2804503831e+03 5.4414097438e+03 5.3458069550e+03 5.2738009064e+03 5.5158491640e+03 1.8808442969e+00 1.9024847035e+00 1.8995852652e+00 1.8901136037e+00 1.9061872960e+00 2.5280212396e+01 3.3473940849e+01 2.9881351948e+01 1.5347660427e+01 1.7374680042e+01 1.6982521296e+01 0 0
535 5.2180353866e+03 5.5158602230e+03 5.5200963760e+03 5.3726581875e+03 5.5426138238e+03 1.8788558940e+00 1.9005002751e+00 1.8976961338e+00 1.8882412734e+00 1.9042192937e+00 2.2683594540e+01 2.9435505867e+01 2.7635154963e+01 1.4567962992e+01 1.6413713932e+01 1.6593114376e+01 0 0
536 5.1179833200e+03 5.3531822312e+03 5.3747197136e+03 5.2488604478e+03 5.4406404035e+03 1.8769633756e+00 1.8986001909e+00 1.8957613673e+00 1.8863612839e+00 1.9022240649e+00 2.1461742217e+01 2.7694748402e+01 2.5407125711e+01 1.3924202265e+01 1.5851092994e+01 1.5969144881e+01 0 0
537 5.0554423860e+03 5.4080367972e+03 5.3958810217e+03 5.3005516694e+03 5.4910385174e+03 1.8751197092e+00 1.8968231044e+00 1.8939375012e+00 1.8845035871e+00 1.9002344526e+00 2.3892811709e+01 2.8702003479e+01 2.5512967825e+01 1.4300788828e+01 1.6048846722e+01 1.5934740186e+01 0 0
538 4.9589638935e+03 5.2618508151e+03 5.1783371848e+03 5.3327261321e+03 5.3951170516e+03 1.8733944023e+00 1.8949983430e+00 1.8921907633e+00 1.8825852782e+00 1.8982925911e+00 2.6290091755e+01 2.8428636551e+01 2.6159476995e+01 1.4612283832e+01 1.6209369659e+01 1.5888753951e+01 0 0
539 5.1198827955e+03 5.2991078494e+03 5.4000029630e+03 5.2864437952e+03 5.3607693478e+03 1.8715787801e+00 1.8931596897e+00 1.8903551388e+00 1.8806343250e+00 1.8964756878e+00 2.3123429860e+01 2.5763022184e+01 2.9431691170e+01 1.4004939132e+01 1.5553873181e+01 1.6343787193e+01 0 0
540 4.8947353299e+03 5.2951791282e+03 5.2435600502e+03 5.3178175975e+03 5.2352375304e+03 1.8698141760e+00 1.8913432113e+00 1.8884335195e+00 1.8787471094e+00 1.8947263754e+00 2.2871460560e+01 2.8548578024e+01 3.3067009926e+01 1.3719769849e+01 1.6124498367e+01 1.6907291651e+01 0 0
541 5.0186639686e+03 5.3582364636e+03 5.3764451081e+03 5.1346470181e+03 5.3427753088e+03 1.8681936926e+00 1.8894056748e+00 1.8865253830e+00 1.8768460840e+00 1.8928752488e+00 2.7014849147e+01 2.8769930601e+01 2.9328765154e+01 1.4266729824e+01 1.6073318005e+01 1.6313748598e+01 0 0
542 4.8946651169e+03 5.2886714778e+03 5.2553367161e+03 5.1369742067e+03 5.2204582174e+03 1.8665101654e+00 1.8874882356e+00 1.8845923156e+00 1.8750021697e+00 1.8911021967e+00 3.0313084595e+01 2.8701686144e+01 2.9229405642e+01 1.5289530231e+01 1.5897233069e+01 1.5822332442e+01 0 0
543 4.9887522621e+03 5.2623447246e+03 5.2970380403e+03 5.1454476968e+03 5.2901523608e+03 1.8648321234e+00 1.8855973967e+00 1.8826789075e+00 1.8731288554e+00 1.8893479835e+00 2.8961353939e+01 2.5143108130e+01 3.4790132523e+01 1.4943891980e+01 1.4892098606e+01 1.7302804232e+01 0 0
544 5.0127754363e+03 5.2750728905e+03 5.2448300258e+03 4.9992495437e+03 5.3329354018e+03 1.8630011128e+00 1.8837202330e+00 1.8807916024e+00 1.8714171801e+00 1.8874414217e+00 2.4511511319e+01 2.8315573931e+01 2.7970341444e+01 1.4312957334e+01 1.5053214729e+01 1.6135694742e+01 0 0
545 4.9665738526e+03 5.1837310887e+03 5.0882063637e+03 5.0596007748e+03 5.2414013393e+03 1.8612088453e+00 1.8818309441e+00 1.8789861079e+00 1.8697138188e+00 1.8855196542e+00 2.4639990168e+01 3.1490221500e+01 2.5775701523e+01 1.4086438219e+01 1.5871684670e+01 1.5479779422e+01 0 0
546 5.0198432697e+03 5.1562850969e+03 5.1056995603e+03 5.0253254621e+03 5.2303736004e+03 1.8593478443e+00 1.8798945369e+00 1.8771940509e+00 1.8678846578e+00 1.8837216167e+00 2.4332825171e+01 2.4886423826e+01 2.9730729580e+01 1.4304266793e+01 1.4522085369e+01 1.6111341953e+01 0 0
547 4.9084255401e+03 5.1195849441e+03 5.0581364157e+03 5.0107396660e+03 5.1360942359e+03 1.8575234897e+00 1.8780007009e+00 1.8754267761e+00 1.8660643252e+00 1.8819279242e+00 2.3282092388e+01 2.2027209282e+01 3.0932929039e+01 1.3834925103e+01 1.3651994884e+01 1.6313815355e+01 0 0
548 5.0232379205e+03 5.0970469882e+03 5.0296974064e+03 5.0193505556e+03 5.0468049299e+03 1.8556884456e+00 1.8761265054e+00 1.8736729159e+00 1.8642610258e+00 1.8801870487e+00 2.5706099593e+01 2.2123750448e+01 2.8623223543e+01 1.4347087358e+01 1.3615565002e+01 1.5457148850e+01 0 0
549 4.9792276415e+03 5.0049177815e+03 4.9600171371e+03 5.0054738037e+03 5.0859720801e+03 1.8538516832e+00 1.8743094991e+00 1.8720017763e+00 1.8625008273e+00 1.8784813346e+00 2.5520685876e+01 2.4152098656e+01 3.0711147308e+01 1.4362233888e+01 1.3996969521e+01 1.5728566170e+01 0 0
550 5.0783334202e+03 4.9738586631e+03 5.0276018140e+03 5.0383941886e+03 5.0425192117e+03 1.8519282216e+00 1.8725996067e+00 1.8702758261e+00 1.8607125746e+00 1.8766741645e+00 2.4588859416e+01 2.4467147827e+01 2.5256853819e+01 1.4387199556e+01 1.4132574975e+01 1.4733384609e+01 0 0
551 5.1947084262e+03 4.8994262929e+03 4.9352641267e+03 5.0370769301e+03 5.0692713480e+03 1.8498282754e+00 1.8709449005e+00 1.8685221429e+00 1.8588286381e+00 1.8748293485e+00 1.9589830196e+01 2.2817787647e+01 2.2053692102e+01 1.3362814628e+01 1.4013885617e+01 1.3840955198e+01 0 0
552 5.1773591939e+03 5.0360270055e+03 5.0950366044e+03 4.9502953447e+03 5.0434266129e+03 1.8476904110e+00 1.8692543185e+00 1.8666929455e+00 1.8570346602e+00 1.8729790957e+00 1.8251528855e+01 2.3269228220e+01 2.0163559198e+01 1.2933802294e+01 1.3719992220e+01 1.3247472227e+01 0 0
553 5.0634543427e+03 4.9209824222e+03 4.9946076923e+03 5.0805117852e+03 4.9377355134e+03 1.8456271987e+00 1.8675726813e+00 1.8648783973e+00 1.8552494621e+00 1.8711832146e+00 1.8622369133e+01 2.7410396099e+01 2.0906800508e+01 1.2882827333e+01 1.4815888584e+01 1.3231855273e+01 0 0
554 5.1040993561e+03 5.0739231370e+03 5.0444073983e+03 4.9039942904e+03 5.0741328323e+03 1.8435474782e+00 1.8658511161e+00 1.8630712042e+00 1.8534528881e+00 1.8694161514e+00 1.7863602261e+01 2.6758298874e+01 2.2476657391e+01 1.2611875461e+01 1.4668019474e+01 1.3674655378e+01 0 0
555 4.9265621280e+03 4.9679804750e+03 4.9829870560e+03 5.0382584293e+03 4.8980886068e+03 1.8414957303e+00 1.8639805670e+00 1.8612056116e+00 1.8516786925e+00 1.8677028930e+00 1.6306621740e+01 2.7004795074e+01 2.4475406885e+01 1.1922066241e+01 1.4576214314e+01 1.3927859664e+01 0 0
556 4.8521440995e+03 5.0434414837e+03 5.0749092603e+03 4.9081964101e+03 5.0486013905e+03 1.8396042712e+00 1.8621620094e+00 1.8593314321e+00 1.8499309551e+00 1.8660113831e+00 1.8283403389e+01 2.9799818993e+01 2.8139040947e+01 1.2140089332e+01 1.5139025450e+01 1.4757098556e+01 0 0
557 4.7441129804e+03 4.9911643932e+03 5.0322939103e+03 5.0885188415e+03 4.8938148719e+03 1.8378326063e+00 1.8603383031e+00 1.8573922725e+00 1.8481262023e+00 1.8643100798e+00 2.2101194975e+01 2.9227125406e+01 2.8141066074e+01 1.2856820610e+01 1.5129044771e+01 1.4904997289e+01 0 0
558 4.8561017078e+03 4.9377557655e+03 4.9023482128e+03 5.0206445801e+03 5.0638499188e+03 1.8360543494e+00 1.8585939419e+00 1.8556277149e+00 1.8461428123e+00 1.8625264897e+00 2.2361528725e+01 2.4318392754e+01 2.6585525274e+01 1.2960078332e+01 1.4478813469e+01 1.4603194892e+01 0 0
559 4.7488265753e+03 5.0118190311e+03 5.0302880633e+03 5.1350801357e+03 5.0151291110e+03 1.8342733523e+00 1.8568190001e+00 1.8538874922e+00 1.8441383793e+00 1.8606546697e+00 2.0372444348e+01 2.1620577097e+01 2.2846169233e+01 1.2319381901e+01 1.3674808264e+01 1.3936128378e+01 0 0
560 4.8944678259e+03 4.9709576542e+03 4.9501173723e+03 5.1217309574e+03 5.0035691261e+03 1.8324398581e+00 1.8550654163e+00 1.8521261143e+00 1.8421146818e+00 1.8588092572e+00 2.0500768026e+01 2.1847464085e+01 2.3161301136e+01 1.2500561014e+01 1.3758091569e+01 1.3897608280e+01 0 0
561 4.7921523189e+03 5.0220366387e+03 5.0794869820e+03 4.9504755327e+03 5.0410427493e+03 1.8305139917e+00 1.8532780255e+00 1.8502773232e+00 1.8402823982e+00 1.8569077161e+00 1.8855485679e+01 2.4697430849e+01 2.2339344025e+01 1.2243917032e+01 1.3947681069e+01 1.3667301953e+01 0 0
562 4.8171309322e+03 5.0215714672e+03 4.9311250238e+03 4.9876270911e+03 5.0284438945e+03 1.8285959923e+00 1.8514230419e+00 1.8484714607e+00 1.8384625725e+00 1.8550467574e+00 1.8177613723e+01 2.7569857836e+01 2.3488805771e+01 1.1911105195e+01 1.4633122265e+01 1.3984655738e+01 0 0
563 4.7863800898e+03 5.0946403210e+03 5.1646122797e+03 4.8830203768e+03 5.0242356633e+03 1.8267159901e+00 1.8495268696e+00 1.8465980914e+00 1.8365216379e+00 1.8531924588e+00 1.9825683400e+01 2.1602683067e+01 2.4767185688e+01 1.2278018848e+01 1.3282474399e+01 1.4135343909e+01 0 0
564 4.7551552811e+03 5.0083971488e+03 5.0010358927e+03 4.9557481776e+03 5.0480055467e+03 1.8249715601e+00 1.8476569441e+00 1.8446175187e+00 1.8346374556e+00 1.8513260874e+00 2.4100732769e+01 1.9650327444e+01 2.6820208311e+01 1.3155941851e+01 1.2594226539e+01 1.4778431535e+01 0 0
565 4.7630240451e+03 5.0045613194e+03 4.9886932157e+03 4.6969104739e+03 5.0076565377e+03 1.8232068512e+00 1.8458056740e+00 1.8427363436e+00 1.8328730469e+00 1.8495298293e+00 2.6079141405e+01 2.1725083590e+01 2.7001957655e+01 1.3629357821e+01 1.2701744854e+01 1.4535856009e+01 0 0
566 4.7667818391e+03 4.8846723534e+03 4.8833199772e+03 4.8476625295e+03 5.0237181450e+03 1.8213498374e+00 1.8439632303e+00 1.8409060315e+00 1.8311541590e+00 1.8477688681e+00 2.4671735627e+01 2.6590189219e+01 2.9865137339e+01 1.3597496735e+01 1.3810815871e+01 1.5108264148e+01 0 0
567 4.8267493022e+03 4.8213357070e+03 4.8166619146e+03 4.7991424234e+03 4.8930097077e+03 1.8195703780e+00 1.8422844940e+00 1.8391504972e+00 1.8292986311e+00 1.8459893859e+00 2.4615313729e+01 1.9915545464e+01 2.7666540384e+01 1.3425088224e+01 1.2444822252e+01 1.4587678015e+01 0 0
568 4.9323505885e+03 4.7877311955e+03 4.8668725071e+03 4.7967689125e+03 4.9246108476e+03 1.8176025742e+00 1.8405878832e+00 1.8373503086e+00 1.8274991084e+00 1.8442431274e+00 2.0934887567e+01 1.9967552423e+01 2.5797804117e+01 1.2878793041e+01 1.2216315508e+01 1.3895042539e+01 0 0
569 4.9099643150e+03 4.8537842968e+03 4.7405349909e+03 4.8256638921e+03 4.8575771739e+03 1.8155551453e+00 1.8388327712e+00 1.8355718127e+00 1.8257072952e+00 1.8424578807e+00 1.8299615163e+01 2.2229484797e+01 2.4413955212e+01 1.2367766408e+01 1.2853957415e+01 1.3685872018e+01 0 0
570 4.9169822113e+03 4.7777714470e+03 4.7898323561e+03 4.7654657695e+03 4.8105434204e+03 1.8134390003e+00 1.8370120574e+00 1.8338585515e+00 1.8239479714e+00 1.8406738640e+00 1.7471597189e+01 2.4945225954e+01 2.1461969376e+01 1.2199052655e+01 1.3278442204e+01 1.2804206491e+01 0 0
571 5.0545567473e+03 4.8070564798e+03 4.7326049909e+03 4.7923906352e+03 4.8466640073e+03 1.8113204362e+00 1.8352680727e+00 1.8321831087e+00 1.8222372546e+00 1.8388725913e+00 1.7885961598e+01 2.7348574877e+01 2.1543987274e+01 1.2337499767e+01 1.3864151418e+01 1.2818745315e+01 0 0
572 4.9253044501e+03 4.6731610287e+03 4.8021590977e+03 4.8185408580e+03 4.7181903310e+03 1.8092350394e+00 1.8335904676e+00 1.8304302555e+00 1.8203382954e+00 1.8371359739e+00 1.8663950720e+01 2.1786859274e+01 2.0553248405e+01 1.2546401849e+01 1.2938890576e+01 1.2345910549e+01 0 0
573 4.9301665874e+03 4.8438402121e+03 4.7989011242e+03 4.8531111671e+03 4.8125843369e+03 1.8071908206e+00 1.8319287404e+00 1.8286169886e+00 1.8184517312e+00 1.8355050704e+00 2.0155804436e+01 2.1836858511e+01 2.5381321669e+01 1.2729349501e+01 1.2908540606e+01 1.3152725816e+01 0 0
574 4.8619259295e+03 4.8185968912e+03 4.8256580898e+03 4.8247420656e+03 4.7198398278e+03 1.8052343030e+00 1.8300435071e+00 1.8267798973e+00 1.8165501982e+00 1.8337819808e+00 2.3074636099e+01 2.1838552952e+01 2.4847435236e+01 1.3405804397e+01 1.2951071978e+01 1.3383952022e+01 0 0
575 4.9814207131e+03 4.8047817848e+03 4.7823897792e+03 4.8140535934e+03 4.8691149093e+03 1.8032912289e+00 1.8281912355e+00 1.8249078688e+00 1.8147084999e+00 1.8319883829e+00 2.3900951587e+01 2.2890577078e+01 2.2563665152e+01 1.3577545088e+01 1.3129888356e+01 1.2984136283e+01 0 0
576 4.8514493453e+03 4.7852749137e+03 4.8388531699e+03 4.8414031024e+03 4.7557266532e+03 1.8013168849e+00 1.8263323083e+00 1.8230228907e+00 1.8127977585e+00 1.8301640586e+00 2.2699524370e+01 2.3039172411e+01 2.1268712759e+01 1.3288198583e+01 1.3347103775e+01 1.2644371390e+01 0 0
577 4.8393949360e+03 4.8309328292e+03 4.7683833738e+03 4.9035644178e+03 4.8074542120e+03 1.7994223249e+00 1.8245262231e+00 1.8212265537e+00 1.8108617902e+00 1.8284125215e+00 2.5260579115e+01 2.0597263575e+01 2.3467425823e+01 1.3658819097e+01 1.2685603619e+01 1.2984477401e+01 0 0
578 4.7705981648e+03 4.8173420057e+03 4.7688780651e+03 4.8760475798e+03 4.7606352517e+03 1.7975049113e+00 1.8226592238e+00 1.8195057057e+00 1.8089234841e+00 1.8265850823e+00 2.5914169748e+01 2.2813524485e+01 2.3274678946e+01 1.3948954290e+01 1.3358401775e+01 1.3147403121e+01 0 0
579 4.8125850687e+03 4.8436285985e+03 4.9143601822e+03 4.8947890659e+03 4.8565263306e+03 1.7955260432e+00 1.8208041773e+00 1.8176285326e+00 1.8069914271e+00 1.8247797315e+00 2.3005949019e+01 2.3897033691e+01 2.3888805389e+01 1.3258513061e+01 1.3697390795e+01 1.3374137938e+01 0 0
580 4.7564539158e+03 4.8237622247e+03 4.7756620483e+03 4.9292368578e+03 4.8142571597e+03 1.7934859110e+00 1.8189950412e+00 1.8157656480e+00 1.8049527180e+00 1.8229028249e+00 1.9838923009e+01 2.1687540054e+01 2.1488057852e+01 1.2419807063e+01 1.3254830718e+01 1.2887491345e+01 0 0
581 4.7691315670e+03 5.0087739019e+03 4.9221600949e+03 4.9401999960e+03 4.8725213186e+03 1.7915572035e+00 1.8170062625e+00 1.8139515203e+00 1.8028937861e+00 1.8210120197e+00 2.1669146417e+01 2.1311306238e+01 2.1354091883e+01 1.2646997285e+01 1.3246003151e+01 1.2825172782e+01 0 0
582 4.7131917251e+03 4.8359818031e+03 4.8150376946e+03 4.9369334612e+03 4.8591192618e+03 1.7895874799e+00 1.8149652413e+00 1.8120334667e+00 1.8008831817e+00 1.8191455349e+00 2.1782486545e+01 2.1065722704e+01 2.1994203329e+01 1.2779678805e+01 1.2962923944e+01 1.3024112105e+01 0 0
583 4.7453523849e+03 4.9206336990e+03 4.8960161356e+03 4.8897934517e+03 4.8778790473e+03 1.7875646292e+00 1.8130423756e+00 1.8101742424e+00 1.7989406510e+00 1.8172875288e+00 1.9840339400e+01 2.4444889307e+01 2.1872674704e+01 1.2330206929e+01 1.3699447513e+01 1.2940663397e+01 0 0
584 4.6636082211e+03 4.9126457230e+03 4.9283230414e+03 4.9551363251e+03 4.8616030278e+03 1.7855498020e+00 1.8110376263e+00 1.8081642786e+00 1.7968879553e+00 1.8154288981e+00 1.7895917874e+01 2.2422682524e+01 2.5578871250e+01 1.1674872059e+01 1.3473823786e+01 1.3891299844e+01 0 0
585 4.7338607794e+03 4.8697519444e+03 4.8903198259e+03 4.9000799993e+03 4.8461729230e+03 1.7834434506e+00 1.8090729092e+00 1.8061441510e+00 1.7947694404e+00 1.8135565800e+00 1.6513066668e+01 1.9240345716e+01 2.6087878704e+01 1.1414045238e+01 1.2630112410e+01 1.4086047649e+01 0 0
586 4.6187852953e+03 4.8708379156e+03 4.8636081257e+03 4.8500729891e+03 4.9508770940e+03 1.7813782864e+00 1.8072203624e+00 1.8042666558e+00 1.7927984683e+00 1.8116776507e+00 1.5621134795e+01 2.1250834227e+01 2.4653239012e+01 1.1040779952e+01 1.2786553264e+01 1.3785255969e+01 0 0
587 4.7014341695e+03 4.8590859223e+03 4.8512777698e+03 4.7210524250e+03 4.9484324791e+03 1.7793147864e+00 1.8053814722e+00 1.8024459595e+00 1.7910385735e+00 1.8095991090e+00 1.6138222024e+01 3.0014150620e+01 2.1129925489e+01 1.1113487378e+01 1.4354685545e+01 1.3261134624e+01 0 0
588 4.5161803641e+03 4.8154013332e+03 4.8263696502e+03 4.7813253393e+03 4.8320554633e+03 1.7773932731e+00 1.8035519352e+00 1.8005934813e+00 1.7892011100e+00 1.8077000633e+00 1.8129607170e+01 3.0066997766e+01 2.1772695780e+01 1.1409594605e+01 1.4548782110e+01 1.2895488620e+01 0 0
589 4.5035669112e+03 4.8401572289e+03 4.8108720623e+03 4.7835200428e+03 4.8807532206e+03 1.7757263202e+00 1.8016505473e+00 1.7986895284e+00 1.7871474154e+00 1.8058882232e+00 2.5917648516e+01 2.1696035862e+01 2.8265851974e+01 1.2657365061e+01 1.3019453764e+01 1.4300983489e+01 0 0
590 4.5551773592e+03 4.8656528853e+03 4.8431376194e+03 4.8620004114e+03 4.7985814571e+03 1.7739333307e+00 1.7996545766e+00 1.7967717209e+00 1.7850758299e+00 1.8040471397e+00 2.6176025859e+01 1.7979657888e+01 2.7778115749e+01 1.3167274484e+01 1.1946508467e+01 1.4280663908e+01 0 0
591 4.5502764870e+03 4.7883746721e+03 4.8103737901e+03 4.6779841812e+03 4.8291556198e+03 1.7720546649e+00 1.7976794470e+00 1.7947794974e+00 1.7831203243e+00 1.8022217831e+00 1.9315350477e+01 2.0802404881e+01 2.7318848372e+01 1.1604942013e+01 1.2382179499e+01 1.4141716659e+01 0 0
592 4.4939147606e+03 4.6411927346e+03 4.6626262986e+03 4.7115364797e+03 4.8499987629e+03 1.7700807698e+00 1.7958931513e+00 1.7928855383e+00 1.7812459871e+00 1.8002076034e+00 1.6639156079e+01 2.3614677429e+01 2.3054905891e+01 1.0972186450e+01 1.2965659142e+01 1.3461245537e+01 0 0
593 4.4912243165e+03 4.7584234784e+03 4.7155582914e+03 4.6304392880e+03 4.7899486427e+03 1.7681959886e+00 1.7940415688e+00 1.7910768362e+00 1.7792944282e+00 1.7982754102e+00 1.6655736789e+01 2.0857935667e+01 2.1474820375e+01 1.0733731138e+01 1.2370225310e+01 1.2820043147e+01 0 0
594 4.4727191181e+03 4.7383064485e+03 4.7597157478e+03 4.6305040762e+03 4.6966694582e+03 1.7663108426e+00 1.7921065790e+00 1.7891625844e+00 1.7774792275e+00 1.7964114375e+00 1.7122182996e+01 2.2107362986e+01 2.3858758211e+01 1.0892605431e+01 1.2296757221e+01 1.3175130129e+01 0 0
595 4.3195649651e+03 4.7484938665e+03 4.7293545014e+03 4.5416146908e+03 4.7374339046e+03 1.7646161028e+00 1.7902264681e+00 1.7872551511e+00 1.7756896283e+00 1.7945153224e+00 1.9496150922e+01 2.5669745445e+01 2.3272461653e+01 1.0959043739e+01 1.3129961789e+01 1.3015616775e+01 0 0
596 4.3165961514e+03 4.6296274148e+03 4.6061591375e+03 4.7150720037e+03 4.7541156906e+03 1.7629385586e+00 1.7883766243e+00 1.7854346773e+00 1.7738240149e+00 1.7925863790e+00 2.1295950168e+01 2.4253372669e+01 2.1894237280e+01 1.1382986503e+01 1.2959290504e+01 1.2799610913e+01 0 0
597 4.1897038713e+03 4.6410498812e+03 4.6115429088e+03 4.6531322784e+03 4.7703576386e+03 1.7614035375e+00 1.7865095853e+00 1.7836296548e+00 1.7718355097e+00 1.7906665996e+00 2.3101934231e+01 1.8649892092e+01 2.1308916569e+01 1.1366742238e+01 1.1782186568e+01 1.2501543045e+01 0 0
598 4.3186344854e+03 4.6235616142e+03 4.6386349285e+03 4.6626447431e+03 4.6473278344e+03 1.7597953033e+00 1.7845949816e+00 1.7817288845e+00 1.7698535845e+00 1.7888063058e+00 2.3578480801e+01 1.7857809305e+01 2.1922852516e+01 1.1719249535e+01 1.1463693857e+01 1.2574596167e+01 0 0
599 4.3365421751e+03 4.6223887764e+03 4.6307234856e+03 4.4473110977e+03 4.6433186408e+03 1.7580015566e+00 1.7827485913e+00 1.7798304656e+00 1.7680730318e+00 1.7869286159e+00 1.6441004045e+01 2.0578585863e+01 2.0870107412e+01 1.0228253962e+01 1.1638701022e+01 1.2201978147e+01 0 0
600 4.3877889720e+03 4.6130280728e+03 4.6039765421e+03 4.5006550634e+03 4.5207866572e+03 1.7561234348e+00 1.7809160001e+00 1.7779927397e+00 1.7663735193e+00 1.7851842198e+00 1.2930414423e+01 2.6552596092e+01 2.3296892643e+01 9.3452832748e+00 1.2899294436e+01 1.2474809825e+01 0 0
601 4.2148392109e+03 4.7049055251e+03 4.6899409378e+03 4.5317872854e+03 4.6665173309e+03 1.7542686714e+00 1.7789860995e+00 1.7760846783e+00 1.7645262879e+00 1.7834361967e+00 1.3565757860e+01 2.1094814062e+01 2.6998010874e+01 9.4079390811e+00 1.1989065468e+01 1.3372618258e+01 0 0
602 4.2667388841e+03 4.5730773009e+03 4.5983009906e+03 4.4462784438e+03 4.6500236559e+03 1.7524887496e+00 1.7770478875e+00 1.7741253960e+00 1.7626631470e+00 1.7815054036e+00 1.4531443213e+01 1.8184003353e+01 2.0462682486e+01 9.5873713888e+00 1.1167870998e+01 1.2247589946e+01 0 0
603 4.1737618083e+03 4.5900061002e+03 4.5224126304e+03 4.4768247676e+03 4.6729382620e+03 1.7507694280e+00 1.7752501925e+00 1.7723759511e+00 1.7608333293e+00 1.7796046925e+00 1.5498314542e+01 1.8726419687e+01 1.8538554907e+01 9.6752112276e+00 1.1197343051e+01 1.1530977726e+01 0 0
604 4.2094759504e+03 4.4880113636e+03 4.4180323675e+03 4.3689119927e+03 4.5714496607e+03 1.7491179099e+00 1.7733660465e+00 1.7706540997e+00 1.7590347455e+00 1.7777045837e+00 1.7879967817e+01 1.8566228628e+01 1.8927387238e+01 1.0202245148e+01 1.1018246531e+01 1.1643194675e+01 0 0
605 4.1033619687e+03 4.4892373517e+03 4.4843503431e+03 4.3208443619e+03 4.6165415627e+03 1.7475078024e+00 1.7715556552e+00 1.7689576247e+00 1.7573250861e+00 1.7758739992e+00 1.7807257770e+01 1.9176767349e+01 1.9568134308e+01 1.0051921405e+01 1.0949317217e+01 1.1587936461e+01 0 0
606 4.1614363595e+03 4.3965090697e+03 4.4444941219e+03 4.2539722613e+03 4.4646710965e+03 1.7459605471e+00 1.7698186248e+00 1.7671558513e+00 1.7556921974e+00 1.7740716512e+00 2.0526462746e+01 2.0176485538e+01 1.9326751232e+01 1.0567641905e+01 1.0958757997e+01 1.1447296977e+01 0 0
607 4.0657098480e+03 4.4192881780e+03 4.4901971004e+03 4.2842166145e+03 4.5626299434e+03 1.7443645779e+00 1.7681411590e+00 1.7653087038e+00 1.7540462517e+00 1.7722210506e+00 2.0126059263e+01 2.0983207464e+01 1.8839065790e+01 1.0481430507e+01 1.1108323693e+01 1.1396960080e+01 0 0
608 4.1703735348e+03 4.3270421768e+03 4.3364473939e+03 4.2663098809e+03 4.3905525848e+03 1.7427115529e+00 1.7665023469e+00 1.7635263272e+00 1.7524079283e+00 1.7704366115e+00 1.7223849694e+01 2.0126850605e+01 1.8100304604e+01 1.0001852170e+01 1.0901312649e+01 1.0950401604e+01 0 0
609 4.1163221119e+03 4.3087522556e+03 4.2992527258e+03 4.2884729217e+03 4.4387574838e+03 1.7409469862e+00 1.7648087554e+00 1.7618171779e+00 1.7507603357e+00 1.7687923560e+00 1.4247776191e+01 1.8394427061e+01 2.2206494808e+01 9.2714992490e+00 1.0433854461e+01 1.1702580571e+01 0 0
610 4.1692199942e+03 4.2670826099e+03 4.2580211366e+03 4.2932225659e+03 4.3417544841e+03 1.7391888795e+00 1.7630974109e+00 1.7601133412e+00 1.7489746700e+00 1.7671544878e+00 1.3392897922e+01 1.7334106445e+01 2.2355704308e+01 9.0187251986e+00 1.0435673356e+01 1.1619876981e+01 0 0
611 3.9377272228e+03 4.2591712809e+03 4.2959238820e+03 4.1574925135e+03 4.2607295150e+03 1.7375667195e+00 1.7614393441e+00 1.7584283784e+00 1.7472829449e+00 1.7655479488e+00 1.4167632385e+01 1.6543881655e+01 2.2365135193e+01 8.8950591192e+00 9.9992333055e+00 1.1493574739e+01 0 0
612 4.0185188980e+03 4.2765738623e+03 4.2856024081e+03 4.2270244854e+03 4.2932654239e+03 1.7360514350e+00 1.7598323759e+00 1.7567182201e+00 1.7455984501e+00 1.7638909021e+00 1.7112861278e+01 1.8564420462e+01 1.9364272356e+01 9.3981762357e+00 1.0490192056e+01 1.0902228296e+01 0 0
613 3.8613465136e+03 4.2638531870e+03 4.2619465037e+03 4.1963107607e+03 4.2032806235e+03 1.7344885393e+00 1.7582124914e+00 1.7550652676e+00 1.7438563473e+00 1.7622655961e+00 1.5567336983e+01 1.5696218133e+01 1.8263823271e+01 9.0306307524e+00 9.8216918111e+00 1.0420425653e+01 0 0
614 3.9981363776e+03 4.2502190532e+03 4.1518569340e+03 4.2063894256e+03 4.2966535816e+03 1.7329925071e+00 1.7565021490e+00 1.7535013778e+00 1.7420827328e+00 1.7607116507e+00 1.5934544430e+01 1.5028171241e+01 2.1340439081e+01 8.9797215493e+00 9.7161929011e+00 1.0997191012e+01 0 0
615 3.8830156626e+03 4.2182204779e+03 4.1836096854e+03 4.1377771810e+03 4.2727274662e+03 1.7313943458e+00 1.7547548607e+00 1.7519100574e+00 1.7403673579e+00 1.7590788772e+00 1.3682015473e+01 1.4452929795e+01 1.9303259611e+01 8.5765208644e+00 9.3122714758e+00 1.0659097195e+01 0 0
616 3.9271070258e+03 4.1265212952e+03 4.1345858317e+03 4.1123190538e+03 4.2225622553e+03 1.7298640712e+00 1.7531152672e+00 1.7503105778e+00 1.7387982335e+00 1.7574640383e+00 1.4332149530e+01 1.9212101460e+01 1.8551689625e+01 8.5730722909e+00 1.0246155560e+01 1.0414286435e+01 0 0
617 3.8694220213e+03 4.1677843034e+03 4.1882645571e+03 4.0962724519e+03 4.1354670837e+03 1.7283054578e+00 1.7516370035e+00 1.7487510738e+00 1.7371807424e+00 1.7558904537e+00 1.5585196223e+01 1.8812104225e+01 2.1495069981e+01 8.9723704777e+00 1.0314067304e+01 1.1033851922e+01 0 0
618 3.9251249019e+03 4.0842699470e+03 4.0716836812e+03 4.1553377721e+03 4.1996018859e+03 1.7267800199e+00 1.7500832264e+00 1.7471411596e+00 1.7354402048e+00 1.7542918052e+00 1.5658569493e+01 1.5287351727e+01 1.9354171038e+01 8.8843128880e+00 9.5744554996e+00 1.0542247474e+01 0 0
619 3.9190339923e+03 4.1304217702e+03 4.1519241323e+03 4.1262360572e+03 4.1887668830e+03 1.7251595046e+00 1.7484543226e+00 1.7454970013e+00 1.7336917470e+00 1.7526621144e+00 1.3706944881e+01 1.3629346788e+01 1.7954398394e+01 8.6037071131e+00 9.0437480211e+00 1.0232844472e+01 0 0
620 4.0056640234e+03 4.0818149150e+03 4.1006955508e+03 4.0115981853e+03 4.1783968217e+03 1.7234558089e+00 1.7468620872e+00 1.7438209222e+00 1.7321397350e+00 1.7510321287e+00 1.2096398106e+01 1.6439948559e+01 1.7598660707e+01 8.1752026222e+00 9.3966387510e+00 1.0125311852e+01 0 0
621 3.9554059230e+03 4.1147821328e+03 4.1025957637e+03 3.9236582420e+03 4.0650761370e+03 1.7217148204e+00 1.7452591323e+00 1.7422007036e+00 1.7307116867e+00 1.7493847316e+00 1.1494616163e+01 2.0031815529e+01 1.6570608377e+01 8.1083004594e+00 9.8897916675e+00 9.8969857693e+00 0 0
622 3.9454885065e+03 4.0446751415e+03 4.0723658971e+03 3.9774202695e+03 4.1942255543e+03 1.7199915335e+00 1.7436458017e+00 1.7405371163e+00 1.7292769779e+00 1.7477360411e+00 1.0721243558e+01 2.0955177784e+01 1.6168851614e+01 7.7901235012e+00 1.0112832665e+01 9.7138813138e+00 0 0
623 3.8669561192e+03 4.0757039883e+03 4.0705004606e+03 3.9239791029e+03 4.1025211761e+03 1.7183725639e+00 1.7420455276e+00 1.7388958765e+00 1.7277159348e+00 1.7460116281e+00 1.2083014271e+01 1.5651170552e+01 1.4572813272e+01 7.9829860014e+00 9.0669116974e+00 9.4017349482e+00 0 0
624 3.8676878306e+03 3.9517494860e+03 4.0394784317e+03 4.0022186347e+03 4.0663118424e+03 1.7168288037e+00 1.7405356545e+00 1.7372602055e+00 1.7261453355e+00 1.7444301505e+00 1.4688844178e+01 1.4333362997e+01 1.5775156558e+01 8.5275187584e+00 8.6884070635e+00 9.4066027999e+00 0 0
625 3.9029759198e+03 3.9944930842e+03 3.9329192720e+03 3.8826405963e+03 4.0938786010e+03 1.7152501813e+00 1.7390826615e+00 1.7357187836e+00 1.7246780311e+00 1.7427732017e+00 1.6225203052e+01 1.5671557426e+01 1.6091142416e+01 9.0898765347e+00 8.8130890131e+00 9.6185893416e+00 0 0
626 3.9582525164e+03 3.9436488180e+03 3.9357087037e+03 3.9638365254e+03 4.0069212620e+03 1.7136042609e+00 1.7375377292e+00 1.7342341491e+00 1.7231521684e+00 1.7411794874e+00 1.4106773356e+01 1.7688379288e+01 1.5298843563e+01 8.6149588912e+00 9.4635516405e+00 9.2558420897e+00 0 0
627 3.8333044536e+03 3.9487729740e+03 3.8969327682e+03 3.9322543153e+03 4.0354419832e+03 1.7120418271e+00 1.7359985348e+00 1.7327523910e+00 1.7215424149e+00 1.7395622478e+00 1.5700091981e+01 1.4236142397e+01 1.4032751560e+01 8.8824836093e+00 8.7616234422e+00 8.8853604198e+00 0 0
628 3.9624802796e+03 3.8712464401e+03 3.9202534357e+03 3.9894089788e+03 3.8937996867e+03 1.7104321919e+00 1.7345015670e+00 1.7312325329e+00 1.7199167892e+00 1.7380431983e+00 1.6585192791e+01 1.3290449083e+01 1.3791293025e+01 9.2141661722e+00 8.4601429105e+00 8.5045096874e+00 0 0
629 3.9086330834e+03 3.9705279246e+03 3.9141627457e+03 3.8606740344e+03 3.9188146167e+03 1.7087010301e+00 1.7330407148e+00 1.7298246170e+00 1.7183133209e+00 1.7366329734e+00 1.2884966986e+01 1.3491942883e+01 1.7188739061e+01 8.4114657611e+00 8.4135132432e+00 9.1501469016e+00 0 0
630 3.9231555045e+03 3.8450656691e+03 3.9204731857e+03 3.9749568551e+03 3.8717375944e+03 1.7069766839e+00 1.7315833285e+00 1.7282996662e+00 1.7168280940e+00 1.7352029026e+00 1.1294486522e+01 1.6766643763e+01 1.8027195930e+01 7.8760909304e+00 9.0841972828e+00 9.3430957198e+00 0 0
631 3.9438181630e+03 3.9348175307e+03 3.9382124117e+03 3.8553565334e+03 3.9979217101e+03 1.7052502424e+00 1.7301244766e+00 1.7266999773e+00 1.7152689067e+00 1.7337088120e+00 1.2229015342e+01 1.6784309626e+01 1.6441797018e+01 8.1635777326e+00 9.2197008729e+00 9.1627743244e+00 0 0
632 3.8813251421e+03 3.8958185276e+03 3.8735389504e+03 3.8751730284e+03 3.8766624821e+03 1.7035781588e+00 1.7285499876e+00 1.7251377846e+00 1.7138163851e+00 1.7322057824e+00 1.2797148919e+01 1.6986470461e+01 1.5282143176e+01 8.2301493347e+00 9.0590883493e+00 8.8364061713e+00 0 0
633 3.8109764644e+03 3.9498986063e+03 3.8814834793e+03 3.8271297339e+03 3.9420053272e+03 1.7019937085e+00 1.7269725459e+00 1.7236773172e+00 1.7123072257e+00 1.7307088572e+00 1.4414823098e+01 1.7503768444e+01 1.6099714994e+01 8.4803568475e+00 9.2289500237e+00 9.0483422279e+00 0 0
634 3.8313904172e+03 3.9179945125e+03 3.8821705269e+03 3.9932067314e+03 3.8471498541e+03 1.7004501650e+00 1.7253632906e+00 1.7222093012e+00 1.7107120874e+00 1.7292912337e+00 1.6298932882e+01 1.5241437137e+01 1.7345576048e+01 8.8912704706e+00 8.8794432282e+00 9.1143528223e+00 0 0
635 3.8895894893e+03 3.9671097792e+03 3.9367927301e+03 3.8915757734e+03 3.8898264743e+03 1.6988384798e+00 1.7237829023e+00 1.7207138896e+00 1.7090197855e+00 1.7278316208e+00 1.5287875537e+01 1.2797169685e+01 1.7932884455e+01 8.7812839538e+00 8.3908970952e+00 9.3452920914e+00 0 0
636 3.8717173773e+03 3.8346690861e+03 3.8376083698e+03 4.0509991360e+03 3.9140677051e+03 1.6971409443e+00 1.7222084325e+00 1.7191361916e+00 1.7073343741e+00 1.7263649493e+00 1.3359205628e+01 1.3613603413e+01 1.7492041111e+01 8.4567005994e+00 8.5574591160e+00 9.2583921552e+00 0 0
637 3.8643346302e+03 3.9304174079e+03 3.9677619636e+03 3.9049542891e+03 3.9517391108e+03 1.6954568590e+00 1.7206344984e+00 1.7175135771e+00 1.7056329744e+00 1.7248309815e+00 1.3163634513e+01 1.3433099389e+01 1.5932875335e+01 8.2855295363e+00 8.5383157730e+00 9.0643226504e+00 0 0
638 3.8844104578e+03 3.8368437550e+03 3.8963069694e+03 3.9522930053e+03 3.8559421676e+03 1.6938217290e+00 1.7190918412e+00 1.7158417548e+00 1.7040285771e+00 1.7232978754e+00 1.4539542449e+01 1.4813340485e+01 1.4920615494e+01 8.6122635519e+00 8.7459528446e+00 8.6928884387e+00 0 0
639 3.8576400719e+03 3.9741587789e+03 3.8697634295e+03 3.9566693064e+03 3.8162565427e+03 1.6921710243e+00 1.7175224418e+00 1.7143434341e+00 1.7023021414e+00 1.7218495435e+00 1.5655647076e+01 1.3404485941e+01 1.6318020582e+01 8.9129430418e+00 8.5945997238e+00 8.8657238483e+00 0 0
640 3.9567662191e+03 3.9189755039e+03 3.9004440773e+03 3.9595214357e+03 3.9335841163e+03 1.6904513989e+00 1.7158484640e+00 1.7128499679e+00 1.7005941749e+00 1.7203948035e+00 1.4768500057e+01 1.1458971202e+01 1.7598301888e+01 8.8171835887e+00 7.9154970646e+00 9.2426300645e+00 0 0
641 3.8294110343e+03 3.9353571630e+03 3.9448282599e+03 3.9522515102e+03 3.9080524561e+03 1.6887557297e+00 1.7142979855e+00 1.7113057978e+00 1.6988519811e+00 1.7187798045e+00 1.4751844050e+01 1.2732401848e+01 1.4892221749e+01 8.7358495125e+00 8.3208312392e+00 8.8386699557e+00 0 0
642 3.9922879126e+03 3.8219620616e+03 3.7991252941e+03 3.9111842196e+03 3.9331811552e+03 1.6870561050e+00 1.7127604967e+00 1.7097973531e+00 1.6972142928e+00 1.7172256265e+00 1.6007949122e+01 1.3117133915e+01 1.5198251843e+01 9.0875972316e+00 8.3276793361e+00 8.8049354553e+00 0 0
643 3.8447297361e+03 3.9870203160e+03 3.9646504260e+03 3.8417837003e+03 3.9024338559e+03 1.6853636587e+00 1.7111976058e+00 1.7082964418e+00 1.6956214852e+00 1.7157006126e+00 1.5647667947e+01 1.4921937346e+01 1.7040655136e+01 8.9726528901e+00 8.6666458845e+00 9.2346125245e+00 0 0
644 3.9246549238e+03 3.8495352966e+03 3.8897930536e+03 3.8574807841e+03 3.9390227214e+03 1.6837369020e+00 1.7096154880e+00 1.7066751735e+00 1.6940030477e+00 1.7141487536e+00 1.8209079584e+01 1.4458900750e+01 1.6437348127e+01 9.4604904910e+00 8.5757667422e+00 9.0973551869e+00 0 0
645 3.9548246756e+03 3.9246035469e+03 3.9782109044e+03 3.8261536822e+03 3.8940503335e+03 1.6820527293e+00 1.7081813699e+00 1.7050487146e+00 1.6924510608e+00 1.7125404663e+00 1.7884971033e+01 1.6190150976e+01 1.4788470805e+01 9.5472538346e+00 8.8957267404e+00 8.7902288437e+00 0 0
646 4.0221787154e+03 3.8264837645e+03 3.8483801787e+03 3.9612571237e+03 3.9463590815e+03 1.6802479219e+00 1.7066666888e+00 1.7033964889e+00 1.6908645554e+00 1.7110161705e+00 1.4981822490e+01 1.6599656105e+01 1.4963712931e+01 9.0433760933e+00 9.1240563393e+00 8.6291159987e+00 0 0
647 3.9717802092e+03 3.9759705733e+03 3.8752855379e+03 3.8714529572e+03 3.9456538115e+03 1.6784140667e+00 1.7050802836e+00 1.7019496074e+00 1.6891558035e+00 1.7094169633e+00 1.4283291758e+01 1.4104530215e+01 1.4787960708e+01 8.8917334626e+00 8.6757866144e+00 8.7557625771e+00 0 0
648 3.9537654427e+03 3.7714352706e+03 3.7625745175e+03 3.9014343516e+03 3.9264505600e+03 1.6766196384e+00 1.7034773400e+00 1.7004634136e+00 1.6875129251e+00 1.7078066557e+00 1.4262563392e+01 1.4315872908e+01 1.3804349601e+01 8.8142137159e+00 8.5598000884e+00 8.4814240336e+00 0 0
649 3.9326337375e+03 3.8471185321e+03 3.8949456992e+03 3.8483235311e+03 3.8825898573e+03 1.6748425497e+00 1.7020112819e+00 1.6989154182e+00 1.6859376164e+00 1.7062345745e+00 1.4565164057e+01 1.7159561157e+01 1.5266544998e+01 8.8171667454e+00 9.1609380245e+00 8.7660122514e+00 0 0
650 3.9313795860e+03 3.7995630012e+03 3.8837189651e+03 3.9320920640e+03 3.8706149382e+03 1.6731846301e+00 1.7004957624e+00 1.6972071731e+00 1.6843545979e+00 1.7047340374e+00 1.7443797192e+01 1.9245586157e+01 1.5649161816e+01 9.3169315024e+00 9.6688382030e+00 8.7307804823e+00 0 0
651 3.8662874518e+03 3.9112739613e+03 3.8707463105e+03 3.9262651464e+03 3.8117751770e+03 1.6714929444e+00 1.6989584056e+00 1.6955979429e+00 1.6827032679e+00 1.7032011359e+00 1.6219529619e+01 1.7733750105e+01 1.5879539371e+01 9.0755576143e+00 9.4836677909e+00 8.8702298403e+00 0 0
652 3.8186402366e+03 3.9296630899e+03 3.8832415583e+03 3.9713856524e+03 3.8867546874e+03 1.6697565764e+00 1.6972321373e+00 1.6939887534e+00 1.6809345101e+00 1.7017464334e+00 1.3916791779e+01 1.4803758860e+01 1.7932717323e+01 8.4581602666e+00 8.9478114247e+00 9.1675953865e+00 0 0
653 3.7621153637e+03 3.9263356963e+03 3.9213236286e+03 3.8581863615e+03 3.8921428545e+03 1.6680565537e+00 1.6955119289e+00 1.6923496835e+00 1.6792300099e+00 1.7001015302e+00 1.3072698253e+01 1.5128665805e+01 1.6369823217e+01 8.1351147476e+00 8.8703501821e+00 9.2156244516e+00 0 0
654 3.7378463933e+03 3.9002181990e+03 3.8743901456e+03 3.9726940481e+03 3.9140546751e+03 1.6664501743e+00 1.6938027511e+00 1.6906521415e+00 1.6776329426e+00 1.6984706189e+00 1.3865722105e+01 1.9195931911e+01 1.3530068040e+01 8.1467343755e+00 9.6659184098e+00 8.4217042327e+00 0 0
655 3.7150546637e+03 3.9237925531e+03 3.9210729399e+03 3.9446604417e+03 3.9114787485e+03 1.6648427873e+00 1.6920988944e+00 1.6890198954e+00 1.6759326995e+00 1.6968380813e+00 1.3952629014e+01 1.7891314507e+01 1.4807921410e+01 8.1211965843e+00 9.6397805214e+00 8.7587049603e+00 0 0
656 3.7066811380e+03 3.9409481093e+03 3.9220152983e+03 4.0067832484e+03 3.9027431378e+03 1.6632578727e+00 1.6904521673e+00 1.6873542546e+00 1.6742638909e+00 1.6952682756e+00 1.3695918939e+01 1.7564565897e+01 1.6198316813e+01 7.9324346365e+00 9.4346442819e+00 8.9453819990e+00 0 0
657 3.7032962238e+03 3.9097393775e+03 3.9031889526e+03 4.0149799501e+03 3.9172258041e+03 1.6617527956e+00 1.6887393105e+00 1.6856649860e+00 1.6725048413e+00 1.6935922699e+00 1.6001290871e+01 1.7385303259e+01 1.6926376104e+01 8.4222669104e+00 9.6373946071e+00 9.4009522200e+00 0 0
658 3.6799573472e+03 3.9332077240e+03 3.8877349447e+03 3.9714803285e+03 3.9475931908e+03 1.6601785435e+00 1.6870386559e+00 1.6840479564e+00 1.6706855560e+00 1.6919082976e+00 1.5678761173e+01 1.4664772272e+01 1.4489928663e+01 8.4237842088e+00 9.0270389318e+00 8.7346854210e+00 0 0
659 3.6675419805e+03 4.0002591166e+03 3.9809746294e+03 3.9971627437e+03 3.9000538458e+03 1.6586533377e+00 1.6852989899e+00 1.6823977209e+00 1.6688546459e+00 1.6903151246e+00 1.5992936540e+01 1.3810919702e+01 1.7055860519e+01 8.3563794906e+00 8.7370413542e+00 9.2157481313e+00 0 0
660 3.6138823449e+03 3.9572012837e+03 3.9887718661e+03 3.8707474730e+03 3.9200755095e+03 1.6571558949e+00 1.6835548499e+00 1.6806324937e+00 1.6671020877e+00 1.6887122917e+00 1.6111137134e+01 1.4076917052e+01 1.8691026449e+01 8.3468438751e+00 8.6657620072e+00 9.6415101290e+00 0 0
661 3.6727870315e+03 3.9699180092e+03 4.0277524750e+03 3.9092451957e+03 3.9458998974e+03 1.6556481811e+00 1.6819174202e+00 1.6788497254e+00 1.6654248897e+00 1.6871310834e+00 1.5419423755e+01 1.6075914145e+01 1.9223966360e+01 8.1590239917e+00 8.9969149232e+00 9.7099838257e+00 0 0
662 3.7014690351e+03 3.9259679061e+03 3.9029519597e+03 3.7197881660e+03 4.0289182171e+03 1.6540323899e+00 1.6802868223e+00 1.6771214319e+00 1.6638455320e+00 1.6854303327e+00 1.2191207728e+01 1.6538828373e+01 1.7154310703e+01 7.5465184791e+00 8.8435388207e+00 9.5392620564e+00 0 0
663 3.6094781805e+03 3.9242451503e+03 3.9299620863e+03 3.7906711807e+03 4.0139671150e+03 1.6524095851e+00 1.6785945020e+00 1.6754362128e+00 1.6622960385e+00 1.6836440324e+00 1.1580626053e+01 1.7515608311e+01 1.4346369445e+01 7.3442425672e+00 9.0267419815e+00 8.9247166514e+00 0 0
664 3.5552835161e+03 3.9235371796e+03 3.9277236410e+03 3.7077510704e+03 4.0101827889e+03 1.6508854023e+00 1.6768573928e+00 1.6736759189e+00 1.6606929408e+00 1.6818832174e+00 1.2558821610e+01 1.5686748683e+01 1.4418585956e+01 7.4428878292e+00 8.6474813223e+00 8.8698417544e+00 0 0
665 3.5209524756e+03 3.8566596946e+03 3.8785418652e+03 3.7604273693e+03 3.8777813244e+03 1.6494117777e+00 1.6751818413e+00 1.6719492169e+00 1.6590825189e+00 1.6802094329e+00 1.3594980776e+01 1.3896456301e+01 1.6292953014e+01 7.5808291477e+00 8.1638910770e+00 9.1843052506e+00 0 0
666 3.5411155473e+03 3.8439415969e+03 3.7788682168e+03 3.7090192774e+03 3.9556787028e+03 1.6479093695e+00 1.6735257519e+00 1.6703529205e+00 1.6574453413e+00 1.6785687383e+00 1.2018732495e+01 1.2777274191e+01 1.6920726538e+01 7.1894528010e+00 7.8602895737e+00 9.3009942174e+00 0 0
667 3.4717203702e+03 3.7496271815e+03 3.6991266537e+03 3.7736510173e+03 3.8825759490e+03 1.6463858648e+00 1.6718442254e+00 1.6688395256e+00 1.6558115926e+00 1.6768484047e+00 1.0949531742e+01 1.2895400047e+01 1.4757205665e+01 6.8792683133e+00 7.8639630377e+00 8.8358124495e+00 0 0
668 3.3993042971e+03 3.7998293383e+03 3.7511820804e+03 3.6764869101e+03 3.8590452187e+03 1.6449696355e+00 1.6701445317e+00 1.6672577670e+00 1.6541809082e+00 1.6751963018e+00 1.1701404784e+01 1.3496816933e+01 1.4403621554e+01 6.8516978970e+00 7.9911322296e+00 8.5453135371e+00 0 0
669 3.3994130470e+03 3.6379748487e+03 3.6549198350e+03 3.6614450699e+03 3.7459033623e+03 1.6437240860e+00 1.6686181757e+00 1.6658130745e+00 1.6526324603e+00 1.6736473044e+00 1.5811299923e+01 1.5047366440e+01 1.5382468641e+01 7.4399677895e+00 8.2342485785e+00 8.5400691628e+00 0 0
670 3.4854948910e+03 3.7220001343e+03 3.6993679190e+03 3.6581312169e+03 3.6942950613e+03 1.6422089485e+00 1.6671196928e+00 1.6643139920e+00 1.6510708549e+00 1.6721376433e+00 1.2221013653e+01 1.4543184519e+01 1.6322233438e+01 7.1923683762e+00 8.1062785983e+00 8.6756923199e+00 0 0
671 3.4903736989e+03 3.6562460256e+03 3.6704091053e+03 3.6955080841e+03 3.7574478040e+03 1.6406101677e+00 1.6655775348e+00 1.6627902052e+00 1.6494820347e+00 1.6705909215e+00 8.3856877701e+00 1.3108350873e+01 1.5649204075e+01 6.0873916840e+00 7.7646171451e+00 8.5539194345e+00 0 0
672 3.4395517057e+03 3.7038914671e+03 3.7290152856e+03 3.6766492898e+03 3.6898154425e+03 1.6390557387e+00 1.6640665560e+00 1.6612206613e+00 1.6478659706e+00 1.6690886525e+00 9.1553210392e+00 1.1572150469e+01 1.4671145380e+01 6.2697502201e+00 7.3821195364e+00 8.1873889565e+00 0 0
673 3.4063967841e+03 3.6678965362e+03 3.6992799299e+03 3.6314696749e+03 3.6959015138e+03 1.6375701112e+00 1.6625065688e+00 1.6595466910e+00 1.6463275381e+00 1.6675894706e+00 9.9637319385e+00 1.2466701925e+01 1.4872468174e+01 6.3640687681e+00 7.4536540806e+00 8.2010964751e+00 0 0
674 3.3617238694e+03 3.6365497384e+03 3.6693229621e+03 3.5394920540e+03 3.7017617427e+03 1.6361634588e+00 1.6609569115e+00 1.6579130104e+00 1.6448881149e+00 1.6660673065e+00 1.1679113805e+01 1.5380216897e+01 1.5882217228e+01 6.6998570269e+00 8.0359499454e+00 8.4681774378e+00 0 0
675 3.3529635597e+03 3.5775340669e+03 3.6038453074e+03 3.5374818727e+03 3.7542895466e+03 1.6348740746e+00 1.6595453924e+00 1.6563605073e+00 1.6434537849e+00 1.6644473686e+00 1.3918211376e+01 1.4709956646e+01 1.3407706857e+01 6.9989568642e+00 7.8400886357e+00 8.0539348125e+00 0 0
676 3.3418914371e+03 3.6310698148e+03 3.6459749039e+03 3.5106503671e+03 3.6459434993e+03 1.6334962373e+00 1.6581201878e+00 1.6548511959e+00 1.6419887397e+00 1.6628491490e+00 1.3851937047e+01 1.2739970803e+01 1.2521032155e+01 7.2001103869e+00 7.3265253603e+00 7.6897610128e+00 0 0
677 3.4406885438e+03 3.6275808744e+03 3.6263600207e+03 3.5082485659e+03 3.6982187604e+03 1.6320624043e+00 1.6566213903e+00 1.6533217380e+00 1.6405024430e+00 1.6612672593e+00 1.1623030802e+01 1.1846292973e+01 1.2405727148e+01 6.7046327585e+00 7.0926540792e+00 7.6092256010e+00 0 0
678 3.4128618636e+03 3.6076626782e+03 3.5922987070e+03 3.4679864475e+03 3.6146482540e+03 1.6305124907e+00 1.6551332642e+00 1.6518074764e+00 1.6390245527e+00 1.6597081020e+00 9.6052196781e+00 1.0956123292e+01 1.1633505583e+01 6.3274258479e+00 6.8150197864e+00 7.3439123333e+00 0 0
679 3.3517315841e+03 3.4767822768e+03 3.4628296233e+03 3.4118361625e+03 3.6492834913e+03 1.6289955424e+00 1.6536721236e+00 1.6503706871e+00 1.6375993716e+00 1.6582234850e+00 9.1856884393e+00 1.1458920956e+01 1.3053596079e+01 6.1150089174e+00 6.7849354744e+00 7.5894799531e+00 0 0
680 3.3457646924e+03 3.5009383028e+03 3.5134382021e+03 3.4224619793e+03 3.6078810956e+03 1.6275233978e+00 1.6522833138e+00 1.6489698166e+00 1.6362221578e+00 1.6567398992e+00 1.0531874686e+01 1.2598881721e+01 1.3590193748e+01 6.4150719351e+00 6.9809096456e+00 7.7367005944e+00 0 0
681 3.3288494534e+03 3.4798094775e+03 3.4494605375e+03 3.4644734088e+03 3.5047285202e+03 1.6260923091e+00 1.6508875216e+00 1.6475652525e+00 1.6347594445e+00 1.6553541721e+00 1.0834157402e+01 1.1550290108e+01 1.4412312090e+01 6.4136409847e+00 6.8851835728e+00 7.7253902555e+00 0 0
682 3.3448397747e+03 3.4700805466e+03 3.4634230178e+03 3.4116925418e+03 3.4401569732e+03 1.6246311690e+00 1.6494363465e+00 1.6461568866e+00 1.6332909823e+00 1.6540712023e+00 1.0916260337e+01 1.1267310143e+01 1.7063786983e+01 6.5018187596e+00 6.7687799335e+00 8.0483309031e+00 0 0
683 3.2996227062e+03 3.3931212769e+03 3.3985758782e+03 3.4237838717e+03 3.5586851504e+03 1.6231743433e+00 1.6480791786e+00 1.6447629330e+00 1.6318270349e+00 1.6526719225e+00 1.0097125657e+01 1.0917468786e+01 1.4167466462e+01 6.2301210310e+00 6.6548863351e+00 7.6331827939e+00 0 0
684 3.3321000791e+03 3.3918300370e+03 3.3766099864e+03 3.3138394650e+03 3.4367653397e+03 1.6217342156e+00 1.6467539163e+00 1.6434520847e+00 1.6304636671e+00 1.6512493960e+00 1.0854816843e+01 1.2371878266e+01 1.1441439986e+01 6.3974981236e+00 6.8311222792e+00 6.9051077664e+00 0 0
685 3.2740657868e+03 3.4201866908e+03 3.4112239739e+03 3.4297950376e+03 3.4562288697e+03 1.6202929272e+00 1.6454000802e+00 1.6421180058e+00 1.6290968710e+00 1.6498981872e+00 9.5440241640e+00 1.3690360546e+01 1.2957371294e+01 6.0251853893e+00 7.1248279214e+00 7.1300420761e+00 0 0
686 3.2210869174e+03 3.4043790917e+03 3.4197929762e+03 3.3462803230e+03 3.4476333912e+03 1.6188909240e+00 1.6439999051e+00 1.6406905389e+00 1.6277449690e+00 1.6484738384e+00 9.6295279787e+00 1.2625143886e+01 1.1603864729e+01 5.9478362233e+00 6.8912102580e+00 6.8966040015e+00 0 0
687 3.1519896124e+03 3.3946026277e+03 3.4167989405e+03 3.3789054441e+03 3.4816679911e+03 1.6176232057e+00 1.6426238250e+00 1.6392285759e+00 1.6264088400e+00 1.6470158998e+00 1.1985008794e+01 1.3649000704e+01 9.9331580400e+00 6.3073760161e+00 7.0551472902e+00 6.4742314517e+00 0 0
688 3.2459414112e+03 3.3661323503e+03 3.3492933583e+03 3.3793537844e+03 3.4039994125e+03 1.6162412685e+00 1.6412526446e+00 1.6378166337e+00 1.6250495950e+00 1.6455828906e+00 1.0736355550e+01 1.3916035295e+01 1.0341143310e+01 6.2142925600e+00 7.1302200556e+00 6.4832313359e+00 0 0
689 3.1594068738e+03 3.3794428535e+03 3.3263167318e+03 3.4311930870e+03 3.3862365541e+03 1.6148535787e+00 1.6398255598e+00 1.6364702245e+00 1.6235743701e+00 1.6442828097e+00 9.0457656757e+00 1.1562140882e+01 1.3945417106e+01 5.6947073281e+00 6.8282240629e+00 7.1853814423e+00 0 0
690 3.1443442999e+03 3.3841199742e+03 3.3618792364e+03 3.3551268232e+03 3.3970925804e+03 1.6135106274e+00 1.6383787512e+00 1.6351361126e+00 1.6220467027e+00 1.6429369541e+00 9.9062355809e+00 9.2664985061e+00 1.3559414446e+01 5.8273082204e+00 6.1736738086e+00 7.2014154792e+00 0 0
691 3.1030593817e+03 3.3877284425e+03 3.3882821606e+03 3.3240249698e+03 3.3634491226e+03 1.6122739300e+00 1.6369690131e+00 1.6337540023e+00 1.6206453826e+00 1.6415301426e+00 1.0710363889e+01 1.1134697735e+01 1.1480936527e+01 5.8833235986e+00 6.4764884412e+00 6.7219112515e+00 0 0
692 3.0891859104e+03 3.3298310768e+03 3.3564779159e+03 3.3381890300e+03 3.3727297550e+03 1.6110672711e+00 1.6356327918e+00 1.6323491239e+00 1.6193633927e+00 1.6401786635e+00 1.2385050558e+01 1.4471571743e+01 1.1744421840e+01 6.1735807672e+00 7.0183870196e+00 6.7217984498e+00 0 0
693 3.1085650346e+03 3.4222694225e+03 3.3904573438e+03 3.3561463019e+03 3.3855941871e+03 1.6097759654e+00 1.6342278632e+00 1.6309427697e+00 1.6179600704e+00 1.6388141732e+00 1.1141987491e+01 1.2839797974e+01 1.1857799590e+01 6.0661118854e+00 6.9833770096e+00 6.6994287670e+00 0 0
694 3.0944581005e+03 3.3194974017e+03 3.2899600302e+03 3.3193737361e+03 3.3802899284e+03 1.6084163237e+00 1.6327777059e+00 1.6295470058e+00 1.6165443721e+00 1.6374682709e+00 8.8062641482e+00 1.0964191318e+01 1.2517830372e+01 5.4847442357e+00 6.4011642337e+00 6.8966821730e+00 0 0
695 3.0525460713e+03 3.4085558526e+03 3.3508058732e+03 3.2766064762e+03 3.3886690603e+03 1.6071225179e+00 1.6312898975e+00 1.6282021014e+00 1.6151360211e+00 1.6360848607e+00 8.5874995878e+00 1.0937517345e+01 1.1740905106e+01 5.2771525729e+00 6.4138462245e+00 6.7136461735e+00 0 0
696 3.0501962304e+03 3.3613730825e+03 3.2707000780e+03 3.2647097880e+03 3.3534021530e+03 1.6057904495e+00 1.6297811175e+00 1.6268869903e+00 1.6137531430e+00 1.6347135508e+00 8.8417997034e+00 1.0247554302e+01 1.1747058928e+01 5.3987739571e+00 6.1340152919e+00 6.6931799650e+00 0 0
697 3.0679131381e+03 3.3294804399e+03 3.3664809520e+03 3.2194626881e+03 3.2936220184e+03 1.6043997756e+00 1.6283844080e+00 1.6255983187e+00 1.6123663011e+00 1.6333757300e+00 6.9725924697e+00 1.0012346148e+01 1.2660380065e+01 4.8874933544e+00 6.0706573427e+00 6.8203924894e+00 0 0
698 2.9916451395e+03 3.2894051134e+03 3.3010896686e+03 3.1908061677e+03 3.3793688760e+03 1.6030149023e+00 1.6270067045e+00 1.6241673607e+00 1.6110432947e+00 1.6320311868e+00 6.6508615878e+00 1.0571856558e+01 1.2771784365e+01 4.7479970372e+00 6.0626085103e+00 6.8741970956e+00 0 0
699 3.0166400934e+03 3.2613221245e+03 3.2987768945e+03 3.1751541695e+03 3.3388674727e+03 1.6017306500e+00 1.6257223269e+00 1.6227867573e+00 1.6097118109e+00 1.6306555757e+00 7.4768678838e+00 1.0898798764e+01 1.1398491085e+01 4.8452198017e+00 6.1884161234e+00 6.5802348852e+00 0 0
700 2.9492472900e+03 3.2008280179e+03 3.2190765757e+03 3.2093466625e+03 3.3692583754e+03 1.6004685662e+00 1.6244418932e+00 1.6214337277e+00 1.6083531440e+00 1.6292585072e+00 8.7277338504e+00 9.4508599639e+00 1.0814096153e+01 5.1721204733e+00 5.7883018553e+00 6.4066013992e+00 0 0
701 3.0165827761e+03 3.2339401664e+03 3.2433283830e+03 3.1528939088e+03 3.2831859527e+03 1.5991956441e+00 1.6231549655e+00 1.6200936509e+00 1.6070343578e+00 1.6278797755e+00 9.1841323630e+00 1.0049311042e+01 1.0707734346e+01 5.3211144758e+00 5.8635312319e+00 6.3529246151e+00 0 0
702 3.0066074387e+03 3.1806249386e+03 3.1670246289e+03 3.1499314278e+03 3.2854013453e+03 1.5978665309e+00 1.6217874428e+00 1.6187203379e+00 1.6057359356e+00 1.6266010501e+00 7.6477952269e+00 1.0247201562e+01 1.1751060486e+01 4.9749214909e+00 5.8685772419e+00 6.4201266468e+00 0 0
703 3.0276398432e+03 3.1772821719e+03 3.1655947309e+03 3.1257936592e+03 3.2280012392e+03 1.5965194856e+00 1.6205190760e+00 1.6174801970e+00 1.6043768144e+00 1.6252474316e+00 7.4628608468e+00 8.7916791439e+00 1.0608846068e+01 4.9075458276e+00 5.5630416572e+00 6.2413252592e+00 0 0
704 3.0304579553e+03 3.1252655887e+03 3.1416669142e+03 3.0345427992e+03 3.1992080270e+03 1.5952352822e+00 1.6192709288e+00 1.6162081102e+00 1.6031370746e+00 1.6239897640e+00 8.4767028836e+00 1.0034018278e+01 1.0950224102e+01 5.1318692119e+00 5.6552902162e+00 6.1224128902e+00 0 0
705 3.0488500895e+03 3.1420859314e+03 3.1611355555e+03 3.1279801790e+03 3.1418631415e+03 1.5938864808e+00 1.6180530873e+00 1.6149182212e+00 1.6018134231e+00 1.6227626480e+00 8.5544485185e+00 9.7340275645e+00 1.2173881710e+01 5.2158053890e+00 5.7246778011e+00 6.3574810624e+00 0 0
706 3.0545466391e+03 3.1053014346e+03 3.0984291181e+03 3.0519560940e+03 3.1913736854e+03 1.5924405497e+00 1.6168534682e+00 1.6136755418e+00 1.6004659047e+00 1.6215878984e+00 7.1688403441e+00 7.8125412166e+00 1.3685169995e+01 4.9523381298e+00 5.1251066029e+00 6.5852538347e+00 0 0
707 3.0615716480e+03 3.1234135173e+03 3.1008645569e+03 3.0298495012e+03 3.1727792233e+03 1.5910236630e+00 1.6156078333e+00 1.6124696637e+00 1.5991343342e+00 1.6203063421e+00 6.8161349434e+00 7.8704517186e+00 1.1023485661e+01 4.7747575425e+00 5.1123674810e+00 6.1553319991e+00 0 0
708 2.9959056839e+03 3.1126589919e+03 3.0988697940e+03 2.9993929386e+03 3.1934739705e+03 1.5896764972e+00 1.6142879600e+00 1.6111851515e+00 1.5978702292e+00 1.6189884475e+00 7.8788479414e+00 8.3352615833e+00 9.4423583150e+00 5.0142713461e+00 5.1182032526e+00 5.7646731138e+00 0 0
709 2.9695766393e+03 3.0317579059e+03 3.0397575561e+03 3.0016888580e+03 3.1045692133e+03 1.5883679367e+00 1.6130279609e+00 1.6099327058e+00 1.5966642165e+00 1.6176957988e+00 8.4644325153e+00 9.5167102814e+00 9.0243336558e+00 5.0846773205e+00 5.3310274780e+00 5.5500266850e+00 0 0
710 2.9340942039e+03 3.0146323159e+03 3.0335657237e+03 3.0021998601e+03 3.1052313923e+03 1.5870811409e+00 1.6117918856e+00 1.6086432486e+00 1.5953999873e+00 1.6165178340e+00 8.9877691878e+00 9.2365388870e+00 1.1008302808e+01 5.2244071319e+00 5.3643984497e+00 5.8731026053e+00 0 0
711 3.0008696297e+03 3.0331791902e+03 3.0500595076e+03 2.9842255277e+03 3.0837934431e+03 1.5857449530e+00 1.6105583559e+00 1.6073582445e+00 1.5941696784e+00 1.6153061970e+00 7.7915353076e+00 8.8108057380e+00 1.0958380103e+01 4.9185892542e+00 5.1763393283e+00 5.9250312746e+00 0 0
712 2.9911372501e+03 2.9569764964e+03 2.9589371403e+03 2.9957072621e+03 3.0128136351e+03 1.5843688592e+00 1.6093272159e+00 1.6060747073e+00 1.5930258725e+00 1.6140973149e+00 7.0796741922e+00 1.1490791261e+01 1.0622672617e+01 4.7675916974e+00 5.6723379493e+00 5.7613801658e+00 0 0
713 2.9382560240e+03 2.9952679346e+03 2.9946215120e+03 3.0046497300e+03 3.0099827242e+03 1.5830434354e+00 1.6080890201e+00 1.6048357281e+00 1.5917715721e+00 1.6129337424e+00 7.0334280154e+00 1.0396308124e+01 1.0185293019e+01 4.6641574777e+00 5.6511660814e+00 5.5583606362e+00 0 0
714 2.9006475644e+03 2.9412017952e+03 2.9147915877e+03 3.0515691046e+03 3.0277691458e+03 1.5818059661e+00 1.6069192121e+00 1.6037017700e+00 1.5905119659e+00 1.6117287526e+00 8.9772458390e+00 8.4998970032e+00 1.0366881907e+01 5.0979683972e+00 5.1351068318e+00 5.6421949565e+00 0 0
715 2.9070049710e+03 3.0100818926e+03 3.0071296946e+03 3.0160931683e+03 2.9789615640e+03 1.5805763266e+00 1.6057216691e+00 1.6025441550e+00 1.5892057162e+00 1.6104595399e+00 9.0638623224e+00 9.0182160139e+00 8.4646419287e+00 5.0792337652e+00 5.3327976465e+00 5.1965612173e+00 0 0
716 2.8019812635e+03 2.9652834603e+03 2.9879747322e+03 3.0769783880e+03 3.0094059214e+03 1.5794358069e+00 1.6045093501e+00 1.6012953565e+00 1.5879054499e+00 1.6092455454e+00 9.5835955384e+00 9.0935395956e+00 8.6104827523e+00 5.0233845318e+00 5.3397175968e+00 5.1862383485e+00 0 0
717 2.8753575412e+03 3.0068357122e+03 3.0610767713e+03 3.0037646379e+03 2.9840174262e+03 1.5783130889e+00 1.6033045801e+00 1.5999738260e+00 1.5865805860e+00 1.6080193646e+00 1.1993921878e+01 8.3774941564e+00 8.4079742432e+00 5.5806393107e+00 5.1734212041e+00 5.1084211171e+00 0 0
718 2.8688209317e+03 2.9504718267e+03 2.9906205042e+03 2.9660859731e+03 3.0133184365e+03 1.5770583723e+00 1.6021481404e+00 1.5986683200e+00 1.5853543446e+00 1.6068007275e+00 8.2730720463e+00 1.0230564773e+01 9.1301797628e+00 4.8611187560e+00 5.4594973326e+00 5.2937666774e+00 0 0
719 2.8341023610e+03 3.0630148547e+03 3.0268417534e+03 3.0011307869e+03 2.9907082773e+03 1.5757985897e+00 1.6009137865e+00 1.5974282213e+00 1.5841634326e+00 1.6056421638e+00 7.2746608555e+00 1.2070002854e+01 1.0008273959e+01 4.5657613399e+00 5.8593846858e+00 5.4141812027e+00 0 0
720 2.8148906861e+03 3.0498854077e+03 3.0232461031e+03 2.9387408868e+03 3.0710763585e+03 1.5745755000e+00 1.5995352080e+00 1.5961277635e+00 1.5829150177e+00 1.6043767509e+00 7.2490818936e+00 1.0336816728e+01 9.2341656685e+00 4.4777074209e+00 5.5557200015e+00 5.4160200953e+00 0 0
721 2.7638293569e+03 3.0165163683e+03 2.9882071548e+03 2.9543479822e+03 3.0309404481e+03 1.5733885887e+00 1.5982382108e+00 1.5949088649e+00 1.5816526850e+00 1.6030747484e+00 8.2219204782e+00 9.3165540099e+00 7.5914382041e+00 4.6969088710e+00 5.3002025485e+00 4.9742600918e+00 0 0
722 2.8088632879e+03 3.0415737703e+03 3.0088707184e+03 2.9420785170e+03 3.0904307143e+03 1.5721422784e+00 1.5969545118e+00 1.5937799958e+00 1.5804212418e+00 1.6017734897e+00 7.1547455055e+00 9.2930818200e+00 7.8309612572e+00 4.4636252199e+00 5.2177563906e+00 5.0468957722e+00 0 0
723 2.7814348668e+03 2.9939445553e+03 2.9697350050e+03 2.9738160669e+03 2.9790031890e+03 1.5708434435e+00 1.5955851667e+00 1.5924716183e+00 1.5791709322e+00 1.6005076447e+00 5.8897321422e+00 9.3780272603e+00 8.6124928594e+00 4.1161331588e+00 5.2576234639e+00 5.1894025505e+00 0 0
724 2.7766391651e+03 2.9866405877e+03 2.9859176144e+03 2.9537295069e+03 3.0254632703e+03 1.5695721299e+00 1.5942982720e+00 1.5912159121e+00 1.5778799795e+00 1.5993823134e+00 5.6791223724e+00 8.2449879646e+00 1.1882609427e+01 4.0070979298e+00 5.0190032423e+00 5.7277261913e+00 0 0
725 2.7171667159e+03 2.9266800303e+03 2.9312473454e+03 2.8855949127e+03 3.0125952267e+03 1.5683614047e+00 1.5930399138e+00 1.5899512709e+00 1.5767115349e+00 1.5981432846e+00 6.3864991820e+00 9.5976347327e+00 1.0696819663e+01 4.1420868764e+00 5.1523663700e+00 5.7081960142e+00 0 0
726 2.6231098182e+03 2.9175193230e+03 2.9225026946e+03 2.9044462467e+03 2.9704353216e+03 1.5672641341e+00 1.5918302714e+00 1.5887177710e+00 1.5755487050e+00 1.5968780180e+00 7.9441678900e+00 1.1764732659e+01 9.3193413615e+00 4.3497863151e+00 5.6847293675e+00 5.3748425841e+00 0 0
727 2.6787122316e+03 2.9344093102e+03 2.9459534959e+03 2.9509337505e+03 3.0020093271e+03 1.5661505111e+00 1.5906567377e+00 1.5875035851e+00 1.5742721242e+00 1.5956280526e+00 8.4094178123e+00 8.3778047562e+00 8.8831422329e+00 4.5161210189e+00 5.0246537030e+00 5.2077299953e+00 0 0
728 2.5883018665e+03 2.9283637069e+03 2.9323002916e+03 2.8898877141e+03 2.8969456329e+03 1.5650525027e+00 1.5894531038e+00 1.5862671864e+00 1.5729715319e+00 1.5944214884e+00 7.1879033546e+00 6.9124713242e+00 9.1075108647e+00 4.1331453711e+00 4.5921568871e+00 5.1955160797e+00 0 0
729 2.6247043802e+03 2.9364979142e+03 2.9416517469e+03 2.8557615447e+03 2.9584935356e+03 1.5640412271e+00 1.5881945197e+00 1.5849821168e+00 1.5717375288e+00 1.5932975811e+00 9.2963170655e+00 7.5137652457e+00 1.1040162206e+01 4.4843297319e+00 4.6394597590e+00 5.5088935494e+00 0 0
730 2.6212865503e+03 2.8898671250e+03 2.9100414086e+03 2.8557769521e+03 2.9456887140e+03 1.5628883402e+00 1.5869636945e+00 1.5837041883e+00 1.5705020596e+00 1.5921012458e+00 6.7676686063e+00 7.9689455330e+00 9.8512595892e+00 4.0868194524e+00 4.7728478909e+00 5.3430254757e+00 0 0
731 2.5639292795e+03 2.8486036930e+03 2.8687639324e+03 2.8295291128e+03 2.9246319427e+03 1.5617655757e+00 1.5858285015e+00 1.5824753789e+00 1.5693070530e+00 1.5909610880e+00 5.9168121866e+00 7.5292302072e+00 1.0234795451e+01 3.7705148023e+00 4.5622950792e+00 5.3347993791e+00 0 0
732 2.6142254807e+03 2.8763695868e+03 2.8960609455e+03 2.8125422663e+03 2.9380782835e+03 1.5607077100e+00 1.5846862331e+00 1.5812651370e+00 1.5680616565e+00 1.5897387653e+00 7.8226138935e+00 7.3790878654e+00 9.5630855560e+00 4.2089074030e+00 4.5777783990e+00 5.3189689517e+00 0 0
733 2.6750782617e+03 2.8271202663e+03 2.8535245750e+03 2.7867403898e+03 2.8842094237e+03 1.5595389281e+00 1.5835356794e+00 1.5800117722e+00 1.5669028934e+00 1.5885378760e+00 6.8109688065e+00 7.6485604644e+00 8.7025593519e+00 4.1111592509e+00 4.5124172866e+00 5.0289066136e+00 0 0
734 2.6956131054e+03 2.8014995092e+03 2.8112979209e+03 2.7419783004e+03 2.8906495810e+03 1.5582746338e+00 1.5824359606e+00 1.5788206567e+00 1.5657676186e+00 1.5873820741e+00 5.5378556835e+00 8.3518757820e+00 9.3381757140e+00 3.8424749541e+00 4.6281025410e+00 5.1289295256e+00 0 0
735 2.6836400501e+03 2.8381598792e+03 2.7666570080e+03 2.7745520359e+03 2.8998413750e+03 1.5569946536e+00 1.5812782632e+00 1.5777624215e+00 1.5646309205e+00 1.5861808730e+00 5.2851317365e+00 8.2114050984e+00 8.1695677638e+00 3.7697415509e+00 4.6026932895e+00 4.8687724769e+00 0 0
736 2.6283899054e+03 2.7998080291e+03 2.8063214356e+03 2.7422913777e+03 2.8440559066e+03 1.5557600010e+00 1.5800747214e+00 1.5766232531e+00 1.5634573051e+00 1.5849803685e+00 5.7658009510e+00 7.3048268557e+00 7.7129854262e+00 3.8311957921e+00 4.3811028600e+00 4.6930722296e+00 0 0
737 2.6193805575e+03 2.7429435831e+03 2.7598443797e+03 2.7241923574e+03 2.8147078001e+03 1.5545692603e+00 1.5789435835e+00 1.5754313415e+00 1.5623278268e+00 1.5838524963e+00 6.3571194306e+00 7.9987483621e+00 8.7892841101e+00 3.9380160117e+00 4.5054688156e+00 4.8564295173e+00 0 0
738 2.6335856858e+03 2.7817535836e+03 2.7592829685e+03 2.7120956842e+03 2.8459478210e+03 1.5533702007e+00 1.5778133727e+00 1.5743172026e+00 1.5611655504e+00 1.5826985020e+00 6.7705753178e+00 7.0655166507e+00 8.5531799197e+00 4.0833033507e+00 4.2782197595e+00 4.8406793475e+00 0 0
739 2.6566369711e+03 2.7611169841e+03 2.7640786892e+03 2.6112045113e+03 2.8237728308e+03 1.5520864370e+00 1.5766632365e+00 1.5731667386e+00 1.5600580488e+00 1.5814719858e+00 6.0705859582e+00 6.9138497710e+00 6.9080061316e+00 3.9765307304e+00 4.1098563075e+00 4.4584180415e+00 0 0
740 2.5833069815e+03 2.7014522021e+03 2.7439891581e+03 2.6450013233e+03 2.7806073078e+03 1.5508936828e+00 1.5755510437e+00 1.5719884683e+00 1.5590407992e+00 1.5802715359e+00 5.9964432540e+00 8.5925546885e+00 6.5983270407e+00 3.8099495887e+00 4.3885505199e+00 4.3180078268e+00 0 0
741 2.5989276158e+03 2.7320675321e+03 2.7035632044e+03 2.6007968010e+03 2.7648902329e+03 1.5497910198e+00 1.5745007208e+00 1.5708670512e+00 1.5579515502e+00 1.5791572815e+00 8.1079140042e+00 7.7197168469e+00 7.6887123585e+00 4.2409684583e+00 4.2802835107e+00 4.4616140723e+00 0 0
742 2.5372880705e+03 2.6841341248e+03 2.6725143592e+03 2.6321684976e+03 2.7449894353e+03 1.5486402726e+00 1.5733583681e+00 1.5697818972e+00 1.5568672225e+00 1.5781021684e+00 7.7384878590e+00 7.0432775319e+00 8.5845471621e+00 4.2248655463e+00 4.0638086200e+00 4.5887711048e+00 0 0
743 2.5302180577e+03 2.6453910864e+03 2.6511843580e+03 2.6707787254e+03 2.7467644602e+03 1.5475389204e+00 1.5723247322e+00 1.5687201405e+00 1.5557161900e+00 1.5769914944e+00 6.8739959405e+00 6.2790261805e+00 8.5703972578e+00 3.9113197911e+00 3.9799642265e+00 4.6827394962e+00 0 0
744 2.5052471798e+03 2.6489527176e+03 2.6173987086e+03 2.6754306195e+03 2.7091751512e+03 1.5464596446e+00 1.5712517742e+00 1.5676543542e+00 1.5545304424e+00 1.5759125574e+00 7.2677495699e+00 5.8201963305e+00 7.8737553060e+00 3.9508114813e+00 3.8654461950e+00 4.4213070869e+00 0 0
745 2.5498567873e+03 2.6240859361e+03 2.6387761368e+03 2.6252032302e+03 2.6755214445e+03 1.5453424995e+00 1.5701636319e+00 1.5665833497e+00 1.5534424175e+00 1.5748297816e+00 7.0592273666e+00 7.0005216897e+00 8.2474926710e+00 3.9599368170e+00 4.0626589060e+00 4.5205590129e+00 0 0
746 2.5876047193e+03 2.6225914665e+03 2.5723296834e+03 2.7035837328e+03 2.6529361093e+03 1.5441618130e+00 1.5690839902e+00 1.5655305932e+00 1.5523567828e+00 1.5737917373e+00 5.7936968789e+00 8.8823508024e+00 7.6185916066e+00 3.6840268292e+00 4.5330421031e+00 4.2516360283e+00 0 0
747 2.5465096756e+03 2.6038201743e+03 2.5883083278e+03 2.6767282268e+03 2.6220032418e+03 1.5429850899e+00 1.5679878308e+00 1.5645211498e+00 1.5511757391e+00 1.5727541067e+00 5.4725963069e+00 7.0905324817e+00 7.9754118025e+00 3.5689330163e+00 4.2322390079e+00 4.3025073111e+00 0 0
748 2.4893268992e+03 2.6585023039e+03 2.6318248422e+03 2.6199011432e+03 2.6533644680e+03 1.5419402602e+00 1.5668698698e+00 1.5634867811e+00 1.5500631142e+00 1.5717288506e+00 7.2639648144e+00 7.4700128734e+00 7.8050871789e+00 3.8657062035e+00 4.1813718677e+00 4.2708319426e+00 0 0
749 2.5831272243e+03 2.6461872572e+03 2.6269819185e+03 2.6234597386e+03 2.6074732980e+03 1.5408614611e+00 1.5657389217e+00 1.5624149263e+00 1.5489542584e+00 1.5706380162e+00 8.9899593741e+00 8.1579111218e+00 6.6189345419e+00 4.3478701116e+00 4.3572337329e+00 3.9950471818e+00 0 0
750 2.5460013794e+03 2.6767281334e+03 2.6479073813e+03 2.6380051175e+03 2.6044437026e+03 1.5396629049e+00 1.5645853802e+00 1.5613307268e+00 1.5477973519e+00 1.5696255427e+00 6.2304221651e+00 7.5180614293e+00 7.4757715762e+00 3.8142515324e+00 4.2312147915e+00 4.1164903939e+00 0 0
751 2.5272043990e+03 2.6458421155e+03 2.6235834273e+03 2.6298705291e+03 2.6873299016e+03 1.5385139473e+00 1.5634427041e+00 1.5602634505e+00 1.5466970740e+00 1.5685805102e+00 6.3677366668e+00 8.2919309139e+00 7.9129036069e+00 3.7617308508e+00 4.3803462684e+00 4.3107997775e+00 0 0
752 2.5269083237e+03 2.6835103875e+03 2.6930527288e+03 2.6325411678e+03 2.6249670474e+03 1.5373646832e+00 1.5623043140e+00 1.5591382188e+00 1.5455353028e+00 1.5675155796e+00 7.1183751024e+00 7.8307128549e+00 7.7176381052e+00 3.9707638824e+00 4.3286491334e+00 4.2656517029e+00 0 0
753 2.5286795344e+03 2.6272345727e+03 2.6510324404e+03 2.5710719554e+03 2.6748224240e+03 1.5361687972e+00 1.5611538291e+00 1.5579362008e+00 1.5443714586e+00 1.5665068583e+00 6.2994838611e+00 6.7821424901e+00 9.0440316796e+00 3.8209780291e+00 4.0279651582e+00 4.5017807484e+00 0 0
754 2.5587321086e+03 2.5958234724e+03 2.6302226142e+03 2.5639875195e+03 2.6678019042e+03 1.5348908849e+00 1.5601111386e+00 1.5567902393e+00 1.5432883634e+00 1.5653927487e+00 5.0270842917e+00 7.3495648801e+00 7.9343741536e+00 3.5029995462e+00 4.0610107780e+00 4.4068143070e+00 0 0
755 2.4921728383e+03 2.6245139550e+03 2.6281306094e+03 2.5007504874e+03 2.6609706875e+03 1.5336815656e+00 1.5589978517e+00 1.5556049234e+00 1.5422564981e+00 1.5642805813e+00 5.0474145872e+00 8.9334560037e+00 7.3747248352e+00 3.4239316384e+00 4.3306383193e+00 4.2083144784e+00 0 0
756 2.4655850940e+03 2.6403123868e+03 2.6271683425e+03 2.5315410327e+03 2.6521002998e+03 1.5325890117e+00 1.5578312620e+00 1.5544436509e+00 1.5411905394e+00 1.5632064199e+00 7.0653751870e+00 7.7747386992e+00 7.9972469211e+00 3.8113340662e+00 4.1193590164e+00 4.3124480546e+00 0 0
757 2.5262124766e+03 2.6213668190e+03 2.6052290686e+03 2.5152421355e+03 2.6502730048e+03 1.5314590117e+00 1.5566661367e+00 1.5533248205e+00 1.5401169824e+00 1.5620868387e+00 7.6656442792e+00 6.8709739447e+00 7.4611401260e+00 4.0503196646e+00 3.8690608293e+00 4.2311724126e+00 0 0
758 2.4969431854e+03 2.5737230815e+03 2.5562405012e+03 2.5702513496e+03 2.6189494077e+03 1.5302561454e+00 1.5555159501e+00 1.5522049049e+00 1.5390153742e+00 1.5609860531e+00 5.9519464752e+00 7.2020164132e+00 7.5754830539e+00 3.6694748740e+00 4.0180089772e+00 4.2136318386e+00 0 0
759 2.5081717444e+03 2.5117410296e+03 2.5000301998e+03 2.5669620176e+03 2.6460362809e+03 1.5290385888e+00 1.5544276542e+00 1.5511712459e+00 1.5378619254e+00 1.5598841439e+00 5.5813383398e+00 6.0088111758e+00 8.3740078807e+00 3.5533186987e+00 3.7427376807e+00 4.4349712133e+00 0 0
760 2.4924128806e+03 2.5057407089e+03 2.5253421550e+03 2.5471953203e+03 2.6361111509e+03 1.5278660743e+00 1.5534063584e+00 1.5501164920e+00 1.5367818625e+00 1.5587416142e+00 6.1856448692e+00 6.7086779177e+00 6.9178951979e+00 3.6876719983e+00 3.8218556046e+00 4.0896290839e+00 0 0
761 2.4597204957e+03 2.4735548306e+03 2.5023814657e+03 2.5828135821e+03 2.6103980539e+03 1.5266732613e+00 1.5523944014e+00 1.5490128413e+00 1.5356254460e+00 1.5575942777e+00 5.7877349760e+00 7.2020443678e+00 6.2734863162e+00 3.5816754390e+00 4.0682624578e+00 3.9160940051e+00 0 0
762 2.4778290934e+03 2.5414538162e+03 2.5571909393e+03 2.5564817621e+03 2.5730998815e+03 1.5254737614e+00 1.5513533155e+00 1.5478836150e+00 1.5344612790e+00 1.5564120313e+00 5.3569186291e+00 5.9955885410e+00 5.5269778967e+00 3.4421835607e+00 3.7497511804e+00 3.7076709121e+00 0 0
763 2.3915026056e+03 2.5197928486e+03 2.5572293601e+03 2.5727510567e+03 2.5291239590e+03 1.5243422734e+00 1.5502534337e+00 1.5467000068e+00 1.5333058642e+00 1.5552941265e+00 5.4933350587e+00 6.5434167683e+00 5.6847295463e+00 3.3654814662e+00 3.8597691655e+00 3.6507735401e+00 0 0
764 2.4076663621e+03 2.5246992890e+03 2.5566368534e+03 2.5361500350e+03 2.5375253693e+03 1.5233230230e+00 1.5492045317e+00 1.5455286684e+00 1.5321432301e+00 1.5542178048e+00 7.6026897859e+00 6.3912732899e+00 6.1554409862e+00 3.7735115351e+00 3.8423063606e+00 3.7258910686e+00 0 0
765 2.4194651257e+03 2.5469068495e+03 2.4992310818e+03 2.5707697291e+03 2.5764423145e+03 1.5221785689e+00 1.5481232856e+00 1.5444675984e+00 1.5309669112e+00 1.5531075182e+00 6.7041530403e+00 6.4335964322e+00 6.1103400588e+00 3.7328514438e+00 3.8415537030e+00 3.7732170373e+00 0 0
766 2.4009305283e+03 2.5500346076e+03 2.5585771436e+03 2.5275521755e+03 2.5241844227e+03 1.5210179602e+00 1.5469650079e+00 1.5433748944e+00 1.5297967232e+00 1.5520114161e+00 5.2228634956e+00 5.9524431229e+00 6.3117756546e+00 3.3054896332e+00 3.7196215987e+00 3.7863536775e+00 0 0
767 2.3556859399e+03 2.5249326724e+03 2.5560552615e+03 2.5093483218e+03 2.5595749647e+03 1.5199835322e+00 1.5458743209e+00 1.5422168048e+00 1.5286320019e+00 1.5509536191e+00 7.0026573552e+00 5.9135604203e+00 6.9941223860e+00 3.5883308656e+00 3.6677915007e+00 3.9111676067e+00 0 0
768 2.4485135406e+03 2.5744217797e+03 2.4902326197e+03 2.5532318735e+03 2.5241036033e+03 1.5188641173e+00 1.5447332943e+00 1.5411588386e+00 1.5274313989e+00 1.5498844549e+00 6.9433727847e+00 5.8596967459e+00 7.2103969157e+00 3.7540660535e+00 3.6897943020e+00 3.9987268895e+00 0 0
769 2.3382408780e+03 2.5081013735e+03 2.5321802858e+03 2.4922700496e+03 2.5451404676e+03 1.5177370692e+00 1.5435723889e+00 1.5400808013e+00 1.5262551059e+00 1.5488364918e+00 5.6839757666e+00 5.8516930342e+00 7.9731022716e+00 3.3633048890e+00 3.6556515247e+00 4.1317178011e+00 0 0
770 2.3893046636e+03 2.4843871478e+03 2.5212939138e+03 2.5444097547e+03 2.5678800595e+03 1.5166553714e+00 1.5425588018e+00 1.5389226183e+00 1.5250802630e+00 1.5477432301e+00 6.7297686668e+00 6.1842403114e+00 7.4197353423e+00 3.6063284520e+00 3.7252400368e+00 4.0683037639e+00 0 0
771 2.3748439988e+03 2.5211977312e+03 2.5046694393e+03 2.4734530519e+03 2.5468949723e+03 1.5154796765e+00 1.5414760013e+00 1.5377870819e+00 1.5238949265e+00 1.5466240381e+00 5.3268377512e+00 5.8662877083e+00 6.4884385169e+00 3.3365473368e+00 3.6555581242e+00 3.8543110788e+00 0 0
772 2.4099619924e+03 2.4902269977e+03 2.4769641701e+03 2.4888756498e+03 2.5188664117e+03 1.5142975067e+00 1.5403385660e+00 1.5366982227e+00 1.5227267907e+00 1.5455322479e+00 4.8177541321e+00 5.9592154026e+00 6.9272748232e+00 3.1696774749e+00 3.6360132694e+00 3.9163094014e+00 0 0
773 2.3488730788e+03 2.5508826904e+03 2.5400571844e+03 2.4389067223e+03 2.5273414886e+03 1.5131675864e+00 1.5391746702e+00 1.5355822002e+00 1.5216464560e+00 1.5444664890e+00 5.2928787749e+00 6.9716213048e+00 7.1736438572e+00 3.2459621064e+00 3.7899910957e+00 3.9344680458e+00 0 0
774 2.3575629831e+03 2.4744575163e+03 2.4701713503e+03 2.4280030890e+03 2.4774145798e+03 1.5120718294e+00 1.5380343063e+00 1.5344419209e+00 1.5205989736e+00 1.5434484968e+00 6.0174615443e+00 7.6543725431e+00 7.9650016427e+00 3.3948970471e+00 3.8987970501e+00 4.0429385900e+00 0 0
775 2.4056259031e+03 2.5033961932e+03 2.4617251065e+03 2.3812561811e+03 2.5350487175e+03 1.5108856298e+00 1.5369072084e+00 1.5334032579e+00 1.5195380419e+00 1.5423718621e+00 5.5601367870e+00 7.0159608722e+00 7.4688604474e+00 3.3983553072e+00 3.7356340289e+00 4.0253795385e+00 0 0
776 2.4109185875e+03 2.4738701461e+03 2.4764234291e+03 2.4827299491e+03 2.5131366855e+03 1.5096049197e+00 1.5357588554e+00 1.5323153839e+00 1.5184224106e+00 1.5412943845e+00 4.4308374211e+00 6.4914576411e+00 6.7641685605e+00 3.1252581610e+00 3.6898703277e+00 3.8212811351e+00 0 0
777 2.3148943529e+03 2.4437729027e+03 2.4288058794e+03 2.4501006102e+03 2.5039221234e+03 1.5085032736e+00 1.5346910691e+00 1.5312571201e+00 1.5172260172e+00 1.5402760721e+00 5.2833954311e+00 5.1304194927e+00 8.4893615246e+00 3.1778013065e+00 3.3709222376e+00 4.1459671259e+00 0 0
778 2.3316072098e+03 2.4826409326e+03 2.4698292451e+03 2.4083330334e+03 2.5438117069e+03 1.5074851105e+00 1.5335403141e+00 1.5301478461e+00 1.5160832963e+00 1.5390952918e+00 7.7931281113e+00 5.3062300980e+00 6.3555950224e+00 3.7035583326e+00 3.3553861678e+00 3.8376522809e+00 0 0
779 2.3334933143e+03 2.4050815994e+03 2.3991160872e+03 2.4030491048e+03 2.4841497539e+03 1.5063959598e+00 1.5324239614e+00 1.5290568832e+00 1.5149937314e+00 1.5379376349e+00 6.5355893225e+00 6.1368333101e+00 5.2980705500e+00 3.4874340737e+00 3.5061618537e+00 3.4856713414e+00 0 0
780 2.2983704654e+03 2.4050138253e+03 2.4143467025e+03 2.3800470584e+03 2.4735444205e+03 1.5053558404e+00 1.5313499272e+00 1.5279756991e+00 1.5139052626e+00 1.5368375395e+00 6.1897004805e+00 6.3730960190e+00 6.3378123641e+00 3.3248314285e+00 3.5695826262e+00 3.7045272440e+00 0 0
781 2.2912909537e+03 2.4010945421e+03 2.4180914995e+03 2.4210879786e+03 2.4477236364e+03 1.5043384647e+00 1.5302425521e+00 1.5268206810e+00 1.5128041409e+00 1.5357399557e+00 6.8030622443e+00 6.4121013880e+00 6.2522942424e+00 3.4562397230e+00 3.5927290171e+00 3.6593992263e+00 0 0
782 2.3297297466e+03 2.4300927966e+03 2.4349528743e+03 2.3644530023e+03 2.4284025614e+03 1.5032161670e+00 1.5291636063e+00 1.5256946137e+00 1.5117619986e+00 1.5346883398e+00 5.1226194425e+00 6.7058651149e+00 6.4648209214e+00 3.1248563162e+00 3.5705914646e+00 3.6376141459e+00 0 0
783 2.3101806285e+03 2.3671906345e+03 2.3525248139e+03 2.3934023899e+03 2.3828025516e+03 1.5021203163e+00 1.5281007140e+00 1.5246490724e+00 1.5107321067e+00 1.5336637466e+00 4.7885299883e+00 7.2496840358e+00 6.5643234253e+00 2.9912421478e+00 3.6871369332e+00 3.6120096147e+00 0 0
784 2.3112809154e+03 2.3993097966e+03 2.4206517717e+03 2.4228679287e+03 2.4279623144e+03 1.5010614356e+00 1.5270279092e+00 1.5235705143e+00 1.5096116560e+00 1.5326545752e+00 5.8734014876e+00 6.1457102001e+00 7.5723420084e+00 3.2412466349e+00 3.5366375446e+00 3.8290411234e+00 0 0
785 2.2744643185e+03 2.3508990833e+03 2.3781146945e+03 2.4141261359e+03 2.4321095781e+03 1.4999705147e+00 1.5259790411e+00 1.5224162524e+00 1.5084661009e+00 1.5315709834e+00 5.6904723903e+00 4.9859086275e+00 6.4457753003e+00 3.2346022065e+00 3.2254516929e+00 3.6592891812e+00 0 0
786 2.3072947899e+03 2.4044340290e+03 2.3828144074e+03 2.3602052877e+03 2.3965414664e+03 1.4988380496e+00 1.5248797340e+00 1.5213154706e+00 1.5074345146e+00 1.5305054173e+00 4.8782763746e+00 6.4287651181e+00 6.0794108212e+00 3.0263060722e+00 3.4422031045e+00 3.5065273792e+00 0 0
787 2.2243520789e+03 2.3869562208e+03 2.3745632230e+03 2.3717147805e+03 2.4293781097e+03 1.4977427433e+00 1.5237695157e+00 1.5202424826e+00 1.5063797190e+00 1.5294048599e+00 4.9152744326e+00 7.4150900245e+00 5.9891733229e+00 2.9998331499e+00 3.7418277860e+00 3.5376781672e+00 0 0
788 2.2987474459e+03 2.3585877130e+03 2.3932132166e+03 2.3569505722e+03 2.3884363086e+03 1.4966512887e+00 1.5227049564e+00 1.5191294665e+00 1.5053287185e+00 1.5282920755e+00 5.7398605134e+00 6.9585993588e+00 5.2774312496e+00 3.2092614061e+00 3.6186895519e+00 3.3384434730e+00 0 0
789 2.2945505285e+03 2.3706826021e+03 2.3718032170e+03 2.3815562139e+03 2.3878061060e+03 1.4954460712e+00 1.5217233121e+00 1.5180614917e+00 1.5042124914e+00 1.5272240291e+00 4.9651550563e+00 6.6908935606e+00 6.0339184999e+00 3.1204138506e+00 3.6438350379e+00 3.4715016186e+00 0 0
790 2.3872421057e+03 2.4011460805e+03 2.3709761703e+03 2.3924548063e+03 2.3874723035e+03 1.4941929527e+00 1.5206889635e+00 1.5170761831e+00 1.5030502097e+00 1.5261919566e+00 4.0640015832e+00 5.3618860245e+00 6.6275848150e+00 2.8909066217e+00 3.3244560659e+00 3.5920934975e+00 0 0
791 2.3026876199e+03 2.3583218610e+03 2.3995116170e+03 2.3375080749e+03 2.4167066433e+03 1.4929167112e+00 1.5196413736e+00 1.5159894485e+00 1.5019000665e+00 1.5250971595e+00 4.1497858167e+00 4.9263371825e+00 5.5472338796e+00 2.9244738776e+00 3.1603491157e+00 3.3760735691e+00 0 0
792 2.2801900182e+03 2.3952589630e+03 2.3539748299e+03 2.3381298082e+03 2.4007894535e+03 1.4918170281e+00 1.5185795507e+00 1.5148931616e+00 1.5007962615e+00 1.5240259698e+00 5.5056798311e+00 5.1714721918e+00 5.6158481240e+00 3.1426124861e+00 3.1812194437e+00 3.3473056257e+00 0 0
793 2.2617767725e+03 2.3803132147e+03 2.3826986801e+03 2.2781266427e+03 2.4165086385e+03 1.4907168334e+00 1.5174218847e+00 1.5137623283e+00 1.4997418452e+00 1.5229795208e+00 6.0614057683e+00 5.4488524199e+00 6.2177959681e+00 3.2733639616e+00 3.1892463118e+00 3.4875196069e+00 0 0
794 2.3020417860e+03 2.3518394928e+03 2.3596207322e+03 2.3209250311e+03 2.4013721078e+03 1.4895582138e+00 1.5163159340e+00 1.5126255751e+00 1.4987022487e+00 1.5218862437e+00 4.9401534574e+00 5.7842282653e+00 5.6782963574e+00 3.0247001687e+00 3.2427836657e+00 3.3925589472e+00 0 0
795 2.2217905333e+03 2.3488930372e+03 2.3533045914e+03 2.3044782490e+03 2.3700962006e+03 1.4884404018e+00 1.5152562029e+00 1.5115164404e+00 1.4976653168e+00 1.5208329106e+00 4.7717653002e+00 5.7020386159e+00 6.2194924355e+00 2.9257599127e+00 3.2250444442e+00 3.4630786479e+00 0 0
796 2.2027969857e+03 2.3394655373e+03 2.3167216061e+03 2.3664678320e+03 2.3534453467e+03 1.4873874220e+00 1.5141707346e+00 1.5104447448e+00 1.4965817929e+00 1.5198481199e+00 5.6764710088e+00 5.4785373807e+00 7.6476431191e+00 3.0809458682e+00 3.2167458832e+00 3.7302099168e+00 0 0
797 2.2118903916e+03 2.2796183891e+03 2.2774891877e+03 2.2863895119e+03 2.3951557361e+03 1.4863086013e+00 1.5131171722e+00 1.5093985515e+00 1.4954469413e+00 1.5187801650e+00 5.3957236428e+00 4.8154243529e+00 6.9438520372e+00 3.0488230147e+00 3.0801196247e+00 3.6788709462e+00 0 0
798 2.2123082038e+03 2.2836851797e+03 2.2997471600e+03 2.2691892825e+03 2.3519213422e+03 1.4851740188e+00 1.5121224444e+00 1.5083798518e+00 1.4943486709e+00 1.5177128667e+00 4.2864028147e+00 4.9536323547e+00 5.6610531509e+00 2.7778534335e+00 3.0555496365e+00 3.3303095400e+00 0 0
799 2.1833189561e+03 2.2751861462e+03 2.2900596062e+03 2.2730310161e+03 2.3458239491e+03 1.4840406341e+00 1.5111443125e+00 1.5073086786e+00 1.4932844507e+00 1.5166738162e+00 4.0058890451e+00 5.2685665488e+00 5.7596234679e+00 2.6845793805e+00 3.0927065313e+00 3.3049768955e+00 0 0
800 2.1537797194e+03 2.3017426007e+03 2.2760581056e+03 2.2968909421e+03 2.2725384485e+03 1.4829655226e+00 1.5101069822e+00 1.5063118657e+00 1.4921956769e+00 1.5156844285e+00 4.1743916109e+00 5.5680660903e+00 6.1251926422e+00 2.6681822325e+00 3.2158828527e+00 3.3136812299e+00 0 0
801 2.1474451156e+03 2.2935370065e+03 2.2892997838e+03 2.3180010785e+03 2.3096213975e+03 1.4818869006e+00 1.5090602636e+00 1.5053257618e+00 1.4910502101e+00 1.5147478006e+00 4.4966990247e+00 5.2062984407e+00 7.2646280825e+00 2.7430103819e+00 3.1634610593e+00 3.5306073874e+00 0 0
802 2.1558843062e+03 2.2800899105e+03 2.2736682916e+03 2.3041599337e+03 2.3207373828e+03 1.4808205460e+00 1.5080327075e+00 1.5043048268e+00 1.4899360303e+00 1.5137209804e+00 4.2002525958e+00 5.3688784838e+00 5.7640328109e+00 2.6610531603e+00 3.1783525944e+00 3.2736811638e+00 0 0
803 2.1523890247e+03 2.2734483720e+03 2.2279432219e+03 2.3005312430e+03 2.3014945144e+03 1.4796976741e+00 1.5069502881e+00 1.5032979861e+00 1.4888745098e+00 1.5126919615e+00 3.8554572945e+00 6.3642861545e+00 5.2574852109e+00 2.5792487953e+00 3.3603822142e+00 3.1303012520e+00 0 0
804 2.0776648990e+03 2.2745601773e+03 2.2771113280e+03 2.2995673506e+03 2.3130356677e+03 1.4786487130e+00 1.5058402086e+00 1.5022446954e+00 1.4877724610e+00 1.5116884319e+00 3.6990486948e+00 6.5958130658e+00 5.9849247634e+00 2.4601374455e+00 3.4843929112e+00 3.2833063155e+00 0 0
805 2.0948808051e+03 2.2666264580e+03 2.2539601815e+03 2.3141207834e+03 2.3172934644e+03 1.4777079129e+00 1.5047524266e+00 1.5011719211e+00 1.4866163195e+00 1.5105872676e+00 5.1652280863e+00 5.4294460416e+00 5.2316037118e+00 2.7225392233e+00 3.2291150540e+00 3.2026146501e+00 0 0
806 2.1016880861e+03 2.3228308161e+03 2.3118653724e+03 2.2629754749e+03 2.2574740309e+03 1.4767128732e+00 1.5036118673e+00 1.5000561595e+00 1.4854890553e+00 1.5095104679e+00 4.9966752068e+00 4.6902805567e+00 4.5786734521e+00 2.7537854256e+00 2.9670404643e+00 2.9611646980e+00 0 0
807 2.0873001395e+03 2.2885983702e+03 2.2684869407e+03 2.2566825209e+03 2.2526102637e+03 1.4756632587e+00 1.5024650883e+00 1.4989583295e+00 1.4844318782e+00 1.5085452355e+00 4.0048395049e+00 5.2110117376e+00 6.0246856213e+00 2.5267474648e+00 3.0103489012e+00 3.2027390152e+00 0 0
808 2.0376291966e+03 2.3418965605e+03 2.3368556866e+03 2.2325270435e+03 2.3079124767e+03 1.4746137768e+00 1.5013154734e+00 1.4978510223e+00 1.4833768334e+00 1.5075116646e+00 3.5260082204e+00 5.7687568367e+00 6.5150103867e+00 2.3586244142e+00 3.1715945750e+00 3.4212167710e+00 0 0
809 2.0385280020e+03 2.2317428167e+03 2.2473835899e+03 2.1823716457e+03 2.3061626135e+03 1.4735956883e+00 1.5002485981e+00 1.4967559631e+00 1.4823748978e+00 1.5064131036e+00 3.7281648627e+00 6.0897308588e+00 5.5529648960e+00 2.3788076596e+00 3.1438294500e+00 3.2666514069e+00 0 0
810 2.0247088296e+03 2.2645779960e+03 2.2590909676e+03 2.2063929840e+03 2.3375187700e+03 1.4726028802e+00 1.4992427152e+00 1.4957121929e+00 1.4813615437e+00 1.5052877528e+00 4.0681921819e+00 5.8533248603e+00 5.0931686163e+00 2.4523744787e+00 3.1410482824e+00 3.1558842212e+00 0 0
811 2.0437821957e+03 2.2381161721e+03 2.2336823857e+03 2.1877689549e+03 2.3273886654e+03 1.4715781965e+00 1.4981624022e+00 1.4946433030e+00 1.4802992133e+00 1.5041639364e+00 3.7386915929e+00 4.7975558341e+00 5.0764110386e+00 2.3866152792e+00 2.8813756257e+00 3.1335716248e+00 0 0
812 2.0269839404e+03 2.2615818579e+03 2.2757956850e+03 2.2111209827e+03 2.2846811594e+03 1.4705413724e+00 1.4970641843e+00 1.4935228903e+00 1.4792735396e+00 1.5031006616e+00 3.5986205699e+00 4.8498250842e+00 5.9259832501e+00 2.3417440735e+00 2.8540846109e+00 3.2999201268e+00 0 0
813 2.0252099028e+03 2.2009146962e+03 2.2111797756e+03 2.1179034444e+03 2.2829487511e+03 1.4695588889e+00 1.4960395455e+00 1.4924455756e+00 1.4782940470e+00 1.5020146488e+00 4.0406211414e+00 5.3046308458e+00 5.5116357505e+00 2.4182891425e+00 2.9048516601e+00 3.2056701481e+00 0 0
814 2.0247791804e+03 2.2144345779e+03 2.1843114476e+03 2.2022692842e+03 2.2195546851e+03 1.4686268714e+00 1.4950125232e+00 1.4914522803e+00 1.4773154726e+00 1.5010167346e+00 4.7800653088e+00 5.6885128319e+00 5.6222178340e+00 2.5710157584e+00 3.0107758790e+00 3.1037218869e+00 0 0
815 2.0470273726e+03 2.1939490650e+03 2.1747438930e+03 2.1605140592e+03 2.2891100891e+03 1.4676368648e+00 1.4939447254e+00 1.4904480416e+00 1.4761923462e+00 1.4999876955e+00 4.3249594703e+00 3.8866946250e+00 5.6586953104e+00 2.5120631794e+00 2.6395229846e+00 3.1545052230e+00 0 0
816 2.0151048957e+03 2.1487282285e+03 2.1453768900e+03 2.1157358058e+03 2.2355903024e+03 1.4666673850e+00 1.4929097290e+00 1.4894437181e+00 1.4751601914e+00 1.4988869631e+00 4.4002170269e+00 3.8191554099e+00 4.7164529264e+00 2.4919682731e+00 2.5203321874e+00 2.9662348777e+00 0 0
817 2.0533274062e+03 2.1510896076e+03 2.1562306231e+03 2.0784097286e+03 2.2239858363e+03 1.4657381314e+00 1.4920005566e+00 1.4885077762e+00 1.4742417198e+00 1.4978349093e+00 5.3566090996e+00 5.3114620745e+00 4.5173033774e+00 2.6866167822e+00 2.7870020866e+00 2.8493957222e+00 0 0
818 2.0922855755e+03 2.1620479874e+03 2.1750106896e+03 2.1284506102e+03 2.1597624869e+03 1.4647001225e+00 1.4910415721e+00 1.4874961329e+00 1.4732811188e+00 1.4968652475e+00 4.7329428642e+00 5.3404796124e+00 5.1541037261e+00 2.6635024456e+00 2.8380186558e+00 2.8993344009e+00 0 0
819 2.0953790809e+03 2.1215568576e+03 2.1537534678e+03 2.0459788611e+03 2.1760840976e+03 1.4635633633e+00 1.4900726590e+00 1.4864494401e+00 1.4723854294e+00 1.4959626052e+00 3.5604990338e+00 5.3062088788e+00 6.4453718960e+00 2.4046244457e+00 2.7435344905e+00 3.1451636404e+00 0 0
820 2.0385085035e+03 2.1202563524e+03 2.1370113477e+03 2.0826696810e+03 2.1692526363e+03 1.4624696056e+00 1.4891620285e+00 1.4854222411e+00 1.4714791661e+00 1.4950081565e+00 3.5196560166e+00 5.9103811979e+00 5.9497191310e+00 2.3449995027e+00 2.9019709527e+00 3.1042494029e+00 0 0
821 2.0227334817e+03 2.1195013565e+03 2.1027691267e+03 2.0365872189e+03 2.1746762978e+03 1.4614470323e+00 1.4881767803e+00 1.4844125041e+00 1.4704680176e+00 1.4940466584e+00 3.9888088696e+00 4.3035115302e+00 5.0728459954e+00 2.4033545205e+00 2.5864215493e+00 2.8631417453e+00 0 0
822 2.0496816314e+03 2.1062924773e+03 2.1243029445e+03 2.0592843417e+03 2.1312334457e+03 1.4604034091e+00 1.4871619372e+00 1.4833907653e+00 1.4694944010e+00 1.4931201884e+00 4.2291654005e+00 3.9019469321e+00 5.5507993400e+00 2.5021611844e+00 2.4307903200e+00 2.9363936782e+00 0 0
823 2.0347763252e+03 2.0789712600e+03 2.0462633017e+03 2.0582307937e+03 2.1635655756e+03 1.4593107411e+00 1.4861959801e+00 1.4824341337e+00 1.4685201564e+00 1.4921672137e+00 3.7305876696e+00 4.1744845510e+00 5.2463929355e+00 2.3890863645e+00 2.4930303246e+00 2.8781965673e+00 0 0
824 2.0328721893e+03 2.1180020066e+03 2.1013688396e+03 2.0544101343e+03 2.1106674300e+03 1.4582653867e+00 1.4852058767e+00 1.4815256919e+00 1.4675434186e+00 1.4911774848e+00 3.9998422602e+00 4.1040447950e+00 4.4754423797e+00 2.4221857545e+00 2.4859395027e+00 2.7128714323e+00 0 0
825 2.0587144848e+03 2.0199621902e+03 2.0088641069e+03 2.0510550943e+03 2.1059085925e+03 1.4571914281e+00 1.4842684914e+00 1.4806089875e+00 1.4665215714e+00 1.4902301534e+00 3.9564958223e+00 3.7469973117e+00 4.5317170918e+00 2.4309781820e+00 2.4128194898e+00 2.6562338918e+00 0 0
826 1.9858939918e+03 2.0339308617e+03 2.0404737808e+03 2.0472878400e+03 2.1162291936e+03 1.4561689161e+00 1.4833519891e+00 1.4796886751e+00 1.4655290671e+00 1.4892742423e+00 4.0089310330e+00 3.6901348233e+00 4.5569018126e+00 2.3874277327e+00 2.3713259399e+00 2.6718639731e+00 0 0
827 2.0443675069e+03 1.9837883582e+03 1.9911588334e+03 2.0382569759e+03 2.1202096594e+03 1.4552045799e+00 1.4824450764e+00 1.4787531290e+00 1.4645900847e+00 1.4882746349e+00 4.9411122869e+00 4.5022072494e+00 3.9397603571e+00 2.5601967988e+00 2.5376045704e+00 2.5279977769e+00 0 0
828 1.9796972825e+03 2.0436659463e+03 2.0555799668e+03 2.0546817272e+03 2.0493603880e+03 1.4542348766e+00 1.4815595304e+00 1.4778416434e+00 1.4636592209e+00 1.4873323734e+00 4.7959516497e+00 4.9106691778e+00 3.9884849638e+00 2.5277183211e+00 2.6344216764e+00 2.4722248018e+00 0 0
829 2.0121177283e+03 2.0290373949e+03 2.0155580493e+03 2.0930506444e+03 1.9943218146e+03 1.4532691790e+00 1.4806269272e+00 1.4769038757e+00 1.4626473442e+00 1.4864772318e+00 4.9492694677e+00 4.0558368266e+00 5.0678623021e+00 2.5575181197e+00 2.5028120279e+00 2.6333459020e+00 0 0
830 2.0136768140e+03 2.0420313416e+03 2.0168656995e+03 2.0776763463e+03 2.0589584746e+03 1.4521707029e+00 1.4796768160e+00 1.4760137268e+00 1.4616343914e+00 1.4856134115e+00 3.6745659240e+00 3.9956233799e+00 5.8427007496e+00 2.3314567157e+00 2.4642710388e+00 2.8323948532e+00 0 0
831 2.0019021354e+03 2.0301307840e+03 2.0058039535e+03 2.0998404701e+03 2.0830516076e+03 1.4510795031e+00 1.4786808116e+00 1.4750951705e+00 1.4605896215e+00 1.4846465699e+00 3.1950015750e+00 4.1006884277e+00 3.9823078215e+00 2.1774162709e+00 2.5290005356e+00 2.4889897853e+00 0 0
832 1.9758223288e+03 2.0404460297e+03 2.0180169722e+03 2.0696436891e+03 2.0400604158e+03 1.4500345461e+00 1.4777068320e+00 1.4742060888e+00 1.4595419345e+00 1.4837115515e+00 3.4194473530e+00 3.9599971622e+00 4.0431957543e+00 2.2043794101e+00 2.4842523634e+00 2.4325681031e+00 0 0
833 1.9592684722e+03 2.0350416458e+03 2.0496026444e+03 2.0355004299e+03 2.0590009713e+03 1.4490495157e+00 1.4767947247e+00 1.4732921708e+00 1.4585272159e+00 1.4827924297e+00 4.0839639222e+00 4.3186755776e+00 4.5089707673e+00 2.3269238761e+00 2.5330010951e+00 2.5789864212e+00 0 0
834 1.9902096062e+03 2.0523387878e+03 2.0637789368e+03 2.0261641098e+03 2.0405151310e+03 1.4480561637e+00 1.4758566658e+00 1.4723081334e+00 1.4575955466e+00 1.4818277316e+00 4.6420532595e+00 5.1725900173e+00 3.8917972893e+00 2.4931334607e+00 2.6652488410e+00 2.4336297512e+00 0 0
835 1.9367672938e+03 2.0448836153e+03 2.0485089700e+03 2.0275957437e+03 2.0681150838e+03 1.4470968428e+00 1.4748932541e+00 1.4713074063e+00 1.4566110331e+00 1.4809067134e+00 4.5104809217e+00 4.7381338775e+00 4.3691143095e+00 2.4167732096e+00 2.6156436503e+00 2.5221688598e+00 0 0
836 1.9787966685e+03 2.0835475757e+03 2.0763662972e+03 2.0240398959e+03 2.0635554269e+03 1.4461403886e+00 1.4739056824e+00 1.4703161723e+00 1.4556370575e+00 1.4799918178e+00 5.0047556340e+00 4.6559778750e+00 4.5717098117e+00 2.5331099785e+00 2.5716753751e+00 2.5703278035e+00 0 0
837 1.9496163510e+03 2.0481671074e+03 2.0446467299e+03 2.0543429607e+03 2.0695861905e+03 1.4451336465e+00 1.4729102220e+00 1.4693367157e+00 1.4546426426e+00 1.4790745027e+00 4.5942178383e+00 4.9217275381e+00 4.7419550121e+00 2.4860972097e+00 2.6674460769e+00 2.6087770164e+00 0 0
838 1.9622108243e+03 2.0510704522e+03 2.0676097311e+03 2.0520925905e+03 2.0719295355e+03 1.4440986880e+00 1.4719297353e+00 1.4683259311e+00 1.4535877653e+00 1.4781248274e+00 4.1617089214e+00 4.1161729991e+00 4.5803223848e+00 2.3881925774e+00 2.4948224723e+00 2.6135195494e+00 0 0
839 1.9567107037e+03 2.0015368470e+03 2.0470272959e+03 2.0529096424e+03 2.0735527483e+03 1.4430987317e+00 1.4709470899e+00 1.4672371950e+00 1.4525539658e+00 1.4771961427e+00 4.3842900669e+00 3.7864493281e+00 4.9617182910e+00 2.4157505705e+00 2.3843955547e+00 2.6682534665e+00 0 0
840 1.9553175773e+03 2.0270685114e+03 2.0463198675e+03 2.0114707306e+03 2.0782367526e+03 1.4420721862e+00 1.4700132471e+00 1.4661959102e+00 1.4515960900e+00 1.4762411828e+00 4.3034609076e+00 4.4762200713e+00 5.0476843119e+00 2.4232745210e+00 2.4727422148e+00 2.7141517848e+00 0 0
841 1.8930221631e+03 2.0441869411e+03 1.9969817851e+03 2.0215699345e+03 2.0472231193e+03 1.4410517912e+00 1.4690257166e+00 1.4652228127e+00 1.4506498989e+00 1.4752724573e+00 3.6111329987e+00 5.2655560672e+00 4.5985904336e+00 2.2002150910e+00 2.6675067842e+00 2.6164033413e+00 0 0
842 1.8784432641e+03 2.0571734249e+03 2.0320514265e+03 2.0401599202e+03 2.0182089832e+03 1.4401625438e+00 1.4679364882e+00 1.4642582071e+00 1.4495937331e+00 1.4743494403e+00 4.8883435461e+00 3.7485087514e+00 4.8346801102e+00 2.3956428856e+00 2.3693440109e+00 2.6068931818e+00 0 0
843 1.9235295314e+03 2.0017646590e+03 1.9946429505e+03 1.9889142767e+03 2.0689301583e+03 1.4391749777e+00 1.4669411132e+00 1.4633029148e+00 1.4485888527e+00 1.4733783700e+00 4.2475741373e+00 3.6854886264e+00 4.5771450698e+00 2.3480359364e+00 2.2882878780e+00 2.5910163820e+00 0 0
844 1.9269970178e+03 2.0239300877e+03 2.0150247517e+03 1.9889213157e+03 2.0290964738e+03 1.4380976922e+00 1.4659970384e+00 1.4623744311e+00 1.4476363155e+00 1.4724523853e+00 3.1174455461e+00 4.4846440256e+00 4.5716077983e+00 2.0841813005e+00 2.4485384077e+00 2.5360754132e+00 0 0
845 1.9261871900e+03 2.0217907285e+03 2.0257277088e+03 1.9889966063e+03 2.0386613255e+03 1.4369994188e+00 1.4649837130e+00 1.4613629247e+00 1.4467052894e+00 1.4715275302e+00 2.6539573930e+00 4.8945610523e+00 5.3768255115e+00 1.9340357254e+00 2.5330460072e+00 2.7403471917e+00 0 0
846 1.8972887796e+03 1.9984579055e+03 2.0268575431e+03 1.9943913859e+03 2.0255894204e+03 1.4359312635e+00 1.4640418428e+00 1.4603451059e+00 1.4457498306e+00 1.4705985168e+00 2.8408866490e+00 4.6660407186e+00 5.1298144460e+00 1.9794189364e+00 2.5046884269e+00 2.6689999998e+00 0 0
847 1.8855477284e+03 1.9758314705e+03 1.9828326329e+03 2.0007368643e+03 2.0379869970e+03 1.4349577036e+00 1.4631776564e+00 1.4593628192e+00 1.4447582901e+00 1.4696456797e+00 3.7539785418e+00 4.2848335207e+00 4.7531052530e+00 2.1610266400e+00 2.4403862655e+00 2.5928299278e+00 0 0
848 1.9391534213e+03 2.0048825402e+03 2.0115136092e+03 2.0064195723e+03 2.0490905300e+03 1.4339306449e+00 1.4622248913e+00 1.4583717371e+00 1.4437197620e+00 1.4686700570e+00 4.1649259948e+00 3.7472890466e+00 4.2475195825e+00 2.3282785623e+00 2.3456371129e+00 2.4893670082e+00 0 0
849 1.8879125131e+03 1.9717923319e+03 1.9808708312e+03 1.9994948112e+03 2.0313575510e+03 1.4328899594e+00 1.4612422368e+00 1.4573364429e+00 1.4426634662e+00 1.4676754248e+00 3.5256163198e+00 3.5262501091e+00 3.8807445318e+00 2.1489647967e+00 2.2792793214e+00 2.3837210834e+00 0 0
850 1.8858043339e+03 1.9987913223e+03 2.0071902003e+03 1.9901831574e+03 2.0261343736e+03 1.4319371944e+00 1.4602544330e+00 1.4563169527e+00 1.4416561959e+00 1.4667047961e+00 4.1542074203e+00 3.7500231266e+00 3.9795879573e+00 2.2429221760e+00 2.2891364545e+00 2.3860521764e+00 0 0
851 1.8722283043e+03 1.9938215818e+03 1.9740129179e+03 1.9650777338e+03 2.0127986735e+03 1.4309493917e+00 1.4592468761e+00 1.4553212798e+00 1.4407546713e+00 1.4657161031e+00 4.3071679978e+00 5.1917387545e+00 3.7263964564e+00 2.2990128298e+00 2.5590831041e+00 2.3253050596e+00 0 0
852 1.8498599826e+03 1.9649323780e+03 1.9737159117e+03 1.9926325552e+03 1.9667832875e+03 1.4299405429e+00 1.4582791268e+00 1.4543717826e+00 1.4398007849e+00 1.4648138716e+00 3.3359506846e+00 5.4334838688e+00 4.4910020530e+00 2.0504861753e+00 2.6823729575e+00 2.4220660180e+00 0 0
853 1.7928835840e+03 1.9657235945e+03 1.9697282173e+03 1.9321366411e+03 1.9953716446e+03 1.4290496513e+00 1.4573820406e+00 1.4534358918e+00 1.4388014766e+00 1.4639147644e+00 4.1528104348e+00 4.1881135106e+00 5.2296560109e+00 2.1327826154e+00 2.4004462659e+00 2.6234934926e+00 0 0
854 1.8397552251e+03 1.9887618007e+03 1.9496272080e+03 1.9316904514e+03 2.0108922149e+03 1.4281328536e+00 1.4564158322e+00 1.4525351569e+00 1.4378601969e+00 1.4629557955e+00 4.5792284412e+00 4.3139927685e+00 4.1905041039e+00 2.2833304075e+00 2.3743226677e+00 2.4214455932e+00 0 0
855 1.8669694853e+03 1.9761113962e+03 1.9770238997e+03 1.9140965232e+03 1.9776827349e+03 1.4270835383e+00 1.4553824353e+00 1.4515673079e+00 1.4368990295e+00 1.4620242025e+00 3.0217072004e+00 4.1996658742e+00 4.2700752318e+00 1.9742001216e+00 2.3606403768e+00 2.4164331108e+00 0 0
856 1.8341253023e+03 1.9517257107e+03 1.9690445653e+03 1.9451469096e+03 2.0232257659e+03 1.4260020493e+00 1.4544343150e+00 1.4505724217e+00 1.4358797511e+00 1.4610484231e+00 2.3608922248e+00 3.3082198203e+00 4.2269351780e+00 1.7673326196e+00 2.1401917934e+00 2.4397798479e+00 0 0
857 1.8009556744e+03 1.9770597487e+03 1.9549228246e+03 1.8882642824e+03 1.9959094418e+03 1.4250203114e+00 1.4534978452e+00 1.4496350913e+00 1.4349185141e+00 1.4600711363e+00 2.8420711591e+00 3.4447107911e+00 3.9199542850e+00 1.8346565459e+00 2.1304955035e+00 2.3690568060e+00 0 0
858 1.7948244906e+03 1.9565764744e+03 1.9595222632e+03 1.9071063159e+03 1.9759838056e+03 1.4240715139e+00 1.4525064278e+00 1.4486567616e+00 1.4339810531e+00 1.4591269170e+00 3.5120391366e+00 4.0328096151e+00 4.1737270057e+00 2.0104755009e+00 2.2577356100e+00 2.3902891725e+00 0 0
859 1.8143767398e+03 1.9206305605e+03 1.9139165342e+03 1.9641666172e+03 2.0096003334e+03 1.4230579796e+00 1.4515247813e+00 1.4476583859e+00 1.4329445792e+00 1.4581406964e+00 3.0130398333e+00 3.3376874328e+00 4.2837748230e+00 1.9066395561e+00 2.1501041800e+00 2.4585984498e+00 0 0
860 1.8012843514e+03 1.9134060599e+03 1.8967716652e+03 1.9399818298e+03 1.9911880875e+03 1.4220357603e+00 1.4505388121e+00 1.4466900619e+00 1.4318841138e+00 1.4571196014e+00 2.7196097277e+00 3.0208707750e+00 3.6384451091e+00 1.8263882789e+00 2.0652594417e+00 2.3127860576e+00 0 0
861 1.7599186099e+03 1.9063160808e+03 1.8768486220e+03 1.9051894919e+03 1.9432901224e+03 1.4210874400e+00 1.4495404764e+00 1.4457659100e+00 1.4308834583e+00 1.4561983833e+00 3.0166322059e+00 3.4424630851e+00 4.1900990307e+00 1.8504829350e+00 2.1496994346e+00 2.3559734821e+00 0 0
862 1.7777248765e+03 1.9320166925e+03 1.9168791694e+03 1.8995159910e+03 1.9239124200e+03 1.4201398992e+00 1.4485266437e+00 1.4448052377e+00 1.4299249704e+00 1.4553049635e+00 3.3510552771e+00 4.3699748516e+00 4.7479851246e+00 1.9400889321e+00 2.3446493447e+00 2.4576490968e+00 0 0
863 1.7984163836e+03 1.8844995357e+03 1.8735116093e+03 1.9259915628e+03 1.9189153186e+03 1.4191340342e+00 1.4475529333e+00 1.4438824040e+00 1.4289134164e+00 1.4543737857e+00 2.8983752791e+00 3.7164664268e+00 4.1836782098e+00 1.8693405975e+00 2.2278290093e+00 2.3602314293e+00 0 0
864 1.7470891253e+03 1.8492970962e+03 1.8611875913e+03 1.8528020671e+03 1.9131701440e+03 1.4180990337e+00 1.4466981764e+00 1.4430199341e+00 1.4279681636e+00 1.4534254685e+00 2.3094586093e+00 3.8211229444e+00 3.5037073940e+00 1.6762699477e+00 2.1698974073e+00 2.1676104665e+00 0 0
865 1.7350910088e+03 1.9442317892e+03 1.9604868018e+03 1.8695905969e+03 1.8926291237e+03 1.4171725242e+00 1.4457744126e+00 1.4420354420e+00 1.4270875255e+00 1.4525493395e+00 2.6159567450e+00 4.6925266683e+00 4.0241612196e+00 1.6923318776e+00 2.3298094571e+00 2.2296515852e+00 0 0
866 1.7194421311e+03 1.9023915212e+03 1.9101808160e+03 1.8447417163e+03 1.9367888372e+03 1.4162836593e+00 1.4447823065e+00 1.4410024453e+00 1.4261298363e+00 1.4516646131e+00 3.1411786804e+00 3.8336119354e+00 4.5752386749e+00 1.8135025433e+00 2.1734425277e+00 2.3813901991e+00 0 0
867 1.7505291715e+03 1.9193471546e+03 1.8981971052e+03 1.8402267523e+03 1.8895594725e+03 1.4153332143e+00 1.4438026338e+00 1.4400343921e+00 1.4251841781e+00 1.4507618345e+00 2.9893191745e+00 3.3969824612e+00 4.1192445159e+00 1.8163151975e+00 2.0467367470e+00 2.2738767266e+00 0 0
868 1.7048493043e+03 1.8937308415e+03 1.8713766323e+03 1.8093994860e+03 1.9411281514e+03 1.4143296323e+00 1.4427913120e+00 1.4391044887e+00 1.4242944988e+00 1.4498540307e+00 2.3619622596e+00 3.7334550917e+00 4.3156768978e+00 1.6548169544e+00 2.0620292276e+00 2.3265847266e+00 0 0
869 1.6897416932e+03 1.8856166100e+03 1.8695700040e+03 1.8581847325e+03 1.9297014018e+03 1.4133918403e+00 1.4417916781e+00 1.4381772021e+00 1.4233975531e+00 1.4489191699e+00 2.4038359733e+00 4.2803757489e+00 4.3001366258e+00 1.6097955527e+00 2.2290047258e+00 2.3530084193e+00 0 0
870 1.6857125732e+03 1.8362767357e+03 1.8406861492e+03 1.8255848378e+03 1.9014821850e+03 1.4124822826e+00 1.4408462972e+00 1.4372578676e+00 1.4224228357e+00 1.4480332439e+00 2.5190891984e+00 3.0100788474e+00 4.6801572442e+00 1.6178008352e+00 1.9286349937e+00 2.3900367767e+00 0 0
871 1.6842281614e+03 1.8310921604e+03 1.8407539895e+03 1.7936057259e+03 1.9392563008e+03 1.4115743168e+00 1.4399512448e+00 1.4363341095e+00 1.4215561088e+00 1.4471059244e+00 2.5016413978e+00 3.7824404687e+00 4.5386402607e+00 1.6138281345e+00 2.0443331003e+00 2.4048889726e+00 0 0
872 1.6966518353e+03 1.8422039111e+03 1.8343179250e+03 1.8000133333e+03 1.8956308976e+03 1.4106535929e+00 1.4390031887e+00 1.4353789913e+00 1.4206609050e+00 1.4461192731e+00 2.6522635061e+00 4.0444532633e+00 3.4846398979e+00 1.6558183969e+00 2.1399598271e+00 2.1622059345e+00 0 0
873 1.6927760624e+03 1.7851718405e+03 1.7907143128e+03 1.8185652312e+03 1.8859615585e+03 1.4096935132e+00 1.4380926061e+00 1.4344639458e+00 1.4197033603e+00 1.4451473746e+00 2.3743470880e+00 3.2264706939e+00 3.1476347148e+00 1.6071444220e+00 1.9706293643e+00 2.0396945775e+00 0 0
874 1.7116934073e+03 1.8120480816e+03 1.8344595934e+03 1.7730064862e+03 1.8364518779e+03 1.4087160177e+00 1.4372745864e+00 1.4335637679e+00 1.4187904181e+00 1.4442409677e+00 2.1595109050e+00 3.2771515399e+00 3.5752392262e+00 1.5405547140e+00 1.9298712462e+00 2.0819670558e+00 0 0
875 1.6336504074e+03 1.7975196800e+03 1.7985203641e+03 1.7878777922e+03 1.8549192705e+03 1.4078142984e+00 1.4364120722e+00 1.4326467229e+00 1.4179297479e+00 1.4433522657e+00 2.4933978520e+00 3.9933617711e+00 3.7794870585e+00 1.5822513434e+00 2.0757822394e+00 2.1273052692e+00 0 0
876 1.6819090340e+03 1.8274608751e+03 1.8179529697e+03 1.7893408004e+03 1.8546886531e+03 1.4069739140e+00 1.4355035316e+00 1.4317403695e+00 1.4170220046e+00 1.4423948051e+00 3.3804759655e+00 3.5664449781e+00 3.2097222507e+00 1.7822126491e+00 2.0208478719e+00 2.0269774795e+00 0 0
877 1.6581156148e+03 1.7871415725e+03 1.7777459745e+03 1.7795159454e+03 1.8465130652e+03 1.4060552373e+00 1.4345743355e+00 1.4308482834e+00 1.4160782690e+00 1.4414434280e+00 2.9533978058e+00 2.9017022103e+00 2.8227327913e+00 1.7232352960e+00 1.8487582877e+00 1.8946002275e+00 0 0
878 1.6767251210e+03 1.7876162899e+03 1.7840863208e+03 1.7486449039e+03 1.8189257819e+03 1.4051601547e+00 1.4336663273e+00 1.4299508141e+00 1.4151854135e+00 1.4405427985e+00 2.8528401207e+00 3.1532977372e+00 3.2399409264e+00 1.6804966411e+00 1.8631950468e+00 1.9625354186e+00 0 0
879 1.6437350222e+03 1.7724980959e+03 1.7699337558e+03 1.7480167333e+03 1.8188286065e+03 1.4043010590e+00 1.4327357041e+00 1.4290337654e+00 1.4143083689e+00 1.4396708180e+00 3.0934145561e+00 3.1614034027e+00 3.6575428843e+00 1.7095033307e+00 1.8591461703e+00 2.0498475283e+00 0 0
880 1.6986891689e+03 1.7705357240e+03 1.7671348279e+03 1.7667871971e+03 1.8338199203e+03 1.4033616679e+00 1.4318541033e+00 1.4281553874e+00 1.4133720616e+00 1.4387622818e+00 2.7770073146e+00 2.6454764307e+00 3.3755889833e+00 1.6809394531e+00 1.7468480617e+00 2.0123282671e+00 0 0
881 1.6541128639e+03 1.7528021138e+03 1.7401874899e+03 1.7103879677e+03 1.7620536314e+03 1.4023885451e+00 1.4309806032e+00 1.4273183001e+00 1.4124622900e+00 1.4378973194e+00 2.1641783120e+00 2.6414689124e+00 3.4471908808e+00 1.5146190752e+00 1.7082621455e+00 1.9703235477e+00 0 0
882 1.6093579367e+03 1.7533999116e+03 1.7634549186e+03 1.6792266077e+03 1.7923148440e+03 1.4015139204e+00 1.4301288761e+00 1.4264778278e+00 1.4117183271e+00 1.4370871041e+00 2.4102052523e+00 4.3389380276e+00 4.4624970853e+00 1.5104792634e+00 1.9869784564e+00 2.1566101015e+00 0 0
883 1.6140196080e+03 1.7436531335e+03 1.7371739982e+03 1.7090648028e+03 1.7998076286e+03 1.4006898345e+00 1.4292277320e+00 1.4255735817e+00 1.4108643014e+00 1.4361985126e+00 3.1303063797e+00 3.6049546003e+00 3.6505461037e+00 1.6573696050e+00 1.9311149791e+00 2.0701203197e+00 0 0
884 1.6474177647e+03 1.7063589159e+03 1.7156892201e+03 1.6594235445e+03 1.7808837694e+03 1.3997706777e+00 1.4283948119e+00 1.4247405775e+00 1.4100605553e+00 1.4353093658e+00 2.5824888412e+00 3.1500758380e+00 3.0877389014e+00 1.6002233304e+00 1.7419347391e+00 1.8806884140e+00 0 0
885 1.6606798199e+03 1.7196734428e+03 1.7004750807e+03 1.6909665875e+03 1.7668818580e+03 1.3987876689e+00 1.4275581405e+00 1.4239242869e+00 1.4092750301e+00 1.4344453434e+00 2.0451725544e+00 3.6447115541e+00 3.4155550003e+00 1.4571069118e+00 1.8512969837e+00 1.9548798129e+00 0 0
886 1.6365722872e+03 1.7215376121e+03 1.7105450886e+03 1.7153056579e+03 1.7397666510e+03 1.3978456595e+00 1.4267066769e+00 1.4231366692e+00 1.4083967540e+00 1.4336242284e+00 2.0289986178e+00 3.0019209236e+00 3.4166286439e+00 1.4241080037e+00 1.7717688903e+00 1.9180139527e+00 0 0
887 1.5892981679e+03 1.7018911540e+03 1.7270373476e+03 1.6906565293e+03 1.7369425725e+03 1.3970773805e+00 1.4258796671e+00 1.4222926001e+00 1.4075099073e+00 1.4327950573e+00 3.3983608211e+00 2.6304063052e+00 3.4549105018e+00 1.6626032314e+00 1.6662965715e+00 1.9157539159e+00 0 0
888 1.6534978920e+03 1.6783970031e+03 1.6828949017e+03 1.6908429850e+03 1.7086971645e+03 1.3962240486e+00 1.4250254065e+00 1.4214030520e+00 1.4066471835e+00 1.4320113706e+00 3.9850680604e+00 2.9142665565e+00 3.6695210338e+00 1.8871060414e+00 1.7258126587e+00 1.9148345366e+00 0 0
889 1.6140858680e+03 1.6712340500e+03 1.6671404410e+03 1.6867917773e+03 1.7454904755e+03 1.3952845978e+00 1.4241804762e+00 1.4205539151e+00 1.4057883599e+00 1.4311832417e+00 2.5816403786e+00 2.9275607467e+00 3.4911329746e+00 1.5931193111e+00 1.7156497985e+00 1.9157939926e+00 0 0
890 1.6352834973e+03 1.6559227035e+03 1.6723126950e+03 1.6884365549e+03 1.7093860009e+03 1.3944031870e+00 1.4233957371e+00 1.4197414428e+00 1.4048937780e+00 1.4304076078e+00 2.8232617306e+00 2.8847669065e+00 3.7355186194e+00 1.6116477894e+00 1.7367027402e+00 1.9193747565e+00 0 0
891 1.6395537894e+03 1.6730035864e+03 1.6778092114e+03 1.6792758856e+03 1.6995277285e+03 1.3934381557e+00 1.4226314264e+00 1.4189335174e+00 1.4040113411e+00 1.4296093486e+00 2.6657279897e+00 2.6506058276e+00 3.7617573291e+00 1.6352789501e+00 1.6547013223e+00 1.9471134841e+00 0 0
892 1.6278704793e+03 1.7015090361e+03 1.6988978045e+03 1.6674613939e+03 1.6740921420e+03 1.3924543753e+00 1.4217663025e+00 1.4180643779e+00 1.4031606082e+00 1.4287962959e+00 2.1908222165e+00 3.1115278155e+00 3.0255874395e+00 1.4935050611e+00 1.7464833930e+00 1.7512447610e+00 0 0
893 1.6465955202e+03 1.6600416410e+03 1.6650790522e+03 1.7087230612e+03 1.7019453575e+03 1.3914550512e+00 1.4209241592e+00 1.4172203358e+00 1.4022778743e+00 1.4280025730e+00 2.0265766948e+00 2.9959213734e+00 3.1300725639e+00 1.4437680405e+00 1.7541879714e+00 1.7576040626e+00 0 0
894 1.6006590358e+03 1.6668611220e+03 1.6670925289e+03 1.6675604937e+03 1.7046448310e+03 1.3905093851e+00 1.4200950764e+00 1.4163748906e+00 1.4013333968e+00 1.4271778280e+00 2.1924664457e+00 2.3399166316e+00 2.9079358727e+00 1.4585247946e+00 1.5882256106e+00 1.7291514352e+00 0 0
895 1.5832625386e+03 1.6890537292e+03 1.6723792931e+03 1.6585578073e+03 1.7131488552e+03 1.3897127439e+00 1.4192278323e+00 1.4155358880e+00 1.4004410609e+00 1.4263416626e+00 3.6252911794e+00 2.3650729805e+00 2.8664298803e+00 1.7149704796e+00 1.5567386523e+00 1.7210735455e+00 0 0
896 1.6269282663e+03 1.6612830132e+03 1.6395349188e+03 1.6042554348e+03 1.6990126545e+03 1.3888039694e+00 1.4183206451e+00 1.4147100576e+00 1.3996512561e+00 1.4254899542e+00 3.4990901514e+00 3.0577778071e+00 2.8756524920e+00 1.7945066517e+00 1.6610402539e+00 1.7384956107e+00 0 0
897 1.6555226944e+03 1.6575180994e+03 1.6555265024e+03 1.6297533556e+03 1.6631229660e+03 1.3877817630e+00 1.4174811236e+00 1.4139066813e+00 1.3988841082e+00 1.4246801384e+00 2.2249278756e+00 3.8878014386e+00 2.8964610696e+00 1.5137238115e+00 1.8424324095e+00 1.6956939027e+00 0 0
898 1.6521446166e+03 1.6640202072e+03 1.6523639884e+03 1.6374359529e+03 1.6887499815e+03 1.3867508434e+00 1.4166001806e+00 1.4130594085e+00 1.3980204424e+00 1.4238946990e+00 2.0979548596e+00 2.7012353987e+00 3.5091675669e+00 1.4728600204e+00 1.6228009164e+00 1.8376732916e+00 0 0
899 1.6063541579e+03 1.6691825844e+03 1.6433342630e+03 1.6220000000e+03 1.6859838374e+03 1.3857696976e+00 1.4157170041e+00 1.4122331574e+00 1.3971868575e+00 1.4230751062e+00 2.3803285691e+00 2.7158787847e+00 3.1858666092e+00 1.5252025692e+00 1.5912177339e+00 1.7860698625e+00 0 0
900 1.6060379156e+03 1.6110948141e+03 1.6611671349e+03 1.6738881384e+03 1.6641298026e+03 1.3848093839e+00 1.4149071417e+00 1.4113903232e+00 1.3963214057e+00 1.4222448745e+00 2.6845002349e+00 2.8879335374e+00 3.0780437142e+00 1.5945071401e+00 1.6819232851e+00 1.7504133880e+00 0 0
901 1.5749026623e+03 1.6146880504e+03 1.6125305423e+03 1.6614015168e+03 1.6676035200e+03 1.3839023872e+00 1.4141005466e+00 1.4105168560e+00 1.3954103256e+00 1.4214676039e+00 2.6009726087e+00 2.3481498212e+00 3.4894088358e+00 1.5321846749e+00 1.5418367460e+00 1.8103941157e+00 0 0
902 1.5681064919e+03 1.6161010952e+03 1.6311011618e+03 1.6693160276e+03 1.6687670598e+03 1.3830510629e+00 1.4132898064e+00 1.4096740785e+00 1.3945008470e+00 1.4206354309e+00 3.0646277672e+00 2.3829438239e+00 3.1201093942e+00 1.6051481804e+00 1.5554304346e+00 1.7735076696e+00 0 0
903 1.5795425915e+03 1.5991444588e+03 1.6201234521e+03 1.6411718374e+03 1.6670874302e+03 1.3821292646e+00 1.4125090358e+00 1.4088302117e+00 1.3936020475e+00 1.4198207313e+00 2.8596129643e+00 2.5417580903e+00 2.9274996072e+00 1.6101164736e+00 1.5879007205e+00 1.6844424009e+00 0 0
904 1.5612837004e+03 1.6135950545e+03 1.6174227184e+03 1.6427572858e+03 1.6215933522e+03 1.3812028779e+00 1.4117413535e+00 1.4080061143e+00 1.3927785880e+00 1.4190115527e+00 2.3536560959e+00 3.2173641622e+00 2.9718460441e+00 1.4651895118e+00 1.7126797289e+00 1.6899387389e+00 0 0
905 1.5087676988e+03 1.6255226083e+03 1.6273814089e+03 1.6338860119e+03 1.6427516550e+03 1.3803773976e+00 1.4109104437e+00 1.4071692626e+00 1.3919469780e+00 1.4182039320e+00 2.7986827277e+00 3.3365878761e+00 2.9524651170e+00 1.5010818908e+00 1.7497449890e+00 1.6853681579e+00 0 0
906 1.5286217891e+03 1.6133242854e+03 1.6265128343e+03 1.6330425592e+03 1.6466758940e+03 1.3795559703e+00 1.4100713114e+00 1.4063036571e+00 1.3910901991e+00 1.4173563920e+00 3.1853252526e+00 3.1788608581e+00 2.4539888948e+00 1.5982598441e+00 1.7245030776e+00 1.5694799125e+00 0 0
907 1.5021118666e+03 1.6225636351e+03 1.6299514563e+03 1.6376942633e+03 1.6365746240e+03 1.3786803537e+00 1.4092887307e+00 1.4054717837e+00 1.3902352869e+00 1.4165289090e+00 2.5513148542e+00 3.0950160474e+00 2.4251815528e+00 1.4685435071e+00 1.6979385391e+00 1.5357194319e+00 0 0
908 1.5239809328e+03 1.6409756244e+03 1.6392136072e+03 1.6390632996e+03 1.6303274211e+03 1.3778308727e+00 1.4084409433e+00 1.4046152200e+00 1.3893506278e+00 1.4157579423e+00 2.6395947869e+00 2.7450287342e+00 3.0642854124e+00 1.4616293144e+00 1.6279459223e+00 1.6607064456e+00 0 0
909 1.5184115014e+03 1.6097339842e+03 1.6176140609e+03 1.6516998819e+03 1.6355573973e+03 1.3769398076e+00 1.4076158762e+00 1.4037715397e+00 1.3884449372e+00 1.4149646058e+00 2.4473446403e+00 2.5609216392e+00 3.3920647800e+00 1.4504977092e+00 1.5824197680e+00 1.7730008811e+00 0 0
910 1.5381408995e+03 1.6369852626e+03 1.6247939100e+03 1.6593711158e+03 1.6313587895e+03 1.3759760053e+00 1.4068031501e+00 1.4029675465e+00 1.3875271536e+00 1.4141719281e+00 1.9590743367e+00 2.5552978665e+00 3.0955778360e+00 1.3328495766e+00 1.5914045647e+00 1.6884899959e+00 0 0
911 1.5083629762e+03 1.6339980110e+03 1.6114277831e+03 1.6391314773e+03 1.6558417799e+03 1.3750367144e+00 1.4059088185e+00 1.4021424892e+00 1.3866239157e+00 1.4133568556e+00 1.8884817162e+00 2.7711206228e+00 3.1518942267e+00 1.2955298189e+00 1.6336209700e+00 1.7248928547e+00 0 0
912 1.5157127613e+03 1.6094981361e+03 1.6231668121e+03 1.6527094421e+03 1.6573625132e+03 1.3741376165e+00 1.4050802636e+00 1.4013413575e+00 1.3857314962e+00 1.4124966070e+00 2.1491556528e+00 2.8062678277e+00 2.7529829443e+00 1.3447562011e+00 1.6339167133e+00 1.6591540650e+00 0 0
913 1.5205469736e+03 1.6321552469e+03 1.6367288260e+03 1.6188214849e+03 1.6358809553e+03 1.3732333339e+00 1.4042188293e+00 1.4004424936e+00 1.3848598418e+00 1.4116602352e+00 2.4196918369e+00 3.1210268736e+00 2.8784606755e+00 1.4325125483e+00 1.6995844394e+00 1.6576700583e+00 0 0
914 1.5013286072e+03 1.6400006098e+03 1.6312461494e+03 1.6031333382e+03 1.6310564061e+03 1.3723073610e+00 1.4033200313e+00 1.3995586577e+00 1.3840164202e+00 1.4108675038e+00 2.0731260204e+00 3.5899327695e+00 3.2647228241e+00 1.3378367563e+00 1.7866386250e+00 1.7210274190e+00 0 0
915 1.5011400319e+03 1.6438843481e+03 1.6388412065e+03 1.6105897988e+03 1.6279663694e+03 1.3714832083e+00 1.4023967625e+00 1.3986477504e+00 1.3831508299e+00 1.4101007790e+00 2.7364861485e+00 3.3197476566e+00 3.6071042418e+00 1.4496793038e+00 1.7398701832e+00 1.7856959626e+00 0 0
916 1.5243718121e+03 1.6202617073e+03 1.6500824979e+03 1.6055995765e+03 1.6484764178e+03 1.3706012231e+00 1.4015248411e+00 1.3977291474e+00 1.3822799174e+00 1.4092787427e+00 2.8449273210e+00 2.9357674718e+00 3.3611605912e+00 1.5212170723e+00 1.6371748969e+00 1.7724558264e+00 0 0
917 1.4893894342e+03 1.6196322885e+03 1.6358653673e+03 1.5909822438e+03 1.6532144447e+03 1.3696582417e+00 1.4006867106e+00 1.3967926093e+00 1.3814562630e+00 1.4084078584e+00 2.0395125776e+00 3.0164890438e+00 2.5658836812e+00 1.3342834790e+00 1.6156131998e+00 1.5930172503e+00 0 0
918 1.4675362372e+03 1.6422216659e+03 1.6210290713e+03 1.6071227396e+03 1.6397022596e+03 1.3687792960e+00 1.3998095431e+00 1.3959358526e+00 1.3805791424e+00 1.4075654219e+00 1.9817488310e+00 2.8432002068e+00 2.6513021737e+00 1.2693901196e+00 1.6134760976e+00 1.5885753259e+00 0 0
919 1.4590426277e+03 1.6233126624e+03 1.6237514434e+03 1.5694170892e+03 1.6628947652e+03 1.3679833822e+00 1.3989158955e+00 1.3950933085e+00 1.3797022602e+00 1.4067105331e+00 2.5430045437e+00 2.4841755182e+00 2.9075793773e+00 1.3633927526e+00 1.5091884360e+00 1.6743945405e+00 0 0
920 1.4665518379e+03 1.5901258598e+03 1.6012442818e+03 1.5798004621e+03 1.6349001499e+03 1.3671506747e+00 1.3980312697e+00 1.3941644729e+00 1.3788445836e+00 1.4058963861e+00 2.7112117364e+00 2.6014529467e+00 3.1408150941e+00 1.4325259815e+00 1.5238347277e+00 1.6942195147e+00 0 0
921 1.4522552521e+03 1.5499940322e+03 1.5510934047e+03 1.5578695388e+03 1.6568325202e+03 1.3663071576e+00 1.3972141777e+00 1.3933236124e+00 1.3780155604e+00 1.4050332483e+00 2.3215637053e+00 2.4822010994e+00 3.1260406077e+00 1.3327295155e+00 1.4567854479e+00 1.7331478819e+00 0 0
922 1.4313877633e+03 1.6117186479e+03 1.6010043723e+03 1.5309103501e+03 1.6476445308e+03 1.3654629580e+00 1.3963562857e+00 1.3924970376e+00 1.3771826255e+00 1.4041730979e+00 2.3523390306e+00 2.6201647818e+00 2.7822866589e+00 1.3364631849e+00 1.4983634055e+00 1.6289550811e+00 0 0
923 1.4470661573e+03 1.5833461403e+03 1.5737952535e+03 1.5482065431e+03 1.6227345747e+03 1.3646053149e+00 1.3954735701e+00 1.3916456104e+00 1.3763011086e+00 1.4033177029e+00 2.2167822525e+00 2.3195966780e+00 3.1448009014e+00 1.3045921634e+00 1.4400723279e+00 1.7234328538e+00 0 0
924 1.4587924444e+03 1.5795866548e+03 1.5642106636e+03 1.5296476719e+03 1.6016272975e+03 1.3637012735e+00 1.3946101768e+00 1.3908266517e+00 1.3754351411e+00 1.4024608148e+00 1.8515987675e+00 2.1911503822e+00 2.8379081190e+00 1.2163989309e+00 1.3889253214e+00 1.6412205771e+00 0 0
925 1.4398785704e+03 1.5543381228e+03 1.5555439563e+03 1.5290145519e+03 1.6003844851e+03 1.3628374298e+00 1.3937457421e+00 1.3899871046e+00 1.3746109779e+00 1.4016007750e+00 1.7827157992e+00 2.5458693206e+00 2.5671125650e+00 1.1723037556e+00 1.4491998330e+00 1.5540657490e+00 0 0
926 1.4071331130e+03 1.5425102917e+03 1.5598901404e+03 1.5089483093e+03 1.6068341545e+03 1.3621050843e+00 1.3929139903e+00 1.3891158705e+00 1.3738255622e+00 1.4007646244e+00 2.8141036292e+00 2.9334966838e+00 2.6055402458e+00 1.3437164908e+00 1.5256730095e+00 1.5461528674e+00 0 0
927 1.4347664383e+03 1.5459334559e+03 1.5617189248e+03 1.5229386068e+03 1.5862882777e+03 1.3612945874e+00 1.3920943331e+00 1.3882311887e+00 1.3730163169e+00 1.3999471722e+00 2.7634011070e+00 3.0078274012e+00 2.6734204590e+00 1.4074999415e+00 1.5534454435e+00 1.5496814474e+00 0 0
928 1.4314812988e+03 1.5164263088e+03 1.5080255303e+03 1.5514175776e+03 1.5720515259e+03 1.3604018344e+00 1.3912767559e+00 1.3873851428e+00 1.3721597034e+00 1.3991268476e+00 1.7864841951e+00 2.5260519683e+00 2.7253500968e+00 1.1794322259e+00 1.4736065194e+00 1.5595645607e+00 0 0
929 1.4293707407e+03 1.5182134237e+03 1.5088034995e+03 1.5323374302e+03 1.5557764942e+03 1.3595315959e+00 1.3904433866e+00 1.3865731393e+00 1.3712779503e+00 1.3983421326e+00 1.7475366373e+00 2.3414479941e+00 2.7833050936e+00 1.1572062608e+00 1.4246737808e+00 1.5441458449e+00 0 0
930 1.4094982207e+03 1.5110158834e+03 1.5072927718e+03 1.5586587183e+03 1.5756527219e+03 1.3587197192e+00 1.3896191173e+00 1.3857674616e+00 1.3703989465e+00 1.3975164868e+00 2.1830076168e+00 2.2840379775e+00 2.4449044466e+00 1.2420838392e+00 1.4190038666e+00 1.4747179076e+00 0 0
931 1.4089090243e+03 1.5204986024e+03 1.5083364180e+03 1.5106503566e+03 1.5552732879e+03 1.3579131929e+00 1.3887923469e+00 1.3849685694e+00 1.3695152015e+00 1.3966746777e+00 2.3906489248e+00 2.1437450796e+00 2.1287589669e+00 1.2907838245e+00 1.3617636934e+00 1.3861315548e+00 0 0
932 1.4265648533e+03 1.5245245980e+03 1.5148537883e+03 1.5033722094e+03 1.5060187582e+03 1.3570364386e+00 1.3879771339e+00 1.3841936328e+00 1.3687412367e+00 1.3958905878e+00 2.0975867361e+00 2.8034854680e+00 2.5285702795e+00 1.2534219265e+00 1.4664456025e+00 1.4522605687e+00 0 0
933 1.4241247723e+03 1.5237191342e+03 1.5269791256e+03 1.4812941977e+03 1.5405137130e+03 1.3561870162e+00 1.3871073280e+00 1.3833329621e+00 1.3679562699e+00 1.3951115911e+00 2.0156335475e+00 3.0030748993e+00 2.9217274040e+00 1.2135023627e+00 1.5217813924e+00 1.5487306267e+00 0 0
934 1.4463147512e+03 1.4996192017e+03 1.5115736006e+03 1.4970654628e+03 1.5114522817e+03 1.3552911611e+00 1.3862830815e+00 1.3824781003e+00 1.3671280038e+00 1.3943401302e+00 2.0547727445e+00 2.3087548018e+00 2.6871917248e+00 1.2524050009e+00 1.3712560013e+00 1.4772189930e+00 0 0
935 1.4131804026e+03 1.5106463021e+03 1.5135148661e+03 1.4991757736e+03 1.5363383416e+03 1.3543932646e+00 1.3855333315e+00 1.3816545580e+00 1.3662704233e+00 1.3935938457e+00 1.8882807747e+00 2.0439877510e+00 3.2255810648e+00 1.1955504617e+00 1.3037404716e+00 1.5894954577e+00 0 0
936 1.3918385568e+03 1.5136321383e+03 1.5127211409e+03 1.4652402533e+03 1.5465461519e+03 1.3535904415e+00 1.3847242917e+00 1.3808393513e+00 1.3654480215e+00 1.3927922272e+00 2.3856071071e+00 2.1672202200e+00 2.7984330505e+00 1.2742795953e+00 1.3162244558e+00 1.5279766321e+00 0 0
937 1.4281398701e+03 1.5065317786e+03 1.4879793345e+03 1.4532348399e+03 1.5341722524e+03 1.3527099537e+00 1.3838938709e+00 1.3800508107e+00 1.3646443502e+00 1.3919640036e+00 2.1399253692e+00 2.3411467075e+00 2.4071505219e+00 1.2548953114e+00 1.3497214019e+00 1.4427645728e+00 0 0
938 1.4006484547e+03 1.4905615553e+03 1.4766862395e+03 1.4362965397e+03 1.5301759703e+03 1.3517709457e+00 1.3830743443e+00 1.3792976590e+00 1.3638566870e+00 1.3911669315e+00 1.6160578662e+00 2.4590741247e+00 2.6333390772e+00 1.1235704438e+00 1.3545820490e+00 1.4731832594e+00 0 0
939 1.3877668462e+03 1.4783179631e+03 1.4914505523e+03 1.4586731985e+03 1.5340765952e+03 1.3509173200e+00 1.3822780888e+00 1.3785030002e+00 1.3630673769e+00 1.3903609365e+00 1.8506197065e+00 2.4136196226e+00 2.7033765316e+00 1.1464221422e+00 1.3459410444e+00 1.4989637285e+00 0 0
940 1.3990298469e+03 1.4581728293e+03 1.4803505497e+03 1.4556148186e+03 1.5085141696e+03 1.3500292226e+00 1.3815103134e+00 1.3776666484e+00 1.3622476961e+00 1.3896188548e+00 1.8601838118e+00 2.1570660323e+00 2.9149941802e+00 1.1655854031e+00 1.2947661504e+00 1.5007762685e+00 0 0
941 1.4090782045e+03 1.4734629279e+03 1.4654047223e+03 1.4775417084e+03 1.5161823769e+03 1.3491343020e+00 1.3807569743e+00 1.3768723960e+00 1.3614121782e+00 1.3888405623e+00 1.7537694698e+00 1.9237437695e+00 2.9876493216e+00 1.1351252704e+00 1.2339956462e+00 1.5419016704e+00 0 0
942 1.3756783276e+03 1.4809052130e+03 1.4571045776e+03 1.4292979920e+03 1.5044595375e+03 1.3482633744e+00 1.3799328678e+00 1.3761240234e+00 1.3605648813e+00 1.3880331656e+00 1.7508697016e+00 1.8456038460e+00 2.3496820480e+00 1.1136908216e+00 1.2139934078e+00 1.3977613673e+00 0 0
943 1.3966391538e+03 1.4416147630e+03 1.4227659681e+03 1.4121713777e+03 1.4997498125e+03 1.3474251653e+00 1.3790675785e+00 1.3753321154e+00 1.3598213073e+00 1.3872304282e+00 2.0599109714e+00 2.2770848721e+00 2.1333438307e+00 1.1845457405e+00 1.2620375082e+00 1.3225227147e+00 0 0
944 1.4017895109e+03 1.4148306436e+03 1.4247894581e+03 1.4252220880e+03 1.4893852759e+03 1.3465471702e+00 1.3782839499e+00 1.3745602950e+00 1.3590575408e+00 1.3864590250e+00 1.9065319948e+00 2.5994173139e+00 2.2495797426e+00 1.1670431698e+00 1.3624673560e+00 1.3300917968e+00 0 0
945 1.3722817130e+03 1.4396965826e+03 1.4449112862e+03 1.4335213636e+03 1.5023311885e+03 1.3456478116e+00 1.3775135968e+00 1.3737607748e+00 1.3582603990e+00 1.3856840760e+00 1.8232932204e+00 2.2044461668e+00 2.5123749524e+00 1.1464236562e+00 1.2829754055e+00 1.4033392370e+00 0 0
946 1.3613621026e+03 1.4318153687e+03 1.4229194021e+03 1.4223731051e+03 1.4537283102e+03 1.3448090753e+00 1.3767137219e+00 1.3729662312e+00 1.3575069118e+00 1.3848842692e+00 2.0102881713e+00 2.4936251342e+00 2.1828994006e+00 1.1636847012e+00 1.3206263483e+00 1.3281002343e+00 0 0
947 1.3649016773e+03 1.4472545560e+03 1.4411209613e+03 1.4264630209e+03 1.4362844426e+03 1.3439832914e+00 1.3759158857e+00 1.3721949971e+00 1.3567499108e+00 1.3841107345e+00 2.3215376817e+00 2.7312574089e+00 2.1976049840e+00 1.2341346908e+00 1.3790319562e+00 1.2978207245e+00 0 0
948 1.3538011295e+03 1.4055770167e+03 1.4009368294e+03 1.4388642222e+03 1.4637960924e+03 1.3431076954e+00 1.3751234273e+00 1.3714330006e+00 1.3559721931e+00 1.3833619617e+00 1.9360941280e+00 2.4878924340e+00 2.4376898557e+00 1.1604396911e+00 1.3352740705e+00 1.3498998433e+00 0 0
949 1.3381588280e+03 1.4142478566e+03 1.4142919607e+03 1.4489282246e+03 1.4712379141e+03 1.3423068007e+00 1.3743649950e+00 1.3706824740e+00 1.3551533843e+00 1.3825564752e+00 2.0230708508e+00 2.3910100162e+00 2.0433024764e+00 1.1314877953e+00 1.3353846371e+00 1.2748456448e+00 0 0
950 1.3508415358e+03 1.4055188988e+03 1.3905411267e+03 1.4541691786e+03 1.4593176488e+03 1.3415462917e+00 1.3735840268e+00 1.3699322297e+00 1.3542925356e+00 1.3817487228e+00 2.7871497769e+00 2.0433718860e+00 1.8811264783e+00 1.2899941915e+00 1.2646433637e+00 1.2231534347e+00 0 0
951 1.3547328568e+03 1.4174280405e+03 1.4310803611e+03 1.4174694882e+03 1.4386073126e+03 1.3406675897e+00 1.3728108222e+00 1.3691562644e+00 1.3534770793e+00 1.3809801569e+00 2.1510202562e+00 2.0946364403e+00 2.0345387906e+00 1.2175951206e+00 1.2430202812e+00 1.2433104143e+00 0 0
952 1.3561534906e+03 1.4060017781e+03 1.4137544430e+03 1.4394578841e+03 1.4064090799e+03 1.3398071542e+00 1.3720567147e+00 1.3683514723e+00 1.3526626916e+00 1.3802621040e+00 1.8796709512e+00 2.2985719293e+00 2.4547457993e+00 1.1207848505e+00 1.2985889167e+00 1.3152057976e+00 0 0
953 1.3605264985e+03 1.4205797672e+03 1.4357763144e+03 1.4185170073e+03 1.4428555888e+03 1.3389592490e+00 1.3713012967e+00 1.3675354285e+00 1.3518044816e+00 1.3795329242e+00 2.2863047097e+00 1.8612941429e+00 2.5975831896e+00 1.2274611288e+00 1.1957693174e+00 1.3637522385e+00 0 0
954 1.3661303649e+03 1.4194155928e+03 1.4183623039e+03 1.4153602898e+03 1.4169186639e+03 1.3380339157e+00 1.3704895602e+00 1.3667026377e+00 1.3509472902e+00 1.3787911818e+00 1.7716559242e+00 1.7334483713e+00 2.3053806871e+00 1.1220340348e+00 1.1522730738e+00 1.2897037491e+00 0 0
955 1.3269431693e+03 1.4407863738e+03 1.4341202878e+03 1.3820494745e+03 1.4539190143e+03 1.3371587856e+00 1.3696489030e+00 1.3658709030e+00 1.3501411088e+00 1.3780472981e+00 1.7179009784e+00 2.0847605765e+00 2.6759156287e+00 1.0748779825e+00 1.2146701142e+00 1.3883291334e+00 0 0
956 1.3366518199e+03 1.4101562857e+03 1.4013555937e+03 1.4136174341e+03 1.4435858998e+03 1.3362852861e+00 1.3688072465e+00 1.3650632430e+00 1.3493366546e+00 1.3772493049e+00 1.8258105916e+00 2.1607401967e+00 2.1032420248e+00 1.1068791884e+00 1.2404170483e+00 1.2747133821e+00 0 0
957 1.3192898047e+03 1.4053882915e+03 1.4117641003e+03 1.4030188880e+03 1.4346557950e+03 1.3353948750e+00 1.3680013164e+00 1.3642599683e+00 1.3484921140e+00 1.3764793641e+00 1.6230374036e+00 1.8203531280e+00 2.0788681507e+00 1.0452163367e+00 1.1628505439e+00 1.2432836518e+00 0 0
958 1.3251665945e+03 1.4132447594e+03 1.4159472536e+03 1.3827218628e+03 1.4337220791e+03 1.3345277425e+00 1.3671850510e+00 1.3634232615e+00 1.3477480952e+00 1.3757333918e+00 1.6157694276e+00 2.3143318444e+00 2.6692142189e+00 1.0283315098e+00 1.2276516035e+00 1.3727268204e+00 0 0
959 1.3106937605e+03 1.4010622310e+03 1.4005146822e+03 1.4110178064e+03 1.4412317648e+03 1.3336617129e+00 1.3663729515e+00 1.3626062604e+00 1.3469653488e+00 1.3749640322e+00 1.6550794031e+00 2.5613838881e+00 2.5572933853e+00 1.0382631616e+00 1.3238616362e+00 1.3642631322e+00 0 0
960 1.3053221527e+03 1.3708370618e+03 1.3779266127e+03 1.4109169891e+03 1.4014925972e+03 1.3327942869e+00 1.3656215871e+00 1.3618438286e+00 1.3461074026e+00 1.3742113876e+00 1.6190387179e+00 1.8817713484e+00 2.4548530281e+00 1.0234327972e+00 1.1813424751e+00 1.3289561048e+00 0 0
961 1.2989327709e+03 1.3881543952e+03 1.3878323926e+03 1.3689474972e+03 1.4176518437e+03 1.3319239631e+00 1.3648370078e+00 1.3610438273e+00 1.3453109907e+00 1.3734756697e+00 1.5377268859e+00 2.0616470873e+00 2.5052656978e+00 9.9985273839e-01 1.1948030218e+00 1.3161667585e+00 0 0
962 1.3041638263e+03 1.3857911549e+03 1.3901159124e+03 1.3777540601e+03 1.4117107530e+03 1.3310537041e+00 1.3640393584e+00 1.3602364699e+00 1.3445768462e+00 1.3727256931e+00 1.4191287959e+00 2.8148176372e+00 2.5369113088e+00 9.5784230111e-01 1.3395309374e+00 1.3311933503e+00 0 0
963 1.2723467607e+03 1.3687322602e+03 1.3730093772e+03 1.3955519517e+03 1.4249254366e+03 1.3302163432e+00 1.3632588699e+00 1.3594477172e+00 1.3437141986e+00 1.3719642333e+00 1.5469359172e+00 1.9641361684e+00 2.2323999554e+00 9.7665375198e-01 1.2026788443e+00 1.2633681297e+00 0 0
964 1.2859551547e+03 1.3849163783e+03 1.3790150471e+03 1.3851648819e+03 1.4085522710e+03 1.3294319960e+00 1.3625150387e+00 1.3587111552e+00 1.3428640461e+00 1.3711579634e+00 1.9625735945e+00 1.7190145999e+00 2.0262577236e+00 1.0629563595e+00 1.1141772643e+00 1.2285191044e+00 0 0
965 1.3087473646e+03 1.3805842966e+03 1.3725633865e+03 1.3552503459e+03 1.4144065010e+03 1.3285638302e+00 1.3617359210e+00 1.3579734870e+00 1.3420661223e+00 1.3703473390e+00 1.6701094322e+00 1.9356168956e+00 1.8570731133e+00 1.0317617429e+00 1.1472865418e+00 1.1786769331e+00 0 0
966 1.3247430607e+03 1.3988202172e+03 1.4033484065e+03 1.3838380505e+03 1.4038272686e+03 1.3276419795e+00 1.3609224818e+00 1.3571755815e+00 1.3412402060e+00 1.3695707287e+00 1.3287217734e+00 2.1012144387e+00 1.9444170818e+00 9.4863378184e-01 1.2098492011e+00 1.1774577126e+00 0 0
967 1.2978190235e+03 1.3764214017e+03 1.3726624676e+03 1.3931214053e+03 1.3983718211e+03 1.3267233340e+00 1.3601045997e+00 1.3563566261e+00 1.3403861157e+00 1.3688037332e+00 1.3017485061e+00 1.8497843891e+00 2.1180378795e+00 9.3432924841e-01 1.1493056715e+00 1.2216596082e+00 0 0
968 1.2753205042e+03 1.3693395306e+03 1.3674458399e+03 1.3746839637e+03 1.4078189692e+03 1.3258650613e+00 1.3592876580e+00 1.3555661327e+00 1.3395339081e+00 1.3680428157e+00 1.4328102664e+00 1.9441724047e+00 2.2531084865e+00 9.4803865935e-01 1.1789897606e+00 1.2531182915e+00 0 0
969 1.3187061144e+03 1.3507350777e+03 1.3494930530e+03 1.3854879104e+03 1.3865595912e+03 1.3249581028e+00 1.3584942599e+00 1.3547775341e+00 1.3387008757e+00 1.3672844344e+00 1.5867341837e+00 1.9057156295e+00 2.1933242977e+00 1.0192963306e+00 1.1502126902e+00 1.2306081280e+00 0 0
970 1.3266281999e+03 1.3414898900e+03 1.3591529531e+03 1.3357363138e+03 1.4136011637e+03 1.3240123761e+00 1.3577826425e+00 1.3539992810e+00 1.3379288520e+00 1.3665314512e+00 1.3795693677e+00 2.2507019192e+00 2.4308861047e+00 9.6884191279e-01 1.1937056854e+00 1.2880156636e+00 0 0
971 1.3177219307e+03 1.3675543865e+03 1.3677338466e+03 1.3392037746e+03 1.3890929595e+03 1.3230420821e+00 1.3570119808e+00 1.3531814634e+00 1.3371800668e+00 1.3657280965e+00 1.3832271658e+00 2.6666072309e+00 2.1478537172e+00 9.7711797637e-01 1.2862611488e+00 1.2451382205e+00 0 0
972 1.3154663680e+03 1.3406936171e+03 1.3485424539e+03 1.3462717965e+03 1.3837481707e+03 1.3221160084e+00 1.3561900178e+00 1.3523443741e+00 1.3363573909e+00 1.3649455048e+00 1.4431003576e+00 1.8997606933e+00 1.9230047017e+00 9.7755531405e-01 1.1349126250e+00 1.1641250402e+00 0 0
973 1.2958427816e+03 1.3650513269e+03 1.3873666152e+03 1.3226664357e+03 1.3654072653e+03 1.3212390115e+00 1.3553916999e+00 1.3514809808e+00 1.3355564922e+00 1.3642069320e+00 1.8062823206e+00 1.8243727759e+00 2.2129154503e+00 1.0580045482e+00 1.0912488103e+00 1.2098503932e+00 0 0
974 1.3096182196e+03 1.3674427776e+03 1.3663222076e+03 1.3231292454e+03 1.3895877986e+03 1.3203945036e+00 1.3545990758e+00 1.3506289521e+00 1.3347734133e+00 1.3634479310e+00 2.2142157814e+00 1.9672315195e+00 2.2933425456e+00 1.1505868551e+00 1.1214100644e+00 1.2433227301e+00 0 0
975 1.3165898600e+03 1.3478800021e+03 1.3346746795e+03 1.3397789930e+03 1.3653863006e+03 1.3194984993e+00 1.3537750031e+00 1.3498320813e+00 1.3339486099e+00 1.3626713604e+00 1.9327724768e+00 1.7126419544e+00 2.0932811350e+00 1.1052662263e+00 1.0679717287e+00 1.1989367828e+00 0 0
976 1.2937656795e+03 1.3337353561e+03 1.3385271757e+03 1.2906857673e+03 1.3757236278e+03 1.3186578304e+00 1.3530229293e+00 1.3491093957e+00 1.3331303491e+00 1.3618895372e+00 2.2236492063e+00 1.6240639091e+00 2.1223695874e+00 1.1433475148e+00 1.0349236131e+00 1.2073872611e+00 0 0
977 1.3496332968e+03 1.3314303399e+03 1.3410216721e+03 1.2938200223e+03 1.3967955291e+03 1.3177517092e+00 1.3522682620e+00 1.3483056924e+00 1.3323894180e+00 1.3610885368e+00 2.2004240005e+00 1.9388267919e+00 2.0981965512e+00 1.1829604950e+00 1.0757667273e+00 1.2176200524e+00 0 0
978 1.3622005320e+03 1.3210088001e+03 1.3203664264e+03 1.2935804961e+03 1.3617958731e+03 1.3167277202e+00 1.3514863451e+00 1.3475050242e+00 1.3316860897e+00 1.3603230405e+00 1.5048097166e+00 2.2617283463e+00 2.0841369778e+00 1.0352830183e+00 1.1289642528e+00 1.1839014217e+00 0 0
979 1.3551285844e+03 1.3340557991e+03 1.3177227516e+03 1.3039115192e+03 1.3619247409e+03 1.3157234762e+00 1.3506782720e+00 1.3467316146e+00 1.3309582122e+00 1.3595579772e+00 1.4668292674e+00 2.3486280143e+00 2.3403034955e+00 1.0091224582e+00 1.1681330055e+00 1.2426843345e+00 0 0
980 1.3245037237e+03 1.3096967683e+03 1.3157788093e+03 1.3131987664e+03 1.3513733755e+03 1.3148198946e+00 1.3498530576e+00 1.3459288320e+00 1.3301804013e+00 1.3588058651e+00 2.0526189309e+00 1.8697835281e+00 2.1541049033e+00 1.1269565968e+00 1.0790390298e+00 1.1856914014e+00 0 0
981 1.3379651243e+03 1.3048463990e+03 1.3129238363e+03 1.2978183617e+03 1.3441395947e+03 1.3138753450e+00 1.3490646671e+00 1.3451078355e+00 1.3293929108e+00 1.3580271480e+00 2.1374121368e+00 1.8121185452e+00 1.9718342125e+00 1.1749021636e+00 1.0654969215e+00 1.1518728882e+00 0 0
982 1.3180293212e+03 1.3078694029e+03 1.2908670052e+03 1.3317580486e+03 1.3361331333e+03 1.3129236706e+00 1.3482744294e+00 1.3443358994e+00 1.3285806351e+00 1.3572963587e+00 1.7406910032e+00 1.7049445063e+00 2.0200790763e+00 1.0616371601e+00 1.0439387932e+00 1.1264769435e+00 0 0
983 1.3031388912e+03 1.2859296734e+03 1.2722853454e+03 1.3069829762e+03 1.3295078977e+03 1.3120570797e+00 1.3474639704e+00 1.3435869955e+00 1.3277971721e+00 1.3565793230e+00 2.0886090746e+00 1.7706906945e+00 2.2182199806e+00 1.1074281905e+00 1.0538956374e+00 1.1670492887e+00 0 0
984 1.3173502464e+03 1.2971874383e+03 1.2892191920e+03 1.3191662139e+03 1.3053216079e+03 1.3111466823e+00 1.3466770063e+00 1.3428381400e+00 1.3269843205e+00 1.3558526529e+00 2.1960630416e+00 1.7589217573e+00 2.1934078932e+00 1.1626915747e+00 1.0624036789e+00 1.1655057147e+00 0 0
985 1.3049299429e+03 1.2826044792e+03 1.2765402461e+03 1.3032949589e+03 1.3118271609e+03 1.3102295463e+00 1.3459287211e+00 1.3421286348e+00 1.3261989343e+00 1.3551554054e+00 1.9606659128e+00 1.7513365000e+00 2.1677094251e+00 1.1003987833e+00 1.0451208130e+00 1.1322544888e+00 0 0
986 1.3146104583e+03 1.2962042181e+03 1.2911555871e+03 1.3067222352e+03 1.3139125732e+03 1.3093104587e+00 1.3451649767e+00 1.3413928446e+00 1.3254375272e+00 1.3544408611e+00 2.0270579670e+00 2.1826540828e+00 2.3095190823e+00 1.1217482413e+00 1.1352891624e+00 1.1808293611e+00 0 0
987 1.3413105476e+03 1.3020572184e+03 1.3066489582e+03 1.3219325815e+03 1.3138560614e+03 1.3082992387e+00 1.3443766481e+00 1.3406045779e+00 1.3246447723e+00 1.3536749446e+00 1.6467899850e+00 2.2928133756e+00 1.8036423773e+00 1.0572829202e+00 1.1955239996e+00 1.0781431422e+00 0 0
988 1.3030987298e+03 1.2761329280e+03 1.2850124999e+03 1.3306754864e+03 1.3181307788e+03 1.3072761183e+00 1.3436107706e+00 1.3398141881e+00 1.3238121131e+00 1.3528977503e+00 1.3638146417e+00 1.9715719000e+00 1.5391885489e+00 9.6329476992e-01 1.1237205341e+00 1.0024244264e+00 0 0
989 1.2871631405e+03 1.2993303564e+03 1.3025466402e+03 1.3321378495e+03 1.3113487332e+03 1.3064170663e+00 1.3428867777e+00 1.3390566671e+00 1.3229460375e+00 1.3521410855e+00 2.0772689952e+00 1.7679434344e+00 1.6462882906e+00 1.0936741885e+00 1.0887339786e+00 1.0249654129e+00 0 0
990 1.2970989988e+03 1.2917240417e+03 1.2842896383e+03 1.3332168803e+03 1.3117677005e+03 1.3054904161e+00 1.3420996842e+00 1.3382867695e+00 1.3220731575e+00 1.3513880011e+00 2.0672948351e+00 1.6915075406e+00 1.7961342111e+00 1.1295074265e+00 1.0659895614e+00 1.0649531335e+00 0 0
991 1.2925711236e+03 1.3158185190e+03 1.2945833307e+03 1.3284169150e+03 1.3162235752e+03 1.3044935520e+00 1.3412819162e+00 1.3375328412e+00 1.3212263776e+00 1.3506527131e+00 1.4244494880e+00 1.9303925857e+00 1.9163163379e+00 9.7036156548e-01 1.1208047122e+00 1.0786365643e+00 0 0
992 1.2457155197e+03 1.3106568964e+03 1.2986122400e+03 1.3454280917e+03 1.3048372504e+03 1.3035922984e+00 1.3404401394e+00 1.3367890242e+00 1.3203515559e+00 1.3499345605e+00 1.5022289405e+00 1.8438835144e+00 2.0911658406e+00 9.5208213696e-01 1.1112726927e+00 1.1246439293e+00 0 0
993 1.2462107264e+03 1.3053918952e+03 1.3035166378e+03 1.3232490317e+03 1.3146720123e+03 1.3027211969e+00 1.3396136456e+00 1.3360082737e+00 1.3195180173e+00 1.3492113496e+00 1.8687826701e+00 2.0507163405e+00 2.0897614062e+00 1.0356736238e+00 1.1419344842e+00 1.1197000667e+00 0 0
994 1.2288489172e+03 1.3139041537e+03 1.3215977546e+03 1.3634102464e+03 1.3072226283e+03 1.3018473579e+00 1.3387955391e+00 1.3351677419e+00 1.3186353814e+00 1.3484731153e+00 1.6678582892e+00 2.0566303134e+00 2.1229901165e+00 9.7939180877e-01 1.1723465621e+00 1.1378031448e+00 0 0
995 1.2451585416e+03 1.3140465650e+03 1.2949029886e+03 1.3478444829e+03 1.3438895974e+03 1.3009881794e+00 1.3379489949e+00 1.3343658232e+00 1.3177107328e+00 1.3476811842e+00 1.7009591020e+00 1.7318093479e+00 1.8194084540e+00 9.8282653790e-01 1.0993366763e+00 1.0936361775e+00 0 0
996 1.2330829497e+03 1.3079831803e+03 1.3021438573e+03 1.3677087592e+03 1.3320289974e+03 1.3001002686e+00 1.3371015451e+00 1.3335788697e+00 1.3168308948e+00 1.3468605071e+00 1.5339073689e+00 1.9701874554e+00 1.6116674095e+00 9.4603362301e-01 1.1398126632e+00 1.0434421524e+00 0 0
997 1.2302896149e+03 1.3079074891e+03 1.3350357205e+03 1.3401965341e+03 1.3144318164e+03 1.2991856430e+00 1.3363318641e+00 1.3327301373e+00 1.3159288372e+00 1.3460834220e+00 1.3273268710e+00 2.0032678097e+00 2.0250436217e+00 8.8764920456e-01 1.1602310017e+00 1.1291106045e+00 0 0
998 1.1747572174e+03 1.3242722058e+03 1.3151697134e+03 1.3466692244e+03 1.3519083734e+03 1.2983577530e+00 1.3354957315e+00 1.3318432401e+00 1.3150450466e+00 1.3452808516e+00 1.4401283232e+00 2.0311904848e+00 2.0421592891e+00 8.8354273806e-01 1.1544725597e+00 1.1534745172e+00 0 0
999 1.2103139025e+03 1.3273199972e+03 1.3007392610e+03 1.3205179855e+03 1.3328072816e+03 1.2975969957e+00 1.3346296425e+00 1.3310646087e+00 1.3142020004e+00 1.3444352638e+00 2.1700480299e+00 2.0627062619e+00 1.6880552396e+00 1.0287770913e+00 1.1316521317e+00 1.0737755597e+00 0 0
1000 1.2130606574e+03 1.3251373514e+03 1.3572144267e+03 1.3368656440e+03 1.3313044355e+03 1.2967394905e+00 1.3338660836e+00 1.3302267807e+00 1.3133232215e+00 1.3436170530e+00 1.6977631253e+00 2.0787862241e+00 1.7970722392e+00 9.7138042754e-01 1.1604891866e+00 1.0914230421e+00 0 0
1001 1.1956464074e+03 1.3553006124e+03 1.3369002861e+03 1.3324783300e+03 1.3387326096e+03 1.2959018738e+00 1.3329859944e+00 1.3293154754e+00 1.3124439257e+00 1.3428407966e+00 1.4660701074e+00 1.8601261452e+00 2.2654865682e+00 8.8457009171e-01 1.0954861790e+00 1.1907272339e+00 0 0
1002 1.1772104139e+03 1.3380048113e+03 1.3299061057e+03 1.3294589125e+03 1.3504357630e+03 1.2951263784e+00 1.3320600794e+00 1.3284697473e+00 1.3115876101e+00 1.3419857437e+00 1.7240208442e+00 2.1367577165e+00 1.9079470783e+00 9.2495529395e-01 1.1627762243e+00 1.1451168731e+00 0 0
1003 1.2027294426e+03 1.3388449313e+03 1.3524978281e+03 1.3466044334e+03 1.3651330521e+03 1.2943293786e+00 1.3311978280e+00 1.3275871872e+00 1.3106861385e+00 1.3411179516e+00 1.8534241271e+00 1.9574213251e+00 1.7350169048e+00 9.7152954111e-01 1.1373355761e+00 1.0956651419e+00 0 0
1004 1.2168845242e+03 1.3292044613e+03 1.3318913713e+03 1.3456424116e+03 1.3539976920e+03 1.2934715594e+00 1.3302975102e+00 1.3266685057e+00 1.3097143043e+00 1.3403065836e+00 1.4306205952e+00 1.5101885200e+00 2.0077358782e+00 8.8229656179e-01 1.0371364579e+00 1.1412976608e+00 0 0
1005 1.2022657542e+03 1.3017417179e+03 1.3025654494e+03 1.3454745445e+03 1.3487560009e+03 1.2926352061e+00 1.3294663931e+00 1.3258421193e+00 1.3087330649e+00 1.3395349344e+00 1.5115976025e+00 1.3769716024e+00 2.5981686860e+00 8.9340481903e-01 9.9251453578e-01 1.2580959424e+00 0 0
1006 1.2097488644e+03 1.3172124923e+03 1.3257590750e+03 1.3184761090e+03 1.3610526257e+03 1.2918221955e+00 1.3286594014e+00 1.3250080872e+00 1.3078234653e+00 1.3387077451e+00 1.7928417305e+00 1.5071903840e+00 2.4339053780e+00 9.5890268442e-01 1.0014291704e+00 1.2549035847e+00 0 0
1007 1.1876046961e+03 1.3019266972e+03 1.3011399809e+03 1.2763799395e+03 1.3531206524e+03 1.2909772797e+00 1.3277985656e+00 1.3241368313e+00 1.3070564788e+00 1.3378683975e+00 1.5523047204e+00 2.2316605747e+00 2.1048437953e+00 9.0638607140e-01 1.1169813350e+00 1.1815082654e+00 0 0
1008 1.1931122150e+03 1.3347397218e+03 1.3261889006e+03 1.2914849012e+03 1.3573677652e+03 1.2901815271e+00 1.3269173932e+00 1.3232748867e+00 1.3062241613e+00 1.3369928953e+00 1.7567499752e+00 2.1865813285e+00 1.8671920598e+00 9.3459452069e-01 1.1486409828e+00 1.1262880713e+00 0 0
1009 1.1964901577e+03 1.3065048316e+03 1.3079084926e+03 1.2521417651e+03 1.3384256610e+03 1.2893604655e+00 1.3260230621e+00 1.3224058320e+00 1.3054183046e+00 1.3361369901e+00 1.7021528230e+00 1.7727272660e+00 1.7818694562e+00 9.3578312148e-01 1.0203660131e+00 1.0885616392e+00 0 0
1010 1.1826307679e+03 1.3424006015e+03 1.3417443870e+03 1.2543402648e+03 1.3470784127e+03 1.2885833187e+00 1.3251218060e+00 1.3215026466e+00 1.3046737935e+00 1.3352804094e+00 1.9325231664e+00 2.2889337391e+00 1.7842477784e+00 9.6712994968e-01 1.1144009903e+00 1.0898342058e+00 0 0
1011 1.2273245497e+03 1.3014910680e+03 1.2986214806e+03 1.2471239914e+03 1.3271918663e+03 1.2877416661e+00 1.3241936369e+00 1.3206050249e+00 1.3038919902e+00 1.3344072438e+00 1.9147769277e+00 2.0926158279e+00 1.8249085918e+00 1.0002092640e+00 1.0871069655e+00 1.1082554758e+00 0 0
1012 1.2072827706e+03 1.2851962885e+03 1.3081743959e+03 1.2511828404e+03 1.3280803816e+03 1.2868089789e+00 1.3233643958e+00 1.3197295947e+00 1.3030760913e+00 1.3336199649e+00 1.3307788769e+00 1.6762228087e+00 2.1314635575e+00 8.7571573528e-01 9.9421834201e-01 1.1438286006e+00 0 0
1013 1.2003804016e+03 1.3001999846e+03 1.3049740898e+03 1.2480715124e+03 1.3283226265e+03 1.2859590487e+00 1.3225061475e+00 1.3188219784e+00 1.3022351710e+00 1.3328054955e+00 1.5151542213e+00 1.4732084945e+00 2.2890169621e+00 8.9200725406e-01 9.4294523075e-01 1.2013988346e+00 0 0
1014 1.1871360990e+03 1.2558345831e+03 1.2535487127e+03 1.2212137405e+03 1.3350156366e+03 1.2851201560e+00 1.3216435597e+00 1.3179763487e+00 1.3014610702e+00 1.3319881749e+00 1.8583311798e+00 1.6349717304e+00 2.0413350612e+00 9.7964530771e-01 9.5263269916e-01 1.1324671358e+00 0 0
1015 1.1994617868e+03 1.2407823641e+03 1.2543112154e+03 1.2369014714e+03 1.3200059659e+03 1.2842672535e+00 1.3208721881e+00 1.3172006962e+00 1.3006568178e+00 1.3311974640e+00 1.6883701101e+00 1.6413496360e+00 2.1889962107e+00 9.4334785244e-01 9.6996672079e-01 1.1589119285e+00 0 0
1016 1.1809054632e+03 1.2512858386e+03 1.2629401708e+03 1.2304520511e+03 1.3294740501e+03 1.2834196249e+00 1.3201020959e+00 1.3163726459e+00 1.2998457917e+00 1.3303304493e+00 1.6409461607e+00 1.4630983621e+00 1.8572275043e+00 9.2484166814e-01 9.1967109963e-01 1.1114622578e+00 0 0
1017 1.1954241197e+03 1.2280007125e+03 1.2264358931e+03 1.2165126387e+03 1.2845091475e+03 1.2825809406e+00 1.3193084048e+00 1.3155661726e+00 1.2990701821e+00 1.3295173066e+00 1.7288370671e+00 1.6208132207e+00 1.6663030088e+00 9.4192849557e-01 9.4154768437e-01 1.0188223645e+00 0 0
1018 1.1941343706e+03 1.2238703976e+03 1.2272747757e+03 1.2247280310e+03 1.2803804122e+03 1.2816880843e+00 1.3185441356e+00 1.3148230352e+00 1.2982963667e+00 1.3287357315e+00 1.5026762339e+00 1.7112112120e+00 1.9333098456e+00 9.0351299920e-01 9.6378675848e-01 1.0819452927e+00 0 0
1019 1.2049215564e+03 1.2224332293e+03 1.2182417145e+03 1.1998459276e+03 1.2712083818e+03 1.2807674705e+00 1.3177679596e+00 1.3140573478e+00 1.2975316651e+00 1.3279439981e+00 1.2204329272e+00 1.5392265543e+00 1.7129857466e+00 8.2493983206e-01 9.1063428670e-01 1.0192479938e+00 0 0
1020 1.1613709418e+03 1.2311169725e+03 1.2117647255e+03 1.2228332879e+03 1.2674650883e+03 1.2799043679e+00 1.3169608549e+00 1.3133260774e+00 1.2967815211e+00 1.3271661309e+00 1.3790178301e+00 1.7529946640e+00 1.7707238644e+00 8.4872456402e-01 9.5916331559e-01 1.0253775045e+00 0 0
1021 1.1885468405e+03 1.2065159551e+03 1.2097346300e+03 1.2222347360e+03 1.2444472669e+03 1.2790370731e+00 1.3161647369e+00 1.3126081444e+00 1.2960261403e+00 1.3264170828e+00 1.4709722006e+00 1.7514903173e+00 1.8056211770e+00 8.7984284158e-01 9.6032241359e-01 1.0189881474e+00 0 0
1022 1.1687593515e+03 1.2079567459e+03 1.2106402748e+03 1.2141156246e+03 1.2592146362e+03 1.2781459585e+00 1.3153845313e+00 1.3118183322e+00 1.2952824900e+00 1.3256403912e+00 1.3841051652e+00 1.9149391875e+00 1.6829425618e+00 8.5650785858e-01 9.9744910002e-01 9.9552122131e-01 0 0
1023 1.1800414786e+03 1.1996408317e+03 1.2160266239e+03 1.2284478011e+03 1.2479804686e+03 1.2772754260e+00 1.3146318590e+00 1.3110179891e+00 1.2944855750e+00 1.3248558918e+00 1.4044807730e+00 1.7127613202e+00 1.4868095517e+00 8.5625985028e-01 9.7295098007e-01 9.4158324599e-01 0 0
1024 1.1709851915e+03 1.2114866900e+03 1.2070318968e+03 1.2448030969e+03 1.2239181958e+03 1.2763998113e+00 1.3138583076e+00 1.3102239496e+00 1.2936221688e+00 1.3241346666e+00 1.3810032793e+00 1.3132820725e+00 1.7275058478e+00 8.4883420484e-01 8.8573906198e-01 9.6869938821e-01 0 0
1025 1.1850703812e+03 1.1938408604e+03 1.2018382795e+03 1.2125006186e+03 1.2226685978e+03 1.2755023935e+00 1.3130953740e+00 1.3094580629e+00 1.2928143779e+00 1.3234543883e+00 1.2679121714e+00 1.3272947595e+00 2.1687383056e+00 8.2303747535e-01 8.6210016906e-01 1.0535755530e+00 0 0
1026 1.1844252203e+03 1.1978625234e+03 1.2022683249e+03 1.2199194646e+03 1.2294455051e+03 1.2745667456e+00 1.3123626748e+00 1.3087060652e+00 1.2920052861e+00 1.3227071703e+00 1.0565727681e+00 1.5483033136e+00 1.7838131785e+00 7.6588974096e-01 9.2551070824e-01 9.9924217165e-01 0 0
1027 1.1657121842e+03 1.2122298668e+03 1.2049016039e+03 1.2233367280e+03 1.2289476189e+03 1.2736836196e+00 1.3115983253e+00 1.3079497353e+00 1.2911764163e+00 1.3219685609e+00 1.1338555823e+00 1.5163323134e+00 1.6725817248e+00 7.6879352826e-01 9.3327871710e-01 9.6194633842e-01 0 0
1028 1.1612033694e+03 1.2113553360e+03 1.2322669658e+03 1.2300172763e+03 1.2101526763e+03 1.2728337034e+00 1.3108772590e+00 1.3071871561e+00 1.2903378669e+00 1.3212470922e+00 1.4286389657e+00 1.4399460405e+00 1.6540420130e+00 8.4335649860e-01 9.0773949400e-01 9.4135119393e-01 0 0
1029 1.1646589001e+03 1.2033007209e+03 1.2100979816e+03 1.2136581067e+03 1.2103359038e+03 1.2719830942e+00 1.3101187746e+00 1.3063663351e+00 1.2895487692e+00 1.3205915974e+00 1.4330334975e+00 1.6592004895e+00 2.0995180011e+00 8.4462821379e-01 9.4756473973e-01 1.0066250786e+00 0 0
1030 1.1678594571e+03 1.2042833450e+03 1.1845687506e+03 1.2185443160e+03 1.2390176552e+03 1.2710925420e+00 1.3093444312e+00 1.3056290894e+00 1.2887680631e+00 1.3198663098e+00 1.2551279657e+00 1.8711369261e+00 1.9638418406e+00 8.0480086422e-01 9.9983873218e-01 1.0284367427e+00 0 0
1031 1.1667766409e+03 1.1941783263e+03 1.1970896479e+03 1.1983027581e+03 1.2582003020e+03 1.2701854520e+00 1.3085740189e+00 1.3049177195e+00 1.2879943104e+00 1.3190505670e+00 1.1711082100e+00 1.8592115492e+00 1.3359939158e+00 7.8513862886e-01 9.8646216840e-01 8.9751268923e-01 0 0
1032 1.1655069879e+03 1.1978786458e+03 1.2128179480e+03 1.2065895118e+03 1.2350152833e+03 1.2693039865e+00 1.3078248506e+00 1.3041204629e+00 1.2872142760e+00 1.3182697748e+00 1.2455084710e+00 1.9198330417e+00 1.3717027605e+00 7.9652125533e-01 1.0117350146e+00 8.8638185710e-01 0 0
1033 1.1862433378e+03 1.2079725266e+03 1.2183284143e+03 1.2098880113e+03 1.2152511057e+03 1.2683884421e+00 1.3070622084e+00 1.3033029574e+00 1.2863947321e+00 1.3175488753e+00 1.2619366704e+00 1.5508407801e+00 1.7314102650e+00 8.1368406392e-01 9.2975838110e-01 9.5678796992e-01 0 0
1034 1.1676756549e+03 1.1916057444e+03 1.1973136598e+03 1.2003055861e+03 1.2214710394e+03 1.2674279888e+00 1.3063070221e+00 1.3025052289e+00 1.2855621930e+00 1.3168225310e+00 1.0781288915e+00 1.4130485803e+00 1.8513849303e+00 7.6558388628e-01 8.9361325279e-01 9.9253882468e-01 0 0
1035 1.1562329761e+03 1.2075823988e+03 1.2024984927e+03 1.1863481782e+03 1.2094970029e+03 1.2665382295e+00 1.3055378756e+00 1.3017477222e+00 1.2848079940e+00 1.3161183093e+00 1.1787571810e+00 1.6717895642e+00 1.8748710677e+00 7.7077937868e-01 9.2023015767e-01 9.7808480263e-01 0 0
1036 1.1630153788e+03 1.2366624438e+03 1.2371366133e+03 1.1972448580e+03 1.2342538232e+03 1.2656438276e+00 1.3046600510e+00 1.3008839552e+00 1.2840321261e+00 1.3153670954e+00 1.2424373766e+00 1.8021254018e+00 1.8413420990e+00 7.9128301369e-01 9.7007061169e-01 1.0069033578e+00 0 0
1037 1.1217323867e+03 1.2118105256e+03 1.2145329864e+03 1.2017984440e+03 1.2467114742e+03 1.2648176958e+00 1.3038067261e+00 1.3000295855e+00 1.2832042693e+00 1.3145580060e+00 1.3784010421e+00 1.4485253319e+00 1.4351250231e+00 8.0135557304e-01 8.9340493828e-01 9.1792519391e-01 0 0
1038 1.1415018122e+03 1.1949907426e+03 1.1981964050e+03 1.1831567943e+03 1.2293855172e+03 1.2639686367e+00 1.3030353993e+00 1.2992484407e+00 1.2824221978e+00 1.3137578804e+00 1.4840394052e+00 1.5087240636e+00 1.4976222590e+00 8.3968964423e-01 8.9001373947e-01 9.3258623406e-01 0 0
1039 1.1348868703e+03 1.1891752394e+03 1.1846812863e+03 1.1962760969e+03 1.2171500524e+03 1.2630542060e+00 1.3022524008e+00 1.2984685269e+00 1.2816453586e+00 1.3129941434e+00 1.1008429353e+00 1.7539040521e+00 1.5898654982e+00 7.4792520153e-01 9.5275874808e-01 9.3806556612e-01 0 0
1040 1.1178333352e+03 1.1917548510e+03 1.1775970236e+03 1.2014313339e+03 1.2201761143e+03 1.2621906775e+00 1.3014507618e+00 1.2977185941e+00 1.2808152523e+00 1.3122430577e+00 1.1285477453e+00 1.3718925416e+00 1.8135708496e+00 7.3658091822e-01 8.6889908835e-01 9.9170777947e-01 0 0
1041 1.1117201696e+03 1.1859038220e+03 1.1860033727e+03 1.1515718605e+03 1.2446180137e+03 1.2613649841e+00 1.3006569786e+00 1.2969734978e+00 1.2800974936e+00 1.3114740816e+00 1.3889123048e+00 1.6267363057e+00 1.7774909958e+00 7.9360765139e-01 8.8379802182e-01 9.9328479543e-01 0 0
1042 1.1354855867e+03 1.1817200916e+03 1.1867869965e+03 1.1905574325e+03 1.2128592251e+03 1.2604917312e+00 1.2998745488e+00 1.2961869033e+00 1.2793886279e+00 1.3106969258e+00 1.2399826879e+00 2.2047591209e+00 1.5342119560e+00 7.7175860531e-01 1.0116995797e+00 9.2787462845e-01 0 0
1043 1.1149523218e+03 1.1713726457e+03 1.1761804177e+03 1.1681919791e+03 1.2080080712e+03 1.2596104928e+00 1.2991304170e+00 1.2954191489e+00 1.2786065637e+00 1.3099453781e+00 1.0768584598e+00 1.5451567024e+00 1.7051755711e+00 7.2346145100e-01 8.9174458757e-01 9.5691769943e-01 0 0
1044 1.0805200445e+03 1.1828026040e+03 1.1814492689e+03 1.1877702850e+03 1.2060249790e+03 1.2588057925e+00 1.2983335744e+00 1.2946213980e+00 1.2778428304e+00 1.3092032037e+00 1.3334383399e+00 1.5343711153e+00 1.6589675099e+00 7.6409610293e-01 8.8011855632e-01 9.4257778674e-01 0 0
1045 1.0913533755e+03 1.1693954635e+03 1.1667853273e+03 1.1757610301e+03 1.2043382000e+03 1.2579778663e+00 1.2975478282e+00 1.2938591273e+00 1.2770494325e+00 1.3084785583e+00 1.3701500817e+00 1.4575880691e+00 1.7753501534e+00 7.8676915656e-01 8.7005547434e-01 9.5909859613e-01 0 0
1046 1.0668288022e+03 1.1628610192e+03 1.1647333386e+03 1.1766780571e+03 1.1983024451e+03 1.2571655785e+00 1.2967861560e+00 1.2931130080e+00 1.2762968898e+00 1.3077450926e+00 1.1820778021e+00 1.5824969709e+00 1.7732778713e+00 7.2164003703e-01 8.8262201473e-01 9.5904935524e-01 0 0
1047 1.0844766488e+03 1.1758847733e+03 1.1833518074e+03 1.1526957534e+03 1.2036703245e+03 1.2564141960e+00 1.2960306422e+00 1.2923382775e+00 1.2755647222e+00 1.3070182992e+00 1.5111624549e+00 1.8036921769e+00 1.7579284683e+00 7.8394756363e-01 9.2070123553e-01 9.5237585157e-01 0 0
1048 1.1024665078e+03 1.1664387039e+03 1.1533722296e+03 1.1904849852e+03 1.2038202731e+03 1.2555633618e+00 1.2952528763e+00 1.2915880622e+00 1.2748117227e+00 1.3062362912e+00 1.1944735999e+00 1.7109793648e+00 1.5696545839e+00 7.3814891937e-01 9.1496951133e-01 9.2966309935e-01 0 0
1049 1.0744014957e+03 1.1741450613e+03 1.1595035037e+03 1.1767149187e+03 1.1980177378e+03 1.2546834287e+00 1.2944688029e+00 1.2909047572e+00 1.2740090838e+00 1.3054765317e+00 9.7638797176e-01 1.4659496173e+00 1.4885975868e+00 6.7585760918e-01 8.6823944002e-01 8.9278718084e-01 0 0
1050 1.0648513327e+03 1.1708992271e+03 1.1664608866e+03 1.1787555938e+03 1.1759698125e+03 1.2538806529e+00 1.2936556153e+00 1.2901569092e+00 1.2732335107e+00 1.3047537489e+00 1.1551402432e+00 1.5350860730e+00 1.6556474194e+00 7.0444763724e-01 8.7689336017e-01 9.1942980513e-01 0 0
1051 1.0686088854e+03 1.1543089924e+03 1.1661018395e+03 1.1843179472e+03 1.2020773686e+03 1.2531030645e+00 1.2928807545e+00 1.2893715669e+00 1.2724430674e+00 1.3040195255e+00 1.3916058237e+00 1.5749455467e+00 1.6663737223e+00 7.5707381818e-01 8.8840102404e-01 9.2656205595e-01 0 0
1052 1.0738468340e+03 1.1677403928e+03 1.1637262350e+03 1.1650900180e+03 1.1674094183e+03 1.2522605805e+00 1.2921098252e+00 1.2885910360e+00 1.2716617205e+00 1.3033127153e+00 1.2045358267e+00 1.4832056537e+00 1.6141843274e+00 7.3154028700e-01 8.6056769639e-01 8.9259115234e-01 0 0
1053 1.0842759335e+03 1.1497157257e+03 1.1441875939e+03 1.1595643579e+03 1.1914862567e+03 1.2514043833e+00 1.2913137275e+00 1.2878375367e+00 1.2708840162e+00 1.3026320026e+00 9.7515826719e-01 1.5485294983e+00 2.0110486597e+00 6.6245562237e-01 8.6882317811e-01 9.7637769952e-01 0 0
1054 1.0559554504e+03 1.1570691963e+03 1.1650204934e+03 1.1632318127e+03 1.1755174393e+03 1.2506100862e+00 1.2905658420e+00 1.2870739832e+00 1.2701119351e+00 1.3019120676e+00 1.1354705430e+00 1.5485065058e+00 1.6641392112e+00 6.8681847902e-01 8.6683091894e-01 9.1239197552e-01 0 0
1055 1.0878835696e+03 1.1702270079e+03 1.1595587523e+03 1.1643527172e+03 1.1833354343e+03 1.2498459482e+00 1.2898004288e+00 1.2863078360e+00 1.2692950547e+00 1.3011902327e+00 1.5714345783e+00 1.3050731793e+00 1.6979148537e+00 7.9004303631e-01 8.1962054595e-01 9.2425125837e-01 0 0
1056 1.0593936942e+03 1.1717840031e+03 1.1678064908e+03 1.1501825942e+03 1.1861144548e+03 1.2490458969e+00 1.2890198662e+00 1.2855857234e+00 1.2684543721e+00 1.3004279334e+00 1.4098276674e+00 1.1601332426e+00 1.4958558381e+00 7.6463472083e-01 7.7938619256e-01 8.8628139347e-01 0 0
1057 1.0728614135e+03 1.1386790593e+03 1.1633978253e+03 1.1447724665e+03 1.1669810410e+03 1.2482593977e+00 1.2882731519e+00 1.2848023801e+00 1.2676412361e+00 1.2996693304e+00 1.5014030056e+00 1.1275592372e+00 1.3845735565e+00 7.8288354354e-01 7.5660902262e-01 8.4971631318e-01 0 0
1058 1.0460699582e+03 1.1734933958e+03 1.1759089569e+03 1.1433230077e+03 1.1784675430e+03 1.2474102658e+00 1.2875231953e+00 1.2839863327e+00 1.2668391726e+00 1.2989517401e+00 1.1192007149e+00 1.2141189724e+00 1.6029377580e+00 6.9925202283e-01 7.7729650587e-01 8.8684553280e-01 0 0
1059 1.0472345777e+03 1.1368726842e+03 1.1491562666e+03 1.1268521420e+03 1.2063306968e+03 1.2466013501e+00 1.2867695542e+00 1.2832045219e+00 1.2660293706e+00 1.2981867623e+00 1.0316374450e+00 1.2035006583e+00 1.5372596830e+00 6.5481464942e-01 7.7409505472e-01 8.9234338328e-01 0 0
1060 1.0131706429e+03 1.1609475656e+03 1.1574739198e+03 1.1028502845e+03 1.1874677890e+03 1.2458663550e+00 1.2859992019e+00 1.2824225327e+00 1.2652955909e+00 1.2974139197e+00 1.2894242636e+00 1.3808883876e+00 1.4480148554e+00 6.9732875359e-01 7.8917680308e-01 8.7138222530e-01 0 0
1061 1.0435320445e+03 1.1277684824e+03 1.1328218638e+03 1.1203220519e+03 1.1798357937e+03 1.2450978763e+00 1.2852298976e+00 1.2816692517e+00 1.2645988317e+00 1.2966443320e+00 1.3404855523e+00 1.8376982436e+00 1.4356758818e+00 7.2417921285e-01 8.8418931141e-01 8.6536617205e-01 0 0
1062 1.0277328100e+03 1.1218520959e+03 1.1317049638e+03 1.1233168520e+03 1.1894454590e+03 1.2443202553e+00 1.2845095086e+00 1.2809256545e+00 1.2638135076e+00 1.2958604733e+00 1.1656131878e+00 1.3547687009e+00 1.3248769417e+00 6.7624502479e-01 8.1122874841e-01 8.3521530032e-01 0 0
1063 1.0128747759e+03 1.1140665375e+03 1.1225136970e+03 1.0876859611e+03 1.1689562652e+03 1.2435894880e+00 1.2837925753e+00 1.2801654691e+00 1.2630371294e+00 1.2951109753e+00 1.3294278969e+00 1.1512562856e+00 1.4110159948e+00 6.9847333094e-01 7.3799323291e-01 8.3827405050e-01 0 0
1064 1.0213142940e+03 1.1219095886e+03 1.1262321586e+03 1.0864402883e+03 1.1696090159e+03 1.2428579879e+00 1.2830469787e+00 1.2793975293e+00 1.2623163400e+00 1.2943732519e+00 1.5231597100e+00 1.3458201811e+00 1.5483833551e+00 7.4810776437e-01 7.6611577347e-01 8.7164745480e-01 0 0
1065 1.0332846630e+03 1.1199807476e+03 1.1255856809e+03 1.1119172631e+03 1.1626323581e+03 1.2420608094e+00 1.2822746063e+00 1.2786116292e+00 1.2615938166e+00 1.2936207568e+00 1.1674571101e+00 1.4190390483e+00 1.4026121050e+00 6.8122161264e-01 7.8986074030e-01 8.3619609475e-01 0 0
1066 1.0010552591e+03 1.1076454193e+03 1.1010941717e+03 1.1060572996e+03 1.1357165139e+03 1.2413365980e+00 1.2815285220e+00 1.2778744311e+00 1.2608059430e+00 1.2928921658e+00 1.2953966614e+00 1.1387914121e+00 1.4144915268e+00 6.8042463454e-01 7.3543197289e-01 8.2778958976e-01 0 0
1067 1.0198062743e+03 1.1205660958e+03 1.1054833784e+03 1.0775467507e+03 1.1429972660e+03 1.2405587614e+00 1.2807374969e+00 1.2771503569e+00 1.2600785107e+00 1.2921968092e+00 1.3144119560e+00 1.2318974361e+00 1.6117580980e+00 7.1332451424e-01 7.3225240037e-01 8.6029291898e-01 0 0
1068 1.0220737610e+03 1.0999417598e+03 1.0888504259e+03 1.0963744798e+03 1.1218651880e+03 1.2397108528e+00 1.2799413377e+00 1.2764266924e+00 1.2593525805e+00 1.2915088691e+00 8.4950537348e-01 1.4632285237e+00 1.6361188367e+00 5.9655188463e-01 7.9851730913e-01 8.6099903658e-01 0 0
1069 1.0131886193e+03 1.0857260244e+03 1.1034308429e+03 1.0817035176e+03 1.1425757087e+03 1.2389180478e+00 1.2791871102e+00 1.2756748383e+00 1.2585883479e+00 1.2908055584e+00 8.9388762272e-01 1.2150617167e+00 1.6475988179e+00 5.9120001230e-01 7.4261693284e-01 8.7058886513e-01 0 0
1070 1.0139521072e+03 1.0708008685e+03 1.0832428167e+03 1.0777597135e+03 1.1330909054e+03 1.2381226189e+00 1.2784579547e+00 1.2748913728e+00 1.2578492674e+00 1.2900541774e+00 1.0237553454e+00 1.2152876183e+00 1.3831862584e+00 6.3003851840e-01 7.3129651695e-01 8.2440280914e-01 0 0
1071 1.0130408072e+03 1.0675990586e+03 1.0805201294e+03 1.0733006336e+03 1.1249747775e+03 1.2372967742e+00 1.2777480367e+00 1.2741339183e+00 1.2571273069e+00 1.2893203287e+00 9.5636160894e-01 1.2936264947e+00 1.2564271018e+00 6.2002249645e-01 7.4281822145e-01 7.7486137301e-01 0 0
1072 9.9490008076e+02 1.0836685956e+03 1.0988037814e+03 1.0841839097e+03 1.1066476404e+03 1.2365241195e+00 1.2770425569e+00 1.2733688990e+00 1.2564402609e+00 1.2886091160e+00 9.5312311921e-01 1.5485938191e+00 1.4145938158e+00 5.9894715095e-01 7.9143620282e-01 8.0813390017e-01 0 0
1073 9.9817620828e+02 1.0842018954e+03 1.0880060317e+03 1.0949720316e+03 1.0887635189e+03 1.2358504630e+00 1.2763261078e+00 1.2726113904e+00 1.2557109305e+00 1.2879470988e+00 1.5641485749e+00 1.4971266314e+00 1.5381393433e+00 7.1266325671e-01 8.0080003664e-01 8.1530411541e-01 0 0
1074 1.0368512931e+03 1.0671003350e+03 1.0554162094e+03 1.0696913106e+03 1.0948247577e+03 1.2350219646e+00 1.2756030592e+00 1.2719268644e+00 1.2550103061e+00 1.2872830067e+00 1.1474782420e+00 1.5696516261e+00 1.6765318289e+00 6.7647756416e-01 8.0144727975e-01 8.4898335859e-01 0 0
1075 1.0048226273e+03 1.0803375630e+03 1.0777263103e+03 1.0816665383e+03 1.0924701369e+03 1.2342024922e+00 1.2748717510e+00 1.2712664551e+00 1.2542589662e+00 1.2865896755e+00 9.0290046066e-01 1.4865731075e+00 1.3592250496e+00 5.9525636237e-01 8.0709317327e-01 7.7779095247e-01 0 0
1076 1.0061641391e+03 1.0633647657e+03 1.0672099137e+03 1.0434935314e+03 1.0908332824e+03 1.2334726241e+00 1.2741317049e+00 1.2705348517e+00 1.2535225042e+00 1.2859521985e+00 1.2060754987e+00 1.1323195845e+00 1.6099261492e+00 6.4950758751e-01 6.9780486450e-01 8.1124900654e-01 0 0
1077 9.9773023978e+02 1.0727032441e+03 1.0718930101e+03 1.0559305138e+03 1.1137931810e+03 1.2326885152e+00 1.2734149487e+00 1.2698239170e+00 1.2528188231e+00 1.2852595839e+00 1.3129159797e+00 1.2976675779e+00 1.6045268402e+00 6.9990693362e-01 7.2702312842e-01 8.4067267552e-01 0 0
1078 1.0263160480e+03 1.0724344386e+03 1.0760372902e+03 1.0641362695e+03 1.0978781809e+03 1.2318579240e+00 1.2726891384e+00 1.2690968268e+00 1.2520603297e+00 1.2845161339e+00 1.1035865970e+00 1.0607817993e+00 1.1850779802e+00 6.5864646138e-01 6.8423835188e-01 7.4807023257e-01 0 0
1079 1.0325448822e+03 1.0951949598e+03 1.1018649532e+03 1.0399383395e+03 1.1033007296e+03 1.2310065981e+00 1.2719181005e+00 1.2683173490e+00 1.2513129078e+00 1.2837769917e+00 1.0289033278e+00 9.9025098234e-01 1.1294392869e+00 6.4546052692e-01 6.5170253441e-01 7.2726221010e-01 0 0
1080 1.0421588899e+03 1.0803036610e+03 1.0789462452e+03 1.0285329358e+03 1.0796830553e+03 1.2301431569e+00 1.2711431540e+00 1.2675398592e+00 1.2506416467e+00 1.2830751096e+00 1.0722784252e+00 1.3541051000e+00 1.2137246504e+00 6.6169223974e-01 7.2023670375e-01 7.3448495939e-01 0 0
1081 1.0247247035e+03 1.0750938912e+03 1.0677934023e+03 1.0544826931e+03 1.0953885156e+03 1.2292294179e+00 1.2703746106e+00 1.2668121207e+00 1.2499474118e+00 1.2823955088e+00 1.0027883379e+00 1.4079570621e+00 1.4179938957e+00 6.5406115946e-01 7.4705125391e-01 7.7574757487e-01 0 0
1082 1.0060628170e+03 1.0451028658e+03 1.0383071559e+03 1.0352761709e+03 1.0932252741e+03 1.2283893652e+00 1.2696229276e+00 1.2661086987e+00 1.2492067240e+00 1.2817088141e+00 1.0303896930e+00 1.0974409729e+00 1.3991456777e+00 6.3753027445e-01 6.7874112725e-01 7.7599511296e-01 0 0
1083 1.0127597970e+03 1.0310492835e+03 1.0328240412e+03 1.0203274291e+03 1.0991218085e+03 1.2275744888e+00 1.2689186323e+00 1.2654331123e+00 1.2485565653e+00 1.2810207985e+00 1.2480494851e+00 1.3983366638e+00 1.4675441161e+00 6.8712491832e-01 7.1725021675e-01 7.9520246759e-01 0 0
1084 1.0095435981e+03 1.0337058939e+03 1.0280922259e+03 1.0561266496e+03 1.1085850215e+03 1.2267538848e+00 1.2682169528e+00 1.2647486124e+00 1.2478449425e+00 1.2803052410e+00 1.1733649022e+00 1.3480753750e+00 1.4042260423e+00 6.6958912399e-01 7.3408306390e-01 7.9127484933e-01 0 0
1085 9.5487919843e+02 1.0286662481e+03 1.0331396324e+03 1.0125409560e+03 1.0781092245e+03 1.2260261912e+00 1.2675367427e+00 1.2640743961e+00 1.2471448857e+00 1.2795712762e+00 1.3384031558e+00 1.0951036736e+00 1.2556367740e+00 6.6986541095e-01 6.5642451495e-01 7.5267479941e-01 0 0
1086 1.0038930518e+03 1.0383910631e+03 1.0397163676e+03 1.0260660310e+03 1.0589776910e+03 1.2252596722e+00 1.2668181892e+00 1.2633556429e+00 1.2464777434e+00 1.2789068954e+00 1.3764212077e+00 1.2814621329e+00 1.3739552796e+00 7.0131981525e-01 6.9421856105e-01 7.5243290141e-01 0 0
1087 9.8723479091e+02 1.0194829878e+03 1.0290524161e+03 1.0338366650e+03 1.0546271853e+03 1.2243887186e+00 1.2661080039e+00 1.2626302425e+00 1.2457688800e+00 1.2782359362e+00 8.4023499527e-01 1.1229734048e+00 1.3337932229e+00 5.8013267882e-01 6.6638811678e-01 7.4239109457e-01 0 0
1088 9.9641815310e+02 1.0189670321e+03 1.0306209900e+03 1.0416261325e+03 1.0477906518e+03 1.2235451796e+00 1.2654654832e+00 1.2619267785e+00 1.2450721000e+00 1.2775810091e+00 8.4081091422e-01 1.1291850582e+00 1.2866885364e+00 5.7159339659e-01 6.6159033403e-01 7.1975694224e-01 0 0
1089 9.5854413961e+02 1.0279780518e+03 1.0296073281e+03 1.0312146964e+03 1.0537916065e+03 1.2227463517e+00 1.2647781419e+00 1.2612103347e+00 1.2443353280e+00 1.2769262468e+00 1.0049409351e+00 1.0640628710e+00 1.4171903357e+00 6.0588226785e-01 6.5877156332e-01 7.5143306330e-01 0 0
1090 9.8918089440e+02 1.0129618391e+03 1.0152983552e+03 1.0249154843e+03 1.0562209759e+03 1.2219651118e+00 1.2640663626e+00 1.2604961711e+00 1.2436216392e+00 1.2762428375e+00 1.1125565032e+00 1.0717665926e+00 1.2889963835e+00 6.2833120744e-01 6.4976827800e-01 7.3234932870e-01 0 0
1091 9.7046790807e+02 1.0199787069e+03 1.0240438223e+03 1.0352279942e+03 1.0457025151e+03 1.2211137748e+00 1.2633683172e+00 1.2597932477e+00 1.2428943189e+00 1.2755504500e+00 8.7281442426e-01 1.0599973202e+00 1.1528373137e+00 5.7960098891e-01 6.5080082417e-01 6.9506971538e-01 0 0
1092 9.6887268700e+02 1.0137134395e+03 1.0175072174e+03 1.0337237300e+03 1.0414972396e+03 1.2202855398e+00 1.2626884593e+00 1.2591089956e+00 1.2421729746e+00 1.2749030697e+00 8.2962164518e-01 1.0908729210e+00 1.3865246028e+00 5.5680464834e-01 6.5410488471e-01 7.3184533045e-01 0 0
1093 9.7041550958e+02 9.9279856970e+02 1.0229180991e+03 1.0168618392e+03 1.0573035278e+03 1.2194920533e+00 1.2620320694e+00 1.2583818559e+00 1.2414615923e+00 1.2742090623e+00 9.5507757297e-01 1.1657637507e+00 1.2574452460e+00 5.8304010080e-01 6.7575995252e-01 7.2317923978e-01 0 0
1094 9.6750472740e+02 1.0138456490e+03 1.0033559625e+03 1.0326835188e+03 1.0217258377e+03 1.2186841670e+00 1.2613970195e+00 1.2576978176e+00 1.2407437072e+00 1.2735211188e+00 9.4596805701e-01 1.1682043970e+00 1.1179650724e+00 5.8655198203e-01 6.7328699678e-01 6.7808524147e-01 0 0
1095 9.4852058677e+02 1.0421254723e+03 1.0280642611e+03 1.0223468712e+03 1.0367402037e+03 1.2179217667e+00 1.2606504911e+00 1.2570391750e+00 1.2400641033e+00 1.2728716051e+00 1.0399489376e+00 1.3195960298e+00 1.2854799330e+00 5.9346697261e-01 7.0024824142e-01 7.0435224473e-01 0 0
1096 9.6141045921e+02 9.9541498884e+02 1.0041792357e+03 1.0473703977e+03 1.0446221805e+03 1.2171977390e+00 1.2599392698e+00 1.2563429336e+00 1.2393395004e+00 1.2721864892e+00 1.2762897026e+00 1.4291267022e+00 1.1261431351e+00 6.4035258470e-01 7.4547856674e-01 6.7666457221e-01 0 0
1097 1.0033896213e+03 1.0277688213e+03 1.0230499743e+03 1.0465046584e+03 1.0228563254e+03 1.2163545949e+00 1.2592787783e+00 1.2556897685e+00 1.2385839904e+00 1.2715236247e+00 9.9319496695e-01 1.2437358648e+00 1.1076900810e+00 6.0853387898e-01 7.1514249966e-01 6.6104587168e-01 0 0
1098 9.7725403419e+02 1.0181204803e+03 1.0193831775e+03 1.0666289186e+03 1.0300771816e+03 1.2154849528e+00 1.2585604765e+00 1.2549906674e+00 1.2377822830e+00 1.2708994489e+00 8.1525315291e-01 1.0860225484e+00 1.3154312223e+00 5.5844516681e-01 6.8441004679e-01 6.9580160081e-01 0 0
1099 9.6516642543e+02 1.0159835136e+03 1.0210809530e+03 1.0352464682e+03 1.0309460461e+03 1.2147612042e+00 1.2578494717e+00 1.2542748885e+00 1.2369844248e+00 1.2702895320e+00 1.3368355806e+00 1.0363453701e+00 1.5784290656e+00 6.5288811716e-01 6.6830044612e-01 7.5239051506e-01 0 0
1100 1.0013273775e+03 1.0178056973e+03 1.0245901010e+03 1.0415189629e+03 1.0402582612e+03 1.2139258234e+00 1.2571359867e+00 1.2535486133e+00 1.2362251112e+00 1.2696144032e+00 1.1637271411e+00 1.1815081984e+00 1.3020644784e+00 6.5285521963e-01 6.9306112453e-01 7.1856039390e-01 0 0
1101 9.7406416036e+02 1.0167019905e+03 1.0075115074e+03 1.0286985710e+03 1.0395284989e+03 1.2130654154e+00 1.2564153089e+00 1.2528555689e+00 1.2354621218e+00 1.2689233838e+00 8.6240587069e-01 1.1358247995e+00 1.0895273834e+00 5.6986016853e-01 6.8013615534e-01 6.6228172556e-01 0 0
1102 9.7733034282e+02 1.0325783869e+03 1.0285686657e+03 1.0263006382e+03 1.0525011876e+03 1.2122645232e+00 1.2556719405e+00 1.2521705742e+00 1.2346946254e+00 1.2682240139e+00 9.9742143520e-01 1.0260133296e+00 1.1011130065e+00 5.8831029355e-01 6.4663482830e-01 6.6789935902e-01 0 0
1103 9.7110079160e+02 1.0189645480e+03 1.0227906983e+03 9.7610408641e+02 1.0334900822e+03 1.2114187319e+00 1.2549487790e+00 1.2514705797e+00 1.2340018972e+00 1.2675130314e+00 1.0089626186e+00 1.1836085320e+00 1.0098827183e+00 6.0758501274e-01 6.6049196199e-01 6.4704588056e-01 0 0
1104 9.6895459225e+02 1.0419698292e+03 1.0417083925e+03 9.9165663160e+02 1.0463042101e+03 1.2105950677e+00 1.2541910323e+00 1.2507236565e+00 1.2333731427e+00 1.2668207757e+00 9.2649389615e-01 1.5296356827e+00 1.1658943668e+00 5.7466811815e-01 7.1620448679e-01 6.8320534378e-01 0 0
1105 9.6329948987e+02 1.0356467786e+03 1.0416050715e+03 9.9067398144e+02 1.0390251441e+03 1.2097806891e+00 1.2534381998e+00 1.2499704375e+00 1.2326781091e+00 1.2661185944e+00 1.0516067629e+00 1.2671961188e+00 1.1366219893e+00 6.0555180926e-01 6.8176653981e-01 6.7782386392e-01 0 0
1106 9.9112164154e+02 1.0210168645e+03 1.0294914400e+03 1.0144182446e+03 1.0440887175e+03 1.2089171796e+00 1.2526730742e+00 1.2491849010e+00 1.2319511547e+00 1.2654463386e+00 9.0788393342e-01 1.0887981877e+00 1.3392954469e+00 5.8082902571e-01 6.4679072797e-01 7.2017032281e-01 0 0
1107 9.6492435294e+02 1.0197774573e+03 1.0146069128e+03 9.9022058780e+02 1.0525269593e+03 1.2080255416e+00 1.2519205447e+00 1.2484383201e+00 1.2312176043e+00 1.2647334427e+00 7.7345635724e-01 1.0170900226e+00 1.3409102112e+00 5.4233927964e-01 6.2743783742e-01 7.4236654863e-01 0 0
1108 9.8627149309e+02 1.0321037981e+03 1.0186516824e+03 9.7322996383e+02 1.0418130830e+03 1.2071349632e+00 1.2511197850e+00 1.2476940633e+00 1.2305651249e+00 1.2640450583e+00 7.5651320913e-01 1.2715050653e+00 1.3956518248e+00 5.3646709720e-01 6.5839241073e-01 7.4132392183e-01 0 0
1109 9.5780157327e+02 1.0076844744e+03 9.9088287653e+02 9.9008790645e+02 1.0831886955e+03 1.2062633666e+00 1.2503246771e+00 1.2469962618e+00 1.2299028439e+00 1.2633082104e+00 7.6524627715e-01 1.3684632331e+00 1.3489589766e+00 5.3143026711e-01 6.8728341535e-01 7.5403333455e-01 0 0
1110 9.7318575769e+02 9.7629836628e+02 9.8863197779e+02 9.7724996802e+02 1.0248268146e+03 1.2054406955e+00 1.2496210123e+00 1.2463317771e+00 1.2292108469e+00 1.2625451878e+00 9.5563396520e-01 1.1739232764e+00 1.0434804037e+00 5.7676216882e-01 6.4719872177e-01 6.7314202338e-01 0 0
1111 9.8753740095e+02 9.9570694107e+02 9.9280064716e+02 9.9034100819e+02 1.0402773669e+03 1.2045418863e+00 1.2489128673e+00 1.2456199835e+00 1.2285193776e+00 1.2618446418e+00 8.6642331566e-01 1.1114455312e+00 1.2620833293e+00 5.7392511952e-01 6.3185436651e-01 7.1105678007e-01 0 0
1112 9.8643934822e+02 9.7951059208e+02 9.7685934888e+02 9.8830552589e+02 1.0313646300e+03 1.2036286039e+00 1.2481993427e+00 1.2449361509e+00 1.2278058749e+00 1.2611140290e+00 8.0274594781e-01 1.1010614187e+00 1.1164798364e+00 5.5251607017e-01 6.3634697348e-01 6.7922791466e-01 0 0
1113 9.6978751096e+02 9.8965963215e+02 1.0160114726e+03 9.9446521432e+02 1.0275104622e+03 1.2027629535e+00 1.2475333912e+00 1.2442050274e+00 1.2270748752e+00 1.2603806946e+00 9.0641706646e-01 9.7941474989e-01 9.9657686055e-01 5.7152398339e-01 6.0571360216e-01 6.4098051190e-01 0 0
1114 1.0033646799e+03 9.7713100452e+02 9.8358829675e+02 9.8095536978e+02 9.8564338125e+02 1.2018820478e+00 1.2468437216e+00 1.2434546077e+00 1.2263330800e+00 1.2597169987e+00 1.0159086362e+00 9.4336684793e-01 1.1285433248e+00 6.1047378721e-01 5.9929994121e-01 6.5125594661e-01 0 0
1115 1.0023926443e+03 9.7559257634e+02 9.7786626770e+02 9.8962549735e+02 1.0129805341e+03 1.2009226049e+00 1.2461499965e+00 1.2427569093e+00 1.2256265450e+00 1.2590769954e+00 7.8537210311e-01 1.0268322900e+00 1.3609436601e+00 5.5886226603e-01 6.1018536612e-01 7.0122431591e-01 0 0
1116 9.9907778991e+02 9.8274290890e+02 9.7843593301e+02 1.0034718170e+03 1.0158376470e+03 1.1999934913e+00 1.2454287830e+00 1.2420495724e+00 1.2248984036e+00 1.2583687063e+00 8.1865576746e-01 1.1371936798e+00 1.0268830284e+00 5.6251777428e-01 6.4724122733e-01 6.3947481662e-01 0 0
1117 9.8714128597e+02 9.8203315881e+02 9.8129155963e+02 1.0073218205e+03 1.0071368762e+03 1.1991245767e+00 1.2447023825e+00 1.2413523884e+00 1.2241127354e+00 1.2576944854e+00 1.0274687736e+00 9.8653570563e-01 1.0852888748e+00 6.0814798941e-01 6.2542720512e-01 6.4132317156e-01 0 0
1118 9.9055060573e+02 9.6701793546e+02 9.6805352383e+02 9.7312039980e+02 9.9520082772e+02 1.1983238675e+00 1.2439971682e+00 1.2406690790e+00 1.2233724150e+00 1.2570552147e+00 1.3392346858e+00 1.0321236104e+00 1.3664876595e+00 6.6474484556e-01 6.2258898839e-01 6.9715834036e-01 0 0
1119 9.8929884477e+02 9.7891997247e+02 9.9094645415e+02 9.8983063577e+02 9.8662027270e+02 1.1974819034e+00 1.2433268239e+00 1.2399678033e+00 1.2226637362e+00 1.2564177990e+00 1.3661573645e+00 1.1523063257e+00 1.3119776845e+00 6.8900279359e-01 6.4197325334e-01 6.8055031449e-01 0 0
1120 9.9912491173e+02 9.6872393513e+02 9.7526675838e+02 9.7720932379e+02 9.9452865720e+02 1.1965999445e+00 1.2426609224e+00 1.2392622120e+00 1.2219499386e+00 1.2557751926e+00 1.1576844717e+00 1.1187766865e+00 1.2509926707e+00 6.4735765773e-01 6.3277566433e-01 6.6718656197e-01 0 0
1121 1.0003522068e+03 9.7340744938e+02 9.7641538292e+02 1.0142635259e+03 9.9348961998e+02 1.1956984520e+00 1.2420003242e+00 1.2385890528e+00 1.2212063363e+00 1.2551364379e+00 1.1221769646e+00 1.1080548242e+00 1.2470636070e+00 6.4219934012e-01 6.4380196482e-01 6.6091842204e-01 0 0
1122 9.9644721178e+02 9.8825401593e+02 9.9028783694e+02 9.9363493044e+02 1.0067129059e+03 1.1947917418e+00 1.2412706419e+00 1.2378596418e+00 1.2203925865e+00 1.2544652717e+00 1.1775879985e+00 8.2054956257e-01 1.2084755227e+00 6.5837055874e-01 5.7702382281e-01 6.6862794757e-01 0 0
1123 1.0082684955e+03 9.9071028813e+02 9.8508711544e+02 9.8300391022e+02 1.0192138515e+03 1.1938730056e+00 1.2405145321e+00 1.2371306990e+00 1.2196436893e+00 1.2537442812e+00 1.1281719568e+00 8.9352221414e-01 9.3995843083e-01 6.4781549866e-01 5.7705318928e-01 6.0969345644e-01 0 0
1124 1.0096086397e+03 9.8722128978e+02 9.7864229931e+02 9.8072673946e+02 9.9042670728e+02 1.1929424425e+00 1.2397369339e+00 1.2364088152e+00 1.2189043193e+00 1.2530742643e+00 1.0386964378e+00 1.0480732843e+00 1.0046747178e+00 6.2584265636e-01 6.2052622437e-01 6.0717874765e-01 0 0
1125 9.8160518003e+02 9.6766248636e+02 9.7197595135e+02 9.9414806493e+02 1.0029237571e+03 1.1920677457e+00 1.2389985179e+00 1.2357041626e+00 1.2181467515e+00 1.2524318853e+00 1.1083468386e+00 9.4255511463e-01 1.2720925733e+00 6.2418812586e-01 5.9430857748e-01 6.6956142709e-01 0 0
1126 1.0028033385e+03 9.7423049762e+02 9.8253851706e+02 9.6744773761e+02 1.0045455440e+03 1.1911854817e+00 1.2382801397e+00 1.2349683101e+00 1.2174255899e+00 1.2517799402e+00 1.2295140164e+00 9.8876851797e-01 1.2762097344e+00 6.6316242254e-01 5.9673808515e-01 6.7244911194e-01 0 0
1127 1.0149862462e+03 9.6351456268e+02 9.6780537816e+02 9.9741609923e+02 1.0176638382e+03 1.1902087826e+00 1.2375674203e+00 1.2342399645e+00 1.2166880726e+00 1.2510930078e+00 9.3693835870e-01 1.0628345385e+00 1.2923619673e+00 6.0633376927e-01 6.1954044178e-01 6.9426522404e-01 0 0
1128 1.0277111918e+03 9.6761646586e+02 9.7039260740e+02 9.8261322503e+02 1.0032565412e+03 1.1891755169e+00 1.2368742904e+00 1.2335573432e+00 1.2159162303e+00 1.2503537324e+00 8.0261515514e-01 9.0345033258e-01 1.0056995973e+00 5.7728883859e-01 5.8706530184e-01 6.3363636285e-01 0 0
1129 1.0147459098e+03 9.7314133737e+02 9.6957748530e+02 9.8576724560e+02 9.8505551874e+02 1.1881594243e+00 1.2361833254e+00 1.2328992568e+00 1.2151692911e+00 1.2496644443e+00 7.9938610564e-01 9.7568046674e-01 1.1164187342e+00 5.7060820175e-01 5.9706341475e-01 6.4581216872e-01 0 0
1130 1.0222920803e+03 9.8493340511e+02 9.8255655054e+02 9.8674357105e+02 9.9604436397e+02 1.1871688118e+00 1.2354270169e+00 1.2321904221e+00 1.2144581994e+00 1.2490047966e+00 9.6522715130e-01 1.2254128754e+00 1.2304589227e+00 6.1914038590e-01 6.5270823240e-01 6.6162763536e-01 0 0
1131 1.0303294219e+03 9.7862579033e+02 9.7248248699e+02 1.0062404037e+03 9.9765825812e+02 1.1861420641e+00 1.2346581324e+00 1.2314565954e+00 1.2137249022e+00 1.2482950871e+00 8.9086796643e-01 1.2114689797e+00 1.0687511489e+00 6.0456570886e-01 6.5762797371e-01 6.3760189712e-01 0 0
1132 9.9166608489e+02 9.7167770505e+02 9.7979439808e+02 9.9483761238e+02 9.8656347996e+02 1.1851814499e+00 1.2339090686e+00 1.2307246084e+00 1.2129941610e+00 1.2476008293e+00 9.2991090996e-01 1.2563435808e+00 1.0513951853e+00 5.9625324382e-01 6.6630442441e-01 6.2633744627e-01 0 0
1133 9.9707988642e+02 9.7630745670e+02 9.6477769460e+02 1.0094797546e+03 9.9696420447e+02 1.1842722980e+00 1.2331517419e+00 1.2299924727e+00 1.2122347163e+00 1.2469132893e+00 1.2697087315e+00 1.1413775161e+00 1.1571389437e+00 6.7606847767e-01 6.4750786871e-01 6.5175385401e-01 0 0
1134 1.0006206425e+03 9.6820139305e+02 9.6504475285e+02 1.0027368486e+03 9.9530243519e+02 1.1833014611e+00 1.2323897101e+00 1.2293020885e+00 1.2114716483e+00 1.2462217485e+00 1.0556039603e+00 1.1257961541e+00 1.0977422297e+00 6.3716733759e-01 6.4542412013e-01 6.3386359438e-01 0 0
1135 1.0029287928e+03 9.7188142281e+02 9.6591239251e+02 1.0122230485e+03 9.9436059858e+02 1.1823122822e+00 1.2316487992e+00 1.2285917033e+00 1.2107608057e+00 1.2455243983e+00 8.8313052433e-01 1.3725373149e+00 1.1055725813e+00 5.8621648355e-01 6.8490374833e-01 6.3761193678e-01 0 0
1136 9.6103216701e+02 9.9109188525e+02 9.8897374207e+02 1.0086375402e+03 9.9602412747e+02 1.1814323028e+00 1.2308989741e+00 1.2278576129e+00 1.2099913463e+00 1.2448340176e+00 1.0333847353e+00 1.3266443834e+00 1.0597133115e+00 5.9877186967e-01 7.0277812332e-01 6.2456779182e-01 0 0
1137 9.7287018813e+02 9.8817037372e+02 9.6252834374e+02 1.0158721007e+03 9.7540956142e+02 1.1806116501e+00 1.2300948298e+00 1.2271696591e+00 1.2092128215e+00 1.2441718283e+00 1.4464883762e+00 1.1491577551e+00 1.1372551024e+00 6.8278056969e-01 6.6002713516e-01 6.3010692969e-01 0 0
1138 9.6975128618e+02 9.7297308544e+02 1.0033436600e+03 1.0157474157e+03 9.8760562726e+02 1.1797097567e+00 1.2293777436e+00 1.2264269707e+00 1.2084066160e+00 1.2435307196e+00 1.1483977515e+00 1.1147126481e+00 1.3701774999e+00 6.3615320856e-01 6.5620080754e-01 6.8136696145e-01 0 0
1139 9.8102693695e+02 1.0067645579e+03 9.8599131588e+02 1.0226151524e+03 9.9524978021e+02 1.1788060888e+00 1.2286151911e+00 1.2256441595e+00 1.2076187175e+00 1.2428176602e+00 1.0261849456e+00 1.1519382969e+00 1.1140379533e+00 6.0258113183e-01 6.6028732061e-01 6.4571699128e-01 0 0
1140 9.9093911568e+02 9.9915101461e+02 1.0020163422e+03 1.0244241065e+03 1.0123341222e+03 1.1778452678e+00 1.2278249545e+00 1.2249320368e+00 1.2068176287e+00 1.2420855940e+00 9.2932087780e-01 1.1842320561e+00 9.7510663792e-01 5.8962921425e-01 6.7238946632e-01 6.1215056479e-01 0 0
1141 9.9096865808e+02 9.8890084184e+02 1.0009346882e+03 1.0146948433e+03 1.0010962429e+03 1.1768284183e+00 1.2270749938e+00 1.2241656101e+00 1.2060406703e+00 1.2413873021e+00 7.8448207223e-01 1.3495771661e+00 1.1183693558e+00 5.5618130224e-01 7.0732412487e-01 6.3923130184e-01 0 0
1142 9.5872847200e+02 1.0032535198e+03 1.0008436129e+03 1.0383037850e+03 1.0082690303e+03 1.1759067529e+00 1.2262883966e+00 1.2233932872e+00 1.2051855729e+00 1.2406749196e+00 9.5777941376e-01 1.0949157476e+00 1.2296246290e+00 5.8517780879e-01 6.6610530019e-01 6.7318939418e-01 0 0
1143 9.7593644817e+02 9.9414517300e+02 1.0067517693e+03 9.9978941533e+02 1.0043009385e+03 1.1749824015e+00 1.2255036135e+00 1.2225942498e+00 1.2043814365e+00 1.2399848560e+00 1.0335640382e+00 1.0413038954e+00 1.2214305624e+00 6.0643140271e-01 6.3054937124e-01 6.6275520623e-01 0 0
1144 9.7476677250e+02 9.9639663287e+02 1.0064550412e+03 1.0272126119e+03 1.0188928121e+03 1.1740772797e+00 1.2247331903e+00 1.2217855775e+00 1.2036623858e+00 1.2392822095e+00 9.7701653371e-01 1.4688131809e+00 1.3113810048e+00 5.8342022289e-01 7.0942213386e-01 6.9212612137e-01 0 0
1145 9.6845638106e+02 9.9186046776e+02 1.0022819588e+03 1.0158943720e+03 1.0348329575e+03 1.1732067996e+00 1.2239876709e+00 1.2209843947e+00 1.2028379107e+00 1.2385391230e+00 1.1469104844e+00 1.1583109200e+00 1.1490488872e+00 6.1976415187e-01 6.7112567276e-01 6.6372014582e-01 0 0
1146 9.7308033849e+02 1.0165296356e+03 1.0138967526e+03 1.0199554831e+03 1.0025334159e+03 1.1722717865e+00 1.2231771561e+00 1.2201739113e+00 1.2020226268e+00 1.2378202767e+00 9.7336734969e-01 1.0692745224e+00 1.1784983873e+00 5.8885758003e-01 6.4452966303e-01 6.6171628609e-01 0 0
1147 9.5293568398e+02 1.0024658660e+03 1.0133048653e+03 1.0153956433e+03 1.0271817025e+03 1.1713216474e+00 1.2223804033e+00 1.2193588232e+00 1.2012157307e+00 1.2371373356e+00 8.4899362355e-01 1.1368813068e+00 1.5670192465e+00 5.5412388139e-01 6.5885691345e-01 7.4509618059e-01 0 0
1148 9.6329902867e+02 1.0208516971e+03 1.0304850193e+03 1.0483483438e+03 1.0201818772e+03 1.1704095053e+00 1.2216096732e+00 1.2185361301e+00 1.2004089994e+00 1.2363591585e+00 9.3315767895e-01 1.2503872588e+00 1.1460482851e+00 5.6742073386e-01 6.9216626883e-01 6.7932632565e-01 0 0
1149 9.7523215220e+02 9.9284191214e+02 9.9362728802e+02 1.0275020681e+03 1.0214304308e+03 1.1694698762e+00 1.2208191959e+00 1.2177520492e+00 1.1995392272e+00 1.2356138038e+00 9.6703695599e-01 1.0971691385e+00 1.1354535446e+00 5.8792192774e-01 6.6972152144e-01 6.6094066575e-01 0 0
1150 9.6774713340e+02 1.0144866621e+03 1.0284863271e+03 1.0335749852e+03 1.0186106346e+03 1.1685301363e+00 1.2200529279e+00 1.2169672416e+00 1.1986815099e+00 1.2348876854e+00 9.8323378347e-01 1.0407439396e+00 1.3565351740e+00 5.9086936936e-01 6.4897089824e-01 7.1032120287e-01 0 0
1151 9.6067508323e+02 1.0179180652e+03 1.0224153694e+03 1.0091364811e+03 1.0324924939e+03 1.1676543366e+00 1.2191990533e+00 1.2160943230e+00 1.1978835580e+00 1.2341372849e+00 1.1957050257e+00 1.2420594618e+00 1.3088975921e+00 6.2853733118e-01 6.8155148625e-01 7.0925236493e-01 0 0
1152 9.7027328346e+02 1.0016689511e+03 9.9682590004e+02 1.0340980369e+03 1.0482125262e+03 1.1667043990e+00 1.2183903699e+00 1.2153198212e+00 1.1970566914e+00 1.2333161559e+00 1.0379947784e+00 1.2316273972e+00 1.1183715165e+00 6.0811291840e-01 6.9385981187e-01 6.8498072773e-01 0 0
1153 9.5232369200e+02 1.0050945851e+03 1.0085691288e+03 1.0067126887e+03 1.0301963405e+03 1.1658090081e+00 1.2176278162e+00 1.2146004599e+00 1.1962146487e+00 1.2325052522e+00 1.0455672734e+00 1.0568623170e+00 9.8801547289e-01 5.9337659691e-01 6.4266182482e-01 6.3573871925e-01 0 0
1154 9.6269180967e+02 1.0088813112e+03 1.0166438351e+03 1.0206847579e+03 1.0251493794e+03 1.1649424942e+00 1.2168188376e+00 1.2137851786e+00 1.1953979364e+00 1.2317574757e+00 1.3534491773e+00 1.1494540945e+00 1.2177607194e+00 6.5874701197e-01 6.6436569393e-01 6.8233941868e-01 0 0
1155 9.7605092243e+02 1.0148211357e+03 1.0254748290e+03 1.0009861388e+03 1.0524543933e+03 1.1639776713e+00 1.2160196997e+00 1.2129518647e+00 1.1945752237e+00 1.2309518641e+00 1.0823680277e+00 1.0211973190e+00 1.0424329937e+00 6.2463667201e-01 6.2383354455e-01 6.5310493484e-01 0 0
1156 9.8179660649e+02 1.0281497945e+03 1.0233155061e+03 9.9400179200e+02 1.0262536236e+03 1.1629446647e+00 1.2151912470e+00 1.2121297487e+00 1.1938562825e+00 1.2301491982e+00 8.2926760448e-01 1.2877652198e+00 9.7303275764e-01 5.6254536515e-01 6.5865361691e-01 6.2930976227e-01 0 0
1157 9.5545306551e+02 1.0206320040e+03 1.0099149717e+03 9.9555170006e+02 1.0460903403e+03 1.1619305004e+00 1.2143294031e+00 1.2113602559e+00 1.1930843182e+00 1.2293891909e+00 7.9416153084e-01 1.3757505938e+00 1.1423447654e+00 5.4423652721e-01 7.0025842637e-01 6.6523594782e-01 0 0
1158 9.6936575752e+02 9.9996071798e+02 1.0075459047e+03 9.9443539257e+02 1.0448833667e+03 1.1609556409e+00 1.2135163690e+00 1.2105897545e+00 1.1922654189e+00 1.2285713328e+00 8.7378148862e-01 1.0255893022e+00 1.1401814744e+00 5.6021758545e-01 6.2584965676e-01 6.8758289516e-01 0 0
1159 9.6097572653e+02 1.0177465610e+03 1.0235968445e+03 9.8733792974e+02 1.0521132306e+03 1.1600021613e+00 1.2126782077e+00 1.2097446687e+00 1.1914869246e+00 1.2277501738e+00 9.0922019873e-01 1.0590827614e+00 1.0111518204e+00 5.6396762903e-01 6.1594093591e-01 6.4989465848e-01 0 0
1160 9.5947202395e+02 9.9369002964e+02 9.7553181009e+02 1.0152799799e+03 1.0605029467e+03 1.1590711650e+00 1.2118228604e+00 1.2089565642e+00 1.1906589851e+00 1.2269063801e+00 9.7769561875e-01 1.0969303995e+00 1.0355643928e+00 5.7754187801e-01 6.4880116284e-01 6.6545509920e-01 0 0
1161 9.4246918665e+02 1.0049868158e+03 1.0236020345e+03 1.0004547091e+03 1.0379306335e+03 1.1581693379e+00 1.2110097976e+00 1.2081690619e+00 1.1898075539e+00 1.2261023763e+00 1.0550854293e+00 9.2240290716e-01 1.0744686425e+00 5.9067149089e-01 5.9981383011e-01 6.6077177599e-01 0 0
1162 9.5216960560e+02 9.7976097213e+02 9.7793085134e+02 9.9287077457e+02 1.0293993394e+03 1.1572672533e+00 1.2102023138e+00 1.2073513693e+00 1.1890081611e+00 1.2253481553e+00 1.1550798567e+00 1.0769205615e+00 1.2943565175e+00 6.1593085525e-01 6.2831015512e-01 7.0139054582e-01 0 0
1163 9.4501332206e+02 9.9696859279e+02 1.0058355668e+03 9.9570091518e+02 1.0144411023e+03 1.1563671780e+00 1.2094281455e+00 1.2065692329e+00 1.1881910470e+00 1.2246244465e+00 1.0947207046e+00 1.0526686534e+00 1.4519207478e+00 5.9862062321e-01 6.2875470147e-01 7.2767120600e-01 0 0
1164 9.4328963263e+02 9.8782997651e+02 9.7692009653e+02 9.9650990963e+02 1.0203538602e+03 1.1554854142e+00 1.2086048369e+00 1.2057858937e+00 1.1873527180e+00 1.2238827712e+00 1.1538936529e+00 8.7754823640e-01 1.4258074164e+00 6.0900092867e-01 5.7815341279e-01 7.3039240390e-01 0 0
1165 9.5905021534e+02 9.8111406702e+02 9.9469841535e+02 9.8421761440e+02 1.0278258607e+03 1.1545215916e+00 1.2077885892e+00 1.2049969994e+00 1.1865823223e+00 1.2230812292e+00 1.0026577153e+00 1.0381856933e+00 1.1050847694e+00 5.9281640021e-01 6.0365537554e-01 6.6434598714e-01 0 0
1166 9.5739939029e+02 9.8017243381e+02 9.8263672713e+02 9.8948449331e+02 9.9635761652e+02 1.1535128659e+00 1.2070078079e+00 1.2041951062e+00 1.1858115644e+00 1.2223621606e+00 7.8350766358e-01 1.1882237941e+00 1.1856754124e+00 5.3513814559e-01 6.4495315030e-01 6.5481092408e-01 0 0
1167 9.2466891939e+02 9.8924203939e+02 9.9309594828e+02 9.6948230386e+02 1.0100380872e+03 1.1525839559e+00 1.2062371165e+00 1.2034238551e+00 1.1850422594e+00 1.2216468537e+00 8.1712704758e-01 1.0962689072e+00 1.3916474730e+00 5.2519213210e-01 6.1795180663e-01 7.0399994031e-01 0 0
1168 9.4812774065e+02 9.8006023412e+02 9.8088212849e+02 9.8329452607e+02 1.0097668048e+03 1.1516576176e+00 1.2054494487e+00 1.2026589311e+00 1.1843122876e+00 1.2208740866e+00 9.2423718313e-01 1.2869646996e+00 1.1184599474e+00 5.5601817029e-01 6.5128467977e-01 6.5441090241e-01 0 0
1169 9.4532307600e+02 9.8489038096e+02 9.8121980845e+02 1.0098426548e+03 9.7832663257e+02 1.1506742331e+00 1.2046461788e+00 1.2018865205e+00 1.1835300899e+00 1.2201743515e+00 7.9792550579e-01 1.3281714618e+00 1.2340892106e+00 5.3138073027e-01 6.8514789268e-01 6.5818729252e-01 0 0
1170 9.4030926913e+02 9.7118809327e+02 9.8280440577e+02 9.9123855605e+02 1.0290751916e+03 1.1496694159e+00 1.2038609748e+00 1.2011159797e+00 1.1827017935e+00 1.2194439148e+00 7.0415633530e-01 1.0586308762e+00 1.4115400240e+00 5.0410394147e-01 6.2874745578e-01 7.1482310072e-01 0 0
1171 9.1440043387e+02 9.8394143627e+02 9.8477034125e+02 9.8454173985e+02 1.0210361771e+03 1.1487943180e+00 1.2030656949e+00 1.2003033346e+00 1.1819211892e+00 1.2186308130e+00 8.8456642779e-01 1.1704317927e+00 9.4833205268e-01 5.2531970073e-01 6.4108327776e-01 6.1825725064e-01 0 0
1172 9.2802553715e+02 9.7310999507e+02 9.8201078787e+02 1.0006307074e+03 1.0081088111e+03 1.1479031554e+00 1.2022693685e+00 1.1995149137e+00 1.1811032508e+00 1.2178860781e+00 1.1285365202e+00 1.1444881409e+00 1.1444243938e+00 5.9727965459e-01 6.4889228716e-01 6.4844395965e-01 0 0
1173 9.2987713706e+02 9.8287454693e+02 9.8935853587e+02 9.8734090491e+02 1.0087206315e+03 1.1469457975e+00 1.2014477636e+00 1.1986796843e+00 1.1802901261e+00 1.2171220256e+00 8.3602259415e-01 9.9783221632e-01 1.2080363929e+00 5.3271828246e-01 6.0302438214e-01 6.7440485954e-01 0 0
1174 9.1400751047e+02 9.6351232478e+02 9.7481716234e+02 9.8196909956e+02 9.9752882164e+02 1.1460300915e+00 1.2006394019e+00 1.1978599702e+00 1.1795335490e+00 1.2163780174e+00 8.5720033059e-01 1.3042765781e+00 1.0930261463e+00 5.2606934684e-01 6.6302854568e-01 6.3351735100e-01 0 0
1175 9.3856152132e+02 9.8165157388e+02 9.9071864699e+02 9.8970901658e+02 1.0040328680e+03 1.1451101089e+00 1.1998523667e+00 1.1970385823e+00 1.1787174602e+00 1.2156314722e+00 9.5931599556e-01 1.2777386904e+00 1.1390288174e+00 5.5769959458e-01 6.7930084094e-01 6.4585804939e-01 0 0
1176 9.2768396437e+02 9.9269399867e+02 9.9057906045e+02 9.7546520953e+02 1.0129641220e+03 1.1441905894e+00 1.1990143381e+00 1.1962079209e+00 1.1778978680e+00 1.2148492895e+00 9.7099034255e-01 1.0318476856e+00 9.8959175497e-01 5.6114362002e-01 6.1194873601e-01 6.1506300420e-01 0 0
1177 9.4718675397e+02 9.8346854296e+02 9.8127292967e+02 9.8464228911e+02 9.8767672469e+02 1.1433368619e+00 1.1981912015e+00 1.1954364880e+00 1.1771076732e+00 1.2140754342e+00 1.2975013464e+00 1.1554342508e+00 9.4742742181e-01 6.2556432854e-01 6.3635962084e-01 5.9954233840e-01 0 0
1178 9.6462181501e+02 9.7219834653e+02 9.8454627875e+02 9.6524481998e+02 9.8901080631e+02 1.1423454085e+00 1.1974068695e+00 1.1946466780e+00 1.1763079645e+00 1.2133657506e+00 1.0425626786e+00 1.0999865606e+00 1.2251749039e+00 6.0375745929e-01 6.2251967192e-01 6.5018504485e-01 0 0
1179 9.5371432405e+02 9.8186697164e+02 9.9632001009e+02 9.8223129277e+02 9.9621706345e+02 1.1413445866e+00 1.1966167854e+00 1.1938035490e+00 1.1755401491e+00 1.2126508943e+00 8.5754754056e-01 1.2063191310e+00 1.2993604615e+00 5.4872532506e-01 6.3999254629e-01 6.7161669955e-01 0 0
1180 9.2879327094e+02 9.7161026137e+02 9.6761113703e+02 9.9235401949e+02 1.0198062010e+03 1.1404862191e+00 1.1958627544e+00 1.1930386919e+00 1.1746811043e+00 1.2118838794e+00 1.2299919322e+00 9.5372901112e-01 1.2145656869e+00 6.0685435738e-01 6.0158427432e-01 6.7289201543e-01 0 0
1181 9.6307021273e+02 9.8957828771e+02 9.9120189038e+02 9.7925280827e+02 1.0033767986e+03 1.1395597135e+00 1.1950446515e+00 1.1922676399e+00 1.1738340024e+00 1.2111015099e+00 1.3437487859e+00 8.8354688883e-01 1.1015617251e+00 6.5993895785e-01 5.7345527411e-01 6.4711776003e-01 0 0
1182 9.4957117516e+02 9.7164924227e+02 9.7311603239e+02 9.8074818379e+02 1.0162364390e+03 1.1385709881e+00 1.1942161451e+00 1.1914591606e+00 1.1729761377e+00 1.2102966280e+00 9.3671346186e-01 8.9363224804e-01 1.0711646155e+00 5.6948611763e-01 5.8249158412e-01 6.4477132261e-01 0 0
1183 9.5590365069e+02 9.6567382563e+02 9.6211375367e+02 9.8244032898e+02 1.0145844901e+03 1.1376036781e+00 1.1934148153e+00 1.1907097084e+00 1.1721152108e+00 1.2094786039e+00 1.0194106189e+00 8.4593048692e-01 9.1279406473e-01 5.8499135588e-01 5.6689325720e-01 6.0161038116e-01 0 0
1184 9.6110298693e+02 9.6960681464e+02 9.7622980133e+02 9.7181289995e+02 1.0082959945e+03 1.1365675567e+00 1.1925879905e+00 1.1899077063e+00 1.1712832591e+00 1.2087023262e+00 8.5720555751e-01 8.9361812547e-01 1.0354902148e+00 5.5613621336e-01 5.7156579196e-01 6.2194305658e-01 0 0
1185 9.5187203128e+02 9.5258736476e+02 9.6290994517e+02 9.7440302237e+02 1.0011940371e+03 1.1355527140e+00 1.1918337910e+00 1.1891193205e+00 1.1704415793e+00 1.2079259847e+00 7.7594078539e-01 8.9865905046e-01 1.1410999000e+00 5.2302359637e-01 5.7690912113e-01 6.5122209862e-01 0 0
1186 9.5923165350e+02 9.7661792043e+02 9.7115726713e+02 9.5940349306e+02 1.0014660816e+03 1.1345671574e+00 1.1910604203e+00 1.1883728883e+00 1.1696190517e+00 1.2071547273e+00 1.0136317906e+00 8.7477103993e-01 1.1496227235e+00 5.8755728806e-01 5.6264252216e-01 6.5181764588e-01 0 0
1187 9.9421602416e+02 9.8087524691e+02 9.7108656926e+02 9.5653433681e+02 9.7985276317e+02 1.1334837134e+00 1.1901940495e+00 1.1875798427e+00 1.1688518425e+00 1.2064182815e+00 8.8947279547e-01 9.9567779899e-01 1.2788622081e+00 5.7748480816e-01 5.7998626679e-01 6.6883642972e-01 0 0
1188 9.7329442210e+02 9.7379467163e+02 9.6855869079e+02 9.5554961279e+02 9.8441330878e+02 1.1323963293e+00 1.1893219234e+00 1.1867931540e+00 1.1680604689e+00 1.2056835633e+00 7.7869008920e-01 9.7483729571e-01 1.2515037134e+00 5.4178979809e-01 5.8054970950e-01 6.6119248420e-01 0 0
1189 9.4843397549e+02 9.7371771448e+02 9.6481746978e+02 9.5980971421e+02 9.9132928435e+02 1.1314311149e+00 1.1884467150e+00 1.1859903266e+00 1.1672635111e+00 1.2049566164e+00 1.0223756714e+00 9.1634339094e-01 1.2823015302e+00 5.8249902171e-01 5.6546162441e-01 6.6675594077e-01 0 0
1190 9.6782294714e+02 9.5577746495e+02 9.5921576040e+02 9.5741549888e+02 9.9920690425e+02 1.1304481895e+00 1.1875931129e+00 1.1851997625e+00 1.1664756173e+00 1.2041995748e+00 1.1931725816e+00 9.9037109315e-01 1.1868218184e+00 6.3598976598e-01 5.8182596788e-01 6.5439451858e-01 0 0
1191 9.5714078026e+02 9.7119478608e+02 9.6292292656e+02 9.5841173955e+02 9.8795628699e+02 1.1294152377e+00 1.1867653638e+00 1.1843970825e+00 1.1656733882e+00 1.2034471038e+00 9.2666044480e-01 9.3082046136e-01 1.0755842477e+00 5.7364352318e-01 5.6896948442e-01 6.2128791586e-01 0 0
1192 9.6684523014e+02 9.5870831070e+02 9.5571812005e+02 9.4062133720e+02 9.8515804570e+02 1.1284533002e+00 1.1859289070e+00 1.1836518731e+00 1.1648829479e+00 1.2027076613e+00 1.0896534036e+00 9.0085026622e-01 1.2117303833e+00 5.9988584736e-01 5.5467084423e-01 6.5149312094e-01 0 0
1193 9.9007218700e+02 9.4183517666e+02 9.3928999116e+02 9.5393445136e+02 9.8294833918e+02 1.1273586010e+00 1.1851129864e+00 1.1829255555e+00 1.1641594242e+00 1.2019663452e+00 9.3220620160e-01 1.1642848700e+00 1.2040083930e+00 5.9162570691e-01 6.0287124291e-01 6.5315851942e-01 0 0
1194 9.7636802410e+02 9.4047777087e+02 9.6029119932e+02 9.5791071479e+02 9.8175598419e+02 1.1262194354e+00 1.1843610987e+00 1.1821359441e+00 1.1633634686e+00 1.2012119844e+00 7.5830496934e-01 1.0622308627e+00 1.1228803322e+00 5.4301813941e-01 6.0288514569e-01 6.3443605602e-01 0 0
1195 9.5120865433e+02 9.5555235989e+02 9.4520192948e+02 9.5447770404e+02 9.7922590601e+02 1.1251309985e+00 1.1835612576e+00 1.1813427872e+00 1.1625717554e+00 1.2004681208e+00 7.7481949934e-01 9.3674965575e-01 1.1246652454e+00 5.3586971911e-01 5.6452361867e-01 6.3122960553e-01 0 0
1196 9.4400607397e+02 9.3846250591e+02 9.6728017529e+02 9.7706819107e+02 9.7587038074e+02 1.1241094402e+00 1.1827828142e+00 1.1805413266e+00 1.1618169531e+00 1.1997614659e+00 8.5189497430e-01 1.2227524370e+00 1.2084318176e+00 5.4254826378e-01 6.2991518900e-01 6.3849237189e-01 0 0
1197 9.5620141805e+02 9.4629699355e+02 9.4833004540e+02 9.6980197721e+02 9.8282612272e+02 1.1230651559e+00 1.1819883986e+00 1.1797138295e+00 1.1610250234e+00 1.1990237811e+00 8.2422752210e-01 1.1894552559e+00 1.2062727734e+00 5.4065347484e-01 6.3693288341e-01 6.4950639755e-01 0 0
1198 9.0635003029e+02 9.3003652482e+02 9.4042669837e+02 9.8235011579e+02 9.7138383891e+02 1.1221167776e+00 1.1812206558e+00 1.1789436532e+00 1.1602403498e+00 1.1982327686e+00 8.6938102022e-01 1.2372521982e+00 9.1058018059e-01 5.2877804479e-01 6.4683437347e-01 5.8427063376e-01 0 0
1199 9.1379987750e+02 9.4153116650e+02 9.5229065941e+02 9.7848958860e+02 9.5255977503e+02 1.1212415795e+00 1.1804600172e+00 1.1781575890e+00 1.1594064830e+00 1.1975375457e+00 1.1962133923e+00 1.0656727403e+00 1.0360156894e+00 5.9431615989e-01 6.1754023656e-01 5.8445275947e-01 0 0
1200 9.3301604709e+02 9.3411264711e+02 9.3811083434e+02 9.6289177092e+02 9.6970933145e+02 1.1202371335e+00 1.1796510767e+00 1.1773501702e+00 1.1586065031e+00 1.1968333883e+00 8.8743497279e-01 1.0777035356e+00 1.2331635207e+00 5.4897585360e-01 6.0956691206e-01 6.4180108532e-01 0 0
1201 9.0600543684e+02 9.5135715559e+02 9.5654766609e+02 9.5989621835e+02 9.6979256803e+02 1.1192710840e+00 1.1788394133e+00 1.1765389157e+00 1.1578264941e+00 1.1960986048e+00 8.0724016670e-01 1.2368947566e+00 1.0647778437e+00 5.1271429450e-01 6.4194280282e-01 6.0680557787e-01 0 0
1202 9.0487888013e+02 9.4914932308e+02 9.5032195202e+02 9.6984567071e+02 9.5673085949e+02 1.1183662138e+00 1.1780327943e+00 1.1757427863e+00 1.1570394009e+00 1.1953756665e+00 9.5635689504e-01 1.2526922971e+00 1.1162638068e+00 5.3939403175e-01 6.4963188022e-01 6.1534980312e-01 0 0
1203 9.1636994060e+02 9.6303556528e+02 9.7379813745e+02 9.6943327517e+02 9.7911640651e+02 1.1173929503e+00 1.1772496527e+00 1.1749408745e+00 1.1561783139e+00 1.1946094078e+00 8.1678290596e-01 9.7665772215e-01 9.9550816789e-01 5.1586096772e-01 5.9972161427e-01 5.9634444490e-01 0 0
1204 9.2811923146e+02 9.8645118354e+02 9.8814965972e+02 9.6003017531e+02 9.5648140991e+02 1.1163588561e+00 1.1764006563e+00 1.1740880893e+00 1.1553724664e+00 1.1938325796e+00 6.3238345533e-01 1.0212709978e+00 8.5367952660e-01 4.6792554403e-01 5.9218951315e-01 5.5552799255e-01 0 0
1205 8.9108377264e+02 9.5963648717e+02 9.5954080815e+02 9.7462188181e+02 9.5965348564e+02 1.1153981120e+00 1.1755573185e+00 1.1732916536e+00 1.1545584863e+00 1.1931142520e+00 6.9142431711e-01 1.1093740463e+00 1.0693809986e+00 4.7080522939e-01 6.2323726714e-01 5.9806120023e-01 0 0
1206 9.0757543450e+02 9.7275636081e+02 9.7336256734e+02 9.8307162125e+02 9.7808665260e+02 1.1145013687e+00 1.1747665815e+00 1.1725286828e+00 1.1537109961e+00 1.1923695243e+00 9.6186743019e-01 1.0102383867e+00 1.1104573235e+00 5.3431914492e-01 6.0367471725e-01 6.2001912668e-01 0 0
1207 8.8648826867e+02 9.6014995574e+02 9.6964664956e+02 9.7257313350e+02 9.8529855881e+02 1.1135397099e+00 1.1739949123e+00 1.1717582230e+00 1.1529129563e+00 1.1916103651e+00 7.3927759609e-01 1.1925892234e+00 1.0521395653e+00 4.8552438638e-01 6.3976889104e-01 6.0887264088e-01 0 0
1208 8.6649744465e+02 9.6802356635e+02 9.7308947430e+02 9.9038117662e+02 1.0127902670e+03 1.1127077173e+00 1.1731809194e+00 1.1709379880e+00 1.1520673915e+00 1.1908146374e+00 8.7545093188e-01 1.2691905424e+00 1.0344763920e+00 4.9016550781e-01 6.7498089746e-01 6.1996309087e-01 0 0
1209 8.8733380609e+02 9.7110845172e+02 9.6835530669e+02 9.7852590027e+02 9.9652659272e+02 1.1118330119e+00 1.1723023235e+00 1.1700901122e+00 1.1512110798e+00 1.1900163851e+00 1.1061788254e+00 1.0443040431e+00 1.0215366408e+00 5.6388499284e-01 6.1780169979e-01 6.1594935507e-01 0 0
1210 8.9380946641e+02 9.5382139313e+02 9.5478335239e+02 9.9102664571e+02 1.0086500260e+03 1.1108344148e+00 1.1714900066e+00 1.1693445987e+00 1.1503735587e+00 1.1892049057e+00 6.8401313973e-01 1.0832680240e+00 1.0061790794e+00 4.7327325635e-01 6.2315066531e-01 6.1865440011e-01 0 0
1211 8.8335690932e+02 9.5814893153e+02 9.6392138554e+02 9.8585093320e+02 9.9694100879e+02 1.1098612736e+00 1.1706777392e+00 1.1685553443e+00 1.1495066606e+00 1.1883995724e+00 6.3462842008e-01 1.0297863930e+00 9.3933599815e-01 4.4971342543e-01 6.1665823683e-01 5.9277222306e-01 0 0
1212 8.6041924966e+02 9.5071778804e+02 9.5498956146e+02 9.8517679251e+02 9.8133674776e+02 1.1089933243e+00 1.1698752747e+00 1.1677605114e+00 1.1486363141e+00 1.1877009415e+00 8.5528902302e-01 9.8931759223e-01 1.3091702461e+00 4.9297166967e-01 6.0586015880e-01 6.5230239928e-01 0 0
1213 8.6022463808e+02 9.7798699506e+02 9.8099232285e+02 9.8089748445e+02 9.8574004560e+02 1.1081405904e+00 1.1690780198e+00 1.1669648594e+00 1.1477818050e+00 1.1869628667e+00 9.1895417231e-01 1.0132363960e+00 1.4410578087e+00 5.0674437904e-01 6.0735538602e-01 7.0273155347e-01 0 0
1214 8.3541275127e+02 9.9050148284e+02 9.9237725941e+02 9.7885095265e+02 9.9689891037e+02 1.1073520342e+00 1.1681768301e+00 1.1660925646e+00 1.1469132880e+00 1.1861914041e+00 9.7354960624e-01 1.0627271682e+00 1.1435380131e+00 5.0107564567e-01 6.2555310130e-01 6.3850075006e-01 0 0
1215 8.4537878634e+02 9.6883341576e+02 9.7260937688e+02 9.7042812717e+02 9.9312719477e+02 1.1065408149e+00 1.1672888257e+00 1.1652351410e+00 1.1460992151e+00 1.1853893114e+00 9.9725524128e-01 1.1057024896e+00 1.0339703336e+00 5.1350498474e-01 6.2136249244e-01 6.1968593299e-01 0 0
1216 8.3699486191e+02 9.6186267861e+02 9.6893037031e+02 9.5949293249e+02 9.9165036051e+02 1.1056979938e+00 1.1664640037e+00 1.1644157072e+00 1.1453167040e+00 1.1845808826e+00 7.4171621465e-01 1.2479341179e+00 9.6842282265e-01 4.4932322696e-01 6.4073580876e-01 6.0232636705e-01 0 0
1217 8.2799464589e+02 9.8334616870e+02 9.8378525985e+02 9.5358330784e+02 1.0039304632e+03 1.1049174232e+00 1.1655978204e+00 1.1635664260e+00 1.1445417471e+00 1.1837838540e+00 8.1784034857e-01 1.1848180965e+00 1.0323287770e+00 4.5359283456e-01 6.2714890763e-01 6.1802608892e-01 0 0
1218 8.2768903861e+02 9.6672885935e+02 9.6821885439e+02 9.4618493832e+02 1.0044763561e+03 1.1041041184e+00 1.1647332208e+00 1.1627481020e+00 1.1437138133e+00 1.1829922122e+00 8.1724165567e-01 9.5663411170e-01 1.1255438477e+00 4.6377696994e-01 5.7681432366e-01 6.4150062948e-01 0 0
1219 8.2839770698e+02 9.9062278391e+02 9.8797798558e+02 9.3605632176e+02 1.0134819621e+03 1.1032530067e+00 1.1638320804e+00 1.1618878653e+00 1.1429513406e+00 1.1821836461e+00 6.7367795886e-01 1.0421298742e+00 1.2175936550e+00 4.2880546305e-01 5.8089401200e-01 6.7519717291e-01 0 0
1220 8.1769327314e+02 9.7936608962e+02 9.6417331819e+02 9.3678732912e+02 9.9530318873e+02 1.1024359327e+00 1.1628898780e+00 1.1610391718e+00 1.1421860109e+00 1.1813418609e+00 6.4668654899e-01 1.1358326301e+00 1.0132460743e+00 4.1219835491e-01 6.0770040005e-01 6.2870752066e-01 0 0
1221 8.1932281709e+02 9.6668515428e+02 9.8201778879e+02 9.3537893391e+02 9.8586491215e+02 1.1016337824e+00 1.1620313058e+00 1.1602291643e+00 1.1413944007e+00 1.1805697069e+00 6.9480245732e-01 9.3207404017e-01 1.1220885292e+00 4.2164542738e-01 5.5909965187e-01 6.3165274635e-01 0 0
1222 8.3082511861e+02 9.4550482548e+02 9.5750636421e+02 9.2671176074e+02 1.0088692309e+03 1.1007981193e+00 1.1612350593e+00 1.1593938910e+00 1.1406022012e+00 1.1797883736e+00 6.5213493973e-01 9.2337419838e-01 1.2571240589e+00 4.1634902522e-01 5.5583784729e-01 6.7415155470e-01 0 0
1223 8.3469066640e+02 9.5156755541e+02 9.5039333962e+02 9.3339846127e+02 9.8626882111e+02 1.0999187301e+00 1.1604306724e+00 1.1586057371e+00 1.1398088576e+00 1.1789988553e+00 5.4680264563e-01 8.7081769854e-01 1.1032370627e+00 3.9149536760e-01 5.4073804617e-01 6.3674398512e-01 0 0
1224 8.1201112826e+02 9.5163339843e+02 9.4876989439e+02 9.1504627615e+02 9.9790026431e+02 1.0990737316e+00 1.1595906848e+00 1.1578244440e+00 1.1390084287e+00 1.1782455212e+00 5.6632949228e-01 8.0085940659e-01 1.3580837399e+00 3.8926923308e-01 5.1785923168e-01 6.8688917160e-01 0 0
1225 8.1010104262e+02 9.4222436288e+02 9.4826509347e+02 9.3081123892e+02 1.0000000312e+03 1.0982861919e+00 1.1587515479e+00 1.1570331225e+00 1.1382134966e+00 1.1774234181e+00 6.8240207961e-01 7.8670575842e-01 1.1093728468e+00 4.1117360793e-01 5.1182950661e-01 6.4955545962e-01 0 0
1226 8.0934235120e+02 9.3173021176e+02 9.4460216494e+02 9.2289425857e+02 9.8534635408e+02 1.0974874115e+00 1.1579234093e+00 1.1562072650e+00 1.1374246197e+00 1.1766170252e+00 6.4948187387e-01 8.5072076693e-01 1.0557022467e+00 4.0567651719e-01 5.2933906764e-01 6.2651557475e-01 0 0
1227 7.7651478710e+02 9.2535044037e+02 9.3080744518e+02 9.1378672977e+02 9.6780063159e+02 1.0967649293e+00 1.1570778248e+00 1.1553690241e+00 1.1366481761e+00 1.1758661764e+00 6.9194493725e-01 8.5914955661e-01 1.2296648771e+00 3.9482932479e-01 5.2680989727e-01 6.5206028894e-01 0 0
1228 8.0046754681e+02 9.0934626243e+02 9.2398579535e+02 8.9914257768e+02 9.9099965313e+02 1.0960716643e+00 1.1562996677e+00 1.1545719203e+00 1.1359014246e+00 1.1750606417e+00 9.3019115265e-01 8.5577581450e-01 1.0189965591e+00 4.5021261258e-01 5.1561720297e-01 6.1525103822e-01 0 0
1229 7.9223490176e+02 9.2311442953e+02 9.2872607641e+02 8.8804719047e+02 9.6402272406e+02 1.0952901935e+00 1.1555214042e+00 1.1537710131e+00 1.1352143895e+00 1.1742603121e+00 6.4545975211e-01 1.0446825773e+00 8.2534338534e-01 3.9693555881e-01 5.4484027624e-01 5.5112412944e-01 0 0
1230 7.8079189598e+02 9.0559572934e+02 9.1057766692e+02 8.8918252485e+02 9.6591381603e+02 1.0945794002e+00 1.1547598839e+00 1.1530193270e+00 1.1345208053e+00 1.1735042297e+00 6.8910085105e-01 1.1493299529e+00 9.9676497653e-01 3.9147526635e-01 5.7357670739e-01 5.8841665462e-01 0 0
1231 7.8779775902e+02 9.0518989720e+02 9.1284092946e+02 8.9573464960e+02 9.4534758819e+02 1.0938626331e+00 1.1540051411e+00 1.1522719541e+00 1.1337966790e+00 1.1727232945e+00 8.8074850160e-01 1.0343166366e+00 9.1908477992e-01 4.4214153216e-01 5.5749278888e-01 5.7399391755e-01 0 0
1232 8.0075507966e+02 9.0806631779e+02 9.1358781050e+02 9.0096313049e+02 9.2373525022e+02 1.0930908587e+00 1.1532310385e+00 1.1515045306e+00 1.1330502170e+00 1.1720153097e+00 6.8447098631e-01 9.2525967583e-01 1.0296732485e+00 4.0505681278e-01 5.3521272540e-01 5.7735138014e-01 0 0
1233 7.8058966289e+02 9.0029106405e+02 9.0218391279e+02 8.8555752213e+02 9.3333437872e+02 1.0923530147e+00 1.1524872990e+00 1.1507792952e+00 1.1323072680e+00 1.1713512474e+00 6.6887906760e-01 8.1821595132e-01 1.2907001898e+00 3.9019524919e-01 5.0165669993e-01 6.2913356721e-01 0 0
1234 7.8567441161e+02 9.1230826753e+02 9.1682253599e+02 8.6968370687e+02 9.3320884586e+02 1.0915837182e+00 1.1517538323e+00 1.1500735312e+00 1.1316417646e+00 1.1706542960e+00 6.8244778108e-01 1.0100447834e+00 1.1603481770e+00 4.0226047336e-01 5.2746431157e-01 6.0870204866e-01 0 0
1235 7.5487718209e+02 8.8876065394e+02 8.8789888923e+02 8.5289609566e+02 9.2816876159e+02 1.0908541799e+00 1.1509784613e+00 1.1493451610e+00 1.1309964279e+00 1.1699518017e+00 6.0999535605e-01 1.1179710552e+00 1.0995377377e+00 3.6893378777e-01 5.4843234643e-01 5.9329919890e-01 0 0
1236 7.6313139593e+02 8.9006369154e+02 8.9101564240e+02 8.5599649532e+02 9.3006827706e+02 1.0902126262e+00 1.1502523793e+00 1.1486643554e+00 1.1303298923e+00 1.1692250920e+00 9.3201781010e-01 9.3575087562e-01 9.0943117067e-01 4.2704845096e-01 5.0889908150e-01 5.4972834513e-01 0 0
1237 7.5404484713e+02 8.9143209921e+02 8.9690687226e+02 8.5254101807e+02 9.3081553624e+02 1.0895094571e+00 1.1495017435e+00 1.1479422868e+00 1.1296522867e+00 1.1685211601e+00 7.4916317417e-01 8.0465751514e-01 9.7752258927e-01 4.0113535514e-01 4.7386894934e-01 5.5749326944e-01 0 0
1238 7.3542431625e+02 8.9115150227e+02 8.8652347685e+02 8.4938492452e+02 9.2762930366e+02 1.0888272776e+00 1.1487315995e+00 1.1472222211e+00 1.1289804982e+00 1.1678398876e+00 6.6656172896e-01 7.8685682267e-01 1.1235365123e+00 3.7085033693e-01 4.6762695350e-01 5.9013767540e-01 0 0
1239 7.5522409977e+02 8.7744476322e+02 8.8645931943e+02 8.4044017485e+02 9.1655874744e+02 1.0881484514e+00 1.1479911568e+00 1.1465102941e+00 1.1283223849e+00 1.1671643663e+00 7.1489003183e-01 7.7174741775e-01 1.1268091947e+00 3.8406652206e-01 4.5603472739e-01 5.8751303703e-01 0 0
1240 7.4585263090e+02 8.7397986962e+02 8.8459990956e+02 8.4660671950e+02 9.0575224261e+02 1.0874108879e+00 1.1473032889e+00 1.1457947651e+00 1.1276596299e+00 1.1664740146e+00 5.4915041767e-01 8.1798808649e-01 9.8779997975e-01 3.4978909153e-01 4.7081860155e-01 5.5430269614e-01 0 0
1241 7.3303386387e+02 8.6351671958e+02 8.6607231222e+02 8.3384785783e+02 9.1653951770e+02 1.0867108739e+00 1.1466082314e+00 1.1450973888e+00 1.1269893405e+00 1.1657915537e+00 5.4716124892e-01 7.2022092342e-01 9.9138379097e-01 3.3830083142e-01 4.4404008985e-01 5.5223888904e-01 0 0
1242 7.2708716036e+02 8.5998477457e+02 8.6406018309e+02 8.3114149668e+02 9.1950173328e+02 1.0860243456e+00 1.1459139017e+00 1.1444355045e+00 1.1263872058e+00 1.1650652759e+00 5.8453345983e-01 8.4151846543e-01 9.1299228743e-01 3.4613500327e-01 4.5659727789e-01 5.4685879871e-01 0 0
1243 7.1553668359e+02 8.5362034155e+02 8.6147580494e+02 8.4499127214e+02 9.1328746843e+02 1.0853290867e+00 1.1451958867e+00 1.1437353428e+00 1.1257414915e+00 1.1643342903e+00 5.3374619056e-01 8.1247315183e-01 8.2629464939e-01 3.3227816693e-01 4.6245886199e-01 5.2081089094e-01 0 0
1244 7.1425410052e+02 8.3782206494e+02 8.2955839156e+02 8.2771938180e+02 8.9481213112e+02 1.0846534887e+00 1.1444789040e+00 1.1430681143e+00 1.1250863848e+00 1.1636630251e+00 4.9704846605e-01 7.2608271241e-01 9.5300998166e-01 3.1529931149e-01 4.4116545282e-01 5.3673656657e-01 0 0
1245 7.1338403035e+02 8.3472592807e+02 8.4026967397e+02 8.4411373641e+02 8.9807429398e+02 1.0840084184e+00 1.1438239578e+00 1.1424618040e+00 1.1244213273e+00 1.1629945970e+00 5.7164400874e-01 7.3043622077e-01 1.0162974671e+00 3.3045030450e-01 4.4306964800e-01 5.5367954448e-01 0 0
1246 7.0540271134e+02 8.4000048363e+02 8.4452934378e+02 8.3206332391e+02 8.7950074616e+02 1.0833471718e+00 1.1431562104e+00 1.1417992224e+00 1.1237360354e+00 1.1623073975e+00 5.6864863142e-01 6.3399278745e-01 8.1385137886e-01 3.3259644653e-01 4.1968925297e-01 5.0147322565e-01 0 0
1247 6.9414803770e+02 8.4146832234e+02 8.3386449739e+02 8.2086254178e+02 8.6454460556e+02 1.0827584194e+00 1.1424528675e+00 1.1411461381e+00 1.1230670775e+00 1.1617075858e+00 6.5602710144e-01 5.9751321748e-01 9.8869268596e-01 3.3815027950e-01 4.0108025447e-01 5.1844204217e-01 0 0
1248 7.0871013428e+02 8.2052273734e+02 8.3142377883e+02 7.9466443390e+02 8.6278299705e+02 1.0820958897e+00 1.1417841883e+00 1.1405298189e+00 1.1224839414e+00 1.1610851904e+00 5.7239984337e-01 7.4184732512e-01 9.8623038456e-01 3.3325791882e-01 4.1833919846e-01 5.2445635572e-01 0 0
1249 7.0273507872e+02 8.2927359026e+02 8.2481395630e+02 8.1440438358e+02 8.5785830706e+02 1.0814056074e+00 1.1411164075e+00 1.1398860490e+00 1.1218930730e+00 1.1604507697e+00 4.2690172399e-01 8.6437602341e-01 7.9746528342e-01 2.9359086999e-01 4.5298470184e-01 4.7660443373e-01 0 0
1250 6.9199319677e+02 8.3580242133e+02 8.3290253031e+02 8.0758401266e+02 8.5296138541e+02 1.0807935992e+00 1.1404396993e+00 1.1392568613e+00 1.1212473762e+00 1.1598559504e+00 5.2620722193e-01 6.4147352800e-01 9.0991276130e-01 3.0630436236e-01 4.0696343966e-01 4.9261267856e-01 0 0
1251 6.8988782276e+02 8.3150071407e+02 8.4018576815e+02 8.0592233652e+02 8.5317821263e+02 1.0802117145e+00 1.1397590079e+00 1.1386157680e+00 1.1206346267e+00 1.1592575461e+00 6.9200771978e-01 6.8642688543e-01 9.4831044972e-01 3.4310093724e-01 4.0877409093e-01 5.0325623900e-01 0 0
1252 6.8533437516e+02 8.1370437660e+02 8.2875897431e+02 8.0895051610e+02 8.6184754307e+02 1.0795862228e+00 1.1390920754e+00 1.1379438129e+00 1.1200257313e+00 1.1586293772e+00 5.4823238394e-01 7.4521114677e-01 8.1728530303e-01 3.1538484888e-01 4.2751521431e-01 4.7754965536e-01 0 0
1253 6.7900962759e+02 8.1874732824e+02 8.1786073845e+02 8.1348006276e+02 8.3747358167e+02 1.0790148332e+00 1.1384184499e+00 1.1372868000e+00 1.1193832943e+00 1.1580218263e+00 6.3181719104e-01 6.7555709183e-01 7.9533107579e-01 3.2254913413e-01 4.1514388844e-01 4.6357965283e-01 0 0
1254 7.0672180313e+02 7.9764896728e+02 8.1155098423e+02 7.9712138348e+02 8.4839160327e+02 1.0783651169e+00 1.1377960551e+00 1.1366742508e+00 1.1187678006e+00 1.1574400115e+00 5.3816502044e-01 6.5880785510e-01 8.6944829300e-01 3.1855460887e-01 4.0170930140e-01 4.7623166069e-01 0 0
1255 6.9523373570e+02 8.0338117510e+02 8.0989335718e+02 8.0284101010e+02 8.5308583243e+02 1.0776575283e+00 1.1371917761e+00 1.1360525600e+00 1.1181672836e+00 1.1568492972e+00 3.5262912161e-01 7.3093409464e-01 8.4025291353e-01 2.6770433943e-01 4.1758478060e-01 4.6986658685e-01 0 0
1256 6.7521349153e+02 8.0291013663e+02 8.0581755845e+02 7.8726270234e+02 8.4462443577e+02 1.0770182065e+00 1.1365629688e+00 1.1354470704e+00 1.1175402341e+00 1.1562579980e+00 3.9686435532e-01 6.1185201630e-01 8.8010239974e-01 2.7038572270e-01 3.8952481747e-01 4.8115750961e-01 0 0
1257 6.8450688112e+02 7.9618425945e+02 8.0620371960e+02 7.6824389845e+02 8.3727698523e+02 1.0764260807e+00 1.1359316287e+00 1.1348236758e+00 1.1169644006e+00 1.1556603919e+00 5.5976741665e-01 6.5545238927e-01 8.4623933211e-01 3.0760007333e-01 3.8654078729e-01 4.7379575111e-01 0 0
1258 6.8707573134e+02 7.9983045078e+02 8.0096824219e+02 7.6825561339e+02 8.2769106556e+02 1.0757646323e+00 1.1352911584e+00 1.1342018650e+00 1.1164109667e+00 1.1550726661e+00 4.3308314994e-01 7.7113382518e-01 7.8817531094e-01 2.8614401174e-01 4.0898695029e-01 4.5254646987e-01 0 0
1259 6.5867748876e+02 7.9869722048e+02 7.9995378773e+02 7.5742491377e+02 8.2631788677e+02 1.0751313272e+00 1.1346338250e+00 1.1335777748e+00 1.1158965283e+00 1.1544985384e+00 3.7685254609e-01 7.9966276884e-01 8.2303809002e-01 2.5943839287e-01 4.0357402712e-01 4.5590019040e-01 0 0
1260 6.5576012623e+02 7.9892490260e+02 7.9439855394e+02 7.6628458323e+02 8.1592466717e+02 1.0745748072e+00 1.1339797474e+00 1.1329763249e+00 1.1153481117e+00 1.1539306329e+00 5.1923446967e-01 7.8845652193e-01 7.7707911655e-01 2.8589220181e-01 4.1096843965e-01 4.4107008167e-01 0 0
1261 6.6583883254e+02 7.8816226121e+02 8.0171519257e+02 7.5816464241e+02 8.1684518882e+02 1.0739616842e+00 1.1333548778e+00 1.1323623745e+00 1.1147768446e+00 1.1534111237e+00 4.5716125733e-01 6.2317267433e-01 9.2317249998e-01 2.7962021092e-01 3.7274105288e-01 4.5984921418e-01 0 0
1262 6.4625531310e+02 7.8289466884e+02 7.8220957070e+02 7.5553722608e+02 8.1677112002e+02 1.0733614083e+00 1.1327680788e+00 1.1317818506e+00 1.1142256322e+00 1.1528556881e+00 4.0940793794e-01 5.9788539633e-01 8.8651219383e-01 2.6141727910e-01 3.5973432474e-01 4.6556266956e-01 0 0
1263 6.6047803676e+02 7.7902222369e+02 7.8770306906e+02 7.2762855393e+02 8.1514511745e+02 1.0727874455e+00 1.1322000246e+00 1.1312457433e+00 1.1137319482e+00 1.1522927884e+00 5.2615535160e-01 7.5368202105e-01 8.0341896042e-01 2.8992256921e-01 3.7956608087e-01 4.4513636827e-01 0 0
1264 6.6611878039e+02 7.7570218190e+02 7.7151138196e+02 7.3837879845e+02 8.1588138691e+02 1.0721546893e+00 1.1315817878e+00 1.1306752290e+00 1.1132327850e+00 1.1517254274e+00 4.4637886574e-01 8.2024243101e-01 8.1152016670e-01 2.7885852313e-01 3.9819471538e-01 4.4834835082e-01 0 0
1265 6.3997530618e+02 7.5689307369e+02 7.6906903949e+02 7.3094955366e+02 8.1592819077e+02 1.0715733127e+00 1.1309781008e+00 1.1301010474e+00 1.1126996442e+00 1.1511381769e+00 4.5434143325e-01 6.0658706725e-01 7.5352249667e-01 2.6955525424e-01 3.5269187018e-01 4.3942106329e-01 0 0
1266 6.5253471366e+02 7.5678679296e+02 7.6302211632e+02 7.3092732197e+02 8.1368482842e+02 1.0710219354e+00 1.1304030547e+00 1.1295175542e+00 1.1121715116e+00 1.1505501361e+00 6.6936368080e-01 5.8977314830e-01 6.7592277750e-01 3.1770570760e-01 3.4706392139e-01 4.1694815271e-01 0 0
1267 6.6471988852e+02 7.4990003500e+02 7.5471828353e+02 7.3224146461e+02 8.0134812192e+02 1.0703825232e+00 1.1298424285e+00 1.1289646910e+00 1.1116232899e+00 1.1499999740e+00 4.6990017060e-01 5.3313589096e-01 7.5431559980e-01 2.8566840175e-01 3.3444624394e-01 4.2517991923e-01 0 0
1268 6.5832767306e+02 7.4847657779e+02 7.4566815676e+02 7.2905683935e+02 8.0851627225e+02 1.0697416335e+00 1.1292801317e+00 1.1284361697e+00 1.1110709286e+00 1.1494288432e+00 3.9713936362e-01 4.9442581832e-01 7.0654397830e-01 2.6221724283e-01 3.2475642301e-01 4.1765852459e-01 0 0
1269 6.6136776262e+02 7.3928901656e+02 7.5219420697e+02 7.0711654803e+02 7.7908070827e+02 1.0691256686e+00 1.1287598626e+00 1.1279179495e+00 1.1105671351e+00 1.1488693184e+00 4.4964012942e-01 5.5290723592e-01 6.5920624509e-01 2.7341530536e-01 3.2607885264e-01 3.9865843765e-01 0 0
1270 6.7498836213e+02 7.4189209121e+02 7.4651892139e+02 7.1594821304e+02 7.7977352481e+02 1.0684548536e+00 1.1282192126e+00 1.1273698481e+00 1.1101101713e+00 1.1483372257e+00 3.9504017498e-01 7.3138027266e-01 7.1876040101e-01 2.6661971626e-01 3.5963596776e-01 4.0606832318e-01 0 0
1271 6.4763880838e+02 7.3508672958e+02 7.4326782690e+02 7.2065167991e+02 7.7306346764e+02 1.0678003391e+00 1.1276609635e+00 1.1268240711e+00 1.1095918396e+00 1.1477940363e+00 3.7695115787e-01 6.0066487268e-01 6.7289388552e-01 2.5693689347e-01 3.4315735660e-01 3.9581161179e-01 0 0
1272 6.5242526783e+02 7.2074182704e+02 7.2917393330e+02 7.0872630031e+02 7.7416503409e+02 1.0672399213e+00 1.1271336142e+00 1.1262887232e+00 1.1091061098e+00 1.1472488549e+00 5.2847744302e-01 5.8712533861e-01 6.1115875468e-01 2.8110788940e-01 3.3107375167e-01 3.7788150460e-01 0 0
1273 6.6187843492e+02 7.2930960504e+02 7.3249594709e+02 7.1597832980e+02 7.6221781664e+02 1.0666002806e+00 1.1265996768e+00 1.1257621825e+00 1.1086051613e+00 1.1467308194e+00 4.8270183582e-01 6.2608409673e-01 6.3878214732e-01 2.8595255639e-01 3.4372645058e-01 3.7683939934e-01 0 0
1274 6.5285488422e+02 7.2181760594e+02 7.1741519534e+02 7.0368747502e+02 7.6600391644e+02 1.0659248179e+00 1.1260356369e+00 1.1252437994e+00 1.1081119594e+00 1.1462208309e+00 3.3427813915e-01 5.1298446581e-01 7.2406695411e-01 2.4448221711e-01 3.1212221272e-01 3.9548049308e-01 0 0
1275 6.5146616791e+02 7.1252953886e+02 7.2417453007e+02 6.9416818477e+02 7.4407774291e+02 1.0652757462e+00 1.1255152237e+00 1.1247370377e+00 1.1076397836e+00 1.1457213608e+00 3.5027458298e-01 6.2065895274e-01 6.4537950233e-01 2.4444037018e-01 3.3258502372e-01 3.7030813657e-01 0 0
1276 6.4075411729e+02 7.2723951522e+02 7.2290762722e+02 7.1121715654e+02 7.4596912637e+02 1.0646728863e+00 1.1249665972e+00 1.1242073750e+00 1.1071456956e+00 1.1452642903e+00 4.2261502333e-01 5.8782584593e-01 7.9308746010e-01 2.5874978438e-01 3.3150616474e-01 3.9222528599e-01 0 0
1277 6.6096901318e+02 7.0062006020e+02 7.0508964412e+02 6.8906598922e+02 7.4804578737e+02 1.0640430002e+00 1.1244263930e+00 1.1237186904e+00 1.1066533434e+00 1.1447719519e+00 4.1225155677e-01 4.9715505727e-01 7.0432150736e-01 2.6037588283e-01 3.0510053784e-01 3.8221389428e-01 0 0
1278 6.2815413533e+02 7.1304135136e+02 7.1458757773e+02 6.9349864816e+02 7.4956045453e+02 1.0633921140e+00 1.1239181615e+00 1.1232271319e+00 1.1062107260e+00 1.1442585294e+00 3.3375781852e-01 6.6764100641e-01 5.6615411490e-01 2.3769022297e-01 3.3378069103e-01 3.4870857559e-01 0 0
1279 6.2959440807e+02 7.0562242028e+02 7.1056060614e+02 6.9136391466e+02 7.3381132623e+02 1.0628117724e+00 1.1233994848e+00 1.1227337087e+00 1.1057192923e+00 1.1437572504e+00 3.8868728353e-01 5.7766858861e-01 5.6880388036e-01 2.4131787262e-01 3.2688016817e-01 3.4738310613e-01 0 0
1280 6.4308212220e+02 6.9571433613e+02 7.0379200585e+02 6.8497659632e+02 7.3732235149e+02 1.0622073615e+00 1.1229138808e+00 1.1222608484e+00 1.1052272291e+00 1.1432732514e+00 4.3557593331e-01 4.6044237912e-01 6.0963520035e-01 2.5986994585e-01 2.9178716615e-01 3.5234238394e-01 0 0
1281 6.5761075084e+02 6.9729452619e+02 7.0476228262e+02 6.5723003013e+02 7.2810546111e+02 1.0615397372e+00 1.1224268938e+00 1.1217694330e+00 1.1047862148e+00 1.1427988056e+00 3.4706476358e-01 5.3897139058e-01 6.2238458171e-01 2.4378112081e-01 2.9802773148e-01 3.5192728229e-01 0 0
1282 6.2279640588e+02 7.1648961960e+02 7.0677361121e+02 6.8026704315e+02 7.2516196467e+02 1.0609179972e+00 1.1218841848e+00 1.1212666951e+00 1.1043319514e+00 1.1423632765e+00 3.5714126762e-01 5.9742145240e-01 7.2984356061e-01 2.3807193180e-01 3.1736772321e-01 3.6626885831e-01 0 0
1283 6.3109170843e+02 6.9779959963e+02 6.9748738788e+02 6.7554942917e+02 7.3147693060e+02 1.0603409234e+00 1.1213362373e+00 1.1207902768e+00 1.1038360314e+00 1.1419155412e+00 5.2177831057e-01 4.2476500571e-01 7.1603770927e-01 2.7648662053e-01 2.7893334441e-01 3.6722240597e-01 0 0
1284 6.3082384136e+02 6.9002212374e+02 7.0694704540e+02 6.7520013237e+02 7.3464294048e+02 1.0596990703e+00 1.1208357260e+00 1.1202861057e+00 1.1033653360e+00 1.1414376200e+00 3.8632767586e-01 4.7171151079e-01 6.2490737438e-01 2.5077030716e-01 2.8539169952e-01 3.5211594030e-01 0 0
1285 6.1180666515e+02 6.9719484812e+02 6.9433884919e+02 6.7721190830e+02 7.0827190665e+02 1.0590944813e+00 1.1203236147e+00 1.1197818054e+00 1.1028646929e+00 1.1409858914e+00 3.6723851052e-01 4.7297065705e-01 6.3608165830e-01 2.3574755953e-01 2.9421717301e-01 3.4660200030e-01 0 0
1286 6.1838493276e+02 6.7148070989e+02 6.8664474075e+02 6.7835660791e+02 7.2509792442e+02 1.0585153462e+00 1.1198197266e+00 1.1193054060e+00 1.1023560192e+00 1.1405388849e+00 4.2572180887e-01 4.2708857358e-01 6.6325943545e-01 2.4811502346e-01 2.8138908371e-01 3.5271560214e-01 0 0
1287 6.1755948699e+02 6.7413115378e+02 6.8824412003e+02 6.6654114183e+02 7.1794089241e+02 1.0579025272e+00 1.1193682422e+00 1.1188110388e+00 1.1018837275e+00 1.1400613974e+00 3.7602329336e-01 4.8601332866e-01 5.3564496338e-01 2.3902744730e-01 2.8948525898e-01 3.2622010633e-01 0 0
1288 5.9726803354e+02 6.7021251294e+02 6.7602392247e+02 6.7391785942e+02 7.1675039240e+02 1.0573798174e+00 1.1188900085e+00 1.1183268109e+00 1.1014083396e+00 1.1396113730e+00 4.5597131045e-01 5.6152105704e-01 5.8569614217e-01 2.4274193730e-01 3.0963923596e-01 3.3203158900e-01 0 0
1289 6.0802287401e+02 6.6391452763e+02 6.6429003455e+02 6.7097566554e+02 7.1594812574e+02 1.0568519535e+00 1.1184243587e+00 1.1178879796e+00 1.1009190484e+00 1.1391448927e+00 6.2128636611e-01 4.8256734014e-01 5.7090424746e-01 2.8381811445e-01 2.9206399433e-01 3.3308674581e-01 0 0
1290 6.0473521411e+02 6.6167968081e+02 6.6560374379e+02 6.6622021509e+02 7.0620327279e+02 1.0562502001e+00 1.1179579577e+00 1.1174592238e+00 1.1004753415e+00 1.1386847008e+00 4.0195725536e-01 6.0119842365e-01 5.2286941931e-01 2.4259310522e-01 3.0963924713e-01 3.1596688367e-01 0 0
1291 5.9326138228e+02 6.6957731536e+02 6.5613096539e+02 6.8166359005e+02 7.0410284228e+02 1.0556869433e+00 1.1174566735e+00 1.1170179156e+00 1.0999905156e+00 1.1382187097e+00 3.8242330975e-01 5.6063350663e-01 5.2349465340e-01 2.2918509611e-01 3.1128859520e-01 3.1801033951e-01 0 0
1292 5.8742815478e+02 6.6469339736e+02 6.7576489070e+02 6.6636242016e+02 6.9651935992e+02 1.0551420060e+00 1.1169589156e+00 1.1165707232e+00 1.0995145256e+00 1.1377524478e+00 4.4604664245e-01 4.9573079497e-01 4.7636048868e-01 2.4188657706e-01 2.9040068202e-01 3.0239396356e-01 0 0
1293 5.8891829349e+02 6.7406520920e+02 6.7055597268e+02 6.6690146386e+02 6.9041635989e+02 1.0546038188e+00 1.1164530867e+00 1.1160808632e+00 1.0990615644e+00 1.1373017491e+00 4.4117552742e-01 6.2351781502e-01 4.5873872750e-01 2.3907302856e-01 3.1731939316e-01 2.9220172949e-01 0 0
1294 5.8832167642e+02 6.6487033510e+02 6.6616451140e+02 6.7229743697e+02 6.7956555515e+02 1.0540932919e+00 1.1159382044e+00 1.1156215977e+00 1.0985825638e+00 1.1368805808e+00 4.8468740064e-01 5.4237052426e-01 5.4032460228e-01 2.4391973117e-01 3.0339577980e-01 3.0432543159e-01 0 0
1295 5.8612232175e+02 6.6243112850e+02 6.6644206894e+02 6.5095665178e+02 6.8759088036e+02 1.0535415946e+00 1.1154509795e+00 1.1151586792e+00 1.0981208695e+00 1.1364595511e+00 4.3371751343e-01 5.1697663590e-01 6.0896594450e-01 2.3895502999e-01 2.9079798423e-01 3.2222910970e-01 0 0
1296 5.6639357921e+02 6.6548034813e+02 6.6797639835e+02 6.7239083686e+02 6.8259230145e+02 1.0529925341e+00 1.1149616907e+00 1.1146912044e+00 1.0976431114e+00 1.1360096813e+00 3.5539251843e-01 5.0966985151e-01 5.2843022346e-01 2.1609477242e-01 2.9282895103e-01 3.0934030935e-01 0 0
1297 5.6874524761e+02 6.6038416850e+02 6.6095957705e+02 6.4933350445e+02 6.8981845438e+02 1.0524986773e+00 1.1144621821e+00 1.1142260473e+00 1.0971759798e+00 1.1355824759e+00 4.3537591127e-01 4.7696585581e-01 5.8324060217e-01 2.2612192844e-01 2.7920302376e-01 3.1692011282e-01 0 0
1298 5.7257839096e+02 6.6171153553e+02 6.7406961343e+02 6.5496543325e+02 6.8317345437e+02 1.0519610025e+00 1.1140106231e+00 1.1137470748e+00 1.0967489742e+00 1.1351346203e+00 3.7999795352e-01 6.4388684556e-01 5.8324345946e-01 2.2025304638e-01 3.0945108272e-01 3.2369762845e-01 0 0
1299 5.5926205629e+02 6.6336057314e+02 6.5881676607e+02 6.5368852483e+02 6.8858187603e+02 1.0514396079e+00 1.1135285530e+00 1.1132851119e+00 1.0962973409e+00 1.1346976355e+00 3.2615858756e-01 5.7743275538e-01 5.8770144731e-01 2.0069776113e-01 3.0159835145e-01 3.1908801757e-01 0 0
1300 5.6364718122e+02 6.6647029660e+02 6.7300394687e+02 6.4783526552e+02 6.8527109143e+02 1.0509326221e+00 1.1130375484e+00 1.1128222576e+00 1.0958408929e+00 1.1342449292e+00 3.9316211091e-01 4.9364818819e-01 5.6600245833e-01 2.1605916704e-01 2.8011567332e-01 3.1932665035e-01 0 0
1301 5.7110047750e+02 6.5982050116e+02 6.6616317446e+02 6.3561218030e+02 6.8677539087e+02 1.0503699089e+00 1.1125326073e+00 1.1123294386e+00 1.0953904439e+00 1.1337924182e+00 2.9082998739e-01 5.0980680063e-01 5.2201584727e-01 1.9628402985e-01 2.8138251603e-01 3.0624862202e-01 0 0
1302 5.6015113487e+02 6.5752447673e+02 6.6561857978e+02 6.5016079742e+02 6.7896943967e+02 1.0498210004e+00 1.1120428130e+00 1.1118381851e+00 1.0949202717e+00 1.1333496768e+00 2.5962960158e-01 4.6974813566e-01 5.8111796156e-01 1.8205096314e-01 2.7573935501e-01 3.1717935763e-01 0 0
1303 5.5799405704e+02 6.6027697787e+02 6.5289748430e+02 6.5516703500e+02 6.9824371193e+02 1.0493356300e+00 1.1115419408e+00 1.1113775798e+00 1.0944456124e+00 1.1328887727e+00 3.8905001100e-01 4.2451783642e-01 5.5693953484e-01 2.0919703546e-01 2.6383945905e-01 3.1715366058e-01 0 0
1304 5.7061871007e+02 6.4637733272e+02 6.5726138731e+02 6.6326604296e+02 6.7330553521e+02 1.0487860840e+00 1.1110550749e+00 1.1109354242e+00 1.0939595750e+00 1.1324359883e+00 3.4861557601e-01 4.7691336274e-01 5.0298514590e-01 2.1029585358e-01 2.8076077811e-01 2.9848600551e-01 0 0
1305 5.6930713874e+02 6.5992123110e+02 6.5294994065e+02 6.6282482603e+02 6.8531334074e+02 1.0482117851e+00 1.1105588897e+00 1.1104666425e+00 1.0934364289e+00 1.1320302671e+00 2.6839781429e-01 3.8658979535e-01 7.2388455644e-01 1.8815384797e-01 2.6273555867e-01 3.3831321076e-01 0 0
1306 5.5492054046e+02 6.5087124303e+02 6.5915644482e+02 6.4183513752e+02 6.7965701368e+02 1.0476619860e+00 1.1100546226e+00 1.1100001454e+00 1.0929322596e+00 1.1315750974e+00 2.8635194080e-01 3.6483065225e-01 6.0085672885e-01 1.8928670239e-01 2.5082868524e-01 3.2650457509e-01 0 0
1307 5.5269050282e+02 6.4883585655e+02 6.5212577870e+02 6.3024154596e+02 6.7349904881e+02 1.0471272576e+00 1.1095698647e+00 1.1095298469e+00 1.0924710544e+00 1.1311251328e+00 3.2578579510e-01 4.1487325355e-01 5.0530489907e-01 1.9867462334e-01 2.5438685156e-01 2.9683585092e-01 0 0
1308 5.4020778651e+02 6.3474091663e+02 6.5729740225e+02 6.3336275151e+02 6.7197179535e+02 1.0466021151e+00 1.1091180440e+00 1.1090491100e+00 1.0920212229e+00 1.1306964025e+00 3.0839658901e-01 4.7918343544e-01 5.5528422445e-01 1.9156827506e-01 2.7007811889e-01 3.0338304676e-01 0 0
1309 5.2981375439e+02 6.2729468753e+02 6.2756247199e+02 6.2958331955e+02 6.7175704779e+02 1.0461297529e+00 1.1086547115e+00 1.1085878745e+00 1.0915581158e+00 1.1302529824e+00 3.5882412046e-01 4.2736430466e-01 5.4625888541e-01 1.9438589054e-01 2.5773954950e-01 3.0536154099e-01 0 0
1310 5.2808528418e+02 6.4268744834e+02 6.4342263521e+02 6.3225380584e+02 6.6539962147e+02 1.0456760937e+00 1.1081807514e+00 1.1081369510e+00 1.0910926133e+00 1.1298352667e+00 4.2047371258e-01 4.0010566451e-01 5.7855533808e-01 2.0740916533e-01 2.4934649374e-01 3.0475264788e-01 0 0
1311 5.3548640804e+02 6.5461868672e+02 6.5407831144e+02 6.2386166335e+02 6.7341369157e+02 1.0451847733e+00 1.1076824869e+00 1.1076613613e+00 1.0906173733e+00 1.1293966896e+00 3.4564164043e-01 4.0100244433e-01 5.7482327893e-01 1.9397591619e-01 2.5140030310e-01 3.0969884060e-01 0 0
1312 5.2470928996e+02 6.5105690515e+02 6.5692608032e+02 6.2026816277e+02 6.6291956054e+02 1.0447114066e+00 1.1071732015e+00 1.1071801594e+00 1.0901520729e+00 1.1289621219e+00 3.3078148014e-01 3.8371939771e-01 4.9632925913e-01 1.8635019333e-01 2.4266592972e-01 2.8693124279e-01 0 0
1313 5.4390228377e+02 6.2873588453e+02 6.3602672900e+02 6.1219949261e+02 6.7082309516e+02 1.0441955777e+00 1.1066811981e+00 1.1067251056e+00 1.0897121110e+00 1.1285152322e+00 3.0475231235e-01 4.2347991839e-01 4.8465590551e-01 1.8610918603e-01 2.4813553318e-01 2.8657256067e-01 0 0
1314 5.3706129156e+02 6.2431957962e+02 6.3806790881e+02 6.1155718253e+02 6.4786876565e+02 1.0436525173e+00 1.1062144282e+00 1.1062550825e+00 1.0892664030e+00 1.1280628949e+00 2.3985388153e-01 4.2267944664e-01 4.3519176356e-01 1.6869632884e-01 2.4826519378e-01 2.7278626151e-01 0 0
1315 5.2791036022e+02 6.2053265929e+02 6.2777508910e+02 6.0636717940e+02 6.6401553069e+02 1.0431480888e+00 1.1057464712e+00 1.1057765216e+00 1.0888371139e+00 1.1276480755e+00 2.6992702456e-01 4.2676500604e-01 5.4212848470e-01 1.7257564493e-01 2.4366652686e-01 2.9175653495e-01 0 0
1316 5.3874123644e+02 6.2767044498e+02 6.3079421664e+02 6.1092204904e+02 6.7023011440e+02 1.0426461421e+00 1.1052902999e+00 1.1053236060e+00 1.0883960286e+00 1.1272185382e+00 3.3199964258e-01 4.1448126920e-01 6.0319586098e-01 1.8989118550e-01 2.4408604018e-01 3.1084519252e-01 0 0
1317 5.4468921318e+02 6.1766518540e+02 6.2400473255e+02 5.9962397071e+02 6.7055152207e+02 1.0420966339e+00 1.1048308442e+00 1.1048895404e+00 1.0879593482e+00 1.1267648781e+00 2.7108383752e-01 3.7412174977e-01 5.2423760295e-01 1.7973779572e-01 2.2951030079e-01 2.9894116148e-01 0 0
1318 5.3541920353e+02 6.2047547292e+02 6.2021095202e+02 5.8945517747e+02 6.4831090632e+02 1.0415289418e+00 1.1043700301e+00 1.1044575222e+00 1.0875805775e+00 1.1263175078e+00 2.2404939779e-01 4.9697557464e-01 4.9355071224e-01 1.6548282600e-01 2.4773958605e-01 2.8650906682e-01 0 0
1319 5.2362839365e+02 6.0789048664e+02 6.1192679811e+02 5.9358392414e+02 6.4585285186e+02 1.0410314123e+00 1.1039037685e+00 1.1040466280e+00 1.0871638167e+00 1.1258756746e+00 2.9694137644e-01 4.5151865110e-01 4.7119673900e-01 1.7787976235e-01 2.4526802823e-01 2.7864070237e-01 0 0
1320 5.3984488723e+02 6.0784162205e+02 6.1624495434e+02 5.7509621478e+02 6.4192196761e+02 1.0405287256e+00 1.1034533691e+00 1.1036020146e+00 1.0867690172e+00 1.1254330103e+00 3.4162354996e-01 3.8153711520e-01 4.4156587869e-01 1.9139998036e-01 2.2179190163e-01 2.6892685331e-01 0 0
1321 5.2925732139e+02 6.0428568368e+02 6.0893790734e+02 5.8675292926e+02 6.4992838548e+02 1.0399979799e+00 1.1030026286e+00 1.1031585637e+00 1.0863739057e+00 1.1249895945e+00 2.7763993400e-01 4.3131893501e-01 4.2571308650e-01 1.7716932327e-01 2.3266365752e-01 2.6329842955e-01 0 0
1322 5.1698173382e+02 6.0399614548e+02 6.0487467710e+02 5.7457650165e+02 6.4277387159e+02 1.0395014622e+00 1.1025497471e+00 1.1027361540e+00 1.0859900981e+00 1.1245557463e+00 3.1479488162e-01 3.9922381751e-01 4.4217368215e-01 1.8171220914e-01 2.2222573031e-01 2.6471335813e-01 0 0
1323 5.2661986446e+02 6.0035895513e+02 5.9721557038e+02 5.7544507231e+02 6.3755149302e+02 1.0390016301e+00 1.1020749731e+00 1.1023201535e+00 1.0855984843e+00 1.1241302050e+00 3.3839816824e-01 4.2732236162e-01 4.7053029761e-01 1.8875068211e-01 2.3092263937e-01 2.6984802261e-01 0 0
1324 5.1407091178e+02 6.0104650922e+02 6.1345326330e+02 5.8911352896e+02 6.2973020017e+02 1.0384966002e+00 1.1016165959e+00 1.1018706330e+00 1.0851808729e+00 1.1236985809e+00 2.9026000640e-01 3.4514925443e-01 4.6269148588e-01 1.7555038480e-01 2.1448909678e-01 2.6769046299e-01 0 0
1325 5.1969873886e+02 5.9774615745e+02 6.0316053004e+02 5.7091839391e+02 6.2317791902e+02 1.0380028743e+00 1.1011601489e+00 1.1014101643e+00 1.0847712190e+00 1.1232787874e+00 3.2244853515e-01 3.1993734464e-01 4.7117068805e-01 1.8179029371e-01 2.0336166304e-01 2.6732060127e-01 0 0
1326 5.1449114375e+02 5.8024709176e+02 5.8884694000e+02 5.7508398843e+02 6.2717867769e+02 1.0374930793e+00 1.1007455836e+00 1.1010038447e+00 1.0844143595e+00 1.1228749716e+00 3.0491341584e-01 5.0599780679e-01 4.7213783488e-01 1.7984646774e-01 2.3856809363e-01 2.6177409291e-01 0 0
1327 5.1529964368e+02 5.8112286244e+02 5.8603279558e+02 5.7184796384e+02 6.1309652075e+02 1.0369713188e+00 1.1003589202e+00 1.1006131531e+00 1.0840220455e+00 1.1224724471e+00 2.4991195607e-01 4.5254804008e-01 4.8197012581e-01 1.6456705224e-01 2.3677522037e-01 2.6368292235e-01 0 0
1328 5.0347678876e+02 5.7841553510e+02 5.7435831042e+02 5.7936921518e+02 6.1098831310e+02 1.0365013721e+00 1.0999366138e+00 1.1002321052e+00 1.0836319862e+00 1.1220968476e+00 2.9678162822e-01 4.3204381317e-01 5.4489450529e-01 1.6910112139e-01 2.2896383703e-01 2.7064771019e-01 0 0
1329 5.1132515170e+02 5.7177533284e+02 5.8774795300e+02 5.7574937581e+02 6.1777511584e+02 1.0360137335e+00 1.0995456483e+00 1.0998378714e+00 1.0832098245e+00 1.1217008903e+00 3.2033176279e-01 3.5732713901e-01 4.9922621623e-01 1.7873277072e-01 2.1698138863e-01 2.6538145728e-01 0 0
1330 4.9659496060e+02 5.8381380808e+02 5.9029534451e+02 5.7795474520e+02 6.1304256581e+02 1.0355632704e+00 1.0991337990e+00 1.0994089824e+00 1.0827729734e+00 1.1212943506e+00 3.2609770431e-01 2.7984850109e-01 4.2646637559e-01 1.7334871282e-01 1.9501656387e-01 2.4807734694e-01 0 0
1331 5.1284350608e+02 5.7695875611e+02 5.7477897926e+02 5.4528642130e+02 6.0300347221e+02 1.0350925132e+00 1.0986820294e+00 1.0989890205e+00 1.0823843903e+00 1.1209038431e+00 3.6501509622e-01 3.1671839021e-01 4.1757748276e-01 1.8635916230e-01 1.9489151333e-01 2.4106482510e-01 0 0
1332 5.0469367273e+02 5.6775787093e+02 5.6675463165e+02 5.5484361535e+02 5.9416898375e+02 1.0345834067e+00 1.0982433761e+00 1.0986002858e+00 1.0820227386e+00 1.1205439510e+00 2.5649951813e-01 4.2341249436e-01 4.7800582834e-01 1.6224959247e-01 2.1676080674e-01 2.4702325556e-01 0 0
1333 4.9827705787e+02 5.7485082304e+02 5.8093833042e+02 5.4870563602e+02 5.9272682894e+02 1.0341344929e+00 1.0978363841e+00 1.0981985433e+00 1.0816419325e+00 1.1201770337e+00 2.9862986531e-01 3.3421756700e-01 4.7543584928e-01 1.6456231244e-01 1.9836308621e-01 2.4850284588e-01 0 0
1334 5.0895258203e+02 5.6776329245e+02 5.7795204170e+02 5.3669055330e+02 5.9944635915e+02 1.0336362691e+00 1.0974313702e+00 1.0977895270e+00 1.0812930175e+00 1.1198162510e+00 2.8213357932e-01 3.9225800522e-01 4.5368829556e-01 1.6743366806e-01 2.0365550462e-01 2.4082110077e-01 0 0
1335 4.9399536433e+02 5.6341331410e+02 5.6608645541e+02 5.5390065671e+02 6.0115630767e+02 1.0331139077e+00 1.0970343364e+00 1.0973977002e+00 1.0809176935e+00 1.1194322869e+00 2.0027897072e-01 3.9199193008e-01 4.0982977301e-01 1.4417736655e-01 2.1182445530e-01 2.3516958579e-01 0 0
1336 4.8862819791e+02 5.7175562962e+02 5.6812396865e+02 5.4529814093e+02 5.8964305940e+02 1.0326512270e+00 1.0966063406e+00 1.0970153157e+00 1.0805400692e+00 1.1190428930e+00 2.4254522748e-01 3.2701389864e-01 3.5924088024e-01 1.4882378597e-01 1.9331290293e-01 2.2122831084e-01 0 0
1337 4.9668203071e+02 5.5967674822e+02 5.6100754785e+02 5.5783846228e+02 5.9144307101e+02 1.0321796923e+00 1.0961715904e+00 1.0966295473e+00 1.0801635535e+00 1.1186560523e+00 2.9141652704e-01 3.7068514153e-01 3.8095946051e-01 1.6450974018e-01 2.0476204623e-01 2.2632611915e-01 0 0
1338 4.9031273709e+02 5.5392672124e+02 5.6775178886e+02 5.5565082898e+02 5.9822223609e+02 1.0316801299e+00 1.0957808702e+00 1.0962288878e+00 1.0797515930e+00 1.1182607188e+00 2.2391774701e-01 2.9969550855e-01 3.5616007261e-01 1.4792116134e-01 1.9240383245e-01 2.2148463689e-01 0 0
1339 4.8360859663e+02 5.5017028614e+02 5.5246181995e+02 5.4827140291e+02 5.9149244501e+02 1.0312310329e+00 1.0953843133e+00 1.0958310347e+00 1.0793587764e+00 1.1178763629e+00 2.5762910025e-01 3.0870382302e-01 3.7987447903e-01 1.5007388724e-01 1.9054627605e-01 2.2487442289e-01 0 0
1340 4.9285953142e+02 5.4925711192e+02 5.5301197998e+02 5.5335516398e+02 5.9300542788e+02 1.0307766463e+00 1.0949688868e+00 1.0954410264e+00 1.0789743808e+00 1.1174730104e+00 3.2833667846e-01 3.6248070747e-01 3.8646930270e-01 1.7048127222e-01 2.0359812863e-01 2.3078545742e-01 0 0
1341 4.9626777609e+02 5.4056853751e+02 5.4613591486e+02 5.5359478637e+02 5.9092128812e+02 1.0302651038e+00 1.0945637731e+00 1.0950483104e+00 1.0785763235e+00 1.1170699026e+00 2.4655298068e-01 3.4022883512e-01 3.3238200471e-01 1.5578286841e-01 2.0048981998e-01 2.1515010670e-01 0 0
1342 4.9224647885e+02 5.4783331749e+02 5.5869211110e+02 5.4865571513e+02 5.7793306273e+02 1.0297663846e+00 1.0941731323e+00 1.0946487965e+00 1.0781962232e+00 1.1166698486e+00 2.3952908207e-01 3.4099426307e-01 3.1873980537e-01 1.5176147635e-01 1.9746974949e-01 2.0869063213e-01 0 0
1343 5.0067733784e+02 5.2988294698e+02 5.4068099421e+02 5.4128738324e+02 5.7266367748e+02 1.0292552615e+00 1.0937861098e+00 1.0942481016e+00 1.0778106603e+00 1.1162944349e+00 2.6228952147e-01 3.6126082391e-01 3.5530050099e-01 1.5985683061e-01 2.0173326228e-01 2.1239347197e-01 0 0
1344 4.9542995003e+02 5.4644261478e+02 5.4588966948e+02 5.5183387446e+02 5.5664601072e+02 1.0287286022e+00 1.0934245773e+00 1.0938909529e+00 1.0774167124e+00 1.1159468555e+00 2.2445718309e-01 3.3474031463e-01 3.9757389389e-01 1.4987698965e-01 1.9767302368e-01 2.1682539862e-01 0 0
1345 4.7855616974e+02 5.5139929951e+02 5.4673088101e+02 5.4154322311e+02 5.6468680479e+02 1.0282857250e+00 1.0930111488e+00 1.0935470420e+00 1.0770241201e+00 1.1155959656e+00 3.0904125540e-01 3.1612663530e-01 4.1485532187e-01 1.6075956688e-01 1.9074244052e-01 2.2157444805e-01 0 0
1346 5.0410320378e+02 5.4661266565e+02 5.5151881201e+02 5.3708117403e+02 5.6268719108e+02 1.0277827753e+00 1.0925941902e+00 1.0931681143e+00 1.0766418587e+00 1.1152256003e+00 3.2023047074e-01 3.4369109757e-01 3.3104971424e-01 1.7385351859e-01 1.9649136905e-01 2.0257855766e-01 0 0
1347 4.8163540402e+02 5.5224383202e+02 5.6174112699e+02 5.3986199047e+02 5.6057253099e+02 1.0272629102e+00 1.0921938159e+00 1.0927586879e+00 1.0762380937e+00 1.1148654070e+00 2.1916165711e-01 3.0352392979e-01 3.4069431387e-01 1.4593661353e-01 1.8870249204e-01 2.0262508933e-01 0 0
1348 4.9563855266e+02 5.5543082940e+02 5.4954828041e+02 5.2594204172e+02 5.5548320744e+02 1.0268210404e+00 1.0917583630e+00 1.0923557221e+00 1.0758843092e+00 1.1145311577e+00 3.5353417143e-01 3.3951331489e-01 4.2169088684e-01 1.7076076856e-01 1.8694821745e-01 2.1741700359e-01 0 0
1349 4.8466188758e+02 5.3782603484e+02 5.3778472110e+02 5.3297977213e+02 5.6669019865e+02 1.0262910582e+00 1.0913301993e+00 1.0919914295e+00 1.0755294972e+00 1.1141846719e+00 2.6494385548e-01 4.3134409748e-01 4.2424738221e-01 1.6135883581e-01 2.1057050209e-01 2.2071485128e-01 0 0
1350 4.8057087673e+02 5.4570184167e+02 5.4663730549e+02 5.2510701290e+02 5.6740023903e+02 1.0258264174e+00 1.0909340339e+00 1.0916163370e+00 1.0751435951e+00 1.1138424021e+00 2.6433869924e-01 3.2459652238e-01 4.4349010661e-01 1.5063060310e-01 1.9011051580e-01 2.2379151080e-01 0 0
1351 4.8752459347e+02 5.4518288216e+02 5.4202626205e+02 5.2158819964e+02 5.6980470887e+02 1.0253405889e+00 1.0905230780e+00 1.0912527065e+00 1.0747799575e+00 1.1134605517e+00 3.2236548727e-01 3.2192178629e-01 3.6002669670e-01 1.6974489035e-01 1.8355332967e-01 2.1324578300e-01 0 0
1352 4.9139807145e+02 5.3744432851e+02 5.5809452604e+02 5.3389315996e+02 5.7372064195e+02 1.0248298607e+00 1.0901253220e+00 1.0908544286e+00 1.0743951581e+00 1.1130819952e+00 2.4658029159e-01 2.9989972338e-01 3.3024515398e-01 1.5161408543e-01 1.8184729945e-01 2.0273349434e-01 0 0
1353 4.8076899551e+02 5.3889075887e+02 5.3623546018e+02 5.1363575372e+02 5.6477506584e+02 1.0243992336e+00 1.0897173324e+00 1.0904454218e+00 1.0740225723e+00 1.1127167391e+00 3.4106849726e-01 2.8422926366e-01 3.7261720747e-01 1.6357179527e-01 1.7432996724e-01 2.1144863963e-01 0 0
1354 5.0352308840e+02 5.3018027594e+02 5.3759708426e+02 5.1723791673e+02 5.5805336886e+02 1.0238943245e+00 1.0893154153e+00 1.0900778474e+00 1.0736887692e+00 1.1123547571e+00 3.6456703434e-01 3.9933502302e-01 3.8992436603e-01 1.8273374282e-01 1.9428715669e-01 2.1472882852e-01 0 0
1355 4.9791605817e+02 5.2763463922e+02 5.3448903754e+02 5.2289996653e+02 5.5472631202e+02 1.0233138032e+00 1.0889310402e+00 1.0896914720e+00 1.0733224393e+00 1.1120035268e+00 2.0243805497e-01 3.4913482517e-01 4.0867536701e-01 1.4567586705e-01 1.9082744233e-01 2.1666808147e-01 0 0
1356 4.9201368833e+02 5.2990992749e+02 5.3134890256e+02 5.1881710409e+02 5.6331208047e+02 1.0227832321e+00 1.0885507857e+00 1.0893192622e+00 1.0729357011e+00 1.1116469008e+00 2.3014354603e-01 2.5675750524e-01 4.1485066526e-01 1.4813042139e-01 1.6681664810e-01 2.1937289927e-01 0 0
1357 4.9616611884e+02 5.2364867755e+02 5.3690487402e+02 5.0792659103e+02 5.6102838052e+02 1.0222440856e+00 1.0881906647e+00 1.0889558093e+00 1.0725849835e+00 1.1112666285e+00 2.6775181601e-01 2.8815418854e-01 3.4126687422e-01 1.6056545349e-01 1.6860428359e-01 2.0495235734e-01 0 0
1358 4.9038347747e+02 5.2302655884e+02 5.2798437477e+02 5.0511853497e+02 5.5076634111e+02 1.0217191772e+00 1.0877950115e+00 1.0885576617e+00 1.0722408938e+00 1.1109007693e+00 2.5391476693e-01 3.3354208432e-01 3.4518741257e-01 1.5446803121e-01 1.7905734479e-01 2.0184493531e-01 0 0
1359 4.8593429426e+02 5.1966037587e+02 5.1640950926e+02 5.0912262153e+02 5.4717104844e+02 1.0212049788e+00 1.0873922421e+00 1.0881929611e+00 1.0718953946e+00 1.1105535116e+00 2.8267447831e-01 3.1154849194e-01 4.0652029030e-01 1.6064662839e-01 1.7320920154e-01 2.1291423962e-01 0 0
1360 4.9481862261e+02 5.1865749175e+02 5.2150356542e+02 5.0279134900e+02 5.5142998762e+02 1.0206794170e+00 1.0870089172e+00 1.0878449380e+00 1.0715466229e+00 1.1101885493e+00 2.8325242752e-01 3.1440651603e-01 3.6813352257e-01 1.6249326891e-01 1.7442093696e-01 2.0764716435e-01 0 0
1361 4.8805024240e+02 5.3108403290e+02 5.2777910270e+02 5.0623776220e+02 5.4788576592e+02 1.0201358810e+00 1.0865875180e+00 1.0874665598e+00 1.0712029841e+00 1.1098307460e+00 2.4729514412e-01 3.1217003986e-01 3.4301000088e-01 1.5369925057e-01 1.7185681034e-01 1.9801875204e-01 0 0
1362 4.9074217457e+02 5.1162553445e+02 5.1340514582e+02 4.9901653279e+02 5.5060117712e+02 1.0196273655e+00 1.0861761649e+00 1.0871040631e+00 1.0708756102e+00 1.1094789770e+00 2.9938595547e-01 3.6088437028e-01 3.6475763656e-01 1.6338360035e-01 1.8012719881e-01 2.0253000595e-01 0 0
1363 5.0579634553e+02 5.0895789671e+02 5.2570381395e+02 5.0923229596e+02 5.3621165364e+02 1.0190602439e+00 1.0858110935e+00 1.0867310183e+00 1.0705310577e+00 1.1091159277e+00 2.7060951220e-01 3.5640425049e-01 3.3027871698e-01 1.6361842631e-01 1.8345915433e-01 1.9501548167e-01 0 0
1364 4.9637133392e+02 5.1598955295e+02 5.0955427827e+02 5.1058775874e+02 5.3903032150e+02 1.0184767526e+00 1.0854183084e+00 1.0863536038e+00 1.0701516010e+00 1.1087783349e+00 2.2295112474e-01 2.7430010960e-01 3.6475682259e-01 1.5019825113e-01 1.6872701794e-01 1.9787627086e-01 0 0
1365 5.0178919234e+02 4.9607180365e+02 5.0792714475e+02 5.1728440557e+02 5.4048054428e+02 1.0179224893e+00 1.0850359934e+00 1.0860173867e+00 1.0697696549e+00 1.1084234836e+00 2.5379581064e-01 2.6691041701e-01 3.4197075665e-01 1.5610727891e-01 1.6666232329e-01 1.9520764984e-01 0 0
1366 5.0111220603e+02 5.0280068740e+02 5.1840370972e+02 5.0918168111e+02 5.3066903528e+02 1.0173392277e+00 1.0847031095e+00 1.0856383032e+00 1.0693903761e+00 1.1080812895e+00 2.4856550338e-01 2.8339553624e-01 3.3081302233e-01 1.5813654163e-01 1.7047617305e-01 1.8928094022e-01 0 0
1367 4.9129749197e+02 5.0813061190e+02 5.1125875604e+02 5.1753562679e+02 5.3793279088e+02 1.0167579910e+00 1.0843180630e+00 1.0852492030e+00 1.0690200952e+00 1.1077356533e+00 2.2765846130e-01 3.0627839454e-01 3.7779844739e-01 1.5039832057e-01 1.7520098295e-01 2.0224122331e-01 0 0
1368 4.9642630047e+02 5.0288234832e+02 5.0454495278e+02 5.1828412816e+02 5.3335163706e+02 1.0162562088e+00 1.0839421756e+00 1.0849018957e+00 1.0686216756e+00 1.1073728609e+00 3.4097920914e-01 2.5743046217e-01 2.8873330541e-01 1.7111404316e-01 1.6572151985e-01 1.8069603853e-01 0 0
1369 5.0074946539e+02 5.0343968420e+02 5.0885238527e+02 5.1438801624e+02 5.2436336399e+02 1.0156779018e+00 1.0835696744e+00 1.0845559219e+00 1.0682220049e+00 1.1070269250e+00 2.9746833967e-01 2.4604138266e-01 2.9258226044e-01 1.7076361068e-01 1.6199225746e-01 1.7711674888e-01 0 0
1370 5.0434728537e+02 4.9916239216e+02 5.0225457315e+02 5.0934912511e+02 5.2049651776e+02 1.0150808556e+00 1.0831984045e+00 1.0842057124e+00 1.0678263352e+00 1.1066918386e+00 2.3447556610e-01 2.3665828444e-01 3.2850756682e-01 1.5417979509e-01 1.5832392219e-01 1.8474891782e-01 0 0
1371 4.9874093627e+02 5.0308620968e+02 5.1266695451e+02 5.0585504655e+02 5.1548808788e+02 1.0145043057e+00 1.0828400485e+00 1.0838489182e+00 1.0674429807e+00 1.1063670757e+00 2.7533709581e-01 2.6340811327e-01 3.3156772144e-01 1.6364285740e-01 1.6348284297e-01 1.8188498449e-01 0 0
1372 5.0427249752e+02 5.0256849658e+02 4.9467137134e+02 5.0231865509e+02 5.2050228146e+02 1.0139030439e+00 1.0824481807e+00 1.0834987475e+00 1.0670747857e+00 1.1060521312e+00 2.7273184867e-01 3.1098181754e-01 3.9284897409e-01 1.6580696395e-01 1.7380637769e-01 1.9468654040e-01 0 0
1373 4.9394889294e+02 5.0990092481e+02 5.1258959583e+02 5.1025401150e+02 5.2800757570e+02 1.0133230485e+00 1.0820534251e+00 1.0831686565e+00 1.0666966690e+00 1.1057105067e+00 2.5767192663e-01 2.8601987474e-01 3.1758945808e-01 1.5798390645e-01 1.6931836214e-01 1.8250926863e-01 0 0
1374 5.0634816547e+02 5.0411723587e+02 5.1656609572e+02 5.0023752171e+02 5.1941150594e+02 1.0127298048e+00 1.0816717646e+00 1.0827845327e+00 1.0663329936e+00 1.1053752933e+00 2.8878583247e-01 2.9072636366e-01 3.1155889109e-01 1.6881846697e-01 1.6668567900e-01 1.7811668012e-01 0 0
1375 5.0654504892e+02 5.1011807763e+02 5.1781611722e+02 5.1400845081e+02 5.2529218060e+02 1.0121145461e+00 1.0812879784e+00 1.0823933411e+00 1.0659561819e+00 1.1050371235e+00 2.6583296426e-01 3.1122747436e-01 3.2752977870e-01 1.6454401427e-01 1.7480045464e-01 1.8363710772e-01 0 0
1376 5.0325266669e+02 5.0447680199e+02 5.0727592036e+02 5.1238456017e+02 5.2224045587e+02 1.0115565911e+00 1.0808920971e+00 1.0820138437e+00 1.0655584344e+00 1.1046940668e+00 3.3579851491e-01 2.5662354007e-01 3.0438487232e-01 1.7618468257e-01 1.6311977524e-01 1.7754803970e-01 0 0
1377 5.0764986297e+02 5.0730716780e+02 5.1069832705e+02 5.1057121810e+02 5.2119025437e+02 1.0109732917e+00 1.0805054614e+00 1.0816538685e+00 1.0651773133e+00 1.1043864309e+00 3.4009821199e-01 2.8875239938e-01 4.3117555417e-01 1.8084271454e-01 1.6917425022e-01 1.9969149865e-01 0 0
1378 4.9305825000e+02 5.0485265487e+02 5.0522884666e+02 5.1567325532e+02 5.3651371721e+02 1.0103945732e+00 1.0800994944e+00 1.0812815378e+00 1.0647702327e+00 1.1040172537e+00 2.9570264351e-01 2.8756113537e-01 3.4736804478e-01 1.6758650114e-01 1.7296843790e-01 1.9649962895e-01 0 0
1379 4.9983447281e+02 5.0875191953e+02 5.0628408836e+02 5.0577059091e+02 5.2560494908e+02 1.0098461475e+00 1.0796882157e+00 1.0809212050e+00 1.0643882797e+00 1.1036506319e+00 3.5155042927e-01 2.7883186564e-01 2.6960920542e-01 1.7781244280e-01 1.6696147900e-01 1.7223601509e-01 0 0
1380 5.0503365591e+02 4.9802964897e+02 5.0257833656e+02 5.0818400641e+02 5.2311760747e+02 1.0092179938e+00 1.0792766532e+00 1.0805584463e+00 1.0640324045e+00 1.1033172774e+00 2.7703466731e-01 4.1963419691e-01 3.7612225674e-01 1.6856956749e-01 1.9450933300e-01 1.9293826912e-01 0 0
1381 4.9979986238e+02 4.9765002449e+02 5.0014715022e+02 5.1518476661e+02 5.3741819145e+02 1.0085777493e+00 1.0788885452e+00 1.0801970106e+00 1.0636315414e+00 1.1029463845e+00 2.2114907017e-01 3.0505808815e-01 3.0882301927e-01 1.5170533563e-01 1.7769808415e-01 1.8410378788e-01 0 0
1382 4.9993434398e+02 4.9675666830e+02 5.0248938111e+02 5.0648617948e+02 5.1693767758e+02 1.0079581160e+00 1.0784989376e+00 1.0798325326e+00 1.0632425872e+00 1.1025946129e+00 2.3544623318e-01 2.9070853442e-01 2.9584016278e-01 1.5343891074e-01 1.6967431922e-01 1.7537220847e-01 0 0
1383 5.0503270821e+02 5.0154978566e+02 5.0818047053e+02 5.2222214502e+02 5.3314594039e+02 1.0073228716e+00 1.0781166919e+00 1.0794494634e+00 1.0628214339e+00 1.1022396425e+00 2.4249403245e-01 2.7708005346e-01 3.4704600647e-01 1.5755233363e-01 1.7200264800e-01 1.9022596907e-01 0 0
1384 5.0042600467e+02 5.0253550870e+02 5.1375416665e+02 5.1357536570e+02 5.2361009468e+02 1.0066891133e+00 1.0777533360e+00 1.0790616045e+00 1.0623869775e+00 1.1018615668e+00 2.2767595939e-01 2.2475844249e-01 2.6774509251e-01 1.5227651844e-01 1.5720923617e-01 1.7232516129e-01 0 0
1385 5.0100538390e+02 5.1454388175e+02 5.1573733625e+02 5.1295108198e+02 5.1706485328e+02 1.0061029272e+00 1.0773555170e+00 1.0786706445e+00 1.0619779686e+00 1.1015259683e+00 2.7350571552e-01 2.6320888475e-01 3.3360246941e-01 1.6023103739e-01 1.6441666055e-01 1.8077360466e-01 0 0
1386 5.0688929830e+02 5.0694777529e+02 5.0964508177e+02 5.2028871192e+02 5.1886787817e+02 1.0054873912e+00 1.0769336017e+00 1.0782935630e+00 1.0615739957e+00 1.1011792825e+00 3.1288458726e-01 3.1352407113e-01 3.7479117140e-01 1.7530521269e-01 1.7842979636e-01 1.9496404193e-01 0 0
1387 5.1628377677e+02 5.0143567322e+02 5.0760967103e+02 5.1965258827e+02 5.1854275981e+02 1.0048298885e+00 1.0765204325e+00 1.0779076184e+00 1.0611628383e+00 1.1008350068e+00 2.5509497904e-01 2.9568671249e-01 3.3020762354e-01 1.6326778460e-01 1.7415006738e-01 1.8141862284e-01 0 0
1388 5.1100331875e+02 5.0815273602e+02 5.1365878144e+02 5.1008473561e+02 5.2438630798e+02 1.0042082491e+00 1.0761194112e+00 1.0775169501e+00 1.0607758636e+00 1.1004777200e+00 2.8078004451e-01 3.4237118065e-01 3.2650923170e-01 1.6622565800e-01 1.8155807443e-01 1.8411939032e-01 0 0
1389 5.1773663633e+02 5.0151274286e+02 5.0746382260e+02 5.1482369555e+02 5.3240324825e+02 1.0035754140e+00 1.0757250102e+00 1.0771370249e+00 1.0603905376e+00 1.1001022087e+00 3.2989124481e-01 3.9100440592e-01 2.9413503222e-01 1.8137766937e-01 1.9347932097e-01 1.7877337616e-01 0 0
1390 5.1871393766e+02 5.0672870885e+02 5.0941226858e+02 5.1725670609e+02 5.2884375646e+02 1.0028783865e+00 1.0753210885e+00 1.0767571113e+00 1.0599955431e+00 1.0997332426e+00 2.6134767516e-01 3.4105372988e-01 2.9670104571e-01 1.6915829715e-01 1.8283553980e-01 1.7743160669e-01 0 0
1391 5.2046721524e+02 5.0134539304e+02 5.0575220897e+02 5.2120179633e+02 5.3691473951e+02 1.0021930137e+00 1.0749103090e+00 1.0763723488e+00 1.0595832047e+00 1.0993548955e+00 2.5912970902e-01 3.4209056199e-01 3.2566478662e-01 1.6699373556e-01 1.8669151608e-01 1.8787025101e-01 0 0
1392 5.1745536282e+02 5.0631714061e+02 5.1090709772e+02 5.3521785868e+02 5.2646806646e+02 1.0015190447e+00 1.0745116024e+00 1.0759913128e+00 1.0591382748e+00 1.0989556940e+00 2.9094350548e-01 2.7133013494e-01 2.7145162411e-01 1.7486816818e-01 1.7271397356e-01 1.7601701617e-01 0 0
1393 5.0990943248e+02 5.1121095511e+02 5.1254783313e+02 5.2014222815e+02 5.2888370059e+02 1.0008850159e+00 1.0740839974e+00 1.0755924118e+00 1.0586895274e+00 1.0985711179e+00 3.2007870715e-01 2.4877808057e-01 2.8671171889e-01 1.7814329232e-01 1.6584793106e-01 1.7709329445e-01 0 0
1394 5.1393985938e+02 5.1526798246e+02 5.1738763877e+02 5.3209344809e+02 5.2574447215e+02 1.0002706703e+00 1.0736437062e+00 1.0751922028e+00 1.0582583617e+00 1.0982014711e+00 4.0848526971e-01 2.9241547361e-01 3.2740622945e-01 1.9682763590e-01 1.7539504543e-01 1.8534538988e-01 0 0
1395 5.1924170708e+02 5.0742345482e+02 5.1708606634e+02 5.1957918670e+02 5.2627811683e+02 9.9959057768e-01 1.0732302410e+00 1.0747886314e+00 1.0578236403e+00 1.0978280042e+00 3.1450782231e-01 3.1004497968e-01 3.2633452117e-01 1.8236302415e-01 1.8151902780e-01 1.8586001918e-01 0 0
1396 5.1145577754e+02 5.1855068460e+02 5.2313116783e+02 5.1808668435e+02 5.2508883177e+02 9.9892412798e-01 1.0727943146e+00 1.0743595874e+00 1.0574255452e+00 1.0974620392e+00 2.8678426517e-01 3.5841765255e-01 3.3501940034e-01 1.7174860115e-01 1.8692630157e-01 1.8569917046e-01 0 0
1397 5.2053616491e+02 5.0878613201e+02 5.1328707854e+02 5.3244497955e+02 5.3010004952e+02 9.9827065933e-01 1.0723434873e+00 1.0739343445e+00 1.0570083373e+00 1.0970873057e+00 3.1641991744e-01 3.9583375864e-01 3.5733234324e-01 1.7870138721e-01 2.0027245581e-01 1.9365343172e-01 0 0
1398 5.2651012591e+02 5.0947807239e+02 5.2059161057e+02 5.3505741514e+02 5.2933546192e+02 9.9754203279e-01 1.0719196102e+00 1.0735068445e+00 1.0565424475e+00 1.0967131888e+00 2.2983557682e-01 2.7277936228e-01 3.3313576318e-01 1.6048614896e-01 1.7566439230e-01 1.8665082846e-01 0 0
1399 5.1574485106e+02 5.1631279884e+02 5.1378819809e+02 5.2260573093e+02 5.3108500379e+02 9.9685504514e-01 1.0714838983e+00 1.0730974068e+00 1.0561071863e+00 1.0963598884e+00 2.3955365337e-01 3.0598245189e-01 4.1065193526e-01 1.5914087083e-01 1.7946152668e-01 2.0088769775e-01 0 0
1400 5.1205854399e+02 5.0991869756e+02 5.1792434293e+02 5.4033305701e+02 5.4060313540e+02 9.9619842354e-01 1.0710532004e+00 1.0727267967e+00 1.0556657843e+00 1.0959719291e+00 3.1189154201e-01 3.7228060886e-01 3.8232799247e-01 1.7689194161e-01 1.9944707025e-01 2.0269165467e-01 0 0
1401 5.2089374837e+02 5.1780790961e+02 5.2543244095e+02 5.2246450238e+02 5.3579214137e+02 9.9548030314e-01 1.0706328868e+00 1.0723084861e+00 1.0551966360e+00 1.0955611478e+00 2.5004973913e-01 2.6363140531e-01 2.9813920707e-01 1.6519829740e-01 1.7268903647e-01 1.8386709224e-01 0 0
1402 5.1341995844e+02 5.2126594700e+02 5.2194659689e+02 5.2164241823e+02 5.3849796889e+02 9.9476238566e-01 1.0701787104e+00 1.0718883787e+00 1.0547978000e+00 1.0951479800e+00 2.2516757830e-01 3.3856279589e-01 2.8437331319e-01 1.5658646628e-01 1.8059185427e-01 1.8039656058e-01 0 0
1403 5.1018468430e+02 5.1524981805e+02 5.2233092360e+02 5.3262604142e+02 5.3457421725e+02 9.9411935255e-01 1.0697319243e+00 1.0714772535e+00 1.0543457075e+00 1.0947275537e+00 3.0913015116e-01 3.2892448455e-01 2.7996362932e-01 1.7353913534e-01 1.8908062018e-01 1.7952265497e-01 0 0
1404 5.3334125656e+02 5.3181090977e+02 5.3323534907e+02 5.2326567702e+02 5.4103852682e+02 9.9339712656e-01 1.0692530025e+00 1.0710260793e+00 1.0538846089e+00 1.0943178665e+00 2.6477164425e-01 2.5490343012e-01 2.9074467160e-01 1.6954812896e-01 1.6780580394e-01 1.8133748882e-01 0 0
1405 5.1847880476e+02 5.1888293477e+02 5.1367000594e+02 5.1688326777e+02 5.3985165787e+02 9.9265366019e-01 1.0687661423e+00 1.0706132361e+00 1.0534729989e+00 1.0939091923e+00 2.2112760746e-01 3.3259146288e-01 3.0873992108e-01 1.5709821671e-01 1.8053397257e-01 1.8604737148e-01 0 0
1406 5.1278754426e+02 5.2853269766e+02 5.3335647085e+02 5.2955234633e+02 5.4276482591e+02 9.9198451281e-01 1.0683087257e+00 1.0701988939e+00 1.0530224800e+00 1.0935019001e+00 2.9514287043e-01 3.2564009726e-01 3.2831182331e-01 1.7201037630e-01 1.8671886902e-01 1.9150674529e-01 0 0
1407 5.1749868811e+02 5.2701630667e+02 5.3116849375e+02 5.1530358164e+02 5.4267667054e+02 9.9127443374e-01 1.0678411771e+00 1.0697640097e+00 1.0525688936e+00 1.0930977748e+00 2.9790471661e-01 2.5777405687e-01 3.3273939788e-01 1.7762634395e-01 1.6656276211e-01 1.9140512869e-01 0 0
1408 5.1421600724e+02 5.2150934795e+02 5.2852604595e+02 5.2803234394e+02 5.4127398908e+02 9.9059473442e-01 1.0673804421e+00 1.0693253575e+00 1.0521674887e+00 1.0926868651e+00 2.9393056673e-01 3.9373703860e-01 3.5279116780e-01 1.7255382486e-01 1.9315671548e-01 1.9847513642e-01 0 0
1409 5.1497935195e+02 5.3444413295e+02 5.3094438268e+02 5.1881258659e+02 5.4124711316e+02 9.8994738946e-01 1.0668986677e+00 1.0688858083e+00 1.0517195933e+00 1.0922828151e+00 3.6635737347e-01 3.4105072729e-01 3.5725502484e-01 1.8766212276e-01 1.9003435317e-01 1.9815409556e-01 0 0
1410 5.2002706706e+02 5.1592759303e+02 5.2217187664e+02 5.3073130561e+02 5.4010531380e+02 9.8927886212e-01 1.0664129190e+00 1.0684638220e+00 1.0512848641e+00 1.0918874948e+00 3.5495971110e-01 3.5391533189e-01 3.8457641006e-01 1.8750317438e-01 1.9041341264e-01 2.0280766673e-01 0 0
1411 5.1927630995e+02 5.2626817071e+02 5.2361104959e+02 5.3276953272e+02 5.5112875651e+02 9.8863632722e-01 1.0659200691e+00 1.0680274550e+00 1.0508036320e+00 1.0914723144e+00 3.9717036591e-01 3.1016883627e-01 3.6732671410e-01 1.9426098509e-01 1.8745723460e-01 2.0329212211e-01 0 0
1412 5.3271492873e+02 5.1737975656e+02 5.2651017915e+02 5.4353719974e+02 5.5596293154e+02 9.8786883881e-01 1.0654454404e+00 1.0675786946e+00 1.0503024760e+00 1.0910408330e+00 3.0930774038e-01 2.8050109185e-01 3.2605946809e-01 1.8675594103e-01 1.8180656526e-01 1.9505436998e-01 0 0
1413 5.3489128089e+02 5.1491543602e+02 5.2933206733e+02 5.3021298786e+02 5.4196946985e+02 9.8706468715e-01 1.0650018405e+00 1.0671227735e+00 1.0498192394e+00 1.0906132123e+00 2.2401605219e-01 2.7959064022e-01 3.3773293905e-01 1.6277928920e-01 1.7810563464e-01 1.9716765638e-01 0 0
1414 5.2313214955e+02 5.1570643296e+02 5.1514354796e+02 5.5241023026e+02 5.4484269519e+02 9.8628198281e-01 1.0645545570e+00 1.0666881146e+00 1.0493584295e+00 1.0902099441e+00 2.2375150672e-01 3.7280129828e-01 3.8205678016e-01 1.6025891109e-01 2.0067784470e-01 2.0377120934e-01 0 0
1415 5.2408980671e+02 5.1340511538e+02 5.3173948038e+02 5.5117505159e+02 5.4192241719e+02 9.8555373506e-01 1.0641366419e+00 1.0662514476e+00 1.0488122666e+00 1.0898018426e+00 2.8068680400e-01 2.7942635491e-01 3.6007388309e-01 1.7294268420e-01 1.8812230509e-01 1.9861308020e-01 0 0
1416 5.2966194082e+02 5.2939983708e+02 5.2609151414e+02 5.3940673429e+02 5.4576755011e+02 9.8481333539e-01 1.0636549658e+00 1.0657763910e+00 1.0483007465e+00 1.0893692614e+00 3.1956703919e-01 2.5431946479e-01 3.0497049540e-01 1.8551251366e-01 1.7465274967e-01 1.8820876442e-01 0 0
1417 5.4247349780e+02 5.2494383628e+02 5.3022604260e+02 5.4508012599e+02 5.3772402308e+02 9.8402731976e-01 1.0631602947e+00 1.0653368082e+00 1.0478380026e+00 1.0889578747e+00 2.8437549108e-01 3.5986991227e-01 3.1279761903e-01 1.8057515659e-01 1.9644801226e-01 1.8578835856e-01 0 0
1418 5.4723162154e+02 5.2255310735e+02 5.2795377402e+02 5.3490688442e+02 5.3771257424e+02 9.8321636951e-01 1.0626897990e+00 1.0648885620e+00 1.0473639236e+00 1.0885693606e+00 2.7761866751e-01 3.7030210905e-01 4.2450446822e-01 1.8084601168e-01 2.0239257254e-01 2.0984978136e-01 0 0
1419 5.5069618417e+02 5.3873622372e+02 5.3059038462e+02 5.3628910114e+02 5.4356669324e+02 9.8240016019e-01 1.0621721467e+00 1.0644367822e+00 1.0469056129e+00 1.0881450766e+00 3.1868158787e-01 3.7771704048e-01 3.3498080634e-01 1.9430697519e-01 2.0002011396e-01 1.9358959887e-01 0 0
1420 5.3985200422e+02 5.4133945566e+02 5.3525995437e+02 5.4389363046e+02 5.3742755326e+02 9.8160803620e-01 1.0616248377e+00 1.0639929860e+00 1.0464206093e+00 1.0877577364e+00 3.2095421228e-01 3.4293500148e-01 3.8446842134e-01 1.9192140866e-01 1.9652726781e-01 1.9912109710e-01 0 0
1421 5.4480425522e+02 5.2817764531e+02 5.5390883726e+02 5.3054906701e+02 5.5361180556e+02 9.8085723857e-01 1.0611447189e+00 1.0634977916e+00 1.0459549158e+00 1.0873246943e+00 3.9919037273e-01 3.2591464370e-01 3.5661771148e-01 2.0816476622e-01 1.8738050666e-01 2.0191589091e-01 0 0
1422 5.5815757907e+02 5.3201107249e+02 5.3463007070e+02 5.3596253950e+02 5.3885671797e+02 9.8006634148e-01 1.0606627491e+00 1.0629984965e+00 1.0455149272e+00 1.0869074753e+00 3.9945990232e-01 3.9469383471e-01 3.3871179260e-01 2.1341570092e-01 2.0004203171e-01 1.9231734984e-01 0 0
1423 5.5102665632e+02 5.3485737001e+02 5.4423865973e+02 5.4564568976e+02 5.5787504201e+02 9.7924547402e-01 1.0601654654e+00 1.0625247522e+00 1.0450544018e+00 1.0865105647e+00 3.7494249281e-01 3.8316596672e-01 4.5639073662e-01 2.1001275836e-01 2.0197847858e-01 2.1926924866e-01 0 0
1424 5.6796503295e+02 5.4247376089e+02 5.4452740404e+02 5.3175205688e+02 5.4907490382e+02 9.7840019301e-01 1.0596260520e+00 1.0620122786e+00 1.0445819091e+00 1.0860569921e+00 3.7195854311e-01 3.4547507018e-01 3.5387424752e-01 2.1229375966e-01 1.9373924285e-01 2.0532619487e-01 0 0
1425 5.6243310360e+02 5.3539617341e+02 5.4064313553e+02 5.4000830433e+02 5.6815763108e+02 9.7745594737e-01 1.0591044895e+00 1.0615363784e+00 1.0441215887e+00 1.0856030513e+00 2.6425780562e-01 3.7380347028e-01 3.3641410992e-01 1.8883755045e-01 1.9882364571e-01 2.0008549374e-01 0 0
1426 5.5396929172e+02 5.3886330015e+02 5.4453635668e+02 5.2977108854e+02 5.6516513074e+02 9.7656887522e-01 1.0585972158e+00 1.0610577251e+00 1.0436471925e+00 1.0851320288e+00 2.5850372811e-01 3.4523279779e-01 3.3082415909e-01 1.8094091693e-01 1.9314288348e-01 2.0235083438e-01 0 0
1427 5.6010121966e+02 5.4387449724e+02 5.4504010747e+02 5.3813654169e+02 5.6292614413e+02 9.7573324239e-01 1.0580742993e+00 1.0605864800e+00 1.0431871916e+00 1.0846726786e+00 3.3250922362e-01 3.6099757254e-01 3.3991225809e-01 1.9861341125e-01 1.9493694697e-01 2.0198071841e-01 0 0
1428 5.6498629995e+02 5.3226241766e+02 5.2789185682e+02 5.4213884868e+02 5.5868089617e+02 9.7484766431e-01 1.0575320270e+00 1.0601519517e+00 1.0426768756e+00 1.0842180448e+00 3.1087126977e-01 3.1995572895e-01 3.7142909318e-01 1.9818580889e-01 1.9258552045e-01 2.0998201612e-01 0 0
1429 5.5514825036e+02 5.3150529160e+02 5.4766872400e+02 5.4523796410e+02 5.6250649996e+02 9.7392796558e-01 1.0570495340e+00 1.0596853826e+00 1.0421433956e+00 1.0837712351e+00 2.5832008290e-01 2.6332088746e-01 4.1661608405e-01 1.8358310876e-01 1.7864752281e-01 2.1973478980e-01 0 0
1430 5.3983457899e+02 5.2834437751e+02 5.3143035174e+02 5.3628222514e+02 5.5911123670e+02 9.7307611871e-01 1.0565565227e+00 1.0592071700e+00 1.0416277291e+00 1.0833151619e+00 2.8431228239e-01 2.6576599106e-01 4.0403053910e-01 1.8500407410e-01 1.7681142129e-01 2.1899657696e-01 0 0
1431 5.5468615483e+02 5.3521628222e+02 5.3698908858e+02 5.4771029066e+02 5.5964070505e+02 9.7225325250e-01 1.0560550036e+00 1.0587545976e+00 1.0411066506e+00 1.0828696583e+00 3.3442715366e-01 3.0253781565e-01 3.9362697676e-01 1.9698245974e-01 1.8915965687e-01 2.1317624580e-01 0 0
1432 5.4466539148e+02 5.3591571749e+02 5.4024086064e+02 5.4157152690e+02 5.6674434823e+02 9.7147781164e-01 1.0555439679e+00 1.0582856987e+00 1.0405779073e+00 1.0824023381e+00 3.7522114518e-01 2.8374942578e-01 3.7591072917e-01 2.0254507723e-01 1.8458885886e-01 2.1306800470e-01 0 0
1433 5.6564708345e+02 5.3719692037e+02 5.5104990700e+02 5.4065816372e+02 5.6720697281e+02 9.7066716549e-01 1.0550268248e+00 1.0577845346e+00 1.0400771519e+00 1.0819184605e+00 4.5612440768e-01 3.0522899143e-01 3.2354209200e-01 2.2801256265e-01 1.8562826142e-01 2.0211639255e-01 0 0
1434 5.7260191484e+02 5.3240004931e+02 5.2889687676e+02 5.4941096299e+02 5.5895807088e+02 9.6971817381e-01 1.0544882051e+00 1.0572905505e+00 1.0395740723e+00 1.0814341865e+00 2.9065936039e-01 3.4277173132e-01 2.8498893604e-01 1.9686092522e-01 1.9819235336e-01 1.8893489521e-01 0 0
1435 5.4691639271e+02 5.3574615024e+02 5.4873977781e+02 5.3718467495e+02 5.6648692615e+02 9.6883771962e-01 1.0539941186e+00 1.0568075705e+00 1.0390770557e+00 1.0809732300e+00 2.9500632982e-01 3.5308062471e-01 3.3569141105e-01 1.9082287505e-01 1.9822919741e-01 1.9972472638e-01 0 0
1436 5.5072069739e+02 5.4535326853e+02 5.3250504692e+02 5.4926342724e+02 5.5503870924e+02 9.6800636521e-01 1.0534441053e+00 1.0563355962e+00 1.0385990361e+00 1.0805019771e+00 3.7218025034e-01 4.1303197481e-01 3.1556745432e-01 2.0818324374e-01 2.1254315414e-01 1.9659677334e-01 0 0
1437 5.6072748367e+02 5.3425350958e+02 5.4160427205e+02 5.5319099889e+02 5.6164398755e+02 9.6709764694e-01 1.0528771816e+00 1.0558755944e+00 1.0380591283e+00 1.0800706998e+00 3.0646434131e-01 3.2538448647e-01 3.8765735179e-01 1.9721789128e-01 1.9835549034e-01 2.0762877632e-01 0 0
1438 5.3675929119e+02 5.3254078482e+02 5.3988815393e+02 5.3963653856e+02 5.5871319789e+02 9.6622106586e-01 1.0523830898e+00 1.0553816842e+00 1.0375644384e+00 1.0795986374e+00 2.6643230983e-01 3.3498103358e-01 3.7352442928e-01 1.8078833825e-01 1.9417507946e-01 2.1313862968e-01 0 0
1439 5.4859821247e+02 5.3367593163e+02 5.4025850294e+02 5.5168245509e+02 5.5542238994e+02 9.6539637003e-01 1.0518722832e+00 1.0549098429e+00 1.0370860522e+00 1.0791326181e+00 3.2261185511e-01 4.3151091412e-01 3.2472945750e-01 1.9263038061e-01 2.1526638325e-01 1.9773846958e-01 0 0
1440 5.4673983247e+02 5.3802003912e+02 5.5186986124e+02 5.5435911759e+02 5.5786756381e+02 9.6450656261e-01 1.0513629407e+00 1.0543921918e+00 1.0365539225e+00 1.0786832503e+00 2.8249402579e-01 3.4537100978e-01 3.6202824861e-01 1.8703248112e-01 2.0406378619e-01 2.0353065617e-01 0 0
1441 5.4098130436e+02 5.3584955911e+02 5.3317020617e+02 5.6065171341e+02 5.7271357916e+02 9.6369171560e-01 1.0508048980e+00 1.0538854508e+00 1.0360267557e+00 1.0782174887e+00 3.1089530423e-01 3.5578301176e-01 3.7461015396e-01 1.8762122232e-01 2.0574586093e-01 2.1147595160e-01 0 0
1442 5.4814217600e+02 5.3242026985e+02 5.5598414995e+02 5.6932089479e+02 5.4752628362e+02 9.6286571567e-01 1.0502988516e+00 1.0533679424e+00 1.0354739839e+00 1.0777634999e+00 3.6161792781e-01 3.6606148630e-01 3.5754047893e-01 2.0363481940e-01 2.1380904596e-01 2.0364489872e-01 0 0
1443 5.4792558521e+02 5.4272178646e+02 5.4921517869e+02 5.8087732677e+02 5.6951733951e+02 9.6196948539e-01 1.0497777710e+00 1.0528109354e+00 1.0348857745e+00 1.0773336152e+00 2.7138157730e-01 3.2394140400e-01 4.9030499347e-01 1.8333081780e-01 2.0734569151e-01 2.3224786948e-01 0 0
1444 5.3788612061e+02 5.4682486913e+02 5.4562266609e+02 5.7306478691e+02 5.6334253567e+02 9.6114260612e-01 1.0492187271e+00 1.0523131160e+00 1.0343277470e+00 1.0768510024e+00 2.9853568037e-01 3.6590343714e-01 3.5964552127e-01 1.8460386319e-01 2.1442786977e-01 2.1074241307e-01 0 0
1445 5.4606729870e+02 5.3317328328e+02 5.4597052347e+02 5.8417479191e+02 5.6737804306e+02 9.6032487285e-01 1.0487015087e+00 1.0518320844e+00 1.0337418719e+00 1.0763855273e+00 3.8091001088e-01 3.8970102370e-01 3.7233461998e-01 2.0714845037e-01 2.2663679533e-01 2.1004093066e-01 0 0
1446 5.3866557798e+02 5.5104199590e+02 5.5092376968e+02 5.8158356020e+02 5.5949586683e+02 9.5947138466e-01 1.0481779243e+00 1.0513265435e+00 1.0331381088e+00 1.0759196122e+00 3.1485549322e-01 3.2178593427e-01 4.0207505226e-01 1.9203570878e-01 2.0893795416e-01 2.1899830829e-01 0 0
1447 5.3930703971e+02 5.4458507715e+02 5.5199003614e+02 5.7808806639e+02 5.6045196605e+02 9.5867245776e-01 1.0476202454e+00 1.0508336607e+00 1.0325489964e+00 1.0754668318e+00 3.4454391866e-01 3.4606358968e-01 4.1393500008e-01 1.9427561914e-01 2.1450635046e-01 2.1838486753e-01 0 0
1448 5.4230284094e+02 5.4687929998e+02 5.5897148854e+02 5.9070873745e+02 5.7236114582e+02 9.5782567922e-01 1.0470775482e+00 1.0502997207e+00 1.0319574476e+00 1.0749963642e+00 3.3599623597e-01 4.1047829576e-01 4.0384742245e-01 1.9741474420e-01 2.3234760668e-01 2.1975960024e-01 0 0
1449 5.3635055850e+02 5.6119058706e+02 5.5890640988e+02 5.7367624798e+02 5.6881941884e+02 9.5697785599e-01 1.0464839610e+00 1.0497477416e+00 1.0313761670e+00 1.0745105799e+00 2.8695637123e-01 3.9317275956e-01 3.9232182689e-01 1.8229103840e-01 2.2624488641e-01 2.2008750215e-01 0 0
1450 5.2792384452e+02 5.5901235451e+02 5.6020615625e+02 5.7731753070e+02 5.6872002668e+02 9.5621098199e-01 1.0458725072e+00 1.0492321139e+00 1.0308125028e+00 1.0740295587e+00 3.4483033723e-01 4.1594150290e-01 3.8702638075e-01 1.8978722293e-01 2.2895338386e-01 2.1790494118e-01 0 0
1451 5.3705837587e+02 5.7177388450e+02 5.8071015253e+02 5.8310547931e+02 5.6967339876e+02 9.5547106836e-01 1.0452689315e+00 1.0486615870e+00 1.0302130281e+00 1.0735629141e+00 4.4629261819e-01 3.5971638374e-01 4.1812878475e-01 2.1198417192e-01 2.1937708091e-01 2.2264184244e-01 0 0
1452 5.3408132391e+02 5.7832006169e+02 5.7424953744e+02 5.6812020075e+02 5.9322690115e+02 9.5462484704e-01 1.0446135020e+00 1.0480764607e+00 1.0296658233e+00 1.0730334673e+00 3.1751078448e-01 3.9894393459e-01 3.4709125757e-01 1.9083953953e-01 2.2102668416e-01 2.1597094741e-01 0 0
1453 5.2983549573e+02 5.6601065582e+02 5.7727362988e+02 5.8465475924e+02 5.6959374228e+02 9.5382169946e-01 1.0439868443e+00 1.0475251925e+00 1.0291249027e+00 1.0725145581e+00 3.1434235258e-01 4.9629157782e-01 3.0220594816e-01 1.8442357289e-01 2.4523811322e-01 1.9918695558e-01 0 0
1454 5.4138439531e+02 5.7156949490e+02 5.8493103226e+02 5.7159942814e+02 5.8860125510e+02 9.5300808082e-01 1.0434084093e+00 1.0469279172e+00 1.0285837254e+00 1.0720222532e+00 3.4621614255e-01 4.2831526324e-01 4.0687663108e-01 1.9488711717e-01 2.2796727344e-01 2.2542540357e-01 0 0
1455 5.4606681062e+02 5.7384925612e+02 5.6818548908e+02 5.7666747351e+02 5.9044104278e+02 9.5212879496e-01 1.0427815339e+00 1.0463742369e+00 1.0280349125e+00 1.0714749219e+00 2.7989892685e-01 4.7180697322e-01 3.6290219612e-01 1.8184026757e-01 2.4056528788e-01 2.2419786360e-01 0 0
1456 5.3656487578e+02 5.7601481101e+02 5.9055704636e+02 5.8653370001e+02 5.9614907427e+02 9.5129906804e-01 1.0422010827e+00 1.0458460721e+00 1.0274193523e+00 1.0709377628e+00 3.1732285942e-01 3.2447398826e-01 3.8284935988e-01 1.8792183307e-01 2.1144378092e-01 2.2832037788e-01 0 0
1457 5.5695981582e+02 5.8325206279e+02 5.8322832686e+02 5.8293267193e+02 6.0618515117e+02 9.5043892365e-01 1.0415503249e+00 1.0452444795e+00 1.0268148288e+00 1.0703720356e+00 3.4821046506e-01 3.1409195438e-01 3.7058713473e-01 2.0008842373e-01 2.0580976829e-01 2.3092725780e-01 0 0
1458 5.4832769213e+02 5.7869184373e+02 5.8079393398e+02 5.8772891817e+02 5.9985021568e+02 9.4949389640e-01 1.0408908420e+00 1.0446830798e+00 1.0262582747e+00 1.0698035297e+00 2.5539204230e-01 4.3217154033e-01 3.6008224450e-01 1.7965544174e-01 2.3228532262e-01 2.2733296640e-01 0 0
1459 5.4652784229e+02 5.6943793560e+02 5.8602964942e+02 5.8958581860e+02 6.0094787108e+02 9.4863482508e-01 1.0402753782e+00 1.0440998901e+00 1.0256467828e+00 1.0692641471e+00 2.9723510771e-01 3.9664394595e-01 4.3200458214e-01 1.8472345320e-01 2.3296762817e-01 2.4298959691e-01 0 0
1460 5.4949328450e+02 5.7860662371e+02 5.7213514575e+02 5.7506790360e+02 6.0900382285e+02 9.4774864191e-01 1.0396281500e+00 1.0435107684e+00 1.0250673637e+00 1.0686935309e+00 3.2066952542e-01 3.8445900753e-01 3.9976712503e-01 1.9450828829e-01 2.2305962350e-01 2.4012275878e-01 0 0
1461 5.5886195350e+02 5.7268141231e+02 5.8084125413e+02 5.7116035949e+02 6.0545920073e+02 9.4679353906e-01 1.0390023066e+00 1.0429657725e+00 1.0245227996e+00 1.0681209497e+00 2.5391711850e-01 4.3836298585e-01 3.7910404988e-01 1.7960783786e-01 2.3156840168e-01 2.3424427118e-01 0 0
1462 5.2967140446e+02 5.7570112146e+02 5.7417791777e+02 5.7215464474e+02 6.0510360683e+02 9.4589659926e-01 1.0383866041e+00 1.0424234176e+00 1.0239785925e+00 1.0675900119e+00 2.6047511705e-01 4.4747362658e-01 4.8137647472e-01 1.7637604159e-01 2.3363681510e-01 2.5420784578e-01 0 0
1463 5.3245611046e+02 5.7535144151e+02 5.8457650269e+02 5.6885358947e+02 6.0054365994e+02 9.4509048717e-01 1.0377590666e+00 1.0418594098e+00 1.0234248946e+00 1.0670491505e+00 3.4678058960e-01 3.9443470538e-01 4.9654090777e-01 1.9268420793e-01 2.2127049044e-01 2.6024729200e-01 0 0
1464 5.2411887360e+02 5.6522644798e+02 5.8397640149e+02 5.6957185126e+02 6.0050980945e+02 9.4433665446e-01 1.0371421769e+00 1.0412544097e+00 1.0228665890e+00 1.0665340165e+00 4.0964982213e-01 3.9261774160e-01 4.8761017062e-01 2.0247187508e-01 2.2131556179e-01 2.5170085207e-01 0 0
1465 5.2944661040e+02 5.7861915368e+02 5.8060770965e+02 5.8190511469e+02 6.0837015870e+02 9.4356221891e-01 1.0365074018e+00 1.0406296137e+00 1.0222772399e+00 1.0659820050e+00 4.1613673418e-01 3.2980291545e-01 4.3964856863e-01 2.0651521165e-01 2.0897702221e-01 2.4796710629e-01 0 0
1466 5.3147985899e+02 5.9669469790e+02 5.9057514340e+02 5.6679973315e+02 6.0949036088e+02 9.4271799646e-01 1.0358140438e+00 1.0400295278e+00 1.0216805038e+00 1.0653901029e+00 3.1789679178e-01 2.9957081005e-01 3.5751993395e-01 1.8849805267e-01 2.0059540868e-01 2.3111088667e-01 0 0
1467 5.1601770279e+02 5.8147315609e+02 5.9645567731e+02 5.7428841839e+02 5.9225242718e+02 9.4191999717e-01 1.0351388437e+00 1.0394270249e+00 1.0211256340e+00 1.0648851443e+00 3.0220814375e-01 3.6318907514e-01 4.4000830315e-01 1.7859229831e-01 2.1238655131e-01 2.3722726572e-01 0 0
1468 5.2414588487e+02 5.7617239174e+02 5.8995330853e+02 5.6452720816e+02 6.0344503167e+02 9.4118170945e-01 1.0345234568e+00 1.0388059110e+00 1.0205799005e+00 1.0643798101e+00 3.8587631722e-01 3.9322822914e-01 5.7714446634e-01 1.9403363869e-01 2.1987013519e-01 2.7224234492e-01 0 0
1469 5.1769579283e+02 5.6962273699e+02 5.7679702886e+02 5.5789585162e+02 6.0230520710e+02 9.4038218670e-01 1.0339212776e+00 1.0382356841e+00 1.0200683677e+00 1.0638365088e+00 3.0580770318e-01 4.4791875780e-01 4.2769460008e-01 1.7964359580e-01 2.2660092171e-01 2.4235152081e-01 0 0
1470 5.2868669313e+02 5.6415534208e+02 5.7797339904e+02 5.6842364263e+02 5.9745161938e+02 9.3963564109e-01 1.0333476457e+00 1.0376798006e+00 1.0195187751e+00 1.0632907996e+00 3.6433659645e-01 4.4009864703e-01 4.2969482951e-01 1.8902849689e-01 2.3257187847e-01 2.4320693407e-01 0 0
1471 5.3202734243e+02 5.6994229423e+02 5.7799370131e+02 5.7534199069e+02 6.2070000806e+02 9.3877312856e-01 1.0327352725e+00 1.0370955095e+00 1.0189232226e+00 1.0627021639e+00 2.9394571588e-01 3.3536018617e-01 3.7992423773e-01 1.8283880334e-01 2.1169723384e-01 2.3785731848e-01 0 0
1472 5.1329644753e+02 5.6042021065e+02 5.7158119502e+02 5.6304273816e+02 6.1153403421e+02 9.3799723566e-01 1.0321255129e+00 1.0365089090e+00 1.0183548055e+00 1.0621260245e+00 3.0312283229e-01 3.2534267940e-01 3.7353609875e-01 1.7523492412e-01 2.0310577098e-01 2.3343373276e-01 0 0
1473 5.3472674732e+02 5.6642665567e+02 5.7849087071e+02 5.7189889294e+02 6.0569771235e+02 9.3724194820e-01 1.0315527835e+00 1.0359337352e+00 1.0177851320e+00 1.0615860556e+00 4.6626470323e-01 3.4333137237e-01 4.8252755962e-01 2.1529260345e-01 2.0981934201e-01 2.5744708069e-01 0 0
1474 5.3711326456e+02 5.7209557222e+02 5.7285090229e+02 5.6084197306e+02 6.0239848730e+02 9.3633730401e-01 1.0309158149e+00 1.0353450948e+00 1.0171954760e+00 1.0610398223e+00 2.7180644466e-01 2.9015953280e-01 4.5813874528e-01 1.7923414014e-01 1.9527268503e-01 2.5154237822e-01 0 0
1475 5.3269909132e+02 5.6763583176e+02 5.7895277225e+02 5.5409752075e+02 5.9538446087e+02 9.3549703274e-01 1.0303154169e+00 1.0347926573e+00 1.0166475422e+00 1.0605110183e+00 2.7556367594e-01 3.3357509039e-01 4.4598796964e-01 1.7398529381e-01 2.0226797741e-01 2.4549151212e-01 0 0
1476 5.4095779915e+02 5.6601084906e+02 5.7418033970e+02 5.5812744960e+02 5.9489915112e+02 9.3462579634e-01 1.0297174491e+00 1.0342201218e+00 1.0160977838e+00 1.0599821180e+00 3.0432229298e-01 3.5630872101e-01 4.3111933768e-01 1.8599129179e-01 2.0904795825e-01 2.4083047174e-01 0 0
1477 5.3448160262e+02 5.6525417402e+02 5.7450856717e+02 5.6204748465e+02 5.9553948757e+02 9.3372973873e-01 1.0291213935e+00 1.0336589339e+00 1.0155389595e+00 1.0594496770e+00 2.7586184617e-01 3.2195798680e-01 4.1188364848e-01 1.7950610182e-01 2.0074715931e-01 2.3682967294e-01 0 0
1478 5.3246283707e+02 5.5932126837e+02 5.6402593025e+02 5.6290402157e+02 6.0008304113e+02 9.3292425906e-01 1.0285292720e+00 1.0331152559e+00 1.0150019806e+00 1.0588925023e+00 3.4902983116e-01 3.5555448197e-01 3.7095291167e-01 1.9105341201e-01 2.0637544151e-01 2.2961989976e-01 0 0
1479 5.4952056046e+02 5.6229662990e+02 5.6621743836e+02 5.6634717709e+02 5.9888117039e+02 9.3204263471e-01 1.0279096384e+00 1.0325773468e+00 1.0144423549e+00 1.0583299995e+00 3.5234933853e-01 3.6762488820e-01 3.3847854286e-01 2.0124233429e-01 2.1366772987e-01 2.2010433022e-01 0 0
1480 5.3651975946e+02 5.5717574651e+02 5.6658770283e+02 5.6610188460e+02 5.8998776470e+02 9.3110404564e-01 1.0273370587e+00 1.0320477989e+00 1.0138818667e+00 1.0578021654e+00 2.5367065665e-01 3.2651107572e-01 3.8194648921e-01 1.7560979565e-01 2.0206118282e-01 2.2723062709e-01 0 0
1481 5.3046770630e+02 5.6647390717e+02 5.6924640425e+02 5.7409673619e+02 5.9387075088e+02 9.3032432078e-01 1.0267316294e+00 1.0315016707e+00 1.0133370626e+00 1.0573206454e+00 3.6966113090e-01 3.9385323226e-01 5.2315136045e-01 1.9339228738e-01 2.1848728508e-01 2.5400437973e-01 0 0
1482 5.5614690291e+02 5.7120754766e+02 5.6281246877e+02 5.7229098259e+02 5.9538968332e+02 9.2940468682e-01 1.0260744416e+00 1.0309608913e+00 1.0127497442e+00 1.0567813432e+00 3.7113058718e-01 3.5229327157e-01 4.4687331468e-01 2.1019202311e-01 2.1478735842e-01 2.4772624113e-01 0 0
1483 5.5197183128e+02 5.5441111776e+02 5.6038588825e+02 5.7384157766e+02 5.9892771371e+02 9.2843889076e-01 1.0254342678e+00 1.0304513955e+00 1.0121889533e+00 1.0562323788e+00 2.6691495206e-01 3.4847699851e-01 3.6227684468e-01 1.8252105445e-01 2.0866235998e-01 2.2567319777e-01 0 0
1484 5.4385964090e+02 5.5147724908e+02 5.5909983456e+02 5.6860003517e+02 5.7405117368e+02 9.2752491804e-01 1.0248652733e+00 1.0299331945e+00 1.0116637760e+00 1.0557285022e+00 3.0538566071e-01 4.3902412057e-01 4.1529774107e-01 1.8954483769e-01 2.2676710598e-01 2.3144811019e-01 0 0
1485 5.5556514211e+02 5.5882289793e+02 5.6603467208e+02 5.6458676813e+02 6.0088694860e+02 9.2656843747e-01 1.0242601315e+00 1.0293765604e+00 1.0111358205e+00 1.0552213878e+00 3.0645754329e-01 4.4316242635e-01 5.3344847262e-01 1.9423632755e-01 2.2901315987e-01 2.6195430011e-01 0 0
1486 5.5159387703e+02 5.5696311031e+02 5.5726687951e+02 5.6339426137e+02 5.9737726250e+02 9.2558238528e-01 1.0236379399e+00 1.0288263024e+00 1.0106160260e+00 1.0546611267e+00 2.5953705780e-01 4.5612733252e-01 3.5920957662e-01 1.8135612350e-01 2.3014522716e-01 2.2662007716e-01 0 0
1487 5.4424796251e+02 5.5714366415e+02 5.6985083026e+02 5.7359995315e+02 5.8963540112e+02 9.2465871938e-01 1.0230671059e+00 1.0282821320e+00 1.0100425160e+00 1.0541081322e+00 2.9164921452e-01 3.8571356051e-01 3.2439627871e-01 1.8576315412e-01 2.2232113872e-01 2.1401445754e-01 0 0
1488 5.4273181039e+02 5.7406402082e+02 5.7039484679e+02 5.5262492931e+02 5.8568565588e+02 9.2373699805e-01 1.0224457612e+00 1.0277239146e+00 1.0094846776e+00 1.0535896514e+00 3.2019185595e-01 3.1763187237e-01 3.5677736066e-01 1.9454462483e-01 1.9962862879e-01 2.1773302834e-01 0 0
1489 5.4255004126e+02 5.5634156550e+02 5.6960101167e+02 5.5079136250e+02 5.7946322144e+02 9.2281758981e-01 1.0218362403e+00 1.0271956037e+00 1.0089579386e+00 1.0531035629e+00 3.1178493513e-01 3.9764059521e-01 4.5468485728e-01 1.9150619435e-01 2.1634078398e-01 2.3750325572e-01 0 0
1490 5.3496785857e+02 5.7279809379e+02 5.7491689617e+02 5.5305433164e+02 5.8101949731e+02 9.2194728203e-01 1.0212452625e+00 1.0266392941e+00 1.0084331659e+00 1.0526157183e+00 3.3797147873e-01 3.7130440585e-01 4.7496107966e-01 1.9368183925e-01 2.0942545589e-01 2.4312328175e-01 0 0
1491 5.4034932754e+02 5.6716790944e+02 5.7747729934e+02 5.4785228392e+02 5.8007286719e+02 9.2108364196e-01 1.0206210109e+00 1.0260822767e+00 1.0079344088e+00 1.0521167480e+00 3.6236780378e-01 3.8970340416e-01 4.2581438832e-01 1.9991269946e-01 2.0928414073e-01 2.3287821375e-01 0 0
1492 5.4503707080e+02 5.7041062512e+02 5.7485919472e+02 5.5521960745e+02 5.8202695384e+02 9.2020120193e-01 1.0200091149e+00 1.0255151854e+00 1.0074151305e+00 1.0516340044e+00 3.4613937689e-01 3.8522264920e-01 4.7483070940e-01 1.9687659559e-01 2.1215357259e-01 2.4160483479e-01 0 0
1493 5.5188656489e+02 5.7100883859e+02 5.7073718777e+02 5.5028415955e+02 6.0407866313e+02 9.1926127262e-01 1.0193821944e+00 1.0249874040e+00 1.0068906577e+00 1.0511084074e+00 3.0407638791e-01 3.3009943925e-01 4.2709402181e-01 1.9051474257e-01 1.9808120560e-01 2.3874628730e-01 0 0
1494 5.5174102387e+02 5.6266914124e+02 5.7778366951e+02 5.4325008629e+02 5.9680574206e+02 9.1827101552e-01 1.0187744083e+00 1.0244392415e+00 1.0063924934e+00 1.0505519141e+00 2.8609282785e-01 3.4520732798e-01 3.4981079958e-01 1.8956027770e-01 1.9669075496e-01 2.2267728578e-01 0 0
1495 5.6567788544e+02 5.6314027449e+02 5.6787085900e+02 5.5013418818e+02 5.9796281761e+02 9.1723255615e-01 1.0181667692e+00 1.0238753796e+00 1.0058843549e+00 1.0500179133e+00 2.4457278562e-01 3.5868179798e-01 3.6178855412e-01 1.7935152059e-01 2.0369983278e-01 2.2241202556e-01 0 0
1496 5.5764411960e+02 5.6604190437e+02 5.7127259255e+02 5.4761251698e+02 6.0268529308e+02 9.1616802202e-01 1.0175372232e+00 1.0233229686e+00 1.0053817437e+00 1.0494711296e+00 2.3471299133e-01 3.5459507629e-01 4.0326302685e-01 1.7748311729e-01 2.0031488314e-01 2.3652207758e-01 0 0
1497 5.4986359356e+02 5.4601622572e+02 5.6944196917e+02 5.6397708841e+02 6.0264347358e+02 9.1521594453e-01 1.0169824785e+00 1.0227662173e+00 1.0048729125e+00 1.0489177225e+00 2.9887305222e-01 4.1364998370e-01 3.7331410311e-01 1.8949363384e-01 2.1848128457e-01 2.3009079881e-01 0 0
1498 5.5031135135e+02 5.5200628393e+02 5.5709665903e+02 5.6604665223e+02 5.9002619116e+02 9.1429218646e-01 1.0164041277e+00 1.0222037990e+00 1.0043177192e+00 1.0483988073e+00 3.7258184076e-01 3.2693902031e-01 3.9704984426e-01 2.0821763212e-01 2.0218030456e-01 2.3001253046e-01 0 0
1499 5.5997669704e+02 5.4771174558e+02 5.5889791107e+02 5.4760698156e+02 6.0189707903e+02 9.1332342424e-01 1.0158271520e+00 1.0216609112e+00 1.0038170343e+00 1.0478810755e+00 3.5835835219e-01 3.5271202028e-01 4.5699544810e-01 2.0849306059e-01 2.0116379485e-01 2.4621192086e-01 0 0
1500 5.5934996721e+02 5.5641073520e+02 5.5544205368e+02 5.5977939293e+02 5.9651094919e+02 9.1233169694e-01 1.0152573587e+00 1.0211495563e+00 1.0033170557e+00 1.0473163985e+00 3.3075323477e-01 4.5405818522e-01 3.5369292460e-01 2.0301697897e-01 2.2496653441e-01 2.2604877688e-01 0 0
1501 5.5884080435e+02 5.4356614708e+02 5.5591225702e+02 5.6736171223e+02 5.8569648710e+02 9.1131950424e-01 1.0146800808e+00 1.0206536780e+00 1.0027711526e+00 1.0468073048e+00 2.9417865073e-01 3.6181545630e-01 3.8841549307e-01 1.9318198430e-01 2.1249048691e-01 2.2569940239e-01 0 0
1502 5.5639245819e+02 5.3707355176e+02 5.4550466886e+02 5.6440460886e+02 5.9247647633e+02 9.1036725147e-01 1.0141465760e+00 1.0201410830e+00 1.0022092848e+00 1.0462854807e+00 3.3533558883e-01 3.0812046677e-01 4.2000794411e-01 1.9982454439e-01 1.9776232820e-01 2.3705251236e-01 0 0
1503 5.5249727153e+02 5.4702205166e+02 5.5164481326e+02 5.6422405235e+02 5.6452059307e+02 9.0945876335e-01 1.0136171609e+00 1.0196612503e+00 1.0016621357e+00 1.0457872862e+00 4.1142950835e-01 3.4366630204e-01 3.8667896017e-01 2.1656671187e-01 2.0731306449e-01 2.2290504351e-01 0 0
1504 5.5853082403e+02 5.4765400231e+02 5.5827141137e+02 5.6750564425e+02 5.7751612532e+02 9.0848281723e-01 1.0130397910e+00 1.0191367413e+00 1.0011301572e+00 1.0453265144e+00 3.8049451950e-01 3.8177174516e-01 4.9271798320e-01 2.1544621872e-01 2.1471647080e-01 2.4156879354e-01 0 0
1505 5.4858652273e+02 5.5908960597e+02 5.5917534146e+02 5.7555413516e+02 5.8502166092e+02 9.0751820895e-01 1.0124243644e+00 1.0185865107e+00 1.0005679044e+00 1.0448224411e+00 3.2189491412e-01 3.6223499849e-01 4.1419584118e-01 1.9701405490e-01 2.1532920841e-01 2.3197209742e-01 0 0
1506 5.5133536611e+02 5.6060954549e+02 5.6192676347e+02 5.7049750766e+02 5.7670705844e+02 9.0663222316e-01 1.0117799376e+00 1.0180505410e+00 9.9998509851e-01 1.0443167689e+00 4.0780428388e-01 2.9808164574e-01 3.3914096281e-01 2.1249037734e-01 1.9909500983e-01 2.1061023604e-01 0 0
1507 5.5657319064e+02 5.5973598687e+02 5.6939120449e+02 5.6833910982e+02 5.7147421748e+02 9.0566991276e-01 1.0111606233e+00 1.0174984711e+00 9.9941837066e-01 1.0438309471e+00 3.8735549688e-01 3.3137084544e-01 3.7682566419e-01 2.1569382991e-01 2.0704202447e-01 2.1815716196e-01 0 0
1508 5.4616230044e+02 5.6015240672e+02 5.5693502763e+02 5.7998450949e+02 5.7765352397e+02 9.0473875028e-01 1.0105519901e+00 1.0169805065e+00 9.9885338282e-01 1.0433339742e+00 3.7116056326e-01 3.6638889834e-01 3.5902180150e-01 2.0762084024e-01 2.1772138122e-01 2.1496886294e-01 0 0
1509 5.5671067742e+02 5.5966429670e+02 5.6845676507e+02 5.8787628907e+02 5.7432871141e+02 9.0380389694e-01 1.0099514841e+00 1.0164853636e+00 9.9825512275e-01 1.0428665266e+00 4.0547861267e-01 3.2719168253e-01 3.7459461205e-01 2.1723969724e-01 2.1173603181e-01 2.1353776194e-01 0 0
1510 5.5058572275e+02 5.6777600667e+02 5.6274975011e+02 5.7852681982e+02 5.7915366592e+02 9.0279598910e-01 1.0093297682e+00 1.0159611238e+00 9.9766765916e-01 1.0423910741e+00 3.0852204247e-01 3.2005063444e-01 4.4846487045e-01 1.9662299871e-01 2.0742486045e-01 2.3558063060e-01 0 0
1511 5.5755108938e+02 5.6018060704e+02 5.6997678133e+02 5.7517652182e+02 5.9116481945e+02 9.0182035604e-01 1.0087061940e+00 1.0154656007e+00 9.9708474815e-01 1.0418855111e+00 3.2685104545e-01 3.2896519452e-01 3.9323070087e-01 1.9920231824e-01 2.0991269592e-01 2.2783021722e-01 0 0
1512 5.6427952565e+02 5.6209315843e+02 5.7381821490e+02 5.7208543942e+02 5.7250851522e+02 9.0078432866e-01 1.0081010465e+00 1.0149009064e+00 9.9652683797e-01 1.0414164306e+00 2.9125547040e-01 3.4049072675e-01 4.1545601375e-01 1.9340568405e-01 2.0890359953e-01 2.2551727481e-01 0 0
1513 5.5971673664e+02 5.7183140544e+02 5.6740186376e+02 5.6738338560e+02 5.9030362950e+02 8.9974956913e-01 1.0074869986e+00 1.0143544391e+00 9.9598392720e-01 1.0409510861e+00 2.7200783339e-01 4.0507017262e-01 5.4167793319e-01 1.8658201020e-01 2.2467206232e-01 2.5587519258e-01 0 0
1514 5.6069786720e+02 5.6228954396e+02 5.7588244786e+02 5.7162624371e+02 5.8777671675e+02 8.9872558807e-01 1.0068791190e+00 1.0138515395e+00 9.9544695207e-01 1.0404313917e+00 2.9425323118e-01 3.9287973754e-01 3.6712848768e-01 1.9291845319e-01 2.2070386726e-01 2.2340613697e-01 0 0
1515 5.8197071786e+02 5.6367327638e+02 5.7705605230e+02 5.5757563949e+02 5.8717477700e+02 8.9762570019e-01 1.0063102893e+00 1.0132890848e+00 9.9495143686e-01 1.0399485866e+00 2.8805176078e-01 4.4827507995e-01 4.0919572115e-01 1.9771061205e-01 2.2644399945e-01 2.2748137638e-01 0 0
1516 5.7595289719e+02 5.7504673723e+02 5.6776268700e+02 5.7888151853e+02 5.9944583784e+02 8.9647721756e-01 1.0056763053e+00 1.0127515258e+00 9.9441586923e-01 1.0394345061e+00 2.3382674513e-01 4.4374825805e-01 4.3590087444e-01 1.8190697827e-01 2.3445775080e-01 2.4132337328e-01 0 0
1517 5.5122200945e+02 5.6492610136e+02 5.8019439092e+02 5.6382269487e+02 5.9004208007e+02 8.9549567155e-01 1.0050580789e+00 1.0122232080e+00 9.9388423317e-01 1.0389062687e+00 3.0227621929e-01 3.6113469675e-01 3.6323671602e-01 1.9103591507e-01 2.1064258181e-01 2.2459716070e-01 0 0
1518 5.7195564612e+02 5.7903065549e+02 5.7758124429e+02 5.7654333640e+02 5.9555153010e+02 8.9457055212e-01 1.0044560125e+00 1.0116678805e+00 9.9336581831e-01 1.0383963304e+00 5.2443220202e-01 4.3073804118e-01 3.9906184562e-01 2.4424770351e-01 2.2704744060e-01 2.3102281522e-01 0 0
1519 5.7972299478e+02 5.7803870978e+02 5.8942869586e+02 5.7696398284e+02 5.9921226936e+02 8.9344829829e-01 1.0038201719e+00 1.0111129938e+00 9.9279111713e-01 1.0378926133e+00 3.1032760758e-01 3.5673609935e-01 4.4174578041e-01 2.0708885848e-01 2.1740557905e-01 2.4167987797e-01 0 0
1520 5.6821024758e+02 5.6897945921e+02 5.8960134837e+02 5.7051558370e+02 5.9021585035e+02 8.9242464243e-01 1.0032056746e+00 1.0105163637e+00 9.9228227076e-01 1.0374129111e+00 3.3730525145e-01 4.2929095030e-01 4.6957383864e-01 2.0566976430e-01 2.2427892499e-01 2.4345672037e-01 0 0
1521 5.7419002088e+02 5.7869575880e+02 5.8122774151e+02 5.8735022027e+02 6.0247396209e+02 8.9144936745e-01 1.0025659637e+00 1.0099275074e+00 9.9174005700e-01 1.0368867359e+00 4.4582682351e-01 5.0810913742e-01 4.5471664891e-01 2.3103460843e-01 2.5264559127e-01 2.5086078048e-01 0 0
1522 5.7732184493e+02 5.7365917037e+02 5.7608972825e+02 5.7905456349e+02 5.9960700671e+02 8.9044936326e-01 1.0018883802e+00 1.0093632334e+00 9.9115187600e-01 1.0363446812e+00 4.4875997508e-01 3.4429717250e-01 3.7662668526e-01 2.3460895331e-01 2.1635091398e-01 2.3196444381e-01 0 0
1523 5.8703849068e+02 5.6793771666e+02 5.8530181851e+02 5.8290404442e+02 6.0600484734e+02 8.8934805133e-01 1.0012687202e+00 1.0087902553e+00 9.9061659733e-01 1.0358224504e+00 3.6032175079e-01 4.3698516302e-01 4.4034516998e-01 2.2033115109e-01 2.3213906772e-01 2.4635129422e-01 0 0
1524 5.6685584999e+02 5.6040462503e+02 5.6995909941e+02 5.8503739197e+02 6.0966758361e+02 8.8832510061e-01 1.0006824735e+00 1.0082232711e+00 9.9004231208e-01 1.0352698089e+00 3.5667283959e-01 4.0950544737e-01 3.8294103555e-01 2.1126949121e-01 2.3383656610e-01 2.3694208637e-01 0 0
1525 5.6991444225e+02 5.6743366903e+02 5.7825278318e+02 5.7967534017e+02 5.9710923414e+02 8.8741313706e-01 1.0001200232e+00 1.0076855779e+00 9.8948051941e-01 1.0347461663e+00 5.6000454550e-01 4.0651123784e-01 3.9187989198e-01 2.5002759049e-01 2.2960324492e-01 2.3300375137e-01 0 0
1526 5.6780218333e+02 5.6547833734e+02 5.7713029291e+02 5.8783384132e+02 5.9882382113e+02 8.8636190848e-01 9.9953095253e-01 1.0071266407e+00 9.8889459676e-01 1.0342388214e+00 3.9583358902e-01 3.9547703043e-01 4.5522275567e-01 2.2559428816e-01 2.3149469215e-01 2.4730051029e-01 0 0
1527 5.5331165093e+02 5.8503413362e+02 5.8408384458e+02 5.9155230115e+02 6.0404069089e+02 8.8535457239e-01 9.9889524966e-01 1.0065652599e+00 9.8829610999e-01 1.0337191276e+00 3.4078452463e-01 3.4061689489e-01 4.2933366820e-01 2.0473577716e-01 2.1724236570e-01 2.4370737839e-01 0 0
1528 5.6684507540e+02 5.6711605955e+02 5.8081747348e+02 5.8354182584e+02 5.9916600892e+02 8.8441752048e-01 9.9826046505e-01 1.0060190469e+00 9.8774533532e-01 1.0331832300e+00 4.6561598177e-01 4.0541815013e-01 3.8999936357e-01 2.3102071252e-01 2.2818075400e-01 2.3517000116e-01 0 0
1529 5.8156807961e+02 5.8176111936e+02 5.8553719993e+02 5.8968055441e+02 6.0054899363e+02 8.8331597849e-01 9.9763759503e-01 1.0054515250e+00 9.8716372139e-01 1.0326566961e+00 3.2677574206e-01 4.1181917489e-01 3.8608287834e-01 2.0993546759e-01 2.3585750163e-01 2.3337155022e-01 0 0
1530 5.6336549549e+02 5.8006405896e+02 5.9190022386e+02 5.8266706295e+02 5.9177669458e+02 8.8224281189e-01 9.9699194423e-01 1.0048711279e+00 9.8656344916e-01 1.0321460751e+00 2.9261795131e-01 3.2294874080e-01 3.8455740549e-01 1.9578247242e-01 2.1311727259e-01 2.2862190101e-01 0 0
1531 5.7028482074e+02 5.7372935693e+02 5.8665463115e+02 5.7232019556e+02 6.0366293368e+02 8.8127331723e-01 9.9636427287e-01 1.0042838519e+00 9.8604606784e-01 1.0316576210e+00 4.4033056664e-01 4.4703270495e-01 4.7160653584e-01 2.2811820278e-01 2.3332160525e-01 2.4787163828e-01 0 0
1532 5.7086027333e+02 5.8071136333e+02 5.8881469921e+02 5.8443353985e+02 5.9881387968e+02 8.8019522303e-01 9.9575845509e-01 1.0037168620e+00 9.8551425148e-01 1.0311468977e+00 3.5365639973e-01 5.1229864731e-01 4.3233326077e-01 2.1552090142e-01 2.5285727531e-01 2.4236241262e-01 0 0
1533 5.7723667249e+02 5.8273986478e+02 5.8761371240e+02 5.8573919644e+02 6.0423174362e+02 8.7908024808e-01 9.9510809957e-01 1.0031550834e+00 9.8493573189e-01 1.0306475388e+00 3.0234167540e-01 3.5383009352e-01 4.5571170561e-01 2.0243078626e-01 2.1968953125e-01 2.4726206344e-01 0 0
1534 5.6204736645e+02 5.8247035869e+02 5.8702744293e+02 5.8013387464e+02 6.1737243115e+02 8.7803330563e-01 9.9445411101e-01 1.0026059635e+00 9.8437815855e-01 1.0300959303e+00 3.2729468301e-01 3.9559308439e-01 4.0578914247e-01 2.0413754457e-01 2.2845468484e-01 2.4398740754e-01 0 0
1535 5.6500090173e+02 5.8373549233e+02 5.8477236490e+02 5.7556097635e+02 6.0430559322e+02 8.7704596456e-01 9.9378810947e-01 1.0020666618e+00 9.8382536448e-01 1.0295500051e+00 3.8647497130e-01 4.0705727227e-01 3.9470944367e-01 2.1529006522e-01 2.3129387945e-01 2.3928405344e-01 0 0
1536 5.6228687291e+02 5.9238197664e+02 5.9280184822e+02 5.8367761864e+02 6.0680876312e+02 8.7611857266e-01 9.9310674434e-01 1.0015157075e+00 9.8324469087e-01 1.0290782556e+00 4.6095457284e-01 3.6329703033e-01 5.4568154737e-01 2.2765750325e-01 2.2331082262e-01 2.6248445734e-01 0 0
1537 5.7410479242e+02 5.7571585874e+02 5.9261610149e+02 5.7965687588e+02 6.0679599125e+02 8.7508840008e-01 9.9245671582e-01 1.0009404579e+00 9.8268552506e-01 1.0285464789e+00 3.9571034414e-01 3.4081728943e-01 5.1876842603e-01 2.2229725978e-01 2.1381691564e-01 2.7147493511e-01 0 0
1538 5.4757703234e+02 5.8770509718e+02 5.9503678983e+02 5.7777615151e+02 6.1669841698e+02 8.7410836700e-01 9.9182899031e-01 1.0003477828e+00 9.8214822497e-01 1.0280094723e+00 3.3188731388e-01 3.9862406813e-01 4.3115709722e-01 1.9833719940e-01 2.2579990793e-01 2.4900903925e-01 0 0
1539 5.6899837101e+02 5.8105964625e+02 5.8531238988e+02 5.8295800127e+02 6.0950143560e+02 8.7315874741e-01 9.9117118241e-01 9.9979037233e-01 9.8161640329e-01 1.0274737645e+00 4.6412523500e-01 4.4073274918e-01 4.5242512226e-01 2.3092010740e-01 2.3769680504e-01 2.5462261215e-01 0 0
1540 5.6437943522e+02 5.8945358702e+02 5.9211020934e+02 5.9727524539e+02 6.1517621967e+02 8.7208515219e-01 9.9050659145e-01 9.9923800852e-01 9.8104371092e-01 1.0269323529e+00 3.0798785399e-01 3.8310855255e-01 4.4256042503e-01 1.9988518914e-01 2.2902366798e-01 2.5395272300e-01 0 0
1541 5.6638926609e+02 5.7994118775e+02 5.8539964981e+02 5.9155705557e+02 6.1341194865e+02 8.7099832703e-01 9.8983995922e-01 9.9868320589e-01 9.8045454562e-01 1.0263915468e+00 2.7723125315e-01 3.2933038287e-01 4.2979059927e-01 1.9051560034e-01 2.1606065612e-01 2.4983583298e-01 0 0
1542 5.6973875963e+02 5.9109643883e+02 5.8487330359e+02 5.9393102504e+02 6.1069356063e+02 8.6989372464e-01 9.8916206695e-01 9.9814487557e-01 9.7988443051e-01 1.0258790419e+00 2.7954074090e-01 3.8929989934e-01 4.7289029509e-01 1.9324937776e-01 2.3097806331e-01 2.5559120625e-01 0 0
1543 5.5602107124e+02 5.7995837674e+02 5.9322790203e+02 5.9435800449e+02 6.1094933812e+02 8.6886009661e-01 9.8849028799e-01 9.9758590079e-01 9.7930763977e-01 1.0253712102e+00 3.0037567605e-01 3.8926005736e-01 5.2843293920e-01 1.9329261655e-01 2.3287402652e-01 2.7002251334e-01 0 0
1544 5.5572937525e+02 5.7964385617e+02 5.8770472497e+02 6.0201256216e+02 6.1007945179e+02 8.6787701139e-01 9.8787930747e-01 9.9701637014e-01 9.7873593972e-01 1.0248285351e+00 3.4789392036e-01 3.9167810790e-01 4.4186638482e-01 2.0307997802e-01 2.3263636883e-01 2.5515287928e-01 0 0
1545 5.5694556609e+02 5.7363040693e+02 5.8956562400e+02 6.1098184302e+02 6.0686504884e+02 8.6685752579e-01 9.8727533303e-01 9.9647377485e-01 9.7814011078e-01 1.0243178569e+00 3.1950494001e-01 3.7037598155e-01 4.4999714009e-01 1.9830769297e-01 2.3162875790e-01 2.5084449723e-01 0 0
1546 5.5664114015e+02 5.8330941618e+02 5.9189592096e+02 6.0652836393e+02 6.1966961964e+02 8.6580687480e-01 9.8663906100e-01 9.9589899056e-01 9.7754352982e-01 1.0237800778e+00 2.7298840517e-01 3.7366145290e-01 4.5701110736e-01 1.8580857371e-01 2.3262941744e-01 2.5961347856e-01 0 0
1547 5.5897356988e+02 5.8374917023e+02 5.8197615931e+02 6.1102373113e+02 6.1297713559e+02 8.6477073176e-01 9.8599987282e-01 9.9536033663e-01 9.7694700453e-01 1.0232209490e+00 2.7662473501e-01 3.8605567813e-01 3.6327516660e-01 1.8580298406e-01 2.3744950909e-01 2.3631824739e-01 0 0
1548 5.5224632403e+02 5.8250627679e+02 5.9003749881e+02 5.9772634311e+02 6.0227648862e+02 8.6377853704e-01 9.8535701000e-01 9.9486073149e-01 9.7640053625e-01 1.0227066445e+00 3.1014710637e-01 4.4149577431e-01 4.0405069478e-01 1.9252727136e-01 2.4225912057e-01 2.3953333870e-01 0 0
1549 5.4618144019e+02 5.8331415742e+02 5.9843230089e+02 6.2127198150e+02 6.1818512094e+02 8.6289593153e-01 9.8474040864e-01 9.9427379607e-01 9.7586892079e-01 1.0221879300e+00 4.0800868457e-01 5.6002454832e-01 4.8601875454e-01 2.0773243296e-01 2.7155563422e-01 2.6366972364e-01 0 0
1550 5.4797597521e+02 5.9663281736e+02 5.9708795939e+02 5.9744518577e+02 6.0732404859e+02 8.6195463877e-01 9.8411061747e-01 9.9370667749e-01 9.7530067211e-01 1.0216561992e+00 4.0423494403e-01 4.5540643111e-01 4.2140506767e-01 2.1428489732e-01 2.5124179944e-01 2.4962447584e-01 0 0
1551 5.4488039236e+02 5.8939084019e+02 6.0408712120e+02 6.0290383251e+02 6.1379144463e+02 8.6101923489e-01 9.8344978078e-01 9.9314281941e-01 9.7474373275e-01 1.0211439776e+00 3.6974602613e-01 4.6525144018e-01 4.2156002298e-01 2.0340623448e-01 2.5302961841e-01 2.4495713040e-01 0 0
1552 5.5419303873e+02 5.9830400926e+02 6.0749336416e+02 5.9317271937e+02 6.1912998433e+02 8.6006268041e-01 9.8279260240e-01 9.9253525365e-01 9.7417594969e-01 1.0205991859e+00 3.8217112122e-01 3.9730415680e-01 3.8168010116e-01 2.0976174766e-01 2.3682601284e-01 2.4095882103e-01 0 0
1553 5.5541727011e+02 5.8822455321e+02 5.9805896971e+02 5.8912965466e+02 6.1545666480e+02 8.5897037416e-01 9.8216293394e-01 9.9197768543e-01 9.7364839830e-01 1.0200563700e+00 2.5732818817e-01 4.4875297137e-01 3.6999837868e-01 1.8352898794e-01 2.4143208377e-01 2.3758100905e-01 0 0
1554 5.5842093085e+02 6.0373636113e+02 6.1011604941e+02 5.8379600996e+02 6.1500515750e+02 8.5791788314e-01 9.8154750209e-01 9.9142721544e-01 9.7312875239e-01 1.0195279978e+00 2.6242135866e-01 4.8001756147e-01 3.9898116514e-01 1.8203952793e-01 2.4997505452e-01 2.4275134876e-01 0 0
1555 5.5483362307e+02 6.0292749357e+02 6.0922750779e+02 5.9008540166e+02 6.2971722324e+02 8.5688747284e-01 9.8085956986e-01 9.9084689181e-01 9.7260487922e-01 1.0189893348e+00 3.1415434657e-01 4.5791673288e-01 4.2786045559e-01 1.9693159568e-01 2.4363595992e-01 2.5476199575e-01 0 0
1556 5.5830838156e+02 6.0495407884e+02 6.1527338944e+02 6.0260030285e+02 6.1936719218e+02 8.5583682890e-01 9.8020225221e-01 9.9026473995e-01 9.7205743297e-01 1.0184638956e+00 2.9005503152e-01 4.5073626563e-01 4.1393842548e-01 1.9117093215e-01 2.5006335787e-01 2.4728385452e-01 0 0
1557 5.5516672629e+02 6.1083173317e+02 6.1177888673e+02 5.9662464645e+02 6.2151727148e+02 8.5482171780e-01 9.7951473482e-01 9.8969436275e-01 9.7148416742e-01 1.0179766396e+00 2.9514450759e-01 3.6916485056e-01 5.7840507850e-01 1.8940762642e-01 2.2988606244e-01 2.8162725084e-01 0 0
1558 5.5908952938e+02 6.0303202651e+02 6.1307381285e+02 5.9658491642e+02 6.2991936488e+02 8.5376510416e-01 9.7885413117e-01 9.8914586936e-01 9.7094329822e-01 1.0174570729e+00 2.8669820379e-01 4.2626021244e-01 5.3979580104e-01 1.9033816969e-01 2.4178107642e-01 2.8157547675e-01 0 0
1559 5.5568770059e+02 6.0565932565e+02 6.1906277448e+02 5.9758869635e+02 6.3088214529e+02 8.5267176607e-01 9.7822334115e-01 9.8857351654e-01 9.7038768350e-01 1.0169411211e+00 2.3912058053e-01 4.1385415383e-01 4.7751669213e-01 1.7677934126e-01 2.4078497384e-01 2.6443544216e-01 0 0
1560 5.4039551965e+02 6.1215697027e+02 6.1496420119e+02 5.8660434387e+02 6.3904342575e+02 8.5163151465e-01 9.7752460796e-01 9.8798001805e-01 9.6983682599e-01 1.0163984253e+00 2.2805933551e-01 3.8945050910e-01 4.8078761995e-01 1.6828507168e-01 2.3310861178e-01 2.7249877341e-01 0 0
1561 5.3617459765e+02 5.8503501498e+02 6.0534471068e+02 5.9314303186e+02 6.3822762397e+02 8.5071935728e-01 9.7685400472e-01 9.8739638746e-01 9.6930803897e-01 1.0158376329e+00 3.1630420634e-01 4.2951304093e-01 4.3096414395e-01 1.8589479290e-01 2.4031160027e-01 2.6275167800e-01 0 0
1562 5.3975863004e+02 5.9780389761e+02 5.9931022851e+02 5.8342330259e+02 6.3699399036e+02 8.4978848526e-01 9.7621255630e-01 9.8683501085e-01 9.6878168952e-01 1.0153051015e+00 3.6161742630e-01 4.1853813641e-01 4.6726665460e-01 1.9996156630e-01 2.3639571667e-01 2.6723834872e-01 0 0
1563 5.4430035390e+02 5.9189114286e+02 6.0113343465e+02 5.9682333546e+02 6.3653893243e+02 8.4879923585e-01 9.7553909556e-01 9.8628797096e-01 9.6826820804e-01 1.0147957459e+00 2.9901058377e-01 4.6099432558e-01 5.4056562483e-01 1.8771691999e-01 2.4651665147e-01 2.8148007393e-01 0 0
1564 5.4428721709e+02 5.9193242858e+02 6.0038282058e+02 5.9154799573e+02 6.3686706325e+02 8.4780331929e-01 9.7490096908e-01 9.8574024149e-01 9.6771400429e-01 1.0142821085e+00 2.7457208044e-01 3.5011379421e-01 5.4725771397e-01 1.8035932882e-01 2.2260288056e-01 2.8463536128e-01 0 0
1565 5.5154968622e+02 6.0664703494e+02 5.9771084146e+02 5.8092388701e+02 6.3751534295e+02 8.4677727732e-01 9.7422638942e-01 9.8523731282e-01 9.6723158769e-01 1.0137476938e+00 2.4326559238e-01 4.0377503633e-01 4.9765380472e-01 1.7192300775e-01 2.2509325203e-01 2.7735457569e-01 0 0
1566 5.3175625679e+02 6.0535898441e+02 6.1588158359e+02 5.9739763768e+02 6.2536009626e+02 8.4576540623e-01 9.7354018141e-01 9.8470520404e-01 9.6673404748e-01 1.0131959974e+00 2.2623997162e-01 5.2157474682e-01 4.1676098481e-01 1.6474497080e-01 2.5856461376e-01 2.5858920626e-01 0 0
1567 5.2812455951e+02 6.1045380149e+02 6.0839918023e+02 6.0454980667e+02 6.2263936693e+02 8.4486031176e-01 9.7284498842e-01 9.8414514899e-01 9.6615900804e-01 1.0126680636e+00 2.7201644094e-01 3.0880762637e-01 4.1476448253e-01 1.7094702164e-01 2.1469255723e-01 2.5230798870e-01 0 0
1568 5.2790225290e+02 6.0232896950e+02 6.0777419224e+02 5.8556263008e+02 6.2578378355e+02 8.4398835027e-01 9.7213287933e-01 9.8361278520e-01 9.6559749141e-01 1.0121387275e+00 3.2822394178e-01 2.8476347029e-01 4.1958015598e-01 1.8418054164e-01 2.0401840843e-01 2.5477165356e-01 0 0
1569 5.2115720122e+02 5.9040769812e+02 6.0065844080e+02 5.8896967770e+02 6.1876598464e+02 8.4310861060e-01 9.7146982056e-01 9.8306857111e-01 9.6508258541e-01 1.0116395626e+00 3.2539341663e-01 3.6944115162e-01 4.3937729299e-01 1.8404373327e-01 2.2279049084e-01 2.5445116684e-01 0 0
1570 5.2451927602e+02 5.8925771633e+02 5.9942816500e+02 5.8998363325e+02 6.3051804098e+02 8.4216784956e-01 9.7083868940e-01 9.8255383404e-01 9.6455103728e-01 1.0111299716e+00 2.7617973297e-01 3.4764030017e-01 4.8948925547e-01 1.7556886765e-01 2.2059332207e-01 2.7172229812e-01 0 0
1571 5.3564713424e+02 5.9219617738e+02 6.0372323957e+02 5.7327444889e+02 6.4425654828e+02 8.4118590173e-01 9.7022052386e-01 9.8200046140e-01 9.6404194537e-01 1.0105789855e+00 2.2659492006e-01 3.3664344624e-01 3.9536654949e-01 1.6189805043e-01 2.1254577022e-01 2.5367967226e-01 0 0
1572 5.2795185876e+02 5.8115859496e+02 5.9674531314e+02 5.7646275899e+02 6.2555437913e+02 8.4019849851e-01 9.6961877626e-01 9.8147935583e-01 9.6357040675e-01 1.0100630178e+00 1.9542860528e-01 3.9666883089e-01 4.2278973386e-01 1.5085788880e-01 2.2283560503e-01 2.5535333157e-01 0 0
1573 5.0616662393e+02 5.8628358113e+02 5.8990695771e+02 5.8803579292e+02 6.2763633977e+02 8.3935884138e-01 9.6900315538e-01 9.8097734864e-01 9.6306491969e-01 1.0095753389e+00 2.6667940686e-01 3.4762130864e-01 5.1300711557e-01 1.6246944937e-01 2.1617180761e-01 2.7303042822e-01 0 0
1574 5.2362630371e+02 5.8630857916e+02 5.9260737424e+02 5.8012843406e+02 6.2367757596e+02 8.3847743425e-01 9.6838624251e-01 9.8046901940e-01 9.6256722629e-01 1.0090724675e+00 3.2414906501e-01 3.4746958129e-01 4.8323938251e-01 1.8291261309e-01 2.1511020605e-01 2.7011808008e-01 0 0
1575 5.0254061991e+02 5.9202425520e+02 5.9636710066e+02 5.7713890226e+02 6.2016751769e+02 8.3756764310e-01 9.6776587274e-01 9.7995884973e-01 9.6208217631e-01 1.0085846965e+00 2.2493733466e-01 3.6367378756e-01 4.8441051506e-01 1.5488044570e-01 2.1758618020e-01 2.6518889889e-01 0 0
1576 5.1007045541e+02 5.8910864872e+02 6.0093817278e+02 5.6545990685e+02 6.2559796395e+02 8.3675778006e-01 9.6713417870e-01 9.7942579064e-01 9.6164023245e-01 1.0080985039e+00 3.0702585547e-01 4.2717613094e-01 5.0062686950e-01 1.7079861880e-01 2.2504405677e-01 2.7045076713e-01 0 0
1577 5.0149457217e+02 5.8149621129e+02 5.9518736546e+02 5.8519761619e+02 6.1945611225e+02 8.3589225234e-01 9.6654769874e-01 9.7890581175e-01 9.6118351983e-01 1.0076109791e+00 2.7350080160e-01 4.9671398476e-01 4.6784923971e-01 1.6638028839e-01 2.4701146130e-01 2.6141998358e-01 0 0
1578 4.9770269121e+02 5.9392589500e+02 5.9615321542e+02 5.7340449837e+02 6.2162003567e+02 8.3510468402e-01 9.6591655183e-01 9.7839474239e-01 9.6069116103e-01 1.0071213181e+00 3.1012890704e-01 3.4488754161e-01 4.6364046261e-01 1.6880851813e-01 2.1400729008e-01 2.6209236309e-01 0 0
1579 5.0560530323e+02 5.7107984337e+02 6.0180374708e+02 5.7342627033e+02 6.1620684433e+02 8.3426983799e-01 9.6531655492e-01 9.7784844533e-01 9.6023587041e-01 1.0066166711e+00 3.0906238036e-01 3.9348596334e-01 3.8200045191e-01 1.7385848280e-01 2.2035981994e-01 2.4263299163e-01 0 0
1580 4.9664355075e+02 5.8168166767e+02 5.8461277248e+02 5.8111710846e+02 6.1852387282e+02 8.3341273093e-01 9.6478191632e-01 9.7732622368e-01 9.5976518217e-01 1.0061384816e+00 2.4759998934e-01 4.2014971748e-01 4.2771033198e-01 1.5714170174e-01 2.3214816023e-01 2.4930695724e-01 0 0
1581 4.9294758710e+02 5.7888338096e+02 5.9636862028e+02 5.7393806831e+02 6.0888448207e+02 8.3266240762e-01 9.6418969605e-01 9.7683085862e-01 9.5929918585e-01 1.0056915150e+00 3.1324374057e-01 3.9631647989e-01 4.9547839351e-01 1.6573739547e-01 2.2401503846e-01 2.6087900624e-01 0 0
1582 5.0395601297e+02 5.7117182178e+02 5.9033345979e+02 5.8439060140e+02 6.2019684375e+02 8.3185132165e-01 9.6361953851e-01 9.7630098625e-01 9.5883157600e-01 1.0052529192e+00 3.0635002906e-01 4.1340025328e-01 5.9933427349e-01 1.6993945504e-01 2.3068111576e-01 2.8475443274e-01 0 0
1583 4.8332591362e+02 5.8526254792e+02 5.8685805354e+02 5.7168276824e+02 6.1855605546e+02 8.3108520416e-01 9.6302118354e-01 9.7579216871e-01 9.5836082695e-01 1.0047740462e+00 2.9984407138e-01 4.0371977352e-01 4.4453652576e-01 1.6343803668e-01 2.2833927255e-01 2.5675269961e-01 0 0
1584 4.9838382620e+02 5.8165437547e+02 5.9489521136e+02 5.6997165500e+02 6.1106615333e+02 8.3033817706e-01 9.6241554056e-01 9.7529431177e-01 9.5792980188e-01 1.0042992062e+00 3.8070059777e-01 4.5244447328e-01 4.2614578642e-01 1.8211083587e-01 2.3171978723e-01 2.5043903664e-01 0 0
1585 4.9233630610e+02 5.8115009894e+02 5.9879796259e+02 5.6989294499e+02 6.0882597062e+02 8.2950844697e-01 9.6182893991e-01 9.7476902751e-01 9.5750017719e-01 1.0038410539e+00 2.8400387221e-01 4.7014115565e-01 4.4650512561e-01 1.6521881546e-01 2.3675432429e-01 2.5241779536e-01 0 0
1586 5.0183587395e+02 5.7088935552e+02 5.7551091432e+02 5.6846330686e+02 5.9808888344e+02 8.2869351142e-01 9.6123870631e-01 9.7427926656e-01 9.5705616607e-01 1.0034267169e+00 2.9369749713e-01 4.1266745515e-01 4.8283791356e-01 1.6660109541e-01 2.2523223516e-01 2.5183675252e-01 0 0
1587 4.9945237788e+02 5.7663707174e+02 5.8864802726e+02 5.7067490198e+02 6.1845543493e+02 8.2783151802e-01 9.6067749460e-01 9.7381066947e-01 9.5660258220e-01 1.0029861205e+00 2.5976396107e-01 3.8940567337e-01 5.1327608153e-01 1.6103280125e-01 2.2147818469e-01 2.6681246422e-01 0 0
1588 4.7986623846e+02 5.7585835389e+02 5.8276635541e+02 5.7034665994e+02 6.1061175779e+02 8.2703653188e-01 9.6009882272e-01 9.7332746816e-01 9.5612508588e-01 1.0025109984e+00 2.8301696913e-01 3.0812241137e-01 3.5772341304e-01 1.6121460773e-01 2.0253567956e-01 2.3242592718e-01 0 0
1589 4.8807896458e+02 5.7217133033e+02 5.8191746623e+02 5.6410080549e+02 6.1123691193e+02 8.2628222778e-01 9.5954477770e-01 9.7287616542e-01 9.5564885027e-01 1.0020472059e+00 3.2872542621e-01 2.7618173696e-01 3.6283792369e-01 1.6957823675e-01 1.9162970874e-01 2.3131906800e-01 0 0
1590 4.7543282430e+02 5.8229057394e+02 5.8289825441e+02 5.7766177388e+02 6.0677629218e+02 8.2554551499e-01 9.5896737823e-01 9.7242996323e-01 9.5518945127e-01 1.0016128000e+00 3.1880973163e-01 3.1352455728e-01 4.4601926394e-01 1.6485169283e-01 2.0125719998e-01 2.4887919892e-01 0 0
1591 4.8390267411e+02 5.7844849058e+02 5.8841829828e+02 5.5497857504e+02 6.0741797286e+02 8.2476249253e-01 9.5836058326e-01 9.7196438935e-01 9.5473328135e-01 1.0011797448e+00 2.9346447694e-01 3.1032486819e-01 4.5320204087e-01 1.6294337983e-01 1.9934346899e-01 2.5112223998e-01 0 0
1592 4.8293928080e+02 5.7800965065e+02 5.9062763227e+02 5.5808909459e+02 6.0133850700e+02 8.2392890540e-01 9.5778435702e-01 9.7146669512e-01 9.5432816931e-01 1.0007514608e+00 2.0812291483e-01 3.9178062789e-01 4.3073645048e-01 1.4161709099e-01 2.1185793355e-01 2.4406641256e-01 0 0
1593 4.7185190246e+02 5.8437704545e+02 5.8511670844e+02 5.5218571378e+02 6.1101769614e+02 8.2314821739e-01 9.5720496822e-01 9.7100200417e-01 9.5391524935e-01 1.0003094816e+00 2.2589520528e-01 3.7825799920e-01 4.4331505708e-01 1.4257785950e-01 2.1057308745e-01 2.5166123174e-01 0 0
1594 4.6996969482e+02 5.7404662811e+02 5.8855854106e+02 5.4671301887e+02 6.0504609845e+02 8.2243676250e-01 9.5663468983e-01 9.7054978560e-01 9.5353035120e-01 9.9986841930e-01 3.0193665033e-01 4.0405673534e-01 3.9896699227e-01 1.5734670463e-01 2.1007038932e-01 2.3892362230e-01 0 0
1595 4.8028235319e+02 5.7709016843e+02 5.7924212338e+02 5.4992672807e+02 6.1039039761e+02 8.2169677334e-01 9.5605972953e-01 9.7008179971e-01 9.5312883511e-01 9.9943276132e-01 2.8531203143e-01 4.0087666176e-01 4.3303771876e-01 1.5608793817e-01 2.1404679865e-01 2.4806674663e-01 0 0
1596 4.8805227134e+02 5.7200346918e+02 5.7861264569e+02 5.5038486534e+02 6.0477149610e+02 8.2086754219e-01 9.5548103452e-01 9.6964757622e-01 9.5272559937e-01 9.9899274083e-01 2.1865786824e-01 3.3554862067e-01 4.3373038061e-01 1.4431336954e-01 1.9806738105e-01 2.4944118876e-01 0 0
1597 4.8318762570e+02 5.6673045291e+02 5.7688522472e+02 5.5260977416e+02 5.9631535281e+02 8.1999706956e-01 9.5493065570e-01 9.6919956457e-01 9.5229771576e-01 9.9859904738e-01 1.7341360674e-01 2.9834972508e-01 5.3107541800e-01 1.3165400372e-01 1.9159525633e-01 2.6202899404e-01 0 0
1598 4.7434692874e+02 5.6953514488e+02 5.7205867269e+02 5.4978478744e+02 6.1657273496e+02 8.1915604319e-01 9.5438223439e-01 9.6876662871e-01 9.5188405214e-01 9.9815991770e-01 1.7000744769e-01 2.7911915071e-01 4.8854273930e-01 1.2820849873e-01 1.8366144877e-01 2.6607371308e-01 0 0
1599 4.7395711696e+02 5.6876384599e+02 5.7237004529e+02 5.3221573986e+02 6.1023402273e+02 8.1838793775e-01 9.5382183007e-01 9.6835297118e-01 9.5148577571e-01 9.9770330824e-01 2.0550243471e-01 2.9768360220e-01 3.5837830044e-01 1.3465489215e-01 1.8557174318e-01 2.3158024531e-01 0 0
1600 4.7575008207e+02 5.7192938266e+02 5.8163041315e+02 5.4304402446e+02 5.9787833210e+02 8.1764936042e-01 9.5325230209e-01 9.6790185751e-01 9.5112395545e-01 9.9729142068e-01 2.6964885404e-01 3.7422295474e-01 4.0460587293e-01 1.5106101425e-01 1.9903521985e-01 2.3498595878e-01 0 0
1601 4.7931949126e+02 5.5756465432e+02 5.6939938202e+02 5.4738460542e+02 6.0769179071e+02 8.1688817771e-01 9.5270981361e-01 9.6746356916e-01 9.5072724224e-01 9.9685686977e-01 2.7395598306e-01 3.1768145412e-01 3.8461726159e-01 1.5449671903e-01 1.9165096525e-01 2.3601586279e-01 0 0
1602 4.7674739280e+02 5.4918251747e+02 5.6402025119e+02 5.3559079529e+02 5.9844509460e+02 8.1606540908e-01 9.5221424090e-01 9.6704674310e-01 9.5032630804e-01 9.9642275256e-01 2.2154859227e-01 2.6966905035e-01 3.4472492151e-01 1.4436091663e-01 1.7816061713e-01 2.2331715561e-01 0 0
1603 4.6533200982e+02 5.5445482796e+02 5.6227298197e+02 5.3416207746e+02 5.8893765587e+02 8.1532293270e-01 9.5173315658e-01 9.6663545652e-01 9.4992313589e-01 9.9602881862e-01 2.3901059366e-01 2.6591848210e-01 4.0795257501e-01 1.4226428990e-01 1.7716222256e-01 2.3149868287e-01 0 0
1604 4.6811344401e+02 5.5055049155e+02 5.5788369644e+02 5.1209642647e+02 5.9498353444e+02 8.1465175344e-01 9.5121400433e-01 9.6624219970e-01 9.4958955629e-01 9.9565255333e-01 3.4999118849e-01 3.1950267032e-01 4.6591185965e-01 1.6327335364e-01 1.7884043884e-01 2.4283773918e-01 0 0
1605 4.8023436234e+02 5.5614945721e+02 5.5338797421e+02 5.3428480233e+02 5.9539039189e+02 8.1384856101e-01 9.5067768584e-01 9.6584011570e-01 9.4924071736e-01 9.9527537990e-01 2.4509274774e-01 4.4264606573e-01 5.0539398193e-01 1.4944576301e-01 2.1208399441e-01 2.5379965268e-01 0 0
1606 4.5891342650e+02 5.4683932741e+02 5.6191736492e+02 5.2603876402e+02 5.9736201336e+02 8.1307958905e-01 9.5017593371e-01 9.6543755323e-01 9.4886006542e-01 9.9488103110e-01 2.0660870654e-01 2.6479897276e-01 4.3616847694e-01 1.3402543755e-01 1.7457147595e-01 2.4120920710e-01 0 0
1607 4.7071197560e+02 5.3872009778e+02 5.5349745934e+02 5.1901436035e+02 5.7947044791e+02 8.1234645897e-01 9.4971817674e-01 9.6504137439e-01 9.4852242239e-01 9.9451323994e-01 2.5633110621e-01 3.2919775881e-01 4.4706968963e-01 1.4571231815e-01 1.8106511608e-01 2.3658995423e-01 0 0
1608 4.5854446191e+02 5.4729097037e+02 5.5391904869e+02 5.1866749344e+02 5.9042169781e+02 8.1157605347e-01 9.4924266435e-01 9.6464516869e-01 9.4819218177e-01 9.9413141339e-01 2.0533625235e-01 3.9316094294e-01 4.2522092164e-01 1.3358613609e-01 1.9841833320e-01 2.3528982326e-01 0 0
1609 4.5458485043e+02 5.3637606327e+02 5.5314086135e+02 5.2221753729e+02 5.8009665143e+02 8.1091760003e-01 9.4877630367e-01 9.6425295505e-01 9.4784651401e-01 9.9374993379e-01 2.6410324672e-01 3.1665268354e-01 3.5979171470e-01 1.4010496921e-01 1.8099813070e-01 2.1674749255e-01 0 0
1610 4.5890496804e+02 5.4546992355e+02 5.3898214256e+02 5.2701980513e+02 5.7620238415e+02 8.1021361285e-01 9.4828687566e-01 9.6388709211e-01 9.4749582695e-01 9.9338794840e-01 2.9836811697e-01 3.0657128990e-01 4.1424679570e-01 1.5384681937e-01 1.8045511935e-01 2.2704484221e-01 0 0
1611 4.5503629293e+02 5.3539929609e+02 5.5571260558e+02 5.2483202670e+02 5.8478505667e+02 8.0949049787e-01 9.4782004111e-01 9.6351778894e-01 9.4714385897e-01 9.9300154800e-01 2.3308140346e-01 2.7809617296e-01 3.5327179730e-01 1.3767375845e-01 1.7227625661e-01 2.1796221659e-01 0 0
1612 4.6334586065e+02 5.4424018135e+02 5.4290419850e+02 5.2531445940e+02 5.7427731759e+02 8.0877640752e-01 9.4734395003e-01 9.6313814711e-01 9.4680899822e-01 9.9262632209e-01 2.5398475403e-01 3.2601805031e-01 3.3061485551e-01 1.4279179142e-01 1.8144315947e-01 2.0736372937e-01 0 0
1613 4.5897698302e+02 5.2006408860e+02 5.3923281730e+02 5.2795321171e+02 5.6949766791e+02 8.0806016647e-01 9.4687329669e-01 9.6279178596e-01 9.4646554283e-01 9.9227401897e-01 2.4378094997e-01 3.3809456602e-01 3.7653252110e-01 1.3991976389e-01 1.8847222161e-01 2.1631350368e-01 0 0
1614 4.6850956865e+02 5.3404590744e+02 5.4334320991e+02 5.1493537216e+02 5.6449969553e+02 8.0737594203e-01 9.4643855356e-01 9.6240926794e-01 9.4614438699e-01 9.9193760570e-01 3.1835479479e-01 3.4464724734e-01 4.1256743297e-01 1.5637918351e-01 1.8355160020e-01 2.2170407511e-01 0 0
1615 4.6948091230e+02 5.3064312395e+02 5.3492341742e+02 5.2701162226e+02 5.6852083295e+02 8.0657551476e-01 9.4595101570e-01 9.6204179295e-01 9.4582429506e-01 9.9160900205e-01 2.2235208457e-01 4.1068853438e-01 4.4732254744e-01 1.4118856623e-01 2.0101330150e-01 2.2674105316e-01 0 0
1616 4.5718611919e+02 5.2637427274e+02 5.3452470125e+02 5.1718837236e+02 5.6851563853e+02 8.0579873355e-01 9.4549098317e-01 9.6168635582e-01 9.4549118667e-01 9.9125942546e-01 1.7510548223e-01 3.1962676533e-01 3.7666098215e-01 1.2334643540e-01 1.8123361468e-01 2.1640199330e-01 0 0
1617 4.4836874890e+02 5.2283332669e+02 5.3122264635e+02 5.1608314495e+02 5.6492009944e+02 8.0514155501e-01 9.4504028573e-01 9.6133692806e-01 9.4517857207e-01 9.9092447956e-01 2.5333963603e-01 3.5353200510e-01 3.6293925531e-01 1.3658875078e-01 1.8523296248e-01 2.0754656196e-01 0 0
1618 4.5990187895e+02 5.2976616304e+02 5.3735381733e+02 5.0786652405e+02 5.5982095352e+02 8.0441766306e-01 9.4459128314e-01 9.6097890487e-01 9.4484480935e-01 9.9058431790e-01 2.4326647255e-01 2.7882519737e-01 3.8685050234e-01 1.4028082610e-01 1.7039542925e-01 2.1593335550e-01 0 0
1619 4.5131535951e+02 5.2100977678e+02 5.3143246866e+02 5.0120610780e+02 5.6108845114e+02 8.0365085573e-01 9.4413789357e-01 9.6062630756e-01 9.4453029045e-01 9.9022785969e-01 1.7396809116e-01 2.6581554115e-01 3.1114913523e-01 1.2202958399e-01 1.6166604403e-01 1.9933459815e-01 0 0
1620 4.4587893804e+02 5.3072441648e+02 5.3094093951e+02 5.0352242068e+02 5.5492612121e+02 8.0292011895e-01 9.4367466879e-01 9.6027807438e-01 9.4422203317e-01 9.8989766055e-01 1.8102848283e-01 2.8661845997e-01 3.1846745312e-01 1.2151512730e-01 1.6805449594e-01 1.9433499686e-01 0 0
1621 4.5326976983e+02 5.2117145691e+02 5.2672475616e+02 5.0478259553e+02 5.5680534076e+02 8.0218006715e-01 9.4320215170e-01 9.5994889516e-01 9.4390883947e-01 9.8957389987e-01 1.8869403922e-01 2.7144063823e-01 3.6874849349e-01 1.2464593575e-01 1.6366112698e-01 2.0694188401e-01 0 0
1622 4.3453600924e+02 5.2964796681e+02 5.2635940074e+02 4.9739249781e+02 5.4959854667e+02 8.0152101572e-01 9.4275714530e-01 9.5963034561e-01 9.4360508014e-01 9.8925078142e-01 2.2522766307e-01 2.7483898401e-01 3.5466369055e-01 1.2826506794e-01 1.6305554472e-01 2.0451685134e-01 0 0
1623 4.4954644063e+02 5.3387205864e+02 5.3900765301e+02 4.9992616642e+02 5.5948623196e+02 8.0085697912e-01 9.4227440708e-01 9.5929596191e-01 9.4331064722e-01 9.8892628868e-01 2.7851331118e-01 3.0691900849e-01 3.4667046182e-01 1.4308760228e-01 1.6922556702e-01 2.0170965325e-01 0 0
1624 4.4028410422e+02 5.1929317948e+02 5.3774285211e+02 5.0062058363e+02 5.4907962765e+02 8.0013424140e-01 9.4183662658e-01 9.5893322023e-01 9.4301040236e-01 9.8859925353e-01 1.9464796577e-01 2.8495535254e-01 3.0852252804e-01 1.2461837629e-01 1.6567874793e-01 1.9169333111e-01 0 0
1625 4.4168191679e+02 5.3014311157e+02 5.2362018081e+02 5.0220894867e+02 5.5117238683e+02 7.9952824915e-01 9.4140063009e-01 9.5860940595e-01 9.4270716813e-01 9.8830254262e-01 2.8005270390e-01 2.6874356344e-01 3.7090799771e-01 1.3746542237e-01 1.6115571000e-01 2.0154282078e-01 0 0
1626 4.5235851653e+02 5.1919186001e+02 5.4129763070e+02 5.0177601764e+02 5.4552552071e+02 7.9882835581e-01 9.4095840335e-01 9.5827559068e-01 9.4240051684e-01 9.8799023295e-01 2.6297586628e-01 2.6240263507e-01 3.6917307600e-01 1.4235477947e-01 1.6096091364e-01 2.0547198877e-01 0 0
1627 4.4287746766e+02 5.0642558683e+02 5.1667527883e+02 4.9598543010e+02 5.4667197660e+02 7.9811537857e-01 9.4055742850e-01 9.5794513572e-01 9.4209912730e-01 9.8770384574e-01 1.9494994288e-01 2.4843227305e-01 4.2698330060e-01 1.2427091904e-01 1.5583147295e-01 2.1193767525e-01 0 0
1628 4.3984948503e+02 5.0968059851e+02 5.1237894912e+02 4.9215174870e+02 5.4773807609e+02 7.9743324433e-01 9.4014681410e-01 9.5766167762e-01 9.4181359388e-01 9.8739956683e-01 2.2202255879e-01 2.9397716373e-01 4.1758641973e-01 1.2933557894e-01 1.6504345089e-01 2.1744257770e-01 0 0
1629 4.3568199085e+02 5.0189201403e+02 5.1482970485e+02 5.1062735618e+02 5.6039333285e+02 7.9679234815e-01 9.3973759815e-01 9.5735081970e-01 9.4151398778e-01 9.8708718837e-01 2.3512376043e-01 2.8180216067e-01 3.6200394109e-01 1.2915386021e-01 1.6599334218e-01 2.0514317509e-01 0 0
1630 4.3841896003e+02 5.0694782153e+02 5.1557125477e+02 4.9477546991e+02 5.4764792522e+02 7.9615687367e-01 9.3935300742e-01 9.5703597487e-01 9.4121015670e-01 9.8676184855e-01 2.4514908474e-01 2.6446215808e-01 3.1493555941e-01 1.3115433018e-01 1.6176240053e-01 1.9575353805e-01 0 0
1631 4.3260478957e+02 4.9996457687e+02 5.1827312418e+02 4.9429846121e+02 5.4769311663e+02 7.9547168626e-01 9.3895374230e-01 9.5671957839e-01 9.4093240210e-01 9.8645869168e-01 1.9569957085e-01 3.2373928279e-01 3.1425854005e-01 1.2164388280e-01 1.7205890454e-01 1.8987088092e-01 0 0
1632 4.2356804696e+02 4.9973825962e+02 5.1124871638e+02 4.9053086677e+02 5.4398555243e+02 7.9480341170e-01 9.3857893372e-01 9.5640322937e-01 9.4064492623e-01 9.8615464152e-01 1.6758937971e-01 2.8417470120e-01 3.2033232041e-01 1.1094586978e-01 1.6327571217e-01 1.9253642019e-01 0 0
1633 4.2421199226e+02 5.1336010144e+02 5.0939177886e+02 4.9185316025e+02 5.2348665814e+02 7.9420432534e-01 9.3816098128e-01 9.5610521931e-01 9.4036645835e-01 9.8588098468e-01 2.1815929483e-01 2.9338054173e-01 3.3646436222e-01 1.1979343400e-01 1.6443489119e-01 1.8763923179e-01 0 0
1634 4.2845835176e+02 4.9947605361e+02 5.2560771375e+02 4.8992863001e+02 5.2704550918e+02 7.9352926052e-01 9.3776117452e-01 9.5578433352e-01 9.4007946901e-01 9.8561629992e-01 1.9680424087e-01 2.6595579833e-01 3.9214229584e-01 1.2053896686e-01 1.5744496603e-01 1.9939323608e-01 0 0
1635 4.2543400136e+02 5.1022574661e+02 5.1844855699e+02 4.8324670201e+02 5.3310027786e+02 7.9281758496e-01 9.3737789855e-01 9.5545612372e-01 9.3982217409e-01 9.8533410430e-01 1.3910111231e-01 3.0925127678e-01 3.2688140497e-01 1.0402584247e-01 1.6307166498e-01 1.8945881352e-01 0 0
1636 4.0937315262e+02 4.9574260900e+02 5.0648593268e+02 4.9128573343e+02 5.2885758362e+02 7.9218744014e-01 9.3698206675e-01 9.5517046956e-01 9.3954564058e-01 9.8505005026e-01 1.6603665383e-01 2.9467584193e-01 2.8899352439e-01 1.0679436789e-01 1.6350883525e-01 1.7806959897e-01 0 0
1637 4.2152976986e+02 4.9968042912e+02 5.1626591985e+02 4.8584147363e+02 5.2626532044e+02 7.9155057655e-01 9.3663552964e-01 9.5487328601e-01 9.3927540547e-01 9.8479586612e-01 1.7996358863e-01 2.5328316912e-01 3.6985399388e-01 1.1175155769e-01 1.5118542500e-01 1.9174271263e-01 0 0
1638 4.0959948915e+02 5.0125402118e+02 5.0347109214e+02 4.7732400225e+02 5.3390109103e+02 7.9091906901e-01 9.3624962817e-01 9.5458436595e-01 9.3901982677e-01 9.8451773360e-01 1.6130087137e-01 2.8372563981e-01 3.2732356340e-01 1.0531812258e-01 1.5653291438e-01 1.8955755141e-01 0 0
1639 4.1735971981e+02 5.0572764718e+02 5.1879981689e+02 4.8786681712e+02 5.2415059263e+02 7.9029330061e-01 9.3585125125e-01 9.5429029785e-01 9.3874300337e-01 9.8424210021e-01 1.7319466701e-01 2.6410550997e-01 2.8137508407e-01 1.0850042034e-01 1.5593258385e-01 1.7372625321e-01 0 0
1640 4.1426396976e+02 5.0942659248e+02 5.2144549691e+02 4.7653965929e+02 5.2696050611e+02 7.8964434743e-01 9.3544282090e-01 9.5397088838e-01 9.3849291767e-01 9.8398996021e-01 1.5488463789e-01 2.7655246668e-01 3.5840526223e-01 1.0415963022e-01 1.5357654449e-01 1.8957622722e-01 0 0
1641 4.0607616277e+02 5.0046517424e+02 5.0503749861e+02 4.9261009239e+02 5.2867174362e+02 7.8901549861e-01 9.3503121774e-01 9.5367130475e-01 9.3823941837e-01 9.8372792552e-01 1.4321391003e-01 3.5147218220e-01 3.4456381761e-01 9.8659562185e-02 1.7357227765e-01 1.8873361964e-01 0 0
1642 3.9923676818e+02 4.9500560287e+02 5.0657239734e+02 4.8532064143e+02 5.2691786599e+02 7.8846970265e-01 9.3465089747e-01 9.5338870869e-01 9.3797076429e-01 9.8346419257e-01 1.9721311531e-01 2.5691895746e-01 3.2187005877e-01 1.0767418115e-01 1.5364166442e-01 1.8431152590e-01 0 0
1643 4.0955355708e+02 4.9664713328e+02 4.9924735540e+02 4.9542251538e+02 5.2562150712e+02 7.8788796955e-01 9.3425727250e-01 9.5310428435e-01 9.3770177051e-01 9.8320124597e-01 2.0741125253e-01 2.7139156125e-01 3.2396088727e-01 1.1387434396e-01 1.5809117537e-01 1.8396682851e-01 0 0
1644 3.9614532402e+02 4.8039788197e+02 4.9724687342e+02 4.8239006196e+02 5.2573112781e+02 7.8730326865e-01 9.3390501090e-01 9.5284285074e-01 9.3742806445e-01 9.8294075884e-01 1.7023168480e-01 2.3255884927e-01 3.2967836037e-01 1.0347524916e-01 1.4791905507e-01 1.8603420071e-01 0 0
1645 4.0492595742e+02 4.9705512458e+02 5.0497807811e+02 4.7490931700e+02 5.2814306182e+02 7.8671744404e-01 9.3355961723e-01 9.5256329058e-01 9.3717548912e-01 9.8267357791e-01 1.9421990554e-01 2.4348395783e-01 3.2894981839e-01 1.1047040569e-01 1.4604449458e-01 1.8725867104e-01 0 0
1646 3.9273286144e+02 4.8833642988e+02 4.9216816232e+02 4.7312500000e+02 5.2699845825e+02 7.8612508017e-01 9.3317992269e-01 9.5230373543e-01 9.3693075813e-01 9.8241188095e-01 1.6852677659e-01 2.5282100961e-01 3.3062835969e-01 1.0339992195e-01 1.4692893997e-01 1.8721959367e-01 0 0
1647 3.8866398732e+02 4.8774090202e+02 4.9380259214e+02 4.6888358097e+02 5.1729941765e+02 7.8561369618e-01 9.3281237777e-01 9.5205006761e-01 9.3671581080e-01 9.8215236268e-01 2.1142161764e-01 3.1001471542e-01 3.2127387263e-01 1.0757955717e-01 1.5295704640e-01 1.8299531192e-01 0 0
1648 3.9311603280e+02 4.9490284716e+02 4.9092245760e+02 4.7720275434e+02 5.2698416722e+02 7.8507915133e-01 9.3242508110e-01 9.5179724300e-01 9.3648645638e-01 9.8189186045e-01 2.2388242741e-01 3.4783107601e-01 3.0127252638e-01 1.1284607437e-01 1.6761597991e-01 1.7744568549e-01 0 0
1649 3.9201118842e+02 4.8793896903e+02 4.9822898852e+02 4.7570184990e+02 5.0694902357e+02 7.8455474008e-01 9.3204495377e-01 9.5153899201e-01 9.3623049143e-01 9.8165142524e-01 2.0789099010e-01 2.3163546529e-01 3.1753294356e-01 1.0762149241e-01 1.4432400092e-01 1.7539237440e-01 0 0
1650 3.9246121360e+02 5.0018769914e+02 5.0335514922e+02 4.7140362218e+02 5.1877831248e+02 7.8399122486e-01 9.3166528858e-01 9.5126205398e-01 9.3597539485e-01 9.8140705102e-01 1.7870686984e-01 1.9627009705e-01 3.8224125654e-01 1.0341524337e-01 1.3323684409e-01 1.9378822669e-01 0 0
1651 3.9637745926e+02 4.9229002504e+02 5.0719025338e+02 4.6541092394e+02 5.0317600673e+02 7.8341997998e-01 9.3128491764e-01 9.5098179523e-01 9.3574325719e-01 9.8117012713e-01 1.6859864962e-01 2.5154262781e-01 3.1338695623e-01 1.0083093469e-01 1.4359103423e-01 1.7394308839e-01 0 0
1652 3.9752982780e+02 4.8955424559e+02 4.9858825698e+02 4.6645327338e+02 5.1942991587e+02 7.8282539090e-01 9.3092478146e-01 9.5070954040e-01 9.3550774794e-01 9.8094427221e-01 1.6379559471e-01 2.6880998909e-01 3.9674607478e-01 1.0153185591e-01 1.5013142768e-01 1.9065310154e-01 0 0
1653 4.0764416551e+02 4.9723287427e+02 4.8972021668e+02 4.7205334378e+02 5.1450722784e+02 7.8220206704e-01 9.3054850784e-01 9.5047078664e-01 9.3526180423e-01 9.8067973757e-01 1.4463813526e-01 2.2567427065e-01 2.6738076471e-01 9.7400782242e-02 1.4078711532e-01 1.6983257886e-01 0 0
1654 4.0176534151e+02 4.7804572872e+02 5.0208697267e+02 4.6342436343e+02 5.0407529819e+02 7.8158765370e-01 9.3018959693e-01 9.5022498073e-01 9.3502419061e-01 9.8044522063e-01 1.5485788220e-01 2.2139807232e-01 2.6701557823e-01 1.0001560344e-01 1.3726074342e-01 1.6124449670e-01 0 0
1655 3.9940819955e+02 4.7582213392e+02 4.8774517873e+02 4.6774358627e+02 5.1302460955e+02 7.8100462815e-01 9.2985922069e-01 9.4996138787e-01 9.3480944808e-01 9.8021744036e-01 1.8113673829e-01 2.9789329693e-01 3.7652113847e-01 1.0517509503e-01 1.5277732536e-01 1.8838519324e-01 0 0
1656 4.0412454833e+02 4.6869798045e+02 4.8624310728e+02 4.7306840811e+02 5.1023101386e+02 7.8039827235e-01 9.2953313717e-01 9.4971288154e-01 9.3457015763e-01 9.7997788263e-01 1.8121058878e-01 2.4869224802e-01 3.2174619846e-01 1.0737175172e-01 1.4709440339e-01 1.7897463217e-01 0 0
1657 3.9584059606e+02 4.8463072282e+02 4.8378951712e+02 4.5915988160e+02 5.1954445190e+02 7.7977460662e-01 9.2918824566e-01 9.4946179742e-01 9.3434186431e-01 9.7975454168e-01 1.4651758541e-01 2.0682551153e-01 3.5943177715e-01 9.7648774170e-02 1.3272672426e-01 1.8340605404e-01 0 0
1658 3.9997926993e+02 4.7043040466e+02 4.8416540627e+02 4.5686125150e+02 5.1769839192e+02 7.7919812095e-01 9.2885373291e-01 9.4923072310e-01 9.3412828949e-01 9.7950337741e-01 1.6940565335e-01 2.4639924988e-01 2.9748235643e-01 1.0076763107e-01 1.3852253929e-01 1.7733690608e-01 0 0
1659 4.0478891787e+02 4.7590655267e+02 4.7953206358e+02 4.4480157093e+02 5.0866860528e+02 7.7860484527e-01 9.2852652632e-01 9.4899999087e-01 9.3393092800e-01 9.7926851959e-01 1.8027200901e-01 2.6602260582e-01 2.7260018140e-01 1.0554123707e-01 1.4048935659e-01 1.6416469961e-01 0 0
1660 4.0460859936e+02 4.7087674210e+02 4.8577613478e+02 4.5301484868e+02 5.1138933004e+02 7.7795157537e-01 9.2820150390e-01 9.4876723884e-01 9.3373312834e-01 9.7904009636e-01 1.4037909500e-01 2.8671878204e-01 3.1590520777e-01 9.7531811899e-02 1.4493481535e-01 1.7631881125e-01 0 0
1661 3.8537162775e+02 4.7535861463e+02 4.8091636162e+02 4.4185344714e+02 5.0022977533e+02 7.7735444620e-01 9.2786864498e-01 9.4852647051e-01 9.3352132465e-01 9.7880239306e-01 1.4060198326e-01 2.1591357701e-01 2.3395307455e-01 9.3218694666e-02 1.3002534211e-01 1.5429212898e-01 0 0
1662 3.9000972508e+02 4.7538402240e+02 4.7945071110e+02 4.4551399389e+02 4.9325373795e+02 7.7681690944e-01 9.2753161434e-01 9.4829896838e-01 9.3332046619e-01 9.7858639227e-01 2.0185526822e-01 2.2683612444e-01 2.6965293847e-01 1.0593284204e-01 1.3053772971e-01 1.5796393249e-01 0 0
1663 3.8797387729e+02 4.7318795816e+02 4.7825414922e+02 4.3673783612e+02 5.0222251356e+02 7.7626135983e-01 9.2719023161e-01 9.4807483783e-01 9.3311883573e-01 9.7836598051e-01 1.7936670231e-01 2.3317443766e-01 2.9509583302e-01 1.0150588283e-01 1.3212178554e-01 1.6811569128e-01 0 0
1664 3.9272427205e+02 4.6988045355e+02 4.8111390933e+02 4.4832809205e+02 4.9918472595e+02 7.7566578990e-01 9.2686750157e-01 9.4784754547e-01 9.3290809367e-01 9.7814269806e-01 1.6362466181e-01 2.0182903763e-01 2.5365290791e-01 1.0014370262e-01 1.2596494611e-01 1.5768535901e-01 0 0
1665 3.9745544890e+02 4.6757043253e+02 4.7887984532e+02 4.3250319724e+02 4.9330274046e+02 7.7504401875e-01 9.2655931462e-01 9.4761966223e-01 9.3269553076e-01 9.7793059009e-01 1.3924699454e-01 1.7668974772e-01 2.8347236663e-01 9.4307450814e-02 1.1873432575e-01 1.6170222592e-01 0 0
1666 3.8752038355e+02 4.7042271549e+02 4.8144707004e+02 4.3115459090e+02 4.9832373702e+02 7.7444948045e-01 9.2625337651e-01 9.4739140811e-01 9.3250027004e-01 9.7772493956e-01 1.4076838734e-01 1.9818884507e-01 3.0637926608e-01 9.2497404479e-02 1.1946265073e-01 1.6691312008e-01 0 0
1667 3.9064356835e+02 4.6741763980e+02 4.7315723140e+02 4.2947880841e+02 4.9579776308e+02 7.7387999147e-01 9.2593559515e-01 9.4717392684e-01 9.3231494592e-01 9.7752100268e-01 1.6681519866e-01 2.2345260251e-01 3.2077783160e-01 9.8639959553e-02 1.2543276884e-01 1.6933629569e-01 0 0
1668 3.9282227473e+02 4.5526345395e+02 4.6898627379e+02 4.2140560924e+02 4.9668974534e+02 7.7329525850e-01 9.2564073805e-01 9.4697015465e-01 9.3213148600e-01 9.7730514894e-01 1.6116271269e-01 2.3541888222e-01 2.8843987733e-01 9.8084511906e-02 1.2591073290e-01 1.6577764414e-01 0 0
1669 3.9133240130e+02 4.5667030298e+02 4.6375741234e+02 4.2929595342e+02 4.9108637542e+02 7.7271874078e-01 9.2535865088e-01 9.4676821509e-01 9.3195950826e-01 9.7710424839e-01 1.6575301344e-01 2.6826795004e-01 2.8882370144e-01 9.8696321948e-02 1.3395892456e-01 1.6138604656e-01 0 0
1670 3.9918277211e+02 4.5371537402e+02 4.6630564346e+02 4.2301049041e+02 4.9604723502e+02 7.7212717102e-01 9.2507110657e-01 9.4656530191e-01 9.3176440779e-01 9.7690135800e-01 1.7582298759e-01 2.0293840207e-01 2.9389540106e-01 1.0285986252e-01 1.2049451983e-01 1.6488775797e-01 0 0
1671 3.8749685456e+02 4.4886849062e+02 4.5692638220e+02 4.2171252427e+02 4.9078892166e+02 7.7153060661e-01 9.2477724278e-01 9.4636440319e-01 9.3158356705e-01 9.7670680633e-01 1.4475758149e-01 2.0140071027e-01 3.1613245979e-01 9.3571999737e-02 1.1791458447e-01 1.6742523108e-01 0 0
1672 3.9046643194e+02 4.4684791876e+02 4.5690854870e+02 4.2460205634e+02 4.9486382281e+02 7.7095618008e-01 9.2448224648e-01 9.4616217072e-01 9.3139112318e-01 9.7650305060e-01 1.6126323512e-01 1.8665093835e-01 2.7629013360e-01 9.6730277512e-02 1.1615383811e-01 1.6160110291e-01 0 0
1673 3.8549994457e+02 4.5102253616e+02 4.5406344202e+02 4.2374502209e+02 4.8698280257e+02 7.7039214421e-01 9.2417177859e-01 9.4595317059e-01 9.3120160167e-01 9.7630452392e-01 1.6936240674e-01 1.7472726665e-01 2.3287542164e-01 9.8059991655e-02 1.1170030665e-01 1.4699119609e-01 0 0
1674 3.8352928546e+02 4.3723413350e+02 4.5508246162e+02 4.2517546010e+02 4.7616096609e+02 7.6985454824e-01 9.2388560873e-01 9.4575269302e-01 9.3101301934e-01 9.7612570082e-01 2.0659305607e-01 1.8876844458e-01 2.7148230933e-01 1.0556445416e-01 1.1655053915e-01 1.5156868193e-01 0 0
1675 3.9685729286e+02 4.4330075852e+02 4.4730774501e+02 4.1241116468e+02 4.7788085270e+02 7.6928817341e-01 9.2360507558e-01 9.4555384627e-01 9.3082717380e-01 9.7594899932e-01 2.1109420377e-01 1.6797935683e-01 2.9691997729e-01 1.0942088296e-01 1.0939411679e-01 1.5640524495e-01 0 0
1676 3.9381757493e+02 4.4033974809e+02 4.4183535890e+02 4.0981272400e+02 4.6832987840e+02 7.6865676670e-01 9.2330686908e-01 9.4537387502e-01 9.3067097569e-01 9.7577643419e-01 1.5864074401e-01 2.3598112166e-01 2.9502116516e-01 1.0018330206e-01 1.1929732049e-01 1.5407451987e-01 0 0
1677 3.9295521159e+02 4.3615149318e+02 4.4294005308e+02 4.1926787007e+02 4.7019904362e+02 7.6802174971e-01 9.2303145801e-01 9.4519812121e-01 9.3049935153e-01 9.7561286602e-01 1.4155515999e-01 2.3091742676e-01 3.2264101692e-01 9.4618141250e-02 1.2315228442e-01 1.5854013525e-01 0 0
1678 3.8970522269e+02 4.3834033581e+02 4.4338657653e+02 4.1269569222e+02 4.6811161530e+02 7.6739337009e-01 9.2274912436e-01 9.4502082228e-01 9.3033350484e-01 9.7542859918e-01 1.4392516577e-01 1.7983719893e-01 2.6004452072e-01 9.5009596403e-02 1.0785497352e-01 1.4987130463e-01 0 0
1679 3.9073600604e+02 4.2378075110e+02 4.4438398373e+02 4.1540091704e+02 4.6664395220e+02 7.6677956128e-01 9.2248243456e-01 9.4483021313e-01 9.3018441313e-01 9.7524472489e-01 1.5172429169e-01 2.6265032776e-01 2.2811909299e-01 9.6192920534e-02 1.2345295865e-01 1.3976846822e-01 0 0
1680 3.9458143442e+02 4.3139669606e+02 4.3011288489e+02 4.1992943976e+02 4.6114766819e+02 7.6618095442e-01 9.2222499973e-01 9.4465078644e-01 9.3001178783e-01 9.7506871748e-01 1.7133103147e-01 2.2228599712e-01 2.3266262002e-01 1.0102918956e-01 1.2140674144e-01 1.3986555208e-01 0 0
1681 4.0204070370e+02 4.3167044722e+02 4.3939754565e+02 4.2077692279e+02 4.5627479385e+02 7.6553983457e-01 9.2194423988e-01 9.4447947445e-01 9.2984133320e-01 9.7489912992e-01 1.5210832583e-01 1.9499166217e-01 2.5434122421e-01 9.8390087073e-02 1.1448468640e-01 1.4134474006e-01 0 0
1682 3.9779340769e+02 4.2336003443e+02 4.3415978481e+02 4.2278673702e+02 4.5930033407e+02 7.6491518715e-01 9.2167421008e-01 9.4429546152e-01 9.2965984619e-01 9.7472813312e-01 1.6329271380e-01 1.8223009165e-01 2.5063248537e-01 1.0064559732e-01 1.1389305256e-01 1.4253640827e-01 0 0
1683 4.1216704986e+02 4.2954918228e+02 4.3149703070e+02 4.2156492308e+02 4.5707613562e+02 7.6423276654e-01 9.2143031806e-01 9.4412010297e-01 9.2947926939e-01 9.7456089117e-01 1.5299524275e-01 1.7186155356e-01 2.3177231383e-01 1.0179106689e-01 1.1088486528e-01 1.3536620792e-01 0 0
1684 4.0337128622e+02 4.2062977338e+02 4.3480877622e+02 4.2316622768e+02 4.5719340820e+02 7.6355887268e-01 9.2116956713e-01 9.4396009948e-01 9.2930560851e-01 9.7439002955e-01 1.4837440051e-01 2.0524779428e-01 2.2695268318e-01 9.9522902204e-02 1.1844469467e-01 1.3547692075e-01 0 0
1685 4.0092036366e+02 4.2220313165e+02 4.3340604158e+02 4.2372911084e+02 4.4857999914e+02 7.6294384171e-01 9.2092208865e-01 9.4377852113e-01 9.2912068228e-01 9.7422199086e-01 2.0121835323e-01 1.7129860166e-01 2.2803334519e-01 1.1057992126e-01 1.1235492723e-01 1.3469766360e-01 0 0
1686 4.0397759369e+02 4.1758215883e+02 4.2594914236e+02 4.1077350815e+02 4.4833025285e+02 7.6231396132e-01 9.2066240275e-01 9.4360649053e-01 9.2894345108e-01 9.7405872373e-01 2.1151839908e-01 1.6702654772e-01 2.2525216080e-01 1.1456866912e-01 1.0828521242e-01 1.3282073010e-01 0 0
1687 4.1330856464e+02 4.2202863869e+02 4.3024840209e+02 4.1353243902e+02 4.5167926259e+02 7.6170693343e-01 9.2041116446e-01 9.4343253851e-01 9.2878180380e-01 9.7389310074e-01 2.4689400453e-01 2.1420543548e-01 2.1281615272e-01 1.2160981146e-01 1.1727435887e-01 1.2930911500e-01 0 0
1688 4.1890805591e+02 4.3048882099e+02 4.2784209631e+02 4.2151186223e+02 4.5031008414e+02 7.6099788833e-01 9.2014811768e-01 9.4326990341e-01 9.2860136998e-01 9.7372509708e-01 1.9203969951e-01 1.7515429854e-01 2.1213056613e-01 1.1579210531e-01 1.1233803863e-01 1.3013073988e-01 0 0
1689 4.2443972017e+02 4.2421861994e+02 4.3496711442e+02 4.1483349446e+02 4.5129757367e+02 7.6025642409e-01 9.1987451120e-01 9.4310539274e-01 9.2842073438e-01 9.7355872922e-01 1.5556148466e-01 1.5468853433e-01 1.9776676316e-01 1.0644378998e-01 1.0534551227e-01 1.2607949879e-01 0 0
1690 4.2429716662e+02 4.2299541960e+02 4.2773889524e+02 4.0562781201e+02 4.3884770992e+02 7.5953246723e-01 9.1961465778e-01 9.4293575385e-01 9.2826119956e-01 9.7340431135e-01 1.7373803055e-01 1.9267583638e-01 2.3486030754e-01 1.1123360671e-01 1.1176143261e-01 1.3162818365e-01 0 0
1691 4.2706945118e+02 4.2563566433e+02 4.3382083355e+02 4.0276140580e+02 4.3654744516e+02 7.5883897411e-01 9.1935028086e-01 9.4276948117e-01 9.2810223244e-01 9.7325666812e-01 2.1336035920e-01 2.1625255607e-01 2.5814396888e-01 1.2057310931e-01 1.1667989800e-01 1.3672786951e-01 0 0
1692 4.1858801009e+02 4.2315627654e+02 4.4043327389e+02 4.0239744423e+02 4.4031212296e+02 7.5815279496e-01 9.1909370100e-01 9.4258473926e-01 9.2795156855e-01 9.7311121360e-01 2.2049848850e-01 2.1448355168e-01 2.5376773067e-01 1.2184041221e-01 1.1518572271e-01 1.3381109200e-01 0 0
1693 4.2723111755e+02 4.3202761413e+02 4.3401472469e+02 4.0619782357e+02 4.3894055691e+02 7.5744714567e-01 9.1883234672e-01 9.4240356252e-01 9.2779286100e-01 9.7296296714e-01 2.2431739664e-01 2.0784232020e-01 2.2487768810e-01 1.2464547316e-01 1.1459587282e-01 1.2877436075e-01 0 0
1694 4.3490486159e+02 4.2273416218e+02 4.3922031416e+02 4.1366160309e+02 4.4780652909e+02 7.5670287170e-01 9.1857080403e-01 9.4223528672e-01 9.2762905343e-01 9.7281615155e-01 1.8772251368e-01 1.7740936391e-01 2.1645885799e-01 1.1698903369e-01 1.0898684710e-01 1.2533488404e-01 0 0
1695 4.3043839642e+02 4.2026455582e+02 4.3548988220e+02 4.0426211717e+02 4.3724946398e+02 7.5602943632e-01 9.1833099107e-01 9.4205640611e-01 9.2747085818e-01 9.7267334237e-01 2.4210182945e-01 1.9682077691e-01 2.3990255501e-01 1.2642477250e-01 1.1228675023e-01 1.3062660210e-01 0 0
1696 4.4306319725e+02 4.1665413940e+02 4.2321921034e+02 4.0700013437e+02 4.4807309672e+02 7.5526071721e-01 9.1807149874e-01 9.4188875463e-01 9.2731349079e-01 9.7253200220e-01 2.3689867430e-01 1.9718385022e-01 2.6208691671e-01 1.3336435746e-01 1.1252385890e-01 1.3663971238e-01 0 0
1697 4.3094019255e+02 4.2448108026e+02 4.3053190213e+02 4.0740347783e+02 4.4073874418e+02 7.5447024795e-01 9.1781478167e-01 9.4172234379e-01 9.2715994766e-01 9.7238599103e-01 1.8667963820e-01 2.0411102194e-01 2.6598240994e-01 1.2012858879e-01 1.1266955687e-01 1.3895430788e-01 0 0
1698 4.3297717303e+02 4.1797729080e+02 4.3475192280e+02 4.0750465872e+02 4.5346630250e+02 7.5371306383e-01 9.1756941302e-01 9.4155126954e-01 9.2700261556e-01 9.7223712582e-01 2.0337964575e-01 2.0093216281e-01 2.4348413106e-01 1.2277185066e-01 1.1352126114e-01 1.3608189113e-01 0 0
1699 4.3589544153e+02 4.2467141710e+02 4.2801148130e+02 4.0521558691e+02 4.4373586245e+02 7.5296194427e-01 9.1730878162e-01 9.4138489193e-01 9.2685164917e-01 9.7208476140e-01 2.0621567632e-01 2.0730782021e-01 2.2031592298e-01 1.2274251304e-01 1.1339022964e-01 1.3046249934e-01 0 0
1700 4.3230156703e+02 4.1087657818e+02 4.2097982805e+02 4.1443217931e+02 4.5129689853e+02 7.5220852525e-01 9.1705572969e-01 9.4123198909e-01 9.2669801400e-01 9.7194137616e-01 2.0797244546e-01 2.3800763581e-01 2.6550601423e-01 1.2380140790e-01 1.2186175166e-01 1.3920544460e-01 0 0
1701 4.2931549511e+02 4.0974265933e+02 4.1612321643e+02 4.0512125885e+02 4.4293945340e+02 7.5147272858e-01 9.1682004887e-01 9.4108657577e-01 9.2653739880e-01 9.7179286826e-01 2.1052069749e-01 1.7284210026e-01 2.3430012073e-01 1.2256585641e-01 1.0733348643e-01 1.3404859323e-01 0 0
1702 4.2780453047e+02 4.0780282077e+02 4.1482326809e+02 4.0339386383e+02 4.3397652586e+02 7.5076814141e-01 9.1657344555e-01 9.4093760605e-01 9.2638863535e-01 9.7164873155e-01 2.3242895057e-01 1.9731216226e-01 2.3460173048e-01 1.2658297694e-01 1.0974603891e-01 1.3096269220e-01 0 0
1703 4.2898795481e+02 4.1100935208e+02 4.2282437622e+02 4.1278721062e+02 4.3689726338e+02 7.5009055249e-01 9.1634830066e-01 9.4078045395e-01 9.2622644679e-01 9.7150680604e-01 2.7746009430e-01 1.8657813128e-01 2.4346970022e-01 1.3516686106e-01 1.1190238222e-01 1.3353024423e-01 0 0
1704 4.3723206837e+02 4.1666118955e+02 4.2159544441e+02 4.0465185654e+02 4.4065288919e+02 7.4932875599e-01 9.1610925023e-01 9.4062546202e-01 9.2606740909e-01 9.7136814165e-01 2.2074053285e-01 1.7284491286e-01 2.5426565297e-01 1.2800260807e-01 1.0651976243e-01 1.3420418464e-01 0 0
1705 4.2101313837e+02 4.1223313337e+02 4.2268080451e+02 4.1647885976e+02 4.4494350063e+02 7.4856144313e-01 9.1587118088e-01 9.4047895339e-01 9.2591700310e-01 9.7122480681e-01 1.6972114359e-01 2.2766832076e-01 2.3821922299e-01 1.1250437380e-01 1.1980177741e-01 1.3334804960e-01 0 0
1706 4.3603798225e+02 4.1565753632e+02 4.1905047056e+02 4.1389087481e+02 4.3464581486e+02 7.4780411990e-01 9.1562658440e-01 9.4032812736e-01 9.2575177213e-01 9.7107934033e-01 1.8668046040e-01 1.8828723487e-01 2.1101723891e-01 1.1721799253e-01 1.1402191455e-01 1.2620059308e-01 0 0
1707 4.2440410721e+02 4.1733814228e+02 4.1527660210e+02 4.1089772146e+02 4.3497074255e+02 7.4701182662e-01 9.1536479062e-01 9.4018656686e-01 9.2559258405e-01 9.7094017636e-01 1.6340185631e-01 1.7250356544e-01 2.3014620133e-01 1.1206759355e-01 1.0722958250e-01 1.2904604059e-01 0 0
1708 4.1891053751e+02 4.2207621128e+02 4.2533044139e+02 4.0683648051e+02 4.2656152472e+02 7.4641488420e-01 9.1510429399e-01 9.4003531845e-01 9.2544570149e-01 9.7079796454e-01 2.9139257299e-01 2.1203891095e-01 1.9936954416e-01 1.2999504918e-01 1.1563292006e-01 1.2162706815e-01 0 0
1709 4.3804859399e+02 4.1510905947e+02 4.2626926276e+02 4.0990351380e+02 4.3504606437e+02 7.4566798423e-01 9.1484976002e-01 9.3988084614e-01 9.2530065998e-01 9.7066044142e-01 2.7311500378e-01 2.2125886474e-01 2.1004577447e-01 1.4067778532e-01 1.1776886974e-01 1.2345062383e-01 0 0
1710 4.2815325508e+02 4.1182759591e+02 4.2359268835e+02 4.1303639367e+02 4.4077204993e+02 7.4487351664e-01 9.1461117726e-01 9.3972235120e-01 9.2516271177e-01 9.7051449940e-01 1.5641317974e-01 2.6306226291e-01 1.9972497504e-01 1.0956750828e-01 1.2467874633e-01 1.2339419685e-01 0 0
1711 4.1485226146e+02 4.1978627375e+02 4.2259336986e+02 4.2667905459e+02 4.3159725150e+02 7.4422765297e-01 9.1436425573e-01 9.3956771009e-01 9.2500024498e-01 9.7037519963e-01 2.2985724477e-01 2.0398867037e-01 1.9719491992e-01 1.2003763710e-01 1.1999361310e-01 1.2037015799e-01 0 0
1712 4.2695105738e+02 4.0567782784e+02 4.2059084185e+02 4.2415716058e+02 4.3080834268e+02 7.4350390545e-01 9.1411378704e-01 9.3942148153e-01 9.2484196461e-01 9.7024806615e-01 2.3080457976e-01 1.8094313983e-01 2.7493685670e-01 1.2669722554e-01 1.1230832152e-01 1.3524118904e-01 0 0
1713 4.1649072998e+02 4.1235844162e+02 4.1994741114e+02 4.3409631348e+02 4.3146250199e+02 7.4278318096e-01 9.1387395153e-01 9.3926131450e-01 9.2467639148e-01 9.7011594788e-01 1.8439001356e-01 1.8788355216e-01 2.5911380909e-01 1.1326051188e-01 1.1680558324e-01 1.3437257428e-01 0 0
1714 4.2336656972e+02 4.1811664790e+02 4.2040819078e+02 4.2255521089e+02 4.4115469934e+02 7.4208016486e-01 9.1362857655e-01 9.3911446061e-01 9.2452132600e-01 9.6997188279e-01 2.0193991289e-01 2.0031096041e-01 2.0218723267e-01 1.1693782248e-01 1.1879152199e-01 1.2375110853e-01 0 0
1715 4.1840748272e+02 4.1682724614e+02 4.2345884171e+02 4.3231742895e+02 4.3994720919e+02 7.4138467132e-01 9.1337599056e-01 9.3897311531e-01 9.2436410048e-01 9.6982931625e-01 2.0166941412e-01 2.4579940271e-01 1.8673508894e-01 1.1632755575e-01 1.3000088558e-01 1.1964625586e-01 0 0
1716 4.2069261947e+02 4.1792364359e+02 4.3138985051e+02 4.3521501511e+02 4.3441575348e+02 7.4068519782e-01 9.1312569078e-01 9.3881372431e-01 9.2420165562e-01 9.6969028002e-01 2.1872535141e-01 1.9716184959e-01 2.0521092881e-01 1.2133842690e-01 1.2215907173e-01 1.2381658005e-01 0 0
1717 4.3352984228e+02 4.1033163036e+02 4.2083551567e+02 4.4172983825e+02 4.3682360213e+02 7.3989363692e-01 9.1289153188e-01 9.3866278917e-01 9.2403917012e-01 9.6955019644e-01 1.7151762136e-01 2.1520745941e-01 1.8769803178e-01 1.1428739196e-01 1.2399151595e-01 1.1934853997e-01 0 0
1718 4.2213694729e+02 4.2004971804e+02 4.2463224898e+02 4.4200572677e+02 4.2250525145e+02 7.3911316659e-01 9.1264312569e-01 9.3851630439e-01 9.2388113396e-01 9.6942411619e-01 1.4967917836e-01 2.3025007825e-01 2.0945449360e-01 1.0617318593e-01 1.3052753452e-01 1.2066112226e-01 0 0
1719 4.1884943415e+02 4.1994315091e+02 4.2155513800e+02 4.4499104626e+02 4.3026034996e+02 7.3840669408e-01 9.1238207902e-01 9.3837098582e-01 9.2371877501e-01 9.6930309873e-01 1.9141297739e-01 2.4636870809e-01 2.8269523941e-01 1.1400512665e-01 1.3393569924e-01 1.3687845040e-01 0 0
1720 4.3294747032e+02 4.1949314655e+02 4.3464694725e+02 4.4860384110e+02 4.4099211657e+02 7.3764372724e-01 9.1214416110e-01 9.3822217037e-01 9.2355337432e-01 9.6916994709e-01 1.7533533468e-01 2.3428633716e-01 2.4407117628e-01 1.1346498335e-01 1.3474919274e-01 1.3395303395e-01 0 0
1721 4.1922556140e+02 4.3484877041e+02 4.3186367568e+02 4.4529728483e+02 4.3673722792e+02 7.3686622199e-01 9.1188637376e-01 9.3806792592e-01 9.2338990805e-01 9.6903425238e-01 1.5167947251e-01 2.4030333012e-01 2.3274181597e-01 1.0647451267e-01 1.3407807890e-01 1.3071755879e-01 0 0
1722 4.2070538398e+02 4.3151770676e+02 4.4099410073e+02 4.5334244783e+02 4.3895986790e+02 7.3615561008e-01 9.1161336792e-01 9.3792001875e-01 9.2323149733e-01 9.6890074696e-01 1.9013418234e-01 2.7331493609e-01 2.2660098411e-01 1.1404989859e-01 1.4265093114e-01 1.2972795591e-01 0 0
1723 4.3192072036e+02 4.2992094113e+02 4.4153096579e+02 4.5697541646e+02 4.3326518294e+02 7.3536751056e-01 9.1137321899e-01 9.3776519888e-01 9.2305988838e-01 9.6877509295e-01 1.7074583786e-01 2.3414833099e-01 2.4065438658e-01 1.1370060004e-01 1.3666831981e-01 1.3082915451e-01 0 0
1724 4.2884227010e+02 4.3931258447e+02 4.4744467186e+02 4.4991912468e+02 4.3173925146e+02 7.3457010611e-01 9.1111611789e-01 9.3761146430e-01 9.2288777556e-01 9.6865178517e-01 1.4497944224e-01 2.1299086325e-01 2.6212243736e-01 1.0530360005e-01 1.3124543428e-01 1.3506984524e-01 0 0
1725 4.2422522017e+02 4.4093737154e+02 4.4150875911e+02 4.6681216110e+02 4.4068850606e+02 7.3383807009e-01 9.1083365395e-01 9.3745674072e-01 9.2271180367e-01 9.6852455901e-01 1.8844237657e-01 2.2044800874e-01 2.3764059693e-01 1.1490835311e-01 1.3483068813e-01 1.3259710185e-01 0 0
1726 4.3461482102e+02 4.4100524373e+02 4.4506965747e+02 4.6879148150e+02 4.3984942381e+02 7.3305466735e-01 9.1055603926e-01 9.3731356828e-01 9.2252739291e-01 9.6839988027e-01 1.7661103496e-01 2.0056897216e-01 2.4114209320e-01 1.1522293182e-01 1.3299375586e-01 1.3211815152e-01 0 0
1727 4.2806782346e+02 4.4292130368e+02 4.5433866774e+02 4.6104290744e+02 4.5010332147e+02 7.3225541147e-01 9.1029738929e-01 9.3716008931e-01 9.2235745373e-01 9.6827295972e-01 1.4708881436e-01 2.3160835262e-01 2.5342400372e-01 1.0601233127e-01 1.3740966283e-01 1.3788866252e-01 0 0
1728 4.2520026314e+02 4.6066066687e+02 4.5778205104e+02 4.4608037743e+02 4.5511176512e+02 7.3150891072e-01 9.1001296567e-01 9.3700360548e-01 9.2219257487e-01 9.6813575156e-01 1.6966477395e-01 2.4020788912e-01 2.1561540384e-01 1.1005268699e-01 1.4001717232e-01 1.3185591623e-01 0 0
1729 4.2432591679e+02 4.5354487443e+02 4.6709459360e+02 4.5342200611e+02 4.5556765757e+02 7.3076581505e-01 9.0972229302e-01 9.3684467716e-01 9.2204398679e-01 9.6800220193e-01 1.8282230296e-01 3.0674557015e-01 2.2369633708e-01 1.1403130628e-01 1.4840747323e-01 1.3371337764e-01 0 0
1730 4.1744705980e+02 4.5839342409e+02 4.6235832289e+02 4.5489069772e+02 4.5879075091e+02 7.3004895590e-01 9.0944023821e-01 9.3668466300e-01 9.2188471238e-01 9.6786903048e-01 1.8522273882e-01 2.6422237046e-01 2.5291018561e-01 1.1272730657e-01 1.4623798709e-01 1.4157718327e-01 0 0
1731 4.2429450200e+02 4.6046084253e+02 4.6929197002e+02 4.5598356947e+02 4.6697594290e+02 7.2935546972e-01 9.0916430327e-01 9.3653235090e-01 9.2172407354e-01 9.6772952395e-01 2.2165550857e-01 2.1827395819e-01 2.2106419038e-01 1.2110810476e-01 1.3290327508e-01 1.3743672147e-01 0 0
1732 4.3670521239e+02 4.6149793472e+02 4.6402655164e+02 4.5239815843e+02 4.5692686094e+02 7.2855704072e-01 9.0886848224e-01 9.3638280411e-01 9.2156960296e-01 9.6759268360e-01 1.6209213426e-01 2.4681639299e-01 2.2924169991e-01 1.1115609580e-01 1.4035192132e-01 1.3796087634e-01 0 0
1733 4.1380817092e+02 4.5813611856e+02 4.6538754012e+02 4.5720022624e+02 4.7529114433e+02 7.2778027685e-01 9.0859443953e-01 9.3623600613e-01 9.2140478637e-01 9.6745977598e-01 1.3739628926e-01 2.0942690503e-01 2.5449855067e-01 1.0076148676e-01 1.3344118651e-01 1.4468240552e-01 0 0
1734 4.1582794391e+02 4.6767473339e+02 4.7485854802e+02 4.4422942412e+02 4.7484910432e+02 7.2711567019e-01 9.0832005542e-01 9.3608101616e-01 9.2125603291e-01 9.6731298386e-01 2.2931818997e-01 2.0876013022e-01 2.2647211142e-01 1.2034249094e-01 1.2879564334e-01 1.4258933347e-01 0 0
1735 4.3173619577e+02 4.6040157404e+02 4.8470733760e+02 4.5676250325e+02 4.8329031777e+02 7.2634051301e-01 9.0804865080e-01 9.3591068426e-01 9.2110869369e-01 9.6716659392e-01 1.8780746773e-01 2.4546401482e-01 2.2012378555e-01 1.1767185576e-01 1.3943529129e-01 1.4156763814e-01 0 0
1736 4.1494282224e+02 4.7389120587e+02 4.7496858449e+02 4.5331118589e+02 4.7979342886e+02 7.2557376309e-01 9.0777167234e-01 9.3574646596e-01 9.2095049636e-01 9.6701947622e-01 1.5137686590e-01 1.8876253255e-01 2.2414124198e-01 1.0506529436e-01 1.2690372113e-01 1.4307136182e-01 0 0
1737 4.1878278452e+02 4.6439544033e+02 4.7726165517e+02 4.4102067341e+02 4.8102278727e+02 7.2491380728e-01 9.0747948606e-01 9.3559944107e-01 9.2080956814e-01 9.6688090174e-01 2.3269970841e-01 2.1005901042e-01 2.5556861423e-01 1.2075284757e-01 1.2777833082e-01 1.5011127107e-01 0 0
1738 4.2698579104e+02 4.6669988349e+02 4.7872744725e+02 4.5892918844e+02 4.8533260181e+02 7.2415882427e-01 9.0719634168e-01 9.3544009365e-01 9.2066429406e-01 9.6674213033e-01 2.0902973215e-01 2.4133626092e-01 2.7281505242e-01 1.2231613058e-01 1.3961480185e-01 1.5495941881e-01 0 0
1739 4.1839384883e+02 4.6136969992e+02 4.6940963587e+02 4.4473185390e+02 4.8094048488e+02 7.2339937071e-01 9.0691086647e-01 9.3528445415e-01 9.2052184066e-01 9.6660394850e-01 1.6192612933e-01 2.1791673545e-01 2.5816103816e-01 1.0801389467e-01 1.3170761429e-01 1.5190594364e-01 0 0
1740 4.1368736587e+02 4.6102674136e+02 4.7165079111e+02 4.4272031945e+02 4.8874929667e+02 7.2270002976e-01 9.0664643822e-01 9.3513824102e-01 9.2039530061e-01 9.6646903275e-01 1.9793349178e-01 2.7641349845e-01 3.0496277101e-01 1.1441417024e-01 1.4061008114e-01 1.6151179839e-01 0 0
1741 4.1912534690e+02 4.5884122049e+02 4.6776192529e+02 4.3870879436e+02 4.8747918225e+02 7.2201088237e-01 9.0638691577e-01 9.3499674807e-01 9.2026707769e-01 9.6633293044e-01 2.1417999440e-01 2.7304213867e-01 2.8963259608e-01 1.1839176973e-01 1.4080837835e-01 1.6092194058e-01 0 0
1742 4.1718941763e+02 4.6464270547e+02 4.7173839082e+02 4.4197788760e+02 4.9470872112e+02 7.2129792356e-01 9.0611109260e-01 9.3485803201e-01 9.2014493421e-01 9.6619997256e-01 1.8210493713e-01 2.7769980207e-01 3.2113102265e-01 1.1082934155e-01 1.4011353534e-01 1.6849544086e-01 0 0
1743 4.2177855288e+02 4.5858174707e+02 4.7155146193e+02 4.4819122593e+02 4.8629556342e+02 7.2054776443e-01 9.0582995908e-01 9.3470824711e-01 9.2001066297e-01 9.6606486057e-01 1.6988861264e-01 2.3054700438e-01 3.1507176161e-01 1.0975585449e-01 1.3457502704e-01 1.6741559003e-01 0 0
1744 4.1434655001e+02 4.6039717907e+02 4.7061621838e+02 4.3654189733e+02 4.8323147274e+02 7.1980388899e-01 9.0555876151e-01 9.3456398459e-01 9.1987947603e-01 9.6593537893e-01 1.5278074063e-01 2.0831005182e-01 3.3372157253e-01 1.0356058785e-01 1.2445918331e-01 1.7105434835e-01 0 0
1745 4.1174897412e+02 4.5473572339e+02 4.5943278548e+02 4.4584305675e+02 4.9006018444e+02 7.1915338876e-01 9.0528317101e-01 9.3443180854e-01 9.1975427857e-01 9.6579930344e-01 2.1422846043e-01 2.5299080275e-01 2.6716371253e-01 1.1456490394e-01 1.3779144175e-01 1.5788044129e-01 0 0
1746 4.2379300239e+02 4.6319572672e+02 4.7376452814e+02 4.4408497920e+02 4.8701702036e+02 7.1841678948e-01 9.0501558290e-01 9.3429650734e-01 9.1961919415e-01 9.6566744894e-01 1.9579995558e-01 1.9826644287e-01 2.3678293079e-01 1.1648266891e-01 1.2544313353e-01 1.4891248010e-01 0 0
1747 4.1283359153e+02 4.5795300318e+02 4.6349458937e+02 4.4006847834e+02 4.8296705051e+02 7.1769295906e-01 9.0473554083e-01 9.3415963722e-01 9.1950012663e-01 9.6554229551e-01 1.6726148405e-01 2.5152122602e-01 2.8433897905e-01 1.0667300311e-01 1.3468029350e-01 1.5701297671e-01 0 0
1748 4.2155443700e+02 4.6305028075e+02 4.7060189186e+02 4.5407478046e+02 4.7858815802e+02 7.1701624437e-01 9.0447480178e-01 9.3402859421e-01 9.1936904692e-01 9.6541888606e-01 2.3312615996e-01 2.2761227842e-01 3.0980192684e-01 1.2153272178e-01 1.3551981747e-01 1.6490569711e-01 0 0
1749 4.1552016581e+02 4.5780730799e+02 4.6768378740e+02 4.4596012994e+02 4.8118213807e+02 7.1625458468e-01 9.0420326353e-01 9.3390412950e-01 9.1923472804e-01 9.6529321418e-01 1.7724422723e-01 1.7920442019e-01 2.6326648146e-01 1.1249761334e-01 1.2153837131e-01 1.5564581193e-01 0 0
1750 4.0927982494e+02 4.5322809172e+02 4.7276011359e+02 4.4577972419e+02 4.7688789301e+02 7.1553279316e-01 9.0395127410e-01 9.3376976190e-01 9.1911181368e-01 9.6517601723e-01 1.7064441948e-01 1.9796557818e-01 2.8610073589e-01 1.0735699786e-01 1.2429826241e-01 1.5696849674e-01 0 0
1751 4.1105613077e+02 4.4722584130e+02 4.6202456983e+02 4.4870986938e+02 4.7837818460e+02 7.1482700404e-01 9.0370315159e-01 9.3363912328e-01 9.1898814874e-01 9.6505711463e-01 1.9133083324e-01 2.0101914462e-01 2.8617565706e-01 1.1234225871e-01 1.2560342159e-01 1.5804104973e-01 0 0
1752 4.1261858216e+02 4.5374731404e+02 4.5739004826e+02 4.4943697417e+02 4.7791756938e+02 7.1409677736e-01 9.0345356115e-01 9.3351784041e-01 9.1886363614e-01 9.6493964727e-01 1.6416377161e-01 1.9815721642e-01 2.7292545885e-01 1.0588411423e-01 1.2635543291e-01 1.5533564519e-01 0 0
1753 4.0248884806e+02 4.4991108497e+02 4.7050904946e+02 4.5320085572e+02 4.8175465423e+02 7.1344748730e-01 9.0321204927e-01 9.3339611998e-01 9.1874329228e-01 9.6482317315e-01 1.8733049706e-01 1.9565338548e-01 2.6144153997e-01 1.0656210740e-01 1.2609603256e-01 1.5354629420e-01 0 0
1754 4.0739271344e+02 4.4788373910e+02 4.5728565676e+02 4.4166059155e+02 4.7460786445e+02 7.1280140958e-01 9.0297458594e-01 9.3327332955e-01 9.1862906049e-01 9.6470825986e-01 2.2518137633e-01 2.0792795066e-01 2.7027986944e-01 1.1653399085e-01 1.2632311322e-01 1.5298544988e-01 0 0
1755 4.0361749740e+02 4.5435194233e+02 4.5804219920e+02 4.4823356426e+02 4.8494094357e+02 7.1215890266e-01 9.0272920837e-01 9.3316397246e-01 9.1852920327e-01 9.6460184490e-01 2.2031199012e-01 3.0209514871e-01 3.1681045704e-01 1.1488409137e-01 1.4472692460e-01 1.6439541150e-01 0 0
1756 4.1102453949e+02 4.5855643055e+02 4.6031254667e+02 4.6059072125e+02 4.7776860900e+02 7.1146589593e-01 9.0246921309e-01 9.3305482073e-01 9.1841197363e-01 9.6449031625e-01 1.9962900292e-01 2.3453466967e-01 2.7868066914e-01 1.1356401288e-01 1.3742365967e-01 1.5666970983e-01 0 0
1757 4.0687609134e+02 4.5380536852e+02 4.6086237100e+02 4.4357255255e+02 4.7599612656e+02 7.1074422223e-01 9.0220501603e-01 9.3294495659e-01 9.1830072704e-01 9.6438094582e-01 1.4755113879e-01 1.9707745127e-01 2.4726481084e-01 9.9538666133e-02 1.2496410310e-01 1.4845266193e-01 0 0
1758 4.0065808129e+02 4.5542864425e+02 4.6226433185e+02 4.3988538990e+02 4.6372513410e+02 7.1009415355e-01 9.0195338251e-01 9.3283255436e-01 9.1820499146e-01 9.6428107640e-01 1.8791958887e-01 2.8618257493e-01 2.6846826822e-01 1.0656531783e-01 1.3950943761e-01 1.4684702177e-01 0 0
1759 4.1247823727e+02 4.5420390520e+02 4.6290708436e+02 4.4530237269e+02 4.8118345319e+02 7.0940616991e-01 9.0170226795e-01 9.3272467806e-01 9.1810028868e-01 9.6417773768e-01 1.9131421400e-01 2.6184956171e-01 2.9810805619e-01 1.1058363807e-01 1.4045501035e-01 1.5982810967e-01 0 0
1760 3.8989783507e+02 4.5419647456e+02 4.6079215081e+02 4.5078634421e+02 4.7375196240e+02 7.0879611884e-01 9.0145796563e-01 9.3261715186e-01 9.1798934033e-01 9.6407279415e-01 2.0197289615e-01 1.9263232965e-01 2.3948607314e-01 1.0689829289e-01 1.2559574936e-01 1.4434793591e-01 0 0
1761 4.1240458537e+02 4.5827668021e+02 4.5684883646e+02 4.4004183040e+02 4.7627726300e+02 7.0816564124e-01 9.0120706771e-01 9.3252087204e-01 9.1788358396e-01 9.6397098490e-01 2.7601057013e-01 1.9472243451e-01 2.4923280627e-01 1.2704302079e-01 1.2263442622e-01 1.4782543201e-01 0 0
1762 3.9869566584e+02 4.5920246760e+02 4.6312916665e+02 4.4811713731e+02 4.7631205304e+02 7.0744937301e-01 9.0094935046e-01 9.3242276781e-01 9.1778648520e-01 9.6386913824e-01 1.4513671619e-01 2.3189565074e-01 2.4046943150e-01 9.8245661951e-02 1.3151347451e-01 1.4506326150e-01 0 0
1763 3.9508782644e+02 4.5673015830e+02 4.6294627118e+02 4.4084262356e+02 4.7749625326e+02 7.0686733406e-01 9.0070242954e-01 9.3232238600e-01 9.1768752378e-01 9.6376979837e-01 2.0499801869e-01 2.2807787824e-01 2.5174817443e-01 1.0508743452e-01 1.2994516268e-01 1.5024565626e-01 0 0
1764 3.9993808483e+02 4.5442585685e+02 4.6656229488e+02 4.4596890657e+02 4.7845842949e+02 7.0620821695e-01 9.0046796975e-01 9.3222461587e-01 9.1759792284e-01 9.6367129159e-01 2.2676133288e-01 2.6358842291e-01 2.2317342926e-01 1.1746286412e-01 1.3729266822e-01 1.4259464107e-01 0 0
1765 4.0194311223e+02 4.5300724332e+02 4.6743306673e+02 4.4398266788e+02 4.6723831245e+02 7.0551428592e-01 9.0024942619e-01 9.3212541945e-01 9.1749789911e-01 9.6358498775e-01 1.5419519060e-01 2.3397921026e-01 2.8492883965e-01 9.9502091854e-02 1.3342718687e-01 1.5122925304e-01 0 0
1766 4.0040970089e+02 4.6052179984e+02 4.6737396363e+02 4.4323838465e+02 4.7620501756e+02 7.0480044907e-01 9.0002392298e-01 9.3202796980e-01 9.1740328303e-01 9.6350237853e-01 1.4842295002e-01 2.1331193484e-01 3.5038868338e-01 9.8751606530e-02 1.2876596861e-01 1.6661279462e-01 0 0
1767 4.0572479252e+02 4.6065824168e+02 4.7324311604e+02 4.4097564063e+02 4.7242378684e+02 7.0405706616e-01 8.9979184862e-01 9.3193098717e-01 9.1730684957e-01 9.6341518983e-01 1.3366830379e-01 2.1096500102e-01 2.7988273650e-01 9.5673358230e-02 1.2792916410e-01 1.5416265093e-01 0 0
1768 3.8114987050e+02 4.5515321939e+02 4.6596819567e+02 4.4077802307e+02 4.8006789884e+02 7.0340014705e-01 8.9956869331e-01 9.3183844087e-01 9.1721991190e-01 9.6332930511e-01 1.4664761432e-01 2.3811433464e-01 2.6144087687e-01 9.4239703942e-02 1.3226756267e-01 1.4973154198e-01 0 0
1769 3.9530612535e+02 4.5060686510e+02 4.6302441553e+02 4.4698668185e+02 4.7921237463e+02 7.0279151272e-01 8.9934629731e-01 9.3175391699e-01 9.1712640730e-01 9.6323734350e-01 2.2058847944e-01 2.2485632356e-01 2.4020977505e-01 1.1125871545e-01 1.3209119812e-01 1.4848531503e-01 0 0
1770 3.8547252649e+02 4.4866959586e+02 4.6796687917e+02 4.3969836962e+02 4.7280985211e+02 7.0215313187e-01 8.9913833244e-01 9.3166137404e-01 9.1704184452e-01 9.6315394544e-01 1.8594340237e-01 2.1685869992e-01 2.5106625818e-01 1.0437184749e-01 1.2761585135e-01 1.4685411192e-01 0 0
1771 3.9506171278e+02 4.5759263065e+02 4.6041759238e+02 4.3799823416e+02 4.7277273874e+02 7.0156996987e-01 8.9891114350e-01 9.3157484412e-01 9.1695396139e-01 9.6307843632e-01 2.3202363779e-01 2.2750618681e-01 3.2832416706e-01 1.1161329713e-01 1.3018447533e-01 1.6296640318e-01 0 0
1772 4.0558302689e+02 4.5125451868e+02 4.5874194475e+02 4.3042406415e+02 4.8155370287e+02 7.0086605719e-01 8.9868761248e-01 9.3149444335e-01 9.1688039989e-01 9.6299770862e-01 1.6513844996e-01 2.7473861538e-01 2.9491864145e-01 1.0338399270e-01 1.3444386143e-01 1.5868741740e-01 0 0
1773 3.9395832087e+02 4.5772342563e+02 4.6413770855e+02 4.4210649876e+02 4.7819176005e+02 7.0015266747e-01 8.9847261920e-01 9.3141759422e-01 9.1679859852e-01 9.6291767489e-01 1.3271719594e-01 2.5782752037e-01 2.6479598880e-01 9.3192866827e-02 1.3657633495e-01 1.5213628393e-01 0 0
1774 3.9349183775e+02 4.5420332039e+02 4.6754062324e+02 4.3332592742e+02 4.8219347453e+02 6.9951668054e-01 8.9825785731e-01 9.3133427856e-01 9.1672154520e-01 9.6283807941e-01 1.6949086874e-01 2.3339213990e-01 2.7300437354e-01 9.9518357124e-02 1.2753594108e-01 1.5346837137e-01 0 0
1775 3.9582835613e+02 4.5342829505e+02 4.6296225211e+02 4.4289997813e+02 4.7350422385e+02 6.9885306641e-01 8.9804226188e-01 9.3125722751e-01 9.1664330817e-01 9.6276237512e-01 1.6957867559e-01 2.4068172369e-01 2.5043296814e-01 1.0154163261e-01 1.3258745521e-01 1.4776311908e-01 0 0
1776 3.8837672308e+02 4.5404327643e+02 4.6427529212e+02 4.3246325711e+02 4.7384331205e+02 6.9818794440e-01 8.9781896299e-01 9.3117826554e-01 9.1656216997e-01 9.6268871510e-01 1.4349944447e-01 2.0762812067e-01 2.5602281466e-01 9.3496426389e-02 1.2397752889e-01 1.4876169898e-01 0 0
1777 3.8791209473e+02 4.5233954337e+02 4.6838849393e+02 4.3492673593e+02 4.8337567882e+02 6.9755708550e-01 8.9759478924e-01 9.3109422030e-01 9.1649150158e-01 9.6261206281e-01 1.6684918379e-01 2.4185536057e-01 2.2994512320e-01 9.8022697638e-02 1.3124457933e-01 1.4428112842e-01 0 0
1778 3.8739507586e+02 4.5150550246e+02 4.5877886490e+02 4.4343633280e+02 4.6839795113e+02 6.9691234766e-01 8.9738284826e-01 9.3101572808e-01 9.1641225784e-01 9.6254194158e-01 1.6309329608e-01 2.2304731235e-01 2.3703093827e-01 9.8145638848e-02 1.2896450143e-01 1.4282668382e-01 0 0
1779 3.9139220274e+02 4.5634307270e+02 4.6649227954e+02 4.3523962509e+02 4.7473675271e+02 6.9631650634e-01 8.9717030927e-01 9.3094339809e-01 9.1634169406e-01 9.6247888803e-01 1.9905237678e-01 2.2018968500e-01 3.0926568992e-01 1.0390349739e-01 1.2634952553e-01 1.5752497874e-01 0 0
1780 3.9580553702e+02 4.5319933873e+02 4.7020966068e+02 4.4145043252e+02 4.8230468845e+02 6.9567216062e-01 8.9695725249e-01 9.3086612960e-01 9.1626505895e-01 9.6240724286e-01 1.9817166037e-01 2.5367716514e-01 2.4548553769e-01 1.0807433647e-01 1.3494469225e-01 1.4815012831e-01 0 0
1781 3.9241490589e+02 4.4901694706e+02 4.5390961380e+02 4.3259222283e+02 4.7333697365e+02 6.9503330377e-01 8.9674378833e-01 9.3079732355e-01 9.1619978567e-01 9.6233866616e-01 1.8950450805e-01 2.3621818982e-01 2.3537505046e-01 1.0475047005e-01 1.3066221215e-01 1.4297976810e-01 0 0
1782 4.0429602696e+02 4.4794332091e+02 4.6299063503e+02 4.3203526332e+02 4.7305835066e+02 6.9436886432e-01 8.9654615199e-01 9.3073060585e-01 9.1613234947e-01 9.6227894658e-01 2.0529919104e-01 2.4984482024e-01 2.9121542722e-01 1.1146225366e-01 1.3075193297e-01 1.5549526643e-01 0 0
1783 4.0171842249e+02 4.5516039412e+02 4.5296379891e+02 4.2992902757e+02 4.6711794215e+02 6.9361971842e-01 8.9633176878e-01 9.3066758060e-01 9.1606713043e-01 9.6221682760e-01 1.3798204222e-01 2.1910926513e-01 2.6997471415e-01 9.6985248145e-02 1.2656862382e-01 1.5072704945e-01 0 0
1784 3.9041041896e+02 4.4713454002e+02 4.6067001137e+02 4.3152000605e+02 4.7630298262e+02 6.9294901745e-01 8.9612588908e-01 9.3060678275e-01 9.1600276079e-01 9.6215884508e-01 1.4591896577e-01 2.0076567866e-01 3.1761698611e-01 9.4367709806e-02 1.1985122832e-01 1.6119120736e-01 0 0
1785 3.9619895949e+02 4.5469374996e+02 4.5597889206e+02 4.3458757388e+02 4.8038722987e+02 6.9232273866e-01 8.9591593241e-01 9.3054659415e-01 9.1593977104e-01 9.6209362935e-01 2.1837286755e-01 1.9648933411e-01 2.4418397713e-01 1.1133665478e-01 1.2000912288e-01 1.4839598630e-01 0 0
1786 3.9253540342e+02 4.4988081755e+02 4.5426355236e+02 4.2820595950e+02 4.7611133152e+02 6.9166346048e-01 8.9569781131e-01 9.3048976588e-01 9.1587985165e-01 9.6203520352e-01 1.9840690154e-01 1.8572180532e-01 2.3301480059e-01 1.0914962019e-01 1.1512426334e-01 1.4237121958e-01 0 0
1787 4.0064652866e+02 4.3972999528e+02 4.5576030227e+02 4.3324318373e+02 4.7247645444e+02 6.9099026529e-01 8.9550688019e-01 9.3043153328e-01 9.1582319525e-01 9.6197695281e-01 1.9364485356e-01 2.2051223740e-01 2.5600122847e-01 1.0871408470e-01 1.2457501004e-01 1.4818433579e-01 0 0
1788 3.9779793613e+02 4.5030661429e+02 4.5079961943e+02 4.3331794043e+02 4.6753522595e+02 6.9027156893e-01 8.9531571293e-01 9.3037941664e-01 9.1576331510e-01 9.6192044553e-01 1.5915379373e-01 1.7512834165e-01 2.4111272581e-01 1.0204246405e-01 1.1531349923e-01 1.4336865302e-01 0 0
1789 3.9491583580e+02 4.5036492148e+02 4.6067779548e+02 4.2188911088e+02 4.6973616265e+02 6.8961218330e-01 8.9510836308e-01 9.3032240256e-01 9.1570931836e-01 9.6186846737e-01 1.8847498462e-01 1.8154366780e-01 2.6435427181e-01 1.0621917862e-01 1.1354010319e-01 1.4656332694e-01 0 0
1790 3.9945538588e+02 4.4466059739e+02 4.5988560058e+02 4.3444695447e+02 4.6633953564e+02 6.8892984736e-01 8.9491753846e-01 9.3026728774e-01 9.1565648609e-01 9.6181770224e-01 1.9870891775e-01 2.0110591687e-01 2.6423708536e-01 1.1089355744e-01 1.1997286929e-01 1.4614187554e-01 0 0
1791 3.9290332290e+02 4.4757347511e+02 4.5229017925e+02 4.2688517557e+02 4.6988106873e+02 6.8823883690e-01 8.9472395698e-01 9.3021442251e-01 9.1560530881e-01 9.6177169465e-01 1.7612520466e-01 1.6946662031e-01 3.0832384340e-01 1.0501640911e-01 1.1169522675e-01 1.5327579249e-01 0 0
1792 4.0562599305e+02 4.3893265429e+02 4.5774885650e+02 4.1661072958e+02 4.6846167800e+02 6.8754887846e-01 8.9453565863e-01 9.3016628689e-01 9.1556050046e-01 9.6172406227e-01 1.9414697864e-01 2.2642533761e-01 3.1060632318e-01 1.1029726836e-01 1.2103275303e-01 1.5795573406e-01 0 0
1793 4.1023033769e+02 4.4683557518e+02 4.4713621736e+02 4.2390404648e+02 4.7223377090e+02 6.8680126371e-01 8.9433831819e-01 9.3011736599e-01 9.1551651812e-01 9.6167441585e-01 1.5596728077e-01 2.5060284138e-01 2.3985132761e-01 1.0278519211e-01 1.2802585308e-01 1.4446742181e-01 0 0
1794 3.9757633467e+02 4.2620602779e+02 4.5246261931e+02 4.1575928282e+02 4.6929057163e+02 6.8612955573e-01 8.9415969304e-01 9.3007461493e-01 9.1547369632e-01 9.6162743808e-01 1.8621683621e-01 2.1835759003e-01 2.2829371877e-01 1.0643377184e-01 1.1950147199e-01 1.4066490531e-01 0 0
1795 4.0525275416e+02 4.5180556175e+02 4.4037785622e+02 4.2751633741e+02 4.7408644056e+02 6.8543901631e-01 8.9397817637e-01 9.3003395129e-01 9.1543067846e-01 9.6157968348e-01 2.1215718731e-01 2.1590784565e-01 2.2471265681e-01 1.1513468667e-01 1.2100923015e-01 1.4081856795e-01 0 0
1796 4.0609496393e+02 4.3904208582e+02 4.5699205067e+02 4.2370187780e+02 4.7258393765e+02 6.8468063790e-01 8.9378388238e-01 9.2999956835e-01 9.1538223427e-01 9.6153648150e-01 1.4786536744e-01 1.6418264806e-01 2.2861631960e-01 1.0074362359e-01 1.1037020478e-01 1.4086314570e-01 0 0
1797 4.0284477850e+02 4.4405447301e+02 4.5154299698e+02 4.1843109125e+02 4.7253696945e+02 6.8397845443e-01 8.9361053985e-01 9.2995635967e-01 9.1534221903e-01 9.6149245005e-01 1.6801628955e-01 1.7832498811e-01 2.2185208555e-01 1.0328470250e-01 1.1094331183e-01 1.4012560248e-01 0 0
1798 4.0859263325e+02 4.4325935904e+02 4.4609874888e+02 4.2278897292e+02 4.5642794475e+02 6.8324027227e-01 8.9342025098e-01 9.2992652621e-01 9.1529770050e-01 9.6145569488e-01 1.7734886751e-01 1.9179238472e-01 2.4194295611e-01 1.0875220457e-01 1.1581717525e-01 1.4028850291e-01 0 0
1799 3.9394430214e+02 4.3576902210e+02 4.5256251295e+02 4.1491887385e+02 4.6210138227e+02 6.8250174216e-01 8.9323785639e-01 9.2989024237e-01 9.1526076745e-01 9.6142215279e-01 1.4699245922e-01 1.8965794891e-01 2.9077619314e-01 9.9075914675e-02 1.1339022405e-01 1.4962529670e-01 0 0
1800 3.9340253871e+02 4.3718822820e+02 4.4113660016e+02 4.1545477717e+02 4.5802009372e+02 6.8183647595e-01 8.9305975523e-01 9.2985942412e-01 9.1522165025e-01 9.6138906107e-01 1.7441845104e-01 2.1465444844e-01 2.3486674763e-01 1.0248744390e-01 1.1775358999e-01 1.3960842136e-01 0 0
1801 3.9850058536e+02 4.3119852954e+02 4.4813085770e+02 4.1466076120e+02 4.5493385508e+02 6.8113190551e-01 8.9289176963e-01 9.2982830667e-01 9.1518587427e-01 9.6136022848e-01 1.6080112864e-01 1.9589375518e-01 2.4297517445e-01 1.0112625594e-01 1.1591763608e-01 1.3792725280e-01 0 0
1802 3.8583347405e+02 4.3134209162e+02 4.4826915394e+02 4.1576634815e+02 4.6122242465e+02 6.8046930370e-01 8.9273618129e-01 9.2979685549e-01 9.1515096700e-01 9.6133112109e-01 1.6436957502e-01 1.9497285504e-01 2.7157314122e-01 9.9160110849e-02 1.1284398055e-01 1.4527453948e-01 0 0
1803 3.9658500871e+02 4.3689204187e+02 4.4627671489e+02 4.2464976378e+02 4.5992093410e+02 6.7981391981e-01 8.9257164789e-01 9.2976870573e-01 9.1511693527e-01 9.6130432373e-01 1.8995428998e-01 1.8846922461e-01 2.4658608530e-01 1.0589598197e-01 1.1443909723e-01 1.3989687152e-01 0 0
1804 3.9164633967e+02 4.2769982537e+02 4.4215867839e+02 4.0880534793e+02 4.5592608365e+02 6.7908008693e-01 8.9240564785e-01 9.2974307805e-01 9.1508565261e-01 9.6127777947e-01 1.3694312578e-01 1.9099373091e-01 2.4905635510e-01 9.5053045022e-02 1.1073418241e-01 1.4006863907e-01 0 0
1805 3.8836876491e+02 4.3085276995e+02 4.3902989648e+02 4.1688247744e+02 4.5894638167e+02 6.7840445400e-01 8.9224419833e-01 9.2971908794e-01 9.1506021136e-01 9.6125397878e-01 1.6153564595e-01 3.1051353738e-01 2.6876141131e-01 9.9138301754e-02 1.3415298425e-01 1.4426571131e-01 0 0
1806 3.9375646201e+02 4.2508432987e+02 4.3693769221e+02 4.1536798444e+02 4.5096285878e+02 6.7771836847e-01 8.9207710978e-01 9.2969607281e-01 9.1503213170e-01 9.6122937605e-01 1.7382266247e-01 1.9605234824e-01 2.4108288810e-01 1.0354783758e-01 1.1567888595e-01 1.3808984309e-01 0 0
1807 3.9281761668e+02 4.2238117782e+02 4.3826570494e+02 4.1355631796e+02 4.6152529048e+02 6.7701554070e-01 8.9193462822e-01 9.2967287644e-01 9.1500352130e-01 9.6120982464e-01 1.4502572580e-01 1.7754431721e-01 2.3289696779e-01 9.5711744080e-02 1.0897871712e-01 1.3692559768e-01 0 0
1808 3.9187369215e+02 4.3226436862e+02 4.3418006417e+02 4.0922833251e+02 4.5208169547e+02 6.7635189922e-01 8.9177356554e-01 9.2965457671e-01 9.1498021466e-01 9.6118601421e-01 1.7825903671e-01 1.8161853123e-01 2.1872877050e-01 1.0281337812e-01 1.0841523111e-01 1.3224791083e-01 0 0
1809 4.0073179422e+02 4.2311578646e+02 4.3340523041e+02 4.1031308549e+02 4.5414208267e+02 6.7566519402e-01 8.9160984157e-01 9.2963441541e-01 9.1495654800e-01 9.6116935248e-01 1.7952664063e-01 2.2151208669e-01 2.7013390884e-01 1.0515049967e-01 1.1531872815e-01 1.4139026962e-01 0 0
1810 3.9164257956e+02 4.2605022811e+02 4.3220000434e+02 4.2426095669e+02 4.4714926898e+02 6.7499741865e-01 8.9145506153e-01 9.2961642497e-01 9.1493522516e-01 9.6114944134e-01 1.7277169715e-01 1.9117014389e-01 2.7136282437e-01 1.0152712332e-01 1.1559064593e-01 1.4207477309e-01 0 0
1811 3.9920380295e+02 4.2849688228e+02 4.3262254406e+02 4.1783906516e+02 4.5680893845e+02 6.7430036430e-01 8.9129831049e-01 9.2960278849e-01 9.1491095041e-01 9.6113292462e-01 1.9087896908e-01 1.6012680531e-01 2.4110744521e-01 1.0898677618e-01 1.0580998240e-01 1.3739993796e-01 0 0
1812 3.9243223102e+02 4.3145565748e+02 4.3610706828e+02 4.1722208190e+02 4.4904502837e+02 6.7358379615e-01 8.9113795930e-01 9.2958720604e-01 9.1489369221e-01 9.6111531524e-01 1.5451166900e-01 2.1044956986e-01 1.9100186322e-01 9.9421692981e-02 1.1650946876e-01 1.2489483319e-01 0 0
1813 3.9057221408e+02 4.3013106651e+02 4.3424940630e+02 4.2389936527e+02 4.4328119603e+02 6.7288046196e-01 8.9097882683e-01 9.2957626541e-01 9.1487426440e-01 9.6109989907e-01 1.5810179470e-01 2.0848885365e-01 2.5941297226e-01 9.9592181240e-02 1.2034206558e-01 1.3643318415e-01 0 0
1814 3.9796262802e+02 4.2997667088e+02 4.3903760161e+02 4.1689505199e+02 4.4338580125e+02 6.7217770109e-01 8.9082760304e-01 9.2956704694e-01 9.1485855626e-01 9.6108662612e-01 1.6370774156e-01 1.9227476697e-01 2.9095813632e-01 1.0135654518e-01 1.1539799301e-01 1.4668416232e-01 0 0
1815 4.0135828778e+02 4.2815379465e+02 4.3822078126e+02 4.2193947655e+02 4.4546597794e+02 6.7140887225e-01 8.9067501836e-01 9.2955988023e-01 9.1484192265e-01 9.6107262890e-01 1.3176779582e-01 1.9122558460e-01 2.7932944149e-01 9.5032442541e-02 1.1555749318e-01 1.4152831025e-01 0 0
1816 3.8935594792e+02 4.2832117768e+02 4.3383232288e+02 4.2125706596e+02 4.4777346742e+02 6.7067163069e-01 8.9052630130e-01 9.2955271408e-01 9.1482885510e-01 9.6105959645e-01 1.3024537883e-01 1.6977557167e-01 2.3466376122e-01 9.2523510399e-02 1.1105419183e-01 1.3650554139e-01 0 0
1817 3.9528572553e+02 4.1757415135e+02 4.3149623405e+02 4.1928065258e+02 4.4500774221e+02 6.6998294904e-01 8.9038494655e-01 9.2954907067e-01 9.1481699174e-01 9.6104696383e-01 1.6173845559e-01 1.7465407774e-01 2.0772216003e-01 9.9612205112e-02 1.1061347835e-01 1.2669519708e-01 0 0
1818 3.8677323169e+02 4.2512654366e+02 4.2793315045e+02 4.2085348549e+02 4.4587030415e+02 6.6933125484e-01 8.9024545612e-01 9.2954570204e-01 9.1480897649e-01 9.6103576965e-01 1.8744271695e-01 2.2180517018e-01 2.2901824582e-01 1.0430671029e-01 1.2073091231e-01 1.3181947079e-01 0 0
1819 3.8522803125e+02 4.2181556989e+02 4.3622490974e+02 4.2347330568e+02 4.4700720072e+02 6.6874150160e-01 8.9010272466e-01 9.2954575446e-01 9.1480102586e-01 9.6102837952e-01 2.4499769150e-01 2.5630394369e-01 2.3227108922e-01 1.1347403644e-01 1.2911067251e-01 1.3200074527e-01 0 0
1820 3.9048262405e+02 4.2449425791e+02 4.2769029025e+02 4.2465756425e+02 4.5412749449e+02 6.6808304399e-01 8.8996467241e-01 9.2954479638e-01 9.1479972670e-01 9.6102294192e-01 2.1064278826e-01 2.3509798665e-01 2.2339354642e-01 1.1111155369e-01 1.2657541782e-01 1.3189042080e-01 0 0
1821 3.8628059862e+02 4.3379972698e+02 4.3824761123e+02 4.2278738377e+02 4.5066414532e+02 6.6739955424e-01 8.8981784492e-01 9.2954659940e-01 9.1479688845e-01 9.6101738820e-01 1.5841823599e-01 1.9071029499e-01 2.1018664073e-01 9.8242792866e-02 1.1767795216e-01 1.2765963003e-01 0 0
1822 3.8807045121e+02 4.2843488785e+02 4.4455602853e+02 4.2495225835e+02 4.4453838417e+02 6.6675325174e-01 8.8968025517e-01 9.2955170584e-01 9.1479549571e-01 9.6101473198e-01 1.7522950287e-01 1.9221220072e-01 2.2724021785e-01 1.0058088312e-01 1.1675877217e-01 1.3088381197e-01 0 0
1823 4.0049258406e+02 4.3056340271e+02 4.4056668054e+02 4.2755012499e+02 4.4598968248e+02 6.6601138730e-01 8.8954744678e-01 9.2955777084e-01 9.1479827746e-01 9.6101372196e-01 1.3683765893e-01 2.0081922039e-01 2.1748941485e-01 9.5101851526e-02 1.1999173183e-01 1.2921232916e-01 0 0
1824 3.8988375331e+02 4.2617481008e+02 4.4471785297e+02 4.2665525091e+02 4.4015290312e+02 6.6526512160e-01 8.8940726343e-01 9.2956645656e-01 9.1480063401e-01 9.6101262744e-01 1.1320926099e-01 2.0046062768e-01 2.0764922816e-01 8.6935027963e-02 1.1936087767e-01 1.2392658833e-01 0 0
1825 3.7019320870e+02 4.3038877773e+02 4.3821006663e+02 4.3453601332e+02 4.3916853257e+02 6.6462608824e-01 8.8926640171e-01 9.2957626131e-01 9.1480771658e-01 9.6101274460e-01 1.4813370039e-01 1.9072925206e-01 2.4697943125e-01 9.1819220072e-02 1.1910958774e-01 1.3159457501e-01 0 0
1826 3.8194992055e+02 4.3302147031e+02 4.3526498754e+02 4.2956416866e+02 4.4447720344e+02 6.6401323340e-01 8.8912434278e-01 9.2958719165e-01 9.1481150754e-01 9.6101502194e-01 1.9924078277e-01 1.9101500418e-01 2.6074818708e-01 1.0449755355e-01 1.1724397074e-01 1.3707206212e-01 0 0
1827 3.7144103032e+02 4.2559781484e+02 4.3929933559e+02 4.2070274170e+02 4.4241182031e+02 6.6339625902e-01 8.8899151324e-01 9.2960104120e-01 9.1482435184e-01 9.6101661358e-01 1.7161435578e-01 2.2734592017e-01 2.2633558325e-01 9.6971826190e-02 1.2423046306e-01 1.2988798320e-01 0 0
1828 3.7865604730e+02 4.3371031879e+02 4.3863638130e+02 4.2593595469e+02 4.5475798852e+02 6.6278280845e-01 8.8886149312e-01 9.2961747275e-01 9.1482925888e-01 9.6102128855e-01 1.8119294174e-01 2.3992212024e-01 2.5159391761e-01 9.9581597337e-02 1.2697525602e-01 1.3824883662e-01 0 0
1829 3.7854249928e+02 4.3823404492e+02 4.4659422998e+02 4.1795697296e+02 4.5523534435e+02 6.6211761928e-01 8.8872531249e-01 9.2963543558e-01 9.1484443592e-01 9.6102767175e-01 1.3258297487e-01 2.1941636316e-01 2.2949366178e-01 8.8565268001e-02 1.2381746387e-01 1.3419647049e-01 0 0
1830 3.7033899421e+02 4.3496093575e+02 4.4285390156e+02 4.2632552483e+02 4.5706234189e+02 6.6148645187e-01 8.8859744029e-01 9.2965827819e-01 9.1485445443e-01 9.6103415980e-01 1.3956237657e-01 2.2039828636e-01 2.1312486287e-01 8.8393519388e-02 1.2368857395e-01 1.3140062708e-01 0 0
1831 3.7995935947e+02 4.3300072171e+02 4.4640223244e+02 4.2458923164e+02 4.4313429116e+02 6.6084661013e-01 8.8847521789e-01 9.2967765311e-01 9.1487118686e-01 9.6104600897e-01 1.4965801653e-01 1.8874986656e-01 2.1971894708e-01 9.2255514736e-02 1.1704561254e-01 1.3102437370e-01 0 0
1832 3.7348928981e+02 4.3907304703e+02 4.4461408828e+02 4.0890604819e+02 4.5013950962e+02 6.6019016718e-01 8.8834282991e-01 9.2970616684e-01 9.1488482926e-01 9.6105494270e-01 1.2759058878e-01 1.7948093917e-01 2.7598664165e-01 8.6195166680e-02 1.1109161377e-01 1.4328504633e-01 0 0
1833 3.7222026047e+02 4.4017957983e+02 4.4503909589e+02 4.0910002215e+02 4.5277859173e+02 6.5955607554e-01 8.8820775784e-01 9.2973381021e-01 9.1490291142e-01 9.6106928603e-01 1.3807883007e-01 2.3232841492e-01 2.2391930968e-01 8.8078539202e-02 1.1970424559e-01 1.3358856272e-01 0 0
1834 3.7967563457e+02 4.3645253178e+02 4.5088742359e+02 4.1347895200e+02 4.5052589063e+02 6.5889032731e-01 8.8807584495e-01 9.2976607921e-01 9.1491671451e-01 9.6108326275e-01 1.3536282132e-01 2.2352107987e-01 2.2400400881e-01 8.9310822778e-02 1.2037060456e-01 1.3246591110e-01 0 0
1835 3.8346707796e+02 4.3695777113e+02 4.4723925714e+02 4.1063002280e+02 4.5708616871e+02 6.5817557547e-01 8.8795556204e-01 9.2979841819e-01 9.1493889158e-01 9.6110311008e-01 1.0827856318e-01 2.2291971091e-01 2.4813313223e-01 8.2699585740e-02 1.2006970076e-01 1.4003846049e-01 0 0
1836 3.7056800502e+02 4.3878253085e+02 4.4983873847e+02 4.1433003150e+02 4.5115367739e+02 6.5754906491e-01 8.8783378035e-01 9.2983301040e-01 9.1495824398e-01 9.6112311629e-01 1.3772292518e-01 2.1430338081e-01 2.5628110021e-01 8.7199688294e-02 1.1956243729e-01 1.3895312417e-01 0 0
1837 3.8492010515e+02 4.3853614803e+02 4.5679310141e+02 4.0655455892e+02 4.6343670347e+02 6.5694722144e-01 8.8771936964e-01 9.2987144800e-01 9.1497968553e-01 9.6114204543e-01 2.1888174250e-01 2.0044387225e-01 3.3079911955e-01 1.0775029087e-01 1.1522256071e-01 1.5540157724e-01 0 0
1838 3.6897695127e+02 4.3808541191e+02 4.4589940710e+02 4.1291388327e+02 4.5847251485e+02 6.5632745586e-01 8.8759758671e-01 9.2991165746e-01 9.1500542837e-01 9.6116742517e-01 1.7637825752e-01 2.2345615551e-01 2.4997180887e-01 9.8108245055e-02 1.2104230560e-01 1.4242427796e-01 0 0
1839 3.8606571660e+02 4.3120179078e+02 4.4913611523e+02 4.0837400520e+02 4.5644014873e+02 6.5571810526e-01 8.8747543782e-01 9.2995121659e-01 9.1502752890e-01 9.6119525784e-01 2.0762770195e-01 2.3186535761e-01 2.2436743416e-01 1.0547526380e-01 1.2135775853e-01 1.3539535552e-01 0 0
1840 3.8778631978e+02 4.3287178746e+02 4.4377600276e+02 4.1429037597e+02 4.6548524748e+02 6.5501109732e-01 8.8736229672e-01 9.2999780217e-01 9.1505847656e-01 9.6122498002e-01 1.4136803090e-01 2.3299452942e-01 2.1382815018e-01 9.3997668805e-02 1.2369438261e-01 1.3474112749e-01 0 0
1841 3.8260943670e+02 4.3256574645e+02 4.3701798447e+02 4.1436300888e+02 4.5405156990e+02 6.5432941100e-01 8.8724575469e-01 9.3003586919e-01 9.1508588498e-01 9.6125180716e-01 1.3553568751e-01 2.0982150640e-01 2.3584442772e-01 9.0220635821e-02 1.1742599308e-01 1.3679154217e-01 0 0
1842 3.8486004820e+02 4.2416751187e+02 4.3975364197e+02 4.1951501016e+02 4.6697299842e+02 6.5368972420e-01 8.8713251344e-01 9.3008041436e-01 9.1511719834e-01 9.6128513995e-01 1.7295218237e-01 2.3433217965e-01 2.6474969834e-01 9.8834155389e-02 1.2350223167e-01 1.4593599457e-01 0 0
1843 3.8458975434e+02 4.1878721850e+02 4.2937017828e+02 4.1835979954e+02 4.6174551636e+02 6.5301453201e-01 8.8703008396e-01 9.3012612985e-01 9.1515183039e-01 9.6132045745e-01 1.5471345123e-01 2.1016564127e-01 2.1177395061e-01 9.5961544144e-02 1.2174637616e-01 1.3500685617e-01 0 0
1844 3.8003872246e+02 4.2311456782e+02 4.3891643923e+02 4.1461211165e+02 4.5249744474e+02 6.5237761490e-01 8.8693006902e-01 9.3017428047e-01 9.1518588527e-01 9.6135436001e-01 1.6098729383e-01 1.8934203684e-01 2.5860091485e-01 9.5207400093e-02 1.1410351377e-01 1.3927500136e-01 0 0
1845 3.8685610581e+02 4.3284117685e+02 4.2502119432e+02 4.1454261316e+02 4.5819122986e+02 6.5170694786e-01 8.8681687137e-01 9.3022488339e-01 9.1522271358e-01 9.6139059913e-01 1.6337216674e-01 2.1592509001e-01 3.1899622642e-01 9.8044828596e-02 1.1904341821e-01 1.5599634778e-01 0 0
1846 3.7382608669e+02 4.1738366643e+02 4.3793963625e+02 4.1849393290e+02 4.5099379846e+02 6.5107516108e-01 8.8671009268e-01 9.3027196909e-01 9.1526604799e-01 9.6143194765e-01 1.5988070521e-01 1.9130106177e-01 2.2676742263e-01 9.4482230036e-02 1.1735115433e-01 1.3691889588e-01 0 0
1847 3.7352288232e+02 4.2530384359e+02 4.2457208237e+02 4.1189958197e+02 4.5847539465e+02 6.5050278832e-01 8.8660439304e-01 9.3032486431e-01 9.1530691573e-01 9.6147309835e-01 2.1206487396e-01 1.8024938833e-01 2.3239481356e-01 1.0325176946e-01 1.1136557022e-01 1.3712722715e-01 0 0
1848 3.6881004616e+02 4.2340520633e+02 4.3433940502e+02 4.1939502560e+02 4.4895809938e+02 6.4988712228e-01 8.8650419020e-01 9.3037903608e-01 9.1535390946e-01 9.6151839163e-01 1.7820941562e-01 1.7936922330e-01 2.1047963854e-01 9.8236981318e-02 1.1326433299e-01 1.3262246363e-01 0 0
1849 3.7334526729e+02 4.2845476351e+02 4.3483809846e+02 4.2209314730e+02 4.3904870530e+02 6.4927436348e-01 8.8640397897e-01 9.3043434877e-01 9.1540527505e-01 9.6156181262e-01 1.7802424362e-01 1.5264160745e-01 2.2544551734e-01 9.7779943749e-02 1.0776124243e-01 1.3009827491e-01 0 0
1850 3.8080279857e+02 4.3035889819e+02 4.3506524295e+02 4.0605793537e+02 4.4623413837e+02 6.4860121516e-01 8.8629682484e-01 9.3049209940e-01 9.1545186502e-01 9.6160549954e-01 1.4881264955e-01 1.6980704758e-01 2.4728722312e-01 9.3760170503e-02 1.0795323690e-01 1.3727388903e-01 0 0
1851 3.6948747098e+02 4.2835358861e+02 4.3736503275e+02 4.1385132823e+02 4.4080677102e+02 6.4793984029e-01 8.8619579901e-01 9.3054923308e-01 9.1549634950e-01 9.6165409321e-01 1.3303723226e-01 2.2492650710e-01 2.1058153454e-01 8.7984804314e-02 1.2006987305e-01 1.2776620965e-01 0 0
1852 3.6781973094e+02 4.2955589348e+02 4.3346267501e+02 4.1756404823e+02 4.4527152882e+02 6.4732680449e-01 8.8609242679e-01 9.3061279946e-01 9.1554925136e-01 9.6170043079e-01 1.6211411454e-01 1.7748743948e-01 2.4282939080e-01 9.3344775463e-02 1.1337422254e-01 1.3566662837e-01 0 0
1853 3.7252693185e+02 4.2690473908e+02 4.3610447071e+02 4.1180746791e+02 4.4562272089e+02 6.4669492490e-01 8.8599805649e-01 9.3067140759e-01 9.1560400079e-01 9.6175176185e-01 1.6042636570e-01 1.4876673650e-01 2.1471895278e-01 9.4417923562e-02 1.0338874999e-01 1.3188569620e-01 0 0
1854 3.7230310565e+02 4.3127436525e+02 4.3985816251e+02 4.1076084131e+02 4.3374528095e+02 6.4605145072e-01 8.8590675987e-01 9.3073806885e-01 9.1565964165e-01 9.6180123314e-01 1.4541444374e-01 1.5504063200e-01 2.2445648070e-01 9.0669105338e-02 1.0439299000e-01 1.3050069660e-01 0 0
1855 3.6854081762e+02 4.2734470864e+02 4.3635911959e+02 4.0949734813e+02 4.4789430952e+02 6.4546132372e-01 8.8580729898e-01 9.3080020833e-01 9.1571500835e-01 9.6185211369e-01 1.7754131018e-01 1.6782667395e-01 2.8890302405e-01 9.5810286963e-02 1.0701486887e-01 1.4370547328e-01 0 0
1856 3.7484703200e+02 4.1896004061e+02 4.3927703389e+02 4.0887847752e+02 4.4794867521e+02 6.4483860352e-01 8.8572226735e-01 9.3087394252e-01 9.1577137146e-01 9.6190330839e-01 1.6292283154e-01 1.8271897081e-01 2.5541549921e-01 9.4294872359e-02 1.0953669949e-01 1.4030267484e-01 0 0
1857 3.6488205915e+02 4.2384429261e+02 4.3097902719e+02 4.0573960245e+02 4.4825388663e+02 6.4427671993e-01 8.8563080407e-01 9.3094415155e-01 9.1582931359e-01 9.6196091080e-01 1.8119079351e-01 1.9299929589e-01 2.2913894616e-01 9.4747630547e-02 1.1209466495e-01 1.3453521207e-01 0 0
1858 3.6809627938e+02 4.2284584588e+02 4.3442898945e+02 3.9835344702e+02 4.4661422461e+02 6.4367967201e-01 8.8554253452e-01 9.3102114760e-01 9.1588872412e-01 9.6201576303e-01 1.9088052879e-01 1.8296931032e-01 2.4455948547e-01 9.9615393075e-02 1.0875669122e-01 1.3475221116e-01 0 0
1859 3.6336928446e+02 4.2935913362e+02 4.3785212615e+02 3.9095562008e+02 4.4709950654e+02 6.4308568479e-01 8.8546188840e-01 9.3109977168e-01 9.1594036372e-01 9.6207316406e-01 1.5665464997e-01 2.2256582417e-01 2.7245189995e-01 9.0320395622e-02 1.1221018108e-01 1.4357552957e-01 0 0
1860 3.7095461730e+02 4.2497920905e+02 4.3568252848e+02 4.0164188418e+02 4.5513363422e+02 6.4246927840e-01 8.8537218680e-01 9.3117436278e-01 9.1599805743e-01 9.6213691739e-01 1.5373440343e-01 2.2893312573e-01 2.4426536728e-01 9.1055597738e-02 1.1769867362e-01 1.3962553255e-01 0 0
1861 3.6972637171e+02 4.2358361409e+02 4.3460330331e+02 3.9864030623e+02 4.3880021080e+02 6.4181667630e-01 8.8528228344e-01 9.3125743841e-01 9.1606412724e-01 9.6219707069e-01 1.2293349015e-01 1.5807630215e-01 2.3989682365e-01 8.3802628502e-02 1.0140914656e-01 1.3463392667e-01 0 0
1862 3.6817308911e+02 4.3037069777e+02 4.2726044092e+02 3.9669458498e+02 4.5059625428e+02 6.4120907761e-01 8.8519317293e-01 9.3133867800e-01 9.1612174714e-01 9.6225510807e-01 1.3781607185e-01 1.8001698796e-01 3.2878844254e-01 8.5576152497e-02 1.0312987398e-01 1.5164492000e-01 0 0
1863 3.7359151844e+02 4.1708165792e+02 4.3304441891e+02 3.9634760233e+02 4.5067543060e+02 6.4058889586e-01 8.8510920170e-01 9.3142416879e-01 9.1618712609e-01 9.6232431867e-01 1.6076999985e-01 2.0241426397e-01 2.2693265788e-01 9.3419097818e-02 1.1101605278e-01 1.3581204973e-01 0 0
1864 3.6595646749e+02 4.2214683835e+02 4.2652216384e+02 3.9913228149e+02 4.4311969320e+02 6.3993293331e-01 8.8503341030e-01 9.3150484962e-01 9.1625321905e-01 9.6239164208e-01 1.2077024916e-01 1.6244966909e-01 2.2599045467e-01 8.3192758823e-02 1.0130154248e-01 1.3173274882e-01 0 0
1865 3.5567842232e+02 4.1461367561e+02 4.2653416115e+02 3.9175638157e+02 4.4874603062e+02 6.3932649089e-01 8.8495534599e-01 9.3158855375e-01 9.1631549246e-01 9.6246554591e-01 1.2771140875e-01 1.9147575181e-01 2.3221368436e-01 8.2236174071e-02 1.0548804328e-01 1.3736866601e-01 0 0
1866 3.6252206325e+02 4.1899500295e+02 4.1711690882e+02 3.9413318656e+02 4.4585679455e+02 6.3873825927e-01 8.8488378021e-01 9.3167239828e-01 9.1637856605e-01 9.6254214675e-01 1.4720915650e-01 2.4844353553e-01 1.9938098267e-01 8.6859734657e-02 1.1790713249e-01 1.2539329007e-01 0 0
1867 3.5357223435e+02 4.1571040476e+02 4.3310515828e+02 3.9662608336e+02 4.4472986885e+02 6.3817401275e-01 8.8481143267e-01 9.3176257557e-01 9.1644807996e-01 9.6260802948e-01 1.4297184130e-01 1.9123592414e-01 2.7857435867e-01 8.3890816277e-02 1.0833509360e-01 1.4243824873e-01 0 0
1868 3.4957875988e+02 4.0723779908e+02 4.2567853922e+02 3.9740134389e+02 4.4270570784e+02 6.3764110452e-01 8.8474699674e-01 9.3185996714e-01 9.1651990677e-01 9.6268558575e-01 1.7009919990e-01 1.8952304684e-01 2.5690444373e-01 8.8769840665e-02 1.0822500708e-01 1.4065338112e-01 0 0
1869 3.4978179527e+02 4.1055541648e+02 4.2383091042e+02 4.0088238612e+02 4.3754905082e+02 6.3709891369e-01 8.8468136895e-01 9.3195714148e-01 9.1659248420e-01 9.6275773912e-01 1.6648877848e-01 2.2379784752e-01 2.3186034057e-01 8.8683782789e-02 1.1515442608e-01 1.3136943802e-01 0 0
1870 3.5468692260e+02 4.0235154483e+02 4.1713563816e+02 4.0348259334e+02 4.4510894032e+02 6.3653299428e-01 8.8461736313e-01 9.3205147317e-01 9.1667325574e-01 9.6283923737e-01 1.4029663303e-01 1.9353551976e-01 2.2192166466e-01 8.3054954158e-02 1.1270490056e-01 1.3191016857e-01 0 0
1871 3.5160039958e+02 3.9791501527e+02 4.0993558945e+02 4.0579797930e+02 4.3848211195e+02 6.3595042856e-01 8.8456260025e-01 9.3214030566e-01 9.1675525814e-01 9.6292166254e-01 1.2391144757e-01 1.7382573523e-01 2.0281741209e-01 7.9147800569e-02 1.0680758022e-01 1.2620398868e-01 0 0
1872 3.4249357704e+02 4.0685858262e+02 4.0943600690e+02 4.0097593834e+02 4.3846208502e+02 6.3540958333e-01 8.8450301215e-01 9.3222415414e-01 9.1683785889e-01 9.6300484166e-01 1.2915916672e-01 1.9071455300e-01 2.0878186543e-01 7.7899848828e-02 1.1081702355e-01 1.2617518194e-01 0 0
1873 3.4845965488e+02 4.0631487943e+02 4.1694038093e+02 4.1222642443e+02 4.3135333907e+02 6.3489305256e-01 8.8444366377e-01 9.3231815290e-01 9.1692594922e-01 9.6308870057e-01 1.5855788170e-01 1.6970469989e-01 2.1560762450e-01 8.4291862277e-02 1.0743274912e-01 1.2676460017e-01 0 0
1874 3.5292198688e+02 4.1030259413e+02 4.1256957747e+02 4.0470278446e+02 4.3850117588e+02 6.3429777835e-01 8.8438360800e-01 9.3240853407e-01 9.1701639987e-01 9.6317151818e-01 1.1588546678e-01 1.5791895054e-01 2.6458748616e-01 7.7332361378e-02 1.0328961816e-01 1.3748233300e-01 0 0
1875 3.5135933012e+02 4.0173911000e+02 4.1793717755e+02 4.0448387252e+02 4.3608494370e+02 6.3370125657e-01 8.8433032465e-01 9.3249690522e-01 9.1710206660e-01 9.6326518018e-01 1.0219226527e-01 1.9984401390e-01 1.9084382802e-01 7.2726811229e-02 1.1201132787e-01 1.2373799179e-01 0 0
1876 3.4619417814e+02 4.0675117163e+02 4.1786249233e+02 4.0031286592e+02 4.2524283504e+02 6.3314156661e-01 8.8427076332e-01 9.3260134205e-01 9.1718468551e-01 9.6335607421e-01 1.1749155605e-01 2.3042059503e-01 1.7020319961e-01 7.5467143674e-02 1.1777298385e-01 1.1368502351e-01 0 0
1877 3.4653227076e+02 4.1581446809e+02 4.1875041045e+02 4.0238195086e+02 4.2341133222e+02 6.3259532715e-01 8.8421296761e-01 9.3270963969e-01 9.1727116162e-01 9.6343689485e-01 1.3677385454e-01 2.2873943765e-01 2.4662842322e-01 8.0502701246e-02 1.1809981521e-01 1.2832995690e-01 0 0
1878 3.4149296762e+02 4.0326584749e+02 4.2026161867e+02 3.9839113946e+02 4.2813326634e+02 6.3209253528e-01 8.8415872038e-01 9.3281196176e-01 9.1736200186e-01 9.6352952270e-01 1.5505189619e-01 1.8672432750e-01 1.9884305727e-01 8.2004531194e-02 1.0998159926e-01 1.2166265212e-01 0 0
1879 3.5126378481e+02 4.1378372219e+02 4.2188281474e+02 4.0320191127e+02 4.1287013697e+02 6.3157838114e-01 8.8410915803e-01 9.3291874396e-01 9.1745644017e-01 9.6361397671e-01 1.8534114193e-01 1.8145582639e-01 2.0710908249e-01 9.0819991211e-02 1.0835596267e-01 1.1740686279e-01 0 0
1880 3.4178204473e+02 4.1414878818e+02 4.3093174851e+02 3.9769287773e+02 4.3041727573e+02 6.3105344755e-01 8.8405466592e-01 9.3303435272e-01 9.1755101240e-01 9.6369823149e-01 1.4912010961e-01 1.7216627952e-01 2.8723957948e-01 8.2309047685e-02 1.0568256024e-01 1.3766456023e-01 0 0
1881 3.5414869013e+02 4.2118419367e+02 4.2420103209e+02 3.9561463257e+02 4.2042892904e+02 6.3051549431e-01 8.8400026063e-01 9.3315331139e-01 9.1764573372e-01 9.6378707941e-01 1.6260591581e-01 1.6757330764e-01 2.2022870742e-01 8.6731492783e-02 1.0326484870e-01 1.2276187958e-01 0 0
1882 3.4442015018e+02 4.2037893992e+02 4.2549094805e+02 4.0001775351e+02 4.2791962227e+02 6.2995570312e-01 8.8394347291e-01 9.3326034902e-01 9.1774188087e-01 9.6387657987e-01 1.2833621571e-01 1.8130084407e-01 2.3988576420e-01 7.8808583894e-02 1.0601365194e-01 1.2864062376e-01 0 0
1883 3.4828331876e+02 4.0544911441e+02 4.2893600193e+02 4.0360454036e+02 4.1943168395e+02 6.2942652596e-01 8.8389685083e-01 9.3338345739e-01 9.1784338374e-01 9.6397336750e-01 1.5202773894e-01 1.5886271186e-01 2.0101113245e-01 8.3350790396e-02 1.0313621536e-01 1.2021368695e-01 0 0
1884 3.5837003635e+02 4.1882820165e+02 4.1317391919e+02 3.9158402275e+02 4.2951729811e+02 6.2882611207e-01 8.8385028035e-01 9.3349409069e-01 9.1794330335e-01 9.6406828555e-01 1.2082659393e-01 1.8816672172e-01 2.1946076024e-01 7.9206019396e-02 1.0554812755e-01 1.2389000971e-01 0 0
1885 3.4449861832e+02 4.1768440912e+02 4.2783117655e+02 3.9951106837e+02 4.2510070498e+02 6.2824643746e-01 8.8380100638e-01 9.3361054130e-01 9.1803978292e-01 9.6416042753e-01 1.0425939527e-01 2.1372909565e-01 2.3406257015e-01 7.2179463531e-02 1.1525261961e-01 1.2672757916e-01 0 0
1886 3.4634944373e+02 4.2004730016e+02 4.2917265975e+02 3.8613307292e+02 4.3445808558e+02 6.2774241441e-01 8.8375576168e-01 9.3374215969e-01 9.1815137000e-01 9.6425381080e-01 1.6082830727e-01 1.6085686442e-01 2.7721046843e-01 8.3754595774e-02 1.0083743325e-01 1.3680243492e-01 0 0
1887 3.5169486648e+02 4.1072523510e+02 4.3042542545e+02 3.9363672974e+02 4.4087569110e+02 6.2719827174e-01 8.8371569056e-01 9.3387390437e-01 9.1824765404e-01 9.6435838550e-01 1.5783495390e-01 1.9501076546e-01 2.2709043790e-01 8.6044961504e-02 1.0732672969e-01 1.3104985002e-01 0 0
1888 3.4961735736e+02 4.0843546767e+02 4.2178991735e+02 3.9344649017e+02 4.3778376512e+02 6.2662859762e-01 8.8367794570e-01 9.3401072708e-01 9.1835844982e-01 9.6446662950e-01 1.2029107778e-01 1.9877629634e-01 2.0295882318e-01 7.6772387353e-02 1.0986199882e-01 1.2460905639e-01 0 0
1889 3.4926170689e+02 4.1057518724e+02 4.2085144350e+02 3.9067813639e+02 4.4354711911e+02 6.2604289169e-01 8.8364050394e-01 9.3413819645e-01 9.1845919809e-01 9.6457680391e-01 1.1590453387e-01 2.0457003452e-01 1.9800019544e-01 7.6384169799e-02 1.0905970633e-01 1.2375620520e-01 0 0
1890 3.4190409149e+02 4.1021174029e+02 4.1958930813e+02 3.9171912769e+02 4.3893228051e+02 6.2548878499e-01 8.8360210012e-01 9.3427146087e-01 9.1857236592e-01 9.6469323080e-01 1.1565125405e-01 1.8971340079e-01 1.8044698890e-01 7.4123233775e-02 1.0726793902e-01 1.2013737578e-01 0 0
1891 3.4630910235e+02 4.0675195912e+02 4.2346314037e+02 3.8376473913e+02 4.3708891401e+02 6.2495428926e-01 8.8356761446e-01 9.3441387505e-01 9.1867549321e-01 9.6480997908e-01 1.4286633678e-01 1.8041541800e-01 1.9324845262e-01 8.0870267768e-02 1.0239419620e-01 1.2199869473e-01 0 0
1892 3.5002529954e+02 4.0421140431e+02 4.0874973242e+02 3.9294522917e+02 4.3581828567e+02 6.2435954665e-01 8.8353374445e-01 9.3454113798e-01 9.1878664251e-01 9.6492566052e-01 1.1033312015e-01 2.0506870840e-01 2.0161952730e-01 7.4979553591e-02 1.0949340416e-01 1.2337408215e-01 0 0
1893 3.4279158290e+02 4.0549030892e+02 4.1754168954e+02 3.9100751272e+02 4.3538330813e+02 6.2376556730e-01 8.8350183457e-01 9.3466996104e-01 9.1890535469e-01 9.6503602002e-01 9.5319105264e-02 1.5189612098e-01 2.6196381263e-01 6.9417675235e-02 9.7888234537e-02 1.3518398628e-01 0 0
1894 3.3762708338e+02 4.0575546823e+02 4.2058337461e+02 3.8317214229e+02 4.3936166409e+02 6.2323396014e-01 8.8347163274e-01 9.3481480025e-01 9.1901159016e-01 9.6515309691e-01 1.2163186625e-01 1.8141754624e-01 2.3819664866e-01 7.4201530564e-02 1.0132459411e-01 1.3389523141e-01 0 0
1895 3.3430976471e+02 4.0314122060e+02 4.0924982819e+02 3.8987443892e+02 4.3070333105e+02 6.2272695675e-01 8.8344257555e-01 9.3494894631e-01 9.1912119449e-01 9.6528376379e-01 1.4412633190e-01 2.0996889006e-01 1.7617375683e-01 7.9040223192e-02 1.0967177991e-01 1.1773044895e-01 0 0
1896 3.3224667958e+02 4.0076497165e+02 4.1305661310e+02 3.8488606269e+02 4.2661538592e+02 6.2221866331e-01 8.8341416075e-01 9.3508040940e-01 9.1923575271e-01 9.6539309370e-01 1.4012961878e-01 1.8060816918e-01 2.2238245234e-01 7.7952730058e-02 1.0390867898e-01 1.2425347976e-01 0 0
1897 3.3350534704e+02 4.0664590324e+02 4.1009617774e+02 3.8457846241e+02 4.2953559588e+02 6.2170435765e-01 8.8338772870e-01 9.3521679643e-01 9.1934833086e-01 9.6551463794e-01 1.2949523241e-01 1.8730835151e-01 2.4180469662e-01 7.5272014667e-02 1.0450875806e-01 1.3213986624e-01 0 0
1898 3.2675653848e+02 3.9861794443e+02 4.1171411881e+02 3.8255330511e+02 4.2411442663e+02 6.2118921538e-01 8.8336499927e-01 9.3534986408e-01 9.1946277076e-01 9.6562990487e-01 1.1824720405e-01 1.6885980498e-01 2.2516829148e-01 7.2057358022e-02 1.0015195468e-01 1.2507346272e-01 0 0
1899 3.2649986249e+02 4.1033185884e+02 4.1020593151e+02 3.7478302056e+02 4.2646121966e+02 6.2066895283e-01 8.8334347091e-01 9.3549324552e-01 9.1957622295e-01 9.6574427454e-01 1.0886356808e-01 1.5309507772e-01 2.5682766177e-01 6.9376894681e-02 9.4162484631e-02 1.3130901847e-01 0 0
1900 3.2069861992e+02 4.0367901853e+02 4.1618755162e+02 3.7451018010e+02 4.2583542889e+02 6.2014837274e-01 8.8332235621e-01 9.3564157651e-01 9.1968323101e-01 9.6586979025e-01 8.9349695054e-02 1.9224309362e-01 2.1142732725e-01 6.2847412342e-02 1.0064603388e-01 1.2454835465e-01 0 0
1901 3.1085173709e+02 4.0014444658e+02 4.0832003380e+02 3.7239803554e+02 4.2861384500e+02 6.1970004171e-01 8.8330381231e-01 9.3578718845e-01 9.1978795462e-01 9.6599324554e-01 1.1408244905e-01 1.8990726676e-01 2.2705970798e-01 6.5747161960e-02 1.0078341002e-01 1.2561952323e-01 0 0
1902 3.2225384507e+02 3.9473244499e+02 4.0268318813e+02 3.7535787090e+02 4.2720366191e+02 6.1923933608e-01 8.8328733948e-01 9.3592133451e-01 9.1989798700e-01 9.6612475444e-01 1.3634642028e-01 1.7833996844e-01 2.2082770802e-01 7.2923855672e-02 9.8191770725e-02 1.2780418899e-01 0 0
1903 3.2001772788e+02 4.0115516792e+02 4.1019745626e+02 3.6532692978e+02 4.2228172986e+02 6.1873979579e-01 8.8327219522e-01 9.3605857332e-01 9.2000515991e-01 9.6625543957e-01 1.0128042088e-01 1.8131675385e-01 1.9328586664e-01 6.5357412626e-02 9.6769024152e-02 1.1846489366e-01 0 0
1904 3.1340775094e+02 3.9738229389e+02 4.1329302559e+02 3.6803383846e+02 4.1898443065e+02 6.1827683197e-01 8.8325858242e-01 9.3621728318e-01 9.2010844888e-01 9.6637906165e-01 1.2144731783e-01 2.0841103978e-01 2.3767604027e-01 6.8762739481e-02 1.0182458675e-01 1.2539408915e-01 0 0
1905 3.1245199432e+02 3.9517169923e+02 4.0292954564e+02 3.6933185027e+02 4.2049256831e+02 6.1781473286e-01 8.8324552333e-01 9.3636045702e-01 9.2022757425e-01 9.6650077979e-01 1.1474622659e-01 1.6220111400e-01 2.6323964261e-01 6.6861316805e-02 9.4902467448e-02 1.3198960014e-01 0 0
1906 3.1153485721e+02 3.9490303398e+02 4.0777122875e+02 3.6472616012e+02 4.2332342098e+02 6.1736204931e-01 8.8323529768e-01 9.3650887253e-01 9.2034116156e-01 9.6662929789e-01 1.0696148960e-01 1.4845134225e-01 2.3991657887e-01 6.3773349587e-02 8.8838813361e-02 1.2841747794e-01 0 0
1907 3.1470508221e+02 4.0094961498e+02 4.0234696237e+02 3.6826771427e+02 4.2339443047e+02 6.1688638699e-01 8.8322427293e-01 9.3665224798e-01 9.2045694400e-01 9.6675952135e-01 9.9552597424e-02 1.7286589369e-01 2.3749012314e-01 6.3039194947e-02 9.4459898770e-02 1.2687820755e-01 0 0
1908 3.0959926782e+02 3.9625106467e+02 4.1311229179e+02 3.7037095003e+02 4.1718150277e+02 6.1642977318e-01 8.8321517161e-01 9.3680186445e-01 9.2057793292e-01 9.6689637238e-01 9.6966666838e-02 1.5006097406e-01 2.0592607930e-01 6.0985979875e-02 9.0687057003e-02 1.2076002825e-01 0 0
1909 3.1440971432e+02 3.8586925004e+02 4.0188505042e+02 3.7429408558e+02 4.2094053915e+02 6.1598794949e-01 8.8320397512e-01 9.3695900021e-01 9.2070039912e-01 9.6703795116e-01 1.1182913878e-01 1.5330406930e-01 1.7763395701e-01 6.4378830031e-02 9.1213047039e-02 1.1328008166e-01 0 0
1910 3.0907245377e+02 3.8695037634e+02 3.9134242119e+02 3.7344979582e+02 4.1226495197e+02 6.1551287079e-01 8.8319720585e-01 9.3710165037e-01 9.2083067436e-01 9.6716813537e-01 9.7896378444e-02 1.4481539745e-01 2.0703086071e-01 6.2288660204e-02 9.0017522220e-02 1.1710799951e-01 0 0
1911 3.0797626848e+02 3.7787260171e+02 3.9428576645e+02 3.7131674484e+02 4.2296535024e+02 6.1505594150e-01 8.8319038654e-01 9.3724268881e-01 9.2095855361e-01 9.6730295240e-01 9.6951576998e-02 1.4474900905e-01 2.4317538273e-01 6.0798905006e-02 8.9721540455e-02 1.2722627446e-01 0 0
1912 3.0988908902e+02 3.8455231682e+02 3.9118593725e+02 3.7158848206e+02 4.1807712730e+02 6.1460027744e-01 8.8318542958e-01 9.3738939598e-01 9.2108947687e-01 9.6744113567e-01 1.0296374756e-01 1.4483981021e-01 1.9869729877e-01 6.2662009593e-02 8.9438945055e-02 1.1782441568e-01 0 0
1913 3.1303083699e+02 3.7920010384e+02 3.9445971753e+02 3.7693689376e+02 4.1798624379e+02 6.1411497417e-01 8.8318087727e-01 9.3753596266e-01 9.2122181483e-01 9.6758434061e-01 8.7220161666e-02 1.4012836292e-01 1.9391030818e-01 5.9323151459e-02 8.8893972337e-02 1.1687069153e-01 0 0
1914 3.0201047026e+02 3.7843012482e+02 3.8865294206e+02 3.7108980129e+02 4.1562562030e+02 6.1364081712e-01 8.8317776836e-01 9.3768577516e-01 9.2135434608e-01 9.6772192197e-01 7.9762332225e-02 1.4590812847e-01 2.0943975449e-01 5.5983345999e-02 8.9626919944e-02 1.1852730252e-01 0 0
1915 3.0238637959e+02 3.8032282751e+02 3.8460314368e+02 3.7130308964e+02 4.1094785633e+02 6.1320869610e-01 8.8317483525e-01 9.3783353587e-01 9.2148052524e-01 9.6785507290e-01 1.0491893635e-01 1.7249973770e-01 2.3301080335e-01 6.1345916984e-02 9.5097769052e-02 1.2196079455e-01 0 0
1916 3.1059840522e+02 3.8029973787e+02 3.8950022064e+02 3.6952547696e+02 4.0878333197e+02 6.1275221541e-01 8.8317499418e-01 9.3798368835e-01 9.2161109030e-01 9.6798682057e-01 1.0552307480e-01 1.5926635079e-01 2.3495108355e-01 6.3036325441e-02 9.2707854696e-02 1.2230226956e-01 0 0
1917 3.1067271075e+02 3.7758308274e+02 3.7912504121e+02 3.7475210556e+02 4.0614350527e+02 6.1230706547e-01 8.8317654688e-01 9.3813098669e-01 9.2174356568e-01 9.6812820887e-01 1.0483426024e-01 1.6704229824e-01 1.8761368748e-01 6.2161732209e-02 9.4690896105e-02 1.1161520705e-01 0 0
1918 3.1208108661e+02 3.7620849024e+02 3.8542977230e+02 3.7607221713e+02 4.0574765095e+02 6.1185484148e-01 8.8317920339e-01 9.3827144749e-01 9.2188383697e-01 9.6826914405e-01 1.1269721485e-01 1.4288240299e-01 1.7360585369e-01 6.4776039925e-02 9.0159528423e-02 1.0742832674e-01 0 0
1919 3.0303963825e+02 3.8713218431e+02 3.8296811633e+02 3.6921098304e+02 3.9534186156e+02 6.1144721389e-01 8.8318461361e-01 9.3842381857e-01 9.2202623086e-01 9.6840157202e-01 1.2783467065e-01 1.3351469301e-01 1.8984114379e-01 6.5659837581e-02 8.6791668087e-02 1.0895806644e-01 0 0
1920 3.1127259333e+02 3.8273218035e+02 3.8991146832e+02 3.7156461837e+02 4.0474984558e+02 6.1100871065e-01 8.8318980824e-01 9.3857801525e-01 9.2216631442e-01 9.6853704746e-01 1.3085904082e-01 1.4733646438e-01 2.1356831398e-01 6.8653860831e-02 9.0042604599e-02 1.1484634783e-01 0 0
1921 3.0832178302e+02 3.7938885889e+02 3.8987301619e+02 3.7108818022e+02 3.9382386212e+02 6.1054611829e-01 8.8319697121e-01 9.3873686655e-01 9.2230455134e-01 9.6867777946e-01 1.0269448851e-01 1.4944446553e-01 1.6914608236e-01 6.2619696557e-02 8.9841597248e-02 1.0484535946e-01 0 0
1922 3.0492181107e+02 3.8161400656e+02 3.9046726815e+02 3.6822229190e+02 3.8967388208e+02 6.1010034747e-01 8.8320374974e-01 9.3889245597e-01 9.2244298208e-01 9.6880594227e-01 1.0824114760e-01 1.6350887250e-01 2.1041203197e-01 6.2974453441e-02 9.2619082425e-02 1.0987354023e-01 0 0
1923 3.0899624429e+02 3.7959260645e+02 3.8826979988e+02 3.6417391536e+02 3.9885098643e+02 6.0964394737e-01 8.8321520459e-01 9.3905831091e-01 9.2257755620e-01 9.6894126027e-01 1.0889344203e-01 1.6107522603e-01 2.1885720454e-01 6.3949897041e-02 9.1841944493e-02 1.1508328747e-01 0 0
1924 3.1147626165e+02 3.8210484082e+02 3.8654424472e+02 3.6458919519e+02 3.9838745274e+02 6.0914854970e-01 8.8322504126e-01 9.3921789318e-01 9.2270897541e-01 9.6909057236e-01 8.4759186256e-02 1.7895036191e-01 1.6000171565e-01 5.8776618345e-02 9.4307816122e-02 1.0218020855e-01 0 0
1925 2.9991683429e+02 3.8005542359e+02 3.9379577115e+02 3.6428766106e+02 3.9349235618e+02 6.0870565602e-01 8.8323760484e-01 9.3938346535e-01 9.2285027248e-01 9.6923065299e-01 9.1424381752e-02 1.6625481844e-01 1.7847883049e-01 5.7678774084e-02 9.3707672786e-02 1.0407468257e-01 0 0
1926 3.0961122618e+02 3.8234001965e+02 3.8673519283e+02 3.6096028608e+02 4.0597109657e+02 6.0828489847e-01 8.8325190130e-01 9.3954840136e-01 9.2298693663e-01 9.6938095882e-01 1.2604321862e-01 1.5082634613e-01 1.7725329567e-01 6.5887318679e-02 8.8333302177e-02 1.0701681022e-01 0 0
1927 3.0168460224e+02 3.8001050561e+02 3.9254904152e+02 3.6025109516e+02 3.9480192819e+02 6.0785730417e-01 8.8326771873e-01 9.3971358218e-01 9.2311527417e-01 9.6953125067e-01 1.1858905560e-01 1.9445665088e-01 1.6419755295e-01 6.4648908886e-02 9.5506206620e-02 1.0175195150e-01 0 0
1928 3.0548334834e+02 3.7746994914e+02 3.8645484051e+02 3.6679253758e+02 4.0314292596e+02 6.0743805673e-01 8.8328430056e-01 9.3988150967e-01 9.2326225626e-01 9.6966126484e-01 1.3195387789e-01 1.5528867487e-01 2.6152192615e-01 6.7296465022e-02 9.1502001509e-02 1.1953963991e-01 0 0
1929 3.0793713130e+02 3.8086892841e+02 3.8698455638e+02 3.5600668226e+02 3.9788124406e+02 6.0697214114e-01 8.8330312712e-01 9.4004150803e-01 9.2341001658e-01 9.6981028386e-01 1.0244106645e-01 1.2725256477e-01 2.1153611504e-01 6.2561242108e-02 8.1746621989e-02 1.1414003186e-01 0 0
1930 3.0071079027e+02 3.7371182915e+02 3.8597125864e+02 3.5676275599e+02 3.9995009454e+02 6.0652140296e-01 8.8332130157e-01 9.4020537413e-01 9.2354282511e-01 9.6996023453e-01 9.4739413256e-02 1.5893808845e-01 1.9821801409e-01 5.9023675579e-02 8.7198675144e-02 1.0937405843e-01 0 0
1931 2.9982336450e+02 3.7808578309e+02 3.8647198314e+02 3.5004316698e+02 4.0292004480e+02 6.0609909129e-01 8.8334190137e-01 9.4036861480e-01 9.2368041127e-01 9.7011641963e-01 1.1694095152e-01 1.5071518533e-01 1.9185822085e-01 6.3611055144e-02 8.5349481553e-02 1.1011212226e-01 0 0
1932 2.9885375059e+02 3.7896235796e+02 3.8970726193e+02 3.4696192605e+02 4.0547969277e+02 6.0567499174e-01 8.8336168144e-01 9.4054495796e-01 9.2380947971e-01 9.7027831788e-01 1.1695282861e-01 1.6576627735e-01 1.6752103530e-01 6.3711660852e-02 8.6091667414e-02 1.0423801607e-01 0 0
1933 3.0311558998e+02 3.7487998079e+02 3.8757884279e+02 3.4252548947e+02 4.0092042540e+02 6.0522838145e-01 8.8338384956e-01 9.4072561862e-01 9.2393536143e-01 9.7043836541e-01 1.0588321764e-01 1.7908412404e-01 1.8060956802e-01 6.2071552760e-02 8.8194905780e-02 1.0701971129e-01 0 0
1934 3.0609900489e+02 3.7536078478e+02 3.8972722833e+02 3.4055496987e+02 4.0274730368e+02 6.0474854558e-01 8.8340666440e-01 9.4090774352e-01 9.2406735547e-01 9.7060073473e-01 8.1036737861e-02 1.5115166549e-01 1.7808293179e-01 5.6281781080e-02 8.2687142305e-02 1.0600695014e-01 0 0
1935 2.8961128161e+02 3.7085174346e+02 3.8949701138e+02 3.3666026319e+02 3.9865521993e+02 6.0435031714e-01 8.8342705627e-01 9.4110213130e-01 9.2420043927e-01 9.7075242264e-01 1.0375094086e-01 1.3649127912e-01 2.0014302805e-01 5.7937535049e-02 7.8157157172e-02 1.0933863465e-01 0 0
1936 3.0233256108e+02 3.7137150789e+02 3.8208304480e+02 3.4301322178e+02 4.0629357459e+02 6.0393854389e-01 8.8344925994e-01 9.4128554088e-01 9.2433483882e-01 9.7092283940e-01 1.3211317030e-01 1.4066601731e-01 1.8807835318e-01 6.6556581862e-02 7.9554038122e-02 1.1036010273e-01 0 0
1937 2.8964117220e+02 3.6652368187e+02 3.7976933789e+02 3.3696554906e+02 3.9647651255e+02 6.0350413466e-01 8.8347284950e-01 9.4146024832e-01 9.2446838452e-01 9.7108846524e-01 8.9995818067e-02 1.2748536188e-01 1.6440789029e-01 5.6195424210e-02 7.6137191616e-02 1.0227937670e-01 0 0
1938 2.9599312432e+02 3.6929478825e+02 3.7608908519e+02 3.3731631576e+02 3.9437507924e+02 6.0314428077e-01 8.8349736468e-01 9.4163139373e-01 9.2459751559e-01 9.7124225092e-01 1.4435041606e-01 1.6053717770e-01 2.0671473909e-01 6.4832762222e-02 8.2747908309e-02 1.0966732306e-01 0 0
1939 3.0010112417e+02 3.7218224702e+02 3.7607680815e+02 3.3198962239e+02 4.0107122185e+02 6.0270827667e-01 8.8352508235e-01 9.4180640618e-01 9.2472601867e-01 9.7140413119e-01 1.0944279171e-01 1.5375795309e-01 2.1056256816e-01 6.2116808817e-02 8.0993086100e-02 1.1341446359e-01 0 0
1940 2.9639061789e+02 3.5833453730e+02 3.7423666058e+02 3.3011211400e+02 3.9215735442e+02 6.0226388129e-01 8.8355132897e-01 9.4197926886e-01 9.2485262466e-01 9.7156132640e-01 8.1165553195e-02 1.4326631650e-01 1.9634220935e-01 5.3868134436e-02 7.7590674162e-02 1.0742871137e-01 0 0
1941 2.9210306063e+02 3.6438460536e+02 3.6700295895e+02 3.3305653612e+02 3.9583643639e+02 6.0186683319e-01 8.8358081161e-01 9.4214638390e-01 9.2498496839e-01 9.7172099968e-01 1.0286727605e-01 1.3351497520e-01 2.1802729554e-01 5.7309810276e-02 7.5698361266e-02 1.1342225084e-01 0 0
1942 2.9034240509e+02 3.5887330198e+02 3.7274501170e+02 3.3406883179e+02 3.9352513420e+02 6.0147689900e-01 8.8360825486e-01 9.4232118767e-01 9.2512148966e-01 9.7189761062e-01 1.2958361722e-01 1.0921634035e-01 1.5990397707e-01 6.3592905417e-02 6.9796205498e-02 1.0224502720e-01 0 0
1943 2.8835237414e+02 3.5147581709e+02 3.6678695707e+02 3.3284040376e+02 3.9052376688e+02 6.0107716380e-01 8.8363567564e-01 9.4249362237e-01 9.2525318762e-01 9.7206624551e-01 1.1383151446e-01 1.2959920149e-01 1.6211281251e-01 6.0451339646e-02 7.4357255362e-02 9.9679113366e-02 0 0
1944 2.9247674076e+02 3.5232090974e+02 3.6173181537e+02 3.3609081966e+02 3.9006900431e+02 6.0066444603e-01 8.8366433697e-01 9.4266240115e-01 9.2539432485e-01 9.7223014103e-01 1.0171066652e-01 1.1796360975e-01 1.8377007637e-01 5.7942651092e-02 7.3278303258e-02 1.0503673088e-01 0 0
1945 2.8904632556e+02 3.5066689812e+02 3.6016002303e+02 3.3156745402e+02 3.8573920513e+02 6.0025283666e-01 8.8369593863e-01 9.4282923513e-01 9.2553782849e-01 9.7239793649e-01 9.5543022016e-02 1.0403396375e-01 1.7629673332e-01 5.6111847826e-02 6.8562059198e-02 1.0280765267e-01 0 0
1946 2.9284605748e+02 3.4641305953e+02 3.5759784500e+02 3.3720437284e+02 3.8661598761e+02 5.9982850243e-01 8.8372594976e-01 9.4299879073e-01 9.2567785272e-01 9.7256355102e-01 9.2049526094e-02 1.0972566623e-01 1.7853632104e-01 5.5903416123e-02 6.9774373434e-02 1.0254140664e-01 0 0
1947 2.8541508161e+02 3.4469431657e+02 3.5515279502e+02 3.2965326244e+02 3.8135049905e+02 5.9939625052e-01 8.8375891866e-01 9.4317088644e-01 9.2582329884e-01 9.7273313707e-01 7.8671476864e-02 1.0496476712e-01 1.6132749431e-01 5.2128577656e-02 6.8947158754e-02 9.8121985327e-02 0 0
1948 2.8690249539e+02 3.4675907973e+02 3.5507511309e+02 3.2474480365e+02 3.7366671313e+02 5.9901316552e-01 8.8378713693e-01 9.4334085286e-01 9.2595035022e-01 9.7288386993e-01 1.0243764680e-01 1.2602077983e-01 1.9255571440e-01 5.6016886093e-02 7.1323281154e-02 1.0123021994e-01 0 0
1949 2.9323917917e+02 3.4250087819e+02 3.6005185173e+02 3.3244785775e+02 3.8210892999e+02 5.9856983544e-01 8.8381818460e-01 9.4351625973e-01 9.2608310955e-01 9.7304562970e-01 8.3377562166e-02 1.4449259266e-01 1.8364482373e-01 5.4317848128e-02 7.6403896324e-02 1.0098012444e-01 0 0
1950 2.8028522156e+02 3.4236066965e+02 3.4943768445e+02 3.2958241809e+02 3.6695361168e+02 5.9814745469e-01 8.8384988574e-01 9.4368871284e-01 9.2621885495e-01 9.7319301892e-01 6.9968282926e-02 1.1942560505e-01 1.8291979562e-01 4.8536463072e-02 7.1939155459e-02 9.6308391076e-02 0 0
1951 2.8116379764e+02 3.3353475034e+02 3.4575623639e+02 3.2807405557e+02 3.7263669891e+02 5.9778286200e-01 8.8387975451e-01 9.4384826080e-01 9.2635385928e-01 9.7334249789e-01 1.0372039374e-01 1.4491934422e-01 2.0653410535e-01 5.4912782655e-02 7.6112510171e-02 1.0282775993e-01 0 0
1952 2.8106686062e+02 3.4278365307e+02 3.4103670074e+02 3.3446665800e+02 3.6694230643e+02 5.9738232516e-01 8.8391148559e-01 9.4400364570e-01 9.2648527106e-01 9.7349520547e-01 9.1713982904e-02 1.4598115254e-01 1.6528338101e-01 5.4041743546e-02 7.7782945242e-02 9.2840025667e-02 0 0
1953 2.7619842728e+02 3.4482088874e+02 3.4955295110e+02 3.3412404134e+02 3.6382196453e+02 5.9700879856e-01 8.8394651556e-01 9.4415621446e-01 9.2662848378e-01 9.7364861000e-01 9.1382287615e-02 1.3547722809e-01 1.6141966730e-01 5.1951405390e-02 7.6098774560e-02 9.1290597338e-02 0 0
1954 2.8004414753e+02 3.3755097995e+02 3.5053158292e+02 3.3546044616e+02 3.6570838793e+02 5.9663741863e-01 8.8397967271e-01 9.4432008305e-01 9.2677639402e-01 9.7380342741e-01 9.9092680180e-02 1.1819131114e-01 1.6227247752e-01 5.4077921795e-02 7.2877369821e-02 9.1818124056e-02 0 0
1955 2.8480650464e+02 3.3553222647e+02 3.4778555039e+02 3.3641350579e+02 3.6699848859e+02 5.9622904959e-01 8.8401171572e-01 9.4449029769e-01 9.2693104092e-01 9.7395709052e-01 7.3137814529e-02 9.9740859587e-02 1.6295736935e-01 4.8532935525e-02 6.7903127056e-02 9.2020288110e-02 0 0
1956 2.7344608282e+02 3.4136609747e+02 3.4166236532e+02 3.2436094623e+02 3.6059973915e+02 5.9584278721e-01 8.8404683698e-01 9.4465268607e-01 9.2707258413e-01 9.7410715628e-01 6.9342406491e-02 1.1846082099e-01 1.7632787488e-01 4.5991220704e-02 7.0278248284e-02 9.3102335930e-02 0 0
1957 2.8068840503e+02 3.3613468050e+02 3.4489570434e+02 3.3404379625e+02 3.6079024594e+02 5.9547802457e-01 8.8408210157e-01 9.4480743019e-01 9.2721376217e-01 9.7425276062e-01 1.0124137156e-01 1.4968507178e-01 1.8859814946e-01 5.3733089351e-02 7.8978593927e-02 9.6097192727e-02 0 0
1958 2.7744046452e+02 3.3883892975e+02 3.4249427459e+02 3.2574543118e+02 3.5570498881e+02 5.9507252896e-01 8.8411809253e-01 9.4496445333e-01 9.2736585518e-01 9.7440743328e-01 7.7714989976e-02 1.1462647701e-01 1.5096336883e-01 4.9708999260e-02 7.0888244081e-02 8.7355833035e-02 0 0
1959 2.7630651877e+02 3.3155506000e+02 3.4755464948e+02 3.2670941073e+02 3.5499659990e+02 5.9469867239e-01 8.8415287275e-01 9.4512660487e-01 9.2749822360e-01 9.7455607573e-01 8.5634783578e-02 1.4833836723e-01 1.4657097124e-01 4.9898853149e-02 7.5741299428e-02 8.4565063473e-02 0 0
1960 2.8144562242e+02 3.3782143258e+02 3.4148650230e+02 3.3032551417e+02 3.6505911336e+02 5.9432158024e-01 8.8418831997e-01 9.4529000957e-01 9.2764818133e-01 9.7471389583e-01 9.8607191760e-02 1.3587621972e-01 1.4286175743e-01 5.3797917609e-02 7.5993880630e-02 8.5791983176e-02 0 0
1961 2.7948923315e+02 3.3627957584e+02 3.4908248040e+02 3.3316763329e+02 3.6533462829e+02 5.9392017124e-01 8.8422414672e-01 9.4545937699e-01 9.2779770724e-01 9.7488168945e-01 8.2452686417e-02 1.1559102638e-01 1.2308816239e-01 5.0564672560e-02 7.0471470244e-02 8.1645695493e-02 0 0
1962 2.8268494013e+02 3.4414605593e+02 3.5023647146e+02 3.3333797132e+02 3.5081124733e+02 5.9351009777e-01 8.8426011165e-01 9.4563537701e-01 9.2795482884e-01 9.7503565579e-01 7.7822911095e-02 1.1534068082e-01 1.3613789342e-01 4.9703103399e-02 7.1485929191e-02 8.2502859645e-02 0 0
1963 2.8417689136e+02 3.4183226424e+02 3.5501372113e+02 3.2654203883e+02 3.5991382432e+02 5.9308704512e-01 8.8429953075e-01 9.4581753410e-01 9.2810727502e-01 9.7519098029e-01 6.9135687601e-02 1.1221326981e-01 1.5339499712e-01 4.7477158583e-02 6.9443294313e-02 8.7888261303e-02 0 0
1964 2.7803131760e+02 3.4380976753e+02 3.4666737029e+02 3.2450970228e+02 3.5634367190e+02 5.9267987254e-01 8.8433847085e-01 9.4598908433e-01 9.2825241566e-01 9.7535238693e-01 7.5156929045e-02 1.4027039148e-01 1.2553267274e-01 4.8464524158e-02 7.4651693925e-02 8.0328822136e-02 0 0
1965 2.8746645688e+02 3.3991147745e+02 3.5104125247e+02 3.2938892286e+02 3.5708915422e+02 5.9227161394e-01 8.8438067846e-01 9.4615124254e-01 9.2840660123e-01 9.7550622222e-01 8.8712023895e-02 1.2915785611e-01 1.4401605632e-01 5.2736374489e-02 7.4338149279e-02 8.3868419752e-02 0 0
1966 2.8217611955e+02 3.4095677649e+02 3.4575553593e+02 3.1948141573e+02 3.5604837496e+02 5.9184972695e-01 8.8442410678e-01 9.4632686810e-01 9.2854835901e-01 9.7566122661e-01 7.8386800470e-02 1.2836572435e-01 1.5212102048e-01 5.0265017721e-02 7.0527185220e-02 8.6427479982e-02 0 0
1967 2.8139720613e+02 3.3941669864e+02 3.4769142659e+02 3.2417743261e+02 3.5662435375e+02 5.9148693612e-01 8.8446678710e-01 9.4650584715e-01 9.2869249516e-01 9.7581124581e-01 1.1528719339e-01 1.5879479423e-01 1.5880780015e-01 5.6501248185e-02 7.8664339148e-02 8.6170184426e-02 0 0
1968 2.8894094278e+02 3.4218898972e+02 3.5094536389e+02 3.1739261225e+02 3.6386340586e+02 5.9106874441e-01 8.8451319059e-01 9.4668871548e-01 9.2884145741e-01 9.7597436644e-01 1.0476230860e-01 1.3033329137e-01 1.4754297026e-01 5.7711083502e-02 7.2260944173e-02 8.6632474791e-02 0 0
1969 2.8396965174e+02 3.3529698822e+02 3.4994007299e+02 3.2232088049e+02 3.5885452528e+02 5.9064125713e-01 8.8455799161e-01 9.4687950226e-01 9.2898490570e-01 9.7613731210e-01 7.7907733421e-02 1.4695670083e-01 1.3831184804e-01 5.0360610961e-02 7.4909025338e-02 8.3486777730e-02 0 0
1970 2.8377674851e+02 3.3640439067e+02 3.4034364527e+02 3.2028659042e+02 3.6288503259e+02 5.9023257635e-01 8.8460394780e-01 9.4705714215e-01 9.2913698033e-01 9.7629218504e-01 9.5754754731e-02 1.2121792417e-01 1.7020354513e-01 5.4519801630e-02 7.0225632284e-02 9.0191904455e-02 0 0
1971 2.8469503411e+02 3.3886490210e+02 3.4589589294e+02 3.1827883069e+02 3.6430398107e+02 5.8980179672e-01 8.8464953213e-01 9.4723406406e-01 9.2928677591e-01 9.7645496174e-01 8.3669374099e-02 1.2204976147e-01 1.6863937769e-01 5.2400859568e-02 6.9553776179e-02 9.0866448823e-02 0 0
1972 2.8229925418e+02 3.3879915464e+02 3.4571634191e+02 3.2091872511e+02 3.5594495712e+02 5.8939061643e-01 8.8469758948e-01 9.4741345564e-01 9.2944251928e-01 9.7661645477e-01 8.3717620565e-02 1.1244944623e-01 1.5195639245e-01 5.1168474289e-02 6.7847125698e-02 8.5897646844e-02 0 0
1973 2.8913727725e+02 3.3853826409e+02 3.4384802012e+02 3.1995624701e+02 3.5575777398e+02 5.8894365900e-01 8.8474576041e-01 9.4759518515e-01 9.2960116132e-01 9.7677492255e-01 7.6953479799e-02 1.0072155483e-01 1.7781483009e-01 5.1111907646e-02 6.4499036409e-02 9.2191343196e-02 0 0
1974 2.8292665095e+02 3.3350997924e+02 3.4674434476e+02 3.2311266901e+02 3.5612889389e+02 5.8850071220e-01 8.8479398587e-01 9.4776915037e-01 9.2975863157e-01 9.7693638623e-01 6.8468382222e-02 1.0359321907e-01 1.5938087925e-01 4.7955588249e-02 6.5476050600e-02 8.7474218104e-02 0 0
1975 2.8554153795e+02 3.2987529604e+02 3.4345541923e+02 3.2062361111e+02 3.6262469838e+02 5.8808228351e-01 8.8483828300e-01 9.4795774569e-01 9.2992282158e-01 9.7709916879e-01 8.8668326783e-02 9.4986687880e-02 1.6655574832e-01 5.3004894175e-02 6.3515122049e-02 8.9412200730e-02 0 0
1976 2.8888970125e+02 3.3240755294e+02 3.4371516869e+02 3.1753816208e+02 3.5357247091e+02 5.8762996751e-01 8.8488667975e-01 9.4814799977e-01 9.3008513175e-01 9.7726161844e-01 7.2977290460e-02 9.2911996413e-02 1.7189108022e-01 4.9992131431e-02 6.2128466554e-02 9.0070418548e-02 0 0
1977 2.8475769087e+02 3.2825380805e+02 3.3880284413e+02 3.1782338354e+02 3.5896245887e+02 5.8718557377e-01 8.8493441610e-01 9.4833768120e-01 9.3024335330e-01 9.7742703531e-01 7.0394242422e-02 1.0274217138e-01 1.6689701378e-01 4.8590439874e-02 6.4555414952e-02 8.9807397686e-02 0 0
1978 2.8693810805e+02 3.3351596429e+02 3.3634446861e+02 3.1624266296e+02 3.5902190262e+02 5.8676257547e-01 8.8498556484e-01 9.4851238861e-01 9.3040729430e-01 9.7760565067e-01 8.5367587661e-02 9.4816206954e-02 1.3155550044e-01 5.2245398218e-02 6.2733936124e-02 8.2141182385e-02 0 0
1979 2.9255423224e+02 3.2876501867e+02 3.4244793172e+02 3.0593368869e+02 3.5952995572e+02 5.8630793897e-01 8.8503765880e-01 9.4870052644e-01 9.3055702018e-01 9.7778287102e-01 7.7853455107e-02 1.0518059693e-01 1.3446001895e-01 5.1631268884e-02 6.3149242196e-02 8.2370311487e-02 0 0
1980 2.8842670329e+02 3.2577897032e+02 3.3975163263e+02 3.1285873160e+02 3.5408698613e+02 5.8586231107e-01 8.8508827625e-01 9.4889901823e-01 9.3070939457e-01 9.7795289809e-01 7.6713010794e-02 1.1910151364e-01 1.4699152578e-01 5.0843429050e-02 6.7154746968e-02 8.4318092559e-02 0 0
1981 2.8655579200e+02 3.3007834061e+02 3.3653946648e+02 3.0515519873e+02 3.5578414717e+02 5.8542152513e-01 8.8514156168e-01 9.4909529722e-01 9.3085931282e-01 9.7811918729e-01 8.0179783045e-02 1.0984501615e-01 1.8013874069e-01 5.1495275834e-02 6.4295329619e-02 9.0961996466e-02 0 0
1982 2.8252342624e+02 3.2636062540e+02 3.3364250376e+02 3.0649997451e+02 3.5297931729e+02 5.8498522902e-01 8.8519449756e-01 9.4927445742e-01 9.3099942234e-01 9.7829330573e-01 7.8626350930e-02 1.4427041914e-01 1.6671473999e-01 5.0879428091e-02 7.0377474651e-02 8.9684504550e-02 0 0
1983 2.7602334985e+02 3.2389341659e+02 3.3307926515e+02 3.0428307133e+02 3.5477857311e+02 5.8458003657e-01 8.8524576808e-01 9.4944325155e-01 9.3115136432e-01 9.7847422522e-01 8.5844051358e-02 1.2107308907e-01 1.3866586890e-01 5.1150934875e-02 6.7134908866e-02 8.3073174115e-02 0 0
1984 2.8219793606e+02 3.2172149252e+02 3.3097577092e+02 3.0606790505e+02 3.5262136652e+02 5.8416182820e-01 8.8529625006e-01 9.4961736406e-01 9.3130201000e-01 9.7865349508e-01 9.1119131340e-02 1.0639237612e-01 1.3677142281e-01 5.3447112470e-02 6.3094573561e-02 8.2135490607e-02 0 0
1985 2.7707228304e+02 3.2758048868e+02 3.3175021194e+02 3.0050031198e+02 3.4928280313e+02 5.8374035853e-01 8.8534608710e-01 9.4978739734e-01 9.3145542208e-01 9.7883498276e-01 7.4573967687e-02 1.0189294117e-01 1.3647566736e-01 4.8622405353e-02 6.1464850325e-02 8.1498895306e-02 0 0
1986 2.7819327384e+02 3.2302023205e+02 3.3721230794e+02 2.9815164975e+02 3.4806544598e+02 5.8335694129e-01 8.8540049788e-01 9.4997531374e-01 9.3158950060e-01 9.7900423613e-01 9.5787585492e-02 1.2304958235e-01 1.5072023775e-01 5.2474838214e-02 6.3964903820e-02 8.3529565018e-02 0 0
1987 2.8311160175e+02 3.2585477737e+02 3.3155740453e+02 3.0274123904e+02 3.4802870077e+02 5.8292827088e-01 8.8545209530e-01 9.5015686458e-01 9.3173973856e-01 9.7918239709e-01 7.8263695089e-02 1.1607956048e-01 1.4755836502e-01 5.0030028380e-02 6.4960857853e-02 8.3896290977e-02 0 0
1988 2.7872279589e+02 3.1989860454e+02 3.3543632965e+02 2.9959574325e+02 3.4560659987e+02 5.8249559208e-01 8.8550608030e-01 9.5033958153e-01 9.3188775982e-01 9.7935853589e-01 6.4986211937e-02 9.0946536977e-02 1.3623029087e-01 4.5865723862e-02 5.7151927147e-02 8.0361272674e-02 0 0
1989 2.8379999332e+02 3.2033465167e+02 3.2929884082e+02 3.0137440377e+02 3.4589649147e+02 5.8206247004e-01 8.8555804413e-01 9.5052980497e-01 9.3203102907e-01 9.7953235712e-01 6.7924285620e-02 1.1066127149e-01 1.4113740996e-01 4.6786363254e-02 6.1682117172e-02 8.0363592133e-02 0 0
1990 2.6652566720e+02 3.2080700244e+02 3.2846043569e+02 3.0094977260e+02 3.4792929867e+02 5.8167915846e-01 8.8561362521e-01 9.5070621371e-01 9.3218279985e-01 9.7971173239e-01 7.8513437729e-02 9.0846183710e-02 1.3472055923e-01 4.7357690779e-02 5.7714697439e-02 8.0260660499e-02 0 0
1991 2.7817864715e+02 3.1589074209e+02 3.3092146444e+02 2.9827231685e+02 3.4632853351e+02 5.8133610886e-01 8.8566864783e-01 9.5089620482e-01 9.3232964874e-01 9.7989538752e-01 1.3763627215e-01 9.4025939237e-02 1.1993275536e-01 5.9262828030e-02 5.7163822465e-02 7.6135304291e-02 0 0
1992 2.7069310355e+02 3.1737093834e+02 3.2626531334e+02 2.9806639885e+02 3.4046056811e+02 5.8092539362e-01 8.8572394863e-01 9.5108963390e-01 9.3247229876e-01 9.8006678820e-01 8.6021543533e-02 1.1347225402e-01 1.3555837888e-01 5.1219091282e-02 6.2266787514e-02 7.7581638470e-02 0 0
1993 2.7120112475e+02 3.1548235638e+02 3.2289311070e+02 2.9683158893e+02 3.4247577469e+02 5.8057146434e-01 8.8578182590e-01 9.5127339423e-01 9.3261263417e-01 9.8023114428e-01 9.9494214051e-02 1.2274425291e-01 1.6767117940e-01 5.1165772417e-02 6.3779936172e-02 8.5215645842e-02 0 0
1994 2.7249468955e+02 3.1073226267e+02 3.2150962272e+02 3.0312393041e+02 3.4386418558e+02 5.8016980759e-01 8.8583994903e-01 9.5144961421e-01 9.3276192720e-01 9.8040678955e-01 8.7247851034e-02 1.2057299074e-01 1.5256892052e-01 5.0943105145e-02 6.5086610150e-02 8.2901150919e-02 0 0
1995 2.7050107089e+02 3.0831269638e+02 3.2022877564e+02 2.9652505691e+02 3.4059567534e+02 5.7976960841e-01 8.8589554153e-01 9.5163543269e-01 9.3291136454e-01 9.8057599326e-01 7.0385531490e-02 9.7875402775e-02 1.3888158184e-01 4.5675447431e-02 5.8887363877e-02 7.8471682966e-02 0 0
1996 2.7317555966e+02 3.0776551037e+02 3.1518443261e+02 3.0228526728e+02 3.4123640083e+02 5.7936102862e-01 8.8594822467e-01 9.5181239386e-01 9.3305798484e-01 9.8074436130e-01 7.2094861997e-02 1.1814333405e-01 1.5492524579e-01 4.6560365595e-02 6.3380843960e-02 8.2085073460e-02 0 0
1997 2.7534013991e+02 3.0758377924e+02 3.1672634580e+02 3.0233140963e+02 3.4115640887e+02 5.7894454152e-01 8.8600298880e-01 9.5197879467e-01 9.3321579485e-01 9.8092091646e-01 6.6438483188e-02 1.0264327237e-01 1.3816916384e-01 4.5195091964e-02 6.1285809614e-02 7.9042225610e-02 0 0
1998 2.6918431219e+02 3.0484278735e+02 3.1737673542e+02 2.9768346496e+02 3.3499875233e+02 5.7855439625e-01 8.8606128784e-01 9.5216210032e-01 9.3336144627e-01 9.8108927901e-01 7.6600102569e-02 1.1645689048e-01 1.3599686045e-01 4.6716998496e-02 6.2500769272e-02 7.6581593603e-02 0 0
1999 2.7388129510e+02 3.0446319308e+02 3.0942802576e+02 3.0230822950e+02 3.3765288204e+02 5.7817076974e-01 8.8612095086e-01 9.5234413136e-01 9.3351095325e-01 9.8125040582e-01 8.7008248252e-02 1.2841886654e-01 1.6502346192e-01 4.9572849913e-02 6.6186234355e-02 8.2345867995e-02 0 0
conv_iter_double=-1
conv_iter_p32q=-1
conv_iter_p32n=-1
conv_iter_p32q_loose_1e-6=1222
conv_iter_p32n_loose_1e-6=1232
