matrix=data/matrices/bcsstk36.mtx n=23052 seed=26
iter res_d res_f res_ffma res_p32q res_p32n solerr_d solerr_f solerr_ffma solerr_p32q solerr_p32n pAp_d pAp_p32q pAp_p32n rz_d rz_p32q rz_p32n guard_p32q guard_p32n
0 3.9247362608e+08 3.9246927284e+08 3.9246925095e+08 3.9247570753e+08 3.8959643375e+08 7.3291550537e+00 7.3291317359e+00 7.3291313265e+00 7.3291593001e+00 7.3274304143e+00 2.4911548920e+11 2.4911544320e+11 2.4909289882e+11 9.7980213144e+10 9.7980252160e+10 9.7948008448e+10 0 0
1 2.2280642869e+08 2.2280452145e+08 2.2280450217e+08 2.2280697923e+08 2.2188224950e+08 6.4118790829e+00 6.4118736348e+00 6.4118740645e+00 6.4118791000e+00 6.4115495767e+00 7.3651256569e+10 7.3651453952e+10 7.3601122304e+10 2.4535088396e+10 2.4535105536e+10 2.4519507968e+10 0 0
2 1.4190374521e+08 1.4190183062e+08 1.4190180035e+08 1.4190298077e+08 1.4123115959e+08 6.2114869199e+00 6.2114796848e+00 6.2114804451e+00 6.2114836880e+00 6.2113986753e+00 2.7733540177e+10 2.7733458944e+10 2.7723399168e+10 9.2239343260e+09 9.2239134720e+09 9.2189818880e+09 0 0
3 8.8812965288e+07 8.8811871534e+07 8.8811886646e+07 8.8812282595e+07 8.8567436626e+07 7.2771475388e+00 7.2771288936e+00 7.2771296412e+00 7.2771449068e+00 7.2765090057e+00 1.0644583053e+10 1.0644570112e+10 1.0636771328e+10 3.5824563001e+09 3.5824496640e+09 3.5796418560e+09 0 0
4 6.3027574449e+07 6.3026650016e+07 6.3026620202e+07 6.3027508214e+07 6.2886701032e+07 8.2741424456e+00 8.2741225250e+00 8.2741215311e+00 8.2741420916e+00 8.2734597648e+00 4.0777194461e+09 4.0777072640e+09 4.0743751680e+09 1.6144187428e+09 1.6144138240e+09 1.6130222080e+09 0 0
5 4.2396404977e+07 4.2395845419e+07 4.2395829590e+07 4.2396473830e+07 4.2282453888e+07 8.0919128348e+00 8.0919100078e+00 8.0919078404e+00 8.0919150670e+00 8.0918305719e+00 1.5355449173e+09 1.5355402240e+09 1.5341527040e+09 7.2492118242e+08 7.2491929600e+08 7.2420864000e+08 0 0
6 3.3821731307e+07 3.3821223371e+07 3.3821189639e+07 3.3821655929e+07 3.3748431185e+07 7.8451074026e+00 7.8451131104e+00 7.8451102080e+00 7.8451123114e+00 7.8451797835e+00 1.2739566480e+09 1.2739543040e+09 1.2725995520e+09 4.6195191545e+08 4.6195097600e+08 4.6143001600e+08 0 0
7 2.9914170181e+07 2.9913316552e+07 2.9913328891e+07 2.9914007525e+07 2.9839254015e+07 7.5859968849e+00 7.5860056213e+00 7.5860011724e+00 7.5860054182e+00 7.5860308065e+00 8.4716814022e+08 8.4716646400e+08 8.4612403200e+08 3.2786695936e+08 3.2786611200e+08 3.2745446400e+08 0 0
8 2.5451112423e+07 2.5450475482e+07 2.5450487348e+07 2.5451266522e+07 2.5390104593e+07 7.2902180781e+00 7.2902260020e+00 7.2902206457e+00 7.2902287795e+00 7.2902654752e+00 5.0447163639e+08 5.0447001600e+08 5.0385280000e+08 2.0751342692e+08 2.0751270400e+08 2.0724710400e+08 0 0
9 2.0966519020e+07 2.0965886443e+07 2.0965899247e+07 2.0966399375e+07 2.0926825975e+07 6.9437443063e+00 6.9437542485e+00 6.9437487832e+00 6.9437550801e+00 6.9439480530e+00 3.2104753577e+08 3.2104627200e+08 3.2060851200e+08 1.3953517799e+08 1.3953459200e+08 1.3933900800e+08 0 0
10 1.8210490076e+07 1.8209749129e+07 1.8209760185e+07 1.8210519346e+07 1.8165415970e+07 6.5197750019e+00 6.5197922571e+00 6.5197864321e+00 6.5197857347e+00 6.5201239111e+00 2.1724451295e+08 2.1724345600e+08 2.1692928000e+08 9.8209491054e+07 9.8209024000e+07 9.8065792000e+07 0 0
11 1.6427739394e+07 1.6427228476e+07 1.6427240221e+07 1.6427719716e+07 1.6407575997e+07 6.3029284674e+00 6.3029442543e+00 6.3029369902e+00 6.3029399693e+00 6.3031579656e+00 1.6912435658e+08 1.6912358400e+08 1.6887616000e+08 7.3625071122e+07 7.3624736000e+07 7.3514848000e+07 0 0
12 1.2505929591e+07 1.2505441515e+07 1.2505463651e+07 1.2505876183e+07 1.2483790923e+07 6.2074353219e+00 6.2074469984e+00 6.2074375343e+00 6.2074479328e+00 6.2075189371e+00 1.2310240196e+08 1.2310188800e+08 1.2291350400e+08 5.5057920800e+07 5.5057680000e+07 5.4973584000e+07 0 0
13 1.1924542950e+07 1.1924163035e+07 1.1924182029e+07 1.1924580905e+07 1.1904484067e+07 5.8029613979e+00 5.8029806859e+00 5.8029694996e+00 5.8029744612e+00 5.8032531388e+00 9.8109670962e+07 9.8109248000e+07 9.7960576000e+07 4.3050741579e+07 4.3050544000e+07 4.2984560000e+07 0 0
14 1.0388422851e+07 1.0388098403e+07 1.0388111727e+07 1.0388437960e+07 1.0373440033e+07 5.1607299206e+00 5.1607582913e+00 5.1607467678e+00 5.1607414452e+00 5.1612712334e+00 7.8516913642e+07 7.8516544000e+07 7.8393920000e+07 3.4226542269e+07 3.4226384000e+07 3.4172704000e+07 0 0
15 9.1523324155e+06 9.1520113284e+06 9.1520209526e+06 9.1523082976e+06 9.1370440679e+06 4.6709508169e+00 4.6709776353e+00 4.6709676870e+00 4.6709603439e+00 4.6714504546e+00 6.3464956915e+07 6.3464640000e+07 6.3365536000e+07 2.7013230622e+07 2.7013104000e+07 2.6970528000e+07 0 0
16 8.7694742813e+06 8.7691313648e+06 8.7691385393e+06 8.7694661707e+06 8.7559873068e+06 4.3495716046e+00 4.3495930654e+00 4.3495843065e+00 4.3495806352e+00 4.3499120044e+00 4.8902284127e+07 4.8902064000e+07 4.8823824000e+07 2.2001393446e+07 2.2001296000e+07 2.1966016000e+07 0 0
17 7.1569014504e+06 7.1566409838e+06 7.1566445002e+06 7.1569017809e+06 7.1461291025e+06 4.1299014700e+00 4.1299166232e+00 4.1299082710e+00 4.1299096011e+00 4.1301406572e+00 3.4237454272e+07 3.4237312000e+07 3.4182816000e+07 1.6783146017e+07 1.6783080000e+07 1.6756160000e+07 0 0
18 6.8407200727e+06 6.8403997121e+06 6.8404024714e+06 6.8407075148e+06 6.8313617988e+06 3.9562540629e+00 3.9562628064e+00 3.9562554422e+00 3.9562594427e+00 3.9564621933e+00 2.7178566504e+07 2.7178464000e+07 2.7134152000e+07 1.3400122165e+07 1.3400072000e+07 1.3378148000e+07 0 0
19 6.2101401035e+06 6.2099041157e+06 6.2099034403e+06 6.2101195715e+06 6.2025937763e+06 3.7476393017e+00 3.7476397953e+00 3.7476344987e+00 3.7476423143e+00 3.7478314509e+00 2.2982113394e+07 2.2982032000e+07 2.2944352000e+07 1.1178599657e+07 1.1178560000e+07 1.1160228000e+07 0 0
20 5.5631913870e+06 5.5629348283e+06 5.5629359592e+06 5.5631823145e+06 5.5566161483e+06 3.5641601186e+00 3.5641522933e+00 3.5641494604e+00 3.5641634002e+00 3.5643089708e+00 2.2834110219e+07 2.2834032000e+07 2.2796832000e+07 1.0012961582e+07 1.0012926000e+07 9.9964740000e+06 0 0
21 4.9252690542e+06 4.9250503962e+06 4.9250499704e+06 4.9252658531e+06 4.9186940115e+06 3.4997468788e+00 3.4997274490e+00 3.4997259432e+00 3.4997539960e+00 3.4997713274e+00 1.5874296063e+07 1.5874232000e+07 1.5847806000e+07 7.9372718630e+06 7.9372410000e+06 7.9240120000e+06 0 0
22 4.7764009720e+06 4.7761533535e+06 4.7761520363e+06 4.7764067006e+06 4.7696578976e+06 3.5890796277e+00 3.5890462030e+00 3.5890443890e+00 3.5890906169e+00 3.5889677047e+00 1.4312096609e+07 1.4312042000e+07 1.4288212000e+07 6.8152906453e+06 6.8152640000e+06 6.8039110000e+06 0 0
23 4.4512188488e+06 4.4509773480e+06 4.4509688670e+06 4.4512044446e+06 4.4443544142e+06 3.6796727159e+00 3.6796285817e+00 3.6796265574e+00 3.6796859174e+00 3.6795534096e+00 1.0846217560e+07 1.0846174000e+07 1.0828174000e+07 5.5821287805e+06 5.5821060000e+06 5.5728360000e+06 0 0
24 4.2566291977e+06 4.2563404702e+06 4.2563298769e+06 4.2566250022e+06 4.2497139956e+06 3.7075155662e+00 3.7074625865e+00 3.7074623704e+00 3.7075315905e+00 3.7074368508e+00 9.3532288942e+06 9.3531860000e+06 9.3379280000e+06 4.8469522189e+06 4.8469310000e+06 4.8389300000e+06 0 0
25 3.7148160267e+06 3.7146131756e+06 3.7146114819e+06 3.7148168380e+06 3.7094295056e+06 3.7447707831e+00 3.7447070256e+00 3.7447105610e+00 3.7447901492e+00 3.7446715782e+00 8.3374925577e+06 8.3374550000e+06 8.3246180000e+06 4.1814195758e+06 4.1814015000e+06 4.1746165000e+06 0 0
26 3.4975634942e+06 3.4973710751e+06 3.4973635796e+06 3.4975523106e+06 3.4937319356e+06 3.8007633395e+00 3.8006903838e+00 3.8006979568e+00 3.8007851703e+00 3.8006609014e+00 8.2346473161e+06 8.2346010000e+06 8.2227200000e+06 3.8599636961e+06 3.8599450000e+06 3.8538015000e+06 0 0
27 3.2280723759e+06 3.2278598103e+06 3.2278551000e+06 3.2280742054e+06 3.2239241056e+06 3.8513350624e+00 3.8512544753e+00 3.8512655259e+00 3.8513583306e+00 3.8512665286e+00 6.6877867290e+06 6.6877420000e+06 6.6794760000e+06 3.2892038860e+06 3.2891870000e+06 3.2841165000e+06 0 0
28 2.9707566829e+06 2.9705592271e+06 2.9705546383e+06 2.9707494824e+06 2.9673590662e+06 3.8652750279e+00 3.8651895832e+00 3.8652035707e+00 3.8652994401e+00 3.8652674874e+00 7.3183469126e+06 7.3182950000e+06 7.3097360000e+06 3.0544487773e+06 3.0544315000e+06 3.0500505000e+06 0 0
29 3.0026596381e+06 3.0024366268e+06 3.0024409923e+06 3.0026557679e+06 2.9992119182e+06 3.8724992893e+00 3.8724090003e+00 3.8724261080e+00 3.8725256796e+00 3.8724995024e+00 5.9076680932e+06 5.9076620000e+06 5.8949850000e+06 2.7573638434e+06 2.7573550000e+06 2.7522820000e+06 0 0
30 2.9315749096e+06 2.9313741643e+06 2.9313823915e+06 2.9315744739e+06 2.9291870370e+06 3.8939444153e+00 3.8938495764e+00 3.8938693313e+00 3.8939724672e+00 3.8939509211e+00 4.5150281955e+06 4.5150190000e+06 4.5066550000e+06 2.2620858417e+06 2.2620785000e+06 2.2580615000e+06 0 0
31 2.6109066186e+06 2.6106883514e+06 2.6106959827e+06 2.6109100514e+06 2.6072640705e+06 3.8654577332e+00 3.8653626004e+00 3.8653843124e+00 3.8654863174e+00 3.8655245266e+00 4.2432877291e+06 4.2432780000e+06 4.2363870000e+06 2.0563529861e+06 2.0563467500e+06 2.0528697500e+06 0 0
32 2.4907953617e+06 2.4905951475e+06 2.4906047256e+06 2.4907991206e+06 2.4873480637e+06 3.7959793624e+00 3.7958861683e+00 3.7959096925e+00 3.7960081599e+00 3.7961097457e+00 3.5846240366e+06 3.5846160000e+06 3.5798525000e+06 1.7858397199e+06 1.7858347500e+06 1.7829622500e+06 0 0
33 2.4720000567e+06 2.4717785136e+06 2.4717839224e+06 2.4720030215e+06 2.4680091029e+06 3.7481464625e+00 3.7480530584e+00 3.7480784530e+00 3.7481759197e+00 3.7482781528e+00 3.4955748176e+06 3.4955635000e+06 3.4922905000e+06 1.6496048381e+06 1.6496000000e+06 1.6472230000e+06 0 0
34 2.1336861423e+06 2.1334814532e+06 2.1334884569e+06 2.1336897102e+06 2.1295655090e+06 3.6819057306e+00 3.6818145241e+00 3.6818412904e+00 3.6819356478e+00 3.6821216487e+00 3.0203258571e+06 3.0203150000e+06 3.0183695000e+06 1.4880312520e+06 1.4880272500e+06 1.4859895000e+06 0 0
35 2.2613749305e+06 2.2611713552e+06 2.2611762244e+06 2.2613778222e+06 2.2574869063e+06 3.5777667508e+00 3.5776798354e+00 3.5777077978e+00 3.5777965467e+00 3.5782812559e+00 2.2940055061e+06 2.2940000000e+06 2.3007010000e+06 1.2251788013e+06 1.2251765000e+06 1.2245985000e+06 0 0
36 2.0617262998e+06 2.0614972833e+06 2.0614926419e+06 2.0617369696e+06 2.0410660217e+06 3.5068724844e+00 3.5067837687e+00 3.5068139844e+00 3.5069026252e+00 3.5074795769e+00 2.2391371452e+06 2.2391365000e+06 2.2693870000e+06 1.1601752827e+06 1.1601745000e+06 1.1632257500e+06 0 0
37 1.8565130701e+06 1.8563100695e+06 1.8562997606e+06 1.8565275322e+06 1.8295003059e+06 3.4485880958e+00 3.4485006721e+00 3.4485333712e+00 3.4486192402e+00 3.4511371727e+00 1.8141038504e+06 1.8141092500e+06 1.9238852500e+06 9.8613096893e+05 9.8613150000e+05 1.0007264375e+06 0 0
38 1.7977287116e+06 1.7974485398e+06 1.7974209024e+06 1.7977287539e+06 1.7746271572e+06 3.3628245772e+00 3.3627548296e+00 3.3627912192e+00 3.3628569685e+00 3.3712657644e+00 2.0389986046e+06 2.0390187500e+06 2.3168300000e+06 9.6263930472e+05 9.6264268750e+05 1.0076038750e+06 0 0
39 1.8034605215e+06 1.8030288455e+06 1.8029585477e+06 1.8034590786e+06 1.7648437249e+06 3.2680334820e+00 3.2679820672e+00 3.2680215095e+00 3.2680672318e+00 3.2781797562e+00 1.7407210391e+06 1.7407475000e+06 1.9349837500e+06 8.7489539870e+05 8.7490006250e+05 9.0806193750e+05 0 0
40 1.6676743400e+06 1.6658590182e+06 1.6654061456e+06 1.6676354822e+06 1.5166321541e+06 3.1959169557e+00 3.1958964904e+00 3.1959442370e+00 3.1959532732e+00 3.2069302746e+00 1.5002181146e+06 1.5002857500e+06 1.7849497500e+06 7.7725423528e+05 7.7726512500e+05 8.2655275000e+05 0 0
41 1.5287755830e+06 1.5263834646e+06 1.5257935030e+06 1.5287136833e+06 1.5972929573e+06 3.1326467606e+00 3.1327476425e+00 3.1328275904e+00 3.1326883278e+00 3.1469943372e+00 1.3693781178e+06 1.3695710000e+06 1.6575857500e+06 7.1301666920e+05 7.1304606250e+05 7.6854137500e+05 0 0
42 1.5667841726e+06 1.5605423198e+06 1.5590748055e+06 1.5665687352e+06 1.5667561408e+06 3.0758118736e+00 3.0761491522e+00 3.0762873078e+00 3.0758623268e+00 3.0886509133e+00 1.3655172064e+06 1.3660220000e+06 1.4608035000e+06 6.7551100012e+05 6.7558956250e+05 7.0621975000e+05 0 0
43 1.5032104491e+06 1.4794069672e+06 1.4742027567e+06 1.5023947096e+06 1.4502096096e+06 3.0293508803e+00 3.0300359592e+00 3.0302502478e+00 3.0294161444e+00 3.0390272029e+00 1.1427471407e+06 1.1438312500e+06 1.1807742500e+06 6.1771674480e+05 6.1787306250e+05 6.2152475000e+05 0 0
44 1.3222669532e+06 1.2736323919e+06 1.2689232856e+06 1.3194970131e+06 1.3912659574e+06 2.9993664666e+00 3.0011534545e+00 3.0015478060e+00 2.9994824863e+00 3.0077815525e+00 1.0086742396e+06 1.0131972500e+06 1.2710710000e+06 5.4435706185e+05 5.4500512500e+05 6.0180868750e+05 0 0
45 1.2819012033e+06 1.2719018323e+06 1.2781772109e+06 1.2779552820e+06 1.3623834159e+06 2.9742656127e+00 2.9778180874e+00 2.9782695283e+00 2.9745281231e+00 2.9815513511e+00 1.0224644497e+06 1.0374936250e+06 1.0336800625e+06 5.1630707001e+05 5.1855018750e+05 5.3381637500e+05 0 0
46 1.2320016201e+06 1.2209635455e+06 1.2259800710e+06 1.2187957553e+06 1.2546737334e+06 2.9585890150e+00 2.9608839284e+00 2.9610338493e+00 2.9589121078e+00 2.9617842049e+00 8.7771839090e+05 9.1413800000e+05 8.6174762500e+05 4.6851855287e+05 4.7384706250e+05 4.6698587500e+05 0 0
47 1.2254564249e+06 1.1439737463e+06 1.1460764042e+06 1.1541711097e+06 1.1526619965e+06 2.9457875471e+00 2.9498936941e+00 2.9499833925e+00 2.9470754254e+00 2.9503977949e+00 7.4545175960e+05 8.6929956250e+05 8.8850068750e+05 4.0877855933e+05 4.2696121875e+05 4.4259453125e+05 0 0
48 1.1190155457e+06 1.1228912916e+06 1.1241083306e+06 1.0457421707e+06 1.1263218009e+06 2.9188482245e+00 2.9297278820e+00 2.9297916601e+00 2.9258093964e+00 2.9302624687e+00 6.9696892175e+05 9.8217343750e+05 7.5793537500e+05 3.7853523203e+05 4.2455368750e+05 3.9767165625e+05 0 0
49 1.0687200386e+06 1.1333089641e+06 1.1335672484e+06 1.1003117057e+06 1.1166390165e+06 2.8886831644e+00 2.8980157123e+00 2.8980436665e+00 2.8969327499e+00 2.8989690037e+00 6.8024316712e+05 9.1074737500e+05 6.8685431250e+05 3.5384227962e+05 4.0194168750e+05 3.6333450000e+05 0 0
50 1.0386612284e+06 1.0321812380e+06 1.0321626662e+06 1.0258343889e+06 9.7903825488e+05 2.8660348728e+00 2.8714641898e+00 2.8714832987e+00 2.8713737912e+00 2.8732627977e+00 6.6246922998e+05 6.8683562500e+05 6.7297831250e+05 3.2696234898e+05 3.4178968750e+05 3.3550237500e+05 0 0
51 9.9042058672e+05 9.4464430135e+05 9.4449513035e+05 9.4291552514e+05 9.2219713988e+05 2.8486397834e+00 2.8523993937e+00 2.8524188060e+00 2.8524763336e+00 2.8555598282e+00 5.9198834896e+05 5.5145518750e+05 7.0204212500e+05 3.0103681741e+05 2.9594196875e+05 3.1859753125e+05 0 0
52 9.3458440002e+05 9.6807939271e+05 9.6779570102e+05 9.6764694970e+05 9.7173229828e+05 2.8352758369e+00 2.8385769146e+00 2.8385999668e+00 2.8386817448e+00 2.8416623872e+00 4.8237694536e+05 5.4628512500e+05 7.1232637500e+05 2.6234981986e+05 2.7531187500e+05 3.0947446875e+05 0 0
53 9.3965453912e+05 8.9090714441e+05 8.8948882643e+05 8.9442047748e+05 8.4220996421e+05 2.8256326720e+00 2.8280205404e+00 2.8280494346e+00 2.8281203480e+00 2.8301613072e+00 5.0744954321e+05 5.2200715625e+05 5.0993021875e+05 2.5365577333e+05 2.6352650000e+05 2.6441200000e+05 0 0
54 8.4566662179e+05 8.6710835471e+05 8.6408066468e+05 8.7587503445e+05 8.7164838474e+05 2.8140627442e+00 2.8172540482e+00 2.8173221110e+00 2.8172505552e+00 2.8200992400e+00 4.5741995050e+05 4.2775481250e+05 4.6417112500e+05 2.3770758107e+05 2.3283534375e+05 2.3954379688e+05 0 0
55 8.3987504693e+05 8.7914149716e+05 8.7053980995e+05 9.1006469748e+05 8.4251867487e+05 2.7995631021e+00 2.8040673680e+00 2.8042377932e+00 2.8037365259e+00 2.8073122502e+00 4.0473136503e+05 4.4238803125e+05 4.6426743750e+05 2.1512356289e+05 2.2406262500e+05 2.3294906250e+05 0 0
56 7.5481221460e+05 7.6397683299e+05 7.6143278568e+05 7.9591351040e+05 8.2618589319e+05 2.7862882880e+00 2.7903989777e+00 2.7906289076e+00 2.7897060927e+00 2.7927045252e+00 4.1385236824e+05 4.1699512500e+05 3.9021190625e+05 2.0343141297e+05 2.1010831250e+05 2.0758721875e+05 0 0
57 8.1308160283e+05 7.4797829239e+05 7.5054969594e+05 7.9630074640e+05 7.9873050250e+05 2.7741463343e+00 2.7786686766e+00 2.7789257095e+00 2.7772912991e+00 2.7802799524e+00 3.3038900759e+05 3.3664631250e+05 3.6691550000e+05 1.8241436382e+05 1.8210060938e+05 1.8817939062e+05 0 0
58 7.4261976887e+05 7.5118239264e+05 7.5911014853e+05 7.2702125046e+05 7.9163346541e+05 2.7701983801e+00 2.7709270746e+00 2.7709945661e+00 2.7704451260e+00 2.7713394815e+00 2.7159289422e+05 3.7107106250e+05 3.5883634375e+05 1.6103094727e+05 1.8041989062e+05 1.8282692188e+05 0 0
59 6.9225431032e+05 7.3406148608e+05 7.3664908561e+05 7.5116245717e+05 7.4376948446e+05 2.7750024793e+00 2.7708881911e+00 2.7708667150e+00 2.7721275320e+00 2.7708964368e+00 2.7703836627e+05 3.1876684375e+05 2.9031115625e+05 1.5725178928e+05 1.6904982812e+05 1.6229318750e+05 0 0
60 7.4203119355e+05 7.2033503174e+05 7.2237398491e+05 7.3132385262e+05 7.2271987461e+05 2.7734150516e+00 2.7749351168e+00 2.7749451597e+00 2.7756128731e+00 2.7750457497e+00 2.9068229470e+05 2.7942600000e+05 3.2181690625e+05 1.5427793307e+05 1.5499717188e+05 1.6223353125e+05 0 0
61 6.8055394982e+05 7.6847959425e+05 7.6947429693e+05 6.6704699330e+05 7.6454476076e+05 2.7635511536e+00 2.7716845082e+00 2.7717107866e+00 2.7688336365e+00 2.7720212016e+00 2.7971223459e+05 2.9944381250e+05 3.2761271875e+05 1.5016824680e+05 1.5146268750e+05 1.6015317188e+05 0 0
62 6.3885441772e+05 6.8424753491e+05 6.8452016114e+05 6.6060778919e+05 6.6933578080e+05 2.7524839743e+00 2.7594060782e+00 2.7594156407e+00 2.7585470131e+00 2.7600017265e+00 2.3647190114e+05 3.8384565625e+05 2.8395850000e+05 1.3406278941e+05 1.6157948438e+05 1.4875304688e+05 0 0
63 6.1038767691e+05 6.3226133493e+05 6.3262966345e+05 6.2482966301e+05 6.1757388214e+05 2.7392656642e+00 2.7478680578e+00 2.7478667810e+00 2.7475703949e+00 2.7491074446e+00 2.4872421163e+05 2.9437375000e+05 2.6413250000e+05 1.2951056893e+05 1.4363192188e+05 1.3516153125e+05 0 0
64 6.1232794975e+05 6.0365473109e+05 6.0463793977e+05 6.0382580587e+05 6.0340888903e+05 2.7272310319e+00 2.7350671743e+00 2.7350089606e+00 2.7348529081e+00 2.7383041141e+00 2.3929843984e+05 2.5869218750e+05 3.4369271875e+05 1.2240910329e+05 1.2913335156e+05 1.4266234375e+05 0 0
65 6.0058301625e+05 5.9898967310e+05 6.0182346828e+05 6.1195974058e+05 5.9564329299e+05 2.7160284093e+00 2.7231444231e+00 2.7230134091e+00 2.7227320402e+00 2.7259678967e+00 1.9652296932e+05 2.2829768750e+05 2.7938156250e+05 1.0963920371e+05 1.1851378125e+05 1.2916500781e+05 0 0
66 5.5720867569e+05 5.5594772105e+05 5.5749244667e+05 5.8193569536e+05 5.8143365632e+05 2.7040046137e+00 2.7127889354e+00 2.7125174919e+00 2.7114001359e+00 2.7151139267e+00 2.0020298119e+05 1.8762703125e+05 2.2408504688e+05 1.0370798201e+05 1.0638735156e+05 1.1346635156e+05 0 0
67 5.5694796885e+05 5.6750153677e+05 5.6281950784e+05 5.5073115247e+05 5.8908131019e+05 2.6939439325e+00 2.7025529100e+00 2.7022903504e+00 2.6994242195e+00 2.7039254420e+00 2.0236165106e+05 1.7931790625e+05 2.0920859375e+05 1.0260761543e+05 9.8449015625e+04 1.0702963281e+05 0 0
68 5.3684056099e+05 5.3598935870e+05 5.3470672874e+05 5.3083018259e+05 5.3979856723e+05 2.6859932653e+00 2.6922237012e+00 2.6921809771e+00 2.6904832969e+00 2.6927117569e+00 1.5415480337e+05 1.9337148438e+05 1.6543934375e+05 8.9418991580e+04 9.8623718750e+04 9.5041523438e+04 0 0
69 5.1893199581e+05 4.9549507616e+05 4.9506231882e+05 5.2765518729e+05 4.9746642992e+05 2.6750593435e+00 2.6844982990e+00 2.6844879300e+00 2.6821072846e+00 2.6849065713e+00 1.4590001684e+05 1.5535118750e+05 1.6008201562e+05 8.3354750366e+04 8.8310281250e+04 8.8445492188e+04 0 0
70 5.4056754007e+05 5.1952100031e+05 5.1925679714e+05 4.9034526285e+05 5.2015521130e+05 2.6621809846e+00 2.6745044236e+00 2.6745072895e+00 2.6701256051e+00 2.6749489425e+00 1.7019616772e+05 1.4863506250e+05 1.7272468750e+05 8.5069617886e+04 8.2714039062e+04 8.8952273438e+04 0 0
71 5.2308035931e+05 5.1151421755e+05 5.1148135331e+05 5.1063677718e+05 5.0727238146e+05 2.6485540160e+00 2.6603042700e+00 2.6603158611e+00 2.6569518069e+00 2.6607715092e+00 1.5767889037e+05 1.7304373438e+05 1.4553246875e+05 8.0884620548e+04 8.4407835938e+04 8.1737632812e+04 0 0
72 4.6598302526e+05 4.8073010287e+05 4.8068893067e+05 4.7239707122e+05 4.7989888642e+05 2.6322929059e+00 2.6452432021e+00 2.6452588387e+00 2.6418474244e+00 2.6459169272e+00 1.5057742892e+05 1.4741275000e+05 1.3110000000e+05 7.6384063087e+04 7.8653335938e+04 7.4521578125e+04 0 0
73 4.4586897875e+05 4.5652776869e+05 4.5646250117e+05 4.6463936529e+05 4.5615378516e+05 2.6140923770e+00 2.6293602742e+00 2.6293847891e+00 2.6245184530e+00 2.6304328169e+00 1.3410993430e+05 1.3202835938e+05 1.5881590625e+05 6.9676557294e+04 7.1018562500e+04 7.6546195312e+04 0 0
74 4.3755009671e+05 4.4292574099e+05 4.4270662965e+05 4.2128173915e+05 4.4038250719e+05 2.5976201688e+00 2.6116541854e+00 2.6117016752e+00 2.6076249219e+00 2.6131481221e+00 1.1225771181e+05 1.3634676562e+05 1.4575514062e+05 6.3734919947e+04 6.7755562500e+04 7.1324226562e+04 0 0
75 3.9856792029e+05 4.2643862279e+05 4.2514122401e+05 4.1530238614e+05 4.1255573548e+05 2.5827855455e+00 2.5950680694e+00 2.5951814715e+00 2.5934921513e+00 2.5972320255e+00 1.0428452754e+05 1.5443856250e+05 1.3107673438e+05 5.8974187405e+04 6.9396781250e+04 6.6017914062e+04 0 0
76 4.0358444155e+05 4.1926897753e+05 4.1462383083e+05 4.0457590762e+05 4.0740145963e+05 2.5720626575e+00 2.5812176404e+00 2.5815557591e+00 2.5807329011e+00 2.5843507927e+00 1.5239684846e+05 1.4550659375e+05 1.4553996875e+05 6.4711900094e+04 6.6504718750e+04 6.6272460938e+04 0 0
77 3.7999303491e+05 4.3680213333e+05 4.1723729843e+05 4.3428828737e+05 4.0471260147e+05 2.5640731689e+00 2.5689084250e+00 2.5697723286e+00 2.5689535363e+00 2.5723536126e+00 1.3949480943e+05 1.2688472656e+05 1.3644171875e+05 6.2943775063e+04 6.2539085938e+04 6.4358488281e+04 0 0
78 3.9139612555e+05 3.7740990469e+05 3.6432739632e+05 3.8786559916e+05 3.9654523951e+05 2.5559372516e+00 2.5606623802e+00 2.5619652822e+00 2.5606441699e+00 2.5632418523e+00 1.1755555234e+05 9.1730554688e+04 1.1971182812e+05 5.7356607336e+04 5.3601638672e+04 5.8546037109e+04 0 0
79 3.6200365914e+05 3.8192731288e+05 3.8886541145e+05 4.0530483998e+05 3.9280111446e+05 2.5444788649e+00 2.5527926136e+00 2.5547027416e+00 2.5518901662e+00 2.5555126955e+00 9.6148137827e+04 1.0379076562e+05 1.0874633594e+05 5.1915221879e+04 5.3013144531e+04 5.6366013672e+04 0 0
80 3.6579193714e+05 3.5596091183e+05 3.6566360655e+05 3.9074356031e+05 3.5479272651e+05 2.5355049797e+00 2.5423351516e+00 2.5433804303e+00 2.5410767582e+00 2.5446663456e+00 9.3038965585e+04 1.1018300781e+05 8.9284859375e+04 4.8947599867e+04 5.3745980469e+04 4.9703398438e+04 0 0
81 3.8355517157e+05 3.5859783111e+05 3.7506562097e+05 3.5985733422e+05 3.4956478944e+05 2.5268855828e+00 2.5333480824e+00 2.5337478537e+00 2.5323564714e+00 2.5352152273e+00 8.6589155432e+04 9.4970906250e+04 1.1158399219e+05 4.6202790617e+04 4.8804968750e+04 5.1592880859e+04 0 0
82 3.6525436724e+05 3.5572365292e+05 3.6253963579e+05 3.5944442107e+05 3.4069589546e+05 2.5149619217e+00 2.5252132352e+00 2.5255274650e+00 2.5230504540e+00 2.5272266090e+00 8.1181215358e+04 8.2719523438e+04 1.0211278125e+05 4.3350544279e+04 4.5028822266e+04 4.9088523438e+04 0 0
83 3.6788045718e+05 3.5476227010e+05 3.5749752662e+05 3.3521183903e+05 3.4924668059e+05 2.5031817840e+00 2.5141938221e+00 2.5143785840e+00 2.5101172419e+00 2.5162160582e+00 8.9423921634e+04 7.5296218750e+04 8.4596398438e+04 4.3349386988e+04 4.1861728516e+04 4.4461201172e+04 0 0
84 3.3296088121e+05 3.3718709612e+05 3.3752564868e+05 3.2331046667e+05 3.2939630521e+05 2.4918862588e+00 2.5015004941e+00 2.5015488263e+00 2.4986730970e+00 2.5029875776e+00 7.9569838878e+04 8.4511148438e+04 7.5639937500e+04 3.9457296760e+04 4.1263230469e+04 4.1161988281e+04 0 0
85 3.1932847262e+05 3.1731462040e+05 3.1739936514e+05 3.0595759434e+05 3.2327438352e+05 2.4790442290e+00 2.4902019162e+00 2.4902227541e+00 2.4881634286e+00 2.4922059929e+00 6.4720541201e+04 8.6752742188e+04 7.7927164062e+04 3.5605426244e+04 3.9363578125e+04 3.8447607422e+04 0 0
86 3.0735964134e+05 3.0619206647e+05 3.0619387239e+05 3.0926325790e+05 3.0322894722e+05 2.4670564971e+00 2.4779279925e+00 2.4779410048e+00 2.4767660773e+00 2.4812372171e+00 5.5759468551e+04 8.8206882812e+04 8.4616164062e+04 3.2515910116e+04 3.8955417969e+04 3.8476263672e+04 0 0
87 3.0392923283e+05 3.0117169206e+05 3.0121542717e+05 2.9999617534e+05 3.0276218564e+05 2.4553769786e+00 2.4661646270e+00 2.4661728706e+00 2.4653797781e+00 2.4694074298e+00 5.4921347737e+04 7.4500007812e+04 7.8740085938e+04 3.1191927659e+04 3.5869544922e+04 3.6858066406e+04 0 0
88 2.7848100173e+05 3.0344731908e+05 3.0350443819e+05 2.9964950363e+05 2.8975219515e+05 2.4435787290e+00 2.4555950459e+00 2.4556010204e+00 2.4544387937e+00 2.4585693167e+00 5.3561559664e+04 6.1725853516e+04 6.7713703125e+04 2.9467654677e+04 3.2642731445e+04 3.3840328125e+04 0 0
89 2.8064817570e+05 2.9214309874e+05 2.9217761524e+05 2.8899032576e+05 3.0553490071e+05 2.4319746421e+00 2.4444752388e+00 2.4444803518e+00 2.4420356721e+00 2.4479728868e+00 6.0634250659e+04 5.0958857422e+04 6.4895181641e+04 3.0016749670e+04 2.9121766602e+04 3.1992122070e+04 0 0
90 2.7464773137e+05 2.8146358878e+05 2.8148578047e+05 2.9636265438e+05 2.9819461972e+05 2.4195740182e+00 2.4322974472e+00 2.4322998018e+00 2.4295312128e+00 2.4356460121e+00 5.4895861178e+04 5.0298355469e+04 5.7876533203e+04 2.8529478970e+04 2.8137044922e+04 2.9971093750e+04 0 0
91 2.5778216512e+05 2.7173714169e+05 2.7173356928e+05 2.8701242231e+05 2.8648127204e+05 2.4075378942e+00 2.4201707888e+00 2.4201716313e+00 2.4176144872e+00 2.4238088600e+00 4.7229285851e+04 5.1918195312e+04 5.7168384766e+04 2.5875341839e+04 2.7286264648e+04 2.8807171875e+04 0 0
92 2.6603756735e+05 2.7518346369e+05 2.7517237443e+05 2.7954449807e+05 2.7392191401e+05 2.3960813762e+00 2.4077114838e+00 2.4077111011e+00 2.4064989253e+00 2.4123327960e+00 4.4862722056e+04 5.8736613281e+04 5.6035539062e+04 2.4840653056e+04 2.7592053711e+04 2.7775782227e+04 0 0
93 2.4347007302e+05 2.6733637334e+05 2.6732938664e+05 2.7736793712e+05 2.5579703955e+05 2.3836838670e+00 2.3953884022e+00 2.3953887060e+00 2.3948049080e+00 2.4008888030e+00 4.8766624651e+04 4.9815455078e+04 5.3113542969e+04 2.4845577614e+04 2.6056170898e+04 2.6360488281e+04 0 0
94 2.6052338989e+05 2.5147398256e+05 2.5125056714e+05 2.4580399606e+05 2.6008012550e+05 2.3711115996e+00 2.3831833897e+00 2.3831798413e+00 2.3820683206e+00 2.3895203065e+00 5.0790203452e+04 4.2808820312e+04 5.2448582031e+04 2.4621471012e+04 2.3954528320e+04 2.5906196289e+04 0 0
95 2.4878038741e+05 2.5484191655e+05 2.5481938965e+05 2.6452023021e+05 2.4730090264e+05 2.3590454173e+00 2.3708757546e+00 2.3708482720e+00 2.3681694219e+00 2.3781742458e+00 5.5861515175e+04 4.0586673828e+04 5.8060437500e+04 2.5402963281e+04 2.2802954102e+04 2.5823323242e+04 0 0
96 2.5514780584e+05 2.5338594979e+05 2.5350233577e+05 2.4953435034e+05 2.7221215632e+05 2.3456803786e+00 2.3580594921e+00 2.3580007454e+00 2.3552614331e+00 2.3651210890e+00 5.2043118138e+04 4.6627177734e+04 5.5655644531e+04 2.4748474481e+04 2.3740927734e+04 2.5763454102e+04 0 0
97 2.4145604655e+05 2.5682104337e+05 2.5670359312e+05 2.5278843113e+05 2.4959067880e+05 2.3312159253e+00 2.3448015541e+00 2.3447006472e+00 2.3418522444e+00 2.3510029084e+00 4.4132412403e+04 4.8270595703e+04 4.2704480469e+04 2.2819787581e+04 2.3856969727e+04 2.3410963867e+04 0 0
98 2.5577647060e+05 2.4415875858e+05 2.4368992337e+05 2.4503800613e+05 2.5712240347e+05 2.3182245261e+00 2.3309705951e+00 2.3308057340e+00 2.3276505364e+00 2.3364135962e+00 3.9487893742e+04 4.3902121094e+04 3.6249919922e+04 2.1617403067e+04 2.2604735352e+04 2.1484068359e+04 0 0
99 2.5117280916e+05 2.6259074433e+05 2.6285793407e+05 2.5655338588e+05 2.5108262838e+05 2.3074030285e+00 2.3182114347e+00 2.3180564850e+00 2.3153072069e+00 2.3218573129e+00 3.6573923742e+04 4.0944738281e+04 3.5409490234e+04 2.0698558569e+04 2.1750542969e+04 2.0708688477e+04 0 0
100 2.2200710430e+05 2.4501641676e+05 2.4593940119e+05 2.4560355020e+05 2.4787780835e+05 2.2980997238e+00 2.3079783130e+00 2.3078512093e+00 2.3055719247e+00 2.3106110489e+00 3.2254154026e+04 3.9897710938e+04 3.8695283203e+04 1.9289353488e+04 2.1079265625e+04 2.0998877930e+04 0 0
101 2.4941403520e+05 2.5489303068e+05 2.5639057405e+05 2.3059149375e+05 2.6436062835e+05 2.2907020131e+00 2.2992703217e+00 2.2991243032e+00 2.2970935908e+00 2.3019124472e+00 3.3100811494e+04 3.8450025391e+04 4.1216382812e+04 1.8767275877e+04 2.0282085938e+04 2.0978857422e+04 0 0
102 2.2717274457e+05 2.2308876138e+05 2.2785455234e+05 2.5081102725e+05 2.3582310930e+05 2.2845197492e+00 2.2916137988e+00 2.2914176633e+00 2.2901237149e+00 2.2939726178e+00 3.1027529783e+04 3.8934730469e+04 3.9765806641e+04 1.8020882292e+04 1.9873121094e+04 2.0378166016e+04 0 0
103 2.3619333695e+05 2.3283464759e+05 2.3662775141e+05 2.1740263991e+05 2.5080318824e+05 2.2783947053e+00 2.2857314981e+00 2.2854149203e+00 2.2841706436e+00 2.2874672790e+00 3.1950842842e+04 3.3773941406e+04 3.7144281250e+04 1.7621832128e+04 1.8457770508e+04 1.9271033203e+04 0 0
104 2.1670394450e+05 2.3171569228e+05 2.4201330687e+05 2.4665955368e+05 2.2998989279e+05 2.2709082908e+00 2.2801588398e+00 2.2796004215e+00 2.2782941066e+00 2.2815857087e+00 3.4130819723e+04 3.6648935547e+04 3.2733895508e+04 1.7888484281e+04 1.8455749023e+04 1.8190666992e+04 0 0
105 2.1951172705e+05 2.2544496687e+05 2.1579399243e+05 2.0715842054e+05 2.4093639619e+05 2.2636187753e+00 2.2737446722e+00 2.2727101325e+00 2.2713064706e+00 2.2750970940e+00 3.4967739731e+04 3.6981056641e+04 3.3194847656e+04 1.7555413043e+04 1.8375826172e+04 1.7655618164e+04 0 0
106 2.1359896585e+05 2.2316215421e+05 2.2730621517e+05 2.3117749704e+05 2.1768551731e+05 2.2563676916e+00 2.2664979511e+00 2.2652839407e+00 2.2639258079e+00 2.2675852398e+00 3.4079953868e+04 3.8019220703e+04 3.4662625000e+04 1.7415864658e+04 1.8124334961e+04 1.7887886719e+04 0 0
107 2.0097040759e+05 2.1839681873e+05 2.0594830077e+05 1.9928708008e+05 2.2340617059e+05 2.2475474312e+00 2.2587821804e+00 2.2578814264e+00 2.2564982800e+00 2.2597503539e+00 3.3261954511e+04 3.6491585938e+04 3.2448302734e+04 1.6314036117e+04 1.7659310547e+04 1.7000036133e+04 0 0
108 2.0996749120e+05 2.1486577704e+05 2.1503416183e+05 2.1746186674e+05 2.1489503685e+05 2.2366473538e+00 2.2506161825e+00 2.2500361844e+00 2.2483549268e+00 2.2516114848e+00 4.0537211901e+04 3.7626859375e+04 3.2524455078e+04 1.7593587047e+04 1.7394382812e+04 1.6831578125e+04 0 0
109 1.9875471187e+05 1.9982829365e+05 1.9871852624e+05 2.0377648241e+05 2.0611799898e+05 2.2246278123e+00 2.2403546331e+00 2.2398928576e+00 2.2367689521e+00 2.2417788583e+00 3.0316990388e+04 3.0425083984e+04 3.0825655273e+04 1.5539597647e+04 1.6016745605e+04 1.5866277832e+04 0 0
110 2.0650499007e+05 2.1498421181e+05 2.1397821676e+05 2.1181814993e+05 2.1642722076e+05 2.2137308935e+00 2.2282654893e+00 2.2281121308e+00 2.2242560546e+00 2.2295138590e+00 2.8276151792e+04 2.7852071289e+04 3.1581984375e+04 1.4800543294e+04 1.4944739258e+04 1.5929797363e+04 0 0
111 1.9335817825e+05 1.9628205273e+05 1.9526289872e+05 2.0698530097e+05 2.0217031711e+05 2.2011175640e+00 2.2163953476e+00 2.2164007411e+00 2.2125303327e+00 2.2175415229e+00 2.2567269836e+04 2.5155926758e+04 2.7060882812e+04 1.3432447609e+04 1.4324895508e+04 1.4562681641e+04 0 0
112 1.9551481663e+05 2.0503308736e+05 2.0437909748e+05 1.9280029477e+05 2.0515441334e+05 2.1865280155e+00 2.2055600423e+00 2.2056400472e+00 2.1999077875e+00 2.2070096585e+00 2.1277991553e+04 2.0736847656e+04 3.0224449219e+04 1.2769092140e+04 1.2879617676e+04 1.4731756348e+04 0 0
113 1.9551066302e+05 1.9834121452e+05 1.9620804110e+05 1.9784593602e+05 1.8673089942e+05 2.1732157714e+00 2.1923957080e+00 2.1926381335e+00 2.1860271157e+00 2.1952635141e+00 2.2426268375e+04 2.2947971680e+04 2.9073105469e+04 1.2857203369e+04 1.3066505859e+04 1.4266163574e+04 0 0
114 1.7501512875e+05 1.9446300740e+05 1.9122961177e+05 1.8944363240e+05 1.9357544572e+05 2.1616883341e+00 2.1791244295e+00 2.1797582538e+00 2.1724495101e+00 2.1831155980e+00 2.0295426404e+04 2.2710175781e+04 3.4251781250e+04 1.2124869003e+04 1.2933790527e+04 1.4892304199e+04 0 0
115 1.8090611698e+05 1.9724127179e+05 1.9076665201e+05 1.8157764373e+05 1.9021919752e+05 2.1503861657e+00 2.1674424235e+00 2.1681418825e+00 2.1613829196e+00 2.1702551212e+00 2.1172148328e+04 2.2230223633e+04 2.7387318359e+04 1.1885573271e+04 1.2322629395e+04 1.3863203613e+04 0 0
116 1.6946750800e+05 1.8095036013e+05 1.8064522933e+05 1.7317477581e+05 1.9704468171e+05 2.1383867837e+00 2.1566498913e+00 2.1575182619e+00 2.1512673521e+00 2.1594736599e+00 2.0438489792e+04 2.6990884766e+04 2.4281291992e+04 1.1569301980e+04 1.2905437500e+04 1.2618446289e+04 0 0
117 1.7249874282e+05 1.8041853138e+05 1.7578297019e+05 1.6703681223e+05 1.8096167214e+05 2.1269597399e+00 2.1460232565e+00 2.1473508174e+00 2.1405851906e+00 2.1493280909e+00 1.7367368002e+04 2.6559017578e+04 2.7163310547e+04 1.0507466927e+04 1.2530817383e+04 1.2979625000e+04 0 0
118 1.7391067807e+05 1.6146577237e+05 1.7234591597e+05 1.6623519223e+05 1.8071777812e+05 2.1155198893e+00 2.1349367034e+00 2.1367250311e+00 2.1302480081e+00 2.1384381966e+00 1.6647682911e+04 2.6980480469e+04 2.4187632812e+04 1.0076968987e+04 1.2260944336e+04 1.2084721191e+04 0 0
119 1.5717464973e+05 1.6636431002e+05 1.7096307793e+05 1.6019270315e+05 1.6765381170e+05 2.1044169033e+00 2.1253706877e+00 2.1262898490e+00 2.1201958326e+00 2.1274025739e+00 1.6786304335e+04 2.3821379883e+04 2.2836235352e+04 9.8297086809e+03 1.1449310547e+04 1.1565663086e+04 0 0
120 1.6333832685e+05 1.6184718679e+05 1.6352011898e+05 1.6794526804e+05 1.5895827276e+05 2.0932610548e+00 2.1152944347e+00 2.1155020906e+00 2.1101658561e+00 2.1169169953e+00 1.6403532568e+04 2.3604518555e+04 1.9856581055e+04 9.5625334814e+03 1.1227500488e+04 1.0636400879e+04 0 0
121 1.5439677475e+05 1.7173724749e+05 1.7215379617e+05 1.6114127367e+05 1.6475971857e+05 2.0835297617e+00 2.1046266687e+00 2.1046367582e+00 2.0992636872e+00 2.1074260075e+00 1.6316057120e+04 1.9295851562e+04 2.4346449219e+04 9.2445326015e+03 1.0308064453e+04 1.1043839844e+04 0 0
122 1.5255949126e+05 1.5687382425e+05 1.5695002129e+05 1.5829258580e+05 1.6177610048e+05 2.0746692309e+00 2.0935599010e+00 2.0935236704e+00 2.0887827278e+00 2.0974909737e+00 1.4713588053e+04 1.6799863281e+04 2.4557347656e+04 8.7303791761e+03 9.5038720703e+03 1.1088836426e+04 0 0
123 1.5408489919e+05 1.5618733531e+05 1.5620699621e+05 1.4582733900e+05 1.6105085945e+05 2.0657616771e+00 2.0833700932e+00 2.0833249180e+00 2.0799998183e+00 2.0874291042e+00 1.5819954110e+04 1.8226152344e+04 1.9813835938e+04 8.7353173227e+03 9.3671269531e+03 1.0092474121e+04 0 0
124 1.4417368918e+05 1.5255833455e+05 1.5255377691e+05 1.5535298357e+05 1.4992532413e+05 2.0569856206e+00 2.0746108608e+00 2.0745626473e+00 2.0718895140e+00 2.0781990512e+00 1.6847796131e+04 1.9080034180e+04 1.6501165039e+04 8.7376774827e+03 9.4589248047e+03 9.1793994141e+03 0 0
125 1.4224112655e+05 1.4779614241e+05 1.4780376352e+05 1.4760980867e+05 1.5920874428e+05 2.0484922757e+00 2.0662768121e+00 2.0662263490e+00 2.0635850235e+00 2.0692303882e+00 1.8310143032e+04 1.8758896484e+04 1.4024953613e+04 8.7561849961e+03 9.3051132812e+03 8.5143964844e+03 0 0
126 1.3711984660e+05 1.5560544155e+05 1.5561100876e+05 1.4888771608e+05 1.5475798169e+05 2.0394397501e+00 2.0574611770e+00 2.0574082022e+00 2.0544284812e+00 2.0603747299e+00 1.6851125492e+04 1.6459404297e+04 1.4916645996e+04 8.3550620731e+03 8.6572885742e+03 8.4349775391e+03 0 0
127 1.4754127128e+05 1.3898893424e+05 1.3897611421e+05 1.4574293819e+05 1.5041781001e+05 2.0307353903e+00 2.0478794653e+00 2.0478228385e+00 2.0452249903e+00 2.0512858518e+00 1.5814037073e+04 1.5837770996e+04 1.6137749512e+04 8.0914967005e+03 8.3283867188e+03 8.4367055664e+03 0 0
128 1.3593054826e+05 1.4723877055e+05 1.4725283226e+05 1.3883722844e+05 1.4883609713e+05 2.0230565515e+00 2.0388156680e+00 2.0387517607e+00 2.0361748500e+00 2.0425065210e+00 1.2442961978e+04 1.3913561035e+04 1.7490799805e+04 7.2333969264e+03 7.7495678711e+03 8.4828994141e+03 0 0
129 1.3638533683e+05 1.4004406529e+05 1.4020231690e+05 1.3860573841e+05 1.4124520160e+05 2.0145682864e+00 2.0299003060e+00 2.0298170934e+00 2.0281144513e+00 2.0339311239e+00 1.1546821735e+04 1.6162253906e+04 1.5803364258e+04 6.8374386174e+03 7.8726591797e+03 8.0493647461e+03 0 0
130 1.3614133831e+05 1.3809994387e+05 1.3839401051e+05 1.3223979770e+05 1.3950567266e+05 2.0054782057e+00 2.0217674755e+00 2.0216179540e+00 2.0213374775e+00 2.0261360095e+00 1.1267993449e+04 1.9338761719e+04 1.7037616211e+04 6.6047497151e+03 8.2155366211e+03 8.0264743652e+03 0 0
131 1.3071608240e+05 1.3534651091e+05 1.3892084192e+05 1.3788386719e+05 1.3183863300e+05 1.9961794935e+00 2.0142948410e+00 2.0138692002e+00 2.0140266806e+00 2.0189255609e+00 1.0715300045e+04 1.6013409668e+04 1.6564164062e+04 6.2944462772e+03 7.7763571777e+03 7.7776147461e+03 0 0
132 1.2588510677e+05 1.3034668849e+05 1.3135338546e+05 1.3142327928e+05 1.3940251935e+05 1.9865887985e+00 2.0065300565e+00 2.0049289295e+00 2.0049135563e+00 2.0116661024e+00 1.0015242149e+04 1.1940402344e+04 1.5800754883e+04 5.9434016692e+03 6.7273811035e+03 7.5500805664e+03 0 0
133 1.2758234643e+05 1.2910680280e+05 1.3427591987e+05 1.3239581480e+05 1.4001983128e+05 1.9774958094e+00 1.9981322520e+00 1.9962503868e+00 1.9955031580e+00 2.0032070397e+00 9.6374567660e+03 1.1336046875e+04 1.4138074219e+04 5.7210018472e+03 6.3992053223e+03 7.0437722168e+03 0 0
134 1.2382573084e+05 1.2642515598e+05 1.2074096147e+05 1.2633191483e+05 1.3187901559e+05 1.9690114325e+00 1.9894180708e+00 1.9883130447e+00 1.9863075997e+00 1.9938282828e+00 9.7171571046e+03 1.0182254395e+04 1.2793550293e+04 5.4883601922e+03 5.9875874023e+03 6.6540280762e+03 0 0
135 1.1741169195e+05 1.2640544798e+05 1.2267140211e+05 1.2522208010e+05 1.2984342965e+05 1.9610712497e+00 1.9805099659e+00 1.9800096970e+00 1.9768097744e+00 1.9850513224e+00 1.3718262507e+04 9.3811264648e+03 1.1034469238e+04 6.1472756499e+03 5.6486557617e+03 6.0855429688e+03 0 0
136 1.1661968104e+05 1.3015196238e+05 1.2837479129e+05 1.2713209760e+05 1.3116659087e+05 1.9535921614e+00 1.9714320688e+00 1.9711218083e+00 1.9680027775e+00 1.9764942543e+00 1.4498341946e+04 9.3648920898e+03 1.1528547363e+04 6.2179013214e+03 5.4817590332e+03 5.9860603027e+03 0 0
137 1.1877608828e+05 1.3535837351e+05 1.3207148610e+05 1.2409446518e+05 1.2872505049e+05 1.9464067913e+00 1.9631343394e+00 1.9627566369e+00 1.9592073460e+00 1.9679168370e+00 1.1527997659e+04 9.4358188477e+03 1.1705526367e+04 5.6415408162e+03 5.4802670898e+03 5.9419492188e+03 0 0
138 1.1529843456e+05 1.3174834095e+05 1.3125057367e+05 1.1848873648e+05 1.2130740376e+05 1.9388929367e+00 1.9552863144e+00 1.9549347822e+00 1.9509282034e+00 1.9595522755e+00 8.0902032153e+03 9.7761059570e+03 1.0435164062e+04 4.8151468576e+03 5.3522053223e+03 5.6612160645e+03 0 0
139 1.1348715385e+05 1.1948138386e+05 1.1940200012e+05 1.2407505548e+05 1.2163812455e+05 1.9316394291e+00 1.9476818671e+00 1.9475262264e+00 1.9436107475e+00 1.9514519782e+00 8.3507112999e+03 9.1759814453e+03 1.0423800293e+04 4.6352919270e+03 5.0822043457e+03 5.5187570801e+03 0 0
140 1.0952898039e+05 1.1641967229e+05 1.1538030778e+05 1.2789377993e+05 1.1535108315e+05 1.9250603791e+00 1.9405132248e+00 1.9405178851e+00 1.9368072846e+00 1.9437882561e+00 1.0248308669e+04 9.2443789062e+03 9.0382119141e+03 4.9226829029e+03 4.8853325195e+03 5.0465510254e+03 0 0
141 1.0826250515e+05 1.1210174122e+05 1.1260278476e+05 1.2390433058e+05 1.1230546687e+05 1.9189881675e+00 1.9336048983e+00 1.9338760514e+00 1.9299114768e+00 1.9370116241e+00 1.0386996224e+04 1.0597750488e+04 9.2289584961e+03 4.9206070465e+03 5.0910354004e+03 4.9034514160e+03 0 0
142 1.0939217497e+05 1.1184825377e+05 1.1365068841e+05 1.1774594699e+05 1.0998068078e+05 1.9125612023e+00 1.9270033371e+00 1.9273957733e+00 1.9229923644e+00 1.9304826326e+00 8.4235122321e+03 8.8383281250e+03 1.0579748047e+04 4.5803583800e+03 4.7085388184e+03 5.0064855957e+03 0 0
143 1.1529126611e+05 1.1327839999e+05 1.1504861164e+05 1.1043715085e+05 1.1208452125e+05 1.9055566127e+00 1.9206449416e+00 1.9208313641e+00 1.9167748869e+00 1.9240246890e+00 7.3025862724e+03 8.8815659180e+03 1.2009423828e+04 4.3066547091e+03 4.6277819824e+03 5.2159248047e+03 0 0
144 1.0622659324e+05 1.1172394322e+05 1.1226138186e+05 1.0759821917e+05 1.1050137027e+05 1.8988393290e+00 1.9147640714e+00 1.9148005952e+00 1.9101715526e+00 1.9175307307e+00 6.1117417732e+03 7.7160305176e+03 9.0920317383e+03 3.9343502921e+03 4.4181264648e+03 4.7490405273e+03 0 0
145 1.0696114101e+05 1.0659846993e+05 1.0684435334e+05 1.0431811532e+05 1.0878734985e+05 1.8932305272e+00 1.9080778507e+00 1.9080440796e+00 1.9039242479e+00 1.9116915098e+00 6.5582018632e+03 8.1402814941e+03 8.7060292969e+03 3.9815824972e+03 4.3320241699e+03 4.4725629883e+03 0 0
146 1.1219412549e+05 1.0542635420e+05 1.0564690352e+05 1.0546842712e+05 1.0437048104e+05 1.8872198642e+00 1.9018421487e+00 1.9017439873e+00 1.8984879800e+00 1.9056462946e+00 6.6508986417e+03 1.0460551270e+04 1.0586591309e+04 4.0304701024e+03 4.6203527832e+03 4.8574929199e+03 0 0
147 1.0288765524e+05 1.0732970303e+05 1.0740771756e+05 1.0802267258e+05 1.0522612117e+05 1.8795133546e+00 1.8960710229e+00 1.8958894124e+00 1.8930510827e+00 1.8996901994e+00 6.3424592464e+03 1.0140302246e+04 9.2991293945e+03 3.8580216564e+03 4.7284931641e+03 4.5225004883e+03 0 0
148 1.0121164264e+05 1.0855645212e+05 1.0925686666e+05 1.0575720662e+05 1.0730988994e+05 1.8716372889e+00 1.8906873821e+00 1.8904830361e+00 1.8876000538e+00 1.8938504605e+00 6.0063477068e+03 7.9303618164e+03 8.1921982422e+03 3.7241135303e+03 4.2611186523e+03 4.3512360840e+03 0 0
149 1.0435689588e+05 1.0201357588e+05 1.0207294772e+05 1.0761983936e+05 1.0757392933e+05 1.8649010583e+00 1.8853078987e+00 1.8850935977e+00 1.8808071252e+00 1.8880125717e+00 6.4582119469e+03 7.2965263672e+03 7.1586467285e+03 3.7945081036e+03 4.1015031738e+03 4.1240893555e+03 0 0
150 9.6955367025e+04 1.0248665833e+05 1.0316521088e+05 1.0272396752e+05 1.0207524503e+05 1.8574769011e+00 1.8786141978e+00 1.8783070356e+00 1.8729046832e+00 1.8817721000e+00 6.2088835624e+03 6.4293239746e+03 6.9335129395e+03 3.7573984850e+03 3.7809026489e+03 3.9835576782e+03 0 0
151 1.0447329834e+05 9.8846181919e+04 1.0163344080e+05 1.1363271642e+05 1.0732149295e+05 1.8491320748e+00 1.8711418696e+00 1.8702761080e+00 1.8660232309e+00 1.8745954213e+00 6.2560234268e+03 7.8129758301e+03 7.7456745605e+03 3.6912482713e+03 4.0224748535e+03 4.0327555542e+03 0 0
152 9.1720858704e+04 1.0407618133e+05 1.0652267454e+05 1.0803427486e+05 1.0850127461e+05 1.8402990069e+00 1.8646263787e+00 1.8631922082e+00 1.8598299830e+00 1.8668919682e+00 6.8712560092e+03 8.7364965820e+03 7.3496779785e+03 3.7820072170e+03 4.1841142578e+03 3.9844891968e+03 0 0
153 9.7429283281e+04 9.7739556619e+04 1.0872983149e+05 1.0284646670e+05 1.0373884750e+05 1.8322402189e+00 1.8584125017e+00 1.8567637476e+00 1.8528833700e+00 1.8604075936e+00 8.7461234435e+03 8.5044296875e+03 8.0133530273e+03 3.9851963042e+03 4.1506748047e+03 4.0426308594e+03 0 0
154 8.9208546478e+04 1.0990609519e+05 1.0180264264e+05 1.0242911586e+05 1.0851916697e+05 1.8238088815e+00 1.8511343396e+00 1.8498838471e+00 1.8446764982e+00 1.8536497805e+00 9.4879992157e+03 8.2009458008e+03 7.9892946777e+03 4.1799797130e+03 4.0475118408e+03 4.0668462524e+03 0 0
155 9.4871941290e+04 1.0354723846e+05 1.0143380170e+05 1.0030496857e+05 9.5896861930e+04 1.8146182799e+00 1.8421281372e+00 1.8414536687e+00 1.8360877515e+00 1.8456721287e+00 7.5547676167e+03 8.3042744141e+03 7.8526516113e+03 3.7779670787e+03 3.9963408203e+03 3.9703361816e+03 0 0
156 9.3449554879e+04 1.0170449304e+05 9.5541507796e+04 1.0223426588e+05 1.0202796417e+05 1.8045123997e+00 1.8327232807e+00 1.8321538121e+00 1.8278324970e+00 1.8371259187e+00 5.9767224813e+03 9.5925791016e+03 8.6326005859e+03 3.4032179216e+03 4.1838305664e+03 4.0519216309e+03 0 0
157 8.9033369584e+04 1.0950929736e+05 1.0720969031e+05 9.3677200300e+04 9.2953649353e+04 1.7948716601e+00 1.8241645900e+00 1.8236154240e+00 1.8183430588e+00 1.8283139698e+00 5.3493526765e+03 6.9398415527e+03 8.5803134766e+03 3.1929354475e+03 3.7437498169e+03 4.0536406860e+03 0 0
158 9.2366087518e+04 9.4259290386e+04 9.4806020400e+04 9.6498503035e+04 1.0093942358e+05 1.7859259033e+00 1.8150431732e+00 1.8146411930e+00 1.8084799122e+00 1.8194696528e+00 5.6215772186e+03 5.8231108398e+03 7.5255546875e+03 3.1838329589e+03 3.3800690308e+03 3.7740625610e+03 0 0
159 8.6357169009e+04 9.9329463907e+04 1.0015319082e+05 9.1428922514e+04 9.3365361971e+04 1.7766138377e+00 1.8057662499e+00 1.8055081243e+00 1.7984818996e+00 1.8099601783e+00 4.9462071171e+03 5.3015859375e+03 6.7415512695e+03 2.9775113532e+03 3.2068599854e+03 3.6062944946e+03 0 0
160 9.1288572452e+04 9.1951956847e+04 9.2471922139e+04 9.3857696541e+04 9.6687373819e+04 1.7678839735e+00 1.7960081428e+00 1.7958396972e+00 1.7890415579e+00 1.8003110715e+00 4.8770418641e+03 5.4619853516e+03 5.7024985352e+03 2.8656699114e+03 3.1641493530e+03 3.2597572021e+03 0 0
161 8.9374829632e+04 9.3944898914e+04 9.3733134718e+04 9.5097539484e+04 1.0066555097e+05 1.7591889131e+00 1.7866004779e+00 1.7864768558e+00 1.7807623358e+00 1.7912694743e+00 4.8338394133e+03 6.0521911621e+03 6.5009011230e+03 2.8268783031e+03 3.1764732056e+03 3.3645644531e+03 0 0
162 9.3113748451e+04 9.1276403084e+04 9.0561317305e+04 9.0254296740e+04 9.7064941230e+04 1.7515712268e+00 1.7778354233e+00 1.7777575090e+00 1.7729794038e+00 1.7828448106e+00 5.5093805720e+03 6.7969606934e+03 6.7181047363e+03 2.8862751008e+03 3.2265103149e+03 3.3396273193e+03 0 0
163 9.0952838104e+04 9.0860719081e+04 8.9542844628e+04 9.1461754892e+04 9.1228043408e+04 1.7445834531e+00 1.7694259332e+00 1.7693952096e+00 1.7644984366e+00 1.7746879329e+00 6.4901083269e+03 6.3312050781e+03 6.2672014160e+03 3.0483199633e+03 3.1720558472e+03 3.1915434570e+03 0 0
164 8.5985617301e+04 9.5763960486e+04 9.4043818893e+04 8.3915739835e+04 8.4291182932e+04 1.7369623505e+00 1.7612148184e+00 1.7611350745e+00 1.7560082393e+00 1.7661951417e+00 5.5843226908e+03 4.8362297363e+03 5.4968803711e+03 2.9026690122e+03 2.8172860718e+03 2.9945940552e+03 0 0
165 8.2956089620e+04 8.9537029301e+04 8.8820480521e+04 9.3668017679e+04 9.1808797487e+04 1.7291743057e+00 1.7531354649e+00 1.7529669812e+00 1.7484911944e+00 1.7576553381e+00 4.7452430951e+03 5.4671794434e+03 5.1788505859e+03 2.6822654259e+03 2.8840806274e+03 2.8830892944e+03 0 0
166 7.7616787704e+04 9.2711317626e+04 9.3549054169e+04 9.1876185206e+04 8.0596661370e+04 1.7220845298e+00 1.7456011870e+00 1.7454133668e+00 1.7412197930e+00 1.7495081346e+00 4.9808451499e+03 5.7866835938e+03 4.8910302734e+03 2.6444882118e+03 2.9028978271e+03 2.8062858887e+03 0 0
167 7.9179009655e+04 8.4731120705e+04 8.6820635335e+04 8.7676683149e+04 8.2366682196e+04 1.7156588276e+00 1.7376504722e+00 1.7374998963e+00 1.7340013755e+00 1.7427143319e+00 6.4746926159e+03 5.9443762207e+03 5.9360900879e+03 2.8309979838e+03 2.9273441772e+03 2.8731853638e+03 0 0
168 7.5850106809e+04 8.2283079767e+04 8.4769941843e+04 8.4378120387e+04 7.8306818094e+04 1.7087150679e+00 1.7302899248e+00 1.7301133222e+00 1.7264102765e+00 1.7359706765e+00 6.1793458645e+03 4.9140637207e+03 7.3320100098e+03 2.8569718942e+03 2.7208939209e+03 3.1408685303e+03 0 0
169 8.0575942097e+04 7.9656517022e+04 8.2354382713e+04 8.1010096753e+04 8.3258318023e+04 1.7016429843e+00 1.7234384211e+00 1.7229794234e+00 1.7185166903e+00 1.7287616283e+00 4.5757798053e+03 4.2640656738e+03 6.2224816895e+03 2.5114354562e+03 2.5275287476e+03 2.9581672363e+03 0 0
170 7.5449506113e+04 7.9554677348e+04 7.9090950380e+04 7.8817032880e+04 8.2133671341e+04 1.6945575526e+00 1.7165122920e+00 1.7156044771e+00 1.7110484067e+00 1.7212621364e+00 3.6193402108e+03 4.0751108398e+03 4.8328347168e+03 2.2531253984e+03 2.4447075806e+03 2.6707206421e+03 0 0
171 7.8643404846e+04 7.6839912962e+04 7.6818117863e+04 7.5481753027e+04 7.8304621166e+04 1.6886102699e+00 1.7096773900e+00 1.7084853757e+00 1.7036880844e+00 1.7137610084e+00 3.6834054691e+03 4.0376785278e+03 4.4097424316e+03 2.1805022975e+03 2.3968730469e+03 2.5063903198e+03 0 0
172 8.4565450742e+04 7.6587465920e+04 7.4815178781e+04 7.5499115756e+04 7.6482115452e+04 1.6834666463e+00 1.7032012614e+00 1.7019933714e+00 1.6970801044e+00 1.7067842572e+00 4.3156051005e+03 4.3841489258e+03 4.8389306641e+03 2.2832889249e+03 2.3692334595e+03 2.5491751709e+03 0 0
173 8.0394840985e+04 7.7045723567e+04 7.7210814579e+04 6.9647645301e+04 7.5440663412e+04 1.6787406250e+00 1.6967603925e+00 1.6959940529e+00 1.6916710651e+00 1.7001616796e+00 4.6828752858e+03 5.5112792969e+03 4.8774775391e+03 2.3335455151e+03 2.5055524292e+03 2.5311697998e+03 0 0
174 7.5113791813e+04 7.1350926777e+04 7.0944483535e+04 7.5024380464e+04 7.6414016725e+04 1.6742246032e+00 1.6904905277e+00 1.6900048524e+00 1.6866439057e+00 1.6936755119e+00 4.7384488337e+03 6.0487873535e+03 4.4035541992e+03 2.3282659110e+03 2.6189707642e+03 2.3749365234e+03 0 0
175 6.9982089498e+04 7.5224935440e+04 7.5178301550e+04 7.3255318114e+04 6.9232323549e+04 1.6694156964e+00 1.6851973061e+00 1.6847708879e+00 1.6813905461e+00 1.6879696413e+00 3.7829258850e+03 4.3217275391e+03 4.3871938477e+03 2.1261394248e+03 2.3178237305e+03 2.3184704590e+03 0 0
176 7.0153606481e+04 7.2567872561e+04 7.1772126512e+04 7.4859539085e+04 7.3418963436e+04 1.6645133750e+00 1.6803758701e+00 1.6800138390e+00 1.6766003105e+00 1.6834342929e+00 3.3434901801e+03 3.9245475464e+03 5.4802329102e+03 1.9880440001e+03 2.1990138550e+03 2.4384774170e+03 0 0
177 6.9422795276e+04 7.4031483033e+04 7.3711560667e+04 6.9314038751e+04 7.1144053525e+04 1.6598213435e+00 1.6757927920e+00 1.6755578528e+00 1.6718086357e+00 1.6787841711e+00 3.2560142496e+03 3.6765225830e+03 5.4530715332e+03 1.9429364446e+03 2.1021956177e+03 2.5023307495e+03 0 0
178 6.8316662941e+04 7.1463304598e+04 7.1235910045e+04 6.9954254310e+04 7.4746739541e+04 1.6552335481e+00 1.6712286488e+00 1.6710344162e+00 1.6672542156e+00 1.6739679035e+00 3.2345528850e+03 3.9148314209e+03 4.2277861328e+03 1.9173640326e+03 2.0857392578e+03 2.2470200195e+03 0 0
179 7.0053069662e+04 6.9943607914e+04 6.9295473561e+04 7.1557667039e+04 6.9554604046e+04 1.6509162207e+00 1.6664399175e+00 1.6663048867e+00 1.6627916089e+00 1.6694052260e+00 3.2581929863e+03 4.1322136230e+03 3.6700467529e+03 1.8774007686e+03 2.1352879028e+03 2.0738590698e+03 0 0
180 7.5538474286e+04 6.6967040012e+04 6.6243864622e+04 6.8748751145e+04 6.7832693946e+04 1.6465615650e+00 1.6618342623e+00 1.6619043351e+00 1.6582025610e+00 1.6649966678e+00 3.3399115289e+03 3.5547051392e+03 4.1612976074e+03 1.8333105048e+03 1.9923907166e+03 2.1032837524e+03 0 0
181 7.5400908362e+04 6.6569395491e+04 6.7903374172e+04 6.9354505895e+04 6.8114704198e+04 1.6420000357e+00 1.6579736636e+00 1.6580888525e+00 1.6538973183e+00 1.6606458166e+00 3.5170545287e+03 3.7084750977e+03 4.6430495605e+03 1.8455096297e+03 1.9876019287e+03 2.1985495605e+03 0 0
182 7.2938479735e+04 6.6217429971e+04 6.6781105831e+04 7.1890946746e+04 6.8282871410e+04 1.6371536051e+00 1.6538897273e+00 1.6537591288e+00 1.6498113842e+00 1.6563746892e+00 3.8054234898e+03 3.6634891357e+03 4.0234262695e+03 1.8992821325e+03 1.9400137024e+03 2.0754096680e+03 0 0
183 6.8289543447e+04 6.5938657554e+04 6.6558396135e+04 7.0663246005e+04 6.7536832025e+04 1.6313561919e+00 1.6496670792e+00 1.6493788008e+00 1.6456016243e+00 1.6519025884e+00 3.2349906315e+03 3.7181795044e+03 3.4672614746e+03 1.7840062492e+03 1.8850398865e+03 1.9495743713e+03 0 0
184 6.3074016055e+04 6.5311870652e+04 6.6190087475e+04 6.3474256577e+04 6.6185345568e+04 1.6249165460e+00 1.6454250967e+00 1.6449763369e+00 1.6409289620e+00 1.6475506706e+00 2.7380336185e+03 3.8708493652e+03 3.1258587036e+03 1.6614922342e+03 1.9166312866e+03 1.8050656433e+03 0 0
185 6.3507860718e+04 6.3102247440e+04 6.4689486008e+04 6.2277574262e+04 6.6276936562e+04 1.6188104724e+00 1.6406158487e+00 1.6397201082e+00 1.6358137594e+00 1.6432291876e+00 2.6453809239e+03 3.5960801392e+03 3.5158447876e+03 1.5890634979e+03 1.8593915405e+03 1.8343170166e+03 0 0
186 6.1673482212e+04 6.0506309621e+04 6.5899950349e+04 6.4180593204e+04 6.3990191248e+04 1.6124682786e+00 1.6356571273e+00 1.6342794197e+00 1.6306248364e+00 1.6381319324e+00 2.5557526941e+03 3.8127465210e+03 3.5368862915e+03 1.5182928880e+03 1.8337639160e+03 1.8580927734e+03 0 0
187 6.3902752513e+04 6.3281777978e+04 7.1339139552e+04 6.2366333482e+04 6.3426228013e+04 1.6064630386e+00 1.6304616805e+00 1.6289091952e+00 1.6251796235e+00 1.6327040502e+00 2.6146715691e+03 4.3244641113e+03 3.4063789062e+03 1.4985391215e+03 1.9227740173e+03 1.8007265320e+03 0 0
188 6.6429291518e+04 6.1122087922e+04 6.8818948088e+04 6.2341716370e+04 6.4486407622e+04 1.6009065984e+00 1.6249434625e+00 1.6230981582e+00 1.6193984799e+00 1.6272201673e+00 2.7906076251e+03 3.8198493652e+03 3.4991243896e+03 1.5133991541e+03 1.8218287964e+03 1.7824081116e+03 0 0
189 6.2728738413e+04 5.9631697343e+04 6.4144161636e+04 6.0712526549e+04 5.9892580108e+04 1.5957024998e+00 1.6191990557e+00 1.6171200881e+00 1.6135463174e+00 1.6215334273e+00 3.4778916464e+03 3.1109210205e+03 3.7412288818e+03 1.6148776733e+03 1.6365878601e+03 1.7964526978e+03 0 0
190 6.2113293327e+04 6.1098228583e+04 6.0972592925e+04 6.0084309832e+04 5.8647453824e+04 1.5899283802e+00 1.6133246802e+00 1.6111533216e+00 1.6076097534e+00 1.6159752144e+00 2.7596821659e+03 2.7576917114e+03 4.0178612061e+03 1.4646061452e+03 1.5369924011e+03 1.8001039734e+03 0 0
191 5.8844621610e+04 6.1341385442e+04 6.1338236558e+04 6.0664759062e+04 6.1720526245e+04 1.5837690090e+00 1.6073790356e+00 1.6051131224e+00 1.6017065452e+00 1.6102680249e+00 2.5801911802e+03 2.6977314453e+03 3.2469687500e+03 1.4225811706e+03 1.5060198669e+03 1.6453439941e+03 0 0
192 5.5829334362e+04 6.1239631612e+04 6.0500491767e+04 5.6259476571e+04 6.5556434314e+04 1.5775130394e+00 1.6013835184e+00 1.5993922547e+00 1.5962333192e+00 1.6045408610e+00 2.1697122468e+03 2.9137080078e+03 2.9106699829e+03 1.3100362981e+03 1.5141693726e+03 1.5436819763e+03 0 0
193 5.5931336652e+04 6.3175144479e+04 5.5606240801e+04 5.6350646207e+04 6.1291019375e+04 1.5719234382e+00 1.5956955840e+00 1.5941253533e+00 1.5913985891e+00 1.5990731673e+00 2.1207045041e+03 3.6944711304e+03 3.2629691162e+03 1.2402470828e+03 1.5906743164e+03 1.5893613892e+03 0 0
194 5.4130044570e+04 6.1315799465e+04 5.7115883325e+04 5.8307055902e+04 5.9543513635e+04 1.5664994819e+00 1.5904142157e+00 1.5889793348e+00 1.5857696287e+00 1.5936343561e+00 2.3628505424e+03 3.2126965332e+03 3.1707373657e+03 1.2634100674e+03 1.5393177185e+03 1.5690673828e+03 0 0
195 5.3223102071e+04 6.0527393071e+04 5.6434540345e+04 5.5073998802e+04 5.8819603807e+04 1.5618037228e+00 1.5847780517e+00 1.5833364739e+00 1.5795162778e+00 1.5880081691e+00 3.0178905739e+03 2.6056945190e+03 2.6824531860e+03 1.3309440685e+03 1.4135021057e+03 1.4351206055e+03 0 0
196 5.1054874539e+04 5.8335565550e+04 5.4969894888e+04 5.5182772964e+04 5.6182778287e+04 1.5569886974e+00 1.5786091630e+00 1.5776740414e+00 1.5740241512e+00 1.5819544250e+00 3.1265174130e+03 2.3840020142e+03 2.4482238770e+03 1.4103683454e+03 1.2972103271e+03 1.3710442200e+03 0 0
197 5.3694125659e+04 5.7805624086e+04 5.7229542022e+04 5.3215855682e+04 5.4497719292e+04 1.5523089888e+00 1.5727827842e+00 1.5721951583e+00 1.5690495212e+00 1.5765455527e+00 2.3267878038e+03 2.8340317383e+03 3.0601803589e+03 1.2200791300e+03 1.3534267578e+03 1.4264947205e+03 0 0
198 5.7670265262e+04 5.4442444618e+04 5.5405230078e+04 5.3743121160e+04 5.4445721962e+04 1.5476311973e+00 1.5674188060e+00 1.5668330999e+00 1.5639253122e+00 1.5716351344e+00 2.2830843760e+03 2.7424166260e+03 3.4596537476e+03 1.1970685969e+03 1.3276119385e+03 1.4639797363e+03 0 0
199 5.7763090486e+04 5.3139348284e+04 5.4755597778e+04 5.3681485523e+04 5.3839617235e+04 1.5432301236e+00 1.5622349366e+00 1.5613501770e+00 1.5586327341e+00 1.5664529555e+00 2.3910870187e+03 2.4422700806e+03 2.7679107666e+03 1.2030343868e+03 1.2835782471e+03 1.3680324402e+03 0 0
200 5.2950953151e+04 5.2798470281e+04 5.6511660248e+04 5.2440824402e+04 5.4688983022e+04 1.5391290193e+00 1.5570872854e+00 1.5562329240e+00 1.5534166995e+00 1.5609626708e+00 2.4623137763e+03 1.9057469788e+03 2.0815803833e+03 1.2016243167e+03 1.1575874634e+03 1.2037412415e+03 0 0
201 5.1386758668e+04 5.1501967030e+04 5.4691321140e+04 5.5928914883e+04 5.3488552794e+04 1.5350652108e+00 1.5522173853e+00 1.5514908249e+00 1.5487767378e+00 1.5555567138e+00 2.0260692335e+03 2.0073991089e+03 2.0682076416e+03 1.0984696903e+03 1.1340494080e+03 1.1898918762e+03 0 0
202 4.8571135368e+04 5.2853548604e+04 5.7618599219e+04 5.2580956553e+04 5.1916900986e+04 1.5311166598e+00 1.5476695715e+00 1.5471304633e+00 1.5442669602e+00 1.5509545194e+00 1.7199573913e+03 2.1619226685e+03 2.1757141724e+03 1.0159657974e+03 1.1672516174e+03 1.1739958801e+03 0 0
203 5.1202367544e+04 5.1448265588e+04 5.2309895049e+04 5.2780001061e+04 5.2750347563e+04 1.5270715433e+00 1.5430015172e+00 1.5424873156e+00 1.5400589116e+00 1.5468911970e+00 1.6795865545e+03 2.4264988403e+03 2.8316412354e+03 9.9985587037e+02 1.1897397766e+03 1.2724952698e+03 0 0
204 4.9166939412e+04 4.9166117764e+04 4.9982432754e+04 5.1878879248e+04 5.2251267391e+04 1.5232330080e+00 1.5389197647e+00 1.5382150961e+00 1.5359339646e+00 1.5422659456e+00 1.6043112351e+03 2.1075149536e+03 2.2780775146e+03 9.7613709102e+02 1.1219124146e+03 1.2019044800e+03 0 0
205 4.8499519624e+04 4.8424081282e+04 4.8223522227e+04 5.3641488421e+04 5.0454208308e+04 1.5198982667e+00 1.5350586084e+00 1.5341592068e+00 1.5322247621e+00 1.5379872859e+00 1.6781248345e+03 1.8136363525e+03 2.0924276733e+03 9.6874072952e+02 1.0267106628e+03 1.1242353821e+03 0 0
206 4.8440618182e+04 4.9906087805e+04 4.9772029414e+04 5.0841625780e+04 5.0449682179e+04 1.5166536719e+00 1.5314702847e+00 1.5305824256e+00 1.5284829717e+00 1.5338922211e+00 1.9534141272e+03 1.9562394409e+03 1.8224406433e+03 1.0252209643e+03 1.0496777344e+03 1.0468820801e+03 0 0
207 4.8307813464e+04 4.9358532231e+04 4.8882267705e+04 4.9594384198e+04 5.5817852341e+04 1.5132460392e+00 1.5278089690e+00 1.5271530174e+00 1.5248275542e+00 1.5302682338e+00 1.9419481890e+03 2.0104749451e+03 1.8770802917e+03 1.0187301499e+03 1.0524020386e+03 1.0252780762e+03 0 0
208 4.7885153629e+04 4.8201940542e+04 4.8445381699e+04 4.8408903644e+04 5.3266458339e+04 1.5092450691e+00 1.5241797103e+00 1.5237155771e+00 1.5214270789e+00 1.5267148195e+00 1.6698001130e+03 1.9626960449e+03 2.1153411865e+03 9.5757197616e+02 1.0398339539e+03 1.0775618591e+03 0 0
209 4.6451624253e+04 4.7547367204e+04 4.8104542156e+04 4.9592092273e+04 5.3451668187e+04 1.5051079947e+00 1.5209177007e+00 1.5202992452e+00 1.5180343326e+00 1.5231153731e+00 1.6843222820e+03 1.7522727051e+03 2.0647923584e+03 9.3361508743e+02 9.9589752197e+02 1.0577782288e+03 0 0
210 4.6380746342e+04 4.7081456562e+04 4.7738860313e+04 4.8317223761e+04 5.0919109497e+04 1.5013115948e+00 1.5179685181e+00 1.5171686990e+00 1.5145606681e+00 1.5196403471e+00 1.7611839423e+03 1.6650310974e+03 1.9149295349e+03 9.4416151718e+02 9.6810096741e+02 1.0298742676e+03 0 0
211 4.5528296383e+04 4.7667394307e+04 4.6518271335e+04 4.7476677896e+04 5.0238817820e+04 1.4977672646e+00 1.5147078517e+00 1.5141102669e+00 1.5108774484e+00 1.5163801021e+00 1.7546717736e+03 1.7210322571e+03 1.7424710083e+03 9.2018979333e+02 9.6146392822e+02 9.8464390564e+02 0 0
212 4.4786539988e+04 4.7761125615e+04 4.7211499616e+04 4.8105994969e+04 4.8174955817e+04 1.4943510767e+00 1.5109507494e+00 1.5106142191e+00 1.5067316403e+00 1.5129021296e+00 2.0835484450e+03 1.6575773315e+03 1.8189025574e+03 9.7274355708e+02 9.4097497559e+02 9.9014595032e+02 0 0
213 4.6714414624e+04 4.9324465653e+04 4.8280468598e+04 4.6189336951e+04 5.1430919261e+04 1.4907943617e+00 1.5069230648e+00 1.5066333608e+00 1.5028529861e+00 1.5091344028e+00 1.7983433813e+03 1.7963836670e+03 1.7975737610e+03 9.3306981503e+02 9.4176438904e+02 9.7213626099e+02 0 0
214 4.3908049395e+04 4.9145775648e+04 4.7572146472e+04 4.6821959976e+04 5.2174427453e+04 1.4873684377e+00 1.5028475341e+00 1.5024105955e+00 1.4991490311e+00 1.5052227261e+00 1.5050758787e+03 1.8449510193e+03 1.8032280884e+03 8.6457567938e+02 9.5298878479e+02 9.5437815857e+02 0 0
215 4.4061685726e+04 4.7560607566e+04 4.5691688872e+04 4.5473756476e+04 4.9962033586e+04 1.4840250066e+00 1.4993254657e+00 1.4986310282e+00 1.4955499395e+00 1.5014513629e+00 1.3773808900e+03 1.6710024719e+03 2.0776946411e+03 8.1449034587e+02 9.1094749451e+02 9.8992698669e+02 0 0
216 4.5088202818e+04 4.5831768895e+04 4.5854639198e+04 4.5254177796e+04 4.5494603812e+04 1.4806964550e+00 1.4959985079e+00 1.4952453507e+00 1.4920331841e+00 1.4978219141e+00 1.5054476781e+03 1.5824384155e+03 1.9404487000e+03 8.2874040772e+02 8.8165647888e+02 9.6198530579e+02 0 0
217 4.4837345544e+04 4.5538016821e+04 4.4646072705e+04 4.3431415726e+04 4.7159119924e+04 1.4775344727e+00 1.4926301040e+00 1.4917632629e+00 1.4888534200e+00 1.4945292031e+00 1.7014825927e+03 1.8807305298e+03 1.9618610840e+03 8.5318785780e+02 9.0868328857e+02 9.5264122009e+02 0 0
218 4.3521140158e+04 4.6779920479e+04 4.4512500357e+04 4.2912990294e+04 4.7614860201e+04 1.4744268287e+00 1.4893754535e+00 1.4884334424e+00 1.4859281503e+00 1.4913405735e+00 1.8088568835e+03 2.3421633301e+03 2.0429032288e+03 8.8042969483e+02 9.8780949402e+02 9.5238934326e+02 0 0
219 4.2139977289e+04 4.7684850760e+04 4.3372498568e+04 4.4455290979e+04 4.6710837458e+04 1.4710720584e+00 1.4861546432e+00 1.4853991320e+00 1.4829047590e+00 1.4880732737e+00 1.5371375407e+03 1.8455568237e+03 2.0839122925e+03 8.2945724803e+02 9.0799382019e+02 9.6873916626e+02 0 0
220 4.0578746029e+04 4.7452229115e+04 4.3726865701e+04 4.3968477436e+04 4.5773402233e+04 1.4679219229e+00 1.4829482398e+00 1.4823875640e+00 1.4794586612e+00 1.4847118682e+00 1.7956027821e+03 1.4186685486e+03 1.5697358398e+03 8.4835798445e+02 8.2319584656e+02 8.6767814636e+02 0 0
221 4.1208320559e+04 4.6073966272e+04 4.4324004151e+04 4.3418693854e+04 4.4586588836e+04 1.4649687972e+00 1.4797805744e+00 1.4792080944e+00 1.4759278771e+00 1.4814165981e+00 2.0109978855e+03 1.3445353699e+03 1.3899250183e+03 8.8248063479e+02 7.8660552979e+02 8.0859890747e+02 0 0
222 4.1922810397e+04 4.4451304413e+04 4.3372480861e+04 4.2782097190e+04 4.3213200946e+04 1.4618609513e+00 1.4764468031e+00 1.4758006136e+00 1.4727706568e+00 1.4782583819e+00 1.5765006968e+03 1.5747292480e+03 1.5436489563e+03 8.1952086937e+02 8.2698464966e+02 8.2276437378e+02 0 0
223 4.3190911956e+04 4.3293055332e+04 4.3115563408e+04 4.1728429446e+04 4.1992425984e+04 1.4585462190e+00 1.4729752052e+00 1.4722913420e+00 1.4697588595e+00 1.4752778139e+00 1.2834064411e+03 1.8266531372e+03 2.0897366943e+03 7.4496972890e+02 8.6458438110e+02 9.0875123596e+02 0 0
224 4.5072368974e+04 4.2457361953e+04 4.2766422717e+04 4.1088049844e+04 4.3050134123e+04 1.4555555811e+00 1.4697025039e+00 1.4690418267e+00 1.4666543631e+00 1.4720144630e+00 1.3154842982e+03 1.9416906433e+03 1.8844611206e+03 7.2239054310e+02 8.8064157104e+02 8.9495944214e+02 0 0
225 4.5129923990e+04 4.0965221542e+04 4.2546051850e+04 4.2036722993e+04 4.2632743848e+04 1.4527607732e+00 1.4665225238e+00 1.4656822520e+00 1.4635021251e+00 1.4687940861e+00 1.5401440726e+03 1.6294146729e+03 1.6288012695e+03 7.5418506750e+02 8.1683271790e+02 8.4204867554e+02 0 0
226 4.1399546298e+04 4.0555067156e+04 4.1541169170e+04 4.0125346005e+04 4.2353822401e+04 1.4497960305e+00 1.4635734626e+00 1.4622587175e+00 1.4605268357e+00 1.4655451778e+00 1.5000508769e+03 1.5589746399e+03 1.4528503723e+03 7.5355102607e+02 7.9514907837e+02 7.9466386414e+02 0 0
227 4.0803216965e+04 4.1106052109e+04 4.0998780079e+04 4.0846116682e+04 4.1314825620e+04 1.4468127909e+00 1.4605299380e+00 1.4590374213e+00 1.4577706759e+00 1.4622556088e+00 1.2699991419e+03 1.7413900757e+03 1.4300401001e+03 7.0062722535e+02 8.0893974304e+02 7.7189588928e+02 0 0
228 3.9894486486e+04 4.0032719418e+04 4.2139544184e+04 4.0958449971e+04 4.1464591931e+04 1.4437673427e+00 1.4575592420e+00 1.4560086333e+00 1.4547562468e+00 1.4590858732e+00 1.1114964229e+03 1.4506260376e+03 1.4125740662e+03 6.6463173820e+02 7.5948571777e+02 7.7137792969e+02 0 0
229 3.8574511677e+04 3.9790148731e+04 4.2920761223e+04 3.9785215344e+04 4.0473194685e+04 1.4408137560e+00 1.4545532575e+00 1.4528974814e+00 1.4516933163e+00 1.4562490483e+00 1.0312466136e+03 1.2311152039e+03 1.4175822144e+03 6.3639289169e+02 6.9660771179e+02 7.4705525208e+02 0 0
230 3.8281429248e+04 4.0589105139e+04 4.3957353879e+04 3.8092461826e+04 3.8764959022e+04 1.4380739885e+00 1.4514131462e+00 1.4500297638e+00 1.4489284915e+00 1.4535046013e+00 1.0073057409e+03 1.4672868652e+03 1.5839137268e+03 6.1757663772e+02 7.2854797363e+02 7.5555731201e+02 0 0
231 3.7940540264e+04 3.8166362572e+04 4.2130228578e+04 3.9221962827e+04 3.9880435705e+04 1.4353128857e+00 1.4484334799e+00 1.4471928871e+00 1.4462005142e+00 1.4506896267e+00 1.1083147898e+03 1.5218305664e+03 1.7522246094e+03 6.4013461861e+02 7.3998989868e+02 7.9019421387e+02 0 0
232 3.8316561788e+04 3.8251556413e+04 4.1138128300e+04 3.8455999168e+04 3.8461590607e+04 1.4327294145e+00 1.4456941233e+00 1.4442920558e+00 1.4433400275e+00 1.4478259617e+00 1.1403331898e+03 1.2908883057e+03 1.4853570557e+03 6.3532291433e+02 6.9589088440e+02 7.4152052307e+02 0 0
233 3.7162702970e+04 3.9426534009e+04 3.9436105284e+04 3.9216897583e+04 3.9807601284e+04 1.4301159998e+00 1.4428231384e+00 1.4414681657e+00 1.4406099276e+00 1.4450709672e+00 1.1968009070e+03 1.1986799927e+03 1.3992834473e+03 6.4114692447e+02 6.6379492188e+02 7.1363027954e+02 0 0
234 3.7218043928e+04 3.8730312676e+04 3.8802700112e+04 4.0853561705e+04 3.8853824934e+04 1.4273851391e+00 1.4399730626e+00 1.4387965659e+00 1.4381030198e+00 1.4422762627e+00 1.1900469710e+03 1.2330436096e+03 1.2945399780e+03 6.3643801257e+02 6.5821415710e+02 6.9013957214e+02 0 0
235 3.6280593959e+04 3.8122300875e+04 3.7708037127e+04 3.9625381765e+04 3.9841657797e+04 1.4247020280e+00 1.4372827185e+00 1.4363608681e+00 1.4355572724e+00 1.4396651718e+00 1.1070923468e+03 1.3475326233e+03 1.3401215515e+03 6.1082027206e+02 6.8198155212e+02 6.8451170349e+02 0 0
236 3.6004029452e+04 3.8937838461e+04 3.7376952043e+04 3.7729845587e+04 4.0640755898e+04 1.4220340169e+00 1.4346368587e+00 1.4339887655e+00 1.4330906986e+00 1.4370472573e+00 1.0488034246e+03 1.4055557251e+03 1.2724936218e+03 5.8791525597e+02 6.8114802551e+02 6.7396830750e+02 0 0
237 3.4979527637e+04 3.8923779467e+04 3.8111939547e+04 3.7511753465e+04 3.9774880113e+04 1.4196486826e+00 1.4320315429e+00 1.4314696168e+00 1.4306729415e+00 1.4343279666e+00 1.1481519819e+03 1.4093824158e+03 1.0834957581e+03 5.9178539185e+02 6.7569857788e+02 6.3655792236e+02 0 0
238 3.5817874499e+04 3.7851264285e+04 3.8955763219e+04 3.7595914672e+04 3.9296273615e+04 1.4173755194e+00 1.4295533360e+00 1.4289386043e+00 1.4281146021e+00 1.4316514200e+00 1.3271148438e+03 1.3588156433e+03 1.0854248047e+03 6.2131943564e+02 6.6581106567e+02 6.2076446533e+02 0 0
239 3.4319434338e+04 3.7452391112e+04 3.7551268847e+04 3.7966135647e+04 4.0892619579e+04 1.4149441909e+00 1.4270371621e+00 1.4264548694e+00 1.4255668037e+00 1.4290526793e+00 1.3183980637e+03 1.2961820374e+03 1.1856470337e+03 6.1665824759e+02 6.4040055847e+02 6.2961245728e+02 0 0
240 3.5287759936e+04 3.6682000382e+04 3.6826187204e+04 3.8970429815e+04 3.9303491143e+04 1.4122240710e+00 1.4243101281e+00 1.4238137020e+00 1.4230460180e+00 1.4265131639e+00 1.1598262232e+03 1.2253120117e+03 1.3051795654e+03 5.8898820583e+02 6.2267501831e+02 6.5144894409e+02 0 0
241 3.3326617299e+04 3.5813279325e+04 3.5869778700e+04 3.8499298279e+04 3.7527910467e+04 1.4094804274e+00 1.4215875608e+00 1.4210913143e+00 1.4205704618e+00 1.4239002058e+00 1.1282690311e+03 1.1600711975e+03 1.1848406677e+03 5.7502824302e+02 5.9949122620e+02 6.2035910034e+02 0 0
242 3.3354076990e+04 3.5960862281e+04 3.5728609041e+04 3.7570807391e+04 3.5906167493e+04 1.4067362533e+00 1.4191359636e+00 1.4185429833e+00 1.4181779863e+00 1.4212279232e+00 1.1534881104e+03 1.1684368896e+03 1.0678203125e+03 5.7371572093e+02 5.9844804382e+02 5.8958393860e+02 0 0
243 3.4391100901e+04 3.5610331984e+04 3.4619766839e+04 3.6284218498e+04 3.6243443545e+04 1.4038133167e+00 1.4168660672e+00 1.4162122756e+00 1.4156313922e+00 1.4187302841e+00 1.0191488880e+03 1.0561445007e+03 1.0388948975e+03 5.4856791627e+02 5.7378959656e+02 5.7502844238e+02 0 0
244 3.2911216564e+04 3.5006482600e+04 3.4834285639e+04 3.4797009527e+04 3.4602862309e+04 1.4008833380e+00 1.4144696093e+00 1.4138452858e+00 1.4127761847e+00 1.4162657079e+00 8.4426674630e+02 1.0065974121e+03 1.0701383362e+03 5.0484560360e+02 5.5745721436e+02 5.7240968323e+02 0 0
245 3.3947394911e+04 3.4301358107e+04 3.4438616465e+04 3.5953733826e+04 3.4424861714e+04 1.3981215208e+00 1.4117953589e+00 1.4111278365e+00 1.4097986590e+00 1.4139314925e+00 7.7961580379e+02 9.4025349426e+02 1.3329671021e+03 4.8473192055e+02 5.4559014893e+02 6.0279953003e+02 0 0
246 3.2211081718e+04 3.5076120196e+04 3.4236663389e+04 3.4094719826e+04 3.4580068247e+04 1.3955580786e+00 1.4089503048e+00 1.4082525024e+00 1.4067969797e+00 1.4113259510e+00 8.0416965578e+02 8.5633209229e+02 1.4251171875e+03 4.8513229760e+02 5.1792321777e+02 6.3504220581e+02 0 0
247 3.2056210823e+04 3.6151110412e+04 3.3308770256e+04 3.3630142670e+04 3.4753090222e+04 1.3931277036e+00 1.4062367599e+00 1.4056796865e+00 1.4037499559e+00 1.4083610359e+00 9.5080841812e+02 8.0452986145e+02 1.0463530579e+03 5.0143849629e+02 4.9922827911e+02 5.6296311951e+02 0 0
248 3.2158808682e+04 3.5566447110e+04 3.3399914730e+04 3.3535236633e+04 3.4712522697e+04 1.3906390699e+00 1.4034562229e+00 1.4029873756e+00 1.4009674922e+00 1.4056667002e+00 1.1177894710e+03 8.1508859253e+02 1.0837893982e+03 5.3208480003e+02 4.9176438904e+02 5.5128646851e+02 0 0
249 3.2402564986e+04 3.5480246222e+04 3.2578306402e+04 3.4545093081e+04 3.2707804084e+04 1.3880141751e+00 1.4007473671e+00 1.4001937731e+00 1.3983222241e+00 1.4030946334e+00 9.2888308852e+02 8.7170376587e+02 1.1937744446e+03 4.8810348555e+02 4.9993908691e+02 5.6579962158e+02 0 0
250 3.1482961724e+04 3.5105861391e+04 3.3573814558e+04 3.4392735977e+04 3.3358492052e+04 1.3853774037e+00 1.3982632436e+00 1.3976429701e+00 1.3958990575e+00 1.4004055479e+00 8.8211373562e+02 9.4851489258e+02 1.1249588013e+03 4.7466106711e+02 5.1094261932e+02 5.5603475952e+02 0 0
251 3.0349196531e+04 3.3301329703e+04 3.3113110395e+04 3.3538167869e+04 3.3959991519e+04 1.3828230344e+00 1.3957770709e+00 1.3951769228e+00 1.3935612696e+00 1.3977485044e+00 8.8214820791e+02 1.0391260986e+03 9.1825564575e+02 4.6449928891e+02 5.2073596191e+02 5.1298434448e+02 0 0
252 3.0262993289e+04 3.2205816121e+04 3.2453776606e+04 3.4388239850e+04 3.3499950090e+04 1.3802630126e+00 1.3932789306e+00 1.3927170927e+00 1.3909977471e+00 1.3952649448e+00 8.7277573600e+02 9.9893084717e+02 8.8779669189e+02 4.5464525425e+02 5.0953275299e+02 5.0089943695e+02 0 0
253 2.9116466042e+04 3.0925615014e+04 3.1586683777e+04 3.2351327392e+04 3.2396645752e+04 1.3777797971e+00 1.3910015217e+00 1.3902608326e+00 1.3882985387e+00 1.3928136998e+00 8.9664574515e+02 8.7344918823e+02 9.6764926147e+02 4.4894784174e+02 4.7564139557e+02 5.0670011139e+02 0 0
254 3.1216141880e+04 3.2674736418e+04 3.3169107555e+04 3.1881661186e+04 3.2516771303e+04 1.3751692432e+00 1.3886414930e+00 1.3875646662e+00 1.3857116211e+00 1.3903582790e+00 8.1283146613e+02 8.6305757141e+02 1.0185900879e+03 4.3522838921e+02 4.6432178497e+02 5.1042683411e+02 0 0
255 2.9245775138e+04 3.1445714493e+04 3.2110156399e+04 3.0329864358e+04 3.3254174595e+04 1.3723775269e+00 1.3859890854e+00 1.3848039346e+00 1.3833042562e+00 1.3877531039e+00 6.4619412668e+02 1.0155029907e+03 9.2831739807e+02 3.9328059532e+02 4.8234349823e+02 4.8560134125e+02 0 0
256 2.9624113922e+04 3.2181884096e+04 2.9875289589e+04 2.9325726044e+04 3.1477095673e+04 1.3695249876e+00 1.3833328483e+00 1.3822752580e+00 1.3809981427e+00 1.3851195667e+00 6.1540188304e+02 1.0755967712e+03 9.2908079529e+02 3.7930592200e+02 4.8239686584e+02 4.7496201324e+02 0 0
257 2.9061236001e+04 3.1400043822e+04 3.0775774369e+04 3.0387492164e+04 3.1423323822e+04 1.3667245058e+00 1.3807298263e+00 1.3798510917e+00 1.3785610770e+00 1.3826420833e+00 6.3332310431e+02 9.9715321350e+02 9.9495693970e+02 3.7739258436e+02 4.7161734772e+02 4.8429420471e+02 0 0
258 2.8280108256e+04 3.0284961284e+04 2.8596062386e+04 3.0444893168e+04 2.9637338612e+04 1.3640824298e+00 1.3781669128e+00 1.3773916668e+00 1.3760028730e+00 1.3802824098e+00 6.7269998801e+02 8.3972352600e+02 9.6693434143e+02 3.8303375887e+02 4.3179464722e+02 4.6682357025e+02 0 0
259 2.9393116070e+04 3.1625786947e+04 2.9664115426e+04 3.1793195750e+04 3.0139167341e+04 1.3616681679e+00 1.3757768727e+00 1.3750242081e+00 1.3734896412e+00 1.3778410378e+00 7.3623597477e+02 8.5066247559e+02 9.6212591553e+02 3.8929654720e+02 4.2845027924e+02 4.5872961426e+02 0 0
260 2.7007172365e+04 2.8656611942e+04 2.8486657649e+04 3.0228535393e+04 3.0731614471e+04 1.3595493596e+00 1.3732212360e+00 1.3724869098e+00 1.3709841455e+00 1.3753116677e+00 9.7062347743e+02 8.2141636658e+02 9.1192384338e+02 4.2180050713e+02 4.1839467621e+02 4.4877649689e+02 0 0
261 2.7818907817e+04 3.0067516559e+04 3.0378994848e+04 3.0623297798e+04 2.9127946169e+04 1.3573457159e+00 1.3705423189e+00 1.3698682574e+00 1.3682949034e+00 1.3727549992e+00 9.2435237045e+02 7.6183621216e+02 7.8736122131e+02 4.1836476960e+02 4.0639933777e+02 4.1631909180e+02 0 0
262 2.5881874946e+04 2.9153651984e+04 3.0625104473e+04 2.8632454872e+04 3.0997348016e+04 1.3551088565e+00 1.3678682753e+00 1.3672023511e+00 1.3656234571e+00 1.3701925259e+00 7.3897849316e+02 6.9844496155e+02 8.3236218262e+02 3.7495598222e+02 3.8864365387e+02 4.1932384491e+02 0 0
263 2.8114644523e+04 3.0336907159e+04 3.3491904216e+04 2.8602746721e+04 2.8978213057e+04 1.3530134724e+00 1.3652961222e+00 1.3645578550e+00 1.3631404676e+00 1.3676389774e+00 6.6955223361e+02 7.1810815430e+02 7.9839923096e+02 3.5533604285e+02 3.9048719025e+02 4.0997955322e+02 0 0
264 2.6448972441e+04 2.8703325522e+04 3.1761097210e+04 2.8294433658e+04 3.0001019716e+04 1.3510275420e+00 1.3628743866e+00 1.3621134976e+00 1.3607705495e+00 1.3650706812e+00 6.1591300310e+02 7.1749577332e+02 7.8461715698e+02 3.4221488869e+02 3.8633880615e+02 4.0578995514e+02 0 0
265 2.5968238985e+04 2.9093032568e+04 2.9780888368e+04 2.7959183965e+04 2.8149752681e+04 1.3489095935e+00 1.3605603238e+00 1.3598073593e+00 1.3584308904e+00 1.3624263242e+00 5.6557477407e+02 6.8264186096e+02 7.0885643005e+02 3.2495775722e+02 3.7362744141e+02 3.9003810883e+02 0 0
266 2.7619104880e+04 2.7919326066e+04 2.8947417156e+04 2.7230298419e+04 2.8403249392e+04 1.3467513933e+00 1.3582788626e+00 1.3574273771e+00 1.3561390183e+00 1.3600324362e+00 5.4318484111e+02 6.1635096741e+02 6.9611212158e+02 3.1516178984e+02 3.5020439911e+02 3.8250541687e+02 0 0
267 2.5480364257e+04 2.7194793619e+04 2.6623623795e+04 2.6346564102e+04 2.8363501053e+04 1.3447022016e+00 1.3561725565e+00 1.3550873198e+00 1.3540573726e+00 1.3577943491e+00 4.8355632338e+02 6.3353918457e+02 6.9544035339e+02 2.9552428361e+02 3.4444507599e+02 3.7339873505e+02 0 0
268 2.6140587791e+04 2.6911260394e+04 2.7673726457e+04 2.7165286084e+04 2.8126370829e+04 1.3425258697e+00 1.3541622186e+00 1.3529013914e+00 1.3521505133e+00 1.3556281479e+00 4.9303065370e+02 6.9776399231e+02 7.5104409790e+02 2.9705008258e+02 3.5126736450e+02 3.7257037354e+02 0 0
269 2.5921379576e+04 2.7356971762e+04 2.6247270944e+04 2.5324800809e+04 2.8008017138e+04 1.3401542127e+00 1.3521309348e+00 1.3509236752e+00 1.3503156930e+00 1.3535800625e+00 4.6240102980e+02 7.5671925354e+02 7.6131060791e+02 2.8989124340e+02 3.5794502258e+02 3.6999661255e+02 0 0
270 2.5354180877e+04 2.7755344855e+04 2.6388770945e+04 2.6785854177e+04 2.6919475775e+04 1.3377044922e+00 1.3501274797e+00 1.3491120834e+00 1.3483491792e+00 1.3516075706e+00 4.5929900498e+02 6.5319947815e+02 6.9634277344e+02 2.8482743993e+02 3.3724343109e+02 3.5596007538e+02 0 0
271 2.5719561199e+04 2.6394058725e+04 2.4873779287e+04 2.5887703336e+04 2.6719607183e+04 1.3352681330e+00 1.3481944858e+00 1.3473273066e+00 1.3461986334e+00 1.3496319253e+00 5.0398066929e+02 5.3234188843e+02 6.3147273254e+02 2.9352261625e+02 3.0802639008e+02 3.3757322693e+02 0 0
272 2.5057279702e+04 2.7545967981e+04 2.6387980294e+04 2.5641686060e+04 2.5090989618e+04 1.3330253062e+00 1.3462131856e+00 1.3453760609e+00 1.3441364053e+00 1.3478250071e+00 4.8218520001e+02 5.1856126404e+02 7.0952665710e+02 2.8111051328e+02 2.9668604279e+02 3.3845559692e+02 0 0
273 2.4816715898e+04 2.6421721973e+04 2.6301104464e+04 2.4556242058e+04 2.5910664986e+04 1.3309597981e+00 1.3442001738e+00 1.3433156399e+00 1.3423506847e+00 1.3460282056e+00 5.2260037232e+02 7.9189863586e+02 8.2645951843e+02 2.8349099924e+02 3.3991778564e+02 3.5608333588e+02 0 0
274 2.5295518407e+04 2.6923268747e+04 2.5751101569e+04 2.6279842922e+04 2.5429844514e+04 1.3288289581e+00 1.3421214214e+00 1.3412690549e+00 1.3402276543e+00 1.3439916030e+00 5.3665566175e+02 7.4167967224e+02 6.7652925110e+02 2.8825985358e+02 3.4558818817e+02 3.3431123352e+02 0 0
275 2.3989370984e+04 2.5771223642e+04 2.6218154321e+04 2.5233496468e+04 2.6721810717e+04 1.3265890927e+00 1.3399535560e+00 1.3392453498e+00 1.3377239826e+00 1.3418116489e+00 4.9060929121e+02 5.1720480347e+02 5.3443154907e+02 2.7669566768e+02 2.9861347961e+02 3.0514903259e+02 0 0
276 2.4435850206e+04 2.5902583037e+04 2.5466064635e+04 2.4490580720e+04 2.4792597605e+04 1.3243572928e+00 1.3376037416e+00 1.3370093276e+00 1.3355204316e+00 1.3396231181e+00 4.3866231961e+02 5.5538787842e+02 5.3761674500e+02 2.6200144086e+02 2.9552504730e+02 3.0225146484e+02 0 0
277 2.3879370299e+04 2.5597283606e+04 2.5257507716e+04 2.5214822308e+04 2.6070977580e+04 1.3224472783e+00 1.3351674304e+00 1.3346539072e+00 1.3334841371e+00 1.3373744906e+00 4.6612568275e+02 6.1096752930e+02 5.6885873413e+02 2.6203356616e+02 3.0401480103e+02 3.0410814667e+02 0 0
278 2.3291945773e+04 2.4242216400e+04 2.4200733873e+04 2.4028995818e+04 2.4732025554e+04 1.3206134563e+00 1.3329145494e+00 1.3324106322e+00 1.3313848517e+00 1.3350489375e+00 5.3857744339e+02 5.2378002930e+02 6.0345555115e+02 2.7252642025e+02 2.8519158936e+02 3.1000360107e+02 0 0
279 2.3693203483e+04 2.5694976318e+04 2.6906528576e+04 2.5493669175e+04 2.4276919739e+04 1.3185723395e+00 1.3308480280e+00 1.3303206595e+00 1.3292764333e+00 1.3329537868e+00 5.0276511120e+02 5.2102891541e+02 6.1511769104e+02 2.6469425335e+02 2.8403575897e+02 3.0121907806e+02 0 0
280 2.3703407082e+04 2.3265336963e+04 2.6777601386e+04 2.4200866100e+04 2.4318031499e+04 1.3164192130e+00 1.3289220723e+00 1.3282599835e+00 1.3270972217e+00 1.3311172975e+00 4.3802165973e+02 4.7006054688e+02 7.2006199646e+02 2.4896133072e+02 2.7044610596e+02 3.1556189728e+02 0 0
281 2.2350578028e+04 2.4725709373e+04 2.7163936092e+04 2.4890148413e+04 2.4845625128e+04 1.3143271367e+00 1.3270130279e+00 1.3262709987e+00 1.3249962050e+00 1.3291397955e+00 4.5544861500e+02 4.7549811554e+02 6.1926113892e+02 2.4707667281e+02 2.6558273315e+02 3.0426354218e+02 0 0
282 2.1924502994e+04 2.3056554469e+04 2.4510746704e+04 2.4532534480e+04 2.4408554566e+04 1.3125093091e+00 1.3249449110e+00 1.3241712806e+00 1.3230964397e+00 1.3269583564e+00 5.9792605551e+02 5.2500399780e+02 5.1283598328e+02 2.6403973248e+02 2.7141990662e+02 2.8118267059e+02 0 0
283 2.2016003214e+04 2.4731196170e+04 2.3894829566e+04 2.2934380131e+04 2.4772971077e+04 1.3106645750e+00 1.3229405504e+00 1.3221507610e+00 1.3214396397e+00 1.3248435723e+00 6.2406853222e+02 6.5171693420e+02 4.8501990509e+02 2.7329039017e+02 2.8666780090e+02 2.6909912109e+02 0 0
284 2.2077460393e+04 2.5146503216e+04 2.4421016523e+04 2.2758648818e+04 2.7015108069e+04 1.3086722540e+00 1.3209614002e+00 1.3202060241e+00 1.3195642231e+00 1.3228101147e+00 4.2432816264e+02 5.7745062256e+02 4.9382289886e+02 2.3475965434e+02 2.7846589661e+02 2.6904634857e+02 0 0
285 2.1772743686e+04 2.4489994038e+04 2.2139357895e+04 2.4561610371e+04 2.6709190628e+04 1.3067083242e+00 1.3191226777e+00 1.3183554693e+00 1.3174867208e+00 1.3209245567e+00 3.3805101451e+02 4.9470848083e+02 5.1985607910e+02 2.1146028966e+02 2.5652716827e+02 2.6725502014e+02 0 0
286 2.2029571214e+04 2.5303678784e+04 2.2849390014e+04 2.5842957106e+04 2.5934859938e+04 1.3048608684e+00 1.3172123043e+00 1.3165414696e+00 1.3154411765e+00 1.3191150738e+00 3.3823924986e+02 5.3336357117e+02 5.8351077271e+02 2.0763267484e+02 2.6197052002e+02 2.7822505951e+02 0 0
287 2.2755062393e+04 2.3091497310e+04 2.2748023562e+04 2.3602782209e+04 2.3027835678e+04 1.3030534116e+00 1.3151383569e+00 1.3145156265e+00 1.3134991490e+00 1.3170113412e+00 3.3401730101e+02 5.2075302124e+02 4.2919969177e+02 2.0352190509e+02 2.5648146057e+02 2.4937807655e+02 0 0
288 2.1659991232e+04 2.2883007495e+04 2.3399611621e+04 2.4319863158e+04 2.3168723746e+04 1.3011974293e+00 1.3130745477e+00 1.3123004198e+00 1.3115812180e+00 1.3147384335e+00 3.0662922253e+02 4.6778067780e+02 3.9850174713e+02 1.9608800941e+02 2.4325348282e+02 2.3679304123e+02 0 0
289 2.1508097121e+04 2.2259030707e+04 2.2301633303e+04 2.1803262875e+04 2.3400655034e+04 1.2993469136e+00 1.3113187711e+00 1.3102383568e+00 1.3096797244e+00 1.3126057258e+00 2.9352250566e+02 4.1293323517e+02 4.3320440674e+02 1.8770169363e+02 2.2823802757e+02 2.4046915245e+02 0 0
290 2.1916912666e+04 2.3547525390e+04 2.1913318690e+04 2.2144635829e+04 2.2276298436e+04 1.2975815669e+00 1.3095395458e+00 1.3083338956e+00 1.3078490647e+00 1.3107150275e+00 3.0890445898e+02 3.9224821472e+02 4.5983470154e+02 1.8959337511e+02 2.2010762787e+02 2.3939750481e+02 0 0
291 2.1138186703e+04 2.2477154268e+04 2.2280652055e+04 2.1724983590e+04 2.2696838899e+04 1.2958863277e+00 1.3076593854e+00 1.3065161688e+00 1.3061267213e+00 1.3088976478e+00 3.0012621989e+02 3.9591137695e+02 4.6040169525e+02 1.8293974616e+02 2.1825438309e+02 2.3687364769e+02 0 0
292 2.2203002488e+04 2.3117667010e+04 2.0718758264e+04 2.1090057563e+04 2.1534704270e+04 1.2942734785e+00 1.3059026204e+00 1.3047922521e+00 1.3044945685e+00 1.3071743396e+00 3.5613337126e+02 4.0491450500e+02 4.6655549622e+02 1.8913097860e+02 2.1512094116e+02 2.3150526047e+02 0 0
293 2.1524570145e+04 2.1891084578e+04 2.2732140418e+04 2.0897862092e+04 2.1770697371e+04 1.2927851259e+00 1.3042782038e+00 1.3031099810e+00 1.3029347846e+00 1.3055387382e+00 4.1416625635e+02 4.5961959839e+02 5.2186228943e+02 1.9575651287e+02 2.1868161201e+02 2.4032030296e+02 0 0
294 2.1222329443e+04 2.2011232042e+04 2.1391298418e+04 2.0419303808e+04 2.0334445259e+04 1.2912926462e+00 1.3026306884e+00 1.3013766706e+00 1.3014390563e+00 1.3039338815e+00 3.7582554350e+02 5.6518612671e+02 4.7275321960e+02 1.8789162882e+02 2.3701734161e+02 2.3020190620e+02 0 0
295 1.9102585261e+04 2.1916382913e+04 2.1577275454e+04 2.0883230401e+04 2.2885470675e+04 1.2896402330e+00 1.3008801279e+00 1.2996643350e+00 1.2998214940e+00 1.3023628844e+00 3.1470239237e+02 4.2101425171e+02 4.5237117004e+02 1.7657570114e+02 2.1387062836e+02 2.2169489288e+02 0 0
296 1.9289996006e+04 2.0806571270e+04 2.0752265226e+04 2.0488698153e+04 2.2061801196e+04 1.2879921517e+00 1.2991583380e+00 1.2980954606e+00 1.2980766489e+00 1.3006565221e+00 2.7807272803e+02 3.3322072601e+02 4.0716994476e+02 1.6386108116e+02 1.9266698074e+02 2.1386846924e+02 0 0
297 1.8970317616e+04 2.0788057341e+04 1.9823093603e+04 2.0634796243e+04 2.1876722241e+04 1.2864907709e+00 1.2974824564e+00 1.2965748265e+00 1.2964219907e+00 1.2989250149e+00 3.2096610572e+02 3.2015834808e+02 3.5274878693e+02 1.7135781346e+02 1.8514335060e+02 1.9962957954e+02 0 0
298 1.8703101065e+04 1.9634796867e+04 1.9835621291e+04 1.9460328466e+04 2.2528880665e+04 1.2850636900e+00 1.2958654226e+00 1.2950362842e+00 1.2948430933e+00 1.2972802278e+00 3.2537840783e+02 3.2384336090e+02 3.4296667480e+02 1.6937450736e+02 1.8145133972e+02 1.9222138405e+02 0 0
299 1.8834646425e+04 1.9659097029e+04 1.9643148424e+04 1.9776601933e+04 2.0318740118e+04 1.2836245561e+00 1.2942746150e+00 1.2935077694e+00 1.2933395396e+00 1.2957512186e+00 3.4401526956e+02 3.6937147522e+02 4.1183696747e+02 1.6883382865e+02 1.8385392380e+02 2.0050707245e+02 0 0
300 1.9213633503e+04 1.9511907339e+04 2.0399531759e+04 1.9129022139e+04 1.9857115198e+04 1.2820735869e+00 1.2927154597e+00 1.2919880972e+00 1.2918712694e+00 1.2942727549e+00 3.4160113705e+02 3.9567633057e+02 4.5106164551e+02 1.6786056190e+02 1.8793000412e+02 2.0491903687e+02 0 0
301 1.8287425235e+04 1.8831333038e+04 2.0053703897e+04 1.9636133224e+04 1.9207885048e+04 1.2805014794e+00 1.2912187816e+00 1.2904275112e+00 1.2903262135e+00 1.2927849598e+00 2.8877170786e+02 3.5096540833e+02 4.0794466400e+02 1.5374340213e+02 1.8266749382e+02 1.9507670212e+02 0 0
302 1.7590278176e+04 1.8568255922e+04 1.9695375295e+04 1.9269919356e+04 2.1393621479e+04 1.2789093356e+00 1.2897537639e+00 1.2888283841e+00 1.2887232416e+00 1.2913320238e+00 2.4834150203e+02 2.7840747833e+02 3.9459265900e+02 1.4402798736e+02 1.6386315727e+02 1.8753072739e+02 0 0
303 1.7432089370e+04 1.8911601519e+04 1.8881066072e+04 2.2014639493e+04 2.0963340192e+04 1.2772677710e+00 1.2883272255e+00 1.2873753963e+00 1.2872176447e+00 1.2898270678e+00 2.4445610239e+02 3.0610534668e+02 3.8263034058e+02 1.4044287332e+02 1.6593463326e+02 1.8582344246e+02 0 0
304 1.7490096987e+04 1.8832141036e+04 1.8329105161e+04 2.1273051497e+04 1.9711766232e+04 1.2755730464e+00 1.2868352346e+00 1.2859679981e+00 1.2857709072e+00 1.2882455051e+00 2.5319818446e+02 3.3357763672e+02 3.3222702789e+02 1.4222135549e+02 1.6908909416e+02 1.7764435005e+02 0 0
305 1.6981296143e+04 1.9101816458e+04 1.8750966695e+04 2.1007445537e+04 1.8864692099e+04 1.2739008090e+00 1.2852729756e+00 1.2845693393e+00 1.2843116866e+00 1.2866696284e+00 2.2572550713e+02 3.1710957336e+02 2.7321784973e+02 1.3414375346e+02 1.6222009468e+02 1.6173197937e+02 0 0
306 1.6931036703e+04 1.8079968142e+04 1.8394071219e+04 1.9039126030e+04 1.9164240032e+04 1.2723257258e+00 1.2837811541e+00 1.2831098817e+00 1.2827476495e+00 1.2850803563e+00 2.2953283194e+02 3.0238764954e+02 2.7501746368e+02 1.3002741737e+02 1.5885961723e+02 1.6000791740e+02 0 0
307 1.6198473217e+04 1.8994344421e+04 1.9668340449e+04 1.8104556774e+04 1.8073308496e+04 1.2708236320e+00 1.2823236152e+00 1.2816078053e+00 1.2810676530e+00 1.2835597405e+00 2.3863131194e+02 2.4029718018e+02 2.8276800537e+02 1.2814787576e+02 1.4192776871e+02 1.5608512688e+02 0 0
308 1.6063065866e+04 1.7363360043e+04 1.8632336622e+04 1.8345379800e+04 1.8797235541e+04 1.2694721230e+00 1.2807778857e+00 1.2800166317e+00 1.2794148909e+00 1.2821152837e+00 2.9225265768e+02 2.3857043457e+02 3.1868047333e+02 1.3426816919e+02 1.4006520081e+02 1.5992156792e+02 0 0
309 1.5728502811e+04 1.7924465515e+04 1.9203882108e+04 1.7280229628e+04 1.7658006229e+04 1.2680643961e+00 1.2792420721e+00 1.2783863000e+00 1.2778053946e+00 1.2805937852e+00 3.2109203137e+02 2.3951476860e+02 3.1934837341e+02 1.4096505458e+02 1.3938154411e+02 1.5783642960e+02 0 0
310 1.6175414354e+04 1.7665261730e+04 1.9097947953e+04 1.7280333330e+04 1.8177570355e+04 1.2664456993e+00 1.2776780057e+00 1.2768164977e+00 1.2761681112e+00 1.2790277296e+00 2.4021715671e+02 2.4318435478e+02 2.9910702515e+02 1.2733309480e+02 1.3689949417e+02 1.5103322220e+02 0 0
311 1.6103898523e+04 1.8124661652e+04 1.7374206169e+04 1.6904762879e+04 1.7423228633e+04 1.2647905729e+00 1.2760718357e+00 1.2752498503e+00 1.2745376815e+00 1.2774013903e+00 1.8400879792e+02 2.4676690292e+02 2.7033163452e+02 1.1296826922e+02 1.3564780998e+02 1.4728480339e+02 0 0
312 1.5193512905e+04 1.8277291703e+04 1.7418225857e+04 1.6765824286e+04 1.7802809666e+04 1.2632327945e+00 1.2745072829e+00 1.2736845139e+00 1.2730188341e+00 1.2758398942e+00 1.7754199381e+02 2.2498167801e+02 2.5990724182e+02 1.1088953433e+02 1.2674121380e+02 1.4080934334e+02 0 0
313 1.6399717334e+04 1.7709723431e+04 1.6752070678e+04 1.6460158930e+04 1.6942949920e+04 1.2617235665e+00 1.2729064636e+00 1.2720626679e+00 1.2715702258e+00 1.2742902475e+00 1.8524502919e+02 2.4410487175e+02 2.8087082672e+02 1.1090498346e+02 1.2749756813e+02 1.4357033539e+02 0 0
314 1.5760551516e+04 1.8520106263e+04 1.7288585830e+04 1.5724015772e+04 1.7611865091e+04 1.2601985843e+00 1.2714530735e+00 1.2705580838e+00 1.2701621473e+00 1.2726963593e+00 1.9927479832e+02 2.7580284882e+02 2.4677264977e+02 1.1099799643e+02 1.3140279388e+02 1.3389578056e+02 0 0
315 1.5929379959e+04 1.6465238049e+04 1.6723441751e+04 1.6161496960e+04 1.8335343793e+04 1.2589871374e+00 1.2700433828e+00 1.2691177493e+00 1.2687583579e+00 1.2711952953e+00 2.9151345826e+02 3.1323847198e+02 2.5020310974e+02 1.2323570846e+02 1.3786215591e+02 1.2978822899e+02 0 0
316 1.4787650148e+04 1.6086420111e+04 1.6460011179e+04 1.5872699581e+04 1.7917799865e+04 1.2577399118e+00 1.2685867290e+00 1.2676566146e+00 1.2671978639e+00 1.2697488368e+00 2.5864358854e+02 2.3746930313e+02 2.4985643387e+02 1.2108703439e+02 1.2471275330e+02 1.2923784637e+02 0 0
317 1.5433072687e+04 1.6056309912e+04 1.6104424237e+04 1.5920639183e+04 1.6868819046e+04 1.2563762076e+00 1.2671390472e+00 1.2661309851e+00 1.2657114879e+00 1.2682843390e+00 2.1186349721e+02 2.2154224968e+02 2.4840470505e+02 1.1050618006e+02 1.1837550735e+02 1.2744381809e+02 0 0
318 1.6316752220e+04 1.6551381332e+04 1.5677878938e+04 1.5985049015e+04 1.5886648482e+04 1.2550194988e+00 1.2657374596e+00 1.2645368892e+00 1.2642759723e+00 1.2667206211e+00 2.2751341380e+02 2.3193827629e+02 2.4076827049e+02 1.1343838459e+02 1.2101569557e+02 1.2518747330e+02 0 0
319 1.6567749917e+04 1.6355177284e+04 1.6376633109e+04 1.5612632834e+04 1.5422194915e+04 1.2537124039e+00 1.2642169591e+00 1.2630152824e+00 1.2628592023e+00 1.2652492915e+00 2.2569359975e+02 2.2286824799e+02 2.3950145531e+02 1.1303658761e+02 1.1821505356e+02 1.2171710873e+02 0 0
320 1.6055158163e+04 1.5321132595e+04 1.5868800585e+04 1.5852736294e+04 1.5634343734e+04 1.2524026113e+00 1.2626915556e+00 1.2616193324e+00 1.2613896367e+00 1.2638454890e+00 2.1109966986e+02 1.9144724083e+02 2.6357669830e+02 1.1008598481e+02 1.1024461937e+02 1.2586200142e+02 0 0
321 1.5501312168e+04 1.5862612143e+04 1.5833381951e+04 1.5605605147e+04 1.5614006020e+04 1.2511418370e+00 1.2612990956e+00 1.2603806309e+00 1.2599712462e+00 1.2624937630e+00 1.9561222295e+02 1.9568478966e+02 2.7615850830e+02 1.0623014785e+02 1.0796856785e+02 1.2687503338e+02 0 0
322 1.5359431855e+04 1.4887643736e+04 1.5253190093e+04 1.5769024827e+04 1.5472593577e+04 1.2498207999e+00 1.2599726765e+00 1.2590026769e+00 1.2587092806e+00 1.2611336174e+00 1.9150141525e+02 2.2818659782e+02 2.6162528229e+02 1.0563692854e+02 1.1184059906e+02 1.2539679050e+02 0 0
323 1.5593243070e+04 1.5463175870e+04 1.5609679561e+04 1.4415704769e+04 1.5388983072e+04 1.2483558770e+00 1.2586744588e+00 1.2576101893e+00 1.2574855377e+00 1.2597613809e+00 1.9204183014e+02 2.5730559540e+02 2.1408644867e+02 1.0626273127e+02 1.1848510647e+02 1.1313031960e+02 0 0
324 1.4865087538e+04 1.5237114687e+04 1.6593006720e+04 1.5390530075e+04 1.5598026542e+04 1.2468245799e+00 1.2573376647e+00 1.2563290822e+00 1.2562072476e+00 1.2583341109e+00 1.6698455740e+02 2.4986656189e+02 2.1273724174e+02 1.0253150861e+02 1.1807332039e+02 1.1234914112e+02 0 0
325 1.5551320225e+04 1.4922743448e+04 1.5890820998e+04 1.5821567053e+04 1.5000315730e+04 1.2453022289e+00 1.2560404737e+00 1.2550500111e+00 1.2548807594e+00 1.2569695478e+00 1.5520529255e+02 2.1776912498e+02 1.9647590256e+02 9.7139529823e+01 1.1109321213e+02 1.0708590412e+02 0 0
326 1.4790075657e+04 1.4721229296e+04 1.5887443595e+04 1.6316336844e+04 1.4938365105e+04 1.2436834356e+00 1.2547952489e+00 1.2536934105e+00 1.2536428825e+00 1.2557212907e+00 1.5406618383e+02 2.3135627174e+02 2.2819755745e+02 9.6027163361e+01 1.1216414738e+02 1.1238773155e+02 0 0
327 1.5978326742e+04 1.5167774787e+04 1.5041755749e+04 1.5714458056e+04 1.4663345321e+04 1.2419798474e+00 1.2534989054e+00 1.2523020504e+00 1.2524161290e+00 1.2545033893e+00 1.6747639059e+02 2.2486117744e+02 2.7354840088e+02 9.9026807889e+01 1.1205598259e+02 1.2083159924e+02 0 0
328 1.6923923074e+04 1.4664498628e+04 1.5383391044e+04 1.5782384104e+04 1.5405482660e+04 1.2403622571e+00 1.2521546386e+00 1.2509606239e+00 1.2510797765e+00 1.2531986388e+00 2.0994217562e+02 1.9223269653e+02 2.3644151878e+02 1.0500601396e+02 1.0700692177e+02 1.1514675713e+02 0 0
329 1.6157275148e+04 1.4943452881e+04 1.4623207309e+04 1.5370952345e+04 1.4729794567e+04 1.2387644190e+00 1.2508822481e+00 1.2496619320e+00 1.2495813840e+00 1.2518532663e+00 2.2086636462e+02 1.7382882881e+02 1.9670229149e+02 1.0812140514e+02 1.0284677219e+02 1.0725550652e+02 0 0
330 1.5319401776e+04 1.5054068420e+04 1.5623224763e+04 1.5547952148e+04 1.4847368521e+04 1.2371371991e+00 1.2495897896e+00 1.2483471314e+00 1.2480415508e+00 1.2505575651e+00 1.8616233132e+02 1.7795199776e+02 1.9263006401e+02 1.0122171114e+02 1.0292463207e+02 1.0527623367e+02 0 0
331 1.3876488060e+04 1.5181547747e+04 1.5120535969e+04 1.5033722094e+04 1.4600648753e+04 1.2353825135e+00 1.2481838748e+00 1.2469031591e+00 1.2465457056e+00 1.2492514475e+00 1.5822242085e+02 1.7337491417e+02 2.0425489807e+02 9.4057116540e+01 1.0090233421e+02 1.0796788979e+02 0 0
332 1.4318613488e+04 1.5425369752e+04 1.4923927097e+04 1.5426929182e+04 1.5151174212e+04 1.2337948084e+00 1.2466589920e+00 1.2454242857e+00 1.2451076069e+00 1.2478938540e+00 1.6771640686e+02 1.9273569870e+02 2.2344786835e+02 9.4703759606e+01 1.0115851021e+02 1.1135473919e+02 0 0
333 1.4534194454e+04 1.4653348559e+04 1.3738449403e+04 1.5124979074e+04 1.4818809669e+04 1.2322590390e+00 1.2451154763e+00 1.2440836633e+00 1.2435950455e+00 1.2464174384e+00 1.4676537159e+02 2.6171368408e+02 2.1624872971e+02 9.0079870398e+01 1.1650885868e+02 1.1035342026e+02 0 0
334 1.4704356851e+04 1.5767654486e+04 1.4902496972e+04 1.4342146004e+04 1.4086053244e+04 1.2307101569e+00 1.2435612427e+00 1.2426853564e+00 1.2419344915e+00 1.2449803950e+00 1.4306161291e+02 2.1631413269e+02 2.1478384018e+02 8.7019449121e+01 1.0879822636e+02 1.0726835728e+02 0 0
335 1.5379550158e+04 1.6446513552e+04 1.4798098256e+04 1.5086487729e+04 1.4208391886e+04 1.2292127587e+00 1.2419560080e+00 1.2409833159e+00 1.2403175525e+00 1.2435821916e+00 1.6151436199e+02 1.9685020638e+02 2.3789267731e+02 9.0385257026e+01 1.0184550762e+02 1.1101739597e+02 0 0
336 1.5456869196e+04 1.5435741382e+04 1.5687923508e+04 1.5295508360e+04 1.4468941634e+04 1.2278918629e+00 1.2403398702e+00 1.2393072115e+00 1.2388135045e+00 1.2420312439e+00 1.9492641501e+02 2.2998081970e+02 2.2018037224e+02 9.4233256174e+01 1.0683275414e+02 1.0966807079e+02 0 0
337 1.5058413133e+04 1.5066921119e+04 1.5824234579e+04 1.4318218884e+04 1.4192687695e+04 1.2265321503e+00 1.2386267805e+00 1.2377098357e+00 1.2373187754e+00 1.2403594421e+00 1.9182643299e+02 2.2121599960e+02 2.1117596054e+02 9.4936403050e+01 1.0583439350e+02 1.0727305889e+02 0 0
338 1.4112907849e+04 1.5158495440e+04 1.4729574603e+04 1.4739591310e+04 1.4463006603e+04 1.2249780087e+00 1.2369891692e+00 1.2361731555e+00 1.2357787640e+00 1.2387525480e+00 1.5222182066e+02 1.8605804253e+02 2.1288885498e+02 8.8448354875e+01 9.8791402817e+01 1.0448912811e+02 0 0
339 1.3788431831e+04 1.4144219455e+04 1.4206142897e+04 1.3567731129e+04 1.4453560392e+04 1.2233286531e+00 1.2354009453e+00 1.2345863178e+00 1.2342215848e+00 1.2371500328e+00 1.4310838941e+02 1.6227109718e+02 2.0525976181e+02 8.5926095432e+01 9.2929210663e+01 1.0408467674e+02 0 0
340 1.3633881397e+04 1.3544277020e+04 1.4291712843e+04 1.4301227919e+04 1.4285939381e+04 1.2217108848e+00 1.2339729290e+00 1.2330294267e+00 1.2328056563e+00 1.2356301760e+00 1.4166056276e+02 1.6034018707e+02 1.9738429260e+02 8.5191921949e+01 9.0148590088e+01 1.0062875175e+02 0 0
341 1.3575495512e+04 1.4297369269e+04 1.3698539484e+04 1.4019958345e+04 1.3958014759e+04 1.2200789933e+00 1.2326406455e+00 1.2315950945e+00 1.2314355464e+00 1.2340832806e+00 1.3864580332e+02 1.8378968620e+02 1.8670825958e+02 8.4036451741e+01 9.4940899849e+01 9.8863794327e+01 0 0
342 1.3215609699e+04 1.3964853598e+04 1.4485674579e+04 1.4748580949e+04 1.4324187097e+04 1.2185830176e+00 1.2312312607e+00 1.2302579896e+00 1.2300459075e+00 1.2325376384e+00 1.4091890061e+02 1.8715986252e+02 1.5959385490e+02 8.1918709016e+01 9.3743232727e+01 9.2214496613e+01 0 0
343 1.3185334443e+04 1.3524790276e+04 1.3545818543e+04 1.3561559792e+04 1.3837111837e+04 1.2172804366e+00 1.2298427785e+00 1.2288882133e+00 1.2286166285e+00 1.2310714426e+00 2.0464666316e+02 1.8870789146e+02 1.5651621246e+02 9.2698135212e+01 9.4649644852e+01 8.9958480835e+01 0 0
344 1.3548376497e+04 1.4093701856e+04 1.3938081360e+04 1.4440864240e+04 1.4598511705e+04 1.2159569813e+00 1.2284671537e+00 1.2275095434e+00 1.2271702274e+00 1.2295936794e+00 2.2388945638e+02 1.5735484695e+02 1.5710269928e+02 9.7475142584e+01 8.8151919365e+01 9.0150043488e+01 0 0
345 1.3278001291e+04 1.4116791703e+04 1.3263765378e+04 1.3802548171e+04 1.4385265795e+04 1.2145314254e+00 1.2269631215e+00 1.2260474969e+00 1.2256498385e+00 1.2281187407e+00 1.6405986057e+02 1.6358844185e+02 1.5290645409e+02 8.7568325698e+01 9.0674004555e+01 8.8190439224e+01 0 0
346 1.3482312030e+04 1.4257279404e+04 1.4038783423e+04 1.3735608614e+04 1.4335087025e+04 1.2131242225e+00 1.2255322765e+00 1.2246722397e+00 1.2240725268e+00 1.2266322261e+00 1.4538783333e+02 1.5860635948e+02 1.5320170975e+02 8.2810685118e+01 8.8430015564e+01 8.6535218239e+01 0 0
347 1.3719169378e+04 1.3833563243e+04 1.3495006484e+04 1.3775795585e+04 1.5925526679e+04 1.2117203152e+00 1.2240350525e+00 1.2232696223e+00 1.2224373131e+00 1.2252098020e+00 1.6028466656e+02 1.4842706490e+02 1.8573250580e+02 8.5772728787e+01 8.6473882675e+01 9.2743741989e+01 0 0
348 1.3069093671e+04 1.4426960872e+04 1.4090718080e+04 1.3180033384e+04 1.4715812448e+04 1.2103545705e+00 1.2224728567e+00 1.2217750003e+00 1.2209254984e+00 1.2237641525e+00 1.6313018976e+02 1.4326548958e+02 1.8649667549e+02 8.5787759343e+01 8.3419805527e+01 9.4734322548e+01 0 0
349 1.3249948131e+04 1.4085230847e+04 1.3447170706e+04 1.3766524035e+04 1.3868405532e+04 1.2090072165e+00 1.2208578957e+00 1.2201608418e+00 1.2195467440e+00 1.2223045532e+00 1.6477531530e+02 1.6417856979e+02 1.9141206169e+02 8.5022381048e+01 8.6933257103e+01 9.4503254890e+01 0 0
350 1.3382849159e+04 1.3719030870e+04 1.3543620196e+04 1.3452151649e+04 1.3692826735e+04 1.2076073623e+00 1.2194333721e+00 1.2186295500e+00 1.2180663498e+00 1.2207233699e+00 1.6453601627e+02 1.5765094948e+02 1.6651029778e+02 8.3598905789e+01 8.6874955177e+01 8.8914972305e+01 0 0
351 1.3035437179e+04 1.3242927773e+04 1.3906200631e+04 1.3828061903e+04 1.3761425508e+04 1.2061015063e+00 1.2181454683e+00 1.2171442656e+00 1.2166168284e+00 1.2193807744e+00 1.6876291899e+02 1.4603860474e+02 2.0974686432e+02 8.6350169242e+01 8.3082651138e+01 9.3893782616e+01 0 0
352 1.3047658187e+04 1.4090849797e+04 1.3461838210e+04 1.3613496832e+04 1.3761511545e+04 1.2045418841e+00 1.2168045509e+00 1.2156625473e+00 1.2151980495e+00 1.2180724503e+00 1.4696455060e+02 1.3701214790e+02 2.1941406250e+02 8.0770210345e+01 8.1782149315e+01 9.7670272827e+01 0 0
353 1.4361807913e+04 1.3652497500e+04 1.3990594555e+04 1.3362799707e+04 1.4342224095e+04 1.2028334996e+00 1.2154213761e+00 1.2141826420e+00 1.2137715544e+00 1.2166110103e+00 1.4078546895e+02 1.4528696823e+02 1.6033480453e+02 8.0507699457e+01 8.2673856735e+01 8.7992034912e+01 0 0
354 1.6033958516e+04 1.5096309483e+04 1.3180487396e+04 1.3337895486e+04 1.3681220998e+04 1.2011880236e+00 1.2141116299e+00 1.2127446347e+00 1.2125099947e+00 1.2150992572e+00 1.4486894979e+02 1.8354216385e+02 1.3514675713e+02 8.1044444520e+01 8.7650041580e+01 8.1493449211e+01 0 0
355 1.4134796738e+04 1.3904224969e+04 1.3186586518e+04 1.3094897938e+04 1.4208808536e+04 1.1996481292e+00 1.2127452570e+00 1.2114255538e+00 1.2112424255e+00 1.2136410541e+00 1.7093965322e+02 2.0854394722e+02 1.3523120499e+02 8.4824921016e+01 9.3164014816e+01 8.0558233261e+01 0 0
356 1.3866404727e+04 1.3645268777e+04 1.2946662273e+04 1.2889827307e+04 1.3817371096e+04 1.1979850388e+00 1.2113896261e+00 1.2100394086e+00 1.2098392210e+00 1.2122587273e+00 1.6640737461e+02 1.6968897629e+02 1.5197187233e+02 8.5534386955e+01 8.5306867599e+01 8.4048393250e+01 0 0
357 1.3406864630e+04 1.3111165318e+04 1.3075251738e+04 1.3809731062e+04 1.3455985731e+04 1.1962707900e+00 1.2099268957e+00 1.2086166748e+00 1.2084098300e+00 1.2109833149e+00 1.3404239201e+02 1.7585931015e+02 1.8982265282e+02 7.9431908100e+01 8.6133266449e+01 8.9904479027e+01 0 0
358 1.2609872585e+04 1.3090403813e+04 1.3062986489e+04 1.3589461799e+04 1.3397451698e+04 1.1945645488e+00 1.2084476760e+00 1.2072056328e+00 1.2069566735e+00 1.2095509435e+00 1.1608086934e+02 1.8081338501e+02 1.6399225426e+02 7.4318293751e+01 8.7468128204e+01 8.6496532440e+01 0 0
359 1.3306497276e+04 1.2853209405e+04 1.2824123518e+04 1.3798736174e+04 1.3248946826e+04 1.1927755046e+00 1.2070383768e+00 1.2057631538e+00 1.2053439348e+00 1.2080852886e+00 1.2236725707e+02 1.6287240982e+02 1.4406123543e+02 7.5138421568e+01 8.5039309502e+01 8.0370988846e+01 0 0
360 1.2920513933e+04 1.3095296255e+04 1.3152462279e+04 1.3579158148e+04 1.3005463467e+04 1.1909911006e+00 1.2056238897e+00 1.2043252418e+00 1.2036084289e+00 1.2066593775e+00 1.2338471000e+02 1.3621984863e+02 1.6394329453e+02 7.5256755461e+01 7.9818352699e+01 8.3408468246e+01 0 0
361 1.3879927965e+04 1.3231792018e+04 1.3282097425e+04 1.3117880317e+04 1.3060776087e+04 1.1892632991e+00 1.2040842192e+00 1.2027323578e+00 1.2020852749e+00 1.2052275445e+00 1.4015114285e+02 1.6940729904e+02 1.9920355415e+02 7.8087685968e+01 8.4858644485e+01 8.9920324326e+01 0 0
362 1.3791540035e+04 1.3569199239e+04 1.3826030522e+04 1.2837011490e+04 1.3426047520e+04 1.1875977483e+00 1.2024502182e+00 1.2010102729e+00 1.2005932117e+00 1.2036751100e+00 1.7250851058e+02 1.8938411903e+02 1.8951773643e+02 8.5335153918e+01 8.7914315224e+01 8.9731814384e+01 0 0
363 1.3757951969e+04 1.3010109915e+04 1.3541895879e+04 1.2730415861e+04 1.3981633667e+04 1.1858764896e+00 1.2007038565e+00 1.1992702363e+00 1.1989926019e+00 1.2019769722e+00 1.5443231046e+02 1.7637746048e+02 1.4633231354e+02 8.3234930082e+01 8.7234137535e+01 8.2569401741e+01 0 0
364 1.4151574338e+04 1.3313475279e+04 1.3723593698e+04 1.3280440957e+04 1.3493351252e+04 1.1840691087e+00 1.1990590818e+00 1.1976664277e+00 1.1974615849e+00 1.2002597374e+00 1.4059507321e+02 1.6210233879e+02 1.3798068237e+02 8.1077044118e+01 8.3057417870e+01 8.0170252800e+01 0 0
365 1.4131368340e+04 1.2883232514e+04 1.3797926221e+04 1.3347800418e+04 1.4693950864e+04 1.1822767971e+00 1.1974108809e+00 1.1961294894e+00 1.1959521184e+00 1.1986919615e+00 1.3867901931e+02 1.7787485695e+02 1.6521167183e+02 8.0227754009e+01 8.5442218781e+01 8.3423167229e+01 0 0
366 1.3735529302e+04 1.2924157845e+04 1.2714853676e+04 1.3627896096e+04 1.3885398374e+04 1.1806879149e+00 1.1958415283e+00 1.1946066836e+00 1.1943439277e+00 1.1971438443e+00 1.8710402972e+02 1.6914212227e+02 1.7139175606e+02 8.8181484580e+01 8.4558930397e+01 8.5382524490e+01 0 0
367 1.2817049384e+04 1.2455844572e+04 1.2648886117e+04 1.3024786217e+04 1.3477293497e+04 1.1789717344e+00 1.1942917300e+00 1.1930763127e+00 1.1926693752e+00 1.1955474641e+00 1.5953149308e+02 1.5291925049e+02 1.6708819008e+02 8.4595676814e+01 8.1752046585e+01 8.5528460503e+01 0 0
368 1.2682342955e+04 1.3048027590e+04 1.3605110804e+04 1.2991285695e+04 1.2756468477e+04 1.1772703794e+00 1.1927123655e+00 1.1914973229e+00 1.1909407009e+00 1.1938220007e+00 1.3311027496e+02 1.5067269516e+02 1.3413819885e+02 7.7693941555e+01 8.1109999657e+01 7.8227339745e+01 0 0
369 1.2788935317e+04 1.2837935036e+04 1.4414622576e+04 1.2628655669e+04 1.3133285956e+04 1.1755558785e+00 1.1909814368e+00 1.1898570684e+00 1.1891860906e+00 1.1921601605e+00 1.2588752166e+02 1.5734713554e+02 1.3833175659e+02 7.5850472032e+01 8.3879789352e+01 7.8281606674e+01 0 0
370 1.2492531248e+04 1.3214298317e+04 1.3903558106e+04 1.2959686416e+04 1.3127570986e+04 1.1737621124e+00 1.1891890901e+00 1.1881865601e+00 1.1874668242e+00 1.1904747604e+00 1.3088971183e+02 1.4326498795e+02 1.5038857460e+02 7.6828360991e+01 8.0877666473e+01 8.0736028671e+01 0 0
371 1.2211684227e+04 1.3334218237e+04 1.3287576152e+04 1.3174987211e+04 1.3221204786e+04 1.1721594434e+00 1.1873931365e+00 1.1864333194e+00 1.1857778025e+00 1.1887952583e+00 1.4950394161e+02 1.5888856697e+02 1.7052232170e+02 7.7661064450e+01 8.4016160965e+01 8.4589418411e+01 0 0
372 1.1867747462e+04 1.3568879688e+04 1.3264077804e+04 1.3153430579e+04 1.3314682422e+04 1.1706969625e+00 1.1856436714e+00 1.1846497476e+00 1.1841477191e+00 1.1871225542e+00 2.0850113139e+02 1.7894404411e+02 1.7848914719e+02 8.7503718443e+01 8.7919009209e+01 8.7509192467e+01 0 0
373 1.2063826365e+04 1.4221629724e+04 1.2704066121e+04 1.2992224136e+04 1.2937568241e+04 1.1690829377e+00 1.1839602696e+00 1.1828530201e+00 1.1825054969e+00 1.1854233234e+00 1.7757021068e+02 1.7914141464e+02 1.6538747597e+02 8.3797132976e+01 8.8327223778e+01 8.5678449631e+01 0 0
374 1.1696963931e+04 1.4338561155e+04 1.3250727376e+04 1.2590752162e+04 1.2644654839e+04 1.1674052003e+00 1.1823235076e+00 1.1810044367e+00 1.1807892225e+00 1.1837103446e+00 1.4052516551e+02 1.4740224075e+02 1.5742597008e+02 7.5372637236e+01 8.1561262131e+01 8.3979930878e+01 0 0
375 1.1906885620e+04 1.3486267386e+04 1.3043379930e+04 1.2948750673e+04 1.2538968379e+04 1.1657255733e+00 1.1806069836e+00 1.1792359062e+00 1.1790701817e+00 1.1821518374e+00 1.3280617503e+02 1.2438848209e+02 1.9489999580e+02 7.2714792214e+01 7.6122614861e+01 8.9980991364e+01 0 0
376 1.1835387678e+04 1.2716338467e+04 1.2986579534e+04 1.2735231133e+04 1.3070629059e+04 1.1640336298e+00 1.1789881584e+00 1.1775541887e+00 1.1772661527e+00 1.1805783478e+00 1.4145237105e+02 1.1580286217e+02 2.0455010986e+02 7.4560389527e+01 7.4204348564e+01 9.2200446129e+01 0 0
377 1.2006256950e+04 1.2220727965e+04 1.3933218437e+04 1.3044153940e+04 1.2519378898e+04 1.1623493643e+00 1.1774127985e+00 1.1759696037e+00 1.1754782246e+00 1.1789157609e+00 1.4210607587e+02 1.1526715469e+02 1.7264163971e+02 7.4460831210e+01 7.3152129173e+01 8.6352509499e+01 0 0
378 1.1606116896e+04 1.2756981461e+04 1.3634176469e+04 1.3604095854e+04 1.2690693283e+04 1.1606903844e+00 1.1758454919e+00 1.1743869507e+00 1.1737569595e+00 1.1772591433e+00 1.4137859049e+02 1.3060398483e+02 1.4225662422e+02 7.3572911246e+01 7.5155677795e+01 7.9398726463e+01 0 0
379 1.1494012098e+04 1.2544557386e+04 1.3049366575e+04 1.4445386253e+04 1.3301055597e+04 1.1591190454e+00 1.1743016440e+00 1.1726990905e+00 1.1721874180e+00 1.1756024405e+00 1.5037406938e+02 1.5596338654e+02 1.4372354507e+02 7.3743448827e+01 7.7361379623e+01 7.9462075233e+01 0 0
380 1.1590706572e+04 1.2881237829e+04 1.2045989872e+04 1.2992992573e+04 1.3318375877e+04 1.1576008258e+00 1.1726899809e+00 1.1710154005e+00 1.1706157622e+00 1.1739143089e+00 1.6290249714e+02 1.8462037277e+02 1.4715927696e+02 7.5525306002e+01 8.4730051041e+01 7.9846824646e+01 0 0
381 1.1416859005e+04 1.2217514641e+04 1.2149099720e+04 1.1967545446e+04 1.2825594411e+04 1.1560611617e+00 1.1710043428e+00 1.1694510139e+00 1.1689640718e+00 1.1723328269e+00 1.4835714138e+02 1.3076214409e+02 1.6239059830e+02 7.2622698765e+01 7.2873228073e+01 8.0831220627e+01 0 0
382 1.1430347990e+04 1.2429598867e+04 1.2054657523e+04 1.1787972175e+04 1.2279940065e+04 1.1545382817e+00 1.1692781534e+00 1.1678235979e+00 1.1673864245e+00 1.1707887261e+00 1.4877955130e+02 1.5455730629e+02 1.8938585854e+02 7.2314225733e+01 7.5536487579e+01 8.4990119934e+01 0 0
383 1.2051530647e+04 1.2401568288e+04 1.2473216746e+04 1.2412259746e+04 1.2272023468e+04 1.1528309040e+00 1.1675294835e+00 1.1662826395e+00 1.1658137225e+00 1.1691584083e+00 1.2116858006e+02 1.8272672272e+02 1.6631824684e+02 6.8382269163e+01 8.1842568398e+01 8.0907445908e+01 0 0
384 1.1791784073e+04 1.1967440495e+04 1.2058476852e+04 1.2618384049e+04 1.3113347094e+04 1.1510155366e+00 1.1658118158e+00 1.1646857884e+00 1.1641719594e+00 1.1675311750e+00 1.0478646902e+02 1.5433383560e+02 1.5056926537e+02 6.4170561177e+01 7.7306749344e+01 7.7327260971e+01 0 0
385 1.1806270145e+04 1.2119449492e+04 1.2055116092e+04 1.2368636465e+04 1.3667706757e+04 1.1491971061e+00 1.1642798969e+00 1.1630028167e+00 1.1624962567e+00 1.1659740462e+00 1.0268512692e+02 1.3499566841e+02 1.5549552727e+02 6.3488272144e+01 7.2314459801e+01 7.6205066681e+01 0 0
386 1.1653107129e+04 1.1693003036e+04 1.1861191846e+04 1.1877001642e+04 1.2894126415e+04 1.1472975942e+00 1.1626946487e+00 1.1612125256e+00 1.1608750919e+00 1.1643127297e+00 9.4222639830e+01 1.3305326843e+02 1.5639091873e+02 6.1483975347e+01 7.1036340714e+01 7.7982322693e+01 0 0
387 1.1378357344e+04 1.1785574912e+04 1.2072557973e+04 1.1836556256e+04 1.2827580286e+04 1.1454369835e+00 1.1610467646e+00 1.1595636619e+00 1.1592719171e+00 1.1626104384e+00 1.0237880945e+02 1.2962370682e+02 1.4519098473e+02 6.3014644686e+01 6.9779623985e+01 7.5708144188e+01 0 0
388 1.1677227276e+04 1.1967775399e+04 1.1977752711e+04 1.1903137065e+04 1.2159523675e+04 1.1437175322e+00 1.1594708784e+00 1.1579925108e+00 1.1576507361e+00 1.1607891052e+00 1.1883872252e+02 1.2386188698e+02 1.1861016369e+02 6.6539368967e+01 6.8051176071e+01 7.0416510582e+01 0 0
389 1.1186487952e+04 1.2365943555e+04 1.1891561378e+04 1.1904682776e+04 1.2105731535e+04 1.1420750743e+00 1.1579336281e+00 1.1564404010e+00 1.1560699569e+00 1.1590598826e+00 1.2734648353e+02 1.2866127968e+02 1.0759532452e+02 6.7076284643e+01 6.8836915970e+01 6.6022237778e+01 0 0
390 1.1459817499e+04 1.2181653747e+04 1.1995245058e+04 1.1624173433e+04 1.2370664655e+04 1.1404916701e+00 1.1562924447e+00 1.1548602983e+00 1.1543902285e+00 1.1574091427e+00 1.4394370730e+02 1.2273349476e+02 1.1867474079e+02 6.9732366632e+01 6.8021706581e+01 6.7564661026e+01 0 0
391 1.1671563810e+04 1.1978305723e+04 1.1882599716e+04 1.1719399302e+04 1.2857443603e+04 1.1387746172e+00 1.1546639922e+00 1.1531256643e+00 1.1526839996e+00 1.1558067905e+00 1.1833308235e+02 1.2444361496e+02 1.2815761375e+02 6.6799396764e+01 6.7668793678e+01 6.8472270012e+01 0 0
392 1.1654886818e+04 1.2401005121e+04 1.1678865698e+04 1.1424621832e+04 1.2599685075e+04 1.1370757816e+00 1.1529978269e+00 1.1513652362e+00 1.1510351251e+00 1.1542550634e+00 9.9400195304e+01 1.3222600937e+02 1.4149546623e+02 6.1613558773e+01 6.8784686089e+01 7.1322604179e+01 0 0
393 1.1463603369e+04 1.1895088062e+04 1.1628682471e+04 1.1463411011e+04 1.2469151695e+04 1.1354749132e+00 1.1513520765e+00 1.1497110164e+00 1.1494526116e+00 1.1526024537e+00 1.0741285738e+02 1.4775150108e+02 1.2820429230e+02 6.3338866299e+01 7.0589763641e+01 6.9393287659e+01 0 0
394 1.1192605896e+04 1.1900709895e+04 1.1462899459e+04 1.1621318342e+04 1.2019631941e+04 1.1340111444e+00 1.1497411196e+00 1.1480890318e+00 1.1478620747e+00 1.1509086200e+00 1.5406064933e+02 1.7896036720e+02 1.2616531658e+02 7.1418279713e+01 7.7577723503e+01 6.7863773346e+01 0 0
395 1.1528934011e+04 1.1432812777e+04 1.1663065120e+04 1.1696404918e+04 1.1646178429e+04 1.1323933317e+00 1.1480077026e+00 1.1463685261e+00 1.1461680794e+00 1.1493080603e+00 1.4780967167e+02 1.3791818428e+02 1.4998302650e+02 7.2077637290e+01 7.1269826889e+01 7.1912274361e+01 0 0
396 1.1765680966e+04 1.1826557234e+04 1.1344778887e+04 1.1580873888e+04 1.1814545611e+04 1.1306899042e+00 1.1463340068e+00 1.1446923119e+00 1.1445180894e+00 1.1476634008e+00 1.1890898935e+02 1.2400617504e+02 1.4586583900e+02 6.6941425692e+01 6.7101789474e+01 7.1576325417e+01 0 0
397 1.1300569529e+04 1.1389884635e+04 1.1288146704e+04 1.1618754494e+04 1.2134212129e+04 1.1290219909e+00 1.1447832687e+00 1.1431907718e+00 1.1428563474e+00 1.1459875855e+00 1.0886661783e+02 1.1998958778e+02 1.4691282463e+02 6.3971406307e+01 6.6055648804e+01 7.1886126518e+01 0 0
398 1.1539076784e+04 1.1672217955e+04 1.1597507318e+04 1.1677383269e+04 1.1879889562e+04 1.1273720418e+00 1.1431563240e+00 1.1415556710e+00 1.1411998381e+00 1.1443430341e+00 1.0679619645e+02 1.1245431805e+02 1.4927785492e+02 6.1956497405e+01 6.4822680473e+01 7.2708451271e+01 0 0
399 1.1276545195e+04 1.1570839555e+04 1.1428745863e+04 1.1978677056e+04 1.2089884698e+04 1.1257382698e+00 1.1414947576e+00 1.1399283461e+00 1.1395221193e+00 1.1427149886e+00 1.2057372126e+02 1.0696722031e+02 1.4045162773e+02 6.4974018899e+01 6.3863133430e+01 7.0709201813e+01 0 0
400 1.1659955924e+04 1.1373539467e+04 1.1372701702e+04 1.2226879242e+04 1.1831288687e+04 1.1239866181e+00 1.1399100693e+00 1.1383008212e+00 1.1379040854e+00 1.1410244212e+00 1.1793031728e+02 1.1434596825e+02 1.2189740562e+02 6.4754671743e+01 6.4984352112e+01 6.6953150749e+01 0 0
401 1.1364877234e+04 1.1534362574e+04 1.1740749550e+04 1.2658176804e+04 1.1654234595e+04 1.1220935572e+00 1.1383338449e+00 1.1366825323e+00 1.1363233682e+00 1.1393868626e+00 1.0438952951e+02 1.2387417793e+02 1.1241431904e+02 6.2028132743e+01 6.7985156059e+01 6.4466654778e+01 0 0
402 1.1040534658e+04 1.1977295855e+04 1.1394995042e+04 1.2458204044e+04 1.2227507350e+04 1.1202890737e+00 1.1366990299e+00 1.1351199183e+00 1.1347802043e+00 1.1377777249e+00 1.0176869931e+02 1.2950913811e+02 1.2250243950e+02 6.0814798312e+01 6.7711546898e+01 6.6359640121e+01 0 0
403 1.1082540287e+04 1.1742929106e+04 1.1224553087e+04 1.2195283023e+04 1.2090374353e+04 1.1185522611e+00 1.1351550713e+00 1.1335925716e+00 1.1331876909e+00 1.1363042026e+00 1.1740255171e+02 1.4114529037e+02 1.5181478691e+02 6.2428741952e+01 6.9992041588e+01 7.1068204880e+01 0 0
404 1.0994474956e+04 1.1505840604e+04 1.1179816814e+04 1.1466747752e+04 1.1536389730e+04 1.1166735309e+00 1.1336226460e+00 1.1320901270e+00 1.1315718801e+00 1.1348056010e+00 1.1818263941e+02 1.3532554626e+02 1.6042665672e+02 6.3626496704e+01 6.9381200790e+01 7.4905217171e+01 0 0
405 1.1693987515e+04 1.1640018557e+04 1.1520144444e+04 1.1421925582e+04 1.1772803914e+04 1.1148353235e+00 1.1320134782e+00 1.1304953417e+00 1.1301064588e+00 1.1332325822e+00 9.5321179847e+01 1.3734033966e+02 1.3204817009e+02 5.7757889807e+01 6.7385055542e+01 6.9142869949e+01 0 0
406 1.0638347438e+04 1.1677524395e+04 1.1267452951e+04 1.1924560202e+04 1.2245002899e+04 1.1130725683e+00 1.1302793115e+00 1.1288356575e+00 1.1285518562e+00 1.1317766057e+00 8.9327628493e+01 1.3660494423e+02 1.6395963097e+02 5.5696742383e+01 6.8073884010e+01 7.3107904434e+01 0 0
407 1.0767065308e+04 1.1349941674e+04 1.1045205657e+04 1.2014180954e+04 1.2010909707e+04 1.1114134528e+00 1.1285594412e+00 1.1273773257e+00 1.1269801287e+00 1.1301612725e+00 9.1210210663e+01 1.5007320786e+02 1.4308290291e+02 5.4272392811e+01 6.9833282471e+01 7.1720244408e+01 0 0
408 1.0380061925e+04 1.1387718648e+04 1.1391017514e+04 1.1759559175e+04 1.1505855205e+04 1.1099080466e+00 1.1269444007e+00 1.1258904892e+00 1.1252469739e+00 1.1284241045e+00 1.2879424293e+02 1.3744555473e+02 1.1239347839e+02 6.0067309556e+01 6.8868279457e+01 6.5104685783e+01 0 0
409 1.0713603023e+04 1.1649386593e+04 1.1659962950e+04 1.1385834005e+04 1.1263448850e+04 1.1084008334e+00 1.1252304274e+00 1.1240997834e+00 1.1234342297e+00 1.1268040001e+00 1.5546214251e+02 1.1406949425e+02 1.1225999641e+02 6.5950299961e+01 6.3575966835e+01 6.2507172585e+01 0 0
410 1.0891958902e+04 1.1423048630e+04 1.1348491001e+04 1.1889246233e+04 1.1580568553e+04 1.1067682063e+00 1.1234176764e+00 1.1222997720e+00 1.1216299331e+00 1.1252789651e+00 1.0927862155e+02 1.1258771801e+02 1.4164056587e+02 5.8594809115e+01 6.3036049843e+01 6.8504170418e+01 0 0
411 1.0300164843e+04 1.1368318785e+04 1.1244277478e+04 1.2767624055e+04 1.1734047554e+04 1.1051393978e+00 1.1215117116e+00 1.1205672870e+00 1.1198827064e+00 1.1235669857e+00 9.2000666369e+01 1.0899354935e+02 1.3705561638e+02 5.3473122515e+01 6.0690789223e+01 6.9345563889e+01 0 0
412 1.0257913180e+04 1.0854478891e+04 1.1047142617e+04 1.1744509526e+04 1.1598744760e+04 1.1036492215e+00 1.1197677641e+00 1.1187834577e+00 1.1182370369e+00 1.1216842420e+00 1.1671077425e+02 1.2732655048e+02 1.1185190773e+02 5.7145374690e+01 6.3168708801e+01 6.3184874058e+01 0 0
413 1.0544865222e+04 1.0828680067e+04 1.1654874345e+04 1.1805408930e+04 1.1675708801e+04 1.1020868434e+00 1.1182672313e+00 1.1170199481e+00 1.1165833674e+00 1.1198701499e+00 1.1402317819e+02 1.2905275917e+02 1.1403281212e+02 5.7690558441e+01 6.3757197857e+01 6.3478761673e+01 0 0
414 1.0466182367e+04 1.1307161624e+04 1.1703696510e+04 1.0801531743e+04 1.1667283488e+04 1.1003802957e+00 1.1165868609e+00 1.1152332377e+00 1.1149103734e+00 1.1181703881e+00 8.6763352218e+01 1.0521711636e+02 1.1934272766e+02 5.2316594157e+01 5.8527348042e+01 6.2917768478e+01 0 0
415 1.0634084107e+04 1.1096275772e+04 1.1853091411e+04 1.1168783640e+04 1.1735184702e+04 1.0987155771e+00 1.1148136974e+00 1.1135764744e+00 1.1133174690e+00 1.1164849749e+00 7.5837673388e+01 1.0088416004e+02 1.3331163406e+02 4.8717865592e+01 5.6690853119e+01 6.5366605759e+01 0 0
416 1.0222104715e+04 1.1952995942e+04 1.1571404409e+04 1.1524075668e+04 1.1651532431e+04 1.0971113238e+00 1.1131298088e+00 1.1119624887e+00 1.1117542216e+00 1.1146570103e+00 7.8321741386e+01 1.0816196632e+02 1.0276998138e+02 4.9685280626e+01 5.7510811329e+01 5.9829375267e+01 0 0
417 1.0397307135e+04 1.1457937685e+04 1.1380856558e+04 1.2059519062e+04 1.1043198088e+04 1.0955402848e+00 1.1116648776e+00 1.1103452177e+00 1.1101793233e+00 1.1129154201e+00 7.8423689384e+01 1.2032680607e+02 9.4612769127e+01 4.9112024209e+01 5.9601095676e+01 5.6128506184e+01 0 0
418 1.0070352897e+04 1.1044272724e+04 1.1362848939e+04 1.1358675979e+04 1.0913348890e+04 1.0939468408e+00 1.1101679600e+00 1.1087385117e+00 1.1085840964e+00 1.1112560543e+00 8.2270981780e+01 1.1676635551e+02 9.9928243637e+01 5.0045972837e+01 5.9053162575e+01 5.6826930523e+01 0 0
419 1.0044062445e+04 1.0654677470e+04 1.1106309918e+04 1.1059419153e+04 1.0907252633e+04 1.0923513829e+00 1.1085737068e+00 1.1071182378e+00 1.1069573142e+00 1.1096618986e+00 7.7939214661e+01 9.3837939262e+01 1.0291004276e+02 4.8495408610e+01 5.4507995129e+01 5.6949147224e+01 0 0
420 1.0182116739e+04 1.1625751417e+04 1.0903250158e+04 1.0878652858e+04 1.0712207616e+04 1.0907610806e+00 1.1070532136e+00 1.1055313307e+00 1.1054311597e+00 1.1080573025e+00 7.4430400172e+01 9.5270950317e+01 1.0791197491e+02 4.7447764352e+01 5.3438776493e+01 5.7715475082e+01 0 0
421 1.0331693528e+04 1.1239121674e+04 1.1009086066e+04 1.0327301293e+04 1.0675765453e+04 1.0891615226e+00 1.1055452604e+00 1.1039529321e+00 1.1038560732e+00 1.1064498259e+00 7.5200530130e+01 9.8824567795e+01 1.1140488625e+02 4.6894427274e+01 5.4218347549e+01 5.7763034821e+01 0 0
422 1.1804804043e+04 1.0901265615e+04 1.0193537953e+04 1.0782876796e+04 1.0343712293e+04 1.0876922329e+00 1.1039847756e+00 1.1024153872e+00 1.1022773831e+00 1.1049885949e+00 8.0838395660e+01 9.8284707069e+01 1.2976005936e+02 4.6921843250e+01 5.3499898434e+01 5.9583502293e+01 0 0
423 1.1326243991e+04 1.0223562588e+04 1.0249488573e+04 1.0437576730e+04 1.0866846461e+04 1.0864505886e+00 1.1024540414e+00 1.1009899093e+00 1.1007747723e+00 1.1035156412e+00 1.1190622651e+02 9.9670619011e+01 1.3331292534e+02 5.1458882329e+01 5.3903997421e+01 6.1481236935e+01 0 0
424 1.0674688143e+04 1.0555243626e+04 1.0248240434e+04 1.0427767546e+04 1.0308814093e+04 1.0850504559e+00 1.1009404602e+00 1.0995567602e+00 1.0993865087e+00 1.1020195923e+00 1.0283081598e+02 1.0130478096e+02 1.0934759426e+02 5.1911491097e+01 5.3511944771e+01 5.6538205147e+01 0 0
425 1.0155650304e+04 1.0613437520e+04 1.0835810260e+04 9.9499933668e+03 1.0592719009e+04 1.0835092810e+00 1.0994797141e+00 1.0980227015e+00 1.0981065909e+00 1.1005378293e+00 7.8437414595e+01 1.3431200981e+02 1.0867570305e+02 4.6761927185e+01 5.8494342804e+01 5.5306210518e+01 0 0
426 9.8841021429e+03 1.0698882185e+04 1.0444849065e+04 9.9686243785e+03 1.0270746029e+04 1.0820334731e+00 1.0979455154e+00 1.0965218868e+00 1.0967466547e+00 1.0990147295e+00 7.2305566904e+01 1.3567321396e+02 1.1630393028e+02 4.4688664344e+01 5.9871527195e+01 5.7266936302e+01 0 0
427 9.6080522763e+03 1.0994321443e+04 1.0678000562e+04 1.0352349299e+04 1.0654312179e+04 1.0805788384e+00 1.0965002829e+00 1.0950233253e+00 1.0951896222e+00 1.0975005937e+00 7.3942842585e+01 8.9076257706e+01 1.0240050125e+02 4.4712565340e+01 5.1887312889e+01 5.4377959728e+01 0 0
428 9.3271705900e+03 1.0539313450e+04 9.8761980539e+03 9.9581251247e+03 1.0156367855e+04 1.0793348531e+00 1.0950456950e+00 1.0935761647e+00 1.0935929339e+00 1.0961041640e+00 1.0003385328e+02 7.4448350906e+01 1.0744850636e+02 4.8194428739e+01 4.7197122574e+01 5.5128953934e+01 0 0
429 9.5213677217e+03 1.0147317675e+04 9.8061221693e+03 1.0115795174e+04 1.0489046477e+04 1.0781204301e+00 1.0935930054e+00 1.0921710879e+00 1.0920485607e+00 1.0947946445e+00 1.3129285927e+02 7.6384084702e+01 1.1933590984e+02 5.4564504860e+01 4.7236783028e+01 5.6264541149e+01 0 0
430 9.5501244950e+03 1.0031120775e+04 9.8258235278e+03 9.6113516219e+03 1.0071030930e+04 1.0767693092e+00 1.0921291828e+00 1.0908378095e+00 1.0906449077e+00 1.0934212867e+00 9.6731998624e+01 8.5366439819e+01 1.2868429375e+02 4.9284183644e+01 4.7955043316e+01 5.8440517426e+01 0 0
431 9.4188342907e+03 9.9436637111e+03 9.6750069767e+03 9.7614080951e+03 1.0131989735e+04 1.0753452806e+00 1.0907321963e+00 1.0894645276e+00 1.0892484796e+00 1.0918894841e+00 8.2969392717e+01 9.0711415291e+01 9.6318609238e+01 4.6953582637e+01 4.8772351742e+01 5.2396719933e+01 0 0
432 9.6356424359e+03 9.5708185648e+03 9.8465738204e+03 9.6438398991e+03 9.6908369092e+03 1.0738905565e+00 1.0893954119e+00 1.0880374991e+00 1.0879491443e+00 1.0904973201e+00 8.3528545546e+01 1.0497423077e+02 1.0453181362e+02 4.6527168716e+01 5.0724144936e+01 5.2329458237e+01 0 0
433 9.4392230501e+03 9.8049232531e+03 9.7269551248e+03 9.8942391319e+03 9.8979755506e+03 1.0723130655e+00 1.0880937116e+00 1.0866563897e+00 1.0866541383e+00 1.0891597653e+00 7.9294995501e+01 1.1273366737e+02 1.1560463333e+02 4.6025759210e+01 5.2778406620e+01 5.4196238041e+01 0 0
434 9.5618742540e+03 9.8936339128e+03 1.0072303014e+04 9.7073877022e+03 9.8515022205e+03 1.0707815812e+00 1.0866896729e+00 1.0852473796e+00 1.0852831399e+00 1.0877597898e+00 7.6122863445e+01 9.7502770424e+01 1.0701525879e+02 4.4823339249e+01 5.0256818771e+01 5.3078468323e+01 0 0
435 9.5614214852e+03 9.9375840122e+03 1.0270371366e+04 9.5766633020e+03 9.6722746032e+03 1.0692305673e+00 1.0852594495e+00 1.0837637605e+00 1.0839696445e+00 1.0863405311e+00 7.1621314579e+01 9.3810101509e+01 8.7650611877e+01 4.3535610039e+01 4.8146062374e+01 4.8351715088e+01 0 0
436 9.0386898930e+03 1.0951262210e+04 1.0369201319e+04 9.7496141462e+03 9.8940644833e+03 1.0677779355e+00 1.0837990106e+00 1.0823147206e+00 1.0827046776e+00 1.0849340503e+00 7.6793356280e+01 1.1225480652e+02 8.9340898514e+01 4.3598356522e+01 5.1761343479e+01 4.8826635361e+01 0 0
437 9.1571007571e+03 1.0897893741e+04 1.0873470099e+04 9.7092862765e+03 9.6341642087e+03 1.0663999917e+00 1.0824178160e+00 1.0809772151e+00 1.0813810708e+00 1.0835840104e+00 8.6251215131e+01 1.0178651524e+02 9.6236012459e+01 4.5417255852e+01 5.0558610916e+01 4.9350589275e+01 0 0
438 9.3171147317e+03 1.1393402301e+04 1.0681519742e+04 9.6061613561e+03 9.9015021083e+03 1.0650101604e+00 1.0811185053e+00 1.0796258078e+00 1.0800687901e+00 1.0822597870e+00 8.3822680494e+01 8.8946731567e+01 1.0754627132e+02 4.4752517507e+01 4.7389390469e+01 5.1569166183e+01 0 0
439 9.3242619838e+03 1.0604858509e+04 1.0518272101e+04 9.5160042034e+03 9.5607765375e+03 1.0636264605e+00 1.0797529164e+00 1.0782801046e+00 1.0787134223e+00 1.0809829200e+00 8.3939490525e+01 9.3313961983e+01 1.0771364880e+02 4.4872382355e+01 4.8721673965e+01 5.1071759224e+01 0 0
440 9.1695913750e+03 1.0457991777e+04 9.7219965028e+03 9.5828797342e+03 9.7702421669e+03 1.0623680804e+00 1.0783574823e+00 1.0769504628e+00 1.0773147355e+00 1.0796941204e+00 8.5617720713e+01 9.7253013611e+01 1.0745284748e+02 4.4234645522e+01 4.9341438293e+01 5.1188786030e+01 0 0
441 9.1043844821e+03 9.8975209017e+03 9.6948695711e+03 9.6785073229e+03 9.7703224102e+03 1.0611752069e+00 1.0769422296e+00 1.0755731746e+00 1.0758695944e+00 1.0783120925e+00 9.6469449255e+01 9.3975642204e+01 9.8210152626e+01 4.5650375314e+01 4.9146475315e+01 5.0243167400e+01 0 0
442 8.8716559109e+03 9.8472006174e+03 9.5742220572e+03 9.6711496731e+03 1.0019502582e+04 1.0598959518e+00 1.0754785443e+00 1.0742747066e+00 1.0743348128e+00 1.0769121956e+00 1.0497230867e+02 7.5211453438e+01 8.1252884865e+01 4.8265336434e+01 4.5108279705e+01 4.6374375343e+01 0 0
443 9.2053558920e+03 9.7432943094e+03 9.8800898781e+03 9.5496446007e+03 9.8210940327e+03 1.0585236777e+00 1.0740046685e+00 1.0729187270e+00 1.0727403605e+00 1.0754897857e+00 8.7122707871e+01 7.1499000549e+01 8.1504057884e+01 4.5073733888e+01 4.3691597939e+01 4.6692565918e+01 0 0
444 9.1826707542e+03 9.8601744406e+03 9.9503877311e+03 9.2701948200e+03 1.0150199998e+04 1.0571253665e+00 1.0725450921e+00 1.0713866813e+00 1.0712931312e+00 1.0739883407e+00 7.6997612937e+01 7.4680823326e+01 8.4715037346e+01 4.3332090387e+01 4.3441205978e+01 4.7508435726e+01 0 0
445 9.1549675644e+03 9.7273470176e+03 9.4888477699e+03 9.1549313487e+03 1.0855873249e+04 1.0557916367e+00 1.0711221913e+00 1.0698634572e+00 1.0699585372e+00 1.0724949110e+00 7.8089096349e+01 8.4981032372e+01 8.2549570084e+01 4.2872729679e+01 4.5159499168e+01 4.6384772301e+01 0 0
446 9.4638309158e+03 9.4527024707e+03 9.8765261099e+03 9.1363379973e+03 1.0208650449e+04 1.0543964427e+00 1.0696640860e+00 1.0684849361e+00 1.0686700064e+00 1.0710748202e+00 8.5021751460e+01 9.7045903206e+01 9.2335886002e+01 4.5359387760e+01 4.7032901764e+01 4.7600789547e+01 0 0
447 9.3428310540e+03 9.3301944246e+03 9.6433197603e+03 9.3903456805e+03 1.0406231979e+04 1.0529859087e+00 1.0683254150e+00 1.0670858190e+00 1.0673477920e+00 1.0696381094e+00 7.9617345801e+01 9.3073691368e+01 9.6362945557e+01 4.4101594408e+01 4.6573306084e+01 4.8600713730e+01 0 0
448 9.2724148584e+03 9.0866455857e+03 9.4532669485e+03 9.0977412581e+03 1.0100227324e+04 1.0516134614e+00 1.0671136600e+00 1.0657010721e+00 1.0660934993e+00 1.0681828493e+00 7.3611859982e+01 9.7472073555e+01 8.4587846756e+01 4.2178906692e+01 4.6876705647e+01 4.6064592361e+01 0 0
449 9.0041926382e+03 9.6418574974e+03 9.2666546283e+03 9.2547259279e+03 9.6759032653e+03 1.0503133189e+00 1.0657644760e+00 1.0643301044e+00 1.0648896528e+00 1.0667618166e+00 8.1265300690e+01 9.8112221718e+01 7.8074583054e+01 4.2606726417e+01 4.6499558926e+01 4.4086771488e+01 0 0
450 8.9281425756e+03 9.8123297947e+03 9.5119894870e+03 9.3161829093e+03 9.6241828744e+03 1.0490364598e+00 1.0643419247e+00 1.0629881138e+00 1.0636239629e+00 1.0654258537e+00 1.0251426055e+02 9.4290000916e+01 8.7137353897e+01 4.6472860681e+01 4.6766676903e+01 4.5677217007e+01 0 0
451 9.1028965262e+03 1.0497134847e+04 9.1632941675e+03 9.0635286727e+03 9.4643482607e+03 1.0475968089e+00 1.0630351370e+00 1.0617513473e+00 1.0621887522e+00 1.0640671129e+00 7.9914611774e+01 7.1606964111e+01 8.1221066475e+01 4.3143128623e+01 4.2771309853e+01 4.4582984924e+01 0 0
452 9.0898762838e+03 1.0244020305e+04 9.5512826364e+03 9.2269258152e+03 9.3120103093e+03 1.0461524499e+00 1.0618210000e+00 1.0604317652e+00 1.0607651154e+00 1.0627299287e+00 6.4865881001e+01 7.0718487740e+01 8.5153422356e+01 3.9308037953e+01 4.1854284286e+01 4.4659395218e+01 0 0
453 8.8484997227e+03 9.7141006789e+03 9.5665366774e+03 9.4492429326e+03 9.1466417881e+03 1.0446993607e+00 1.0604933024e+00 1.0590185291e+00 1.0594021962e+00 1.0614983201e+00 5.8243463750e+01 7.6352239609e+01 9.8811187744e+01 3.7520052450e+01 4.2912345886e+01 4.6670780659e+01 0 0
454 8.8983399301e+03 9.1351575794e+03 9.7967374161e+03 9.8154539375e+03 9.4597555994e+03 1.0432250000e+00 1.0590490636e+00 1.0576173443e+00 1.0580944921e+00 1.0602901712e+00 5.9239122477e+01 9.1145899773e+01 9.8219504356e+01 3.7232625549e+01 4.6211095333e+01 4.6890605450e+01 0 0
455 8.9053698093e+03 8.8929275270e+03 1.0485860957e+04 9.6377640560e+03 9.1190245092e+03 1.0417266715e+00 1.0577138181e+00 1.0563164167e+00 1.0567506521e+00 1.0590547081e+00 5.8336997590e+01 8.5827962875e+01 1.0812977123e+02 3.6462185131e+01 4.5572172642e+01 4.8959001064e+01 0 0
456 9.0466827365e+03 9.3593533965e+03 9.9025346250e+03 9.3914429136e+03 9.2461676385e+03 1.0402814358e+00 1.0565104923e+00 1.0549517416e+00 1.0553916678e+00 1.0576342747e+00 7.1336972387e+01 8.0078286171e+01 8.7685347557e+01 3.9004382055e+01 4.4011920929e+01 4.6157497406e+01 0 0
457 8.9207608863e+03 9.3889973906e+03 9.5391643240e+03 9.3285128504e+03 9.4019198040e+03 1.0388777857e+00 1.0551743852e+00 1.0536421285e+00 1.0540368200e+00 1.0562289159e+00 7.8148478561e+01 7.6101396561e+01 7.6261516571e+01 4.0376299584e+01 4.2110704422e+01 4.3376510143e+01 0 0
458 8.7534612621e+03 9.4030480165e+03 9.1496242546e+03 9.2960051635e+03 9.3660493272e+03 1.0374470803e+00 1.0537768327e+00 1.0523587783e+00 1.0526931837e+00 1.0548514703e+00 6.5718223698e+01 8.1304094315e+01 7.8448575020e+01 3.7753891353e+01 4.3214144707e+01 4.4070154190e+01 0 0
459 9.0235856997e+03 9.2224612767e+03 9.4748281251e+03 9.3211295453e+03 9.8010301499e+03 1.0358820958e+00 1.0523960986e+00 1.0511259623e+00 1.0514013254e+00 1.0535372713e+00 5.7451160495e+01 8.5621483803e+01 9.0706088066e+01 3.5751100114e+01 4.3322619438e+01 4.6139156818e+01 0 0
460 1.0104758851e+04 9.1884723431e+03 9.1590156676e+03 8.7741456564e+03 9.3528964498e+03 1.0343420724e+00 1.0510346734e+00 1.0498511848e+00 1.0501491364e+00 1.0521665280e+00 5.8905121225e+01 9.4591568947e+01 8.2278977394e+01 3.5186263525e+01 4.4091259003e+01 4.4662583351e+01 0 0
461 9.7461971887e+03 8.9825973972e+03 8.9080907045e+03 8.9490915740e+03 9.7065750911e+03 1.0330736674e+00 1.0496780803e+00 1.0484640893e+00 1.0488744133e+00 1.0508091944e+00 8.1284937992e+01 1.0187654972e+02 7.7949565887e+01 3.8561134865e+01 4.5906867027e+01 4.2747518539e+01 0 0
462 9.4688413043e+03 8.8031348962e+03 8.9232218397e+03 9.0579149919e+03 9.4520634784e+03 1.0317599841e+00 1.0483595071e+00 1.0470797494e+00 1.0475708956e+00 1.0494375407e+00 7.9911142850e+01 8.1999455452e+01 7.8095694542e+01 3.9582358700e+01 4.2012822151e+01 4.2424345016e+01 0 0
463 8.6479073766e+03 8.9551326065e+03 9.0037041266e+03 9.5422362159e+03 9.0098079891e+03 1.0302755893e+00 1.0469832566e+00 1.0457511909e+00 1.0462816477e+00 1.0481813864e+00 5.8263691564e+01 8.1595345497e+01 9.6834613800e+01 3.5357950813e+01 4.1496409416e+01 4.5129212379e+01 0 0
464 8.5625079127e+03 8.7888629526e+03 9.3005586929e+03 9.6085894907e+03 8.7734453894e+03 1.0288134345e+00 1.0456083164e+00 1.0444685267e+00 1.0449620004e+00 1.0469005878e+00 5.2886281553e+01 8.2616805077e+01 9.8008138657e+01 3.3581006873e+01 4.1234036446e+01 4.5579238892e+01 0 0
465 8.4889944572e+03 8.5440327715e+03 8.5908430320e+03 9.3603538395e+03 9.1172996002e+03 1.0273531751e+00 1.0443233570e+00 1.0431543649e+00 1.0435320295e+00 1.0455230340e+00 5.0830541347e+01 8.1742830276e+01 8.0063988686e+01 3.3097868595e+01 4.1586334705e+01 4.2254291058e+01 0 0
466 8.4840601988e+03 8.6090570912e+03 8.8438145616e+03 8.7963101355e+03 9.7002564915e+03 1.0259407422e+00 1.0430882325e+00 1.0418111523e+00 1.0420049469e+00 1.0442431556e+00 4.8448963807e+01 6.8149575233e+01 8.5895096779e+01 3.1947667825e+01 3.9000153542e+01 4.2170898914e+01 0 0
467 8.9899177814e+03 8.8192181059e+03 8.6774009934e+03 8.9462626834e+03 9.3977052518e+03 1.0245892012e+00 1.0417581552e+00 1.0404224805e+00 1.0405769696e+00 1.0429379142e+00 5.8857902126e+01 6.1075911522e+01 8.8630968094e+01 3.4076724765e+01 3.6341121197e+01 4.3123920441e+01 0 0
468 8.8917983792e+03 8.7506744883e+03 9.0131579371e+03 9.0810889215e+03 9.3158634597e+03 1.0233081014e+00 1.0402666415e+00 1.0390515389e+00 1.0391063168e+00 1.0415495685e+00 7.0555112269e+01 6.0704451084e+01 7.7050288200e+01 3.5964644635e+01 3.6389955521e+01 4.0861657143e+01 0 0
469 9.0456022203e+03 8.4297245507e+03 8.4030199333e+03 9.8132481880e+03 9.0267017232e+03 1.0220967006e+00 1.0388470654e+00 1.0376966319e+00 1.0377024245e+00 1.0401256015e+00 8.0476198355e+01 6.8005597115e+01 7.4427772522e+01 3.7459182166e+01 3.6934844971e+01 3.9861885548e+01 0 0
470 8.3886528257e+03 8.6358439078e+03 8.7822867182e+03 9.7391383602e+03 8.8491373591e+03 1.0207465632e+00 1.0375365435e+00 1.0363318339e+00 1.0363886075e+00 1.0386394953e+00 6.5159722272e+01 8.1033907890e+01 7.6566778183e+01 3.5504048813e+01 3.9205058098e+01 4.0499176502e+01 0 0
471 7.9560723580e+03 8.4680500707e+03 8.4808900476e+03 9.2639326422e+03 8.4869103919e+03 1.0193094264e+00 1.0362018843e+00 1.0348976051e+00 1.0350442286e+00 1.0371636977e+00 5.1817079381e+01 7.5943128586e+01 6.6738271713e+01 3.2083424018e+01 3.8716839314e+01 3.7809496403e+01 0 0
472 7.8705254692e+03 8.4652508528e+03 9.0902136389e+03 8.8039227620e+03 8.9436332662e+03 1.0180045198e+00 1.0347867605e+00 1.0335183957e+00 1.0336399471e+00 1.0357429562e+00 6.0824236501e+01 6.2043698311e+01 6.3316666603e+01 3.3092730746e+01 3.6177078724e+01 3.6853498459e+01 0 0
473 8.1817771928e+03 8.6469795883e+03 9.1369027575e+03 8.5796988292e+03 8.4726232065e+03 1.0167255557e+00 1.0333260644e+00 1.0321182898e+00 1.0322672553e+00 1.0343175256e+00 6.9280212640e+01 5.5121595383e+01 6.7012583733e+01 3.4803511446e+01 3.4355138779e+01 3.7348922253e+01 0 0
474 8.4664889796e+03 8.6141683290e+03 9.1206951489e+03 8.3596937743e+03 8.6716955666e+03 1.0154400308e+00 1.0319573368e+00 1.0308116899e+00 1.0308175432e+00 1.0330010734e+00 6.7430075572e+01 5.1885870457e+01 7.9336647987e+01 3.4477493302e+01 3.3270879269e+01 3.8532660484e+01 0 0
475 7.9517210774e+03 8.8006736106e+03 9.2948562119e+03 8.6183432283e+03 8.6716771158e+03 1.0142010418e+00 1.0306423771e+00 1.0295311694e+00 1.0293662206e+00 1.0316618297e+00 7.0978939097e+01 5.0120365620e+01 8.2877035141e+01 3.5020944724e+01 3.2765988827e+01 4.0092737198e+01 0 0
476 7.9294148585e+03 8.7083086762e+03 8.5829579983e+03 8.2340463929e+03 8.6344259798e+03 1.0128943315e+00 1.0293626283e+00 1.0282156837e+00 1.0280224597e+00 1.0303457882e+00 6.3785025616e+01 5.4306746006e+01 7.3010313988e+01 3.3781293746e+01 3.3241250038e+01 3.8038987637e+01 0 0
477 7.7041778208e+03 8.6977072841e+03 8.3163415033e+03 8.4365585401e+03 8.5276697872e+03 1.0115383773e+00 1.0280863346e+00 1.0268382051e+00 1.0268520491e+00 1.0290455642e+00 5.2188401588e+01 7.5665431023e+01 6.9066727638e+01 3.0764233190e+01 3.6318878174e+01 3.7132435799e+01 0 0
478 7.2985542862e+03 8.4351384102e+03 8.2455025317e+03 8.1469660611e+03 8.3646647273e+03 1.0103103501e+00 1.0267971798e+00 1.0254263673e+00 1.0256587536e+00 1.0278730753e+00 5.4436391833e+01 9.5018104553e+01 8.1717872620e+01 2.9978319221e+01 4.0496867180e+01 3.8070651531e+01 0 0
479 7.3301570395e+03 8.3561598836e+03 8.3961757962e+03 8.2792772631e+03 8.3327920891e+03 1.0091589133e+00 1.0254690138e+00 1.0240390815e+00 1.0242972802e+00 1.0266595320e+00 7.7355824194e+01 6.3010593414e+01 9.4018777847e+01 3.3796724159e+01 3.4775145531e+01 4.1099201679e+01 0 0
480 7.3558591546e+03 8.1454622950e+03 8.1435486122e+03 8.1888030871e+03 8.3369135776e+03 1.0078812146e+00 1.0242159479e+00 1.0227475019e+00 1.0230317135e+00 1.0253105145e+00 7.6537906755e+01 6.7244707108e+01 7.0507789612e+01 3.4616384896e+01 3.4760645390e+01 3.7363313675e+01 0 0
481 7.6225751479e+03 7.9909246023e+03 8.0943852145e+03 8.3060382855e+03 8.5331804153e+03 1.0065175235e+00 1.0230532699e+00 1.0214916212e+00 1.0218496645e+00 1.0239509793e+00 5.6271537086e+01 8.1058430672e+01 6.1542743206e+01 3.0713806690e+01 3.7060249329e+01 3.5184962273e+01 0 0
482 7.7112975196e+03 8.0548226548e+03 8.1379697714e+03 8.0024326301e+03 8.6446802139e+03 1.0051565310e+00 1.0218131432e+00 1.0202130721e+00 1.0205553336e+00 1.0226449011e+00 4.6227777637e+01 7.0725582123e+01 6.2673021317e+01 2.8292044387e+01 3.5754610538e+01 3.4770489693e+01 0 0
483 8.1145389169e+03 8.2590042983e+03 7.7503292833e+03 7.9758314927e+03 9.1684729372e+03 1.0039125728e+00 1.0204666251e+00 1.0189527478e+00 1.0192099387e+00 1.0213992374e+00 4.6058457160e+01 6.1232676506e+01 7.0635765076e+01 2.7495198889e+01 3.3461266518e+01 3.5699359417e+01 0 0
484 8.7099394348e+03 7.9385492377e+03 8.0897866474e+03 7.8642828026e+03 8.3850438282e+03 1.0027792619e+00 1.0192259351e+00 1.0177475685e+00 1.0179282120e+00 1.0201527761e+00 5.6683577742e+01 6.4245210648e+01 7.9015632629e+01 2.8755748496e+01 3.4029418468e+01 3.7093876362e+01 0 0
485 8.0025928725e+03 8.1664386363e+03 8.0227314551e+03 7.8546984665e+03 7.9637317886e+03 1.0016362875e+00 1.0180035749e+00 1.0164809079e+00 1.0166816428e+00 1.0188451600e+00 6.5799033566e+01 6.2899840832e+01 7.6999568939e+01 3.0752233875e+01 3.3388915539e+01 3.7304786205e+01 0 0
486 7.4422228352e+03 7.8054119686e+03 7.9959147069e+03 8.0804148408e+03 8.6622897666e+03 1.0003988078e+00 1.0166577093e+00 1.0151808458e+00 1.0154194154e+00 1.0175953657e+00 5.1183085096e+01 5.9439405441e+01 6.9676094055e+01 2.8343800048e+01 3.1916223049e+01 3.5212882996e+01 0 0
487 7.3092645095e+03 8.1274155794e+03 8.1273299429e+03 7.6306172752e+03 8.9350903745e+03 9.9912396953e-01 1.0152989576e+00 1.0138593851e+00 1.0142361032e+00 1.0163796608e+00 4.3256569480e+01 6.7574948311e+01 7.3998984337e+01 2.6253590348e+01 3.2612970352e+01 3.5645674229e+01 0 0
488 7.0913005753e+03 7.7946327688e+03 8.1434712500e+03 7.4894945090e+03 8.2985222781e+03 9.9791112267e-01 1.0140120894e+00 1.0125822251e+00 1.0130053838e+00 1.0151041377e+00 4.5457692292e+01 6.9365315437e+01 7.7819576263e+01 2.5775342181e+01 3.3462852001e+01 3.6785679817e+01 0 0
489 7.0136824111e+03 8.2937726036e+03 8.3561560541e+03 7.2611018448e+03 8.1741044769e+03 9.9687404678e-01 1.0128040341e+00 1.0113417540e+00 1.0117318659e+00 1.0137517955e+00 6.8060741895e+01 6.2313628674e+01 6.2306378365e+01 2.9084703383e+01 3.1755814075e+01 3.3985232830e+01 0 0
490 7.0758398521e+03 8.3539389512e+03 8.2726885593e+03 7.4475177073e+03 8.0291628455e+03 9.9576636215e-01 1.0115845987e+00 1.0101173829e+00 1.0105155941e+00 1.0124682400e+00 6.8876320160e+01 7.0611264229e+01 5.6465901852e+01 3.0238148753e+01 3.2889039040e+01 3.1934089899e+01 0 0
491 7.2310032497e+03 7.8009950647e+03 7.5027136424e+03 7.5366931741e+03 8.5710694782e+03 9.9450904406e-01 1.0102903134e+00 1.0088566569e+00 1.0092837490e+00 1.0112196117e+00 4.6681923272e+01 6.3682207584e+01 5.7224647522e+01 2.6415912406e+01 3.1579768658e+01 3.1138365269e+01 0 0
492 7.0025283875e+03 7.4963753908e+03 7.4559718347e+03 7.9550708356e+03 8.2676390826e+03 9.9319761476e-01 1.0089674461e+00 1.0075679565e+00 1.0080480492e+00 1.0100104478e+00 3.7831991712e+01 5.6535880566e+01 6.9483404160e+01 2.4195389414e+01 3.0031980276e+01 3.3144184589e+01 0 0
493 7.3005167428e+03 7.4915627208e+03 7.2833011746e+03 7.7412712134e+03 7.8501271327e+03 9.9184922194e-01 1.0076654985e+00 1.0063699579e+00 1.0068980086e+00 1.0086992923e+00 3.5535946979e+01 5.4484455109e+01 6.4649968147e+01 2.3545601353e+01 2.8952381849e+01 3.2867115021e+01 0 0
494 7.1218669089e+03 7.2192977498e+03 7.7364317356e+03 7.3398768382e+03 7.7894461934e+03 9.9049803996e-01 1.0063754064e+00 1.0052257425e+00 1.0058259410e+00 1.0073199401e+00 3.3346668286e+01 6.2131972790e+01 5.3823834896e+01 2.2819063771e+01 2.9909150839e+01 3.0572216034e+01 0 0
495 7.0917412738e+03 7.0461677528e+03 7.3062556758e+03 7.3593836698e+03 7.5575191697e+03 9.8920921689e-01 1.0052241281e+00 1.0040047738e+00 1.0046197930e+00 1.0060131599e+00 3.7107337740e+01 5.4911211014e+01 5.1336194992e+01 2.3534635303e+01 2.9194988012e+01 2.9341795683e+01 0 0
496 7.2521532136e+03 7.2852179103e+03 7.2444729277e+03 6.9597988477e+03 8.5165138408e+03 9.8799135592e-01 1.0041451828e+00 1.0028290959e+00 1.0034301231e+00 1.0047962876e+00 4.2721407148e+01 5.2048941612e+01 5.7183606148e+01 2.4533474521e+01 2.7625598431e+01 2.9773258448e+01 0 0
497 7.3278833812e+03 7.1029548781e+03 7.0721445121e+03 7.0910151600e+03 8.0895913370e+03 9.8678410873e-01 1.0030227142e+00 1.0016122458e+00 1.0023559190e+00 1.0036431292e+00 4.4277774603e+01 6.8919159889e+01 6.5714787483e+01 2.4529840570e+01 3.0141549826e+01 3.1309726238e+01 0 0
498 7.9370235096e+03 7.2031273764e+03 7.0751019781e+03 7.1033896134e+03 7.6573823203e+03 9.8554978099e-01 1.0018459197e+00 1.0003735699e+00 1.0012525295e+00 1.0024955902e+00 4.5988085400e+01 6.5249239922e+01 5.8059871674e+01 2.4869497103e+01 2.9887409925e+01 2.9986956835e+01 0 0
499 8.0272891752e+03 7.0833717960e+03 7.0837842994e+03 7.1819585073e+03 7.1976096032e+03 9.8435049466e-01 1.0006412718e+00 9.9912097266e-01 1.0000701489e+00 1.0012907091e+00 4.6009561879e+01 5.1211718082e+01 4.8415950775e+01 2.4632702442e+01 2.7326708317e+01 2.7715739727e+01 0 0
500 7.5422468808e+03 7.1110457740e+03 6.8465763707e+03 7.1495700570e+03 7.1347868924e+03 9.8324390876e-01 9.9943876643e-01 9.9789424374e-01 9.9886827709e-01 1.0000835481e+00 5.1680474270e+01 4.7161859989e+01 5.2866789818e+01 2.5158446228e+01 2.6052252054e+01 2.8148748159e+01 0 0
501 7.2055470012e+03 7.0305223135e+03 6.9019023465e+03 7.0814043805e+03 7.0148870269e+03 9.8199758253e-01 9.9822502246e-01 9.9676753677e-01 9.9772263241e-01 9.9894862332e-01 4.5490709885e+01 5.5694223404e+01 6.1466161728e+01 2.4473664180e+01 2.7507936001e+01 2.9258780956e+01 0 0
502 6.8161561557e+03 7.2619581381e+03 6.9269557527e+03 7.0546688087e+03 7.1738703640e+03 9.8070385152e-01 9.9707938391e-01 9.9559294574e-01 9.9649679467e-01 9.9785754705e-01 3.7823210803e+01 4.9135417461e+01 6.8260295868e+01 2.2119967849e+01 2.6825165749e+01 3.0143394470e+01 0 0
503 7.0182529564e+03 7.1678172410e+03 6.8056561770e+03 6.9896414786e+03 7.0883126342e+03 9.7942775153e-01 9.9589087237e-01 9.9443778994e-01 9.9526787207e-01 9.9666245123e-01 3.5180379806e+01 4.2061865807e+01 5.6969886780e+01 2.1300026683e+01 2.4855539083e+01 2.8732979298e+01 0 0
504 7.6335325131e+03 7.0463709809e+03 6.9201852576e+03 6.9388621546e+03 7.0850546928e+03 9.7828289313e-01 9.9473162870e-01 9.9329812030e-01 9.9405722105e-01 9.9543646889e-01 4.4015132567e+01 4.5894680500e+01 4.4636445999e+01 2.2440214144e+01 2.5443123341e+01 2.5977249146e+01 0 0
505 7.0987195076e+03 6.9261204148e+03 6.7852572538e+03 7.0137385181e+03 7.1086201193e+03 9.7712227167e-01 9.9363330907e-01 9.9218690226e-01 9.9283895050e-01 9.9417722505e-01 5.1022258492e+01 4.9731214046e+01 4.3652790070e+01 2.3918224326e+01 2.6321726561e+01 2.5704451323e+01 0 0
506 6.3852551670e+03 6.9306715403e+03 6.9162724064e+03 7.0688986412e+03 6.9798143242e+03 9.7588155196e-01 9.9248965848e-01 9.9105959510e-01 9.9162932769e-01 9.9290592794e-01 4.2212818849e+01 4.5954577446e+01 4.3178378105e+01 2.2340439372e+01 2.5475680590e+01 2.5270035982e+01 0 0
507 6.4716306557e+03 7.1849698677e+03 6.8780328583e+03 6.8178037519e+03 6.8294526867e+03 9.7469936868e-01 9.9134849715e-01 9.8982954650e-01 9.9044535966e-01 9.9180868092e-01 3.9656476942e+01 4.3837795734e+01 5.6008611679e+01 2.1370891974e+01 2.4570345163e+01 2.7058336020e+01 0 0
508 6.4793210223e+03 7.4308443666e+03 7.0449797729e+03 6.7294707073e+03 6.9722994772e+03 9.7368639263e-01 9.9014175452e-01 9.8855469483e-01 9.8925383675e-01 9.9072724575e-01 5.5770979500e+01 4.6859681606e+01 6.6351564407e+01 2.3582074796e+01 2.4819803715e+01 2.9268252134e+01 0 0
509 6.5146489953e+03 7.6656112607e+03 6.9195575003e+03 6.6563329244e+03 7.0044317400e+03 9.7252133823e-01 9.8895748170e-01 9.8726266612e-01 9.8812033300e-01 9.8957561686e-01 4.6608423651e+01 5.7804656982e+01 6.0057359695e+01 2.2966913360e+01 2.6693581343e+01 2.8309937000e+01 0 0
510 6.4746904481e+03 7.1823853976e+03 6.7367490676e+03 6.6710886668e+03 7.0507656322e+03 9.7126694326e-01 9.8779147324e-01 9.8603480298e-01 9.8693413191e-01 9.8833215824e-01 3.2195661070e+01 5.0145608902e+01 5.0740892887e+01 1.9614486685e+01 2.5493822575e+01 2.6871367455e+01 0 0
511 6.4296548015e+03 7.0743067505e+03 6.7403394573e+03 6.7109772761e+03 6.9067873863e+03 9.7007998821e-01 9.8664418737e-01 9.8487364659e-01 9.8567289176e-01 9.8710437753e-01 3.2212243186e+01 3.9602166176e+01 4.3089745522e+01 1.9155317147e+01 2.3047891378e+01 2.4659571171e+01 0 0
512 6.4260607771e+03 6.9901567937e+03 6.6097921299e+03 6.5248828342e+03 6.8978153063e+03 9.6896970944e-01 9.8540314338e-01 9.8369335073e-01 9.8440219635e-01 9.8592960132e-01 4.2005872247e+01 3.6200981617e+01 4.7339189053e+01 2.1194524654e+01 2.1836836338e+01 2.5173582792e+01 0 0
513 6.2008997587e+03 6.5325250861e+03 6.5398639130e+03 6.8139351332e+03 6.9650315146e+03 9.6783097410e-01 9.8414306479e-01 9.8250119728e-01 9.8313293790e-01 9.8472473066e-01 4.1336149732e+01 3.6915021896e+01 4.8122977734e+01 2.1279720529e+01 2.1697242975e+01 2.5391727209e+01 0 0
514 6.2632025339e+03 6.3703224408e+03 6.3805448043e+03 7.1489993705e+03 7.0139221553e+03 9.6663365663e-01 9.8303585781e-01 9.8134768587e-01 9.8180714657e-01 9.8348533820e-01 3.2543861340e+01 3.5222713470e+01 4.7515111923e+01 1.9393776323e+01 2.1332121134e+01 2.5093148708e+01 0 0
515 6.1869404525e+03 6.4921826838e+03 6.4441142138e+03 7.3664330581e+03 6.7779631159e+03 9.6542151671e-01 9.8196073732e-01 9.8017179568e-01 9.8064363210e-01 9.8222475070e-01 3.0550940109e+01 4.1310034275e+01 4.1634694099e+01 1.8862615653e+01 2.1873245239e+01 2.3536998749e+01 0 0
516 6.0005752348e+03 6.4947252444e+03 6.5401813431e+03 7.4445932058e+03 6.7408557320e+03 9.6432184222e-01 9.8081076477e-01 9.7892429976e-01 9.7953145820e-01 9.8100219962e-01 3.0941171991e+01 4.9121447563e+01 3.9854812145e+01 1.8242341580e+01 2.3340754271e+01 2.2736464500e+01 0 0
517 5.9967591181e+03 6.4557431795e+03 6.3640659959e+03 6.7654486917e+03 7.2145342192e+03 9.6329617511e-01 9.7962146685e-01 9.7764093073e-01 9.7830585567e-01 9.7979422923e-01 3.2842504373e+01 4.1617277622e+01 4.2705379963e+01 1.8496557872e+01 2.2307496309e+01 2.2917807102e+01 0 0
518 6.0483198328e+03 6.3598317588e+03 6.3731047379e+03 6.4017110213e+03 7.4639196137e+03 9.6223089652e-01 9.7835969846e-01 9.7647127067e-01 9.7710916519e-01 9.7853334248e-01 3.3127277712e+01 3.8245121002e+01 4.2117812157e+01 1.8648723697e+01 2.1138975382e+01 2.2807091713e+01 0 0
519 5.8266813763e+03 6.4784914911e+03 6.1920668601e+03 6.2927412151e+03 6.9180043365e+03 9.6109726842e-01 9.7708823815e-01 9.7544444767e-01 9.7591626353e-01 9.7733281170e-01 3.0382716641e+01 3.5358062744e+01 4.3970606327e+01 1.7909744217e+01 2.0401712894e+01 2.2778421402e+01 0 0
520 6.0325863924e+03 6.4409384409e+03 6.4553023167e+03 6.1999096768e+03 6.6506986099e+03 9.6001994230e-01 9.7582072634e-01 9.7428426424e-01 9.7474800841e-01 9.7615585599e-01 3.0711844059e+01 3.4767465591e+01 4.7520325184e+01 1.7760873252e+01 2.0082023144e+01 2.3549433470e+01 0 0
521 5.6496006393e+03 6.9817513562e+03 6.3123152646e+03 6.1141946322e+03 6.5009070136e+03 9.5899306422e-01 9.7460732652e-01 9.7310812881e-01 9.7359998041e-01 9.7490400847e-01 3.2497977896e+01 3.6705139160e+01 3.7537413597e+01 1.7865501068e+01 2.0261389256e+01 2.1537864685e+01 0 0
522 5.9419315090e+03 7.3214913781e+03 6.6240317028e+03 6.1667028467e+03 6.4605708726e+03 9.5793318364e-01 9.7350859749e-01 9.7201219639e-01 9.7255235197e-01 9.7363348899e-01 3.7165151273e+01 5.1024828434e+01 3.4237918377e+01 1.8866800594e+01 2.2585485697e+01 2.0717533588e+01 0 0
523 5.7679329718e+03 6.7452353554e+03 6.4743855307e+03 6.0889026926e+03 6.1077563802e+03 9.5681956025e-01 9.7240410032e-01 9.7091813775e-01 9.7149000396e-01 9.7249715229e-01 3.3745604030e+01 5.0761393547e+01 3.8213022709e+01 1.8003107529e+01 2.2924342394e+01 2.0637663364e+01 0 0
524 5.7510344384e+03 6.4654565191e+03 6.3756461633e+03 6.1846843088e+03 6.2804967956e+03 9.5568934227e-01 9.7122215303e-01 9.6982059096e-01 9.7043682511e-01 9.7147217263e-01 2.8299576923e+01 4.2956838131e+01 5.3050696850e+01 1.6638263599e+01 2.1452918053e+01 2.3050583601e+01 0 0
525 5.7155083403e+03 6.3156181012e+03 6.1703189545e+03 6.3431626181e+03 6.2760713826e+03 9.5463311237e-01 9.7004547637e-01 9.6866251390e-01 9.6927925990e-01 9.7036781076e-01 2.8841467447e+01 3.2283197880e+01 5.0184470654e+01 1.6325220142e+01 1.9303760290e+01 2.3359693527e+01 0 0
526 5.6380039434e+03 6.2483136925e+03 6.1606256176e+03 6.0833083105e+03 6.3465530802e+03 9.5353904637e-01 9.6889913702e-01 9.6755737681e-01 9.6818997407e-01 9.6919925090e-01 3.0379501463e+01 3.3387189388e+01 3.8334216595e+01 1.6818082671e+01 1.8801538706e+01 2.1046977043e+01 0 0
527 5.7657959558e+03 6.0107640113e+03 6.1894070798e+03 6.3083842622e+03 6.4325260979e+03 9.5238075963e-01 9.6777370989e-01 9.6652004764e-01 9.6725185657e-01 9.6804555372e-01 2.9800053009e+01 3.9970167637e+01 3.9081049919e+01 1.6764141595e+01 1.9453904629e+01 2.0892223358e+01 0 0
528 5.8183739360e+03 6.1479638906e+03 6.1929117546e+03 6.0570408617e+03 6.5123783674e+03 9.5117089513e-01 9.6670870777e-01 9.6556447284e-01 9.6631963031e-01 9.6696382775e-01 2.5317800619e+01 4.6816955090e+01 4.5190712929e+01 1.5810765173e+01 2.1190568447e+01 2.1785073757e+01 0 0
529 5.6662461783e+03 5.9041846177e+03 5.9046920326e+03 5.9276383156e+03 6.1747654206e+03 9.5001008083e-01 9.6569162168e-01 9.6455121391e-01 9.6530459209e-01 9.6585775455e-01 2.2967001220e+01 3.9473407745e+01 3.8025518894e+01 1.4980903243e+01 1.9885684252e+01 2.0606549263e+01 0 0
530 5.7137958720e+03 5.9307196865e+03 5.9855105045e+03 6.2364258995e+03 6.1062761156e+03 9.4886098653e-01 9.6473181380e-01 9.6350008427e-01 9.6430134247e-01 9.6485792099e-01 2.4104396877e+01 3.9642011166e+01 3.8985519409e+01 1.5015167891e+01 1.9329912663e+01 1.9942913055e+01 0 0
531 5.2986011039e+03 6.0750404114e+03 6.2379381209e+03 6.4749783011e+03 5.8996189707e+03 9.4780196838e-01 9.6368966035e-01 9.6244501912e-01 9.6324702317e-01 9.6389515796e-01 2.7832514951e+01 3.9557564259e+01 4.9199763775e+01 1.5321100018e+01 1.9663699865e+01 2.1690751314e+01 0 0
532 5.5425353216e+03 5.8881046186e+03 6.3353345610e+03 6.3242264349e+03 6.1024375458e+03 9.4682593257e-01 9.6261940853e-01 9.6151342116e-01 9.6217556403e-01 9.6288758520e-01 3.5833189988e+01 3.4191359997e+01 4.1929968357e+01 1.6630775302e+01 1.8437897921e+01 2.0363363028e+01 0 0
533 5.4441234416e+03 5.6307672657e+03 6.3281510728e+03 6.2285715858e+03 6.3391583037e+03 9.4575399921e-01 9.6167366575e-01 9.6047494160e-01 9.6116199173e-01 9.6186642470e-01 2.7581452058e+01 3.6630621433e+01 3.7370188713e+01 1.5345125364e+01 1.8395341635e+01 1.9596711397e+01 0 0
534 5.5765327631e+03 5.8472762890e+03 5.8653835339e+03 6.1606739891e+03 6.2515124570e+03 9.4465462368e-01 9.6070849972e-01 9.5936066803e-01 9.6011514954e-01 9.6090189315e-01 2.3635897333e+01 3.7607025146e+01 4.3056941986e+01 1.4535927855e+01 1.8623487473e+01 2.0371487856e+01 0 0
535 5.5683840173e+03 5.8814266977e+03 5.8585185841e+03 5.7249754585e+03 6.0642651657e+03 9.4355269620e-01 9.5953491219e-01 9.5829776080e-01 9.5899571864e-01 9.5984882456e-01 2.4434890121e+01 2.9176537991e+01 3.7680391788e+01 1.4642711326e+01 1.6723822594e+01 1.9365726471e+01 0 0
536 5.4379587209e+03 5.7014110534e+03 5.7548191979e+03 5.6781842168e+03 5.8232018684e+03 9.4249311369e-01 9.5844602746e-01 9.5722214622e-01 9.5794768367e-01 9.5874256847e-01 2.5359435803e+01 3.2742197514e+01 3.5585986137e+01 1.4487240889e+01 1.7075804949e+01 1.8870569706e+01 0 0
537 5.4710550477e+03 5.7127203677e+03 5.8311635203e+03 5.6765912307e+03 5.7378135208e+03 9.4145146132e-01 9.5738538477e-01 9.5609420096e-01 9.5698634490e-01 9.5767776910e-01 2.9961752664e+01 4.5559942245e+01 3.6491359711e+01 1.5675631841e+01 1.9328511953e+01 1.8757662058e+01 0 0
538 5.3835931081e+03 5.7214050722e+03 5.8014698138e+03 5.7317103905e+03 5.7431287640e+03 9.4040609149e-01 9.5633537980e-01 9.5496304170e-01 9.5591731869e-01 9.5669339393e-01 2.7319934563e+01 3.7013118267e+01 4.0534309387e+01 1.5018962433e+01 1.8393840551e+01 1.9115626812e+01 0 0
539 5.4377553478e+03 5.5936783962e+03 5.7992789207e+03 5.7689326569e+03 5.9465189817e+03 9.3942211072e-01 9.5527928583e-01 9.5384799161e-01 9.5480562085e-01 9.5563920964e-01 3.2327680758e+01 3.0235393047e+01 3.5726731777e+01 1.5763566349e+01 1.6767489433e+01 1.8284827948e+01 0 0
540 5.4431035634e+03 5.5820419203e+03 5.7986005208e+03 5.8179212783e+03 5.8027896739e+03 9.3847303479e-01 9.5424932368e-01 9.5281759948e-01 9.5368175038e-01 9.5461451066e-01 4.1375775058e+01 2.8424548149e+01 3.6498627663e+01 1.7448836738e+01 1.6047524452e+01 1.7743918419e+01 0 0
541 5.6291212113e+03 5.5550776772e+03 5.7719315658e+03 5.9482299888e+03 5.6818975704e+03 9.3739164459e-01 9.5326600982e-01 9.5178805992e-01 9.5264136531e-01 9.5355425936e-01 3.1002701668e+01 3.2260696888e+01 4.1785311222e+01 1.6141926402e+01 1.6603555679e+01 1.9302971363e+01 0 0
542 5.5768091037e+03 5.6583032793e+03 5.6927063862e+03 5.6551053041e+03 5.7386332868e+03 9.3625962937e-01 9.5220968595e-01 9.5072673262e-01 9.5164080984e-01 9.5243858464e-01 2.2503873773e+01 3.1808264971e+01 3.2190413475e+01 1.4180814536e+01 1.6418161631e+01 1.7599233866e+01 0 0
543 5.9201221450e+03 5.6760861516e+03 5.4806567125e+03 5.7332420148e+03 5.6773402223e+03 9.3527530750e-01 9.5110192552e-01 9.4970157186e-01 9.5054988467e-01 9.5137216353e-01 2.8072243081e+01 2.5952940226e+01 3.2149337769e+01 1.4806943716e+01 1.5183582485e+01 1.7015023708e+01 0 0
544 5.4633413282e+03 5.4753385283e+03 5.5285652750e+03 5.9495169552e+03 5.9612978453e+03 9.3431204409e-01 9.4999868198e-01 9.4873300976e-01 9.4946215511e-01 9.5034366952e-01 3.6616826643e+01 2.5526102304e+01 3.8985392094e+01 1.6598718765e+01 1.4742576063e+01 1.8263476133e+01 0 0
545 5.5158957030e+03 5.4196662259e+03 5.5293701269e+03 6.2331090156e+03 6.0105347516e+03 9.3326769489e-01 9.4900867208e-01 9.4772755011e-01 9.4843076564e-01 9.4926943577e-01 3.1487185531e+01 3.0528604984e+01 3.3370199680e+01 1.5942949358e+01 1.5951257050e+01 1.7207641602e+01 0 0
546 5.5305285491e+03 5.4368709751e+03 5.5286502874e+03 5.7098763559e+03 5.6205522860e+03 9.3218719806e-01 9.4806023003e-01 9.4667368189e-01 9.4740891582e-01 9.4816885016e-01 2.7318824954e+01 3.0691943407e+01 2.9672758818e+01 1.5097114801e+01 1.6159356356e+01 1.6299804211e+01 0 0
547 5.6578299637e+03 5.3586873393e+03 5.6143549941e+03 5.6285017545e+03 5.5442539624e+03 9.3119356415e-01 9.4707879920e-01 9.4562027871e-01 9.4632565139e-01 9.4712659588e-01 3.3478265446e+01 2.5423565149e+01 2.9706469536e+01 1.5835754472e+01 1.4980362177e+01 1.5977735937e+01 0 0
548 5.5714782147e+03 5.3257474593e+03 5.7081410284e+03 5.6625527812e+03 5.6821474814e+03 9.3018105323e-01 9.4611599587e-01 9.4455128678e-01 9.4520094189e-01 9.4607510357e-01 3.9089845301e+01 2.3656192541e+01 2.7181942701e+01 1.7114447445e+01 1.4492311954e+01 1.5429678559e+01 0 0
549 5.4693797004e+03 5.4106306472e+03 5.6495844095e+03 5.8391917249e+03 5.6162507067e+03 9.2904462376e-01 9.4506001379e-01 9.4353141495e-01 9.4411006604e-01 9.4495808251e-01 2.9726149807e+01 2.7104045630e+01 2.5754347324e+01 1.5783851930e+01 1.5256444752e+01 1.5192508221e+01 0 0
550 5.2887181442e+03 5.4190691083e+03 5.5049212528e+03 6.0465791982e+03 5.6814308057e+03 9.2791998465e-01 9.4401437801e-01 9.4255252739e-01 9.4307979664e-01 9.4383259163e-01 2.5581324867e+01 2.9779143810e+01 2.5749571562e+01 1.4536299074e+01 1.5663404763e+01 1.5175788343e+01 0 0
551 5.4093031936e+03 5.4133200533e+03 5.6709709927e+03 5.6508562183e+03 5.7923128369e+03 9.2682764241e-01 9.4298092286e-01 9.4148571069e-01 9.4202037213e-01 9.4281899834e-01 3.0050291297e+01 2.9757136822e+01 3.1077747822e+01 1.5494186262e+01 1.5887429655e+01 1.6062514067e+01 0 0
552 5.4971274999e+03 5.5066616021e+03 5.4593583872e+03 5.4947917158e+03 5.5943056763e+03 9.2569012509e-01 9.4188066503e-01 9.4038503919e-01 9.4098127899e-01 9.4186520578e-01 2.8549535565e+01 3.0021661282e+01 3.4011913300e+01 1.5381453414e+01 1.5760072351e+01 1.6453261137e+01 0 0
553 5.8121375538e+03 5.4334999770e+03 5.3503188690e+03 5.4870793688e+03 5.6422428165e+03 9.2454177002e-01 9.4079860126e-01 9.3943439564e-01 9.3989800020e-01 9.4081062896e-01 2.6890289198e+01 2.7361318350e+01 3.1183793306e+01 1.4906208090e+01 1.5389596462e+01 1.6307393551e+01 0 0
554 5.8158092755e+03 5.3972767207e+03 5.4643813923e+03 5.4460796909e+03 5.5847642743e+03 9.2343906787e-01 9.3983950039e-01 9.3845739930e-01 9.3879248489e-01 9.3967498229e-01 3.2831910912e+01 2.4903160572e+01 2.8044050932e+01 1.6134513316e+01 1.4797822654e+01 1.5703866303e+01 0 0
555 5.7277487093e+03 5.4996536255e+03 5.4816960879e+03 5.6232723569e+03 5.6995087508e+03 9.2227128199e-01 9.3878872524e-01 9.3744252111e-01 9.3781909906e-01 9.3861940177e-01 2.9619267929e+01 3.0836618423e+01 2.9514903784e+01 1.5851387144e+01 1.5509182632e+01 1.5726942539e+01 0 0
556 5.5937561238e+03 5.4192573292e+03 5.5781109706e+03 5.3913360125e+03 5.7816890266e+03 9.2110379532e-01 9.3769570969e-01 9.3647870399e-01 9.3682647283e-01 9.3765045445e-01 2.7026813233e+01 3.6178834915e+01 3.5464319706e+01 1.5047409074e+01 1.6915070057e+01 1.6750907660e+01 0 0
557 5.4542708617e+03 5.4629173525e+03 5.3729366272e+03 5.7581754055e+03 5.5876585436e+03 9.1995030256e-01 9.3664535698e-01 9.3543569994e-01 9.3571662833e-01 9.3661121432e-01 3.0411282703e+01 3.0636860132e+01 3.3930181026e+01 1.5618297367e+01 1.6154886007e+01 1.6868085623e+01 0 0
558 5.4405728751e+03 5.4402362081e+03 5.5419326954e+03 5.4260364908e+03 5.4133826763e+03 9.1870332586e-01 9.3562094497e-01 9.3434304982e-01 9.3459105329e-01 9.3563968890e-01 2.9368574915e+01 2.7161247730e+01 3.3964990139e+01 1.5871228852e+01 1.5143334270e+01 1.6196133614e+01 0 0
559 5.5090846040e+03 5.5526629647e+03 5.6104106802e+03 5.4977959220e+03 5.8415764995e+03 9.1738201055e-01 9.3455712877e-01 9.3323438877e-01 9.3361633796e-01 9.3464543374e-01 2.4158172067e+01 3.6948269844e+01 3.9124900341e+01 1.5033756328e+01 1.6544926167e+01 1.7651253223e+01 0 0
560 5.6826920094e+03 5.5689273653e+03 5.4981447780e+03 5.3785105745e+03 5.9035718002e+03 9.1604500092e-01 9.3344463460e-01 9.3211266570e-01 9.3258077566e-01 9.3355888375e-01 2.3185754637e+01 3.8764093876e+01 2.9342973948e+01 1.4904418539e+01 1.7423479795e+01 1.6007372618e+01 0 0
561 5.6901386467e+03 5.7016709831e+03 5.9228331059e+03 5.5836174654e+03 6.1204287432e+03 9.1464318391e-01 9.3229382615e-01 9.3102992884e-01 9.3144121426e-01 9.3247624171e-01 2.1991040813e+01 3.0148769855e+01 2.6979606390e+01 1.4600423783e+01 1.5907016873e+01 1.5186345041e+01 0 0
562 5.5515709393e+03 6.0671199098e+03 5.5745600723e+03 5.4874642596e+03 6.1509804097e+03 9.1326629283e-01 9.3116396223e-01 9.2994755997e-01 9.3028037487e-01 9.3142050473e-01 2.3715394997e+01 2.6898050308e+01 3.2859035492e+01 1.5039337010e+01 1.5203824043e+01 1.6458865643e+01 0 0
563 5.5081635544e+03 6.1775736337e+03 5.5567035192e+03 5.5857375520e+03 6.0215147596e+03 9.1196304511e-01 9.3006173406e-01 9.2890476050e-01 9.2915577161e-01 9.3030007133e-01 2.8647131609e+01 2.8857804537e+01 3.1011036873e+01 1.6057369630e+01 1.5548216283e+01 1.6305621862e+01 0 0
564 5.5061298562e+03 6.0070894783e+03 5.2017406702e+03 5.6572650636e+03 5.9360687328e+03 9.1068098296e-01 9.2899550176e-01 9.2784790124e-01 9.2797329355e-01 9.2912675891e-01 3.2101235753e+01 2.8457710743e+01 2.6767677307e+01 1.6683070874e+01 1.5788853288e+01 1.5303200245e+01 0 0
565 5.4543590304e+03 5.6332253639e+03 5.5817192692e+03 5.6026500872e+03 5.7231655576e+03 9.0938974589e-01 9.2787123322e-01 9.2679872607e-01 9.2673949867e-01 9.2796356381e-01 3.6506224857e+01 2.4955297709e+01 2.7117230177e+01 1.7730368311e+01 1.5025765955e+01 1.5402303338e+01 0 0
566 5.5099375525e+03 5.3423889787e+03 5.8075871065e+03 5.7344133091e+03 5.7779456557e+03 9.0805420308e-01 9.2670309495e-01 9.2565927876e-01 9.2548250456e-01 9.2685375089e-01 3.3297039997e+01 2.5460972309e+01 2.8490527391e+01 1.7177058912e+01 1.5193462193e+01 1.5451556683e+01 0 0
567 5.3447410078e+03 5.5729469762e+03 5.8429906726e+03 5.4081264778e+03 5.7060171749e+03 9.0675205587e-01 9.2561290289e-01 9.2455667976e-01 9.2430846173e-01 9.2578698528e-01 3.1374023032e+01 2.5576283932e+01 3.5437235832e+01 1.6499069529e+01 1.4800658762e+01 1.6770728350e+01 0 0
568 5.4651579220e+03 5.5433607135e+03 5.9072423346e+03 5.5406035772e+03 5.4626396550e+03 9.0545318963e-01 9.2457388114e-01 9.2344235070e-01 9.2322812925e-01 9.2469181417e-01 2.9561397488e+01 3.7565020084e+01 3.6183448792e+01 1.6120384117e+01 1.7120903492e+01 1.7093439102e+01 0 0
569 5.3937256151e+03 5.6376097772e+03 5.7819047035e+03 5.4937346132e+03 5.7130881316e+03 9.0415588967e-01 9.2347415189e-01 9.2224814388e-01 9.2205020272e-01 9.2353993662e-01 2.7185217667e+01 3.6940155506e+01 3.2959901333e+01 1.5506315256e+01 1.7558595419e+01 1.6787887812e+01 0 0
570 5.4627460199e+03 5.5681840846e+03 5.6197531974e+03 5.6009406353e+03 5.9721808412e+03 9.0292792394e-01 9.2227338561e-01 9.2103133253e-01 9.2081156607e-01 9.2240930032e-01 3.0290473638e+01 3.3685647488e+01 3.1176260710e+01 1.5917921355e+01 1.7204731703e+01 1.6203254223e+01 0 0
571 5.4728377198e+03 5.7333250388e+03 5.4657039803e+03 5.7762222949e+03 6.2751063736e+03 9.0167895471e-01 9.2109588244e-01 9.1982220746e-01 9.1958656827e-01 9.2128134364e-01 3.2038947624e+01 3.2705475807e+01 3.5936724663e+01 1.6513261651e+01 1.7017582417e+01 1.7232385159e+01 0 0
572 5.5214159515e+03 5.6177169740e+03 5.6563624353e+03 5.9393588880e+03 6.0646028724e+03 9.0034285137e-01 9.1991853838e-01 9.1856580833e-01 9.1834827666e-01 9.2006227197e-01 2.6853643736e+01 3.1981300116e+01 3.0544521570e+01 1.5762577661e+01 1.6949652195e+01 1.6359244347e+01 0 0
573 5.4895167151e+03 5.8433384294e+03 5.5368536192e+03 5.7727719512e+03 6.0168855731e+03 8.9905619135e-01 9.1873246553e-01 9.1729524162e-01 9.1708898879e-01 9.1884494525e-01 2.4452805144e+01 3.2030965805e+01 2.8540790796e+01 1.4978405113e+01 1.6947493792e+01 1.5846425235e+01 0 0
574 5.4890500131e+03 5.5319363698e+03 5.6076553032e+03 5.7084680957e+03 5.9022477074e+03 8.9779096269e-01 9.1747389353e-01 9.1607039983e-01 9.1584019063e-01 9.1760851398e-01 2.6834964945e+01 3.7210701942e+01 3.0546668768e+01 1.5459783373e+01 1.7971941710e+01 1.6570626497e+01 0 0
575 5.3777546772e+03 5.6848906762e+03 5.7703677526e+03 5.6874036256e+03 6.0238818049e+03 8.9658210541e-01 9.1635586332e-01 9.1480003442e-01 9.1450035643e-01 9.1636102961e-01 3.3274263952e+01 3.5159241676e+01 3.2915257931e+01 1.6670345608e+01 1.7902644157e+01 1.7147048235e+01 0 0
576 5.4467976044e+03 5.9929939096e+03 5.8984001221e+03 5.7485622550e+03 5.7807418209e+03 8.9539106824e-01 9.1514410762e-01 9.1352186089e-01 9.1313347081e-01 9.1502396166e-01 3.5386798079e+01 3.0057140827e+01 3.0004523277e+01 1.7070995710e+01 1.6741697311e+01 1.6932570457e+01 0 0
577 5.3251645294e+03 6.0070385382e+03 5.5738638304e+03 5.7953388167e+03 5.9192080551e+03 8.9422588140e-01 9.1384562132e-01 9.1227890267e-01 9.1183946446e-01 9.1371513427e-01 3.5899878964e+01 3.3178392887e+01 2.8561685562e+01 1.7053290591e+01 1.7257549763e+01 1.6465317249e+01 0 0
578 5.5571160169e+03 5.9393777452e+03 5.7463270008e+03 5.9136195346e+03 6.0791196731e+03 8.9300414009e-01 9.1250292389e-01 9.1100068513e-01 9.1060182492e-01 9.1232236341e-01 3.8859088303e+01 3.5371877670e+01 2.6506983757e+01 1.8071734496e+01 1.7319142342e+01 1.6299412727e+01 0 0
579 5.6777212814e+03 6.2113512218e+03 5.6633433588e+03 5.5632141789e+03 5.8229793062e+03 8.9157625101e-01 9.1118209940e-01 9.0960646569e-01 9.0938440826e-01 9.1102478337e-01 2.7001254047e+01 3.6466656208e+01 3.0548052788e+01 1.6189135820e+01 1.7358486652e+01 1.6680562258e+01 0 0
580 5.6640698066e+03 5.8201044664e+03 5.5730842448e+03 5.4866623734e+03 5.8412067246e+03 8.9015821509e-01 9.0985969065e-01 9.0831869585e-01 9.0818609489e-01 9.0982679180e-01 2.3590823951e+01 3.6904674530e+01 4.6750030994e+01 1.5281541961e+01 1.7529494286e+01 1.9591743946e+01 0 0
581 5.7593123861e+03 5.5395931259e+03 5.4763719742e+03 5.7573257681e+03 5.7750740255e+03 8.8874383533e-01 9.0861890335e-01 9.0717017096e-01 9.0697723699e-01 9.0849247889e-01 2.4905725442e+01 3.3937926769e+01 3.9154316425e+01 1.5701298936e+01 1.7127354622e+01 1.8825461149e+01 0 0
582 5.7040681585e+03 5.6197820242e+03 5.5082558038e+03 5.8307817658e+03 5.9661055975e+03 8.8725643110e-01 9.0738594167e-01 9.0593076592e-01 9.0574340088e-01 9.0714097994e-01 2.5152946881e+01 3.1158034801e+01 3.2179760456e+01 1.5966925771e+01 1.6558041334e+01 1.7338325977e+01 0 0
583 5.7717900548e+03 5.5806574881e+03 5.5792456479e+03 6.1410800353e+03 6.3624511000e+03 8.8575672201e-01 9.0614865938e-01 9.0466248994e-01 9.0452393065e-01 9.0589606675e-01 2.7163425816e+01 3.3143539906e+01 3.4523937702e+01 1.6610374277e+01 1.6899135351e+01 1.7358491182e+01 0 0
584 5.6771373474e+03 5.8691805220e+03 5.6872251582e+03 6.0625499586e+03 6.1696080913e+03 8.8424416316e-01 9.0498751246e-01 9.0346481900e-01 9.0329461843e-01 9.0465065775e-01 2.9557301734e+01 3.4050749302e+01 3.4797395229e+01 1.7361052918e+01 1.7276040077e+01 1.7342189789e+01 0 0
585 5.7444178805e+03 5.7611807817e+03 5.6959057225e+03 5.9047357265e+03 6.0409098652e+03 8.8267329985e-01 9.0376844398e-01 9.0224948122e-01 9.0201880013e-01 9.0337750452e-01 2.8198652446e+01 2.9191106796e+01 3.2448078156e+01 1.7161973477e+01 1.6446570396e+01 1.6948627234e+01 0 0
586 5.8420545025e+03 5.5878827833e+03 5.7737663617e+03 5.6805246237e+03 5.8116861581e+03 8.8108004264e-01 9.0250670260e-01 9.0097148475e-01 9.0076148502e-01 9.0214736039e-01 2.7056804964e+01 2.7922703505e+01 3.4192757130e+01 1.6929340510e+01 1.5991753578e+01 1.7300572634e+01 0 0
587 5.7707310339e+03 6.1357995404e+03 5.9514751113e+03 5.8888083684e+03 5.6509468233e+03 8.7944321854e-01 9.0130572565e-01 8.9974484465e-01 8.9952456492e-01 9.0090478884e-01 2.4025642199e+01 3.2584914684e+01 3.1731980562e+01 1.6148882747e+01 1.6959558964e+01 1.6900774479e+01 0 0
588 5.9200593195e+03 5.8226265551e+03 5.6844883675e+03 5.7750026840e+03 5.7528942281e+03 8.7783312494e-01 9.0014544467e-01 8.9861591197e-01 8.9825941857e-01 8.9975382245e-01 2.5745603132e+01 3.2621669292e+01 3.6651682854e+01 1.6485340351e+01 1.7015601397e+01 1.7494602442e+01 0 0
589 6.1524398210e+03 5.6467640291e+03 5.6360422284e+03 5.8217454427e+03 5.9066335590e+03 8.7623081119e-01 8.9887081323e-01 8.9743473591e-01 8.9690757829e-01 8.9858506397e-01 2.6166062446e+01 2.8854001045e+01 4.2458629608e+01 1.6758767919e+01 1.6562060595e+01 1.8908369541e+01 0 0
590 6.4608340841e+03 5.7508262015e+03 5.6438318543e+03 6.0527692836e+03 5.8822227091e+03 8.7478909450e-01 8.9756117411e-01 8.9620883970e-01 8.9551486915e-01 8.9731645580e-01 2.9726825292e+01 2.7220777273e+01 3.3684406757e+01 1.7088968283e+01 1.6393463373e+01 1.7519998550e+01 0 0
591 7.0481887604e+03 5.7512586449e+03 5.8825470674e+03 6.2858800498e+03 5.7380296270e+03 8.7344858886e-01 8.9618874738e-01 8.9506010607e-01 8.9418481086e-01 8.9604651421e-01 4.0162406810e+01 2.9104386091e+01 3.0233083010e+01 1.9087630912e+01 1.6571208239e+01 1.6741954327e+01 0 0
592 6.1333325219e+03 6.2470373778e+03 5.8161767511e+03 6.6442468347e+03 5.7926339432e+03 8.7199049352e-01 8.9484835092e-01 8.9381993490e-01 8.9291035057e-01 8.9480072456e-01 3.7904553620e+01 3.5677150249e+01 3.1648795605e+01 1.9347713873e+01 1.8027266026e+01 1.7019246340e+01 0 0
593 5.8395330487e+03 6.5660173621e+03 5.7258962617e+03 6.3966040991e+03 5.7765574523e+03 8.7052657294e-01 8.9357241909e-01 8.9242366886e-01 8.9157015610e-01 8.9350310356e-01 2.8044303355e+01 3.6393779755e+01 3.1948005915e+01 1.6872270536e+01 1.8600584030e+01 1.7166940451e+01 0 0
594 5.7215195723e+03 6.6323069893e+03 5.6676451900e+03 6.0707574486e+03 5.8781970025e+03 8.6914439611e-01 8.9231834819e-01 8.9108693822e-01 8.9014784571e-01 8.9217734632e-01 3.0573873101e+01 3.3226637840e+01 3.1185879469e+01 1.7194557380e+01 1.8154781342e+01 1.6997032166e+01 0 0
595 5.7274597549e+03 6.1674688487e+03 5.7663215311e+03 5.8522474315e+03 5.7619996529e+03 8.6769599978e-01 8.9097162394e-01 8.8983427541e-01 8.8872993152e-01 8.9085840335e-01 2.9287026170e+01 3.6478086472e+01 3.3700239658e+01 1.7112938912e+01 1.8967662811e+01 1.7823607445e+01 0 0
596 5.8025442332e+03 6.0907290204e+03 5.8722516976e+03 5.7319644102e+03 5.6723124032e+03 8.6619814710e-01 8.8958985363e-01 8.8849589943e-01 8.8727652845e-01 8.8950836330e-01 2.8069309554e+01 3.5880333900e+01 3.2885359287e+01 1.7084913055e+01 1.8934515715e+01 1.7880074024e+01 0 0
597 5.6467700865e+03 5.7343538433e+03 5.8291375005e+03 5.8442286061e+03 5.9139807237e+03 8.6482594586e-01 8.8819598219e-01 8.8705555128e-01 8.8597207620e-01 8.8809171669e-01 3.1097060946e+01 4.4400286198e+01 2.8979233742e+01 1.7300201127e+01 1.9775935888e+01 1.7127819300e+01 0 0
598 5.6254584349e+03 5.8652839658e+03 5.9822427233e+03 5.8994643825e+03 5.9057260350e+03 8.6363021002e-01 8.8673085413e-01 8.8557307784e-01 8.8457453555e-01 8.8673514910e-01 4.6747093980e+01 4.8257477760e+01 3.3102298260e+01 1.9628185691e+01 2.1374003172e+01 1.7950003386e+01 0 0
599 5.6499526629e+03 5.8226643386e+03 5.9461453060e+03 5.9594295029e+03 5.8082768529e+03 8.6227957486e-01 8.8519748722e-01 8.8418437001e-01 8.8304023562e-01 8.8541460230e-01 4.5413345963e+01 3.0976283312e+01 4.2195012569e+01 2.0439418580e+01 1.8117301941e+01 1.9848692894e+01 0 0
600 5.6709195499e+03 5.7541951653e+03 5.9306471822e+03 5.8573195235e+03 6.0154414634e+03 8.6084443215e-01 8.8371884872e-01 8.8276790640e-01 8.8150405337e-01 8.8395833801e-01 2.8947758395e+01 2.9523297310e+01 3.9594369411e+01 1.6964324816e+01 1.7636720657e+01 2.0031371593e+01 0 0
601 5.7096911066e+03 5.6718970371e+03 5.7450176675e+03 5.8747677401e+03 5.8675269066e+03 8.5938624410e-01 8.8244215161e-01 8.8129539995e-01 8.7995435756e-01 8.8241308256e-01 2.6048103659e+01 3.0560259581e+01 3.3205438137e+01 1.6295858462e+01 1.7996775150e+01 1.8880343437e+01 0 0
602 5.8808237357e+03 5.7194260202e+03 5.6987065199e+03 5.8012922698e+03 5.8682344875e+03 8.5796612567e-01 8.8106584189e-01 8.7984147594e-01 8.7848011810e-01 8.8090724351e-01 2.6677708755e+01 3.2173802853e+01 3.2321369171e+01 1.6117812899e+01 1.8142719984e+01 1.8247084856e+01 0 0
603 6.1894856969e+03 5.8051804451e+03 5.8304658476e+03 5.7624952928e+03 5.7479185798e+03 8.5662442156e-01 8.7955413054e-01 8.7844708563e-01 8.7708276154e-01 8.7956598932e-01 3.0224542419e+01 3.5389296532e+01 4.3947370052e+01 1.6670610217e+01 1.8729158640e+01 2.0095185757e+01 0 0
604 6.4026120437e+03 5.8265464900e+03 5.7220994399e+03 5.7859422742e+03 5.8301464819e+03 8.5535439648e-01 8.7805161705e-01 8.7711289498e-01 8.7568137579e-01 8.7816711051e-01 3.3968532613e+01 3.5922545433e+01 4.5329733372e+01 1.7163274066e+01 1.8971575499e+01 2.0926304102e+01 0 0
605 6.1398553806e+03 6.2190645599e+03 5.8529062866e+03 5.7212984540e+03 5.8806448626e+03 8.5401363867e-01 8.7655249203e-01 8.7575684103e-01 8.7425065668e-01 8.7668877838e-01 3.4294732792e+01 3.2268115997e+01 3.6729686260e+01 1.7639314969e+01 1.8088504076e+01 1.9382357359e+01 0 0
606 5.8718697642e+03 6.5571493806e+03 5.9672512935e+03 5.8555805861e+03 5.8935232247e+03 8.5265511336e-01 8.7508249552e-01 8.7427528578e-01 8.7285453540e-01 8.7524241762e-01 3.1069472938e+01 3.1850973129e+01 3.6974975586e+01 1.6883366567e+01 1.7821870565e+01 1.9330672979e+01 0 0
607 5.8025211726e+03 6.7552660939e+03 5.9524381559e+03 5.9615313469e+03 5.8779248039e+03 8.5127115982e-01 8.7376000274e-01 8.7280910024e-01 8.7142702859e-01 8.7378313769e-01 3.0755922755e+01 3.0173476458e+01 3.7689508438e+01 1.6943415404e+01 1.7658799887e+01 1.9666652203e+01 0 0
608 5.6758635780e+03 6.0598399319e+03 6.1836432627e+03 5.8642469252e+03 6.0546497834e+03 8.4984063516e-01 8.7242639719e-01 8.7141287132e-01 8.6996718906e-01 8.7226238363e-01 2.9453755846e+01 3.0635931492e+01 3.2601371765e+01 1.6843956070e+01 1.7905402660e+01 1.8658296108e+01 0 0
609 5.6475531163e+03 5.7486495806e+03 7.0425972482e+03 5.9759625166e+03 6.1244728753e+03 8.4847927331e-01 8.7104179148e-01 8.7004458474e-01 8.6856816818e-01 8.7080321841e-01 3.2019590150e+01 3.3202808857e+01 3.1347204208e+01 1.7139821789e+01 1.8246671200e+01 1.8144653082e+01 0 0
610 5.5631700690e+03 5.7506060550e+03 6.6020878516e+03 5.6454845673e+03 5.7838596110e+03 8.4720582684e-01 8.6969057323e-01 8.6873574703e-01 8.6721628771e-01 8.6953571233e-01 4.5008091937e+01 3.6019692421e+01 4.0084869385e+01 1.9688313760e+01 1.8668172121e+01 1.9272321701e+01 0 0
611 5.8282703016e+03 6.0905434897e+03 6.2625937119e+03 5.6931186533e+03 5.8909408417e+03 8.4585562518e-01 8.6843752585e-01 8.6731923780e-01 8.6599854624e-01 8.6829172685e-01 3.8440758319e+01 4.4673230171e+01 4.9769914150e+01 1.8834117855e+01 1.9612206221e+01 2.1178322554e+01 0 0
612 5.7143862460e+03 6.0562744324e+03 5.8946114376e+03 5.7119145652e+03 6.0390807247e+03 8.4451344080e-01 8.6713908625e-01 8.6583389035e-01 8.6464833340e-01 8.6687660686e-01 3.3823449124e+01 4.0502907753e+01 3.6434123516e+01 1.7693571047e+01 1.9648314714e+01 1.9219070196e+01 0 0
613 5.6211466940e+03 5.8183128139e+03 5.7615192441e+03 5.8144330764e+03 6.2891144051e+03 8.4324384164e-01 8.6568687608e-01 8.6440135450e-01 8.6331028971e-01 8.6553967390e-01 3.9258178080e+01 3.3867681503e+01 3.6925872803e+01 1.8464632225e+01 1.8017152309e+01 1.8943812847e+01 0 0
614 5.5634157921e+03 5.7671916909e+03 5.9872320817e+03 5.7783090952e+03 6.2409076263e+03 8.4190101577e-01 8.6422956499e-01 8.6298976741e-01 8.6195125631e-01 8.6419115030e-01 3.4732915136e+01 3.1188301563e+01 4.2892701149e+01 1.7889072679e+01 1.7403941870e+01 2.0602201462e+01 0 0
615 5.6446588047e+03 5.6319724786e+03 6.6644135526e+03 5.8336403729e+03 6.2582770792e+03 8.4052509987e-01 8.6287740438e-01 8.6160980766e-01 8.6069215478e-01 8.6277576421e-01 2.5128490264e+01 3.7692653179e+01 3.5401783466e+01 1.5582964366e+01 1.8279355049e+01 1.9044512987e+01 0 0
616 5.8045970550e+03 5.8217615891e+03 6.7484439688e+03 5.8461556599e+03 6.0344384991e+03 8.3910627183e-01 8.6154477195e-01 8.6033341064e-01 8.5936527184e-01 8.6135867844e-01 2.4396225746e+01 3.5292089939e+01 3.3442867279e+01 1.5479423166e+01 1.8136982203e+01 1.8423991680e+01 0 0
617 5.7777551236e+03 5.4862759683e+03 6.0559098408e+03 5.8415929334e+03 5.9896043275e+03 8.3780731916e-01 8.6025805783e-01 8.5906061197e-01 8.5793179933e-01 8.5995892097e-01 2.9268269414e+01 2.7703453779e+01 3.2865113735e+01 1.6114601145e+01 1.6713657379e+01 1.8199049950e+01 0 0
618 5.5574711086e+03 5.6353841040e+03 5.6919467671e+03 5.8872119038e+03 6.2353495491e+03 8.3654601096e-01 8.5902723145e-01 8.5763201863e-01 8.5650843728e-01 8.5857921335e-01 3.5143459127e+01 2.8096691132e+01 3.2294790268e+01 1.7446888086e+01 1.6626983166e+01 1.7896819592e+01 0 0
619 5.8259184471e+03 5.5889077645e+03 5.6492948233e+03 6.0429741022e+03 5.9681152804e+03 8.3516577891e-01 8.5771015191e-01 8.5627863163e-01 8.5514812189e-01 8.5724158821e-01 2.8597260008e+01 3.2782372952e+01 3.5527165413e+01 1.6437233382e+01 1.7517593622e+01 1.8498230219e+01 0 0
620 6.1477906780e+03 5.6756620759e+03 5.5017110066e+03 5.9652473545e+03 5.9944427598e+03 8.3379255645e-01 8.5649028532e-01 8.5500682409e-01 8.5387113282e-01 8.5590146890e-01 2.5693114269e+01 3.9729252338e+01 3.3279328823e+01 1.5437208487e+01 1.8859091043e+01 1.7925255299e+01 0 0
621 6.2717831869e+03 5.7178842241e+03 5.7174835374e+03 5.7383760769e+03 5.8438151921e+03 8.3259320930e-01 8.5515427969e-01 8.5382940359e-01 8.5256788655e-01 8.5457786082e-01 3.2202410230e+01 4.1729854584e+01 3.5038067341e+01 1.6267800232e+01 1.9599688292e+01 1.8201824903e+01 0 0
622 5.9231059686e+03 5.6900119508e+03 5.5539441841e+03 5.8422529901e+03 5.8660201159e+03 8.3139527886e-01 8.5376991344e-01 8.5244701651e-01 8.5117183044e-01 8.5324938748e-01 3.7125987839e+01 3.7686415195e+01 3.4260254383e+01 1.7454818543e+01 1.9140368462e+01 1.7949248314e+01 0 0
623 5.4112686686e+03 5.7359297416e+03 5.5899962433e+03 6.6044397189e+03 5.9089044670e+03 8.3005237971e-01 8.5234782438e-01 8.5101170855e-01 8.4981309248e-01 8.5179125567e-01 2.6948367341e+01 3.6578170776e+01 3.0404508829e+01 1.5583987491e+01 1.8598347425e+01 1.7649854898e+01 0 0
624 5.5229808221e+03 5.7939409731e+03 5.6498826536e+03 6.1076005108e+03 5.7750982676e+03 8.2867574733e-01 8.5097201187e-01 8.4961092004e-01 8.4852644029e-01 8.5042346272e-01 2.2707771053e+01 3.9848382473e+01 3.2144205093e+01 1.4461344699e+01 1.9099605799e+01 1.7581997395e+01 0 0
625 5.4631968896e+03 5.8145125333e+03 5.6283708122e+03 6.0950156686e+03 5.9443351184e+03 8.2732114603e-01 8.4963703644e-01 8.4821574117e-01 8.4722507645e-01 8.4902336069e-01 2.2130971740e+01 3.7547894001e+01 3.4766672611e+01 1.4169690229e+01 1.8749614000e+01 1.8540051222e+01 0 0
626 5.3565082626e+03 5.6568523049e+03 5.5474961920e+03 5.7176778503e+03 5.9535764041e+03 8.2597604079e-01 8.4824394063e-01 8.4686252174e-01 8.4584388278e-01 8.4763337660e-01 2.2950471020e+01 3.0246795416e+01 3.4295618057e+01 1.4395715989e+01 1.7244544983e+01 1.8343350887e+01 0 0
627 5.3422987030e+03 5.5701982011e+03 5.4893522387e+03 5.7123473284e+03 5.9563505605e+03 8.2472780107e-01 8.4687406492e-01 8.4557559901e-01 8.4449032604e-01 8.4630512557e-01 2.6963212219e+01 2.8313787937e+01 4.1445530891e+01 1.5113719057e+01 1.6554680824e+01 1.9811617374e+01 0 0
628 5.1739904929e+03 5.5756296505e+03 5.4648304640e+03 5.6921096265e+03 5.7960317459e+03 8.2352787449e-01 8.4551172264e-01 8.4431955543e-01 8.4310440877e-01 8.4490362128e-01 2.7327083775e+01 2.5322189569e+01 3.7435538769e+01 1.5094051661e+01 1.5900681376e+01 1.9442482471e+01 0 0
629 5.3283071208e+03 5.5763599238e+03 5.4165034847e+03 5.5640517611e+03 5.8232046160e+03 8.2235207932e-01 8.4417708396e-01 8.4306487928e-01 8.4181449512e-01 8.4347792951e-01 2.6338920707e+01 3.1228833675e+01 3.2078763962e+01 1.4760927675e+01 1.6939202547e+01 1.8057446718e+01 0 0
630 5.3131980336e+03 5.7634586838e+03 5.3690554104e+03 5.5840730654e+03 5.6352433843e+03 8.2115426833e-01 8.4286869632e-01 8.4183102563e-01 8.4064773956e-01 8.4217527355e-01 2.3432456273e+01 4.2410206795e+01 3.5107394695e+01 1.3968155402e+01 1.8733163834e+01 1.8076636076e+01 0 0
631 5.2081672477e+03 5.8975754340e+03 5.6302309011e+03 5.4719166660e+03 5.6193672242e+03 8.2000350412e-01 8.4159827989e-01 8.4056650974e-01 8.3940752018e-01 8.4103354877e-01 2.3584899819e+01 3.9482029915e+01 5.0380855560e+01 1.3764700714e+01 1.8621278048e+01 2.0504709721e+01 0 0
632 5.2468201870e+03 6.1603879748e+03 5.6092837332e+03 5.5066258271e+03 5.6300451153e+03 8.1888588790e-01 8.4035194670e-01 8.3918493710e-01 8.3810997333e-01 8.3972955127e-01 2.5184081146e+01 3.2301761150e+01 3.6914007187e+01 1.4032413753e+01 1.7153565884e+01 1.8865297794e+01 0 0
633 5.1972735299e+03 5.7213360328e+03 5.4873518203e+03 5.3336516572e+03 5.6132849562e+03 8.1773272925e-01 8.3901956522e-01 8.3783869723e-01 8.3693333243e-01 8.3835759923e-01 2.3795413841e+01 3.8515530586e+01 2.8215375185e+01 1.3793516639e+01 1.7783056736e+01 1.6712130070e+01 0 0
634 5.2789828863e+03 5.5083536560e+03 5.4053612275e+03 5.4912905587e+03 5.8449294264e+03 8.1660062089e-01 8.3774762027e-01 8.3653113973e-01 8.3571841827e-01 8.3704248209e-01 2.3994114023e+01 3.8535249710e+01 3.0838449717e+01 1.3770651160e+01 1.8106889963e+01 1.7086922407e+01 0 0
635 5.4533812719e+03 5.3960669010e+03 5.3832635083e+03 5.5391508374e+03 5.7786960467e+03 8.1553813120e-01 8.3650052735e-01 8.3523711066e-01 8.3441405924e-01 8.3579970799e-01 2.6510714802e+01 2.7991863012e+01 3.9007949829e+01 1.4050372007e+01 1.6041088581e+01 1.8768405914e+01 0 0
636 5.1646820355e+03 5.4492601333e+03 5.3183147707e+03 5.3911030411e+03 5.6626092925e+03 8.1455395299e-01 8.3525363279e-01 8.3399966229e-01 8.3320187078e-01 8.3460301400e-01 3.2179860373e+01 3.0085946560e+01 4.0951987743e+01 1.4836276876e+01 1.5946891427e+01 1.8824170589e+01 0 0
637 4.9965810324e+03 5.4863589019e+03 5.2771103835e+03 5.4555417696e+03 5.5005447003e+03 8.1355272886e-01 8.3407447832e-01 8.3288354981e-01 8.3198341557e-01 8.3333798425e-01 3.0573638569e+01 3.4012883663e+01 3.6868574142e+01 1.4575207294e+01 1.6864870787e+01 1.8228089809e+01 0 0
638 5.1110833281e+03 5.3509208553e+03 5.3520345664e+03 5.3689529706e+03 5.6867417736e+03 8.1253356201e-01 8.3292096511e-01 8.3167283347e-01 8.3071415110e-01 8.3208424367e-01 2.7174531388e+01 3.0103251934e+01 3.7128078938e+01 1.3967275690e+01 1.6240017653e+01 1.8164407730e+01 0 0
639 5.4349138878e+03 5.4350668809e+03 5.2593429247e+03 5.2575986914e+03 5.6596643010e+03 8.1155606120e-01 8.3163318685e-01 8.3042293969e-01 8.2950968015e-01 8.3083569025e-01 2.8310556702e+01 2.9922237158e+01 3.4919009686e+01 1.4021383510e+01 1.5964495182e+01 1.7633148670e+01 0 0
640 5.6245168030e+03 5.2838181271e+03 5.3723868066e+03 5.3564898954e+03 5.8433018063e+03 8.1053552087e-01 8.3038644076e-01 8.2917217529e-01 8.2829015514e-01 8.2960951906e-01 2.6890387295e+01 3.1332323074e+01 3.3512933254e+01 1.3908531506e+01 1.6474740267e+01 1.7118843079e+01 0 0
641 5.6180359468e+03 5.3657746878e+03 5.2202913712e+03 5.3486364618e+03 5.8106646780e+03 8.0952651563e-01 8.2919456096e-01 8.2792957397e-01 8.2704399560e-01 8.2833997548e-01 2.8661049478e+01 2.5265591621e+01 3.1292287350e+01 1.4248360897e+01 1.4987847388e+01 1.6782354593e+01 0 0
642 5.2687236459e+03 5.3110836936e+03 5.2197844783e+03 5.4374538159e+03 5.7890842108e+03 8.0848341145e-01 8.2799074926e-01 8.2675441607e-01 8.2587985554e-01 8.2706710288e-01 2.8336725750e+01 2.4090764284e+01 2.9541846037e+01 1.4471500085e+01 1.4343645930e+01 1.6333620548e+01 0 0
643 5.0262537130e+03 5.3434578692e+03 5.1067422101e+03 5.4053839827e+03 5.7490277439e+03 8.0736388630e-01 8.2678310172e-01 8.2558897789e-01 8.2475643802e-01 8.2582144495e-01 2.2001500699e+01 2.5707159758e+01 2.9030570507e+01 1.3213208186e+01 1.4543472350e+01 1.6004222870e+01 0 0
644 5.0993044880e+03 5.2249514830e+03 5.0914842630e+03 5.3408808262e+03 5.5098791275e+03 8.0621881969e-01 8.2557360243e-01 8.2444571919e-01 8.2373042983e-01 8.2467299672e-01 2.0732817291e+01 3.1471708775e+01 3.7631902218e+01 1.2857158686e+01 1.5248722672e+01 1.7464103937e+01 0 0
645 5.2648198067e+03 5.0944789724e+03 5.1110134024e+03 5.3126475509e+03 5.3888566505e+03 8.0516581066e-01 8.2441579205e-01 8.2331805552e-01 8.2265318858e-01 8.2347906302e-01 2.3889862463e+01 3.2611388206e+01 3.6237470150e+01 1.3359978306e+01 1.5871206701e+01 1.7625330210e+01 0 0
646 5.2092046618e+03 5.2200157088e+03 5.0662151553e+03 5.2630903469e+03 5.4152687837e+03 8.0420066881e-01 8.2328329017e-01 8.2221426829e-01 8.2150645411e-01 8.2233639433e-01 3.5024447949e+01 2.5528173923e+01 3.1279095888e+01 1.5463289298e+01 1.4535602987e+01 1.6259753942e+01 0 0
647 5.1327667391e+03 5.0946469946e+03 5.1257596510e+03 5.1612021855e+03 5.7962139367e+03 8.0308182664e-01 8.2220927047e-01 8.2110401413e-01 8.2040494530e-01 8.2131258744e-01 2.7834594173e+01 2.5044456244e+01 3.8780612946e+01 1.4624192805e+01 1.4136374474e+01 1.7144575834e+01 0 0
648 5.1010694544e+03 5.0647876560e+03 5.2783186717e+03 5.2102222601e+03 5.3165033622e+03 8.0190996882e-01 8.2115813149e-01 8.1998052925e-01 8.1937164046e-01 8.2020365901e-01 2.2202408793e+01 3.0129560709e+01 3.2923820496e+01 1.3387465949e+01 1.5028276443e+01 1.6394617558e+01 0 0
649 5.1865778142e+03 5.1398017471e+03 5.2094719502e+03 5.3023443872e+03 5.3047571104e+03 8.0072583131e-01 8.2009326468e-01 8.1888851783e-01 8.1833269355e-01 8.1906947664e-01 2.0419139992e+01 2.9307226181e+01 2.7085666656e+01 1.3099262366e+01 1.4868569732e+01 1.5135505021e+01 0 0
650 5.2031972786e+03 5.0667539905e+03 5.1394318752e+03 5.3889865467e+03 5.2651222208e+03 7.9955357200e-01 8.1904094268e-01 8.1784923524e-01 8.1725270694e-01 8.1794119383e-01 2.2339484576e+01 2.3926254749e+01 2.5498560429e+01 1.3476970530e+01 1.3677742481e+01 1.4647259295e+01 0 0
651 5.0920494787e+03 5.0246583963e+03 5.1377892133e+03 5.4858494329e+03 5.3104357637e+03 7.9842482453e-01 8.1803417207e-01 8.1677612902e-01 8.1622446611e-01 8.1680325910e-01 2.7696826153e+01 2.5260147095e+01 2.5721573830e+01 1.4604147234e+01 1.3721640468e+01 1.4625197828e+01 0 0
652 5.2191769395e+03 5.0179465920e+03 4.9396040327e+03 5.5125928564e+03 5.3336951544e+03 7.9729365278e-01 8.1701513567e-01 8.1575595085e-01 8.1523494022e-01 8.1565120102e-01 2.8845232341e+01 2.9854466915e+01 2.5642065048e+01 1.4916847361e+01 1.4687122166e+01 1.4689809561e+01 0 0
653 5.1333576169e+03 5.0671046960e+03 4.8230390834e+03 5.3090014127e+03 5.2680258162e+03 7.9617188832e-01 8.1595697722e-01 8.1477283835e-01 8.1419404168e-01 8.1454463905e-01 3.1927632969e+01 2.8186164856e+01 2.5570513487e+01 1.5542807072e+01 1.4693370521e+01 1.4510407805e+01 0 0
654 5.2891693594e+03 4.9814491867e+03 4.9977873104e+03 5.1187139010e+03 5.0436320246e+03 7.9499345775e-01 8.1484017855e-01 8.1382037109e-01 8.1310828774e-01 8.1347986357e-01 2.9594699457e+01 2.3886642933e+01 2.6436571121e+01 1.5241463760e+01 1.3803778589e+01 1.4505501509e+01 0 0
655 5.2405336134e+03 5.0661756780e+03 5.0310945131e+03 5.0670662123e+03 5.0812219003e+03 7.9376070196e-01 8.1375360764e-01 8.1283031312e-01 8.1208904495e-01 8.1247720550e-01 2.5734144528e+01 2.7955030918e+01 2.9632561445e+01 1.4492999549e+01 1.4422995925e+01 1.4824987590e+01 0 0
656 5.4356537138e+03 5.1880038550e+03 4.9600215725e+03 5.0572419361e+03 4.9942831317e+03 7.9249642151e-01 8.1271829561e-01 8.1182460534e-01 8.1112859779e-01 8.1146543420e-01 2.2867515130e+01 3.5017658710e+01 2.9094443560e+01 1.3865651997e+01 1.5646639585e+01 1.4733892024e+01 0 0
657 5.5813608080e+03 5.4043273402e+03 4.9775289050e+03 5.2080906290e+03 5.1444478810e+03 7.9136132267e-01 8.1169448803e-01 8.1085969134e-01 8.1010760221e-01 8.1045860211e-01 2.3816330073e+01 3.1485976934e+01 2.9871010065e+01 1.3550921250e+01 1.5319465756e+01 1.4977585077e+01 0 0
658 5.2281056867e+03 5.3559355859e+03 5.1077958064e+03 5.1363418889e+03 5.2094283756e+03 7.9036897594e-01 8.1070265933e-01 8.0981630869e-01 8.0903990808e-01 8.0940591702e-01 4.0024548052e+01 2.8599745750e+01 2.7257222176e+01 1.6251561168e+01 1.4929986894e+01 1.4675157785e+01 0 0
659 5.0692951444e+03 5.1426077043e+03 5.1756638222e+03 5.2534049911e+03 5.1122363013e+03 7.8918372245e-01 8.0965005116e-01 8.0873729423e-01 8.0794502832e-01 8.0836912155e-01 3.1675323560e+01 2.7692672253e+01 2.6659966946e+01 1.5692725753e+01 1.4803088129e+01 1.4393865943e+01 0 0
660 5.8481446794e+03 4.9471654510e+03 5.1068786945e+03 5.2452652936e+03 5.1415211757e+03 7.8805520546e-01 8.0862783039e-01 8.0770682829e-01 8.0677667262e-01 8.0738935063e-01 2.5212860024e+01 2.3272118568e+01 3.2833262444e+01 1.3892563549e+01 1.4019754767e+01 1.5557965159e+01 0 0
661 6.4326939550e+03 4.9546045251e+03 5.4406580484e+03 5.2228398405e+03 5.1457975086e+03 7.8704321339e-01 8.0767715390e-01 8.0663279592e-01 8.0562177959e-01 8.0638641212e-01 3.3835565404e+01 2.2197459936e+01 3.2479047298e+01 1.5191069941e+01 1.3616057277e+01 1.5652836978e+01 0 0
662 5.5592944991e+03 5.2673008268e+03 5.5167662629e+03 5.0885306327e+03 5.1318066994e+03 7.8588554842e-01 8.0660805234e-01 8.0553661232e-01 8.0453119104e-01 8.0540746070e-01 2.8384253089e+01 2.7005606651e+01 3.4750557899e+01 1.4820862173e+01 1.4490983725e+01 1.5926564753e+01 0 0
663 5.1042791340e+03 5.3534476742e+03 5.4330751881e+03 5.1767843301e+03 5.1714841197e+03 7.8473623680e-01 8.0549746396e-01 8.0448543593e-01 8.0353613761e-01 8.0435671110e-01 2.1695184188e+01 4.0614139557e+01 3.0634668350e+01 1.3184092590e+01 1.7005455256e+01 1.5465409577e+01 0 0
664 5.0772553004e+03 5.6090626668e+03 5.3472922120e+03 5.1799150572e+03 5.3588521159e+03 7.8355097900e-01 8.0444651628e-01 8.0341538742e-01 8.0243141462e-01 8.0326876878e-01 1.9321859124e+01 3.4811925888e+01 2.8196054697e+01 1.2524045268e+01 1.6639721632e+01 1.5130245626e+01 0 0
665 5.0176885597e+03 5.4228713796e+03 5.2972000151e+03 5.2345437241e+03 5.3533615607e+03 7.8240377481e-01 8.0337806630e-01 8.0229616916e-01 8.0125322025e-01 8.0216995756e-01 2.1524937468e+01 2.8010559082e+01 2.7801781893e+01 1.2881203733e+01 1.5275410950e+01 1.5064408183e+01 0 0
666 5.0238747158e+03 5.5051403252e+03 5.1994336230e+03 5.2640250759e+03 5.4568679662e+03 7.8127809324e-01 8.0225913904e-01 8.0113495348e-01 8.0001196301e-01 8.0102462439e-01 2.5343595870e+01 2.6204690695e+01 2.4677877665e+01 1.3891873296e+01 1.4982258201e+01 1.4458341062e+01 0 0
667 5.2833048793e+03 5.2616297855e+03 5.2132467810e+03 5.3265726316e+03 5.6192369589e+03 7.8009578595e-01 8.0109982944e-01 7.9998526778e-01 7.9875334304e-01 7.9987521346e-01 2.2545744407e+01 2.4640236139e+01 2.4433726072e+01 1.3478040237e+01 1.4622658789e+01 1.4397179782e+01 0 0
668 5.1853408473e+03 5.3191499321e+03 5.0517454409e+03 5.3094029796e+03 5.9555715091e+03 7.7883777531e-01 7.9993725574e-01 7.9887841467e-01 7.9751726402e-01 7.9876623068e-01 2.1135069048e+01 2.5006282091e+01 2.8425643206e+01 1.3359820656e+01 1.4560992479e+01 1.5200623333e+01 0 0
669 5.3809540448e+03 5.2213498255e+03 5.2711198051e+03 5.2109968336e+03 5.6892080292e+03 7.7760470062e-01 7.9873684168e-01 7.9783396248e-01 7.9636649017e-01 7.9765761266e-01 2.2484343439e+01 2.7437908411e+01 3.2313653469e+01 1.3672874830e+01 1.4696844995e+01 1.6213737011e+01 0 0
670 5.3704710945e+03 5.3726570708e+03 5.1814019338e+03 5.1620887245e+03 5.3661233679e+03 7.7646741646e-01 7.9755002483e-01 7.9671099142e-01 7.9536922280e-01 7.9656753519e-01 2.5303288426e+01 4.1213912010e+01 3.3980870247e+01 1.4216451571e+01 1.6909374475e+01 1.6451972485e+01 0 0
671 5.6060410271e+03 5.0770091589e+03 5.3155219875e+03 5.3905517343e+03 5.3779706210e+03 7.7539014796e-01 7.9638336589e-01 7.9548135866e-01 7.9422661447e-01 7.9543160979e-01 2.9119669067e+01 3.3549528599e+01 3.2855792046e+01 1.4856870314e+01 1.6378404856e+01 1.6368671179e+01 0 0
672 5.8066728373e+03 5.2338656842e+03 5.2093108949e+03 5.5798953395e+03 5.8798394536e+03 7.7425339957e-01 7.9527141392e-01 7.9423309737e-01 7.9295139702e-01 7.9429136174e-01 2.8174869969e+01 2.2522348881e+01 3.3054293156e+01 1.4849577575e+01 1.4026597917e+01 1.6376889229e+01 0 0
673 5.5468237978e+03 5.1096191639e+03 5.3610791824e+03 5.8938137059e+03 5.9084603748e+03 7.7312543016e-01 7.9419800659e-01 7.9302739555e-01 7.9179201468e-01 7.9317109512e-01 2.7405102252e+01 2.3956185818e+01 3.4340984344e+01 1.4579077904e+01 1.3909142911e+01 1.6498786688e+01 0 0
674 5.5756376130e+03 5.1864579435e+03 5.4479726504e+03 6.1710329767e+03 5.5736688097e+03 7.7197309152e-01 7.9311488982e-01 7.9191635094e-01 7.9077289633e-01 7.9200245036e-01 2.8704253388e+01 3.3204258919e+01 3.3246449947e+01 1.5212319467e+01 1.5421030521e+01 1.6495417118e+01 0 0
675 5.4740784828e+03 5.1790219154e+03 5.1876836835e+03 5.5695651536e+03 5.5282677214e+03 7.7076913251e-01 7.9195160393e-01 7.9087778323e-01 7.8966299692e-01 7.9077111793e-01 2.6389735336e+01 3.0783036232e+01 2.6139128685e+01 1.4938014289e+01 1.5450177014e+01 1.5079984009e+01 0 0
676 5.1622248056e+03 5.1622142536e+03 5.0515369938e+03 5.3120624996e+03 5.6958658692e+03 7.6959357261e-01 7.9076098058e-01 7.8978156557e-01 7.8848058956e-01 7.8955651657e-01 2.6543101500e+01 2.3162997007e+01 2.4140431166e+01 1.4775092704e+01 1.3885371625e+01 1.4520053446e+01 0 0
677 5.2967728462e+03 5.0671346933e+03 5.0596596723e+03 5.3914843967e+03 6.2493826895e+03 7.6853200634e-01 7.8959029701e-01 7.8870195405e-01 7.8732866135e-01 7.8838234756e-01 3.5884549173e+01 2.0939594030e+01 2.5881263256e+01 1.6439519651e+01 1.3145121336e+01 1.4718838692e+01 0 0
678 5.2546904704e+03 4.9513236614e+03 5.3489591511e+03 5.7581642908e+03 6.4099385332e+03 7.6741931460e-01 7.8848177785e-01 7.8763606282e-01 7.8624552236e-01 7.8728497691e-01 3.4738029223e+01 2.5231274366e+01 3.0028691292e+01 1.6602867933e+01 1.3930649102e+01 1.5374058187e+01 0 0
679 5.4064840264e+03 5.1328013794e+03 5.6686857383e+03 5.8782936300e+03 5.8227347527e+03 7.6627071072e-01 7.8736667345e-01 7.8658365955e-01 7.8511950780e-01 7.8618320526e-01 3.0165499069e+01 2.8409891844e+01 3.2183372021e+01 1.5572398990e+01 1.4900866687e+01 1.5981318831e+01 0 0
680 5.3787554203e+03 5.0487899540e+03 5.5820901103e+03 6.1445611723e+03 5.4795554564e+03 7.6519073108e-01 7.8626100458e-01 7.8552158854e-01 7.8397054988e-01 7.8504918714e-01 3.4147151606e+01 2.8064712286e+01 2.7419528008e+01 1.6014574985e+01 1.4922017038e+01 1.4929647386e+01 0 0
681 5.2835767841e+03 5.0125524436e+03 5.2750683408e+03 5.8996650752e+03 5.3506283743e+03 7.6404302908e-01 7.8520114711e-01 7.8443555106e-01 7.8281245370e-01 7.8390947801e-01 3.2980076492e+01 2.7048123598e+01 2.4861021757e+01 1.6242665457e+01 1.4861879587e+01 1.4373973727e+01 0 0
682 5.4153684547e+03 4.9612768518e+03 5.2678931272e+03 5.5325068459e+03 5.3823883175e+03 7.6278374342e-01 7.8416669759e-01 7.8334003363e-01 7.8163633192e-01 7.8281133836e-01 2.5485900247e+01 2.7694914103e+01 2.5308722496e+01 1.4862079819e+01 1.5203926921e+01 1.4269762039e+01 0 0
683 5.3247595022e+03 5.0461611151e+03 5.2974529729e+03 5.1889004616e+03 5.3080226073e+03 7.6144700199e-01 7.8309307636e-01 7.8222207051e-01 7.8043381715e-01 7.8181471409e-01 2.4133935563e+01 2.7051548958e+01 3.1311580181e+01 1.4823562079e+01 1.5156308293e+01 1.5101062000e+01 0 0
684 5.3313202703e+03 5.1481967717e+03 5.1150122189e+03 5.4111640153e+03 5.2231913616e+03 7.6013340577e-01 7.8197050165e-01 7.8105815787e-01 7.7924305985e-01 7.8082481229e-01 2.3457660534e+01 2.3967779875e+01 3.8576732635e+01 1.4532624357e+01 1.4390239120e+01 1.6668454170e+01 0 0
685 5.2838060081e+03 5.1202599543e+03 5.1430811777e+03 5.2625499523e+03 5.3630125862e+03 7.5889187168e-01 7.8082754154e-01 7.7990791649e-01 7.7810725002e-01 7.7969774760e-01 2.8350925236e+01 2.5667249918e+01 3.0504030228e+01 1.5508962721e+01 1.4597123206e+01 1.5784993768e+01 0 0
686 5.3986765929e+03 5.1445277723e+03 5.2421102621e+03 5.3725092834e+03 5.7835981880e+03 7.5763671470e-01 7.7974686014e-01 7.7873411199e-01 7.7692809439e-01 7.7856270124e-01 2.8867036060e+01 2.6862876654e+01 2.7384452343e+01 1.5689409128e+01 1.5086734772e+01 1.4995845377e+01 0 0
687 5.2456087112e+03 5.1451847392e+03 4.9611450291e+03 5.3895023889e+03 6.1576670907e+03 7.5640264126e-01 7.7866625003e-01 7.7771184337e-01 7.7572572957e-01 7.7748120195e-01 2.9450810480e+01 2.6453436852e+01 3.3590297222e+01 1.5871272029e+01 1.5148082137e+01 1.6142043829e+01 0 0
688 5.2522443888e+03 5.0922305525e+03 5.0247529292e+03 5.4541521798e+03 5.6640134181e+03 7.5519789265e-01 7.7760990698e-01 7.7671310594e-01 7.7448240051e-01 7.7632755862e-01 2.7466214676e+01 2.6110202789e+01 3.2917020321e+01 1.5277039505e+01 1.5332454622e+01 1.6590590954e+01 0 0
689 5.1762002232e+03 5.1907259608e+03 5.2410829034e+03 5.3546099765e+03 5.6235675509e+03 7.5396078934e-01 7.7647089117e-01 7.7556329313e-01 7.7334854610e-01 7.7513678924e-01 2.6300300218e+01 3.0353437662e+01 2.6563407183e+01 1.5107995867e+01 1.5765058577e+01 1.5416397274e+01 0 0
690 5.2773071734e+03 5.4030730145e+03 5.3561575780e+03 5.2308660851e+03 5.2984148573e+03 7.5273485713e-01 7.7530376445e-01 7.7438671687e-01 7.7229337157e-01 7.7401500917e-01 2.4812552957e+01 4.1066790104e+01 2.6440298796e+01 1.4746023381e+01 1.7791583061e+01 1.4925205708e+01 0 0
691 5.4780362181e+03 5.4809636014e+03 5.4542367019e+03 5.2279364954e+03 5.3429063252e+03 7.5147789100e-01 7.7417085741e-01 7.7323464720e-01 7.7117657093e-01 7.7290518959e-01 2.1511513073e+01 3.6261229038e+01 3.0333548307e+01 1.4027765285e+01 1.7305657387e+01 1.5807951868e+01 0 0
692 5.3857596761e+03 5.8008699348e+03 5.6191243090e+03 5.3721831689e+03 5.3918894647e+03 7.5019282572e-01 7.7301344429e-01 7.7210873017e-01 7.7000869788e-01 7.7181795609e-01 2.0511294140e+01 3.0442439318e+01 3.1847405434e+01 1.3793780137e+01 1.6129816532e+01 1.6166380644e+01 0 0
693 5.2541577412e+03 5.6595374369e+03 5.6027846648e+03 5.5428411487e+03 5.4476585796e+03 7.4894355864e-01 7.7182182598e-01 7.7091703910e-01 7.6885590547e-01 7.7071855698e-01 2.1883227779e+01 3.0931629181e+01 3.3071381092e+01 1.3981152378e+01 1.5973446310e+01 1.6626251221e+01 0 0
694 5.1833339265e+03 5.7860388868e+03 5.2390941965e+03 5.6805443401e+03 5.3546032533e+03 7.4776055388e-01 7.7064035052e-01 7.6976601213e-01 7.6768855507e-01 7.6962707709e-01 2.2942404294e+01 3.2359920502e+01 3.5882641792e+01 1.4006963394e+01 1.6376937389e+01 1.7116138935e+01 0 0
695 4.8772453281e+03 5.4298952108e+03 5.5953153620e+03 5.4801788292e+03 5.4692990410e+03 7.4673940582e-01 7.6952566654e-01 7.6859956420e-01 7.6649089619e-01 7.6851190549e-01 2.8260608932e+01 3.1732875586e+01 3.9468786240e+01 1.4626856984e+01 1.6457845211e+01 1.8131761551e+01 0 0
696 5.2055076361e+03 5.3891479846e+03 5.3360552846e+03 5.2986813454e+03 5.4245073509e+03 7.4569057946e-01 7.6834608636e-01 7.6744173841e-01 7.6532004509e-01 7.6731367853e-01 3.3830834964e+01 3.3243098259e+01 3.0286321640e+01 1.6132143558e+01 1.6652366877e+01 1.6604776621e+01 0 0
697 5.2533445801e+03 5.1312107733e+03 5.4320846827e+03 5.3960200148e+03 5.2258074974e+03 7.4448822804e-01 7.6717226747e-01 7.6624242007e-01 7.6410488832e-01 7.6615051839e-01 2.4281974059e+01 3.6893837929e+01 2.8463732958e+01 1.4475388658e+01 1.7793385029e+01 1.5900796294e+01 0 0
698 5.2085323881e+03 5.1872032927e+03 5.5059504175e+03 5.5514027056e+03 5.4382269169e+03 7.4330066036e-01 7.6606841860e-01 7.6506737005e-01 7.6288416274e-01 7.6502477903e-01 2.1758664154e+01 3.2400665760e+01 3.2577044964e+01 1.3795785042e+01 1.6667962313e+01 1.6678390265e+01 0 0
699 5.1222068045e+03 5.2390875160e+03 5.3902367295e+03 5.5613163909e+03 5.4376950999e+03 7.4215507061e-01 7.6496986848e-01 7.6390376125e-01 7.6174731033e-01 7.6391114158e-01 2.2436160872e+01 3.8123015404e+01 3.4480643272e+01 1.3681368749e+01 1.7601805210e+01 1.6986438274e+01 0 0
700 5.0759777658e+03 5.2248333945e+03 5.3049288402e+03 5.6112829193e+03 5.5269391167e+03 7.4108043972e-01 7.6374681806e-01 7.6267739755e-01 7.6054091920e-01 7.6273163252e-01 2.4982281346e+01 3.4045582771e+01 3.1241471767e+01 1.3950633570e+01 1.7265096903e+01 1.6558188438e+01 0 0
701 5.1305294652e+03 5.3096885031e+03 5.3114274917e+03 5.2940706455e+03 5.3193683836e+03 7.3996615100e-01 7.6252100628e-01 7.6137174504e-01 7.5931081530e-01 7.6155139933e-01 2.3088931507e+01 2.9508924246e+01 3.1956543446e+01 1.3673886594e+01 1.6133055210e+01 1.6655274153e+01 0 0
702 5.0655995684e+03 5.3815025783e+03 5.5366002204e+03 5.4340445342e+03 5.4418864376e+03 7.3884399536e-01 7.6129643180e-01 7.6010723071e-01 7.5813776545e-01 7.6026483329e-01 2.1048351704e+01 3.1133666992e+01 3.0269307852e+01 1.3038383427e+01 1.6262295246e+01 1.6876854181e+01 0 0
703 5.0318771932e+03 5.3915706431e+03 5.2447709197e+03 5.4632612971e+03 5.4701012788e+03 7.3778181880e-01 7.6004337373e-01 7.5899930588e-01 7.5701344661e-01 7.5895415982e-01 2.6186234298e+01 3.1382797480e+01 2.6287540436e+01 1.4107180074e+01 1.6300509453e+01 1.5959087551e+01 0 0
704 5.0573278334e+03 5.2442095687e+03 5.2785196788e+03 5.4886399044e+03 5.4201365296e+03 7.3682023724e-01 7.5875835918e-01 7.5787072235e-01 7.5589673360e-01 7.5771384944e-01 3.4563968893e+01 3.1562269688e+01 2.9116405010e+01 1.5462224202e+01 1.6350569248e+01 1.6375779867e+01 0 0
705 5.0425360684e+03 5.2676396991e+03 5.2149111210e+03 5.5228811322e+03 5.6606897106e+03 7.3579515283e-01 7.5756172332e-01 7.5665996332e-01 7.5477466164e-01 7.5661458048e-01 3.4369893697e+01 3.1585888147e+01 3.8336555004e+01 1.5989861024e+01 1.6254849195e+01 1.7615793467e+01 0 0
706 5.0466868541e+03 5.2249953110e+03 5.1317244665e+03 5.3535931859e+03 5.4023202423e+03 7.3474250589e-01 7.5646732479e-01 7.5554909581e-01 7.5365891244e-01 7.5546182127e-01 2.7898771800e+01 3.3022274971e+01 4.1184088707e+01 1.4594592177e+01 1.6634644270e+01 1.8768888474e+01 0 0
707 5.1413370855e+03 5.1606144983e+03 5.2322780889e+03 5.6363555601e+03 5.5217605888e+03 7.3367021425e-01 7.5537001986e-01 7.5452282760e-01 7.5244958937e-01 7.5428587680e-01 2.5023030642e+01 2.6546057940e+01 3.2814035892e+01 1.3941354129e+01 1.5581559479e+01 1.7143461943e+01 0 0
708 4.9610018657e+03 5.2067486976e+03 5.1677093572e+03 5.2813967849e+03 5.5596798469e+03 7.3260072763e-01 7.5424593516e-01 7.5342625661e-01 7.5128803458e-01 7.5314329530e-01 2.2812569454e+01 2.5120743513e+01 3.1286763191e+01 1.3425230733e+01 1.4730517626e+01 1.6585290909e+01 0 0
709 5.1613008750e+03 5.1224527328e+03 5.2543802679e+03 5.3097939696e+03 5.7173035602e+03 7.3152210838e-01 7.5319129402e-01 7.5227713711e-01 7.5022603641e-01 7.5200440251e-01 2.1836637216e+01 2.9173577070e+01 3.2126509666e+01 1.3210103672e+01 1.5273778796e+01 1.6751407623e+01 0 0
710 4.8742034733e+03 5.2003021066e+03 5.2964401252e+03 5.3752588775e+03 5.8880366847e+03 7.3040502739e-01 7.5214344557e-01 7.5113442719e-01 7.4915811760e-01 7.5088803599e-01 2.0255533468e+01 3.2947556019e+01 3.1516124487e+01 1.2814327218e+01 1.6415403843e+01 1.6566205502e+01 0 0
711 4.9069230422e+03 5.1657768051e+03 5.5148138681e+03 5.3993732970e+03 5.8363659926e+03 7.2946232516e-01 7.5106522087e-01 7.4997168756e-01 7.4802942800e-01 7.4982146765e-01 2.4255088187e+01 2.7093341112e+01 3.3779900551e+01 1.2983423934e+01 1.5234519422e+01 1.7010504246e+01 0 0
712 4.8616997189e+03 5.2283884706e+03 5.7745725383e+03 5.3605895198e+03 5.5880579811e+03 7.2856909431e-01 7.4993514063e-01 7.4887241681e-01 7.4694671683e-01 7.4872877511e-01 3.4840484104e+01 2.9552687168e+01 3.2343667507e+01 1.5131096975e+01 1.5522652566e+01 1.6760343552e+01 0 0
713 4.9797645968e+03 5.3613183080e+03 5.7453398507e+03 5.1514091276e+03 5.2842793265e+03 7.2760485561e-01 7.4881234399e-01 7.4790063932e-01 7.4596729665e-01 7.4759789930e-01 3.1100720003e+01 3.5806181431e+01 3.1233467340e+01 1.4677716284e+01 1.6284987211e+01 1.6521108627e+01 0 0
714 4.8793977962e+03 5.5721290366e+03 5.2773131421e+03 5.3431466385e+03 5.3012594730e+03 7.2661701309e-01 7.4767879851e-01 7.4682025797e-01 7.4493136000e-01 7.4655443534e-01 2.8104911392e+01 3.3792497635e+01 3.3037666321e+01 1.4102776962e+01 1.6238481760e+01 1.6405478239e+01 0 0
715 4.7696912925e+03 5.7783161907e+03 5.0711834911e+03 5.2703745597e+03 5.3034992222e+03 7.2566912744e-01 7.4652497104e-01 7.4573869928e-01 7.4389048552e-01 7.4560820697e-01 2.7516338747e+01 2.7848390818e+01 4.2017652035e+01 1.3868197798e+01 1.4651902854e+01 1.7766083956e+01 0 0
716 4.8159131763e+03 6.0454630923e+03 5.4559503297e+03 5.2431166304e+03 5.5506367202e+03 7.2467943502e-01 7.4550439317e-01 7.4475484255e-01 7.4290374355e-01 7.4453438993e-01 2.4493316441e+01 3.3653452873e+01 3.2901651859e+01 1.3375490561e+01 1.5736084163e+01 1.6773894310e+01 0 0
717 4.9029631385e+03 5.9096605655e+03 5.3953066641e+03 5.3741983588e+03 5.3018728766e+03 7.2360178049e-01 7.4442585297e-01 7.4379796477e-01 7.4185616257e-01 7.4342392217e-01 2.0295883651e+01 3.0594204903e+01 2.7801639080e+01 1.2461297318e+01 1.5584899187e+01 1.5669649601e+01 0 0
718 4.8495472065e+03 5.6020176722e+03 5.1028237281e+03 5.3130247506e+03 5.2102898192e+03 7.2259428567e-01 7.4332430922e-01 7.4272860231e-01 7.4077518446e-01 7.4239522258e-01 2.2661277049e+01 2.8541351080e+01 3.1887116671e+01 1.2712531012e+01 1.5171492040e+01 1.6126648664e+01 0 0
719 4.8050780819e+03 5.4593318272e+03 5.2181412399e+03 5.2049238227e+03 5.2743264973e+03 7.2161017066e-01 7.4227546910e-01 7.4165447028e-01 7.3969301549e-01 7.4136298561e-01 2.3355060799e+01 2.9330846786e+01 3.3478734970e+01 1.2831040973e+01 1.5300211549e+01 1.6548691750e+01 0 0
720 4.7839577475e+03 5.2769993367e+03 5.0379656609e+03 5.2854714075e+03 5.2827053675e+03 7.2059595112e-01 7.4124724897e-01 7.4057995915e-01 7.3862520582e-01 7.4032754852e-01 2.0935504307e+01 2.8423164368e+01 3.0818260670e+01 1.2197434433e+01 1.5116157055e+01 1.5877542794e+01 0 0
721 4.7763359464e+03 5.2809347657e+03 5.0617963215e+03 5.4621036241e+03 5.3000158490e+03 7.1957853597e-01 7.4016085744e-01 7.3957049817e-01 7.3755882508e-01 7.3926061906e-01 1.9724006320e+01 2.5665016413e+01 2.6178824425e+01 1.1698228586e+01 1.4431028187e+01 1.4726631641e+01 0 0
722 4.8343597887e+03 5.2531278302e+03 5.0236803242e+03 5.4469176605e+03 5.3758095204e+03 7.1869516385e-01 7.3913718481e-01 7.3860645315e-01 7.3653174121e-01 7.3828333603e-01 2.3560226803e+01 2.6120627403e+01 3.1854419470e+01 1.2113265920e+01 1.4297866940e+01 1.5597600222e+01 0 0
723 4.8772338913e+03 5.1281388437e+03 5.1447911522e+03 5.4692200541e+03 5.5552288882e+03 7.1781710172e-01 7.3818601633e-01 7.3758258221e-01 7.3556307922e-01 7.3723402130e-01 2.6164434002e+01 2.9366110802e+01 3.0630842686e+01 1.2781799237e+01 1.4797610998e+01 1.5964392662e+01 0 0
724 4.7731158636e+03 5.2383394315e+03 5.1376087823e+03 5.4320581735e+03 5.3806899186e+03 7.1682506613e-01 7.3714353024e-01 7.3650864155e-01 7.3456158435e-01 7.3611570392e-01 1.9917270724e+01 2.9869270563e+01 2.5773965120e+01 1.1756922288e+01 1.5111846805e+01 1.5015268564e+01 0 0
725 4.8359395234e+03 5.5969820439e+03 5.1640019365e+03 5.4546361932e+03 5.2529047202e+03 7.1587501250e-01 7.3604803308e-01 7.3553654859e-01 7.3352147418e-01 7.3504992117e-01 1.7334137376e+01 2.5830527306e+01 2.7305660963e+01 1.0861312287e+01 1.4251268446e+01 1.5076319218e+01 0 0
726 4.9248150425e+03 6.0371963692e+03 5.1418502506e+03 5.0942948482e+03 5.3733780809e+03 7.1501001109e-01 7.3509697657e-01 7.3459896648e-01 7.3250997520e-01 7.3401940454e-01 2.0156694934e+01 2.4074591398e+01 3.0012768984e+01 1.1116623994e+01 1.3623437822e+01 1.5672729075e+01 0 0
727 4.7569553327e+03 5.8326745152e+03 4.9706536793e+03 5.1426981245e+03 5.2859065448e+03 7.1422018973e-01 7.3414790782e-01 7.3362576436e-01 7.3153085548e-01 7.3296429534e-01 2.6188926768e+01 2.7946209192e+01 2.6655281782e+01 1.2161912859e+01 1.4319789112e+01 1.4877110302e+01 0 0
728 4.6015862501e+03 5.1637221072e+03 5.0996809704e+03 5.0284820771e+03 5.3492092874e+03 7.1336427641e-01 7.3312482861e-01 7.3259325484e-01 7.3053418908e-01 7.3192589666e-01 2.2132231345e+01 2.8697381735e+01 2.6117467165e+01 1.1677945691e+01 1.4637364209e+01 1.4681124210e+01 0 0
729 4.3631693470e+03 5.1784385678e+03 5.0593369131e+03 4.8737451718e+03 5.3529266761e+03 7.1244985491e-01 7.3205637993e-01 7.3160482664e-01 7.2955776279e-01 7.3090354495e-01 1.6275794854e+01 2.7580318689e+01 2.4239530087e+01 1.0267338961e+01 1.4256391048e+01 1.4275201023e+01 0 0
730 4.3773961094e+03 5.0329959269e+03 5.2466311096e+03 4.9501490887e+03 5.2414639176e+03 7.1162291308e-01 7.3103575828e-01 7.3063858529e-01 7.2865878456e-01 7.2987484561e-01 1.6842894309e+01 3.2948971272e+01 2.4594776630e+01 1.0150449526e+01 1.4860704422e+01 1.4244988203e+01 0 0
731 4.3148176135e+03 5.0355583603e+03 5.3066597781e+03 4.9403756942e+03 5.2913945232e+03 7.1085219483e-01 7.3003812377e-01 7.2962037277e-01 7.2772885372e-01 7.2884887358e-01 2.1349541715e+01 3.2499402046e+01 2.5051255703e+01 1.0906455396e+01 1.5002668858e+01 1.4253988087e+01 0 0
732 4.3402337051e+03 4.9477817252e+03 5.4550589364e+03 4.9410484717e+03 4.9660592022e+03 7.1012056939e-01 7.2903647738e-01 7.2859541848e-01 7.2675505418e-01 7.2796664789e-01 2.6128003636e+01 2.8481669903e+01 3.0907102108e+01 1.1777879336e+01 1.4435212076e+01 1.4733427823e+01 0 0
733 4.2200768371e+03 4.8500967001e+03 5.3511817386e+03 4.8629735759e+03 5.1411555121e+03 7.0933896690e-01 7.2806169073e-01 7.2761320207e-01 7.2576362539e-01 7.2707374844e-01 2.0463134078e+01 2.4830449820e+01 3.9388170719e+01 1.0858624177e+01 1.3450028002e+01 1.6728900671e+01 0 0
734 4.2124288108e+03 4.8958404794e+03 5.3899029676e+03 5.0318155769e+03 5.1527809967e+03 7.0851400589e-01 7.2713493883e-01 7.2667950479e-01 7.2475024063e-01 7.2605890841e-01 1.6827957662e+01 2.4562418222e+01 2.7724197388e+01 9.9643614352e+00 1.3375783324e+01 1.4895352483e+01 0 0
735 4.2836806384e+03 4.8309533221e+03 5.1993907335e+03 4.8627901456e+03 5.3742579023e+03 7.0769702722e-01 7.2622042317e-01 7.2569836344e-01 7.2372971795e-01 7.2506399910e-01 1.4849830823e+01 2.0079966784e+01 2.5387705564e+01 9.4287505359e+00 1.2172516704e+01 1.4109330952e+01 0 0
736 4.1079123079e+03 4.9332220708e+03 5.0293214254e+03 4.8209053092e+03 5.7527405643e+03 7.0689191243e-01 7.2526184713e-01 7.2467711760e-01 7.2277149180e-01 7.2412563999e-01 1.4594341201e+01 2.1806505442e+01 2.7946975231e+01 9.1716308225e+00 1.2249434590e+01 1.4410226285e+01 0 0
737 4.1079246732e+03 4.7987408765e+03 4.9530810613e+03 4.7134038656e+03 5.5052563973e+03 7.0613803587e-01 7.2431623036e-01 7.2367820171e-01 7.2183092539e-01 7.2322332993e-01 1.5995811067e+01 2.4436766386e+01 3.1010822535e+01 9.3867336095e+00 1.2843132317e+01 1.4840561271e+01 0 0
738 4.0928194057e+03 4.7623851167e+03 4.8992183050e+03 4.6892626286e+03 5.0234529957e+03 7.0537645109e-01 7.2340761719e-01 7.2271242218e-01 7.2088248117e-01 7.2229023646e-01 1.6378774224e+01 2.0859335661e+01 3.0615906715e+01 9.3996859210e+00 1.2064514458e+01 1.4932588995e+01 0 0
739 3.9477514916e+03 4.7481352129e+03 4.9455537607e+03 4.7240152413e+03 5.2190535540e+03 7.0475647145e-01 7.2247580759e-01 7.2180299140e-01 7.1995343430e-01 7.2136223168e-01 2.3838756238e+01 2.0742091417e+01 2.9428570509e+01 1.0266515028e+01 1.1964770854e+01 1.4556606174e+01 0 0
740 4.0827999749e+03 4.6972606911e+03 4.8383147893e+03 4.5240680808e+03 5.1881565127e+03 7.0407543933e-01 7.2154997961e-01 7.2091304607e-01 7.1912665560e-01 7.2047359759e-01 2.5325099621e+01 2.4484560490e+01 2.9664608479e+01 1.1146016340e+01 1.2179554462e+01 1.4208723962e+01 0 0
741 4.1169510219e+03 4.6244435341e+03 4.6016108049e+03 4.5967701705e+03 5.2401824396e+03 7.0330446681e-01 7.2064493602e-01 7.2008685007e-01 7.1834432191e-01 7.1958763948e-01 1.4739233273e+01 3.2949293137e+01 3.0779423237e+01 8.9099073329e+00 1.3727691352e+01 1.4381391168e+01 0 0
742 3.9439638057e+03 4.6987923981e+03 4.6655102615e+03 4.6511013749e+03 5.1978310861e+03 7.0254278159e-01 7.1979087104e-01 7.1922518118e-01 7.1749002799e-01 7.1866716116e-01 1.3337918442e+01 2.3759272575e+01 2.6308026314e+01 8.4993858097e+00 1.2240655124e+01 1.3548877239e+01 0 0
743 4.1855018704e+03 4.6154902232e+03 4.6469082195e+03 4.4426217485e+03 5.0772252264e+03 7.0184884469e-01 7.1890683508e-01 7.1840408713e-01 7.1661296180e-01 7.1770335236e-01 1.4288342629e+01 1.9631505728e+01 2.1694316626e+01 8.5068619101e+00 1.1328223705e+01 1.2619057834e+01 0 0
744 4.2605661018e+03 4.5709327276e+03 4.9183688353e+03 4.5313794809e+03 5.2261473381e+03 7.0118293280e-01 7.1806962246e-01 7.1759089953e-01 7.1575696191e-01 7.1679452313e-01 1.8584492725e+01 1.8787230968e+01 2.1736948013e+01 9.2847077165e+00 1.0940804005e+01 1.2359456539e+01 0 0
745 4.2455354696e+03 4.4863680188e+03 4.6975442521e+03 4.6264189175e+03 5.5912603230e+03 7.0049487739e-01 7.1728636684e-01 7.1675232946e-01 7.1492344617e-01 7.1593344970e-01 1.9043459655e+01 1.9988301992e+01 2.3586775541e+01 9.4564140434e+00 1.1097368360e+01 1.2596509397e+01 0 0
746 4.0503825461e+03 4.4767168774e+03 4.6668366160e+03 4.3910372351e+03 5.2089538297e+03 6.9980854479e-01 7.1650063149e-01 7.1592912543e-01 7.1411461499e-01 7.1511803972e-01 1.7083380071e+01 2.0858831882e+01 2.7868901968e+01 9.0030283591e+00 1.1255034029e+01 1.3360998452e+01 0 0
747 3.9232668072e+03 4.5931307406e+03 4.5968658888e+03 4.5570683559e+03 4.8556993317e+03 6.9912022073e-01 7.1562197989e-01 7.1513732337e-01 7.1335969504e-01 7.1428281816e-01 1.7878265193e+01 2.2458653450e+01 2.4053526640e+01 9.2256262684e+00 1.1359816313e+01 1.2583245456e+01 0 0
748 3.9486814427e+03 4.5914455240e+03 4.5393415822e+03 4.3595476830e+03 4.5749054635e+03 6.9841322358e-01 7.1475243467e-01 7.1437033413e-01 7.1256826447e-01 7.1349116235e-01 1.5054421130e+01 2.0780310392e+01 2.3930396318e+01 8.5992571386e+00 1.1109035671e+01 1.2182678699e+01 0 0
749 3.9641898407e+03 5.1646974742e+03 4.3397679661e+03 4.5321156208e+03 4.6203982512e+03 6.9770483472e-01 7.1395073989e-01 7.1362735122e-01 7.1176620094e-01 7.1273322082e-01 1.3742164756e+01 1.8025242805e+01 2.8156249285e+01 8.1670487224e+00 1.0361252844e+01 1.2896507025e+01 0 0
750 4.5688980507e+03 5.0737427999e+03 4.5135990074e+03 4.4937832614e+03 5.0833642403e+03 6.9705350785e-01 7.1318586183e-01 7.1290497951e-01 7.1095573834e-01 7.1197458674e-01 1.6540817593e+01 1.6392128706e+01 2.7394723177e+01 8.6467008797e+00 9.9966433644e+00 1.2804114223e+01 0 0
751 4.3555226381e+03 4.7365056740e+03 4.5481156538e+03 4.6785519127e+03 4.9010390735e+03 6.9642795644e-01 7.1241173260e-01 7.1213636186e-01 7.1018748215e-01 7.1118920018e-01 1.8484988465e+01 1.6646109819e+01 2.3048988819e+01 9.0760596391e+00 9.7199385762e+00 1.2076972425e+01 0 0
752 4.0145848662e+03 4.7049299676e+03 4.3385783386e+03 4.8128968408e+03 4.5805135083e+03 6.9578779642e-01 7.1163292634e-01 7.1140579499e-01 7.0950733212e-01 7.1041912916e-01 1.7123203515e+01 2.3442242146e+01 2.1279467344e+01 8.8384461252e+00 1.0823293686e+01 1.1459979057e+01 0 0
753 4.0141449208e+03 4.3268947295e+03 4.4335726001e+03 4.3306008821e+03 4.5989564034e+03 6.9510996451e-01 7.1087573381e-01 7.1069433778e-01 7.0878946014e-01 7.0961613982e-01 1.3999885483e+01 2.2529210567e+01 2.1776596308e+01 8.2588379379e+00 1.0964252412e+01 1.1739838362e+01 0 0
754 3.8200583834e+03 4.2666977863e+03 4.4680666960e+03 4.2819574963e+03 4.5261232860e+03 6.9451182885e-01 7.1006642645e-01 7.0994983087e-01 7.0805387042e-01 7.0881799935e-01 1.5831338478e+01 1.8683474302e+01 1.7823194504e+01 8.3392492864e+00 1.0060817719e+01 1.0674596369e+01 0 0
755 3.9486411140e+03 4.3742821125e+03 4.2165630554e+03 4.3118719833e+03 4.4523414065e+03 6.9387756167e-01 7.0926711349e-01 7.0919058973e-01 7.0738291273e-01 7.0806435238e-01 1.5938855046e+01 2.1137661457e+01 1.8014853477e+01 8.5683669330e+00 1.0150118530e+01 1.0527991295e+01 0 0
756 3.8891443967e+03 4.1901718342e+03 4.1956317760e+03 4.3583400510e+03 4.3564701307e+03 6.9318563499e-01 7.0847379826e-01 7.0846077118e-01 7.0673081612e-01 7.0732156336e-01 1.1902934577e+01 2.5462969542e+01 1.9108200312e+01 7.6790373552e+00 1.1003688931e+01 1.0605447769e+01 0 0
757 3.8675032847e+03 4.3617750974e+03 4.0975109518e+03 4.1776759089e+03 4.3234143914e+03 6.9250712255e-01 7.0774329135e-01 7.0770937245e-01 7.0600423070e-01 7.0660489269e-01 1.1964341502e+01 1.8131873608e+01 2.1147736311e+01 7.5794555089e+00 9.7810733318e+00 1.0896422863e+01 0 0
758 3.8115360393e+03 4.3100756374e+03 4.1080810605e+03 4.1354835267e+03 4.3545635832e+03 6.9180683357e-01 7.0705963519e-01 7.0698824917e-01 7.0526795650e-01 7.0588976711e-01 1.2198225476e+01 1.6058269739e+01 2.0504949570e+01 7.6147297582e+00 9.2516322732e+00 1.0799513102e+01 0 0
759 3.9592141361e+03 4.1984175590e+03 4.0281639738e+03 4.1517919023e+03 4.2661383006e+03 6.9115489137e-01 7.0637557003e-01 7.0631625565e-01 7.0455374428e-01 7.0520136688e-01 1.3145778560e+01 1.6036120892e+01 2.0467941046e+01 7.6687307591e+00 9.2014179826e+00 1.0552144408e+01 0 0
760 4.1483933683e+03 4.0326527249e+03 3.9510177170e+03 4.0786556609e+03 4.2837422892e+03 6.9050020798e-01 7.0571348747e-01 7.0567526497e-01 7.0383799763e-01 7.0451378284e-01 1.2835794097e+01 1.6199790239e+01 2.2281782627e+01 7.5656768183e+00 9.0950958729e+00 1.0950063109e+01 0 0
761 4.5362373683e+03 4.0112267450e+03 3.9682307141e+03 4.0778695418e+03 4.2951721735e+03 6.8990186068e-01 7.0505184104e-01 7.0501176735e-01 7.0318094146e-01 7.0382926642e-01 1.5220011040e+01 2.0250450611e+01 2.0625973463e+01 7.8038864481e+00 9.7101905346e+00 1.0525152564e+01 0 0
762 4.3764984008e+03 4.1632828393e+03 3.9279784877e+03 3.9760603617e+03 4.0968680721e+03 6.8927628662e-01 7.0439835464e-01 7.0435498831e-01 7.0252611002e-01 7.0316377645e-01 1.7648268842e+01 2.1985691786e+01 2.0230515003e+01 8.4921842899e+00 1.0098491371e+01 1.0254288852e+01 0 0
763 3.8980272589e+03 4.1724498799e+03 3.9529497847e+03 3.9645514248e+03 4.1426725673e+03 6.8860198927e-01 7.0372003383e-01 7.0371416550e-01 7.0186688488e-01 7.0253581308e-01 1.4535079275e+01 2.1688442945e+01 2.3262604475e+01 8.0019721271e+00 1.0011168063e+01 1.0634457827e+01 0 0
764 3.8949353285e+03 4.2189200040e+03 3.9640322905e+03 3.9550223767e+03 4.0935903557e+03 6.8791319649e-01 7.0302857483e-01 7.0304017122e-01 7.0119050870e-01 7.0187582254e-01 1.3127537286e+01 1.8264556646e+01 2.1738415956e+01 7.7369634206e+00 9.3972212076e+00 1.0528513253e+01 0 0
765 3.8203875562e+03 4.3062631132e+03 4.0585062523e+03 4.0992106557e+03 4.1573048962e+03 6.8718656364e-01 7.0230853725e-01 7.0233449693e-01 7.0054578608e-01 7.0123441896e-01 1.2142811578e+01 1.7664962053e+01 2.1459422112e+01 7.4766525363e+00 9.1564372778e+00 1.0316735029e+01 0 0
766 3.7067405251e+03 4.4795359135e+03 3.9595516160e+03 4.1259966069e+03 4.0638009302e+03 6.8655375908e-01 7.0163227065e-01 7.0166086896e-01 6.9985956523e-01 7.0055981208e-01 1.4492738377e+01 1.6421345472e+01 2.0071578979e+01 7.7234358933e+00 9.0562068820e+00 1.0236138642e+01 0 0
767 3.7587284698e+03 4.2969028381e+03 3.9219807496e+03 4.0965351213e+03 4.2420655346e+03 6.8599917496e-01 7.0096761699e-01 7.0103647166e-01 6.9921474560e-01 6.9988559550e-01 2.2452520846e+01 1.7190988779e+01 1.7305408239e+01 9.0249090574e+00 9.0149585009e+00 9.4812205434e+00 0 0
768 3.8211418034e+03 4.1479645611e+03 3.8106424655e+03 4.0290611810e+03 4.1627029680e+03 6.8534778646e-01 7.0028940598e-01 7.0037771674e-01 6.9859359516e-01 6.9921536081e-01 1.7451451354e+01 1.9007665157e+01 1.9224937677e+01 8.5794346277e+00 9.3615688682e+00 9.8517775536e+00 0 0
769 3.8001580281e+03 3.9266043855e+03 3.9007972262e+03 3.9440372716e+03 4.0805024200e+03 6.8468621562e-01 6.9961191322e-01 6.9971812746e-01 6.9791552644e-01 6.9853110395e-01 1.3114833611e+01 1.5152467310e+01 1.8315833807e+01 7.5885783352e+00 8.7467051744e+00 9.6853836179e+00 0 0
770 3.7827093439e+03 3.8634991911e+03 3.9713036902e+03 3.9479969605e+03 4.1582121158e+03 6.8406155347e-01 6.9896437155e-01 6.9907697923e-01 6.9727232273e-01 6.9785150809e-01 1.3338986624e+01 1.4324126184e+01 1.6525124073e+01 7.4442225243e+00 8.3562619090e+00 9.2927399874e+00 0 0
771 3.6967324593e+03 3.8542804776e+03 3.8945668565e+03 3.8308907580e+03 4.1145556261e+03 6.8345026623e-01 6.9836527142e-01 6.9844355873e-01 6.9668888249e-01 6.9720598263e-01 1.4118255894e+01 1.7754618645e+01 1.6435765028e+01 7.6006219556e+00 8.7788216472e+00 9.0587843060e+00 0 0
772 3.7505780070e+03 3.8659622347e+03 4.0092919574e+03 3.9103173784e+03 4.1007023789e+03 6.8284669602e-01 6.9775427059e-01 6.9783206851e-01 6.9607207695e-01 6.9660610481e-01 1.2776973733e+01 2.0249605179e+01 2.0417812824e+01 7.3221073919e+00 9.5179378390e+00 9.7741428614e+00 0 0
773 3.6292777820e+03 3.8547635466e+03 4.0356156903e+03 3.8346457463e+03 4.0122427643e+03 6.8221137544e-01 6.9716600501e-01 6.9720396993e-01 6.9538878305e-01 6.9600022484e-01 1.1154132678e+01 1.4841129005e+01 2.0333835602e+01 6.9403197798e+00 8.5031814575e+00 9.9468433857e+00 0 0
774 3.6360230596e+03 3.7837904276e+03 3.8347769166e+03 3.9638751242e+03 4.0212920809e+03 6.8163401247e-01 6.9656684786e-01 6.9661489841e-01 6.9471498203e-01 6.9540442297e-01 1.2462881914e+01 1.4239441574e+01 1.9154688358e+01 7.0714250412e+00 8.1906397343e+00 9.5793412924e+00 0 0
775 3.5355725671e+03 3.8186255381e+03 3.7749275490e+03 4.2090721068e+03 4.0495137980e+03 6.8111655511e-01 6.9595517052e-01 6.9604683655e-01 6.9406073362e-01 6.9480260069e-01 1.6778948085e+01 1.4234528422e+01 1.9342209816e+01 7.7903567664e+00 8.0533253551e+00 9.5608565211e+00 0 0
776 3.6012510151e+03 3.8593578481e+03 3.7822240811e+03 4.2518438353e+03 3.9971922646e+03 6.8057456375e-01 6.9531650019e-01 6.9548232466e-01 6.9344930210e-01 6.9421318774e-01 1.6664229412e+01 1.7293276787e+01 1.8662330627e+01 7.8677303104e+00 8.5263116360e+00 9.3828643560e+00 0 0
777 3.5677561869e+03 3.7907512448e+03 3.9482681013e+03 4.1842007600e+03 4.0309988837e+03 6.8003150146e-01 6.9471924139e-01 6.9486781271e-01 6.9280354796e-01 6.9364599583e-01 1.4284150625e+01 1.7201506376e+01 1.9950523853e+01 7.3242951487e+00 8.6728374958e+00 9.6361914277e+00 0 0
778 3.4433302156e+03 3.7925765648e+03 3.9372279589e+03 4.0331848458e+03 3.9455889294e+03 6.7952191348e-01 6.9413451733e-01 6.9426346769e-01 6.9211024531e-01 6.9305622149e-01 1.6055939662e+01 1.4465311468e+01 1.7827509880e+01 7.5891818697e+00 8.2260066867e+00 9.1371757984e+00 0 0
779 3.5901219971e+03 3.6809955175e+03 3.9587714003e+03 3.9610243625e+03 4.0531496395e+03 6.7898343984e-01 6.9351539896e-01 6.9365629734e-01 6.9142006416e-01 6.9242526245e-01 1.5059733414e+01 1.4598652184e+01 1.7222852945e+01 7.4741366205e+00 8.2252948880e+00 9.1206436157e+00 0 0
780 3.5413974812e+03 3.6838094413e+03 3.9297389226e+03 3.9280738282e+03 3.9650682214e+03 6.7839857016e-01 6.9291427800e-01 6.9301444015e-01 6.9075974788e-01 6.9178931704e-01 1.2074612530e+01 1.6302394867e+01 1.5912873507e+01 6.9052003177e+00 8.4552756548e+00 8.7737952471e+00 0 0
781 3.6100636210e+03 3.7506756725e+03 3.7991745156e+03 3.7822427209e+03 4.0804835498e+03 6.7781530965e-01 6.9229302672e-01 6.9238189870e-01 6.9010676630e-01 6.9116472400e-01 1.1019537683e+01 1.8468435526e+01 1.6271265745e+01 6.5960735163e+00 8.9390855432e+00 8.6811674237e+00 0 0
782 3.6048847238e+03 3.7298209072e+03 3.9147142935e+03 3.8517494726e+03 4.2192444821e+03 6.7722071870e-01 6.9168822556e-01 6.9173969535e-01 6.8946397076e-01 6.9054156318e-01 1.0707070011e+01 1.7218865395e+01 1.6235846281e+01 6.4648414640e+00 8.5808760524e+00 8.6231388450e+00 0 0
783 3.7543367101e+03 3.7936955597e+03 3.8837967249e+03 3.8462028028e+03 4.0701398010e+03 6.7660426243e-01 6.9104695060e-01 6.9108919821e-01 6.8884576868e-01 6.8993687865e-01 1.0334507264e+01 1.8903127909e+01 1.7081529856e+01 6.3667877099e+00 8.8840571642e+00 8.7282287478e+00 0 0
784 4.0439598840e+03 3.8214906777e+03 3.7164177645e+03 3.9406968927e+03 4.2867862088e+03 6.7597320010e-01 6.9037455310e-01 6.9043928637e-01 6.8822866170e-01 6.8929450273e-01 1.0975369648e+01 1.8032267809e+01 1.6655014753e+01 6.4508291890e+00 8.7315373421e+00 8.8176829815e+00 0 0
785 4.1065496749e+03 3.7474372576e+03 3.7374499328e+03 3.8040578334e+03 4.0770933274e+03 6.7541706451e-01 6.8970005729e-01 6.8979261340e-01 6.8758273945e-01 6.8863595960e-01 1.4322619260e+01 1.5882491767e+01 1.5241329193e+01 6.9770894088e+00 8.3559206128e+00 8.4927881956e+00 0 0
786 3.8083882166e+03 3.8085867458e+03 3.7167666055e+03 3.8941281438e+03 4.0106425919e+03 6.7485252050e-01 6.8902136380e-01 6.8919637355e-01 6.8691847410e-01 6.8797554744e-01 1.5238492721e+01 1.3363639891e+01 1.6842031002e+01 7.3054158576e+00 7.7821991742e+00 8.9189655185e+00 0 0
787 3.6401592513e+03 3.7846676208e+03 3.7602118291e+03 3.8639513454e+03 3.9301712431e+03 6.7422626711e-01 6.8833740058e-01 6.8860403217e-01 6.8630412759e-01 6.8732286366e-01 1.1201166365e+01 1.3137874663e+01 1.6059023857e+01 6.5317124716e+00 7.5639783144e+00 8.6302611828e+00 0 0
788 3.4564655168e+03 3.7449283037e+03 3.6420932168e+03 3.7640510092e+03 3.8613194636e+03 6.7362072785e-01 6.8769720043e-01 6.8798387514e-01 6.8569329255e-01 6.8671517737e-01 1.0012602185e+01 1.3231809318e+01 1.8871966362e+01 6.1516859945e+00 7.5927070081e+00 9.0686271191e+00 0 0
789 3.4787293539e+03 3.6537304225e+03 3.6781457285e+03 3.7640959074e+03 3.8799858247e+03 6.7305976324e-01 6.8708351653e-01 6.8739626847e-01 6.8511195937e-01 6.8612082340e-01 1.1971093035e+01 1.4561260581e+01 2.0209181786e+01 6.4755725222e+00 7.7627666295e+00 9.3138315678e+00 0 0
790 3.4060969976e+03 3.7193788460e+03 3.6915210957e+03 3.6709143275e+03 3.9449704688e+03 6.7247633937e-01 6.8649204618e-01 6.8679314431e-01 6.8453780747e-01 6.8552462143e-01 1.1680146142e+01 1.5271514595e+01 1.9309654951e+01 6.5140418296e+00 7.9497024715e+00 9.1205011010e+00 0 0
791 3.3616671909e+03 3.7014385041e+03 3.6694169837e+03 3.7383624757e+03 3.9330110602e+03 6.7190897185e-01 6.8588925177e-01 6.8622625968e-01 6.8396133595e-01 6.8492436177e-01 1.0842013697e+01 1.4579606116e+01 1.8417202950e+01 6.2727044925e+00 7.7605069876e+00 9.0167598724e+00 0 0
792 3.3759033301e+03 3.6176119195e+03 3.6768767997e+03 3.6134219239e+03 3.8673797331e+03 6.7132941087e-01 6.8530583438e-01 6.8567739436e-01 6.8341151470e-01 6.8431852755e-01 1.0079535192e+01 1.5218966305e+01 1.5623674631e+01 6.0534319168e+00 7.7081472576e+00 8.4310286045e+00 0 0
793 3.3302724864e+03 3.6392425036e+03 3.6778084507e+03 3.6325486920e+03 3.8711858648e+03 6.7075379789e-01 6.8476637112e-01 6.8512093935e-01 6.8290226920e-01 6.8370977025e-01 9.7151292918e+00 1.8493375301e+01 1.4274867892e+01 5.9315044365e+00 8.2043628097e+00 8.0492745042e+00 0 0
794 3.4286866817e+03 3.7203843887e+03 3.6193261804e+03 3.6163495406e+03 3.9608441020e+03 6.7019769594e-01 6.8420165575e-01 6.8455493748e-01 6.8235517287e-01 6.8312130536e-01 9.6864680357e+00 1.6356295824e+01 1.4536019146e+01 5.8235048919e+00 7.9758882523e+00 8.0393704176e+00 0 0
795 3.5297419939e+03 3.6431976339e+03 3.6262251723e+03 3.5921867992e+03 4.2597774590e+03 6.6967313301e-01 6.8360664997e-01 6.8398328772e-01 6.8181144904e-01 6.8254094695e-01 1.0728132550e+01 1.6223308086e+01 1.3422866881e+01 5.9851953480e+00 7.8570180833e+00 7.7872680724e+00 0 0
796 3.6561021296e+03 3.6793234432e+03 3.5712573416e+03 3.6503624478e+03 4.2488774988e+03 6.6916620714e-01 6.8300943507e-01 6.8341146166e-01 6.8125181776e-01 6.8201358020e-01 1.1894877859e+01 1.3958920598e+01 1.5977485120e+01 6.1780874562e+00 7.4344027340e+00 8.1388040185e+00 0 0
797 3.7949495538e+03 3.6248202714e+03 3.5955842363e+03 3.5636992017e+03 4.0192638629e+03 6.6863274365e-01 6.8246990699e-01 6.8283505665e-01 6.8071401211e-01 6.8149687238e-01 1.1678711346e+01 1.4678057194e+01 1.8632050037e+01 6.1959708913e+00 7.4325282872e+00 8.6702457666e+00 0 0
798 3.7542398993e+03 3.6155106140e+03 3.5793706151e+03 3.6358325044e+03 3.7339022483e+03 6.6808114740e-01 6.8194297555e-01 6.8226699392e-01 6.8012917174e-01 6.8096272195e-01 1.0952626742e+01 1.4352658212e+01 1.6625340462e+01 6.0847115373e+00 7.4228968322e+00 8.3119314313e+00 0 0
799 3.6735525900e+03 3.6002681845e+03 3.4742001957e+03 3.5114609495e+03 3.9336316554e+03 6.6754284654e-01 6.8141357370e-01 6.8171633007e-01 6.7955340143e-01 6.8042569351e-01 1.2650468803e+01 1.4924580812e+01 1.5382428467e+01 6.4423559377e+00 7.3957808614e+00 7.9936510026e+00 0 0
800 3.5973367387e+03 3.5028455575e+03 3.4807398639e+03 3.7618428994e+03 4.0092136386e+03 6.6697807884e-01 6.8087931109e-01 6.8124646880e-01 6.7894551931e-01 6.7993723497e-01 1.1439252865e+01 1.3934084117e+01 1.7477926731e+01 6.1805197624e+00 7.3953620791e+00 8.1048613191e+00 0 0
801 3.3664579981e+03 3.5742650993e+03 3.5247676519e+03 3.5062629679e+03 3.9337536781e+03 6.6642286951e-01 6.8038152532e-01 6.8072542913e-01 6.7831760426e-01 6.7941969746e-01 1.1771210301e+01 1.1986416936e+01 1.8851336956e+01 6.2156738174e+00 6.9242597520e+00 8.6540530324e+00 0 0
802 3.3839730163e+03 3.5768259673e+03 3.5434914985e+03 3.5666998752e+03 3.8392251822e+03 6.6584664531e-01 6.7983668827e-01 6.8014252965e-01 6.7770736516e-01 6.7884905530e-01 1.0458486884e+01 1.3371335328e+01 1.3174672544e+01 6.0235697725e+00 7.1135039032e+00 7.5767555535e+00 0 0
803 3.3719433671e+03 3.6276139541e+03 3.4893986588e+03 3.5368104275e+03 3.7248119416e+03 6.6523635261e-01 6.7925700222e-01 6.7955520833e-01 6.7711297106e-01 6.7826331153e-01 8.5447313225e+00 1.3209001064e+01 1.1251082122e+01 5.5694092418e+00 6.9990332723e+00 7.0597982705e+00 0 0
804 3.6809244281e+03 3.5641076022e+03 3.7014971295e+03 3.5470444034e+03 3.6947208284e+03 6.6466022435e-01 6.7864886736e-01 6.7896639269e-01 6.7659881636e-01 6.7766701261e-01 9.7738913456e+00 1.7351739407e+01 1.0767724574e+01 5.7459405698e+00 7.5709469616e+00 6.8497521281e+00 0 0
805 3.6046655085e+03 3.6371787143e+03 3.7434785962e+03 3.5842516653e+03 3.7207544934e+03 6.6415574220e-01 6.7804049696e-01 6.7836318724e-01 6.7605504060e-01 6.7708627421e-01 1.2693907920e+01 1.6853311539e+01 1.2686322093e+01 6.1766931548e+00 7.7557263076e+00 7.2002316117e+00 0 0
806 3.2348593729e+03 3.8098217806e+03 3.6729486792e+03 3.5982067756e+03 3.7645313121e+03 6.6365678870e-01 6.7741826219e-01 6.7782805867e-01 6.7545756314e-01 6.7650385871e-01 1.4956600919e+01 1.1918824673e+01 1.3317395449e+01 6.7216038827e+00 6.8372160494e+00 7.3092171848e+00 0 0
807 3.3581891871e+03 3.5805810981e+03 3.5306435674e+03 3.6157206751e+03 3.6983577436e+03 6.6312656973e-01 6.7687133042e-01 6.7729762589e-01 6.7483943553e-01 6.7595391859e-01 1.2589575031e+01 1.0153662026e+01 1.6200820684e+01 6.3304243372e+00 6.3526565135e+00 7.7691322863e+00 0 0
808 3.7665008215e+03 3.6492000493e+03 3.4478565805e+03 3.5311111566e+03 3.5749772027e+03 6.6260033402e-01 6.7632797669e-01 6.7674369712e-01 6.7424902020e-01 6.7540438001e-01 1.2071044771e+01 1.0312966406e+01 1.7668688059e+01 6.1290438343e+00 6.2942622304e+00 8.1009455919e+00 0 0
809 3.8225861251e+03 3.3854961232e+03 3.8604817057e+03 3.6031533412e+03 3.6946003843e+03 6.6207829576e-01 6.7576784176e-01 6.7620907203e-01 6.7370868065e-01 6.7484340392e-01 1.3325369674e+01 1.1226619840e+01 1.5599947870e+01 6.4492923841e+00 6.3905775845e+00 7.7556259036e+00 0 0
810 3.5918445931e+03 3.7049956815e+03 3.7382953334e+03 3.8567825969e+03 3.7856772181e+03 6.6154135502e-01 6.7524901109e-01 6.7572929355e-01 6.7315177515e-01 6.7429179670e-01 1.1998901488e+01 1.1680929303e+01 1.3742083132e+01 6.2288229990e+00 6.4763392806e+00 7.2488640845e+00 0 0
811 3.4853727374e+03 3.5110771851e+03 3.6357301880e+03 4.1143232736e+03 3.9672993333e+03 6.6096963681e-01 6.7476068220e-01 6.7517930831e-01 6.7260712615e-01 6.7374553808e-01 1.0020840761e+01 1.1651548505e+01 1.5138464153e+01 5.8400675730e+00 6.3937014639e+00 7.5400073230e+00 0 0
812 3.2687449352e+03 3.5754145214e+03 3.4272623185e+03 3.9320198372e+03 3.8759723941e+03 6.6041106385e-01 6.7420088137e-01 6.7462241798e-01 6.7210796030e-01 6.7320831642e-01 9.9802237232e+00 1.3946560383e+01 1.4580288529e+01 5.7761482904e+00 6.7327911854e+00 7.4108466208e+00 0 0
813 3.2937727147e+03 3.5256134218e+03 3.4688023870e+03 3.6447364788e+03 3.7091446453e+03 6.5985796651e-01 6.7363317813e-01 6.7409715194e-01 6.7156527310e-01 6.7267141198e-01 9.8786857387e+00 1.3483139694e+01 1.3461440921e+01 5.7750112744e+00 6.8373050392e+00 7.2474870384e+00 0 0
814 3.2823575423e+03 3.3939096924e+03 3.3484804016e+03 3.5570799822e+03 3.6651414707e+03 6.5929339320e-01 6.7314345565e-01 6.7356858040e-01 6.7095976437e-01 6.7210658365e-01 8.2917147619e+00 1.0208623230e+01 1.1157345116e+01 5.3636634223e+00 6.2525143027e+00 6.7059467435e+00 0 0
815 3.2695280135e+03 3.3160230699e+03 3.3416430091e+03 3.6099872576e+03 3.6488880498e+03 6.5873251868e-01 6.7263560711e-01 6.7303359463e-01 6.7034061576e-01 6.7159355284e-01 9.0037885722e+00 9.2823612690e+00 1.2923643172e+01 5.5135104034e+00 6.0233176351e+00 6.7801676989e+00 0 0
816 3.2643516731e+03 3.3160937864e+03 3.4969568199e+03 3.6773403432e+03 3.5341228049e+03 6.5820311951e-01 6.7213830415e-01 6.7251151445e-01 6.6970879356e-01 6.7111701491e-01 1.0001197087e+01 9.4685983658e+00 1.6829452515e+01 5.7456047053e+00 6.0486589372e+00 7.5554107726e+00 0 0
817 3.2573515939e+03 3.4271753676e+03 3.4817140894e+03 4.2791120574e+03 3.4576049514e+03 6.5768235937e-01 6.7164520179e-01 6.7200044162e-01 6.6914965221e-01 6.7064378096e-01 1.0674039243e+01 1.1371368706e+01 1.5110887587e+01 5.8781543135e+00 6.2195459604e+00 7.2200514972e+00 0 0
818 3.2341597295e+03 3.3673857813e+03 3.5587957233e+03 3.9708104966e+03 3.5989709640e+03 6.5715152978e-01 6.7113611717e-01 6.7146113446e-01 6.6862500692e-01 6.7014887324e-01 1.1812772076e+01 1.5259384632e+01 1.4465488195e+01 6.1461834677e+00 6.9789282680e+00 7.1060008705e+00 0 0
819 3.1913324768e+03 3.4600369940e+03 3.4547402218e+03 3.6150023513e+03 3.6720057189e+03 6.5663789037e-01 6.7059102044e-01 6.7091606367e-01 6.6803928858e-01 6.6965651476e-01 1.1020951090e+01 1.2536659062e+01 1.5140543997e+01 5.8907313269e+00 6.7246367931e+00 7.1583253741e+00 0 0
820 3.1366708978e+03 3.3985844112e+03 3.4060726651e+03 3.4342748871e+03 3.7076205307e+03 6.5614624318e-01 6.7002999417e-01 6.7040942373e-01 6.6748053320e-01 6.6911978735e-01 1.2508035873e+01 1.1079637706e+01 1.2952364802e+01 6.1318941729e+00 6.2024723589e+00 6.9616894126e+00 0 0
821 3.2389661123e+03 3.3750426664e+03 3.3533056825e+03 3.5688746125e+03 3.7416333332e+03 6.5563832717e-01 6.6944593038e-01 6.6988167769e-01 6.6697444825e-01 6.6857501245e-01 1.2054489369e+01 1.5579206109e+01 1.1130230606e+01 6.0381693915e+00 6.9493757188e+00 6.4887550175e+00 0 0
822 3.1724427803e+03 3.3941602791e+03 3.4095578892e+03 3.5099284893e+03 3.6402046646e+03 6.5511278713e-01 6.6884865766e-01 6.6934123092e-01 6.6644228868e-01 6.6805834746e-01 1.0968264146e+01 1.5227464020e+01 1.4451704800e+01 5.8826756543e+00 7.0775588751e+00 7.1126906276e+00 0 0
823 3.2474604492e+03 3.3872946432e+03 3.6969118193e+03 3.4027197945e+03 3.4948650904e+03 6.5456414593e-01 6.6828312990e-01 6.6883311580e-01 6.6589206945e-01 6.6750269227e-01 9.9513805255e+00 1.2401126266e+01 1.3657488525e+01 5.7054581834e+00 6.5397220552e+00 7.1313069165e+00 0 0
824 3.1906761385e+03 3.3849974889e+03 3.3881311958e+03 3.5430777581e+03 3.4930035786e+03 6.5400113081e-01 6.6773344504e-01 6.6831656858e-01 6.6530306289e-01 6.6694185316e-01 9.9660762548e+00 1.0692097425e+01 1.1622838438e+01 5.7231731880e+00 6.2225370407e+00 6.5875707269e+00 0 0
825 3.1747510248e+03 3.4002108758e+03 3.4056188865e+03 3.6286540204e+03 3.4736928477e+03 6.5347003550e-01 6.6718679470e-01 6.6777366727e-01 6.6475133716e-01 6.6641510396e-01 1.1094175254e+01 1.1094782233e+01 1.3183688819e+01 5.8974220124e+00 6.2239300013e+00 6.7593558431e+00 0 0
826 3.1096359724e+03 3.4395639258e+03 3.2279083011e+03 3.6183847225e+03 3.6016340736e+03 6.5299247101e-01 6.6663011522e-01 6.6721708897e-01 6.6425794577e-01 6.6588420073e-01 1.5041194067e+01 1.4957370043e+01 1.4203715920e+01 6.4565915659e+00 6.7663923502e+00 7.0635228753e+00 0 0
827 3.2519754412e+03 3.3721703694e+03 3.2871650400e+03 3.3833474548e+03 3.5047399333e+03 6.5246361305e-01 6.6606807951e-01 6.6667651799e-01 6.6370739523e-01 6.6533603894e-01 1.4654456180e+01 1.4826026678e+01 1.2912874162e+01 6.6586086749e+00 7.0635885596e+00 6.9032214880e+00 0 0
828 3.2407262575e+03 3.4972379101e+03 3.3355224478e+03 3.5479098072e+03 3.6440642146e+03 6.5189395735e-01 6.6553650533e-01 6.6618239701e-01 6.6318863535e-01 6.6479830190e-01 9.8879977224e+00 1.2759492695e+01 1.1852871299e+01 5.7005707914e+00 6.4807776809e+00 6.5596765280e+00 0 0
829 3.1416248368e+03 3.5649392702e+03 3.4284513997e+03 3.6825751859e+03 3.5061266378e+03 6.5133040357e-01 6.6501117109e-01 6.6567058394e-01 6.6269149127e-01 6.6427841166e-01 9.9311292140e+00 1.4079311311e+01 1.3065644622e+01 5.6084047279e+00 6.6903696358e+00 6.7845401466e+00 0 0
830 3.2065838758e+03 3.3839224282e+03 3.2954451900e+03 3.6613721472e+03 3.5725769411e+03 6.5081717508e-01 6.6447178261e-01 6.6511318619e-01 6.6217767024e-01 6.6375165944e-01 1.2580000192e+01 1.3894458771e+01 1.3221050143e+01 6.0471700378e+00 6.7255991101e+00 6.8789795637e+00 0 0
831 3.1511056380e+03 3.3297816745e+03 3.3446502059e+03 3.6151752378e+03 3.4877789494e+03 6.5027796554e-01 6.6393790022e-01 6.6456641654e-01 6.6164822606e-01 6.6319659112e-01 1.1351571452e+01 1.2233093262e+01 1.1207775772e+01 5.9373943341e+00 6.4181020260e+00 6.4877269566e+00 0 0
832 3.2027823484e+03 3.3092678949e+03 3.4050444931e+03 3.4724890209e+03 3.6498090361e+03 6.4967627697e-01 6.6340926931e-01 6.6401721184e-01 6.6107797772e-01 6.6265327547e-01 8.7366615561e+00 1.0079820037e+01 1.1473312795e+01 5.4561692362e+00 6.0324783921e+00 6.5097749829e+00 0 0
833 3.2476960785e+03 3.3459823670e+03 3.3103400127e+03 3.4222381565e+03 3.6739891127e+03 6.4909434116e-01 6.6287866120e-01 6.6351505529e-01 6.6053787708e-01 6.6213090170e-01 7.8403791782e+00 1.0513067186e+01 1.2473996997e+01 5.1608022374e+00 6.1165405810e+00 6.6751201451e+00 0 0
834 3.2113802161e+03 3.3227834717e+03 3.3749417773e+03 3.3482165402e+03 3.6619336422e+03 6.4852124115e-01 6.6236412154e-01 6.6301572623e-01 6.6001721758e-01 6.6161201965e-01 8.0513275412e+00 1.2104430437e+01 1.3022523880e+01 5.2186260962e+00 6.3779554963e+00 6.7558481395e+00 0 0
835 3.1382180088e+03 3.4473821952e+03 3.1953134432e+03 3.4706365410e+03 3.6077793724e+03 6.4796571447e-01 6.6184493074e-01 6.6251921006e-01 6.5946543255e-01 6.6110954110e-01 8.6328898317e+00 1.2076691389e+01 1.3857035041e+01 5.3455233822e+00 6.4184281826e+00 6.9025360644e+00 0 0
836 3.1836573139e+03 3.3431585365e+03 3.2695410993e+03 3.4821114284e+03 3.4615664084e+03 6.4744187040e-01 6.6136944252e-01 6.6203025535e-01 6.5894306304e-01 6.6062228712e-01 1.0335586973e+01 1.1851211905e+01 1.4123634398e+01 5.7239774652e+00 6.3056423068e+00 6.9097533822e+00 0 0
837 3.1938193299e+03 3.3618682306e+03 3.1822279931e+03 3.4139340943e+03 3.4075119956e+03 6.4693296476e-01 6.6087832017e-01 6.6155116863e-01 6.5843960697e-01 6.6013762758e-01 1.1058741628e+01 1.2309295118e+01 1.3606223226e+01 5.9166733301e+00 6.3076248467e+00 6.7717839181e+00 0 0
838 3.1997686681e+03 3.2653952288e+03 3.3238280641e+03 3.3978643293e+03 3.4974687990e+03 6.4642695652e-01 6.6035114016e-01 6.6106950258e-01 6.5790100403e-01 6.5967606723e-01 1.0146398874e+01 1.2163025081e+01 1.5469809711e+01 5.6608740984e+00 6.3296268284e+00 7.1199433804e+00 0 0
839 3.1348571150e+03 3.3507761787e+03 3.2763716212e+03 3.2827165580e+03 3.5851892558e+03 6.4592268822e-01 6.5986272738e-01 6.6055976196e-01 6.5735428304e-01 6.5919501859e-01 1.0286907770e+01 1.1220836639e+01 1.4123999476e+01 5.6262287767e+00 6.1639210582e+00 6.9408499599e+00 0 0
840 3.1454971193e+03 3.4890192032e+03 3.2504178193e+03 3.2690304373e+03 3.5960061179e+03 6.4543520487e-01 6.5937732785e-01 6.6003332877e-01 6.5683126147e-01 6.5865588403e-01 1.0150492723e+01 1.2649885476e+01 1.2195669830e+01 5.5675243495e+00 6.4051487744e+00 6.7230773568e+00 0 0
841 3.0855371374e+03 3.4009025273e+03 3.3005610129e+03 3.3841335671e+03 3.4613289355e+03 6.4496856105e-01 6.5886343883e-01 6.5951117078e-01 6.5626177828e-01 6.5815602324e-01 1.0496555548e+01 1.2211471796e+01 1.2417094171e+01 5.5928812589e+00 6.4881241322e+00 6.6230831146e+00 0 0
842 3.0668609953e+03 3.3228686402e+03 3.1826317726e+03 3.4414526003e+03 3.4764363938e+03 6.4452018128e-01 6.5834405089e-01 6.5904334968e-01 6.5569361825e-01 6.5769496308e-01 1.1185026737e+01 1.1199497223e+01 1.4223647952e+01 5.5912317017e+00 6.2473788261e+00 6.8799748123e+00 0 0
843 3.0922818511e+03 3.2283474101e+03 3.1977232526e+03 3.6591168333e+03 3.3504363895e+03 6.4410091038e-01 6.5781391652e-01 6.5858237464e-01 6.5514261819e-01 6.5720815075e-01 1.4619331698e+01 1.1604364157e+01 1.4482968986e+01 6.2199456957e+00 6.2137820423e+00 6.9702511430e+00 0 0
844 3.1073118565e+03 3.1991317572e+03 3.2951763231e+03 3.5744342210e+03 3.4098809363e+03 6.4364228817e-01 6.5729831910e-01 6.5804261228e-01 6.5460412447e-01 6.5671834238e-01 1.1073066939e+01 1.3163636863e+01 1.4412617385e+01 5.7527869681e+00 6.4890531600e+00 6.8870709836e+00 0 0
845 3.1103506057e+03 3.2638265885e+03 3.3512746829e+03 3.4783668582e+03 3.5185690273e+03 6.4315989208e-01 6.5680322265e-01 6.5751800629e-01 6.5404424690e-01 6.5623481587e-01 8.7864491208e+00 1.2363138318e+01 1.3687636912e+01 5.2093255744e+00 6.4193389416e+00 6.7522433102e+00 0 0
846 3.0286290885e+03 3.1927151455e+03 3.5289298661e+03 3.3796186175e+03 3.4784439050e+03 6.4268373027e-01 6.5630294154e-01 6.5701125469e-01 6.5344788978e-01 6.5574323938e-01 8.9223145521e+00 9.8814893365e+00 1.3371724844e+01 5.1793959985e+00 5.9020450711e+00 6.7253420055e+00 0 0
847 3.1664378667e+03 3.3726571127e+03 3.2901382950e+03 3.2646785447e+03 3.4534446572e+03 6.4218729217e-01 6.5575191586e-01 6.5647145377e-01 6.5289450055e-01 6.5522823650e-01 8.3798432155e+00 1.0861888409e+01 1.3584521472e+01 5.0736934620e+00 5.9804837704e+00 6.8621569872e+00 0 0
848 3.0521324063e+03 3.2732428874e+03 3.3274814800e+03 3.3141487595e+03 3.4655570981e+03 6.4167277048e-01 6.5517503825e-01 6.5592992022e-01 6.5235423801e-01 6.5466726688e-01 8.1182159550e+00 1.1904615521e+01 1.1425992846e+01 4.9968424905e+00 6.2064903080e+00 6.5308248103e+00 0 0
849 3.0323162964e+03 3.4484223929e+03 3.2903583391e+03 3.2099856697e+03 3.3684940255e+03 6.4120719657e-01 6.5460109191e-01 6.5536457015e-01 6.5182415870e-01 6.5410207047e-01 9.2687483934e+00 1.2206050932e+01 1.0649990737e+01 5.0461498982e+00 6.2297257781e+00 6.3020263910e+00 0 0
850 2.9650031568e+03 3.5144053551e+03 3.3940415436e+03 3.2099467285e+03 3.4632992940e+03 6.4077164521e-01 6.5408267785e-01 6.5484860384e-01 6.5132286591e-01 6.5358583875e-01 1.2273702984e+01 1.3647709191e+01 1.2240239918e+01 5.5653447430e+00 6.4960862994e+00 6.5197293758e+00 0 0
851 3.1017157632e+03 3.4410793365e+03 3.2633194756e+03 3.1679488632e+03 3.3431607799e+03 6.4026989720e-01 6.5358001347e-01 6.5433535303e-01 6.5083791382e-01 6.5309457155e-01 1.0951695690e+01 1.4604256451e+01 1.4497172713e+01 5.5914358032e+00 6.6778236628e+00 6.8419229388e+00 0 0
852 3.1404522586e+03 3.1467557897e+03 3.2216858941e+03 3.3116926186e+03 3.4194613611e+03 6.3972888077e-01 6.5304009958e-01 6.5378286536e-01 6.5031232005e-01 6.5257355696e-01 7.6153211490e+00 1.3008154690e+01 1.4757698476e+01 4.8228959266e+00 6.5362050831e+00 7.0207315683e+00 0 0
853 2.9905324569e+03 3.2064140406e+03 3.1817069318e+03 3.2612457742e+03 3.3280177283e+03 6.3918688575e-01 6.5251134135e-01 6.5326779878e-01 6.4976147455e-01 6.5202789394e-01 7.4804499944e+00 1.0661464810e+01 1.1866315663e+01 4.7233488767e+00 6.0982640684e+00 6.5007186532e+00 0 0
854 3.1561022221e+03 3.3807793480e+03 3.1932514777e+03 3.2590458726e+03 3.3178396586e+03 6.3866358920e-01 6.5203349499e-01 6.5276059381e-01 6.4923930416e-01 6.5152275984e-01 7.4869240692e+00 1.1259944737e+01 1.2046180844e+01 4.6107728721e+00 6.2096545398e+00 6.3164704740e+00 0 0
855 3.2148090815e+03 3.4556306226e+03 3.2514047733e+03 3.2066502772e+03 3.3022583182e+03 6.3815686439e-01 6.5152309157e-01 6.5222359753e-01 6.4871177628e-01 6.5104975501e-01 8.3632303540e+00 9.8597823977e+00 1.7269887924e+01 4.7872796914e+00 5.8590761423e+00 7.2844372988e+00 0 0
856 3.4173429507e+03 3.2758991132e+03 3.3696737231e+03 3.2474516163e+03 3.3383588783e+03 6.3768106245e-01 6.5098867206e-01 6.5171049210e-01 6.4819690131e-01 6.5053024158e-01 9.7804597329e+00 9.8983370662e+00 1.3067578197e+01 4.9608426146e+00 5.7686555088e+00 6.7016726732e+00 0 0
857 3.3401442582e+03 3.2355926814e+03 3.4857855643e+03 3.2281902051e+03 3.3982045259e+03 6.3719911111e-01 6.5047842204e-01 6.5124004251e-01 6.4770408384e-01 6.5000359823e-01 1.0200652520e+01 1.0485474527e+01 1.0930336654e+01 5.1203448973e+00 5.8128592968e+00 6.2802079320e+00 0 0
858 3.0212130291e+03 3.2239319162e+03 3.4175494144e+03 3.1660173720e+03 3.3455140113e+03 6.3671198588e-01 6.4997338371e-01 6.5073977217e-01 6.4727033655e-01 6.4945634449e-01 9.2312037009e+00 1.3273065090e+01 1.0100153267e+01 4.9644881051e+00 6.1845731735e+00 6.1413486302e+00 0 0
859 3.0623865996e+03 3.3116793323e+03 3.0856060993e+03 3.1610571017e+03 3.4274868344e+03 6.3619260783e-01 6.4942732390e-01 6.5025541830e-01 6.4683433082e-01 6.4891488293e-01 8.1102450586e+00 1.5925162077e+01 9.4830804467e+00 4.8070358322e+00 6.7735302448e+00 5.9763547182e+00 0 0
860 2.9639723323e+03 3.2436827835e+03 3.1556975457e+03 3.2562303358e+03 3.5429352238e+03 6.3566999536e-01 6.4891527110e-01 6.4979181136e-01 6.4635392211e-01 6.4841182405e-01 7.1227167461e+00 1.1789604127e+01 1.0644909322e+01 4.5483512518e+00 6.0821056366e+00 6.2171228826e+00 0 0
861 3.0604513937e+03 3.2685941932e+03 3.1299715654e+03 3.2534759873e+03 3.6765190058e+03 6.3516482247e-01 6.4848245929e-01 6.4935195490e-01 6.4586302394e-01 6.4792827693e-01 7.2478743927e+00 9.8113542795e+00 1.2049327195e+01 4.5429125674e+00 5.7027418315e+00 6.5114881992e+00 0 0
862 3.0079442163e+03 3.2306997694e+03 3.2077959723e+03 3.2365537227e+03 3.6786127820e+03 6.3470558577e-01 6.4802570560e-01 6.4893857402e-01 6.4538839519e-01 6.4746008740e-01 8.6659983041e+00 9.4462151527e+00 1.2878215611e+01 4.7580667933e+00 5.5191513300e+00 6.5777340829e+00 0 0
863 2.9083248574e+03 3.1766022729e+03 3.1529771645e+03 3.1798003082e+03 3.4884758850e+03 6.3427511140e-01 6.4754005388e-01 6.4846119778e-01 6.4490409982e-01 6.4700873853e-01 1.1293812997e+01 1.0149794221e+01 1.2275635719e+01 5.2578107178e+00 5.6499083936e+00 6.4010410309e+00 0 0
864 2.9880898566e+03 3.2488222481e+03 3.1582039200e+03 3.1398280208e+03 3.4548533978e+03 6.3379526367e-01 6.4705754686e-01 6.4798795782e-01 6.4442637601e-01 6.4656234016e-01 8.8645139972e+00 1.0411592662e+01 1.1798596323e+01 4.9301125164e+00 5.6263986826e+00 6.3357846737e+00 0 0
865 2.9674806958e+03 3.4283268514e+03 3.1885131331e+03 3.1000770958e+03 3.3480905006e+03 6.3331076220e-01 6.4658275467e-01 6.4750023209e-01 6.4396904299e-01 6.4609617679e-01 7.3232941823e+00 1.1913164437e+01 1.0978573382e+01 4.5263631804e+00 5.8788969219e+00 6.0834030509e+00 0 0
866 2.9100370116e+03 3.8565470307e+03 3.1224042019e+03 3.1361792041e+03 3.2449995378e+03 6.3282428155e-01 6.4612681377e-01 6.4702972426e-01 6.4349810425e-01 6.4568050521e-01 6.7610032989e+00 1.1987145782e+01 1.3791753709e+01 4.3191365137e+00 5.9115219712e+00 6.4360580444e+00 0 0
867 2.9813518740e+03 3.6470442827e+03 3.2207730439e+03 3.1035779352e+03 3.3403646508e+03 6.3235046893e-01 6.4570038408e-01 6.4658802524e-01 6.4300530337e-01 6.4526994295e-01 7.7128966567e+00 1.1093680620e+01 1.5591076970e+01 4.5981751575e+00 5.6909617782e+00 6.9530396163e+00 0 0
868 2.9295963926e+03 3.3335310108e+03 3.1978180061e+03 3.1472178190e+03 3.2879136242e+03 6.3186978465e-01 6.4523935943e-01 6.4612672785e-01 6.4252341937e-01 6.4485721998e-01 7.2293254409e+00 1.1596663117e+01 1.2383364558e+01 4.4909092323e+00 5.7196818292e+00 6.2498688102e+00 0 0
869 2.9229346832e+03 3.1781214577e+03 3.1332845386e+03 3.0350436570e+03 3.4426861605e+03 6.3139996877e-01 6.4473661815e-01 6.4569969802e-01 6.4205049259e-01 6.4442767289e-01 6.9797234653e+00 1.2419249415e+01 1.3349710405e+01 4.3505322694e+00 5.9005354643e+00 6.5222701132e+00 0 0
870 2.8181091298e+03 3.1075376104e+03 3.0180523521e+03 3.0934912316e+03 3.3798597604e+03 6.3096093737e-01 6.4423482917e-01 6.4527269477e-01 6.4154837453e-01 6.4397119292e-01 8.1221202124e+00 1.1367393315e+01 1.0529036999e+01 4.5353367000e+00 5.7665620744e+00 5.9556406438e+00 0 0
871 2.7964268590e+03 3.4301338166e+03 3.0542740545e+03 2.9755355820e+03 3.6987113972e+03 6.3057528280e-01 6.4376647868e-01 6.4480431612e-01 6.4106208554e-01 6.4352935233e-01 1.1341414481e+01 1.1025594771e+01 1.0312687695e+01 5.0338885349e+00 5.5038713813e+00 5.7963199615e+00 0 0
872 2.8683410395e+03 3.1749190541e+03 3.3716570110e+03 3.0971348049e+03 3.5344034857e+03 6.3016230772e-01 6.4333805173e-01 6.4434533477e-01 6.4056301558e-01 6.4308725725e-01 1.1786963250e+01 1.0455630839e+01 1.1625379920e+01 5.2753089957e+00 5.4430917203e+00 6.0129961371e+00 0 0
873 2.8868167548e+03 3.0532667751e+03 3.2194501083e+03 2.9776987759e+03 3.6441503811e+03 6.2968985598e-01 6.4286045243e-01 6.4388705895e-01 6.4006577115e-01 6.4263759991e-01 8.7330006967e+00 9.8825868964e+00 1.2673514545e+01 4.8158905461e+00 5.2575475872e+00 6.2045875490e+00 0 0
874 2.8523808799e+03 3.2741809663e+03 3.2635635431e+03 3.0458312494e+03 3.3070034775e+03 6.2923831685e-01 6.4238069120e-01 6.4337752339e-01 6.3958215840e-01 6.4215785607e-01 8.0040182996e+00 1.1600049376e+01 1.0864788353e+01 4.5384083185e+00 5.5550807714e+00 5.9137858152e+00 0 0
875 2.8645593854e+03 3.3527263533e+03 3.1292251437e+03 3.1245281244e+03 3.2024993365e+03 6.2879872164e-01 6.4191254051e-01 6.4287757400e-01 6.3904550365e-01 6.4169124535e-01 8.5538949107e+00 9.2364375591e+00 1.0396710515e+01 4.6190643758e+00 5.2759674191e+00 5.6814830303e+00 0 0
876 2.7962665938e+03 3.3387138242e+03 3.1922958823e+03 3.0183336462e+03 3.2025018345e+03 6.2834023681e-01 6.4144411585e-01 6.4239608593e-01 6.3851459658e-01 6.4121965373e-01 7.5737573329e+00 7.6351397932e+00 1.1539106131e+01 4.3893264601e+00 4.8534660935e+00 5.9211450517e+00 0 0
877 2.7795134194e+03 3.0487654879e+03 3.1359140613e+03 3.1024812651e+03 3.1656357971e+03 6.2790297731e-01 6.4095786442e-01 6.4192499293e-01 6.3798103878e-01 6.4078268082e-01 8.1345430324e+00 8.0624402761e+00 1.3783275843e+01 4.4159305428e+00 4.9589897692e+00 6.1962495148e+00 0 0
878 2.8106615085e+03 3.1622983730e+03 3.0931844433e+03 3.1309417114e+03 3.1938647435e+03 6.2745426392e-01 6.4045207751e-01 6.4144835728e-01 6.3747952820e-01 6.4032435971e-01 8.5614308590e+00 8.7455610037e+00 1.3506258547e+01 4.5548286403e+00 5.0911182761e+00 6.2939977646e+00 0 0
879 2.7770672494e+03 2.9519131085e+03 2.9479518314e+03 3.0261615952e+03 3.2028659042e+03 6.2699680842e-01 6.3994435448e-01 6.4097993855e-01 6.3700158398e-01 6.3984158071e-01 8.2318482520e+00 9.0631971955e+00 9.8884168863e+00 4.5219625051e+00 5.0945478976e+00 5.4961886704e+00 0 0
880 2.8061305818e+03 2.9654650563e+03 2.9683805349e+03 3.1158055138e+03 3.1208312995e+03 6.2654555525e-01 6.3945053795e-01 6.4052714431e-01 6.3652873844e-01 6.3934987687e-01 8.0921281279e+00 9.6606954336e+00 9.3083769083e+00 4.4492422350e+00 5.2536324263e+00 5.3297298551e+00 0 0
881 2.7629619075e+03 2.9285325677e+03 3.0035583896e+03 3.1035450698e+03 3.0931417685e+03 6.2611474754e-01 6.3899821932e-01 6.4008237999e-01 6.3606580433e-01 6.3887776960e-01 8.6748412704e+00 9.9894000888e+00 1.0861503303e+01 4.4222100512e+00 5.2689670920e+00 5.6189589798e+00 0 0
882 2.7550709979e+03 2.9445965768e+03 3.1138307597e+03 3.1202823590e+03 3.0775857421e+03 6.2572135358e-01 6.3855905537e-01 6.3962726614e-01 6.3559352454e-01 6.3840997854e-01 1.2054552862e+01 9.2502149940e+00 1.1061732173e+01 4.9788206431e+00 5.1184906662e+00 5.6877660453e+00 0 0
883 2.7767340036e+03 2.9880420010e+03 3.1347499103e+03 3.1450176470e+03 3.1866684798e+03 6.2528243625e-01 6.3810744040e-01 6.3917515821e-01 6.3514527059e-01 6.3794308984e-01 9.3979751399e+00 9.6221072078e+00 1.0390296340e+01 4.6787641011e+00 5.1432472467e+00 5.5691138506e+00 0 0
884 2.7872588743e+03 3.0408393578e+03 3.0995956188e+03 3.1329107871e+03 3.1201971092e+03 6.2481517154e-01 6.3763997223e-01 6.3874081545e-01 6.3468142871e-01 6.3750158310e-01 7.3853747173e+00 9.1084845662e+00 1.2066796958e+01 4.2640394411e+00 5.0490464270e+00 5.8511775732e+00 0 0
885 2.7901944061e+03 2.9135270721e+03 3.0937546768e+03 3.2118421505e+03 3.2292342746e+03 6.2437839831e-01 6.3717409737e-01 6.3828440920e-01 6.3423723339e-01 6.3704238359e-01 8.5288586000e+00 1.0117464662e+01 1.1171890616e+01 4.4331885920e+00 5.1901477873e+00 5.8053794503e+00 0 0
886 2.7845099895e+03 2.9934967847e+03 3.0083166389e+03 2.9845053191e+03 3.1963476031e+03 6.2393078455e-01 6.3672260148e-01 6.3783705956e-01 6.3380466033e-01 6.3658146984e-01 8.9161102080e+00 1.0961760759e+01 9.5508921742e+00 4.5806657172e+00 5.3926720917e+00 5.4585545063e+00 0 0
887 2.7264788946e+03 2.8948710679e+03 3.0211300866e+03 2.9483510646e+03 3.1162990871e+03 6.2347154051e-01 6.3629053242e-01 6.3739203157e-01 6.3338208811e-01 6.3611610588e-01 7.2810482709e+00 1.1127911985e+01 8.8534548879e+00 4.1734251128e+00 5.3504951894e+00 5.2392053306e+00 0 0
888 2.7939094632e+03 2.9268910127e+03 2.9229240496e+03 3.0010224924e+03 3.1623829623e+03 6.2302157763e-01 6.3585989473e-01 6.3695508680e-01 6.3298077361e-01 6.3567662735e-01 7.0201044983e+00 1.2503070176e+01 9.8493730426e+00 4.0715823748e+00 5.5133004189e+00 5.4093298316e+00 0 0
889 2.8702946195e+03 2.9127799436e+03 2.9743207628e+03 3.2373909248e+03 3.3001412091e+03 6.2256865598e-01 6.3542963650e-01 6.3654940718e-01 6.3252905626e-01 6.3526794857e-01 6.9707449996e+00 9.9198244214e+00 1.1282397747e+01 4.0448422905e+00 5.2347603440e+00 5.6574573517e+00 0 0
890 3.1432428512e+03 2.9040187672e+03 2.9525861545e+03 3.1984424334e+03 3.1775345789e+03 6.2213458243e-01 6.3501873093e-01 6.3611775215e-01 6.3208006084e-01 6.3485905434e-01 7.3755765402e+00 9.4256442189e+00 1.1036172926e+01 4.1014685437e+00 5.0393675268e+00 5.5353542864e+00 0 0
891 3.2337337123e+03 2.9434323502e+03 2.9540958007e+03 3.1912477184e+03 3.0379387749e+03 6.2173231613e-01 6.3459348984e-01 6.3567202381e-01 6.3165324761e-01 6.3446183628e-01 8.7061505510e+00 1.1105590940e+01 1.3040961802e+01 4.3158156103e+00 5.3254878223e+00 5.8964261711e+00 0 0
892 2.8737832970e+03 2.9006278631e+03 3.0361561225e+03 3.1134835795e+03 3.1520307740e+03 6.2132378084e-01 6.3417080009e-01 6.3523162712e-01 6.3118982239e-01 6.3405441088e-01 9.1711461752e+00 9.7528754473e+00 1.1868783772e+01 4.4625431830e+00 5.1871972382e+00 5.7627926767e+00 0 0
893 2.7849944210e+03 2.9036136107e+03 3.0920879677e+03 2.9875571961e+03 3.2888654579e+03 6.2086759606e-01 6.3372340844e-01 6.3483008236e-01 6.3070845146e-01 6.3364479157e-01 6.6069741083e+00 8.1795572042e+00 1.0871795952e+01 4.0044832715e+00 4.7865222096e+00 5.5445237458e+00 0 0
894 2.7650779515e+03 2.8597005088e+03 3.0917349498e+03 2.9820922186e+03 3.2636393796e+03 6.2040630391e-01 6.3330974985e-01 6.3441049743e-01 6.3027620928e-01 6.3323661621e-01 5.8269644742e+00 8.5148379803e+00 1.1559598982e+01 3.7875221218e+00 4.6677062213e+00 5.6796472967e+00 0 0
895 2.7182048302e+03 2.8907740313e+03 2.9774930730e+03 2.9073668499e+03 3.2869441735e+03 6.1997206996e-01 6.3289284901e-01 6.3396464905e-01 6.2985659573e-01 6.3282975141e-01 6.3775855015e+00 1.0518887281e+01 1.0895299911e+01 3.8639459151e+00 5.0625109076e+00 5.5148036182e+00 0 0
896 2.7518675967e+03 2.8902732570e+03 2.8755055208e+03 2.9244732859e+03 3.2905336953e+03 6.1956507584e-01 6.3245404633e-01 6.3354776571e-01 6.2943043634e-01 6.3239961386e-01 7.4015507705e+00 1.1506724179e+01 9.5778177381e+00 4.0535260878e+00 5.2591598928e+00 5.3005238771e+00 0 0
897 2.8761804324e+03 2.8647586286e+03 2.8939934347e+03 2.8854469325e+03 3.1370416000e+03 6.1914371001e-01 6.3201242982e-01 6.3313897442e-01 6.2898782914e-01 6.3198504477e-01 7.5356585618e+00 1.0874638855e+01 9.4040424824e+00 4.1277520893e+00 5.2160708010e+00 5.1767757833e+00 0 0
898 2.9872708667e+03 2.9042568757e+03 2.8169092992e+03 3.0383238800e+03 3.0604195791e+03 6.1870262731e-01 6.3155209825e-01 6.3273584363e-01 6.2852640153e-01 6.3157445184e-01 6.9214377127e+00 9.3218447566e+00 1.1494486630e+01 3.9852710417e+00 4.9321735799e+00 5.6659070551e+00 0 0
899 3.2495789146e+03 2.8180350424e+03 2.9777085149e+03 2.9145020158e+03 3.0544855541e+03 6.1831403806e-01 6.3109659218e-01 6.3233898281e-01 6.2805416336e-01 6.3115840448e-01 8.0889639382e+00 8.5117133856e+00 1.0943773448e+01 4.0520093459e+00 4.7207303941e+00 5.4708680809e+00 0 0
900 2.8860852845e+03 2.8728314430e+03 2.8600869742e+03 2.9474599234e+03 3.0400950643e+03 6.1791147009e-01 6.3068181718e-01 6.3189889851e-01 6.2760718400e-01 6.3075557383e-01 8.9917936637e+00 8.6381596923e+00 1.1458099127e+01 4.3407448894e+00 4.6631241143e+00 5.5218184590e+00 0 0
901 2.7756694308e+03 2.8656645826e+03 3.0724988202e+03 2.9729584592e+03 3.0438406660e+03 6.1744727892e-01 6.3023893046e-01 6.3145764453e-01 6.2716698846e-01 6.3037086199e-01 6.7863310127e+00 8.9495854378e+00 1.2400618017e+01 3.9849607924e+00 4.6891224384e+00 5.6540399790e+00 0 0
902 2.7273069269e+03 2.8142012188e+03 3.0129293055e+03 2.8863211879e+03 3.0763020008e+03 6.1698425808e-01 6.2975326203e-01 6.3103850935e-01 6.2672637884e-01 6.2996708417e-01 6.4265896711e+00 1.0535831153e+01 1.0939711869e+01 3.8263784441e+00 5.0564080179e+00 5.3663498163e+00 0 0
903 2.7170168240e+03 2.8902412529e+03 2.9538960713e+03 2.8903235113e+03 3.0816495583e+03 6.1652573902e-01 6.2928843407e-01 6.3058174007e-01 6.2626635621e-01 6.2951984508e-01 6.9173948467e+00 9.0628624558e+00 9.0037789941e+00 3.9465209956e+00 4.8197198808e+00 5.0679387450e+00 0 0
904 2.7467507949e+03 2.9384529943e+03 2.8970799091e+03 2.8839592577e+03 3.0387596154e+03 6.1605000633e-01 6.2884669181e-01 6.3013514441e-01 6.2581158345e-01 6.2906734109e-01 6.8037721470e+00 8.8733608723e+00 8.1587636471e+00 3.9237962493e+00 4.7464808822e+00 4.9013236463e+00 0 0
905 2.6121947072e+03 2.9252196499e+03 2.9257869027e+03 2.8686137767e+03 3.0003993068e+03 6.1558840151e-01 6.2842513560e-01 6.2970130066e-01 6.2536082759e-01 6.2861032385e-01 6.8202553385e+00 8.4127089381e+00 8.3028051257e+00 3.8212376605e+00 4.5986907184e+00 4.8659412265e+00 0 0
906 2.6613093220e+03 2.7768565861e+03 2.8484001650e+03 3.0371401021e+03 3.2451721064e+03 6.1517670902e-01 6.2802804370e-01 6.2929333664e-01 6.2492232924e-01 6.2816219764e-01 9.3665662577e+00 8.2929651737e+00 8.6898600459e+00 4.2217456527e+00 4.5040216446e+00 4.9271249473e+00 0 0
907 2.5936861417e+03 2.8768203802e+03 2.7813128195e+03 3.0670999332e+03 3.2487459119e+03 6.1472172535e-01 6.2760369361e-01 6.2888354984e-01 6.2446690911e-01 6.2774315529e-01 8.3525060432e+00 7.7236863971e+00 9.2473029494e+00 4.1871833276e+00 4.3940065801e+00 4.9554329515e+00 0 0
908 2.6386210407e+03 2.8824697743e+03 2.7826984206e+03 3.1843806305e+03 3.4435019965e+03 6.1426053964e-01 6.2717074426e-01 6.2846558670e-01 6.2403791120e-01 6.2734437066e-01 6.5897973188e+00 8.6770158410e+00 1.0387240052e+01 3.7444333165e+00 4.5352458954e+00 5.1159898639e+00 0 0
909 2.6050313220e+03 3.0379542459e+03 2.7866902411e+03 3.1106716317e+03 3.1415639417e+03 6.1380611903e-01 6.2674587092e-01 6.2805123064e-01 6.2363158844e-01 6.2691648168e-01 6.4426129154e+00 9.9955476522e+00 1.0078314126e+01 3.6782603910e+00 4.7836095393e+00 5.2000598311e+00 0 0
910 2.6484324546e+03 3.0481597727e+03 2.8607273551e+03 2.8466645394e+03 3.0339640736e+03 6.1338975621e-01 6.2630564030e-01 6.2764238842e-01 6.2320548145e-01 6.2647703661e-01 8.4500337858e+00 9.0550526977e+00 8.9086124897e+00 4.0388020612e+00 4.6796210706e+00 4.9397589564e+00 0 0
911 2.6947561945e+03 3.0557151372e+03 2.8066996633e+03 2.7983825686e+03 2.8405279439e+03 6.1296219192e-01 6.2588870880e-01 6.2722206015e-01 6.2278926297e-01 6.2606970845e-01 9.4545108596e+00 8.4130863547e+00 1.0749574363e+01 4.3560284038e+00 4.4623334408e+00 5.2143010199e+00 0 0
912 2.5823368943e+03 2.9592651115e+03 2.8617989971e+03 2.9111715855e+03 3.0027214323e+03 6.1253383252e-01 6.2547237783e-01 6.2679109426e-01 6.2239726735e-01 6.2565777825e-01 8.2896510475e+00 9.7888711095e+00 1.0164796889e+01 4.1023762268e+00 4.6824297011e+00 5.1141267121e+00 0 0
913 2.7741849722e+03 2.8985097895e+03 2.6965767187e+03 2.9825606448e+03 2.9411137346e+03 6.1208023678e-01 6.2503983590e-01 6.2634433728e-01 6.2200470106e-01 6.2528237725e-01 7.7599412438e+00 1.0759167373e+01 1.1331280470e+01 4.0746326617e+00 4.9055697620e+00 5.1614210606e+00 0 0
914 2.8638580138e+03 2.8225547825e+03 2.7615780815e+03 2.8540930258e+03 2.9457542328e+03 6.1158941178e-01 6.2459520822e-01 6.2592248004e-01 6.2157756087e-01 6.2488736569e-01 6.0591799476e+00 8.9363220930e+00 1.0837223232e+01 3.7429997240e+00 4.6537587941e+00 5.1784168482e+00 0 0
915 3.1633119452e+03 2.7680055997e+03 2.6541117158e+03 2.8324332296e+03 3.0117645990e+03 6.1115648311e-01 6.2416548764e-01 6.2552618821e-01 6.2114307344e-01 6.2444867826e-01 6.7035529922e+00 7.5181929171e+00 7.9066489935e+00 3.7235629114e+00 4.3222935498e+00 4.6584798098e+00 0 0
916 3.0261257684e+03 2.8046984686e+03 2.7066251126e+03 2.8847187038e+03 2.8738801297e+03 6.1075336843e-01 6.2374031129e-01 6.2512830722e-01 6.2071347138e-01 6.2402259066e-01 9.0068351879e+00 7.3604218662e+00 7.9432407320e+00 4.1756816888e+00 4.2431522012e+00 4.5702411532e+00 0 0
917 2.7918304492e+03 2.8296873502e+03 2.7254781232e+03 2.7631192519e+03 2.9918041380e+03 6.1029671071e-01 6.2334214827e-01 6.2471882708e-01 6.2029008301e-01 6.2363485714e-01 7.8938280097e+00 8.1053076982e+00 9.9079059362e+00 4.1455970073e+00 4.3732329011e+00 4.9317880273e+00 0 0
918 2.7541954727e+03 2.8425070800e+03 2.6644328665e+03 2.7999605354e+03 2.8931270280e+03 6.0981911394e-01 6.2293619058e-01 6.2434300631e-01 6.1986325442e-01 6.2325183167e-01 6.2302731046e+00 8.4801209569e+00 9.7183107734e+00 3.7486366033e+00 4.4402859509e+00 4.9311015010e+00 0 0
919 2.5938927774e+03 2.7062665242e+03 2.7485013189e+03 2.8427495493e+03 2.8941375226e+03 6.0933712840e-01 6.2255437447e-01 6.2395317278e-01 6.1940829057e-01 6.2285698836e-01 5.8138419019e+00 7.2993967533e+00 8.9761514664e+00 3.6497885744e+00 4.2358337045e+00 4.7929043770e+00 0 0
920 2.7170621461e+03 2.7603221732e+03 2.6680009370e+03 2.8903240303e+03 2.8618743858e+03 6.0887042989e-01 6.2217136282e-01 6.2355160276e-01 6.1894055813e-01 6.2247995729e-01 6.2089323002e+00 7.0202647746e+00 9.6766141653e+00 3.7313843017e+00 4.1663806140e+00 4.8251820505e+00 0 0
921 2.5815292971e+03 2.8391714460e+03 2.7100488003e+03 2.9580682886e+03 2.8825696869e+03 6.0840807915e-01 6.2175907028e-01 6.2316957812e-01 6.1849034690e-01 6.2210499902e-01 6.1353715928e+00 8.4410687685e+00 1.1074372947e+01 3.7058706451e+00 4.3907505870e+00 5.1529245079e+00 0 0
922 2.6051898961e+03 3.0744880875e+03 2.6250819035e+03 2.8596744570e+03 2.8357983003e+03 6.0793145442e-01 6.2136189516e-01 6.2278699305e-01 6.1806686862e-01 6.2173604686e-01 6.2222389754e+00 1.0364905298e+01 1.0749019265e+01 3.7537588305e+00 4.7355114222e+00 5.0629345477e+00 0 0
923 2.6098103133e+03 2.9553642753e+03 2.6937339327e+03 2.7570288355e+03 2.9511014893e+03 6.0745678517e-01 6.2096442944e-01 6.2239264920e-01 6.1763161928e-01 6.2135397445e-01 6.0004908260e+00 9.1872461438e+00 9.8056528568e+00 3.6651285676e+00 4.5172497630e+00 4.9137375057e+00 0 0
924 2.5600490238e+03 2.7939394231e+03 2.6813165609e+03 2.7291038822e+03 2.8825375973e+03 6.0699234128e-01 6.2054093599e-01 6.2196570440e-01 6.1719105425e-01 6.2096952915e-01 6.2231573063e+00 9.6858381033e+00 9.5284672976e+00 3.6834024896e+00 4.5575650334e+00 4.8097282052e+00 0 0
925 2.6053849369e+03 2.7878561656e+03 2.7238294734e+03 2.8177505212e+03 2.9257214495e+03 6.0654870707e-01 6.2009517455e-01 6.2150118293e-01 6.1674102037e-01 6.2057684554e-01 7.0565269396e+00 9.5198810101e+00 9.4892203212e+00 3.8013866045e+00 4.5381827354e+00 4.8176015615e+00 0 0
926 2.5634204705e+03 2.6767013281e+03 2.7474560961e+03 2.9120724579e+03 2.8606616368e+03 6.0606982996e-01 6.1963517327e-01 6.2103714744e-01 6.1629365436e-01 6.2018242748e-01 6.1301450197e+00 8.2664903998e+00 9.4104171991e+00 3.6684883518e+00 4.2738148272e+00 4.7708953619e+00 0 0
927 2.5848923241e+03 2.7060036031e+03 2.6784904331e+03 3.0514229468e+03 2.9158720822e+03 6.0557330896e-01 6.1918029659e-01 6.2056481503e-01 6.1584419451e-01 6.1976050432e-01 4.8889600311e+00 8.0767231584e+00 8.7535321712e+00 3.3189815563e+00 4.2223118246e+00 4.6848998368e+00 0 0
928 2.6220745088e+03 2.7043754362e+03 2.7002024924e+03 2.8323797415e+03 2.9270223778e+03 6.0508335769e-01 6.1874148071e-01 6.2010313825e-01 6.1539393321e-01 6.1930742239e-01 4.7417543934e+00 8.3645742536e+00 7.8003338277e+00 3.2388438594e+00 4.3011672199e+00 4.5373827815e+00 0 0
929 2.5048729028e+03 2.7419144771e+03 2.7062766858e+03 2.8882572600e+03 2.8603723534e+03 6.0461599695e-01 6.1830827233e-01 6.1966228275e-01 6.1491380577e-01 6.1887419084e-01 5.1181710499e+00 6.8156128526e+00 8.3781796694e+00 3.3124399133e+00 4.0544524789e+00 4.5815674067e+00 0 0
930 2.5900741511e+03 2.7462278675e+03 2.5987176645e+03 2.8575932181e+03 2.9599733107e+03 6.0417190338e-01 6.1786132399e-01 6.1924521944e-01 6.1444011987e-01 6.1843531437e-01 6.0139877240e+00 7.3323932290e+00 8.9414243102e+00 3.4948393517e+00 4.1502869427e+00 4.6910691261e+00 0 0
931 2.5574937212e+03 2.6235355915e+03 2.6098441524e+03 2.8919223710e+03 2.8776236724e+03 6.0374160310e-01 6.1741524627e-01 6.1880416106e-01 6.1399143810e-01 6.1797305991e-01 7.2279245363e+00 8.3977724910e+00 7.7175802588e+00 3.7377548308e+00 4.3657448292e+00 4.4400502741e+00 0 0
932 2.5660233156e+03 2.6071384697e+03 2.5647803025e+03 2.7981627901e+03 2.8798984357e+03 6.0332343440e-01 6.1695487604e-01 6.1837956721e-01 6.1355282094e-01 6.1751266980e-01 7.0880814652e+00 8.3024796247e+00 7.3470925987e+00 3.6817925370e+00 4.3057764769e+00 4.3105584979e+00 0 0
933 2.5747688180e+03 2.6141112256e+03 2.6535381098e+03 2.7896684391e+03 3.0102624470e+03 6.0292177125e-01 6.1653108855e-01 6.1799796845e-01 6.1309786477e-01 6.1706159679e-01 7.1017755363e+00 8.2944132686e+00 7.7380274534e+00 3.6344535113e+00 4.3596960008e+00 4.3477823734e+00 0 0
934 2.5376098368e+03 2.6969010920e+03 2.7096099350e+03 2.7533089184e+03 3.0845459958e+03 6.0250990806e-01 6.1613657187e-01 6.1756573371e-01 6.1262466106e-01 6.1662879895e-01 7.2307379445e+00 7.1366837621e+00 7.9699724913e+00 3.7075936632e+00 4.1470255852e+00 4.3463566601e+00 0 0
935 2.4555889521e+03 2.6657679944e+03 2.8247728227e+03 2.7246955793e+03 2.9949113509e+03 6.0212700500e-01 6.1570066035e-01 6.1709646985e-01 6.1214599198e-01 6.1620171522e-01 7.7023691339e+00 6.7400743961e+00 8.7748064399e+00 3.7228385751e+00 4.0270431042e+00 4.5375415683e+00 0 0
936 2.4367665167e+03 2.7190712569e+03 2.7944358107e+03 2.7493104590e+03 2.8911893746e+03 6.0176688171e-01 6.1526769206e-01 6.1666403283e-01 6.1165563743e-01 6.1578011620e-01 9.4740046498e+00 6.4803253114e+00 9.0218218565e+00 4.0035642837e+00 3.9965969026e+00 4.6039689779e+00 0 0
937 2.5875689550e+03 2.6294281698e+03 2.8178665689e+03 2.7880168579e+03 2.8945232768e+03 6.0134783707e-01 6.1485269672e-01 6.1624018279e-01 6.1119420719e-01 6.1535127434e-01 6.7699207268e+00 7.1102554500e+00 8.5620790124e+00 3.6171045318e+00 4.0995564163e+00 4.5829839110e+00 0 0
938 2.7295610891e+03 2.6520680610e+03 3.0641354409e+03 2.7024453741e+03 2.8214024881e+03 6.0091980010e-01 6.1439750012e-01 6.1581286531e-01 6.1079227607e-01 6.1493093695e-01 5.2824934314e+00 9.7097370625e+00 9.2276303172e+00 3.2562996697e+00 4.4556123912e+00 4.6807334423e+00 0 0
939 2.9780924597e+03 2.7022884746e+03 2.8230000886e+03 2.7558085928e+03 2.9378369594e+03 6.0053499449e-01 6.1394098264e-01 6.1539832398e-01 6.1037353731e-01 6.1453850484e-01 6.4427969096e+00 1.1024371624e+01 1.1374187171e+01 3.3834847778e+00 4.8336787820e+00 5.0114223957e+00 0 0
940 2.6567129306e+03 2.5895994864e+03 2.7197974189e+03 2.7676909148e+03 2.8313895882e+03 6.0016685578e-01 6.1350755192e-01 6.1498709418e-01 6.0991538359e-01 6.1412411130e-01 8.6320769395e+00 8.2052440047e+00 9.5814480186e+00 3.7866401049e+00 4.3691774011e+00 4.7763525248e+00 0 0
941 2.3753786954e+03 2.6717993001e+03 2.6531604739e+03 2.8077245235e+03 2.8505255656e+03 5.9975259176e-01 6.1307538293e-01 6.1453983041e-01 6.0945502536e-01 6.1369549523e-01 6.3741378322e+00 7.7275698185e+00 8.2228369117e+00 3.4607306794e+00 4.2421810031e+00 4.5176481903e+00 0 0
942 2.4562061698e+03 2.6502332916e+03 2.7054714931e+03 2.8094449630e+03 2.8028405235e+03 5.9936836148e-01 6.1262039768e-01 6.1414262639e-01 6.0899733826e-01 6.1328980757e-01 5.5618432692e+00 7.3847934604e+00 9.0753458738e+00 3.1391296138e+00 4.1211565137e+00 4.5932298601e+00 0 0
943 2.5395747211e+03 2.6324470555e+03 2.6776151703e+03 2.9450646852e+03 2.7972611605e+03 5.9903453303e-01 6.1219814374e-01 6.1375345775e-01 6.0854610790e-01 6.1289451054e-01 8.8631961817e+00 8.0194967389e+00 1.0550182641e+01 3.6704884800e+00 4.2220984697e+00 4.8932563663e+00 0 0
944 2.5256044413e+03 2.6285612985e+03 2.6779573372e+03 2.8516276054e+03 2.8881996122e+03 5.9863551402e-01 6.1179605011e-01 6.1332305740e-01 6.0811562415e-01 6.1247189474e-01 7.5967175977e+00 8.8076651096e+00 9.2808403969e+00 3.6817956695e+00 4.3149407506e+00 4.7514192164e+00 0 0
945 2.4191745378e+03 2.6159641626e+03 2.6160840965e+03 2.6953493280e+03 2.9018004756e+03 5.9820162085e-01 6.1135836731e-01 6.1287348373e-01 6.0767031721e-01 6.1202036251e-01 5.0111564872e+00 8.0281319618e+00 7.7475085855e+00 3.1326026425e+00 4.1620390117e+00 4.4844904244e+00 0 0
946 2.4464252982e+03 2.5998588423e+03 2.6034073826e+03 2.6295651732e+03 2.9119701235e+03 5.9776808183e-01 6.1092739804e-01 6.1243943829e-01 6.0719300241e-01 6.1161321924e-01 4.8686551563e+00 7.2205299735e+00 8.3336026073e+00 3.1172596821e+00 4.0281392634e+00 4.4314303994e+00 0 0
947 2.4827136205e+03 2.5794187330e+03 2.6207861416e+03 2.6073708981e+03 2.8274672412e+03 5.9733049983e-01 6.1051186191e-01 6.1201158825e-01 6.0673584976e-01 6.1124755396e-01 4.8470116922e+00 6.3321669698e+00 1.2186247349e+01 3.1157133251e+00 3.7381677777e+00 5.0953187346e+00 0 0
948 2.5424286603e+03 2.5857460239e+03 2.6068340952e+03 2.6003009441e+03 2.8493858988e+03 5.9690682540e-01 6.1010836091e-01 6.1158730471e-01 6.0633016575e-01 6.1082360993e-01 5.0795113794e+00 8.3500056267e+00 9.7189704776e+00 3.1536832485e+00 4.0674882829e+00 4.8842955828e+00 0 0
949 2.6620601892e+03 2.5798180168e+03 2.5890239474e+03 2.6805339020e+03 2.9788538064e+03 5.9649735020e-01 6.0967760578e-01 6.1118775297e-01 6.0589473193e-01 6.1038749309e-01 6.2792439695e+00 8.8494793177e+00 8.1528819203e+00 3.4362793775e+00 4.3162908554e+00 4.4894254506e+00 0 0
950 2.6227525875e+03 2.5982766404e+03 2.5429302979e+03 2.7200257352e+03 2.9911883926e+03 5.9610240582e-01 6.0924338066e-01 6.1075806035e-01 6.0543776811e-01 6.0999012547e-01 6.8766592824e+00 6.8660719097e+00 9.3049991727e+00 3.5248892812e+00 3.8859273940e+00 4.5760745406e+00 0 0
951 2.5329930252e+03 2.5212450297e+03 2.5312784319e+03 2.5860895189e+03 2.9271463920e+03 5.9572111878e-01 6.0880399891e-01 6.1030455289e-01 6.0501321179e-01 6.0958376104e-01 7.6296895795e+00 7.6456151903e+00 1.0079799175e+01 3.6402282633e+00 3.9798979461e+00 4.8318122029e+00 0 0
952 2.3362248406e+03 2.4963246984e+03 2.4895606038e+03 2.5845073031e+03 2.8331602496e+03 5.9530963226e-01 6.0836328975e-01 6.0988504510e-01 6.0463575545e-01 6.0913627823e-01 6.1357197694e+00 9.4309388399e+00 7.4666884243e+00 3.3685621257e+00 4.2062554359e+00 4.3040167391e+00 0 0
953 2.4571978195e+03 2.5247416700e+03 2.5959806432e+03 2.5588284429e+03 2.7160451027e+03 5.9490671186e-01 6.0793665117e-01 6.0946517676e-01 6.0422996325e-01 6.0872164513e-01 5.8469376594e+00 8.8358453512e+00 7.8888471127e+00 3.2412330583e+00 4.2056762576e+00 4.2060133815e+00 0 0
954 2.5827529874e+03 2.6130468806e+03 2.5369918210e+03 2.6614531745e+03 2.7624373296e+03 5.9451144160e-01 6.0748701362e-01 6.0903943979e-01 6.0379836690e-01 6.0833870986e-01 6.0035919995e+00 7.2657302618e+00 9.9572798610e+00 3.2305360062e+00 3.9048739225e+00 4.5771198273e+00 0 0
955 2.6211984311e+03 2.5145079041e+03 2.6385990601e+03 2.7417875556e+03 2.7245427139e+03 5.9413280297e-01 6.0704639497e-01 6.0861641694e-01 6.0339609007e-01 6.0794634439e-01 6.8837476827e+00 7.5365619361e+00 1.0221523583e+01 3.3743133412e+00 3.9030945450e+00 4.6824373901e+00 0 0
956 2.5842652401e+03 2.5699480539e+03 2.7398039163e+03 2.7575536260e+03 2.8370294323e+03 5.9373958573e-01 6.0663643313e-01 6.0818945883e-01 6.0301252369e-01 6.0752810294e-01 5.7624885801e+00 8.5978403687e+00 8.3166465163e+00 3.1465281499e+00 4.0771607757e+00 4.3368676007e+00 0 0
957 2.4712261043e+03 2.4790966097e+03 2.6077745301e+03 2.5903260413e+03 2.8939390111e+03 5.9336604178e-01 6.0623470380e-01 6.0780821099e-01 6.0261080005e-01 6.0711623895e-01 5.9677294420e+00 7.6967543662e+00 7.7399958670e+00 3.0799355146e+00 3.9045375288e+00 4.2342648804e+00 0 0
958 2.3222795981e+03 2.5024797701e+03 2.5081573914e+03 2.5675866100e+03 2.9324266402e+03 5.9296988064e-01 6.0584187621e-01 6.0743903229e-01 6.0220991843e-01 6.0672321282e-01 5.5816020336e+00 6.9135866165e+00 8.6806789637e+00 3.0498384225e+00 3.7170174718e+00 4.3743178248e+00 0 0
959 2.2558170107e+03 2.4793060521e+03 2.4920438399e+03 2.5683642654e+03 2.9498566067e+03 5.9258013097e-01 6.0545210372e-01 6.0704555367e-01 6.0183457155e-01 6.0631764036e-01 4.4301733157e+00 8.4158564210e+00 8.3494856358e+00 2.7319866308e+00 3.9454910457e+00 4.3251276314e+00 0 0
960 2.1904358554e+03 2.4861098125e+03 2.7083100820e+03 2.5291443217e+03 2.8448762715e+03 5.9219172305e-01 6.0507190600e-01 6.0665674930e-01 6.0146265696e-01 6.0591323461e-01 4.4442204000e+00 9.3917486668e+00 7.7499122918e+00 2.6968374869e+00 4.1023333073e+00 4.2020059824e+00 0 0
961 2.1767216761e+03 2.5315000494e+03 2.7595506881e+03 2.5986806268e+03 2.8534070863e+03 5.9181230395e-01 6.0468532132e-01 6.0628676863e-01 6.0105771118e-01 6.0550922821e-01 4.6137289590e+00 7.3787752092e+00 7.0311380029e+00 2.7048229456e+00 3.8029163331e+00 3.9967192560e+00 0 0
962 2.1384355848e+03 2.4812614735e+03 2.6470689451e+03 2.4548419501e+03 2.7698214744e+03 5.9145989839e-01 6.0427626485e-01 6.0592331996e-01 6.0063520045e-01 6.0512015262e-01 5.2284651217e+00 5.5493930578e+00 7.5163939893e+00 2.7973606904e+00 3.3903149217e+00 4.0822879374e+00 0 0
963 2.2153755532e+03 2.5902392747e+03 2.5502130303e+03 2.5871722015e+03 2.7028632966e+03 5.9109187110e-01 6.0387997572e-01 6.0552233169e-01 6.0021538422e-01 6.0474238348e-01 5.1675520586e+00 5.6792017221e+00 8.3855112195e+00 2.8363646757e+00 3.4048495889e+00 4.2789771259e+00 0 0
964 2.2076251281e+03 2.6305539341e+03 2.5327366622e+03 2.5032812467e+03 2.7381079234e+03 5.9070290612e-01 6.0346751208e-01 6.0510547894e-01 5.9980946310e-01 6.0433932369e-01 4.2088025722e+00 6.2200998366e+00 7.0351356268e+00 2.6395864581e+00 3.5155599117e+00 4.0086455345e+00 0 0
965 2.1576850316e+03 2.8089437517e+03 2.4353512067e+03 2.5571265123e+03 2.6682409936e+03 5.9033360226e-01 6.0309374150e-01 6.0470839590e-01 5.9939548758e-01 6.0394456274e-01 4.0015225197e+00 6.7217538059e+00 6.2730094492e+00 2.5095588553e+00 3.6745826304e+00 3.7670263797e+00 0 0
966 2.0659216454e+03 2.4311098289e+03 2.4623010580e+03 2.6122716168e+03 2.6878097031e+03 5.8998233611e-01 6.0273564753e-01 6.0432330944e-01 5.9897418960e-01 6.0357499282e-01 4.8286862477e+00 6.2545755208e+00 7.1131973863e+00 2.6546995600e+00 3.6120823771e+00 3.8890875429e+00 0 0
967 2.0889369773e+03 2.4616189795e+03 2.4160890919e+03 2.5910540326e+03 2.7596017829e+03 5.8964317948e-01 6.0236084604e-01 6.0395540403e-01 5.9856952455e-01 6.0318717349e-01 4.8590081877e+00 6.5929913521e+00 7.4805462956e+00 2.6402625141e+00 3.6290634871e+00 4.0355548859e+00 0 0
968 2.1432548657e+03 2.5839831656e+03 2.3806312188e+03 2.7056108368e+03 2.6998651818e+03 5.8930147336e-01 6.0199134590e-01 6.0359452864e-01 5.9817848121e-01 6.0280442628e-01 4.5885684730e+00 8.3431992531e+00 6.9703444541e+00 2.5710617488e+00 3.9813050330e+00 3.8295208961e+00 0 0
969 2.1628425791e+03 2.6561551160e+03 2.4555668388e+03 2.5372276208e+03 2.6751758821e+03 5.8892771819e-01 6.0162916117e-01 6.0324941401e-01 5.9777068761e-01 6.0244707631e-01 4.2593094000e+00 7.6821748018e+00 7.4402365983e+00 2.5476652196e+00 3.9409536421e+00 3.8481651694e+00 0 0
970 2.0980962585e+03 2.6814469042e+03 2.5012840702e+03 2.5268013377e+03 2.6434619347e+03 5.8858431965e-01 6.0124877172e-01 6.0286298574e-01 5.9735528723e-01 6.0212089993e-01 4.8120455805e+00 6.6624504328e+00 9.5833378434e+00 2.6017842108e+00 3.7137645185e+00 4.2073481083e+00 0 0
971 2.1441393410e+03 2.5300871526e+03 2.5616640100e+03 2.4387777677e+03 2.6313601046e+03 5.8824386288e-01 6.0083162018e-01 6.0244432087e-01 5.9694167675e-01 6.0175765498e-01 5.4310936367e+00 6.7739215791e+00 8.8993545771e+00 2.7393654615e+00 3.6629948467e+00 4.2611875832e+00 0 0
972 2.1112851297e+03 2.5764085468e+03 2.6171276239e+03 2.4547961219e+03 2.9553047220e+03 5.8788738900e-01 6.0041801201e-01 6.0202751629e-01 5.9655953333e-01 6.0137749782e-01 5.1695795653e+00 7.3905816972e+00 7.0986329615e+00 2.7124687743e+00 3.6832728833e+00 3.8770326823e+00 0 0
973 2.0811196575e+03 2.4755710452e+03 2.8630691574e+03 2.5403674931e+03 3.0279352701e+03 5.8753879179e-01 6.0001376756e-01 6.0164082842e-01 5.9615055412e-01 6.0102989204e-01 4.9583191785e+00 6.7921323478e+00 8.6543717384e+00 2.6284978521e+00 3.6397273988e+00 4.1439203024e+00 0 0
974 2.0341284228e+03 2.5984522316e+03 2.7389776377e+03 2.5728097481e+03 2.8804338215e+03 5.8721244544e-01 5.9959868650e-01 6.0126899498e-01 5.9573411418e-01 6.0065329437e-01 6.1270081333e+00 5.9978558719e+00 8.3983474970e+00 2.7997657742e+00 3.4123676866e+00 4.2300951481e+00 0 0
975 2.0625034693e+03 2.5979734410e+03 2.5422979762e+03 2.7168476218e+03 2.7909220699e+03 5.8687167896e-01 5.9917971591e-01 6.0088103048e-01 5.9535427594e-01 6.0025374021e-01 6.2183722050e+00 6.5754678845e+00 7.1228020489e+00 2.8568428703e+00 3.4469376355e+00 3.9836238027e+00 0 0
976 2.0691747070e+03 2.7054418308e+03 2.4104389642e+03 2.5162662816e+03 2.6837443992e+03 5.8650639554e-01 5.9878152295e-01 6.0048316689e-01 5.9497206014e-01 5.9985502203e-01 4.9565735819e+00 6.7045035660e+00 6.3895257115e+00 2.6444310398e+00 3.4492643923e+00 3.8503292501e+00 0 0
977 2.0457422031e+03 2.6609122496e+03 2.4083411303e+03 2.5005753338e+03 2.6781829661e+03 5.8613234415e-01 5.9839838484e-01 6.0010912999e-01 5.9459925227e-01 5.9945252789e-01 4.1692252961e+00 6.7680494785e+00 6.5246055126e+00 2.4351075467e+00 3.3867207021e+00 3.8454836756e+00 0 0
978 2.0799103742e+03 2.7044860880e+03 2.4178272271e+03 2.3891611499e+03 2.5502674370e+03 5.8574795821e-01 5.9802471968e-01 5.9976062411e-01 5.9421813523e-01 5.9907651360e-01 3.9394774239e+00 6.0621609688e+00 7.3316053748e+00 2.3676726026e+00 3.2648241818e+00 3.9430157095e+00 0 0
979 2.0254514349e+03 2.5342709997e+03 2.3055405006e+03 2.3308788042e+03 2.6020288238e+03 5.8537554829e-01 5.9762466121e-01 5.9939194190e-01 5.9383533650e-01 5.9873325865e-01 4.3958176540e+00 5.3549275696e+00 8.9786421061e+00 2.4423066708e+00 3.0482115149e+00 4.1641950011e+00 0 0
980 2.0191641539e+03 2.4332387881e+03 2.3792756251e+03 2.2518945357e+03 2.4987748998e+03 5.8498668844e-01 5.9722385126e-01 5.9902594856e-01 5.9347499782e-01 5.9838651133e-01 4.1996482210e+00 5.8788216412e+00 9.2774705291e+00 2.4403276357e+00 3.1111733913e+00 4.1979395449e+00 0 0
981 2.0584345099e+03 2.3647265170e+03 2.4334248499e+03 2.2758982842e+03 2.5714118690e+03 5.8461450675e-01 5.9684869021e-01 5.9866954837e-01 5.9314297222e-01 5.9801984835e-01 4.1509609714e+00 6.6781902909e+00 7.9741033614e+00 2.3882692720e+00 3.2043773234e+00 3.9833618701e+00 0 0
982 2.1302997275e+03 2.2818822275e+03 2.4430667203e+03 2.2212611283e+03 2.5002449880e+03 5.8421974991e-01 5.9646962619e-01 5.9832149328e-01 5.9281146896e-01 5.9763351205e-01 4.2626093945e+00 7.7781403661e+00 6.7265769541e+00 2.4708824211e+00 3.4240199775e+00 3.7395273000e+00 0 0
983 2.1290226833e+03 2.2859641292e+03 2.2299088546e+03 2.2402792237e+03 2.4925284351e+03 5.8380705640e-01 5.9609710157e-01 5.9796350473e-01 5.9245262934e-01 5.9726436429e-01 3.7910001463e+00 6.4566188157e+00 6.8152965307e+00 2.3729143331e+00 3.2429030538e+00 3.6412643045e+00 0 0
984 2.2520750362e+03 2.2046973715e+03 2.3127826314e+03 2.2676060063e+03 2.5426018170e+03 5.8343829347e-01 5.9574341589e-01 5.9759975339e-01 5.9209820753e-01 5.9691368654e-01 4.4159610008e+00 5.5379260480e+00 6.8769918978e+00 2.4402427134e+00 3.0261734426e+00 3.6189241260e+00 0 0
985 2.3489936902e+03 2.2111556933e+03 2.3088113825e+03 2.2659099717e+03 2.4213725447e+03 5.8307932952e-01 5.9541785359e-01 5.9724157436e-01 5.9173265326e-01 5.9656733909e-01 5.5666962203e+00 5.3150965571e+00 6.8077122569e+00 2.7202659054e+00 2.9701520801e+00 3.5326064080e+00 0 0
986 2.2957028076e+03 2.1986001228e+03 2.3202012844e+03 2.2888387886e+03 2.4531002833e+03 5.8270277862e-01 5.9508186890e-01 5.9689729872e-01 5.9137137991e-01 5.9623192914e-01 4.6416964422e+00 5.0098607838e+00 7.7252285480e+00 2.5553740522e+00 2.8633566201e+00 3.6323127002e+00 0 0
987 2.1848421532e+03 2.1873958261e+03 2.5097549681e+03 2.2264750167e+03 2.3584957070e+03 5.8231394920e-01 5.9473099378e-01 5.9655432800e-01 5.9104579203e-01 5.9587998621e-01 4.5531015276e+00 5.4019563794e+00 6.6741221249e+00 2.5598901057e+00 2.8426844478e+00 3.5024993420e+00 0 0
988 2.1437295055e+03 2.2051592913e+03 2.4538792758e+03 2.1834369696e+03 2.4144487984e+03 5.8192651021e-01 5.9438144432e-01 5.9621839949e-01 5.9074916961e-01 5.9552349558e-01 4.5224212697e+00 7.5966584086e+00 5.4031714201e+00 2.5434866593e+00 3.2034718394e+00 3.2027398050e+00 0 0
989 2.1690698129e+03 2.1349791568e+03 2.3004294164e+03 2.1995308591e+03 2.4347205178e+03 5.8157869275e-01 5.9405573690e-01 5.9588328516e-01 5.9041325056e-01 5.9516245578e-01 4.9552982906e+00 6.6542293131e+00 5.2126447856e+00 2.5634087502e+00 3.1655942500e+00 3.1186268479e+00 0 0
990 2.1197222296e+03 2.2203594304e+03 2.2061560462e+03 2.2956731039e+03 2.4485940864e+03 5.8121915004e-01 5.9372869566e-01 5.9552505493e-01 5.9004847909e-01 5.9484878736e-01 5.0374809974e+00 5.0750914216e+00 6.5357205570e+00 2.6274981548e+00 2.8654965907e+00 3.2971093655e+00 0 0
991 2.0664839155e+03 2.1635645357e+03 2.2017908620e+03 2.6299663496e+03 2.3725286089e+03 5.8084164334e-01 5.9337418119e-01 5.9517606685e-01 5.8969027386e-01 5.9454868392e-01 4.7272329450e+00 5.1856668293e+00 8.7421190143e+00 2.5703844370e+00 2.8669287562e+00 3.7261837572e+00 0 0
992 2.0681243694e+03 2.1405050806e+03 2.2438460286e+03 2.5945683649e+03 2.3457282451e+03 5.8045385942e-01 5.9304321320e-01 5.9483688985e-01 5.8934132400e-01 5.9421433085e-01 4.3297685934e+00 5.6248839796e+00 6.8347839117e+00 2.4940686111e+00 2.9442421645e+00 3.4456767887e+00 0 0
993 2.0999916725e+03 2.1181992352e+03 2.3398201854e+03 2.6387326503e+03 2.5201799539e+03 5.8008287988e-01 5.9271841768e-01 5.9451392927e-01 5.8899135851e-01 5.9389022582e-01 4.5961861222e+00 5.6288167238e+00 5.9744907618e+00 2.5105440726e+00 2.9145060033e+00 3.2068848163e+00 0 0
994 2.0707620970e+03 2.1200100236e+03 2.2521923763e+03 2.3688507762e+03 2.5494640613e+03 5.7974464379e-01 5.9240585146e-01 5.9419612841e-01 5.8861957901e-01 5.9357841487e-01 6.2359838471e+00 5.2684228420e+00 6.4041906595e+00 2.7881869938e+00 2.8842039257e+00 3.2317640930e+00 0 0
995 2.0495897351e+03 2.1322581926e+03 2.1483221360e+03 2.3172669246e+03 2.5967219720e+03 5.7937164505e-01 5.9208710145e-01 5.9385788339e-01 5.8826002692e-01 5.9327266321e-01 5.6123346290e+00 5.2650102675e+00 6.8658480048e+00 2.7687418721e+00 2.8407398760e+00 3.2939561307e+00 0 0
996 2.0563217233e+03 2.1499201148e+03 2.0734354342e+03 2.1633975594e+03 2.4083220300e+03 5.7898325776e-01 5.9175231909e-01 5.9353156753e-01 5.8789010481e-01 5.9295613497e-01 4.6059058694e+00 4.9835133255e+00 6.0306592882e+00 2.5303215511e+00 2.7756545842e+00 3.1627496183e+00 0 0
997 2.0081934521e+03 2.0985444956e+03 2.1356507205e+03 2.1417345774e+03 2.3535587947e+03 5.7862994268e-01 5.9141361265e-01 5.9320156447e-01 5.8753169344e-01 5.9262956685e-01 5.4481035397e+00 4.9834386408e+00 5.9034471810e+00 2.6007820695e+00 2.7098464370e+00 3.1427103430e+00 0 0
998 2.0465645388e+03 2.1427805534e+03 2.3471495479e+03 2.1184569856e+03 2.3683061458e+03 5.7828352489e-01 5.9106665232e-01 5.9286997459e-01 5.8721271594e-01 5.9228604661e-01 6.8547229973e+00 6.9552061260e+00 5.4668147862e+00 2.8756696737e+00 3.0177910030e+00 3.0971594006e+00 0 0
999 2.0640614641e+03 2.1437052036e+03 2.2761118162e+03 2.1469813693e+03 2.3167375769e+03 5.7787147217e-01 5.9071260413e-01 5.9253504178e-01 5.8686756026e-01 5.9196610588e-01 4.4550255308e+00 6.4112043977e+00 5.9524653554e+00 2.5198473640e+00 2.9964134842e+00 3.1017818153e+00 0 0
1000 2.0071189682e+03 2.1124278686e+03 2.1807466611e+03 2.1558736048e+03 2.3504040078e+03 5.7747873876e-01 5.9034407962e-01 5.9217916569e-01 5.8648075862e-01 5.9166336617e-01 4.1056022087e+00 4.8747026324e+00 8.5461857915e+00 2.3574703288e+00 2.7369035184e+00 3.5667875856e+00 0 0
1001 2.0148091410e+03 2.0881891677e+03 2.1151351021e+03 2.1941153115e+03 2.3627094616e+03 5.7709373536e-01 5.9000234384e-01 5.9182446767e-01 5.8609277910e-01 5.9132953100e-01 4.3780884788e+00 4.5379762053e+00 6.5082770586e+00 2.4008226904e+00 2.6515379250e+00 3.2704333514e+00 0 0
1002 2.0490568371e+03 2.0832108631e+03 2.0714644578e+03 2.1685117016e+03 2.3138843964e+03 5.7669300199e-01 5.8968459898e-01 5.9146204140e-01 5.8569790607e-01 5.9099968082e-01 4.1762061885e+00 4.2966659069e+00 5.8771636486e+00 2.3770509095e+00 2.6167467088e+00 3.1010089368e+00 0 0
1003 2.0401332458e+03 2.0667075265e+03 2.0706181444e+03 2.1733902089e+03 2.2992798873e+03 5.7628785996e-01 5.8933905729e-01 5.9112629155e-01 5.8531367050e-01 5.9066559630e-01 3.7230914648e+00 4.5522092283e+00 6.4218885005e+00 2.2556503412e+00 2.6371429861e+00 3.1889764220e+00 0 0
1004 2.0255911709e+03 2.0834999400e+03 2.0496210625e+03 2.1853587806e+03 2.3552995563e+03 5.7589842821e-01 5.8898582247e-01 5.9079548591e-01 5.8493808090e-01 5.9033451114e-01 4.1004660085e+00 5.5378758609e+00 6.6528091729e+00 2.3163910305e+00 2.8821509331e+00 3.2173317820e+00 0 0
1005 1.9922385562e+03 2.1172196391e+03 2.1216213140e+03 2.1864526064e+03 2.3226043572e+03 5.7550975506e-01 5.8860950218e-01 5.9044400784e-01 5.8455715749e-01 5.8999563155e-01 4.6773582357e+00 4.9197784960e+00 5.6719524860e+00 2.4443267611e+00 2.7752923369e+00 3.0186423808e+00 0 0
1006 2.0033126242e+03 2.1331255237e+03 2.0600828867e+03 2.2590214696e+03 2.2625954124e+03 5.7510327265e-01 5.8824457217e-01 5.9009145064e-01 5.8418750968e-01 5.8964890219e-01 3.8150054361e+00 5.1469185054e+00 5.5899149179e+00 2.2485769694e+00 2.7926026881e+00 2.9841646254e+00 0 0
1007 1.9680899437e+03 2.0829888382e+03 2.1030076082e+03 2.3153785868e+03 2.3548626287e+03 5.7473478726e-01 5.8790659730e-01 5.8974745030e-01 5.8379755828e-01 5.8931018918e-01 4.1934157448e+00 4.9489496648e+00 5.8800612390e+00 2.2598422966e+00 2.7960018516e+00 3.0271557122e+00 0 0
1008 2.0128436853e+03 2.1484722479e+03 2.0365499626e+03 2.2955722598e+03 2.4036726067e+03 5.7440693541e-01 5.8754043483e-01 5.8938425768e-01 5.8343433154e-01 5.8895253754e-01 6.7399832629e+00 5.4321146905e+00 5.2880472839e+00 2.7020912230e+00 2.8537777066e+00 2.9325382113e+00 0 0
1009 2.0288603841e+03 2.0951941437e+03 2.1129371737e+03 2.3378088031e+03 2.3823820013e+03 5.7400277303e-01 5.8713663780e-01 5.8902905328e-01 5.8307014833e-01 5.8859336773e-01 4.9245001386e+00 5.6186412871e+00 5.6357619762e+00 2.5459098280e+00 2.9281548262e+00 2.9975379258e+00 0 0
1010 1.9957320529e+03 2.2143305986e+03 2.0859457088e+03 2.2640446109e+03 2.3954665516e+03 5.7357988141e-01 5.8675109353e-01 5.8866051643e-01 5.8270821889e-01 5.8823818897e-01 3.5604591451e+00 5.2685716450e+00 5.6485562623e+00 2.2019949152e+00 2.8240489960e+00 3.0343664140e+00 0 0
1011 1.9365186074e+03 2.2725037954e+03 2.1530548065e+03 2.2586369784e+03 2.5144418864e+03 5.7317540195e-01 5.8637656655e-01 5.8831010253e-01 5.8233441516e-01 5.8787317974e-01 3.6341486809e+00 4.9137355983e+00 5.1940887570e+00 2.1801810461e+00 2.7518821657e+00 2.9392998219e+00 0 0
1012 1.9801072720e+03 2.4045422641e+03 2.0821809479e+03 2.2486360310e+03 2.4354422596e+03 5.7277938015e-01 5.8603039082e-01 5.8795558008e-01 5.8197095276e-01 5.8750302547e-01 3.7801825378e+00 5.4186632037e+00 5.4167616069e+00 2.1976760855e+00 2.8365689516e+00 3.0136425644e+00 0 0
1013 1.9401181707e+03 2.2399127215e+03 2.1171395797e+03 2.2100884598e+03 2.4618868780e+03 5.7237710198e-01 5.8565576323e-01 5.8759275511e-01 5.8160830083e-01 5.8715449500e-01 3.7903223599e+00 5.8158153594e+00 5.6488192677e+00 2.1910025144e+00 2.9452328235e+00 3.0401957184e+00 0 0
1014 2.0007120770e+03 2.1670516837e+03 2.0502822976e+03 2.1643594895e+03 2.3602404539e+03 5.7197439850e-01 5.8526430817e-01 5.8724413175e-01 5.8124489167e-01 5.8679992053e-01 3.5206390901e+00 5.8955664933e+00 5.8702800870e+00 2.1026543345e+00 2.9511901587e+00 3.1002445817e+00 0 0
1015 1.9899362605e+03 2.2716624969e+03 2.0600793674e+03 2.2001243147e+03 2.3397388743e+03 5.7159672791e-01 5.8489507325e-01 5.8691490112e-01 5.8088283033e-01 5.8645946018e-01 3.9879882588e+00 5.9044523835e+00 6.2405100465e+00 2.1772297157e+00 2.9199374020e+00 3.1385347247e+00 0 0
1016 2.0541571270e+03 2.2521268836e+03 2.0869307607e+03 2.2104381919e+03 2.2477775691e+03 5.7121940782e-01 5.8454695195e-01 5.8658237170e-01 5.8051679472e-01 5.8612514252e-01 4.2224785548e+00 6.1788236797e+00 6.7261019051e+00 2.2401839700e+00 2.9953242391e+00 3.2796731442e+00 0 0
1017 2.2412980872e+03 2.3404104341e+03 2.1221945010e+03 2.1472258847e+03 2.3483268512e+03 5.7082871141e-01 5.8419398693e-01 5.8624521757e-01 5.8016963226e-01 5.8579580534e-01 3.6984355286e+00 6.9857497811e+00 6.8138077259e+00 2.1166873428e+00 3.0689322799e+00 3.2609614879e+00 0 0
1018 2.2370031831e+03 2.2285407782e+03 2.1172429006e+03 2.1639794361e+03 2.3889606527e+03 5.7047080353e-01 5.8382882356e-01 5.8586761551e-01 5.7977668693e-01 5.8545906114e-01 4.4463491651e+00 5.6938838363e+00 6.6657874286e+00 2.2211730556e+00 2.9196686447e+00 3.2479163259e+00 0 0
1019 2.0583357461e+03 2.1527844760e+03 2.0911761045e+03 2.1846027099e+03 2.3660925595e+03 5.7011661086e-01 5.8345116012e-01 5.8548577347e-01 5.7937756908e-01 5.8512657115e-01 4.8712974301e+00 4.5381125212e+00 6.1431791484e+00 2.3331671149e+00 2.6472042203e+00 3.1276950538e+00 0 0
1020 1.9532483572e+03 2.1363781266e+03 2.1190123879e+03 2.2839330113e+03 2.3912262545e+03 5.6972829451e-01 5.8308880015e-01 5.8510300590e-01 5.7898845796e-01 5.8477596384e-01 3.3829792890e+00 4.7513616085e+00 5.7215841115e+00 2.0420336636e+00 2.6394853443e+00 3.0932495445e+00 0 0
1021 1.8823171809e+03 2.1106426746e+03 2.1060814324e+03 2.3160222365e+03 2.3719576303e+03 5.6933345602e-01 5.8275368570e-01 5.8474316377e-01 5.7862262383e-01 5.8441238709e-01 2.9715682186e+00 5.7966052592e+00 5.2384866178e+00 1.9262564034e+00 2.7983840108e+00 2.9933912754e+00 0 0
1022 1.8670882032e+03 2.1468205561e+03 2.1260599709e+03 2.1841320931e+03 2.4926066677e+03 5.6898347469e-01 5.8240136711e-01 5.8434929266e-01 5.7825216145e-01 5.8405570459e-01 3.6302436031e+00 6.0053795278e+00 5.9036406875e+00 2.0149034786e+00 2.8951844871e+00 3.1018787771e+00 0 0
1023 1.8511744513e+03 2.1960834456e+03 2.0937671790e+03 2.1019533772e+03 2.4955554492e+03 5.6864424070e-01 5.8201897004e-01 5.8395622134e-01 5.7785696222e-01 5.8371180250e-01 4.1207965063e+00 4.4214214981e+00 6.4937359393e+00 2.1147971895e+00 2.5695246309e+00 3.1860584021e+00 0 0
1024 1.8668277906e+03 2.2869955181e+03 2.0743978644e+03 2.0553977717e+03 2.3259688304e+03 5.6830046221e-01 5.8163874673e-01 5.8357752003e-01 5.7746137696e-01 5.8336469246e-01 4.0516788592e+00 4.3569668531e+00 6.3883265555e+00 2.1075711226e+00 2.5189262778e+00 3.2106490135e+00 0 0
1025 1.8406141270e+03 2.2273549335e+03 2.1256870654e+03 2.1446132518e+03 2.2097529274e+03 5.6794561590e-01 5.8127491947e-01 5.8320494971e-01 5.7708754941e-01 5.8302159510e-01 3.6886087683e+00 5.1705034673e+00 6.2606635094e+00 2.0436257196e+00 2.6838550121e+00 3.1149474531e+00 0 0
1026 1.8376223135e+03 2.2264000090e+03 2.1502235930e+03 2.1165252184e+03 2.3074173875e+03 5.6759985754e-01 5.8089102682e-01 5.8282398449e-01 5.7673715644e-01 5.8267225947e-01 3.7310263670e+00 5.8272342682e+00 7.1518775225e+00 2.0214499374e+00 2.7337413579e+00 3.2823372036e+00 0 0
1027 1.8411320880e+03 2.1299545770e+03 2.1870642423e+03 2.0781441240e+03 2.3826858794e+03 5.6724248901e-01 5.8049163763e-01 5.8243751308e-01 5.7638102307e-01 5.8233418382e-01 3.5176196214e+00 6.7014482319e+00 6.8516377807e+00 1.9761174231e+00 2.9286340624e+00 3.1651944667e+00 0 0
1028 1.8407065223e+03 2.0874147887e+03 2.1925667607e+03 2.1377857704e+03 2.3093007600e+03 5.6686717035e-01 5.8010308316e-01 5.8205830562e-01 5.7598941777e-01 5.8196439364e-01 2.7769939040e+00 4.9215531051e+00 6.0332902372e+00 1.7931032914e+00 2.6435889602e+00 3.1300855726e+00 0 0
1029 1.8693825805e+03 2.1256733051e+03 2.2294992711e+03 2.2479286021e+03 2.3448174769e+03 5.6648750802e-01 5.7971425531e-01 5.8169504103e-01 5.7558660190e-01 5.8158426709e-01 2.6503377588e+00 4.2366328239e+00 4.9097012579e+00 1.7527052633e+00 2.4889933467e+00 2.8255798221e+00 0 0
1030 1.8276602039e+03 2.1705980743e+03 2.2726169937e+03 2.3879805276e+03 2.2656599480e+03 5.6610363247e-01 5.7934601804e-01 5.8132244749e-01 5.7520290447e-01 5.8120518815e-01 2.7791021093e+00 4.7994542718e+00 4.8964281082e+00 1.7825766484e+00 2.5678231269e+00 2.8133540601e+00 0 0
1031 1.8307578775e+03 2.0287160965e+03 2.1667051022e+03 2.2781308127e+03 2.2491885203e+03 5.6572429385e-01 5.7900097309e-01 5.8094495705e-01 5.7483303492e-01 5.8083343513e-01 2.7850764658e+00 6.1494602859e+00 5.0578918755e+00 1.7690625035e+00 2.8476363420e+00 2.8151027858e+00 0 0
1032 1.9857361543e+03 2.0218485354e+03 2.0443017757e+03 2.2814129394e+03 2.2328587058e+03 5.6535221055e-01 5.7863576792e-01 5.8056609398e-01 5.7443663075e-01 5.8048183223e-01 3.1054237074e+00 4.5002281964e+00 5.5854857266e+00 1.8353588868e+00 2.5208033621e+00 2.8852898180e+00 0 0
1033 2.0864519381e+03 2.1289570216e+03 2.0010234881e+03 2.1490446715e+03 2.2795900947e+03 5.6499551338e-01 5.7825352851e-01 5.8020093517e-01 5.7405644664e-01 5.8010954251e-01 3.4538491848e+00 4.5195717216e+00 5.5074665546e+00 1.8828464083e+00 2.4561722875e+00 2.9498441666e+00 0 0
1034 2.0699296874e+03 2.1184575757e+03 2.0418004922e+03 2.0687969934e+03 2.2321162604e+03 5.6464984692e-01 5.7790100402e-01 5.7983898594e-01 5.7367918200e-01 5.7972290895e-01 4.3026489798e+00 5.1550618410e+00 4.6910688579e+00 2.0375731857e+00 2.6058246642e+00 2.7426225543e+00 0 0
1035 1.9461742692e+03 2.2269517283e+03 2.0176377896e+03 2.0483593435e+03 2.2188731374e+03 5.6427548638e-01 5.7752768073e-01 5.7948712104e-01 5.7327793306e-01 5.7936052587e-01 3.7162997492e+00 4.0465183854e+00 5.1135133803e+00 1.9563539051e+00 2.3710805625e+00 2.7683468163e+00 0 0
1036 1.8735572922e+03 2.0947964102e+03 2.0783952945e+03 1.9666992653e+03 2.1751124109e+03 5.6389369066e-01 5.7712287949e-01 5.7911991303e-01 5.7290087616e-01 5.7899202099e-01 3.2523601327e+00 4.4296995699e+00 5.4521113932e+00 1.8766109552e+00 2.4061820358e+00 2.8536606133e+00 0 0
1037 1.8054367816e+03 2.0535244094e+03 2.0189018054e+03 1.9949047596e+03 2.1787826876e+03 5.6351896667e-01 5.7672159141e-01 5.7874282128e-01 5.7254755327e-01 5.7864345406e-01 3.0583461926e+00 5.1171990633e+00 6.0766038895e+00 1.7945401645e+00 2.5037087500e+00 2.9417291582e+00 0 0
1038 1.7247106462e+03 2.0177924819e+03 2.0126534103e+03 1.9852117016e+03 2.1938778453e+03 5.6318955788e-01 5.7635289522e-01 5.7837624896e-01 5.7219778472e-01 5.7830623970e-01 3.9110691176e+00 5.8738393784e+00 6.8846884668e+00 1.9030751224e+00 2.6688702554e+00 3.1129140407e+00 0 0
1039 1.7588796849e+03 2.0454651671e+03 1.9702300627e+03 2.0076470058e+03 2.2459171846e+03 5.6286452583e-01 5.7601321775e-01 5.7799487725e-01 5.7183059740e-01 5.7794152259e-01 4.3546356401e+00 4.9421321452e+00 6.1668782532e+00 2.0054044119e+00 2.5160602629e+00 3.0347775519e+00 0 0
1040 1.7589990947e+03 1.9351466999e+03 1.9598702125e+03 1.9813061349e+03 2.2617756299e+03 5.6254265213e-01 5.7563731650e-01 5.7763518374e-01 5.7146770216e-01 5.7756251464e-01 3.8894835712e+00 4.4614799023e+00 5.1456638575e+00 1.8789124834e+00 2.3802640885e+00 2.7881329656e+00 0 0
1041 1.7741460043e+03 2.0186082458e+03 1.9241859318e+03 1.9857974469e+03 2.3413918937e+03 5.6222741463e-01 5.7528360123e-01 5.7726502002e-01 5.7112634413e-01 5.7720221529e-01 3.9809214318e+00 4.9947201014e+00 4.9083439708e+00 1.8824684283e+00 2.4491032064e+00 2.6819543689e+00 0 0
1042 1.7346210434e+03 2.0515463680e+03 1.8957511704e+03 1.9871334882e+03 2.4303843317e+03 5.6188848608e-01 5.7492379388e-01 5.7690243697e-01 5.7078869596e-01 5.7684049501e-01 3.0888788962e+00 5.1604320705e+00 5.1941664219e+00 1.7404718443e+00 2.4912088513e+00 2.7374415696e+00 0 0
1043 1.7599747101e+03 2.0146674043e+03 1.9113656767e+03 1.9482087927e+03 2.3350648813e+03 5.6154709352e-01 5.7455545120e-01 5.7656744648e-01 5.7044207442e-01 5.7649135470e-01 2.4766376303e+00 4.4492278695e+00 5.6019402444e+00 1.5606151689e+00 2.3472459763e+00 2.7866958827e+00 0 0
1044 1.6988290618e+03 1.9849772039e+03 1.9119878399e+03 1.9438391137e+03 2.2821323362e+03 5.6121242458e-01 5.7418850609e-01 5.7623002399e-01 5.7009805484e-01 5.7613270876e-01 2.6281967270e+00 4.5568175912e+00 5.3325570524e+00 1.5726471844e+00 2.3603327572e+00 2.7530884147e+00 0 0
1045 1.7002178752e+03 1.9281258387e+03 1.9085915619e+03 1.9419145192e+03 2.1043787682e+03 5.6091351025e-01 5.7383048158e-01 5.7586396142e-01 5.6975584800e-01 5.7574176030e-01 3.4154414724e+00 4.5275721550e+00 4.3608475924e+00 1.6899760328e+00 2.3501191735e+00 2.5770703554e+00 0 0
1046 1.7055518915e+03 1.8871556640e+03 1.9144747321e+03 1.9389717636e+03 2.1065127581e+03 5.6059511572e-01 5.7347279555e-01 5.7549649294e-01 5.6941032375e-01 5.7538420004e-01 3.2425521694e+00 4.0307438076e+00 4.4500321150e+00 1.6982964005e+00 2.2331496328e+00 2.5312712342e+00 0 0
1047 1.7119450275e+03 1.9601232742e+03 1.8783951262e+03 1.9265510634e+03 2.0772965604e+03 5.6025745357e-01 5.7311578918e-01 5.7517444574e-01 5.6905331995e-01 5.7503098206e-01 2.6560430925e+00 3.8522280753e+00 4.9168529809e+00 1.5722854206e+00 2.2114581466e+00 2.6293186545e+00 0 0
1048 1.7303316180e+03 1.9660655508e+03 1.8609402865e+03 1.8938508389e+03 2.0553680936e+03 5.5994207309e-01 5.7278849782e-01 5.7485221490e-01 5.6869871419e-01 5.7470812239e-01 3.0033896554e+00 3.7639999539e+00 5.8760466874e+00 1.6065832358e+00 2.1585566700e+00 2.7390678525e+00 0 0
1049 1.8141117951e+03 1.9435135065e+03 1.8596799456e+03 1.9484338583e+03 2.0509780594e+03 5.5961772053e-01 5.7244557339e-01 5.7451929310e-01 5.6835228859e-01 5.7438685172e-01 3.1460402409e+00 3.7774138600e+00 6.1036939621e+00 1.6648347217e+00 2.1137916595e+00 2.8161056489e+00 0 0
1050 1.7450090884e+03 1.9174490215e+03 1.8674784470e+03 1.8993888491e+03 2.0943684012e+03 5.5928539756e-01 5.7210042805e-01 5.7419243050e-01 5.6800079302e-01 5.7406062676e-01 2.8830884953e+00 3.6375257820e+00 5.3409476876e+00 1.6071345014e+00 2.0863528699e+00 2.6609556228e+00 0 0
1051 1.7348106171e+03 1.8914023898e+03 1.8282782201e+03 1.8554434780e+03 2.0546754002e+03 5.5897835452e-01 5.7175697021e-01 5.7388632127e-01 5.6770139743e-01 5.7374117894e-01 3.2611796906e+00 4.9869738221e+00 5.5284366906e+00 1.6320382671e+00 2.2373070866e+00 2.6782077700e+00 0 0
1052 1.6616582541e+03 1.8433420735e+03 1.8617378306e+03 1.8887350264e+03 2.0455051943e+03 5.5865717920e-01 5.7142311968e-01 5.7355401082e-01 5.6736140859e-01 5.7341034631e-01 3.5984212519e+00 5.7453217804e+00 4.7571008205e+00 1.7481328916e+00 2.5389676839e+00 2.5497959703e+00 0 0
1053 1.6967123121e+03 1.8357772196e+03 1.8170646659e+03 1.8816350603e+03 2.0080971092e+03 5.5830352097e-01 5.7109233263e-01 5.7322230446e-01 5.6699687327e-01 5.7309474699e-01 2.6093736174e+00 3.6969753206e+00 5.1594240665e+00 1.5670506433e+00 2.0962073058e+00 2.5729385465e+00 0 0
1054 1.6991223463e+03 1.8005824058e+03 1.8476129871e+03 1.8510791447e+03 1.9993181338e+03 5.5797149125e-01 5.7078813114e-01 5.7289402866e-01 5.6666351896e-01 5.7278825238e-01 2.6900694234e+00 4.6883917749e+00 5.7190159261e+00 1.5402632521e+00 2.2419934869e+00 2.6672439873e+00 0 0
1055 1.7043817733e+03 1.8236706802e+03 1.8322649918e+03 1.9111810485e+03 2.0413642497e+03 5.5768170509e-01 5.7048015321e-01 5.7256903045e-01 5.6630441952e-01 5.7246892590e-01 4.1767334738e+00 4.3529570103e+00 4.9996285439e+00 1.7738424167e+00 2.2368351668e+00 2.5648564398e+00 0 0
1056 1.6788807698e+03 1.8311119573e+03 1.8911984296e+03 1.9061954254e+03 2.0196176618e+03 5.5734585923e-01 5.7013498910e-01 5.7223712715e-01 5.6592625185e-01 5.7212817010e-01 3.8053002026e+00 3.7295507342e+00 4.2078678906e+00 1.8150307085e+00 2.1182730943e+00 2.3956727684e+00 0 0
1057 1.6705950577e+03 1.8700930458e+03 1.8572798658e+03 1.9524616514e+03 1.9098599425e+03 5.5701597166e-01 5.6978011751e-01 5.7187780319e-01 5.6552749063e-01 5.7183058612e-01 2.8997266918e+00 3.2159474641e+00 5.1764566004e+00 1.5820519094e+00 1.9923882708e+00 2.4625020921e+00 0 0
1058 1.7051182412e+03 1.8512538994e+03 1.8082212945e+03 2.0430769687e+03 1.9987898839e+03 5.5670412949e-01 5.6941073861e-01 5.7151725783e-01 5.6513965364e-01 5.7153256818e-01 3.8092654364e+00 3.1790861338e+00 5.8363214731e+00 1.7555258520e+00 1.9612256885e+00 2.6112963706e+00 0 0
1059 1.7496626762e+03 1.8096898215e+03 1.8061515025e+03 2.2124972316e+03 1.9840939998e+03 5.5634975326e-01 5.6902906854e-01 5.7117485157e-01 5.6478982707e-01 5.7120637245e-01 3.2214981390e+00 3.8187392950e+00 4.7958837748e+00 1.7020839189e+00 2.0642709732e+00 2.4453141838e+00 0 0
1060 1.7581839371e+03 1.8497400493e+03 1.8588780218e+03 2.1150326239e+03 2.0273200290e+03 5.5599603703e-01 5.6866661442e-01 5.7081144530e-01 5.6445854663e-01 5.7086086288e-01 2.9750366748e+00 4.3703795075e+00 4.4861734807e+00 1.6350745151e+00 2.1476621777e+00 2.4116699696e+00 0 0
1061 1.7887532858e+03 1.9132523357e+03 1.8215506444e+03 2.0150429276e+03 1.9933606046e+03 5.5565583974e-01 5.6829724521e-01 5.7042718528e-01 5.6412759446e-01 5.7051270293e-01 3.3805547868e+00 4.2170363963e+00 4.0667146146e+00 1.7180126685e+00 2.1042833477e+00 2.3157547116e+00 0 0
1062 1.7353216099e+03 1.9865565056e+03 1.8478656607e+03 1.8749759998e+03 1.9767302547e+03 5.5530125265e-01 5.6792426471e-01 5.7005650407e-01 5.6378677640e-01 5.7015204780e-01 3.2792377707e+00 3.5035723001e+00 3.9550701976e+00 1.7169742188e+00 1.9610357136e+00 2.2913444340e+00 0 0
1063 1.6774136198e+03 2.0626961725e+03 1.8604503487e+03 1.8176355520e+03 1.9779502016e+03 5.5493485561e-01 5.6757714442e-01 5.6969653100e-01 5.6345025806e-01 5.6978731174e-01 2.9395414688e+00 3.1177449822e+00 3.8321941197e+00 1.6363128296e+00 1.8468650952e+00 2.2414620072e+00 0 0
1064 1.6134831747e+03 1.9732750695e+03 1.7965134288e+03 1.8150393935e+03 1.9646149750e+03 5.5457921580e-01 5.6723485545e-01 5.6936173438e-01 5.6312930090e-01 5.6944910981e-01 2.9298160555e+00 3.3144572526e+00 4.4993217885e+00 1.6085490440e+00 1.8427243456e+00 2.3392780572e+00 0 0
1065 1.6460290469e+03 1.8675672009e+03 1.8131111383e+03 1.8170846155e+03 2.0209724145e+03 5.5422046532e-01 5.6686713042e-01 5.6903289799e-01 5.6283776506e-01 5.6910789320e-01 3.0594748461e+00 4.0993511677e+00 5.1483441293e+00 1.6468442563e+00 1.9534627199e+00 2.5085985065e+00 0 0
1066 1.6480085821e+03 1.7940353257e+03 1.7543810874e+03 1.7459796677e+03 1.9904633883e+03 5.5383601924e-01 5.6652881470e-01 5.6867954489e-01 5.6255383048e-01 5.6874306976e-01 2.5528629828e+00 4.8038346767e+00 4.0361939371e+00 1.5505849144e+00 2.0897529125e+00 2.2877848297e+00 0 0
1067 1.6322218199e+03 1.7656379159e+03 1.7336528632e+03 1.7820676194e+03 1.9482297092e+03 5.5344224592e-01 5.6618047508e-01 5.6835603368e-01 5.6224052378e-01 5.6838290205e-01 2.1496618384e+00 3.8394378275e+00 3.8671992570e+00 1.4461838957e+00 1.9525015876e+00 2.2243161350e+00 0 0
1068 1.6762137900e+03 1.8096842266e+03 1.8047962489e+03 1.8731705742e+03 1.9605718554e+03 5.5304433573e-01 5.6585981192e-01 5.6803725618e-01 5.6192248845e-01 5.6804621325e-01 2.0072615597e+00 3.2243784070e+00 4.2008238137e+00 1.4011853971e+00 1.7938298285e+00 2.2619860917e+00 0 0
1069 1.6276798662e+03 1.7488734231e+03 1.8184901017e+03 1.9436263787e+03 1.9010423457e+03 5.5268348050e-01 5.6556728333e-01 5.6772155195e-01 5.6160701867e-01 5.6774384125e-01 2.1622434668e+00 3.5378914773e+00 4.7479513884e+00 1.3949368375e+00 1.8590725362e+00 2.3040817678e+00 0 0
1070 1.6072671420e+03 1.7807711813e+03 1.9200666004e+03 2.0102952519e+03 1.8947643653e+03 5.5236659544e-01 5.6525932003e-01 5.6742052539e-01 5.6128550417e-01 5.6744208314e-01 3.1690139231e+00 3.4927946031e+00 4.6876449883e+00 1.5780048926e+00 1.8451539055e+00 2.2970707119e+00 0 0
1071 1.6073642646e+03 1.6992276187e+03 1.7587861581e+03 1.9870449165e+03 1.9155710637e+03 5.5206352789e-01 5.6496352355e-01 5.6713094488e-01 5.6096353695e-01 5.6712350697e-01 4.4665550554e+00 3.5386536717e+00 3.9553367794e+00 1.8330575736e+00 1.8625990003e+00 2.1585930288e+00 0 0
1072 1.6000776049e+03 1.6850988102e+03 1.7066861897e+03 1.9297387129e+03 1.8866246315e+03 5.5172867336e-01 5.6466344819e-01 5.6683220948e-01 5.6064775827e-01 5.6679915458e-01 3.1713820092e+00 3.6109362245e+00 3.3653032333e+00 1.6320858342e+00 1.8691832721e+00 1.9983495846e+00 0 0
1073 1.6000048540e+03 1.7406678316e+03 1.6996065721e+03 1.8532132905e+03 1.8664400607e+03 5.5137850714e-01 5.6436438141e-01 5.6652235114e-01 5.6031437128e-01 5.6652053001e-01 2.6847856781e+00 3.2563795447e+00 4.2003693581e+00 1.5292499754e+00 1.8063997328e+00 2.0890331566e+00 0 0
1074 1.6086519789e+03 1.7589758384e+03 1.7836710739e+03 1.8745466119e+03 1.8616087129e+03 5.5101488473e-01 5.6405863314e-01 5.6624324585e-01 5.5998531483e-01 5.6624492913e-01 2.4688070564e+00 3.2478374839e+00 4.8561209738e+00 1.4795562379e+00 1.7951115295e+00 2.2356651872e+00 0 0
1075 1.6252449725e+03 1.7276227887e+03 1.8282480001e+03 1.7972769681e+03 1.8295869752e+03 5.5064306423e-01 5.6375596415e-01 5.6593232011e-01 5.5966154159e-01 5.6596850932e-01 2.1952811044e+00 3.5046807826e+00 4.9551755190e+00 1.4233052187e+00 1.8511378616e+00 2.2274573743e+00 0 0
1076 1.6231312993e+03 1.7167273371e+03 1.7303966308e+03 1.7695635055e+03 1.8537118169e+03 5.5026672282e-01 5.6342872169e-01 5.6561108523e-01 5.5931820895e-01 5.6566102768e-01 2.0832249552e+00 3.2199275941e+00 4.2150299549e+00 1.3775707127e+00 1.8043554798e+00 2.1484711617e+00 0 0
1077 1.6169376592e+03 1.7108826669e+03 1.7172132948e+03 1.7185182571e+03 1.8864927776e+03 5.4988725383e-01 5.6309935902e-01 5.6529193664e-01 5.5900474083e-01 5.6535840127e-01 2.0625828891e+00 3.7834959179e+00 3.5450605154e+00 1.3599916456e+00 1.8748078346e+00 1.9670879915e+00 0 0
1078 1.7253550347e+03 1.6911479829e+03 1.6893941222e+03 1.7726557759e+03 1.9753809759e+03 5.4953588401e-01 5.6278963192e-01 5.6495383297e-01 5.5870695367e-01 5.6505622365e-01 2.3425184805e+00 4.7452657819e+00 4.0689538717e+00 1.3923484015e+00 2.0573060513e+00 2.0836803317e+00 0 0
1079 1.9008699062e+03 1.6800010417e+03 1.6481923431e+03 1.7737461769e+03 1.9160913339e+03 5.4920927264e-01 5.6247785323e-01 5.6462373120e-01 5.5837684079e-01 5.6473209131e-01 3.0182489533e+00 3.7584222555e+00 3.6227408051e+00 1.5044835192e+00 1.9143139645e+00 2.0137849003e+00 0 0
1080 1.7390504488e+03 1.6586728128e+03 1.6495478168e+03 1.7852516629e+03 2.0272660161e+03 5.4887781904e-01 5.6218476026e-01 5.6433466515e-01 5.5801864917e-01 5.6441695082e-01 3.1665942009e+00 3.2683565319e+00 3.6297004670e+00 1.5452467417e+00 1.8450820073e+00 1.9883586615e+00 0 0
1081 1.6347312753e+03 1.6962506448e+03 1.6875882199e+03 1.7942165421e+03 2.0739435865e+03 5.4853524912e-01 5.6187148198e-01 5.6403171737e-01 5.5766598222e-01 5.6410763671e-01 2.8468211333e+00 3.1020323634e+00 3.9383699447e+00 1.4958912365e+00 1.7827439234e+00 2.0469566882e+00 0 0
1082 1.5960078585e+03 1.7362302555e+03 1.6656779401e+03 1.7793577493e+03 1.9260942345e+03 5.4817153172e-01 5.6152885375e-01 5.6369766348e-01 5.5731554328e-01 5.6381945890e-01 2.5184687734e+00 3.5671029985e+00 4.4763428271e+00 1.4385812358e+00 1.8970293850e+00 2.1185283959e+00 0 0
1083 1.6060758338e+03 1.7492747783e+03 1.6648214619e+03 1.7865321156e+03 1.8199217016e+03 5.4779514053e-01 5.6119751180e-01 5.6337009951e-01 5.5697916974e-01 5.6350835425e-01 2.2714488414e+00 3.9985459149e+00 4.2448685467e+00 1.3884797987e+00 1.9703698084e+00 2.1365232915e+00 0 0
1084 1.6815349609e+03 1.8173846593e+03 1.6426702347e+03 1.7802836853e+03 1.9288237348e+03 5.4744975650e-01 5.6087272571e-01 5.6304217440e-01 5.5662763530e-01 5.6319505061e-01 2.5610662819e+00 3.7657857537e+00 4.0380990505e+00 1.4170063656e+00 1.9515130222e+00 2.0630055368e+00 0 0
1085 1.6798199814e+03 1.7748095672e+03 1.7231548102e+03 1.7424083907e+03 2.0129383995e+03 5.4712200428e-01 5.6054496131e-01 5.6269714762e-01 5.5629050993e-01 5.6290078128e-01 3.5682995484e+00 3.7152908742e+00 4.8009449840e+00 1.6139193382e+00 1.8821149617e+00 2.1899228096e+00 0 0
1086 1.6377730780e+03 1.7194806629e+03 1.7074791360e+03 1.7544779850e+03 1.9425463958e+03 5.4676703597e-01 5.6022911764e-01 5.6235122645e-01 5.5597235725e-01 5.6258187464e-01 3.0394121625e+00 4.6163793504e+00 4.3112402260e+00 1.5523999953e+00 2.0381310135e+00 2.1652614027e+00 0 0
1087 1.6107410051e+03 1.7004736840e+03 1.7357174309e+03 1.7283480552e+03 1.9116788433e+03 5.4639550480e-01 5.5990674784e-01 5.6201319165e-01 5.5564305497e-01 5.6225384169e-01 2.3731668374e+00 4.2422543764e+00 3.8082999289e+00 1.4220405324e+00 1.9888350740e+00 2.0449251533e+00 0 0
1088 1.6302848160e+03 1.8249049290e+03 1.6400514474e+03 1.7682041737e+03 1.8660294746e+03 5.4600495499e-01 5.5955639532e-01 5.6168788533e-01 5.5528662441e-01 5.6191056093e-01 2.0887461677e+00 3.5362270623e+00 3.3682296276e+00 1.3521509226e+00 1.8780188784e+00 1.9761342555e+00 0 0
1089 1.5942598924e+03 1.9672183407e+03 1.6868372773e+03 1.6886586393e+03 1.8876477426e+03 5.4564428150e-01 5.5922020026e-01 5.6136318727e-01 5.5491818523e-01 5.6156581125e-01 2.1605090355e+00 2.9515522420e+00 3.3583887815e+00 1.3409762435e+00 1.7443109676e+00 1.9624921903e+00 0 0
1090 1.5748922388e+03 1.9222341169e+03 1.6874838518e+03 1.7858101803e+03 1.8729169763e+03 5.4529634738e-01 5.5888782943e-01 5.6101341614e-01 5.5456144844e-01 5.6124543028e-01 2.3793423444e+00 2.9290172905e+00 4.4893250465e+00 1.3743371626e+00 1.7177940831e+00 2.1714012921e+00 0 0
1091 1.5911976566e+03 1.7687039747e+03 1.7714645777e+03 1.6934410235e+03 1.8922206531e+03 5.4493777199e-01 5.5853017363e-01 5.6065297574e-01 5.5421825255e-01 5.6091400952e-01 2.3877621467e+00 3.0998218656e+00 4.4509434998e+00 1.3981824577e+00 1.7305950448e+00 2.2053056955e+00 0 0
1092 1.6000842921e+03 1.6988015629e+03 1.8327201778e+03 1.7338930186e+03 1.8259074456e+03 5.4456922119e-01 5.5816713768e-01 5.6031203195e-01 5.5389760199e-01 5.6058937998e-01 2.2120003782e+00 3.7279222608e+00 4.5639223158e+00 1.3607649093e+00 1.8430807963e+00 2.2061081827e+00 0 0
1093 1.6113143536e+03 1.6920036200e+03 1.8265748000e+03 1.7198745594e+03 1.8980591403e+03 5.4419630861e-01 5.5781258384e-01 5.5997041936e-01 5.5357089819e-01 5.6026893569e-01 2.0632281511e+00 3.7190622687e+00 4.9261300564e+00 1.3134709196e+00 1.8640215918e+00 2.2681434005e+00 0 0
1094 1.6106810263e+03 1.7023112230e+03 1.7408272459e+03 1.7150727390e+03 1.8314937892e+03 5.4383887870e-01 5.5745100556e-01 5.5963275095e-01 5.5323605302e-01 5.5992718950e-01 2.3304007043e+00 3.4335496128e+00 3.9524557590e+00 1.3616218353e+00 1.8092270941e+00 2.0992753357e+00 0 0
1095 1.7417352118e+03 1.6727960874e+03 1.7425585356e+03 1.7235968206e+03 1.8584816383e+03 5.4350645846e-01 5.5710397371e-01 5.5928216475e-01 5.5290065309e-01 5.5958397121e-01 2.7712761461e+00 3.3430851102e+00 3.7431911230e+00 1.4317680162e+00 1.7905934229e+00 2.0347848237e+00 0 0
1096 1.6474413346e+03 1.6427944181e+03 1.7420630012e+03 1.7279746815e+03 1.8435414289e+03 5.4316546944e-01 5.5678020939e-01 5.5893499720e-01 5.5255667944e-01 5.5924302556e-01 2.9407073682e+00 3.0232210308e+00 3.7920862287e+00 1.4896373749e+00 1.7219493911e+00 2.0294960886e+00 0 0
1097 1.6015125918e+03 1.6221466487e+03 1.7100611100e+03 1.7446247448e+03 1.9049721783e+03 5.4280356078e-01 5.5644509003e-01 5.5860039576e-01 5.5220751610e-01 5.5889372004e-01 2.5076747927e+00 2.8508117795e+00 3.5625619441e+00 1.4170894918e+00 1.6721166000e+00 2.0062778592e+00 0 0
1098 1.5791213291e+03 1.6911195996e+03 1.6599875000e+03 1.6962567612e+03 1.8320162390e+03 5.4243543113e-01 5.5610824191e-01 5.5827010656e-01 5.5185943773e-01 5.5855787948e-01 2.1766468643e+00 2.9797175229e+00 3.4747865498e+00 1.3342716760e+00 1.7012046278e+00 1.9394480661e+00 0 0
1099 1.5362534203e+03 1.6597435043e+03 1.7488130260e+03 1.7289086153e+03 1.8633118365e+03 5.4206563712e-01 5.5577335741e-01 5.5794244535e-01 5.5152240894e-01 5.5823721485e-01 2.0956730017e+00 3.0915171653e+00 4.0877880752e+00 1.3017026440e+00 1.6916814223e+00 2.0590960979e+00 0 0
1100 1.7943284545e+03 1.6745807684e+03 1.6346898024e+03 1.7828862835e+03 1.9254033344e+03 5.4171835028e-01 5.5546112141e-01 5.5760449295e-01 5.5117260586e-01 5.5790678463e-01 2.1550319199e+00 2.9910001010e+00 3.6788934469e+00 1.2933527742e+00 1.6789471731e+00 1.9982638806e+00 0 0
1101 1.7815199179e+03 1.6365366632e+03 1.6831380662e+03 1.8028334643e+03 1.9479851129e+03 5.4140184331e-01 5.5513454614e-01 5.5726617350e-01 5.5083668076e-01 5.5756230923e-01 2.7754513642e+00 3.0701228231e+00 3.1945584118e+00 1.3919217779e+00 1.6570676938e+00 1.9025847092e+00 0 0
1102 1.5385483216e+03 1.7091024691e+03 1.6427801892e+03 1.8026236435e+03 1.8959591240e+03 5.4107229719e-01 5.5478754135e-01 5.5692540531e-01 5.5051908175e-01 5.5726081148e-01 3.0225881247e+00 3.7778117210e+00 3.7700570971e+00 1.4604492508e+00 1.7789675072e+00 1.9379255101e+00 0 0
1103 1.4910197190e+03 1.6650085585e+03 1.6855949988e+03 1.7376400663e+03 1.8794146695e+03 5.4071765694e-01 5.5442834753e-01 5.5658761153e-01 5.5016940084e-01 5.5697359896e-01 2.4594544601e+00 3.1776465178e+00 5.5890332460e+00 1.3671488375e+00 1.7055600211e+00 2.3079735786e+00 0 0
1104 1.4672564266e+03 1.7793276820e+03 1.7392911631e+03 1.6653311983e+03 1.8831692701e+03 5.4039624036e-01 5.5408786022e-01 5.5624635241e-01 5.4982660227e-01 5.5664845990e-01 2.4688754361e+00 3.0026078373e+00 3.7944844365e+00 1.3150072663e+00 1.6345917508e+00 2.0191620886e+00 0 0
1105 1.5313281401e+03 1.9737048918e+03 1.6765554718e+03 1.7018412088e+03 1.9904419107e+03 5.4011863246e-01 5.5375936605e-01 5.5593363043e-01 5.4951871608e-01 5.5634428178e-01 3.6392252998e+00 4.1263302267e+00 3.9187887311e+00 1.4778979829e+00 1.8173482791e+00 1.9761557057e+00 0 0
1106 1.5056022711e+03 1.7814018356e+03 1.6169054549e+03 1.7137718635e+03 2.0314385297e+03 5.3978138351e-01 5.5343903053e-01 5.5562443162e-01 5.4917112066e-01 5.5604224326e-01 2.7490994758e+00 3.6813848168e+00 4.5164701641e+00 1.3998036326e+00 1.8331276849e+00 2.0975998789e+00 0 0
1107 1.4941783126e+03 1.7033880210e+03 1.6078330915e+03 1.7320228059e+03 1.9290835907e+03 5.3941352459e-01 5.5310323260e-01 5.5528359518e-01 5.4883335956e-01 5.5571342173e-01 1.7329323387e+00 3.1880022287e+00 3.9552253187e+00 1.1520126506e+00 1.6822268814e+00 2.0350663364e+00 0 0
1108 1.4782611267e+03 1.6092123850e+03 1.7445264400e+03 1.7806719237e+03 1.8079603148e+03 5.3905087236e-01 5.5275915601e-01 5.5496351855e-01 5.4850109201e-01 5.5537734316e-01 1.6500604938e+00 3.6692515016e+00 3.2452647537e+00 1.1205810069e+00 1.7835551500e+00 1.8613017946e+00 0 0
1109 1.4833082460e+03 1.6227548336e+03 1.6973819547e+03 1.7247782466e+03 1.8541235126e+03 5.3868277592e-01 5.5244306094e-01 5.5464845969e-01 5.4815891607e-01 5.5504221398e-01 1.7025957919e+00 3.4716838002e+00 3.2512557209e+00 1.1432701435e+00 1.7678246275e+00 1.8308086321e+00 0 0
1110 1.5023702053e+03 1.6230595337e+03 1.6739866338e+03 1.6835337834e+03 1.7660032559e+03 5.3831791970e-01 5.5212612712e-01 5.5430477062e-01 5.4781920358e-01 5.5470955470e-01 1.8534297879e+00 3.1917590946e+00 3.4536200166e+00 1.1721143791e+00 1.6952582747e+00 1.8638035208e+00 0 0
1111 1.5268058944e+03 1.7072711413e+03 1.6084832918e+03 1.7638883185e+03 1.9303899865e+03 5.3796855703e-01 5.5179650646e-01 5.5394418347e-01 5.4746383152e-01 5.5439396887e-01 2.3681809931e+00 2.9678093791e+00 3.9326364398e+00 1.2946240195e+00 1.6647490337e+00 1.9412507564e+00 0 0
1112 1.5941082248e+03 1.6700544153e+03 1.6283872390e+03 1.7762757387e+03 1.8417364089e+03 5.3761682691e-01 5.5145157111e-01 5.5359557397e-01 5.4712980224e-01 5.5407046043e-01 2.3222988112e+00 2.9845599681e+00 3.8320367336e+00 1.2922886193e+00 1.6303943098e+00 1.9268780425e+00 0 0
1113 1.5482249601e+03 1.6509420795e+03 1.6439522499e+03 1.7356965461e+03 1.8601862810e+03 5.3730383312e-01 5.5109679211e-01 5.5327045048e-01 5.4682453991e-01 5.5372946390e-01 2.8632116967e+00 3.6613714397e+00 3.6746229976e+00 1.3528110608e+00 1.7377697229e+00 1.9257422984e+00 0 0
1114 1.4608170842e+03 1.6384387386e+03 1.6536248819e+03 1.7408012523e+03 1.8956312933e+03 5.3698533848e-01 5.5074246855e-01 5.5295304148e-01 5.4650109437e-01 5.5337706975e-01 3.0780656210e+00 3.5737395436e+00 3.2227502167e+00 1.4165477235e+00 1.7586270645e+00 1.8502253890e+00 0 0
1115 1.4726112884e+03 1.6202613987e+03 1.6171028879e+03 1.7195668059e+03 1.9021913679e+03 5.3666520955e-01 5.5039655084e-01 5.5261263420e-01 5.4614361413e-01 5.5301904876e-01 2.6446210345e+00 2.7387483567e+00 3.0055488199e+00 1.3210616512e+00 1.6045871899e+00 1.7948273793e+00 0 0
1116 1.6498161878e+03 1.6077594658e+03 1.6125408522e+03 1.6609364828e+03 1.9852300874e+03 5.3635354931e-01 5.5007460978e-01 5.5227951978e-01 5.4580630575e-01 5.5268643735e-01 2.7693928521e+00 2.8857284337e+00 3.6124362797e+00 1.3324777185e+00 1.6013737693e+00 1.8948773742e+00 0 0
1117 1.5872253352e+03 1.5937229998e+03 1.6456254890e+03 1.6415943470e+03 2.0052602076e+03 5.3602884604e-01 5.4976532782e-01 5.5196211637e-01 5.4551771503e-01 5.5236256642e-01 2.8494045507e+00 4.2828943133e+00 3.9468148351e+00 1.3781006611e+00 1.8074321151e+00 1.9760092422e+00 0 0
1118 1.5128019990e+03 1.6357064223e+03 1.6177951045e+03 1.6982149452e+03 1.9920042671e+03 5.3569075509e-01 5.4943363534e-01 5.5164982075e-01 5.4518964885e-01 5.5203494710e-01 2.5484832042e+00 3.8928631693e+00 3.7776535749e+00 1.3305305786e+00 1.8308173940e+00 1.9378464073e+00 0 0
1119 1.5100707304e+03 1.6181558176e+03 1.6465121469e+03 1.6764419167e+03 1.7933849280e+03 5.3533534547e-01 5.4909179506e-01 5.5131519522e-01 5.4483845776e-01 5.5170885560e-01 2.1188285275e+00 2.8062575758e+00 3.9604826123e+00 1.2392427448e+00 1.5953828320e+00 1.9720074460e+00 0 0
1120 1.4626165466e+03 1.6530865827e+03 1.6017216518e+03 1.6525605889e+03 1.8321843521e+03 5.3496429106e-01 5.4874142528e-01 5.5095896023e-01 5.4452137761e-01 5.5139356304e-01 1.9207347187e+00 3.5068869144e+00 3.8090644777e+00 1.2057110558e+00 1.7008043751e+00 1.9195257798e+00 0 0
1121 1.4812266548e+03 1.6322239430e+03 1.6387570747e+03 1.6463131537e+03 1.9239925935e+03 5.3461961384e-01 5.4840005083e-01 5.5060358497e-01 5.4419128595e-01 5.5108497666e-01 2.0195355743e+00 3.4051627666e+00 4.0566686392e+00 1.1977855065e+00 1.7218572870e+00 1.9713303894e+00 0 0
1122 1.4759204237e+03 1.6320267308e+03 1.6399426819e+03 1.6355005350e+03 1.8811515090e+03 5.3429677457e-01 5.4807209714e-01 5.5025369230e-01 5.4384653387e-01 5.5078696427e-01 2.4796811516e+00 2.7645698041e+00 4.2478835285e+00 1.2810742507e+00 1.5812299326e+00 1.9806012139e+00 0 0
1123 1.4551574286e+03 1.5708881246e+03 1.6357716069e+03 1.6087851006e+03 1.9074254900e+03 5.3396360199e-01 5.4775577550e-01 5.4992812260e-01 5.4351136340e-01 5.5046667866e-01 2.6817742564e+00 2.7996615767e+00 3.7518606633e+00 1.3480918773e+00 1.5633167624e+00 1.9257028401e+00 0 0
1124 1.4934810746e+03 1.5567488558e+03 1.6185873470e+03 1.5973157171e+03 1.8845200981e+03 5.3360819673e-01 5.4743366389e-01 5.4960569020e-01 5.4321463972e-01 5.5013093661e-01 2.2774932292e+00 3.3674667776e+00 3.2888000458e+00 1.2827131634e+00 1.6198478416e+00 1.8411974236e+00 0 0
1125 1.4456051429e+03 1.6125189146e+03 1.5784848748e+03 1.6045904462e+03 1.8640936135e+03 5.3324470581e-01 5.4710846703e-01 5.4926966730e-01 5.4291938749e-01 5.4978670598e-01 1.8980866191e+00 4.1511925161e+00 3.0584774613e+00 1.1858853696e+00 1.7897186875e+00 1.7915270329e+00 0 0
1126 1.4785677257e+03 1.6392590552e+03 1.6061752706e+03 1.5642512586e+03 1.8269381489e+03 5.3287299358e-01 5.4677654832e-01 5.4891742342e-01 5.4258520989e-01 5.4945553798e-01 1.9901844751e+00 3.1504407674e+00 3.2389508039e+00 1.2196767791e+00 1.6426737681e+00 1.8017373085e+00 0 0
1127 1.5039697579e+03 1.6724112084e+03 1.5908881953e+03 1.6375507626e+03 1.9099183229e+03 5.3249656759e-01 5.4642988249e-01 5.4858533975e-01 5.4223814415e-01 5.4914493760e-01 1.9922987299e+00 2.5673963726e+00 3.8598393798e+00 1.2160075169e+00 1.5059990287e+00 1.8903100267e+00 0 0
1128 1.4275764513e+03 1.6166002907e+03 1.6375641972e+03 1.5764728034e+03 1.7807075841e+03 5.3215468527e-01 5.4609702201e-01 5.4827466290e-01 5.4188586570e-01 5.4883537349e-01 2.3234209524e+00 2.2435625046e+00 4.3183243871e+00 1.2529410886e+00 1.4206437096e+00 2.0024364144e+00 0 0
1129 1.4296940780e+03 1.6732355632e+03 1.5476669538e+03 1.5860023644e+03 1.8082372632e+03 5.3183991906e-01 5.4576684596e-01 5.4797211123e-01 5.4155492058e-01 5.4853119089e-01 3.0111837959e+00 2.3105529696e+00 4.2862117887e+00 1.3711098818e+00 1.3966612965e+00 1.9947540611e+00 0 0
1130 1.4148853237e+03 1.6431437856e+03 1.5442273958e+03 1.7149950437e+03 1.9510961022e+03 5.3152141546e-01 5.4543860511e-01 5.4764130627e-01 5.4123840879e-01 5.4821384490e-01 2.9370890238e+00 2.5189201683e+00 3.8554792255e+00 1.3614252640e+00 1.4142659158e+00 1.9248141125e+00 0 0
1131 1.4336091978e+03 1.6135011621e+03 1.7435276023e+03 1.8287208644e+03 1.9757389757e+03 5.3118924234e-01 5.4510367012e-01 5.4730656915e-01 5.4092825820e-01 5.4788807019e-01 2.6704086426e+00 2.8674886823e+00 3.4227372110e+00 1.3221170431e+00 1.4871146381e+00 1.8237549886e+00 0 0
1132 1.4566105468e+03 1.5937077838e+03 1.6992118761e+03 1.7937499826e+03 2.0152001141e+03 5.3084266038e-01 5.4476807803e-01 5.4700663001e-01 5.4060869348e-01 5.4758462452e-01 2.4581404424e+00 2.7614533454e+00 3.6966202855e+00 1.2948134654e+00 1.4826352671e+00 1.8477065265e+00 0 0
1133 1.4461975723e+03 1.5538790976e+03 1.5834141909e+03 1.7947859204e+03 1.8645786387e+03 5.3049469608e-01 5.4444700113e-01 5.4668022108e-01 5.4029246630e-01 5.4727457418e-01 2.2860642096e+00 2.9308120459e+00 3.6528678536e+00 1.2578325418e+00 1.5149256885e+00 1.8634884953e+00 0 0
1134 1.4676917301e+03 1.5336873867e+03 1.5312920198e+03 1.7007640930e+03 1.8287531271e+03 5.3015440970e-01 5.4412652482e-01 5.4632369033e-01 5.3995925709e-01 5.4693515624e-01 2.4717322295e+00 2.9691017419e+00 2.8890058845e+00 1.2922116389e+00 1.5511458814e+00 1.7042907923e+00 0 0
1135 1.4488951481e+03 1.4860827702e+03 1.5888463582e+03 1.6394078199e+03 1.7436443158e+03 5.2979229454e-01 5.4380526642e-01 5.4599506170e-01 5.3960333533e-01 5.4662154752e-01 2.2356392276e+00 2.5861861259e+00 3.2336041331e+00 1.2594999560e+00 1.4944767728e+00 1.7315616608e+00 0 0
1136 1.5187060585e+03 1.5187231479e+03 1.6764256619e+03 1.6922112752e+03 1.7364550095e+03 5.2943103880e-01 5.4349621783e-01 5.4568680956e-01 5.3925496499e-01 5.4634376104e-01 2.0075693839e+00 2.4994641244e+00 4.4570438862e+00 1.1964005190e+00 1.4587690607e+00 1.9173616171e+00 0 0
1137 1.6805600291e+03 1.5443819152e+03 1.6345227132e+03 1.7430229488e+03 1.7179212729e+03 5.2906881567e-01 5.4317293672e-01 5.4537416274e-01 5.3892824421e-01 5.4604068622e-01 1.9849323438e+00 2.7306899875e+00 3.9864370525e+00 1.1843335538e+00 1.4827931747e+00 1.8835521638e+00 0 0
1138 1.7511382515e+03 1.5341350984e+03 1.6304002576e+03 1.8314293598e+03 1.7304779687e+03 5.2873728564e-01 5.4285059346e-01 5.4504542510e-01 5.3860410124e-01 5.4572251134e-01 2.6127077161e+00 2.9143605083e+00 3.0339914560e+00 1.2915023734e+00 1.5248022303e+00 1.6702369824e+00 0 0
1139 1.5938630873e+03 1.5778698457e+03 1.5529294897e+03 1.7561154575e+03 1.8117306643e+03 5.2840886570e-01 5.4253458512e-01 5.4468936813e-01 5.3828353558e-01 5.4543534693e-01 2.8481725817e+00 2.7727519423e+00 3.4025892168e+00 1.3441700227e+00 1.4766030237e+00 1.6839614287e+00 0 0
1140 1.4721798073e+03 1.5627922927e+03 1.5206583278e+03 1.6643246378e+03 1.7782991874e+03 5.2805538361e-01 5.4218588940e-01 5.4433365814e-01 5.3796243592e-01 5.4513801767e-01 2.0571679001e+00 2.8879891485e+00 3.6184631288e+00 1.1914136150e+00 1.5163748562e+00 1.7657571211e+00 0 0
1141 1.4570220039e+03 1.5134968616e+03 1.5444643894e+03 1.6514416429e+03 1.7871803211e+03 5.2770404791e-01 5.4185225319e-01 5.4398842830e-01 5.3762781502e-01 5.4480076272e-01 1.8827029747e+00 2.6558340341e+00 2.8009552658e+00 1.1329517866e+00 1.4910862148e+00 1.6391757056e+00 0 0
1142 1.4007243961e+03 1.5044883682e+03 1.5157915424e+03 1.5745546990e+03 1.8719523231e+03 5.2737118891e-01 5.4154106759e-01 5.4367937347e-01 5.3728880806e-01 5.4446467744e-01 2.1905959003e+00 2.4828429222e+00 2.7052119523e+00 1.1894904527e+00 1.4453952387e+00 1.5999869257e+00 0 0
1143 1.3836470132e+03 1.5323499927e+03 1.4595421371e+03 1.5482488495e+03 1.8502779521e+03 5.2702324092e-01 5.4122543266e-01 5.4336995661e-01 5.3699616552e-01 5.4414646537e-01 2.1391284904e+00 3.2671540231e+00 3.3375767618e+00 1.2058857111e+00 1.5419825092e+00 1.7276503965e+00 0 0
1144 1.4611365327e+03 1.5258521390e+03 1.4923155665e+03 1.5758895900e+03 1.7725357542e+03 5.2666699153e-01 5.4090298897e-01 5.4306030445e-01 5.3670320565e-01 5.4382391500e-01 1.8262338320e+00 4.1374031007e+00 3.6061700284e+00 1.1199349358e+00 1.7346149907e+00 1.8116164953e+00 0 0
1145 1.3698065678e+03 1.5918925058e+03 1.5265385681e+03 1.6078460747e+03 1.7046091927e+03 5.2632714689e-01 5.4058851447e-01 5.4274481397e-01 5.3636442020e-01 5.4349110868e-01 2.0321442826e+00 2.7688200623e+00 3.2569359243e+00 1.1577947166e+00 1.5207884684e+00 1.7437449992e+00 0 0
1146 1.4382681818e+03 1.5666952480e+03 1.5311621403e+03 1.6383073582e+03 1.7327773948e+03 5.2600321966e-01 5.4026871979e-01 5.4241283036e-01 5.3603273267e-01 5.4314940713e-01 2.3070533198e+00 2.5183715671e+00 2.9685991853e+00 1.2087033968e+00 1.4457542077e+00 1.6858198270e+00 0 0
1147 1.3946407788e+03 1.5464450362e+03 1.5446395211e+03 1.6134332958e+03 1.7201199086e+03 5.2566167611e-01 5.3993874997e-01 5.4207604535e-01 5.3572305290e-01 5.4282824978e-01 2.0272583881e+00 2.9807358980e+00 2.7798715979e+00 1.1528715389e+00 1.5206175223e+00 1.6019886285e+00 0 0
1148 1.3727709342e+03 1.5394855472e+03 1.5575770446e+03 1.6414697682e+03 1.8166078278e+03 5.2532345777e-01 5.3959706603e-01 5.4174240952e-01 5.3539730034e-01 5.4253528135e-01 1.8894296259e+00 3.0014533848e+00 3.6794847101e+00 1.1109352981e+00 1.5539728180e+00 1.7624318749e+00 0 0
1149 1.3772307922e+03 1.5348347631e+03 1.4839871125e+03 1.5931759162e+03 1.7449760743e+03 5.2502145042e-01 5.3925394456e-01 5.4141011418e-01 5.3507054213e-01 5.4222056087e-01 2.2882204484e+00 2.8356598765e+00 3.4848714769e+00 1.1631259706e+00 1.5104171559e+00 1.7692699730e+00 0 0
1150 1.3771147637e+03 1.4797595244e+03 1.4570129546e+03 1.5643004826e+03 1.7794348822e+03 5.2471302638e-01 5.3892535132e-01 5.4110158283e-01 5.3477115533e-01 5.4189410865e-01 2.7694363358e+00 3.6832602322e+00 3.0573595464e+00 1.2932327604e+00 1.6411317289e+00 1.6942606792e+00 0 0
1151 1.4006406130e+03 1.4912891235e+03 1.4870230328e+03 1.6091648455e+03 1.7105469885e+03 5.2437740494e-01 5.3861774224e-01 5.4078809889e-01 5.3444907476e-01 5.4156887634e-01 2.1345048116e+00 3.4102052450e+00 3.0505523533e+00 1.1799173692e+00 1.6312046573e+00 1.6982212588e+00 0 0
1152 1.3960591789e+03 1.5131363950e+03 1.5173984315e+03 1.6116839020e+03 1.6776973803e+03 5.2403635435e-01 5.3828817542e-01 5.4046877520e-01 5.3411979970e-01 5.4124500149e-01 1.8845347127e+00 3.0802593231e+00 2.9910350144e+00 1.1146742431e+00 1.5666700155e+00 1.6709498838e+00 0 0
1153 1.4096169057e+03 1.5273712712e+03 1.5084147308e+03 1.6486799265e+03 1.6695297242e+03 5.2369796481e-01 5.3795096954e-01 5.4014940160e-01 5.3379497963e-01 5.4094230511e-01 1.8727161632e+00 3.1293527633e+00 3.3634605259e+00 1.1124346826e+00 1.5645165667e+00 1.7133786082e+00 0 0
1154 1.4045934327e+03 1.5602447725e+03 1.5061242479e+03 1.6465860135e+03 1.6557782158e+03 5.2337235164e-01 5.3761455816e-01 5.3981227438e-01 5.3346877726e-01 5.4066436207e-01 2.1405790253e+00 2.8270716369e+00 4.5422443151e+00 1.1696651948e+00 1.4883942753e+00 1.9061878398e+00 0 0
1155 1.3904602005e+03 1.5544031009e+03 1.5010883552e+03 1.6861278125e+03 1.7160745905e+03 5.2303316338e-01 5.3728941772e-01 5.3945824201e-01 5.3312920700e-01 5.4034659113e-01 1.9433949907e+00 2.5980325043e+00 3.7595312148e+00 1.1293637677e+00 1.4574883208e+00 1.8539608940e+00 0 0
1156 1.4462472568e+03 1.5236370959e+03 1.5006361151e+03 1.6805394967e+03 1.7204338116e+03 5.2268241229e-01 5.3697752696e-01 5.3910732279e-01 5.3280513513e-01 5.4001759667e-01 1.7748789064e+00 2.8731476665e+00 2.9329490364e+00 1.0996227858e+00 1.4995801672e+00 1.6779277101e+00 0 0
1157 1.3956837276e+03 1.5118951683e+03 1.4898261644e+03 1.6200990710e+03 1.7030735451e+03 5.2232792720e-01 5.3664998591e-01 5.3875540650e-01 5.3247104642e-01 5.3969375578e-01 1.6752113714e+00 2.8944336772e+00 2.8905863017e+00 1.0765798660e+00 1.5309430882e+00 1.6499013230e+00 0 0
1158 1.3902430155e+03 1.6212845987e+03 1.5155604574e+03 1.6274455444e+03 1.6904134110e+03 5.2197314464e-01 5.3631234712e-01 5.3840063919e-01 5.3212204148e-01 5.3937479469e-01 1.7795992446e+00 2.5247981250e+00 3.2704947889e+00 1.1001171198e+00 1.4657400995e+00 1.7292403579e+00 0 0
1159 1.4457972826e+03 1.6198359485e+03 1.4727878326e+03 1.6439822079e+03 1.6799861607e+03 5.2161312621e-01 5.3598628182e-01 5.3806574848e-01 5.3178864768e-01 5.3906792019e-01 1.6493801759e+00 2.6048144400e+00 3.7619913220e+00 1.0647959174e+00 1.4437271133e+00 1.8120775670e+00 0 0
1160 1.4507945340e+03 1.5783854092e+03 1.4942578425e+03 1.5984401772e+03 1.7132102907e+03 5.2124912195e-01 5.3565830419e-01 5.3773071816e-01 5.3147854523e-01 5.3876259723e-01 1.6758166217e+00 3.2919012010e+00 4.0981547236e+00 1.0786684850e+00 1.5640355945e+00 1.8799121454e+00 0 0
1161 1.4419968956e+03 1.5141321772e+03 1.5469801227e+03 1.5350767082e+03 1.6861184715e+03 5.2091343120e-01 5.3531585671e-01 5.3737437767e-01 5.3115026143e-01 5.3843974199e-01 1.9831751256e+00 3.0611698329e+00 3.5454420149e+00 1.1167131042e+00 1.5513366237e+00 1.7926656231e+00 0 0
1162 1.4065492779e+03 1.4923659906e+03 1.6680621241e+03 1.5347433010e+03 1.7012441036e+03 5.2059091265e-01 5.3496027024e-01 5.3702936720e-01 5.3082498451e-01 5.3812379515e-01 2.6624272329e+00 2.9045485407e+00 3.5388846397e+00 1.2646368717e+00 1.4970880523e+00 1.7728915140e+00 0 0
1163 1.4006108389e+03 1.4976446508e+03 1.6273193448e+03 1.5890022026e+03 1.6598045066e+03 5.2024206656e-01 5.3460277653e-01 5.3670872724e-01 5.3052246760e-01 5.3780895380e-01 2.4014471297e+00 3.4381725788e+00 3.4701936990e+00 1.2479823427e+00 1.5704424158e+00 1.7534358278e+00 0 0
1164 1.4019895321e+03 1.5023618905e+03 1.5639197550e+03 1.5318989849e+03 1.6657896026e+03 5.1988786150e-01 5.3424818971e-01 5.3637874717e-01 5.3020523312e-01 5.3747812323e-01 2.1415746987e+00 3.2654371709e+00 2.9289213270e+00 1.1801294686e+00 1.5694840625e+00 1.6510301828e+00 0 0
1165 1.4283983070e+03 1.4808009657e+03 1.4366070705e+03 1.5221828077e+03 1.6990392874e+03 5.1956196166e-01 5.3391916573e-01 5.3604213467e-01 5.2988095746e-01 5.3714192745e-01 2.5191782883e+00 2.6437603682e+00 2.9369243383e+00 1.2270486058e+00 1.4270686954e+00 1.6698916927e+00 0 0
1166 1.4246897543e+03 1.4239772646e+03 1.4781339587e+03 1.5351952645e+03 1.7802606551e+03 5.1920468713e-01 5.3361653608e-01 5.3571440630e-01 5.2954204858e-01 5.3681687013e-01 2.3563466924e+00 2.3062047958e+00 3.1959702671e+00 1.2437798586e+00 1.3633096665e+00 1.7163975164e+00 0 0
1167 1.4523768134e+03 1.4659363049e+03 1.5285939618e+03 1.4908873197e+03 1.7371698247e+03 5.1882321059e-01 5.3328848044e-01 5.3540169632e-01 5.2921303843e-01 5.3648598044e-01 1.7413790355e+00 2.3890671879e+00 3.0476362705e+00 1.1009698152e+00 1.3709359020e+00 1.6954591945e+00 0 0
1168 1.5465422120e+03 1.4589331719e+03 1.5065263025e+03 1.4956092404e+03 1.7358832046e+03 5.1846967580e-01 5.3295464861e-01 5.3507136333e-01 5.2891355392e-01 5.3616580462e-01 1.7908768446e+00 3.1131261289e+00 3.1793779731e+00 1.0806178958e+00 1.4967283010e+00 1.7012079358e+00 0 0
1169 1.5447479747e+03 1.5061592711e+03 1.4573752948e+03 1.5177239538e+03 1.7112426771e+03 5.1816523243e-01 5.3261484122e-01 5.3474290615e-01 5.2859827208e-01 5.3586568568e-01 2.5763630761e+00 2.9393577725e+00 3.8021510392e+00 1.1998841009e+00 1.4898038730e+00 1.7932905257e+00 0 0
1170 1.4243616627e+03 1.5422212876e+03 1.4361034085e+03 1.5170400456e+03 1.6576968963e+03 5.1783774385e-01 5.3228053160e-01 5.3440753828e-01 5.2827119048e-01 5.3553963964e-01 2.6657518339e+00 2.4388023168e+00 3.4037866592e+00 1.2612459858e+00 1.3805919141e+00 1.7633033097e+00 0 0
1171 1.3411038323e+03 1.6619933815e+03 1.4207661665e+03 1.4847792765e+03 1.6739175607e+03 5.1750585371e-01 5.3195597374e-01 5.3407644403e-01 5.2796783297e-01 5.3519680908e-01 1.9715015062e+00 2.7329010963e+00 2.8087517172e+00 1.0943930883e+00 1.4113366902e+00 1.6421401501e+00 0 0
1172 1.4209728981e+03 1.5759302015e+03 1.4176754301e+03 1.4925456442e+03 1.7322872164e+03 5.1721179639e-01 5.3164791129e-01 5.3374957452e-01 5.2766847815e-01 5.3486609515e-01 2.6780396790e+00 3.0283899605e+00 2.7481519133e+00 1.2047788988e+00 1.4761237800e+00 1.5918344781e+00 0 0
1173 1.5138190209e+03 1.4840416942e+03 1.4483162638e+03 1.5013843612e+03 1.8360571887e+03 5.1687648584e-01 5.3131899519e-01 5.3342573785e-01 5.2733708702e-01 5.3456374911e-01 2.3602602970e+00 2.2665643394e+00 3.3234462887e+00 1.2030634273e+00 1.3454905376e+00 1.6746745035e+00 0 0
1174 1.4300442574e+03 1.4414696927e+03 1.4099607264e+03 1.5379236002e+03 1.7438748522e+03 5.1656125910e-01 5.3098553756e-01 5.3312624177e-01 5.2700551888e-01 5.3427587406e-01 2.3222455876e+00 2.0357899666e+00 3.7711003870e+00 1.1484483221e+00 1.2850923687e+00 1.7491559088e+00 0 0
1175 1.4109440876e+03 1.3893516923e+03 1.4081801643e+03 1.4811947880e+03 1.6427231964e+03 5.1622886478e-01 5.3068546260e-01 5.3281692815e-01 5.2667709973e-01 5.3396877575e-01 2.5432811130e+00 2.1699752063e+00 3.3552199602e+00 1.2348102779e+00 1.3128225207e+00 1.7074238360e+00 0 0
1176 1.3638055413e+03 1.4298056249e+03 1.4274991681e+03 1.5105580095e+03 1.6394520426e+03 5.1586577333e-01 5.3039199297e-01 5.3249494127e-01 5.2637683577e-01 5.3365263549e-01 1.7035033943e+00 2.7123637199e+00 2.9134647548e+00 1.0580346745e+00 1.4089590758e+00 1.6118142977e+00 0 0
1177 1.3184831775e+03 1.4780452463e+03 1.3717141648e+03 1.4899258371e+03 1.7214868573e+03 5.1554578360e-01 5.3008907352e-01 5.3219458078e-01 5.2606503558e-01 5.3337055447e-01 1.8986615175e+00 2.6042056680e+00 3.8368255198e+00 1.0464763560e+00 1.4117947072e+00 1.7533059940e+00 0 0
1178 1.3058590730e+03 1.4065988678e+03 1.4008779836e+03 1.4757472683e+03 1.6624107495e+03 5.1527005512e-01 5.2976341603e-01 5.3190980622e-01 5.2576755196e-01 5.3308594972e-01 3.1909121005e+00 2.5772849470e+00 4.0713016987e+00 1.2603692330e+00 1.3621583134e+00 1.8222880214e+00 0 0
1179 1.3548984454e+03 1.4405169211e+03 1.4383146822e+03 1.4980964588e+03 1.6554235108e+03 5.1494515110e-01 5.2943984922e-01 5.3158724606e-01 5.2549720978e-01 5.3277254262e-01 2.3036497603e+00 4.1086688936e+00 2.9417928755e+00 1.1633115241e+00 1.6441300288e+00 1.6270581782e+00 0 0
1180 1.3414147428e+03 1.4357056627e+03 1.4075316604e+03 1.5441110711e+03 1.7004102446e+03 5.1461710808e-01 5.2912656419e-01 5.3124883484e-01 5.2517985214e-01 5.3245227421e-01 1.8775339198e+00 2.6519451290e+00 2.6049727648e+00 1.0560591652e+00 1.4369180948e+00 1.5430189148e+00 0 0
1181 1.3487478830e+03 1.4481007821e+03 1.4281227188e+03 1.4869836919e+03 1.5885677512e+03 5.1429872753e-01 5.2881891051e-01 5.3092065534e-01 5.2487248295e-01 5.3214922599e-01 1.8769989089e+00 2.5847147554e+00 2.7866891325e+00 1.0461978347e+00 1.3826786429e+00 1.5501789376e+00 0 0
1182 1.3632184441e+03 1.4487230584e+03 1.4390478189e+03 1.5188308003e+03 1.6095822439e+03 5.1397534105e-01 5.2848844447e-01 5.3060305219e-01 5.2457698553e-01 5.3186256698e-01 1.8578844334e+00 2.9548898488e+00 3.2186200917e+00 1.0504312860e+00 1.4518163726e+00 1.6305293739e+00 0 0
1183 1.3485621163e+03 1.4004445276e+03 1.4937590167e+03 1.4984255070e+03 1.5927314588e+03 5.1365236412e-01 5.2814552908e-01 5.3029418736e-01 5.2427173390e-01 5.3157778760e-01 1.8419101760e+00 2.9621308446e+00 3.2541400641e+00 1.0388819729e+00 1.4841516986e+00 1.6441351250e+00 0 0
1184 1.2874519790e+03 1.4897816954e+03 1.4349855400e+03 1.5061371120e+03 1.6118925212e+03 5.1335511646e-01 5.2781299395e-01 5.2998202056e-01 5.2396616939e-01 5.3131372152e-01 2.2660067568e+00 2.9237116575e+00 4.2009851336e+00 1.1026682104e+00 1.4614037350e+00 1.7970330939e+00 0 0
1185 1.3536519235e+03 1.5875274801e+03 1.4660520114e+03 1.5474361053e+03 1.6431545880e+03 5.1303619759e-01 5.2749493671e-01 5.2965422974e-01 5.2364903857e-01 5.3101679816e-01 2.0632564236e+00 2.7806254923e+00 3.6008145809e+00 1.0867379108e+00 1.4429278970e+00 1.7622851133e+00 0 0
1186 1.3253656123e+03 1.5946268372e+03 1.4716425347e+03 1.5655067870e+03 1.6709539192e+03 5.1268454754e-01 5.2719110423e-01 5.2932875639e-01 5.2330302299e-01 5.3070333816e-01 1.5501432934e+00 2.2648116797e+00 2.6424701065e+00 9.8242657750e-01 1.3634722680e+00 1.5581276044e+00 0 0
1187 1.3489006050e+03 1.6111046676e+03 1.3750075454e+03 1.5807254664e+03 1.6884546189e+03 5.1235333935e-01 5.2687287325e-01 5.2903896405e-01 5.2294990467e-01 5.3039406675e-01 1.6557951956e+00 2.2159273028e+00 2.5302674323e+00 9.8736686423e-01 1.3502350226e+00 1.5157468468e+00 0 0
1188 1.3074503626e+03 1.4533457951e+03 1.4200918544e+03 1.5155972420e+03 1.7099862573e+03 5.1202359601e-01 5.2655418513e-01 5.2873519236e-01 5.2260837591e-01 5.3008981430e-01 1.6596021044e+00 2.3521904498e+00 2.7759553492e+00 9.8320096841e-01 1.3659542501e+00 1.5683603287e+00 0 0
1189 1.4196446551e+03 1.4406085086e+03 1.4412834992e+03 1.5076037278e+03 1.7859874020e+03 5.1169385176e-01 5.2623255127e-01 5.2841453183e-01 5.2230615823e-01 5.2978871463e-01 1.5406168213e+00 3.1729165763e+00 3.0111867785e+00 9.4080534250e-01 1.4911648929e+00 1.6290320009e+00 0 0
1190 1.4877486600e+03 1.3899066066e+03 1.5029487683e+03 1.5443752782e+03 1.8608265637e+03 5.1139776665e-01 5.2591460784e-01 5.2810073651e-01 5.2200179108e-01 5.2949249728e-01 1.9421411123e+00 3.8123555630e+00 2.8799070865e+00 9.9974232592e-01 1.6361352727e+00 1.5846929252e+00 0 0
1191 1.4957529869e+03 1.4305976024e+03 1.5126356964e+03 1.5479639854e+03 1.8466488567e+03 5.1110705438e-01 5.2560164192e-01 5.2777988709e-01 5.2166553523e-01 5.2920125935e-01 2.1687237822e+00 2.8610474020e+00 3.2334509790e+00 1.0456620079e+00 1.4890263379e+00 1.6552755684e+00 0 0
1192 1.3355097428e+03 1.4905705284e+03 1.5263592303e+03 1.5601491916e+03 1.7088496130e+03 5.1080181897e-01 5.2529572210e-01 5.2743478153e-01 5.2132549522e-01 5.2890647989e-01 1.8536010780e+00 2.3492139131e+00 3.3456688821e+00 9.8795683921e-01 1.3606645465e+00 1.6894450784e+00 0 0
1193 1.2619746403e+03 1.4511177588e+03 1.5017970902e+03 1.6084871774e+03 1.6438594830e+03 5.1050023689e-01 5.2497464817e-01 5.2710927274e-01 5.2098628546e-01 5.2860580033e-01 1.6745337633e+00 2.3746989667e+00 3.1958592236e+00 9.3199803167e-01 1.3639738038e+00 1.6667738035e+00 0 0
1194 1.2299178718e+03 1.4736054424e+03 1.4475750412e+03 1.6075818797e+03 1.6948088388e+03 5.1021010528e-01 5.2463146782e-01 5.2676294745e-01 5.2064955635e-01 5.2832612030e-01 1.9073575887e+00 2.3020072579e+00 3.6959044933e+00 9.6757949182e-01 1.3414740413e+00 1.7195332199e+00 0 0
1195 1.2334731536e+03 1.4180193052e+03 1.4623180229e+03 1.6833480032e+03 1.7511140740e+03 5.0992099148e-01 5.2427214314e-01 5.2641112477e-01 5.2033460043e-01 5.2802968578e-01 2.0245879589e+00 2.3854927570e+00 3.7843784392e+00 9.8971787548e-01 1.3227425665e+00 1.7833925411e+00 0 0
1196 1.2716742324e+03 1.4456454441e+03 1.4223829917e+03 1.8050108033e+03 1.7657300190e+03 5.0964542525e-01 5.2394069316e-01 5.2606495686e-01 5.2002626329e-01 5.2770123279e-01 1.9807804101e+00 2.6562000513e+00 2.9682873935e+00 9.5766231123e-01 1.3770526871e+00 1.6557164118e+00 0 0
1197 1.2560993769e+03 1.4053351024e+03 1.4977275286e+03 1.7180775594e+03 1.7755345674e+03 5.0937350894e-01 5.2361693587e-01 5.2573221767e-01 5.1972095201e-01 5.2738877967e-01 2.3992557410e+00 2.8298827410e+00 3.3547265083e+00 1.0488440010e+00 1.4168624207e+00 1.7069762722e+00 0 0
1198 1.2349524040e+03 1.4660067360e+03 1.4481632332e+03 1.6073692793e+03 1.7721249956e+03 5.0906022406e-01 5.2327783379e-01 5.2539132442e-01 5.1940902715e-01 5.2706479033e-01 1.6723578953e+00 2.6122305840e+00 3.1593647897e+00 9.4013432012e-01 1.3784851730e+00 1.6871665269e+00 0 0
1199 1.2420711588e+03 1.4053916269e+03 1.5698409951e+03 1.5325165578e+03 1.7946147219e+03 5.0873792108e-01 5.2294475863e-01 5.2505824564e-01 5.1908169051e-01 5.2673524472e-01 1.2680514834e+00 2.4751736522e+00 2.9352920055e+00 8.3308579021e-01 1.3673385903e+00 1.6415175200e+00 0 0
1200 1.2206705629e+03 1.3944712259e+03 1.4684201545e+03 1.4623294772e+03 1.8134042572e+03 5.0842463415e-01 5.2261982776e-01 5.2474920158e-01 5.1877616608e-01 5.2641292003e-01 1.2738485719e+00 2.6796289980e+00 2.9488546103e+00 8.2148943978e-01 1.3766867369e+00 1.6238242090e+00 0 0
1201 1.2094363712e+03 1.4229341605e+03 1.4384744523e+03 1.5057958029e+03 1.8791565927e+03 5.0813264190e-01 5.2229341616e-01 5.2441499983e-01 5.1848761215e-01 5.2610635817e-01 1.3998938901e+00 3.0349692553e+00 3.2611998767e+00 8.3417812915e-01 1.4324398488e+00 1.6702423766e+00 0 0
1202 1.2073998708e+03 1.4183730557e+03 1.4285729768e+03 1.4812503165e+03 1.8851725385e+03 5.0785541483e-01 5.2196097657e-01 5.2406593745e-01 5.1820492627e-01 5.2578834446e-01 1.7567092955e+00 3.2256883681e+00 3.0397151709e+00 9.1331776756e-01 1.4567083716e+00 1.6403402835e+00 0 0
1203 1.2363780055e+03 1.3724480409e+03 1.3709291101e+03 1.5188372197e+03 1.8368068761e+03 5.0755083703e-01 5.2167323602e-01 5.2373260900e-01 5.1789665289e-01 5.2548534704e-01 1.5763822178e+00 2.6867352873e+00 3.1121955216e+00 9.0072730010e-01 1.3815655410e+00 1.6215495616e+00 0 0
1204 1.2642061148e+03 1.4149572873e+03 1.3737911049e+03 1.4988550630e+03 1.6043956806e+03 5.0722380154e-01 5.2136861020e-01 5.2343712942e-01 5.1758101028e-01 5.2518299732e-01 1.2577545703e+00 2.1965548098e+00 3.1317383200e+00 8.2939086649e-01 1.2758278176e+00 1.6384846494e+00 0 0
1205 1.2202653117e+03 1.4196949937e+03 1.3839466211e+03 1.5003994468e+03 1.6520898886e+03 5.0692150419e-01 5.2103569686e-01 5.2313295645e-01 5.1727351980e-01 5.2488931787e-01 1.2806281860e+00 2.0689907372e+00 2.9296577722e+00 8.0758909174e-01 1.2280593738e+00 1.5566407368e+00 0 0
1206 1.1939155035e+03 1.3971740675e+03 1.3711758184e+03 1.5834962899e+03 1.6271862217e+03 5.0665095227e-01 5.2073089723e-01 5.2280521103e-01 5.1697398648e-01 5.2460464187e-01 1.8001505407e+00 2.3207487315e+00 3.4972778410e+00 8.9988997672e-01 1.2809583992e+00 1.6656883582e+00 0 0
1207 1.2110675016e+03 1.3958605768e+03 1.3518679207e+03 1.5922487243e+03 1.6913326107e+03 5.0636921483e-01 5.2041118755e-01 5.2248971916e-01 5.1669054940e-01 5.2432867269e-01 1.8272454938e+00 2.5750733614e+00 3.9649624228e+00 9.2109747569e-01 1.3118479475e+00 1.7527039722e+00 0 0
1208 1.2221357683e+03 1.4048199173e+03 1.3693869979e+03 1.5749925397e+03 1.7009162237e+03 5.0606445788e-01 5.2007643397e-01 5.2217296100e-01 5.1639802154e-01 5.2402932670e-01 1.3925878684e+00 2.7354141772e+00 3.3983847201e+00 8.3715192771e-01 1.3697396219e+00 1.6964085400e+00 0 0
1209 1.3059647677e+03 1.3935099569e+03 1.3530080839e+03 1.5323361250e+03 1.6609537923e+03 5.0576113058e-01 5.1974820841e-01 5.2185924980e-01 5.1608351017e-01 5.2371503325e-01 1.2661568440e+00 2.1394029260e+00 2.7487730384e+00 7.9268260125e-01 1.2541232556e+00 1.5559429601e+00 0 0
1210 1.2317205660e+03 1.3552540813e+03 1.3252668128e+03 1.4924305679e+03 1.5938219788e+03 5.0546867632e-01 5.1944009055e-01 5.2155285577e-01 5.1577972964e-01 5.2342245168e-01 1.3307915569e+00 2.0846470594e+00 3.1264629364e+00 7.9742150451e-01 1.2223058343e+00 1.6017458588e+00 0 0
1211 1.1769630873e+03 1.3622870476e+03 1.3297553816e+03 1.5092304330e+03 1.6255818958e+03 5.0518875146e-01 5.1914296025e-01 5.2125603638e-01 5.1549980374e-01 5.2313850547e-01 1.5432039317e+00 2.4805457890e+00 3.2471414804e+00 8.3837578422e-01 1.2658636197e+00 1.6168739051e+00 0 0
1212 1.2122105262e+03 1.3265617683e+03 1.3094057813e+03 1.4253838080e+03 1.6962825531e+03 5.0490900123e-01 5.1885694920e-01 5.2097207141e-01 5.1522678839e-01 5.2284305474e-01 1.6416032925e+00 3.1517849267e+00 2.8561482728e+00 8.6004793527e-01 1.3966754898e+00 1.5448019281e+00 0 0
1213 1.2302923763e+03 1.3400447287e+03 1.3682356339e+03 1.4724696941e+03 1.6262687355e+03 5.0461511134e-01 5.1856237560e-01 5.2067338975e-01 5.1493937788e-01 5.2255913519e-01 1.5500338530e+00 2.8027883470e+00 2.9799088389e+00 8.5348498839e-01 1.3529111519e+00 1.5468597040e+00 0 0
1214 1.2597295819e+03 1.4122830807e+03 1.3393357029e+03 1.4729105540e+03 1.6508561415e+03 5.0430667187e-01 5.1824867047e-01 5.2035228066e-01 5.1466114133e-01 5.2227923031e-01 1.3528887130e+00 2.6068841368e+00 3.0013454556e+00 8.1313703123e-01 1.2852116451e+00 1.5500291139e+00 0 0
1215 1.2776293368e+03 1.4187314756e+03 1.3947905309e+03 1.4849080780e+03 1.6593296839e+03 5.0398544923e-01 5.1794577836e-01 5.2002365558e-01 5.1438978343e-01 5.2199891046e-01 1.2651899178e+00 2.6466074586e+00 3.0274563581e+00 7.9881663451e-01 1.2727715746e+00 1.5633452758e+00 0 0
1216 1.4713487015e+03 1.4174519392e+03 1.4069506033e+03 1.4787548816e+03 1.6535014363e+03 5.0368091651e-01 5.1765310404e-01 5.1972034500e-01 5.1410595128e-01 5.2170300480e-01 1.2734893143e+00 2.4206835777e+00 2.5684838146e+00 7.7987031521e-01 1.2440808639e+00 1.4831175506e+00 0 0
1217 1.4789701143e+03 1.3965869558e+03 1.4116351777e+03 1.4433318226e+03 1.6294189148e+03 5.0342066198e-01 5.1734428656e-01 5.1941021827e-01 5.1381314082e-01 5.2140920616e-01 2.0115075533e+00 2.1262432784e+00 2.4416380078e+00 9.0096475652e-01 1.1860643923e+00 1.4425684437e+00 0 0
1218 1.2666359138e+03 1.3491423201e+03 1.4352440994e+03 1.4388885468e+03 1.6454724246e+03 5.0311849167e-01 5.1702338952e-01 5.1909244874e-01 5.1351994493e-01 5.2113627944e-01 1.7470806712e+00 1.9334511608e+00 2.8618556559e+00 9.0132277843e-01 1.1229884848e+00 1.4912467375e+00 0 0
1219 1.2025518769e+03 1.2943289767e+03 1.4321800253e+03 1.3722847737e+03 1.6482146401e+03 5.0279528247e-01 5.1672792483e-01 5.1878311256e-01 5.1322557859e-01 5.2086586779e-01 1.2523162456e+00 1.8696986288e+00 3.4552412331e+00 7.8806835821e-01 1.1018494964e+00 1.6243376657e+00 0 0
1220 1.1579177591e+03 1.3436344369e+03 1.4528576152e+03 1.4022113785e+03 1.5577759788e+03 5.0249179063e-01 5.1642378121e-01 5.1848106692e-01 5.1293881525e-01 5.2059403608e-01 1.2780534354e+00 1.9162926748e+00 3.1297826618e+00 7.6629269305e-01 1.1056631729e+00 1.5558502898e+00 0 0
1221 1.1591018981e+03 1.3433778322e+03 1.3742909990e+03 1.3717437807e+03 1.5901496785e+03 5.0218593628e-01 5.1610645582e-01 5.1818102817e-01 5.1266862950e-01 5.2032748195e-01 1.3094753097e+00 2.2159600258e+00 3.1424546689e+00 7.7760756242e-01 1.1523001418e+00 1.5365405157e+00 0 0
1222 1.1547719723e+03 1.4132524987e+03 1.3261681643e+03 1.3637828823e+03 1.5778014767e+03 5.0188026188e-01 5.1581218143e-01 5.1788565543e-01 5.1239836502e-01 5.2005937957e-01 1.3492230225e+00 2.2593257129e+00 3.3839090914e+00 7.8536481779e-01 1.1601301655e+00 1.5892258883e+00 0 0
1223 1.1509255138e+03 1.4029874376e+03 1.3233837784e+03 1.4013708467e+03 1.6098080631e+03 5.0155668988e-01 5.1552930065e-01 5.1757898919e-01 5.1211813867e-01 5.1977900969e-01 1.2154778353e+00 2.1291763484e+00 2.9036255330e+00 7.6322564651e-01 1.1488930359e+00 1.5004424751e+00 0 0
1224 1.1680634049e+03 1.4105330110e+03 1.2552997650e+03 1.3773047048e+03 1.6427527203e+03 5.0124391780e-01 5.1523089553e-01 5.1728873985e-01 5.1183802721e-01 5.1950774755e-01 1.1903223461e+00 1.9111036286e+00 2.8726439327e+00 7.4834958882e-01 1.0951908231e+00 1.4601665065e+00 0 0
1225 1.1496303643e+03 1.3336638913e+03 1.2682415484e+03 1.3752841525e+03 1.6071846503e+03 5.0094632498e-01 5.1494998818e-01 5.1701156686e-01 5.1158154418e-01 5.1923980252e-01 1.4044986463e+00 2.1048447043e+00 2.7356922626e+00 7.8764572005e-01 1.1051190868e+00 1.4215118289e+00 0 0
1226 1.1034025175e+03 1.2972848569e+03 1.2462680791e+03 1.3527060841e+03 1.5715732563e+03 5.0065431991e-01 5.1465341170e-01 5.1673546350e-01 5.1133761541e-01 5.1896920292e-01 1.5182931671e+00 2.5424721539e+00 2.6654878259e+00 8.1041135974e-01 1.1864829510e+00 1.4158401340e+00 0 0
1227 1.1917424055e+03 1.2613910476e+03 1.2507790073e+03 1.3692560024e+03 1.5694949825e+03 5.0034793024e-01 5.1433704901e-01 5.1646119440e-01 5.1109553437e-01 5.1870097353e-01 1.2942937177e+00 2.5006733835e+00 2.6266578734e+00 7.7189913952e-01 1.1721036956e+00 1.3888368830e+00 0 0
1228 1.1608691330e+03 1.2662808733e+03 1.2448024442e+03 1.3648961499e+03 1.4917655647e+03 5.0004181385e-01 5.1403362298e-01 5.1618026497e-01 5.1083820102e-01 5.1844152995e-01 1.1111167732e+00 2.5288584083e+00 2.7873845249e+00 7.1138083382e-01 1.2135262266e+00 1.3967635408e+00 0 0
1229 1.1296774251e+03 1.2432696309e+03 1.2745942492e+03 1.4507189597e+03 1.4917588612e+03 4.9978801692e-01 5.1375774055e-01 5.1587806469e-01 5.1055793127e-01 5.1817886813e-01 1.6503980145e+00 1.9468367025e+00 2.7009766698e+00 7.8651864665e-01 1.1066762134e+00 1.3851801679e+00 0 0
1230 1.1443544329e+03 1.2514557523e+03 1.2708946652e+03 1.5290966287e+03 1.5252357195e+03 4.9952998511e-01 5.1350806587e-01 5.1557221591e-01 5.1028347218e-01 5.1791524663e-01 2.2781333178e+00 1.8573601544e+00 2.6425955296e+00 9.2996546103e-01 1.0644197688e+00 1.3717194125e+00 0 0
1231 1.2412683863e+03 1.2725171905e+03 1.2375248482e+03 1.4549726802e+03 1.4654649433e+03 4.9924095010e-01 5.1323018221e-01 5.1528670111e-01 5.1004161514e-01 5.1767432221e-01 1.4964106995e+00 2.5095347315e+00 3.1927303672e+00 7.9536295972e-01 1.1608425304e+00 1.4400308579e+00 0 0
1232 1.1948470838e+03 1.2455846519e+03 1.3027203748e+03 1.3953815786e+03 1.5253475014e+03 4.9893789508e-01 5.1294430466e-01 5.1500569154e-01 5.0977911900e-01 5.1741535866e-01 1.2713680399e+00 2.3547762036e+00 2.8940383643e+00 7.5163591710e-01 1.1700431034e+00 1.4286044687e+00 0 0
1233 1.1489090410e+03 1.2874206286e+03 1.2876401865e+03 1.3659081228e+03 1.4652742064e+03 4.9862856627e-01 5.1265419098e-01 5.1472620647e-01 5.0950120634e-01 5.1715809044e-01 1.2066427764e+00 1.7094130218e+00 2.4557734728e+00 7.4232462100e-01 1.0234793499e+00 1.3168575391e+00 0 0
1234 1.1450345625e+03 1.2769679420e+03 1.2603321487e+03 1.3493380785e+03 1.5047589508e+03 4.9831663420e-01 5.1237179072e-01 5.1446430371e-01 5.0923072014e-01 5.1690989648e-01 1.1901859127e+00 1.7908696756e+00 2.8848908842e+00 7.3322872657e-01 1.0286268964e+00 1.4018334895e+00 0 0
1235 1.1681031783e+03 1.2494274689e+03 1.2526968907e+03 1.3184542085e+03 1.5119740408e+03 4.9802686224e-01 5.1209970643e-01 5.1419284936e-01 5.0897579365e-01 5.1665249867e-01 1.3679809939e+00 2.0001164377e+00 2.4718450308e+00 7.5591038946e-01 1.0548356771e+00 1.3255241811e+00 0 0
1236 1.1300879655e+03 1.2491815821e+03 1.2600109127e+03 1.4257764551e+03 1.5091964749e+03 4.9775222084e-01 5.1184371036e-01 5.1390329495e-01 5.0871581111e-01 5.1641492489e-01 1.5197722994e+00 2.0824968815e+00 2.5500456691e+00 7.7913142395e-01 1.0867042989e+00 1.3031731546e+00 0 0
1237 1.0965244772e+03 1.2403071192e+03 1.2627078047e+03 1.3938402886e+03 1.5328941581e+03 4.9749755080e-01 5.1157916630e-01 5.1364402514e-01 5.0845697207e-01 5.1618065683e-01 1.8472264749e+00 1.9834206253e+00 3.0845866203e+00 8.2560060505e-01 1.0523565412e+00 1.4274451584e+00 0 0
1238 1.1744225360e+03 1.2682309037e+03 1.2466716188e+03 1.3389940254e+03 1.5033268108e+03 4.9721969051e-01 5.1129946698e-01 5.1338723744e-01 5.0820790497e-01 5.1592328370e-01 1.7722035043e+00 2.2861797661e+00 2.5317989290e+00 8.4175627003e-01 1.1065446362e+00 1.3463755399e+00 0 0
1239 1.1886366195e+03 1.2615706480e+03 1.2391848127e+03 1.3523566467e+03 1.4819421379e+03 4.9692782729e-01 5.1101140432e-01 5.1310639313e-01 5.0794510145e-01 5.1567088108e-01 1.4457294195e+00 2.2344565839e+00 2.5353207588e+00 7.7961579844e-01 1.1219967380e+00 1.3256686255e+00 0 0
1240 1.2591738869e+03 1.3076027684e+03 1.2222655706e+03 1.3135598578e+03 1.4578271502e+03 4.9661983680e-01 5.1073799078e-01 5.1282552841e-01 5.0768191135e-01 5.1544364665e-01 1.2021687498e+00 2.0587847382e+00 3.3252399415e+00 7.2879397886e-01 1.0733984932e+00 1.4360147268e+00 0 0
1241 1.3608958891e+03 1.2953909641e+03 1.3016748346e+03 1.3617849500e+03 1.5744370422e+03 4.9633019575e-01 5.1047584055e-01 5.1254959267e-01 5.0742717045e-01 5.1519597003e-01 1.3806352316e+00 2.3322522789e+00 2.9650987089e+00 7.5364825981e-01 1.1220638305e+00 1.4147382602e+00 0 0
1242 1.3964299028e+03 1.3052382445e+03 1.2934995651e+03 1.3636234818e+03 1.4889862323e+03 4.9604892839e-01 5.1019544555e-01 5.1227244996e-01 5.0717148850e-01 5.1493783594e-01 1.6573078635e+00 2.4434817433e+00 2.3137906790e+00 8.1056555644e-01 1.1458264366e+00 1.2771714330e+00 0 0
1243 1.2000967898e+03 1.2860189054e+03 1.4046799902e+03 1.3556134220e+03 1.4344331633e+03 4.9574214370e-01 5.0991039391e-01 5.1200366011e-01 5.0689475993e-01 5.1467554839e-01 1.4937866616e+00 2.1208813787e+00 2.0994125307e+00 7.9759988389e-01 1.1014289036e+00 1.2200387046e+00 0 0
1244 1.1731846398e+03 1.2920240420e+03 1.3060901098e+03 1.3358761170e+03 1.5174213324e+03 4.9541946500e-01 5.0963878049e-01 5.1173420675e-01 5.0661921502e-01 5.1440494913e-01 1.2221094644e+00 1.9124726355e+00 1.9935367703e+00 7.3290704419e-01 1.0414414629e+00 1.2004030347e+00 0 0
1245 1.1556363562e+03 1.2375222220e+03 1.2564873656e+03 1.3266626361e+03 1.4618124025e+03 4.9510441128e-01 5.0937626716e-01 5.1143538775e-01 5.0634825259e-01 5.1414430360e-01 1.4529226681e+00 1.9719971642e+00 2.0088000745e+00 7.8894950582e-01 1.0512697175e+00 1.1896134913e+00 0 0
1246 1.1894859877e+03 1.2128850935e+03 1.2329095161e+03 1.3399641786e+03 1.5048484974e+03 4.9478660631e-01 5.0908297546e-01 5.1113287045e-01 5.0607779695e-01 5.1388879095e-01 1.5335101800e+00 1.9810385033e+00 2.1459350288e+00 8.1188830074e-01 1.0461768284e+00 1.2099207491e+00 0 0
1247 1.2096502436e+03 1.2460236755e+03 1.1735475065e+03 1.2692023085e+03 1.4935178271e+03 4.9445577943e-01 5.0879498593e-01 5.1084586415e-01 5.0581758746e-01 5.1363151800e-01 1.4391221586e+00 2.1064167470e+00 2.3322303444e+00 7.9655350750e-01 1.0565095171e+00 1.2586520612e+00 0 0
1248 1.1925295130e+03 1.2377531054e+03 1.1813667932e+03 1.2814897581e+03 1.5090125911e+03 4.9414949062e-01 5.0851827326e-01 5.1057747177e-01 5.0556042768e-01 5.1337100171e-01 1.6062703059e+00 2.0940191746e+00 2.2147719711e+00 8.0751023576e-01 1.0473807454e+00 1.2376825362e+00 0 0
1249 1.1685163297e+03 1.2813108522e+03 1.1782401071e+03 1.2992500722e+03 1.5472583818e+03 4.9384167868e-01 5.0824039789e-01 5.1030610311e-01 5.0531708853e-01 5.1311667397e-01 1.8084483533e+00 2.5246214867e+00 2.4056878686e+00 8.6080174833e-01 1.1117222309e+00 1.2668185681e+00 0 0
1250 1.1687174223e+03 1.2474252483e+03 1.1864523273e+03 1.2938585703e+03 1.5212558956e+03 4.9349777271e-01 5.0795184059e-01 5.1002779589e-01 5.0505052250e-01 5.1284866268e-01 1.4140338759e+00 2.3673107475e+00 2.4219018519e+00 8.0546607298e-01 1.1261763573e+00 1.2969703153e+00 0 0
1251 1.2308832036e+03 1.2295158092e+03 1.1934232799e+03 1.3142225839e+03 1.6218645135e+03 4.9314249738e-01 5.0766619280e-01 5.0973848803e-01 5.0476017555e-01 5.1258019418e-01 1.1375725061e+00 1.7360629663e+00 2.1648592204e+00 7.3240623988e-01 1.0131055489e+00 1.2242196575e+00 0 0
1252 1.4088216913e+03 1.2059489002e+03 1.2063158790e+03 1.3557401115e+03 1.5861316150e+03 4.9283130293e-01 5.0738759206e-01 5.0943735046e-01 5.0447133587e-01 5.1231748544e-01 1.4549580980e+00 1.5309441388e+00 2.4160171002e+00 7.7505496036e-01 9.4051590189e-01 1.2746066973e+00 0 0
1253 1.3552043294e+03 1.1793953430e+03 1.1681092094e+03 1.3485586750e+03 1.4776254600e+03 4.9252721501e-01 5.0710597098e-01 5.0915168441e-01 5.0419710974e-01 5.1205483739e-01 1.8596529056e+00 1.7112555280e+00 2.4735765904e+00 8.6833475527e-01 9.7295517102e-01 1.2817497775e+00 0 0
1254 1.2269465106e+03 1.1876642518e+03 1.1825965605e+03 1.3858805865e+03 1.5179962121e+03 4.9219450182e-01 5.0684090087e-01 5.0888289056e-01 5.0393413676e-01 5.1178090655e-01 1.4978699684e+00 1.8922546059e+00 2.2375685126e+00 8.1737838061e-01 1.0044001043e+00 1.2389731258e+00 0 0
1255 1.1814463285e+03 1.2093093070e+03 1.2146014779e+03 1.4787227597e+03 1.4325465961e+03 4.9186314255e-01 5.0658271320e-01 5.0857791610e-01 5.0366668319e-01 5.1152426316e-01 1.3648070777e+00 1.7847395688e+00 2.3499458134e+00 7.7954352255e-01 9.7881267220e-01 1.2275140360e+00 0 0
1256 1.1389420434e+03 1.2398321963e+03 1.2118430179e+03 1.5060253982e+03 1.4223570227e+03 4.9154390983e-01 5.0628704048e-01 5.0826709388e-01 5.0341255971e-01 5.1128610229e-01 1.3146464948e+00 1.9101228043e+00 3.0554796904e+00 7.5003403813e-01 9.9013046920e-01 1.3448445350e+00 0 0
1257 1.0999333975e+03 1.2018866419e+03 1.1858420004e+03 1.4040448711e+03 1.4878812117e+03 4.9126883404e-01 5.0598951839e-01 5.0799037093e-01 5.0315072702e-01 5.1103298653e-01 1.8805849753e+00 2.0264581889e+00 2.7984574288e+00 8.3109067437e-01 1.0339383185e+00 1.3250186294e+00 0 0
1258 1.1581548505e+03 1.2047808411e+03 1.1660804539e+03 1.3947730998e+03 1.4751386376e+03 4.9097756121e-01 5.0570813785e-01 5.0771955941e-01 5.0288194905e-01 5.1077638560e-01 1.8117511176e+00 1.8086041957e+00 2.3944675475e+00 8.3789884667e-01 9.8324129358e-01 1.2339481190e+00 0 0
1259 1.0969966308e+03 1.1929875838e+03 1.1820464775e+03 1.3554784211e+03 1.4885049546e+03 4.9068918752e-01 5.0542351963e-01 5.0743438174e-01 5.0261297998e-01 5.1051359608e-01 1.5613992275e+00 1.8069488406e+00 2.4863983393e+00 7.7266965636e-01 9.8669924960e-01 1.2651931942e+00 0 0
1260 1.1297704107e+03 1.1825338790e+03 1.1736852751e+03 1.2931354337e+03 1.5003481263e+03 4.9038769788e-01 5.0515156809e-01 5.0714337271e-01 5.0233511961e-01 5.1024205049e-01 1.4226269279e+00 1.7338168323e+00 2.3757708073e+00 7.5258340827e-01 9.8530193418e-01 1.2529671490e+00 0 0
1261 1.1785934954e+03 1.1633992221e+03 1.1647676807e+03 1.2627227526e+03 1.4277096168e+03 4.9007768132e-01 5.0489000592e-01 5.0686726563e-01 5.0205733936e-01 5.0998020026e-01 1.1780186285e+00 1.6196470112e+00 2.3206074536e+00 6.9152737879e-01 9.4540756568e-01 1.2259163633e+00 0 0
1262 1.2136884422e+03 1.1555440818e+03 1.1819432093e+03 1.2949251909e+03 1.4075048845e+03 4.8979087928e-01 5.0463768559e-01 5.0659492031e-01 5.0180131390e-01 5.0972971921e-01 1.4465517489e+00 2.0362339765e+00 2.4974348098e+00 7.3589469810e-01 1.0180165693e+00 1.2487812340e+00 0 0
1263 1.1781121968e+03 1.1946466528e+03 1.1430978742e+03 1.2885721749e+03 1.4579941701e+03 4.8949735066e-01 5.0437387072e-01 5.0634317252e-01 5.0154973859e-01 5.0948259822e-01 1.5046997838e+00 2.0861877352e+00 2.5091214329e+00 7.5970750284e-01 1.0226412639e+00 1.2374076918e+00 0 0
1264 1.1891921099e+03 1.1763426903e+03 1.1565145373e+03 1.2729649445e+03 1.3890269076e+03 4.8920226396e-01 5.0409790312e-01 5.0607034603e-01 5.0128605250e-01 5.0924552479e-01 1.5093942744e+00 1.8647662476e+00 2.8769245893e+00 7.6327229505e-01 9.8606555909e-01 1.2986193895e+00 0 0
1265 1.1845763135e+03 1.2130853742e+03 1.2016940646e+03 1.2906769542e+03 1.4211572749e+03 4.8888714604e-01 5.0380770611e-01 5.0577697081e-01 5.0102659762e-01 5.0899673302e-01 1.3573323988e+00 1.9503829256e+00 2.5715283900e+00 7.4629003594e-01 1.0009664670e+00 1.2626362517e+00 0 0
1266 1.1010512172e+03 1.2543830157e+03 1.2055818616e+03 1.3162995480e+03 1.5265513421e+03 4.8856402318e-01 5.0352571871e-01 5.0548393053e-01 5.0076277199e-01 5.0873153784e-01 1.1041261952e+00 1.9819336385e+00 2.0253662914e+00 6.8051969464e-01 1.0179648101e+00 1.1565578803e+00 0 0
1267 1.1170667387e+03 1.2769280520e+03 1.2532038442e+03 1.2488516725e+03 1.5089368774e+03 4.8826773121e-01 5.0324527994e-01 5.0521154851e-01 5.0049222369e-01 5.0845605683e-01 1.2325671540e+00 1.8558927849e+00 1.8859716430e+00 6.8728481580e-01 9.9137284607e-01 1.1348903030e+00 0 0
1268 1.1506824171e+03 1.2712810468e+03 1.2749193602e+03 1.2706159923e+03 1.4819794196e+03 4.8798250343e-01 5.0295765206e-01 5.0494357296e-01 5.0024668983e-01 5.0820322460e-01 1.5722661779e+00 2.2560517341e+00 2.1412712038e+00 7.5936247406e-01 1.0397207811e+00 1.1528728232e+00 0 0
1269 1.1535064772e+03 1.3228139041e+03 1.1773038584e+03 1.2980131933e+03 1.4866672459e+03 4.8767834321e-01 5.0267081226e-01 5.0465640317e-01 4.9998246500e-01 5.0795101209e-01 1.4016304334e+00 2.3530511558e+00 2.5990145952e+00 7.4103224403e-01 1.1004536450e+00 1.2709015608e+00 0 0
1270 1.1640080293e+03 1.3218661525e+03 1.1382029696e+03 1.2908000426e+03 1.5334051976e+03 4.8737047710e-01 5.0239807370e-01 5.0439175345e-01 4.9970560336e-01 5.0768288409e-01 1.2247602828e+00 1.9092414901e+00 2.1169888079e+00 6.9870359552e-01 1.0062270984e+00 1.1876498759e+00 0 0
1271 1.1664970955e+03 1.2515619242e+03 1.1742964383e+03 1.3085129919e+03 1.4483247219e+03 4.8708646374e-01 5.0213249711e-01 5.0413624715e-01 4.9941984143e-01 5.0742920403e-01 1.4294574234e+00 1.9822393209e+00 2.2465372086e+00 7.2132564521e-01 1.0343014821e+00 1.1870586276e+00 0 0
1272 1.1645997618e+03 1.1873236185e+03 1.2213333390e+03 1.3208806721e+03 1.4230686912e+03 4.8677930628e-01 5.0183997689e-01 5.0384784851e-01 4.9912625488e-01 5.0719726777e-01 1.4205380471e+00 1.8560653850e+00 2.8407582343e+00 7.4392550419e-01 1.0107150003e+00 1.2756995931e+00 0 0
1273 1.1171342972e+03 1.1912622507e+03 1.2389783594e+03 1.3228241569e+03 1.4741809590e+03 4.8646004329e-01 5.0153637193e-01 5.0355587576e-01 4.9881396979e-01 5.0695122205e-01 1.1412981535e+00 1.8125927150e+00 2.6669259071e+00 6.8096910375e-01 1.0214121342e+00 1.2738418281e+00 0 0
1274 1.0765013421e+03 1.1673329110e+03 1.2439951266e+03 1.3180209596e+03 1.4966505938e+03 4.8616559985e-01 5.0125350911e-01 5.0327143779e-01 4.9850721093e-01 5.0669928676e-01 1.2147986994e+00 1.8356307223e+00 2.2951559275e+00 6.7363394685e-01 1.0196652114e+00 1.1895568594e+00 0 0
1275 1.1124533130e+03 1.1702457007e+03 1.2499642495e+03 1.3092382327e+03 1.5212010058e+03 4.8588763101e-01 5.0100012406e-01 5.0298000949e-01 4.9821576572e-01 5.0644434327e-01 1.5713725151e+00 2.0017824471e+00 2.3423805833e+00 7.4229110337e-01 1.0400163978e+00 1.2068463415e+00 0 0
1276 1.0777808030e+03 1.2054673886e+03 1.1996163970e+03 1.3052433681e+03 1.5692921971e+03 4.8556817608e-01 5.0071492620e-01 5.0267237438e-01 4.9790469159e-01 5.0619123953e-01 1.1736745656e+00 1.8832631633e+00 2.5201187432e+00 6.8729984252e-01 1.0367098525e+00 1.2552160546e+00 0 0
1277 1.0913359802e+03 1.1800170020e+03 1.1750044149e+03 1.3073816390e+03 1.5025410144e+03 4.8523939126e-01 5.0040691167e-01 5.0236451707e-01 4.9758473583e-01 5.0593212027e-01 9.6461343710e-01 1.5912224874e+00 2.3159162253e+00 6.3097285635e-01 9.6767077595e-01 1.2101686299e+00 0 0
1278 1.0652479420e+03 1.1643034398e+03 1.2155164026e+03 1.2876911509e+03 1.4339893654e+03 4.8490595517e-01 5.0010598776e-01 5.0203876026e-01 4.9732573076e-01 5.0565564746e-01 9.2030522664e-01 2.4268589020e+00 2.1768340617e+00 6.1904910006e-01 1.0801563039e+00 1.1972481832e+00 0 0
1279 1.0875148294e+03 1.2098912658e+03 1.2631238063e+03 1.2818820149e+03 1.5103577391e+03 4.8456940689e-01 4.9980579139e-01 5.0170435980e-01 4.9703913965e-01 5.0538368266e-01 8.9135978165e-01 2.7503639609e+00 2.1622558236e+00 6.1204274933e-01 1.2085194886e+00 1.1858184785e+00 0 0
1280 1.0910322443e+03 1.2105707332e+03 1.2259800671e+03 1.3299505630e+03 1.4826661796e+03 4.8424204232e-01 4.9949211924e-01 5.0137511986e-01 4.9673307936e-01 5.0510831696e-01 9.2478565370e-01 1.8331555650e+00 2.2777186334e+00 6.1078731031e-01 1.0177824125e+00 1.2194345891e+00 0 0
1281 1.0343866552e+03 1.2098182715e+03 1.2243162377e+03 1.4005954984e+03 1.4648440190e+03 4.8393853187e-01 4.9916658273e-01 5.0105135785e-01 4.9644367159e-01 5.0481948548e-01 1.0622583437e+00 2.0179641396e+00 2.2830279022e+00 6.3373848545e-01 1.0462655723e+00 1.2304653302e+00 0 0
1282 1.0896971550e+03 1.1849287426e+03 1.2543676694e+03 1.4277573323e+03 1.5256852559e+03 4.8363792130e-01 4.9885237433e-01 5.0073523366e-01 4.9615280383e-01 5.0453887492e-01 1.2452350345e+00 2.0212647915e+00 2.4461612552e+00 6.7851306857e-01 1.0526088327e+00 1.2512430698e+00 0 0
1283 1.0423899773e+03 1.1855389070e+03 1.2554325450e+03 1.3623990788e+03 1.5270993746e+03 4.8332608544e-01 4.9854778818e-01 5.0040979715e-01 4.9587695288e-01 5.0425470174e-01 1.1125542887e+00 2.1320090592e+00 2.7933631837e+00 6.5361776701e-01 1.0521875247e+00 1.3473000750e+00 0 0
1284 1.0597130711e+03 1.1999111946e+03 1.2652027506e+03 1.3112551239e+03 1.4930818799e+03 4.8303826016e-01 4.9822304661e-01 5.0008299437e-01 4.9559775602e-01 5.0394172936e-01 1.2811669056e+00 2.0638343990e+00 2.2304567546e+00 6.7391696754e-01 1.0412520990e+00 1.2543378025e+00 0 0
1285 1.0519927213e+03 1.1725004264e+03 1.2520249099e+03 1.2280905911e+03 1.6143652003e+03 4.8274381436e-01 4.9789860821e-01 4.9977715823e-01 4.9533199595e-01 5.0363545743e-01 1.3049336692e+00 1.9425255433e+00 2.0704642385e+00 6.8313502484e-01 9.8609736189e-01 1.1979936510e+00 0 0
1286 1.0461483315e+03 1.2112917691e+03 1.1658525314e+03 1.2917436859e+03 1.4760435292e+03 4.8244483790e-01 4.9758927065e-01 4.9947527059e-01 4.9507502351e-01 5.0335723933e-01 1.2229157948e+00 2.2047249079e+00 2.3829441220e+00 6.6853004553e-01 1.0272005126e+00 1.2317268848e+00 0 0
1287 1.0592065981e+03 1.1739843483e+03 1.1723667302e+03 1.2508368199e+03 1.5112556038e+03 4.8213832486e-01 4.9726982549e-01 4.9917319486e-01 4.9481335106e-01 5.0309041222e-01 1.1322584000e+00 2.1814525723e+00 3.1883425564e+00 6.5186261448e-01 1.0284987465e+00 1.3924357891e+00 0 0
1288 1.0280589514e+03 1.1885560567e+03 1.2165170056e+03 1.3103915445e+03 1.5684685206e+03 4.8183206095e-01 4.9695824823e-01 4.9886721235e-01 4.9454102973e-01 5.0280344126e-01 1.0874929197e+00 1.8114028275e+00 2.9024854898e+00 6.3494847797e-01 9.5930531994e-01 1.3765119389e+00 0 0
1289 1.0490248819e+03 1.1563502929e+03 1.2866349521e+03 1.3151054140e+03 1.5754594568e+03 4.8151998611e-01 4.9667736152e-01 4.9856621025e-01 4.9426546512e-01 5.0250871812e-01 1.0167520832e+00 1.7081209198e+00 2.3554207385e+00 6.2118289059e-01 9.3013024703e-01 1.2632559612e+00 0 0
1290 1.0560001266e+03 1.1635817010e+03 1.2291244852e+03 1.3234464477e+03 1.6286359323e+03 4.8120866252e-01 4.9640051655e-01 4.9826989335e-01 4.9399263807e-01 5.0222744539e-01 1.0836169489e+00 1.9894861877e+00 2.5143493414e+00 6.3739608761e-01 9.9605287984e-01 1.2793618813e+00 0 0
1291 1.0296249524e+03 1.1552763739e+03 1.2135185928e+03 1.3012223100e+03 1.6159712250e+03 4.8095014196e-01 4.9610354130e-01 4.9797742705e-01 4.9369960531e-01 5.0195231076e-01 1.6058017030e+00 1.6638594121e+00 2.6702948958e+00 7.0875511646e-01 9.4768075272e-01 1.3099039048e+00 0 0
1292 1.0435841482e+03 1.1551400889e+03 1.1858832679e+03 1.3089398382e+03 1.4916452326e+03 4.8067205191e-01 4.9580275289e-01 4.9768340324e-01 4.9341426698e-01 5.0166045913e-01 1.7868396078e+00 1.6697071046e+00 2.3965979517e+00 7.7361304375e-01 9.3612185866e-01 1.2831147388e+00 0 0
1293 1.0156543574e+03 1.1803843124e+03 1.1443040461e+03 1.3278875141e+03 1.4481569321e+03 4.8036713793e-01 4.9550357758e-01 4.9737737611e-01 4.9312194778e-01 5.0136260023e-01 1.1426213778e+00 1.6076854765e+00 1.9133560508e+00 6.4247374933e-01 9.2489231750e-01 1.1567557901e+00 0 0
1294 1.0078820421e+03 1.3036931196e+03 1.1551466898e+03 1.4080385293e+03 1.4907519914e+03 4.8009773104e-01 4.9520445516e-01 4.9707460589e-01 4.9283916442e-01 5.0108974160e-01 1.3224012857e+00 1.6737274751e+00 2.0734980255e+00 6.5234406006e-01 9.2892449722e-01 1.1570511758e+00 0 0
1295 9.9449549147e+02 1.3711711235e+03 1.1752987918e+03 1.4430300586e+03 1.4438834787e+03 4.7981987291e-01 4.9492881138e-01 4.9678358314e-01 4.9255999469e-01 5.0083152958e-01 1.3334598098e+00 1.5819812417e+00 2.2633983046e+00 6.6201408619e-01 8.9746615663e-01 1.1778520048e+00 0 0
1296 1.0245241461e+03 1.2462729436e+03 1.1342443520e+03 1.4297408856e+03 1.4222602610e+03 4.7951464523e-01 4.9464961652e-01 4.9651645635e-01 4.9229776820e-01 5.0058358275e-01 9.6649692985e-01 2.0716661215e+00 2.6225973070e+00 5.8677359323e-01 9.9523663148e-01 1.2312964350e+00 0 0
1297 9.8044064481e+02 1.1713532238e+03 1.1431017015e+03 1.2752796752e+03 1.5038078335e+03 4.7922243495e-01 4.9434312355e-01 4.9622674156e-01 4.9200463192e-01 5.0031285454e-01 9.2666854670e-01 1.6853252053e+00 2.3734042943e+00 5.6504993299e-01 9.4823533669e-01 1.2137705833e+00 0 0
1298 9.8566215498e+02 1.1722909728e+03 1.2176434720e+03 1.2867577472e+03 1.4715376312e+03 4.7892754538e-01 4.9402326147e-01 4.9593205327e-01 4.9169676134e-01 5.0003436004e-01 1.0273046227e+00 1.3939891085e+00 1.9016387910e+00 5.8635052671e-01 8.7895317376e-01 1.1085442677e+00 0 0
1299 1.0126587827e+03 1.1926034546e+03 1.2686694309e+03 1.2894812911e+03 1.3999898214e+03 4.7862754811e-01 4.9372182122e-01 4.9564196398e-01 4.9139848944e-01 4.9977771581e-01 8.9493282649e-01 1.3525749072e+00 2.1288491786e+00 5.5724200710e-01 8.4967277572e-01 1.1310262159e+00 0 0
1300 1.0067336874e+03 1.1505583970e+03 1.2892849278e+03 1.2413884364e+03 1.5079282145e+03 4.7830889528e-01 4.9347120041e-01 4.9533795994e-01 4.9112623023e-01 4.9953091265e-01 7.9151936611e-01 1.6897320598e+00 2.9236844927e+00 5.3272578784e-01 9.1206973791e-01 1.2914895043e+00 0 0
1301 1.0000581819e+03 1.1607615496e+03 1.2581203241e+03 1.2733123144e+03 1.4883621871e+03 4.7799879884e-01 4.9318091248e-01 4.9505456206e-01 4.9085036261e-01 4.9926461159e-01 7.4985900925e-01 1.8541596457e+00 2.6409170926e+00 5.1769111213e-01 9.5885208249e-01 1.2720498815e+00 0 0
1302 1.0027112816e+03 1.2214118879e+03 1.2043060242e+03 1.2079475361e+03 1.3897839760e+03 4.7773678114e-01 4.9288156962e-01 4.9475288642e-01 4.9055639707e-01 4.9898867040e-01 1.0127494361e+00 1.4779920205e+00 2.1130827963e+00 5.5307439765e-01 8.7758005410e-01 1.1621161401e+00 0 0
1303 9.9884042313e+02 1.1905838379e+03 1.1381957762e+03 1.2182617740e+03 1.5038262865e+03 4.7749457371e-01 4.9259894799e-01 4.9442619377e-01 4.9029113391e-01 4.9871729267e-01 1.7152195397e+00 1.6663807109e+00 2.1342721581e+00 6.8955408448e-01 8.8620788604e-01 1.1541092396e+00 0 0
1304 9.7663797968e+02 1.2023663127e+03 1.1125702225e+03 1.2183095871e+03 1.6171601652e+03 4.7721495470e-01 4.9231709836e-01 4.9414605895e-01 4.9004082356e-01 4.9845144114e-01 1.1297740151e+00 2.2482393980e+00 2.1432363242e+00 6.0301139017e-01 1.0009730533e+00 1.1496490836e+00 0 0
1305 9.9189769595e+02 1.1739944634e+03 1.1022458891e+03 1.2483782480e+03 1.5858456734e+03 4.7695229445e-01 4.9204285919e-01 4.9386754325e-01 4.8976909558e-01 4.9819144935e-01 1.1320806609e+00 1.9157066569e+00 2.2450797856e+00 5.8523573266e-01 9.6456047148e-01 1.1569819152e+00 0 0
1306 1.0617717410e+03 1.1524835682e+03 1.1388657735e+03 1.2337458207e+03 1.5665021545e+03 4.7668115837e-01 4.9173389540e-01 4.9359351993e-01 4.8951004152e-01 4.9793062285e-01 1.1427081570e+00 1.8994207010e+00 2.5219505876e+00 5.9234572758e-01 9.3931176141e-01 1.2209525555e+00 0 0
1307 1.1481985741e+03 1.2266463427e+03 1.1168080632e+03 1.2197560207e+03 1.5497151351e+03 4.7641150745e-01 4.9143829404e-01 4.9330105011e-01 4.8925221254e-01 4.9764249754e-01 1.0046572233e+00 2.0209597796e+00 2.0231705010e+00 5.5608997369e-01 9.6296541393e-01 1.1565908343e+00 0 0
1308 1.0988080018e+03 1.3453213835e+03 1.1054782902e+03 1.2260293634e+03 1.4577539230e+03 4.7616538466e-01 4.9115483272e-01 4.9301767425e-01 4.8898023925e-01 4.9735281279e-01 1.2176199170e+00 1.8363320008e+00 1.7431899831e+00 5.8474319629e-01 9.4039650634e-01 1.0747647434e+00 0 0
1309 9.9853815011e+02 1.3104271250e+03 1.1105408029e+03 1.2114512991e+03 1.3881600232e+03 4.7589941164e-01 4.9087777528e-01 4.9271696875e-01 4.8870468685e-01 4.9706554604e-01 1.1820471485e+00 1.6262092888e+00 1.7274981663e+00 5.9318029884e-01 8.9385298267e-01 1.0599050373e+00 0 0
1310 9.6348885590e+02 1.1712906877e+03 1.1485425547e+03 1.2183937172e+03 1.3773460894e+03 4.7561126204e-01 4.9058763097e-01 4.9241391386e-01 4.8844262536e-01 4.9681372316e-01 7.9284552724e-01 1.7576636821e+00 2.2650075108e+00 5.0468176741e-01 9.0708718821e-01 1.1342423558e+00 0 0
1311 9.6666736501e+02 1.2017606355e+03 1.1023024766e+03 1.2284939967e+03 1.3789387224e+03 4.7531480357e-01 4.9029396040e-01 4.9212419220e-01 4.8817958199e-01 4.9657861409e-01 7.1792141809e-01 1.8627685457e+00 3.1990042031e+00 4.8413883509e-01 9.3471463397e-01 1.3025012910e+00 0 0
1312 9.5192114825e+02 1.1629321240e+03 1.1058392740e+03 1.2310522938e+03 1.3444763851e+03 4.7502647491e-01 4.8999425340e-01 4.9184461761e-01 4.8791857461e-01 4.9630445110e-01 7.3889486194e-01 1.8943101615e+00 2.3166752905e+00 4.8487683981e-01 9.3604507670e-01 1.1996052712e+00 0 0
1313 9.2592034987e+02 1.0861911664e+03 1.1116627749e+03 1.2007659014e+03 1.4008565237e+03 4.7475553769e-01 4.8971906804e-01 4.9156019040e-01 4.8765825752e-01 4.9604704020e-01 7.8373803605e-01 1.9438995570e+00 1.9810895249e+00 4.8407074794e-01 9.4535572082e-01 1.0759530589e+00 0 0
1314 9.2946333292e+02 1.1302243693e+03 1.0980973318e+03 1.2086203912e+03 1.4311727708e+03 4.7447660149e-01 4.8946670829e-01 4.9126903785e-01 4.8739885269e-01 4.9576976436e-01 8.1542700890e-01 1.7915731743e+00 2.1839358509e+00 4.9678385844e-01 9.0740615502e-01 1.1652752832e+00 0 0
1315 9.5084245424e+02 1.1391076551e+03 1.0997649181e+03 1.1912195432e+03 1.4933201264e+03 4.7420368449e-01 4.8918432094e-01 4.9095808932e-01 4.8715317697e-01 4.9548363842e-01 8.3676826061e-01 2.1145542562e+00 1.7165625542e+00 5.0166747659e-01 9.5789948478e-01 1.0466304421e+00 0 0
1316 9.7015208126e+02 1.1238664845e+03 1.1062639265e+03 1.2144689169e+03 1.4560997562e+03 4.7394640635e-01 4.8887908061e-01 4.9065494484e-01 4.8688886410e-01 4.9523477439e-01 9.4811919791e-01 1.9604471028e+00 2.2583273798e+00 5.1710853645e-01 9.5516664907e-01 1.1313786805e+00 0 0
1317 9.5192794554e+02 1.1115829366e+03 1.1739632128e+03 1.2008951869e+03 1.3905463854e+03 4.7371471943e-01 4.8858516821e-01 4.9035983367e-01 4.8661747062e-01 4.9498725704e-01 1.3699605541e+00 1.6762546822e+00 2.5934202671e+00 5.8914508455e-01 8.9560911059e-01 1.2104254588e+00 0 0
1318 9.2860250217e+02 1.2251753446e+03 1.0952642375e+03 1.2254750099e+03 1.3323819835e+03 4.7346285150e-01 4.8830658171e-01 4.9005368415e-01 4.8633734211e-01 4.9472781900e-01 1.1993926604e+00 1.5573490933e+00 2.2313716710e+00 5.7552421311e-01 8.7548135966e-01 1.1370589510e+00 0 0
1319 9.5766333984e+02 1.1582668626e+03 1.1858252928e+03 1.2195244975e+03 1.4153392703e+03 4.7319801993e-01 4.8802361268e-01 4.8974861666e-01 4.8604639248e-01 4.9448027491e-01 9.7628145805e-01 1.4279374927e+00 2.5256883949e+00 5.2889241542e-01 8.5700854659e-01 1.1841682866e+00 0 0
1320 1.0377066524e+03 1.1030783630e+03 1.2326358951e+03 1.1815317389e+03 1.4887842355e+03 4.7293839301e-01 4.8775040134e-01 4.8946835421e-01 4.8575943259e-01 4.9422619288e-01 1.0967357005e+00 1.3902271986e+00 2.4375128299e+00 5.5211898248e-01 8.3633551747e-01 1.1856933087e+00 0 0
1321 1.0303525297e+03 1.0761148289e+03 1.1263010255e+03 1.1736092834e+03 1.4485173454e+03 4.7268595568e-01 4.8748940258e-01 4.8919776101e-01 4.8549788150e-01 4.9396601376e-01 1.1388153831e+00 1.6432266608e+00 2.1696940362e+00 5.5759945600e-01 8.6370887235e-01 1.1254149601e+00 0 0
1322 9.9597291370e+02 1.1390182176e+03 1.1025145124e+03 1.1643257706e+03 1.4528155423e+03 4.7242190285e-01 4.8721320471e-01 4.8890213248e-01 4.8524800968e-01 4.9370375412e-01 9.8226931471e-01 1.7286085337e+00 2.1743104309e+00 5.2985640055e-01 8.6910453439e-01 1.1390339583e+00 0 0
1323 9.7544936663e+02 1.1908291229e+03 1.1201985873e+03 1.1313570391e+03 1.3802823986e+03 4.7216164783e-01 4.8692968041e-01 4.8861119478e-01 4.8499675838e-01 4.9343551703e-01 9.6448878398e-01 1.6423257738e+00 1.8722953573e+00 5.1685202104e-01 8.4331370145e-01 1.0766012073e+00 0 0
1324 9.4598349854e+02 1.2545143981e+03 1.1425605017e+03 1.1426692435e+03 1.4623404186e+03 4.7190597872e-01 4.8665244021e-01 4.8835053145e-01 4.8476427477e-01 4.9315924689e-01 9.6265385927e-01 2.0662505478e+00 1.7766831070e+00 5.0992880780e-01 9.0221396834e-01 1.0429535881e+00 0 0
1325 8.8724964311e+02 1.1890990812e+03 1.1309551826e+03 1.1514709071e+03 1.6371699667e+03 4.7165343862e-01 4.8637049645e-01 4.8806880371e-01 4.8451451385e-01 4.9290251887e-01 9.2976596588e-01 1.7919404209e+00 2.0026811063e+00 4.9793990536e-01 8.7361686677e-01 1.0754557773e+00 0 0
1326 9.1619297059e+02 1.1351679391e+03 1.1156063374e+03 1.1404093563e+03 1.5456367620e+03 4.7139512919e-01 4.8607401384e-01 4.8776970536e-01 4.8424855032e-01 4.9265829775e-01 9.1287171966e-01 1.3775748089e+00 2.4692836255e+00 4.9630461403e-01 7.9074828699e-01 1.1755925640e+00 0 0
1327 9.2889955899e+02 1.1219216773e+03 1.0838263814e+03 1.1417565415e+03 1.4475162348e+03 4.7110844619e-01 4.8577868257e-01 4.8747710382e-01 4.8397924247e-01 4.9238718664e-01 7.0335648323e-01 1.3271404430e+00 2.0704181939e+00 4.5604947826e-01 7.7145474032e-01 1.1217406541e+00 0 0
1328 9.0113247815e+02 1.0758096951e+03 1.1455030554e+03 1.1598249868e+03 1.3706333390e+03 4.7081570090e-01 4.8548935751e-01 4.8720772383e-01 4.8372105510e-01 4.9211018014e-01 6.0774562208e-01 1.4057030454e+00 1.7570166066e+00 4.2840297430e-01 7.8369561955e-01 1.0466502607e+00 0 0
1329 8.7826608392e+02 1.0680521991e+03 1.0928339878e+03 1.2058545725e+03 1.3761695026e+03 4.7053899838e-01 4.8520705727e-01 4.8695248173e-01 4.8345603517e-01 4.9184418290e-01 6.6281431503e-01 1.2807519436e+00 1.9617467970e+00 4.3306082320e-01 7.5690625980e-01 1.0815395862e+00 0 0
1330 8.8591212412e+02 1.0356587879e+03 1.0729530512e+03 1.2046148762e+03 1.3030410584e+03 4.7029159613e-01 4.8492848777e-01 4.8667376059e-01 4.8321064769e-01 4.9157995083e-01 8.1481397803e-01 1.4991688579e+00 2.0818679035e+00 4.5612258000e-01 7.8697387129e-01 1.1069486216e+00 0 0
1331 8.8335134501e+02 1.1029133579e+03 1.0394457658e+03 1.1741056171e+03 1.3126563716e+03 4.7005284837e-01 4.8464285059e-01 4.8639670381e-01 4.8297716205e-01 4.9133236643e-01 1.0224958958e+00 1.9525124207e+00 2.0601140708e+00 5.0100019690e-01 8.8067933545e-01 1.0693382397e+00 0 0
1332 8.9029147478e+02 1.0647553710e+03 1.0550538493e+03 1.1539353318e+03 1.2841487453e+03 4.6980295646e-01 4.8436719111e-01 4.8614773714e-01 4.8272088637e-01 4.9110098891e-01 8.8863080484e-01 1.4939145371e+00 2.3393845111e+00 4.7613077595e-01 8.0948567390e-01 1.0921844840e+00 0 0
1333 8.6738238657e+02 1.0415360651e+03 1.0525228620e+03 1.1544728234e+03 1.3112829595e+03 4.6955467190e-01 4.8409227114e-01 4.8588659663e-01 4.8245487923e-01 4.9086291547e-01 8.2935154713e-01 1.2261033356e+00 2.3674263507e+00 4.6118032609e-01 7.4644243717e-01 1.1076017320e+00 0 0
1334 8.6619030827e+02 1.0477768131e+03 1.0289635562e+03 1.2536645285e+03 1.2783848208e+03 4.6931479769e-01 4.8382491268e-01 4.8559724043e-01 4.8220061507e-01 4.9061865213e-01 8.5735562006e-01 1.2422222272e+00 2.0747797787e+00 4.6056420862e-01 7.3685983196e-01 1.0527289212e+00 0 0
1335 8.5981202199e+02 1.0778218777e+03 1.0472154148e+03 1.3531866095e+03 1.3085426053e+03 4.6906510724e-01 4.8355544977e-01 4.8531530823e-01 4.8196681406e-01 4.9037728761e-01 8.2722496111e-01 1.4579989389e+00 2.0911707431e+00 4.5773460766e-01 7.6133053750e-01 1.0454660356e+00 0 0
1336 8.6380117567e+02 1.0951850871e+03 1.0622691514e+03 1.2171354690e+03 1.2970208171e+03 4.6881635961e-01 4.8327691159e-01 4.8504192250e-01 4.8174308339e-01 4.9012428631e-01 7.8477688619e-01 1.8750240654e+00 1.8752890676e+00 4.4406824898e-01 8.3950324357e-01 1.0091865361e+00 0 0
1337 8.3514934352e+02 1.0420921264e+03 1.1025933067e+03 1.1617088706e+03 1.2960370365e+03 4.6859889007e-01 4.8301226677e-01 4.8476051471e-01 4.8148568531e-01 4.8986702698e-01 1.0086645104e+00 1.3195437938e+00 1.6790735275e+00 4.7027154542e-01 7.5541082025e-01 9.6753985062e-01 0 0
1338 8.6018503965e+02 1.0566168298e+03 1.0752782779e+03 1.1512131644e+03 1.2519733424e+03 4.6836536772e-01 4.8275800089e-01 4.8449594090e-01 4.8122769484e-01 4.8964093975e-01 1.0117397331e+00 1.0777186826e+00 2.1348637193e+00 4.8781289864e-01 6.8328092992e-01 1.0190330371e+00 0 0
1339 8.3184473762e+02 1.0178974961e+03 1.0883275587e+03 1.1373920828e+03 1.2676661627e+03 4.6811758639e-01 4.8250187142e-01 4.8422816657e-01 4.8098950766e-01 4.8940910669e-01 6.9049498551e-01 1.2259489000e+00 2.3636654317e+00 4.1537787038e-01 6.9644197077e-01 1.0865482166e+00 0 0
1340 8.3121172133e+02 1.0141990374e+03 1.0838947712e+03 1.1749894680e+03 1.2949502886e+03 4.6787405540e-01 4.8224825672e-01 4.8394847679e-01 4.8076178984e-01 4.8916541988e-01 7.1138276790e-01 1.5259811953e+00 1.9470715374e+00 4.1515937143e-01 7.5961971283e-01 1.0171576813e+00 0 0
1341 8.5769375025e+02 1.0319571818e+03 1.0973093798e+03 1.1355790373e+03 1.2539150689e+03 4.6762419548e-01 4.8200568500e-01 4.8368919582e-01 4.8053167424e-01 4.8892870865e-01 6.6583260507e-01 1.4235346615e+00 2.0081478953e+00 4.0598026831e-01 7.3567472026e-01 1.0193481445e+00 0 0
1342 8.4854449043e+02 1.0254738539e+03 1.0797579590e+03 1.1060584297e+03 1.2669439609e+03 4.6738099264e-01 4.8176084317e-01 4.8344050824e-01 4.8032362542e-01 4.8870716975e-01 5.9791296553e-01 1.9653477669e+00 2.2958554924e+00 3.7931613533e-01 8.1991955265e-01 1.0603846759e+00 0 0
1343 8.4649056488e+02 1.0214050372e+03 1.0148724366e+03 1.1346384887e+03 1.2483589227e+03 4.6714191172e-01 4.8150963873e-01 4.8317058453e-01 4.8008437821e-01 4.8848330711e-01 6.1627764749e-01 1.4664180875e+00 2.2706771195e+00 3.7882406101e-01 7.6122912765e-01 1.0622303188e+00 0 0
1344 8.3840417777e+02 9.9536033048e+02 9.7028220766e+02 1.2714431761e+03 1.2597627753e+03 4.6692277916e-01 4.8125897811e-01 4.8291559122e-01 4.7985309768e-01 4.8824378308e-01 8.1068257662e-01 1.3057622686e+00 1.8933956474e+00 4.1681103737e-01 7.0891004056e-01 1.0002125725e+00 0 0
1345 8.2368388510e+02 9.7016725362e+02 9.8017042523e+02 1.2760248822e+03 1.2593844727e+03 4.6669526448e-01 4.8101219897e-01 4.8268375902e-01 4.7962886533e-01 4.8800338750e-01 7.4431092999e-01 1.6346885487e+00 1.6820506305e+00 4.0629029486e-01 7.8155386075e-01 9.4873018563e-01 0 0
1346 8.0278224133e+02 9.9850300450e+02 9.8997380016e+02 1.2184374215e+03 1.3309471252e+03 4.6646763328e-01 4.8076457063e-01 4.8243871149e-01 4.7939464422e-01 4.8775729690e-01 7.0260462654e-01 1.6118802056e+00 1.4990410358e+00 3.9252413132e-01 7.9254053906e-01 8.9954441786e-01 0 0
1347 7.9764217801e+02 1.0114620606e+03 1.0322199378e+03 1.1362240096e+03 1.3482406128e+03 4.6626978539e-01 4.8053079182e-01 4.8217614532e-01 4.7914330456e-01 4.8752709408e-01 9.3511519959e-01 1.2166890875e+00 1.6665219441e+00 4.2394680009e-01 7.1119763702e-01 9.1292979568e-01 0 0
1348 8.1783800958e+02 9.7292545321e+02 1.0366872117e+03 1.1357284006e+03 1.4275221539e+03 4.6606413111e-01 4.8028453361e-01 4.8192374289e-01 4.7888835915e-01 4.8730367669e-01 1.0382375659e+00 1.0985263065e+00 1.9450026006e+00 4.5600109368e-01 6.8168826774e-01 9.7015593573e-01 0 0
1349 8.0532531064e+02 9.6779998579e+02 1.0499233305e+03 1.0806007588e+03 1.4354529773e+03 4.6584772227e-01 4.8004607785e-01 4.8167202863e-01 4.7864933086e-01 4.8706978911e-01 8.0498408699e-01 1.2810342684e+00 1.7111356482e+00 4.0932585229e-01 7.0980757847e-01 9.2607914284e-01 0 0
1350 8.2895655951e+02 9.9221365517e+02 1.0122297170e+03 1.0944627678e+03 1.3990719245e+03 4.6561753018e-01 4.7980378373e-01 4.8141328298e-01 4.7843601154e-01 4.8684525508e-01 6.8438104811e-01 1.7688464820e+00 1.7223905548e+00 3.8878311200e-01 7.8720820695e-01 9.1151270643e-01 0 0
1351 8.4478580436e+02 1.0044142883e+03 1.0091234129e+03 1.0810498370e+03 1.2935111132e+03 4.6538323153e-01 4.7954418054e-01 4.8114714591e-01 4.7822048305e-01 4.8662129980e-01 5.9406948336e-01 1.8978183791e+00 1.8518365771e+00 3.6632903096e-01 8.1918647885e-01 9.4363220781e-01 0 0
1352 9.5412369944e+02 1.0642583685e+03 1.0026821219e+03 1.1054125927e+03 1.2510499590e+03 4.6516003536e-01 4.7928886126e-01 4.8087764790e-01 4.7797233433e-01 4.8637967014e-01 5.9337002344e-01 1.2728726789e+00 1.5896775723e+00 3.5534087883e-01 7.1806430817e-01 9.0612047166e-01 0 0
1353 9.7769512406e+02 1.0429213177e+03 9.8392180838e+02 1.0702016165e+03 1.2417759460e+03 4.6496162370e-01 4.7904865697e-01 4.8061358430e-01 4.7772289143e-01 4.8614142487e-01 8.7012583052e-01 9.7931851819e-01 1.4676056132e+00 4.0453422602e-01 6.2992706522e-01 8.6387881264e-01 0 0
1354 8.5524069925e+02 1.0097715707e+03 9.8315143798e+02 1.0985294716e+03 1.2488747936e+03 4.6474625376e-01 4.7879336979e-01 4.8035719930e-01 4.7749223332e-01 4.8590712989e-01 8.3841253097e-01 1.1739569232e+00 1.5894287452e+00 4.1272270266e-01 6.5843712911e-01 8.9513769373e-01 0 0
1355 7.9095652968e+02 1.0100900331e+03 9.7626069136e+02 1.1288187410e+03 1.2308587449e+03 4.6450998288e-01 4.7852986632e-01 4.8009864115e-01 4.7727173098e-01 4.8567821017e-01 5.8353745999e-01 1.3891959414e+00 1.6506996378e+00 3.5901590534e-01 7.0538913831e-01 9.0853184089e-01 0 0
1356 7.6855148915e+02 9.8489019058e+02 9.5108221253e+02 1.0974429370e+03 1.2342430879e+03 4.6427857416e-01 4.7827524939e-01 4.7985471099e-01 4.7704600287e-01 4.8546287740e-01 5.2424625940e-01 1.2861077040e+00 2.0778226852e+00 3.3651078671e-01 6.8148151413e-01 9.8638917506e-01 0 0
1357 7.7159864031e+02 9.6141767068e+02 9.6018676569e+02 1.1097416366e+03 1.2407496726e+03 4.6406347551e-01 4.7802928355e-01 4.7961936960e-01 4.7681340341e-01 4.8524846582e-01 6.3765744880e-01 1.3414487019e+00 2.1541703641e+00 3.5680183921e-01 6.9808430597e-01 1.0018918738e+00 0 0
1358 7.7862117217e+02 9.6659295337e+02 9.6978860454e+02 1.0971404878e+03 1.2407772765e+03 4.6385754273e-01 4.7779481044e-01 4.7936508297e-01 4.7657909772e-01 4.8502920881e-01 8.3686336326e-01 1.2298126444e+00 1.9014240503e+00 3.9869652043e-01 6.7741248757e-01 9.5201718062e-01 0 0
1359 8.0075350527e+02 9.7593500040e+02 9.6284779431e+02 1.1013818593e+03 1.2562833080e+03 4.6363377547e-01 4.7756090184e-01 4.7910332378e-01 4.7634771046e-01 4.8480932589e-01 7.0416595578e-01 1.1248059869e+00 2.0567334294e+00 3.8111332235e-01 6.4328309521e-01 9.8329063877e-01 0 0
1360 8.0285339315e+02 9.7063680772e+02 9.5529684523e+02 1.0608388190e+03 1.2336516931e+03 4.6341509964e-01 4.7730965608e-01 4.7883954547e-01 4.7612823990e-01 4.8457671972e-01 6.5699683348e-01 1.2553612888e+00 1.8760885671e+00 3.6349159507e-01 6.5994689241e-01 9.6668316051e-01 0 0
1361 7.8390628531e+02 9.8040737706e+02 9.4817429832e+02 1.0394169038e+03 1.2665742181e+03 4.6320140749e-01 4.7706434710e-01 4.7857911762e-01 4.7593185631e-01 4.8434784193e-01 7.8952962994e-01 1.6748998761e+00 1.5884420201e+00 3.9209386371e-01 7.2575588897e-01 8.9103379101e-01 0 0
1362 7.8204674514e+02 9.4460223110e+02 9.4334107035e+02 1.0556698111e+03 1.2240020425e+03 4.6298248636e-01 4.7683673719e-01 4.7832033633e-01 4.7571386483e-01 4.8411873006e-01 7.0219789748e-01 1.3873151243e+00 1.5319402367e+00 3.7374657538e-01 6.9676500931e-01 8.6229887977e-01 0 0
1363 7.6757756246e+02 9.4310981598e+02 1.0041997747e+03 1.0968044493e+03 1.2574878727e+03 4.6276931118e-01 4.7658770327e-01 4.7806074645e-01 4.7549415057e-01 4.8391185288e-01 7.3085434662e-01 1.2077377513e+00 1.8769075200e+00 3.7698790373e-01 6.5021909401e-01 9.0756146610e-01 0 0
1364 7.6880615542e+02 9.5591262022e+02 1.0408552973e+03 1.2048546593e+03 1.1966677693e+03 4.6254610587e-01 4.7633110634e-01 4.7781126760e-01 4.7529203732e-01 4.8370142788e-01 6.2625188818e-01 1.3890128955e+00 1.8894618452e+00 3.5659013506e-01 6.7220570520e-01 9.2125468329e-01 0 0
1365 7.8121459615e+02 9.4332927708e+02 1.0063866677e+03 1.1125633690e+03 1.1975253651e+03 4.6232078101e-01 4.7608847471e-01 4.7756542443e-01 4.7508132050e-01 4.8349185095e-01 5.3027372652e-01 1.3384175897e+00 1.8612935469e+00 3.2951132656e-01 6.7183870822e-01 9.0385227650e-01 0 0
1366 7.4725262581e+02 9.4672121688e+02 1.0040467805e+03 1.0612520907e+03 1.1959520266e+03 4.6210374888e-01 4.7585115667e-01 4.7732356126e-01 4.7486356198e-01 4.8328171368e-01 5.5699836421e-01 1.2085968181e+00 1.9130536988e+00 3.3108428755e-01 6.4683267474e-01 9.1661008820e-01 0 0
1367 7.3905072402e+02 9.5764003545e+02 9.4656913377e+02 9.9859604571e+02 1.2041777277e+03 4.6190290935e-01 4.7561424643e-01 4.7708614810e-01 4.7464673437e-01 4.8306976443e-01 6.5819242627e-01 1.0914828181e+00 1.8528447300e+00 3.4459803417e-01 6.1469615623e-01 9.0734933317e-01 0 0
1368 7.5249779412e+02 9.7136440768e+02 9.2778156104e+02 1.0190155482e+03 1.1905297140e+03 4.6170781909e-01 4.7537076904e-01 4.7684145149e-01 4.7442837289e-01 4.8285432169e-01 7.7904374201e-01 1.0554422587e+00 1.7766074091e+00 3.6942703284e-01 5.9977906942e-01 8.8832663745e-01 0 0
1369 7.7158995405e+02 9.2874754374e+02 9.0626072407e+02 1.0059012439e+03 1.1967824573e+03 4.6149456245e-01 4.7513072869e-01 4.7662228571e-01 4.7421561728e-01 4.8264047324e-01 6.6118812766e-01 1.0501182750e+00 1.8824223652e+00 3.5595357579e-01 5.9445808828e-01 9.1189740226e-01 0 0
1370 7.4843113073e+02 9.2821613189e+02 9.5520554071e+02 9.8888083837e+02 1.1881035308e+03 4.6129517152e-01 4.7489593639e-01 4.7639255063e-01 4.7399929068e-01 4.8242557052e-01 7.4668165459e-01 9.8461005092e-01 1.5871861801e+00 3.6492122317e-01 5.7766579837e-01 8.4617131576e-01 0 0
1371 7.4918470409e+02 9.8422869548e+02 9.1481299318e+02 9.5590922032e+02 1.2164046407e+03 4.6110717640e-01 4.7464902985e-01 4.7615668396e-01 4.7379715637e-01 4.8221048794e-01 9.0800359020e-01 1.0649496540e+00 1.5661578253e+00 3.9093410530e-01 5.7830991223e-01 8.3974853158e-01 0 0
1372 7.5093865966e+02 9.4941432605e+02 9.5028982421e+02 9.7115157159e+02 1.2206755302e+03 4.6089249012e-01 4.7441654496e-01 4.7591909356e-01 4.7360372235e-01 4.8199731902e-01 6.4027657715e-01 1.2867640182e+00 1.5809781700e+00 3.5072597378e-01 6.2341841310e-01 8.4330642223e-01 0 0
1373 7.5212309952e+02 9.5030014995e+02 9.2439649231e+02 1.0169197055e+03 1.1900092437e+03 4.6067739457e-01 4.7418454002e-01 4.7567839882e-01 4.7338639620e-01 4.8179283547e-01 5.4473031166e-01 9.2655831203e-01 1.5707923844e+00 3.2231452628e-01 5.5692088977e-01 8.2899221033e-01 0 0
1374 7.2478404706e+02 9.1560130515e+02 8.8958708820e+02 9.6520078870e+02 1.1898327614e+03 4.6047016110e-01 4.7396731551e-01 4.7546125763e-01 4.7319351372e-01 4.8159787271e-01 5.5134034857e-01 1.0481825545e+00 1.7955337092e+00 3.1835968705e-01 5.5939314142e-01 8.6282226816e-01 0 0
1375 7.3054033380e+02 8.9882743060e+02 9.0779444259e+02 9.8647529112e+02 1.1644882996e+03 4.6025331060e-01 4.7376056414e-01 4.7522190705e-01 4.7301585622e-01 4.8140461779e-01 5.1076008601e-01 1.6412916034e+00 2.0087562054e+00 3.1051977015e-01 6.7188159749e-01 9.0231826901e-01 0 0
1376 7.2749700976e+02 9.0227687685e+02 8.8762534326e+02 9.6325541784e+02 1.1760032951e+03 4.6003882409e-01 4.7353649113e-01 4.7497599738e-01 4.7281722738e-01 4.8119799830e-01 4.6298692291e-01 1.2277950644e+00 1.6486414745e+00 2.9350640096e-01 6.1268796027e-01 8.4613583982e-01 0 0
1377 7.4772558721e+02 9.7575694976e+02 8.8629118381e+02 9.8150971085e+02 1.2579736682e+03 4.5982909163e-01 4.7333479326e-01 4.7475627580e-01 4.7261982700e-01 4.8099056850e-01 4.7897964135e-01 1.0463525578e+00 1.4090077728e+00 2.9488959743e-01 5.6687225401e-01 7.8860780224e-01 0 0
1378 8.1448402086e+02 9.4893338149e+02 8.5852882887e+02 9.4975085549e+02 1.2626436552e+03 4.5962841315e-01 4.7311164030e-01 4.7454684665e-01 4.7243282503e-01 4.8079854035e-01 5.3078399016e-01 1.1870676205e+00 1.6842075735e+00 3.0178575915e-01 5.8874458447e-01 8.2132032514e-01 0 0
1379 8.9537022179e+02 8.9447236542e+02 8.4477774444e+02 9.8236974327e+02 1.2467706285e+03 4.5943839446e-01 4.7288748870e-01 4.7433238410e-01 4.7223923355e-01 4.8059506467e-01 6.1429504100e-01 1.1878389195e+00 1.5295980573e+00 3.1726559498e-01 5.9673780575e-01 8.0025008693e-01 0 0
1380 8.1508398888e+02 8.9551479608e+02 8.6261057262e+02 9.5355954848e+02 1.2086553479e+03 4.5925309596e-01 4.7267589238e-01 4.7411450625e-01 4.7204657332e-01 4.8039758198e-01 6.8302001734e-01 1.0619383380e+00 1.4357889071e+00 3.3006686885e-01 5.6329903379e-01 7.7000940591e-01 0 0
1381 7.6115776987e+02 9.2377029748e+02 8.6339982048e+02 9.4531185331e+02 1.2036677282e+03 4.5905154748e-01 4.7245599875e-01 4.7389578040e-01 4.7186251224e-01 4.8019895549e-01 6.2765842178e-01 1.1139895096e+00 1.4537652731e+00 3.2881814837e-01 5.6364910305e-01 7.7491192520e-01 0 0
1382 7.4747147759e+02 8.9023834589e+02 8.8664331893e+02 9.6974555297e+02 1.1662418274e+03 4.5883729848e-01 4.7223099322e-01 4.7368295288e-01 4.7166673830e-01 4.7999441923e-01 4.7067803412e-01 1.1399943754e+00 1.2578588203e+00 2.9412969438e-01 5.8650668338e-01 7.2722629458e-01 0 0
1383 7.1026950480e+02 8.6195421137e+02 8.4348469903e+02 9.5525647734e+02 1.1402302399e+03 4.5863359193e-01 4.7201260256e-01 4.7348468821e-01 4.7146268661e-01 4.7980892216e-01 4.8238982738e-01 8.8831179962e-01 1.4659141600e+00 2.8883706513e-01 5.2880399674e-01 7.5115022063e-01 0 0
1384 6.9770161003e+02 8.4992095221e+02 8.5318312073e+02 9.5961776245e+02 1.1501296666e+03 4.5844942666e-01 4.7179992860e-01 4.7326144662e-01 4.7126312368e-01 4.7961223522e-01 6.3413043493e-01 8.7522500008e-01 1.4181749374e+00 3.1424762103e-01 5.1692437008e-01 7.5867056847e-01 0 0
1385 6.9670324355e+02 8.6231074010e+02 8.6351896331e+02 9.4093314720e+02 1.1725265455e+03 4.5827505357e-01 4.7157043989e-01 4.7303450938e-01 4.7107129873e-01 4.7940832530e-01 7.6704229622e-01 1.0224434808e+00 1.2481386811e+00 3.3622641416e-01 5.4606266320e-01 7.1969665587e-01 0 0
1386 7.1981635470e+02 8.3655472774e+02 8.8484656156e+02 9.6877835442e+02 1.1383137748e+03 4.5808699820e-01 4.7134518500e-01 4.7282801654e-01 4.7088657139e-01 4.7920790176e-01 7.1368913206e-01 1.0870654657e+00 1.3413951248e+00 3.3680557851e-01 5.5244749412e-01 7.4145641178e-01 0 0
1387 7.2030142795e+02 8.3409089732e+02 9.0212869786e+02 9.4725105569e+02 1.1897822280e+03 4.5787975208e-01 4.7114801079e-01 4.7261766845e-01 4.7070217450e-01 4.7900653777e-01 5.4378760130e-01 1.1530779973e+00 1.1802953184e+00 3.0875791920e-01 5.6805811822e-01 7.0229779556e-01 0 0
1388 7.1595345137e+02 8.2595649098e+02 8.7905524570e+02 9.4834533531e+02 1.2042405283e+03 4.5766678253e-01 4.7095623261e-01 4.7241015364e-01 4.7051131544e-01 4.7882435079e-01 4.3847873062e-01 1.0942124799e+00 1.3355237246e+00 2.8076110431e-01 5.6335324794e-01 7.1075807512e-01 0 0
1389 7.0482169228e+02 8.4362788005e+02 8.2966148971e+02 9.5832607968e+02 1.1044814394e+03 4.5744902283e-01 4.7075653102e-01 4.7221022340e-01 4.7033405570e-01 4.7865391704e-01 4.0174508716e-01 1.2991176248e+00 1.9196461365e+00 2.7131894230e-01 5.9078054503e-01 8.2361746207e-01 0 0
1390 7.9204142835e+02 8.3886996162e+02 8.5583782050e+02 9.4198576820e+02 1.0994482707e+03 4.5724804151e-01 4.7054360869e-01 4.7199484111e-01 4.7014542603e-01 4.7847217513e-01 4.5331656597e-01 1.2737573683e+00 1.5960282907e+00 2.7657015527e-01 6.0202918947e-01 7.7655007690e-01 0 0
1391 8.5562843544e+02 8.4707533608e+02 8.6604669331e+02 9.6328821622e+02 1.2022155589e+03 4.5706096652e-01 4.7031208267e-01 4.7180010291e-01 4.6994334448e-01 4.7829378735e-01 5.6477718128e-01 9.5585540310e-01 1.4711343125e+00 2.9607901763e-01 5.3967323899e-01 7.3912881315e-01 0 0
1392 7.9976638111e+02 8.6210349582e+02 8.8408702909e+02 1.0268797398e+03 1.2597076050e+03 4.5687700128e-01 4.7008813814e-01 4.7159085078e-01 4.6974369562e-01 4.7811795602e-01 6.4321043115e-01 8.8716315106e-01 1.5553966463e+00 3.1215349987e-01 5.1824506000e-01 7.5213541463e-01 0 0
1393 7.2130968822e+02 8.4038049418e+02 8.4669803502e+02 1.0747656721e+03 1.2069574350e+03 4.5667774908e-01 4.6989031918e-01 4.7137043587e-01 4.6955925525e-01 4.7792913769e-01 5.8446506757e-01 1.0328895897e+00 1.4424514323e+00 3.0879756263e-01 5.3748522326e-01 7.4776617438e-01 0 0
1394 7.0485687420e+02 8.3667343540e+02 8.4671397916e+02 1.0047142629e+03 1.1200142856e+03 4.5646431848e-01 4.6969344266e-01 4.7114928214e-01 4.6938178912e-01 4.7773772840e-01 4.6582233157e-01 1.1468848214e+00 1.2356450781e+00 2.8340904046e-01 5.5337932706e-01 6.9777659699e-01 0 0
1395 7.3093903232e+02 8.3281889538e+02 8.2741336404e+02 9.8688534668e+02 1.0768737159e+03 4.5624833351e-01 4.6948581650e-01 4.7093138399e-01 4.6919248796e-01 4.7755281787e-01 4.2544981340e-01 9.8541074246e-01 1.2621428147e+00 2.7229497288e-01 5.3151093051e-01 6.9242651016e-01 0 0
1396 7.1244523134e+02 8.3842053887e+02 8.2810729226e+02 9.5461726624e+02 1.0790047498e+03 4.5605192605e-01 4.6928201792e-01 4.7070498716e-01 4.6900497582e-01 4.7736812104e-01 4.8701685733e-01 8.5983636975e-01 1.3429354057e+00 2.7725808777e-01 4.9601783417e-01 7.1052800864e-01 0 0
1397 7.3296124059e+02 8.4613957921e+02 8.3102158516e+02 9.2617897838e+02 1.0878686731e+03 4.5586517648e-01 4.6907717135e-01 4.7048371652e-01 4.6881566833e-01 4.7718805139e-01 5.8990934202e-01 8.9312884212e-01 1.4535236061e+00 2.9532441658e-01 5.0456273556e-01 7.3065458611e-01 0 0
1398 7.5342748106e+02 8.5216800720e+02 7.9128700545e+02 9.4387264104e+02 1.1221589682e+03 4.5565900334e-01 4.6886255293e-01 4.7027643981e-01 4.6863758458e-01 4.7700729623e-01 4.7850623323e-01 1.0118338093e+00 1.4128841534e+00 2.7937714534e-01 5.2105698735e-01 7.2238964587e-01 0 0
1399 8.3127280732e+02 8.4287639960e+02 8.3066641168e+02 9.4997763132e+02 1.1479144132e+03 4.5546369200e-01 4.6865629715e-01 4.7005427087e-01 4.6845434362e-01 4.7681855480e-01 4.7643001815e-01 1.0615123883e+00 1.4105165303e+00 2.7211377303e-01 5.4305485636e-01 7.3703252897e-01 0 0
1400 8.3020306470e+02 8.4172557137e+02 8.3212972246e+02 9.2112112396e+02 1.0950591308e+03 4.5527589676e-01 4.6845405944e-01 4.6983734491e-01 4.6826772357e-01 4.7663504645e-01 5.7849331175e-01 9.8728641495e-01 1.4273904115e+00 2.9265397011e-01 5.2577496320e-01 7.3325233161e-01 0 0
1401 7.1281030554e+02 8.2127815781e+02 8.0851762504e+02 8.9966452081e+02 1.0834078180e+03 4.5508816044e-01 4.6825253476e-01 4.6964114037e-01 4.6810124107e-01 4.7644519971e-01 5.7989907572e-01 1.2103767246e+00 1.3287554979e+00 2.9268764463e-01 5.4912357777e-01 7.1914092451e-01 0 0
1402 6.7996581885e+02 8.0736306889e+02 8.3778189286e+02 9.0423406815e+02 1.0784282545e+03 4.5488569386e-01 4.6804964454e-01 4.6943750999e-01 4.6792316278e-01 4.7626350426e-01 4.3535657336e-01 1.2012650594e+00 1.2925581560e+00 2.6312936507e-01 5.6785920635e-01 6.9017668068e-01 0 0
1403 6.5910748094e+02 8.3308462955e+02 8.0803287371e+02 8.9628124074e+02 1.0489068119e+03 4.5468551902e-01 4.6784464577e-01 4.6922764495e-01 4.6774557521e-01 4.7610105514e-01 3.8291852198e-01 8.8975685462e-01 1.8483410180e+00 2.4430431422e-01 4.8728276975e-01 7.8441219404e-01 0 0
1404 6.5511717973e+02 8.2576328327e+02 8.2274745518e+02 8.8679369782e+02 1.0812690461e+03 4.5450565287e-01 4.6765598187e-01 4.6901285237e-01 4.6757519255e-01 4.7592303346e-01 4.6832059902e-01 9.7136570141e-01 1.5052514970e+00 2.5722087445e-01 4.9742811918e-01 7.4475568160e-01 0 0
1405 6.6151544039e+02 8.4312665863e+02 8.2126849294e+02 8.9697766834e+02 1.0669998828e+03 4.5432133356e-01 4.6745967907e-01 4.6879169969e-01 4.6740570150e-01 4.7574227375e-01 5.2432003436e-01 1.0660174787e+00 1.2207695842e+00 2.7386809015e-01 5.1887186989e-01 6.7261328176e-01 0 0
1406 6.4209969823e+02 8.2897391394e+02 8.0398484128e+02 8.7787153815e+02 1.1649022491e+03 4.5415527403e-01 4.6725898368e-01 4.6858824590e-01 4.6723180597e-01 4.7556303837e-01 6.3338587392e-01 9.4002864510e-01 1.1949340925e+00 2.8576752397e-01 4.8985448852e-01 6.6354479641e-01 0 0
1407 6.7798173834e+02 8.0386363893e+02 7.9835835469e+02 8.6579540741e+02 1.1439788023e+03 4.5397883403e-01 4.6707610495e-01 4.6837676255e-01 4.6706413184e-01 4.7539018629e-01 7.2613947731e-01 9.6191178262e-01 1.2829862684e+00 3.1684593185e-01 4.8492681980e-01 6.7649023980e-01 0 0
1408 6.6120881627e+02 8.1726403322e+02 7.7381691956e+02 8.7096630962e+02 1.1644614635e+03 4.5377741678e-01 4.6687432210e-01 4.6816374957e-01 4.6688962332e-01 4.7521922432e-01 4.4245073934e-01 9.6308109537e-01 1.4100130498e+00 2.6319991096e-01 4.9515706114e-01 7.0646184310e-01 0 0
1409 6.7161148266e+02 8.0684973818e+02 8.0213114576e+02 8.7520533305e+02 1.1358931508e+03 4.5358884376e-01 4.6667927843e-01 4.6795961691e-01 4.6670752330e-01 4.7504444184e-01 4.7829242618e-01 8.4750558063e-01 1.3190696165e+00 2.6315088301e-01 4.7432697937e-01 6.9173117727e-01 0 0
1410 6.5826403204e+02 8.3773418368e+02 7.5032147277e+02 9.4379794580e+02 1.0776924422e+03 4.5339688683e-01 4.6647874856e-01 4.6776939139e-01 4.6652344268e-01 4.7487089144e-01 4.9005041979e-01 7.5526164845e-01 1.3968160227e+00 2.6905741575e-01 4.5172172785e-01 7.0741170645e-01 0 0
1411 6.6315997485e+02 8.8834466847e+02 7.8576877165e+02 8.9552526486e+02 1.0755979732e+03 4.5319184750e-01 4.6628382089e-01 4.6759149441e-01 4.6635744139e-01 4.7470274566e-01 3.9690103053e-01 9.0235443041e-01 1.4652207792e+00 2.4927102027e-01 4.6923163719e-01 7.1273890138e-01 0 0
1412 6.5855750660e+02 8.6658258406e+02 7.6306646991e+02 9.0605387533e+02 1.0970298537e+03 4.5299609786e-01 4.6610659385e-01 4.6739948788e-01 4.6620474291e-01 4.7454028057e-01 4.2451087149e-01 1.3863351867e+00 1.6218202263e+00 2.5160850793e-01 5.5791313201e-01 7.3806274310e-01 0 0
1413 6.5745883307e+02 7.9615380110e+02 7.3887655430e+02 9.0432004843e+02 1.1225489967e+03 4.5279762447e-01 4.6590856971e-01 4.6720482175e-01 4.6602988183e-01 4.7437290671e-01 4.1253964782e-01 9.7848051041e-01 1.4207029939e+00 2.4937476717e-01 5.0197521597e-01 7.0185407996e-01 0 0
1414 6.5372963572e+02 7.8144365600e+02 7.9132981430e+02 9.5537322550e+02 1.0437167959e+03 4.5259908987e-01 4.6570696714e-01 4.6700250345e-01 4.6585363655e-01 4.7420421288e-01 4.0658387045e-01 8.1146076322e-01 1.1774390787e+00 2.4657893351e-01 4.5970964804e-01 6.4177360758e-01 0 0
1415 6.4318822528e+02 7.9778180758e+02 7.8575524974e+02 1.0527473581e+03 1.0443111366e+03 4.5239591356e-01 4.6550035831e-01 4.6679755441e-01 4.6568778277e-01 4.7404043285e-01 4.0070542747e-01 9.2397655919e-01 1.2628479525e+00 2.4748853901e-01 4.7418706305e-01 6.5354096517e-01 0 0
1416 6.4106883612e+02 7.8101600496e+02 7.5439769021e+02 1.0130329462e+03 1.0640605011e+03 4.5219534520e-01 4.6528801159e-01 4.6662024782e-01 4.6552503399e-01 4.7386792964e-01 4.2466453051e-01 1.0612343326e+00 1.1335618421e+00 2.5266151802e-01 5.0225222856e-01 6.3265769556e-01 0 0
1417 6.2811046610e+02 7.8129187888e+02 7.5973901769e+02 9.5250977685e+02 9.9988971267e+02 4.5200818314e-01 4.6508461022e-01 4.6644097862e-01 4.6534580121e-01 4.7369716970e-01 4.8225524716e-01 8.8139500096e-01 1.1197981089e+00 2.5802580916e-01 4.8248380050e-01 6.2472268194e-01 0 0
1418 6.4130481787e+02 7.8847130576e+02 7.6392146193e+02 8.9817185855e+02 1.0157975930e+03 4.5181950408e-01 4.6488704486e-01 4.6623756950e-01 4.6516408459e-01 4.7352680093e-01 5.1490139269e-01 7.7580633387e-01 1.0262800232e+00 2.6795307720e-01 4.5380549505e-01 5.9600941092e-01 0 0
1419 6.4413100387e+02 7.9401164979e+02 8.3895694168e+02 9.0216551974e+02 1.0033118284e+03 4.5162766598e-01 4.6469675258e-01 4.6603567172e-01 4.6498254172e-01 4.7337083804e-01 4.7940265932e-01 7.4705638736e-01 1.2746946365e+00 2.6147729122e-01 4.4502244703e-01 6.3658121601e-01 0 0
1420 6.3503117003e+02 7.9952286553e+02 8.6867506871e+02 8.8995990078e+02 1.0044274800e+03 4.5143604115e-01 4.6451635456e-01 4.6585022594e-01 4.6480617600e-01 4.7322213048e-01 4.7009390540e-01 7.9362150282e-01 1.7692231983e+00 2.5691857118e-01 4.5178861357e-01 7.3424069956e-01 0 0
1421 6.4994982245e+02 7.6244532591e+02 8.5129706184e+02 9.0224289967e+02 1.0160612371e+03 4.5124103358e-01 4.6432442708e-01 4.6566042791e-01 4.6462834416e-01 4.7305367251e-01 4.7990894384e-01 7.5560603291e-01 1.1944358423e+00 2.6157438558e-01 4.4264479168e-01 6.4420631155e-01 0 0
1422 6.4664078003e+02 7.5688898625e+02 8.0064602822e+02 8.9038576611e+02 1.0522307256e+03 4.5104477308e-01 4.6413437051e-01 4.6546051015e-01 4.6444746242e-01 4.7290173741e-01 4.3237601790e-01 7.7605648339e-01 1.2868093401e+00 2.4986142826e-01 4.4812601432e-01 6.4060536399e-01 0 0
1423 6.3038485065e+02 7.6038966162e+02 7.8453361942e+02 8.6760910697e+02 1.0434220143e+03 4.5086695443e-01 4.6394429392e-01 4.6526328162e-01 4.6427466754e-01 4.7274378846e-01 5.8096236324e-01 8.4131291881e-01 1.4566284791e+00 2.7429770693e-01 4.5638435893e-01 6.9351409376e-01 0 0
1424 6.3705827405e+02 7.6345202862e+02 7.4869227657e+02 9.0231383121e+02 1.0656628219e+03 4.5067949303e-01 4.6375730301e-01 4.6506722235e-01 4.6409940204e-01 4.7257295292e-01 5.9564431921e-01 8.8079679012e-01 1.1079018787e+00 2.8442464470e-01 4.6888265945e-01 6.2359384447e-01 0 0
1425 6.5919160240e+02 7.6752129449e+02 7.4876932362e+02 8.8904052917e+02 1.0874189625e+03 4.5047338443e-01 4.6357620883e-01 4.6487833657e-01 4.6391861268e-01 4.7240738885e-01 4.2637622833e-01 8.3264672011e-01 1.0464366898e+00 2.5263314903e-01 4.5868862607e-01 6.0146324337e-01 0 0
1426 6.5042516840e+02 7.5213828516e+02 7.6665784415e+02 8.5073695994e+02 1.0792819372e+03 4.5025406429e-01 4.6339905603e-01 4.6469975761e-01 4.6375390378e-01 4.7223890734e-01 3.5663502166e-01 9.7316994518e-01 1.0814422593e+00 2.3745256033e-01 4.7446226329e-01 6.1405804753e-01 0 0
1427 6.3778364746e+02 7.6734542417e+02 7.4265768528e+02 8.4071840559e+02 1.1603903438e+03 4.5005014673e-01 4.6321590812e-01 4.6451984968e-01 4.6359463634e-01 4.7207967884e-01 3.5880219425e-01 1.0932920575e+00 1.1879641712e+00 2.3058132343e-01 4.9421206862e-01 6.2250511721e-01 0 0
1428 6.4011155650e+02 7.3883497819e+02 7.5958158713e+02 8.5873708142e+02 1.1020906269e+03 4.4986249012e-01 4.6303320648e-01 4.6432797525e-01 4.6342911574e-01 4.7191884415e-01 4.8372395245e-01 9.7802171111e-01 1.3406143412e+00 2.5412768031e-01 4.7325395979e-01 6.6714664549e-01 0 0
1429 6.5372888066e+02 7.6871414551e+02 7.5482994774e+02 8.7143925491e+02 1.0718330094e+03 4.4966513845e-01 4.6285148187e-01 4.6412236864e-01 4.6325726955e-01 4.7175238277e-01 4.7462209556e-01 9.0921501815e-01 1.1189377457e+00 2.5793815160e-01 4.6567286365e-01 6.2361420318e-01 0 0
1430 6.3966614142e+02 7.8024979974e+02 7.5346159491e+02 9.1362300759e+02 1.0250081707e+03 4.4947818726e-01 4.6266216999e-01 4.6391359449e-01 4.6308604963e-01 4.7159341819e-01 5.2678466563e-01 8.3251535147e-01 1.1692811623e+00 2.6460904537e-01 4.4622813165e-01 6.1954488233e-01 0 0
1431 6.3117137278e+02 7.5623851231e+02 7.7895198023e+02 8.9165688468e+02 1.0033853011e+03 4.4928829160e-01 4.6247196328e-01 4.6370540847e-01 4.6291477459e-01 4.7142897753e-01 5.5609848326e-01 8.5803447664e-01 1.1629967019e+00 2.7288722468e-01 4.5126972161e-01 6.2624100596e-01 0 0
1432 6.2579578185e+02 7.3896113734e+02 8.5387012332e+02 8.5145089406e+02 1.0236894060e+03 4.4909681836e-01 4.6228461593e-01 4.6350598142e-01 4.6274048006e-01 4.7125710319e-01 4.9087001525e-01 8.3048638329e-01 1.0169925392e+00 2.5699389992e-01 4.4837544486e-01 6.0033957660e-01 0 0
1433 6.3127235188e+02 7.4218486578e+02 8.1161521055e+02 8.6425914806e+02 1.0100410883e+03 4.4891858719e-01 4.6210588839e-01 4.6332078517e-01 4.6256687904e-01 4.7108215055e-01 6.2366951495e-01 6.8353803456e-01 9.0949241444e-01 2.7838924079e-01 4.0735104680e-01 5.7152914256e-01 0 0
1434 6.4579767460e+02 7.2922240263e+02 7.7796658026e+02 9.0133598758e+02 1.0159664118e+03 4.4872752932e-01 4.6192624306e-01 4.6311852417e-01 4.6239440295e-01 4.7092058420e-01 5.7658114497e-01 6.6848820075e-01 1.1518391669e+00 2.7684687297e-01 3.9964882843e-01 6.0916923732e-01 0 0
1435 6.5553310695e+02 7.8576399924e+02 7.8015419149e+02 9.3693262831e+02 1.0162213711e+03 4.4851323366e-01 4.6173689343e-01 4.6291097201e-01 4.6222159449e-01 4.7076997594e-01 3.9984404002e-01 7.0441861078e-01 1.5724651739e+00 2.4478419355e-01 4.1061864421e-01 6.8955020234e-01 0 0
1436 6.5644906600e+02 7.7627117523e+02 7.8038083652e+02 9.0773020496e+02 9.9461638334e+02 4.4829466037e-01 4.6155638131e-01 4.6270821162e-01 4.6205991414e-01 4.7060616981e-01 3.5553775235e-01 8.0168189108e-01 1.2581637576e+00 2.3120120900e-01 4.2577189580e-01 6.4535225555e-01 0 0
1437 6.4936250009e+02 7.5606084411e+02 7.9141574094e+02 8.8329305726e+02 1.0007784782e+03 4.4808324189e-01 4.6137358223e-01 4.6251643760e-01 4.6189885768e-01 4.7044187312e-01 4.0718770200e-01 9.6581332386e-01 1.2332735583e+00 2.4482131246e-01 4.6536529064e-01 6.3172485679e-01 0 0
1438 6.4933706584e+02 7.5825173096e+02 7.9987756876e+02 8.5203278986e+02 1.0071312290e+03 4.4787566858e-01 4.6118073689e-01 4.6233224493e-01 4.6173138018e-01 4.7028427505e-01 4.3400434333e-01 8.7941247597e-01 1.2292358354e+00 2.4865435591e-01 4.5165816694e-01 6.1816397309e-01 0 0
1439 6.4586844161e+02 7.3516575512e+02 7.3082633026e+02 8.5963426089e+02 1.0068041331e+03 4.4767009378e-01 4.6099413284e-01 4.6214315903e-01 4.6157247899e-01 4.7013395360e-01 4.2929812847e-01 9.5432223752e-01 1.3443815410e+00 2.4569527089e-01 4.5992724970e-01 6.3539779931e-01 0 0
1440 6.4931208370e+02 7.1630959612e+02 7.0678243205e+02 9.0003218692e+02 9.9161935111e+02 4.4746944501e-01 4.6081709146e-01 4.6195341122e-01 4.6141684522e-01 4.6997604795e-01 4.4287651091e-01 9.9516711757e-01 1.3370689228e+00 2.4639478521e-01 4.6468466520e-01 6.4704946429e-01 0 0
1441 6.7891780181e+02 7.1309225385e+02 7.1808116707e+02 8.9309395502e+02 9.8936017835e+02 4.4726939349e-01 4.6065351995e-01 4.6177910238e-01 4.6125568218e-01 4.6980112274e-01 4.6088923755e-01 9.5659374446e-01 1.0261575133e+00 2.4995245849e-01 4.6307199821e-01 5.9457736835e-01 0 0
1442 7.1524907018e+02 7.1837483687e+02 7.1595380001e+02 8.5990155687e+02 9.9692793747e+02 4.4705931859e-01 4.6048563918e-01 4.6160620822e-01 4.6108042793e-01 4.6963831783e-01 4.2090430131e-01 7.3523947224e-01 9.7352995723e-01 2.4535280562e-01 4.2386217043e-01 5.6408828869e-01 0 0
1443 7.4889926025e+02 7.3534689943e+02 7.3451995378e+02 8.4239988278e+02 1.0016428692e+03 4.4686307069e-01 4.6030174736e-01 4.6141888755e-01 4.6090637860e-01 4.6949322589e-01 4.9560072654e-01 6.8467314914e-01 1.3044923469e+00 2.5631834152e-01 4.0463112853e-01 6.1542019248e-01 0 0
1444 7.0719317904e+02 7.6422309406e+02 7.4161913237e+02 8.1741517144e+02 9.6788173994e+02 4.4666731099e-01 4.6010922389e-01 4.6124101871e-01 4.6075320153e-01 4.6934906238e-01 5.5238320162e-01 9.4027578086e-01 1.4224963635e+00 2.6973692843e-01 4.4488445483e-01 6.3910940289e-01 0 0
1445 6.5618236254e+02 7.3733421866e+02 7.1317831746e+02 8.2020104243e+02 9.8175175070e+02 4.4645800762e-01 4.5991001343e-01 4.6106039122e-01 4.6059947392e-01 4.6920409628e-01 4.4232852795e-01 1.0901428610e+00 1.2245615274e+00 2.5052154319e-01 4.8021583445e-01 5.9824303165e-01 0 0
1446 6.5220858846e+02 7.3351422958e+02 7.3435188261e+02 8.4907136773e+02 9.9999265622e+02 4.4624704228e-01 4.5971119363e-01 4.6086652598e-01 4.6043241335e-01 4.6905338952e-01 4.2166182629e-01 8.7680648640e-01 1.2026280016e+00 2.4369805022e-01 4.4841551036e-01 6.0533747822e-01 0 0
1447 6.2109197415e+02 7.8148992316e+02 7.2858951921e+02 8.6499776011e+02 1.0396923824e+03 4.4605292681e-01 4.5952447511e-01 4.6068156182e-01 4.6026985885e-01 4.6889551681e-01 5.3172770464e-01 8.7577781081e-01 1.1540129036e+00 2.6254154890e-01 4.4261173904e-01 6.0507209599e-01 0 0
1448 6.4390761275e+02 7.7594502866e+02 7.2053779828e+02 8.5434671680e+02 1.0990606216e+03 4.4586170724e-01 4.5934686194e-01 4.6050417890e-01 4.6009966180e-01 4.6874057343e-01 5.5848252697e-01 8.5846295208e-01 1.1232735813e+00 2.6811039548e-01 4.4782347605e-01 5.9382932261e-01 0 0
1449 6.3376966454e+02 8.2796286149e+02 7.2316077051e+02 8.4706585488e+02 1.0729648177e+03 4.4567498056e-01 4.5916434868e-01 4.6031616752e-01 4.5993044471e-01 4.6858737837e-01 5.8466381398e-01 8.3210607991e-01 1.2557427660e+00 2.7030120719e-01 4.3823252805e-01 6.2440900132e-01 0 0
1450 6.6513353495e+02 7.8404567788e+02 7.7385245687e+02 8.5047901944e+02 1.0505462865e+03 4.4547792802e-01 4.5898348239e-01 4.6011860638e-01 4.5976823604e-01 4.6842574030e-01 5.3170859324e-01 8.4706638381e-01 1.1231173053e+00 2.6389487743e-01 4.3267058395e-01 6.0663749278e-01 0 0
1451 6.3839160247e+02 7.3934434636e+02 7.5791172804e+02 8.4954296536e+02 1.0400525227e+03 4.4527881849e-01 4.5880166407e-01 4.5992151787e-01 4.5960011530e-01 4.6826455287e-01 4.8393923166e-01 8.6413694173e-01 9.7957188636e-01 2.5313702999e-01 4.4500743598e-01 5.6665307656e-01 0 0
1452 6.5261352445e+02 7.0700687320e+02 7.9086740355e+02 8.7327283108e+02 1.0143574629e+03 4.4507725186e-01 4.5861172618e-01 4.5973446434e-01 4.5942406892e-01 4.6811448700e-01 5.1978173973e-01 7.6340707764e-01 1.1291178092e+00 2.6316021921e-01 4.2747762054e-01 5.8729955181e-01 0 0
1453 6.4296573411e+02 7.1653582866e+02 7.7580063483e+02 8.5669010587e+02 1.0049863805e+03 4.4485828295e-01 4.5842350715e-01 4.5955241303e-01 4.5925861344e-01 4.6795944044e-01 4.3507649176e-01 8.3997750282e-01 1.1816104129e+00 2.4945209718e-01 4.3447810784e-01 6.0759983584e-01 0 0
1454 6.4049755970e+02 7.2484256911e+02 7.1361476390e+02 8.5855321617e+02 9.5777854956e+02 4.4462292723e-01 4.5823572999e-01 4.5935951709e-01 4.5908489992e-01 4.6780563786e-01 3.3268867989e-01 8.6537355930e-01 1.1127896383e+00 2.2601868902e-01 4.5126836561e-01 5.8900346234e-01 0 0
1455 6.2337519569e+02 7.0976514602e+02 6.9326050299e+02 8.9287191131e+02 9.7574522802e+02 4.4440696883e-01 4.5805475121e-01 4.5917009660e-01 4.5890320531e-01 4.6765820639e-01 3.7394927938e-01 6.9987139851e-01 1.2533519268e+00 2.2896194926e-01 4.1506711394e-01 6.1196173728e-01 0 0
1456 6.1980013579e+02 7.2580791192e+02 7.3696879174e+02 9.0984531652e+02 9.9217148215e+02 4.4420760891e-01 4.5787494295e-01 4.5899296526e-01 4.5873403851e-01 4.6750994722e-01 4.8599429512e-01 8.1478305161e-01 1.3347737938e+00 2.4950048585e-01 4.3200363405e-01 6.2852539122e-01 0 0
1457 6.3026241948e+02 7.0238197407e+02 7.1127752583e+02 8.8729976614e+02 1.0007667685e+03 4.4400822670e-01 4.5768408666e-01 4.5881392022e-01 4.5856608073e-01 4.6735968270e-01 4.9810355419e-01 9.1300440952e-01 1.3120157868e+00 2.5201400208e-01 4.5461968333e-01 6.2952546775e-01 0 0
1458 6.1493443731e+02 6.9291939015e+02 7.1560852601e+02 8.9515396720e+02 9.6872461257e+02 4.4381213750e-01 4.5749822588e-01 4.5862036142e-01 4.5839168842e-01 4.6720552312e-01 4.9719703168e-01 7.9304857925e-01 1.1962901577e+00 2.4968278296e-01 4.3246185593e-01 6.1403591186e-01 0 0
1459 6.1560982430e+02 7.2068309610e+02 7.1131834030e+02 9.2778762387e+02 9.7875638568e+02 4.4361228556e-01 4.5732214364e-01 4.5841087058e-01 4.5820951300e-01 4.6704649494e-01 4.8411251392e-01 7.0548533276e-01 1.1300184950e+00 2.4824055648e-01 4.1617813148e-01 6.0268702731e-01 0 0
1460 6.1892724907e+02 6.8775867861e+02 7.0695743330e+02 9.5092777065e+02 9.7828309425e+02 4.4340451755e-01 4.5713603782e-01 4.5821135801e-01 4.5803657998e-01 4.6688664713e-01 4.3257916411e-01 7.6193051413e-01 1.0977873877e+00 2.3876664845e-01 4.2047655769e-01 5.9334369749e-01 0 0
1461 6.0415031969e+02 7.0377615404e+02 7.0584793865e+02 9.7377435785e+02 9.7736431283e+02 4.4319669018e-01 4.5696329725e-01 4.5802143508e-01 4.5787455218e-01 4.6672904330e-01 3.9446540303e-01 9.2980506644e-01 1.0566582382e+00 2.2807382870e-01 4.4953336753e-01 5.8246281743e-01 0 0
1462 6.0895951809e+02 7.2023418501e+02 7.0896630297e+02 9.2588585960e+02 9.7901327877e+02 4.4299297541e-01 4.5678269104e-01 4.5783873306e-01 4.5769673183e-01 4.6658057594e-01 3.7172864507e-01 8.5884299874e-01 1.1857687011e+00 2.1847207284e-01 4.5222616009e-01 5.9511866421e-01 0 0
1463 6.1308831169e+02 6.9548663269e+02 6.8786120057e+02 8.7718363243e+02 1.0007184607e+03 4.4279600618e-01 4.5658931141e-01 4.5764566944e-01 4.5751389752e-01 4.6642543023e-01 3.9162222706e-01 7.4237965420e-01 1.3422342986e+00 2.2061369175e-01 4.2603740096e-01 6.4495467022e-01 0 0
1464 6.2128707654e+02 7.0064749072e+02 7.0287249911e+02 8.3150244287e+02 9.9932636686e+02 4.4261812675e-01 4.5638952818e-01 4.5744705492e-01 4.5733578103e-01 4.6626091972e-01 4.3173456207e-01 7.3529022932e-01 1.0918172449e+00 2.2036981978e-01 4.1905853525e-01 6.0488409176e-01 0 0
1465 5.9630914469e+02 7.6522856063e+02 6.9365105150e+02 8.6467949264e+02 9.9107148456e+02 4.4245594850e-01 4.5619151161e-01 4.5725670304e-01 4.5717303435e-01 4.6609654552e-01 5.8479534098e-01 9.0827286616e-01 9.6184536442e-01 2.4491224975e-01 4.4216656685e-01 5.6718380377e-01 0 0
1466 5.9298156132e+02 7.5635115026e+02 6.9618767674e+02 8.6226909953e+02 1.0292472978e+03 4.4227542630e-01 4.5600214693e-01 4.5707601288e-01 4.5701087091e-01 4.6593212433e-01 4.5701956778e-01 1.0617825538e+00 1.0364716798e+00 2.2828844885e-01 4.7668310627e-01 5.8706062287e-01 0 0
1467 6.2536592225e+02 7.4883446936e+02 7.0033719557e+02 8.7614628487e+02 1.0506782333e+03 4.4209601111e-01 4.5581497591e-01 4.5689346034e-01 4.5683558946e-01 4.6576881736e-01 4.1083098485e-01 9.4001451507e-01 1.0546031669e+00 2.1473829789e-01 4.6835615486e-01 5.9168050438e-01 0 0
1468 7.0163037773e+02 7.2925758481e+02 7.1491677837e+02 8.9610204497e+02 1.0923525072e+03 4.4191825849e-01 4.5562931180e-01 4.5669170922e-01 4.5666286597e-01 4.6560947230e-01 4.5827124631e-01 8.5906927660e-01 1.0514773577e+00 2.2467748585e-01 4.4349596277e-01 5.8332146704e-01 0 0
1469 6.7935268030e+02 7.0844261412e+02 7.0267135366e+02 9.1571150615e+02 1.0472894777e+03 4.4173802813e-01 4.5544089934e-01 4.5647429144e-01 4.5648113554e-01 4.6546923754e-01 4.2229990612e-01 8.5568503290e-01 1.4466042742e+00 2.1716751104e-01 4.5243127644e-01 6.4130644128e-01 0 0
1470 6.0481585015e+02 6.9345254885e+02 7.0912393134e+02 9.0303709780e+02 9.9711963299e+02 4.4155928571e-01 4.5525616965e-01 4.5626082706e-01 4.5629347962e-01 4.6531323621e-01 4.5298535570e-01 7.3882823065e-01 1.3140032962e+00 2.2291336843e-01 4.2891630158e-01 6.4584634081e-01 0 0
1471 5.9527247379e+02 7.3154143765e+02 7.2698130134e+02 9.0354070882e+02 1.0678499426e+03 4.4136289753e-01 4.5507755102e-01 4.5606297051e-01 4.5612539657e-01 4.6516097158e-01 3.5767843787e-01 8.4057072550e-01 1.2046394721e+00 2.0636638958e-01 4.3317048997e-01 6.0898735002e-01 0 0
1472 5.9264776082e+02 7.3481621852e+02 7.7734680967e+02 8.8181209024e+02 1.0962994573e+03 4.4115691707e-01 4.5488465754e-01 4.5586521573e-01 4.5595710514e-01 4.6501142913e-01 2.8089052637e-01 9.5922197402e-01 1.4461356252e+00 1.8786326353e-01 4.6182949468e-01 6.5884489194e-01 0 0
1473 5.8083407164e+02 7.0684618642e+02 7.8749813492e+02 8.9006351599e+02 1.0875718367e+03 4.4095466508e-01 4.5468860947e-01 4.5566754763e-01 4.5577989480e-01 4.6485334443e-01 2.7323935908e-01 8.2103385031e-01 1.2205775455e+00 1.8264087619e-01 4.3817390874e-01 6.2475030124e-01 0 0
1474 5.9940798650e+02 7.3443800794e+02 7.9123649278e+02 8.7989164816e+02 1.0582128803e+03 4.4076140342e-01 4.5449469373e-01 4.5546169218e-01 4.5559456433e-01 4.6468761011e-01 2.9290859616e-01 7.7505076677e-01 1.1060711294e+00 1.8577141346e-01 4.3534574471e-01 6.0971849412e-01 0 0
1475 5.7742258402e+02 7.4800020889e+02 7.3055770648e+02 8.9525129154e+02 1.0225368881e+03 4.4057124195e-01 4.5429103000e-01 4.5526370929e-01 4.5541439994e-01 4.6452000036e-01 3.2476122125e-01 8.0948996544e-01 1.0465007648e+00 1.9282930744e-01 4.3884198368e-01 5.9144683182e-01 0 0
1476 5.8514667295e+02 7.2257203361e+02 7.0455016677e+02 9.2895865758e+02 1.0263610476e+03 4.4038651742e-01 4.5409697386e-01 4.5507375280e-01 4.5524396681e-01 4.6436311482e-01 3.4249096411e-01 9.1377099231e-01 1.1373688057e+00 1.9525210712e-01 4.5416932926e-01 5.9763010591e-01 0 0
1477 5.8496090247e+02 7.0945044753e+02 6.9028501813e+02 8.8024197667e+02 1.0793500359e+03 4.4019859920e-01 4.5391061470e-01 4.5488020621e-01 4.5508045229e-01 4.6420694226e-01 3.5740208703e-01 1.1398780867e+00 1.2621651068e+00 2.0046120192e-01 4.9636470899e-01 6.3091500849e-01 0 0
1478 5.7134418480e+02 6.8737355655e+02 7.3303764399e+02 8.3936806587e+02 1.0131021975e+03 4.4000654549e-01 4.5372204183e-01 4.5468894654e-01 4.5489478049e-01 4.6404405648e-01 3.2900136492e-01 8.4392176196e-01 1.2273639068e+00 1.9378795106e-01 4.5377843082e-01 6.3086020574e-01 0 0
1479 5.8145512224e+02 6.8806853765e+02 7.5448343256e+02 8.8362637042e+02 1.0242300767e+03 4.3982129219e-01 4.5353932816e-01 4.5450194928e-01 4.5472497820e-01 4.6388666470e-01 2.9941901102e-01 8.4761932120e-01 1.2842029855e+00 1.8239115585e-01 4.3589406647e-01 6.3442083076e-01 0 0
1480 5.6663371741e+02 7.1805481598e+02 7.1327863157e+02 9.0292631898e+02 1.0244361864e+03 4.3963875755e-01 4.5335160741e-01 4.5430512009e-01 4.5456173228e-01 4.6373623740e-01 2.9630928766e-01 1.2147130966e+00 1.4976004288e+00 1.7862990552e-01 5.1366352290e-01 6.7513639107e-01 0 0
1481 5.6992268989e+02 7.8180292434e+02 7.0913638057e+02 8.7837933150e+02 1.0345501438e+03 4.3945865198e-01 4.5315082130e-01 4.5408497882e-01 4.5437522933e-01 4.6357336506e-01 3.0709601192e-01 8.0397108942e-01 1.2580323368e+00 1.8057669171e-01 4.4622734934e-01 6.4346660674e-01 0 0
1482 5.6929622150e+02 7.7476919950e+02 7.2233077603e+02 8.5375808927e+02 1.0684066408e+03 4.3927526892e-01 4.5294788980e-01 4.5386374837e-01 4.5419291363e-01 4.6339861112e-01 2.9990599148e-01 7.5082679465e-01 1.0154847801e+00 1.7941903588e-01 4.2494746111e-01 5.9672908112e-01 0 0
1483 5.5339609248e+02 7.5529485137e+02 7.0080638821e+02 8.5806074960e+02 1.2147885618e+03 4.3910332908e-01 4.5275579035e-01 4.5364958833e-01 4.5400914380e-01 4.6324066976e-01 3.2451744852e-01 7.5752175227e-01 1.0417252854e+00 1.7999606566e-01 4.2931627110e-01 5.7876886427e-01 0 0
1484 5.8173186894e+02 7.1370555904e+02 7.3345688353e+02 8.7710169023e+02 1.1750148935e+03 4.3892634438e-01 4.5255132099e-01 4.5344107996e-01 4.5381707110e-01 4.6308557001e-01 3.8976036636e-01 7.4150594696e-01 1.2846276090e+00 1.9990823629e-01 4.3326909654e-01 6.3333839178e-01 0 0
1485 5.7961237159e+02 7.4190367468e+02 7.6075899600e+02 8.3812562453e+02 1.0789726595e+03 4.3874379766e-01 4.5234110867e-01 4.5323718844e-01 4.5364063327e-01 4.6291343947e-01 3.5962457800e-01 8.3831628039e-01 1.1508059278e+00 1.9428586443e-01 4.4044314139e-01 6.3039354980e-01 0 0
1486 5.7892701483e+02 6.8944656247e+02 7.7833279354e+02 8.2691017499e+02 1.0103967352e+03 4.3856096558e-01 4.5213705009e-01 4.5302860231e-01 4.5347359993e-01 4.6274323959e-01 3.6764406390e-01 1.0560322851e+00 1.0231615305e+00 1.9583834698e-01 4.7881537862e-01 5.9764743596e-01 0 0
1487 5.8233854314e+02 6.9992957235e+02 7.5677725422e+02 8.4998411750e+02 1.0232969083e+03 4.3836450697e-01 4.5193112817e-01 4.5282018332e-01 4.5329941934e-01 4.6256899298e-01 3.2366812301e-01 1.0560769141e+00 1.0584882796e+00 1.9064583414e-01 4.8614837043e-01 6.0940390080e-01 0 0
1488 6.2491791412e+02 7.1012655122e+02 7.5624946281e+02 8.6024055502e+02 9.9740879909e+02 4.3816131584e-01 4.5172505102e-01 4.5262334371e-01 4.5311589886e-01 4.6239475182e-01 2.7849274268e-01 8.7373641133e-01 9.6582369879e-01 1.7997629888e-01 4.5333051309e-01 5.8578127250e-01 0 0
1489 6.6566719657e+02 6.9516394199e+02 7.1989632500e+02 8.5823889448e+02 1.0143547210e+03 4.3797727591e-01 4.5153357230e-01 4.5241431503e-01 4.5292207528e-01 4.6222357158e-01 3.6516023003e-01 7.0309124514e-01 9.9705757573e-01 1.9545765250e-01 4.1776487418e-01 5.9279924259e-01 0 0
1490 6.8271884960e+02 6.8697093279e+02 6.9051353173e+02 8.3531708051e+02 9.8388861793e+02 4.3778023651e-01 4.5134132493e-01 4.5220821287e-01 4.5273388687e-01 4.6205337065e-01 4.1178388195e-01 7.0396054164e-01 1.0207363442e+00 2.1485278390e-01 4.1082100384e-01 5.9518860653e-01 0 0
1491 6.6665889798e+02 6.9479272988e+02 6.8881653490e+02 8.4294761848e+02 9.9136042891e+02 4.3758714083e-01 4.5115248950e-01 4.5200925706e-01 4.5254920473e-01 4.6189882424e-01 3.8851078380e-01 6.9769271836e-01 1.2451531142e+00 2.0594306017e-01 4.0871867910e-01 6.2915660441e-01 0 0
1492 6.3310958807e+02 6.8434046717e+02 6.9588980809e+02 8.3808621275e+02 9.8086412795e+02 4.3739132646e-01 4.5096040753e-01 4.5181384804e-01 4.5236411376e-01 4.6175256063e-01 4.5733813236e-01 6.9382157922e-01 1.6160575971e+00 2.2381623521e-01 4.0761103109e-01 6.9797766581e-01 0 0
1493 6.1727228270e+02 7.0040093429e+02 6.9596230591e+02 8.2586795252e+02 9.9962199105e+02 4.3717214240e-01 4.5076383079e-01 4.5161270546e-01 4.5217854104e-01 4.6159951896e-01 3.4769857967e-01 6.8590459600e-01 1.4158003777e+00 2.0673026950e-01 4.0306202509e-01 6.6804955155e-01 0 0
1494 6.0107654966e+02 7.0093225867e+02 7.3516592515e+02 8.6430965950e+02 1.0081776877e+03 4.3694200747e-01 4.5055386151e-01 4.5139843757e-01 4.5200124297e-01 4.6143381449e-01 2.8282901485e-01 6.6188352555e-01 1.1642334238e+00 1.9044052554e-01 3.9020483196e-01 6.3311351463e-01 0 0
1495 6.0818925101e+02 6.9095950044e+02 6.9998024526e+02 8.5444664111e+02 1.0142625708e+03 4.3671639799e-01 4.5035447157e-01 4.5119087000e-01 4.5183123647e-01 4.6126322768e-01 2.9579818558e-01 6.6384389997e-01 1.0686990768e+00 1.9240106894e-01 3.8321402483e-01 6.1139910668e-01 0 0
1496 6.3496906862e+02 6.8185622110e+02 6.8619776668e+02 8.3345324554e+02 9.8761543629e+02 4.3651040776e-01 4.5016471761e-01 4.5098456673e-01 4.5167473667e-01 4.6109781455e-01 3.5302360298e-01 8.0373742804e-01 1.1991754919e+00 2.0156246867e-01 4.0452237055e-01 6.3338744640e-01 0 0
1497 6.3419067918e+02 6.8930909703e+02 7.0130946718e+02 8.5464104307e+02 9.9764209514e+02 4.3631377138e-01 4.4996025829e-01 4.5077968859e-01 4.5151426079e-01 4.6094097548e-01 4.3069112045e-01 7.7931907400e-01 1.3550687581e+00 2.1727687916e-01 4.0345091932e-01 6.5725583956e-01 0 0
1498 6.3527291219e+02 6.7938579798e+02 6.7972239278e+02 8.5528748822e+02 9.7980300954e+02 4.3611213383e-01 4.4975716213e-01 4.5057252553e-01 4.5135175292e-01 4.6077797301e-01 4.5958387446e-01 6.9549598172e-01 1.2291528061e+00 2.2725038797e-01 3.8388329744e-01 6.3599437475e-01 0 0
1499 5.8381882018e+02 6.6811341197e+02 6.9087372218e+02 8.4858779746e+02 9.8060233403e+02 4.3592016756e-01 4.4955782789e-01 4.5036809077e-01 4.5119233687e-01 4.6062402037e-01 4.4511792172e-01 7.1934529394e-01 1.3987506703e+00 2.1785235463e-01 3.8733929023e-01 6.5387709811e-01 0 0
1500 5.9734775712e+02 7.0855967462e+02 6.6824448183e+02 8.8951689838e+02 9.7023141569e+02 4.3572025841e-01 4.4935765818e-01 4.5016360972e-01 4.5103283874e-01 4.6047016460e-01 4.9697591907e-01 7.1706970409e-01 1.4972445369e+00 2.3389111662e-01 3.8683465123e-01 6.7676939070e-01 0 0
1501 6.5581842548e+02 6.9537494383e+02 6.6557195798e+02 8.4078653652e+02 9.9992996630e+02 4.3551269261e-01 4.4916073327e-01 4.4996146058e-01 4.5087124172e-01 4.6030725430e-01 3.8573254775e-01 7.4205695465e-01 1.1854001358e+00 2.0964093809e-01 3.9342178963e-01 6.2374119088e-01 0 0
1502 6.5473638126e+02 7.0546544919e+02 6.4356999911e+02 7.8365182798e+02 9.9663781661e+02 4.3532031618e-01 4.4897280761e-01 4.4976849880e-01 4.5072358088e-01 4.6013833669e-01 4.8746507009e-01 8.5753722861e-01 1.0304300413e+00 2.2680833358e-01 4.0256552957e-01 5.9249313921e-01 0 0
1503 6.5930325603e+02 7.3496955719e+02 6.4547196879e+02 8.1474436175e+02 9.6846934644e+02 4.3510710611e-01 4.4879097946e-01 4.4959168381e-01 4.5057425604e-01 4.5998721478e-01 4.1377632670e-01 9.3131886050e-01 1.1012164652e+00 2.1965914668e-01 4.2219241709e-01 5.8128194511e-01 0 0
1504 6.2782385304e+02 6.9273899306e+02 6.3691343113e+02 8.3171227747e+02 9.5448575814e+02 4.3489741952e-01 4.4861633437e-01 4.4941982561e-01 4.5041639764e-01 4.5984245292e-01 3.7768698262e-01 7.5631507859e-01 1.5121504962e+00 2.0814926536e-01 3.9138218202e-01 6.6912106425e-01 0 0
1505 6.2617070930e+02 6.5478634397e+02 6.4276908276e+02 8.7070671727e+02 9.5817322938e+02 4.3468972949e-01 4.4843313267e-01 4.4923968076e-01 4.5026246684e-01 4.5968515968e-01 4.4204170767e-01 7.6000299677e-01 1.0959904566e+00 2.2382108679e-01 3.8675025105e-01 5.9388893470e-01 0 0
1506 5.8751693130e+02 6.7217543283e+02 6.6504243286e+02 8.4968497839e+02 9.4857267776e+02 4.3447084802e-01 4.4824806645e-01 4.4905247838e-01 4.5010826672e-01 4.5952803680e-01 3.7043628146e-01 7.6500602439e-01 9.1401366889e-01 2.1025860144e-01 3.8805647381e-01 5.4175570235e-01 0 0
1507 5.9082127847e+02 6.5613544238e+02 6.7967549702e+02 8.2226482200e+02 9.6636803936e+02 4.3425091867e-01 4.4807180413e-01 4.4886463724e-01 4.4995298638e-01 4.5937469845e-01 3.3300401826e-01 7.6547589898e-01 8.9825922251e-01 1.9988235181e-01 3.9117862843e-01 5.3464215621e-01 0 0
1508 5.8260410883e+02 6.5103787332e+02 7.1881488838e+02 8.1767475196e+02 1.0000543735e+03 4.3403684566e-01 4.4790930684e-01 4.4868191392e-01 4.4979126475e-01 4.5923188956e-01 3.5009364025e-01 6.6516309977e-01 9.9474763870e-01 2.0088958955e-01 3.7202999927e-01 5.4347440973e-01 0 0
1509 5.8662968273e+02 6.7392551054e+02 6.7845325005e+02 7.8809045325e+02 1.0079059976e+03 4.3382386994e-01 4.4773115306e-01 4.4850438347e-01 4.4963907937e-01 4.5909957417e-01 3.7316739355e-01 7.3756934702e-01 1.2192674503e+00 2.0632799152e-01 3.7905278429e-01 5.8135802299e-01 0 0
1510 5.9806848038e+02 6.3381745203e+02 6.2978153454e+02 7.7925320821e+02 9.6700930709e+02 4.3359464785e-01 4.4754580931e-01 4.4832280377e-01 4.4948664423e-01 4.5896355891e-01 3.1348720739e-01 7.7768112719e-01 1.2223134786e+00 1.9600289634e-01 3.8947400264e-01 5.9197616950e-01 0 0
1511 5.9314428709e+02 6.5372076894e+02 6.4666608945e+02 7.8639179961e+02 9.3952278445e+02 4.3336517911e-01 4.4737239039e-01 4.4814835776e-01 4.4934988911e-01 4.5881825053e-01 2.8462580316e-01 9.2354973778e-01 1.0339495093e+00 1.8704811110e-01 4.0021296218e-01 5.5958355591e-01 0 0
1512 5.7346129135e+02 6.6094539298e+02 6.8005252554e+02 7.9605339017e+02 9.6417779092e+02 4.3317612012e-01 4.4720251157e-01 4.4797052973e-01 4.4919970369e-01 4.5868479453e-01 4.0958942083e-01 8.5045061633e-01 1.1574962065e+00 2.0346639204e-01 4.0131493658e-01 5.6694705039e-01 0 0
1513 5.8552044535e+02 6.5527603916e+02 6.6439234455e+02 7.5597333782e+02 9.6486265214e+02 4.3298734913e-01 4.4702042918e-01 4.4779627011e-01 4.4904609899e-01 4.5855050012e-01 5.4933548740e-01 6.1238594353e-01 1.3382833451e+00 2.3516637946e-01 3.4569701925e-01 6.1068677902e-01 0 0
1514 5.7228406890e+02 6.4637900066e+02 6.6706010786e+02 7.8246134090e+02 9.8063585877e+02 4.3278503650e-01 4.4684348021e-01 4.4761291390e-01 4.4889460862e-01 4.5840762763e-01 4.4032460888e-01 6.4589514211e-01 1.0939998180e+00 2.1758190610e-01 3.5167679563e-01 5.6787614152e-01 0 0
1515 5.8663592323e+02 6.7758260567e+02 6.5753939996e+02 7.8015559346e+02 9.7748228884e+02 4.3257474830e-01 4.4666505247e-01 4.4741673681e-01 4.4873682857e-01 4.5826509041e-01 3.6655463977e-01 6.3076978177e-01 9.5982074365e-01 2.0204461981e-01 3.5211261362e-01 5.3150069341e-01 0 0
1516 5.8458256646e+02 6.5058219119e+02 6.2560930300e+02 7.8595817319e+02 9.5114368657e+02 4.3235931072e-01 4.4649281041e-01 4.4723147171e-01 4.4857858279e-01 4.5812470233e-01 3.3413554937e-01 6.5924039856e-01 1.0584113598e+00 1.9510310057e-01 3.6092288420e-01 5.5014675856e-01 0 0
1517 5.6121444664e+02 6.4559352537e+02 6.2551771058e+02 8.0734108343e+02 9.5558542266e+02 4.3217148727e-01 4.4632549199e-01 4.4705824818e-01 4.4841835024e-01 4.5798665715e-01 4.7139146096e-01 6.8313712254e-01 1.1047420353e+00 2.1626493383e-01 3.6871759035e-01 5.6154057384e-01 0 0
1518 5.9890706892e+02 6.4212418483e+02 6.2833164511e+02 8.3353857889e+02 9.4609969084e+02 4.3195991932e-01 4.4614972186e-01 4.4687733561e-01 4.4824796478e-01 4.5784970345e-01 4.7958665173e-01 6.2498307601e-01 1.0249118805e+00 2.3124961911e-01 3.6265074089e-01 5.4524864256e-01 0 0
1519 5.8861601219e+02 6.3323080310e+02 6.1537534278e+02 8.3511552345e+02 9.6168173010e+02 4.3172559487e-01 4.4598637627e-01 4.4670084044e-01 4.4808416235e-01 4.5771170195e-01 3.1948770391e-01 6.4510597289e-01 1.0440038592e+00 1.9819414224e-01 3.6306726746e-01 5.4908199236e-01 0 0
1520 5.7331789953e+02 6.2990815303e+02 6.3300750390e+02 7.9172912034e+02 9.5870752839e+02 4.3150872540e-01 4.4582725382e-01 4.4652570551e-01 4.4793037933e-01 4.5757407207e-01 3.5775425227e-01 8.9499012753e-01 1.0821760669e+00 2.0134600577e-01 4.1189550050e-01 5.5699739605e-01 0 0
1521 5.8747629802e+02 6.3331096726e+02 6.2399574317e+02 8.4168796178e+02 9.8206418451e+02 4.3129546240e-01 4.4565717892e-01 4.4635493623e-01 4.4776677336e-01 4.5743542310e-01 4.0889347243e-01 7.6335518435e-01 9.8642461002e-01 2.1339028790e-01 3.9335994609e-01 5.3574551269e-01 0 0
1522 5.7243796187e+02 6.2392129411e+02 6.4377148022e+02 8.2799550874e+02 9.6072030269e+02 4.3107267065e-01 4.4548509642e-01 4.4617737656e-01 4.4759733503e-01 4.5730424128e-01 3.5207063670e-01 7.3461996019e-01 1.0839065686e+00 2.0260875803e-01 3.9668400586e-01 5.4350176454e-01 0 0
1523 5.7695312294e+02 6.4027669800e+02 6.1596469055e+02 8.3608686750e+02 9.2619621976e+02 4.3086761725e-01 4.4530239269e-01 4.4598679828e-01 4.4742758879e-01 4.5717677152e-01 3.9867242490e-01 7.6378867403e-01 1.1494311318e+00 2.0635188195e-01 4.0202251077e-01 5.5020980537e-01 0 0
1524 5.7761522220e+02 6.3179585310e+02 6.3149314624e+02 8.6512535219e+02 9.2320386427e+02 4.3066808766e-01 4.4512918724e-01 4.4580373981e-01 4.4726491332e-01 4.5705420093e-01 5.1019952723e-01 9.6888976917e-01 1.1972953305e+00 2.2967692233e-01 4.4255682267e-01 5.4986885563e-01 0 0
1525 5.7196301626e+02 6.2133311818e+02 6.3157085905e+02 8.2753579983e+02 9.3661905276e+02 4.3046633645e-01 4.4496847059e-01 4.4561422475e-01 4.4709575034e-01 4.5692465750e-01 4.8686654366e-01 9.0918118134e-01 1.1522894278e+00 2.2552325216e-01 4.3926765397e-01 5.5213095620e-01 0 0
1526 5.7919873866e+02 6.5613034623e+02 6.4162640025e+02 8.5652951642e+02 9.9908295451e+02 4.3025128449e-01 4.4479402704e-01 4.4541674390e-01 4.4691661622e-01 4.5678815385e-01 4.5027130495e-01 7.8906889260e-01 9.6881019324e-01 2.2405747560e-01 4.2079076730e-01 5.2171618864e-01 0 0
1527 5.8486603596e+02 6.4704066719e+02 6.2786274376e+02 9.1767794596e+02 1.0135725492e+03 4.3002877462e-01 4.4461158125e-01 4.4522324546e-01 4.4672828701e-01 4.5665682748e-01 3.7542557151e-01 6.9484857842e-01 1.0743076205e+00 2.0804968100e-01 4.0350467339e-01 5.4001060128e-01 0 0
1528 5.9128684942e+02 6.6974885685e+02 6.2604008458e+02 8.6179681480e+02 1.0026369919e+03 4.2980259283e-01 4.4442495094e-01 4.4504645055e-01 4.4655549194e-01 4.5651504122e-01 3.7850360988e-01 7.6614285260e-01 1.0958254114e+00 2.1050118241e-01 4.0628876910e-01 5.6018358842e-01 0 0
1529 5.8063697225e+02 6.6518907087e+02 6.5863414541e+02 9.2329819804e+02 9.6520564519e+02 4.2957841879e-01 4.4424064391e-01 4.4485149635e-01 4.4638248765e-01 4.5636792165e-01 3.9054509674e-01 9.3560491502e-01 9.6035870537e-01 2.1276217108e-01 4.5007978380e-01 5.3453469649e-01 0 0
1530 6.0081364017e+02 6.8372262285e+02 6.4851599826e+02 9.6904073057e+02 9.9970655069e+02 4.2935716792e-01 4.4404625281e-01 4.4465331057e-01 4.4619602449e-01 4.5622189782e-01 3.8452323164e-01 7.3339936137e-01 9.9129718170e-01 2.0952733607e-01 4.1512924805e-01 5.4377708957e-01 0 0
1531 6.6239853583e+02 6.8158225843e+02 6.5971845321e+02 9.0969713367e+02 9.9036760852e+02 4.2912410487e-01 4.4384225416e-01 4.4445455243e-01 4.4602045832e-01 4.5606497877e-01 3.4664726005e-01 7.4775143340e-01 9.1020566970e-01 2.0362344739e-01 4.0884778649e-01 5.4031804949e-01 0 0
1532 6.7987202408e+02 6.9878917600e+02 6.5537503576e+02 8.7197803155e+02 9.9985342676e+02 4.2890860273e-01 4.4363621542e-01 4.4425880076e-01 4.4583883624e-01 4.5591147733e-01 3.8443815105e-01 7.9743631929e-01 8.7678098306e-01 2.0628069620e-01 4.2674862407e-01 5.2580312639e-01 0 0
1533 6.1727623133e+02 6.8465675707e+02 6.6707727720e+02 9.0498290730e+02 1.0509592047e+03 4.2869538212e-01 4.4343737600e-01 4.4404633765e-01 4.4566231182e-01 4.5576383098e-01 4.8446763744e-01 8.0491075665e-01 1.0423467457e+00 2.3037986036e-01 4.2354886793e-01 5.6520093977e-01 0 0
1534 5.9917313964e+02 7.4101349515e+02 6.4854510252e+02 8.4209207484e+02 1.1675689487e+03 4.2845223429e-01 4.4322331384e-01 4.4383546106e-01 4.4548264095e-01 4.5560752669e-01 3.5697530530e-01 8.1023731455e-01 1.0478035584e+00 2.1038989039e-01 4.2967403680e-01 5.8397553861e-01 0 0
1535 5.9100507543e+02 7.9818794779e+02 6.7736836821e+02 8.3679122994e+02 1.1502609487e+03 4.2821010737e-01 4.4302315699e-01 4.4363478085e-01 4.4529140694e-01 4.5545898525e-01 3.1474006270e-01 6.8293696269e-01 1.2068682089e+00 1.9657330875e-01 4.0497877635e-01 6.1373546720e-01 0 0
1536 5.9901364613e+02 7.4455305385e+02 6.6093241428e+02 8.8720347159e+02 1.0616911039e+03 4.2798396446e-01 4.4282976708e-01 4.4342397715e-01 4.4510428290e-01 4.5530846941e-01 3.6298176323e-01 7.0904322714e-01 1.2260185555e+00 2.0390291577e-01 4.0695630573e-01 6.2255804613e-01 0 0
1537 5.9673762954e+02 7.1386117786e+02 6.8008804577e+02 8.7840750794e+02 1.0280693070e+03 4.2776348215e-01 4.4262097013e-01 4.4319899182e-01 4.4491476438e-01 4.5515489694e-01 4.3770926767e-01 7.3033531010e-01 1.1599690914e+00 2.2026893132e-01 4.1707550175e-01 6.1192867160e-01 0 0
1538 5.9227472667e+02 7.3413022516e+02 6.8351202440e+02 8.0565462513e+02 9.9091826101e+02 4.2753131460e-01 4.4239986976e-01 4.4297958186e-01 4.4474739054e-01 4.5499862134e-01 3.7664248750e-01 8.8409556448e-01 1.1407447010e+00 2.0962861634e-01 4.3244869821e-01 6.1193836480e-01 0 0
1539 6.0826401537e+02 6.9460294413e+02 6.7288975694e+02 8.8249730878e+02 1.0393453468e+03 4.2730380513e-01 4.4218719146e-01 4.4276017043e-01 4.4457757298e-01 4.5485543157e-01 4.0510505794e-01 1.0710345134e+00 1.2800433263e+00 2.1493057122e-01 4.7816433385e-01 6.2394702435e-01 0 0
1540 5.8153862995e+02 6.8070315208e+02 6.4616498474e+02 8.5965592681e+02 1.0496518470e+03 4.2705630968e-01 4.4198023307e-01 4.4255378204e-01 4.4439162868e-01 4.5471451261e-01 3.4927006236e-01 7.8304790333e-01 1.5416365936e+00 2.0713558297e-01 4.2748844996e-01 6.8234765530e-01 0 0
1541 5.8070821792e+02 6.9006188581e+02 6.6235267230e+02 8.0712971386e+02 1.0305043668e+03 4.2681205554e-01 4.4177814733e-01 4.4236623805e-01 4.4422084682e-01 4.5456261389e-01 3.1514886088e-01 8.3187793940e-01 1.2977576703e+00 1.9590001312e-01 4.2272202484e-01 6.4864174649e-01 0 0
1542 5.8108187552e+02 6.9771222130e+02 6.5239884273e+02 8.5386741506e+02 1.0643126890e+03 4.2657790387e-01 4.4157005283e-01 4.4216383623e-01 4.4405651303e-01 4.5439599564e-01 3.3870842966e-01 1.0034423172e+00 9.9564143643e-01 1.9826727129e-01 4.5219790190e-01 5.9812046215e-01 0 0
1543 5.9276776165e+02 6.5446626632e+02 6.7845366459e+02 8.2463480554e+02 1.0183443671e+03 4.2634666538e-01 4.4135967475e-01 4.4193617360e-01 4.4388334541e-01 4.5424070518e-01 3.5072950056e-01 9.7429639101e-01 9.6261410415e-01 2.0044022509e-01 4.5594565757e-01 5.7265520096e-01 0 0
1544 5.8620863474e+02 6.7470085964e+02 7.2509852779e+02 8.5707157665e+02 1.0571939273e+03 4.2611931507e-01 4.4116061885e-01 4.4170423167e-01 4.4369530548e-01 4.5408824064e-01 3.4635725929e-01 7.8999068588e-01 1.1721026376e+00 1.9755972400e-01 4.2921098322e-01 6.2405900657e-01 0 0
1545 5.8739237079e+02 6.8183591776e+02 6.7489964532e+02 8.9204309033e+02 1.0732792041e+03 4.2589069691e-01 4.4096682726e-01 4.4148139251e-01 4.4349924938e-01 4.5393978094e-01 3.7170685208e-01 6.5163640678e-01 1.2193993628e+00 2.0485369745e-01 3.9548535459e-01 6.2804773450e-01 0 0
1546 5.9494068847e+02 6.5769329383e+02 6.8493902557e+02 9.3439984081e+02 1.0419199825e+03 4.2565204765e-01 4.4076783167e-01 4.4126499880e-01 4.4330649874e-01 4.5379898672e-01 3.4294811147e-01 6.5827012807e-01 1.4197241962e+00 2.0099950602e-01 3.9446835406e-01 6.5932167321e-01 0 0
1547 5.8982482227e+02 6.8825810475e+02 6.7253257356e+02 8.6646155425e+02 1.0179338449e+03 4.2541325020e-01 4.4056215107e-01 4.4106711703e-01 4.4313263470e-01 4.5364947258e-01 3.3912875326e-01 7.9258555919e-01 1.3637034595e+00 1.9985302976e-01 4.1477198154e-01 6.6538142785e-01 0 0
1548 5.9430784567e+02 6.6538306636e+02 6.4984541431e+02 8.7238344494e+02 1.0871294771e+03 4.2516816858e-01 4.4036150499e-01 4.4086493964e-01 4.4297067565e-01 4.5349917528e-01 3.1881726808e-01 9.8101775721e-01 1.2534278110e+00 1.9579344021e-01 4.4512574933e-01 6.4230914414e-01 0 0
1549 6.1210819146e+02 6.7540270395e+02 6.5392521553e+02 8.7483462723e+02 1.0986363138e+03 4.2493053152e-01 4.4014784111e-01 4.4065239164e-01 4.4279654278e-01 4.5335512734e-01 3.1278871764e-01 9.9876996502e-01 1.4107687026e+00 1.9070563516e-01 4.6363621019e-01 6.6706705838e-01 0 0
1550 6.5173131789e+02 6.7347278620e+02 6.7936006193e+02 8.7003351229e+02 1.0727698961e+03 4.2469732705e-01 4.3994138098e-01 4.4045575251e-01 4.4261013089e-01 4.5320101077e-01 3.5063732731e-01 7.5228101015e-01 1.2954393029e+00 1.9999911870e-01 4.1678241082e-01 6.5963961557e-01 0 0
1551 6.9009390396e+02 6.5456068282e+02 6.9367346425e+02 9.4610659415e+02 1.0491217756e+03 4.2446973932e-01 4.3974709145e-01 4.4024091215e-01 4.4243484416e-01 4.5304761817e-01 4.0111835382e-01 9.0126071125e-01 1.1430336162e+00 2.1049301720e-01 4.4332836010e-01 6.2034047768e-01 0 0
1552 7.0600922356e+02 6.7611468147e+02 7.2902589117e+02 9.2891610224e+02 1.0204310670e+03 4.2423933809e-01 4.3955202505e-01 4.4002028371e-01 4.4225252794e-01 4.5289728953e-01 3.8621669696e-01 9.4044703618e-01 1.1650452837e+00 2.0777080374e-01 4.6136771888e-01 6.1955192313e-01 0 0
1553 6.5920032940e+02 6.7433070985e+02 7.1582094479e+02 9.4926218059e+02 9.7751777477e+02 4.2401631050e-01 4.3936074672e-01 4.3980037623e-01 4.4205640611e-01 4.5275789788e-01 3.8407818407e-01 7.6742031425e-01 1.3966447487e+00 2.0351740192e-01 4.3195184879e-01 6.5130145475e-01 0 0
1554 6.0593912664e+02 6.5433573187e+02 7.3089880456e+02 9.2887038251e+02 1.0585477079e+03 4.2378862977e-01 4.3914565157e-01 4.3958735329e-01 4.4186738313e-01 4.5261329819e-01 4.1287091480e-01 7.8460737690e-01 1.4541893676e+00 2.1249073759e-01 4.2754683830e-01 6.7375834286e-01 0 0
1555 5.8218672391e+02 6.8293630743e+02 7.1241120061e+02 9.0491215043e+02 1.0310126090e+03 4.2353864367e-01 4.3893399668e-01 4.3938121657e-01 4.4168136515e-01 4.5246122807e-01 3.1035783032e-01 8.0063329637e-01 1.2465899661e+00 1.9335072618e-01 4.3018559553e-01 6.3493900746e-01 0 0
1556 5.8983259246e+02 6.9485637005e+02 7.2009652131e+02 8.9914713062e+02 1.0686189686e+03 4.2327710808e-01 4.3873607311e-01 4.3916189255e-01 4.4149336014e-01 4.5231165168e-01 2.5324618940e-01 8.0733135343e-01 1.3776004463e+00 1.7795941849e-01 4.3388195895e-01 6.6343854740e-01 0 0
1557 5.6806379119e+02 6.7130658514e+02 6.9094464322e+02 9.0469732508e+02 1.0609803250e+03 4.2304441878e-01 4.3854114650e-01 4.3894523009e-01 4.4130235414e-01 4.5215597048e-01 2.9749712914e-01 7.9481868818e-01 1.1497727185e+00 1.8198840262e-01 4.3331615627e-01 6.2303762883e-01 0 0
1558 5.6392232426e+02 6.9850429490e+02 6.8338941589e+02 8.9878967228e+02 1.0522276370e+03 4.2285450876e-01 4.3833108625e-01 4.3872116002e-01 4.4111359554e-01 4.5199974573e-01 5.2579316519e-01 8.0223794281e-01 1.0917082950e+00 2.1817072345e-01 4.3375299126e-01 6.0557938367e-01 0 0
1559 5.8714911839e+02 6.8985951921e+02 7.1207155978e+02 8.6161799105e+02 1.0470605283e+03 4.2262523865e-01 4.3810784183e-01 4.3848850452e-01 4.4091963089e-01 4.5184511226e-01 3.9872683720e-01 8.1385674700e-01 1.1261471361e+00 2.0829189013e-01 4.4306613877e-01 6.1564356461e-01 0 0
1560 6.1877204485e+02 6.9312559738e+02 7.0619404646e+02 9.1047460151e+02 1.0199025995e+03 4.2238975098e-01 4.3788796975e-01 4.3825391615e-01 4.4072413248e-01 4.5169712865e-01 2.5893163115e-01 7.8520011902e-01 1.1512648761e+00 1.7046040478e-01 4.3699788675e-01 6.1457307264e-01 0 0
1561 6.6924130120e+02 7.1616596366e+02 7.1408304402e+02 9.0299858112e+02 1.0506864423e+03 4.2215595947e-01 4.3767620224e-01 4.3802000045e-01 4.4052015527e-01 4.5154389869e-01 2.6003784605e-01 7.2034505010e-01 1.1910707653e+00 1.6986382611e-01 4.2814527638e-01 6.3545517623e-01 0 0
1562 6.2022832235e+02 7.1403157756e+02 7.7297602647e+02 8.5661379133e+02 1.0800145832e+03 4.2192200938e-01 4.3748090190e-01 4.3781697190e-01 4.4032331428e-01 4.5137855511e-01 2.8489700830e-01 7.2393387929e-01 1.0258634314e+00 1.7733960326e-01 4.2101081461e-01 6.1181401834e-01 0 0
1563 5.8350935841e+02 6.6147446568e+02 7.1907718640e+02 8.5367067713e+02 1.0801911868e+03 4.2167892845e-01 4.3727080839e-01 4.3760053493e-01 4.4015663999e-01 4.5122312747e-01 2.6014509566e-01 1.1902942955e+00 1.1223387420e+00 1.7247331840e-01 4.9715227447e-01 6.2098746002e-01 0 0
1564 5.6923949900e+02 6.9593262515e+02 6.5809918041e+02 8.8229930437e+02 1.0965395570e+03 4.2142747416e-01 4.3705647884e-01 4.3738501404e-01 4.3996959350e-01 4.5106781033e-01 2.4669736107e-01 1.0304593742e+00 1.3003707603e+00 1.7056016591e-01 4.8925384879e-01 6.6845626384e-01 0 0
1565 5.5540436782e+02 7.3398624817e+02 7.1469803501e+02 8.8347446200e+02 1.0797923411e+03 4.2120167907e-01 4.3685010348e-01 4.3717404157e-01 4.3976867865e-01 4.5091794018e-01 2.7303253412e-01 7.8236381337e-01 1.2745815888e+00 1.7057085433e-01 4.4185355864e-01 6.5335105732e-01 0 0
1566 5.3735275105e+02 7.3242294817e+02 7.3942439607e+02 9.0509005077e+02 1.0245346505e+03 4.2101593557e-01 4.3664800919e-01 4.3695215213e-01 4.3956871743e-01 4.5076603632e-01 4.4451039840e-01 7.3776678368e-01 1.3231038749e+00 1.9657268081e-01 4.3094217964e-01 6.6983271390e-01 0 0
1567 5.4466198625e+02 7.4161196896e+02 7.2224231997e+02 9.0428652815e+02 1.0238590906e+03 4.2081242219e-01 4.3642723420e-01 4.3674078283e-01 4.3935724344e-01 4.5060731724e-01 4.7186897558e-01 7.0910138637e-01 1.1212287620e+00 2.1178339917e-01 4.3105093762e-01 6.3022750989e-01 0 0
1568 5.8293557698e+02 7.0655303233e+02 7.2858660261e+02 9.1837403872e+02 1.0601277046e+03 4.2060436643e-01 4.3618567772e-01 4.3650635512e-01 4.3916169785e-01 4.5045615645e-01 3.4279251605e-01 7.9768725112e-01 1.1963715032e+00 1.8308607266e-01 4.4193282723e-01 6.3782503456e-01 0 0
1569 5.7024741895e+02 6.9427450893e+02 6.8667518704e+02 9.6138032277e+02 1.0825996490e+03 4.2038725159e-01 4.3593970680e-01 4.3626431443e-01 4.3897475849e-01 4.5030034073e-01 3.4906059978e-01 9.4993875176e-01 1.3074804246e+00 1.8794247850e-01 4.6940942481e-01 6.7701745778e-01 0 0
1570 5.6528810134e+02 6.5224995209e+02 6.8474507118e+02 9.4471090155e+02 1.1126622354e+03 4.2015265063e-01 4.3570998240e-01 4.3602698263e-01 4.3877686031e-01 4.5014740531e-01 3.0608519257e-01 8.8836723566e-01 1.2018708661e+00 1.8236363946e-01 4.6449580416e-01 6.4724558219e-01 0 0
1571 5.7191557918e+02 6.7505053052e+02 6.5354370550e+02 9.5305059546e+02 1.1287491971e+03 4.1991285974e-01 4.3548622103e-01 4.3580042851e-01 4.3857371853e-01 4.4999507003e-01 2.8104600200e-01 7.7475845441e-01 1.3151429221e+00 1.7666358749e-01 4.4377958588e-01 6.7671402171e-01 0 0
1572 5.7541186985e+02 6.6507703971e+02 6.5895471203e+02 9.1802188836e+02 1.0413319596e+03 4.1969900316e-01 4.3526701553e-01 4.3559294003e-01 4.3838073708e-01 4.4984771128e-01 3.7932455524e-01 8.3322430030e-01 1.4533704147e+00 1.9357267308e-01 4.4646580890e-01 6.9785049558e-01 0 0
1573 5.6989661194e+02 6.7224411954e+02 6.7194254312e+02 9.2063242529e+02 1.0389969923e+03 4.1947412252e-01 4.3505775921e-01 4.3538112881e-01 4.3819463151e-01 4.4969445954e-01 4.1501379992e-01 1.0477660075e+00 1.3595127836e+00 2.0815102339e-01 4.8915734515e-01 6.9283293188e-01 0 0
1574 6.1241957455e+02 6.6868964681e+02 6.7046285318e+02 8.8817928230e+02 1.0343045973e+03 4.1923587360e-01 4.3483718154e-01 4.3514885382e-01 4.3800255152e-01 4.4954776468e-01 3.1748348858e-01 9.4766372442e-01 1.3563434109e+00 1.8749460765e-01 4.7548433766e-01 6.7927957699e-01 0 0
1575 6.2787875202e+02 6.7478633192e+02 7.1882408314e+02 9.0283051427e+02 1.0737001444e+03 4.1900742807e-01 4.3460845951e-01 4.3491170382e-01 4.3782369669e-01 4.4940690577e-01 3.5066254359e-01 1.0328534618e+00 1.7301588133e+00 1.9191153613e-01 4.7994282097e-01 7.4901446328e-01 0 0
1576 5.7053581951e+02 6.8778669022e+02 6.7994528732e+02 8.9087653466e+02 1.0775568430e+03 4.1877421441e-01 4.3437838485e-01 4.3466888765e-01 4.3764465074e-01 4.4925279749e-01 3.2032885280e-01 1.0667960718e+00 1.3642224967e+00 1.8587628934e-01 4.8855193891e-01 6.9777462631e-01 0 0
1577 5.5957239263e+02 6.4359109689e+02 6.8254901381e+02 9.0387177603e+02 1.0701990469e+03 4.1857416062e-01 4.3415507085e-01 4.3444122792e-01 4.3745120338e-01 4.4909628416e-01 3.9972990328e-01 8.4316930920e-01 1.1689530537e+00 1.9250827170e-01 4.5419129170e-01 6.5336898714e-01 0 0
1578 5.6935598946e+02 6.7005344936e+02 6.8686136247e+02 9.3210212692e+02 1.0923727615e+03 4.1837772277e-01 4.3395678703e-01 4.3421110732e-01 4.3725984086e-01 4.4893160351e-01 5.4486844966e-01 7.7847209945e-01 1.1724620908e+00 2.2164613794e-01 4.3224319629e-01 6.6683302075e-01 0 0
1579 5.7046671462e+02 6.6850023373e+02 6.9334938884e+02 8.7472692167e+02 1.0781538619e+03 4.1814360170e-01 4.3373540825e-01 4.3398517714e-01 4.3707063474e-01 4.4877395993e-01 3.3454188367e-01 8.6976775900e-01 1.1402041912e+00 1.8937701297e-01 4.5395854861e-01 6.5166696534e-01 0 0
1580 6.3967736999e+02 6.7461685885e+02 6.7851874514e+02 9.2715020358e+02 1.0798314683e+03 4.1793224558e-01 4.3351298772e-01 4.3374463508e-01 4.3687937211e-01 4.4862932889e-01 3.3103242408e-01 8.7701077014e-01 1.5061605275e+00 1.8011071345e-01 4.6164623275e-01 7.1290976182e-01 0 0
1581 6.6192918813e+02 6.7997005908e+02 6.9506162047e+02 8.9945271554e+02 1.0457010806e+03 4.1772331800e-01 4.3328402016e-01 4.3350445511e-01 4.3668314012e-01 4.4847305083e-01 4.1645801790e-01 8.1617773697e-01 1.4426039010e+00 1.9964566590e-01 4.5188378356e-01 7.1974445507e-01 0 0
1582 5.9158841976e+02 6.8620120500e+02 6.7772120466e+02 8.9880768243e+02 1.0300317956e+03 4.1750835484e-01 4.3305468243e-01 4.3327044270e-01 4.3648521523e-01 4.4832634364e-01 3.7851846433e-01 7.7533073723e-01 1.3215275928e+00 1.9290549537e-01 4.4085568376e-01 6.7511087283e-01 0 0
1583 5.6963899525e+02 6.6747488249e+02 6.6922749308e+02 8.8189625240e+02 1.1102504222e+03 4.1729450922e-01 4.3281741329e-01 4.3303960898e-01 4.3629111558e-01 4.4818024924e-01 3.5760533748e-01 8.1417582929e-01 1.6024106294e+00 1.8820764140e-01 4.4733115658e-01 7.3952027038e-01 0 0
1584 5.6100459178e+02 6.8153911296e+02 6.7778969821e+02 9.2831396225e+02 1.0615959683e+03 4.1707559728e-01 4.3258846967e-01 4.3281934514e-01 4.3610035792e-01 4.4802462963e-01 3.2423957652e-01 8.1470762938e-01 1.4457647949e+00 1.8037866887e-01 4.4230419211e-01 7.2102378309e-01 0 0
1585 5.2810971075e+02 6.8743647434e+02 6.6055549540e+02 9.0111462229e+02 1.0999173833e+03 4.1687513816e-01 4.3237091964e-01 4.3261085743e-01 4.3591769073e-01 4.4787213364e-01 3.5040565646e-01 9.8096510395e-01 1.2975967675e+00 1.7900729755e-01 4.7632587887e-01 6.8540849909e-01 0 0
1586 5.6414316797e+02 6.9073393937e+02 6.7380860135e+02 8.5802414739e+02 1.0644390542e+03 4.1669264795e-01 4.3214550578e-01 4.3238068700e-01 4.3573967852e-01 4.4771025832e-01 5.0810597438e-01 1.0567842871e+00 1.1870369315e+00 2.0596315341e-01 4.8834541067e-01 6.7588896677e-01 0 0
1587 5.5356718123e+02 6.6320926656e+02 7.3923106164e+02 9.2390847761e+02 1.0772667961e+03 4.1647860206e-01 4.3191759071e-01 4.3214140239e-01 4.3555333846e-01 4.4754810581e-01 3.5392009498e-01 1.0350140408e+00 1.0088873878e+00 1.8581509533e-01 4.9225168303e-01 6.2296420708e-01 0 0
1588 5.3633181183e+02 6.5147131556e+02 7.2016029032e+02 9.6374082356e+02 1.0640655525e+03 4.1625198955e-01 4.3171097885e-01 4.3191011127e-01 4.3535844936e-01 4.4740211632e-01 2.6919998557e-01 8.2611991465e-01 1.1872178316e+00 1.6615516492e-01 4.5009869710e-01 6.4946360141e-01 0 0
1589 5.2665412718e+02 6.7000501397e+02 7.4135336547e+02 9.4624679656e+02 1.0611421912e+03 4.1603889276e-01 4.3149601931e-01 4.3168019739e-01 4.3517927099e-01 4.4726371163e-01 2.9589267481e-01 8.8104715943e-01 1.3555484861e+00 1.6940390405e-01 4.4703319296e-01 6.7820291594e-01 0 0
1590 5.3556460986e+02 6.8433174521e+02 7.6977882375e+02 9.0953483990e+02 1.0448566887e+03 4.1583000537e-01 4.3126869728e-01 4.3144707644e-01 4.3499600349e-01 4.4712829402e-01 3.0242642709e-01 1.0114650279e+00 1.5905520990e+00 1.6910254807e-01 4.8445605300e-01 7.2995168716e-01 0 0
1591 5.2769065738e+02 7.2154690596e+02 6.8274778011e+02 8.7208410575e+02 1.0617682186e+03 4.1561812094e-01 4.3104649892e-01 4.3121930795e-01 4.3479798394e-01 4.4698557439e-01 3.0449794588e-01 7.7406191081e-01 1.4039285034e+00 1.7034035099e-01 4.4140283763e-01 7.0616331324e-01 0 0
1592 5.0724984610e+02 7.4193863459e+02 6.9966697435e+02 8.7077067159e+02 1.1179496858e+03 4.1542230665e-01 4.3082495595e-01 4.3097672602e-01 4.3460308993e-01 4.4684157024e-01 3.3500923893e-01 7.0066885278e-01 1.3767637834e+00 1.7193466294e-01 4.1744720377e-01 6.9943192229e-01 0 0
1593 5.3221235663e+02 7.4438624047e+02 7.1724069792e+02 8.4634715100e+02 1.1162286952e+03 4.1521624695e-01 4.3059447723e-01 4.3073623638e-01 4.3441455722e-01 4.4669952807e-01 3.2794854655e-01 7.0417786017e-01 1.4342159554e+00 1.7413937771e-01 4.1017878614e-01 7.1232892573e-01 0 0
1594 5.3621608208e+02 7.1407295671e+02 7.2032041482e+02 8.4568674017e+02 1.0763866638e+03 4.1499917949e-01 4.3036488869e-01 4.3049660069e-01 4.3424038713e-01 4.4656346170e-01 2.7074689427e-01 8.0867253616e-01 1.4768122360e+00 1.6222285728e-01 4.2448284850e-01 7.1401518583e-01 0 0
1595 5.3349326837e+02 7.0468975887e+02 7.0040158124e+02 8.4701726665e+02 1.0529046728e+03 4.1478702276e-01 4.3012478566e-01 4.3026873467e-01 4.3406710890e-01 4.4642042427e-01 2.6818004425e-01 8.4006923065e-01 1.3574276045e+00 1.5980406677e-01 4.3072772771e-01 7.0126356184e-01 0 0
1596 5.3514995684e+02 6.8364409600e+02 7.1242607073e+02 8.5668032982e+02 1.1042049176e+03 4.1456804832e-01 4.2989624753e-01 4.3004260961e-01 4.3389723944e-01 4.4627058585e-01 2.7656621155e-01 8.4549212083e-01 1.1847823709e+00 1.6371362274e-01 4.2806388624e-01 6.6826244444e-01 0 0
1597 5.4603980221e+02 6.5691549590e+02 7.0919080208e+02 8.4320441620e+02 1.1590894055e+03 4.1434396804e-01 4.2967719787e-01 4.2980518717e-01 4.3371963455e-01 4.4612413290e-01 2.6163115110e-01 8.6252673343e-01 1.1841967851e+00 1.6196711928e-01 4.4424940832e-01 6.5975193307e-01 0 0
1598 6.0149287786e+02 6.6922854374e+02 6.7539812333e+02 8.5136188692e+02 1.2008525097e+03 4.1413279264e-01 4.2945145414e-01 4.2956694583e-01 4.3353177950e-01 4.4598529511e-01 2.8699025866e-01 7.6724370196e-01 1.4530774578e+00 1.6410827799e-01 4.2872642167e-01 7.1426750347e-01 0 0
1599 6.2103212331e+02 6.6225797466e+02 7.1050422237e+02 8.8133460587e+02 1.1285881667e+03 4.1393825378e-01 4.2922474019e-01 4.2934648381e-01 4.3335184068e-01 4.4584379555e-01 3.9029113515e-01 7.5805667788e-01 1.3875569105e+00 1.8279737513e-01 4.1796150990e-01 7.0626383647e-01 0 0
1600 5.4692507321e+02 6.3873664370e+02 6.8860347806e+02 9.0057911923e+02 1.0781108477e+03 4.1373789163e-01 4.2901789272e-01 4.2912992567e-01 4.3317866948e-01 4.4569411964e-01 3.4670388967e-01 8.7773265690e-01 1.1274769679e+00 1.7554917367e-01 4.4340533763e-01 6.5459124744e-01 0 0
1601 5.3720270881e+02 6.3659200042e+02 6.5344861600e+02 8.9611003091e+02 1.0710941835e+03 4.1353262458e-01 4.2881894550e-01 4.2891944089e-01 4.3299951836e-01 4.4554709956e-01 2.9445217242e-01 7.6339219511e-01 1.0564377606e+00 1.6389205090e-01 4.1925246269e-01 6.3109964505e-01 0 0
1602 5.1703277761e+02 6.9195533635e+02 6.5040227936e+02 8.5042213782e+02 1.0592379336e+03 4.1332083907e-01 4.2860997833e-01 4.2870650776e-01 4.3283913027e-01 4.4541192936e-01 2.8090029165e-01 8.9194424078e-01 1.2898962498e+00 1.6175249971e-01 4.3048666790e-01 6.6681675240e-01 0 0
1603 5.0476330270e+02 6.3982600174e+02 6.7852160061e+02 8.2538971856e+02 1.0523794468e+03 4.1311931750e-01 4.2838983090e-01 4.2850362187e-01 4.3267376861e-01 4.4528809473e-01 2.7650863700e-01 9.8275237903e-01 1.6602320150e+00 1.5707019565e-01 4.5995849557e-01 7.3089685291e-01 0 0
1604 5.2947539839e+02 6.2416782098e+02 6.7666276682e+02 8.8806045684e+02 1.0184626589e+03 4.1293156302e-01 4.2817668291e-01 4.2829055817e-01 4.3249835205e-01 4.4516140882e-01 3.3720378742e-01 8.0061273277e-01 1.5449610651e+00 1.6724722515e-01 4.2565201968e-01 7.1928414330e-01 0 0
1605 5.2062918357e+02 6.6166640953e+02 7.2534534878e+02 9.6870793457e+02 1.0436619424e+03 4.1273997114e-01 4.2796189303e-01 4.2805680217e-01 4.3232999920e-01 4.4503484427e-01 3.5761396214e-01 9.4608226791e-01 1.2916256785e+00 1.7361065503e-01 4.5438017882e-01 6.5267741308e-01 0 0
1606 5.2765223156e+02 6.6942907111e+02 6.9429890447e+02 9.0826087249e+02 1.0596178556e+03 4.1253782793e-01 4.2774411764e-01 4.2781907238e-01 4.3214869111e-01 4.4490774226e-01 2.8638005528e-01 9.2602714151e-01 1.3796224594e+00 1.5981642578e-01 4.6824295819e-01 6.7702791467e-01 0 0
1607 5.1452243783e+02 6.4282384834e+02 6.6498195464e+02 9.0494323026e+02 1.1150108744e+03 4.1234046459e-01 4.2753526846e-01 4.2759098407e-01 4.3196151657e-01 4.4477381605e-01 2.8701867412e-01 8.1423473731e-01 1.0699401274e+00 1.5747241855e-01 4.4467031956e-01 6.1669910327e-01 0 0
1608 5.0281043942e+02 6.2469277449e+02 6.6467882282e+02 8.6897220180e+02 1.1202366937e+03 4.1215554849e-01 4.2733170269e-01 4.2738167566e-01 4.3177177564e-01 4.4464421997e-01 3.4022315998e-01 7.8890781105e-01 1.1043814495e+00 1.6542888533e-01 4.4126191922e-01 6.1482214928e-01 0 0
1609 5.1367374185e+02 6.3351262813e+02 6.3483147370e+02 8.4542012485e+02 1.2106550913e+03 4.1195185797e-01 4.2712229839e-01 4.2717446207e-01 4.3159264482e-01 4.4451853056e-01 2.8015517025e-01 8.6931299418e-01 1.3263202459e+00 1.5786795743e-01 4.5248143934e-01 6.6830096021e-01 0 0
1610 5.2570102784e+02 6.2459546908e+02 6.3251358681e+02 8.6479072613e+02 1.1516135419e+03 4.1175092815e-01 4.2691762461e-01 4.2696446509e-01 4.3142780010e-01 4.4438443533e-01 2.5698505265e-01 1.0376158431e+00 1.2149628103e+00 1.4975166952e-01 4.7488732077e-01 6.6210161895e-01 0 0
1611 4.9849720359e+02 6.4102213300e+02 6.8015763338e+02 8.7547030218e+02 1.1151072818e+03 4.1155603715e-01 4.2672568868e-01 4.2675267692e-01 4.3125478088e-01 4.4425563451e-01 2.9572484692e-01 1.0267363563e+00 1.1702608615e+00 1.5756329437e-01 4.8555076122e-01 6.3456342742e-01 0 0
1612 5.0596507321e+02 6.3532895023e+02 6.8912677988e+02 8.3395259907e+02 1.0755228961e+03 4.1134912550e-01 4.2651491397e-01 4.2653043036e-01 4.3107694074e-01 4.4413287889e-01 2.6857551860e-01 8.0757262185e-01 1.2971482053e+00 1.5469035745e-01 4.3927775137e-01 6.5890655294e-01 0 0
1613 5.4074794534e+02 6.3577553527e+02 6.8714815997e+02 8.4156390874e+02 1.0370700314e+03 4.1113141524e-01 4.2629435580e-01 4.2628902392e-01 4.3092293978e-01 4.4400344084e-01 2.0967156433e-01 1.0249660909e+00 1.1350517645e+00 1.3985222165e-01 4.6059441753e-01 6.3325798139e-01 0 0
1614 5.5714585845e+02 6.4472239666e+02 6.9241815852e+02 8.4758369793e+02 1.0432384675e+03 4.1092880949e-01 4.2607235991e-01 4.2605623871e-01 4.3075170992e-01 4.4387638198e-01 2.2022637148e-01 9.7671775892e-01 1.0827081352e+00 1.3788830270e-01 4.7394816764e-01 6.1335754395e-01 0 0
1615 5.3379230158e+02 6.6530561586e+02 6.5890131090e+02 8.5254490351e+02 1.0124057672e+03 4.1074076006e-01 4.2584770059e-01 4.2581372935e-01 4.3057690377e-01 4.4375380122e-01 2.5638345886e-01 7.9591166973e-01 1.1569767222e+00 1.4378205960e-01 4.3242133223e-01 6.2871365249e-01 0 0
1616 5.5875897418e+02 6.8681834389e+02 6.4110887823e+02 8.7384917177e+02 1.0275705572e+03 4.1054990894e-01 4.2560426891e-01 4.2555871177e-01 4.3040957238e-01 4.4363476596e-01 2.4455666893e-01 8.8042334840e-01 1.3884721547e+00 1.4062407418e-01 4.4462135434e-01 6.7494811863e-01 0 0
1617 6.3404277452e+02 7.3367171644e+02 6.5141799657e+02 8.5810641823e+02 1.0378272978e+03 4.1038113179e-01 4.2537191276e-01 4.2531333005e-01 4.3022861530e-01 4.4351563495e-01 2.8996570762e-01 7.6382214576e-01 1.5872663409e+00 1.4391568320e-01 4.3385856785e-01 7.2455438972e-01 0 0
1618 5.3345541046e+02 7.6460778344e+02 6.5836165023e+02 8.6150235780e+02 1.0592826582e+03 4.1020521638e-01 4.2516147824e-01 4.2508380310e-01 4.3005769538e-01 4.4338904887e-01 3.3029476555e-01 7.1921152622e-01 1.4205408171e+00 1.5706681921e-01 4.1120380163e-01 7.1314632148e-01 0 0
1619 4.9303031293e+02 7.1544269512e+02 6.7289563177e+02 8.5280291539e+02 1.0591186194e+03 4.1001476918e-01 4.2493925192e-01 4.2484889828e-01 4.2989145824e-01 4.4325565849e-01 2.2918717452e-01 8.2164730132e-01 1.2478876188e+00 1.3564040653e-01 4.3185752071e-01 6.8335740268e-01 0 0
1620 4.8997979709e+02 6.8681615990e+02 6.8767500045e+02 8.3983078653e+02 1.0632533800e+03 4.0983058600e-01 4.2471159907e-01 4.2462154303e-01 4.2972573315e-01 4.4312208190e-01 2.2092748652e-01 7.8530376777e-01 1.0931029469e+00 1.3062777464e-01 4.2385218479e-01 6.4719490707e-01 0 0
1621 4.9870237437e+02 6.6902688193e+02 6.6375736813e+02 8.3173651176e+02 1.0397077714e+03 4.0964681854e-01 4.2449307718e-01 4.2441435235e-01 4.2955959937e-01 4.4299630730e-01 2.4401979762e-01 7.2304510698e-01 1.1848663837e+00 1.3703779649e-01 4.0997363813e-01 6.6073396429e-01 0 0
1622 4.9545743339e+02 6.3955656024e+02 6.2670836519e+02 8.3864898796e+02 1.0393236984e+03 4.0944394963e-01 4.2427040708e-01 4.2419852803e-01 4.2939125288e-01 4.4287274077e-01 1.9384613804e-01 6.7143569142e-01 1.2560717762e+00 1.2787435024e-01 3.9463093877e-01 6.7243897915e-01 0 0
1623 4.7760142959e+02 6.4939493473e+02 6.4606206165e+02 8.4452693859e+02 1.0540884688e+03 4.0923927493e-01 4.2404432363e-01 4.2396988626e-01 4.2923595420e-01 4.4275767907e-01 1.8382305834e-01 8.5218651593e-01 1.3257484809e+00 1.2504326220e-01 4.2661390081e-01 6.7699005827e-01 0 0
1624 4.6963815261e+02 6.4533331988e+02 7.1089602352e+02 8.4442587745e+02 1.0496034966e+03 4.0903540226e-01 4.2382597166e-01 4.2375700313e-01 4.2906767059e-01 4.4264443714e-01 1.6731690496e-01 7.4140313640e-01 1.3622222319e+00 1.1926572629e-01 4.1561036929e-01 6.8598641828e-01 0 0
1625 4.7359202151e+02 6.1626199278e+02 6.9626754915e+02 8.3908376370e+02 1.0314419518e+03 4.0884952231e-01 4.2362226483e-01 4.2354722747e-01 4.2890555188e-01 4.4253316592e-01 1.9375048010e-01 6.9899252057e-01 1.4038012400e+00 1.2227250497e-01 3.9541885257e-01 6.8941514567e-01 0 0
1626 4.7210591524e+02 6.3578158101e+02 6.5462331726e+02 8.0307724566e+02 1.0323498680e+03 4.0867937113e-01 4.2342448828e-01 4.2332045543e-01 4.2876228251e-01 4.4242118526e-01 2.7224890286e-01 9.5568739995e-01 1.2862917334e+00 1.3868056529e-01 4.3413285539e-01 6.6806508973e-01 0 0
1627 4.6292466268e+02 6.2474302217e+02 6.4770324995e+02 8.3472959694e+02 1.0424956834e+03 4.0849430644e-01 4.2322171723e-01 4.2309461062e-01 4.2861627066e-01 4.4231354552e-01 2.3703116971e-01 1.0002681538e+00 1.4191593528e+00 1.3492771963e-01 4.4864297286e-01 6.8664069474e-01 0 0
1628 4.8450438065e+02 6.2685287847e+02 6.4179564992e+02 8.1694315898e+02 1.0333627146e+03 4.0831397404e-01 4.2301729906e-01 4.2287069364e-01 4.2846012298e-01 4.4220639252e-01 1.9867030884e-01 8.6191889271e-01 1.5557798594e+00 1.2129453810e-01 4.3110014312e-01 7.1831521019e-01 0 0
1629 4.7452528802e+02 6.4732055911e+02 6.1745025103e+02 8.3008369307e+02 1.0284436056e+03 4.0814064850e-01 4.2280787330e-01 4.2264914947e-01 4.2828844512e-01 4.4210053631e-01 2.1181867899e-01 6.1809889227e-01 1.3327008486e+00 1.2252022927e-01 3.8398253545e-01 6.7284241319e-01 0 0
1630 4.8748155574e+02 6.7913455957e+02 6.2356988883e+02 8.5259651213e+02 1.0052257520e+03 4.0797667048e-01 4.2260207008e-01 4.2243946460e-01 4.2811618061e-01 4.4199969084e-01 2.3013550926e-01 5.7834194973e-01 1.4724534228e+00 1.2409344709e-01 3.7220814638e-01 6.9432872161e-01 0 0
1631 4.9848735809e+02 6.4563338572e+02 6.1375112016e+02 8.6229040932e+02 1.0234867793e+03 4.0782493351e-01 4.2238797317e-01 4.2223113417e-01 4.2794943778e-01 4.4189308280e-01 2.7003652443e-01 6.3494974002e-01 1.2973469272e+00 1.2894764622e-01 3.8306512311e-01 6.7078046501e-01 0 0
1632 4.5959510969e+02 6.8172710358e+02 6.0549295516e+02 8.7286267534e+02 1.0703229653e+03 4.0766569871e-01 4.2218202740e-01 4.2203060637e-01 4.2777642202e-01 4.4178863412e-01 3.0808260618e-01 6.3174913824e-01 1.0803697854e+00 1.4078830574e-01 3.9080489613e-01 6.1443345994e-01 0 0
1633 4.7655633750e+02 6.6055573194e+02 6.0884226713e+02 9.0531624309e+02 1.0710033847e+03 4.0749064758e-01 4.2198460165e-01 4.2183583729e-01 4.2760858868e-01 4.4168601066e-01 2.4488037881e-01 6.5721096843e-01 1.1619238257e+00 1.3143804134e-01 3.9208878018e-01 6.2920033187e-01 0 0
1634 5.5560781832e+02 6.1048574410e+02 6.1463269011e+02 9.5146768206e+02 1.1112701067e+03 4.0732404008e-01 4.2177493140e-01 4.2163069966e-01 4.2746172838e-01 4.4158736384e-01 2.3081622199e-01 8.3017339557e-01 1.2199461088e+00 1.2438766004e-01 4.1571603157e-01 6.3463206962e-01 0 0
1635 5.3486332554e+02 6.3710347962e+02 6.1815903597e+02 9.0051377696e+02 1.1134731699e+03 4.0717108274e-01 4.2157226905e-01 4.2141952388e-01 4.2731011247e-01 4.4149071727e-01 3.1016465770e-01 9.1134386882e-01 1.3080397770e+00 1.3817059726e-01 4.4238370471e-01 6.5114723891e-01 0 0
1636 4.7706818062e+02 6.1874080801e+02 6.3808257694e+02 8.3584235206e+02 1.0419535738e+03 4.0700213212e-01 4.2138553433e-01 4.2119887856e-01 4.2715031245e-01 4.4139343184e-01 2.5265940513e-01 6.9207362831e-01 1.4029315040e+00 1.3078041601e-01 3.9345252141e-01 6.7303426191e-01 0 0
1637 4.8286074619e+02 6.0444587227e+02 6.1957152533e+02 8.3866214145e+02 1.0028414942e+03 4.0682616117e-01 4.2119602576e-01 4.2098508384e-01 4.2700101205e-01 4.4129733583e-01 1.9166296441e-01 7.2825189307e-01 1.2533176541e+00 1.1566556800e-01 3.9109710045e-01 6.3585051149e-01 0 0
1638 4.7324076652e+02 6.3728979378e+02 6.7371903918e+02 7.8643169602e+02 1.0986434818e+03 4.0665212851e-01 4.2100004901e-01 4.2077236876e-01 4.2685869180e-01 4.4120597154e-01 1.8820518172e-01 8.2426074892e-01 1.4399447516e+00 1.1408753928e-01 4.1044260189e-01 6.6833952069e-01 0 0
1639 4.3831040833e+02 6.4113607662e+02 6.6954984878e+02 8.1395654061e+02 1.0876013746e+03 4.0648871863e-01 4.2079342613e-01 4.2056496656e-01 4.2672106614e-01 4.4111088989e-01 2.2205174726e-01 9.6599540114e-01 1.3066021353e+00 1.1963539754e-01 4.3641339988e-01 6.4654297754e-01 0 0
1640 4.6941147102e+02 6.6456522441e+02 6.4525750674e+02 8.4299907325e+02 1.0449002345e+03 4.0634091518e-01 4.2059891109e-01 4.2034399974e-01 4.2657671609e-01 4.4101560286e-01 3.0925076562e-01 8.7684397399e-01 1.2268798649e+00 1.3406924184e-01 4.2453015223e-01 6.3008269295e-01 0 0
1641 4.4941254510e+02 6.4167936405e+02 6.1841079086e+02 8.0507154185e+02 1.0371772992e+03 4.0617802127e-01 4.2039941154e-01 4.2012490839e-01 4.2643809302e-01 4.4091928868e-01 3.0990532330e-01 8.2463891059e-01 1.1800415590e+00 1.4097795071e-01 4.0574313514e-01 6.2711471319e-01 0 0
1642 4.7859649139e+02 6.2231837210e+02 6.1513987231e+02 8.3067073802e+02 1.0533927330e+03 4.0599548329e-01 4.2018706298e-01 4.1991339780e-01 4.2629131535e-01 4.4081954423e-01 2.0516902332e-01 8.2181419060e-01 1.0950375274e+00 1.2128167995e-01 4.1652037017e-01 6.1490839720e-01 0 0
1643 4.6744197033e+02 5.9862329035e+02 5.9743917054e+02 8.2138811624e+02 1.0211627258e+03 4.0583202348e-01 4.1997288039e-01 4.1970804601e-01 4.2614222055e-01 4.4071396834e-01 2.3283706164e-01 6.8207366765e-01 9.2944014817e-01 1.2199410513e-01 3.8161170669e-01 5.8607129753e-01 0 0
1644 4.5819260856e+02 6.3162436919e+02 5.9155132385e+02 7.8020057517e+02 1.0543784899e+03 4.0566900147e-01 4.1978449971e-01 4.1951649717e-01 4.2599503722e-01 4.4060926702e-01 3.0680883871e-01 7.2181585059e-01 8.7603728846e-01 1.3956981603e-01 3.8975228928e-01 5.7245115191e-01 0 0
1645 4.7604816817e+02 6.0536066213e+02 6.0547646527e+02 7.8992301840e+02 1.1090028179e+03 4.0548183135e-01 4.1960344506e-01 4.1931357712e-01 4.2585689926e-01 4.4051073304e-01 2.0275243094e-01 8.0454155430e-01 9.5816380531e-01 1.2118414096e-01 3.9658702351e-01 5.8471358567e-01 0 0
1646 5.1577715465e+02 5.8764798668e+02 6.1279039035e+02 7.8740769300e+02 1.1696586040e+03 4.0529514364e-01 4.1941001613e-01 4.1911890302e-01 4.2572178923e-01 4.4041780011e-01 1.7055752219e-01 9.3698024005e-01 1.2471939623e+00 1.1088306477e-01 4.2177468538e-01 6.3931008428e-01 0 0
1647 4.8589339891e+02 5.9830763930e+02 5.9073793894e+02 7.9233231664e+02 1.1786013957e+03 4.0511963295e-01 4.1921265605e-01 4.1892521867e-01 4.2557459674e-01 4.4033255902e-01 1.9823288076e-01 8.4798031673e-01 1.2528956756e+00 1.1564353235e-01 4.1772738285e-01 6.3133083284e-01 0 0
1648 4.4317042409e+02 6.1879739717e+02 6.0078875239e+02 7.8885783732e+02 1.0550214453e+03 4.0494389419e-01 4.1901548622e-01 4.1873006884e-01 4.2542809247e-01 4.4024920837e-01 2.0101131834e-01 7.4221150950e-01 1.3159019127e+00 1.1634560843e-01 3.8908459432e-01 6.4491883293e-01 0 0
1649 4.6450101087e+02 6.2735145154e+02 5.9089460778e+02 7.7741249508e+02 1.0206628361e+03 4.0478101238e-01 4.1882874309e-01 4.1852010294e-01 4.2527841765e-01 4.4015983891e-01 2.1635890626e-01 6.7958437651e-01 1.1368189901e+00 1.1613670289e-01 3.7855610065e-01 6.1282504722e-01 0 0
1650 4.4585461185e+02 6.3619923668e+02 5.9266938507e+02 7.6267030885e+02 1.0112541100e+03 4.0463413916e-01 4.1863965476e-01 4.1831229516e-01 4.2513732636e-01 4.4007612644e-01 3.0272339028e-01 6.5655279905e-01 1.0994667485e+00 1.3003154638e-01 3.6263399757e-01 5.9276586026e-01 0 0
1651 4.7012425248e+02 6.1026500391e+02 6.1571794984e+02 7.7783895345e+02 1.0615107159e+03 4.0447105828e-01 4.1844703168e-01 4.1812572684e-01 4.2500443455e-01 4.3999938781e-01 2.8586223121e-01 7.6815997809e-01 1.4326913953e+00 1.3286806781e-01 3.7876221538e-01 6.5217809752e-01 0 0
1652 5.4315688988e+02 5.8985610004e+02 6.0320632871e+02 7.7227856859e+02 1.0196623829e+03 4.0429109547e-01 4.1824053883e-01 4.1792127533e-01 4.2486652603e-01 4.3992082038e-01 2.0257532030e-01 7.0196214691e-01 1.5135181993e+00 1.1752388490e-01 3.7136925384e-01 6.8016782776e-01 0 0
1653 5.3826397706e+02 6.1338856466e+02 5.8912904465e+02 7.4463103279e+02 1.0158331556e+03 4.0410383962e-01 4.1803885820e-01 4.1772055434e-01 4.2472525970e-01 4.3983776940e-01 1.7815757118e-01 5.7878810912e-01 1.0606927201e+00 1.1216486421e-01 3.4381143749e-01 5.9542878345e-01 0 0
1654 4.7283550513e+02 5.9347567347e+02 5.8935725053e+02 7.6315819952e+02 1.0519710072e+03 4.0391829025e-01 4.1785142989e-01 4.1751888460e-01 4.2458744678e-01 4.3975847120e-01 1.7147769395e-01 5.6789400429e-01 1.0512110665e+00 1.0938483596e-01 3.3417111635e-01 5.7943573967e-01 0 0
1655 4.5598826947e+02 5.8309250981e+02 5.8374520876e+02 7.8245946381e+02 1.0722416938e+03 4.0374358259e-01 4.1765033953e-01 4.1730922101e-01 4.2445278974e-01 4.3967801474e-01 1.9008438950e-01 6.5407934412e-01 1.2452196851e+00 1.1178798092e-01 3.5533000901e-01 6.2137763947e-01 0 0
1656 5.2410158673e+02 5.8874302013e+02 5.5833121890e+02 7.6819345708e+02 1.0188027287e+03 4.0358308325e-01 4.1745282631e-01 4.1711370850e-01 4.2431947971e-01 4.3960146700e-01 2.4203211763e-01 6.3924874738e-01 1.2940805703e+00 1.2071242359e-01 3.4745799936e-01 6.2269889191e-01 0 0
1657 4.6782677785e+02 5.8444484877e+02 5.7137769361e+02 7.5070275409e+02 9.6997345324e+02 4.0341642597e-01 4.1726796939e-01 4.1692258592e-01 4.2419677781e-01 4.3952555986e-01 2.5916499809e-01 7.7591003850e-01 1.3101694882e+00 1.2725543410e-01 3.6646543071e-01 6.3068629056e-01 0 0
1658 4.4651023652e+02 5.7917781164e+02 5.4607514364e+02 7.6712641559e+02 1.0493654035e+03 4.0324166009e-01 4.1707708340e-01 4.1673345552e-01 4.2406324177e-01 4.3944715789e-01 1.9961876577e-01 7.5977507234e-01 1.2240395695e+00 1.1443815552e-01 3.7929129042e-01 6.1070024222e-01 0 0
1659 4.5801016513e+02 5.5863242611e+02 5.5238573479e+02 7.6551428791e+02 1.0692774429e+03 4.0307838059e-01 4.1688614001e-01 4.1655976250e-01 4.2391849631e-01 4.3937085942e-01 2.2613984622e-01 5.7317907736e-01 1.4206464663e+00 1.1758014088e-01 3.4184307605e-01 6.4420878142e-01 0 0
1660 4.3911402544e+02 5.8116746726e+02 5.5175928855e+02 7.6746082962e+02 1.0090574500e+03 4.0290434529e-01 4.1670370080e-01 4.1638435704e-01 4.2377882651e-01 4.3928634672e-01 2.3088897762e-01 5.7054999471e-01 1.1346467212e+00 1.2253554668e-01 3.3436782099e-01 6.0476488620e-01 0 0
1661 4.5941669293e+02 5.6673977163e+02 5.4848185362e+02 7.7617378853e+02 1.0021581088e+03 4.0272588068e-01 4.1652547872e-01 4.1620091585e-01 4.2365506083e-01 4.3920619107e-01 1.9659154003e-01 7.5232614204e-01 1.0623507425e+00 1.1450097414e-01 3.6387481168e-01 5.7352712750e-01 0 0
1662 5.0894565954e+02 5.5778330806e+02 5.4782322080e+02 7.7041413376e+02 1.0022860433e+03 4.0255573650e-01 4.1636292724e-01 4.1601341963e-01 4.2353392591e-01 4.3912918357e-01 2.2143938068e-01 7.7917892858e-01 9.9808999896e-01 1.1841488166e-01 3.6788972281e-01 5.5643550307e-01 0 0
1663 4.8766706409e+02 5.5253489709e+02 5.5332929843e+02 7.4083525497e+02 9.5621264633e+02 4.0239225134e-01 4.1618967482e-01 4.1583042893e-01 4.2341273275e-01 4.3905347201e-01 2.6204203603e-01 8.0018679798e-01 1.0021538585e+00 1.2596814248e-01 3.7327809632e-01 5.4870507494e-01 0 0
1664 4.6433825961e+02 5.6128997630e+02 5.4671836328e+02 7.5423947623e+02 9.2833311640e+02 4.0221867003e-01 4.1601076741e-01 4.1564919966e-01 4.2328715109e-01 4.3898239091e-01 2.3105490021e-01 6.9838264585e-01 1.1124509573e+00 1.2179171730e-01 3.5537961870e-01 5.6410874799e-01 0 0
1665 4.8216846420e+02 5.6081915534e+02 5.3741827867e+02 8.2730526410e+02 9.5849713093e+02 4.0204186143e-01 4.1584826583e-01 4.1548114592e-01 4.2316170825e-01 4.3891239883e-01 2.0969272330e-01 6.3785374910e-01 1.0091860816e+00 1.1701047086e-01 3.3708892949e-01 5.4446171224e-01 0 0
1666 4.5873297169e+02 5.5910874948e+02 5.4716710770e+02 8.5017435712e+02 9.3179735592e+02 4.0185522439e-01 4.1568647561e-01 4.1530625529e-01 4.2304529014e-01 4.3884567360e-01 1.9190514231e-01 7.0897138119e-01 1.1888410151e+00 1.1481891802e-01 3.4150137380e-01 5.7291572168e-01 0 0
1667 4.3225056736e+02 5.4982775712e+02 5.4358920036e+02 7.9572714388e+02 9.6185527108e+02 4.0167324778e-01 4.1549986332e-01 4.1511107408e-01 4.2292410460e-01 4.3877207376e-01 1.7980696411e-01 6.7630533129e-01 9.9877161160e-01 1.0943217126e-01 3.4081364796e-01 5.4681074992e-01 0 0
1668 4.6156946577e+02 5.5606468823e+02 5.3461197962e+02 7.6557143690e+02 9.8381603971e+02 4.0149645786e-01 4.1531436882e-01 4.1493650037e-01 4.2279322606e-01 4.3870062102e-01 2.0119610955e-01 5.7167426869e-01 9.2458150163e-01 1.1383834166e-01 3.2264480554e-01 5.2487752214e-01 0 0
1669 4.4510296769e+02 6.0014930434e+02 5.3937785341e+02 7.6199626804e+02 1.0065009935e+03 4.0131648100e-01 4.1514246970e-01 4.1476607739e-01 4.2265921921e-01 4.3863186178e-01 2.1081921885e-01 5.8149345219e-01 1.0464108139e+00 1.1745833839e-01 3.2770401798e-01 5.4373880103e-01 0 0
1670 4.4282489141e+02 6.1347504024e+02 5.3755037555e+02 7.6065728157e+02 9.9323530696e+02 4.0112621536e-01 4.1496528739e-01 4.1459040320e-01 4.2252319513e-01 4.3855765705e-01 1.7385963896e-01 5.5121250078e-01 9.8251134902e-01 1.0952342207e-01 3.2374107838e-01 5.4228696972e-01 0 0
1671 4.3482866649e+02 5.9542749874e+02 5.4876956115e+02 7.2840313357e+02 9.7851453106e+02 4.0093659433e-01 4.1480545198e-01 4.1440082839e-01 4.2239144753e-01 4.3848328528e-01 1.7802168770e-01 5.6238487735e-01 9.2200288177e-01 1.1046351175e-01 3.2267407514e-01 5.2599982917e-01 0 0
1672 4.3361243151e+02 5.6275236006e+02 5.4384254960e+02 7.3200909318e+02 9.6903144299e+02 4.0076161552e-01 4.1463294306e-01 4.1420925654e-01 4.2226112891e-01 4.3841659712e-01 2.1172893248e-01 5.6925207749e-01 1.1421833038e+00 1.1559495589e-01 3.2210910320e-01 5.6328095868e-01 0 0
1673 4.4540885121e+02 5.2679131898e+02 5.5152464813e+02 6.9917201031e+02 9.3392973504e+02 4.0058121472e-01 4.1444756345e-01 4.1403794043e-01 4.2214697564e-01 4.3834876830e-01 2.2453554295e-01 6.6930888966e-01 1.0381346643e+00 1.2064427275e-01 3.2676871866e-01 5.4936259985e-01 0 0
1674 4.3932968258e+02 5.1008482750e+02 5.9028576236e+02 7.2584666080e+02 9.3764915480e+02 4.0038478539e-01 4.1429717245e-01 4.1386397118e-01 4.2203633339e-01 4.3828199269e-01 1.8717554404e-01 8.7719106302e-01 9.7902419046e-01 1.1501467767e-01 3.6941750720e-01 5.2397992462e-01 0 0
1675 4.4461113481e+02 5.3600169076e+02 6.3460189292e+02 7.2626295169e+02 9.3280929857e+02 4.0019089864e-01 4.1414801995e-01 4.1369077922e-01 4.2190719118e-01 4.3822437569e-01 1.8751464335e-01 5.9801246971e-01 1.3313070759e+00 1.1432866159e-01 3.3087803610e-01 5.7330594957e-01 0 0
1676 4.6673274927e+02 5.2780340800e+02 5.9688789253e+02 7.1719455607e+02 9.5519307603e+02 3.9999997577e-01 4.1397574427e-01 4.1352468534e-01 4.2179041998e-01 4.3816291770e-01 2.0750983946e-01 6.4158248156e-01 1.2362104580e+00 1.1879605917e-01 3.2603270188e-01 5.7891400158e-01 0 0
1677 4.4459190131e+02 5.6626981202e+02 5.4590575537e+02 7.4225934652e+02 9.4438134511e+02 3.9979937294e-01 4.1380153171e-01 4.1333732210e-01 4.2166932953e-01 4.3809601582e-01 1.7769301488e-01 7.8271744773e-01 9.0225532651e-01 1.1267561798e-01 3.6599180661e-01 5.1061622053e-01 0 0
1678 4.4517418976e+02 5.7288513247e+02 5.3748276135e+02 7.4352832831e+02 8.9106253288e+02 3.9960364524e-01 4.1362711011e-01 4.1313545675e-01 4.2154289164e-01 4.3802884352e-01 1.8092922042e-01 6.5821762383e-01 7.8703721985e-01 1.1212947374e-01 3.4165396355e-01 4.7193081863e-01 0 0
1679 4.4153987220e+02 5.6891027961e+02 5.2367150366e+02 7.3997554858e+02 9.1613024456e+02 3.9942480159e-01 4.1345536937e-01 4.1293927175e-01 4.2141455973e-01 4.3796403920e-01 2.4203838792e-01 6.9276045635e-01 8.8175407425e-01 1.2382608319e-01 3.5217122361e-01 4.8779760115e-01 0 0
1680 4.4845089429e+02 5.6316924077e+02 5.3056464616e+02 7.3909044609e+02 9.3536827640e+02 3.9923075555e-01 4.1329039670e-01 4.1275567359e-01 4.2127826450e-01 4.3789787704e-01 2.1665325520e-01 5.8430778980e-01 9.6801834926e-01 1.2203412993e-01 3.3380021714e-01 5.0922243297e-01 0 0
1681 4.3510686821e+02 5.3723935541e+02 5.5518572343e+02 7.3595125518e+02 9.2414017470e+02 3.9903480876e-01 4.1312402138e-01 4.1257996494e-01 4.2114541864e-01 4.3783879420e-01 1.7499592101e-01 5.2761932835e-01 1.2929672971e+00 1.0978668047e-01 3.1442160532e-01 5.6100008264e-01 0 0
1682 4.4052866644e+02 5.2028195481e+02 5.9182857526e+02 7.5095351887e+02 9.2954316737e+02 3.9885553333e-01 4.1296705787e-01 4.1240920865e-01 4.2101682920e-01 4.3777137368e-01 2.2057813517e-01 6.2777708843e-01 1.1611926556e+00 1.1762654705e-01 3.3748923056e-01 5.7184606418e-01 0 0
1683 4.4141224861e+02 5.2256246636e+02 5.8242877783e+02 7.5929095214e+02 9.5200525209e+02 3.9867798881e-01 4.1281526729e-01 4.1224640549e-01 4.2088660200e-01 4.3770497910e-01 2.6072841741e-01 5.7171650603e-01 9.1116901487e-01 1.2724143011e-01 3.2255064882e-01 4.9758310430e-01 0 0
1684 4.3704044755e+02 5.5550562553e+02 5.2743127514e+02 7.3133405500e+02 9.3897890019e+02 3.9848731119e-01 4.1264866964e-01 4.1207425257e-01 4.2076659249e-01 4.3764550452e-01 2.2568525830e-01 6.2748833001e-01 1.2054562271e+00 1.2246784226e-01 3.2455501333e-01 5.5178431422e-01 0 0
1685 4.3882931803e+02 5.6996672052e+02 5.3339250323e+02 7.2142840081e+02 9.0818108051e+02 3.9829865862e-01 4.1248220782e-01 4.1189852259e-01 4.2065514531e-01 4.3758458549e-01 2.1739023645e-01 9.0310532972e-01 1.0321123376e+00 1.1930896882e-01 3.7737507559e-01 5.2288594097e-01 0 0
1686 4.3607768821e+02 5.5643929363e+02 5.7642475658e+02 7.2121930177e+02 9.3398838992e+02 3.9811953218e-01 4.1231761149e-01 4.1173175603e-01 4.2052930113e-01 4.3752446731e-01 2.6758031523e-01 6.2605239078e-01 9.9984119087e-01 1.2877978219e-01 3.3370643482e-01 5.0701755658e-01 0 0
1687 4.4406984285e+02 5.6212270680e+02 5.8098025999e+02 7.5173046200e+02 9.3234258055e+02 3.9792549970e-01 4.1213665545e-01 4.1155765332e-01 4.2040464232e-01 4.3746188099e-01 2.4363902763e-01 5.9945032001e-01 9.7960378975e-01 1.2753855490e-01 3.2358014025e-01 5.1682759821e-01 0 0
1688 4.6205256727e+02 5.5662445262e+02 5.5940478971e+02 8.2574341505e+02 9.7415039907e+02 3.9772497210e-01 4.1195648179e-01 4.1137471246e-01 4.2028379576e-01 4.3739637911e-01 2.0969800771e-01 6.7329680175e-01 8.2926141471e-01 1.2014907418e-01 3.4047624841e-01 4.8901985399e-01 0 0
1689 4.6579354837e+02 5.7422472191e+02 5.4668938279e+02 8.3674559306e+02 9.9154774847e+02 3.9752683082e-01 4.1178211651e-01 4.1120067475e-01 4.2015999822e-01 4.3733519283e-01 1.9523432361e-01 6.3600700721e-01 1.0178550109e+00 1.1553042273e-01 3.3462018520e-01 5.1973233745e-01 0 0
1690 4.7285233297e+02 5.9791423925e+02 5.3318606040e+02 8.0568584914e+02 9.6707955981e+02 3.9733084866e-01 4.1160898602e-01 4.1101936486e-01 4.2003666384e-01 4.3727352724e-01 2.1681221662e-01 7.0013586432e-01 1.0841040686e+00 1.2095289724e-01 3.4858081676e-01 5.4680697247e-01 0 0
1691 4.9224782805e+02 5.9067395300e+02 5.0853247807e+02 7.3636000876e+02 9.8659578856e+02 3.9714404975e-01 4.1143872295e-01 4.1084616787e-01 4.1990917132e-01 4.3721125222e-01 2.5164033418e-01 6.2669235095e-01 9.8659366369e-01 1.2739389007e-01 3.3777036518e-01 5.2358826250e-01 0 0
1692 4.6729752636e+02 5.7798772695e+02 5.1722951869e+02 7.4819294804e+02 9.2749033014e+02 3.9694403200e-01 4.1127685017e-01 4.1068840811e-01 4.1977996219e-01 4.3714945829e-01 2.3570359180e-01 5.5154654384e-01 1.2021673992e+00 1.2794222186e-01 3.2035500556e-01 5.5988788605e-01 0 0
1693 4.6005708358e+02 5.5109997959e+02 5.2051050662e+02 7.2316885131e+02 9.1952141084e+02 3.9673628687e-01 4.1110290920e-01 4.1051481820e-01 4.1964858386e-01 4.3708677083e-01 1.9922764120e-01 5.2222450078e-01 1.0922314748e+00 1.1975821723e-01 3.1322020106e-01 5.4524965957e-01 0 0
1694 4.8834719717e+02 5.2022017574e+02 5.2489284621e+02 7.3031025085e+02 9.8242814623e+02 3.9652396913e-01 4.1092360816e-01 4.1034642760e-01 4.1952521246e-01 4.3702871991e-01 1.9180404542e-01 5.6965118647e-01 1.0400760993e+00 1.1878123833e-01 3.2077730633e-01 5.2809957415e-01 0 0
1695 4.9627935040e+02 5.0667022682e+02 5.2551156624e+02 7.1709592280e+02 9.8331600973e+02 3.9632076910e-01 4.1076808856e-01 4.1016746242e-01 4.1940352505e-01 4.3697123216e-01 2.3163525675e-01 6.2846604362e-01 1.1790533811e+00 1.2772817175e-01 3.3426576480e-01 5.5144521967e-01 0 0
1696 4.8569090631e+02 5.1510168899e+02 5.2265607717e+02 7.4026013164e+02 9.5085257795e+02 3.9612569792e-01 4.1061439762e-01 4.0997601683e-01 4.1927997712e-01 4.3691005934e-01 2.9715912711e-01 6.1333744228e-01 1.0059544072e+00 1.4172217564e-01 3.3475319482e-01 5.2639346197e-01 0 0
1697 4.6527257728e+02 5.3194780642e+02 5.0855605947e+02 7.2019867051e+02 9.4367989806e+02 3.9592936452e-01 4.1044696929e-01 4.0979299508e-01 4.1915766804e-01 4.3685192789e-01 3.2813945325e-01 5.8687478676e-01 9.1236619651e-01 1.4938972306e-01 3.2804621756e-01 4.9926193431e-01 0 0
1698 5.0500529143e+02 5.1842218558e+02 5.1980588324e+02 7.2791942377e+02 9.3177371180e+02 3.9572379707e-01 4.1027167764e-01 4.0962695139e-01 4.1903209796e-01 4.3678926526e-01 2.9822750792e-01 6.1295169592e-01 8.7809935957e-01 1.4566382402e-01 3.3700257540e-01 4.9995406158e-01 0 0
1699 5.3040278278e+02 5.2797688751e+02 5.1816023704e+02 7.3348295822e+02 9.5789123861e+02 3.9551982613e-01 4.1009259759e-01 4.0945489127e-01 4.1890968580e-01 4.3672751632e-01 2.6284408473e-01 6.0652022809e-01 8.2706932351e-01 1.3609699490e-01 3.3352170512e-01 4.8759127595e-01 0 0
1700 5.2915169096e+02 5.2572661027e+02 5.0400539432e+02 7.3301517720e+02 1.0245562454e+03 3.9531952672e-01 4.0992446269e-01 4.0928310777e-01 4.1880524026e-01 4.3666818863e-01 3.2251380860e-01 8.9265307039e-01 7.6644338295e-01 1.4933029641e-01 3.7441083044e-01 4.7375792637e-01 0 0
1701 4.9212838536e+02 5.1499390166e+02 5.2168653783e+02 7.4243114159e+02 1.0389304597e+03 3.9508312414e-01 4.0975816895e-01 4.0911715969e-01 4.1868451676e-01 4.3660950355e-01 2.3426321083e-01 7.8826930374e-01 9.3188510835e-01 1.3827491374e-01 3.7649723515e-01 5.0785392523e-01 0 0
1702 4.8345080361e+02 5.2477521974e+02 5.3279768674e+02 7.6791141253e+02 1.0324146454e+03 3.9484044666e-01 4.0957766029e-01 4.0893648973e-01 4.1855520443e-01 4.3655544359e-01 1.8887569834e-01 5.4383196309e-01 1.1111829206e+00 1.2591108330e-01 3.2487045228e-01 5.3969072551e-01 0 0
1703 4.8370070036e+02 5.2861626559e+02 5.2081630639e+02 8.7054472889e+02 1.0402852974e+03 3.9460266705e-01 4.0939542163e-01 4.0876186468e-01 4.1843185011e-01 4.3649930873e-01 2.0936991091e-01 5.6472495198e-01 1.0043294653e+00 1.3099894177e-01 3.2349156588e-01 5.3350892663e-01 0 0
1704 4.7871558290e+02 5.1552430835e+02 5.4196330019e+02 8.4527684075e+02 9.4874314886e+02 3.9437208921e-01 4.0921943710e-01 4.0857766350e-01 4.1831769868e-01 4.3644388367e-01 2.3294655684e-01 7.7722708508e-01 9.4959992543e-01 1.3550771655e-01 3.6116453260e-01 5.1070722938e-01 0 0
1705 4.8143388293e+02 5.1985334470e+02 5.7290193314e+02 7.8647401419e+02 9.1519260268e+02 3.9414583340e-01 4.0904045747e-01 4.0838338898e-01 4.1819386378e-01 4.3639145474e-01 2.5315467523e-01 7.0025491714e-01 1.0105433986e+00 1.3961961293e-01 3.5865517333e-01 5.2032696456e-01 0 0
1706 4.8577567320e+02 5.0335625120e+02 5.9232088537e+02 7.5832743587e+02 9.3489561583e+02 3.9391274591e-01 4.0887299340e-01 4.0821005672e-01 4.1806497186e-01 4.3634261281e-01 2.4640306634e-01 5.5507538840e-01 1.1155483872e+00 1.3955195092e-01 3.2741353288e-01 5.4049007967e-01 0 0
1707 4.6502404335e+02 5.0947322673e+02 5.5431889513e+02 7.3699830393e+02 9.3997839071e+02 3.9369965216e-01 4.0871444179e-01 4.0803444879e-01 4.1793779949e-01 4.3629549061e-01 3.0282460927e-01 5.7843107358e-01 1.2743382007e+00 1.4778360127e-01 3.2852765173e-01 5.6809855253e-01 0 0
1708 4.9333956245e+02 5.1831647548e+02 5.2768157420e+02 7.3749165250e+02 9.2270695511e+02 3.9348547369e-01 4.0853421370e-01 4.0784640683e-01 4.1782450092e-01 4.3624603416e-01 3.6358876632e-01 7.7548239008e-01 1.1388240531e+00 1.6223237144e-01 3.6207838543e-01 5.5555501953e-01 0 0
1709 4.8404090056e+02 5.0936105809e+02 5.2451611629e+02 7.3590942887e+02 9.7388532436e+02 3.9325342583e-01 4.0836306625e-01 4.0765981895e-01 4.1770801357e-01 4.3619664650e-01 3.0131561931e-01 8.6519867554e-01 9.8391272873e-01 1.5339010268e-01 3.8960709237e-01 5.2977479249e-01 0 0
1710 4.8643093556e+02 5.1050658052e+02 5.1914337495e+02 7.5306166746e+02 9.4998078928e+02 3.9301342127e-01 4.0820271896e-01 4.0747099874e-01 4.1758602652e-01 4.3614391049e-01 3.0034158933e-01 7.3331951723e-01 8.5605205595e-01 1.5565126420e-01 3.6578242294e-01 5.0633749738e-01 0 0
1711 4.9151486693e+02 5.1700108801e+02 5.1576542027e+02 7.5430261666e+02 9.5127095903e+02 3.9274937559e-01 4.0803893010e-01 4.0728329428e-01 4.1746404699e-01 4.3609349525e-01 2.1241897894e-01 7.0934732258e-01 8.7268732116e-01 1.3789903471e-01 3.6285143346e-01 5.0677940622e-01 0 0
1712 4.9001588225e+02 5.1623586542e+02 5.2763884429e+02 7.7952934518e+02 9.7346908657e+02 3.9249825357e-01 4.0786242088e-01 4.0710915246e-01 4.1733782026e-01 4.3604654928e-01 2.2655778005e-01 6.8275223672e-01 1.0049136132e+00 1.3887051618e-01 3.6308417656e-01 5.3106135502e-01 0 0
1713 5.3187439921e+02 5.0660188388e+02 5.1445119424e+02 7.6707080834e+02 9.5768836267e+02 3.9225620447e-01 4.0768905241e-01 4.0693014785e-01 4.1720869011e-01 4.3599925274e-01 2.7894936268e-01 6.7599753663e-01 1.1001494080e+00 1.5102901524e-01 3.6174053885e-01 5.5125143379e-01 0 0
1714 5.7071401313e+02 5.0426775502e+02 5.1964564248e+02 7.7591627287e+02 1.0004075732e+03 3.9200786429e-01 4.0752369183e-01 4.0675140586e-01 4.1707981785e-01 4.3594957837e-01 2.6299436622e-01 6.7346699163e-01 9.4621811435e-01 1.4875807016e-01 3.6396184750e-01 5.2664954960e-01 0 0
1715 5.4953986059e+02 5.3010329182e+02 5.2586131727e+02 7.7387870497e+02 9.9468961868e+02 3.9178737313e-01 4.0733797168e-01 4.0656174563e-01 4.1694675179e-01 4.3590069584e-01 3.3151786778e-01 6.1243816093e-01 8.3735982329e-01 1.5734868259e-01 3.5138352402e-01 5.0245546922e-01 0 0
1716 5.0197689883e+02 5.1584760346e+02 5.1751742120e+02 7.9106628989e+02 9.2474543794e+02 3.9154100335e-01 4.0714185277e-01 4.0637589939e-01 4.1681350517e-01 4.3585298750e-01 3.3252981954e-01 6.2737027928e-01 9.6905435994e-01 1.6656759869e-01 3.5000587814e-01 5.2116682380e-01 0 0
1717 4.9628074878e+02 5.1900451588e+02 5.1409395420e+02 8.0932170674e+02 9.9123656990e+02 3.9128610109e-01 4.0697081660e-01 4.0620380365e-01 4.1668267824e-01 4.3580752746e-01 2.8818342980e-01 6.4480392262e-01 1.1498417482e+00 1.5768198013e-01 3.5479992069e-01 5.5916297063e-01 0 0
1718 5.1627585538e+02 5.1776527018e+02 5.2011684384e+02 8.3384594650e+02 9.3489050161e+02 3.9105881707e-01 4.0680155667e-01 4.0602335546e-01 4.1655532487e-01 4.3576328101e-01 3.4443747495e-01 6.9780369848e-01 1.1631825268e+00 1.6254132500e-01 3.6644138768e-01 5.5909148231e-01 0 0
1719 5.3552418651e+02 5.0836244452e+02 5.2008295612e+02 7.8430622208e+02 9.3919157391e+02 3.9082461567e-01 4.0662445028e-01 4.0584046553e-01 4.1642967329e-01 4.3571657524e-01 4.1111883287e-01 7.5976627693e-01 1.1491373628e+00 1.8022055426e-01 3.7602286413e-01 5.6651964784e-01 0 0
1720 5.2731005414e+02 5.1443130008e+02 5.1893216681e+02 7.6535036911e+02 9.9727839017e+02 3.9055340282e-01 4.0645152389e-01 4.0564913732e-01 4.1629776765e-01 4.3567184594e-01 2.7088688250e-01 6.3789146021e-01 1.1079950780e+00 1.5740542014e-01 3.5385563225e-01 5.5425287783e-01 0 0
1721 5.2172814252e+02 5.1873168642e+02 5.2878773506e+02 7.3612885251e+02 9.8546714811e+02 3.9029841116e-01 4.0626205620e-01 4.0544848147e-01 4.1617321629e-01 4.3562807243e-01 2.6452604710e-01 6.8105392903e-01 1.2035599723e+00 1.5051923177e-01 3.5730102099e-01 5.8288454264e-01 0 0
1722 5.2423754586e+02 5.1953341447e+02 5.1931845360e+02 7.7034237518e+02 1.0367604593e+03 3.9004602291e-01 4.0607706914e-01 4.0525532660e-01 4.1604779291e-01 4.3558032733e-01 3.3719480877e-01 8.6806372553e-01 9.7526028007e-01 1.6880071538e-01 4.0303926915e-01 5.4679261893e-01 0 0
1723 5.0712058158e+02 5.2474621842e+02 5.1954616614e+02 7.8803533392e+02 1.0392172535e+03 3.8976200102e-01 4.0590215248e-01 4.0505967300e-01 4.1591394647e-01 4.3553628966e-01 2.6427510238e-01 6.9289851561e-01 9.6640349925e-01 1.5865445884e-01 3.7279220670e-01 5.3531267494e-01 0 0
1724 5.2002503827e+02 5.1432106339e+02 5.2066648994e+02 8.0606509508e+02 1.0131962729e+03 3.8948062520e-01 4.0571961536e-01 4.0487463069e-01 4.1579458666e-01 4.3549537723e-01 2.3691858339e-01 8.0570761114e-01 1.2201572508e+00 1.4945703363e-01 3.8296552189e-01 5.8758922294e-01 0 0
1725 5.1139157683e+02 5.2824367010e+02 5.1999981971e+02 7.6216332731e+02 9.9633211707e+02 3.8920502095e-01 4.0553393927e-01 4.0467675004e-01 4.1566577511e-01 4.3544851966e-01 2.6726800974e-01 8.7204537913e-01 1.0544020683e+00 1.5689889342e-01 4.1249958985e-01 5.7416701317e-01 0 0
1726 5.1349157566e+02 5.1364941229e+02 5.2943301040e+02 7.7900605742e+02 1.0083509124e+03 3.8893222767e-01 4.0534198202e-01 4.0447022115e-01 4.1552864302e-01 4.3540533048e-01 2.9101379786e-01 6.3310562447e-01 1.0436561480e+00 1.6311825560e-01 3.6166741326e-01 5.5918224156e-01 0 0
1727 5.3884884459e+02 5.2357992465e+02 5.1184270350e+02 7.8959182493e+02 9.4718362132e+02 3.8864835605e-01 4.0516539783e-01 4.0428947664e-01 4.1540344496e-01 4.3536491510e-01 2.7288391748e-01 7.5340142101e-01 1.2356450409e+00 1.6122313079e-01 3.8361866586e-01 5.9072491527e-01 0 0
1728 5.6030808650e+02 5.1701305593e+02 5.3130914377e+02 8.0881425556e+02 1.0050594821e+03 3.8837113746e-01 4.0499408813e-01 4.0410569239e-01 4.1527701965e-01 4.3532255108e-01 2.7231545077e-01 7.4082997441e-01 1.3999741152e+00 1.5891898979e-01 3.8298879564e-01 6.1896511912e-01 0 0
1729 5.7447182397e+02 5.2054382620e+02 5.2959123388e+02 7.8909703142e+02 1.0294476674e+03 3.8811495334e-01 4.0481866259e-01 4.0389716636e-01 4.1515177285e-01 4.3527543892e-01 3.1692401951e-01 8.0836405605e-01 1.1665242165e+00 1.6504311551e-01 3.9771751873e-01 5.9612536058e-01 0 0
1730 5.9117885783e+02 5.3977414258e+02 5.1156232819e+02 8.1966090550e+02 9.5500814787e+02 3.8785738811e-01 4.0462662620e-01 4.0370200269e-01 4.1501949349e-01 4.3522927704e-01 3.3518316237e-01 7.4687825888e-01 8.7565819174e-01 1.7031154762e-01 3.9884957112e-01 5.3321846575e-01 0 0
1731 5.4819092485e+02 5.6850717344e+02 5.2739362079e+02 8.2993960624e+02 9.9071861545e+02 3.8759841116e-01 4.0442479227e-01 4.0351607854e-01 4.1488265933e-01 4.3518186394e-01 3.4685916576e-01 6.3400260359e-01 9.6990691498e-01 1.7329140148e-01 3.7492161803e-01 5.4186022654e-01 0 0
1732 5.4623109837e+02 5.9025270012e+02 5.3567542061e+02 8.3184985875e+02 9.6935697114e+02 3.8731724477e-01 4.0423710353e-01 4.0331846096e-01 4.1474656468e-01 4.3514046722e-01 2.7515622146e-01 6.5360156819e-01 1.2959186360e+00 1.6077228117e-01 3.8199680299e-01 6.0275641456e-01 0 0
1733 5.3223455469e+02 5.8190374526e+02 5.2183582188e+02 8.7614970895e+02 9.7724715400e+02 3.8703006339e-01 4.0404636792e-01 4.0312375871e-01 4.1461557301e-01 4.3509879504e-01 2.2567505036e-01 6.8924183398e-01 1.0648975968e+00 1.4725356669e-01 3.9218579978e-01 5.6969861314e-01 0 0
1734 5.3596794727e+02 5.7342994886e+02 5.3219002128e+02 8.9247818601e+02 1.0143535811e+03 3.8677208955e-01 4.0384696632e-01 4.0292300036e-01 4.1447564878e-01 4.3505481385e-01 2.9722581046e-01 7.1578464285e-01 1.0882419422e+00 1.5937477429e-01 4.0894695744e-01 5.7054603100e-01 0 0
1735 5.2118738170e+02 5.7489876826e+02 5.3678050682e+02 9.2568278854e+02 9.5203909452e+02 3.8651772385e-01 4.0365303444e-01 4.0271079141e-01 4.1433850806e-01 4.3501143153e-01 3.9644405203e-01 7.8029736876e-01 1.2598672807e+00 1.8265440156e-01 4.2202744447e-01 6.1806309596e-01 0 0
1736 5.1908334034e+02 5.4049887257e+02 5.4544998625e+02 9.5505235459e+02 9.8269015335e+02 3.8623022887e-01 4.0345432525e-01 4.0249323224e-01 4.1420545751e-01 4.3497260344e-01 2.7363372594e-01 8.2651069015e-01 1.2869715467e+00 1.6173472235e-01 4.3397469819e-01 6.0914080217e-01 0 0
1737 5.2268621629e+02 5.4320320208e+02 5.4638608145e+02 8.7213459397e+02 9.7435927665e+02 3.8593707095e-01 4.0324621149e-01 4.0227367603e-01 4.1407467073e-01 4.3493203223e-01 2.2641805814e-01 8.4023319557e-01 1.3172727376e+00 1.4800146760e-01 4.3022312410e-01 6.2720986456e-01 0 0
1738 5.1479239774e+02 5.4045284831e+02 5.5329992997e+02 8.2291482700e+02 9.8340883538e+02 3.8565139774e-01 4.0304358189e-01 4.0205162200e-01 4.1394955053e-01 4.3489222245e-01 2.3954660288e-01 9.6584075317e-01 1.1724757105e+00 1.5039615170e-01 4.5371803641e-01 5.9965709969e-01 0 0
1739 5.2589940045e+02 5.4846578631e+02 5.4656023799e+02 9.2606654728e+02 9.8162776168e+02 3.8537713670e-01 4.0284285238e-01 4.0184378883e-01 4.1382145037e-01 4.3485696198e-01 2.7580245377e-01 9.6027597785e-01 1.3050048798e+00 1.5809998050e-01 4.6483866125e-01 6.2209935859e-01 0 0
1740 5.2643202596e+02 5.5381289146e+02 5.5590329082e+02 9.2862270325e+02 1.0115248390e+03 3.8508904601e-01 4.0263349118e-01 4.0164907811e-01 4.1369067221e-01 4.3481946751e-01 2.7404702976e-01 9.2774698511e-01 1.1679463834e+00 1.6191017771e-01 4.5645984076e-01 6.0926508531e-01 0 0
1741 5.5079635396e+02 5.5326276533e+02 5.5083479261e+02 9.2179200474e+02 1.0341979985e+03 3.8480887413e-01 4.0241469378e-01 4.0144290114e-01 4.1355394428e-01 4.3478342434e-01 2.5758028018e-01 1.0057592466e+00 1.0484076813e+00 1.5466418415e-01 4.8171000555e-01 5.8499480039e-01 0 0
1742 5.9771838673e+02 5.5313744336e+02 5.8401019362e+02 8.7201831259e+02 1.0581516904e+03 3.8455346019e-01 4.0219833970e-01 4.0121934091e-01 4.1341146982e-01 4.3475130168e-01 3.2832828815e-01 8.0575417355e-01 1.0418037623e+00 1.6644728563e-01 4.4796549156e-01 5.9219972789e-01 0 0
1743 5.9076684133e+02 5.7674910598e+02 5.8784415452e+02 8.6900873845e+02 1.0396341905e+03 3.8428580106e-01 4.0197483801e-01 4.0099728036e-01 4.1326264132e-01 4.3471924394e-01 3.3226811317e-01 6.5960070118e-01 1.0296820104e+00 1.7176326237e-01 4.1438444145e-01 5.9163972735e-01 0 0
1744 5.7025786527e+02 5.6187134315e+02 5.9095209197e+02 8.3047350951e+02 1.0657977059e+03 3.8402032355e-01 4.0175567322e-01 4.0077798847e-01 4.1312277314e-01 4.3469237434e-01 3.0629327658e-01 7.7397998422e-01 1.2794103622e+00 1.6405986897e-01 4.2760994099e-01 6.3917906955e-01 0 0
1745 5.3576945944e+02 5.6516079017e+02 5.8562106455e+02 8.5040262523e+02 1.0512618608e+03 3.8375673409e-01 4.0156293029e-01 4.0055480439e-01 4.1299909028e-01 4.3466619217e-01 3.3859802678e-01 1.2532554492e+00 1.2303554043e+00 1.7161728922e-01 5.1678896695e-01 6.5019889548e-01 0 0
1746 5.2028174599e+02 5.6117335223e+02 6.0143321013e+02 8.5349732718e+02 1.0401489076e+03 3.8346619620e-01 4.0136257614e-01 4.0032023433e-01 4.1285998146e-01 4.3463885098e-01 2.7934065731e-01 1.0086121112e+00 1.0571207032e+00 1.6398303776e-01 4.9473704770e-01 6.2312874198e-01 0 0
1747 5.1530864439e+02 5.8383556653e+02 6.2267326906e+02 8.8587428566e+02 1.0530567411e+03 3.8316509389e-01 4.0114025732e-01 4.0008466878e-01 4.1270765455e-01 4.3461718527e-01 2.3472902984e-01 8.5393956304e-01 1.2668862045e+00 1.5262386594e-01 4.7038906813e-01 6.6081227362e-01 0 0
1748 5.0358033878e+02 5.8558507068e+02 5.7973143028e+02 8.7642537475e+02 1.0586731082e+03 3.8287978863e-01 4.0092405911e-01 3.9986694655e-01 4.1255181286e-01 4.3459607522e-01 2.6648690302e-01 7.3257431760e-01 1.3739564046e+00 1.5829430966e-01 4.4627125189e-01 7.0120362192e-01 0 0
1749 5.1627596023e+02 6.1031746350e+02 5.8097945317e+02 8.5575189892e+02 1.0446330696e+03 3.8259371455e-01 4.0070134082e-01 3.9965212300e-01 4.1240947638e-01 4.3457135370e-01 2.9224390755e-01 8.5653971508e-01 1.2741771564e+00 1.6613889315e-01 4.6320682950e-01 6.7051851004e-01 0 0
1750 5.2589546819e+02 6.1182245689e+02 5.8810444969e+02 8.6900338032e+02 1.0614556043e+03 3.8228993465e-01 4.0047542306e-01 3.9941668117e-01 4.1227348465e-01 4.3454915858e-01 2.5552392495e-01 1.0906032249e+00 1.3971558735e+00 1.5945594643e-01 5.1030049473e-01 6.8912663683e-01 0 0
1751 5.1299013263e+02 5.9018175167e+02 6.2372725409e+02 8.7394300443e+02 1.0976579613e+03 3.8199032841e-01 4.0026068002e-01 3.9919521572e-01 4.1212528848e-01 4.3452987713e-01 2.6477518513e-01 9.1717840731e-01 1.2385306954e+00 1.6156041744e-01 4.9332849123e-01 6.8608362600e-01 0 0
1752 5.1393243476e+02 5.7813136483e+02 6.3534982982e+02 8.7850426863e+02 1.1011630215e+03 3.8172092159e-01 4.0004796550e-01 3.9895634702e-01 4.1197765611e-01 4.3450881215e-01 3.3609145430e-01 8.3823655918e-01 9.9416992441e-01 1.7240739652e-01 4.7285830416e-01 6.3472045958e-01 0 0
1753 5.2088057901e+02 5.8770328930e+02 6.4449869084e+02 8.7704414798e+02 1.0934787378e+03 3.8143483376e-01 3.9982124731e-01 3.9871417541e-01 4.1183390953e-01 4.3448892091e-01 3.7928971209e-01 9.1220739484e-01 1.1493912637e+00 1.8840435056e-01 4.8499018699e-01 6.5834505111e-01 0 0
1754 5.2478166957e+02 6.0498858460e+02 6.3586827940e+02 8.9084759499e+02 1.0642324699e+03 3.8113519393e-01 3.9960652271e-01 3.9846326725e-01 4.1169091594e-01 4.3446962994e-01 2.8463096765e-01 9.9888984859e-01 1.6110959351e+00 1.6727384224e-01 5.1173631102e-01 7.4588944018e-01 0 0
1755 5.0503560271e+02 6.3735189456e+02 5.9644155728e+02 8.9707597922e+02 1.0786499664e+03 3.8086377068e-01 3.9936730452e-01 3.9820745625e-01 4.1154238755e-01 4.3444956507e-01 3.1004178986e-01 9.2784987390e-01 1.4774873182e+00 1.6590310961e-01 5.0502758846e-01 7.3578679189e-01 0 0
1756 5.0887118986e+02 6.4255544508e+02 6.0298919455e+02 9.1269929331e+02 1.0588119521e+03 3.8061738952e-01 3.9912621968e-01 3.9795184413e-01 4.1138783702e-01 4.3443184827e-01 4.3124088734e-01 8.2789729163e-01 1.4474023953e+00 1.8625165294e-01 4.8414356634e-01 7.1617164463e-01 0 0
1757 5.0489113698e+02 6.1545537003e+02 6.0606992171e+02 9.0523505235e+02 1.0877992692e+03 3.8035416189e-01 3.9888592784e-01 3.9768150048e-01 4.1123811371e-01 4.3441432243e-01 4.1227076701e-01 9.0190735832e-01 1.7365493551e+00 1.8839288863e-01 5.0502686203e-01 7.8044953570e-01 0 0
1758 5.3066604556e+02 6.1655588250e+02 6.0517856352e+02 8.9247643526e+02 1.1613336084e+03 3.8006581431e-01 3.9864742276e-01 3.9741740691e-01 4.1108965173e-01 4.3439376088e-01 3.1000941003e-01 8.6134739220e-01 1.3339060023e+00 1.7101727781e-01 4.9104552530e-01 7.3383604735e-01 0 0
1759 5.2132745658e+02 5.9288734701e+02 6.1830921168e+02 9.1780291321e+02 1.2148209745e+03 3.7977111598e-01 3.9841870972e-01 3.9716895191e-01 4.1095118188e-01 4.3437568124e-01 2.7649556031e-01 1.0203289017e+00 1.2255399972e+00 1.6317899448e-01 5.1548960432e-01 6.9632785395e-01 0 0
1760 5.2385877354e+02 5.9762747071e+02 6.1195365940e+02 9.1856338241e+02 1.1471064685e+03 3.7950615735e-01 3.9817499143e-01 3.9690540013e-01 4.1080331940e-01 4.3435879199e-01 3.4180086285e-01 1.0035270452e+00 1.4929109216e+00 1.7225708085e-01 5.3332101181e-01 7.5186424702e-01 0 0
1761 5.1705978453e+02 6.0205281641e+02 6.2473139228e+02 9.3640028834e+02 1.1544609132e+03 3.7923796151e-01 3.9794638216e-01 3.9664410858e-01 4.1065169016e-01 4.3434269492e-01 4.0003888880e-01 8.8172218204e-01 1.7310215682e+00 1.8733716130e-01 5.0696538389e-01 8.0320511758e-01 0 0
1762 5.1844430578e+02 6.2292899375e+02 6.3284871810e+02 8.8775292171e+02 1.0858524301e+03 3.7895090847e-01 3.9771641129e-01 3.9638491729e-01 4.1052095860e-01 4.3433090618e-01 3.1300607733e-01 1.2207592875e+00 1.5421737358e+00 1.7100812976e-01 5.5297909677e-01 7.7257841825e-01 0 0
1763 5.0832793156e+02 6.2989783398e+02 6.2959138534e+02 9.1824149193e+02 1.1376391124e+03 3.7867115311e-01 3.9746551201e-01 3.9612173791e-01 4.1038077102e-01 4.3432128954e-01 3.0698217578e-01 1.2634387314e+00 1.6401052848e+00 1.6735542468e-01 5.8866551891e-01 7.8655001149e-01 0 0
1764 5.3491179039e+02 6.0104427354e+02 6.0350409071e+02 9.1382280832e+02 1.2260868648e+03 3.7838350447e-01 3.9721061246e-01 3.9587462221e-01 4.1023730751e-01 4.3430999886e-01 3.0997273072e-01 1.0275929868e+00 1.5728253424e+00 1.7061292746e-01 5.4164072126e-01 7.8842801973e-01 0 0
1765 5.2318180650e+02 6.0794767456e+02 6.3161244545e+02 9.7333155322e+02 1.2616445617e+03 3.7806820147e-01 3.9696160226e-01 3.9562399815e-01 4.1009020240e-01 4.3430155169e-01 2.3120976045e-01 9.9538352340e-01 1.5299626812e+00 1.5384539732e-01 5.3819616511e-01 7.7854521945e-01 0 0
1766 5.1147457867e+02 6.1762119256e+02 6.2802803978e+02 1.0256444316e+03 1.2087096426e+03 3.7778027835e-01 3.9670500905e-01 3.9535856656e-01 4.0994415589e-01 4.3429499789e-01 2.5982662027e-01 9.4166425243e-01 1.5301134214e+00 1.5591574444e-01 5.2918557450e-01 7.9022189975e-01 0 0
1767 5.2827027800e+02 6.2095558919e+02 6.5121804144e+02 1.0520383786e+03 1.2293657918e+03 3.7751746874e-01 3.9645202995e-01 3.9509873707e-01 4.0980688182e-01 4.3428989840e-01 3.9883264318e-01 9.7924010083e-01 1.4280557483e+00 1.8446741139e-01 5.2628576383e-01 7.7048901469e-01 0 0
1768 5.2750544417e+02 6.2502892433e+02 7.1350488348e+02 1.0262725028e+03 1.1857776984e+03 3.7720523946e-01 3.9620271511e-01 3.9482112898e-01 4.0967225153e-01 4.3428643791e-01 2.9187162602e-01 1.1501690075e+00 1.4364528805e+00 1.7186415470e-01 5.6386580691e-01 7.8781577200e-01 0 0
1769 5.2874143298e+02 6.3698081800e+02 6.8625088798e+02 9.7833458617e+02 1.1626482701e+03 3.7690007995e-01 3.9595322582e-01 3.9455407376e-01 4.0952888242e-01 4.3428492141e-01 2.3562075056e-01 9.6752486750e-01 1.2598897517e+00 1.5266247705e-01 5.2987244353e-01 7.5571212173e-01 0 0
1770 5.2993611174e+02 6.2181372814e+02 6.7177239914e+02 9.6038299652e+02 1.1818205236e+03 3.7659392238e-01 3.9568128992e-01 3.9428155867e-01 4.0939144158e-01 4.3428382803e-01 2.5195694265e-01 9.6360493824e-01 1.2588220388e+00 1.5796451232e-01 5.2071820572e-01 7.4142813310e-01 0 0
1771 5.5768677839e+02 6.2028949894e+02 6.4398578206e+02 9.2044221709e+02 1.1443635786e+03 3.7628397026e-01 3.9541199338e-01 3.9399920833e-01 4.0925064295e-01 4.3428524363e-01 2.5019962259e-01 1.0010505244e+00 1.5973122939e+00 1.5843400336e-01 5.4125893861e-01 8.1526043639e-01 0 0
1772 5.9413014623e+02 6.3521908130e+02 6.3200393096e+02 9.2085086333e+02 1.1473545659e+03 3.7600641450e-01 3.9514686631e-01 3.9371427805e-01 4.0911282708e-01 4.3428782470e-01 2.9728842779e-01 9.2045219988e-01 1.4933706671e+00 1.6333459645e-01 5.1752293482e-01 7.9126986489e-01 0 0
1773 5.3789006885e+02 6.6744859353e+02 6.4211425677e+02 9.3409247401e+02 1.1711973574e+03 3.7575664024e-01 3.9486175076e-01 3.9345175295e-01 4.0898112707e-01 4.3429272828e-01 4.7013403723e-01 1.0301449373e+00 1.7576720864e+00 1.9493952563e-01 5.2600764111e-01 8.4257885814e-01 0 0
1774 5.1744179991e+02 7.2598278216e+02 6.4035778573e+02 9.2196868168e+02 1.1594162324e+03 3.7546360760e-01 3.9459175397e-01 3.9320021795e-01 4.0885585926e-01 4.3429975931e-01 3.4313132465e-01 1.5520968288e+00 1.9048696533e+00 1.8040923492e-01 6.2693532556e-01 8.9289383218e-01 0 0
1775 5.6223246370e+02 7.1925004345e+02 6.4170273979e+02 9.3795622233e+02 1.1811533558e+03 3.7517331592e-01 3.9434787821e-01 3.9292752233e-01 4.0871474866e-01 4.3430559286e-01 2.8204458889e-01 1.0713592842e+00 1.7105820999e+00 1.6247101533e-01 5.6161481142e-01 8.5216376185e-01 0 0
1776 6.0250792370e+02 6.5804084220e+02 6.5106492092e+02 9.2180427695e+02 1.1800283895e+03 3.7492518187e-01 3.9407747129e-01 3.9266402419e-01 4.0857182344e-01 4.3431399759e-01 3.8856232701e-01 8.5606301948e-01 1.6948050782e+00 1.7636363552e-01 5.0867253914e-01 8.4909741208e-01 0 0
1777 5.4542787428e+02 6.4882131111e+02 6.5292249253e+02 9.1970633900e+02 1.1802856646e+03 3.7465564412e-01 3.9380163119e-01 3.9240107440e-01 4.0843339085e-01 4.3433056495e-01 4.1285310573e-01 9.6217185259e-01 1.5846688151e+00 1.8969951773e-01 5.2301936224e-01 8.4332581982e-01 0 0
1778 5.1982838947e+02 6.1797158106e+02 6.3044480825e+02 9.2264666856e+02 1.2443004059e+03 3.7434663134e-01 3.9354111343e-01 3.9213219437e-01 4.0829509115e-01 4.3434748860e-01 2.4544363191e-01 9.4510196894e-01 1.4054842815e+00 1.5665652391e-01 5.2498097718e-01 8.0772054568e-01 0 0
1779 5.2042182229e+02 6.1736924223e+02 6.2986084773e+02 9.2285731562e+02 1.2670438035e+03 3.7404168036e-01 3.9330640683e-01 3.9185309461e-01 4.0816536455e-01 4.3436211561e-01 2.3450082707e-01 1.0733890831e+00 1.3231270537e+00 1.5206847257e-01 5.5316520855e-01 7.9074504226e-01 0 0
1780 5.4311289449e+02 6.3407186107e+02 6.4782542498e+02 9.2561705770e+02 1.2558782783e+03 3.7377930564e-01 3.9305452957e-01 3.9157457470e-01 4.0803564483e-01 4.3438587277e-01 3.4404124736e-01 1.1268863901e+00 1.1700617969e+00 1.7099865020e-01 5.6687283888e-01 7.5196985155e-01 0 0
1781 5.3967187476e+02 6.5130126957e+02 6.7555650670e+02 9.0305637283e+02 1.2816133387e+03 3.7350708647e-01 3.9279575861e-01 3.9130835676e-01 4.0790661134e-01 4.3440442508e-01 4.1062965652e-01 1.0173499063e+00 1.4554073736e+00 1.9027259551e-01 5.3969958797e-01 7.8682478145e-01 0 0
1782 5.1955223229e+02 6.4166772457e+02 6.4514509027e+02 9.1271052366e+02 1.2523120617e+03 3.7322201981e-01 3.9254223812e-01 3.9103476915e-01 4.0779001703e-01 4.3442011517e-01 3.3139266827e-01 1.2319688573e+00 1.7957818359e+00 1.7489742233e-01 5.6840359420e-01 8.6520873755e-01 0 0
1783 5.1405747143e+02 6.5135186343e+02 6.4992489951e+02 9.1331477323e+02 1.1996763105e+03 3.7293080599e-01 3.9228376214e-01 3.9075657397e-01 4.0766624983e-01 4.3444098287e-01 3.1960296488e-01 1.3042119220e+00 1.5423177183e+00 1.7377190231e-01 5.9846265614e-01 8.2317236438e-01 0 0
1784 5.0101347370e+02 6.3336307222e+02 6.4456707855e+02 9.1170862944e+02 1.1786977984e+03 3.7266096374e-01 3.9201289088e-01 3.9047332777e-01 4.0753353241e-01 4.3446082798e-01 3.2776179137e-01 1.0317148492e+00 1.6753634736e+00 1.6929731719e-01 5.5197409168e-01 8.3406301960e-01 0 0
1785 5.0775072491e+02 6.2729956958e+02 6.3773525071e+02 9.3701253994e+02 1.2179512511e+03 3.7241165581e-01 3.9173122630e-01 3.9021124709e-01 4.0739948613e-01 4.3447800318e-01 4.2713607864e-01 8.9695178717e-01 1.8139257953e+00 1.8552334136e-01 5.2717962861e-01 8.7439199910e-01 0 0
1786 5.0345568711e+02 6.3445018027e+02 6.3805392601e+02 9.2549996623e+02 1.2317410442e+03 3.7213934938e-01 3.9146240785e-01 3.8996143004e-01 4.0727520986e-01 4.3449667276e-01 3.6565371350e-01 1.0870460272e+00 1.8787596673e+00 1.7919243925e-01 5.5213205889e-01 8.6290860176e-01 0 0
1787 5.1242071574e+02 6.4351568551e+02 6.5300713051e+02 9.3393927131e+02 1.2108535213e+03 3.7186182211e-01 3.9120027958e-01 3.8967460588e-01 4.0714827658e-01 4.3451875551e-01 3.1507722989e-01 1.2546450570e+00 1.8922245726e+00 1.6774632202e-01 5.9639741853e-01 8.9639817551e-01 0 0
1788 4.9664358248e+02 6.3837760671e+02 6.8134969454e+02 9.4025255916e+02 1.2122359506e+03 3.7157688115e-01 3.9093823037e-01 3.8940485730e-01 4.0701549624e-01 4.3453923549e-01 3.0169644881e-01 1.0503083020e+00 1.4499809742e+00 1.6630955223e-01 5.6447171420e-01 8.2100023329e-01 0 0
1789 5.0596118804e+02 6.2875395128e+02 6.6970935860e+02 9.2616834998e+02 1.3146470059e+03 3.7128105237e-01 3.9068440874e-01 3.8913719547e-01 4.0688574952e-01 4.3456118184e-01 2.5545854081e-01 1.0539863482e+00 1.2712467164e+00 1.5593671691e-01 5.6225553527e-01 7.6519335806e-01 0 0
1790 5.0731519308e+02 6.3368638734e+02 6.6453656314e+02 9.7006333556e+02 1.3613631955e+03 3.7098535040e-01 3.9041567595e-01 3.8885295186e-01 4.0675289932e-01 4.3458528296e-01 2.3844661691e-01 1.0322960988e+00 1.4370072559e+00 1.5042078214e-01 5.6686766073e-01 7.8565612435e-01 0 0
1791 4.9816800904e+02 6.1530251706e+02 6.4834498436e+02 9.8025596147e+02 1.3222038421e+03 3.7068868600e-01 3.9014715411e-01 3.8858158222e-01 4.0661802592e-01 4.3461127880e-01 2.4787222226e-01 9.5430765301e-01 1.9686014950e+00 1.5348677677e-01 5.5026495829e-01 8.9577412605e-01 0 0
1792 5.1953973034e+02 6.1265747976e+02 6.6374209035e+02 9.8319552354e+02 1.2283461442e+03 3.7041083397e-01 3.8990364044e-01 3.8830571149e-01 4.0648432206e-01 4.3464390720e-01 2.9563211298e-01 1.0468782783e+00 1.5275203735e+00 1.6189121686e-01 5.6791762263e-01 8.4347934648e-01 0 0
1793 5.4164020148e+02 6.2844351377e+02 6.4167215636e+02 9.8532567586e+02 1.1717867767e+03 3.7012012968e-01 3.8965260138e-01 3.8801765840e-01 4.0635258901e-01 4.3467843559e-01 2.8658722692e-01 1.1106350720e+00 1.2978321537e+00 1.6305451132e-01 5.8458285034e-01 7.8091925383e-01 0 0
1794 6.1224336567e+02 6.3234620166e+02 6.5987238350e+02 9.9350289381e+02 1.1450317681e+03 3.6981999679e-01 3.8938596816e-01 3.8773689980e-01 4.0622446533e-01 4.3470873960e-01 2.5338730989e-01 1.0054455921e+00 1.7934419289e+00 1.5617306260e-01 5.5606063083e-01 8.3921126276e-01 0 0
1795 6.4707314319e+02 6.3566377709e+02 6.6091730761e+02 1.0069816905e+03 1.2395087737e+03 3.6956185174e-01 3.8911089131e-01 3.8745433462e-01 4.0610081156e-01 4.3474148798e-01 3.3523011878e-01 1.0868505388e+00 2.0462495536e+00 1.6636366754e-01 5.6453372538e-01 9.1344125569e-01 0 0
1796 5.5096588300e+02 6.4905014733e+02 6.6600638135e+02 1.0391682972e+03 1.1637713478e+03 3.6927656325e-01 3.8882915881e-01 3.8716903998e-01 4.0597628787e-01 4.3477917720e-01 3.9327071185e-01 1.0814098045e+00 1.5883307904e+00 1.8937838911e-01 5.6870952994e-01 8.5365355760e-01 0 0
1797 5.3129283144e+02 6.6906959653e+02 6.8104611628e+02 1.0461904702e+03 1.1340867471e+03 3.6895872568e-01 3.8854908970e-01 3.8687698761e-01 4.0585075844e-01 4.3481597143e-01 2.5018854062e-01 9.7062664852e-01 1.4060776085e+00 1.5957786883e-01 5.4541812837e-01 7.9483722523e-01 0 0
1798 5.1522654963e+02 6.6564660763e+02 6.6568791956e+02 9.9727980026e+02 1.1895307898e+03 3.6864961225e-01 3.8827603375e-01 3.8658750859e-01 4.0572846815e-01 4.3485106394e-01 2.4666174010e-01 1.0639875978e+00 1.7717981040e+00 1.5638906154e-01 5.6513455510e-01 8.7015814707e-01 0 0
1799 5.2176747621e+02 6.5216418562e+02 7.0186848839e+02 9.9087240601e+02 1.2179169717e+03 3.6833969045e-01 3.8801847788e-01 3.8629220509e-01 4.0560250728e-01 4.3488871280e-01 2.3375128684e-01 1.0338305384e+00 1.7026688084e+00 1.5272320830e-01 5.7001567259e-01 8.7230736390e-01 0 0
1800 5.0630606439e+02 6.4062747560e+02 6.6359047047e+02 1.0362282567e+03 1.1873584126e+03 3.6802263202e-01 3.8774930776e-01 3.8600135358e-01 4.0548287218e-01 4.3492789540e-01 2.2096582839e-01 1.0028927997e+00 1.7725935876e+00 1.4982120679e-01 5.5024721846e-01 8.6975247785e-01 0 0
1801 5.1991227602e+02 6.5600488279e+02 6.9089685826e+02 9.8489945553e+02 1.2060421842e+03 3.6771090736e-01 3.8747388324e-01 3.8570573347e-01 4.0537288904e-01 4.3497144821e-01 2.1793716561e-01 1.3476915658e+00 1.7216283157e+00 1.4816200291e-01 6.1126727238e-01 8.9074125141e-01 0 0
1802 4.9795467457e+02 7.2164322037e+02 6.6866314857e+02 9.4845262138e+02 1.2158691336e+03 3.6742584345e-01 3.8719987427e-01 3.8541373975e-01 4.0525223163e-01 4.3501524792e-01 2.6634971167e-01 1.0840858296e+00 1.2614808530e+00 1.5624747115e-01 5.7796568796e-01 8.0179543048e-01 0 0
1803 5.1166359194e+02 7.0332245005e+02 6.5298542767e+02 9.6944723296e+02 1.2026852248e+03 3.6715910640e-01 3.8693683128e-01 3.8515034689e-01 4.0513925258e-01 4.3506292727e-01 3.9117448168e-01 1.0414176732e+00 1.2095575333e+00 1.8312249657e-01 5.4999667034e-01 7.8122128174e-01 0 0
1804 5.2112469405e+02 6.6634797591e+02 6.3062969523e+02 9.6633835301e+02 1.2132979848e+03 3.6686643529e-01 3.8666530278e-01 3.8488086162e-01 4.0503396569e-01 4.3511318731e-01 3.2807659754e-01 1.4950939417e+00 1.3336318433e+00 1.7588855247e-01 6.3303086907e-01 8.0621336401e-01 0 0
1805 5.1067870125e+02 6.4996995123e+02 6.7791147560e+02 9.7637291160e+02 1.1974846554e+03 3.6656223477e-01 3.8637846968e-01 3.8461115768e-01 4.0491262730e-01 4.3515958724e-01 2.7109823158e-01 1.0738111809e+00 1.5392585844e+00 1.6283281402e-01 5.7805840299e-01 8.5187366977e-01 0 0
1806 5.2026201417e+02 6.8033463733e+02 7.0167262220e+02 9.5707226086e+02 1.2151441273e+03 3.6625411691e-01 3.8609842744e-01 3.8433121502e-01 4.0479709221e-01 4.3520233220e-01 2.5575235849e-01 1.0085533783e+00 1.6893349737e+00 1.5909599301e-01 5.5454247445e-01 8.6056865379e-01 0 0
1807 5.0571669185e+02 6.9408219524e+02 7.1185356640e+02 9.6267900933e+02 1.1731740067e+03 3.6594661947e-01 3.8581531406e-01 3.8403257322e-01 4.0467888670e-01 4.3524387537e-01 2.3743829217e-01 1.0727046579e+00 1.9817882180e+00 1.5301600506e-01 5.7978101820e-01 9.1456215084e-01 0 0
1808 5.1494991992e+02 6.8522605759e+02 7.1301433190e+02 9.9064171122e+02 1.1702841535e+03 3.6564543987e-01 3.8554031144e-01 3.8375399085e-01 4.0454981543e-01 4.3528898342e-01 2.5855504095e-01 7.8406270593e-01 1.7601126134e+00 1.5801842995e-01 5.2169487253e-01 8.7256237864e-01 0 0
1809 5.0377798221e+02 6.5568175398e+02 6.7747493035e+02 9.2390516288e+02 1.1655446152e+03 3.6535164041e-01 3.8527417400e-01 3.8346554662e-01 4.0443503682e-01 4.3533834798e-01 2.7143937251e-01 8.2319433615e-01 1.7984576374e+00 1.5978337356e-01 5.0980219990e-01 8.7799156085e-01 0 0
1810 4.9579626848e+02 6.5494396230e+02 6.5108064017e+02 9.4553810738e+02 1.1914652744e+03 3.6506619876e-01 3.8499145480e-01 3.8316991125e-01 4.0434538800e-01 4.3538975335e-01 2.7033075099e-01 1.6077822372e+00 1.8048365638e+00 1.5688473987e-01 6.3041078299e-01 8.8661982864e-01 0 0
1811 5.0897860184e+02 6.2632299974e+02 6.4304927883e+02 9.4506524246e+02 1.2409988920e+03 3.6477063913e-01 3.8473102262e-01 3.8289514548e-01 4.0423593854e-01 4.3543807554e-01 2.7326751368e-01 1.3146671280e+00 1.8087097853e+00 1.6085138461e-01 6.3418420777e-01 8.8352541998e-01 0 0
1812 4.8336928423e+02 6.5579872579e+02 6.5279756146e+02 9.5111316361e+02 1.1960614533e+03 3.6450167475e-01 3.8448259320e-01 3.8263234210e-01 4.0412219316e-01 4.3548876091e-01 2.6837301337e-01 9.2548375204e-01 1.9312630668e+00 1.5225969171e-01 5.4821952432e-01 9.2107861862e-01 0 0
1813 4.9190453236e+02 6.4125012183e+02 6.3992423868e+02 9.8003303516e+02 1.1995523123e+03 3.6427823798e-01 3.8421744724e-01 3.8235500335e-01 4.0400635832e-01 4.3554922117e-01 5.1427409510e-01 9.2553794757e-01 1.5303811505e+00 1.9204346382e-01 5.4818287119e-01 8.4999827296e-01 0 0
1814 4.9969876678e+02 6.4408268103e+02 6.6743377480e+02 1.0462530765e+03 1.2565291481e+03 3.6399599700e-01 3.8395351558e-01 3.8206957875e-01 4.0389637213e-01 4.3560990881e-01 3.2353885925e-01 9.0436562523e-01 1.2958888039e+00 1.7118045383e-01 5.3633468226e-01 7.9195264727e-01 0 0
1815 4.8915979617e+02 6.4922251578e+02 6.6790177515e+02 1.0614201571e+03 1.3132220871e+03 3.6371161178e-01 3.8367164158e-01 3.8176299654e-01 4.0379883041e-01 4.3566676352e-01 2.3076682586e-01 1.0988758504e+00 1.4172706529e+00 1.4526175877e-01 5.6260402873e-01 7.9579807445e-01 0 0
1816 4.8649154361e+02 6.4873304409e+02 7.4374672268e+02 1.0660900525e+03 1.2073620004e+03 3.6343360856e-01 3.8336458939e-01 3.8146043762e-01 4.0370187132e-01 4.3571836908e-01 2.3857892533e-01 1.1913388222e+00 2.1884096712e+00 1.4590559598e-01 5.8850052208e-01 9.2588220537e-01 0 0
1817 4.9043433107e+02 6.5425563620e+02 7.9710350645e+02 1.0011301739e+03 1.2055386763e+03 3.6315989622e-01 3.8306528493e-01 3.8118742553e-01 4.0360429374e-01 4.3577795153e-01 2.5175042196e-01 1.1161181405e+00 1.7851477787e+00 1.4859335787e-01 5.7647871226e-01 9.0218074247e-01 0 0
1818 4.8987974268e+02 6.3938490950e+02 7.2162726268e+02 9.2638548267e+02 1.2153305106e+03 3.6287581844e-01 3.8278378177e-01 3.8090308866e-01 4.0350695597e-01 4.3583782638e-01 2.3329821398e-01 1.0717237741e+00 1.5194262043e+00 1.4538234124e-01 5.6156390160e-01 8.2219935209e-01 0 0
1819 4.8602812143e+02 6.4715142645e+02 6.8885074127e+02 9.5150197057e+02 1.2999817306e+03 3.6259929607e-01 3.8250860870e-01 3.8060248495e-01 4.0341323194e-01 4.3589781556e-01 2.4045829040e-01 1.2412235066e+00 1.9439564347e+00 1.4558476338e-01 5.9706664830e-01 9.0663347766e-01 0 0
1820 4.8133638863e+02 6.3357633222e+02 6.5819262473e+02 1.0294760803e+03 1.3211344557e+03 3.6232997656e-01 3.8223692636e-01 3.8030961158e-01 4.0331934046e-01 4.3596038543e-01 2.4991564201e-01 1.2088211253e+00 1.8131361604e+00 1.4648502994e-01 5.9926700592e-01 8.9632707462e-01 0 0
1821 4.9664821320e+02 6.4377691691e+02 6.5302909583e+02 9.9892354562e+02 1.2030906034e+03 3.6205938088e-01 3.8197448214e-01 3.8000617480e-01 4.0323127150e-01 4.3602641686e-01 2.6935624839e-01 1.3713039532e+00 1.6998594552e+00 1.5235297717e-01 6.2531398237e-01 8.7204745039e-01 0 0
1822 5.0499553532e+02 6.4542745042e+02 6.5246206786e+02 9.7530081898e+02 1.2060957673e+03 3.6177049019e-01 3.8168903743e-01 3.7969797085e-01 4.0313557801e-01 4.3610156184e-01 2.1181163582e-01 1.1768570021e+00 1.4264901802e+00 1.3984797614e-01 6.0918889940e-01 8.2290289178e-01 0 0
1823 5.7419841040e+02 6.4413047009e+02 6.4133340101e+02 9.3806389708e+02 1.2276664857e+03 3.6148778686e-01 3.8140895366e-01 3.7940457290e-01 4.0303701511e-01 4.3617791066e-01 1.8558155880e-01 8.5848307610e-01 1.3026189953e+00 1.2931640399e-01 5.3296783194e-01 7.9302667081e-01 0 0
1824 6.6198989497e+02 6.4057298569e+02 6.3051439813e+02 9.4679429524e+02 1.2301858599e+03 3.6124712276e-01 3.8114335128e-01 3.7913452616e-01 4.0294621969e-01 4.3625241956e-01 2.7534603602e-01 9.6539705619e-01 1.3334892467e+00 1.4538850206e-01 5.4461635649e-01 7.9124678671e-01 0 0
1825 5.9240710965e+02 6.4711518488e+02 6.3779240843e+02 9.2193271853e+02 1.2195883527e+03 3.6100355489e-01 3.8087027484e-01 3.7887902817e-01 4.0285992870e-01 4.3632915442e-01 3.6029266279e-01 1.0855211020e+00 1.5274267271e+00 1.6751715782e-01 5.6564230844e-01 8.3789340779e-01 0 0
1826 5.0950190851e+02 6.5539503832e+02 6.2389364578e+02 9.5574176036e+02 1.2334040295e+03 3.6073385237e-01 3.8059311477e-01 3.7860910091e-01 4.0277451575e-01 4.3640645139e-01 2.4803965166e-01 1.0640493184e+00 1.6046204492e+00 1.4607446999e-01 5.6082611158e-01 8.5381695628e-01 0 0
1827 4.9797180292e+02 6.5601581536e+02 6.5625278571e+02 9.3330980253e+02 1.2723768113e+03 3.6046312039e-01 3.8032377833e-01 3.7830697441e-01 4.0269196609e-01 4.3648237983e-01 2.2852036695e-01 1.1275596768e+00 1.5625006407e+00 1.4034846269e-01 5.6756892055e-01 8.2899009436e-01 0 0
1828 4.9956097810e+02 6.7156861619e+02 6.4790108234e+02 9.4608945137e+02 1.1897006977e+03 3.6019343656e-01 3.8006638579e-01 3.7799176726e-01 4.0260899485e-01 4.3655413517e-01 2.3824909538e-01 1.1885798723e+00 1.8350974098e+00 1.4341688822e-01 5.8192976564e-01 8.6830096319e-01 0 0
1829 4.9096224173e+02 6.2942299966e+02 6.5047179993e+02 9.3677251774e+02 1.1933802831e+03 3.5993792698e-01 3.7981129747e-01 3.7768309375e-01 4.0251633389e-01 4.3662927217e-01 2.4309926972e-01 9.6044555679e-01 1.8655599803e+00 1.4027894675e-01 5.5278941616e-01 8.8776975125e-01 0 0
1830 5.0943419080e+02 6.6557939985e+02 6.4519137180e+02 9.4373725157e+02 1.2485809946e+03 3.5970237520e-01 3.7953162465e-01 3.7737888019e-01 4.0242558017e-01 4.3670946693e-01 2.9056958581e-01 8.1404983252e-01 1.7281000167e+00 1.4717236966e-01 5.0704239681e-01 8.5788572207e-01 0 0
1831 4.9510362877e+02 6.9030468816e+02 6.3805916654e+02 9.5194905326e+02 1.2974091490e+03 3.5945963091e-01 3.7925937814e-01 3.7708646381e-01 4.0233906621e-01 4.3679476809e-01 3.3029865239e-01 8.8699246198e-01 1.6932785586e+00 1.5958364342e-01 5.2291690931e-01 8.6301215366e-01 0 0
1832 4.8146889063e+02 7.1826166019e+02 6.2437308558e+02 9.8943241305e+02 1.3234025276e+03 3.5921632134e-01 3.7900652252e-01 3.7683988893e-01 4.0225101589e-01 4.3687832921e-01 2.9147343490e-01 9.0311307833e-01 1.5525045022e+00 1.4987837719e-01 5.3501563147e-01 8.3463787287e-01 0 0
1833 4.8901340052e+02 7.0230439893e+02 6.3513618126e+02 1.0525833696e+03 1.3128965115e+03 3.5897904506e-01 3.7873162227e-01 3.7657836393e-01 4.0217039411e-01 4.3696366177e-01 3.7451538464e-01 1.0259330720e+00 1.6625015214e+00 1.6768075623e-01 5.4967431352e-01 8.6230827123e-01 0 0
1834 4.9604461693e+02 6.7680349345e+02 6.5827020003e+02 1.0744289181e+03 1.2398345656e+03 3.5871363187e-01 3.7845313537e-01 3.7628506358e-01 4.0208899494e-01 4.3705847771e-01 2.9695310816e-01 1.1780382842e+00 1.5871853679e+00 1.5787376055e-01 5.9169334546e-01 8.6000676826e-01 0 0
1835 5.8575093145e+02 6.6979154873e+02 6.7116824456e+02 1.0495200093e+03 1.2678919512e+03 3.5845047129e-01 3.7820410502e-01 3.7598826115e-01 4.0200783934e-01 4.3715163799e-01 2.3702778240e-01 1.0501073152e+00 1.4867449254e+00 1.4004673439e-01 5.6462020800e-01 8.2337742299e-01 0 0
1836 5.8873935451e+02 6.2668211140e+02 6.9939386704e+02 1.0081740301e+03 1.1964488079e+03 3.5821443405e-01 3.7794767317e-01 3.7571805310e-01 4.0192747967e-01 4.3724248613e-01 3.4438304028e-01 1.0527544543e+00 1.5845206454e+00 1.5996933182e-01 5.7406862080e-01 8.3299420401e-01 0 0
1837 5.2580294452e+02 6.4361704938e+02 7.0482311611e+02 9.3687082221e+02 1.1764383749e+03 3.5795341779e-01 3.7768076250e-01 3.7545080669e-01 4.0185166281e-01 4.3733274631e-01 3.2417796846e-01 1.1027191207e+00 1.7353033721e+00 1.6319206251e-01 5.7718225196e-01 8.5383963585e-01 0 0
1838 4.9811536075e+02 6.4619424324e+02 6.7973705854e+02 9.4968715243e+02 1.1923141365e+03 3.5767046044e-01 3.7744167982e-01 3.7517333840e-01 4.0178037390e-01 4.3741687595e-01 2.2685459772e-01 1.1947211400e+00 1.8978806213e+00 1.4187986244e-01 5.9731052071e-01 8.7108423561e-01 0 0
1839 4.9870974336e+02 6.5409885530e+02 6.4749553570e+02 9.2369614187e+02 1.1664213433e+03 3.5740138091e-01 3.7719100169e-01 3.7489162050e-01 4.0171821781e-01 4.3750046373e-01 2.6019767785e-01 1.2507339716e+00 1.9513933435e+00 1.4850745089e-01 5.9138476849e-01 8.9075782895e-01 0 0
1840 4.9754526930e+02 6.5704368671e+02 6.5199623753e+02 9.7228879455e+02 1.2861249939e+03 3.5713923126e-01 3.7691376437e-01 3.7461277921e-01 4.0165687817e-01 4.3759350807e-01 2.8268238547e-01 1.3889857009e+00 1.5510932356e+00 1.5281236639e-01 6.2198704481e-01 8.1909231097e-01 0 0
1841 4.8668054109e+02 6.5986411954e+02 6.6796453873e+02 9.4659967119e+02 1.2402517890e+03 3.5687613173e-01 3.7663306382e-01 3.7432079256e-01 4.0158736743e-01 4.3768693936e-01 2.7451574410e-01 1.0801003426e+00 1.5432656929e+00 1.5081499660e-01 5.7750755921e-01 8.1450832263e-01 0 0
1842 4.8420390108e+02 6.8813452537e+02 6.7420696470e+02 9.4365072326e+02 1.2809976581e+03 3.5662075765e-01 3.7635895259e-01 3.7402543153e-01 4.0152241254e-01 4.3777490210e-01 2.9397140489e-01 1.0327919647e+00 1.5797991827e+00 1.5379373996e-01 5.5846948922e-01 8.1763770804e-01 0 0
1843 4.8398399483e+02 6.5245727829e+02 6.7366910461e+02 9.5268567744e+02 1.3613328946e+03 3.5636227530e-01 3.7611357917e-01 3.7376252903e-01 4.0145920934e-01 4.3786775429e-01 2.9349499923e-01 1.1382159516e+00 1.5302686319e+00 1.5468299993e-01 5.8829496428e-01 8.1263973191e-01 0 0
1844 4.8335201471e+02 6.4633611612e+02 6.7917613235e+02 9.3544347772e+02 1.2923118819e+03 3.5612582097e-01 3.7585486122e-01 3.7347486642e-01 4.0139878053e-01 4.3796407099e-01 3.6032033940e-01 1.2219128311e+00 1.4588923380e+00 1.6407208882e-01 5.9774260223e-01 7.9908227175e-01 0 0
1845 4.8735089923e+02 6.7457838685e+02 6.5740220280e+02 9.4134192778e+02 1.2249229568e+03 3.5587460127e-01 3.7559726369e-01 3.7318164318e-01 4.0133763605e-01 4.3806235202e-01 3.7736501000e-01 1.3011085615e+00 1.3770099282e+00 1.7283139769e-01 6.2395179272e-01 7.8319511563e-01 0 0
1846 4.9015310991e+02 7.2911114551e+02 6.6801536753e+02 9.3139287495e+02 1.2142347384e+03 3.5560267257e-01 3.7532269084e-01 3.7290791164e-01 4.0127848110e-01 4.3816188193e-01 2.7888394963e-01 1.1517744288e+00 1.5390853584e+00 1.5428440995e-01 5.8112934232e-01 8.2194268703e-01 0 0
1847 4.9219261518e+02 7.4759694187e+02 6.2757215721e+02 9.3187542757e+02 1.2472356433e+03 3.5534583341e-01 3.7505255354e-01 3.7262822167e-01 4.0122162408e-01 4.3826637380e-01 2.9629782279e-01 1.3840965405e+00 1.5167673156e+00 1.5497171136e-01 6.3088329881e-01 8.2255378738e-01 0 0
1848 5.1372450104e+02 7.1142781169e+02 6.4457716276e+02 9.3896139431e+02 1.2468020091e+03 3.5507401439e-01 3.7479446964e-01 3.7237474819e-01 4.0116200239e-01 4.3836988207e-01 2.7029823275e-01 1.0526508763e+00 1.4323453903e+00 1.5200646818e-01 5.7263226807e-01 7.9823759943e-01 0 0
1849 5.3457965405e+02 6.7846557116e+02 6.4440728581e+02 9.3746583271e+02 1.2449936747e+03 3.5480660813e-01 3.7451192916e-01 3.7210632673e-01 4.0110793968e-01 4.3847368558e-01 2.4039529805e-01 1.0743829384e+00 1.6352155656e+00 1.4184832912e-01 5.5791345984e-01 8.4496151656e-01 0 0
1850 5.3586402547e+02 6.6086548367e+02 6.3393941942e+02 9.3810876901e+02 1.2520711841e+03 3.5456965289e-01 3.7424654831e-01 3.7183286966e-01 4.0105381263e-01 4.3858272930e-01 3.3729746214e-01 1.2104932591e+00 1.6438634768e+00 1.5836240234e-01 5.9684196115e-01 8.4959219024e-01 0 0
1851 4.9811736207e+02 6.4629378478e+02 6.5160007386e+02 9.1178694743e+02 1.2128663364e+03 3.5430478372e-01 3.7397933891e-01 3.7155064813e-01 4.0100414805e-01 4.3869712022e-01 3.0678138546e-01 1.1888155192e+00 1.6165432185e+00 1.5966565004e-01 5.8212155476e-01 8.4095736966e-01 0 0
1852 4.9226395570e+02 6.4595936405e+02 6.6036355990e+02 9.2185427943e+02 1.2129765043e+03 3.5403708712e-01 3.7369373757e-01 3.7125629106e-01 4.0095352311e-01 4.3880765628e-01 2.3063091743e-01 1.0684166029e+00 1.6532352790e+00 1.3910764460e-01 5.6800905243e-01 8.3436135575e-01 0 0
1853 4.8344755350e+02 6.4880724699e+02 6.2610035637e+02 9.1690709726e+02 1.1933383845e+03 3.5378104462e-01 3.7342882463e-01 3.7097241971e-01 4.0090023844e-01 4.3892167771e-01 2.7622309206e-01 8.8277991861e-01 1.5881884545e+00 1.4931233781e-01 5.2352176234e-01 8.2620558888e-01 0 0
1854 4.6925707138e+02 6.4477294938e+02 6.4101872048e+02 9.2306581564e+02 1.2028846578e+03 3.5353215915e-01 3.7316453958e-01 3.7070422751e-01 4.0085021525e-01 4.3903990181e-01 2.9007836824e-01 8.9587539062e-01 1.5395648852e+00 1.5045927721e-01 5.2227053419e-01 8.1146617234e-01 0 0
1855 4.7449125197e+02 6.3943976945e+02 6.4524581072e+02 1.0183612448e+03 1.2038556807e+03 3.5328489637e-01 3.7290736562e-01 3.7041347393e-01 4.0080027174e-01 4.3915043952e-01 2.9328730620e-01 8.9053983986e-01 1.9064117447e+00 1.5084087550e-01 5.1826034859e-01 8.7670516968e-01 0 0
1856 4.7228144366e+02 6.5115596730e+02 6.1554995736e+02 1.0294238680e+03 1.2354020601e+03 3.5303499634e-01 3.7263562778e-01 3.7014199019e-01 4.0075697869e-01 4.3926976375e-01 2.8203298083e-01 1.0124521926e+00 1.7111408934e+00 1.4902742505e-01 5.2843657881e-01 8.6886859313e-01 0 0
1857 4.8076907432e+02 6.4182739600e+02 6.5135882008e+02 9.9818275506e+02 1.1664007673e+03 3.5278582933e-01 3.7235301563e-01 3.6988031270e-01 4.0071887432e-01 4.3938244320e-01 2.6907790051e-01 1.2501695752e+00 1.7834161595e+00 1.4504069425e-01 5.7018633559e-01 8.5474140197e-01 0 0
1858 4.9621818502e+02 6.4831507579e+02 6.3721589257e+02 9.0756359970e+02 1.2195687762e+03 3.5253753338e-01 3.7205783923e-01 3.6959799784e-01 4.0067978084e-01 4.3950567220e-01 2.5704247788e-01 1.0371931493e+00 1.8345771432e+00 1.4144515130e-01 5.4181984439e-01 8.9792638272e-01 0 0
1859 4.9165936096e+02 6.1939554709e+02 6.1578471279e+02 9.2205016133e+02 1.3421981039e+03 3.5230288776e-01 3.7178523240e-01 3.6934532368e-01 4.0064104832e-01 4.3963414319e-01 3.0671207802e-01 9.8896519095e-01 1.3671773449e+00 1.4981699732e-01 5.2293409407e-01 7.8974380344e-01 0 0
1860 4.8385984729e+02 6.2580470696e+02 6.3320936013e+02 9.6355786022e+02 1.2969157644e+03 3.5205442320e-01 3.7153601243e-01 3.6908855761e-01 4.0060569653e-01 4.3974951268e-01 2.7702837619e-01 1.2820897624e+00 1.6470172182e+00 1.4655534897e-01 5.7035915181e-01 8.2066977024e-01 0 0
1861 4.8314952254e+02 6.3076144460e+02 6.1959417162e+02 9.7360839792e+02 1.2771133466e+03 3.5179120548e-01 3.7127367100e-01 3.6882861427e-01 4.0056848865e-01 4.3987238399e-01 2.4513844454e-01 1.1865208820e+00 1.6855482310e+00 1.4230715879e-01 5.6991247460e-01 8.5265075043e-01 0 0
1862 4.7539875271e+02 6.0916856760e+02 6.2009512879e+02 9.3324866059e+02 1.2764559334e+03 3.5152904244e-01 3.7102460114e-01 3.6857720691e-01 4.0052892865e-01 4.3999046596e-01 2.4751348093e-01 9.1623392701e-01 1.5759090260e+00 1.4214680827e-01 5.1219342276e-01 8.0694684386e-01 0 0
1863 4.6421845190e+02 6.1699004753e+02 6.2224455100e+02 9.1728815674e+02 1.1672144190e+03 3.5127695274e-01 3.7078905516e-01 3.6831958199e-01 4.0049109046e-01 4.4011822114e-01 2.8375887212e-01 9.9462053180e-01 1.5457180291e+00 1.4930010584e-01 5.2348510921e-01 8.1804089993e-01 0 0
1864 4.5777698241e+02 6.0192553007e+02 6.3612749312e+02 8.8220575831e+02 1.1495727467e+03 3.5103354224e-01 3.7055718609e-01 3.6805065785e-01 4.0045433063e-01 4.4024041795e-01 2.7595308351e-01 9.3337790295e-01 1.5074612722e+00 1.4489252471e-01 5.0978552550e-01 7.8527498618e-01 0 0
1865 4.6844946890e+02 6.2454093140e+02 6.0838243523e+02 9.0435553711e+02 1.1904699702e+03 3.5078506694e-01 3.7032271303e-01 3.6778396918e-01 4.0041898247e-01 4.4035291026e-01 2.7932784003e-01 8.4230645001e-01 2.0395818055e+00 1.4708307697e-01 4.9341373146e-01 8.7463510782e-01 0 0
1866 4.7597198716e+02 6.2327968241e+02 6.3029271474e+02 9.0308893527e+02 1.1595341737e+03 3.5053244652e-01 3.7008002745e-01 3.6752694452e-01 4.0038672275e-01 4.4047370910e-01 2.3387724641e-01 8.9603219181e-01 1.7305849940e+00 1.3615639643e-01 4.9581701495e-01 8.2984972000e-01 0 0
1867 4.5871867781e+02 6.2703952228e+02 5.9723922133e+02 9.2241903439e+02 1.2416094394e+03 3.5031024765e-01 3.6983215748e-01 3.6729481171e-01 4.0035327832e-01 4.4060144628e-01 2.9926267329e-01 9.1445205733e-01 1.4390317351e+00 1.4451558575e-01 5.0658895448e-01 7.7634008229e-01 0 0
1868 4.7140253424e+02 6.3252114589e+02 6.2970925831e+02 9.1092250631e+02 1.1657481503e+03 3.5007417401e-01 3.6959346605e-01 3.6705925697e-01 4.0031953187e-01 4.4072660458e-01 3.4287487620e-01 8.6401507258e-01 1.4421882480e+00 1.5911605556e-01 4.9968896620e-01 7.6535073295e-01 0 0
1869 4.6802257821e+02 6.3120551823e+02 6.2756048015e+02 9.1113126799e+02 1.1393385142e+03 3.4980642755e-01 3.6936564246e-01 3.6678404317e-01 4.0029063782e-01 4.4085188117e-01 2.0400327739e-01 8.9516459033e-01 1.4038548693e+00 1.3066586965e-01 4.9933066964e-01 7.5135185197e-01 0 0
1870 4.6447955587e+02 5.8824970782e+02 6.5475613304e+02 8.9197004574e+02 1.2016587494e+03 3.4954209462e-01 3.6913042525e-01 3.6652524678e-01 4.0026252256e-01 4.4096955110e-01 1.8321473682e-01 9.5234171674e-01 1.5422492996e+00 1.2316002468e-01 5.0754901767e-01 7.6269073784e-01 0 0
1871 4.5672493065e+02 6.1424580279e+02 6.2666717642e+02 9.4136556395e+02 1.1279719633e+03 3.4929479576e-01 3.6890421826e-01 3.6628450435e-01 4.0023232216e-01 4.4108797751e-01 2.2556430235e-01 9.3061398342e-01 1.6870364621e+00 1.3226397320e-01 5.0330241770e-01 7.9424871504e-01 0 0
1872 4.5914086327e+02 6.2580415766e+02 6.5572216868e+02 9.1538786178e+02 1.1592653924e+03 3.4904535158e-01 3.6866854609e-01 3.6603463728e-01 4.0020484798e-01 4.4121170214e-01 2.4543629465e-01 9.6854196116e-01 1.5276107565e+00 1.3828063144e-01 5.0886974856e-01 7.6203187928e-01 0 0
1873 4.5255117686e+02 6.2596131071e+02 6.4804602942e+02 8.8708215516e+02 1.1606155694e+03 3.4880406517e-01 3.6844178220e-01 3.6578073602e-01 4.0017891184e-01 4.4133384221e-01 2.3753129252e-01 9.0545675904e-01 1.7343764156e+00 1.3363045267e-01 5.0186779350e-01 8.0530263856e-01 0 0
1874 4.5326102761e+02 6.1829233074e+02 6.4455476397e+02 8.8380809569e+02 1.1363838480e+03 3.4860460514e-01 3.6820272991e-01 3.6552010871e-01 4.0015645062e-01 4.4146383833e-01 3.8054586164e-01 1.0845136791e+00 1.3756064698e+00 1.5418755070e-01 5.1948301867e-01 7.4691348895e-01 0 0
1875 4.5599181432e+02 6.3702909078e+02 6.6426103209e+02 8.9886278847e+02 1.2228186701e+03 3.4837063883e-01 3.6796877403e-01 3.6527692079e-01 4.0013311786e-01 4.4158709600e-01 3.1996426921e-01 1.4147339091e+00 1.3414546251e+00 1.5324744401e-01 5.9469699115e-01 7.1900272742e-01 0 0
1876 4.5287882347e+02 6.1325188544e+02 6.8047933473e+02 9.4762268335e+02 1.2003696306e+03 3.4812658828e-01 3.6773984770e-01 3.6502790868e-01 4.0010462648e-01 4.4171283761e-01 2.3761185479e-01 9.6304475516e-01 1.4196698144e+00 1.3443341215e-01 5.3688043728e-01 7.4475425482e-01 0 0
1877 4.8021756959e+02 5.9517733702e+02 6.2627629685e+02 9.5311410650e+02 1.1597007157e+03 3.4787435361e-01 3.6750733683e-01 3.6477968439e-01 4.0008161441e-01 4.4184187070e-01 2.3491060173e-01 8.7806912512e-01 1.2419205382e+00 1.3584422447e-01 4.9491103180e-01 7.0155873522e-01 0 0
1878 4.6492945864e+02 6.0358173121e+02 6.5290349115e+02 9.7698675784e+02 1.2302844183e+03 3.4761457874e-01 3.6727588586e-01 3.6453526207e-01 4.0006103662e-01 4.4196451850e-01 2.0630768798e-01 1.0777581334e+00 1.3603997752e+00 1.2909882635e-01 5.3260396793e-01 7.1307960153e-01 0 0
1879 4.5463813739e+02 6.1501994378e+02 6.4407644636e+02 9.4990052111e+02 1.1706133008e+03 3.4739977153e-01 3.6704288559e-01 3.6427693157e-01 4.0003799924e-01 4.4209372824e-01 2.6204380589e-01 9.1434530914e-01 1.3345568329e+00 1.3229662128e-01 5.1939329877e-01 7.1991075203e-01 0 0
1880 4.7286934419e+02 6.0581063976e+02 6.1707738575e+02 9.4267332624e+02 1.2822533876e+03 3.4717371590e-01 3.6682545097e-01 3.6403534980e-01 4.0001560406e-01 4.4222333218e-01 3.2171422918e-01 8.6369743571e-01 1.3173121884e+00 1.5038837613e-01 5.0056256354e-01 7.1032485366e-01 0 0
1881 4.6577578004e+02 6.1185361301e+02 6.5131566368e+02 9.5224862168e+02 1.2506441340e+03 3.4691495603e-01 3.6660683139e-01 3.6378974533e-01 3.9999436430e-01 4.4235226024e-01 1.8294323409e-01 1.0657914877e+00 1.3914520442e+00 1.2126772311e-01 5.3803084418e-01 7.2689545900e-01 0 0
1882 4.8337912405e+02 5.9465586161e+02 6.2206001017e+02 9.2912680781e+02 1.1388996883e+03 3.4667201801e-01 3.6638327825e-01 3.6353641518e-01 3.9997224563e-01 4.4248297100e-01 1.6642749330e-01 1.0997652933e+00 1.3414246291e+00 1.1202939037e-01 5.5020234734e-01 7.1863109618e-01 0 0
1883 5.1764256123e+02 6.3965696373e+02 6.3979288641e+02 9.1000597526e+02 1.0805901166e+03 3.4646293011e-01 3.6614906174e-01 3.6327834948e-01 3.9995535819e-01 4.4261745255e-01 2.4964345742e-01 1.0862551406e+00 1.2876195759e+00 1.2722462095e-01 5.4021022096e-01 7.1004052088e-01 0 0
1884 5.0863910920e+02 6.1885188555e+02 6.1577793786e+02 9.3485058967e+02 1.1796102110e+03 3.4624740050e-01 3.6592630880e-01 3.6303323226e-01 3.9994178916e-01 4.4274509786e-01 2.8709340079e-01 1.2055960670e+00 1.2346321940e+00 1.3859566009e-01 5.6121889874e-01 6.7599719018e-01 0 0
1885 4.8178596344e+02 6.3599090992e+02 6.0464837406e+02 9.4119398904e+02 1.0803731994e+03 3.4601795695e-01 3.6569559128e-01 3.6281191746e-01 3.9992610481e-01 4.4287522028e-01 2.2590133542e-01 1.1131953076e+00 1.4024318531e+00 1.2698354386e-01 5.5395861715e-01 7.2578998283e-01 0 0
1886 4.5779708039e+02 6.1201033999e+02 6.1363181143e+02 9.2411278397e+02 1.1292413382e+03 3.4579683483e-01 3.6544632080e-01 3.6256269501e-01 3.9991027363e-01 4.4301140456e-01 2.3676985948e-01 1.0113714412e+00 1.2066071481e+00 1.2743760471e-01 5.3415227309e-01 6.8665867671e-01 0 0
1887 4.4031309944e+02 5.9319690028e+02 6.6781109324e+02 9.6447109858e+02 1.1752960265e+03 3.4557283363e-01 3.6520452627e-01 3.6231302362e-01 3.9989595750e-01 4.4313668797e-01 2.1190529938e-01 1.0211612284e+00 1.4071899503e+00 1.2118324718e-01 5.4115070775e-01 7.1078154817e-01 0 0
1888 4.3718396391e+02 6.2076125141e+02 6.9878846048e+02 9.5538801018e+02 1.0641659880e+03 3.4536332327e-01 3.6496059356e-01 3.6207094526e-01 3.9988275846e-01 4.4326635686e-01 2.3486888911e-01 8.9308735356e-01 1.6368992627e+00 1.2359822863e-01 5.1474160329e-01 7.7614922076e-01 0 0
1889 4.4473199912e+02 6.6467539070e+02 6.9265693168e+02 9.9137555951e+02 1.1623394513e+03 3.4513922276e-01 3.6470829995e-01 3.6181758829e-01 3.9986889497e-01 4.4339739437e-01 2.2101749134e-01 1.0121563748e+00 1.5245190710e+00 1.2395291786e-01 5.2895377576e-01 7.4990868568e-01 0 0
1890 4.4506501289e+02 7.0344102898e+02 6.4489126991e+02 9.7063477941e+02 1.1651141575e+03 3.4490583652e-01 3.6447124803e-01 3.6155606038e-01 3.9985575737e-01 4.4353117096e-01 1.6593546749e-01 1.0197543129e+00 1.5815050378e+00 1.0934995952e-01 5.2972025797e-01 7.7141816914e-01 0 0
1891 4.4292875896e+02 6.8320766883e+02 6.3282434865e+02 9.6440042902e+02 1.0668416002e+03 3.4468693495e-01 3.6423216845e-01 3.6129662826e-01 3.9984331770e-01 4.4365890235e-01 1.8243523931e-01 1.0013721138e+00 1.5161688328e+00 1.1118709864e-01 5.2256046236e-01 7.3709953204e-01 0 0
1892 4.3348470611e+02 6.7586789112e+02 6.3021752197e+02 9.1769241852e+02 1.1958677812e+03 3.4446972774e-01 3.6399809798e-01 3.6104378922e-01 3.9983367854e-01 4.4378754606e-01 1.9090176786e-01 1.0114139020e+00 1.6947595328e+00 1.1305627913e-01 5.3291577473e-01 7.7950658277e-01 0 0
1893 4.2336106102e+02 6.4369536176e+02 6.6092643312e+02 9.0747816778e+02 1.1374905494e+03 3.4426055871e-01 3.6375782013e-01 3.6079932685e-01 3.9982596297e-01 4.4393258374e-01 1.9164236889e-01 8.8203475997e-01 1.2817660123e+00 1.1098816703e-01 4.9581320211e-01 7.1840998158e-01 0 0
1894 4.3360847828e+02 6.1503180812e+02 6.0692117487e+02 9.0354600049e+02 1.1001234022e+03 3.4405828850e-01 3.6350207428e-01 3.6055600244e-01 3.9981883926e-01 4.4407735493e-01 2.1164373158e-01 1.0712229311e+00 1.3098344058e+00 1.1474007182e-01 5.2923896164e-01 7.2313684970e-01 0 0
1895 4.2805541320e+02 6.1727278208e+02 6.3369338998e+02 8.9256704930e+02 1.1228215575e+03 3.4384771227e-01 3.6325346749e-01 3.6031981921e-01 3.9981289866e-01 4.4421793212e-01 2.0567488241e-01 1.1458864510e+00 1.3659783155e+00 1.1519906625e-01 5.5444481596e-01 7.2324252874e-01 0 0
1896 4.3330763786e+02 6.0147963390e+02 6.2786015561e+02 9.1930673608e+02 1.1643236234e+03 3.4363235922e-01 3.6302864528e-01 3.6006738195e-01 3.9980890905e-01 4.4435960485e-01 1.8188343718e-01 9.7281847894e-01 1.3235302866e+00 1.0949078683e-01 5.0479787961e-01 7.2080671415e-01 0 0
1897 4.2391400087e+02 6.0597602057e+02 6.2083041666e+02 8.8569220811e+02 1.1052226020e+03 3.4340639740e-01 3.6280973695e-01 3.5981792101e-01 3.9980740502e-01 4.4450218369e-01 1.6808833647e-01 1.2450363338e+00 1.2793908268e+00 1.0779633398e-01 5.5644138902e-01 7.1103067696e-01 0 0
1898 4.1887941271e+02 6.0070071063e+02 6.3489858934e+02 8.9083672045e+02 1.1266442429e+03 3.4318758142e-01 3.6257764574e-01 3.5958173850e-01 3.9980712205e-01 4.4464513049e-01 1.6382764487e-01 1.0619512945e+00 1.3240520507e+00 1.0451320098e-01 5.3242935240e-01 7.0675127953e-01 0 0
1899 4.0858731852e+02 6.0409876055e+02 6.4777385618e+02 8.8763249011e+02 1.1063597968e+03 3.4299978768e-01 3.6234055162e-01 3.5933009789e-01 3.9980628311e-01 4.4478346520e-01 2.1582239263e-01 9.2496008798e-01 1.6695357934e+00 1.1153458055e-01 4.9631078728e-01 7.7883752435e-01 0 0
1900 4.1923352716e+02 6.2503359910e+02 6.1804616535e+02 9.5325114739e+02 1.0745342014e+03 3.4281979420e-01 3.6211220685e-01 3.5906410560e-01 3.9980405743e-01 4.4492375340e-01 3.1905083292e-01 9.5294237882e-01 1.5506342947e+00 1.3282817592e-01 5.0069165230e-01 7.6247207448e-01 0 0
1901 4.1506393721e+02 6.1438678778e+02 6.4503238775e+02 9.3616625126e+02 1.1112240998e+03 3.4262061383e-01 3.6187912465e-01 3.5881791541e-01 3.9980207577e-01 4.4506099146e-01 2.3341269722e-01 1.0548108518e+00 1.6590986028e+00 1.1931293065e-01 5.1507899538e-01 7.7774047479e-01 0 0
1902 4.1584820474e+02 6.2620468898e+02 6.4944189983e+02 9.4366698310e+02 1.1382193330e+03 3.4242299057e-01 3.6163714440e-01 3.5858764177e-01 3.9980171182e-01 4.4520919800e-01 2.1350460842e-01 9.8222678900e-01 1.4192924723e+00 1.1395399620e-01 5.1238571852e-01 7.4419306964e-01 0 0
1903 4.2786428814e+02 6.2626496988e+02 6.2274390302e+02 8.9932717906e+02 1.1818704455e+03 3.4221443717e-01 3.6140529352e-01 3.5834101305e-01 3.9979972235e-01 4.4535253418e-01 1.8265668691e-01 9.2284181342e-01 1.2881112844e+00 1.0842448364e-01 5.0614798442e-01 6.9914412498e-01 0 0
1904 4.3662579735e+02 6.2624905190e+02 5.9989053689e+02 9.1503326442e+02 1.1234035339e+03 3.4201480485e-01 3.6117692042e-01 3.5810301523e-01 3.9979794650e-01 4.4549011120e-01 1.7468334180e-01 7.9139206931e-01 1.4854557291e+00 1.0347093086e-01 4.7615759261e-01 7.3112635687e-01 0 0
1905 4.5721610749e+02 6.2195304787e+02 5.9899379170e+02 9.2613001922e+02 1.1666029745e+03 3.4182813293e-01 3.6094478169e-01 3.5788116717e-01 3.9979719737e-01 4.4563815766e-01 2.3488392358e-01 8.6430237070e-01 1.3380765617e+00 1.1572671800e-01 4.9503188767e-01 7.1410523728e-01 0 0
1906 4.3923250021e+02 6.3934605262e+02 6.0475126602e+02 9.0419819453e+02 1.1467165081e+03 3.4163164372e-01 3.6072029096e-01 3.5765836988e-01 3.9979953433e-01 4.4578400625e-01 2.2365436144e-01 9.1394767910e-01 1.2573571503e+00 1.1574898300e-01 4.9649574235e-01 6.8990100920e-01 0 0
1907 4.4775801967e+02 6.0448668823e+02 6.3812204945e+02 8.6147453532e+02 1.0866899282e+03 3.4143013480e-01 3.6049779073e-01 3.5742426695e-01 3.9980628528e-01 4.4592509571e-01 1.9247377479e-01 9.7833932936e-01 1.4216279238e+00 1.0882128744e-01 4.9936342984e-01 7.1546167135e-01 0 0
1908 4.2860334437e+02 5.7241197467e+02 6.2275338718e+02 8.6884434739e+02 1.0695302707e+03 3.4123772253e-01 3.6028245642e-01 3.5719307031e-01 3.9981225431e-01 4.4606450535e-01 2.0925755462e-01 1.0676845014e+00 1.5170935318e+00 1.1093855305e-01 5.1467178762e-01 7.2474488243e-01 0 0
1909 4.1238044636e+02 5.9542996545e+02 6.4156203422e+02 8.6948393458e+02 1.0745302462e+03 3.4106662767e-01 3.6007782317e-01 3.5695930956e-01 3.9981712254e-01 4.4620749044e-01 2.5957500256e-01 8.9734731615e-01 1.6197991520e+00 1.1658407805e-01 4.9172968231e-01 7.5547949597e-01 0 0
1910 4.1466533407e+02 5.9868193768e+02 6.2342057934e+02 8.8032969676e+02 1.1285212670e+03 3.4088162699e-01 3.5986021658e-01 3.5672932998e-01 3.9982615562e-01 4.4635128968e-01 2.4736537703e-01 8.4343720973e-01 1.3966751918e+00 1.1850595855e-01 4.6968068555e-01 7.0735967904e-01 0 0
1911 4.4045366493e+02 6.2031257242e+02 6.2417916098e+02 8.6794178232e+02 1.1090844197e+03 3.4069280203e-01 3.5963657310e-01 3.5648444146e-01 3.9983640616e-01 4.4649145137e-01 2.0649227415e-01 1.1648798361e+00 1.3545247912e+00 1.0944779146e-01 5.2413637936e-01 6.8883462623e-01 0 0
1912 4.6188027227e+02 6.4366598966e+02 6.0365990529e+02 8.5187477073e+02 1.0816114136e+03 3.4050857751e-01 3.5941785741e-01 3.5624491294e-01 3.9984730620e-01 4.4663777996e-01 2.4336744870e-01 1.1217411458e+00 1.3781481683e+00 1.1711178081e-01 5.2913245186e-01 7.0367325470e-01 0 0
1913 4.6052104639e+02 6.1574357995e+02 6.0221832108e+02 8.6559607352e+02 1.1164230829e+03 3.4031364224e-01 3.5919500416e-01 3.5600236890e-01 3.9985918899e-01 4.4678359514e-01 2.2214895425e-01 8.7082742155e-01 1.2856759354e+00 1.1485351318e-01 4.7474221513e-01 6.7608996108e-01 0 0
1914 4.3537018938e+02 6.1466108548e+02 6.1369261443e+02 8.8123663110e+02 1.0992173352e+03 3.4011695627e-01 3.5895456623e-01 3.5575861259e-01 3.9986980906e-01 4.4693436453e-01 2.1215627898e-01 1.1293293238e+00 1.1439340562e+00 1.1287009363e-01 5.0930907950e-01 6.5243247896e-01 0 0
1915 4.3434191365e+02 5.9389600836e+02 6.0516575725e+02 8.8490589189e+02 1.0543852474e+03 3.3990780140e-01 3.5871569606e-01 3.5554156729e-01 3.9988176021e-01 4.4709037492e-01 1.9671111136e-01 1.1368701085e+00 1.0157098547e+00 1.1184785031e-01 5.4337347299e-01 6.3327975199e-01 0 0
1916 4.1201197028e+02 5.8072707660e+02 5.9704899296e+02 8.9459219061e+02 1.0427396607e+03 3.3970533767e-01 3.5849173782e-01 3.5532270343e-01 3.9989460547e-01 4.4724468909e-01 1.9777529768e-01 8.0340481922e-01 9.8341252655e-01 1.1014362736e-01 4.6276886389e-01 6.1704645306e-01 0 0
1917 4.2845722886e+02 5.7446619243e+02 5.9357600082e+02 8.5126541836e+02 1.0405444488e+03 3.3949787566e-01 3.5830122755e-01 3.5509775571e-01 3.9990563324e-01 4.4738373921e-01 1.9847153770e-01 8.6033174396e-01 1.3137081861e+00 1.1189878187e-01 4.7570363432e-01 6.7118538544e-01 0 0
1918 4.2310515479e+02 5.9117938268e+02 5.8332160405e+02 8.7291046935e+02 1.0409026131e+03 3.3927750269e-01 3.5809643124e-01 3.5488103860e-01 3.9991589722e-01 4.4751680528e-01 1.7010350391e-01 7.8493509442e-01 1.8917622641e+00 1.0622522282e-01 4.6085220948e-01 7.8737337142e-01 0 0
1919 4.2571833000e+02 5.7599207894e+02 5.9570336578e+02 9.6915607618e+02 1.0679616098e+03 3.3907942292e-01 3.5787887221e-01 3.5466551200e-01 3.9992972003e-01 4.4766609562e-01 2.1252742946e-01 6.8066816777e-01 1.2876583710e+00 1.1267168361e-01 4.3709102646e-01 6.8772122636e-01 0 0
1920 4.3334372649e+02 5.8607169463e+02 5.9150330198e+02 9.3739489411e+02 1.0468544550e+03 3.3887806831e-01 3.5766602400e-01 3.5446021136e-01 3.9994440750e-01 4.4780959695e-01 2.5979852357e-01 7.6252159849e-01 1.3043086901e+00 1.2577577237e-01 4.5148506016e-01 6.7178208381e-01 0 0
1921 4.1948826159e+02 5.7556317529e+02 6.0269338183e+02 9.2472688536e+02 9.9277068097e+02 3.3865299090e-01 3.5745716159e-01 3.5423408068e-01 3.9995759268e-01 4.4794254905e-01 1.7508258246e-01 9.5343342423e-01 1.5035340562e+00 1.0885498118e-01 4.7945610061e-01 6.8911984190e-01 0 0
1922 4.3183385269e+02 5.7458185883e+02 5.9160927245e+02 9.5653590497e+02 1.0868829284e+03 3.3843570815e-01 3.5726006363e-01 3.5399782236e-01 3.9996955978e-01 4.4808275484e-01 1.5739447849e-01 1.0122231320e+00 1.5073916018e+00 1.0149220350e-01 4.8883751035e-01 7.0269851014e-01 0 0
1923 4.8190004018e+02 5.8479921768e+02 5.9251621813e+02 8.4292252016e+02 1.0538316991e+03 3.3823200331e-01 3.5705147360e-01 3.5375644646e-01 3.9998115958e-01 4.4823972348e-01 1.9186935902e-01 1.0501620844e+00 1.1910210103e+00 1.0828439484e-01 4.9025800452e-01 6.5708557889e-01 0 0
1924 4.9043569661e+02 5.9947513501e+02 5.8488527187e+02 8.4038625792e+02 1.0084060752e+03 3.3804051451e-01 3.5682457926e-01 3.5353368854e-01 3.9999389701e-01 4.4839322814e-01 2.3078267495e-01 8.7854960933e-01 1.0935135931e+00 1.1528824426e-01 4.5764616691e-01 6.2516051158e-01 0 0
1925 4.6610344073e+02 5.7293182404e+02 5.7432264451e+02 9.2411542163e+02 1.0973191195e+03 3.3784853292e-01 3.5659331899e-01 3.5331553850e-01 4.0000835782e-01 4.4855325990e-01 2.3423890404e-01 9.2718884721e-01 1.0454134867e+00 1.1654526689e-01 4.5755980909e-01 6.1966104805e-01 0 0
1926 4.2808372042e+02 5.7068656568e+02 5.8423748382e+02 9.4176095029e+02 1.1417601543e+03 3.3763987509e-01 3.5636978118e-01 3.5309513695e-01 4.0002613695e-01 4.4871056202e-01 1.9333917890e-01 9.6350783855e-01 1.0344415382e+00 1.1003945459e-01 4.6973452158e-01 6.0778279975e-01 0 0
1927 4.1520357198e+02 5.6907608784e+02 5.8024202924e+02 9.1902308867e+02 1.1966086453e+03 3.3743233482e-01 3.5616862500e-01 3.5287479040e-01 4.0004479649e-01 4.4886871975e-01 1.7865828725e-01 9.5009002090e-01 1.0289570466e+00 1.0562617972e-01 4.6897547320e-01 6.0629286245e-01 0 0
1928 4.1917636173e+02 5.7160150564e+02 5.8295577662e+02 8.9097306357e+02 1.3082571422e+03 3.3722965168e-01 3.5597917550e-01 3.5265666631e-01 4.0006402063e-01 4.4901614171e-01 1.8975977092e-01 7.8878935426e-01 1.2314985469e+00 1.0784817445e-01 4.4296769239e-01 6.4231086150e-01 0 0
1929 4.1563702542e+02 5.6972679856e+02 5.7616490695e+02 8.8295905200e+02 1.2035944084e+03 3.3702245144e-01 3.5577658659e-01 3.5244054401e-01 4.0008431033e-01 4.4916192267e-01 1.8943561489e-01 6.8163964525e-01 1.3682778701e+00 1.0856982341e-01 4.1399533860e-01 6.7647235096e-01 0 0
1930 4.0953094869e+02 5.7248321482e+02 5.8143026774e+02 8.4242918842e+02 1.0786977102e+03 3.3681478690e-01 3.5556904836e-01 3.5221642475e-01 4.0010755313e-01 4.4931449189e-01 1.7324132030e-01 7.7313828468e-01 1.1219940558e+00 1.0443204792e-01 4.2576511204e-01 6.3080292195e-01 0 0
1931 4.1595656858e+02 5.5294786712e+02 5.6760687320e+02 8.6586134860e+02 1.0433153886e+03 3.3660809195e-01 3.5537043883e-01 3.5199298554e-01 4.0012930266e-01 4.4946964664e-01 1.7808705960e-01 8.0350172147e-01 9.5529126003e-01 1.0528807050e-01 4.2452958599e-01 5.8429508656e-01 0 0
1932 4.1473825119e+02 5.6136741534e+02 5.7117209534e+02 8.3086600153e+02 1.0150392850e+03 3.3641013988e-01 3.5517270808e-01 3.5178284092e-01 4.0014789273e-01 4.4961198569e-01 2.0786190720e-01 8.5570837930e-01 1.2163611352e+00 1.1100653367e-01 4.3506697565e-01 6.2962557003e-01 0 0
1933 4.1041984370e+02 5.5211123200e+02 5.7476041204e+02 8.5776388068e+02 9.9523395491e+02 3.3622750490e-01 3.5496746140e-01 3.5157390071e-01 4.0016737906e-01 4.4975116609e-01 2.6134859098e-01 7.7351560816e-01 1.3544194624e+00 1.1987274130e-01 4.2094865628e-01 6.5779236332e-01 0 0
1934 4.1459455746e+02 5.4378212549e+02 6.1495040450e+02 8.2045326649e+02 1.0173889989e+03 3.3604531692e-01 3.5477373830e-01 3.5137239622e-01 4.0018847182e-01 4.4988516845e-01 2.8079360761e-01 8.2818229124e-01 1.4871791303e+00 1.2393319332e-01 4.2024107464e-01 6.7611617222e-01 0 0
1935 4.1643505827e+02 5.5802360501e+02 5.5822623662e+02 7.9263078574e+02 1.0339448728e+03 3.3584265688e-01 3.5457390756e-01 3.5118068674e-01 4.0021042787e-01 4.5002588028e-01 2.4248651787e-01 9.5667141676e-01 1.3659313843e+00 1.2107060087e-01 4.4479006343e-01 6.5975485370e-01 0 0
1936 4.1731011408e+02 5.4740738372e+02 5.6216353826e+02 8.5701516906e+02 1.0009030298e+03 3.3562280172e-01 3.5438840237e-01 3.5098735325e-01 4.0023074875e-01 4.5016746671e-01 1.7123405602e-01 8.6824880913e-01 1.1231304035e+00 1.0609395050e-01 4.2260609753e-01 5.9736781940e-01 0 0
1937 4.2694861503e+02 5.4678975050e+02 5.7057134195e+02 8.0225475225e+02 1.0032268251e+03 3.3540905191e-01 3.5420272063e-01 3.5078625151e-01 4.0024809187e-01 4.5031045995e-01 1.7556448726e-01 9.7208927572e-01 1.0363748446e+00 1.0556763326e-01 4.4580764882e-01 5.7988816500e-01 0 0
1938 4.2205906842e+02 5.6042419760e+02 6.1634829338e+02 8.0465248710e+02 1.0318198728e+03 3.3519678666e-01 3.5399942474e-01 3.5058648426e-01 4.0026713686e-01 4.5045310957e-01 2.0648120894e-01 7.2960152104e-01 1.0005530193e+00 1.1429790646e-01 4.0642888099e-01 5.6782679260e-01 0 0
1939 4.4537721193e+02 5.5828000367e+02 6.4442733784e+02 8.4463342640e+02 1.0239536122e+03 3.3496095129e-01 3.5379862375e-01 3.5038956012e-01 4.0029059974e-01 4.5059330090e-01 1.7633843895e-01 6.6142234579e-01 1.0111588389e+00 1.1141017718e-01 3.8686626405e-01 5.6073268503e-01 0 0
1940 4.2842413468e+02 5.3326936791e+02 6.2227671698e+02 8.3232903650e+02 1.0132560449e+03 3.3471604064e-01 3.5360254238e-01 3.5020576581e-01 4.0031512148e-01 4.5072620653e-01 1.5711473364e-01 6.9266653433e-01 1.3313724175e+00 1.0709164186e-01 3.9686677046e-01 6.2087704241e-01 0 0
1941 4.3421936369e+02 5.4898124399e+02 6.0306475088e+02 8.0190152918e+02 9.7219918227e+02 3.3447892314e-01 3.5341402072e-01 3.5001000938e-01 4.0033895394e-01 4.5086289205e-01 1.6519948874e-01 6.4182547852e-01 1.3407950699e+00 1.0796625682e-01 3.8386290334e-01 6.2825164199e-01 0 0
1942 4.3121841579e+02 5.5286009193e+02 5.5405857655e+02 8.2466731929e+02 9.8326687629e+02 3.3425324738e-01 3.5322691080e-01 3.4981640420e-01 4.0036091105e-01 4.5100259040e-01 1.8184975165e-01 7.6666301116e-01 1.1511617601e+00 1.1065883679e-01 4.0465432033e-01 5.8915172145e-01 0 0
1943 4.2148694455e+02 5.6716358421e+02 5.5066073948e+02 8.1177363686e+02 1.0054951517e+03 3.3404384550e-01 3.5305281170e-01 3.4962973794e-01 4.0038529893e-01 4.5112903317e-01 2.1306546484e-01 7.2946345434e-01 1.3377506137e+00 1.1541565096e-01 4.0157425776e-01 6.0677699372e-01 0 0
1944 4.1832111596e+02 5.5978676186e+02 5.4379249834e+02 7.8847209843e+02 1.0366187824e+03 3.3384872065e-01 3.5287306403e-01 3.4946067196e-01 4.0041475479e-01 4.5126517346e-01 2.6196774191e-01 7.0404602215e-01 1.2159415483e+00 1.2357813088e-01 3.8943828270e-01 5.9958024323e-01 0 0
1945 4.2621805692e+02 5.2008875444e+02 5.4618566555e+02 8.0867321892e+02 9.8019175420e+02 3.3364800693e-01 3.5270407831e-01 3.4928568501e-01 4.0044342993e-01 4.5140235513e-01 2.5798255077e-01 9.2007358000e-01 9.9789692089e-01 1.2430829508e-01 4.2453387007e-01 5.4121737927e-01 0 0
1946 4.3413824138e+02 5.1865131591e+02 5.7426501939e+02 7.8998674831e+02 9.9350072345e+02 3.3342454764e-01 3.5253899337e-01 3.4909621445e-01 4.0047094909e-01 4.5153871574e-01 1.9688275136e-01 9.4410027564e-01 1.0261980891e+00 1.1449404120e-01 4.3370497786e-01 5.4829790071e-01 0 0
1947 4.3677770742e+02 5.5057733903e+02 6.0219278994e+02 7.9356033167e+02 9.7895508707e+02 3.3319820047e-01 3.5236564400e-01 3.4891190194e-01 4.0049788445e-01 4.5167520474e-01 1.8268013468e-01 8.6982905865e-01 9.5076089725e-01 1.1119522705e-01 4.1471681371e-01 5.3035562485e-01 0 0
1948 4.3514708555e+02 5.5588094499e+02 6.2425896069e+02 8.2033179263e+02 9.5149037699e+02 3.3297878178e-01 3.5218770647e-01 3.4872958114e-01 4.0052917225e-01 4.5179591495e-01 1.9498859719e-01 8.2342164218e-01 1.2279774398e+00 1.1325214462e-01 4.1792827100e-01 5.6501369551e-01 0 0
1949 4.2904211625e+02 5.7931244269e+02 5.9917195466e+02 8.1037464330e+02 9.3026182470e+02 3.3276254397e-01 3.5200846206e-01 3.4853809137e-01 4.0056128117e-01 4.5192370341e-01 2.0788678691e-01 6.4907266572e-01 1.1647391394e+00 1.1619942935e-01 3.7518220395e-01 5.6630275026e-01 0 0
1950 4.3746669991e+02 5.9288083752e+02 5.6250769439e+02 8.1329065376e+02 9.6637531529e+02 3.3255448452e-01 3.5183348330e-01 3.4835592089e-01 4.0059020423e-01 4.5205112277e-01 2.3560391725e-01 7.5984801725e-01 1.0095053166e+00 1.2129138125e-01 3.9735459350e-01 5.2793203667e-01 0 0
1951 4.3519376349e+02 5.5683859309e+02 5.4843803775e+02 8.0641110793e+02 9.2469620011e+02 3.3233769879e-01 3.5166077583e-01 3.4816691823e-01 4.0062016059e-01 4.5216845379e-01 2.3960349077e-01 8.0107326806e-01 1.2576577812e+00 1.2471899657e-01 4.1164991446e-01 5.6321459264e-01 0 0
1952 4.3968998687e+02 5.4657967740e+02 5.3622188155e+02 8.0499883540e+02 9.3346930185e+02 3.3210670137e-01 3.5148002215e-01 3.4798098747e-01 4.0065115154e-01 4.5230046601e-01 2.0261038090e-01 6.1134953424e-01 1.1439759731e+00 1.1849802377e-01 3.7164657004e-01 5.6825815514e-01 0 0
1953 4.3629842579e+02 5.3828445663e+02 5.2911574230e+02 8.6519809870e+02 9.7662211218e+02 3.3187990255e-01 3.5131631727e-01 3.4781893721e-01 4.0067992362e-01 4.5243522399e-01 2.0765647446e-01 6.0988038406e-01 8.6605635658e-01 1.1883629530e-01 3.6283386685e-01 5.0327561423e-01 0 0
1954 4.4192786665e+02 5.3534959372e+02 5.4601874395e+02 9.0523660581e+02 9.7207751106e+02 3.3165278533e-01 3.5115102400e-01 3.4764842670e-01 4.0071038323e-01 4.5256698845e-01 2.3278166453e-01 7.7913260460e-01 9.4930663705e-01 1.2551274097e-01 3.9282964915e-01 5.1820702106e-01 0 0
1955 4.3669746484e+02 5.4573468256e+02 5.5728168371e+02 8.3945760018e+02 9.4429156647e+02 3.3141270755e-01 3.5098748912e-01 3.4746769724e-01 4.0074444210e-01 4.5270398841e-01 2.0220939007e-01 9.0740257874e-01 9.4374164939e-01 1.2054793451e-01 4.2717609368e-01 5.1921128109e-01 0 0
1956 4.3754793239e+02 5.5775386597e+02 5.4094870367e+02 7.9124853870e+02 9.6971458430e+02 3.3118739144e-01 3.5083209688e-01 3.4727844705e-01 4.0077991206e-01 4.5282936311e-01 2.0845536279e-01 6.6069435701e-01 1.0687454119e+00 1.1865484461e-01 3.8869339600e-01 5.2760915086e-01 0 0
1957 4.4218188359e+02 5.4200403596e+02 5.3510746584e+02 7.9312101063e+02 9.6635701219e+02 3.3097275358e-01 3.5066177501e-01 3.4710552430e-01 4.0081355885e-01 4.5295886432e-01 2.5996233517e-01 6.7442252487e-01 1.1379916519e+00 1.2900995017e-01 3.8476559520e-01 5.5454205722e-01 0 0
1958 4.5037900692e+02 5.4201934352e+02 5.5811300379e+02 8.1325979859e+02 9.2645115899e+02 3.3074658547e-01 3.5048521138e-01 3.4692912069e-01 4.0084876421e-01 4.5309604297e-01 2.6511880924e-01 8.1341795251e-01 8.8890790567e-01 1.3374715444e-01 4.1812836938e-01 5.0384065881e-01 0 0
1959 4.4627153661e+02 5.3631197194e+02 5.4114355189e+02 8.4119071114e+02 9.4096659080e+02 3.3051495537e-01 3.5031492396e-01 3.4673851321e-01 4.0088223690e-01 4.5323474289e-01 2.6127102247e-01 7.6516299322e-01 8.5394654423e-01 1.3432868946e-01 4.0179743990e-01 4.9154333957e-01 0 0
1960 4.5264197994e+02 5.3968176387e+02 5.2609531575e+02 8.2943926842e+02 9.6561926374e+02 3.3026463870e-01 3.5015714197e-01 3.4655628780e-01 4.0091248520e-01 4.5337224780e-01 2.2775666737e-01 9.7585697472e-01 9.2558947951e-01 1.3018399247e-01 4.4417802058e-01 5.0327835232e-01 0 0
1961 4.5381562571e+02 5.2590026978e+02 5.2779730958e+02 8.0019864721e+02 9.3352356692e+02 3.2999719669e-01 3.4999132851e-01 3.4637903064e-01 4.0094418187e-01 4.5351293187e-01 1.7335696630e-01 8.1020616740e-01 8.4915087000e-01 1.1773905103e-01 4.2195341550e-01 4.8771858960e-01 0 0
1962 4.5338297663e+02 5.1898678331e+02 5.3220314496e+02 7.9851741528e+02 9.7439769858e+02 3.2973706457e-01 3.4983634442e-01 3.4619322732e-01 4.0097758064e-01 4.5364631792e-01 1.7549349139e-01 8.0504662544e-01 8.7361311540e-01 1.1670214610e-01 4.1530441493e-01 4.8948473483e-01 0 0
1963 4.5753721038e+02 5.4865904713e+02 5.4065931972e+02 8.3306636140e+02 1.0469522434e+03 3.2949903544e-01 3.4967814074e-01 3.4600616837e-01 4.0101309488e-01 4.5377380129e-01 2.2997709541e-01 8.7842003256e-01 9.8175413907e-01 1.2771039107e-01 4.3286132254e-01 5.1171995699e-01 0 0
1964 4.5601488868e+02 5.5089004688e+02 5.2351811693e+02 8.1281924497e+02 1.0347497282e+03 3.2927041066e-01 3.4950526767e-01 3.4581361667e-01 4.0104697474e-01 4.5390398358e-01 2.8625881351e-01 8.7797820941e-01 9.8382865638e-01 1.3979026211e-01 4.2674633116e-01 5.0875523314e-01 0 0
1965 4.5683474949e+02 5.3828680785e+02 5.4081093623e+02 8.1304108906e+02 9.2592781171e+02 3.2905330420e-01 3.4934168117e-01 3.4562875227e-01 4.0108195303e-01 4.5403128755e-01 3.4730227167e-01 9.3066680059e-01 1.1173121408e+00 1.5038381931e-01 4.4663434662e-01 5.3540499881e-01 0 0
1966 4.6991819098e+02 5.3694261798e+02 5.4153999160e+02 8.0400715171e+02 9.2861358352e+02 3.2880435394e-01 3.4916642208e-01 3.4543777342e-01 4.0112119014e-01 4.5416261276e-01 2.7915028090e-01 6.8519785628e-01 9.2465930805e-01 1.4459676583e-01 3.9539705962e-01 5.0039762259e-01 0 0
1967 4.7703632536e+02 5.6241746617e+02 5.3546947859e+02 8.0286813986e+02 9.1231881763e+02 3.2854770313e-01 3.4898483821e-01 3.4525947130e-01 4.0116233897e-01 4.5428557728e-01 2.2343005933e-01 6.0659310967e-01 9.3578252941e-01 1.3141677217e-01 3.6878692172e-01 4.8748784699e-01 0 0
1968 5.2239227008e+02 5.4140358675e+02 5.3144772791e+02 7.9226778932e+02 9.1515162678e+02 3.2830551690e-01 3.4879448589e-01 3.4509589639e-01 4.0120331697e-01 4.5440379576e-01 2.4101176197e-01 6.8552141264e-01 1.2771610841e+00 1.3277289005e-01 3.9093189873e-01 5.5422312394e-01 0 0
1969 5.4353981732e+02 5.4512985838e+02 5.3272111020e+02 7.7995116033e+02 9.8504086210e+02 3.2807026626e-01 3.4861361078e-01 3.4491384977e-01 4.0124375363e-01 4.5453466958e-01 2.7684024579e-01 7.1294466406e-01 1.1701847687e+00 1.4000062366e-01 3.9283766970e-01 5.5462164432e-01 0 0
1970 5.2800543933e+02 5.6289305712e+02 5.3573853814e+02 7.8332971187e+02 9.5267242534e+02 3.2783718184e-01 3.4843603569e-01 3.4473147605e-01 4.0128548496e-01 4.5468038208e-01 2.7095092274e-01 7.7313116565e-01 8.3884643763e-01 1.3798475793e-01 4.0566950850e-01 4.9426804855e-01 0 0
1971 4.9063679722e+02 5.5104735504e+02 5.5612158630e+02 7.8130403813e+02 8.9522584441e+02 3.2760358912e-01 3.4825059167e-01 3.4454067494e-01 4.0132762516e-01 4.5482383246e-01 2.9401385804e-01 7.3870622367e-01 8.5343776643e-01 1.4421336925e-01 3.9682838134e-01 4.9322894961e-01 0 0
1972 4.6794484883e+02 5.4476511567e+02 5.6744371968e+02 7.7932859726e+02 9.3569886983e+02 3.2734458020e-01 3.4807164395e-01 3.4436171397e-01 4.0136609854e-01 4.5495267536e-01 2.3033367932e-01 9.0124203265e-01 1.0493478701e+00 1.3409312685e-01 4.2027266696e-01 5.2488528565e-01 0 0
1973 4.6496317907e+02 5.5716506194e+02 5.3961754396e+02 7.9078114071e+02 9.0368153268e+02 3.2710625695e-01 3.4789953487e-01 3.4418798149e-01 4.0140965536e-01 4.5508314124e-01 2.4563989452e-01 8.8322988153e-01 1.0796382427e+00 1.3277414721e-01 4.3313004822e-01 5.3900479525e-01 0 0
1974 4.6171372511e+02 5.3295036706e+02 5.3061585681e+02 7.9257385303e+02 9.0164031077e+02 3.2689632688e-01 3.4772294399e-01 3.4399683732e-01 4.0145464534e-01 4.5520791666e-01 3.6981207982e-01 7.9779498279e-01 1.1523569673e+00 1.5281046254e-01 4.0618922748e-01 5.4097779840e-01 0 0
1975 4.7403446763e+02 5.3478663970e+02 5.4379588887e+02 7.9996667899e+02 9.2792887658e+02 3.2665780294e-01 3.4755764065e-01 3.4380560258e-01 4.0149938561e-01 4.5534511927e-01 2.9725139051e-01 8.8963451609e-01 1.1139371172e+00 1.4622474517e-01 4.2638402246e-01 5.5717849731e-01 0 0
1976 4.6554088594e+02 5.2355572172e+02 5.5972108009e+02 7.9270285259e+02 9.2217684042e+02 3.2640933094e-01 3.4738202349e-01 3.4363076216e-01 4.0154505140e-01 4.5548054969e-01 2.2766375663e-01 8.4336362407e-01 9.5358981565e-01 1.3111003901e-01 4.2066224292e-01 5.1507239044e-01 0 0
1977 4.6014177559e+02 5.4260854329e+02 5.4596989386e+02 8.1500521471e+02 8.9197705268e+02 3.2616735330e-01 3.4720069065e-01 3.4346423381e-01 4.0159303298e-01 4.5561027970e-01 2.2065153284e-01 8.0000675842e-01 1.0741466135e+00 1.2712566278e-01 4.1787864640e-01 5.3295138106e-01 0 0
1978 4.6299891378e+02 5.6228601485e+02 5.2485810582e+02 7.9347967838e+02 9.1610445638e+02 3.2591500203e-01 3.4702090428e-01 3.4328985384e-01 4.0163854222e-01 4.5573814276e-01 1.9806647243e-01 7.8467157856e-01 1.2438208535e+00 1.2318723087e-01 4.1166901775e-01 5.6519301236e-01 0 0
1979 4.5300231613e+02 5.8430369886e+02 5.3773663396e+02 8.1733243696e+02 9.1170221975e+02 3.2566264753e-01 3.4686108706e-01 3.4311052854e-01 4.0168194299e-01 4.5587959124e-01 1.7935642360e-01 8.3824392408e-01 9.8445111513e-01 1.1725420291e-01 4.2356490344e-01 5.2759049088e-01 0 0
1980 4.4907600389e+02 5.3724950558e+02 5.7523006267e+02 8.1496775243e+02 8.8796762328e+02 3.2541729515e-01 3.4670296246e-01 3.4293737951e-01 4.0172918466e-01 4.5602367890e-01 1.8808597815e-01 7.3676615581e-01 7.8297578171e-01 1.1838780756e-01 4.0812475607e-01 4.7278050147e-01 0 0
1981 4.7401707702e+02 5.2235497389e+02 5.7802673489e+02 8.3698357212e+02 8.9517491308e+02 3.2516263252e-01 3.4653531774e-01 3.4276888940e-01 4.0177874641e-01 4.5615128812e-01 1.8268935110e-01 6.9996061176e-01 9.8501246423e-01 1.1909740749e-01 4.0207434632e-01 4.9655524828e-01 0 0
1982 5.3185367059e+02 5.6514292993e+02 5.5869966216e+02 8.4563729666e+02 9.2609300289e+02 3.2491879258e-01 3.4636790495e-01 3.4259088871e-01 4.0182724764e-01 4.5628679732e-01 1.7959854795e-01 7.5560513884e-01 1.0851280987e+00 1.1523278022e-01 4.1542756557e-01 5.3847620636e-01 0 0
1983 5.9386026011e+02 5.8758533955e+02 5.3368005982e+02 8.9076368219e+02 9.3096989076e+02 3.2471296327e-01 3.4621355804e-01 3.4240032357e-01 4.0187695833e-01 4.5643514394e-01 2.5021962478e-01 7.8926097974e-01 8.2010958716e-01 1.2521810891e-01 4.2786627822e-01 4.8715345375e-01 0 0
1984 5.2155764951e+02 5.4148436035e+02 5.3855428580e+02 8.6573621127e+02 9.3982182487e+02 3.2449382500e-01 3.4604726185e-01 3.4220542590e-01 4.0192464030e-01 4.5657485716e-01 2.8839061179e-01 9.7376571223e-01 8.8280117884e-01 1.3882448568e-01 4.5861071348e-01 4.8524751700e-01 0 0
1985 4.6997270517e+02 5.3375799174e+02 5.4678206353e+02 8.1621619379e+02 9.4124289506e+02 3.2425014771e-01 3.4587106854e-01 3.4203379667e-01 4.0197517498e-01 4.5671637809e-01 1.8670627667e-01 1.0075961798e+00 9.0570275858e-01 1.1747799054e-01 4.7158426791e-01 4.9431859888e-01 0 0
1986 4.5870411272e+02 5.2911884298e+02 5.5595309492e+02 8.4284996441e+02 9.3393876941e+02 3.2401967993e-01 3.4569084651e-01 3.4185813302e-01 4.0202818095e-01 4.5684966430e-01 1.9754206754e-01 9.4354507700e-01 1.0341025963e+00 1.1755704161e-01 4.6119509451e-01 5.1576965302e-01 0 0
1987 4.5463606225e+02 5.3567854166e+02 5.3072874428e+02 9.1881101838e+02 8.9466729151e+02 3.2379722556e-01 3.4553523802e-01 3.4167101807e-01 4.0208016929e-01 4.5698588213e-01 2.3047442893e-01 8.9605629072e-01 1.0744296983e+00 1.2475608273e-01 4.4340119883e-01 5.2775520459e-01 0 0
1988 4.4474810491e+02 5.3702231681e+02 5.4016392188e+02 8.9960456591e+02 8.9425960996e+02 3.2356955561e-01 3.4536994503e-01 3.4148944635e-01 4.0213091713e-01 4.5712391421e-01 2.2080279052e-01 9.6271959320e-01 1.0358800814e+00 1.2350727854e-01 4.5169413835e-01 5.1924539357e-01 0 0
1989 4.4404885213e+02 5.3012038727e+02 5.4235605809e+02 8.5378729787e+02 8.9975604333e+02 3.2334406318e-01 3.4519277885e-01 3.4130974003e-01 4.0218725121e-01 4.5725707269e-01 2.0179795774e-01 8.1864894554e-01 1.1258365288e+00 1.1750799094e-01 4.3591404334e-01 5.3074494377e-01 0 0
1990 4.4365972154e+02 5.5028205836e+02 5.4561018021e+02 8.4028603761e+02 9.4525859557e+02 3.2312881210e-01 3.4502766512e-01 3.4113577650e-01 4.0224817621e-01 4.5739410699e-01 1.9820355542e-01 6.5019597858e-01 1.1442408264e+00 1.1358565588e-01 4.0212070756e-01 5.4328139126e-01 0 0
1991 4.2206612226e+02 5.6328431431e+02 5.4400066062e+02 8.5451023985e+02 9.3367744029e+02 3.2294060936e-01 3.4484673143e-01 3.4094363002e-01 4.0231191424e-01 4.5754130698e-01 2.7301599597e-01 6.0030160844e-01 9.4695504755e-01 1.2448554663e-01 3.8798069023e-01 5.1547481865e-01 0 0
1992 4.2856726312e+02 5.5394578932e+02 5.5076699361e+02 8.7155339050e+02 9.6525696061e+02 3.2274572654e-01 3.4466901479e-01 3.4075480631e-01 4.0237903503e-01 4.5768675237e-01 3.4471213331e-01 6.3866157457e-01 8.9600600302e-01 1.4237409581e-01 4.0000681952e-01 4.9907155521e-01 0 0
1993 4.5967473576e+02 5.3954706120e+02 5.5155391282e+02 1.0016896663e+03 9.8235911840e+02 3.2251574114e-01 3.4448778103e-01 3.4057161331e-01 4.0244334966e-01 4.5782684226e-01 1.8856894102e-01 6.9341812655e-01 9.3415097147e-01 1.1445934772e-01 4.1173873097e-01 5.0331152603e-01 0 0
1994 5.1967675348e+02 5.3775351580e+02 5.6206205173e+02 1.0668336328e+03 9.5275206638e+02 3.2229747076e-01 3.4429925729e-01 3.4037415531e-01 4.0250197332e-01 4.5796261835e-01 1.7462822364e-01 8.8769639656e-01 1.0694800839e+00 1.0723382914e-01 4.4216754474e-01 5.3201409057e-01 0 0
1995 5.3662866537e+02 5.4948052172e+02 5.5189143520e+02 9.3595896678e+02 9.6746107803e+02 3.2210906121e-01 3.4412177242e-01 3.4018372267e-01 4.0256545841e-01 4.5810993817e-01 2.8176383123e-01 1.0279793516e+00 9.5609874278e-01 1.2647710892e-01 4.8527313210e-01 5.2413120493e-01 0 0
1996 4.8123874991e+02 5.6773156069e+02 5.5194664031e+02 8.5685358288e+02 9.1605021696e+02 3.2188858940e-01 3.4394282301e-01 3.3999798883e-01 4.0263969477e-01 4.5826160027e-01 2.4803837569e-01 7.0014635473e-01 9.2540465668e-01 1.2822700378e-01 4.2553305626e-01 5.1689321548e-01 0 0
1997 4.5069434172e+02 5.4409816440e+02 5.7673022289e+02 8.5320202033e+02 8.9789973689e+02 3.2166227827e-01 3.4377220159e-01 3.3981929085e-01 4.0271174498e-01 4.5840989438e-01 1.7889831502e-01 6.6510138288e-01 1.0372470990e+00 1.1049572344e-01 4.1636780091e-01 5.4173538089e-01 0 0
1998 4.4691216250e+02 5.4690049941e+02 5.7335942588e+02 8.2409833303e+02 9.0018216906e+02 3.2144742520e-01 3.4360160454e-01 3.3962154116e-01 4.0277621209e-01 4.5854783751e-01 2.0129215658e-01 8.3898955211e-01 1.2132713646e+00 1.1439513812e-01 4.4806309976e-01 5.6646317989e-01 0 0
1999 4.3360097976e+02 5.3348351076e+02 5.9092673509e+02 8.2996080480e+02 9.1107512039e+02 3.2121862973e-01 3.4343433925e-01 3.3942850320e-01 4.0283775792e-01 4.5868831585e-01 1.7174200272e-01 1.0845508948e+00 1.3790563568e+00 1.0906759339e-01 4.9373332597e-01 6.0678376630e-01 0 0
conv_iter_double=-1
conv_iter_p32q=-1
conv_iter_p32n=-1
conv_iter_p32q_loose_1e-6=1400
conv_iter_p32n_loose_1e-6=1524
