matrix=data/matrices/bcsstk37.mtx n=25503 seed=7
iter res_d res_f res_ffma res_p32q res_p32n solerr_d solerr_f solerr_ffma solerr_p32q solerr_p32n pAp_d pAp_p32q pAp_p32n rz_d rz_p32q rz_p32n guard_p32q guard_p32n
0 3.4989994278e+08 3.4989441471e+08 3.4989445154e+08 3.4990401366e+08 3.4589659913e+08 4.2258738382e+01 4.2258452303e+01 4.2258454369e+01 4.2258710702e+01 4.2254166637e+01 2.1457330850e+11 2.1457325261e+11 2.1447888077e+11 1.0680490338e+11 1.0680480563e+11 1.0674634752e+11 0 0
1 1.6710257027e+08 1.6709971479e+08 1.6709970837e+08 1.6710235576e+08 1.6565841578e+08 2.3315324227e+01 2.3315293147e+01 2.3315293249e+01 2.3315325102e+01 2.3315787788e+01 3.4723983290e+10 3.4723921920e+10 3.4716450816e+10 1.7604663276e+10 1.7604640768e+10 1.7596579840e+10 0 0
2 1.0097065198e+08 1.0096882168e+08 1.0096881104e+08 1.0097138985e+08 1.0007997389e+08 2.2792198946e+01 2.2792158896e+01 2.2792162127e+01 2.2792195361e+01 2.2790640933e+01 1.5488467954e+10 1.5488466944e+10 1.5477473280e+10 6.1153425250e+09 6.1153361920e+09 6.1102571520e+09 0 0
3 7.4247768057e+07 7.4245755081e+07 7.4245765927e+07 7.4247400114e+07 7.3703033839e+07 2.3633635440e+01 2.3633556374e+01 2.3633556036e+01 2.3633629044e+01 2.3630468347e+01 8.1603842353e+09 8.1603624960e+09 8.1524654080e+09 2.9760964366e+09 2.9760901120e+09 2.9729730560e+09 0 0
4 4.9444391439e+07 4.9443440186e+07 4.9443423898e+07 4.9444555862e+07 4.9175587300e+07 1.8883220250e+01 1.8883268105e+01 1.8883271527e+01 1.8883215331e+01 1.8884724360e+01 2.8741067145e+09 2.8741038080e+09 2.8709335040e+09 1.2276354030e+09 1.2276336640e+09 1.2261734400e+09 0 0
5 4.1135877098e+07 4.1135042911e+07 4.1135033122e+07 4.1135731368e+07 4.0925959564e+07 1.7052140286e+01 1.7052186632e+01 1.7052190484e+01 1.7052131213e+01 1.7053800257e+01 1.8257661317e+09 1.8257623040e+09 1.8234265600e+09 7.1993106868e+08 7.1992985600e+08 7.1895654400e+08 0 0
6 3.1439119784e+07 3.1438526677e+07 3.1438535215e+07 3.1439252434e+07 3.1293011097e+07 1.7116518699e+01 1.7116520863e+01 1.7116521273e+01 1.7116497414e+01 1.7116004663e+01 8.9726154820e+08 8.9726054400e+08 8.9597235200e+08 4.0781584466e+08 4.0781542400e+08 4.0720716800e+08 0 0
7 2.5060046515e+07 2.5059500730e+07 2.5059512781e+07 2.5060130048e+07 2.4945036818e+07 1.5637156697e+01 1.5637194220e+01 1.5637193077e+01 1.5637135336e+01 1.5637699551e+01 5.5235109664e+08 5.5235072000e+08 5.5150080000e+08 2.4999762648e+08 2.4999737600e+08 2.4960787200e+08 0 0
8 2.0890235699e+07 2.0889642566e+07 2.0889660235e+07 2.0890261775e+07 2.0810131005e+07 1.3673825208e+01 1.3673903596e+01 1.3673902881e+01 1.3673808179e+01 1.3675322096e+01 3.9940762169e+08 3.9940684800e+08 3.9877657600e+08 1.7362887249e+08 1.7362860800e+08 1.7335475200e+08 0 0
9 1.6316612218e+07 1.6316211250e+07 1.6316226160e+07 1.6316621518e+07 1.6271217580e+07 1.2662639105e+01 1.2662712395e+01 1.2662711132e+01 1.2662612610e+01 1.2663708157e+01 2.2879472766e+08 2.2879456000e+08 2.2843577600e+08 1.0838344740e+08 1.0838336000e+08 1.0821084800e+08 0 0
10 1.4441059976e+07 1.4440596567e+07 1.4440611090e+07 1.4441062445e+07 1.4400184583e+07 1.1968342367e+01 1.1968403862e+01 1.1968402611e+01 1.1968305328e+01 1.1968792630e+01 1.6897327300e+08 1.6897312000e+08 1.6869971200e+08 7.6244059807e+07 7.6244000000e+07 7.6118368000e+07 0 0
11 1.1871205172e+07 1.1870873687e+07 1.1870887114e+07 1.1871245382e+07 1.1841948993e+07 1.0630751722e+01 1.0630837409e+01 1.0630835125e+01 1.0630719926e+01 1.0631819789e+01 1.1753928926e+08 1.1753923200e+08 1.1734163200e+08 5.4821629543e+07 5.4821584000e+07 5.4728288000e+07 0 0
12 1.0569460044e+07 1.0569100804e+07 1.0569112312e+07 1.0569445260e+07 1.0539433829e+07 9.6101489914e+00 9.6102284111e+00 9.6102272139e+00 9.6101236719e+00 9.6111779600e+00 9.3822557564e+07 9.3822432000e+07 9.3662848000e+07 4.2015758634e+07 4.2015696000e+07 4.1942800000e+07 0 0
13 8.7001840387e+06 8.6998557889e+06 8.6998591637e+06 8.7001971175e+06 8.6759738985e+06 9.0402580197e+00 9.0403271440e+00 9.0403271270e+00 9.0402233065e+00 9.0408700154e+00 6.0901653401e+07 6.0901552000e+07 6.0792720000e+07 2.9853880908e+07 2.9853832000e+07 2.9800312000e+07 0 0
14 7.7690536254e+06 7.7687294500e+06 7.7687329593e+06 7.7690571598e+06 7.7480904344e+06 8.5358189179e+00 8.5358825511e+00 8.5358827335e+00 8.5357827370e+00 8.5362966383e+00 4.5807732765e+07 4.5807664000e+07 4.5725232000e+07 2.1767005079e+07 2.1766976000e+07 2.1727312000e+07 0 0
15 6.5597393175e+06 6.5594194962e+06 6.5594262102e+06 6.5597411227e+06 6.5412183838e+06 7.9658253714e+00 7.9658781124e+00 7.9658783563e+00 7.9658028027e+00 7.9663267317e+00 3.2880106728e+07 3.2880072000e+07 3.2819504000e+07 1.6522396821e+07 1.6522376000e+07 1.6491854000e+07 0 0
16 5.8450073927e+06 5.8446825314e+06 5.8446884518e+06 5.8450020462e+06 5.8318295075e+06 7.4987176464e+00 7.4987706309e+00 7.4987694910e+00 7.4986947751e+00 7.4991947742e+00 2.3503772501e+07 2.3503736000e+07 2.3460184000e+07 1.1977275283e+07 1.1977256000e+07 1.1955036000e+07 0 0
17 5.0466691928e+06 5.0463463891e+06 5.0463526227e+06 5.0466709453e+06 5.0346088595e+06 7.0255900904e+00 7.0256479350e+00 7.0256456370e+00 7.0255567118e+00 7.0260201479e+00 1.7067478806e+07 1.7067448000e+07 1.7035824000e+07 9.1763595222e+06 9.1763440000e+06 9.1592960000e+06 0 0
18 4.4714265122e+06 4.4711221933e+06 4.4711299326e+06 4.4714214333e+06 4.4613845599e+06 6.5828880341e+00 6.5829316248e+00 6.5829280950e+00 6.5828630004e+00 6.5833103615e+00 1.3420401617e+07 1.3420384000e+07 1.3395332000e+07 7.0653626942e+06 7.0653520000e+06 7.0521770000e+06 0 0
19 3.9798742727e+06 3.9795946914e+06 3.9796045721e+06 3.9798705539e+06 3.9735169121e+06 6.2605775997e+00 6.2605949654e+00 6.2605893357e+00 6.2605612758e+00 6.2608523053e+00 1.1385579216e+07 1.1385560000e+07 1.1364568000e+07 5.8483300381e+06 5.8483190000e+06 5.8374080000e+06 0 0
20 3.6659412132e+06 3.6656807252e+06 3.6656887346e+06 3.6659360178e+06 3.6596424822e+06 5.9976848531e+00 5.9976973208e+00 5.9976908847e+00 5.9976620247e+00 5.9979479974e+00 9.8065710368e+06 9.8065520000e+06 9.7879580000e+06 4.7987678135e+06 4.7987580000e+06 4.7896350000e+06 0 0
21 3.2902365108e+06 3.2899993358e+06 3.2900124031e+06 3.2902380455e+06 3.2842462595e+06 5.7253806919e+00 5.7253854713e+00 5.7253770962e+00 5.7253539996e+00 5.7256122658e+00 8.1165111671e+06 8.1164940000e+06 8.1010180000e+06 4.0413750655e+06 4.0413665000e+06 4.0336340000e+06 0 0
22 3.0616596945e+06 3.0614418243e+06 3.0614515858e+06 3.0616606807e+06 3.0564833943e+06 5.5111241230e+00 5.5111091462e+00 5.5110989284e+00 5.5111087066e+00 5.5112854387e+00 6.5976361003e+06 6.5976220000e+06 6.5849950000e+06 3.3453733927e+06 3.3453655000e+06 3.3388965000e+06 0 0
23 2.8281426818e+06 2.8279081454e+06 2.8279191765e+06 2.8281389562e+06 2.8235911993e+06 5.3337580004e+00 5.3337338804e+00 5.3337199932e+00 5.3337443364e+00 5.3338619768e+00 5.2647766230e+06 5.2647620000e+06 5.2544970000e+06 2.7900561432e+06 2.7900480000e+06 2.7845675000e+06 0 0
24 2.6053535854e+06 2.6051397219e+06 2.6051477720e+06 2.6053522347e+06 2.6005052075e+06 5.1760335895e+00 5.1760086475e+00 5.1759926199e+00 5.1760099544e+00 5.1761279551e+00 4.3036952231e+06 4.3036820000e+06 4.2951940000e+06 2.3140067986e+06 2.3139990000e+06 2.3094125000e+06 0 0
25 2.3957746820e+06 2.3955658751e+06 2.3955734256e+06 2.3957713736e+06 2.3912993846e+06 5.0712201673e+00 5.0711830403e+00 5.0711659694e+00 5.0712010312e+00 5.0712828648e+00 3.9393762591e+06 3.9393610000e+06 3.9316280000e+06 2.0354266517e+06 2.0354185000e+06 2.0313855000e+06 0 0
26 2.2308032094e+06 2.2305906255e+06 2.2306003799e+06 2.2307975726e+06 2.2267929522e+06 5.0053370296e+00 5.0052850594e+00 5.0052674117e+00 5.0053300449e+00 5.0053270771e+00 3.1747955184e+06 3.1747825000e+06 3.1686220000e+06 1.7097850072e+06 1.7097775000e+06 1.7063807500e+06 0 0
27 2.1645239760e+06 2.1643144187e+06 2.1643231394e+06 2.1645180136e+06 2.1606778537e+06 4.8822838639e+00 4.8822408165e+00 4.8822209945e+00 4.8822747496e+00 4.8823708634e+00 2.6950776650e+06 2.6950650000e+06 2.6899680000e+06 1.4882043562e+06 1.4881970000e+06 1.4852420000e+06 0 0
28 1.9356313075e+06 1.9354602302e+06 1.9354653093e+06 1.9356276302e+06 1.9323658702e+06 4.7701861585e+00 4.7701507151e+00 4.7701300908e+00 4.7701760499e+00 4.7702699228e+00 2.3849622798e+06 2.3849500000e+06 2.3809850000e+06 1.3041783513e+06 1.3041712500e+06 1.3016535000e+06 0 0
29 1.8737566161e+06 1.8735775862e+06 1.8735887795e+06 1.8737532429e+06 1.8703656433e+06 4.6879818553e+00 4.6879543641e+00 4.6879340734e+00 4.6879829347e+00 4.6881202162e+00 2.3332391043e+06 2.3332260000e+06 2.3300230000e+06 1.2037209297e+06 1.2037137500e+06 1.2015152500e+06 0 0
30 1.6571739311e+06 1.6570197965e+06 1.6570254918e+06 1.6571699235e+06 1.6540285008e+06 4.6062660308e+00 4.6062414823e+00 4.6062197092e+00 4.6062707267e+00 4.6063888596e+00 1.8769940161e+06 1.8769822500e+06 1.8757062500e+06 1.0167213947e+06 1.0167144375e+06 1.0150566250e+06 0 0
31 1.6561641524e+06 1.6560001867e+06 1.6560054898e+06 1.6561572124e+06 1.6534197941e+06 4.5336424689e+00 4.5336304499e+00 4.5336074666e+00 4.5336384112e+00 4.5338538158e+00 1.8812685805e+06 1.8812547500e+06 1.8815330000e+06 9.3615392975e+05 9.3614650000e+05 9.3502893750e+05 0 0
32 1.4699236523e+06 1.4697786481e+06 1.4697818139e+06 1.4699162434e+06 1.4676831644e+06 4.4788363787e+00 4.4788200988e+00 4.4787948860e+00 4.4788253487e+00 4.4789490088e+00 1.4652553672e+06 1.4652427500e+06 1.4663705000e+06 7.9338265594e+05 7.9337531250e+05 7.9247800000e+05 0 0
33 1.4373343269e+06 1.4371948072e+06 1.4371959472e+06 1.4373254451e+06 1.4355939505e+06 4.4275595021e+00 4.4275530937e+00 4.4275269444e+00 4.4275490160e+00 4.4278737905e+00 1.4177500190e+06 1.4177362500e+06 1.4220945000e+06 7.1668181467e+05 7.1667431250e+05 7.1664243750e+05 0 0
34 1.3272933473e+06 1.3271582705e+06 1.3271601470e+06 1.3272841359e+06 1.3239619100e+06 4.3768531208e+00 4.3768404499e+00 4.3768143596e+00 4.3768394248e+00 4.3770892759e+00 1.1002999970e+06 1.1002872500e+06 1.1060720000e+06 6.2310113131e+05 6.2309356250e+05 6.2311912500e+05 0 0
35 1.2462175032e+06 1.2460978752e+06 1.2461002418e+06 1.2462075793e+06 1.2445135037e+06 4.3430027729e+00 4.3430045855e+00 4.3429788003e+00 4.3429865329e+00 4.3436177065e+00 1.0107342452e+06 1.0107217500e+06 1.0354752500e+06 5.4778068392e+05 5.4777343750e+05 5.5126887500e+05 0 0
36 1.1681601372e+06 1.1679993197e+06 1.1680015641e+06 1.1681501887e+06 1.1635199718e+06 4.2994431684e+00 4.2994374736e+00 4.2994132221e+00 4.2994320059e+00 4.3009780600e+00 9.7864072998e+05 9.7862706250e+05 1.0155425625e+06 5.1111745904e+05 5.1110990625e+05 5.1739384375e+05 0 0
37 1.1013986322e+06 1.1013180697e+06 1.1013165225e+06 1.1013899517e+06 1.1053395810e+06 4.2490660235e+00 4.2490929088e+00 4.2490698144e+00 4.2490610931e+00 4.2515572007e+00 8.7583968869e+05 8.7582631250e+05 9.1877356250e+05 4.4471951446e+05 4.4471234375e+05 4.5312978125e+05 0 0
38 1.0244316448e+06 1.0243316583e+06 1.0243321381e+06 1.0244207775e+06 1.0229437112e+06 4.2004972312e+00 4.2005058411e+00 4.2004865096e+00 4.2004935803e+00 4.2025303489e+00 7.7511643671e+05 7.7510331250e+05 7.8943087500e+05 4.0198722930e+05 4.0198015625e+05 4.0547034375e+05 0 0
39 9.8202105088e+05 9.8189970531e+05 9.8190384344e+05 9.8201119498e+05 9.8193004003e+05 4.1656688042e+00 4.1657188643e+00 4.1656991648e+00 4.1656665099e+00 4.1680229233e+00 6.1019361034e+05 6.1018275000e+05 6.4690200000e+05 3.3501563887e+05 3.3500931250e+05 3.4151690625e+05 0 0
40 9.0590426926e+05 9.0549476251e+05 9.0552038321e+05 9.0589686611e+05 9.0001037135e+05 4.1264925351e+00 4.1265608102e+00 4.1265403182e+00 4.1264983376e+00 4.1311002618e+00 5.5009914635e+05 5.5008887500e+05 6.0806762500e+05 3.0680227603e+05 3.0679609375e+05 3.1728815625e+05 0 0
41 8.9771543537e+05 8.9681948354e+05 8.9689142399e+05 8.9770523904e+05 8.8942284509e+05 4.0853924301e+00 4.0856689530e+00 4.0856344812e+00 4.0854025352e+00 4.0926123901e+00 4.7740102717e+05 4.7739284375e+05 5.7909831250e+05 2.6824573214e+05 2.6824018750e+05 2.8786734375e+05 0 0
42 8.4722272218e+05 8.4627691506e+05 8.4635531980e+05 8.4720762376e+05 8.5645342339e+05 4.0482368740e+00 4.0486579620e+00 4.0486092469e+00 4.0482514704e+00 4.0552891543e+00 4.4758416476e+05 4.4757875000e+05 5.1274903125e+05 2.5219034961e+05 2.5218529688e+05 2.6650106250e+05 0 0
43 8.0817271781e+05 8.0596525170e+05 8.0610648118e+05 8.0815984732e+05 8.1553998390e+05 4.0147811521e+00 4.0159935031e+00 4.0158896892e+00 4.0148000466e+00 4.0224558183e+00 4.2362836057e+05 4.2363025000e+05 4.6099006250e+05 2.3281369436e+05 2.3281006250e+05 2.4370260938e+05 0 0
44 7.6264308245e+05 7.6052171331e+05 7.6051546578e+05 7.6264011262e+05 7.7294569691e+05 3.9885655456e+00 3.9898423742e+00 3.9897420682e+00 3.9885986351e+00 3.9932734341e+00 3.9440750082e+05 3.9442193750e+05 3.9146206250e+05 2.1711014011e+05 2.1710876562e+05 2.1870595312e+05 0 0
45 7.3309950132e+05 7.2181121450e+05 7.2192095319e+05 7.3308245107e+05 7.2702269275e+05 3.9652054687e+00 3.9682838714e+00 3.9681294769e+00 3.9652349811e+00 3.9710570199e+00 3.2978704829e+05 3.2984181250e+05 3.6345196875e+05 1.8988186219e+05 1.8988709375e+05 1.9781335938e+05 0 0
46 6.9250728202e+05 6.9474419341e+05 6.9411150947e+05 6.9243225270e+05 7.0385904625e+05 3.9379893366e+00 3.9443775328e+00 3.9442084171e+00 3.9380459721e+00 3.9464857819e+00 2.9359790411e+05 2.9379903125e+05 3.4026571875e+05 1.6925982454e+05 1.6928870312e+05 1.8140598438e+05 0 0
47 6.6153939515e+05 6.6789659176e+05 6.6756313571e+05 6.6131613431e+05 6.7086381359e+05 3.9135195562e+00 3.9193492648e+00 3.9192915349e+00 3.9135710735e+00 3.9198777251e+00 2.6991656121e+05 2.7055121875e+05 2.8642475000e+05 1.5608821047e+05 1.5618673438e+05 1.6172206250e+05 0 0
48 6.3305652662e+05 6.2949645217e+05 6.2938137561e+05 6.3203615978e+05 6.3000388123e+05 3.8922001052e+00 3.8990001838e+00 3.8989728000e+00 3.8923970454e+00 3.8992390111e+00 2.3373116583e+05 2.3590898438e+05 2.5984948438e+05 1.3911030055e+05 1.3945035938e+05 1.4641846875e+05 0 0
49 5.9976377403e+05 6.2101724529e+05 6.2097590250e+05 5.9864952744e+05 6.2076700943e+05 3.8678189271e+00 3.8759215055e+00 3.8759079925e+00 3.8683328293e+00 3.8759870540e+00 2.2508123285e+05 2.3275093750e+05 2.3316242188e+05 1.2941905097e+05 1.3065259375e+05 1.3417685938e+05 0 0
50 5.8843263773e+05 5.8663448736e+05 5.8663172240e+05 5.8233377382e+05 5.8602062620e+05 3.8415944704e+00 3.8492897883e+00 3.8492795715e+00 3.8432114304e+00 3.8493414633e+00 2.1017623856e+05 2.3006603125e+05 2.0142590625e+05 1.2097708931e+05 1.2426200000e+05 1.2057558594e+05 0 0
51 5.4397804463e+05 5.5942516783e+05 5.5942194623e+05 5.4133583490e+05 5.5885075583e+05 3.8202423765e+00 3.8261692893e+00 3.8261619288e+00 3.8228604627e+00 3.8262061848e+00 1.9228261261e+05 2.3606226562e+05 1.9600950000e+05 1.0999499736e+05 1.1765029688e+05 1.1270417188e+05 0 0
52 5.4044715144e+05 5.4164070795e+05 5.4163810655e+05 5.3573601428e+05 5.4102485456e+05 3.7934160440e+00 3.8023439494e+00 3.8023373158e+00 3.8000956837e+00 3.8023759113e+00 1.7294238588e+05 2.2735803125e+05 1.7642773438e+05 1.0066372518e+05 1.1119273438e+05 1.0249825000e+05 0 0
53 5.0198689541e+05 5.0697591012e+05 5.0697377718e+05 5.0345874073e+05 5.0645677685e+05 3.7695801222e+00 3.7759783307e+00 3.7759730268e+00 3.7753046380e+00 3.7760292809e+00 1.5947032538e+05 2.0075678125e+05 1.6779964062e+05 9.1606694026e+04 1.0136394531e+05 9.5155507812e+04 0 0
54 4.9966573953e+05 5.1426279178e+05 5.1426377941e+05 5.1327125379e+05 5.1358525786e+05 3.7448890347e+00 3.7523808069e+00 3.7523764044e+00 3.7521619596e+00 3.7524221034e+00 1.5372807127e+05 1.5875903125e+05 1.4627117188e+05 8.6721486072e+04 8.9259171875e+04 8.6391445312e+04 0 0
55 4.7932828890e+05 4.7089077636e+05 4.7089103732e+05 4.7072267572e+05 4.7011359335e+05 3.7165979218e+00 3.7243320966e+00 3.7243283535e+00 3.7242104664e+00 3.7244911373e+00 1.4122574974e+05 1.3955870312e+05 1.3649107812e+05 8.1847683612e+04 8.1845500000e+04 8.0991015625e+04 0 0
56 4.5304223274e+05 4.7379652571e+05 4.7379635281e+05 4.7371760702e+05 4.7292672576e+05 3.6899226366e+00 3.6967997407e+00 3.6967949396e+00 3.6967625626e+00 3.6970137122e+00 1.3558386468e+05 1.3977415625e+05 1.4016882812e+05 7.7275690977e+04 7.9139304688e+04 7.9030554688e+04 0 0
57 4.6231104897e+05 4.4907728760e+05 4.4907657617e+05 4.4914454026e+05 4.4567122275e+05 3.6680905454e+00 3.6730128054e+00 3.6730088396e+00 3.6729663523e+00 3.6735993352e+00 1.3218783454e+05 1.2774363281e+05 1.3136423438e+05 7.4222382150e+04 7.4126359375e+04 7.4582710938e+04 0 0
58 4.1416050556e+05 4.3444832969e+05 4.3444972504e+05 4.3449346884e+05 4.3571109753e+05 3.6472469379e+00 3.6536095677e+00 3.6536047485e+00 3.6535927379e+00 3.6546501003e+00 1.0805887643e+05 1.2212703906e+05 1.3303357812e+05 6.5159597352e+04 6.8264421875e+04 7.0024234375e+04 0 0
59 4.2481515422e+05 4.1975632337e+05 4.1975702595e+05 4.1982001904e+05 4.1018837741e+05 3.6251415773e+00 3.6314081235e+00 3.6314043895e+00 3.6313634837e+00 3.6338707254e+00 1.1593734744e+05 1.1674727344e+05 1.3168879688e+05 6.4151899844e+04 6.5973367188e+04 6.8565507812e+04 0 0
60 3.9666838427e+05 4.0077662591e+05 4.0077840421e+05 4.0083812609e+05 4.0541736448e+05 3.6047640317e+00 3.6105461668e+00 3.6105419170e+00 3.6105303639e+00 3.6141606166e+00 9.1443191992e+04 9.8848492188e+04 1.2550275000e+05 5.6609474421e+04 5.7892537109e+04 6.2717472656e+04 0 0
61 3.9580483744e+05 4.0062331467e+05 4.0062037013e+05 4.0072693242e+05 3.9365708594e+05 3.5867082069e+00 3.5923417579e+00 3.5923404206e+00 3.5922756830e+00 3.5960223072e+00 9.7053112892e+04 1.0168615625e+05 1.1740226562e+05 5.5950782149e+04 5.8117281250e+04 6.1491949219e+04 0 0
62 3.8648579783e+05 3.8291329968e+05 3.8289941480e+05 3.8306155194e+05 3.8556489666e+05 3.5669430316e+00 3.5735638510e+00 3.5735630476e+00 3.5735415489e+00 3.5791256806e+00 8.3870940704e+04 8.8060640625e+04 1.0574719531e+05 5.1528762768e+04 5.2436642578e+04 5.6176263672e+04 0 0
63 3.5919834139e+05 3.7048036174e+05 3.7044009390e+05 3.7066395502e+05 3.7678817136e+05 3.5489047798e+00 3.5548211107e+00 3.5548345719e+00 3.5546507068e+00 3.5598127660e+00 8.3295742535e+04 8.8952226562e+04 9.5711328125e+04 4.9079588899e+04 5.1355115234e+04 5.3284392578e+04 0 0
64 3.6588154654e+05 3.6812753268e+05 3.6775244265e+05 3.6953987944e+05 3.5671411487e+05 3.5293606890e+00 3.5358650807e+00 3.5359187179e+00 3.5356836852e+00 3.5423287565e+00 8.2532200146e+04 7.7781242188e+04 8.8996796875e+04 4.6751973291e+04 4.6731099609e+04 4.9223708984e+04 0 0
65 3.4034841506e+05 3.4021621060e+05 3.4006245676e+05 3.4136272940e+05 3.5876845061e+05 3.5072655609e+00 3.5146291619e+00 3.5148681357e+00 3.5134719801e+00 3.5224253051e+00 7.5831721223e+04 7.0212960938e+04 8.5870578125e+04 4.4875162841e+04 4.3513214844e+04 4.6863207031e+04 0 0
66 3.3751147540e+05 3.4158148446e+05 3.4103758254e+05 3.4585211545e+05 3.3561551182e+05 3.4879814909e+00 3.4948468971e+00 3.4952320261e+00 3.4932265276e+00 3.5015429193e+00 7.3782757768e+04 7.7793429688e+04 8.3221062500e+04 4.1725078442e+04 4.3506212891e+04 4.5529388672e+04 0 0
67 3.3264399168e+05 3.2305916932e+05 3.2364131138e+05 3.2679680978e+05 3.3337609215e+05 3.4654538040e+00 3.4759622897e+00 3.4764357465e+00 3.4719110142e+00 3.4824589124e+00 7.0211187032e+04 6.4528822266e+04 8.4284835938e+04 4.0925724527e+04 3.9621595703e+04 4.2977560547e+04 0 0
68 3.1129060858e+05 3.2845908633e+05 3.2909701116e+05 3.2359615167e+05 3.2700249961e+05 3.4453215764e+00 3.4554379733e+00 3.4558313148e+00 3.4506862751e+00 3.4624201050e+00 6.2402273915e+04 6.9893281250e+04 7.9966210938e+04 3.7412082760e+04 3.9196246094e+04 4.2654109375e+04 0 0
69 3.1163235195e+05 3.0520935032e+05 3.0522799054e+05 3.1023609033e+05 3.1211681259e+05 3.4280995965e+00 3.4361020296e+00 3.4362691510e+00 3.4324453575e+00 3.4415234427e+00 7.0344605058e+04 6.5215322266e+04 6.7237070312e+04 3.7869777182e+04 3.7813994141e+04 3.8166490234e+04 0 0
70 2.9117355836e+05 3.0352909380e+05 3.0383449811e+05 2.9447033595e+05 3.1013805690e+05 3.4083365964e+00 3.4202529539e+00 3.4205218597e+00 3.4143010657e+00 3.4241877952e+00 5.3174551576e+04 5.6448712891e+04 6.6273187500e+04 3.2862499225e+04 3.3246292969e+04 3.6989007812e+04 0 0
71 2.9447676284e+05 2.8691857409e+05 2.8658311018e+05 2.9255323372e+05 2.8761187002e+05 3.3897380552e+00 3.4008355267e+00 3.4011060423e+00 3.3955161907e+00 3.4053574730e+00 5.2960933920e+04 6.1895101562e+04 5.0723361328e+04 3.0939227357e+04 3.3550949219e+04 3.1721276367e+04 0 0
72 2.7708850922e+05 2.8688369613e+05 2.8729411093e+05 2.8306423684e+05 2.9236141491e+05 3.3713775863e+00 3.3840334100e+00 3.3843234320e+00 3.3770907625e+00 3.3861833536e+00 4.9407886477e+04 4.9001142578e+04 5.6572908203e+04 2.9749438874e+04 2.9709892578e+04 3.1384354492e+04 0 0
73 2.7802102478e+05 2.7351897373e+05 2.7382606240e+05 2.7837595850e+05 2.7574895945e+05 3.3535632231e+00 3.3668332382e+00 3.3670060713e+00 3.3593240233e+00 3.3686822685e+00 4.7753351082e+04 5.0457324219e+04 4.9741597656e+04 2.8077853633e+04 2.9132109375e+04 2.9683453125e+04 0 0
74 2.6326578901e+05 2.7541202623e+05 2.7561852454e+05 2.6646636531e+05 2.7544791066e+05 3.3349097530e+00 3.3498371437e+00 3.3499155609e+00 3.3407057750e+00 3.3504167374e+00 4.7207027334e+04 4.5037789062e+04 4.8794113281e+04 2.7449238121e+04 2.7167546875e+04 2.8010550781e+04 0 0
75 2.5891727487e+05 2.6097679210e+05 2.6103797143e+05 2.6318094910e+05 2.5973190264e+05 3.3160932793e+00 3.3310928257e+00 3.3311399212e+00 3.3220548624e+00 3.3330188428e+00 4.5976765937e+04 4.7067591797e+04 5.0390431641e+04 2.5767494540e+04 2.6443430664e+04 2.7766949219e+04 0 0
76 2.4718278926e+05 2.5804999206e+05 2.5809864582e+05 2.4537102551e+05 2.5794728193e+05 3.2990669493e+00 3.3130227857e+00 3.3130399010e+00 3.3043122482e+00 3.3146199074e+00 4.3760808529e+04 4.4612955078e+04 5.1692490234e+04 2.4798037708e+04 2.4905043945e+04 2.6651863281e+04 0 0
77 2.3567745527e+05 2.4419584743e+05 2.4418835799e+05 2.4187218152e+05 2.4291999038e+05 3.2832339567e+00 3.2957398970e+00 3.2957646074e+00 3.2895044245e+00 3.2984017948e+00 3.9549983016e+04 5.0231443359e+04 4.7478558594e+04 2.2417115327e+04 2.4838351562e+04 2.5315052734e+04 0 0
78 2.3196838198e+05 2.3506132728e+05 2.3506166707e+05 2.2713649591e+05 2.3845819424e+05 3.2679038402e+00 3.2804450710e+00 3.2804597251e+00 3.2745117286e+00 3.2826964114e+00 3.6896079842e+04 4.2639851562e+04 4.4187792969e+04 2.1142543211e+04 2.2537608398e+04 2.3279812500e+04 0 0
79 2.2165776422e+05 2.3015691176e+05 2.3006418193e+05 2.3021162077e+05 2.2684720327e+05 3.2536558555e+00 3.2654525003e+00 3.2655007609e+00 3.2601653266e+00 3.2681183422e+00 3.2641370812e+04 3.8912505859e+04 3.7657517578e+04 1.9425434322e+04 2.0994335938e+04 2.1222238281e+04 0 0
80 2.2160704089e+05 2.2079076155e+05 2.2073683502e+05 2.1770583779e+05 2.2489290379e+05 3.2391665576e+00 3.2507839150e+00 3.2508476721e+00 3.2462311981e+00 3.2537525620e+00 3.3526161915e+04 3.3900087891e+04 3.5918720703e+04 1.9009718896e+04 1.9490571289e+04 1.9964775391e+04 0 0
81 2.0902512933e+05 2.1933892474e+05 2.1908863974e+05 2.1956250084e+05 2.1860736236e+05 3.2258359246e+00 3.2377560965e+00 3.2378974702e+00 3.2318654385e+00 3.2399643194e+00 3.2145957356e+04 3.2837191406e+04 3.4384222656e+04 1.8015716459e+04 1.8450357422e+04 1.9311311523e+04 0 0
82 2.0477150648e+05 2.0862846594e+05 2.0893453566e+05 2.0478479944e+05 2.1415513181e+05 3.2147084888e+00 3.2236741550e+00 3.2238519523e+00 3.2192386010e+00 3.2258988382e+00 3.6123061944e+04 3.1341547852e+04 3.0793125000e+04 1.8140819857e+04 1.7734153320e+04 1.7783534180e+04 0 0
83 2.0105596468e+05 2.0466006219e+05 2.0476479697e+05 2.0670537657e+05 2.0509083350e+05 3.2041210267e+00 3.2131900815e+00 3.2132569230e+00 3.2079832425e+00 3.2135522454e+00 3.6007128364e+04 3.0270143555e+04 3.0032381836e+04 1.7587619012e+04 1.6788436523e+04 1.7195282227e+04 0 0
84 1.9594370171e+05 2.0129554662e+05 2.0146064517e+05 1.9492109649e+05 2.0162726419e+05 3.1923690206e+00 3.2016964818e+00 3.2017742758e+00 3.1964028744e+00 3.2028060326e+00 3.1435666852e+04 2.8685276367e+04 2.8165704102e+04 1.6561990375e+04 1.6003628418e+04 1.6027333496e+04 0 0
85 1.9854198675e+05 1.9647071248e+05 1.9648255373e+05 1.9675777628e+05 1.9289799601e+05 3.1823848350e+00 3.1899599643e+00 3.1899831407e+00 3.1857277688e+00 3.1912069116e+00 2.6155554599e+04 2.9837878906e+04 3.0099447266e+04 1.4897638289e+04 1.5654856934e+04 1.5954306641e+04 0 0
86 1.9006471682e+05 1.9723299618e+05 1.9722746162e+05 1.9173630959e+05 1.9641373736e+05 3.1734890283e+00 3.1800645645e+00 3.1800978354e+00 3.1774177113e+00 3.1818728682e+00 2.3676686743e+04 2.9280611328e+04 3.1870944336e+04 1.4295701501e+04 1.5222862793e+04 1.5776604492e+04 0 0
87 1.9450892028e+05 1.8874429009e+05 1.8869049570e+05 1.8792719203e+05 1.8944812956e+05 3.1623685164e+00 3.1711124000e+00 3.1711570452e+00 3.1686088190e+00 3.1733526620e+00 2.2485526134e+04 3.0702398438e+04 2.8595800781e+04 1.3683208138e+04 1.5456944824e+04 1.5219008789e+04 0 0
88 1.8385046032e+05 1.9095053986e+05 1.9083736523e+05 1.8979547190e+05 1.9008995529e+05 3.1521528852e+00 3.1609677095e+00 3.1610390097e+00 3.1582414527e+00 3.1636661535e+00 1.9946956832e+04 2.6563595703e+04 2.6411946289e+04 1.2854871926e+04 1.4305613281e+04 1.4473098145e+04 0 0
89 1.8622812338e+05 1.8157491985e+05 1.8152736662e+05 1.8327642354e+05 1.8441757417e+05 3.1430131437e+00 3.1506814131e+00 3.1508026830e+00 3.1485487663e+00 3.1533794268e+00 2.1411171862e+04 2.3382024414e+04 2.3670889648e+04 1.2829579515e+04 1.3538421387e+04 1.3538387695e+04 0 0
90 1.7927282644e+05 1.8614965231e+05 1.8613566837e+05 1.8344512370e+05 1.8366942966e+05 3.1328309993e+00 3.1423032912e+00 3.1423937978e+00 3.1397804884e+00 3.1441097988e+00 2.1428507974e+04 2.3017283203e+04 2.4913373047e+04 1.2878364103e+04 1.3105187500e+04 1.3607664062e+04 0 0
91 1.7839744202e+05 1.7532992443e+05 1.7535270058e+05 1.7888145402e+05 1.7760294052e+05 3.1224137300e+00 3.1326199777e+00 3.1327923128e+00 3.1296236100e+00 3.1359935144e+00 1.8757319259e+04 2.2603362305e+04 2.6010358398e+04 1.1769636449e+04 1.3002804199e+04 1.3500836426e+04 0 0
92 1.7322091589e+05 1.7769300628e+05 1.7791041125e+05 1.7393066536e+05 1.7799466635e+05 3.1132461663e+00 3.1231897033e+00 3.1232795012e+00 3.1195852795e+00 3.1260481041e+00 1.8824407202e+04 1.9778713867e+04 2.6784417969e+04 1.1582627494e+04 1.1797029297e+04 1.3588377930e+04 0 0
93 1.6572377439e+05 1.7017314176e+05 1.7024568412e+05 1.6911333648e+05 1.7155132848e+05 3.1037433465e+00 3.1139299627e+00 3.1140028749e+00 3.1116060524e+00 3.1165434098e+00 1.8147818353e+04 2.3875053711e+04 2.1088532227e+04 1.1091920817e+04 1.2359882812e+04 1.2032889160e+04 0 0
94 1.6832499068e+05 1.6945819279e+05 1.6947680960e+05 1.6583949908e+05 1.7087180205e+05 3.0930968764e+00 3.1051980287e+00 3.1052586281e+00 3.1023236926e+00 3.1079465786e+00 1.8097188027e+04 2.3688226562e+04 2.2381589844e+04 1.0855290299e+04 1.2131630371e+04 1.2086326172e+04 0 0
95 1.5965974660e+05 1.5986579331e+05 1.5981137682e+05 1.6391678201e+05 1.6262922620e+05 3.0826084067e+00 3.0954438965e+00 3.0955098380e+00 3.0927754574e+00 3.0980802062e+00 1.5809948921e+04 2.1018166992e+04 1.9021561523e+04 9.9802217228e+03 1.1423426758e+04 1.1171353027e+04 0 0
96 1.6086524793e+05 1.6736585535e+05 1.6731183399e+05 1.6236385016e+05 1.6696018936e+05 3.0721759117e+00 3.0854721420e+00 3.0855859903e+00 3.0819962640e+00 3.0877951732e+00 1.7233394880e+04 1.8070430664e+04 1.8120020508e+04 1.0054594644e+04 1.0421843750e+04 1.0581896484e+04 0 0
97 1.5648842990e+05 1.5551865020e+05 1.5527990026e+05 1.5990863311e+05 1.5611372429e+05 3.0609322288e+00 3.0746989255e+00 3.0748412392e+00 3.0718372766e+00 3.0772887695e+00 1.5073631012e+04 1.7300539062e+04 1.7575846680e+04 9.4749151615e+03 1.0173035645e+04 1.0181455078e+04 0 0
98 1.5661118357e+05 1.5858133297e+05 1.5855886014e+05 1.5565757865e+05 1.6009786447e+05 3.0512839744e+00 3.0651358616e+00 3.0653877697e+00 3.0608590858e+00 3.0673849425e+00 1.4837443107e+04 1.4865395996e+04 1.8730018555e+04 9.1801316903e+03 9.3180546875e+03 1.0247034668e+04 0 0
99 1.5095091708e+05 1.5416831529e+05 1.5387245835e+05 1.5660547607e+05 1.5395808926e+05 3.0405808462e+00 3.0545629076e+00 3.0548830929e+00 3.0508506407e+00 3.0568517942e+00 1.4641858244e+04 1.6477719727e+04 1.5903263184e+04 9.0695394198e+03 9.5308618164e+03 9.5272612305e+03 0 0
100 1.4991684802e+05 1.5171088293e+05 1.5220947250e+05 1.4822853188e+05 1.5490855935e+05 3.0306777300e+00 3.0455188864e+00 3.0457923352e+00 3.0414172347e+00 3.0469433365e+00 1.4752030618e+04 1.5695695312e+04 1.6734334961e+04 8.7552489318e+03 9.2289843750e+03 9.4802202148e+03 0 0
101 1.4429108604e+05 1.4920898289e+05 1.4906272548e+05 1.4942924158e+05 1.4869027869e+05 3.0214346195e+00 3.0359865713e+00 3.0363038712e+00 3.0315738393e+00 3.0373020274e+00 1.3837199297e+04 1.7928541016e+04 1.5542944824e+04 8.4365328665e+03 9.3339980469e+03 9.1892651367e+03 0 0
102 1.4204397518e+05 1.4666902495e+05 1.4670987620e+05 1.4194086160e+05 1.4790021977e+05 3.0136072531e+00 3.0262763851e+00 3.0266060800e+00 3.0231191767e+00 3.0274659044e+00 1.3700668274e+04 1.7507791992e+04 1.5414502441e+04 8.0643604665e+03 9.1113994141e+03 8.7402680664e+03 0 0
103 1.3811141759e+05 1.4108528190e+05 1.4019450169e+05 1.4376947236e+05 1.4025073958e+05 3.0052935217e+00 3.0179846669e+00 3.0184828960e+00 3.0149613676e+00 3.0189419698e+00 1.2325901322e+04 1.5935164062e+04 1.5735145020e+04 7.5955990593e+03 8.6840566406e+03 8.6697260742e+03 0 0
104 1.3602802960e+05 1.3955711800e+05 1.4023989686e+05 1.3758362693e+05 1.4127025470e+05 2.9971019821e+00 3.0108295180e+00 3.0113797326e+00 3.0074294160e+00 3.0116733251e+00 1.2653099931e+04 1.3009195312e+04 1.6036571777e+04 7.4162813337e+03 7.7127348633e+03 8.4330986328e+03 0 0
105 1.3143295557e+05 1.3467535983e+05 1.3528899130e+05 1.3662439630e+05 1.3561332701e+05 2.9895811731e+00 3.0035655690e+00 3.0040276085e+00 2.9989567482e+00 3.0039920264e+00 1.2384054918e+04 1.3166238770e+04 1.4005382812e+04 7.1912342887e+03 7.6274729004e+03 7.8479873047e+03 0 0
106 1.2799491492e+05 1.3541770874e+05 1.3600453263e+05 1.3278369828e+05 1.3608585337e+05 2.9823772929e+00 2.9957207090e+00 2.9959177128e+00 2.9915122451e+00 2.9958350282e+00 1.3365705047e+04 1.2793413574e+04 1.3797267578e+04 7.0742998772e+03 7.2560249023e+03 7.6684975586e+03 0 0
107 1.2483669195e+05 1.3220658162e+05 1.3238357844e+05 1.2869628222e+05 1.3229442461e+05 2.9756528584e+00 2.9880726121e+00 2.9881439403e+00 2.9840473794e+00 2.9879832913e+00 1.4247178202e+04 1.3626518066e+04 1.1673795410e+04 7.1370798394e+03 7.2673593750e+03 7.0130747070e+03 0 0
108 1.2510037703e+05 1.2910140139e+05 1.2913540429e+05 1.2656883104e+05 1.2886498137e+05 2.9685307637e+00 2.9806228496e+00 2.9806738201e+00 2.9774909784e+00 2.9805806495e+00 1.2475896768e+04 1.3253854980e+04 1.1293181641e+04 6.6967382271e+03 6.9554606934e+03 6.7241730957e+03 0 0
109 1.2195118735e+05 1.2609590966e+05 1.2610301922e+05 1.2390737185e+05 1.2538356281e+05 2.9615633454e+00 2.9730515064e+00 2.9730920658e+00 2.9700535784e+00 2.9731104611e+00 1.0281820119e+04 1.2596120605e+04 1.0465476562e+04 6.1095474595e+03 6.7624270020e+03 6.3360402832e+03 0 0
110 1.2153640072e+05 1.2392591955e+05 1.2392694829e+05 1.2359664358e+05 1.2208509557e+05 2.9545365173e+00 2.9656786734e+00 2.9657211700e+00 2.9630890699e+00 2.9662180511e+00 9.6119904748e+03 1.0515975586e+04 1.1678895996e+04 5.7832824844e+03 6.1674001465e+03 6.3564094238e+03 0 0
111 1.1897200554e+05 1.2113716972e+05 1.2113632862e+05 1.2091874852e+05 1.1997199033e+05 2.9477111799e+00 2.9587880606e+00 2.9588291055e+00 2.9563020225e+00 2.9598636764e+00 9.1280848472e+03 9.7770527344e+03 1.2887695801e+04 5.5868235816e+03 5.8737707520e+03 6.4561848145e+03 0 0
112 1.1544565700e+05 1.2081732114e+05 1.2081786782e+05 1.1904922115e+05 1.1908589223e+05 2.9407871383e+00 2.9519339088e+00 2.9519767873e+00 2.9491612182e+00 2.9538229756e+00 8.8206037557e+03 9.1146704102e+03 1.2932560547e+04 5.3741347200e+03 5.5832700195e+03 6.3850532227e+03 0 0
113 1.1429562963e+05 1.1762856578e+05 1.1763544282e+05 1.1841528982e+05 1.1769619141e+05 2.9342227282e+00 2.9447628572e+00 2.9448019127e+00 2.9424146259e+00 2.9469995813e+00 8.9597933584e+03 8.9497500000e+03 1.0799231934e+04 5.2903600732e+03 5.4551914062e+03 5.9062238770e+03 0 0
114 1.0983764908e+05 1.1449935825e+05 1.1450790771e+05 1.1196700771e+05 1.1663890699e+05 2.9285528210e+00 2.9382070375e+00 2.9382468975e+00 2.9355329586e+00 2.9403027394e+00 9.3736524920e+03 8.3593940430e+03 9.6570747070e+03 5.1477259342e+03 5.1960898438e+03 5.5558269043e+03 0 0
115 1.0907827192e+05 1.1390302795e+05 1.1396792250e+05 1.1481621405e+05 1.1091656078e+05 2.9222278666e+00 2.9315883216e+00 2.9316126774e+00 2.9293260156e+00 2.9339521877e+00 1.0356852025e+04 8.4426591797e+03 8.9715756836e+03 5.3450413900e+03 5.0545781250e+03 5.2663955078e+03 0 0
116 1.0591967788e+05 1.0966988254e+05 1.0967610555e+05 1.0782592668e+05 1.1316322116e+05 2.9174020469e+00 2.9254612093e+00 2.9254788727e+00 2.9229619996e+00 2.9278231932e+00 9.7131401143e+03 7.9232504883e+03 9.2881313477e+03 5.0704065437e+03 4.8665612793e+03 5.1644392090e+03 0 0
117 1.0837952637e+05 1.0942886025e+05 1.0958981559e+05 1.0953292897e+05 1.0653660764e+05 2.9110486864e+00 2.9193705089e+00 2.9193373697e+00 2.9170369239e+00 2.9219333721e+00 8.8445005534e+03 8.1598437500e+03 9.0327387695e+03 4.9425818787e+03 4.8088581543e+03 5.0540273438e+03 0 0
118 1.0271418941e+05 1.0450965827e+05 1.0439032721e+05 1.0644898962e+05 1.0889648428e+05 2.9048367121e+00 2.9137106765e+00 2.9136947183e+00 2.9109790587e+00 2.9161825600e+00 7.2859754013e+03 7.2880422363e+03 9.3304062500e+03 4.4147676689e+03 4.5753183594e+03 5.0084184570e+03 0 0
119 1.0569134197e+05 1.0680675334e+05 1.0670114856e+05 1.0345068963e+05 1.0363329318e+05 2.8990557424e+00 2.9079393223e+00 2.9079015000e+00 2.9048491382e+00 2.9104265227e+00 7.1396792627e+03 7.4943471680e+03 8.4195078125e+03 4.3054879423e+03 4.4274736328e+03 4.7634082031e+03 0 0
120 1.0072744787e+05 1.0145629144e+05 1.0131596202e+05 1.0524301356e+05 1.0477259367e+05 2.8932832940e+00 2.9017959521e+00 2.9018463144e+00 2.8987570489e+00 2.9046784647e+00 6.5280901113e+03 7.2001335449e+03 8.6656738281e+03 4.1226095465e+03 4.3261533203e+03 4.6699799805e+03 0 0
121 1.0067496043e+05 1.0441096402e+05 1.0417293192e+05 9.8763509375e+04 1.0149802757e+05 2.8879843054e+00 2.8961783212e+00 2.8962433146e+00 2.8936287275e+00 2.8988109231e+00 7.1062369750e+03 7.2291726074e+03 7.7926921387e+03 4.1020525542e+03 4.2008232422e+03 4.3951237793e+03 0 0
122 9.7333808372e+04 9.9963037009e+04 9.9213124293e+04 1.0079973587e+05 1.0134949148e+05 2.8827499258e+00 2.8908972158e+00 2.8911441590e+00 2.8886821736e+00 2.8935907264e+00 7.5477595726e+03 9.2331489258e+03 8.7658481445e+03 4.1480702595e+03 4.5023173828e+03 4.5101616211e+03 0 0
123 9.8613884005e+04 9.9907100528e+04 9.9866417018e+04 9.6681273306e+04 1.0086635530e+05 2.8783210047e+00 2.8854636185e+00 2.8859100389e+00 2.8836193384e+00 2.8885873537e+00 7.6056968366e+03 8.9096147461e+03 7.8471643066e+03 4.0611970951e+03 4.4021064453e+03 4.3477517090e+03 0 0
124 9.3402416650e+04 9.7075416455e+04 9.6126130474e+04 1.0036473389e+05 9.8243314602e+04 2.8733849543e+00 2.8805855740e+00 2.8811495723e+00 2.8789137304e+00 2.8830842231e+00 7.9210702161e+03 7.6993066406e+03 6.8798532715e+03 4.1004262028e+03 4.1691430664e+03 3.9989828491e+03 0 0
125 9.6681765674e+04 9.6872884958e+04 9.8436696897e+04 9.4699154463e+04 9.9951691371e+04 2.8687449806e+00 2.8760127328e+00 2.8765526998e+00 2.8736991557e+00 2.8779856080e+00 7.1739727737e+03 6.1346906738e+03 6.5604365234e+03 3.8831638490e+03 3.7708981323e+03 3.9173566284e+03 0 0
126 9.0736674360e+04 9.2989621442e+04 9.3281816792e+04 9.6301010753e+04 9.4218173364e+04 2.8636909972e+00 2.8714702860e+00 2.8717069873e+00 2.8688208378e+00 2.8730687521e+00 6.0963130823e+03 6.1419980469e+03 5.9214287109e+03 3.6123453170e+03 3.6609129639e+03 3.6846359863e+03 0 0
127 9.2365531503e+04 9.5196154544e+04 9.5378994082e+04 9.1451095740e+04 9.5898997534e+04 2.8595452497e+00 2.8666437833e+00 2.8668908989e+00 2.8639036000e+00 2.8679526659e+00 5.5553949842e+03 5.8874531250e+03 6.2076914062e+03 3.3718235014e+03 3.5460429688e+03 3.6675029297e+03 0 0
128 8.6278178590e+04 8.9518894721e+04 8.9357775442e+04 9.1619705129e+04 9.1147774520e+04 2.8546406274e+00 2.8621698882e+00 2.8623066055e+00 2.8594821966e+00 2.8633445007e+00 4.8645101296e+03 5.6952075195e+03 5.7377399902e+03 3.1285636037e+03 3.4016714478e+03 3.4895682983e+03 0 0
129 8.9606018049e+04 9.0145314864e+04 8.9734941244e+04 8.5951023077e+04 8.9731697499e+04 2.8502903520e+00 2.8579347932e+00 2.8583071352e+00 2.8550975907e+00 2.8587690703e+00 5.0435734580e+03 5.1943737793e+03 6.0384545898e+03 3.0635358207e+03 3.1779161987e+03 3.4225175171e+03 0 0
130 8.4696924622e+04 8.4297436070e+04 8.4618565150e+04 8.9114432860e+04 8.6131303671e+04 2.8459622109e+00 2.8537065293e+00 2.8540298755e+00 2.8506796957e+00 2.8549957426e+00 4.6649292041e+03 5.5897802734e+03 6.1695058594e+03 2.9828610541e+03 3.1856553955e+03 3.3416858521e+03 0 0
131 8.4185340338e+04 8.8639812274e+04 8.9155560589e+04 8.3539590040e+04 8.7069124539e+04 2.8413433300e+00 2.8498999912e+00 2.8501241236e+00 2.8465629741e+00 2.8504381537e+00 4.4517673452e+03 5.5504414062e+03 6.4130637207e+03 2.8144627812e+03 3.1109181519e+03 3.3481685791e+03 0 0
132 8.0063140822e+04 8.3133274782e+04 8.3430428598e+04 8.4435430667e+04 8.5464517831e+04 2.8373084339e+00 2.8454429135e+00 2.8455473364e+00 2.8426487619e+00 2.8467289331e+00 4.7333993911e+03 5.8900007324e+03 6.0515385742e+03 2.8147387074e+03 3.1625089722e+03 3.2028302002e+03 0 0
133 7.9843821656e+04 8.4391505165e+04 8.4445559646e+04 8.0551519713e+04 8.2963503880e+04 2.8331727300e+00 2.8416082624e+00 2.8416504477e+00 2.8381292427e+00 2.8423280319e+00 4.1524343202e+03 4.6277893066e+03 5.6736638184e+03 2.5531165856e+03 2.8136281738e+03 3.1337380371e+03 0 0
134 7.5736787061e+04 7.9084806733e+04 7.9067221223e+04 7.8874385196e+04 8.1233019493e+04 2.8283302445e+00 2.8370555492e+00 2.8371292756e+00 2.8341465944e+00 2.8383872693e+00 4.2086626208e+03 4.6876823730e+03 4.8003830566e+03 2.4991520030e+03 2.6800236206e+03 2.8202458496e+03 0 0
135 7.6143438444e+04 7.8733280181e+04 7.8631201949e+04 7.7838419717e+04 7.8631286598e+04 2.8242538178e+00 2.8330116285e+00 2.8330483740e+00 2.8298335237e+00 2.8339500221e+00 4.6639694465e+03 4.1317839355e+03 4.6984245605e+03 2.4810188653e+03 2.5130601196e+03 2.7118707886e+03 0 0
136 7.2693407009e+04 7.7212916640e+04 7.6920036193e+04 7.6399864293e+04 7.6452761677e+04 2.8201419346e+00 2.8286613300e+00 2.8288419978e+00 2.8248769336e+00 2.8298843622e+00 4.8832277102e+03 4.0600111694e+03 4.3417204590e+03 2.5287765468e+03 2.4132980957e+03 2.4919505615e+03 0 0
137 7.3983483978e+04 7.5818319264e+04 7.5042862206e+04 7.4636897685e+04 7.4940638695e+04 2.8160635332e+00 2.8236608598e+00 2.8239621183e+00 2.8205990256e+00 2.8259868267e+00 4.1982614102e+03 3.8616207275e+03 5.7320090332e+03 2.3337590675e+03 2.3180782471e+03 2.7178331909e+03 0 0
138 7.0644155755e+04 7.2979453547e+04 7.3629124672e+04 7.3209230456e+04 7.5352546553e+04 2.8119847770e+00 2.8198689860e+00 2.8202369166e+00 2.8165633817e+00 2.8213044488e+00 3.5412889364e+03 3.8899232178e+03 4.9509492188e+03 2.1506323383e+03 2.2765206909e+03 2.5346953125e+03 0 0
139 7.0695597337e+04 7.1785732733e+04 7.2169737702e+04 7.0651941912e+04 7.2173898440e+04 2.8079547676e+00 2.8159738540e+00 2.8162701167e+00 2.8124790158e+00 2.8174597283e+00 3.4074663331e+03 3.6137160645e+03 4.4231699219e+03 2.0499073966e+03 2.1399499512e+03 2.4030704956e+03 0 0
140 6.8524435590e+04 7.1232715181e+04 7.1667327451e+04 6.9025594789e+04 7.3101560914e+04 2.8042999750e+00 2.8123989870e+00 2.8124840242e+00 2.8088525903e+00 2.8136485864e+00 3.4818240149e+03 4.2682441406e+03 3.8818681641e+03 2.0235695749e+03 2.2062103271e+03 2.2239419556e+03 0 0
141 6.7347301476e+04 7.0225696949e+04 7.0289134523e+04 6.8815566611e+04 6.9249419579e+04 2.8009217564e+00 2.8081026312e+00 2.8081879915e+00 2.8053480688e+00 2.8094226558e+00 3.1410010376e+03 4.3830583496e+03 3.4209912720e+03 1.9024120344e+03 2.2008784180e+03 2.0851486206e+03 0 0
142 6.8384448048e+04 6.8870386321e+04 6.8886788051e+04 6.7415000823e+04 7.0076171585e+04 2.7977759990e+00 2.8045492350e+00 2.8045789229e+00 2.8019805492e+00 2.8056519456e+00 2.9797607525e+03 3.7864556274e+03 3.4474882202e+03 1.8272503189e+03 2.0528230591e+03 2.0161636353e+03 0 0
143 6.6542626228e+04 6.7175725139e+04 6.7118190202e+04 6.7129746134e+04 6.6262164408e+04 2.7947756988e+00 2.8010612643e+00 2.8011289612e+00 2.7988605930e+00 2.8022894057e+00 2.7730125768e+03 3.0948270264e+03 3.5925671387e+03 1.7725546447e+03 1.8688689270e+03 1.9944495239e+03 0 0
144 6.6021250591e+04 6.6965354147e+04 6.6818436737e+04 6.8040578951e+04 6.6156190459e+04 2.7923251493e+00 2.7980899714e+00 2.7981434713e+00 2.7958639653e+00 2.7994784681e+00 2.8354922534e+03 2.9334631348e+03 3.9348908691e+03 1.7339274783e+03 1.7972271118e+03 1.9956365356e+03 0 0
145 6.2648416456e+04 6.7124231571e+04 6.6900861818e+04 6.5701353898e+04 6.6960273357e+04 2.7896899425e+00 2.7952990517e+00 2.7954454398e+00 2.7931194456e+00 2.7965382927e+00 3.2397254431e+03 2.9076718750e+03 3.8801673584e+03 1.7779147527e+03 1.7867036743e+03 2.0032488098e+03 0 0
146 6.4183985184e+04 6.4540388595e+04 6.4379930289e+04 6.5607710766e+04 6.6755466832e+04 2.7873361065e+00 2.7926211949e+00 2.7927736332e+00 2.7905535966e+00 2.7939093974e+00 4.0367945213e+03 2.6206638794e+03 3.1314634399e+03 1.8984865312e+03 1.6796534119e+03 1.8362720642e+03 0 0
147 6.2024786255e+04 6.4118773787e+04 6.4441745476e+04 6.4658199418e+04 6.5171816240e+04 2.7851693243e+00 2.7904978381e+00 2.7906621024e+00 2.7877316017e+00 2.7911596672e+00 3.5250618545e+03 2.6157116699e+03 2.9178587646e+03 1.8318500510e+03 1.6616725769e+03 1.7565867920e+03 0 0
148 6.2570366900e+04 6.3030039822e+04 6.3270407364e+04 6.2816040754e+04 6.3909135497e+04 2.7823524860e+00 2.7878422696e+00 2.7879724285e+00 2.7850555335e+00 2.7887283364e+00 2.9366652751e+03 2.4880933228e+03 2.6911849365e+03 1.6663772548e+03 1.6009884949e+03 1.6738487549e+03 0 0
149 6.0531708341e+04 6.3659661074e+04 6.3831612482e+04 6.2175217700e+04 6.3666233688e+04 2.7792684869e+00 2.7853301975e+00 2.7853755973e+00 2.7826389107e+00 2.7859874459e+00 2.5172263734e+03 2.6843545532e+03 2.9282171021e+03 1.5462455061e+03 1.6011325378e+03 1.6944443665e+03 0 0
150 5.8924691725e+04 6.1391753974e+04 6.1437197853e+04 5.8953206664e+04 6.1550683636e+04 2.7767423011e+00 2.7827261286e+00 2.7827775495e+00 2.7795555502e+00 2.7834347336e+00 2.2582988768e+03 2.8854476318e+03 2.8544400024e+03 1.4355803692e+03 1.5870128174e+03 1.6616320801e+03 0 0
151 5.9155556737e+04 6.0310437438e+04 6.0305562198e+04 5.9186229750e+04 6.1588503862e+04 2.7735234017e+00 2.7799702325e+00 2.7799966038e+00 2.7771915029e+00 2.7808639563e+00 2.2280129983e+03 3.2458792114e+03 2.8206072388e+03 1.4013779349e+03 1.6287242737e+03 1.6048623657e+03 0 0
152 5.7880451875e+04 5.8944125950e+04 5.8762153807e+04 5.7442879036e+04 5.8550766485e+04 2.7703300355e+00 2.7769846279e+00 2.7770553945e+00 2.7744381917e+00 2.7779111918e+00 2.2224564569e+03 2.7247477417e+03 2.6800895996e+03 1.3810426691e+03 1.5139873352e+03 1.5386742249e+03 0 0
153 5.7394446727e+04 5.7304863877e+04 5.7100825913e+04 5.8838089432e+04 5.8979463816e+04 2.7671237980e+00 2.7744313862e+00 2.7745537360e+00 2.7714745938e+00 2.7751153834e+00 2.3658713613e+03 2.5932293091e+03 2.6554995728e+03 1.3977610389e+03 1.4566307983e+03 1.4956666260e+03 0 0
154 5.5609977782e+04 5.8615671898e+04 5.8303890230e+04 5.6859578894e+04 5.7876969651e+04 2.7636482203e+00 2.7715521869e+00 2.7718159582e+00 2.7680091788e+00 2.7723200106e+00 2.1468503788e+03 2.5814652100e+03 2.4197726440e+03 1.3282883044e+03 1.4496058960e+03 1.4366617737e+03 0 0
155 5.5222181421e+04 5.6622862944e+04 5.6921985067e+04 5.5907342774e+04 5.8370631520e+04 2.7600521575e+00 2.7681497555e+00 2.7684497920e+00 2.7651283416e+00 2.7689870041e+00 2.0107662642e+03 2.5247982788e+03 2.3345606689e+03 1.2647710239e+03 1.4007405090e+03 1.3961772156e+03 0 0
156 5.6082580236e+04 5.6415382867e+04 5.6412480889e+04 5.4426308932e+04 5.6461912118e+04 2.7565382682e+00 2.7650105016e+00 2.7652739988e+00 2.7618131500e+00 2.7654717967e+00 2.0134774780e+03 2.5487056274e+03 2.3218843384e+03 1.2547633704e+03 1.3765110779e+03 1.3774453125e+03 0 0
157 5.4453133696e+04 5.4319033865e+04 5.4142295481e+04 5.4648711458e+04 5.4767848086e+04 2.7528722734e+00 2.7618692731e+00 2.7622160675e+00 2.7583907883e+00 2.7624226390e+00 1.8696758811e+03 2.6655983276e+03 2.2682633667e+03 1.2124020075e+03 1.3772401733e+03 1.3206698303e+03 0 0
158 5.4689467980e+04 5.4570108155e+04 5.4817503774e+04 5.5159386799e+04 5.4726511893e+04 2.7490836005e+00 2.7585146286e+00 2.7588988364e+00 2.7552998255e+00 2.7591075412e+00 2.0562595682e+03 2.5354322510e+03 2.5213687744e+03 1.2461948908e+03 1.3555299072e+03 1.3513549194e+03 0 0
159 5.3100153791e+04 5.4636127535e+04 5.4913885749e+04 5.3760438093e+04 5.4217217634e+04 2.7450289435e+00 2.7551760362e+00 2.7553754903e+00 2.7517205859e+00 2.7556690808e+00 1.9415257467e+03 2.3700366821e+03 2.6240690918e+03 1.2048258188e+03 1.3063450317e+03 1.3556318970e+03 0 0
160 5.1895103488e+04 5.4789789414e+04 5.5108285548e+04 5.4076515864e+04 5.4735511252e+04 2.7416900025e+00 2.7518531253e+00 2.7519524468e+00 2.7482260065e+00 2.7525074123e+00 1.8763956204e+03 2.5790579834e+03 2.7155553589e+03 1.1580879921e+03 1.3471000977e+03 1.3746788330e+03 0 0
161 5.0730227823e+04 5.3446246342e+04 5.3855363038e+04 5.1836444323e+04 5.3684632885e+04 2.7382204106e+00 2.7481114800e+00 2.7480795096e+00 2.7445654625e+00 2.7489786239e+00 2.1494031547e+03 2.2825202637e+03 2.4125675049e+03 1.1833046321e+03 1.2580125427e+03 1.3252570190e+03 0 0
162 5.0321866172e+04 5.1917482836e+04 5.1763583184e+04 5.2045675940e+04 5.3475475650e+04 2.7344783923e+00 2.7445685396e+00 2.7444212224e+00 2.7411516346e+00 2.7451150865e+00 2.0177375001e+03 2.3150137939e+03 2.1875791016e+03 1.1401402531e+03 1.2457234497e+03 1.2490934448e+03 0 0
163 4.9852938850e+04 5.2177469467e+04 5.2017747125e+04 5.0467114679e+04 5.1084229112e+04 2.7313402699e+00 2.7411911313e+00 2.7411180982e+00 2.7377923272e+00 2.7415390575e+00 2.0800771786e+03 2.1299429321e+03 2.0441755981e+03 1.1421527836e+03 1.1862090149e+03 1.1884018555e+03 0 0
164 4.9833236087e+04 5.0714604129e+04 5.0564283363e+04 5.0220796330e+04 5.0960982094e+04 2.7277756489e+00 2.7376170187e+00 2.7375772044e+00 2.7343565957e+00 2.7384601169e+00 1.7857001694e+03 2.0047864380e+03 2.4335628662e+03 1.0790778652e+03 1.1285258789e+03 1.2291555786e+03 0 0
165 4.8376434409e+04 5.0681428867e+04 5.0624369152e+04 4.9613727133e+04 5.0193262337e+04 2.7242025740e+00 2.7340666590e+00 2.7340741312e+00 2.7306856545e+00 2.7349513410e+00 1.6807913009e+03 2.0099866943e+03 2.2104941406e+03 1.0103683913e+03 1.1302169189e+03 1.1891999817e+03 0 0
166 4.8737529358e+04 4.9829500018e+04 4.9820770608e+04 4.8238808609e+04 4.9945634444e+04 2.7209505593e+00 2.7302815495e+00 2.7302943067e+00 2.7276446785e+00 2.7314109530e+00 1.7034465064e+03 2.0428772278e+03 1.8096128845e+03 1.0124908994e+03 1.1015871277e+03 1.0862143250e+03 0 0
167 4.6860843844e+04 4.8847240086e+04 4.8873452917e+04 4.9569105217e+04 4.8826904059e+04 2.7177310247e+00 2.7268606575e+00 2.7268695972e+00 2.7244353377e+00 2.7278773799e+00 1.5810269325e+03 2.0507530518e+03 1.9062767639e+03 9.6583808518e+02 1.1023659973e+03 1.0880356140e+03 0 0
168 4.7497502181e+04 4.9202924141e+04 4.9270295148e+04 4.7651750020e+04 4.8353069479e+04 2.7144966256e+00 2.7236334665e+00 2.7236348361e+00 2.7207047402e+00 2.7247846585e+00 1.5595850660e+03 1.5716751709e+03 1.8791546631e+03 9.4726017882e+02 9.7967428589e+02 1.0542664185e+03 0 0
169 4.5651933489e+04 4.7383515783e+04 4.7607257262e+04 4.8051897278e+04 4.7957698694e+04 2.7109735724e+00 2.7199570048e+00 2.7198731156e+00 2.7177213888e+00 2.7216442512e+00 1.3183753435e+03 1.6481627808e+03 2.0133790588e+03 8.7161464069e+02 9.7727510071e+02 1.0603616028e+03 0 0
170 4.5439096174e+04 4.7367907448e+04 4.7236628500e+04 4.5444349088e+04 4.7804101581e+04 2.7076691199e+00 2.7170162607e+00 2.7169730080e+00 2.7145793075e+00 2.7181852980e+00 1.5234484517e+03 1.5947467346e+03 1.7562363586e+03 9.0157896243e+02 9.4528906250e+02 1.0119054260e+03 0 0
171 4.4544422900e+04 4.5747532567e+04 4.5884916214e+04 4.5993318471e+04 4.6037435897e+04 2.7045133244e+00 2.7140611137e+00 2.7139357217e+00 2.7116217499e+00 2.7152489708e+00 1.3419594586e+03 1.8339802246e+03 1.7627333679e+03 8.4360177887e+02 9.5786685181e+02 9.7534941101e+02 0 0
172 4.3391815687e+04 4.6101592163e+04 4.5880765120e+04 4.4300714938e+04 4.5941369244e+04 2.7013290535e+00 2.7106018930e+00 2.7105123902e+00 2.7082576751e+00 2.7123707911e+00 1.3929025539e+03 1.9008566589e+03 1.7463368835e+03 8.4008066805e+02 9.8812435913e+02 9.6550076294e+02 0 0
173 4.4050208282e+04 4.4704094488e+04 4.4708130088e+04 4.5113395261e+04 4.4752409008e+04 2.6980385126e+00 2.7072986144e+00 2.7072368483e+00 2.7054589468e+00 2.7090657748e+00 1.3577895088e+03 1.6952043457e+03 1.7502546692e+03 8.2571386569e+02 9.1344873047e+02 9.3762283325e+02 0 0
174 4.3194096033e+04 4.4493823751e+04 4.4296346034e+04 4.3672884402e+04 4.4758689525e+04 2.6946859038e+00 2.7043091298e+00 2.7042958067e+00 2.7021188624e+00 2.7058743660e+00 1.2529043036e+03 1.4217285461e+03 1.8437088623e+03 7.9397547777e+02 8.5611717224e+02 9.6291049194e+02 0 0
175 4.2763265363e+04 4.3633459455e+04 4.3434233135e+04 4.3172174743e+04 4.4363646379e+04 2.6907406798e+00 2.7010853366e+00 2.7011560131e+00 2.6991256841e+00 2.7029662089e+00 1.2192187831e+03 1.4573887329e+03 1.4149623108e+03 7.7351089161e+02 8.4078959656e+02 8.4475663757e+02 0 0
176 4.1670411001e+04 4.3190843474e+04 4.2862485976e+04 4.3617150388e+04 4.3808280496e+04 2.6869840457e+00 2.6978550195e+00 2.6980146797e+00 2.6957354635e+00 2.6995403113e+00 1.2126569772e+03 1.3935419922e+03 1.3682001953e+03 7.5755904447e+02 8.2568109131e+02 8.4032443237e+02 0 0
177 4.1072324618e+04 4.3771312615e+04 4.3098249060e+04 4.2177128968e+04 4.3187838288e+04 2.6834893701e+00 2.6943826342e+00 2.6948469063e+00 2.6922923292e+00 2.6962428175e+00 1.2164157102e+03 1.4227607422e+03 1.2168103027e+03 7.3897763874e+02 8.1207057190e+02 7.8012911987e+02 0 0
178 4.1024886574e+04 4.1975958071e+04 4.1677948510e+04 4.2175793626e+04 4.3283427591e+04 2.6797414688e+00 2.6906812351e+00 2.6915286284e+00 2.6887687357e+00 2.6926768517e+00 1.2061195808e+03 1.4805363159e+03 1.3289558411e+03 7.2712298249e+02 8.2027423096e+02 8.0107429504e+02 0 0
179 3.9859659220e+04 4.1091671176e+04 4.1962099471e+04 4.1182458402e+04 4.1712794776e+04 2.6759447698e+00 2.6873155447e+00 2.6880846232e+00 2.6849328760e+00 2.6890870352e+00 1.0640235264e+03 1.2726442871e+03 1.3102359314e+03 6.8309664999e+02 7.6348016357e+02 7.7990554810e+02 0 0
180 3.9140788003e+04 4.0446587001e+04 4.0836145558e+04 4.1082828335e+04 4.1081606979e+04 2.6725818042e+00 2.6838727056e+00 2.6844283263e+00 2.6813476526e+00 2.6854571944e+00 1.0376792622e+03 1.1896714783e+03 1.4396452332e+03 6.5132079417e+02 7.2463293457e+02 7.8927491760e+02 0 0
181 3.8134177831e+04 4.0535803434e+04 4.0757604640e+04 4.0070172049e+04 4.0766731534e+04 2.6691418361e+00 2.6805769746e+00 2.6808191479e+00 2.6778988097e+00 2.6820610439e+00 1.1124321479e+03 1.1781985779e+03 1.3874086304e+03 6.6437986455e+02 7.0953469849e+02 7.6767391968e+02 0 0
182 3.7204403674e+04 3.9710030572e+04 3.9490205773e+04 3.9185055110e+04 3.9850087076e+04 2.6657475204e+00 2.6772339066e+00 2.6776441928e+00 2.6741292975e+00 2.6785859085e+00 1.0999658505e+03 1.1378819885e+03 1.4007034607e+03 6.4412811134e+02 6.8400070190e+02 7.4797787476e+02 0 0
183 3.7494312223e+04 3.8849370651e+04 3.8573607557e+04 3.9052050599e+04 3.9256918677e+04 2.6627873671e+00 2.6736752031e+00 2.6741688338e+00 2.6708389277e+00 2.6754706451e+00 1.1564523784e+03 1.1032170410e+03 1.4324201660e+03 6.4416478143e+02 6.6419496155e+02 7.4815263367e+02 0 0
184 3.5848641573e+04 3.8326599849e+04 3.8650514511e+04 3.7695429537e+04 3.8702753184e+04 2.6595587581e+00 2.6704836673e+00 2.6710459115e+00 2.6674482222e+00 2.6718918273e+00 1.0814558521e+03 1.0287741089e+03 1.2425705566e+03 6.1472175356e+02 6.4253826904e+02 6.9475559998e+02 0 0
185 3.6297516443e+04 3.7071223125e+04 3.7478699657e+04 3.7591583739e+04 3.7843149129e+04 2.6562605388e+00 2.6674453093e+00 2.6678142373e+00 2.6639836859e+00 2.6687741790e+00 1.0912436393e+03 9.9346398926e+02 1.2589217834e+03 6.0570159546e+02 6.1459927368e+02 6.8267729187e+02 0 0
186 3.4882294651e+04 3.7398986083e+04 3.7550910934e+04 3.7248838479e+04 3.6896333043e+04 2.6531010475e+00 2.6643390993e+00 2.6645937495e+00 2.6607315690e+00 2.6657451951e+00 1.0477868250e+03 9.5744252014e+02 1.3059942322e+03 5.9503250192e+02 5.9788473511e+02 6.8525395203e+02 0 0
187 3.5684783833e+04 3.6667120094e+04 3.6744229043e+04 3.5813075601e+04 3.7183049902e+04 2.6499686347e+00 2.6609349032e+00 2.6611800344e+00 2.6574897902e+00 2.6626304341e+00 1.0622788150e+03 9.1983848572e+02 1.2441281433e+03 5.8921142828e+02 5.6954516602e+02 6.5578450012e+02 0 0
188 3.4333304060e+04 3.5829916439e+04 3.5993282929e+04 3.5973166889e+04 3.6405875570e+04 2.6467944890e+00 2.6582401159e+00 2.6583150880e+00 2.6542288548e+00 2.6594662000e+00 1.1109894239e+03 1.0782634888e+03 1.1580985413e+03 5.8481816284e+02 5.9743524170e+02 6.3036439514e+02 0 0
189 3.4971611323e+04 3.6084478658e+04 3.6124246041e+04 3.4940131654e+04 3.5762716675e+04 2.6435267289e+00 2.6548505620e+00 2.6550212505e+00 2.6508499941e+00 2.6564499315e+00 1.0897135805e+03 1.0240200195e+03 1.1459819946e+03 5.7740644680e+02 5.8902517700e+02 6.1092842102e+02 0 0
190 3.3286637950e+04 3.5059035925e+04 3.5039293144e+04 3.5565347629e+04 3.5786946447e+04 2.6402246428e+00 2.6515246881e+00 2.6515729046e+00 2.6477992676e+00 2.6534068924e+00 9.8647978186e+02 9.8336073303e+02 1.1456609497e+03 5.4890378478e+02 5.6651292419e+02 6.1295075989e+02 0 0
191 3.3786091826e+04 3.5809683607e+04 3.5577547976e+04 3.4255787015e+04 3.4639996305e+04 2.6371505367e+00 2.6482319471e+00 2.6484388572e+00 2.6443566495e+00 2.6499217728e+00 8.8800378915e+02 9.4879736328e+02 1.1183764038e+03 5.1428161734e+02 5.4927619934e+02 5.9796281433e+02 0 0
192 3.2414918530e+04 3.4332743555e+04 3.4078604666e+04 3.4423419005e+04 3.5672408161e+04 2.6339831314e+00 2.6448705222e+00 2.6451546817e+00 2.6409698030e+00 2.6468988382e+00 8.3879301106e+02 9.3427651978e+02 1.0489319458e+03 4.9260002772e+02 5.3849819946e+02 5.8356799316e+02 0 0
193 3.2711037652e+04 3.4328614304e+04 3.4041427937e+04 3.2694370402e+04 3.4188956346e+04 2.6308977403e+00 2.6415052918e+00 2.6421144731e+00 2.6378433304e+00 2.6435120756e+00 7.9531498842e+02 9.0826773071e+02 8.6590463257e+02 4.6982030390e+02 5.1781948853e+02 5.2949423218e+02 0 0
194 3.2408793605e+04 3.2745863617e+04 3.3124602579e+04 3.2653691246e+04 3.4433249048e+04 2.6278099578e+00 2.6381911371e+00 2.6387483242e+00 2.6350373258e+00 2.6399832159e+00 7.5173002701e+02 9.7939633179e+02 8.7019477844e+02 4.6220647050e+02 5.1259356689e+02 5.2263400269e+02 0 0
195 3.1161936960e+04 3.2924007532e+04 3.2864015579e+04 3.1701253477e+04 3.2649002680e+04 2.6244655105e+00 2.6354326307e+00 2.6358927230e+00 2.6322754610e+00 2.6367300739e+00 6.9852043028e+02 1.1371967773e+03 8.0546047974e+02 4.3726195889e+02 5.3471192932e+02 4.9498338318e+02 0 0
196 3.1608658819e+04 3.1614432147e+04 3.2148828906e+04 3.2823125506e+04 3.2774061939e+04 2.6213586117e+00 2.6324271462e+00 2.6328857080e+00 2.6292182588e+00 2.6337380398e+00 7.4137323252e+02 9.1010525513e+02 8.1032015991e+02 4.4179535134e+02 4.9519981384e+02 4.7835411072e+02 0 0
197 3.0223889019e+04 3.2434436021e+04 3.2594730372e+04 3.1648622845e+04 3.1382546997e+04 2.6184058095e+00 2.6295662810e+00 2.6297379254e+00 2.6260669759e+00 2.6309891375e+00 8.2042523896e+02 7.5514958191e+02 9.5106692505e+02 4.3940762008e+02 4.5812013245e+02 4.9442355347e+02 0 0
198 3.0784461621e+04 3.1601675905e+04 3.1687374899e+04 3.1195355552e+04 3.2501431353e+04 2.6157969109e+00 2.6263756006e+00 2.6265519954e+00 2.6228833524e+00 2.6278847804e+00 9.7335610764e+02 7.1360128784e+02 9.3771826172e+02 4.7245105722e+02 4.3595384979e+02 4.9353548431e+02 0 0
199 3.0356977294e+04 3.1333893215e+04 3.1265599754e+04 3.1554588129e+04 3.1047743364e+04 2.6126641964e+00 2.6233371401e+00 2.6234647942e+00 2.6196539772e+00 2.6248768602e+00 7.3898665430e+02 7.1667103577e+02 8.4075186157e+02 4.2790632083e+02 4.3436288452e+02 4.7071292877e+02 0 0
200 2.9554757414e+04 3.0727445973e+04 3.0683879807e+04 3.0555459349e+04 3.1045484052e+04 2.6097111974e+00 2.6202019240e+00 2.6204128322e+00 2.6165683618e+00 2.6219164958e+00 6.8037881910e+02 6.6108399963e+02 8.2107389832e+02 4.0759760742e+02 4.0999742126e+02 4.5282786560e+02 0 0
201 2.9893275779e+04 3.0942671119e+04 3.1025363560e+04 3.1092615200e+04 3.0812086979e+04 2.6069532690e+00 2.6173189364e+00 2.6174868660e+00 2.6135999753e+00 2.6188330845e+00 6.6770826524e+02 6.8169978333e+02 8.2967492676e+02 3.9484061573e+02 4.1401875305e+02 4.5311512756e+02 0 0
202 2.8776381940e+04 3.0492315622e+04 3.0353948277e+04 2.9428180236e+04 3.0892134403e+04 2.6040276807e+00 2.6143088757e+00 2.6145319715e+00 2.6105848717e+00 2.6158706810e+00 6.5996516254e+02 6.5272229004e+02 7.5517413330e+02 3.8720523785e+02 4.0082148743e+02 4.2922032166e+02 0 0
203 2.8363929179e+04 3.0190944338e+04 3.0184012722e+04 2.9528458409e+04 3.0494564499e+04 2.6014744111e+00 2.6114677668e+00 2.6117169714e+00 2.6077297321e+00 2.6128875344e+00 8.0425706280e+02 7.2734593201e+02 6.9251399231e+02 4.0317663058e+02 4.0738111877e+02 4.1472783661e+02 0 0
204 2.8423979749e+04 2.9380184887e+04 2.8980832286e+04 2.9382692048e+04 2.9690439135e+04 2.5986671757e+00 2.6084584254e+00 2.6088974162e+00 2.6050670612e+00 2.6100755243e+00 8.1073922419e+02 6.8993707275e+02 7.2638517761e+02 4.1047306816e+02 3.9497907257e+02 4.1240541077e+02 0 0
205 2.8014501835e+04 2.9493105364e+04 2.9432591459e+04 2.8668214036e+04 2.9498073157e+04 2.5958629367e+00 2.6056618123e+00 2.6061838323e+00 2.6021809307e+00 2.6071366061e+00 6.9292803989e+02 6.8859240723e+02 7.0403289795e+02 3.7861347533e+02 3.9042522430e+02 4.0696337891e+02 0 0
206 2.8129191395e+04 2.9038809893e+04 2.8937947405e+04 2.8640098324e+04 2.9368251701e+04 2.5928788160e+00 2.6028150733e+00 2.6035248067e+00 2.5992576624e+00 2.6042739701e+00 6.9138608757e+02 6.6630487061e+02 6.1876837158e+02 3.7841043743e+02 3.7930792999e+02 3.7726248932e+02 0 0
207 2.7454872231e+04 2.8382410328e+04 2.8587269894e+04 2.7713247085e+04 2.8963588728e+04 2.5899324947e+00 2.5999294144e+00 2.6006656291e+00 2.5964391620e+00 2.6014148736e+00 6.6384428933e+02 6.6109458923e+02 6.3146266174e+02 3.6514666763e+02 3.7310871124e+02 3.7861023712e+02 0 0
208 2.7295369792e+04 2.7934262260e+04 2.8456498168e+04 2.7975083771e+04 2.8381736099e+04 2.5870914094e+00 2.5970694246e+00 2.5976405224e+00 2.5935887166e+00 2.5984658703e+00 6.4543384137e+02 7.2057339478e+02 6.2063453674e+02 3.5985984525e+02 3.7892793274e+02 3.6639189148e+02 0 0
209 2.7287581723e+04 2.7797362753e+04 2.7817879718e+04 2.7634311426e+04 2.7790300466e+04 2.5842379535e+00 2.5942731668e+00 2.5946667064e+00 2.5906557899e+00 2.5955177566e+00 6.0810744992e+02 7.1201133728e+02 6.6869706726e+02 3.4870897531e+02 3.7955016327e+02 3.7292884064e+02 0 0
210 2.7490051491e+04 2.7843800890e+04 2.7845236289e+04 2.7235318247e+04 2.7762632728e+04 2.5814302266e+00 2.5913641491e+00 2.5917808442e+00 2.5877981355e+00 2.5927506899e+00 5.5956466895e+02 6.4418580627e+02 6.9659516907e+02 3.3597514541e+02 3.5599803162e+02 3.7404916382e+02 0 0
211 2.6661794803e+04 2.7165152972e+04 2.7044889499e+04 2.7213991695e+04 2.7498614947e+04 2.5786218367e+00 2.5884679822e+00 2.5890025377e+00 2.5849682902e+00 2.5899691246e+00 6.0367597080e+02 6.4214743042e+02 7.5888665771e+02 3.3705673761e+02 3.5888617706e+02 3.8021218109e+02 0 0
212 2.6637698045e+04 2.7095323287e+04 2.7147462202e+04 2.7637609159e+04 2.7184748665e+04 2.5760848662e+00 2.5857113206e+00 2.5862600006e+00 2.5821057508e+00 2.5871341196e+00 6.7882009899e+02 5.3124832153e+02 7.4472676086e+02 3.5112223763e+02 3.3023338318e+02 3.7749532318e+02 0 0
213 2.6603999299e+04 2.6900212639e+04 2.7001495662e+04 2.7011336287e+04 2.7189136654e+04 2.5732464051e+00 2.5830926092e+00 2.5836056201e+00 2.5792081509e+00 2.5843059147e+00 6.4004877128e+02 5.3992973328e+02 6.0792170715e+02 3.4536039499e+02 3.2793582153e+02 3.4955342865e+02 0 0
214 2.6713184941e+04 2.7273449067e+04 2.7306548958e+04 2.6867806758e+04 2.7112168781e+04 2.5705243924e+00 2.5802995982e+00 2.5807743569e+00 2.5764261862e+00 2.5815866410e+00 5.8177582959e+02 5.5867324829e+02 5.9385928345e+02 3.3531101808e+02 3.2819314575e+02 3.4046170807e+02 0 0
215 2.6646397365e+04 2.6423511954e+04 2.6686055085e+04 2.6750688963e+04 2.7310551807e+04 2.5676587637e+00 2.5776834843e+00 2.5780533969e+00 2.5735802698e+00 2.5786712790e+00 5.6401142110e+02 5.5863925171e+02 5.4643736267e+02 3.2562811554e+02 3.2922547913e+02 3.3127496338e+02 0 0
216 2.6535744898e+04 2.6919801485e+04 2.6980917701e+04 2.6474580714e+04 2.6606436514e+04 2.5646580535e+00 2.5749550419e+00 2.5752448776e+00 2.5707473029e+00 2.5758607022e+00 5.3790473494e+02 5.5090844727e+02 5.4471545410e+02 3.2236551832e+02 3.2633027649e+02 3.2332072449e+02 0 0
217 2.6050161032e+04 2.6371803124e+04 2.6350945941e+04 2.6802984908e+04 2.6907424106e+04 2.5617371287e+00 2.5721758668e+00 2.5724526959e+00 2.5679308653e+00 2.5730422239e+00 5.2972966645e+02 5.7588291931e+02 5.6030937195e+02 3.1402133235e+02 3.2934999847e+02 3.2943575287e+02 0 0
218 2.6594042237e+04 2.6476890452e+04 2.6476431179e+04 2.6117617043e+04 2.6422923381e+04 2.5586601491e+00 2.5694346534e+00 2.5697173677e+00 2.5650529239e+00 2.5701672360e+00 4.8992768344e+02 5.4106826782e+02 5.4427323914e+02 3.0509801623e+02 3.2005615234e+02 3.2387798309e+02 0 0
219 2.5203123228e+04 2.6519657313e+04 2.6531403883e+04 2.6377978694e+04 2.6318983567e+04 2.5558187807e+00 2.5666121710e+00 2.5669031612e+00 2.5620625089e+00 2.5674740717e+00 5.0365567322e+02 5.7494967651e+02 6.0911251831e+02 3.0112203736e+02 3.2398978424e+02 3.3195981598e+02 0 0
220 2.6281198367e+04 2.5865704862e+04 2.5907542685e+04 2.5616164896e+04 2.6168517268e+04 2.5529276048e+00 2.5637183370e+00 2.5640022768e+00 2.5593044174e+00 2.5647160185e+00 5.6688710871e+02 5.4194772339e+02 6.4377670288e+02 3.1439223321e+02 3.1244717407e+02 3.3884455109e+02 0 0
221 2.4981310641e+04 2.6091280996e+04 2.6262316120e+04 2.6007477079e+04 2.6089568797e+04 2.5500184658e+00 2.5609965201e+00 2.5612154200e+00 2.5563080482e+00 2.5618168104e+00 5.2200300316e+02 5.6798542786e+02 5.8779405212e+02 3.0118118495e+02 3.1727084351e+02 3.2787253571e+02 0 0
222 2.5879859252e+04 2.5621284901e+04 2.5695856787e+04 2.4913330729e+04 2.5775409056e+04 2.5471337264e+00 2.5580638007e+00 2.5582023254e+00 2.5537479488e+00 2.5590246962e+00 5.1246368638e+02 5.8978633118e+02 5.8715902710e+02 2.9848963992e+02 3.1466228485e+02 3.1839712524e+02 0 0
223 2.4583901195e+04 2.5889815758e+04 2.5920262962e+04 2.6199353885e+04 2.5778686390e+04 2.5441353421e+00 2.5552243557e+00 2.5553360511e+00 2.5508434924e+00 2.5561251811e+00 4.3826351940e+02 6.3075923157e+02 5.7171350098e+02 2.7985750426e+02 3.2436951447e+02 3.1992517853e+02 0 0
224 2.5513763759e+04 2.5323007720e+04 2.5359596211e+04 2.4931481143e+04 2.5429914982e+04 2.5411472103e+00 2.5523137494e+00 2.5523939746e+00 2.5479687459e+00 2.5532670735e+00 4.4011644766e+02 5.0137700653e+02 5.3207341003e+02 2.7519891013e+02 2.9656145477e+02 3.0628459167e+02 0 0
225 2.4926592703e+04 2.5930854517e+04 2.5914601907e+04 2.5559978717e+04 2.5856118812e+04 2.5380796119e+00 2.5493965652e+00 2.5494883607e+00 2.5450181575e+00 2.5503627401e+00 4.3153645891e+02 4.7570528412e+02 5.0429846954e+02 2.7512024238e+02 2.8732832336e+02 2.9819363403e+02 0 0
226 2.4505371997e+04 2.4910554871e+04 2.4913189439e+04 2.4779087957e+04 2.5209359532e+04 2.5352816400e+00 2.5465024633e+00 2.5465916779e+00 2.5420473566e+00 2.5474102597e+00 4.2571331179e+02 4.2946160889e+02 4.9671490479e+02 2.6898935252e+02 2.7554267120e+02 2.9223506927e+02 0 0
227 2.4327003841e+04 2.5062055462e+04 2.5016518063e+04 2.5403616750e+04 2.5490917598e+04 2.5322172883e+00 2.5436254709e+00 2.5437396800e+00 2.5391038214e+00 2.5444927929e+00 4.5393071753e+02 4.4200273895e+02 4.7029894257e+02 2.7266105618e+02 2.7340853119e+02 2.8654700470e+02 0 0
228 2.3761737828e+04 2.5139766745e+04 2.5120075159e+04 2.4499673141e+04 2.4264410151e+04 2.5295919309e+00 2.5406989964e+00 2.5408292942e+00 2.5361281159e+00 2.5415953807e+00 4.4755871667e+02 4.6657969666e+02 4.5250972748e+02 2.6424862122e+02 2.8094673157e+02 2.7697145844e+02 0 0
229 2.3422236535e+04 2.5067596295e+04 2.5054984654e+04 2.4221326140e+04 2.5801149742e+04 2.5271346783e+00 2.5377326573e+00 2.5378796714e+00 2.5333891397e+00 2.5386942750e+00 5.0032059692e+02 4.4630458069e+02 4.7472297668e+02 2.6925853392e+02 2.6980479431e+02 2.8235979462e+02 0 0
230 2.3497079004e+04 2.4490921747e+04 2.4442681359e+04 2.3818513808e+04 2.4021888685e+04 2.5244234772e+00 2.5348063710e+00 2.5349839939e+00 2.5306404666e+00 2.5358892732e+00 4.7563021289e+02 4.8951751709e+02 4.7813652802e+02 2.6589043600e+02 2.7471156311e+02 2.7821849060e+02 0 0
231 2.3277775335e+04 2.3974457074e+04 2.3942845278e+04 2.3569949682e+04 2.4268840928e+04 2.5216788702e+00 2.5320217312e+00 2.5322154620e+00 2.5279890919e+00 2.5331949847e+00 3.8983764198e+02 4.6440327454e+02 5.8303097534e+02 2.4293367757e+02 2.6431437683e+02 2.9521641541e+02 0 0
232 2.3172542942e+04 2.3919789966e+04 2.3801452057e+04 2.3308172644e+04 2.3530479298e+04 2.5190109468e+00 2.5292498361e+00 2.5295282057e+00 2.5255426934e+00 2.5306745143e+00 4.0638055109e+02 4.8583499146e+02 5.2301499939e+02 2.4413767345e+02 2.6468311310e+02 2.8249806976e+02 0 0
233 2.2304196813e+04 2.3706213869e+04 2.3460839883e+04 2.3057132519e+04 2.3683199784e+04 2.5163738796e+00 2.5264351691e+00 2.5267809806e+00 2.5230029003e+00 2.5279973733e+00 4.0291386824e+02 4.7682849121e+02 4.9339665222e+02 2.3931101315e+02 2.5948992920e+02 2.7026584625e+02 0 0
234 2.1674064413e+04 2.3222313408e+04 2.3087479551e+04 2.2943866108e+04 2.3288680169e+04 2.5138461838e+00 2.5238380824e+00 2.5244063907e+00 2.5203968173e+00 2.5254038608e+00 4.4885631558e+02 5.0023428345e+02 4.5461145020e+02 2.3903835075e+02 2.6166297150e+02 2.5865525818e+02 0 0
235 2.1326168705e+04 2.3075205048e+04 2.3097019028e+04 2.2773143481e+04 2.3011843907e+04 2.5114547470e+00 2.5211798375e+00 2.5217846623e+00 2.5178351470e+00 2.5230142719e+00 4.6659543508e+02 4.6799171448e+02 5.1160706329e+02 2.4080445236e+02 2.5677984619e+02 2.6360105133e+02 0 0
236 2.1352206917e+04 2.2472188678e+04 2.2728630051e+04 2.1882262406e+04 2.3004962247e+04 2.5091008114e+00 2.5186180221e+00 2.5191905519e+00 2.5152753714e+00 2.5204614253e+00 3.9405948509e+02 3.9582030487e+02 4.9973469543e+02 2.2019840206e+02 2.3406248283e+02 2.6337162018e+02 0 0
237 2.0925231026e+04 2.2044646334e+04 2.2057329666e+04 2.1635762986e+04 2.2556033694e+04 2.5064567234e+00 2.5162200163e+00 2.5166668244e+00 2.5126711756e+00 2.5178885224e+00 3.3668268628e+02 4.0298945618e+02 4.7757509613e+02 2.0687093093e+02 2.2825512123e+02 2.5500473213e+02 0 0
238 2.0977919457e+04 2.1470397854e+04 2.1412240238e+04 2.1018056999e+04 2.1997742430e+04 2.5038302912e+00 2.5138621388e+00 2.5144051228e+00 2.5102987899e+00 2.5153328930e+00 2.9946299421e+02 4.0803627014e+02 4.5959334564e+02 1.9291858021e+02 2.2201462173e+02 2.4751495743e+02 0 0
239 2.0525791313e+04 2.1345820762e+04 2.1565458307e+04 2.1029892629e+04 2.1418538512e+04 2.5014135339e+00 2.5113613452e+00 2.5119145263e+00 2.5081395425e+00 2.5129901789e+00 3.0574830277e+02 4.6014070892e+02 4.2043615723e+02 1.9202023134e+02 2.2679512978e+02 2.3213900566e+02 0 0
240 2.0142785057e+04 2.1117146019e+04 2.1119993939e+04 2.0544143302e+04 2.1328384093e+04 2.4989937344e+00 2.5089519201e+00 2.5093648994e+00 2.5056915650e+00 2.5104465763e+00 3.3008674760e+02 3.9532874298e+02 4.2045060730e+02 1.9317679971e+02 2.1675987244e+02 2.2630939484e+02 0 0
241 1.9494443359e+04 2.0681875350e+04 2.0781079856e+04 2.0453426510e+04 2.0975481306e+04 2.4965826626e+00 2.5066966201e+00 2.5071823348e+00 2.5032690590e+00 2.5080965511e+00 3.5593958410e+02 3.7546308136e+02 3.9262458038e+02 1.9455376650e+02 2.0425088120e+02 2.1603507614e+02 0 0
242 1.9637601049e+04 2.0639982171e+04 2.0247853022e+04 2.0343671252e+04 2.0734648104e+04 2.4942224906e+00 2.5041303288e+00 2.5047246639e+00 2.5010370125e+00 2.5057369269e+00 3.4383672654e+02 4.1017214203e+02 3.8430496979e+02 1.9042362385e+02 2.1190010834e+02 2.1176724052e+02 0 0
243 1.9164622788e+04 2.0471793668e+04 2.0460697153e+04 1.9891397940e+04 2.0520927854e+04 2.4918161628e+00 2.5016567804e+00 2.5024602863e+00 2.4987730826e+00 2.5033159527e+00 2.8251919400e+02 3.7765723419e+02 3.4705068207e+02 1.7253862557e+02 2.0271466255e+02 2.0263624382e+02 0 0
244 1.9270069961e+04 1.9985507549e+04 2.0183651206e+04 1.9693517309e+04 2.0253105638e+04 2.4892578566e+00 2.4993173827e+00 2.5000698347e+00 2.4962706558e+00 2.5007980865e+00 2.6696695987e+02 3.2646192932e+02 3.5421685791e+02 1.6661403469e+02 1.8897652054e+02 1.9748013878e+02 0 0
245 1.8753620921e+04 1.9580276607e+04 1.9717792168e+04 1.9231061541e+04 1.9864314134e+04 2.4867769273e+00 2.4970324665e+00 2.4977689020e+00 2.4938639881e+00 2.4986445278e+00 2.4952929912e+02 3.0801010895e+02 3.9623402405e+02 1.6155870694e+02 1.7947089767e+02 2.0670998955e+02 0 0
246 1.9170532010e+04 1.9063383960e+04 1.9450858696e+04 1.9136688951e+04 1.9542806349e+04 2.4842708735e+00 2.4946113451e+00 2.4952403614e+00 2.4915381492e+00 2.4963305593e+00 2.5066419893e+02 3.0666227722e+02 3.4419202423e+02 1.6024600889e+02 1.7478566933e+02 1.9062971306e+02 0 0
247 1.8588909751e+04 1.9191664857e+04 1.9300981115e+04 1.8894848398e+04 1.9330092602e+04 2.4815982473e+00 2.4924051531e+00 2.4927588078e+00 2.4892162610e+00 2.4938283623e+00 2.3558832040e+02 3.0169497681e+02 3.2244063568e+02 1.5540604446e+02 1.7268674469e+02 1.8428112793e+02 0 0
248 1.8595165012e+04 1.8867931736e+04 1.8908137507e+04 1.8624872832e+04 1.9326311184e+04 2.4790239213e+00 2.4900945498e+00 2.4904946834e+00 2.4868403929e+00 2.4913651515e+00 2.5906641111e+02 3.1127990723e+02 2.7379525757e+02 1.5970986042e+02 1.7230990028e+02 1.6867565727e+02 0 0
249 1.8421565675e+04 1.8986817321e+04 1.8823167852e+04 1.8688260272e+04 1.8869631051e+04 2.4763145608e+00 2.4877125037e+00 2.4880901048e+00 2.4844667870e+00 2.4890049252e+00 2.5295475016e+02 3.1462133026e+02 2.7169342804e+02 1.5888904302e+02 1.7327046013e+02 1.6564511490e+02 0 0
250 1.8155543295e+04 1.8590450021e+04 1.8419998697e+04 1.8591820997e+04 1.8941952592e+04 2.4736044883e+00 2.4852030048e+00 2.4858330397e+00 2.4821436144e+00 2.4865813902e+00 2.2351907818e+02 2.9744948578e+02 2.8232312775e+02 1.4726923462e+02 1.6747104836e+02 1.6725070190e+02 0 0
251 1.7858529849e+04 1.9037482186e+04 1.8657108029e+04 1.8475213233e+04 1.8407052561e+04 2.4710328088e+00 2.4826955134e+00 2.4834609412e+00 2.4795243785e+00 2.4841168105e+00 2.3711892035e+02 2.9183048248e+02 2.8674644470e+02 1.4838699860e+02 1.6785078430e+02 1.6600823784e+02 0 0
252 1.8357690151e+04 1.8457491921e+04 1.8396011742e+04 1.8189938318e+04 1.8639045469e+04 2.4684025709e+00 2.4800480720e+00 2.4811265307e+00 2.4769099373e+00 2.4818449374e+00 2.1540283315e+02 2.7738856506e+02 3.1675592041e+02 1.4269815990e+02 1.6218752480e+02 1.7023815155e+02 0 0
253 1.7554964015e+04 1.8286873981e+04 1.8589288959e+04 1.7997240677e+04 1.8161663360e+04 2.4657195737e+00 2.4773550012e+00 2.4784457184e+00 2.4744008771e+00 2.4794266170e+00 2.0977590878e+02 2.5624980927e+02 3.2811499786e+02 1.3990690268e+02 1.5558908653e+02 1.7275178719e+02 0 0
254 1.8242752617e+04 1.7453835796e+04 1.7929417168e+04 1.7904271669e+04 1.8360095860e+04 2.4630226419e+00 2.4750495259e+00 2.4757702309e+00 2.4717329806e+00 2.4769189368e+00 2.4787086084e+02 2.3265397644e+02 3.2281682587e+02 1.4942083333e+02 1.4714827919e+02 1.7198193169e+02 0 0
255 1.7605559771e+04 1.7787258361e+04 1.8068790330e+04 1.8000149333e+04 1.7592049113e+04 2.4602039044e+00 2.4727061622e+00 2.4732061585e+00 2.4691749361e+00 2.4743651781e+00 2.1807565461e+02 2.3176544762e+02 2.7604845428e+02 1.4394575585e+02 1.4596604538e+02 1.5842368126e+02 0 0
256 1.7742516368e+04 1.7689940192e+04 1.7761182843e+04 1.7928290939e+04 1.7906301907e+04 2.4574453465e+00 2.4702930617e+00 2.4705919008e+00 2.4665503980e+00 2.4719585007e+00 2.1630701848e+02 2.1710864067e+02 2.7326640320e+02 1.4025171278e+02 1.4188069534e+02 1.5555484200e+02 0 0
257 1.7103363645e+04 1.8007418916e+04 1.7916692552e+04 1.7781493301e+04 1.7728339347e+04 2.4547465083e+00 2.4676546943e+00 2.4680174934e+00 2.4638992882e+00 2.4694082696e+00 2.2568792759e+02 2.4421783066e+02 2.4754943466e+02 1.3963095853e+02 1.4840051651e+02 1.4941265488e+02 0 0
258 1.7239292744e+04 1.7854230199e+04 1.7561807652e+04 1.8095158247e+04 1.8027960506e+04 2.4521488817e+00 2.4650840634e+00 2.4655552171e+00 2.4610962427e+00 2.4667863899e+00 2.4175253764e+02 2.3419242477e+02 2.3474705887e+02 1.4124465768e+02 1.4709176445e+02 1.4571206284e+02 0 0
259 1.6928393812e+04 1.7848839066e+04 1.7597067028e+04 1.7200453947e+04 1.7705465823e+04 2.4495784686e+00 2.4623044422e+00 2.4631732307e+00 2.4583703742e+00 2.4641572552e+00 2.5384669839e+02 2.2126933670e+02 2.3071348572e+02 1.4372377690e+02 1.4143201637e+02 1.4534299660e+02 0 0
260 1.6856938381e+04 1.7549967977e+04 1.7657022172e+04 1.7597650752e+04 1.7599447264e+04 2.4469339916e+00 2.4596078115e+00 2.4605013146e+00 2.4558046917e+00 2.4616867571e+00 2.3520767258e+02 2.4950279236e+02 2.7992568970e+02 1.3761587511e+02 1.4483836746e+02 1.5268496323e+02 0 0
261 1.6810346140e+04 1.7207218020e+04 1.7202563530e+04 1.7188491033e+04 1.7350168645e+04 2.4441023522e+00 2.4570292087e+00 2.4579669275e+00 2.4530092409e+00 2.4591769202e+00 2.2455940280e+02 2.1695037842e+02 3.2544776917e+02 1.3584655078e+02 1.3798546410e+02 1.6152489090e+02 0 0
262 1.6161486866e+04 1.7300744955e+04 1.7677417006e+04 1.7202708624e+04 1.7108519515e+04 2.4415441109e+00 2.4545088520e+00 2.4552527923e+00 2.4503575582e+00 2.4567119467e+00 2.5152465603e+02 2.1698353577e+02 3.1261730194e+02 1.3576439191e+02 1.3493287849e+02 1.5887093353e+02 0 0
263 1.6356071455e+04 1.6990276749e+04 1.6900574191e+04 1.6909842814e+04 1.7419606425e+04 2.4391494219e+00 2.4518977039e+00 2.4525618917e+00 2.4476043562e+00 2.4542110853e+00 3.3477632789e+02 2.2028522873e+02 2.6164742279e+02 1.5288127350e+02 1.3574801445e+02 1.4684821129e+02 0 0
264 1.6515619267e+04 1.6963761847e+04 1.7264556061e+04 1.6996978555e+04 1.6730178720e+04 2.4364212329e+00 2.4494837614e+00 2.4499824572e+00 2.4447447859e+00 2.4516120419e+00 2.4500881482e+02 1.9221392632e+02 2.5223884010e+02 1.3750171590e+02 1.2802635765e+02 1.4189521408e+02 0 0
265 1.6469834707e+04 1.6634269205e+04 1.6637605597e+04 1.6643999519e+04 1.7396319611e+04 2.4335725359e+00 2.4469308142e+00 2.4473030927e+00 2.4418311482e+00 2.4490527632e+00 2.1386286485e+02 2.0528375244e+02 2.7249706268e+02 1.2963307521e+02 1.2973439217e+02 1.4687853432e+02 0 0
266 1.6312789200e+04 1.6711602676e+04 1.6674673490e+04 1.6465158365e+04 1.6432218110e+04 2.4308092833e+00 2.4443040601e+00 2.4447105106e+00 2.4390235537e+00 2.4464394754e+00 1.9390486190e+02 1.9968649864e+02 2.3222284508e+02 1.2404573247e+02 1.2715450859e+02 1.3610996819e+02 0 0
267 1.6049707485e+04 1.6518730218e+04 1.6517192013e+04 1.6500740347e+04 1.7002580510e+04 2.4280167602e+00 2.4416028358e+00 2.4420330298e+00 2.4362696696e+00 2.4437504564e+00 1.7994877882e+02 2.0322287560e+02 2.4812961197e+02 1.1889970825e+02 1.2690447998e+02 1.3896492767e+02 0 0
268 1.6198860427e+04 1.6146298647e+04 1.6224789922e+04 1.5978543613e+04 1.6586884457e+04 2.4253507496e+00 2.4390351690e+00 2.4394414488e+00 2.4336095244e+00 2.4408976716e+00 1.7662312126e+02 2.3010393524e+02 2.1702912140e+02 1.1572262572e+02 1.2934609795e+02 1.3310133743e+02 0 0
269 1.5761319944e+04 1.6301062542e+04 1.6335801664e+04 1.6017420516e+04 1.6261493166e+04 2.4227465264e+00 2.4364866466e+00 2.4368226524e+00 2.4312763382e+00 2.4381914470e+00 1.8504787693e+02 3.0883483887e+02 2.1686086273e+02 1.1705366962e+02 1.4390033913e+02 1.2843344116e+02 0 0
270 1.5791107789e+04 1.6356212765e+04 1.6244564383e+04 1.5922405848e+04 1.6408076060e+04 2.4201763150e+00 2.4337871992e+00 2.4341758692e+00 2.4286492611e+00 2.4354900786e+00 1.7920764797e+02 2.2891196823e+02 2.3149677277e+02 1.1476626977e+02 1.3063439369e+02 1.3364253044e+02 0 0
271 1.5562309312e+04 1.6047852442e+04 1.5896085053e+04 1.5890509369e+04 1.6289681642e+04 2.4176092074e+00 2.4311143091e+00 2.4316872335e+00 2.4261138051e+00 2.4327681694e+00 1.8984945527e+02 1.9763265228e+02 2.0821624184e+02 1.1576846684e+02 1.2005558205e+02 1.2652621746e+02 0 0
272 1.5427651409e+04 1.5808773260e+04 1.5771494286e+04 1.5886982848e+04 1.5921147697e+04 2.4151966603e+00 2.4285491342e+00 2.4292820915e+00 2.4235587423e+00 2.4301250826e+00 2.1247303515e+02 1.9933762741e+02 2.2088464165e+02 1.1955270652e+02 1.1986703205e+02 1.2730390072e+02 0 0
273 1.4948723505e+04 1.5703419246e+04 1.5697154392e+04 1.5448733281e+04 1.5605523125e+04 2.4130048764e+00 2.4261132230e+00 2.4268589625e+00 2.4211008700e+00 2.4277141534e+00 2.6573133379e+02 2.0617139053e+02 2.3772703552e+02 1.2749198250e+02 1.1959439182e+02 1.2768315601e+02 0 0
274 1.5304552405e+04 1.5678397877e+04 1.5902499929e+04 1.5571278175e+04 1.5601819381e+04 2.4106263582e+00 2.4237579451e+00 2.4243975118e+00 2.4187669743e+00 2.4254275132e+00 2.3145136991e+02 2.2355649948e+02 2.6093289185e+02 1.2332283556e+02 1.2255424976e+02 1.3183212471e+02 0 0
275 1.5471620888e+04 1.5623863287e+04 1.5730069548e+04 1.5423726139e+04 1.5884730781e+04 2.4079857563e+00 2.4212815370e+00 2.4217844477e+00 2.4163356051e+00 2.4229571240e+00 1.6785266293e+02 2.2957091713e+02 2.3120177841e+02 1.0877661159e+02 1.2353908062e+02 1.2648233891e+02 0 0
276 1.4743041845e+04 1.5444834476e+04 1.5432700865e+04 1.5190618157e+04 1.5697019335e+04 2.4054720381e+00 2.4188893441e+00 2.4193569580e+00 2.4140478818e+00 2.4203679056e+00 1.5806197833e+02 2.4517701530e+02 1.9158450890e+02 1.0451965761e+02 1.2451438999e+02 1.1825879288e+02 0 0
277 1.4684259932e+04 1.5456706506e+04 1.5501948265e+04 1.4977260631e+04 1.5585997819e+04 2.4031692028e+00 2.4165234692e+00 2.4169962526e+00 2.4117763345e+00 2.4178076809e+00 1.6267136388e+02 2.4522054863e+02 1.7756787491e+02 1.0181784463e+02 1.2464773083e+02 1.1282577038e+02 0 0
278 1.4450459138e+04 1.5354338540e+04 1.5391965177e+04 1.5136925976e+04 1.5564170135e+04 2.4006588185e+00 2.4140503236e+00 2.4144982710e+00 2.4093841481e+00 2.4153183811e+00 1.5237425606e+02 1.9752834320e+02 1.9156013298e+02 9.8018219083e+01 1.1389222431e+02 1.1613271523e+02 0 0
279 1.4395479977e+04 1.4946322089e+04 1.5020926203e+04 1.4939800266e+04 1.5354140549e+04 2.3983799346e+00 2.4117277517e+00 2.4121247243e+00 2.4070132879e+00 2.4127200179e+00 1.4854894470e+02 2.0233689499e+02 1.8003675461e+02 9.5737114760e+01 1.1377239227e+02 1.1225950050e+02 0 0
280 1.3977304268e+04 1.5062151772e+04 1.5133532040e+04 1.4513501576e+04 1.4784880926e+04 2.3959867211e+00 2.4093663469e+00 2.4097114585e+00 2.4046600752e+00 2.4103730503e+00 1.4796761021e+02 1.8891886711e+02 1.9297433281e+02 9.3569754437e+01 1.0915605259e+02 1.1158814430e+02 0 0
281 1.3643761086e+04 1.4987837202e+04 1.5042952370e+04 1.4266386789e+04 1.5026528009e+04 2.3938867443e+00 2.4069409065e+00 2.4072228523e+00 2.4025568063e+00 2.4081365874e+00 1.6850572812e+02 1.8078349113e+02 2.1749903297e+02 9.4047795255e+01 1.0274442291e+02 1.1653704262e+02 0 0
282 1.3695976740e+04 1.4392987737e+04 1.4416742489e+04 1.4337292352e+04 1.4735843647e+04 2.3916629256e+00 2.4046261129e+00 2.4048656162e+00 2.4003524034e+00 2.4057274575e+00 1.8260785765e+02 2.0043000793e+02 2.0346892548e+02 9.7282562746e+01 1.0568402290e+02 1.1354966927e+02 0 0
283 1.3363506528e+04 1.4419355325e+04 1.4418088084e+04 1.3997583791e+04 1.4228521216e+04 2.3896318103e+00 2.4023874919e+00 2.4026215176e+00 2.3982032164e+00 2.4035835450e+00 2.0135768872e+02 1.9690852547e+02 1.9698584557e+02 9.9908779276e+01 1.0504892826e+02 1.0745438194e+02 0 0
284 1.3786783861e+04 1.4438237011e+04 1.4398492699e+04 1.4008194173e+04 1.4257317560e+04 2.3871807437e+00 2.4001273190e+00 2.4003714139e+00 2.3959288529e+00 2.4014528192e+00 1.5959347824e+02 1.7084031677e+02 2.0516662025e+02 9.3708021756e+01 9.7375117302e+01 1.0685165691e+02 0 0
285 1.3291540245e+04 1.4037227077e+04 1.3993697438e+04 1.3637463694e+04 1.4156797378e+04 2.3847518568e+00 2.3977737121e+00 2.3980496078e+00 2.3938541749e+00 2.3993972830e+00 1.3712897724e+02 1.6767548943e+02 2.0806842804e+02 8.6943754095e+01 9.4299625397e+01 1.0614614677e+02 0 0
286 1.3836016577e+04 1.4139747098e+04 1.4153575379e+04 1.3605711742e+04 1.3971433713e+04 2.3823509559e+00 2.3954669196e+00 2.3957525754e+00 2.3916094277e+00 2.3972290700e+00 1.3902508100e+02 1.7611245728e+02 2.0566180801e+02 8.7306185566e+01 9.5114427567e+01 1.0609919071e+02 0 0
287 1.3282229980e+04 1.3555854824e+04 1.3615861339e+04 1.3606567826e+04 1.4025264062e+04 2.3798304338e+00 2.3932786293e+00 2.3935367075e+00 2.3893384202e+00 2.3949219740e+00 1.3788328328e+02 1.7569552422e+02 1.6312571144e+02 8.6944706886e+01 9.6679676056e+01 9.5013082504e+01 0 0
288 1.2972052192e+04 1.3673152672e+04 1.3559640113e+04 1.3448349787e+04 1.3638003373e+04 2.3775500887e+00 2.3910749007e+00 2.3912881453e+00 2.3869646574e+00 2.3927682897e+00 1.3827390125e+02 1.4336389923e+02 1.5537655449e+02 8.3544992995e+01 8.8354137421e+01 9.1643734932e+01 0 0
289 1.2929373092e+04 1.3530766719e+04 1.3460105795e+04 1.3516880113e+04 1.3723474779e+04 2.3753901767e+00 2.3887349664e+00 2.3891167490e+00 2.3845748558e+00 2.3904201897e+00 1.7258549184e+02 1.4515138435e+02 1.5386692047e+02 8.9661139652e+01 8.9029407501e+01 9.0900775909e+01 0 0
290 1.3040444153e+04 1.3492984251e+04 1.3452673786e+04 1.3508823783e+04 1.3281118025e+04 2.3732227761e+00 2.3863795772e+00 2.3867512332e+00 2.3820640974e+00 2.3882441939e+00 1.6419238108e+02 1.3662515450e+02 1.7239653778e+02 8.9166733201e+01 8.6254494667e+01 9.3649819374e+01 0 0
291 1.2782030124e+04 1.3411909335e+04 1.3358071118e+04 1.3347133925e+04 1.3463850267e+04 2.3710095721e+00 2.3840116183e+00 2.3845011953e+00 2.3797008522e+00 2.3859917213e+00 1.5097348538e+02 1.3927488136e+02 1.8720279694e+02 8.4240047313e+01 8.6610860825e+01 9.6203135490e+01 0 0
292 1.2605997075e+04 1.3204753084e+04 1.3181179310e+04 1.3158913025e+04 1.3337154119e+04 2.3689012343e+00 2.3817592387e+00 2.3822192257e+00 2.3773093123e+00 2.3837375742e+00 1.5255346517e+02 1.2548514938e+02 1.6436263084e+02 8.3512055562e+01 8.0802060127e+01 9.3119851112e+01 0 0
293 1.2578383627e+04 1.3214209927e+04 1.3312569098e+04 1.2810663059e+04 1.3279780721e+04 2.3667647725e+00 2.3795467100e+00 2.3800032024e+00 2.3749963709e+00 2.3813951556e+00 1.5417441944e+02 1.4033697891e+02 1.6166496468e+02 8.3106367209e+01 8.3322522163e+01 9.0373822212e+01 0 0
294 1.2720499600e+04 1.2781440920e+04 1.2912690192e+04 1.3099220129e+04 1.3304098617e+04 2.3645836973e+00 2.3774898110e+00 2.3777841216e+00 2.3727889225e+00 2.3790791302e+00 1.3713458098e+02 1.4252923393e+02 1.5763101387e+02 8.0150811087e+01 8.3920634270e+01 9.0025003433e+01 0 0
295 1.2584648223e+04 1.3056841272e+04 1.3089471189e+04 1.2520661963e+04 1.2991416243e+04 2.3623136675e+00 2.3753113084e+00 2.3754630236e+00 2.3705984577e+00 2.3767886010e+00 1.2985252016e+02 1.3471423721e+02 1.4150802803e+02 7.6925862392e+01 7.9774344444e+01 8.4174580574e+01 0 0
296 1.2276397035e+04 1.2676924548e+04 1.2703942695e+04 1.2663800377e+04 1.3123811641e+04 2.3601873000e+00 2.3730346297e+00 2.3731964640e+00 2.3684734482e+00 2.3744309812e+00 1.2860362773e+02 1.5454820442e+02 1.2729268169e+02 7.5312483415e+01 8.2968047142e+01 8.1120582581e+01 0 0
297 1.2195862439e+04 1.2969338611e+04 1.2796371361e+04 1.2577129720e+04 1.2557293976e+04 2.3581268787e+00 2.3708383152e+00 2.3710457204e+00 2.3662550557e+00 2.3721690222e+00 1.3888729830e+02 1.3685362053e+02 1.3534366989e+02 7.6527565409e+01 8.0443690300e+01 8.0867339134e+01 0 0
298 1.2180736297e+04 1.2545561765e+04 1.2365394939e+04 1.2583527010e+04 1.2777748158e+04 2.3559938319e+00 2.3686110397e+00 2.3690188287e+00 2.3639981795e+00 2.3700563188e+00 1.3431014861e+02 1.1894257545e+02 1.4857801819e+02 7.5464174415e+01 7.4937502861e+01 8.2376892090e+01 0 0
299 1.2035402606e+04 1.2645347603e+04 1.2534973793e+04 1.2385966252e+04 1.2431467170e+04 2.3538003617e+00 2.3663095517e+00 2.3669128916e+00 2.3618210435e+00 2.3679747978e+00 1.2519075459e+02 1.2828595734e+02 1.4753707504e+02 7.3517250368e+01 7.5432640076e+01 8.1776063919e+01 0 0
300 1.2282793975e+04 1.2714126317e+04 1.2408994802e+04 1.2081313836e+04 1.2646125098e+04 2.3515656667e+00 2.3640240393e+00 2.3648294589e+00 2.3597363123e+00 2.3657080921e+00 1.0831848186e+02 1.3317468643e+02 1.3584602547e+02 6.9619340908e+01 7.4907614708e+01 7.9350942612e+01 0 0
301 1.2212807494e+04 1.2281502840e+04 1.2272332460e+04 1.2152218563e+04 1.2244242402e+04 2.3491379720e+00 2.3617718700e+00 2.3628138541e+00 2.3577928873e+00 2.3635517869e+00 1.0028652704e+02 1.6145972443e+02 1.3201020813e+02 6.7959150556e+01 8.0197690964e+01 7.6805907249e+01 0 0
302 1.2496236687e+04 1.2227106281e+04 1.2348161321e+04 1.2275021792e+04 1.2296288871e+04 2.3467100368e+00 2.3596484819e+00 2.3606598347e+00 2.3556127109e+00 2.3615742634e+00 9.7472248995e+01 1.2957530212e+02 1.5370164490e+02 6.6774610272e+01 7.4983649254e+01 7.9816589355e+01 0 0
303 1.2174346333e+04 1.2098426344e+04 1.2105828018e+04 1.2059572132e+04 1.2186933330e+04 2.3442858073e+00 2.3575552882e+00 2.3585150145e+00 2.3533669007e+00 2.3594760206e+00 1.0369714510e+02 1.1125411415e+02 1.4344849205e+02 6.8590694420e+01 7.0060998917e+01 7.7756469727e+01 0 0
304 1.2012032107e+04 1.2038665707e+04 1.2089353994e+04 1.2153632543e+04 1.2109640457e+04 2.3419328752e+00 2.3556480452e+00 2.3565436549e+00 2.3511316423e+00 2.3573512726e+00 1.0719568744e+02 1.1159992599e+02 1.3600716019e+02 6.7998179252e+01 6.9506209373e+01 7.5313019753e+01 0 0
305 1.1873017151e+04 1.2058933286e+04 1.1935808309e+04 1.1992720459e+04 1.2270114588e+04 2.3396065862e+00 2.3534549351e+00 2.3545190534e+00 2.3489515453e+00 2.3553055829e+00 1.0367707950e+02 1.2626119137e+02 1.3377545166e+02 6.6541562353e+01 7.2711900711e+01 7.5089592934e+01 0 0
306 1.1879005893e+04 1.2134131036e+04 1.2006432942e+04 1.2195033743e+04 1.1950789765e+04 2.3372324695e+00 2.3512783429e+00 2.3524091650e+00 2.3468267579e+00 2.3530805341e+00 9.6264627479e+01 1.4171236038e+02 1.1448805904e+02 6.4318886500e+01 7.5189586639e+01 7.0372918129e+01 0 0
307 1.1757163919e+04 1.2017185028e+04 1.2260170309e+04 1.1917913911e+04 1.1986440339e+04 2.3349398137e+00 2.3490987007e+00 2.3502015278e+00 2.3446292742e+00 2.3510131754e+00 9.8320483765e+01 1.5040054703e+02 1.3810739326e+02 6.3607584719e+01 7.7805253983e+01 7.3876937866e+01 0 0
308 1.1798048687e+04 1.2250584313e+04 1.2333515314e+04 1.1940358454e+04 1.2127274385e+04 2.3325563100e+00 2.3469233739e+00 2.3478315115e+00 2.3424294108e+00 2.3488383648e+00 9.7517394020e+01 1.3128390503e+02 1.3943374443e+02 6.3952210852e+01 7.3083209991e+01 7.6159222603e+01 0 0
309 1.1668942397e+04 1.2049286120e+04 1.2204406417e+04 1.1699252626e+04 1.2075312998e+04 2.3301962764e+00 2.3446287242e+00 2.3454425363e+00 2.3402598461e+00 2.3466770509e+00 9.6614773391e+01 1.1483873081e+02 1.3392016602e+02 6.2083904128e+01 6.8153347969e+01 7.3930139542e+01 0 0
310 1.1150769561e+04 1.1927876592e+04 1.1898235163e+04 1.1637324778e+04 1.2112993354e+04 2.3280568787e+00 2.3423196129e+00 2.3430999848e+00 2.3380218416e+00 2.3444785071e+00 1.0522689700e+02 1.1844349098e+02 1.3952110672e+02 6.2970624005e+01 6.8560013771e+01 7.5182402611e+01 0 0
311 1.1063728017e+04 1.1818366723e+04 1.1786392154e+04 1.1740757045e+04 1.1700729550e+04 2.3260540523e+00 2.3400731276e+00 2.3408836601e+00 2.3358384488e+00 2.3422614843e+00 1.2639459205e+02 1.1615370369e+02 1.3262890625e+02 6.5017481922e+01 6.7548322678e+01 7.3061083794e+01 0 0
312 1.0952253852e+04 1.1570197233e+04 1.1461880125e+04 1.1633235148e+04 1.1763599449e+04 2.3239473981e+00 2.3378081121e+00 2.3387781202e+00 2.3336222440e+00 2.3401948010e+00 1.2596222427e+02 1.1150716496e+02 1.2846912193e+02 6.6382048710e+01 6.6356678009e+01 7.0113290787e+01 0 0
313 1.1136783786e+04 1.1621896575e+04 1.1657483777e+04 1.1654454256e+04 1.1455129855e+04 2.3218103040e+00 2.3357283852e+00 2.3366804663e+00 2.3313086533e+00 2.3381059042e+00 1.0337418686e+02 1.0631169987e+02 1.3534488487e+02 6.1256217273e+01 6.4718835831e+01 7.1384989738e+01 0 0
314 1.0930409458e+04 1.1507930135e+04 1.1543171488e+04 1.1297288878e+04 1.1592289851e+04 2.3195337004e+00 2.3335500969e+00 2.3345565626e+00 2.3291477526e+00 2.3360590637e+00 9.4162793729e+01 1.0594949055e+02 1.4240410233e+02 5.8854230803e+01 6.2801994324e+01 7.2221007347e+01 0 0
315 1.0721810319e+04 1.1442995412e+04 1.1506275853e+04 1.1132765335e+04 1.1633147124e+04 2.3173411367e+00 2.3315417506e+00 2.3324253544e+00 2.3269814604e+00 2.3339089100e+00 9.7833468216e+01 1.0748254395e+02 1.2948980141e+02 5.8838757710e+01 6.2717936039e+01 6.9937547684e+01 0 0
316 1.0891159564e+04 1.1423256278e+04 1.1478706199e+04 1.0995257159e+04 1.1565276305e+04 2.3151289021e+00 2.3293561035e+00 2.3302583823e+00 2.3249291974e+00 2.3316453996e+00 1.0150538581e+02 1.0851164532e+02 1.1203651333e+02 5.9608472973e+01 6.1506067753e+01 6.6144473076e+01 0 0
317 1.0463993242e+04 1.1108039971e+04 1.1066946462e+04 1.0922090642e+04 1.1486615515e+04 2.3129394390e+00 2.3271744994e+00 2.3280866966e+00 2.3227636783e+00 2.3294342138e+00 9.6249181375e+01 1.0940209866e+02 1.0273719311e+02 5.7411920270e+01 6.2400766373e+01 6.2812837124e+01 0 0
318 1.0766295879e+04 1.1140277196e+04 1.1103373902e+04 1.1043529870e+04 1.1231682332e+04 2.3107298450e+00 2.3250594433e+00 2.3260382979e+00 2.3206565494e+00 2.3271527486e+00 9.7692052791e+01 1.0720125484e+02 9.5529621124e+01 5.7371817095e+01 6.1036500454e+01 6.0166303158e+01 0 0
319 1.0428539277e+04 1.0781723424e+04 1.0862494005e+04 1.0671476749e+04 1.1223375606e+04 2.3084940062e+00 2.3229285422e+00 2.3239500413e+00 2.3184562643e+00 2.3249092777e+00 8.8919917190e+01 1.0176589012e+02 8.9776323318e+01 5.4748295320e+01 6.0081088543e+01 5.8323587418e+01 0 0
320 1.0574813842e+04 1.0958920020e+04 1.1106172338e+04 1.0540695992e+04 1.0872656345e+04 2.3062939214e+00 2.3209152633e+00 2.3217281997e+00 2.3164677162e+00 2.3227337986e+00 8.4568655910e+01 1.1820009232e+02 9.0818997383e+01 5.3170878345e+01 6.0946100235e+01 5.7522641659e+01 0 0
321 1.0211891356e+04 1.0697528687e+04 1.0822960039e+04 1.0682321845e+04 1.0972496525e+04 2.3042811439e+00 2.3188898771e+00 2.3195525523e+00 2.3145054125e+00 2.3205602921e+00 9.8457756397e+01 1.4278128433e+02 1.0363175583e+02 5.4232292302e+01 6.6444516182e+01 6.0444002151e+01 0 0
322 1.0318960706e+04 1.0654289277e+04 1.0649064184e+04 1.0569256549e+04 1.0798090202e+04 2.3023626758e+00 2.3168151806e+00 2.3173942193e+00 2.3122709688e+00 2.3184447762e+00 1.2760226441e+02 1.0217378521e+02 1.0753729343e+02 6.0188748700e+01 5.8975558758e+01 6.0332413197e+01 0 0
323 1.0360183126e+04 1.0725654106e+04 1.0645918655e+04 1.0696145100e+04 1.0633566476e+04 2.3003024272e+00 2.3146730010e+00 2.3153178724e+00 2.3100035032e+00 2.3163163825e+00 1.1306754209e+02 8.2125705719e+01 1.0852622986e+02 5.8556837361e+01 5.3421449661e+01 6.0932906628e+01 0 0
324 1.0383962420e+04 1.0497044917e+04 1.0446177866e+04 1.0324081363e+04 1.0620582282e+04 2.2980474595e+00 2.3124899600e+00 2.3132356777e+00 2.3077854854e+00 2.3142575690e+00 8.6597219144e+01 8.1617958069e+01 1.1053818607e+02 5.3126095865e+01 5.2204577446e+01 5.9327672958e+01 0 0
325 1.0361825595e+04 1.0587301450e+04 1.0535020456e+04 1.0610382839e+04 1.0424052187e+04 2.2956810328e+00 2.3102856386e+00 2.3110887277e+00 2.3055137302e+00 2.3121797746e+00 7.7376502298e+01 8.1825119972e+01 1.1747887897e+02 5.0428947952e+01 5.2369163036e+01 6.1020396709e+01 0 0
326 1.0255604942e+04 1.0367187468e+04 1.0425618447e+04 1.0323768304e+04 1.0516116393e+04 2.2934251197e+00 2.3081366536e+00 2.3089665182e+00 2.3033503518e+00 2.3100898024e+00 8.1199875926e+01 7.8076581955e+01 1.0362258148e+02 5.0653897740e+01 5.0766786575e+01 5.7580095768e+01 0 0
327 1.0200713612e+04 1.0179623962e+04 1.0257578272e+04 1.0473911208e+04 1.0454113066e+04 2.2912062330e+00 2.3060911139e+00 2.3068297387e+00 2.3010972825e+00 2.3079071302e+00 8.1331326054e+01 8.3565627098e+01 9.2697707176e+01 5.0122807991e+01 5.1971816540e+01 5.5008015633e+01 0 0
328 9.9966170601e+03 1.0309705330e+04 1.0391531167e+04 1.0083689801e+04 1.0217218408e+04 2.2889761730e+00 2.3041127908e+00 2.3047604178e+00 2.2989941139e+00 2.3057799622e+00 8.8035568845e+01 9.3628818512e+01 8.8831194878e+01 5.1011388829e+01 5.3190267086e+01 5.3157300949e+01 0 0
329 1.0078534272e+04 1.0253880436e+04 1.0240187498e+04 1.0253697089e+04 1.0387153604e+04 2.2868111062e+00 2.3020543003e+00 2.3026334906e+00 2.2969194886e+00 2.3036727592e+00 1.0508497227e+02 1.0406494141e+02 9.4709184647e+01 5.4873139644e+01 5.5642163277e+01 5.4358410358e+01 0 0
330 1.0145380893e+04 1.0544220028e+04 1.0456558516e+04 1.0282503975e+04 1.0198330844e+04 2.2844740691e+00 2.2998022493e+00 2.3004662809e+00 2.2947147112e+00 2.3015763939e+00 8.6192900176e+01 9.6798730850e+01 9.3829588890e+01 5.1651313004e+01 5.4109014988e+01 5.3803895950e+01 0 0
331 9.8378397997e+03 1.0048610252e+04 9.9083092402e+03 1.0133104559e+04 1.0350053913e+04 2.2820882315e+00 2.2975454014e+00 2.2983988486e+00 2.2925256942e+00 2.2994347780e+00 7.4118717520e+01 8.8262641907e+01 9.6629639626e+01 4.7691111736e+01 5.1517832756e+01 5.4565860271e+01 0 0
332 1.0077521976e+04 1.0264455952e+04 1.0274453367e+04 9.9988799373e+03 1.0080960272e+04 2.2796941135e+00 2.2954382208e+00 2.2964031145e+00 2.2903998096e+00 2.2972906016e+00 7.3376071002e+01 9.3392580986e+01 9.3988415718e+01 4.7098490098e+01 5.2064436436e+01 5.3474014759e+01 0 0
333 9.5860698081e+03 1.0130996002e+04 1.0232402259e+04 1.0032295051e+04 1.0321835496e+04 2.2772804171e+00 2.2933972571e+00 2.2942879968e+00 2.2882324402e+00 2.2950558829e+00 7.0657667248e+01 1.0121829033e+02 9.0359779358e+01 4.6009099387e+01 5.4049382210e+01 5.2729380608e+01 0 0
334 9.6577448076e+03 1.0117592599e+04 1.0129689827e+04 1.0015460049e+04 1.0092801395e+04 2.2749549026e+00 2.2911939416e+00 2.2920349171e+00 2.2860510889e+00 2.2930224541e+00 7.7986618276e+01 1.0223680687e+02 9.9275673866e+01 4.6765081037e+01 5.3835479259e+01 5.2867845535e+01 0 0
335 9.7814933429e+03 1.0060064413e+04 1.0056326964e+04 9.9329898822e+03 1.0018959627e+04 2.2726169248e+00 2.2889446825e+00 2.2898137039e+00 2.2837823851e+00 2.2909980616e+00 8.0336965231e+01 9.1247719765e+01 1.1257594013e+02 4.7511642216e+01 5.1682043552e+01 5.5741358757e+01 0 0
336 9.4995470553e+03 1.0165413912e+04 1.0102721218e+04 9.7958652502e+03 1.0016530337e+04 2.2702381972e+00 2.2866619807e+00 2.2875658314e+00 2.2815180758e+00 2.2888119598e+00 7.6569161643e+01 7.9824933052e+01 1.0284327698e+02 4.5991128469e+01 4.8332808018e+01 5.4428112507e+01 0 0
337 9.6415992802e+03 9.9352636603e+03 9.9627939856e+03 9.8954066112e+03 1.0076267563e+04 2.2678648776e+00 2.2843635408e+00 2.2853445924e+00 2.2792207747e+00 2.2865775127e+00 8.1566386635e+01 8.1367889404e+01 9.3926367760e+01 4.7501784791e+01 4.8126127720e+01 5.2752491951e+01 0 0
338 9.4258710949e+03 9.7267996792e+03 9.8067189212e+03 9.5793962231e+03 1.0101190425e+04 2.2653714211e+00 2.2821812528e+00 2.2830699496e+00 2.2768710062e+00 2.2842604300e+00 6.4898643740e+01 8.0990201950e+01 8.2745240211e+01 4.3448341262e+01 4.7956789017e+01 4.9873759747e+01 0 0
339 9.4138431784e+03 9.8239352604e+03 9.8831715557e+03 9.6843064801e+03 9.8026363801e+03 2.2629319404e+00 2.2799906616e+00 2.2808095282e+00 2.2745870186e+00 2.2818939879e+00 6.6510871401e+01 7.9500660896e+01 7.5131024361e+01 4.2921127783e+01 4.6861028671e+01 4.7303011417e+01 0 0
340 9.3648240673e+03 9.8739795422e+03 9.9054332566e+03 9.6240798002e+03 9.6999035047e+03 2.2604856600e+00 2.2776232501e+00 2.2783843147e+00 2.2722748746e+00 2.2797023910e+00 6.4857159062e+01 8.3680409431e+01 8.3930070877e+01 4.2702369881e+01 4.7684511662e+01 4.8088947296e+01 0 0
341 9.1838650075e+03 9.6381014728e+03 9.6412418287e+03 9.7432725508e+03 9.7734219187e+03 2.2581487088e+00 2.2751560808e+00 2.2759034440e+00 2.2698653745e+00 2.2775671978e+00 6.9409863511e+01 7.5338521957e+01 9.5638906479e+01 4.2578420872e+01 4.6138545513e+01 5.0537661076e+01 0 0
342 9.0161754879e+03 9.7436432611e+03 9.7256395162e+03 9.3773770320e+03 9.5915112469e+03 2.2558837877e+00 2.2728127273e+00 2.2735915867e+00 2.2674662530e+00 2.2752178381e+00 7.3314080806e+01 7.3099624634e+01 8.8263609886e+01 4.3109670126e+01 4.4749711514e+01 4.9180436611e+01 0 0
343 9.0662617985e+03 9.5983490247e+03 9.5103101947e+03 9.3123642540e+03 9.6963828307e+03 2.2536632972e+00 2.2704029312e+00 2.2712289604e+00 2.2652396865e+00 2.2729046713e+00 7.3225642179e+01 7.9529032707e+01 7.7574597359e+01 4.2375880977e+01 4.5656461239e+01 4.6429840088e+01 0 0
344 8.7686373091e+03 9.5938580352e+03 9.5048231967e+03 9.2052315560e+03 9.4695469797e+03 2.2514982613e+00 2.2680763564e+00 2.2691124862e+00 2.2629626957e+00 2.2706114614e+00 7.2582618711e+01 8.1562537193e+01 8.2336987495e+01 4.1530211822e+01 4.5812548637e+01 4.6655863762e+01 0 0
345 9.0016224624e+03 9.2216840111e+03 9.3036126317e+03 9.2758318225e+03 9.5562385906e+03 2.2493039521e+00 2.2658539707e+00 2.2669002085e+00 2.2607437411e+00 2.2684776549e+00 7.9259045689e+01 8.3506142616e+01 9.4362622261e+01 4.3403226251e+01 4.6047822952e+01 4.9020520210e+01 0 0
346 9.0662373183e+03 9.3542161617e+03 9.3815691651e+03 9.1762981643e+03 9.4255041244e+03 2.2469100199e+00 2.2635774933e+00 2.2645883210e+00 2.2583720706e+00 2.2661454286e+00 6.5009622805e+01 7.1355759621e+01 8.8346451759e+01 4.0966788129e+01 4.3347660542e+01 4.7813250065e+01 0 0
347 9.2333420882e+03 9.1355074298e+03 9.2003956437e+03 8.7972977669e+03 9.2301245929e+03 2.2444447759e+00 2.2613694520e+00 2.2622922641e+00 2.2563457258e+00 2.2639325767e+00 5.9817142050e+01 7.7705718040e+01 8.0699173927e+01 3.9248737913e+01 4.2319435120e+01 4.5883221626e+01 0 0
348 9.1556536468e+03 9.1028619675e+03 9.1732062007e+03 9.0308342915e+03 9.3664695590e+03 2.2418962684e+00 2.2592787659e+00 2.2600699594e+00 2.2541856132e+00 2.2615445546e+00 5.7916189085e+01 9.2245037079e+01 7.2281013489e+01 3.9245256406e+01 4.6186208248e+01 4.4147704124e+01 0 0
349 9.0914963902e+03 8.9675008782e+03 8.9677462052e+03 8.9336380048e+03 9.2225011792e+03 2.2394012921e+00 2.2571553275e+00 2.2578819509e+00 2.2520836713e+00 2.2591806395e+00 6.2336147573e+01 7.4701636314e+01 6.6180692673e+01 3.9934945507e+01 4.2110097408e+01 4.1958234787e+01 0 0
350 9.0089269619e+03 8.9970337334e+03 8.9786439956e+03 9.0446731284e+03 8.9763689764e+03 2.2371300719e+00 2.2550256608e+00 2.2557415596e+00 2.2496537699e+00 2.2569356418e+00 7.8924062150e+01 6.6131424904e+01 7.0397412300e+01 4.2978332560e+01 4.1171307087e+01 4.1970142365e+01 0 0
351 9.2232784993e+03 9.1259651544e+03 9.1703788362e+03 8.9988514823e+03 9.0170576132e+03 2.2348382265e+00 2.2527212829e+00 2.2534482647e+00 2.2473318411e+00 2.2547018785e+00 9.7638507272e+01 6.1716737270e+01 7.1031253815e+01 4.8144383481e+01 3.9462449551e+01 4.1699412346e+01 0 0
352 9.1004255770e+03 8.8158008144e+03 8.7768983132e+03 9.0656626895e+03 8.9401458601e+03 2.2323907748e+00 2.2505542465e+00 2.2512325275e+00 2.2449778200e+00 2.2525155392e+00 7.8609722055e+01 6.9025724411e+01 6.9291169167e+01 4.4620465386e+01 4.1096637249e+01 4.0903152943e+01 0 0
353 9.4185988056e+03 9.0914126515e+03 9.0118348853e+03 9.1753617912e+03 9.0430331195e+03 2.2298507507e+00 2.2482529203e+00 2.2490640524e+00 2.2426445442e+00 2.2503149834e+00 7.1198266000e+01 7.3639557838e+01 7.5107151985e+01 4.2786652615e+01 4.2183085442e+01 4.2118255138e+01 0 0
354 8.9396741193e+03 8.9495251271e+03 8.8761626844e+03 8.9615034453e+03 8.9274623494e+03 2.2273433796e+00 2.2459422813e+00 2.2468616807e+00 2.2403164894e+00 2.2479795322e+00 6.9748473432e+01 8.0629171371e+01 6.7956830978e+01 4.2179566974e+01 4.4038521290e+01 4.1216475010e+01 0 0
355 9.1930601164e+03 9.3276547964e+03 9.2385734830e+03 9.1906091202e+03 8.9462644718e+03 2.2250046980e+00 2.2435007123e+00 2.2445722387e+00 2.2379231435e+00 2.2458502096e+00 8.5492344100e+01 7.7826689720e+01 8.0940976143e+01 4.4990107105e+01 4.3880901337e+01 4.2638023376e+01 0 0
356 8.9283242212e+03 9.2072210791e+03 9.1261347788e+03 9.0888415103e+03 9.0122228113e+03 2.2225155832e+00 2.2409441494e+00 2.2421433067e+00 2.2354241303e+00 2.2435969105e+00 7.6281062879e+01 7.1568807602e+01 8.4192420959e+01 4.3407660699e+01 4.2854478836e+01 4.4448251724e+01 0 0
357 9.1614137407e+03 9.0032909539e+03 9.0219416979e+03 9.0571677692e+03 9.2384396951e+03 2.2199863837e+00 2.2385204797e+00 2.2398463971e+00 2.2332456785e+00 2.2413005357e+00 6.8941926973e+01 9.3288805962e+01 8.4142119408e+01 4.1558171572e+01 4.5919645786e+01 4.4465585232e+01 0 0
358 8.9845640124e+03 9.1513019839e+03 9.1920931240e+03 9.1674327922e+03 9.1047240485e+03 2.2172800756e+00 2.2361510840e+00 2.2373942292e+00 2.2309482382e+00 2.2388301123e+00 5.7704629419e+01 9.6321675301e+01 7.2460930824e+01 3.8947954957e+01 4.7709467888e+01 4.3047373772e+01 0 0
359 9.1624137824e+03 9.1318274184e+03 9.1436443500e+03 9.1934655055e+03 9.0278183411e+03 2.2146125464e+00 2.2337338743e+00 2.2348962745e+00 2.2284062164e+00 2.2364310435e+00 5.9141828762e+01 7.5688435555e+01 7.2897624016e+01 3.9091623970e+01 4.3966969490e+01 4.2275228024e+01 0 0
360 9.0315832604e+03 9.2771060143e+03 9.2309631133e+03 9.0755777778e+03 9.0975266969e+03 2.2120251639e+00 2.2312655823e+00 2.2324700054e+00 2.2258181655e+00 2.2340986398e+00 6.3278558120e+01 6.5726716995e+01 8.6193793297e+01 3.9941073590e+01 4.1481611252e+01 4.5605121136e+01 0 0
361 9.0549333273e+03 9.1008751228e+03 9.0254378287e+03 9.1871701846e+03 9.0905031764e+03 2.2094935338e+00 2.2287182052e+00 2.2300578757e+00 2.2232373720e+00 2.2317986830e+00 7.2983721751e+01 6.2168542862e+01 8.8734514236e+01 4.2053349380e+01 3.9919989586e+01 4.5857378960e+01 0 0
362 8.8304683481e+03 8.9608155879e+03 9.0122809543e+03 9.0097174207e+03 9.1327962859e+03 2.2070255263e+00 2.2263133119e+00 2.2277509115e+00 2.2206583959e+00 2.2294207535e+00 8.1165332742e+01 6.1231466770e+01 8.2943151474e+01 4.3713389638e+01 3.9549307346e+01 4.4624470234e+01 0 0
363 9.1333383939e+03 9.0035979475e+03 8.9603370472e+03 9.1989008039e+03 8.9607446119e+03 2.2045166984e+00 2.2239359616e+00 2.2253562831e+00 2.2180033610e+00 2.2270037539e+00 8.3061759777e+01 6.0410472870e+01 8.0871518135e+01 4.4816430002e+01 3.9390091896e+01 4.4499051094e+01 0 0
364 8.8462256768e+03 8.9596486538e+03 9.0146329931e+03 8.9182670962e+03 8.9597428535e+03 2.2018104108e+00 2.2216507502e+00 2.2230909251e+00 2.2153299244e+00 2.2246403624e+00 7.0545363379e+01 5.8020805836e+01 8.1192417145e+01 4.2100138656e+01 3.8889129639e+01 4.3735391140e+01 0 0
365 8.8704313812e+03 9.0565512200e+03 8.9636416707e+03 9.1319483135e+03 9.1103791359e+03 2.1994179183e+00 2.2192364882e+00 2.2207183574e+00 2.2128327569e+00 2.2221714368e+00 7.5376542094e+01 7.0405329704e+01 7.5209946632e+01 4.2077210505e+01 4.1066031933e+01 4.2776644707e+01 0 0
366 8.8837477748e+03 9.0968843018e+03 9.0690806590e+03 8.9937951945e+03 9.0242978674e+03 2.1969742007e+00 2.2165886736e+00 2.2182762497e+00 2.2103014873e+00 2.2196353380e+00 8.6355576326e+01 7.3909044266e+01 6.4332156181e+01 4.4381075670e+01 4.2720263958e+01 4.0106632710e+01 0 0
367 8.9650556420e+03 8.9892380100e+03 8.8547686588e+03 9.0231134316e+03 9.1906613473e+03 2.1943964361e+00 2.2139802688e+00 2.2157656679e+00 2.2077591622e+00 2.2170304129e+00 7.7212182966e+01 7.5535035133e+01 6.3561575890e+01 4.3384421475e+01 4.2714416981e+01 4.0078878403e+01 0 0
368 8.8424223079e+03 9.1994438962e+03 9.2819347121e+03 8.8804864732e+03 8.8516032446e+03 2.1917752872e+00 2.2113915043e+00 2.2132037107e+00 2.2051802446e+00 2.2143896949e+00 6.6670388126e+01 7.5307837486e+01 6.1654744625e+01 4.0682320069e+01 4.2936078072e+01 3.9554147720e+01 0 0
369 8.9203138442e+03 8.9273521270e+03 8.9570504074e+03 8.8804450339e+03 9.0340617664e+03 2.1891940222e+00 2.2088124906e+00 2.2105603939e+00 2.2027591645e+00 2.2119495026e+00 6.7042939368e+01 8.0503136635e+01 7.4545544624e+01 4.0539129335e+01 4.3424437523e+01 4.1893241405e+01 0 0
370 8.9701777041e+03 9.0971863782e+03 9.0598207488e+03 8.8143392265e+03 9.0085062025e+03 2.1864994833e+00 2.2063321180e+00 2.2080631519e+00 2.2002150072e+00 2.2095300552e+00 6.1183584732e+01 7.8842108727e+01 8.3741156578e+01 3.9261187764e+01 4.3328063011e+01 4.4285811424e+01 0 0
371 8.9739957030e+03 8.8813985385e+03 8.7802441879e+03 9.0368047450e+03 9.0583247899e+03 2.1838473769e+00 2.2036378001e+00 2.2057247489e+00 2.1976982320e+00 2.2069089848e+00 6.8225181755e+01 7.2066802025e+01 7.4461378098e+01 4.0762247932e+01 4.1784491062e+01 4.3095531940e+01 0 0
372 8.9565124576e+03 8.8742869009e+03 8.9927855529e+03 8.7872143481e+03 8.9011765514e+03 2.1813238243e+00 2.2011826795e+00 2.2031867864e+00 2.1951228155e+00 2.2043844884e+00 7.4321379711e+01 6.9722812653e+01 7.3366273880e+01 4.2627027889e+01 4.1351351261e+01 4.1904319286e+01 0 0
373 8.9185656262e+03 8.8406977100e+03 8.8486550390e+03 8.8998139306e+03 8.8593417363e+03 2.1788080875e+00 2.1986686452e+00 2.2006337726e+00 2.1925160721e+00 2.2018738796e+00 8.3100960409e+01 6.8946810722e+01 7.8042287827e+01 4.3766671959e+01 4.0957290649e+01 4.3319065094e+01 0 0
374 8.8973597633e+03 8.9083466479e+03 9.0905427781e+03 8.6947671619e+03 8.8450899374e+03 2.1763207629e+00 2.1963501126e+00 2.1979868003e+00 2.1900962085e+00 2.1993740348e+00 7.9275721106e+01 7.2408456802e+01 7.5134957314e+01 4.3437498318e+01 4.0943708420e+01 4.2056904316e+01 0 0
375 8.8921218011e+03 8.7751936731e+03 8.8790215677e+03 8.9069015937e+03 9.0260689118e+03 2.1738123814e+00 2.1939088317e+00 2.1953334612e+00 2.1877031218e+00 2.1967891167e+00 7.9416663675e+01 8.5234773636e+01 7.0056622505e+01 4.3079427484e+01 4.3762660027e+01 4.1619318008e+01 0 0
376 8.8545459530e+03 8.8521043826e+03 8.7919572337e+03 8.9875487203e+03 8.8100088536e+03 2.1712554042e+00 2.1913670029e+00 2.1927592276e+00 2.1851213669e+00 2.1942739799e+00 7.7470929343e+01 7.8172662735e+01 6.8682510376e+01 4.2776276616e+01 4.3387260914e+01 4.0517498970e+01 0 0
377 8.7626312939e+03 8.7823290760e+03 8.8387148387e+03 8.9787678442e+03 8.7032775435e+03 2.1686308137e+00 2.1889265573e+00 2.1903035140e+00 2.1825291736e+00 2.1917913872e+00 6.7535572859e+01 7.3622241974e+01 7.8764369965e+01 4.0299298516e+01 4.2543847084e+01 4.2685513496e+01 0 0
378 8.7020069065e+03 8.9729633901e+03 8.9433801216e+03 8.8687045277e+03 8.8288055817e+03 2.1660431088e+00 2.1864115048e+00 2.1877731063e+00 2.1799119991e+00 2.1894043242e+00 6.1213572877e+01 7.1488043785e+01 7.7532203674e+01 3.8318802380e+01 4.1754449368e+01 4.2047318935e+01 0 0
379 8.5613524418e+03 9.0227725229e+03 9.0386547672e+03 8.9786128105e+03 8.8084668359e+03 2.1634464270e+00 2.1838308638e+00 2.1851713149e+00 2.1774019787e+00 2.1869303020e+00 6.1694600152e+01 7.2966473579e+01 8.1049242020e+01 3.8039499568e+01 4.1911432266e+01 4.3267015457e+01 0 0
380 8.4391592427e+03 8.8902220445e+03 8.8346911661e+03 8.8697093526e+03 9.1458388352e+03 2.1609691291e+00 2.1811895246e+00 2.1826529524e+00 2.1746965811e+00 2.1842946431e+00 6.7171980733e+01 6.5046655655e+01 7.3156870842e+01 3.8640081901e+01 4.0524717808e+01 4.2435523510e+01 0 0
381 8.5235583072e+03 8.8080363305e+03 8.8920746736e+03 8.7958663018e+03 8.8383455465e+03 2.1585152422e+00 2.1788139989e+00 2.1801764860e+00 2.1720139884e+00 2.1816812060e+00 6.8143770283e+01 6.2647253036e+01 6.8967544556e+01 3.8700642040e+01 3.9303688526e+01 4.1412815094e+01 0 0
382 8.2679528753e+03 8.9257497164e+03 8.9771795125e+03 8.6956614470e+03 8.9214868716e+03 2.1561101062e+00 2.1763563236e+00 2.1776503056e+00 2.1693723198e+00 2.1791102974e+00 6.7361117788e+01 5.9407242298e+01 7.2934283257e+01 3.7933741103e+01 3.7973505020e+01 4.1703783989e+01 0 0
383 8.3585627117e+03 8.7222799772e+03 8.7393317822e+03 8.6157251581e+03 8.8257695415e+03 2.1537377654e+00 2.1738115814e+00 2.1750303174e+00 2.1668823967e+00 2.1766274153e+00 6.9836940468e+01 6.4119981766e+01 7.5274109840e+01 3.7914290253e+01 3.8476715088e+01 4.2087073803e+01 0 0
384 8.0821971098e+03 8.7370493875e+03 8.7367934621e+03 8.6544360879e+03 8.7969703876e+03 2.1513570647e+00 2.1712070312e+00 2.1724406321e+00 2.1641925442e+00 2.1741722699e+00 6.2673986404e+01 5.9162935734e+01 7.7594638824e+01 3.6022457535e+01 3.7744113445e+01 4.2395978451e+01 0 0
385 8.0605089639e+03 8.5671666261e+03 8.5468333317e+03 8.3888821663e+03 8.5700445740e+03 2.1493137122e+00 2.1686310826e+00 2.1698903467e+00 2.1616274017e+00 2.1716733627e+00 7.9116958083e+01 5.5426654816e+01 7.7192569733e+01 3.7621646754e+01 3.5929397583e+01 4.1993093491e+01 0 0
386 7.9010648385e+03 8.7024704538e+03 8.7054906812e+03 8.4734030944e+03 8.4897528822e+03 2.1470450243e+00 2.1660775760e+00 2.1673548388e+00 2.1591722739e+00 2.1693072382e+00 7.6059003337e+01 6.2322240829e+01 7.9352182388e+01 3.8366862657e+01 3.6814682007e+01 4.1411889076e+01 0 0
387 8.1647298102e+03 8.3082619121e+03 8.3208826455e+03 8.1888724499e+03 8.4764860644e+03 2.1446351221e+00 2.1635928795e+00 2.1649050883e+00 2.1568401763e+00 2.1669591169e+00 5.3100713238e+01 7.0200110435e+01 7.9727794647e+01 3.2996193140e+01 3.7895044327e+01 4.1462902069e+01 0 0
388 7.8776730115e+03 8.3884220209e+03 8.4534650884e+03 8.1047867338e+03 8.5432153198e+03 2.1422096082e+00 2.1612600970e+00 2.1624552707e+00 2.1546605378e+00 2.1646140426e+00 4.5958407120e+01 7.7961848259e+01 8.1132523537e+01 3.0833461802e+01 3.8636720181e+01 4.1525481701e+01 0 0
389 7.8310188313e+03 8.3056848002e+03 8.3752019677e+03 8.0749796285e+03 8.3743513182e+03 2.1398682246e+00 2.1588863185e+00 2.1600235473e+00 2.1524347835e+00 2.1620997058e+00 4.7817133712e+01 7.4405645370e+01 6.6067368507e+01 3.0502488426e+01 3.8026465416e+01 3.8808081627e+01 0 0
390 7.6490723231e+03 8.3500941312e+03 8.2904354530e+03 8.0684313221e+03 8.4515541766e+03 2.1375904395e+00 2.1566273038e+00 2.1577285141e+00 2.1501363231e+00 2.1595391201e+00 4.9675331089e+01 6.5649026871e+01 5.8470690250e+01 3.0655922677e+01 3.5985274792e+01 3.6304570675e+01 0 0
391 7.7833988158e+03 8.0800638611e+03 8.0003009943e+03 7.9632435603e+03 8.4283787290e+03 2.1354129016e+00 2.1542175283e+00 2.1554853618e+00 2.1478256876e+00 2.1570204603e+00 5.7715158762e+01 5.8136876583e+01 5.5465106010e+01 3.2075567843e+01 3.3917845249e+01 3.5174002647e+01 0 0
392 7.7947690291e+03 8.1510524474e+03 8.0773354517e+03 7.8715660449e+03 8.0951007406e+03 2.1331042377e+00 2.1518498868e+00 2.1532883701e+00 2.1455443962e+00 2.1546229411e+00 4.7963259380e+01 5.3696712017e+01 5.8928512096e+01 3.0223660939e+01 3.2500839233e+01 3.5135701656e+01 0 0
393 7.6472190212e+03 8.1626493248e+03 7.9803656558e+03 7.8109625527e+03 8.1504689436e+03 2.1306807797e+00 2.1493988484e+00 2.1510692973e+00 2.1433543211e+00 2.1522068352e+00 4.3558959418e+01 5.7198194504e+01 5.6663195610e+01 2.8939217394e+01 3.2382606506e+01 3.4447531700e+01 0 0
394 7.6523828972e+03 7.9162865032e+03 7.9309969109e+03 7.5534733732e+03 7.9588200130e+03 2.1284529430e+00 2.1470435464e+00 2.1489426800e+00 2.1412769788e+00 2.1498601078e+00 4.5581977903e+01 6.7067147255e+01 5.4956707478e+01 2.9233226453e+01 3.3927770615e+01 3.3393338203e+01 0 0
395 7.7215976399e+03 7.8500973242e+03 7.8804413582e+03 7.8321103159e+03 7.9880781168e+03 2.1261068581e+00 2.1447416187e+00 2.1466800220e+00 2.1392228303e+00 2.1475970549e+00 4.4896426220e+01 6.6717364311e+01 5.8960026264e+01 2.9015244938e+01 3.4058077335e+01 3.3606310844e+01 0 0
396 7.6803261597e+03 7.8824085152e+03 7.9060450290e+03 7.6306623566e+03 7.6851524383e+03 2.1238703058e+00 2.1425156916e+00 2.1443761061e+00 2.1369146888e+00 2.1455451391e+00 4.5404497242e+01 5.1711772919e+01 6.4014382362e+01 2.8946590363e+01 3.1216876268e+01 3.3896531105e+01 0 0
397 7.6125823267e+03 7.6450747544e+03 7.6660511347e+03 7.7302181082e+03 7.8577604952e+03 2.1215449205e+00 2.1402431076e+00 2.1421638348e+00 2.1347086656e+00 2.1433540172e+00 4.4059248402e+01 5.0240336418e+01 6.9017427444e+01 2.8699784761e+01 2.9914682865e+01 3.5055010796e+01 0 0
398 7.5680085573e+03 7.7863917189e+03 7.8818068994e+03 7.5991683756e+03 7.7258444199e+03 2.1192324574e+00 2.1381007459e+00 2.1398530272e+00 2.1325198551e+00 2.1411861073e+00 4.3550607905e+01 5.1805436611e+01 5.5280048370e+01 2.8404395772e+01 3.0689330339e+01 3.2097402096e+01 0 0
399 7.6508838152e+03 7.5382480723e+03 7.5272953974e+03 7.6246463525e+03 7.7078505434e+03 2.1169803791e+00 2.1359531815e+00 2.1376981176e+00 2.1303178610e+00 2.1389428556e+00 4.6246406728e+01 5.3057042599e+01 5.2883364201e+01 2.8789052064e+01 3.0716073275e+01 3.1049679995e+01 0 0
400 7.6292419939e+03 7.7756252482e+03 7.6477717016e+03 7.5963812437e+03 7.7354891248e+03 2.1146289976e+00 2.1337447628e+00 2.1355809339e+00 2.1281056129e+00 2.1367308971e+00 4.7326407654e+01 4.9245387077e+01 5.2316498756e+01 2.9525933660e+01 2.9868060350e+01 3.0899598837e+01 0 0
401 7.4381324274e+03 7.4929972641e+03 7.5270201275e+03 7.6352215423e+03 7.5514353602e+03 2.1124986470e+00 2.1315716212e+00 2.1335590081e+00 2.1259349568e+00 2.1345086891e+00 5.6920322319e+01 4.9157232761e+01 4.9798291206e+01 3.0733861882e+01 2.9593193054e+01 3.0050134659e+01 0 0
402 7.5230722478e+03 7.6251061632e+03 7.6966013279e+03 7.4616802397e+03 7.6527391175e+03 2.1103708705e+00 2.1295832813e+00 2.1314120209e+00 2.1238442438e+00 2.1324177506e+00 6.4799283739e+01 5.3590171337e+01 5.4719812393e+01 3.2668325647e+01 3.0197023869e+01 3.0641286135e+01 0 0
403 7.5054615669e+03 7.4775332831e+03 7.5450370443e+03 7.4851329982e+03 7.5700589165e+03 2.1080081632e+00 2.1275254611e+00 2.1292624389e+00 2.1217001487e+00 2.1301998886e+00 5.1224245190e+01 5.7360301018e+01 5.6475491047e+01 3.0201452963e+01 3.1316228867e+01 3.1755252123e+01 0 0
404 7.4457295798e+03 7.6199968504e+03 7.6693731165e+03 7.6440408162e+03 7.6577688657e+03 2.1056575017e+00 2.1254922772e+00 2.1270823014e+00 2.1193934351e+00 2.1280652893e+00 4.3842364717e+01 4.7257800579e+01 5.0339697361e+01 2.7699146748e+01 2.9466779232e+01 2.9771265030e+01 0 0
405 7.3783666911e+03 7.5665175609e+03 7.5838074870e+03 7.6259284025e+03 7.5376346422e+03 2.1033987066e+00 2.1233271140e+00 2.1248692896e+00 2.1170624217e+00 2.1259061645e+00 4.7372776420e+01 4.3549471855e+01 4.9515040874e+01 2.8284046523e+01 2.8310153961e+01 2.9718552113e+01 0 0
406 7.3914472916e+03 7.5330309969e+03 7.5055752611e+03 7.6239632738e+03 7.5724278801e+03 2.1011525950e+00 2.1210909216e+00 2.1226606273e+00 2.1147475564e+00 2.1237803486e+00 4.8911535336e+01 4.8654690266e+01 5.4813702583e+01 2.8656042901e+01 2.9748528481e+01 3.0336278677e+01 0 0
407 7.4494415346e+03 7.6380733173e+03 7.5306544204e+03 7.3966706024e+03 7.4148208340e+03 2.0987775674e+00 2.1187322635e+00 2.1203988624e+00 2.1124497297e+00 2.1217157332e+00 4.6598252080e+01 4.9811715603e+01 5.6498471737e+01 2.8387766087e+01 2.9301892281e+01 3.0919313431e+01 0 0
408 7.3345768282e+03 7.6381523944e+03 7.5044949197e+03 7.3224684363e+03 7.4040172879e+03 2.0964094103e+00 2.1164187445e+00 2.1183621217e+00 2.1105011625e+00 2.1197231350e+00 4.4602486730e+01 6.2704013824e+01 6.2870555401e+01 2.7762261170e+01 3.1117987633e+01 3.1666446924e+01 0 0
409 7.3534317403e+03 7.4538639644e+03 7.5597267146e+03 7.3764121360e+03 7.5841434586e+03 2.0940155998e+00 2.1142540870e+00 2.1162328864e+00 2.1082531047e+00 2.1175497169e+00 4.0066767923e+01 6.2235326290e+01 6.3643646717e+01 2.6377142822e+01 3.2024234295e+01 3.2610852242e+01 0 0
410 7.1499544805e+03 7.4054271990e+03 7.5154810891e+03 7.4452648039e+03 7.6220721592e+03 2.0916454814e+00 2.1121430984e+00 2.1139598010e+00 2.1059304957e+00 2.1152885444e+00 3.5678892878e+01 4.4215379238e+01 5.1823880672e+01 2.4642128657e+01 2.7711110592e+01 3.0478160858e+01 0 0
411 7.2310061503e+03 7.4491126988e+03 7.4379303573e+03 7.3691302065e+03 7.4871922641e+03 2.0893308740e+00 2.1098693403e+00 2.1115958744e+00 2.1035241618e+00 2.1129821070e+00 3.9220476723e+01 4.1357361317e+01 4.8776762486e+01 2.5327326797e+01 2.7185259342e+01 2.9468715906e+01 0 0
412 7.1164919476e+03 7.3649980312e+03 7.3352404187e+03 7.4489967110e+03 7.3528497877e+03 2.0870968382e+00 2.1075871989e+00 2.1093868578e+00 2.1011613640e+00 2.1107507775e+00 4.2750585646e+01 4.0683804512e+01 4.9057741642e+01 2.6110393033e+01 2.6713149071e+01 2.8826163530e+01 0 0
413 7.0814351464e+03 7.4482309309e+03 7.3396474030e+03 7.2564299762e+03 7.2728855346e+03 2.0848690696e+00 2.1052259402e+00 2.1071587879e+00 2.0988383961e+00 2.1085875140e+00 4.2471916561e+01 4.5312731266e+01 5.4187263966e+01 2.5818062857e+01 2.7664487839e+01 2.9582473993e+01 0 0
414 6.9817302858e+03 7.2894381128e+03 7.2611844764e+03 7.3158950239e+03 7.2555225863e+03 2.0826129809e+00 2.1028685722e+00 2.1049780342e+00 2.0965823449e+00 2.1065472552e+00 4.0406430338e+01 4.5357899666e+01 6.2147605419e+01 2.5250428624e+01 2.7269060612e+01 3.0876106262e+01 0 0
415 6.9230761416e+03 7.3842147856e+03 7.3997140485e+03 7.1151174270e+03 7.3543064935e+03 2.0804920139e+00 2.1006148781e+00 2.1027377538e+00 2.0943348453e+00 2.1043381701e+00 4.1739932771e+01 4.2259308338e+01 5.3091351986e+01 2.4863262966e+01 2.6064927101e+01 2.9510483265e+01 0 0
416 6.9513358113e+03 7.2549693314e+03 7.2328204734e+03 7.1145394791e+03 7.2752413018e+03 2.0783793206e+00 2.0982780909e+00 2.1004374043e+00 2.0921691613e+00 2.1020323777e+00 4.3738852134e+01 4.3894605637e+01 4.8522887707e+01 2.5331329700e+01 2.6171550989e+01 2.8583566904e+01 0 0
417 7.0217355221e+03 7.1915372487e+03 7.2046621017e+03 7.1201134822e+03 7.3483745141e+03 2.0762359212e+00 2.0960907396e+00 2.0982817846e+00 2.0900012427e+00 2.0997729622e+00 4.4604187415e+01 4.6993400574e+01 4.6764182091e+01 2.5635360743e+01 2.6917331934e+01 2.7991580248e+01 0 0
418 6.8077126318e+03 7.0586179950e+03 7.1750314285e+03 7.0384168674e+03 7.0789208217e+03 2.0740828947e+00 2.0940403154e+00 2.0960970525e+00 2.0878337746e+00 2.0975643772e+00 4.2518484828e+01 4.7179532051e+01 4.6705678940e+01 2.5125499210e+01 2.6781833410e+01 2.7453206778e+01 0 0
419 6.9486771613e+03 7.1391943523e+03 7.0384518184e+03 7.0306881598e+03 7.1761192855e+03 2.0719584440e+00 2.0919619792e+00 2.0940291047e+00 2.0856483303e+00 2.0954986723e+00 4.6069407438e+01 4.2276428699e+01 5.4670338631e+01 2.5739830246e+01 2.5551784992e+01 2.8349304199e+01 0 0
420 6.7487239395e+03 7.0960473505e+03 7.1189943110e+03 6.8259293873e+03 7.1269303350e+03 2.0697467977e+00 2.0898446902e+00 2.0920427870e+00 2.0835833981e+00 2.0933027919e+00 4.1301559403e+01 4.4252163887e+01 4.6331161976e+01 2.4630246629e+01 2.5352739573e+01 2.7039282322e+01 0 0
421 6.9266696796e+03 7.0871139401e+03 7.0686906850e+03 6.8492674061e+03 7.1718137176e+03 2.0676091708e+00 2.0876927178e+00 2.0899484188e+00 2.0816088237e+00 2.0910806748e+00 4.2081617112e+01 5.0906254292e+01 4.2023037910e+01 2.4575727185e+01 2.6456470013e+01 2.5824037313e+01 0 0
422 6.7434977317e+03 6.9688595911e+03 6.9875549372e+03 6.9243431457e+03 7.1194145827e+03 2.0653559475e+00 2.0855503258e+00 2.0878447055e+00 2.0795757037e+00 2.0888439465e+00 3.9543064055e+01 5.0306721687e+01 4.1971617222e+01 2.4201432046e+01 2.6471287966e+01 2.5850443840e+01 0 0
423 7.0054461246e+03 7.0236671333e+03 6.9314189024e+03 6.8584313075e+03 7.0189583273e+03 2.0630683410e+00 2.0833503682e+00 2.0857844072e+00 2.0775786574e+00 2.0866585694e+00 3.7318810640e+01 5.2166615009e+01 4.1261979103e+01 2.3665476858e+01 2.6886551380e+01 2.5113569260e+01 0 0
424 6.7643019600e+03 6.8050760466e+03 6.8693464027e+03 6.8687501046e+03 6.8599102035e+03 2.0607491826e+00 2.0812720745e+00 2.0837561506e+00 2.0755271475e+00 2.0846348319e+00 3.8153390646e+01 5.0620581627e+01 4.7228138924e+01 2.3976413560e+01 2.6747014284e+01 2.5907056093e+01 0 0
425 6.8626996659e+03 7.0170329912e+03 6.8867135849e+03 6.8722200198e+03 6.9705678391e+03 2.0585542150e+00 2.0792058425e+00 2.0817456728e+00 2.0732448340e+00 2.0825857262e+00 4.3957383436e+01 3.9602684021e+01 4.8766912937e+01 2.4930500722e+01 2.4544021606e+01 2.6472289085e+01 0 0
426 6.7022950169e+03 6.8513335928e+03 6.9206701988e+03 6.7736572101e+03 6.8385284967e+03 2.0563225502e+00 2.0770532110e+00 2.0797729124e+00 2.0711018051e+00 2.0804938017e+00 4.0001081266e+01 3.8341676235e+01 4.2647169113e+01 2.4139676869e+01 2.3554622650e+01 2.4894027233e+01 0 0
427 6.7695058996e+03 6.8198659811e+03 6.8614129740e+03 6.8739903986e+03 6.9462864899e+03 2.0540677911e+00 2.0750008853e+00 2.0776321702e+00 2.0688849790e+00 2.0784531352e+00 3.7030414843e+01 4.0442872047e+01 4.6891101360e+01 2.3045874313e+01 2.4303828478e+01 2.5640406609e+01 0 0
428 6.7939094191e+03 6.6922910875e+03 6.8277146982e+03 6.9384436295e+03 6.7697621819e+03 2.0517940323e+00 2.0729925494e+00 2.0754802545e+00 2.0666408016e+00 2.0764376245e+00 3.5347603904e+01 3.8259280682e+01 5.2944960594e+01 2.2653404671e+01 2.3756051540e+01 2.7022210598e+01 0 0
429 6.5100634223e+03 6.7686367904e+03 6.8387314613e+03 6.6620021015e+03 6.8655720810e+03 2.0496462391e+00 2.0709949981e+00 2.0732544694e+00 2.0644778807e+00 2.0742883796e+00 3.4727737384e+01 4.0548686504e+01 4.4643354893e+01 2.1978009274e+01 2.4082141399e+01 2.5540411711e+01 0 0
430 6.6660278193e+03 6.8197516084e+03 6.7901970516e+03 6.8571189285e+03 6.7316327886e+03 2.0475221144e+00 2.0688741095e+00 2.0710917491e+00 2.0623918996e+00 2.0720998022e+00 4.1392661684e+01 5.1872437000e+01 3.8325440407e+01 2.3486909326e+01 2.6406646729e+01 2.3751468182e+01 0 0
431 6.5660246745e+03 6.9802842349e+03 6.8820912519e+03 6.7005957944e+03 6.7685791714e+03 2.0453648405e+00 2.0666693030e+00 2.0689850552e+00 2.0601974604e+00 2.0699939410e+00 3.8149029565e+01 4.5850995541e+01 4.2352540970e+01 2.2718928099e+01 2.5525768280e+01 2.4318129063e+01 0 0
432 6.5706264284e+03 6.8081410091e+03 6.8111247236e+03 6.7752337229e+03 6.8161971802e+03 2.0432980558e+00 2.0644203181e+00 2.0669384661e+00 2.0580338999e+00 2.0678531031e+00 3.9217736170e+01 3.9636743546e+01 4.3785772800e+01 2.2804682793e+01 2.3583210945e+01 2.4773340940e+01 0 0
433 6.4409399997e+03 6.8129256564e+03 6.7799716814e+03 6.5453238270e+03 6.8887061194e+03 2.0412407410e+00 2.0621698820e+00 2.0647298327e+00 2.0558413554e+00 2.0657609327e+00 4.0320027396e+01 3.7971125603e+01 4.6399387360e+01 2.2845191514e+01 2.3094585896e+01 2.5344112158e+01 0 0
434 6.3454970750e+03 6.7417608976e+03 6.8177814573e+03 6.7341517654e+03 6.6971707459e+03 2.0393498378e+00 2.0600394799e+00 2.0625579594e+00 2.0537988166e+00 2.0636701292e+00 4.6461566654e+01 4.1747442722e+01 4.7063724518e+01 2.3465931865e+01 2.3437674999e+01 2.5424838066e+01 0 0
435 6.4579789680e+03 6.6901100140e+03 6.6985246137e+03 6.5103228799e+03 6.7329339816e+03 2.0373955332e+00 2.0578940373e+00 2.0603777532e+00 2.0517010710e+00 2.0615646734e+00 4.6574721987e+01 4.1996791363e+01 5.1246093750e+01 2.3919050435e+01 2.3651697874e+01 2.6346817493e+01 0 0
436 6.4198233710e+03 6.6269335292e+03 6.6896292872e+03 6.6005902766e+03 6.6654608243e+03 2.0352164876e+00 2.0558107190e+00 2.0582525967e+00 2.0496088856e+00 2.0595372293e+00 3.4951120379e+01 4.0424831867e+01 4.9138593197e+01 2.1830492493e+01 2.3172568083e+01 2.5379207134e+01 0 0
437 6.5360942874e+03 6.5258458456e+03 6.5678252108e+03 6.5244438843e+03 6.6893646933e+03 2.0329896112e+00 2.0537721342e+00 2.0561454566e+00 2.0475274763e+00 2.0574793653e+00 3.1511915635e+01 3.8820363998e+01 4.6019537449e+01 2.0746749593e+01 2.2735605478e+01 2.4854102135e+01 0 0
438 6.3599705855e+03 6.7259470709e+03 6.7797896723e+03 6.5516910794e+03 6.6495617901e+03 2.0308040607e+00 2.0517957523e+00 2.0540270627e+00 2.0455042487e+00 2.0553048147e+00 3.2301594228e+01 4.1446081161e+01 3.8829522610e+01 2.0785085683e+01 2.2961363077e+01 2.3175597191e+01 0 0
439 6.2528765365e+03 6.5397562646e+03 6.3942983978e+03 6.5182279801e+03 6.6356576162e+03 2.0288581323e+00 2.0495477055e+00 2.0519284338e+00 2.0434113699e+00 2.0531554233e+00 4.0719017018e+01 4.0262735367e+01 3.7189578533e+01 2.1941720077e+01 2.3028173923e+01 2.2713227510e+01 0 0
440 6.2610019437e+03 6.5273624076e+03 6.6297978853e+03 6.4273577775e+03 6.6071742826e+03 2.0269698515e+00 2.0475775384e+00 2.0500017620e+00 2.0413710031e+00 2.0510247508e+00 5.2645997848e+01 3.5612458229e+01 3.5881813526e+01 2.4443557491e+01 2.1548859119e+01 2.2084674597e+01 0 0
441 6.3633454145e+03 6.4817093424e+03 6.5700255707e+03 6.3472866644e+03 6.4247272316e+03 2.0248698568e+00 2.0455934390e+00 2.0478513514e+00 2.0393568672e+00 2.0489828590e+00 4.0772807796e+01 3.7113738060e+01 4.0866980553e+01 2.2570113596e+01 2.1582668304e+01 2.2980220556e+01 0 0
442 6.2585609650e+03 6.6224771800e+03 6.6569999249e+03 6.3398687684e+03 6.5873648753e+03 2.0228032206e+00 2.0434910318e+00 2.0456388734e+00 2.0374957098e+00 2.0470287785e+00 3.7708942977e+01 4.8363469601e+01 4.5603590012e+01 2.1659002396e+01 2.3658363819e+01 2.3776542902e+01 0 0
443 6.1801102583e+03 6.4499553487e+03 6.4602210488e+03 6.4570333745e+03 6.4254992024e+03 2.0207662102e+00 2.0413738120e+00 2.0435083589e+00 2.0354054320e+00 2.0449948046e+00 3.7013145411e+01 4.2645400047e+01 4.1361028194e+01 2.1252603751e+01 2.3442456722e+01 2.3210530758e+01 0 0
444 6.3142393911e+03 6.4079956305e+03 6.4229585084e+03 6.3647944193e+03 6.5274889506e+03 2.0186144827e+00 2.0393199757e+00 2.0414396636e+00 2.0332925410e+00 2.0429641086e+00 3.3612467392e+01 3.4581754684e+01 3.9218133450e+01 2.0517922438e+01 2.1146772385e+01 2.2309931755e+01 0 0
445 6.1199795931e+03 6.4489726314e+03 6.4366596927e+03 6.4197071584e+03 6.4291249793e+03 2.0164700794e+00 2.0372417455e+00 2.0393797182e+00 2.0311354014e+00 2.0409005503e+00 3.0878421781e+01 3.4746155262e+01 3.6788655281e+01 1.9737247771e+01 2.1343602180e+01 2.1953552008e+01 0 0
446 6.3242107493e+03 6.3714946441e+03 6.3203107519e+03 6.3513765437e+03 6.4342036026e+03 2.0143456630e+00 2.0351600951e+00 2.0373812448e+00 2.0289685732e+00 2.0387671111e+00 2.9287863620e+01 3.2333305836e+01 3.1951647043e+01 1.9097993876e+01 2.0476021051e+01 2.0599125862e+01 0 0
447 5.9766083387e+03 6.4301147735e+03 6.3788168182e+03 6.2051991104e+03 6.3902450657e+03 2.0121948836e+00 2.0330966039e+00 2.0354813211e+00 2.0268982496e+00 2.0367362867e+00 3.0168991925e+01 3.5933036804e+01 3.6918153286e+01 1.9100194582e+01 2.1084741592e+01 2.1737445831e+01 0 0
448 5.8896480565e+03 6.2587027410e+03 6.2886011163e+03 6.2913845853e+03 6.4108196044e+03 2.0104068590e+00 2.0310676335e+00 2.0335259971e+00 2.0248467306e+00 2.0346117276e+00 3.5388372001e+01 3.7491140842e+01 3.7571168900e+01 1.9399220630e+01 2.1587825775e+01 2.1866937160e+01 0 0
449 5.8527669512e+03 6.3460387645e+03 6.3808886528e+03 6.1337127419e+03 6.3957398321e+03 2.0085526502e+00 2.0291224057e+00 2.0315304215e+00 2.0227194836e+00 2.0325697092e+00 4.0107011346e+01 3.2947111607e+01 3.6016082287e+01 2.0438477162e+01 2.0270361900e+01 2.1432410955e+01 0 0
450 5.8717220397e+03 6.2016481680e+03 6.2458770401e+03 6.2183959346e+03 6.1719131556e+03 2.0066909689e+00 2.0271223513e+00 2.0294852620e+00 2.0206571769e+00 2.0305879689e+00 3.7279399136e+01 3.2385931492e+01 4.0393516064e+01 1.9883346141e+01 1.9881000996e+01 2.1727553368e+01 0 0
451 5.9300297010e+03 6.2876650674e+03 6.2582975321e+03 6.0344888765e+03 6.3788086662e+03 2.0047411712e+00 2.0250529962e+00 2.0273929589e+00 2.0186819325e+00 2.0287023878e+00 3.2215671431e+01 3.5366330624e+01 4.9021201134e+01 1.8732603163e+01 2.0291893005e+01 2.3859548330e+01 0 0
452 5.7202189911e+03 6.2161969081e+03 6.1376982656e+03 6.0862323321e+03 6.2159523808e+03 2.0028144010e+00 2.0229354734e+00 2.0254340767e+00 2.0167598359e+00 2.0265303196e+00 3.1048500858e+01 3.9333307266e+01 3.4592007160e+01 1.8233152802e+01 2.0823093653e+01 2.1090399742e+01 0 0
453 5.9066027377e+03 6.1663859756e+03 6.0967420808e+03 6.0318408467e+03 6.2677753629e+03 2.0008284422e+00 2.0208348792e+00 2.0234913614e+00 2.0147913534e+00 2.0243903468e+00 3.3456000958e+01 3.6597653389e+01 3.1962185144e+01 1.8953893252e+01 2.0358411074e+01 2.0217215538e+01 0 0
454 5.8404819349e+03 6.2058988068e+03 6.1195078233e+03 5.7693763961e+03 6.1127761287e+03 1.9987311105e+00 2.0187279023e+00 2.0215959364e+00 2.0129769130e+00 2.0223584733e+00 2.6655494695e+01 3.6483294487e+01 3.1488234758e+01 1.7446912582e+01 1.9652344704e+01 1.9594515324e+01 0 0
455 5.9253053200e+03 5.9552554941e+03 6.0469731271e+03 5.8902889573e+03 6.1278381180e+03 1.9966177343e+00 2.0167860469e+00 2.0196438970e+00 2.0111442347e+00 2.0203680156e+00 2.7556166171e+01 3.7845180988e+01 3.5947967052e+01 1.7683470482e+01 1.9855211258e+01 2.0447058916e+01 0 0
456 5.8625472648e+03 6.0576374933e+03 6.1268164653e+03 5.8332879236e+03 6.0719973650e+03 1.9944974547e+00 2.0149976153e+00 2.0176606062e+00 2.0092115090e+00 2.0183732196e+00 2.7633228412e+01 3.3339884281e+01 3.5816737175e+01 1.7666983719e+01 1.9005138159e+01 2.0388795137e+01 0 0
457 5.7503102329e+03 5.8200780064e+03 5.8230888710e+03 5.8386464185e+03 5.9350767476e+03 1.9926662366e+00 2.0131333027e+00 2.0157827427e+00 2.0073805079e+00 2.0165458229e+00 3.7099579535e+01 3.4026909828e+01 3.9029468536e+01 1.9309916082e+01 1.8812267303e+01 2.0393396616e+01 0 0
458 5.9376424200e+03 5.8336132885e+03 5.8492208028e+03 5.8218017830e+03 5.9885183476e+03 1.9906887370e+00 2.0113313637e+00 2.0139826019e+00 2.0054641340e+00 2.0147490297e+00 4.3116800408e+01 3.2685057640e+01 4.3129296780e+01 2.1067886609e+01 1.8573661327e+01 2.1189064264e+01 0 0
459 5.9262364457e+03 5.9440689767e+03 5.9505213217e+03 5.7710283312e+03 5.7631088832e+03 1.9885107217e+00 2.0093915915e+00 2.0120229210e+00 2.0035173567e+00 2.0128977769e+00 3.0756568812e+01 3.3155998707e+01 3.8951220512e+01 1.8887312339e+01 1.8670266390e+01 2.0241769314e+01 0 0
460 5.8495269878e+03 5.8257672456e+03 5.8206466995e+03 5.7567289323e+03 5.9588777467e+03 1.9863755357e+00 2.0074024023e+00 2.0100508679e+00 2.0016725959e+00 2.0109799493e+00 2.8981769612e+01 3.5672760963e+01 3.1863034964e+01 1.8090086697e+01 1.8878190756e+01 1.8746313810e+01 0 0
461 5.7160020413e+03 5.9382953783e+03 5.8684808937e+03 5.7975884642e+03 5.8788338980e+03 1.9842494649e+00 2.0053869821e+00 2.0081275341e+00 1.9998242167e+00 2.0089495011e+00 2.9836113998e+01 3.9445919037e+01 2.6959632397e+01 1.8111844596e+01 1.9924708605e+01 1.7589430094e+01 0 0
462 5.8114620867e+03 5.7813230320e+03 5.7584454499e+03 5.8523212489e+03 5.7617525112e+03 1.9822199429e+00 2.0033873480e+00 2.0062152909e+00 1.9978345438e+00 2.0070170028e+00 3.1221279628e+01 3.5859467983e+01 2.8935103893e+01 1.8210574497e+01 1.9528373957e+01 1.7616610765e+01 0 0
463 5.6580286036e+03 5.9051408112e+03 5.8070477870e+03 5.9128916784e+03 5.8574547373e+03 1.9801310937e+00 2.0014010852e+00 2.0044115369e+00 1.9957879094e+00 2.0050911794e+00 2.9402979966e+01 3.2560376644e+01 3.1421293497e+01 1.7822685002e+01 1.8821529388e+01 1.8217993021e+01 0 0
464 5.7090785098e+03 5.7992944398e+03 5.8180635954e+03 5.8257703353e+03 5.7226266696e+03 1.9780886220e+00 1.9993520782e+00 2.0024613961e+00 1.9937413960e+00 2.0032028909e+00 2.7456944164e+01 3.1559964418e+01 3.3835068703e+01 1.6982298621e+01 1.8697591782e+01 1.8676908970e+01 0 0
465 5.7002454287e+03 5.8986120401e+03 5.8938751259e+03 5.9622224044e+03 5.8842216138e+03 1.9759383139e+00 1.9974187599e+00 2.0004893000e+00 1.9916783560e+00 2.0013274230e+00 2.4555715619e+01 3.2859871864e+01 3.6844287395e+01 1.6436417002e+01 1.8904404640e+01 1.9313970089e+01 0 0
466 5.7319852074e+03 5.8844014139e+03 5.9531104475e+03 5.8239079663e+03 5.7945615882e+03 1.9738322472e+00 1.9953968767e+00 1.9984001732e+00 1.9894984099e+00 1.9992893440e+00 2.2991708267e+01 2.9399993896e+01 3.2105713367e+01 1.5635041721e+01 1.8341986418e+01 1.8724563837e+01 0 0
467 5.6153662144e+03 5.8959318178e+03 5.9094845799e+03 5.7763400177e+03 5.8878872272e+03 1.9717095251e+00 1.9933188652e+00 1.9962671842e+00 1.9874198283e+00 1.9973402176e+00 2.3438018441e+01 2.9063051701e+01 3.3377832890e+01 1.5817265463e+01 1.7801863909e+01 1.8801830769e+01 0 0
468 5.5233188402e+03 5.8871364856e+03 5.8882455791e+03 5.7313998290e+03 5.8407766607e+03 1.9697238039e+00 1.9913107131e+00 1.9942305810e+00 1.9853113066e+00 1.9954082115e+00 2.8092964583e+01 2.7953490496e+01 3.6632635593e+01 1.6603151500e+01 1.7498892546e+01 1.9465345144e+01 0 0
469 5.4098213213e+03 5.7746232778e+03 5.8298902220e+03 5.6236038267e+03 5.9170208720e+03 1.9678540366e+00 1.9892525198e+00 1.9922008029e+00 1.9834072786e+00 1.9933901503e+00 3.1526868290e+01 3.1686085701e+01 3.5896735668e+01 1.7112661963e+01 1.7741014242e+01 1.9664109945e+01 0 0
470 5.4137138570e+03 5.7398944241e+03 5.7181337865e+03 5.6267489725e+03 5.8930263872e+03 1.9660182941e+00 1.9872335464e+00 1.9901572186e+00 1.9814681883e+00 1.9912512196e+00 3.1623166532e+01 3.4720881462e+01 3.0392364502e+01 1.6913223929e+01 1.8499019384e+01 1.8486905813e+01 0 0
471 5.3726866946e+03 5.6506210278e+03 5.7386196947e+03 5.6251570645e+03 5.7463226502e+03 1.9640163461e+00 1.9852956302e+00 1.9881782681e+00 1.9794677125e+00 1.9892062198e+00 2.5625133491e+01 2.7285157681e+01 2.9038877010e+01 1.5803595673e+01 1.6864890099e+01 1.7861888170e+01 0 0
472 5.4301455069e+03 5.7554118880e+03 5.7096376417e+03 5.5569970308e+03 5.7072697501e+03 1.9620189601e+00 1.9832631114e+00 1.9861216305e+00 1.9774062540e+00 1.9871620185e+00 2.2734044243e+01 2.5487553596e+01 3.1684342623e+01 1.4843157328e+01 1.6185824394e+01 1.8246172190e+01 0 0
473 5.3727469303e+03 5.6038600982e+03 5.5853033937e+03 5.5605316293e+03 5.6708729487e+03 1.9599817795e+00 1.9812282721e+00 1.9841783472e+00 1.9755323576e+00 1.9851184921e+00 2.1657575230e+01 2.8884827852e+01 2.9102818727e+01 1.4585736142e+01 1.6669994831e+01 1.7558467627e+01 0 0
474 5.3203890648e+03 5.6371710991e+03 5.5828444363e+03 5.4903668366e+03 5.6818285789e+03 1.9579921397e+00 1.9792438062e+00 1.9823159894e+00 1.9736987303e+00 1.9831296624e+00 2.4513723769e+01 3.5814038754e+01 2.8225005150e+01 1.5217521961e+01 1.7896985054e+01 1.7254620314e+01 0 0
475 5.2701495083e+03 5.5252916665e+03 5.5425384076e+03 5.4913349925e+03 5.5266069156e+03 1.9560663110e+00 1.9773346558e+00 1.9804753014e+00 1.9717916326e+00 1.9811822367e+00 2.5335585674e+01 3.4615102768e+01 2.8312455654e+01 1.5219144468e+01 1.8247100353e+01 1.6689797640e+01 0 0
476 5.2388939591e+03 5.5562915690e+03 5.5234404134e+03 5.4261006257e+03 5.5878181789e+03 1.9541909402e+00 1.9753928199e+00 1.9786189667e+00 1.9698329149e+00 1.9793389179e+00 2.5614771049e+01 2.5376413345e+01 3.3487746716e+01 1.5109571997e+01 1.5547229111e+01 1.7785208464e+01 0 0
477 5.2388018807e+03 5.5520030620e+03 5.5226040959e+03 5.3746627801e+03 5.4832727454e+03 1.9522159844e+00 1.9734465060e+00 1.9767519639e+00 1.9679570005e+00 1.9775358785e+00 2.3570003096e+01 2.6159413815e+01 3.3848960400e+01 1.4722738892e+01 1.5645986438e+01 1.7682163715e+01 0 0
478 5.1849611833e+03 5.3296262533e+03 5.4881681826e+03 5.3219530250e+03 5.5540514942e+03 1.9502229796e+00 1.9716279883e+00 1.9748299067e+00 1.9660598075e+00 1.9756163902e+00 2.1073922232e+01 2.6399230242e+01 3.2960917950e+01 1.3955325398e+01 1.5479389548e+01 1.7794524431e+01 0 0
479 5.1812221231e+03 5.4644752722e+03 5.3922436889e+03 5.3615736496e+03 5.4914165750e+03 1.9482628554e+00 1.9698220078e+00 1.9729440139e+00 1.9641732068e+00 1.9736380621e+00 2.0624151570e+01 2.6696431875e+01 2.7682090998e+01 1.3651517031e+01 1.5665964603e+01 1.6514376879e+01 0 0
480 5.0768460351e+03 5.3201319533e+03 5.3348662589e+03 5.3829783577e+03 5.3457729095e+03 1.9463840957e+00 1.9679479044e+00 1.9712160719e+00 1.9622417526e+00 1.9717556965e+00 2.1278377175e+01 2.4974732161e+01 2.9579360485e+01 1.3638459972e+01 1.5231371284e+01 1.6620373726e+01 0 0
481 5.0416813473e+03 5.3750510695e+03 5.3139490024e+03 5.2650827154e+03 5.3708018023e+03 1.9445696533e+00 1.9661234933e+00 1.9694605502e+00 1.9602317148e+00 1.9699617734e+00 2.3492504598e+01 2.4770160198e+01 2.9404861927e+01 1.3904880526e+01 1.5284950078e+01 1.6152206421e+01 0 0
482 5.0343743628e+03 5.2952588228e+03 5.3548557404e+03 5.1891109065e+03 5.3148245503e+03 1.9428403848e+00 1.9643105693e+00 1.9676812484e+00 1.9584149803e+00 1.9681604511e+00 2.7142483002e+01 2.4979064941e+01 2.9219577551e+01 1.4560101668e+01 1.4791460752e+01 1.6065681458e+01 0 0
483 4.9587247348e+03 5.3962546271e+03 5.3686370710e+03 5.1186474776e+03 5.3299350840e+03 1.9410896659e+00 1.9624853651e+00 1.9657920273e+00 1.9565806086e+00 1.9663674771e+00 2.6167267647e+01 2.6865323544e+01 3.0799242020e+01 1.4440187424e+01 1.5159944057e+01 1.6382440805e+01 0 0
484 4.9135523785e+03 5.2519838157e+03 5.3279031523e+03 5.1621127458e+03 5.2996075326e+03 1.9393694747e+00 1.9606195541e+00 1.9639424234e+00 1.9547539966e+00 1.9646208833e+00 2.3514625073e+01 2.7414870977e+01 3.0812237978e+01 1.3502283814e+01 1.5250450552e+01 1.6140899658e+01 0 0
485 4.9007807571e+03 5.1875111566e+03 5.2529014839e+03 5.1402575811e+03 5.3705880497e+03 1.9377004402e+00 1.9588992183e+00 1.9620545944e+00 1.9528942977e+00 1.9627803876e+00 2.5757512756e+01 2.3961142302e+01 3.1186324835e+01 1.3871684854e+01 1.4459784448e+01 1.6624022007e+01 0 0
486 4.9582331445e+03 5.1800494206e+03 5.1863362791e+03 5.0850581118e+03 5.2119416727e+03 1.9359183532e+00 1.9571419499e+00 1.9602394539e+00 1.9510186435e+00 1.9609657609e+00 2.4949076221e+01 2.2811147928e+01 2.8446374416e+01 1.4002726294e+01 1.3983452559e+01 1.5644778252e+01 0 0
487 4.9596970719e+03 5.1495487181e+03 5.0897426261e+03 5.0970163822e+03 5.2221313656e+03 1.9340161151e+00 1.9552563179e+00 1.9584479365e+00 1.9491379934e+00 1.9591871667e+00 1.8959793206e+01 2.1758581877e+01 3.0890424728e+01 1.2621243708e+01 1.3700781226e+01 1.6196359396e+01 0 0
488 4.8703690446e+03 5.1565401191e+03 5.1142401195e+03 5.0459512483e+03 5.1802424654e+03 1.9320945365e+00 1.9534382309e+00 1.9567470657e+00 1.9473207391e+00 1.9573262966e+00 1.8054897192e+01 2.1797905922e+01 2.4261917114e+01 1.2166929596e+01 1.3511301875e+01 1.4591621339e+01 0 0
489 4.8653670660e+03 5.0736862339e+03 5.1291061599e+03 5.0294015549e+03 5.1451662753e+03 1.9302871588e+00 1.9515904819e+00 1.9549506795e+00 1.9455088641e+00 1.9554175067e+00 1.8558472444e+01 2.2394771099e+01 2.3422727585e+01 1.1998673463e+01 1.3555369139e+01 1.4452043176e+01 0 0
490 4.7713483471e+03 5.0609005128e+03 5.0593971973e+03 4.8838935287e+03 5.1230459690e+03 1.9285558264e+00 1.9497780906e+00 1.9530912128e+00 1.9437846871e+00 1.9536073061e+00 2.0878946337e+01 2.3566591024e+01 2.3370534897e+01 1.2445813392e+01 1.3492348373e+01 1.4067485094e+01 0 0
491 4.8813086522e+03 5.1072511197e+03 5.0538893933e+03 4.8052421375e+03 5.0193330234e+03 1.9268472119e+00 1.9479023389e+00 1.9512793318e+00 1.9422466103e+00 1.9518057465e+00 2.5085929357e+01 2.9411913395e+01 2.4635060072e+01 1.3332304432e+01 1.4274745643e+01 1.4281565845e+01 0 0
492 4.8747566156e+03 5.0689020507e+03 5.0204382279e+03 4.9851419238e+03 5.0241050944e+03 1.9250076634e+00 1.9460099102e+00 1.9495318483e+00 1.9406053963e+00 1.9500516116e+00 2.1628832736e+01 2.9437132835e+01 2.4948678732e+01 1.2956795178e+01 1.4711847484e+01 1.4248896718e+01 0 0
493 4.8931204748e+03 4.9355409025e+03 5.0081751167e+03 4.8473786731e+03 5.0491567613e+03 1.9231561441e+00 1.9442829696e+00 1.9477842764e+00 1.9388095020e+00 1.9482195887e+00 2.1114719791e+01 2.2398057938e+01 2.2672902822e+01 1.2831201645e+01 1.3340213656e+01 1.3766556740e+01 0 0
494 4.8998822525e+03 4.8245331380e+03 4.9537379826e+03 4.8369064494e+03 5.0006335599e+03 1.9212512682e+00 1.9426562299e+00 1.9460174227e+00 1.9370785386e+00 1.9464691100e+00 2.0048141039e+01 2.2499701977e+01 2.2391156197e+01 1.2609265611e+01 1.3014902055e+01 1.3428629518e+01 0 0
495 4.7783288477e+03 4.9411561400e+03 4.9153699759e+03 4.7723595841e+03 4.9200626012e+03 1.9194516804e+00 1.9410074220e+00 1.9442192775e+00 1.9353134982e+00 1.9447282330e+00 2.1306195212e+01 2.2605155468e+01 2.3262241364e+01 1.2685840429e+01 1.3070194185e+01 1.3484848440e+01 0 0
496 4.8307460991e+03 4.9312217553e+03 4.9301334668e+03 4.8227626937e+03 4.8607234030e+03 1.9177193534e+00 1.9392233031e+00 1.9425289416e+00 1.9335466825e+00 1.9430691562e+00 2.3525211875e+01 2.0248345613e+01 2.4114748240e+01 1.3079794171e+01 1.2386596262e+01 1.3480684638e+01 0 0
497 4.7664916598e+03 4.8055137082e+03 4.8118642957e+03 4.7459683943e+03 4.9254181548e+03 1.9159171781e+00 1.9375070273e+00 1.9408253497e+00 1.9318198227e+00 1.9413376858e+00 2.1509221280e+01 2.0566306353e+01 2.3369554758e+01 1.2646561315e+01 1.2282762468e+01 1.3378060699e+01 0 0
498 4.7999534077e+03 4.8355361647e+03 4.8746899389e+03 4.8557866510e+03 4.8586475484e+03 1.9141490564e+00 1.9357622292e+00 1.9390751915e+00 1.9301191516e+00 1.9396619347e+00 2.2463070495e+01 2.4669522047e+01 2.3976992846e+01 1.2773170656e+01 1.3251867175e+01 1.3432781875e+01 0 0
499 4.7803224844e+03 4.7424348177e+03 4.7690508490e+03 4.7979812421e+03 4.7368740747e+03 1.9125678197e+00 1.9340376577e+00 1.9372714345e+00 1.9284221085e+00 1.9379852012e+00 3.1144183787e+01 2.5372249126e+01 2.5556651831e+01 1.4257970372e+01 1.3482644141e+01 1.3591796577e+01 0 0
500 4.9127910260e+03 4.8363116111e+03 4.8477046115e+03 4.9131130661e+03 4.8212645644e+03 1.9107204656e+00 1.9323166683e+00 1.9355365521e+00 1.9265901429e+00 1.9363642784e+00 2.5765990110e+01 2.2742739677e+01 2.5060427666e+01 1.3953278665e+01 1.3249370158e+01 1.3398827136e+01 0 0
501 4.8264662227e+03 4.8047153922e+03 4.7904534232e+03 4.8495616297e+03 4.7398742599e+03 1.9087420982e+00 1.9305189997e+00 1.9337353615e+00 1.9247046323e+00 1.9345746699e+00 1.8222750751e+01 2.0262358189e+01 2.2029577971e+01 1.2084250692e+01 1.2615803242e+01 1.2778937876e+01 0 0
502 4.8051176671e+03 4.8970660604e+03 4.8779202536e+03 4.8476014688e+03 4.8038825964e+03 1.9068240348e+00 1.9287455206e+00 1.9320185008e+00 1.9228763397e+00 1.9329102905e+00 1.7775293625e+01 1.9462397575e+01 2.1399645567e+01 1.1722022313e+01 1.2234741926e+01 1.2469263613e+01 0 0
503 4.8156079561e+03 4.8416154329e+03 4.7735234366e+03 4.7904271208e+03 4.8010107269e+03 1.9048786718e+00 1.9269280106e+00 1.9303220879e+00 1.9211004778e+00 1.9311540224e+00 1.7169178550e+01 2.0995071411e+01 2.2467725039e+01 1.1623197352e+01 1.2518839657e+01 1.2908187449e+01 0 0
504 4.6854072427e+03 4.8554412776e+03 4.8431873802e+03 4.8286768374e+03 4.9047063113e+03 1.9030281488e+00 1.9251081132e+00 1.9286551313e+00 1.9193002177e+00 1.9293408341e+00 1.7837760759e+01 2.0558424950e+01 2.1750857592e+01 1.1421076988e+01 1.2339451909e+01 1.2868042231e+01 0 0
505 4.7079824947e+03 4.7759905779e+03 4.8114596538e+03 4.8529933031e+03 4.7592856607e+03 1.9012917062e+00 1.9234035428e+00 1.9269049323e+00 1.9174219349e+00 1.9275834882e+00 2.3294684767e+01 1.9721961737e+01 2.1812102318e+01 1.2644023802e+01 1.2397668719e+01 1.2735037684e+01 0 0
506 4.7053117889e+03 4.8255159310e+03 4.8348580124e+03 4.8125959731e+03 4.8181647959e+03 1.8995183383e+00 1.9216567145e+00 1.9251489598e+00 1.9155240201e+00 1.9259413139e+00 2.2809416890e+01 1.9436579227e+01 2.7619154930e+01 1.2641665137e+01 1.2249669552e+01 1.3844586670e+01 0 0
507 4.6672093652e+03 4.7257039687e+03 4.7388631548e+03 4.7810341977e+03 4.7585333875e+03 1.8976577706e+00 1.9199865765e+00 1.9234790683e+00 1.9137327722e+00 1.9242612320e+00 1.9086673211e+01 2.1195719004e+01 2.6538949251e+01 1.1801896838e+01 1.2486428976e+01 1.3693866432e+01 0 0
508 4.6057813823e+03 4.8765573923e+03 4.8433250975e+03 4.6805341576e+03 4.7918956583e+03 1.8958744946e+00 1.9183049124e+00 1.9218064357e+00 1.9120934514e+00 1.9225373777e+00 2.0006042798e+01 2.6115772963e+01 2.2810233116e+01 1.1785403562e+01 1.3187890112e+01 1.2851990700e+01 0 0
509 4.6153261657e+03 4.7993232856e+03 4.7700735843e+03 4.7938677495e+03 4.7376154339e+03 1.8940597209e+00 1.9164600913e+00 1.9201110917e+00 1.9103644754e+00 1.9208719218e+00 2.0691531693e+01 2.7308699846e+01 2.4256860256e+01 1.2014591108e+01 1.3730870247e+01 1.3019261599e+01 0 0
510 4.6607987987e+03 4.8276603029e+03 4.8325603980e+03 4.6718827040e+03 4.8398074342e+03 1.8922071108e+00 1.9146485550e+00 1.9183212642e+00 1.9085618322e+00 1.9191638357e+00 1.8826249617e+01 1.9735656261e+01 2.4354442120e+01 1.1589411802e+01 1.2035482407e+01 1.3121540070e+01 0 0
511 4.5833194113e+03 4.7631670137e+03 4.7520803865e+03 4.7792032809e+03 4.8083036510e+03 1.8903196193e+00 1.9128651746e+00 1.9165883439e+00 1.9067168388e+00 1.9173556606e+00 1.7123666539e+01 1.9871191502e+01 2.3138758421e+01 1.1105780770e+01 1.2006477475e+01 1.3155712306e+01 0 0
512 4.6287309978e+03 4.7289804398e+03 4.7877679559e+03 4.7114269601e+03 4.7834230421e+03 1.8884193812e+00 1.9111971042e+00 1.9148532634e+00 1.9048805852e+00 1.9155670543e+00 1.6608235400e+01 1.8916347742e+01 2.2009765863e+01 1.0916396557e+01 1.1743093789e+01 1.2676048219e+01 0 0
513 4.5220642970e+03 4.7164520564e+03 4.7398829099e+03 4.6973762890e+03 4.7165877496e+03 1.8865374942e+00 1.9095354651e+00 1.9130781910e+00 1.9030802770e+00 1.9138814284e+00 1.6518322569e+01 1.9576869726e+01 2.4248122454e+01 1.0817583629e+01 1.1823238432e+01 1.2958143115e+01 0 0
514 4.5118248530e+03 4.7037572216e+03 4.6886115215e+03 4.6436339218e+03 4.8214296635e+03 1.8848423889e+00 1.9077928085e+00 1.9113566902e+00 1.9012730325e+00 1.9121085719e+00 1.9937493206e+01 2.0051371813e+01 2.3427939653e+01 1.1258105705e+01 1.1844421268e+01 1.2983211756e+01 0 0
515 4.5547406597e+03 4.7121058986e+03 4.6901006386e+03 4.6147545980e+03 4.7102169801e+03 1.8831395648e+00 1.9060043013e+00 1.9096268373e+00 1.8994978399e+00 1.9103012902e+00 2.1211970900e+01 1.9653229952e+01 1.9069444895e+01 1.1621309500e+01 1.1675925434e+01 1.1834232688e+01 0 0
516 4.4471606288e+03 4.6896033947e+03 4.7346171968e+03 4.5953593983e+03 4.6768237085e+03 1.8813351729e+00 1.9042569123e+00 1.9078783502e+00 1.8977782749e+00 1.9085353833e+00 1.8453327549e+01 2.1846588135e+01 2.0619762421e+01 1.1128855466e+01 1.2077577829e+01 1.2007143259e+01 0 0
517 4.5128910086e+03 4.7452466743e+03 4.6943250846e+03 4.5568146769e+03 4.6835448114e+03 1.8795612561e+00 1.9024114733e+00 1.9060300061e+00 1.8960469797e+00 1.9068092200e+00 1.7944155894e+01 2.1170987606e+01 2.2048751831e+01 1.0874593120e+01 1.1870767355e+01 1.2378696144e+01 0 0
518 4.3910314176e+03 4.6351241623e+03 4.5905341737e+03 4.5759423073e+03 4.6628008750e+03 1.8778183334e+00 1.9005821094e+00 1.9043895734e+00 1.8942514749e+00 1.9050768821e+00 1.7611609863e+01 2.0676030397e+01 2.1732656240e+01 1.0670484572e+01 1.1811343491e+01 1.2234178543e+01 0 0
519 4.3597408906e+03 4.6872663675e+03 4.5942346479e+03 4.4796312348e+03 4.6622398051e+03 1.8762188406e+00 1.8987657639e+00 1.9027293969e+00 1.8925762195e+00 1.9032698177e+00 2.0460754382e+01 2.0167174816e+01 2.0368976831e+01 1.1032433757e+01 1.1395106912e+01 1.1977589607e+01 0 0
520 4.3212821694e+03 4.5552433524e+03 4.6568755620e+03 4.5025477232e+03 4.6298043155e+03 1.8746337116e+00 1.8970331044e+00 1.9010239830e+00 1.8909234105e+00 1.9015318066e+00 2.2327161991e+01 2.4021265030e+01 1.9997697353e+01 1.1389663449e+01 1.2265863717e+01 1.1735058546e+01 0 0
521 4.2942648436e+03 4.6176000260e+03 4.6428120789e+03 4.4464745586e+03 4.5969189682e+03 1.8729860461e+00 1.8953281073e+00 1.8991868321e+00 1.8891863543e+00 1.8997911024e+00 1.8927768916e+01 2.0927166700e+01 2.0140604019e+01 1.0658620014e+01 1.1626685560e+01 1.1679644763e+01 0 0
522 4.2700733105e+03 4.5774016647e+03 4.5510449350e+03 4.4989856635e+03 4.5707364833e+03 1.8714205010e+00 1.8935030227e+00 1.8973815909e+00 1.8874558997e+00 1.8981645082e+00 1.8942458067e+01 1.9249881029e+01 2.4634692907e+01 1.0421249829e+01 1.1170664251e+01 1.2423921764e+01 0 0
523 4.3307798414e+03 4.5665862523e+03 4.5710985551e+03 4.4617413641e+03 4.5651155517e+03 1.8697768872e+00 1.8917187177e+00 1.8956578568e+00 1.8857627679e+00 1.8964654642e+00 1.9574305336e+01 1.8737009287e+01 2.2654126644e+01 1.0764350722e+01 1.0921421468e+01 1.2183260322e+01 0 0
524 4.4802785712e+03 4.5195694485e+03 4.5209992258e+03 4.4239177208e+03 4.5389055950e+03 1.8679793408e+00 1.8899431004e+00 1.8938966500e+00 1.8840603634e+00 1.8947410722e+00 1.7153434865e+01 2.0536671638e+01 2.0320401192e+01 1.0505680006e+01 1.1386811554e+01 1.1600007832e+01 0 0
525 4.3623067308e+03 4.4638617810e+03 4.4910010020e+03 4.4853209473e+03 4.5846456788e+03 1.8661347673e+00 1.8882311516e+00 1.8921896546e+00 1.8823425065e+00 1.8929703321e+00 1.4491528656e+01 1.8699217558e+01 1.9614602089e+01 9.7312986629e+00 1.0931367934e+01 1.1433033764e+01 0 0
526 4.3396285865e+03 4.5206207538e+03 4.4805747399e+03 4.3185062232e+03 4.5094398765e+03 1.8644035035e+00 1.8864364380e+00 1.8904254392e+00 1.8806511133e+00 1.8911857545e+00 1.6546719642e+01 1.7277983189e+01 1.7488217592e+01 1.0101236420e+01 1.0401840627e+01 1.0924276292e+01 0 0
527 4.2823334573e+03 4.4592136078e+03 4.4530001123e+03 4.2848150485e+03 4.4934984144e+03 1.8626279483e+00 1.8846582551e+00 1.8887269804e+00 1.8790652531e+00 1.8894364753e+00 1.6353577128e+01 1.9933698654e+01 1.7863865614e+01 1.0083701529e+01 1.0811405599e+01 1.0847452879e+01 0 0
528 4.3059581193e+03 4.4448752513e+03 4.4078638817e+03 4.2393867481e+03 4.4513278918e+03 1.8609470600e+00 1.8829371488e+00 1.8870698255e+00 1.8775571668e+00 1.8876773273e+00 1.7742302543e+01 2.1175583363e+01 1.6851263046e+01 1.0215171344e+01 1.0843683004e+01 1.0554378152e+01 0 0
529 4.3023083274e+03 4.3707562275e+03 4.4557021893e+03 4.3012007626e+03 4.4088719646e+03 1.8592123718e+00 1.8813465598e+00 1.8854336266e+00 1.8760421593e+00 1.8860237169e+00 1.8352971553e+01 2.2546979427e+01 1.9699858904e+01 1.0483493993e+01 1.1125498354e+01 1.1036416233e+01 0 0
530 4.3388832964e+03 4.3203766040e+03 4.3530736268e+03 4.3334946637e+03 4.3915373162e+03 1.8574041692e+00 1.8797268450e+00 1.8837141478e+00 1.8743876501e+00 1.8843771059e+00 1.6084227350e+01 1.8850000858e+01 2.0777431488e+01 1.0071581207e+01 1.0623521924e+01 1.1314690828e+01 0 0
531 4.1720856499e+03 4.3045227378e+03 4.2374582004e+03 4.3519145212e+03 4.3770638561e+03 1.8556887408e+00 1.8780871198e+00 1.8821350032e+00 1.8726651929e+00 1.8828342898e+00 1.6455657097e+01 1.6627341032e+01 2.1069772243e+01 9.8057919828e+00 1.0154762864e+01 1.1084647238e+01 0 0
532 4.2203098720e+03 4.2914955435e+03 4.2806592950e+03 4.3429768593e+03 4.2583142204e+03 1.8541575030e+00 1.8764588147e+00 1.8806391153e+00 1.8709158658e+00 1.8812901181e+00 2.4479112653e+01 1.7255294085e+01 2.1691189051e+01 1.1408042002e+01 1.0363373637e+01 1.1127104223e+01 0 0
533 4.2308653084e+03 4.3254246034e+03 4.3061706887e+03 4.3351825798e+03 4.2739480577e+03 1.8524124029e+00 1.8748291014e+00 1.8790442637e+00 1.8691695723e+00 1.8797004389e+00 1.8592802568e+01 1.6015687943e+01 2.1143288851e+01 1.0465195122e+01 9.9974426627e+00 1.1098648727e+01 0 0
534 4.2537144136e+03 4.3236810706e+03 4.3500788499e+03 4.2518353684e+03 4.3093721120e+03 1.8506386016e+00 1.8732409515e+00 1.8774303484e+00 1.8674033293e+00 1.8780950685e+00 1.4978564671e+01 1.5906144261e+01 1.6776372910e+01 9.4996940629e+00 9.8568943143e+00 1.0045522153e+01 0 0
535 4.1660322357e+03 4.3526566600e+03 4.3374095956e+03 4.2084334378e+03 4.2903901920e+03 1.8488637337e+00 1.8715744018e+00 1.8757948980e+00 1.8658966596e+00 1.8764711743e+00 1.6091695703e+01 2.0774857998e+01 1.7243541241e+01 9.6945100621e+00 1.0626157105e+01 1.0073328376e+01 0 0
536 4.1384616425e+03 4.2582583294e+03 4.2891367430e+03 4.2847282294e+03 4.3197435109e+03 1.8472297245e+00 1.8699211684e+00 1.8741328996e+00 1.8642001456e+00 1.8748902372e+00 1.8096722890e+01 2.0694745541e+01 2.0440536499e+01 9.9720884181e+00 1.0958950222e+01 1.0764579117e+01 0 0
537 4.1872833427e+03 4.3072204494e+03 4.3326463045e+03 4.2805850067e+03 4.3003739372e+03 1.8454609474e+00 1.8683391216e+00 1.8724689740e+00 1.8624794577e+00 1.8733285434e+00 1.7475058530e+01 1.6859020948e+01 2.2232213259e+01 1.0063661708e+01 1.0091567814e+01 1.1236157775e+01 0 0
538 4.1736579816e+03 4.1906278766e+03 4.1847458704e+03 4.1967835303e+03 4.3104533404e+03 1.8436912123e+00 1.8667064145e+00 1.8708634703e+00 1.8608055845e+00 1.8716566234e+00 1.5927651782e+01 1.8414751053e+01 1.9747867346e+01 9.5637023291e+00 1.0251154244e+01 1.0882126451e+01 0 0
539 4.1872319322e+03 4.3148409009e+03 4.2628947911e+03 4.2931629366e+03 4.2897086148e+03 1.8419793657e+00 1.8650566291e+00 1.8693047046e+00 1.8591409541e+00 1.8699493318e+00 1.6567809723e+01 1.9529906273e+01 1.6579270363e+01 9.7270662077e+00 1.0614605784e+01 1.0027607322e+01 0 0
540 4.1640632479e+03 4.2432902328e+03 4.2261504942e+03 4.1512639039e+03 4.2429461463e+03 1.8402261712e+00 1.8633519607e+00 1.8677040850e+00 1.8574396100e+00 1.8682369910e+00 1.7272173286e+01 1.7060519218e+01 1.6720004082e+01 9.8188921952e+00 9.9531627297e+00 1.0044081628e+01 0 0
541 4.2017243244e+03 4.3170890656e+03 4.3268639914e+03 4.2212491042e+03 4.2988845065e+03 1.8385516115e+00 1.8616079097e+00 1.8660110625e+00 1.8557347597e+00 1.8665340774e+00 1.7718761423e+01 1.6809313297e+01 1.6644573212e+01 9.9032650224e+00 9.8787496686e+00 1.0026107907e+01 0 0
542 4.0970127476e+03 4.1987321896e+03 4.2152876533e+03 4.1613574708e+03 4.2009656033e+03 1.8368776662e+00 1.8598856006e+00 1.8642646512e+00 1.8540298894e+00 1.8648426135e+00 1.8370091950e+01 1.6126321316e+01 1.6858474016e+01 9.9359551302e+00 9.5396120548e+00 9.9568086863e+00 0 0
543 4.1379566006e+03 4.2534999706e+03 4.2702355907e+03 4.1964146602e+03 4.2729324825e+03 1.8352464297e+00 1.8582609398e+00 1.8625949480e+00 1.8523784818e+00 1.8631928321e+00 2.0392791339e+01 1.8911716461e+01 1.9028258801e+01 1.0402845132e+01 1.0260921359e+01 1.0481945932e+01 0 0
544 4.1151017072e+03 4.1236605098e+03 4.1681708218e+03 4.1574549907e+03 4.1839455063e+03 1.8334680478e+00 1.8566870330e+00 1.8609808471e+00 1.8506401931e+00 1.8615133475e+00 1.6569363816e+01 1.6522879601e+01 1.7940130711e+01 9.7239145016e+00 9.7153345942e+00 1.0233624756e+01 0 0
545 4.1527743350e+03 4.2394450108e+03 4.1516483473e+03 4.1855102437e+03 4.3281894598e+03 1.8316712381e+00 1.8550092865e+00 1.8593564195e+00 1.8488442752e+00 1.8597517155e+00 1.4433525927e+01 1.4952473879e+01 1.6245380402e+01 9.1805318927e+00 9.3948876858e+00 9.8864627481e+00 0 0
546 4.1442720146e+03 4.1974506549e+03 4.1981467340e+03 4.1912327542e+03 4.1726260316e+03 1.8297904975e+00 1.8532508236e+00 1.8577546823e+00 1.8470725670e+00 1.8579922222e+00 1.3369086195e+01 1.4987230480e+01 1.4175045550e+01 8.9137138252e+00 9.3366355300e+00 9.2911123633e+00 0 0
547 4.1478131773e+03 4.1619569916e+03 4.2000676185e+03 4.2087261731e+03 4.2509744765e+03 1.8279368582e+00 1.8515235193e+00 1.8559962174e+00 1.8453081458e+00 1.8562053039e+00 1.2940912618e+01 1.5187240005e+01 1.3737785816e+01 8.7595428026e+00 9.3599115014e+00 9.1103964448e+00 0 0
548 4.2170197374e+03 4.2016425360e+03 4.2221747951e+03 4.1475641044e+03 4.1349263597e+03 1.8260083817e+00 1.8498374619e+00 1.8542407771e+00 1.8435306458e+00 1.8544826336e+00 1.3035151516e+01 1.5213458419e+01 1.5261274934e+01 8.9140186514e+00 9.3917540312e+00 9.3495082855e+00 0 0
549 4.1236766521e+03 4.2120823829e+03 4.1242201687e+03 4.1836357394e+03 4.1491926926e+03 1.8240929376e+00 1.8479780796e+00 1.8525018636e+00 1.8417877559e+00 1.8528519550e+00 1.3095185072e+01 1.5398159862e+01 1.7939206123e+01 8.8317086282e+00 9.3316742182e+00 9.9389553666e+00 0 0
550 4.1565842395e+03 4.1889597754e+03 4.2120496198e+03 4.1210066731e+03 4.1412210760e+03 1.8223107138e+00 1.8462430015e+00 1.8508247629e+00 1.8400101490e+00 1.8512080783e+00 1.6839536731e+01 1.5233355999e+01 1.8543437481e+01 9.6449611242e+00 9.3785474896e+00 9.9663396478e+00 0 0
551 4.2156534738e+03 4.2188569542e+03 4.2103719551e+03 4.1363375104e+03 4.1467992476e+03 1.8205464469e+00 1.8444543358e+00 1.8490677485e+00 1.8382149029e+00 1.8495474871e+00 2.0383603992e+01 1.4299617529e+01 1.7500598431e+01 1.0537550051e+01 9.1235174537e+00 9.9067087173e+00 0 0
552 4.2709267149e+03 4.1261871019e+03 4.1491430441e+03 4.0921532229e+03 4.1748887410e+03 1.8185704319e+00 1.8427371927e+00 1.8473275704e+00 1.8364106902e+00 1.8478639641e+00 1.7419358558e+01 1.3602307796e+01 1.7772886753e+01 1.0219656621e+01 8.8682216406e+00 9.8315566778e+00 0 0
553 4.3283252758e+03 4.1374016000e+03 4.2094113603e+03 4.0766079036e+03 4.1116439535e+03 1.8164841583e+00 1.8410888346e+00 1.8455917143e+00 1.8347333760e+00 1.8462694927e+00 1.4274689787e+01 1.5741933346e+01 1.8213687658e+01 9.5019055578e+00 9.2407158017e+00 9.8489910960e+00 0 0
554 4.2647109633e+03 4.0829804065e+03 4.1276552666e+03 4.1569710126e+03 4.1556024834e+03 1.8143551701e+00 1.8394867089e+00 1.8438129056e+00 1.8329811865e+00 1.8446121949e+00 1.2871129458e+01 1.6015121460e+01 1.9448617935e+01 9.1539804337e+00 9.4349018931e+00 1.0255383968e+01 0 0
555 4.2584438054e+03 4.0968544031e+03 4.0828335749e+03 4.0757404235e+03 4.1659543925e+03 1.8122561042e+00 1.8377887564e+00 1.8421321368e+00 1.8312476373e+00 1.8428718161e+00 1.3893086147e+01 1.5782384038e+01 1.5282014847e+01 9.3196863547e+00 9.3003288507e+00 9.3457601070e+00 0 0
556 4.2688107956e+03 4.0696099322e+03 4.0562368028e+03 4.1609470076e+03 4.0353103970e+03 1.8102527461e+00 1.8360939771e+00 1.8404807635e+00 1.8295124625e+00 1.8412743627e+00 1.5334334466e+01 1.7816738367e+01 1.7330794096e+01 9.7023058404e+00 9.8700607419e+00 9.5184271336e+00 0 0
557 4.2887804845e+03 4.1572676123e+03 4.1014312136e+03 4.0911939578e+03 4.0738446215e+03 1.8081961583e+00 1.8343081912e+00 1.8388102876e+00 1.8277572356e+00 1.8396714069e+00 1.6526333835e+01 1.7595834017e+01 2.0555513620e+01 1.0035476811e+01 9.7882714272e+00 1.0318737268e+01 0 0
558 4.3188737850e+03 4.1128753932e+03 4.0997929216e+03 4.2255716773e+03 4.0376512975e+03 1.8060915898e+00 1.8325472055e+00 1.8371419985e+00 1.8259909088e+00 1.8380628104e+00 1.5303392056e+01 1.9388486385e+01 1.7366682053e+01 9.8528191702e+00 1.0307330668e+01 9.5948127508e+00 0 0
559 4.2865213204e+03 4.1635155818e+03 4.1479081475e+03 4.2082728048e+03 4.0477606155e+03 1.8040168413e+00 1.8307853336e+00 1.8354589336e+00 1.8240501081e+00 1.8364470109e+00 1.5444840674e+01 1.6650786877e+01 1.8832948208e+01 9.8264935864e+00 9.9387328029e+00 9.8553382158e+00 0 0
560 4.3982806315e+03 4.1087428734e+03 4.1250110303e+03 4.1405941603e+03 4.1384470517e+03 1.8019008381e+00 1.8290342519e+00 1.8336975584e+00 1.8222537963e+00 1.8348030239e+00 1.6771889224e+01 1.8162149191e+01 1.8426624775e+01 1.0217705136e+01 9.9565744400e+00 9.8890599608e+00 0 0
561 4.2573019321e+03 4.2276321978e+03 4.1389310214e+03 4.1837973182e+03 4.1492196857e+03 1.7998700845e+00 1.8272061513e+00 1.8319949389e+00 1.8204954122e+00 1.8330313541e+00 1.8494173861e+01 2.2679486275e+01 1.5842224121e+01 1.0544911059e+01 1.1037672341e+01 9.4511571527e+00 0 0
562 4.2535654856e+03 4.1689838090e+03 4.1939153544e+03 4.2890511771e+03 4.1839349899e+03 1.7980198495e+00 1.8253553574e+00 1.8302598354e+00 1.8185661571e+00 1.8312062850e+00 2.4015069897e+01 1.8453421831e+01 1.5267155766e+01 1.1506904978e+01 1.0376195192e+01 9.3840386868e+00 0 0
563 4.4935992427e+03 4.2273067076e+03 4.2703297297e+03 4.1398077250e+03 4.2043520309e+03 1.7959937962e+00 1.8235768683e+00 1.8283691577e+00 1.8166525137e+00 1.8293069663e+00 2.3416609592e+01 1.6879696131e+01 1.4471046567e+01 1.1814620798e+01 9.8978205323e+00 9.2746946812e+00 0 0
564 4.4505882497e+03 4.1602377336e+03 4.2058471204e+03 4.2003676030e+03 4.2224391055e+03 1.7936586886e+00 1.8217784624e+00 1.8264387727e+00 1.8148538504e+00 1.8274054135e+00 1.6259715672e+01 2.1281343699e+01 1.4861221611e+01 1.0552419697e+01 1.0762756526e+01 9.3688593507e+00 0 0
565 4.4123087553e+03 4.2838396329e+03 4.2332054049e+03 4.2796784926e+03 4.2243835053e+03 1.7914705970e+00 1.8198590225e+00 1.8245237148e+00 1.8128720865e+00 1.8255241902e+00 1.7096437634e+01 1.8479027033e+01 1.6521971703e+01 1.0489627004e+01 1.0487862766e+01 9.8097501993e+00 0 0
566 4.3906770262e+03 4.2041403402e+03 4.1626955209e+03 4.2901356622e+03 4.1803770165e+03 1.7892876170e+00 1.8179436244e+00 1.8228579555e+00 1.8108386575e+00 1.8236717395e+00 2.0243193164e+01 1.6561780691e+01 1.7899153471e+01 1.1307446683e+01 1.0070999742e+01 1.0064479887e+01 0 0
567 4.5383362369e+03 4.2356265180e+03 4.3076963681e+03 4.3394515783e+03 4.2302018864e+03 1.7869897309e+00 1.8161364244e+00 1.8210176447e+00 1.8086981177e+00 1.8218007748e+00 1.9453912904e+01 1.4935133576e+01 1.7980042458e+01 1.1345361033e+01 9.7721947432e+00 1.0153963625e+01 0 0
568 4.5677425220e+03 4.2431599074e+03 4.1968993316e+03 4.3214997397e+03 4.2156555837e+03 1.7844803139e+00 1.8141526249e+00 1.8190009122e+00 1.8065035967e+00 1.8199628850e+00 1.5728439953e+01 1.4312091708e+01 1.8621721745e+01 1.0659320720e+01 9.6897550225e+00 1.0249759853e+01 0 0
569 4.5777269766e+03 4.2132588337e+03 4.2688387180e+03 4.3532948441e+03 4.2569341080e+03 1.7819757527e+00 1.8122760945e+00 1.8171343235e+00 1.8043679008e+00 1.8180620050e+00 1.4981742380e+01 1.5313936353e+01 1.8252246857e+01 1.0458041399e+01 9.8592380285e+00 1.0305726767e+01 0 0
570 4.6262800832e+03 4.2660710261e+03 4.2897552378e+03 4.2961778362e+03 4.1684327990e+03 1.7793439600e+00 1.8104223286e+00 1.8151148819e+00 1.8023385529e+00 1.8161514677e+00 1.5545096692e+01 1.8890621424e+01 1.7640268803e+01 1.0748888213e+01 1.0637323856e+01 1.0113777339e+01 0 0
571 4.6033820989e+03 4.3175770983e+03 4.3044098318e+03 4.4046593512e+03 4.2881473855e+03 1.7767744830e+00 1.8084249383e+00 1.8131510476e+00 1.8002640884e+00 1.8142968968e+00 1.6495801626e+01 1.9882728815e+01 1.9742338181e+01 1.1098679626e+01 1.1019959152e+01 1.0583120644e+01 0 0
572 4.4643102487e+03 4.3454318543e+03 4.2698072556e+03 4.4237070427e+03 4.2287520618e+03 1.7744194724e+00 1.8062861411e+00 1.8111295671e+00 1.7980596882e+00 1.8123519188e+00 2.0315804217e+01 1.7457873344e+01 1.8788510561e+01 1.1683067882e+01 1.0684513450e+01 1.0490857303e+01 0 0
573 4.6378103739e+03 4.3618952303e+03 4.2712590650e+03 4.2877518585e+03 4.3390404469e+03 1.7721419881e+00 1.8040953812e+00 1.8092551330e+00 1.7960036283e+00 1.8104269415e+00 2.8538901216e+01 2.0332586527e+01 1.9546147108e+01 1.3543974439e+01 1.1056581914e+01 1.0685271382e+01 0 0
574 4.6160427923e+03 4.4162241791e+03 4.3450951658e+03 4.4605622964e+03 4.2992994778e+03 1.7695722459e+00 1.8018724405e+00 1.8072715105e+00 1.7939525940e+00 1.8083135372e+00 2.0523332277e+01 2.4772997141e+01 1.6615177631e+01 1.2286934702e+01 1.2147868395e+01 1.0270870626e+01 0 0
575 4.6622454290e+03 4.3628346290e+03 4.4121978650e+03 4.4591156074e+03 4.3004716020e+03 1.7669208417e+00 1.7997174309e+00 1.8051386020e+00 1.7916615673e+00 1.8063012475e+00 1.7125347317e+01 1.9363942862e+01 1.7848021030e+01 1.1405536842e+01 1.1312131584e+01 1.0376815975e+01 0 0
576 4.5507104622e+03 4.4487216141e+03 4.4805711689e+03 4.5797930084e+03 4.3854979193e+03 1.7643286231e+00 1.7975294020e+00 1.8028600860e+00 1.7892177023e+00 1.8042305142e+00 1.8350791089e+01 1.6582319736e+01 1.8702410460e+01 1.1612078578e+01 1.0835594773e+01 1.0769410491e+01 0 0
577 4.6777840791e+03 4.4047170170e+03 4.3694340595e+03 4.5128243928e+03 4.3887711264e+03 1.7617580476e+00 1.7952374167e+00 1.8005975752e+00 1.7866748692e+00 1.8020609462e+00 1.8991197177e+01 1.4892485142e+01 1.7003673553e+01 1.1822275693e+01 1.0426462710e+01 1.0464354277e+01 0 0
578 4.6135526052e+03 4.4835561779e+03 4.4741546688e+03 4.6982439273e+03 4.3504133137e+03 1.7591474641e+00 1.7929602434e+00 1.7983723765e+00 1.7841322888e+00 1.7999821444e+00 1.8672659404e+01 1.5884038985e+01 1.8519061565e+01 1.1786742295e+01 1.0817622125e+01 1.0701367140e+01 0 0
579 4.5860550681e+03 4.5475597852e+03 4.5260243040e+03 4.4974819622e+03 4.3349740484e+03 1.7566045489e+00 1.7905724502e+00 1.7960414502e+00 1.7816473494e+00 1.7979759599e+00 1.8090074221e+01 1.7427092314e+01 2.3904219627e+01 1.1476858750e+01 1.1152445674e+01 1.1927935302e+01 0 0
580 4.5877337121e+03 4.5129956791e+03 4.4320356497e+03 4.5723604407e+03 4.4646666169e+03 1.7540322144e+00 1.7880966016e+00 1.7937424777e+00 1.7792549015e+00 1.7958003049e+00 1.9235182765e+01 2.1889755726e+01 2.0463180065e+01 1.1838043813e+01 1.2213303089e+01 1.1431306958e+01 0 0
581 4.5225033320e+03 4.5688882674e+03 4.5723547544e+03 4.5453853522e+03 4.4629496972e+03 1.7514823959e+00 1.7856688273e+00 1.7914385943e+00 1.7768609521e+00 1.7935725057e+00 1.7384179321e+01 2.1364688635e+01 1.8651553869e+01 1.1211776904e+01 1.2152610660e+01 1.1020295739e+01 0 0
582 4.4192746803e+03 4.5388467698e+03 4.5271827884e+03 4.6925805267e+03 4.4273161170e+03 1.7490381541e+00 1.7832615821e+00 1.7890197969e+00 1.7742927944e+00 1.7913927701e+00 1.7730269478e+01 1.9527241230e+01 2.1472913265e+01 1.1082699751e+01 1.1911955535e+01 1.1659792602e+01 0 0
583 4.4654648124e+03 4.6481815799e+03 4.6619755469e+03 4.5090149700e+03 4.4605811281e+03 1.7467151584e+00 1.7809041326e+00 1.7866018719e+00 1.7719232435e+00 1.7892499748e+00 1.9927502932e+01 2.0125068426e+01 2.3741142273e+01 1.1414662493e+01 1.1739493072e+01 1.2182097137e+01 0 0
584 4.3944247557e+03 4.4856629387e+03 4.4643248090e+03 4.5938976915e+03 4.5521572908e+03 1.7443641580e+00 1.7784753747e+00 1.7843111096e+00 1.7696572784e+00 1.7870004738e+00 2.0090356119e+01 2.6955987453e+01 2.3294875622e+01 1.1531490635e+01 1.3183456361e+01 1.2397583961e+01 0 0
585 4.5598782731e+03 4.6369108251e+03 4.6287823453e+03 4.5888325313e+03 4.5537430758e+03 1.7418190044e+00 1.7761242040e+00 1.7819661107e+00 1.7672085693e+00 1.7846197405e+00 1.6596570967e+01 2.2839544535e+01 2.0736397505e+01 1.0862539735e+01 1.2685798347e+01 1.1990593791e+01 0 0
586 4.3674994536e+03 4.5968110686e+03 4.5455747711e+03 4.6226581098e+03 4.5792112858e+03 1.7392824430e+00 1.7736144880e+00 1.7795831434e+00 1.7646377925e+00 1.7822946250e+00 1.4298316362e+01 1.8653831005e+01 2.2237669468e+01 1.0136113504e+01 1.1663300753e+01 1.2227759778e+01 0 0
587 4.4329658133e+03 4.6293783600e+03 4.6468752942e+03 4.5530490882e+03 4.5638080591e+03 1.7367942609e+00 1.7712339023e+00 1.7772170141e+00 1.7622876224e+00 1.7798166405e+00 1.5477368974e+01 2.0537884712e+01 2.0306636095e+01 1.0354426091e+01 1.1840557337e+01 1.2087914228e+01 0 0
588 4.3927679954e+03 4.5114986424e+03 4.5886429366e+03 4.5087266495e+03 4.6554819299e+03 1.7343531292e+00 1.7690137297e+00 1.7748232869e+00 1.7599609063e+00 1.7773387761e+00 1.5184839560e+01 2.3813679218e+01 1.8214880943e+01 1.0249207967e+01 1.2515113056e+01 1.1438276291e+01 0 0
589 4.3880107612e+03 4.6747476937e+03 4.5956579507e+03 4.5384226335e+03 4.5186953869e+03 1.7318732646e+00 1.7666369639e+00 1.7724500249e+00 1.7574630461e+00 1.7749724154e+00 1.4145454404e+01 1.9779184103e+01 2.0858025074e+01 9.8976497969e+00 1.1829115510e+01 1.1943855822e+01 0 0
590 4.3068782272e+03 4.5475276800e+03 4.5636857911e+03 4.3932420830e+03 4.6266480307e+03 1.7294436556e+00 1.7641361334e+00 1.7701612198e+00 1.7550704887e+00 1.7727891003e+00 1.4145403429e+01 1.7633858204e+01 2.7258665800e+01 9.8035596860e+00 1.1021976769e+01 1.3145392239e+01 0 0
591 4.3353563367e+03 4.6244158550e+03 4.6191185306e+03 4.4836262110e+03 4.5755323188e+03 1.7271205455e+00 1.7616637123e+00 1.7676962854e+00 1.7526287385e+00 1.7703794743e+00 1.5470684236e+01 1.7356868982e+01 2.2793948174e+01 1.0042395949e+01 1.0864904821e+01 1.2645376325e+01 0 0
592 4.2427598941e+03 4.4448903249e+03 4.5473506573e+03 4.3607403041e+03 4.6447467100e+03 1.7249390604e+00 1.7593582414e+00 1.7652570801e+00 1.7503679790e+00 1.7679321280e+00 1.8835080473e+01 1.9249319077e+01 2.0061812639e+01 1.0707504680e+01 1.1126705825e+01 1.1930603743e+01 0 0
593 4.3124607811e+03 4.5019284757e+03 4.5250416573e+03 4.3929507168e+03 4.5691732294e+03 1.7227640606e+00 1.7570975489e+00 1.7628343273e+00 1.7482331245e+00 1.7654025449e+00 2.0182378799e+01 2.3164097071e+01 1.8081465244e+01 1.1063979467e+01 1.1775998354e+01 1.1502230108e+01 0 0
594 4.3737233191e+03 4.4163106775e+03 4.3921892036e+03 4.3164040589e+03 4.5813604966e+03 1.7203845220e+00 1.7547704628e+00 1.7605787913e+00 1.7460286198e+00 1.7629098325e+00 1.5543977347e+01 2.2405467272e+01 1.7435075998e+01 1.0134564964e+01 1.1868302882e+01 1.1241372526e+01 0 0
595 4.3204553281e+03 4.4220461327e+03 4.3592136906e+03 4.3329084920e+03 4.4633296988e+03 1.7181118764e+00 1.7524200728e+00 1.7584415004e+00 1.7437716919e+00 1.7604807998e+00 1.5511394353e+01 2.0557497978e+01 1.7358389616e+01 9.9312650662e+00 1.1334708035e+01 1.1015449643e+01 0 0
596 4.3221793608e+03 4.4316960636e+03 4.4660987450e+03 4.2750635083e+03 4.4488848041e+03 1.7159381477e+00 1.7501156501e+00 1.7561658658e+00 1.7415435436e+00 1.7581965092e+00 1.8258436101e+01 1.9647171021e+01 1.9856724024e+01 1.0509022336e+01 1.1148801208e+01 1.1425201654e+01 0 0
597 4.2992213265e+03 4.3724480557e+03 4.4038122122e+03 4.3119257879e+03 4.4028518031e+03 1.7137978402e+00 1.7479072099e+00 1.7538854366e+00 1.7393771446e+00 1.7558539352e+00 2.0861615919e+01 1.9309539557e+01 1.8342875481e+01 1.1154590497e+01 1.0927107513e+01 1.1092877328e+01 0 0
598 4.2699387271e+03 4.4319009465e+03 4.3918884321e+03 4.2082509431e+03 4.4482248145e+03 1.7116057682e+00 1.7455854658e+00 1.7516420713e+00 1.7372472134e+00 1.7535131471e+00 2.0846768106e+01 2.0164133072e+01 1.7202136993e+01 1.1245851932e+01 1.0911553562e+01 1.0753919601e+01 0 0
599 4.2476140527e+03 4.2826839715e+03 4.3004690442e+03 4.1944115201e+03 4.3721445539e+03 1.7095408475e+00 1.7433250318e+00 1.7495116823e+00 1.7352440579e+00 1.7512435098e+00 2.0621900507e+01 2.3618107080e+01 1.8933353186e+01 1.0869421131e+01 1.1561290860e+01 1.1049309909e+01 0 0
600 4.3451588432e+03 4.2847905433e+03 4.3034616299e+03 4.3234662020e+03 4.3817996303e+03 1.7072456881e+00 1.7412341787e+00 1.7474097208e+00 1.7330675198e+00 1.7490479644e+00 2.0172515170e+01 2.0903808832e+01 1.9223846912e+01 1.1231428099e+01 1.1293902099e+01 1.1048277736e+01 0 0
601 4.3543900604e+03 4.2665590351e+03 4.2455638024e+03 4.2071529566e+03 4.3042648617e+03 1.7048742834e+00 1.7390686168e+00 1.7453152034e+00 1.7308249288e+00 1.7468177256e+00 1.5705895949e+01 1.7310883284e+01 2.0224470854e+01 1.0124929009e+01 1.0455748737e+01 1.1282959640e+01 0 0
602 4.3332281852e+03 4.3584472006e+03 4.2998281361e+03 4.3465544975e+03 4.2755612497e+03 1.7025138941e+00 1.7368468958e+00 1.7432542206e+00 1.7285690304e+00 1.7447089183e+00 1.5195487563e+01 1.7089050531e+01 1.9821672440e+01 9.9214218409e+00 1.0352242172e+01 1.1011484444e+01 0 0
603 4.2223496807e+03 4.2145528826e+03 4.2544421491e+03 4.1698968812e+03 4.2477448134e+03 1.7003174624e+00 1.7345762176e+00 1.7411185145e+00 1.7264149859e+00 1.7426117783e+00 1.7144538772e+01 1.7151756525e+01 2.1107309580e+01 1.0163645458e+01 1.0195365727e+01 1.1211477757e+01 0 0
604 4.2215718176e+03 4.2643834255e+03 4.2996969661e+03 4.3288566620e+03 4.2747790586e+03 1.6982603187e+00 1.7324226784e+00 1.7388623835e+00 1.7243019960e+00 1.7405694690e+00 2.2530466229e+01 1.9550843954e+01 2.1200495958e+01 1.1338208016e+01 1.0744842410e+01 1.1160925746e+01 0 0
605 4.2759541079e+03 4.2336246881e+03 4.2272362129e+03 4.2927156906e+03 4.2220677399e+03 1.6959977401e+00 1.7302599586e+00 1.7366679868e+00 1.7220659072e+00 1.7384931864e+00 1.7783601157e+01 1.8350680590e+01 2.0540421724e+01 1.0469093683e+01 1.0687884867e+01 1.1020318806e+01 0 0
606 4.3289203110e+03 4.2686513093e+03 4.2342111426e+03 4.3362001799e+03 4.2405386450e+03 1.6936398439e+00 1.7280957211e+00 1.7345886329e+00 1.7197708196e+00 1.7363929522e+00 1.4769672581e+01 1.6267884970e+01 2.0332804441e+01 9.7906589008e+00 1.0224018574e+01 1.1040349782e+01 0 0
607 4.2461782325e+03 4.2905141883e+03 4.2955430390e+03 4.2801532683e+03 4.2382081119e+03 1.6913920763e+00 1.7258773095e+00 1.7324532575e+00 1.7175179176e+00 1.7343021335e+00 1.5588671083e+01 1.6698047638e+01 1.9711733580e+01 9.8268158532e+00 1.0231658697e+01 1.0837200105e+01 0 0
608 4.2083712367e+03 4.2373765469e+03 4.2381755509e+03 4.2271304688e+03 4.2250576327e+03 1.6893543776e+00 1.7236428516e+00 1.7302454857e+00 1.7153949165e+00 1.7321590359e+00 1.9836881803e+01 2.0087010384e+01 1.9053941011e+01 1.0627733362e+01 1.0876977146e+01 1.0723916650e+01 0 0
609 4.2471965319e+03 4.3245177766e+03 4.3682220640e+03 4.4315080954e+03 4.2342933295e+03 1.6872103214e+00 1.7215668307e+00 1.7280227774e+00 1.7130219246e+00 1.7301770479e+00 2.2864671631e+01 1.5986830115e+01 1.9440635443e+01 1.1482320266e+01 1.0211819708e+01 1.0603027523e+01 0 0
610 4.2140798833e+03 4.1879192924e+03 4.2134185645e+03 4.3021018119e+03 4.2099691210e+03 1.6850380601e+00 1.7193816180e+00 1.7258504807e+00 1.7105574976e+00 1.7281142332e+00 1.9055852143e+01 1.3687697828e+01 2.1054638863e+01 1.0721836222e+01 9.6313461065e+00 1.1017726779e+01 0 0
611 4.1646256674e+03 4.3267572153e+03 4.3418010088e+03 4.3147097237e+03 4.2917269251e+03 1.6828831734e+00 1.7172523603e+00 1.7236060779e+00 1.7082180988e+00 1.7260077931e+00 1.7328810017e+01 1.4296502352e+01 1.9820347548e+01 1.0107557840e+01 9.5950543880e+00 1.0908793032e+01 0 0
612 4.3036959826e+03 4.2057158725e+03 4.2677640516e+03 4.2836647861e+03 4.2728959735e+03 1.6806293138e+00 1.7151319118e+00 1.7213955243e+00 1.7059488548e+00 1.7238145988e+00 1.6732248686e+01 1.5434865355e+01 1.8202013254e+01 1.0103224200e+01 9.8565417528e+00 1.0644198835e+01 0 0
613 4.2398501253e+03 4.3504510111e+03 4.3031992750e+03 4.2105439079e+03 4.2628760245e+03 1.6783365312e+00 1.7129423871e+00 1.7191869579e+00 1.7037008711e+00 1.7215927630e+00 1.4217154490e+01 1.6597699642e+01 1.6319857597e+01 9.4510915919e+00 1.0130919278e+01 1.0198315442e+01 0 0
614 4.2950372641e+03 4.3253494657e+03 4.2383234893e+03 4.2281532612e+03 4.2807634833e+03 1.6761007372e+00 1.7105486466e+00 1.7170960204e+00 1.7015613339e+00 1.7194045758e+00 1.6234947186e+01 1.7097082376e+01 1.7733775854e+01 9.9246787096e+00 1.0063095808e+01 1.0377780259e+01 0 0
615 4.3444089095e+03 4.2170131610e+03 4.2372455676e+03 4.1958875104e+03 4.2474839611e+03 1.6737505114e+00 1.7083688951e+00 1.7150593281e+00 1.6994350071e+00 1.7172522330e+00 1.6278432729e+01 1.8221349716e+01 1.7913336039e+01 1.0191182237e+01 1.0353120625e+01 1.0446943104e+01 0 0
616 4.2506975669e+03 4.2705156597e+03 4.3063104858e+03 4.2501924662e+03 4.3544992824e+03 1.6715470579e+00 1.7062772361e+00 1.7128990511e+00 1.6973267006e+00 1.7150142325e+00 2.0231236994e+01 1.9828603268e+01 1.6414243221e+01 1.0916641974e+01 1.0721720934e+01 1.0175612450e+01 0 0
617 4.3448823450e+03 4.1991299099e+03 4.1918947983e+03 4.2391970938e+03 4.2423465205e+03 1.6694376618e+00 1.7041105334e+00 1.7107174182e+00 1.6951169423e+00 1.7127329611e+00 2.3970795923e+01 1.8223941088e+01 1.6376102448e+01 1.1774592809e+01 1.0556997061e+01 1.0164034128e+01 0 0
618 4.3628127350e+03 4.2149023713e+03 4.1799777511e+03 4.2194966524e+03 4.2485329233e+03 1.6671127665e+00 1.7019937494e+00 1.7087235912e+00 1.6929657715e+00 1.7106176537e+00 2.0547449693e+01 1.7431329250e+01 1.6518900871e+01 1.1305568643e+01 1.0202138364e+01 9.9605697989e+00 0 0
619 4.3569780928e+03 4.1641421686e+03 4.2426458726e+03 4.2190397012e+03 4.1853477753e+03 1.6646133713e+00 1.7000329966e+00 1.7066398698e+00 1.6907508064e+00 1.7085411024e+00 1.6083668491e+01 1.7802632809e+01 1.8781907558e+01 1.0356108848e+01 1.0426590383e+01 1.0506103337e+01 0 0
620 4.2785068974e+03 4.3046772237e+03 4.3386862067e+03 4.1176731293e+03 4.1531299041e+03 1.6622448574e+00 1.6979357833e+00 1.7043709453e+00 1.6886541747e+00 1.7065360739e+00 1.5056389308e+01 1.6649815798e+01 2.0542726040e+01 9.8021571323e+00 9.7483772039e+00 1.0752386391e+01 0 0
621 4.1366525210e+03 4.2138737523e+03 4.2263270105e+03 4.1927919099e+03 4.2485451628e+03 1.6602446222e+00 1.6957435748e+00 1.7021377518e+00 1.6866292502e+00 1.7044742803e+00 2.2725038513e+01 2.0089133501e+01 1.9478855133e+01 1.0993313559e+01 1.0553589344e+01 1.0630223215e+01 0 0
622 4.3414418450e+03 4.2506121912e+03 4.2480098870e+03 4.2517318824e+03 4.2476685370e+03 1.6581003289e+00 1.6935899562e+00 1.6999725295e+00 1.6845038745e+00 1.7023388775e+00 2.6075438159e+01 1.8444594622e+01 1.7295524836e+01 1.2263066354e+01 1.0395320475e+01 1.0217149198e+01 0 0
623 4.2456094742e+03 4.1698827322e+03 4.1501949352e+03 4.3305953401e+03 4.2147227667e+03 1.6557099382e+00 1.6914950750e+00 1.6979647825e+00 1.6822066054e+00 1.7002726553e+00 1.5152692067e+01 1.6253307104e+01 1.9391707420e+01 9.8941600940e+00 1.0054901779e+01 1.0611474395e+01 0 0
624 4.3102550934e+03 4.2018802934e+03 4.1958550976e+03 4.3423984156e+03 4.2080589349e+03 1.6533493434e+00 1.6893953169e+00 1.6959146747e+00 1.6798316871e+00 1.6982194265e+00 1.4161195086e+01 1.5198777318e+01 1.9753111601e+01 9.5138295641e+00 9.9547178149e+00 1.0702635109e+01 0 0
625 4.2078950810e+03 4.1659707152e+03 4.1427360524e+03 4.3914690025e+03 4.2190899493e+03 1.6509840382e+00 1.6872809146e+00 1.6938967316e+00 1.6773832069e+00 1.6961048620e+00 1.4263714729e+01 1.5742559969e+01 1.8327785730e+01 9.4957218518e+00 1.0197109818e+01 1.0456923306e+01 0 0
626 4.1761210666e+03 4.1693786108e+03 4.1964206176e+03 4.2778592777e+03 4.1952172769e+03 1.6487806759e+00 1.6852625917e+00 1.6918665543e+00 1.6750482596e+00 1.6939961097e+00 1.6259395925e+01 1.6489572287e+01 1.6861736536e+01 9.8384664597e+00 1.0223624408e+01 9.9925343394e+00 0 0
627 4.1600627237e+03 4.3077084395e+03 4.3187563025e+03 4.2319990548e+03 4.1590412357e+03 1.6465909200e+00 1.6831880595e+00 1.6897505526e+00 1.6729802268e+00 1.6918911252e+00 1.6244256682e+01 2.1607486725e+01 1.6429376364e+01 9.8370380902e+00 1.1024365485e+01 9.8180975914e+00 0 0
628 4.1530545416e+03 4.3440511047e+03 4.3454725865e+03 4.2627606079e+03 4.2898046576e+03 1.6443328834e+00 1.6808514424e+00 1.6874213710e+00 1.6708047018e+00 1.6897211549e+00 1.4393442858e+01 2.2981568098e+01 1.5514075756e+01 9.3421450438e+00 1.1582382143e+01 9.6958645582e+00 0 0
629 4.1212966806e+03 4.3311400347e+03 4.3345534949e+03 4.2497030484e+03 4.2095890536e+03 1.6421438616e+00 1.6785030126e+00 1.6851046185e+00 1.6685843193e+00 1.6876455871e+00 1.3796408414e+01 1.9512356520e+01 1.7980003834e+01 9.0052754806e+00 1.0790820539e+01 1.0186964929e+01 0 0
630 4.0394958473e+03 4.3312730230e+03 4.3308816654e+03 4.2640178236e+03 4.2981800800e+03 1.6401263931e+00 1.6761244012e+00 1.6827561394e+00 1.6664513250e+00 1.6857251944e+00 1.5888961402e+01 1.9373718023e+01 2.4365794659e+01 9.3058361192e+00 1.0589568436e+01 1.1423278809e+01 0 0
631 4.0088915288e+03 4.3494213408e+03 4.3395483636e+03 4.1648596615e+03 4.3276644972e+03 1.6381537533e+00 1.6737749967e+00 1.6804588326e+00 1.6642800941e+00 1.6834823635e+00 1.9365629840e+01 2.0085505724e+01 2.0639564753e+01 1.0121957023e+01 1.0843982041e+01 1.1373207688e+01 0 0
632 4.0842950379e+03 4.2947817174e+03 4.2530443214e+03 4.1890867740e+03 4.2998418576e+03 1.6360863736e+00 1.6713965358e+00 1.6781997846e+00 1.6621999323e+00 1.6812313262e+00 1.6786118746e+01 1.9752914906e+01 1.8113111496e+01 9.6418001827e+00 1.0545350194e+01 1.0597789228e+01 0 0
633 4.0822127805e+03 4.2040211703e+03 4.1751100584e+03 4.2323827804e+03 4.3144436490e+03 1.6339009828e+00 1.6691622826e+00 1.6762393247e+00 1.6600361716e+00 1.6789564475e+00 1.3262214468e+01 1.8617832184e+01 1.8078257322e+01 8.8207040838e+00 1.0490736365e+01 1.0654926658e+01 0 0
634 3.9841975679e+03 4.2644080480e+03 4.2539699106e+03 4.1850868569e+03 4.2388007738e+03 1.6317360951e+00 1.6669637320e+00 1.6741312938e+00 1.6577872787e+00 1.6767931778e+00 1.2624462310e+01 1.5439018428e+01 1.7933712959e+01 8.5429526472e+00 9.7269286513e+00 1.0365996420e+01 0 0
635 4.0805949623e+03 4.2958286744e+03 4.2932283890e+03 4.1390317708e+03 4.2530995756e+03 1.6295356314e+00 1.6647093081e+00 1.6719407479e+00 1.6556880103e+00 1.6746194381e+00 1.2184363610e+01 1.7240447044e+01 1.9743391514e+01 8.4379221583e+00 9.8926084638e+00 1.0881254435e+01 0 0
636 4.0087262327e+03 4.1381657772e+03 4.1602975855e+03 4.0178038777e+03 4.2040932435e+03 1.6273581799e+00 1.6625039934e+00 1.6697596050e+00 1.6538053125e+00 1.6724191296e+00 1.1570867462e+01 2.2431600809e+01 1.7591053724e+01 8.2204745940e+00 1.0677035987e+01 1.0309491336e+01 0 0
637 3.9079762554e+03 4.2636144291e+03 4.2444841854e+03 4.1616400613e+03 4.2532077306e+03 1.6253239186e+00 1.6603649045e+00 1.6676280004e+00 1.6517337628e+00 1.6703148860e+00 1.3323450394e+01 1.9653253078e+01 1.8624766827e+01 8.4611563049e+00 1.0549323142e+01 1.0403581440e+01 0 0
638 3.9196065332e+03 4.1893858738e+03 4.1462971432e+03 4.0851200717e+03 4.1745869257e+03 1.6233737759e+00 1.6580855690e+00 1.6655073881e+00 1.6495322495e+00 1.6682642231e+00 1.5693507174e+01 1.3291506708e+01 1.9766807318e+01 9.0507446065e+00 8.9052732587e+00 1.0608375907e+01 0 0
639 3.8776089921e+03 4.1882249223e+03 4.1569043771e+03 4.1254575504e+03 4.1750774843e+03 1.6213662568e+00 1.6558816369e+00 1.6634839160e+00 1.6474526199e+00 1.6662212237e+00 1.4330708393e+01 1.4556751966e+01 1.9763556957e+01 8.7384216089e+00 9.0592718720e+00 1.0612212777e+01 0 0
640 3.8557902928e+03 4.1047455463e+03 4.1274859176e+03 4.0534143632e+03 4.1901541738e+03 1.6194530671e+00 1.6537556396e+00 1.6614113494e+00 1.6453466309e+00 1.6641553966e+00 1.4387127763e+01 1.4780985296e+01 1.7689974308e+01 8.5687428086e+00 9.1487966776e+00 1.0063858092e+01 0 0
641 3.8309117208e+03 4.0980478279e+03 4.0853744014e+03 3.9933990534e+03 4.1369196270e+03 1.6176329102e+00 1.6516507299e+00 1.6593673924e+00 1.6432794137e+00 1.6621279285e+00 1.6007608813e+01 1.5016276419e+01 1.9253849030e+01 8.8261289940e+00 9.1738152504e+00 1.0455934525e+01 0 0
642 3.8530659632e+03 4.0606036497e+03 4.0324628951e+03 4.0302052057e+03 4.1689221629e+03 1.6157282923e+00 1.6496254963e+00 1.6574216377e+00 1.6412021301e+00 1.6600549328e+00 1.5367498524e+01 1.4097081244e+01 1.7163062572e+01 8.7940681153e+00 8.8707955480e+00 9.9376700521e+00 0 0
643 3.8205644125e+03 4.0011173439e+03 4.0462848392e+03 4.0125994069e+03 4.0216964082e+03 1.6138087269e+00 1.6477776805e+00 1.6555588778e+00 1.6391389448e+00 1.6580459507e+00 1.3904700452e+01 1.3532651067e+01 1.6834130764e+01 8.4613833771e+00 8.6823694706e+00 9.6755111814e+00 0 0
644 3.8552789232e+03 4.0858147290e+03 4.0504907110e+03 3.9261732005e+03 4.1092004088e+03 1.6118556921e+00 1.6458639292e+00 1.6536223004e+00 1.6371882658e+00 1.6560944018e+00 1.3099330142e+01 1.5098662376e+01 1.7544445753e+01 8.2335164410e+00 8.9162142277e+00 9.7594441175e+00 0 0
645 3.7566577137e+03 4.0063951378e+03 4.0930806247e+03 3.9770177269e+03 4.0744064598e+03 1.6100174130e+00 1.6439252927e+00 1.6516392017e+00 1.6352324973e+00 1.6540543402e+00 1.3166594391e+01 1.6107609272e+01 1.5430985689e+01 8.0660549898e+00 9.1388352513e+00 9.3615431786e+00 0 0
646 3.7724439087e+03 3.9958362079e+03 3.9846622191e+03 3.8801430386e+03 3.9977658761e+03 1.6082215402e+00 1.6418914580e+00 1.6495589206e+00 1.6333016049e+00 1.6521256274e+00 1.4338079040e+01 1.5699450433e+01 1.5567675173e+01 8.2842195305e+00 9.0187345147e+00 9.1272134781e+00 0 0
647 3.7596277563e+03 3.9732037451e+03 3.9634174648e+03 3.9530228939e+03 4.0604923347e+03 1.6064045262e+00 1.6399029478e+00 1.6476400770e+00 1.6314206701e+00 1.6502908559e+00 1.3616344420e+01 1.6354429960e+01 1.9962456465e+01 8.1423742012e+00 9.1563687325e+00 1.0068487167e+01 0 0
648 3.7642577716e+03 3.9979319654e+03 3.9313609603e+03 3.8873445950e+03 4.0044837370e+03 1.6045553652e+00 1.6378626792e+00 1.6457609997e+00 1.6294136358e+00 1.6482934461e+00 1.2771961157e+01 1.4119943142e+01 1.6329558849e+01 7.9602310468e+00 8.6383497119e+00 9.4741301537e+00 0 0
649 3.8364528662e+03 3.9409134728e+03 3.9339780121e+03 3.8189286456e+03 4.0114433811e+03 1.6027012317e+00 1.6358971354e+00 1.6439702206e+00 1.6276078677e+00 1.6462804849e+00 1.2021846710e+01 1.5547680855e+01 1.3845630825e+01 7.7535523589e+00 8.7417696714e+00 8.7645564675e+00 0 0
650 3.7812122527e+03 3.9372925977e+03 3.9712012037e+03 3.7833403230e+03 3.8942226439e+03 1.6009008217e+00 1.6339651932e+00 1.6420524633e+00 1.6258061002e+00 1.6444371896e+00 1.3656322151e+01 1.6864398718e+01 1.5089889526e+01 8.1660493120e+00 8.9963583350e+00 8.7888107896e+00 0 0
651 3.7706248488e+03 3.9077951584e+03 3.9176304063e+03 3.7993349418e+03 3.9860559454e+03 1.5991760942e+00 1.6319955773e+00 1.6400702900e+00 1.6240416112e+00 1.6425956492e+00 1.5639179294e+01 1.6192138672e+01 1.8593745470e+01 8.5211143404e+00 8.8298132420e+00 9.7158152461e+00 0 0
652 3.7247276660e+03 3.8953748215e+03 3.8999147427e+03 3.8090681275e+03 3.9266586304e+03 1.5974727228e+00 1.6300730995e+00 1.6381455818e+00 1.6222133493e+00 1.6406683987e+00 1.6174485019e+01 1.6146848202e+01 1.5034058213e+01 8.6083129414e+00 8.8167726994e+00 8.8782088757e+00 0 0
653 3.8157871856e+03 3.8287699069e+03 3.8713081768e+03 3.7766890261e+03 3.9146591167e+03 1.5956824299e+00 1.6282797721e+00 1.6363173534e+00 1.6204163105e+00 1.6388031543e+00 1.5293998090e+01 1.5435977817e+01 1.5513631523e+01 8.5372585529e+00 8.7006238699e+00 8.9586248398e+00 0 0
654 3.7382418479e+03 3.7847829528e+03 3.8279651252e+03 3.7517723812e+03 3.8635496632e+03 1.5938301115e+00 1.6265317691e+00 1.6344791129e+00 1.6185925267e+00 1.6369358972e+00 1.3623237355e+01 1.4294685245e+01 1.5317505300e+01 8.1464999624e+00 8.3686288595e+00 8.8533548117e+00 0 0
655 3.7365875726e+03 3.8710875733e+03 3.8666791954e+03 3.7743637874e+03 3.8576873901e+03 1.5919882392e+00 1.6246716938e+00 1.6325842882e+00 1.6167844808e+00 1.6351909263e+00 1.2474206777e+01 1.3639548063e+01 1.6827386618e+01 7.7968737997e+00 8.1398062110e+00 8.9978139997e+00 0 0
656 3.6210513064e+03 3.8527216354e+03 3.7722574143e+03 3.7185257832e+03 3.7969248083e+03 1.5902071058e+00 1.6226910172e+00 1.6307551846e+00 1.6150236210e+00 1.6334848099e+00 1.1910069260e+01 1.3465893865e+01 1.7912338018e+01 7.4785939669e+00 8.0185987353e+00 9.1887434125e+00 0 0
657 3.6201811435e+03 3.7667043951e+03 3.8192170664e+03 3.7477286455e+03 3.7967528231e+03 1.5885432810e+00 1.6209180696e+00 1.6290819930e+00 1.6132796225e+00 1.6317958605e+00 1.4333623869e+01 1.4045267522e+01 1.8173053026e+01 7.9351267636e+00 8.1612698436e+00 9.2061200738e+00 0 0
658 3.6299580726e+03 3.7424121900e+03 3.7804756315e+03 3.7801309501e+03 3.8202109889e+03 1.5869275132e+00 1.6191808062e+00 1.6272431450e+00 1.6114881989e+00 1.6300283222e+00 1.4561413163e+01 1.3159568071e+01 1.5844491243e+01 7.9088822881e+00 7.9970005155e+00 8.7762764096e+00 0 0
659 3.6439498352e+03 3.7306235404e+03 3.7441460976e+03 3.7322518672e+03 3.8135642121e+03 1.5852849724e+00 1.6174150459e+00 1.6254282880e+00 1.6097526694e+00 1.6282154025e+00 1.3943121563e+01 1.4124969125e+01 1.4442462802e+01 7.8264398331e+00 8.1267306805e+00 8.4975352287e+00 0 0
660 3.6300473890e+03 3.7843732638e+03 3.7741885221e+03 3.7385462415e+03 3.8158071230e+03 1.5835727642e+00 1.6156404749e+00 1.6236734372e+00 1.6080958361e+00 1.6264303684e+00 1.1582156901e+01 1.6113648415e+01 1.3757240117e+01 7.2804503226e+00 8.6148538589e+00 8.2877855897e+00 0 0
661 3.5894068546e+03 3.6955837157e+03 3.6786695965e+03 3.7335165729e+03 3.7068096795e+03 1.5818377631e+00 1.6138960738e+00 1.6220294322e+00 1.6064191007e+00 1.6246516952e+00 1.0423563451e+01 1.7380762100e+01 1.3597847581e+01 6.9353709188e+00 8.8460274935e+00 8.1227748990e+00 0 0
662 3.5164014934e+03 3.7394027598e+03 3.7224149419e+03 3.7497386576e+03 3.7243767264e+03 1.5801814038e+00 1.6122249240e+00 1.6204700984e+00 1.6046610542e+00 1.6230306285e+00 1.0702143412e+01 1.4993892610e+01 1.5126123011e+01 6.8661768190e+00 8.4725694060e+00 8.3042896986e+00 0 0
663 3.5064818424e+03 3.7242635514e+03 3.7293562447e+03 3.7556903493e+03 3.7371400830e+03 1.5785894217e+00 1.6105355543e+00 1.6188498403e+00 1.6028063610e+00 1.6213515540e+00 1.2075658262e+01 1.2248270154e+01 1.5019719958e+01 7.1169119475e+00 7.7959821224e+00 8.3367023468e+00 0 0
664 3.5722715304e+03 3.8088397183e+03 3.8100408134e+03 3.7044459775e+03 3.7034200410e+03 1.5770668942e+00 1.6088158177e+00 1.6171406007e+00 1.6009718975e+00 1.6197771282e+00 1.4295533404e+01 1.2513099074e+01 1.5662301719e+01 7.5899958028e+00 7.8203049600e+00 8.3823377490e+00 0 0
665 3.6028474435e+03 3.7438283882e+03 3.7430868277e+03 3.6130272626e+03 3.7737331649e+03 1.5753926731e+00 1.6069468080e+00 1.6153332276e+00 1.5992485544e+00 1.6180661622e+00 1.2344175501e+01 1.2805750608e+01 1.5313452721e+01 7.4081712390e+00 7.6564312279e+00 8.4617819190e+00 0 0
666 3.5650311878e+03 3.7304172689e+03 3.7201004019e+03 3.5541671317e+03 3.7249555702e+03 1.5736705778e+00 1.6051762546e+00 1.6135948373e+00 1.5976305684e+00 1.6164296740e+00 1.0537406142e+01 1.4606482267e+01 1.4508468568e+01 6.9342608278e+00 7.9247802496e+00 8.2312530279e+00 0 0
667 3.4633519397e+03 3.6361919641e+03 3.6748020355e+03 3.5986344632e+03 3.8117998373e+03 1.5720794764e+00 1.6035580236e+00 1.6119935858e+00 1.5960914204e+00 1.6147061216e+00 1.1260172758e+01 1.6297576666e+01 1.4963072836e+01 6.9066055659e+00 8.2148169875e+00 8.4741217494e+00 0 0
668 3.5029186809e+03 3.7762913023e+03 3.7408867933e+03 3.5656225263e+03 3.7266223313e+03 1.5705438613e+00 1.6018462582e+00 1.6102661102e+00 1.5945502302e+00 1.6129144451e+00 1.2546311743e+01 1.6077427864e+01 1.2661174178e+01 7.1373148871e+00 8.1646193266e+00 7.9929557145e+00 0 0
669 3.4856464200e+03 3.5653389741e+03 3.5748054493e+03 3.5941694451e+03 3.7537237512e+03 1.5689363049e+00 1.6000791432e+00 1.6086524772e+00 1.5929764920e+00 1.6111213641e+00 1.1495956249e+01 1.4462591171e+01 1.1858762443e+01 7.0160784598e+00 7.8282722831e+00 7.6673887670e+00 0 0
670 3.5130991918e+03 3.6402960044e+03 3.6356156287e+03 3.5841143955e+03 3.7076194519e+03 1.5673101833e+00 1.5984595076e+00 1.6070385769e+00 1.5913667596e+00 1.6093789381e+00 1.1376605099e+01 1.2533764780e+01 1.2290411174e+01 6.9751966757e+00 7.3835004866e+00 7.7095516324e+00 0 0
671 3.4533746494e+03 3.5426292496e+03 3.5587496400e+03 3.5310162843e+03 3.6793431479e+03 1.5656758032e+00 1.5967876744e+00 1.6054006024e+00 1.5897816002e+00 1.6076815721e+00 1.0268144382e+01 1.2415771008e+01 1.3471503139e+01 6.6452677165e+00 7.2935264707e+00 7.9191949368e+00 0 0
672 3.4221387554e+03 3.6440963214e+03 3.6007724171e+03 3.5906885134e+03 3.5305990993e+03 1.5641443012e+00 1.5951510517e+00 1.6038107347e+00 1.5881721286e+00 1.6060426164e+00 1.1437089981e+01 1.1667628884e+01 1.4027812898e+01 6.7833507081e+00 7.0918865800e+00 7.8782284856e+00 0 0
673 3.4059944100e+03 3.5072114279e+03 3.5397170791e+03 3.4878497674e+03 3.6284167346e+03 1.5626087047e+00 1.5935962525e+00 1.6023225555e+00 1.5865582732e+00 1.6044887439e+00 1.0783296751e+01 1.1369789481e+01 1.3915800452e+01 6.5895580252e+00 7.0143812895e+00 7.7732174695e+00 0 0
674 3.2955476486e+03 3.5432939477e+03 3.5812684904e+03 3.6347019135e+03 3.5215882780e+03 1.5611795664e+00 1.5921084222e+00 1.6007524482e+00 1.5849118961e+00 1.6029660628e+00 1.1385629388e+01 1.1190811515e+01 1.4922292590e+01 6.5140691719e+00 7.0102781355e+00 7.9195697606e+00 0 0
675 3.2734456694e+03 3.5170251634e+03 3.5532775011e+03 3.5794678375e+03 3.6376783805e+03 1.5599025592e+00 1.5906209380e+00 1.5991404172e+00 1.5832233122e+00 1.6014365857e+00 1.5221955790e+01 1.0520434797e+01 1.4826463223e+01 7.0964066312e+00 6.9032260180e+00 7.9281750619e+00 0 0
676 3.2554949894e+03 3.5218679703e+03 3.5185923322e+03 3.5050460767e+03 3.4657111824e+03 1.5585141507e+00 1.5890979507e+00 1.5976110723e+00 1.5816734216e+00 1.5999195537e+00 1.3792875004e+01 1.1898563266e+01 1.2977619290e+01 7.0461386174e+00 7.0419240296e+00 7.4084852934e+00 0 0
677 3.2946706221e+03 3.5775326693e+03 3.5509062224e+03 3.4779965497e+03 3.5906910198e+03 1.5570538734e+00 1.5874851501e+00 1.5960549282e+00 1.5801428986e+00 1.5984619518e+00 9.8860166047e+00 1.3152613103e+01 1.4220819414e+01 6.0718955197e+00 7.3760859370e+00 7.6457746625e+00 0 0
678 3.1884305992e+03 3.5289746386e+03 3.4893426315e+03 3.4628023334e+03 3.4873557318e+03 1.5556109045e+00 1.5858202313e+00 1.5945373247e+00 1.5785898741e+00 1.5968996369e+00 9.9449586986e+00 1.1405948818e+01 1.2198414385e+01 6.0355086073e+00 6.8817719221e+00 7.2499599457e+00 0 0
679 3.1647665981e+03 3.5744557628e+03 3.5337392377e+03 3.4728435035e+03 3.5203684466e+03 1.5543016155e+00 1.5842181265e+00 1.5930371276e+00 1.5770718639e+00 1.5954343963e+00 1.2136614099e+01 1.1750374079e+01 1.2625990331e+01 6.3744483566e+00 6.9232103825e+00 7.1657850444e+00 0 0
680 3.1452895018e+03 3.5383186685e+03 3.5646212983e+03 3.4581477701e+03 3.5156859928e+03 1.5529097388e+00 1.5826642334e+00 1.5915632020e+00 1.5756167107e+00 1.5939874458e+00 1.1067333106e+01 1.4119730175e+01 1.3864162505e+01 6.2089639514e+00 7.4175903499e+00 7.4708631933e+00 0 0
681 3.1462027986e+03 3.4585131198e+03 3.4674236834e+03 3.4405208908e+03 3.5144035056e+03 1.5514710305e+00 1.5811942663e+00 1.5900642237e+00 1.5741023592e+00 1.5924968289e+00 8.2456080223e+00 1.3029754281e+01 1.3555546284e+01 5.4527636287e+00 7.2354673743e+00 7.4734444618e+00 0 0
682 3.0582586129e+03 3.4627437098e+03 3.4754909006e+03 3.3938523834e+03 3.5327748301e+03 1.5501177314e+00 1.5797489461e+00 1.5886286620e+00 1.5726160825e+00 1.5910695094e+00 8.3000948263e+00 1.1457149327e+01 1.4444593489e+01 5.3313889583e+00 6.7416860163e+00 7.5349324048e+00 0 0
683 3.0157232969e+03 3.4490882853e+03 3.4354765317e+03 3.3578963653e+03 3.5213971659e+03 1.5488747222e+00 1.5782175874e+00 1.5871250922e+00 1.5711636441e+00 1.5896569791e+00 1.0235615945e+01 1.1704747796e+01 1.6193295002e+01 5.6612025696e+00 6.6992429495e+00 7.9691829681e+00 0 0
684 3.0100960000e+03 3.5176310210e+03 3.5253781357e+03 3.3350466264e+03 3.5116987342e+03 1.5476294703e+00 1.5766575288e+00 1.5856008067e+00 1.5697599912e+00 1.5881546372e+00 1.0424718563e+01 1.1961986065e+01 1.2570779681e+01 5.7071704483e+00 6.6659004092e+00 7.2920722961e+00 0 0
685 2.9998014810e+03 3.4452571747e+03 3.4683024666e+03 3.3016910819e+03 3.4688107472e+03 1.5463288973e+00 1.5750941109e+00 1.5840191935e+00 1.5683397333e+00 1.5865923370e+00 8.3786355208e+00 1.0998267472e+01 1.0167121410e+01 5.2283987696e+00 6.4223547876e+00 6.6151148081e+00 0 0
686 2.8964709915e+03 3.3767687217e+03 3.4003329249e+03 3.2754969089e+03 3.4708287195e+03 1.5451751964e+00 1.5736732247e+00 1.5825447241e+00 1.5669030613e+00 1.5851224327e+00 9.0416499879e+00 1.0373520195e+01 1.1024194539e+01 5.1112557856e+00 6.2246988118e+00 6.7327495813e+00 0 0
687 2.9047066058e+03 3.3952600784e+03 3.4195292074e+03 3.2127346607e+03 3.4912983258e+03 1.5440965521e+00 1.5722155791e+00 1.5810462387e+00 1.5655610478e+00 1.5836291711e+00 1.2451997970e+01 1.0608399272e+01 1.2022866607e+01 5.8049484456e+00 6.0991386175e+00 7.0374811888e+00 0 0
688 2.9491750928e+03 3.3538035124e+03 3.3343216701e+03 3.2621897554e+03 3.4399020335e+03 1.5428642156e+00 1.5707382499e+00 1.5795881208e+00 1.5641499506e+00 1.5821291327e+00 9.0691992732e+00 1.0739721477e+01 1.1469744802e+01 5.2691011243e+00 6.2410095036e+00 6.8743312955e+00 0 0
689 2.9033554625e+03 3.3613724875e+03 3.3495690768e+03 3.1982035582e+03 3.3513850868e+03 1.5416374789e+00 1.5692500056e+00 1.5781607541e+00 1.5627101283e+00 1.5807103943e+00 7.4819512631e+00 9.1750165820e+00 1.0783707798e+01 4.7701603032e+00 5.8117721081e+00 6.5113008320e+00 0 0
690 2.8673482871e+03 3.2691029351e+03 3.2521888014e+03 3.1144280374e+03 3.3648301592e+03 1.5404822185e+00 1.5677904200e+00 1.5767568671e+00 1.5613446561e+00 1.5793277347e+00 8.5874801847e+00 9.1163484454e+00 1.1779988587e+01 4.9646408148e+00 5.6663976908e+00 6.6640535593e+00 0 0
691 2.9191433150e+03 3.2539559001e+03 3.2281387826e+03 3.1018081823e+03 3.2762219095e+03 1.5392305610e+00 1.5663947963e+00 1.5754675966e+00 1.5600221743e+00 1.5780217354e+00 7.4492428495e+00 8.9990736246e+00 1.2493470669e+01 4.7780939570e+00 5.4862333834e+00 6.6788950562e+00 0 0
692 2.8385396007e+03 3.2275126646e+03 3.2224423967e+03 3.0451886641e+03 3.3012161395e+03 1.5379765187e+00 1.5650427521e+00 1.5741742350e+00 1.5586964700e+00 1.5767119177e+00 6.2369304675e+00 8.7900490165e+00 1.2312251925e+01 4.3767290350e+00 5.4576712549e+00 6.6450382173e+00 0 0
693 2.7918566511e+03 3.1723970432e+03 3.1710365813e+03 2.9884865735e+03 3.2233817645e+03 1.5368477932e+00 1.5636684062e+00 1.5728404303e+00 1.5575150859e+00 1.5754008814e+00 7.1074156958e+00 1.0088573277e+01 1.1428602219e+01 4.4636259731e+00 5.5297159553e+00 6.3481604457e+00 0 0
694 2.7854433461e+03 3.1735872447e+03 3.1446996677e+03 2.9630713795e+03 3.2598168660e+03 1.5357557908e+00 1.5623194778e+00 1.5715690264e+00 1.5563827215e+00 1.5741086680e+00 9.0338211470e+00 1.2193517745e+01 1.1619327605e+01 4.8544209495e+00 5.9249377251e+00 6.3683248758e+00 0 0
695 2.7625048852e+03 3.1129469960e+03 3.0906416809e+03 2.9876301645e+03 3.1677379942e+03 1.5346955945e+00 1.5609708580e+00 1.5703326325e+00 1.5552066603e+00 1.5728319514e+00 9.0429336522e+00 1.0335911393e+01 1.1163068950e+01 4.8265649120e+00 5.5880117714e+00 6.1535975933e+00 0 0
696 2.7673637169e+03 3.1135680497e+03 3.0855341515e+03 2.9377494788e+03 3.1598610729e+03 1.5336218750e+00 1.5596371898e+00 1.5691056744e+00 1.5539730874e+00 1.5715431473e+00 9.8775882960e+00 8.1527491808e+00 1.1641915202e+01 4.9861370327e+00 5.0460886359e+00 6.3068125844e+00 0 0
697 2.8794625642e+03 3.0064447442e+03 3.0285385915e+03 2.9055240491e+03 3.1477804879e+03 1.5324530733e+00 1.5583502337e+00 1.5678733710e+00 1.5528393040e+00 1.5702388620e+00 8.0117212499e+00 8.8702988029e+00 1.0010660291e+01 4.7509530562e+00 5.0662289858e+00 5.8766331673e+00 0 0
698 2.8255159296e+03 2.9812770753e+03 2.9865754636e+03 2.9339151317e+03 3.0983589205e+03 1.5311930727e+00 1.5571543358e+00 1.5666637534e+00 1.5516735434e+00 1.5689723921e+00 6.4020352029e+00 9.1987994313e+00 8.9083653092e+00 4.3408213970e+00 5.1867777109e+00 5.4710699916e+00 0 0
699 2.8096199331e+03 2.9425147408e+03 2.9553417738e+03 2.8676509551e+03 3.1037841420e+03 1.5299855933e+00 1.5560678549e+00 1.5655580255e+00 1.5505241110e+00 1.5677049081e+00 6.5588060390e+00 8.2850770354e+00 8.8391079307e+00 4.3078655111e+00 4.9096555710e+00 5.4183362424e+00 0 0
700 2.7546767949e+03 2.9605837262e+03 2.9431194335e+03 2.8427993246e+03 3.0023524110e+03 1.5289031061e+00 1.5549203276e+00 1.5644359266e+00 1.5495094043e+00 1.5664674190e+00 8.0587171307e+00 1.0605707467e+01 8.4983357191e+00 4.5246909490e+00 5.2091467977e+00 5.3032540083e+00 0 0
701 2.8219597746e+03 2.9419627802e+03 2.9151744373e+03 2.8183592745e+03 2.9889008013e+03 1.5277415583e+00 1.5537363187e+00 1.5633468908e+00 1.5484243556e+00 1.5652905856e+00 8.3560433194e+00 1.0652759194e+01 9.3564778566e+00 4.7242627450e+00 5.3623194993e+00 5.3648958504e+00 0 0
702 2.7646376708e+03 2.9090706420e+03 2.9033861266e+03 2.8139847192e+03 2.9463713276e+03 1.5265827558e+00 1.5525494263e+00 1.5622531569e+00 1.5473221026e+00 1.5641858326e+00 6.8879313641e+00 8.6665492654e+00 9.4294865131e+00 4.3275937432e+00 4.8792586625e+00 5.2783894241e+00 0 0
703 2.7496923438e+03 2.9428623821e+03 2.8987619771e+03 2.7928002077e+03 2.9244490079e+03 1.5255014631e+00 1.5513562176e+00 1.5611467821e+00 1.5462282774e+00 1.5631044064e+00 8.7870958885e+00 8.5198329687e+00 1.0159601927e+01 4.6440257367e+00 4.8032299578e+00 5.3816558421e+00 0 0
704 2.7570328926e+03 2.8852551880e+03 2.8669529121e+03 2.7914831183e+03 2.9000989638e+03 1.5244316460e+00 1.5501244832e+00 1.5600596655e+00 1.5451149152e+00 1.5620854987e+00 1.0119832654e+01 7.8602164984e+00 1.1029941261e+01 5.0282519170e+00 4.6681628227e+00 5.4369911849e+00 0 0
705 2.7854415267e+03 2.8667263560e+03 2.8541150993e+03 2.7780599346e+03 2.9120820730e+03 1.5232554107e+00 1.5489439771e+00 1.5589638585e+00 1.5439838034e+00 1.5609975549e+00 7.7526510850e+00 7.3935057521e+00 1.0307294130e+01 4.5519190449e+00 4.5134678185e+00 5.4221384525e+00 0 0
706 2.7537679393e+03 2.7841812082e+03 2.8260547588e+03 2.7757202669e+03 2.9043463981e+03 1.5221023384e+00 1.5478254514e+00 1.5578521518e+00 1.5428732654e+00 1.5598872553e+00 6.9651667588e+00 7.6635376215e+00 8.5000579357e+00 4.3105527576e+00 4.5360651612e+00 4.9595713317e+00 0 0
707 2.7671759156e+03 2.7904896524e+03 2.7583559415e+03 2.7624150666e+03 2.8696914468e+03 1.5209719611e+00 1.5467448208e+00 1.5568075342e+00 1.5418011226e+00 1.5587698497e+00 7.1552314428e+00 8.7264752388e+00 8.0036637783e+00 4.2957708607e+00 4.7516842782e+00 4.8433622718e+00 0 0
708 2.7384995607e+03 2.7719712300e+03 2.8092093194e+03 2.8620725008e+03 2.8348105757e+03 1.5197994854e+00 1.5457074651e+00 1.5557681892e+00 1.5406318300e+00 1.5576813990e+00 6.6440929674e+00 7.9176789820e+00 7.9497925043e+00 4.2232961385e+00 4.7031914294e+00 4.7200383246e+00 0 0
709 2.7146994528e+03 2.7349039288e+03 2.7464773802e+03 2.7792677093e+03 2.7598411186e+03 1.5186397809e+00 1.5446359700e+00 1.5547038548e+00 1.5394599097e+00 1.5566985986e+00 5.9889217364e+00 6.8749180138e+00 9.3901495337e+00 3.9793815130e+00 4.3784847856e+00 4.9202407897e+00 0 0
710 2.6392546166e+03 2.7798922641e+03 2.8052702187e+03 2.7763962253e+03 2.8054208240e+03 1.5174795087e+00 1.5435757203e+00 1.5535943014e+00 1.5383390367e+00 1.5556648102e+00 5.5560699141e+00 7.4410493970e+00 1.0037394583e+01 3.8264513479e+00 4.4553834200e+00 5.1212253273e+00 0 0
711 2.6134246075e+03 2.8015717017e+03 2.7660375088e+03 2.7585338497e+03 2.7942521361e+03 1.5163574756e+00 1.5424219443e+00 1.5524863372e+00 1.5372406884e+00 1.5545884916e+00 5.4752450056e+00 7.7621360421e+00 7.5371642709e+00 3.7243032221e+00 4.4985537231e+00 4.5913923383e+00 0 0
712 2.5630491257e+03 2.7907344911e+03 2.7977725068e+03 2.8055833618e+03 2.7578526066e+03 1.5153036247e+00 1.5412296107e+00 1.5513679010e+00 1.5361143135e+00 1.5535068281e+00 5.7064356464e+00 7.8101036847e+00 7.4433796406e+00 3.6659794878e+00 4.5323272049e+00 4.4963763654e+00 0 0
713 2.5336190135e+03 2.7703899545e+03 2.7929684030e+03 2.7535206555e+03 2.7918424024e+03 1.5142838040e+00 1.5401020746e+00 1.5502016974e+00 1.5350024376e+00 1.5524699909e+00 6.5342201285e+00 7.8132623136e+00 7.9169568419e+00 3.8496122642e+00 4.5218954086e+00 4.5882324576e+00 0 0
714 2.5948381714e+03 2.7653145391e+03 2.8113780429e+03 2.7914644902e+03 2.7533328894e+03 1.5132372704e+00 1.5390274547e+00 1.5490652128e+00 1.5339194685e+00 1.5514256942e+00 6.4531140659e+00 8.5253833532e+00 8.6145489216e+00 3.8596541205e+00 4.6465678513e+00 4.6975398660e+00 0 0
715 2.5790669643e+03 2.7272468718e+03 2.7465939816e+03 2.7414950301e+03 2.7962943336e+03 1.5121230598e+00 1.5379676928e+00 1.5479290267e+00 1.5328228493e+00 1.5503948138e+00 5.4591230897e+00 8.2802180052e+00 9.2097005844e+00 3.6556455261e+00 4.6391087472e+00 4.8944813311e+00 0 0
716 2.5418204414e+03 2.7783532893e+03 2.7655671209e+03 2.7558423395e+03 2.7668789276e+03 1.5110513631e+00 1.5368562006e+00 1.5468364070e+00 1.5316869356e+00 1.5492924318e+00 5.7535446772e+00 7.3001448512e+00 7.9753444195e+00 3.6626230106e+00 4.3625882864e+00 4.6226967275e+00 0 0
717 2.5396696462e+03 2.7470425006e+03 2.7674505416e+03 2.6931377611e+03 2.7798990989e+03 1.5100201862e+00 1.5357809737e+00 1.5457658948e+00 1.5306853642e+00 1.5482556677e+00 6.4218399508e+00 8.2273879051e+00 7.9697270989e+00 3.7989157561e+00 4.4077835381e+00 4.5657416284e+00 0 0
718 2.5996561899e+03 2.8035064651e+03 2.7893639956e+03 2.7253706170e+03 2.7360910073e+03 1.5089487962e+00 1.5346243707e+00 1.5446241588e+00 1.5296763009e+00 1.5471851991e+00 6.7847252243e+00 9.7409114242e+00 7.7709483802e+00 3.9497739905e+00 4.7864247561e+00 4.4961435497e+00 0 0
719 2.6150235531e+03 2.7239399773e+03 2.6998073079e+03 2.6843829831e+03 2.7637308118e+03 1.5078286016e+00 1.5335306516e+00 1.5436153532e+00 1.5285821429e+00 1.5461543871e+00 5.9266634553e+00 7.1752352417e+00 8.2170175314e+00 3.7672159950e+00 4.2822864950e+00 4.5685938299e+00 0 0
720 2.5816797624e+03 2.7628701562e+03 2.7691874259e+03 2.6912894679e+03 2.7691802036e+03 1.5066815618e+00 1.5324687947e+00 1.5425987845e+00 1.5274480488e+00 1.5451059123e+00 5.5076105968e+00 5.8266122937e+00 8.5043690205e+00 3.6732622650e+00 3.9036956578e+00 4.6567752957e+00 0 0
721 2.5401895517e+03 2.7080251107e+03 2.7080398815e+03 2.5981807097e+03 2.7749868468e+03 1.5056115002e+00 1.5313938014e+00 1.5415355791e+00 1.5263528908e+00 1.5440352036e+00 6.5036522834e+00 5.3853578866e+00 8.0681268573e+00 3.8506499934e+00 3.6903777421e+00 4.5977879465e+00 0 0
722 2.5870095504e+03 2.7307555731e+03 2.7488889574e+03 2.5637679302e+03 2.7784869984e+03 1.5045337938e+00 1.5303249446e+00 1.5404769204e+00 1.5253054691e+00 1.5429478306e+00 6.8793998210e+00 5.5843299925e+00 7.4284331501e+00 3.9660256623e+00 3.6713272333e+00 4.4403153062e+00 0 0
723 2.5907521678e+03 2.6507334834e+03 2.6698858590e+03 2.5434724296e+03 2.7643773259e+03 1.5033731069e+00 1.5292812063e+00 1.5393924406e+00 1.5243345453e+00 1.5418496444e+00 5.4811855165e+00 6.6553478837e+00 6.8218129873e+00 3.6856244898e+00 3.8051979542e+00 4.2640685141e+00 0 0
724 2.5762706427e+03 2.6542254991e+03 2.6649851782e+03 2.5770137757e+03 2.7006971322e+03 1.5021934715e+00 1.5282461938e+00 1.5383524374e+00 1.5233958930e+00 1.5408384741e+00 4.7591576433e+00 7.4107928276e+00 7.3574706614e+00 3.4400199994e+00 4.0048949420e+00 4.2673478127e+00 0 0
725 2.5637731621e+03 2.5668178743e+03 2.5709627574e+03 2.5211035282e+03 2.7307705872e+03 1.5010466871e+00 1.5272646373e+00 1.5373542804e+00 1.5223902860e+00 1.5398232159e+00 5.0110343763e+00 7.2567786574e+00 7.8717978895e+00 3.4881816383e+00 4.0012598038e+00 4.3974017501e+00 0 0
726 2.4993077247e+03 2.5748239746e+03 2.5670161667e+03 2.5749471839e+03 2.6134360524e+03 1.4999882395e+00 1.5262999654e+00 1.5364203130e+00 1.5214370641e+00 1.5388323527e+00 5.3576035889e+00 7.2290974557e+00 7.6863987446e+00 3.4773897897e+00 3.9704452753e+00 4.2857328057e+00 0 0
727 2.5024905290e+03 2.5329518353e+03 2.5349951676e+03 2.5271284099e+03 2.6190400913e+03 1.4989724329e+00 1.5253089973e+00 1.5354412139e+00 1.5204284259e+00 1.5378971716e+00 6.8734387163e+00 7.1386777461e+00 8.3443143964e+00 3.8138067659e+00 3.9564614743e+00 4.3437257409e+00 0 0
728 2.5852209645e+03 2.5495283878e+03 2.5686095460e+03 2.5812187044e+03 2.5549011723e+03 1.4978529501e+00 1.5243494367e+00 1.5344770462e+00 1.5194428125e+00 1.5369970647e+00 5.6951028781e+00 7.3537237644e+00 8.2977271676e+00 3.6496020673e+00 4.0318669677e+00 4.2675090432e+00 0 0
729 2.4772822313e+03 2.5301130410e+03 2.5282026224e+03 2.5924395846e+03 2.5914947424e+03 1.4967290773e+00 1.5234464729e+00 1.5335373332e+00 1.5183782513e+00 1.5360391367e+00 5.0025275637e+00 6.2220553160e+00 7.6359969676e+00 3.4188763197e+00 3.8053038865e+00 4.1511395276e+00 0 0
730 2.4789198663e+03 2.5814734165e+03 2.5636899188e+03 2.5647666561e+03 2.5423512739e+03 1.4957107757e+00 1.5224642458e+00 1.5326107812e+00 1.5173265454e+00 1.5350566690e+00 6.5920958593e+00 6.5539441705e+00 6.0347723067e+00 3.7094546994e+00 3.8796086311e+00 3.7544580400e+00 0 0
731 2.4527723124e+03 2.5298757875e+03 2.5203022636e+03 2.5817273287e+03 2.5503489957e+03 1.4946830703e+00 1.5214467953e+00 1.5316333121e+00 1.5162568153e+00 1.5341565816e+00 6.7792050236e+00 6.4826441705e+00 6.7365870178e+00 3.7727358966e+00 3.8796786964e+00 3.7935082614e+00 0 0
732 2.5177001726e+03 2.5851574420e+03 2.5668107644e+03 2.5309492290e+03 2.5469028250e+03 1.4936681145e+00 1.5204224601e+00 1.5306784252e+00 1.5152264784e+00 1.5332925157e+00 6.8296482172e+00 6.6325784624e+00 8.8202350140e+00 3.7671789894e+00 3.8633783162e+00 4.2176648378e+00 0 0
733 2.4649670166e+03 2.5620604013e+03 2.5520000980e+03 2.5353970103e+03 2.5781497241e+03 1.4926618708e+00 1.5193477004e+00 1.5296542327e+00 1.5142150704e+00 1.5323368656e+00 7.3612414248e+00 7.7272837162e+00 7.4820660353e+00 3.8816910263e+00 4.1117506921e+00 4.0893347561e+00 0 0
734 2.5493921899e+03 2.6144257496e+03 2.6075559438e+03 2.5502719463e+03 2.5266513412e+03 1.4916492613e+00 1.5182657825e+00 1.5286265908e+00 1.5131818432e+00 1.5313763213e+00 8.2437689029e+00 6.5212500393e+00 6.8793341815e+00 4.1037486585e+00 3.8249661773e+00 3.8944942504e+00 0 0
735 2.5136998305e+03 2.5621125073e+03 2.5538614880e+03 2.4867018317e+03 2.5858147652e+03 1.4905179993e+00 1.5172104609e+00 1.5276108115e+00 1.5121704236e+00 1.5304096624e+00 6.2679498273e+00 6.6886512637e+00 6.7048569322e+00 3.7693664275e+00 3.8331721425e+00 3.8764639646e+00 0 0
736 2.5086131602e+03 2.5361285456e+03 2.5293359801e+03 2.4884909082e+03 2.5620251755e+03 1.4894535075e+00 1.5161932665e+00 1.5266439338e+00 1.5112496845e+00 1.5294072127e+00 6.1557421389e+00 8.2291417718e+00 6.4128982425e+00 3.6161253520e+00 4.0439437032e+00 3.8528036624e+00 0 0
737 2.4839711520e+03 2.5307054352e+03 2.5207857902e+03 2.5116852908e+03 2.6095457459e+03 1.4884538562e+00 1.5151631532e+00 1.5256687834e+00 1.5102959417e+00 1.5283984259e+00 8.4800976546e+00 8.4125354886e+00 6.2704445124e+00 4.0904076534e+00 4.1546350121e+00 3.7787741721e+00 0 0
738 2.5234040347e+03 2.5102264838e+03 2.5056167903e+03 2.5213161246e+03 2.5725351310e+03 1.4873503199e+00 1.5141585803e+00 1.5247124971e+00 1.5092564561e+00 1.5274207596e+00 7.4399439631e+00 6.4363815188e+00 7.1482011974e+00 4.0071257131e+00 3.7853834182e+00 3.9883033633e+00 0 0
739 2.5669069495e+03 2.5225521798e+03 2.5304891820e+03 2.5280429189e+03 2.5742690225e+03 1.4861384794e+00 1.5132062312e+00 1.5237818112e+00 1.5081779876e+00 1.5264077152e+00 5.2090832567e+00 5.2835437953e+00 6.8187565506e+00 3.5074282348e+00 3.5024587661e+00 3.9726145715e+00 0 0
740 2.4921169553e+03 2.5465878151e+03 2.5433461227e+03 2.5045921824e+03 2.5415532652e+03 1.4849457761e+00 1.5121563650e+00 1.5227466576e+00 1.5070878610e+00 1.5253598838e+00 5.1153201884e+00 5.2690846324e+00 5.8998733163e+00 3.4484207797e+00 3.4732138813e+00 3.7163195312e+00 0 0
741 2.5478459816e+03 2.4936458249e+03 2.4787509960e+03 2.4657769567e+03 2.5132067165e+03 1.4838197927e+00 1.5110919532e+00 1.5217396647e+00 1.5060930693e+00 1.5244108507e+00 6.4333149000e+00 6.5055128634e+00 6.8579429686e+00 3.7415024215e+00 3.6999245286e+00 3.8674634397e+00 0 0
742 2.4885148828e+03 2.5019771182e+03 2.5000658991e+03 2.4992034731e+03 2.5564363868e+03 1.4826627614e+00 1.5101002508e+00 1.5207906103e+00 1.5050488605e+00 1.5234475457e+00 6.1921398979e+00 6.4762283564e+00 7.1146936417e+00 3.7023856652e+00 3.7533700615e+00 3.9289949089e+00 0 0
743 2.5188770381e+03 2.4850430580e+03 2.4798174328e+03 2.5120139331e+03 2.5448084407e+03 1.4814891035e+00 1.5090611477e+00 1.5197905639e+00 1.5039679522e+00 1.5224097626e+00 5.6957702783e+00 5.4996167719e+00 5.7518229187e+00 3.5899549412e+00 3.5175988972e+00 3.6805142164e+00 0 0
744 2.4997504333e+03 2.4904975407e+03 2.4817547220e+03 2.5101766870e+03 2.5056701698e+03 1.4802957760e+00 1.5080473062e+00 1.5188108603e+00 1.5029086938e+00 1.5213979768e+00 5.2977901912e+00 5.6355033815e+00 5.5156412125e+00 3.4748864530e+00 3.5195133388e+00 3.5458325595e+00 0 0
745 2.4999909292e+03 2.4997608886e+03 2.4987235741e+03 2.5183385396e+03 2.4812599622e+03 1.4791185150e+00 1.5069970841e+00 1.5178047006e+00 1.5018760381e+00 1.5204605772e+00 5.3958143501e+00 6.9459084868e+00 6.2536577880e+00 3.4800294145e+00 3.8547517657e+00 3.6265468895e+00 0 0
746 2.4594629370e+03 2.4444803129e+03 2.4528429424e+03 2.5115789854e+03 2.4460044971e+03 1.4779828637e+00 1.5060005604e+00 1.5168194361e+00 1.5008304857e+00 1.5195730376e+00 5.8914966281e+00 6.7260562778e+00 7.8615666628e+00 3.5601655877e+00 3.7888557464e+00 3.9518401027e+00 0 0
747 2.4564601605e+03 2.4712290464e+03 2.4721065916e+03 2.4883082606e+03 2.5082844735e+03 1.4768501845e+00 1.5049807928e+00 1.5158047122e+00 1.4998130431e+00 1.5186498030e+00 5.7926191552e+00 7.2216986716e+00 7.7944384515e+00 3.5332491247e+00 3.8681089878e+00 4.0141986907e+00 0 0
748 2.4344215473e+03 2.5163320528e+03 2.4801267105e+03 2.5213413097e+03 2.4969203031e+03 1.4757231036e+00 1.5038872881e+00 1.5147783550e+00 1.4987531983e+00 1.5176315117e+00 5.3768523752e+00 6.9811899364e+00 6.0942310691e+00 3.3956988116e+00 3.8737071007e+00 3.6839037985e+00 0 0
749 2.4227749217e+03 2.5157269327e+03 2.4744387242e+03 2.5219653051e+03 2.4749355547e+03 1.4746668258e+00 1.5027979945e+00 1.5138175557e+00 1.4976185523e+00 1.5166390545e+00 6.4170628755e+00 5.8935863972e+00 5.9749841094e+00 3.5759942535e+00 3.6517767459e+00 3.6248004735e+00 0 0
750 2.3926457051e+03 2.5041036320e+03 2.5190723491e+03 2.4962543941e+03 2.4954600778e+03 1.4736137994e+00 1.5017441680e+00 1.5128373739e+00 1.4965085284e+00 1.5155938629e+00 6.9695971099e+00 5.8069712520e+00 5.3201119304e+00 3.7270576908e+00 3.5929092765e+00 3.4712359309e+00 0 0
751 2.4632720412e+03 2.4793437640e+03 2.4901640508e+03 2.5279895174e+03 2.4846492710e+03 1.4724709101e+00 1.5007655079e+00 1.5118116008e+00 1.4953769114e+00 1.5146005470e+00 5.8108766057e+00 5.8965975344e+00 5.7235285044e+00 3.5428577893e+00 3.6307621598e+00 3.5130452067e+00 0 0
752 2.3962791033e+03 2.5103497764e+03 2.5118066207e+03 2.5078277453e+03 2.5118087109e+03 1.4713018576e+00 1.4997661247e+00 1.5108038579e+00 1.4942778851e+00 1.5136494006e+00 4.6058425679e+00 6.2559439242e+00 7.1539932787e+00 3.1788778097e+00 3.6985516250e+00 3.8490405530e+00 0 0
753 2.3619965907e+03 2.4785415066e+03 2.4820955864e+03 2.4770890174e+03 2.4961382173e+03 1.4702349332e+00 1.4987144667e+00 1.5097752462e+00 1.4932199469e+00 1.5126950106e+00 5.5456255781e+00 7.2586920559e+00 7.5938360989e+00 3.3075250960e+00 3.8905406296e+00 3.9538398832e+00 0 0
754 2.3543333107e+03 2.4932800685e+03 2.5031874680e+03 2.5272067585e+03 2.4978200496e+03 1.4691771189e+00 1.4976732300e+00 1.5087303928e+00 1.4921066673e+00 1.5117487064e+00 6.2971254305e+00 6.2804376185e+00 8.0777576566e+00 3.5340156908e+00 3.7067454904e+00 4.0383362174e+00 0 0
755 2.4197803021e+03 2.4829945630e+03 2.4736385144e+03 2.4544245761e+03 2.5264544326e+03 1.4680341875e+00 1.4966055445e+00 1.5076776604e+00 1.4909885747e+00 1.5107507938e+00 5.0650790020e+00 5.7514792085e+00 6.9154899418e+00 3.2578122133e+00 3.5534602553e+00 3.8329476416e+00 0 0
756 2.3392300830e+03 2.5116906657e+03 2.4892461710e+03 2.4855275094e+03 2.4952086085e+03 1.4668829178e+00 1.4955017628e+00 1.5066482488e+00 1.4899169860e+00 1.5097166708e+00 4.5619705916e+00 6.5120476484e+00 6.4527451992e+00 3.1091019699e+00 3.6857217848e+00 3.7484524846e+00 0 0
757 2.3677276427e+03 2.5079021113e+03 2.5025102397e+03 2.4532706740e+03 2.5046398943e+03 1.4658235987e+00 1.4943728652e+00 1.5055776277e+00 1.4888601081e+00 1.5087081669e+00 5.8340673862e+00 6.7807319760e+00 6.6372010112e+00 3.3688367380e+00 3.7496804148e+00 3.7392590493e+00 0 0
758 2.3529016819e+03 2.4927318348e+03 2.5079655101e+03 2.4803318326e+03 2.4828614540e+03 1.4647346649e+00 1.4932667801e+00 1.5044874705e+00 1.4877491891e+00 1.5076984433e+00 5.9039303874e+00 5.9908555746e+00 6.9660168290e+00 3.4225637395e+00 3.5869754404e+00 3.8398308903e+00 0 0
759 2.3690164241e+03 2.4577197765e+03 2.4426818254e+03 2.3762649263e+03 2.5457329004e+03 1.4636328340e+00 1.4921822130e+00 1.5034259183e+00 1.4867835241e+00 1.5066203929e+00 5.1228290732e+00 6.7792894840e+00 6.3387942016e+00 3.2225657369e+00 3.5843439698e+00 3.7497445047e+00 0 0
760 2.3107887762e+03 2.4812499874e+03 2.4615882068e+03 2.4556422785e+03 2.5316984418e+03 1.4625924562e+00 1.4910866631e+00 1.5024198807e+00 1.4857683707e+00 1.5054996727e+00 5.5527894155e+00 7.9205726385e+00 5.3777875304e+00 3.2344351737e+00 3.9473915547e+00 3.5515572280e+00 0 0
761 2.3197368817e+03 2.4704837583e+03 2.4461888725e+03 2.4149799171e+03 2.4757499874e+03 1.4616063275e+00 1.4899571260e+00 1.5013854461e+00 1.4846634436e+00 1.5044205678e+00 6.8993600132e+00 5.6285538375e+00 5.5745652020e+00 3.5086513250e+00 3.4670112282e+00 3.5028883964e+00 0 0
762 2.3450689797e+03 2.4537310366e+03 2.4472051406e+03 2.4292480318e+03 2.4334625536e+03 1.4605623335e+00 1.4888377962e+00 1.5003439959e+00 1.4836281038e+00 1.5034661029e+00 6.3104470833e+00 6.2774381638e+00 6.9055118561e+00 3.4492108788e+00 3.5508592427e+00 3.7136686146e+00 0 0
763 2.2894181269e+03 2.3797987310e+03 2.4487405947e+03 2.4192383099e+03 2.4902795024e+03 1.4595304323e+00 1.4878323411e+00 1.4992708129e+00 1.4825219207e+00 1.5024506002e+00 5.6168837262e+00 5.4773172736e+00 7.4412414134e+00 3.2265169046e+00 3.4285306782e+00 3.9083822966e+00 0 0
764 2.3208569523e+03 2.4117962186e+03 2.4324205023e+03 2.3990860760e+03 2.4429332778e+03 1.4585454599e+00 1.4868257040e+00 1.4981625990e+00 1.4814225597e+00 1.5014395956e+00 6.6182130268e+00 4.9722902775e+00 6.5109100342e+00 3.4139775786e+00 3.2306939065e+00 3.7051246017e+00 0 0
765 2.3258318256e+03 2.4394128392e+03 2.4346825255e+03 2.3772982564e+03 2.4407914700e+03 1.4574851158e+00 1.4857626950e+00 1.4971034811e+00 1.4803469535e+00 1.5004339997e+00 5.6058316728e+00 5.2314770222e+00 6.7765461802e+00 3.2572270219e+00 3.2709265351e+00 3.6890190989e+00 0 0
766 2.2977509968e+03 2.3713526731e+03 2.3750833670e+03 2.3319427523e+03 2.4068242562e+03 1.4563781223e+00 1.4847335038e+00 1.4961008428e+00 1.4793473965e+00 1.4994648352e+00 4.5202724675e+00 5.9820019305e+00 6.7614524364e+00 2.9692145802e+00 3.3819015920e+00 3.7060578167e+00 0 0
767 2.2601246230e+03 2.4433469872e+03 2.4551925586e+03 2.3979814428e+03 2.4263845532e+03 1.4553287924e+00 1.4837012606e+00 1.4950720271e+00 1.4783066529e+00 1.4984292310e+00 4.7090890613e+00 6.2303188741e+00 6.0266931653e+00 2.9480855877e+00 3.4997296631e+00 3.5480653793e+00 0 0
768 2.2785028292e+03 2.3672200996e+03 2.3642127654e+03 2.3182394182e+03 2.4579088673e+03 1.4543254597e+00 1.4826348843e+00 1.4940178010e+00 1.4773048772e+00 1.4973836311e+00 5.7533925986e+00 5.9002790451e+00 5.3600867093e+00 3.1713670482e+00 3.3291781843e+00 3.3877388537e+00 0 0
769 2.2484063725e+03 2.3756238128e+03 2.3548270637e+03 2.3461994800e+03 2.3989391405e+03 1.4533341189e+00 1.4816126472e+00 1.4930722393e+00 1.4763728846e+00 1.4963572407e+00 6.0310797236e+00 8.6055473089e+00 5.5255571306e+00 3.2368875323e+00 3.8844591975e+00 3.4041465968e+00 0 0
770 2.2984902591e+03 2.3680314609e+03 2.3491172810e+03 2.3814579568e+03 2.4271052717e+03 1.4522679237e+00 1.4805895237e+00 1.4921375396e+00 1.4753113657e+00 1.4953725310e+00 5.2690348873e+00 6.1531740725e+00 6.2287933826e+00 3.1090373958e+00 3.5119589120e+00 3.5221745670e+00 0 0
771 2.2573263737e+03 2.3211778260e+03 2.3305784690e+03 2.3435701398e+03 2.3657280063e+03 1.4511674969e+00 1.4795700502e+00 1.4911796534e+00 1.4742408021e+00 1.4943819781e+00 4.5640084333e+00 4.9290854633e+00 5.9610647857e+00 2.9339922695e+00 3.1423938572e+00 3.4620810002e+00 0 0
772 2.2103333587e+03 2.3931809376e+03 2.3639694372e+03 2.3472311348e+03 2.3896830334e+03 1.4501220890e+00 1.4785031306e+00 1.4901629722e+00 1.4731965758e+00 1.4934039563e+00 4.7019294995e+00 5.3205876052e+00 5.8790621161e+00 2.8940545351e+00 3.2158490717e+00 3.3962432593e+00 0 0
773 2.2063186776e+03 2.3347081188e+03 2.3225496765e+03 2.3436879058e+03 2.3383872648e+03 1.4491609126e+00 1.4774188447e+00 1.4891825752e+00 1.4721348782e+00 1.4924763256e+00 5.8276361017e+00 5.2293951511e+00 6.5794533491e+00 3.1041291712e+00 3.2258286029e+00 3.5031951368e+00 0 0
774 2.1948255509e+03 2.3640163917e+03 2.3799694326e+03 2.3587768016e+03 2.3616208417e+03 1.4481379643e+00 1.4764136128e+00 1.4881919213e+00 1.4710501552e+00 1.4915039719e+00 5.7722213817e+00 4.6836125255e+00 6.5193412006e+00 3.1177510756e+00 3.0636947006e+00 3.5379857421e+00 0 0
775 2.1965300987e+03 2.2768683537e+03 2.3084951808e+03 2.3057536729e+03 2.3402499866e+03 1.4472081014e+00 1.4754293629e+00 1.4871698691e+00 1.4699925400e+00 1.4905510877e+00 6.2218707845e+00 4.8247383833e+00 6.1168847382e+00 3.1466479223e+00 3.0650551766e+00 3.4155588597e+00 0 0
776 2.2162764712e+03 2.3884627902e+03 2.3727717969e+03 2.2948592549e+03 2.3735751515e+03 1.4461457326e+00 1.4744398954e+00 1.4861577955e+00 1.4690340711e+00 1.4895978263e+00 4.8926984263e+00 5.7401705086e+00 6.6956186593e+00 2.9434084791e+00 3.1780554652e+00 3.5448875874e+00 0 0
777 2.1596940155e+03 2.2744035482e+03 2.2543886089e+03 2.2748340599e+03 2.3676386971e+03 1.4451124503e+00 1.4733970342e+00 1.4852190348e+00 1.4680432288e+00 1.4886018284e+00 4.4337787268e+00 6.0130904317e+00 5.8310488164e+00 2.7676370217e+00 3.3047952056e+00 3.4039032459e+00 0 0
778 2.1699373844e+03 2.3395831894e+03 2.3383136017e+03 2.2897211621e+03 2.3030699078e+03 1.4441121133e+00 1.4724200886e+00 1.4842910837e+00 1.4670570720e+00 1.4876747779e+00 4.7756586459e+00 5.4077928066e+00 6.4473350048e+00 2.8100107857e+00 3.1036605984e+00 3.4210725874e+00 0 0
779 2.1444230704e+03 2.3171095140e+03 2.2785622660e+03 2.2115607611e+03 2.3575629366e+03 1.4431514765e+00 1.4713455205e+00 1.4832870782e+00 1.4661233758e+00 1.4867258705e+00 5.4709111166e+00 6.1180726588e+00 6.4449708760e+00 2.9306273465e+00 3.2206227332e+00 3.4674708545e+00 0 0
780 2.1947733677e+03 2.2868218120e+03 2.3376755549e+03 2.3082807455e+03 2.2919838568e+03 1.4421298559e+00 1.4704004654e+00 1.4823448127e+00 1.4651502169e+00 1.4858103750e+00 5.1500567574e+00 6.4788769484e+00 6.0225128531e+00 2.9218727771e+00 3.3493724018e+00 3.3079005927e+00 0 0
781 2.1646954802e+03 2.2872698791e+03 2.3243302261e+03 2.2646533951e+03 2.3146038538e+03 1.4410477563e+00 1.4694819829e+00 1.4812922489e+00 1.4640923583e+00 1.4848887375e+00 4.0342263737e+00 4.8902153373e+00 7.0359323919e+00 2.6632188042e+00 3.0420409590e+00 3.5455631018e+00 0 0
782 2.1465160145e+03 2.2919528791e+03 2.3171467368e+03 2.2437158911e+03 2.3137002831e+03 1.4400551002e+00 1.4684797488e+00 1.4802307298e+00 1.4630916940e+00 1.4839578512e+00 4.7818979448e+00 4.7939991653e+00 6.2370593846e+00 2.7713873058e+00 2.9300290793e+00 3.3707030714e+00 0 0
783 2.2407682741e+03 2.2480382559e+03 2.2625223756e+03 2.2353744653e+03 2.3526810239e+03 1.4390467391e+00 1.4675052503e+00 1.4792032408e+00 1.4621060727e+00 1.4829630697e+00 6.0348186967e+00 5.7433749735e+00 5.3619529605e+00 3.1113359496e+00 3.1428676993e+00 3.2084594369e+00 0 0
784 2.2506652608e+03 2.2624959668e+03 2.2523834043e+03 2.2450516698e+03 2.2751254910e+03 1.4379538152e+00 1.4665250337e+00 1.4782411624e+00 1.4610836907e+00 1.4820134349e+00 4.9363857668e+00 4.9885044992e+00 5.1328891218e+00 2.9667027671e+00 3.0001204759e+00 3.0694239885e+00 0 0
785 2.2330305068e+03 2.2619538015e+03 2.2310040341e+03 2.2030649105e+03 2.3081031173e+03 1.4368634408e+00 1.4655195301e+00 1.4773342922e+00 1.4601013836e+00 1.4810978227e+00 5.2417576817e+00 5.0710705817e+00 5.9633741081e+00 3.0048903938e+00 2.9388872534e+00 3.2411659062e+00 0 0
786 2.2406984109e+03 2.2469355799e+03 2.2557234981e+03 2.2279676838e+03 2.2328392239e+03 1.4358395409e+00 1.4645049697e+00 1.4763608034e+00 1.4591263328e+00 1.4801857990e+00 6.6781028008e+00 5.4959166050e+00 5.7525625527e+00 3.3207263179e+00 3.0511198938e+00 3.1595437080e+00 0 0
787 2.2910499795e+03 2.2327691327e+03 2.2229798695e+03 2.2099701355e+03 2.2852107124e+03 1.4346867914e+00 1.4635598290e+00 1.4754356743e+00 1.4581144047e+00 1.4792692542e+00 5.3258001693e+00 4.8638429344e+00 6.3594110012e+00 3.1256191922e+00 2.9195436537e+00 3.3141613752e+00 0 0
788 2.2970926846e+03 2.2026069781e+03 2.2120037297e+03 2.1959064188e+03 2.2833823596e+03 1.4334897800e+00 1.4625788425e+00 1.4744634011e+00 1.4570951516e+00 1.4782850443e+00 4.5198114387e+00 4.3273179233e+00 4.8507521749e+00 2.9313447495e+00 2.7517606765e+00 3.0215819031e+00 0 0
789 2.2607531284e+03 2.2360505361e+03 2.2145128132e+03 2.2058449628e+03 2.2604008494e+03 1.4323440861e+00 1.4615910128e+00 1.4735226021e+00 1.4560872367e+00 1.4772992290e+00 4.9887568219e+00 4.4052375257e+00 4.8735652268e+00 3.0015722953e+00 2.7640608698e+00 2.9810336828e+00 0 0
790 2.3424127705e+03 2.2066261577e+03 2.2179903066e+03 2.1815350100e+03 2.2611426315e+03 1.4311838772e+00 1.4605421561e+00 1.4725121362e+00 1.4550666047e+00 1.4763510975e+00 5.2514450238e+00 4.3048088253e+00 5.1962267458e+00 3.0958381799e+00 2.7249009311e+00 3.0370349288e+00 0 0
791 2.2936014302e+03 2.2172822328e+03 2.2212072168e+03 2.1641869143e+03 2.2214900405e+03 1.4299482645e+00 1.4595338362e+00 1.4714972210e+00 1.4540740211e+00 1.4753686077e+00 4.4716664663e+00 4.3604541123e+00 4.7836197615e+00 2.9517492944e+00 2.7096026540e+00 2.9564714879e+00 0 0
792 2.3451839670e+03 2.1798396730e+03 2.1690836775e+03 2.1688266413e+03 2.2216993496e+03 1.4286862028e+00 1.4585485977e+00 1.4705389430e+00 1.4530779722e+00 1.4744465177e+00 4.4638010321e+00 4.6450820863e+00 5.1522091329e+00 2.9602081305e+00 2.7806893885e+00 2.9596807361e+00 0 0
793 2.2800168070e+03 2.1900899525e+03 2.1599465271e+03 2.1887411907e+03 2.1854976550e+03 1.4274901702e+00 1.4575542718e+00 1.4696431901e+00 1.4520779070e+00 1.4735138449e+00 4.7321426404e+00 4.9708687067e+00 5.5161806643e+00 2.9756666709e+00 2.8593483418e+00 3.0657087117e+00 0 0
794 2.3536889308e+03 2.1866202231e+03 2.1892803612e+03 2.2098705844e+03 2.2453033203e+03 1.4263343282e+00 1.4565392925e+00 1.4686806127e+00 1.4510863396e+00 1.4725692447e+00 6.2868418358e+00 4.9653482437e+00 5.0262624621e+00 3.3481554680e+00 2.8889131248e+00 2.9378828853e+00 0 0
795 2.3864693069e+03 2.1531099600e+03 2.1666620641e+03 2.2136982631e+03 2.1710004606e+03 1.4249678049e+00 1.4555684139e+00 1.4677075085e+00 1.4500673322e+00 1.4716341277e+00 4.7550786487e+00 5.6648299396e+00 4.8623370528e+00 3.1645199161e+00 3.0641500503e+00 2.8805210441e+00 0 0
796 2.3474768969e+03 2.1515164420e+03 2.1478064391e+03 2.2590199202e+03 2.1882675796e+03 1.4236107003e+00 1.4546658061e+00 1.4667855519e+00 1.4490699797e+00 1.4707358197e+00 4.1836300189e+00 5.8469270468e+00 5.2082572579e+00 2.9557854775e+00 3.1488291472e+00 2.9129631519e+00 0 0
797 2.3023473780e+03 2.1501718536e+03 2.1882936275e+03 2.2561659957e+03 2.1843081284e+03 1.4223973741e+00 1.4536790225e+00 1.4657815597e+00 1.4479607827e+00 1.4697826119e+00 5.2881319557e+00 5.5611005127e+00 4.7035770118e+00 3.1486050243e+00 3.1629884243e+00 2.8374779969e+00 0 0
798 2.3603593765e+03 2.1390243103e+03 2.1837072835e+03 2.2592084897e+03 2.1740867048e+03 1.4212618670e+00 1.4527573728e+00 1.4647377947e+00 1.4468765325e+00 1.4688615057e+00 7.3982332830e+00 5.1813634038e+00 4.5221789181e+00 3.5693341229e+00 3.0538576990e+00 2.7360325754e+00 0 0
799 2.3220131314e+03 2.2033889806e+03 2.1583870135e+03 2.2479279348e+03 2.1376882373e+03 1.4200420486e+00 1.4517667529e+00 1.4637942252e+00 1.4458025642e+00 1.4680113551e+00 6.7468029315e+00 5.3278144002e+00 5.8872677684e+00 3.5296950908e+00 3.0624400973e+00 2.9762442708e+00 0 0
800 2.2731112110e+03 2.2467268414e+03 2.2046491784e+03 2.2513764679e+03 2.1804605018e+03 1.4188679059e+00 1.4506593417e+00 1.4628965225e+00 1.4447935750e+00 1.4671005017e+00 6.3278343208e+00 6.5241490901e+00 5.4669670761e+00 3.3692062367e+00 3.2901757509e+00 2.9686743170e+00 0 0
801 2.2900684409e+03 2.2534865209e+03 2.2488575989e+03 2.3065485037e+03 2.1729901058e+03 1.4176564055e+00 1.4495260666e+00 1.4618756686e+00 1.4436728138e+00 1.4661695484e+00 5.9441564475e+00 5.8505797088e+00 5.0891749263e+00 3.2871261952e+00 3.2664354146e+00 2.8820694089e+00 0 0
802 2.3179880433e+03 2.2285079089e+03 2.2348039064e+03 2.2693166372e+03 2.1956504731e+03 1.4164115029e+00 1.4484643353e+00 1.4608397687e+00 1.4425707498e+00 1.4652594835e+00 5.2819957886e+00 5.1357147098e+00 5.6648557186e+00 3.1403911383e+00 3.0264742970e+00 3.0079492927e+00 0 0
803 2.2830069229e+03 2.2401792339e+03 2.2413272853e+03 2.2964942848e+03 2.2501637718e+03 1.4151902958e+00 1.4473992846e+00 1.4597849293e+00 1.4415517558e+00 1.4642666665e+00 5.2482289967e+00 6.7068611085e+00 5.4006527364e+00 3.0972379991e+00 3.3396667540e+00 3.0573969036e+00 0 0
804 2.2858926245e+03 2.2521350981e+03 2.2485121748e+03 2.3128977496e+03 2.2501704380e+03 1.4140054111e+00 1.4462962648e+00 1.4587125086e+00 1.4404299197e+00 1.4632464508e+00 6.0947048099e+00 6.5363842249e+00 4.8957472444e+00 3.2888865913e+00 3.4298454523e+00 2.9588444233e+00 0 0
805 2.2836712117e+03 2.2528668403e+03 2.2440931353e+03 2.2945487574e+03 2.2389709690e+03 1.4127263814e+00 1.4451980782e+00 1.4576606579e+00 1.4392810953e+00 1.4622905926e+00 5.3510687883e+00 5.4851812422e+00 5.9783138037e+00 3.1891202724e+00 3.1987586766e+00 3.1658612639e+00 0 0
806 2.3080329558e+03 2.2465311037e+03 2.2368258761e+03 2.3343547288e+03 2.2323810159e+03 1.4114156119e+00 1.4441576940e+00 1.4566891347e+00 1.4381099424e+00 1.4613223341e+00 4.5902863671e+00 5.6341479123e+00 6.5243444443e+00 2.9813975582e+00 3.2340554148e+00 3.3076858222e+00 0 0
807 2.2176451746e+03 2.2715459493e+03 2.3046814313e+03 2.3676450325e+03 2.2625974012e+03 1.4101710588e+00 1.4430889475e+00 1.4556066772e+00 1.4368650194e+00 1.4603308115e+00 4.9321698731e+00 5.2731713355e+00 6.3316400349e+00 3.0076161664e+00 3.2504712492e+00 3.3012583703e+00 0 0
808 2.2554999502e+03 2.2598227807e+03 2.2751510939e+03 2.3358486680e+03 2.2875832225e+03 1.4089792717e+00 1.4420527269e+00 1.4544813172e+00 1.4356012326e+00 1.4592615211e+00 5.8371694302e+00 4.9282111824e+00 5.0341188312e+00 3.2007349155e+00 3.1406828761e+00 3.0485507548e+00 0 0
809 2.2735992916e+03 2.3128339759e+03 2.2833639657e+03 2.3012731259e+03 2.2765722040e+03 1.4076739807e+00 1.4409467660e+00 1.4534190325e+00 1.4344679330e+00 1.4581930726e+00 4.5134462627e+00 6.1704960763e+00 4.9152013361e+00 2.9519800320e+00 3.3319281787e+00 3.0094625056e+00 0 0
810 2.3085497738e+03 2.3191157798e+03 2.3046131996e+03 2.3004003999e+03 2.2712870800e+03 1.4063298383e+00 1.4396999662e+00 1.4522828728e+00 1.4333285314e+00 1.4571878213e+00 3.8616702239e+00 6.8962313533e+00 5.8738585114e+00 2.7622307894e+00 3.5269634277e+00 3.1860547364e+00 0 0
811 2.2871589028e+03 2.3049539041e+03 2.3188940252e+03 2.3693402035e+03 2.3359289373e+03 1.4050325412e+00 1.4384764057e+00 1.4510869320e+00 1.4321021532e+00 1.4560904756e+00 4.1271443540e+00 5.7650486827e+00 5.2861857414e+00 2.8262184239e+00 3.3493725359e+00 3.1508664340e+00 0 0
812 2.2856813333e+03 2.3223435362e+03 2.2985868485e+03 2.3178962444e+03 2.3018522976e+03 1.4037963791e+00 1.4372979395e+00 1.4499576102e+00 1.4308077680e+00 1.4549612776e+00 5.2068738021e+00 4.5777783990e+00 4.8346951902e+00 3.0838192817e+00 3.0386826992e+00 3.0373528898e+00 0 0
813 2.3460519964e+03 2.3403243365e+03 2.3098134124e+03 2.2464892610e+03 2.3156264811e+03 1.4024338877e+00 1.4360553052e+00 1.4488571092e+00 1.4296825303e+00 1.4538636862e+00 5.3422397591e+00 5.3208474815e+00 5.3607303202e+00 3.2623447960e+00 3.0619207770e+00 3.1727160066e+00 0 0
814 2.3897491042e+03 2.3534755151e+03 2.3352941999e+03 2.3068458986e+03 2.3199142226e+03 1.4009847650e+00 1.4347723571e+00 1.4476778177e+00 1.4285337644e+00 1.4527354388e+00 4.4311338275e+00 6.3457803428e+00 5.3914606571e+00 3.0682181393e+00 3.3661888242e+00 3.2066663504e+00 0 0
815 2.3821428752e+03 2.3011033223e+03 2.3055744404e+03 2.3328975545e+03 2.3622713646e+03 1.3995591638e+00 1.4335337968e+00 1.4465100859e+00 1.4272755527e+00 1.4515526809e+00 4.5241085508e+00 4.8119548857e+00 4.9321652353e+00 3.0890662406e+00 3.0657236725e+00 3.1462715864e+00 0 0
816 2.3736559100e+03 2.2865014761e+03 2.3098110312e+03 2.2804315381e+03 2.3062261381e+03 1.3981856131e+00 1.4323788974e+00 1.4453226944e+00 1.4260824410e+00 1.4503962596e+00 5.7969109310e+00 5.0064769983e+00 5.5076164007e+00 3.3964110224e+00 3.0457498580e+00 3.2428809702e+00 0 0
817 2.3967411808e+03 2.2951804940e+03 2.3111507956e+03 2.3345746936e+03 2.3226088780e+03 1.3967883985e+00 1.4311940304e+00 1.4441025150e+00 1.4249122682e+00 1.4493574448e+00 6.0888068885e+00 5.9535621405e+00 6.7310358286e+00 3.5177175418e+00 3.2705676705e+00 3.4639646262e+00 0 0
818 2.4620071631e+03 2.2720974891e+03 2.2710585638e+03 2.2456420017e+03 2.3350182012e+03 1.3952465161e+00 1.4300346587e+00 1.4429434612e+00 1.4236679575e+00 1.4482182884e+00 4.6422455842e+00 4.9912384152e+00 6.3238540292e+00 3.2175809323e+00 3.0914479792e+00 3.4376713634e+00 0 0
819 2.4542837785e+03 2.2682979302e+03 2.2707727760e+03 2.3072847679e+03 2.2861850319e+03 1.3936416917e+00 1.4288760929e+00 1.4418110798e+00 1.4224275607e+00 1.4471041306e+00 3.8811500656e+00 4.6673042178e+00 5.4593347609e+00 2.9813572233e+00 2.9734114707e+00 3.2129567266e+00 0 0
820 2.3663301318e+03 2.2765678114e+03 2.2935804978e+03 2.2537817108e+03 2.2819018384e+03 1.3921242980e+00 1.4277377277e+00 1.4406763740e+00 1.4212201135e+00 1.4460479433e+00 4.0494667751e+00 4.6748599708e+00 6.7445018589e+00 2.9673048692e+00 2.9450437129e+00 3.4111577272e+00 0 0
821 2.3110091021e+03 2.2610307384e+03 2.2705815334e+03 2.2833827975e+03 2.3170725064e+03 1.3907879058e+00 1.4266020672e+00 1.4395082606e+00 1.4200881850e+00 1.4449074409e+00 5.5027641509e+00 5.5906715989e+00 5.7050243914e+00 3.2299691814e+00 3.1011553854e+00 3.2877573222e+00 0 0
822 2.3511495856e+03 2.2834853842e+03 2.2710962111e+03 2.3065010297e+03 2.3344140592e+03 1.3894793137e+00 1.4254294944e+00 1.4383732878e+00 1.4188457382e+00 1.4436912492e+00 6.8001638977e+00 4.8068977296e+00 4.1967174113e+00 3.5460601264e+00 3.0355502665e+00 2.8975463510e+00 0 0
823 2.3737411985e+03 2.2815722649e+03 2.2824256833e+03 2.2716489606e+03 2.3187121425e+03 1.3880521958e+00 1.4242000035e+00 1.4372034744e+00 1.4176083023e+00 1.4424766159e+00 5.3117430478e+00 4.4907040596e+00 4.2291042507e+00 3.2878845084e+00 2.9213391244e+00 2.8865071088e+00 0 0
824 2.3302777714e+03 2.2297876581e+03 2.2289226097e+03 2.2917185691e+03 2.2492171972e+03 1.3866678502e+00 1.4230304376e+00 1.4360420713e+00 1.4164776435e+00 1.4414147037e+00 5.2155914768e+00 6.2170248330e+00 5.5422658920e+00 3.1993034121e+00 3.2933556288e+00 3.1270415485e+00 0 0
825 2.3549860570e+03 2.2574151147e+03 2.2770858570e+03 2.3509629942e+03 2.2839573113e+03 1.3852801103e+00 1.4218597392e+00 1.4348805030e+00 1.4152772327e+00 1.4403286166e+00 6.1333902372e+00 6.8852316439e+00 6.6320922673e+00 3.4623287902e+00 3.5504962355e+00 3.4098598361e+00 0 0
826 2.3590174542e+03 2.2556044644e+03 2.2301071723e+03 2.3522954746e+03 2.2537597476e+03 1.3838264662e+00 1.4206920765e+00 1.4337476622e+00 1.4139793574e+00 1.4392330291e+00 5.3720062739e+00 5.8182875812e+00 5.5280370712e+00 3.3321473924e+00 3.3963754922e+00 3.1489612609e+00 0 0
827 2.3499099668e+03 2.2815734702e+03 2.2563703154e+03 2.3672686793e+03 2.2417279050e+03 1.3823833219e+00 1.4194871648e+00 1.4326597675e+00 1.4127147847e+00 1.4382278398e+00 4.9968373240e+00 6.2016638517e+00 6.9294056594e+00 3.1900448531e+00 3.4453072697e+00 3.3595781773e+00 0 0
828 2.3132157701e+03 2.2975496730e+03 2.2844819982e+03 2.4125337303e+03 2.2775267287e+03 1.3810873159e+00 1.4182408216e+00 1.4315465575e+00 1.4113810402e+00 1.4371157947e+00 6.6728159729e+00 6.2092030644e+00 5.9587338567e+00 3.4928554901e+00 3.5504566729e+00 3.2710893899e+00 0 0
829 2.3907774680e+03 2.2460648922e+03 2.2670387072e+03 2.3929281226e+03 2.2779655397e+03 1.3797451378e+00 1.4171216080e+00 1.4304028759e+00 1.4099896576e+00 1.4360068791e+00 7.2887282338e+00 5.4044494629e+00 4.9322744906e+00 3.7122184518e+00 3.3698712587e+00 2.9925076663e+00 0 0
830 2.3881433109e+03 2.3471289909e+03 2.3435380304e+03 2.3723121633e+03 2.2358792454e+03 1.3782240612e+00 1.4159465600e+00 1.4292544024e+00 1.4086363491e+00 1.4349549652e+00 5.2662068331e+00 5.5919955075e+00 5.6241776049e+00 3.3477595594e+00 3.3722707927e+00 3.0948455483e+00 0 0
831 2.3728813592e+03 2.3261741121e+03 2.3478954406e+03 2.3934959787e+03 2.3294851362e+03 1.3767143711e+00 1.4146769079e+00 1.4279761352e+00 1.4072891866e+00 1.4338924117e+00 4.8680914746e+00 5.5856723487e+00 6.4778066874e+00 3.2072469325e+00 3.3534891158e+00 3.3554003835e+00 0 0
832 2.3612386818e+03 2.3897988409e+03 2.3739458713e+03 2.3658628447e+03 2.2865349330e+03 1.3753047338e+00 1.4134146591e+00 1.4267484332e+00 1.4059388181e+00 1.4327538655e+00 5.5737192626e+00 5.5451622009e+00 5.5903480649e+00 3.3300505430e+00 3.3433649391e+00 3.2226496786e+00 0 0
833 2.4012488445e+03 2.3843173027e+03 2.4164534963e+03 2.3721435454e+03 2.3501216990e+03 1.3738796681e+00 1.4120811019e+00 1.4254345449e+00 1.4046008368e+00 1.4316509302e+00 6.3243532860e+00 5.8213950396e+00 6.4633102715e+00 3.5674016008e+00 3.3731692284e+00 3.4237076193e+00 0 0
834 2.4245367114e+03 2.3786902909e+03 2.3713220996e+03 2.2988129545e+03 2.3614455319e+03 1.3723387887e+00 1.4108338042e+00 1.4241310119e+00 1.4033117938e+00 1.4304316974e+00 5.3033024459e+00 5.7569268048e+00 5.8683446050e+00 3.3789926608e+00 3.3211366385e+00 3.3992849588e+00 0 0
835 2.3819108864e+03 2.3428849737e+03 2.3668962799e+03 2.3526425568e+03 2.3930037610e+03 1.3708510319e+00 1.4095680510e+00 1.4228520889e+00 1.4021258756e+00 1.4292099478e+00 5.0638397817e+00 7.2568564415e+00 5.8148735464e+00 3.2551952747e+00 3.5826118737e+00 3.3982088566e+00 0 0
836 2.4092027053e+03 2.3544983542e+03 2.3104126255e+03 2.3460413466e+03 2.4122054224e+03 1.3694185255e+00 1.4083322450e+00 1.4216524333e+00 1.4008342546e+00 1.4279779728e+00 5.9841228410e+00 6.6326243579e+00 6.1085978448e+00 3.4663270920e+00 3.5456188470e+00 3.4772323370e+00 0 0
837 2.3997890659e+03 2.3723687530e+03 2.3610885202e+03 2.3536048946e+03 2.4189179399e+03 1.3678971186e+00 1.4069459777e+00 1.4204354111e+00 1.3995591249e+00 1.4267215744e+00 5.5798745369e+00 6.5069538951e+00 6.0162416101e+00 3.4479951179e+00 3.4916736186e+00 3.4876038432e+00 0 0
838 2.3883926811e+03 2.3388672472e+03 2.3425541616e+03 2.3429240278e+03 2.3782356906e+03 1.3663830357e+00 1.4056136962e+00 1.4191410774e+00 1.3982537756e+00 1.4254782562e+00 5.0140684295e+00 6.6440334618e+00 6.0849740505e+00 3.2551049111e+00 3.5917811692e+00 3.4878190607e+00 0 0
839 2.3500426756e+03 2.3464944066e+03 2.3287009254e+03 2.3908373010e+03 2.4104657226e+03 1.3649297368e+00 1.4043417374e+00 1.4179508535e+00 1.3968704207e+00 1.4241782045e+00 5.3272544067e+00 5.5746666789e+00 5.5440762341e+00 3.2854353461e+00 3.3774015009e+00 3.3864997774e+00 0 0
840 2.3863439391e+03 2.3161690353e+03 2.3160332467e+03 2.3525872991e+03 2.3377737273e+03 1.3635817773e+00 1.4030654136e+00 1.4167372444e+00 1.3954773693e+00 1.4229175942e+00 7.2099247576e+00 5.2531194091e+00 5.1501169503e+00 3.6742933949e+00 3.2793055326e+00 3.2173284888e+00 0 0
841 2.4179043077e+03 2.3298834735e+03 2.3379574419e+03 2.3540008496e+03 2.4112457361e+03 1.3620174163e+00 1.4017655001e+00 1.4154697527e+00 1.3941551267e+00 1.4216298630e+00 5.3172705639e+00 5.8279573023e+00 5.7584369779e+00 3.4032611624e+00 3.3690223545e+00 3.4015610665e+00 0 0
842 2.3800975680e+03 2.3548465980e+03 2.3440626058e+03 2.3656703067e+03 2.3728929601e+03 1.3604839381e+00 1.4004855602e+00 1.4142419813e+00 1.3928199224e+00 1.4203138686e+00 4.6676931907e+00 6.4592074454e+00 4.8002849817e+00 3.1426352185e+00 3.5558299571e+00 3.1625231504e+00 0 0
843 2.4195927106e+03 2.3569831353e+03 2.3322616706e+03 2.4119682834e+03 2.3387719000e+03 1.3590202325e+00 1.3991106465e+00 1.4129735190e+00 1.3914264881e+00 1.4190812242e+00 6.0368335129e+00 5.7440608740e+00 5.2817800939e+00 3.4875523419e+00 3.4349240065e+00 3.1970243454e+00 0 0
844 2.3874462758e+03 2.3438818230e+03 2.3266662846e+03 2.3608381986e+03 2.3655443348e+03 1.3575124502e+00 1.3977456249e+00 1.4117358228e+00 1.3900608958e+00 1.4178403233e+00 5.9044096924e+00 5.6727333069e+00 5.8986320794e+00 3.5063067248e+00 3.3635806888e+00 3.3886007816e+00 0 0
845 2.4428700848e+03 2.3051483683e+03 2.3108218235e+03 2.3508079462e+03 2.3591051269e+03 1.3560024943e+00 1.3964455410e+00 1.4104907628e+00 1.3888097452e+00 1.4166318126e+00 5.8352896305e+00 7.5661444962e+00 6.0859123766e+00 3.4893001035e+00 3.7319821119e+00 3.4129729420e+00 0 0
846 2.4074444490e+03 2.3636847294e+03 2.3773110861e+03 2.4057298269e+03 2.3556035320e+03 1.3544326066e+00 1.3951371764e+00 1.4091827774e+00 1.3874470990e+00 1.4153973861e+00 5.2307181813e+00 6.8660723567e+00 6.3052677512e+00 3.3691169187e+00 3.7079454213e+00 3.4958830625e+00 0 0
847 2.3559147086e+03 2.3414062014e+03 2.3449716416e+03 2.3892806449e+03 2.3453076557e+03 1.3529551565e+00 1.3937660003e+00 1.4078113404e+00 1.3860284036e+00 1.4141782269e+00 5.4411312098e+00 5.5793162882e+00 6.5627401173e+00 3.3349465364e+00 3.4224143624e+00 3.5474004894e+00 0 0
848 2.3704085605e+03 2.3809389954e+03 2.3812126113e+03 2.4282512226e+03 2.3562465915e+03 1.3515854717e+00 1.3923864805e+00 1.4064599941e+00 1.3846079128e+00 1.4129305317e+00 6.5797342447e+00 5.7167932689e+00 6.2065513730e+00 3.5349992288e+00 3.4577602446e+00 3.4871610254e+00 0 0
849 2.3697112542e+03 2.3515211035e+03 2.3530700160e+03 2.4573670869e+03 2.3697103198e+03 1.3501902765e+00 1.3910046700e+00 1.4051108641e+00 1.3830813984e+00 1.4116474356e+00 7.0530582038e+00 4.6874682009e+00 5.6338571906e+00 3.6621668843e+00 3.2360327095e+00 3.3799314350e+00 0 0
850 2.4001823092e+03 2.4136581158e+03 2.4200859489e+03 2.3706037206e+03 2.3480223593e+03 1.3487860207e+00 1.3895914465e+00 1.4037349589e+00 1.3815597518e+00 1.4104188549e+00 6.8833995311e+00 4.4966607392e+00 6.0350833833e+00 3.6584517095e+00 3.1703250408e+00 3.4082752913e+00 0 0
851 2.3699934854e+03 2.3673690038e+03 2.4019375512e+03 2.3749488416e+03 2.3614156771e+03 1.3473448511e+00 1.3881550381e+00 1.4022630667e+00 1.3801254905e+00 1.4092334056e+00 6.3118636841e+00 4.9995889068e+00 7.3894372582e+00 3.5318914706e+00 3.2375339866e+00 3.7055128813e+00 0 0
852 2.3695813247e+03 2.3814874554e+03 2.3782177150e+03 2.3513472734e+03 2.3808242270e+03 1.3458177901e+00 1.3868119691e+00 1.4008812799e+00 1.3787683512e+00 1.4079993933e+00 5.5540455986e+00 5.8986200690e+00 7.0516462028e+00 3.3964816127e+00 3.4201317728e+00 3.6867571324e+00 0 0
853 2.3364594493e+03 2.3780744311e+03 2.3661068235e+03 2.4194517974e+03 2.3851117374e+03 1.3443580871e+00 1.3854413696e+00 1.3996001919e+00 1.3773660947e+00 1.4067340207e+00 5.3371915636e+00 5.9529360235e+00 6.3631032407e+00 3.2744297630e+00 3.4933029115e+00 3.5528115183e+00 0 0
854 2.2954762246e+03 2.3425311097e+03 2.4022673665e+03 2.3749991579e+03 2.4053621349e+03 1.3431068885e+00 1.3841313645e+00 1.3982266398e+00 1.3759505524e+00 1.4054659255e+00 7.4467445200e+00 5.6018440723e+00 6.3063535690e+00 3.5517264821e+00 3.3925123215e+00 3.5560154915e+00 0 0
855 2.3660739663e+03 2.3894369630e+03 2.3776209748e+03 2.4089946036e+03 2.4088084191e+03 1.3417440318e+00 1.3828478807e+00 1.3968460645e+00 1.3746074151e+00 1.4041522643e+00 7.9486814307e+00 6.4810259640e+00 5.9286873043e+00 3.8333254259e+00 3.5453948528e+00 3.4935958236e+00 0 0
856 2.3542693687e+03 2.3956743310e+03 2.3422460375e+03 2.4351710412e+03 2.3765399218e+03 1.3402021826e+00 1.3813921671e+00 1.3955422386e+00 1.3731716235e+00 1.4029151448e+00 4.6339468762e+00 6.2061195672e+00 6.3489958346e+00 3.1194517069e+00 3.5986194462e+00 3.5133734941e+00 0 0
857 2.3316514215e+03 2.3260660997e+03 2.3395090297e+03 2.4438621074e+03 2.3747368275e+03 1.3387162649e+00 1.3799887819e+00 1.3942300143e+00 1.3716585204e+00 1.4016926327e+00 4.5220261364e+00 5.3076401055e+00 7.3779354095e+00 3.0042164927e+00 3.4203917086e+00 3.7723318338e+00 0 0
858 2.3359098265e+03 2.3349093130e+03 2.3399142078e+03 2.4256236312e+03 2.4010474797e+03 1.3372918394e+00 1.3786828435e+00 1.3929131444e+00 1.3700921295e+00 1.4004263992e+00 5.6415389323e+00 4.7364920080e+00 6.2609043717e+00 3.3026981752e+00 3.2614762038e+00 3.5439555198e+00 0 0
859 2.3069980092e+03 2.3623650226e+03 2.3485308173e+03 2.4076482301e+03 2.3840799064e+03 1.3358563931e+00 1.3773184132e+00 1.3916230268e+00 1.3686420495e+00 1.3991178770e+00 5.5161270245e+00 5.0091111362e+00 6.0205374658e+00 3.2721857995e+00 3.2667460740e+00 3.4967428595e+00 0 0
860 2.2570886390e+03 2.3737948521e+03 2.3906879763e+03 2.3628104029e+03 2.3455634717e+03 1.3344582943e+00 1.3759175797e+00 1.3902843045e+00 1.3673238555e+00 1.3978860891e+00 5.3658656714e+00 6.6352396309e+00 6.5595608056e+00 3.1835017912e+00 3.5505392551e+00 3.5587256402e+00 0 0
861 2.2455935199e+03 2.3847843718e+03 2.3615190027e+03 2.3905474268e+03 2.3747852534e+03 1.3332229374e+00 1.3745546826e+00 1.3889821032e+00 1.3659487731e+00 1.3966614429e+00 6.6910079441e+00 6.6190713644e+00 6.7959108949e+00 3.3062329848e+00 3.6473749727e+00 3.6171643883e+00 0 0
862 2.2750435201e+03 2.3722703261e+03 2.4035935597e+03 2.3899767781e+03 2.3906609965e+03 1.3318799792e+00 1.3732040039e+00 1.3876609781e+00 1.3645799096e+00 1.3953458262e+00 6.7984561913e+00 5.9838129282e+00 5.8828231692e+00 3.5130090282e+00 3.4328330159e+00 3.4905286729e+00 0 0
863 2.3258706812e+03 2.3989835347e+03 2.4019309940e+03 2.3749759999e+03 2.4079323080e+03 1.3304096504e+00 1.3718684170e+00 1.3862633264e+00 1.3632695623e+00 1.3940079849e+00 4.5451598139e+00 7.1755262911e+00 5.6379480362e+00 2.9812824913e+00 3.6997144371e+00 3.4181999713e+00 0 0
864 2.2299787664e+03 2.3530557792e+03 2.4123304085e+03 2.4033865690e+03 2.4614873552e+03 1.3290326072e+00 1.3705260601e+00 1.3848216671e+00 1.3618251557e+00 1.3926202167e+00 4.5875974261e+00 6.2458319962e+00 5.2064302862e+00 2.9105763673e+00 3.5837453157e+00 3.3641062975e+00 0 0
865 2.2729957275e+03 2.4151014471e+03 2.3335435501e+03 2.3625325395e+03 2.4285248609e+03 1.3276873762e+00 1.3691266436e+00 1.3835158003e+00 1.3604109929e+00 1.3911886207e+00 5.8495621494e+00 5.1534719169e+00 4.7664027512e+00 3.2320017316e+00 3.2586240321e+00 3.2555613667e+00 0 0
866 2.2420013966e+03 2.3708498476e+03 2.3746533431e+03 2.3272496643e+03 2.3969586980e+03 1.3262307224e+00 1.3676848826e+00 1.3822918808e+00 1.3591097798e+00 1.3898522772e+00 4.2918964663e+00 6.5146476030e+00 5.5621859729e+00 2.8784226480e+00 3.4737781733e+00 3.4034463167e+00 0 0
867 2.2677143974e+03 2.3578483836e+03 2.3675397568e+03 2.3198077507e+03 2.3815593631e+03 1.3248176502e+00 1.3663270392e+00 1.3809143690e+00 1.3578367652e+00 1.3885961490e+00 4.2115948910e+00 7.2373953462e+00 6.9297770262e+00 2.8146619658e+00 3.6413815618e+00 3.6843731403e+00 0 0
868 2.1764055002e+03 2.3876103116e+03 2.4011773154e+03 2.3259331461e+03 2.4363825644e+03 1.3236207991e+00 1.3649068313e+00 1.3795354901e+00 1.3565521454e+00 1.3872793263e+00 6.6096246126e+00 6.6862688959e+00 5.9968030453e+00 3.2107546644e+00 3.5051058531e+00 3.5271305740e+00 0 0
869 2.2821227529e+03 2.4338782837e+03 2.3775341217e+03 2.3164019513e+03 2.3473335937e+03 1.3223120751e+00 1.3634248495e+00 1.3781839833e+00 1.3552231196e+00 1.3860141872e+00 7.1859711876e+00 6.0867501795e+00 6.2627007067e+00 3.5567879765e+00 3.3888996094e+00 3.4831214994e+00 0 0
870 2.2573614767e+03 2.3649721986e+03 2.3477105869e+03 2.3544438834e+03 2.3897763494e+03 1.3208100395e+00 1.3619212562e+00 1.3768334388e+00 1.3538946255e+00 1.3848245687e+00 4.0918702642e+00 5.9924687445e+00 7.4008885324e+00 2.8465917814e+00 3.3861361146e+00 3.7492298782e+00 0 0
871 2.2361304394e+03 2.3603198936e+03 2.3508232601e+03 2.3053949770e+03 2.3862434913e+03 1.3193742365e+00 1.3604789095e+00 1.3754934067e+00 1.3525237075e+00 1.3834913848e+00 4.0547739511e+00 5.5663335323e+00 5.9395930469e+00 2.7847970022e+00 3.2740956247e+00 3.4944522232e+00 0 0
872 2.1981990776e+03 2.3235394337e+03 2.3043079221e+03 2.2957166637e+03 2.4248226739e+03 1.3179801670e+00 1.3590947713e+00 1.3741976868e+00 1.3513009018e+00 1.3822075041e+00 4.1824348347e+00 6.8994609714e+00 5.9601868093e+00 2.7701106559e+00 3.4995543063e+00 3.4594330937e+00 0 0
873 2.2114089469e+03 2.3096678333e+03 2.2878618839e+03 2.2615810841e+03 2.3498431863e+03 1.3166309291e+00 1.3577525748e+00 1.3730046049e+00 1.3499974544e+00 1.3809324351e+00 4.5913227833e+00 6.5233497322e+00 6.2935815454e+00 2.8561843767e+00 3.4557193369e+00 3.5178158283e+00 0 0
874 2.1795534042e+03 2.3296022193e+03 2.3163397851e+03 2.2683540288e+03 2.3707633792e+03 1.3152997411e+00 1.3564106758e+00 1.3717943500e+00 1.3487169053e+00 1.3796868525e+00 4.6039417982e+00 5.6177779138e+00 6.5212752819e+00 2.8339908835e+00 3.2073586583e+00 3.5469580293e+00 0 0
875 2.2341474797e+03 2.3119930796e+03 2.3129133144e+03 2.2901403887e+03 2.3442548923e+03 1.3138834679e+00 1.3550210291e+00 1.3704901705e+00 1.3473933504e+00 1.3784219401e+00 4.1245640026e+00 5.2685470879e+00 5.9646007419e+00 2.7728924576e+00 3.1330900490e+00 3.4139063209e+00 0 0
876 2.2047525006e+03 2.2710540504e+03 2.2998814100e+03 2.2638518061e+03 2.3272556800e+03 1.3124564084e+00 1.3537598055e+00 1.3691904187e+00 1.3461095098e+00 1.3771872666e+00 3.7258343598e+00 5.5016593337e+00 6.0639182031e+00 2.6414741782e+00 3.1608237624e+00 3.4068866968e+00 0 0
877 2.1324047885e+03 2.3128785096e+03 2.3259204630e+03 2.2778114496e+03 2.3387329903e+03 1.3111105948e+00 1.3524946930e+00 1.3678792206e+00 1.3447724688e+00 1.3759812064e+00 3.8648382903e+00 5.1352818310e+00 6.1638083160e+00 2.6120062202e+00 3.1117240787e+00 3.3910737634e+00 0 0
878 2.1019031190e+03 2.2790624169e+03 2.2971549795e+03 2.2388213417e+03 2.3095919553e+03 1.3098403075e+00 1.3511397076e+00 1.3665011203e+00 1.3434798342e+00 1.3747938965e+00 4.3375798349e+00 4.9289835393e+00 6.4464043379e+00 2.6722955196e+00 2.9925407022e+00 3.4125166088e+00 0 0
879 2.1264417033e+03 2.2593107356e+03 2.2345143768e+03 2.2623478954e+03 2.3287659822e+03 1.3085733299e+00 1.3498382521e+00 1.3652412805e+00 1.3422349448e+00 1.3736219590e+00 4.2924902883e+00 5.6980904639e+00 7.1531104147e+00 2.6650322033e+00 3.1672476679e+00 3.6026653945e+00 0 0
880 2.1401533264e+03 2.2402304569e+03 2.2184891255e+03 2.2387320072e+03 2.3254382383e+03 1.3072482206e+00 1.3485265962e+00 1.3640689461e+00 1.3409720203e+00 1.3723980677e+00 3.6332432924e+00 5.3993940651e+00 6.2845514417e+00 2.4919385898e+00 3.0989830047e+00 3.4394322634e+00 0 0
881 2.1254439176e+03 2.2829980289e+03 2.3034692314e+03 2.2826193288e+03 2.3010630152e+03 1.3059311415e+00 1.3471887162e+00 1.3627871613e+00 1.3396469737e+00 1.3711640571e+00 3.5193777227e+00 5.2475402951e+00 6.0035805702e+00 2.4519645318e+00 3.1098046005e+00 3.3698869944e+00 0 0
882 2.0504048192e+03 2.2350378073e+03 2.2444112814e+03 2.2407672793e+03 2.2965646083e+03 1.3048058518e+00 1.3459247510e+00 1.3614761523e+00 1.3382661597e+00 1.3699067745e+00 4.8529271105e+00 4.5291428566e+00 5.2938110530e+00 2.6620928847e+00 2.9713456333e+00 3.1972557455e+00 0 0
883 2.1190433095e+03 2.2466717606e+03 2.2210121567e+03 2.2257012378e+03 2.2731627746e+03 1.3036125902e+00 1.3446661775e+00 1.3602888411e+00 1.3370518852e+00 1.3686540407e+00 6.0518679895e+00 5.3403979540e+00 4.7988350391e+00 3.0492660680e+00 3.0213249773e+00 3.0280410945e+00 0 0
884 2.1226131944e+03 2.2113351171e+03 2.2019642368e+03 2.2334193516e+03 2.2274094819e+03 1.3022981923e+00 1.3433978098e+00 1.3590947516e+00 1.3357893622e+00 1.3675195773e+00 3.9466688299e+00 5.6769810319e+00 5.3884008229e+00 2.5843931049e+00 3.1683965474e+00 3.0757192671e+00 0 0
885 2.1069136993e+03 2.2380682519e+03 2.2321031562e+03 2.2065978338e+03 2.2887573047e+03 1.3009954472e+00 1.3421215148e+00 1.3579315239e+00 1.3345073143e+00 1.3663959724e+00 3.7598948100e+00 4.8270595074e+00 7.4445864260e+00 2.5140757242e+00 2.9657521546e+00 3.5329244286e+00 0 0
886 2.0855790711e+03 2.1988013780e+03 2.2290754810e+03 2.1672667118e+03 2.2621282015e+03 1.2997657777e+00 1.3409235444e+00 1.3566855241e+00 1.3332342708e+00 1.3652102466e+00 4.1681746583e+00 4.5026111603e+00 5.6188236177e+00 2.5679452628e+00 2.8123193085e+00 3.2110295594e+00 0 0
887 2.1214097656e+03 2.2609061237e+03 2.2467321825e+03 2.1733603015e+03 2.2647593691e+03 1.2985223987e+00 1.3397427931e+00 1.3555112573e+00 1.3321029462e+00 1.3640039752e+00 4.4851280075e+00 5.9142228365e+00 5.1494751573e+00 2.6765733969e+00 3.0640745312e+00 3.0646266490e+00 0 0
888 2.1109187667e+03 2.2231891507e+03 2.2177029783e+03 2.1866472052e+03 2.2549212847e+03 1.2972037366e+00 1.3384385688e+00 1.3542465978e+00 1.3309588685e+00 1.3627830494e+00 3.8625688759e+00 6.5067541301e+00 4.9515438080e+00 2.5696930867e+00 3.2213153541e+00 3.0306124538e+00 0 0
889 2.1381887516e+03 2.2023128751e+03 2.1932758604e+03 2.1755613069e+03 2.2806683231e+03 1.2958243825e+00 1.3371552667e+00 1.3530322550e+00 1.3296975981e+00 1.3615472827e+00 3.2423764787e+00 5.0798919499e+00 4.6749095917e+00 2.3925221373e+00 2.9858834147e+00 2.9718979895e+00 0 0
890 2.0668070726e+03 2.1794430481e+03 2.2165698726e+03 2.1586595378e+03 2.2702380932e+03 1.2944933429e+00 1.3359313570e+00 1.3518012923e+00 1.3284620570e+00 1.3603132288e+00 3.1040969728e+00 4.5282798111e+00 4.6926561892e+00 2.3073726122e+00 2.7869217247e+00 2.9598591030e+00 0 0
891 2.0721294293e+03 2.1498396452e+03 2.1582249651e+03 2.1125276330e+03 2.2623209321e+03 1.2932907363e+00 1.3348156738e+00 1.3505576499e+00 1.3272889144e+00 1.3591182973e+00 4.2807408601e+00 4.8757737875e+00 5.3702438474e+00 2.5560595061e+00 2.8372981399e+00 3.1198475659e+00 0 0
892 2.0613562257e+03 2.1577200931e+03 2.2099156092e+03 2.1399773363e+03 2.2130838213e+03 1.2921118782e+00 1.3335984715e+00 1.3492990394e+00 1.3260804739e+00 1.3579387396e+00 4.9162944937e+00 4.2182495594e+00 5.2170274556e+00 2.7266266573e+00 2.6472369581e+00 3.0648879409e+00 0 0
893 2.1175106031e+03 2.1781495587e+03 2.1526353616e+03 2.1047303865e+03 2.2011808195e+03 1.2908574960e+00 1.3323728640e+00 1.3480574445e+00 1.3248763851e+00 1.3568390532e+00 4.6027907343e+00 4.0686672330e+00 5.6568956375e+00 2.7147328528e+00 2.6033415198e+00 3.0766042322e+00 0 0
894 2.0877561577e+03 2.1743699087e+03 2.1407580433e+03 2.1199889151e+03 2.2071465742e+03 1.2895912944e+00 1.3310898731e+00 1.3469726749e+00 1.3237376981e+00 1.3556521327e+00 4.2706199191e+00 4.4271468818e+00 5.1997977197e+00 2.6312224131e+00 2.6320830584e+00 3.0634701699e+00 0 0
895 2.1060516607e+03 2.1110748447e+03 2.0989970224e+03 2.0900401910e+03 2.1877378728e+03 1.2884068098e+00 1.3299247865e+00 1.3458555192e+00 1.3226349088e+00 1.3544613867e+00 5.2747490326e+00 5.1936725080e+00 4.4127076268e+00 2.8240818383e+00 2.8082644790e+00 2.8252859563e+00 0 0
896 2.1192062437e+03 2.1197440883e+03 2.1285483316e+03 2.1595494901e+03 2.2320071684e+03 1.2870856858e+00 1.3287337447e+00 1.3447501592e+00 1.3214664714e+00 1.3532621911e+00 4.7358544642e+00 5.1570278406e+00 4.2724844217e+00 2.8189090896e+00 2.8821467012e+00 2.7775651515e+00 0 0
897 2.1533651251e+03 2.1009847691e+03 2.0962586911e+03 2.0960095420e+03 2.1516509940e+03 1.2857118863e+00 1.3276283873e+00 1.3436275630e+00 1.3202365020e+00 1.3520903426e+00 3.5587653071e+00 3.9632881880e+00 4.4886739254e+00 2.5031056263e+00 2.5929145515e+00 2.8112290353e+00 0 0
898 2.1217296906e+03 2.0843094780e+03 2.0559032078e+03 2.0879056492e+03 2.1235870597e+03 1.2843154202e+00 1.3264659243e+00 1.3425548575e+00 1.3191228673e+00 1.3510864106e+00 3.4356177561e+00 4.7848219275e+00 6.0252363682e+00 2.4472061546e+00 2.7040248364e+00 3.0267506987e+00 0 0
899 2.1072053561e+03 2.0943106264e+03 2.1001870155e+03 2.1148749372e+03 2.1182084411e+03 1.2829306179e+00 1.3253027418e+00 1.3415041386e+00 1.3179407713e+00 1.3500579280e+00 3.3021219316e+00 4.7832515240e+00 6.4348193109e+00 2.4050835121e+00 2.7818938941e+00 3.1709107608e+00 0 0
900 2.0695517689e+03 2.0619208278e+03 2.0905304351e+03 2.1029774131e+03 2.1507345257e+03 1.2816270597e+00 1.3242058030e+00 1.3403808124e+00 1.3167837264e+00 1.3490021669e+00 3.7049241279e+00 4.2585094273e+00 5.4798234105e+00 2.4497982086e+00 2.6084302068e+00 2.9508539587e+00 0 0
901 2.0735345641e+03 2.1199858490e+03 2.1359967228e+03 2.0848186972e+03 2.0651917587e+03 1.2803862282e+00 1.3230921572e+00 1.3392308475e+00 1.3157388077e+00 1.3479587059e+00 4.3656898236e+00 5.6491121650e+00 4.6633553207e+00 2.6065149604e+00 2.8446430266e+00 2.7019049823e+00 0 0
902 2.0426156736e+03 2.1009970252e+03 2.0802144120e+03 2.1211190443e+03 2.1188560593e+03 1.2791408181e+00 1.3218858101e+00 1.3380817888e+00 1.3146562861e+00 1.3469535432e+00 4.2335644742e+00 6.0029403567e+00 5.4242466986e+00 2.5712069028e+00 2.9905175269e+00 2.8666272312e+00 0 0
903 1.9530404723e+03 2.0931325806e+03 2.0755040352e+03 2.0751978219e+03 2.1208936796e+03 1.2780632175e+00 1.3207167985e+00 1.3370366424e+00 1.3135558578e+00 1.3458543831e+00 5.0764383846e+00 5.1362873316e+00 4.4829613864e+00 2.6108704533e+00 2.7989330441e+00 2.7097145170e+00 0 0
904 2.0467984014e+03 2.0483645916e+03 2.0601769341e+03 2.0822286138e+03 2.1164808055e+03 1.2769537064e+00 1.3196130949e+00 1.3359475293e+00 1.3124186619e+00 1.3447934121e+00 5.9126880586e+00 4.8439893126e+00 4.6234003901e+00 2.8599523961e+00 2.7462388426e+00 2.7029953748e+00 0 0
905 1.9922958557e+03 2.0995330433e+03 2.0603110202e+03 2.1239145463e+03 2.1229182745e+03 1.2757569960e+00 1.3184509901e+00 1.3349245327e+00 1.3112283540e+00 1.3437464712e+00 4.1544551442e+00 4.1411502659e+00 4.9276735485e+00 2.4920329318e+00 2.5947773010e+00 2.7840653807e+00 0 0
906 1.9861817517e+03 2.1046894070e+03 2.0759586942e+03 2.0773779146e+03 2.0814273948e+03 1.2746809169e+00 1.3172263382e+00 1.3339011634e+00 1.3100332703e+00 1.3427242894e+00 5.0970241654e+00 4.0005605817e+00 5.5060108602e+00 2.6197977001e+00 2.5675794333e+00 2.9010967761e+00 0 0
907 1.9805802732e+03 2.0996897390e+03 2.1164535195e+03 2.1034493101e+03 2.1114478445e+03 1.2735234788e+00 1.3160379355e+00 1.3327829771e+00 1.3088776195e+00 1.3416934258e+00 5.0125528073e+00 4.7020844221e+00 5.1512106955e+00 2.6811280544e+00 2.7099697888e+00 2.8241844326e+00 0 0
908 1.9814601497e+03 2.0712747283e+03 2.0472002833e+03 2.1399612146e+03 2.0603924383e+03 1.2723344178e+00 1.3149232367e+00 1.3317221398e+00 1.3076604318e+00 1.3406423509e+00 4.0126494911e+00 4.3951235116e+00 4.8295867741e+00 2.4204312866e+00 2.7153885812e+00 2.7475898266e+00 0 0
909 1.9524977743e+03 2.0668295769e+03 2.0992112805e+03 2.0944636545e+03 2.1245350079e+03 1.2712253353e+00 1.3138177607e+00 1.3306574749e+00 1.3065070715e+00 1.3396452729e+00 4.3182367810e+00 4.6448569298e+00 5.4771465659e+00 2.4398706166e+00 2.7092762589e+00 2.8634051681e+00 0 0
910 1.9691691941e+03 2.0535121134e+03 2.0468781718e+03 2.0928896292e+03 2.1159839319e+03 1.2700633157e+00 1.3127918144e+00 1.3295779397e+00 1.3054640974e+00 1.3385553792e+00 4.2627965447e+00 6.7134520710e+00 4.6412109435e+00 2.4642225629e+00 3.1000336707e+00 2.7457399368e+00 0 0
911 1.9308131910e+03 2.0795331207e+03 2.1014298704e+03 2.1691380777e+03 2.1268913936e+03 1.2689177425e+00 1.3116516362e+00 1.3284632209e+00 1.3042379295e+00 1.3374948387e+00 3.8350754555e+00 5.0227541625e+00 4.4465080500e+00 2.3229660389e+00 2.8956406415e+00 2.6646269709e+00 0 0
912 1.9125145332e+03 2.0919463425e+03 2.0605313635e+03 2.1116119435e+03 2.0814504558e+03 1.2678761568e+00 1.3104666673e+00 1.3273416141e+00 1.3029811198e+00 1.3364322942e+00 4.4939313567e+00 3.7726615518e+00 4.4723895788e+00 2.3938374337e+00 2.5434404165e+00 2.6740292013e+00 0 0
913 1.9201639676e+03 2.0824767706e+03 2.0925257466e+03 2.1177020565e+03 2.1062701631e+03 1.2667897494e+00 1.3092647125e+00 1.3262236774e+00 1.3018034138e+00 1.3353835326e+00 4.6447208057e+00 4.2898201346e+00 4.5466041565e+00 2.4756627474e+00 2.6123139709e+00 2.6664424390e+00 0 0
914 1.8949634077e+03 2.0904872638e+03 2.0983062217e+03 2.0744541451e+03 2.0748327643e+03 1.2656901841e+00 1.3080908017e+00 1.3250776091e+00 1.3005902110e+00 1.3343561400e+00 3.7766272302e+00 4.3295233846e+00 4.7351948321e+00 2.2480385776e+00 2.6572480053e+00 2.6979770064e+00 0 0
915 1.8435415529e+03 2.1068602232e+03 2.1021370079e+03 2.1180436728e+03 2.1243052982e+03 1.2646491896e+00 1.3069350882e+00 1.3239629749e+00 1.2993473702e+00 1.3333226552e+00 3.8055214879e+00 3.8756273985e+00 4.9311431050e+00 2.1910372408e+00 2.5488923341e+00 2.7715535760e+00 0 0
916 1.8555930829e+03 2.0607673328e+03 2.0888098286e+03 2.0909399800e+03 2.0715725911e+03 1.2636132331e+00 1.3058599908e+00 1.3228602397e+00 1.2980888264e+00 1.3322749777e+00 3.9103132343e+00 3.4259808362e+00 5.1786842048e+00 2.2169094529e+00 2.4039875120e+00 2.8242133409e+00 0 0
917 1.8354088916e+03 2.1005049393e+03 2.0630660435e+03 2.0076042937e+03 2.1393872955e+03 1.2625532833e+00 1.3047653239e+00 1.3217930575e+00 1.2969405001e+00 1.3312108766e+00 3.3460975302e+00 3.9018689692e+00 5.0863996446e+00 2.0788744485e+00 2.4529945254e+00 2.8610303402e+00 0 0
918 1.8158760085e+03 2.0839106267e+03 2.1021380782e+03 1.9965277358e+03 2.1199106113e+03 1.2615301259e+00 1.3035554824e+00 1.3206833858e+00 1.2958551187e+00 1.3301187113e+00 3.4992929483e+00 4.5439946055e+00 4.6590295136e+00 2.0712134524e+00 2.5764436275e+00 2.7499225140e+00 0 0
919 1.8424384857e+03 2.0761327029e+03 2.0878876886e+03 2.0448171067e+03 2.1491791456e+03 1.2605097323e+00 1.3024389562e+00 1.3195308086e+00 1.2947716781e+00 1.3290268351e+00 3.7161224972e+00 4.5254050791e+00 4.9400150180e+00 2.1430569678e+00 2.5783573240e+00 2.8505242467e+00 0 0
920 1.8989996983e+03 2.0879545014e+03 2.0687204983e+03 2.0199079187e+03 2.1067928232e+03 1.2593886793e+00 1.3012607921e+00 1.3184028136e+00 1.2936122588e+00 1.3279163594e+00 3.0331981177e+00 3.9877829254e+00 4.3956615031e+00 2.0186345446e+00 2.4742991626e+00 2.6820899099e+00 0 0
921 1.8729009772e+03 2.0530383581e+03 2.0279248014e+03 1.9821813741e+03 2.0988746985e+03 1.2582589371e+00 1.3000470048e+00 1.3172778898e+00 1.2925585137e+00 1.3268884910e+00 2.9079748236e+00 4.5344165862e+00 4.8808786273e+00 1.9832675141e+00 2.5368297100e+00 2.7533466667e+00 0 0
922 1.8812630471e+03 2.0155518475e+03 2.0209527456e+03 1.9762549178e+03 2.0911076012e+03 1.2571491065e+00 1.2989089233e+00 1.3162318692e+00 1.2914852607e+00 1.3258456050e+00 3.1187940940e+00 4.7991650105e+00 5.3462278843e+00 2.0332847223e+00 2.6114092618e+00 2.8444389254e+00 0 0
923 1.8596915338e+03 2.0288413565e+03 2.0050966311e+03 2.0207252411e+03 2.0886337640e+03 1.2560797980e+00 1.2978382789e+00 1.3152291444e+00 1.2903482389e+00 1.3248566965e+00 3.6346583494e+00 3.7338499874e+00 5.5324693024e+00 2.1483074433e+00 2.3794643283e+00 2.8495422453e+00 0 0
924 1.8800905385e+03 1.9922466589e+03 1.9865368736e+03 1.9372992799e+03 2.0808315645e+03 1.2549655997e+00 1.2967219898e+00 1.3141946164e+00 1.2892675966e+00 1.3237877690e+00 3.6300705406e+00 3.7773944288e+00 5.0678755641e+00 2.1852847984e+00 2.3163568377e+00 2.8145705312e+00 0 0
925 1.8663666532e+03 2.0225756475e+03 2.0046928692e+03 1.9580015322e+03 2.0468324309e+03 1.2538306341e+00 1.2955925895e+00 1.3131582383e+00 1.2882911523e+00 1.3227222445e+00 3.1440497257e+00 4.9177558422e+00 4.3184921443e+00 2.0498304024e+00 2.5339223295e+00 2.6023546308e+00 0 0
926 1.8097692364e+03 2.0155004962e+03 2.0228394647e+03 1.9419891864e+03 2.0385302303e+03 1.2527674718e+00 1.2944414252e+00 1.3120798174e+00 1.2872362385e+00 1.3217116400e+00 3.3723123804e+00 4.4388789833e+00 4.6364137828e+00 2.0431644550e+00 2.4673476815e+00 2.6244518459e+00 0 0
927 1.8482436730e+03 1.9817849278e+03 1.9736363647e+03 1.9127234510e+03 1.9952379557e+03 1.2517639066e+00 1.2933346820e+00 1.3109941928e+00 1.2862654112e+00 1.3207595522e+00 4.1700436580e+00 4.2574084103e+00 5.1827694476e+00 2.2209721949e+00 2.3483320624e+00 2.6878417432e+00 0 0
928 1.8300971042e+03 1.9546834143e+03 1.9686073758e+03 1.9164803678e+03 2.0171407983e+03 1.2507242115e+00 1.2922425998e+00 1.3099383947e+00 1.2852717576e+00 1.3198151818e+00 4.0518077981e+00 4.4318950176e+00 5.4453457892e+00 2.2059715206e+00 2.3963116556e+00 2.7699396759e+00 0 0
929 1.8355083876e+03 1.9606143170e+03 1.9605828853e+03 1.8831380725e+03 2.0221322904e+03 1.2496863993e+00 1.2911880650e+00 1.3089011722e+00 1.2842716488e+00 1.3188466034e+00 3.8931260453e+00 3.8311151117e+00 4.8145366907e+00 2.1691748653e+00 2.2444359064e+00 2.6044655740e+00 0 0
930 1.8083564271e+03 1.9514060316e+03 1.9785254610e+03 1.8642597727e+03 2.0198464051e+03 1.2486754747e+00 1.2901321274e+00 1.3078371448e+00 1.2832736974e+00 1.3178720109e+00 4.1472578565e+00 3.4861876070e+00 5.0609066486e+00 2.1913108779e+00 2.1240954399e+00 2.7047246248e+00 0 0
931 1.8340610438e+03 1.9492862155e+03 1.9019135101e+03 1.8037585759e+03 2.0047634524e+03 1.2476301417e+00 1.2890877351e+00 1.3068634796e+00 1.2824131636e+00 1.3168185174e+00 3.8879844071e+00 4.2104185820e+00 3.9911607206e+00 2.1758545479e+00 2.1933389902e+00 2.4805083126e+00 0 0
932 1.8416343002e+03 1.9028268445e+03 1.9212924036e+03 1.8676830566e+03 1.9788043107e+03 1.2465064899e+00 1.2880353053e+00 1.3058765134e+00 1.2814917718e+00 1.3158016709e+00 3.4991013661e+00 4.8635846674e+00 3.7271531075e+00 2.1186519876e+00 2.4153604656e+00 2.3450903893e+00 0 0
933 1.8673039599e+03 1.8859461153e+03 1.8992518922e+03 1.8433172543e+03 1.9899743717e+03 1.2453389361e+00 1.2870780255e+00 1.3049017398e+00 1.2805389734e+00 1.3148877347e+00 3.0171601696e+00 3.5859436840e+00 4.6086646914e+00 2.0023412974e+00 2.1142172217e+00 2.4885151386e+00 0 0
934 1.8647527427e+03 1.8889869640e+03 1.8746163608e+03 1.8748346594e+03 1.9864406611e+03 1.2441993783e+00 1.2861257033e+00 1.3039603242e+00 1.2796282489e+00 1.3138931767e+00 3.1816111337e+00 4.1293847859e+00 4.3459513485e+00 2.0337506207e+00 2.2244207561e+00 2.4968010783e+00 0 0
935 1.8331141427e+03 1.8970392721e+03 1.8914715832e+03 1.8946173756e+03 1.9161518729e+03 1.2430865568e+00 1.2851166613e+00 1.3030467823e+00 1.2786556377e+00 1.3129799597e+00 3.3229365639e+00 4.0720674098e+00 4.1641693711e+00 2.0477161444e+00 2.2500798404e+00 2.3671580255e+00 0 0
936 1.8136740702e+03 1.8347524356e+03 1.8187426289e+03 1.8755183284e+03 1.9119424678e+03 1.2420874273e+00 1.2841612663e+00 1.3021054106e+00 1.2777226576e+00 1.3120848876e+00 4.1942835418e+00 4.2225691974e+00 4.8752223849e+00 2.1863830816e+00 2.2724785209e+00 2.4975562543e+00 0 0
937 1.8339309768e+03 1.8335724011e+03 1.8032846420e+03 1.8637297283e+03 1.9333920968e+03 1.2410284590e+00 1.2832081395e+00 1.3012985839e+00 1.2767600420e+00 1.3111755518e+00 4.2215462651e+00 4.4370890260e+00 4.3350738585e+00 2.2495057924e+00 2.3411188722e+00 2.4035986513e+00 0 0
938 1.8011206039e+03 1.8301896760e+03 1.8460008126e+03 1.8911303498e+03 1.8873106528e+03 1.2399610642e+00 1.2822344547e+00 1.3004008552e+00 1.2757624091e+00 1.3102594314e+00 3.4580920523e+00 4.0220081806e+00 3.7174579203e+00 2.0582367893e+00 2.2752975971e+00 2.2080766261e+00 0 0
939 1.7653744547e+03 1.8248775986e+03 1.8471597792e+03 1.8640508309e+03 1.8994362321e+03 1.2389878132e+00 1.2813096371e+00 1.2994436032e+00 1.2747461349e+00 1.3094385883e+00 4.1240374341e+00 3.6682176888e+00 4.5053875148e+00 2.1184228560e+00 2.1753308475e+00 2.3234017491e+00 0 0
940 1.8305567904e+03 1.8652603706e+03 1.8327453451e+03 1.8258339191e+03 1.8636597061e+03 1.2379586316e+00 1.2803526060e+00 1.2985816682e+00 1.2738137173e+00 1.3085524620e+00 3.9914335717e+00 4.2979513109e+00 3.9828515947e+00 2.1622945733e+00 2.2732122689e+00 2.2525908053e+00 0 0
941 1.7945693443e+03 1.8680499190e+03 1.8623426779e+03 1.8569864028e+03 1.8668401110e+03 1.2368385728e+00 1.2793540240e+00 1.2976863729e+00 1.2727859369e+00 1.3076433359e+00 2.8629437664e+00 3.7550878078e+00 3.2454749942e+00 1.9001677949e+00 2.2002304196e+00 2.0642239451e+00 0 0
942 1.7852228796e+03 1.8503623969e+03 1.8702886809e+03 1.8614878458e+03 1.8633057988e+03 1.2358417831e+00 1.2784474960e+00 1.2967927801e+00 1.2717682104e+00 1.3067397453e+00 3.5137612559e+00 3.2252324671e+00 3.3272314370e+00 1.9771681861e+00 2.0420626998e+00 2.0779930651e+00 0 0
943 1.7854219462e+03 1.8891905012e+03 1.8712221942e+03 1.8643938693e+03 1.8754115548e+03 1.2347922088e+00 1.2775204536e+00 1.2958724126e+00 1.2708073975e+00 1.3058951325e+00 3.4525684358e+00 3.9426933825e+00 3.7495665252e+00 2.0095172431e+00 2.1889798045e+00 2.1464521885e+00 0 0
944 1.7460106331e+03 1.8501858015e+03 1.8769482545e+03 1.8598435418e+03 1.8964669784e+03 1.2338037991e+00 1.2764863498e+00 1.2948597753e+00 1.2697696173e+00 1.3050177921e+00 3.2943833317e+00 3.5712515563e+00 3.9878444076e+00 1.9053902979e+00 2.1515009999e+00 2.2393184900e+00 0 0
945 1.7672167340e+03 1.8451516198e+03 1.8367184733e+03 1.8210711134e+03 1.9197495930e+03 1.2328189672e+00 1.2755176984e+00 1.2938792367e+00 1.2687868941e+00 1.3040819847e+00 3.8891838832e+00 3.4213095903e+00 3.5871312916e+00 2.0566016306e+00 2.0624723881e+00 2.1840619892e+00 0 0
946 1.8268122214e+03 1.8386557590e+03 1.8522650323e+03 1.8321877633e+03 1.9038151171e+03 1.2317321247e+00 1.2745381718e+00 1.2929254608e+00 1.2678112710e+00 1.3031714548e+00 3.1487128152e+00 4.0766642690e+00 3.6513460129e+00 1.9420661057e+00 2.2168093026e+00 2.1804397106e+00 0 0
947 1.7674439495e+03 1.7966474334e+03 1.8258221436e+03 1.8578011196e+03 1.8805117655e+03 1.2306690868e+00 1.2736051741e+00 1.2919325213e+00 1.2668404847e+00 1.3022712398e+00 2.8947958818e+00 4.0957526863e+00 3.9867591560e+00 1.8572159804e+00 2.2314205021e+00 2.2562012672e+00 0 0
948 1.7706215038e+03 1.8301919298e+03 1.8566187681e+03 1.8312494369e+03 1.8962962585e+03 1.2297266087e+00 1.2726779382e+00 1.2909505389e+00 1.2658807969e+00 1.3013287798e+00 4.3569448359e+00 4.5874167979e+00 3.6879631728e+00 2.1134528630e+00 2.3245898187e+00 2.2147784978e+00 0 0
949 1.7980398359e+03 1.8458373439e+03 1.8309747404e+03 1.8976899114e+03 1.8429024662e+03 1.2287089413e+00 1.2716714670e+00 1.2899781182e+00 1.2648474169e+00 1.3004459357e+00 4.3002534277e+00 3.8981209546e+00 3.6443125159e+00 2.2058158414e+00 2.2459720671e+00 2.1370885670e+00 0 0
950 1.8138800196e+03 1.8457498476e+03 1.8168124559e+03 1.8524528334e+03 1.8387930824e+03 1.2275645030e+00 1.2706500379e+00 1.2890553605e+00 1.2637384213e+00 1.2996165013e+00 2.8957692987e+00 3.0014859587e+00 4.7670843899e+00 1.9109976849e+00 2.0166524202e+00 2.3489031643e+00 0 0
951 1.7885201577e+03 1.8010408796e+03 1.8257462173e+03 1.8307753822e+03 1.8610650177e+03 1.2264205206e+00 1.2696338409e+00 1.2880894301e+00 1.2627135400e+00 1.2987432668e+00 2.5620468798e+00 3.1664994657e+00 4.2855986357e+00 1.8021651122e+00 2.0097104609e+00 2.2833451182e+00 0 0
952 1.7256541378e+03 1.8161095094e+03 1.8289264611e+03 1.8189404883e+03 1.8575648037e+03 1.2253599150e+00 1.2686941589e+00 1.2871149913e+00 1.2617798247e+00 1.2978922252e+00 2.7789677188e+00 4.2465291619e+00 4.1336672902e+00 1.7991936596e+00 2.2109961957e+00 2.2205414027e+00 0 0
953 1.7628994371e+03 1.8277413657e+03 1.8366475574e+03 1.8570274634e+03 1.8703106694e+03 1.2243453177e+00 1.2677014009e+00 1.2861462374e+00 1.2607336584e+00 1.2970307103e+00 3.2798396082e+00 3.4354695827e+00 4.5900844336e+00 1.9225489238e+00 2.1109440923e+00 2.3490912020e+00 0 0
954 1.7629344986e+03 1.8335525626e+03 1.8502112717e+03 1.7969827489e+03 1.8724263670e+03 1.2232643159e+00 1.2667177170e+00 1.2851578013e+00 1.2596676182e+00 1.2960682196e+00 2.7386109009e+00 2.7029069364e+00 3.3553879410e+00 1.8075348121e+00 1.8854118511e+00 2.1170496047e+00 0 0
955 1.7488016704e+03 1.8375066667e+03 1.8109357388e+03 1.7931942170e+03 1.8274179872e+03 1.2221812897e+00 1.2657026774e+00 1.2841975733e+00 1.2586683043e+00 1.2951496102e+00 2.5266955185e+00 2.8436037451e+00 3.2173539996e+00 1.7321781712e+00 1.8730445132e+00 2.0234342068e+00 0 0
956 1.7291751507e+03 1.8215551048e+03 1.8584166648e+03 1.8102342390e+03 1.8935112886e+03 1.2211778873e+00 1.2646994755e+00 1.2832234683e+00 1.2577169360e+00 1.2942435359e+00 2.9136080873e+00 3.5949205160e+00 3.9850182533e+00 1.7883067909e+00 2.0425779969e+00 2.2351271510e+00 0 0
957 1.7597343506e+03 1.8515368616e+03 1.7895543440e+03 1.7858824149e+03 1.8825445546e+03 1.2201550218e+00 1.2636650646e+00 1.2822607756e+00 1.2567437516e+00 1.2932412957e+00 3.0574530756e+00 3.5213593692e+00 3.2078762650e+00 1.8559902462e+00 2.0363615155e+00 2.0955066085e+00 0 0
958 1.7379114677e+03 1.7923522952e+03 1.8199241742e+03 1.7790850176e+03 1.8523725327e+03 1.2191116134e+00 1.2626470483e+00 1.2813161563e+00 1.2558034885e+00 1.2923178726e+00 2.9464770741e+00 3.3453867733e+00 3.3933203965e+00 1.8283071625e+00 1.9680955559e+00 2.0810607523e+00 0 0
959 1.7410260528e+03 1.8046458794e+03 1.7669371805e+03 1.7517571179e+03 1.8332349822e+03 1.2181228942e+00 1.2616796614e+00 1.2803810385e+00 1.2548699722e+00 1.2914351999e+00 3.2364376933e+00 3.4249584526e+00 4.1449054182e+00 1.8680897840e+00 1.9665254876e+00 2.2344225645e+00 0 0
960 1.7534877379e+03 1.7572647069e+03 1.7666690409e+03 1.8237501199e+03 1.8625448988e+03 1.2170621720e+00 1.2607150809e+00 1.2794917060e+00 1.2538733085e+00 1.2905562243e+00 2.9848811118e+00 3.3077348918e+00 4.1916055679e+00 1.8450846201e+00 1.9925328568e+00 2.2508940697e+00 0 0
961 1.7828380543e+03 1.7891002627e+03 1.7600448148e+03 1.8253995453e+03 1.8213706377e+03 1.2159588179e+00 1.2597608145e+00 1.2786338972e+00 1.2528589051e+00 1.2896718356e+00 2.6124102039e+00 2.9437316060e+00 3.9476899505e+00 1.7607448215e+00 1.9078330919e+00 2.1895858198e+00 0 0
962 1.7488354932e+03 1.7666734984e+03 1.7748621777e+03 1.8293083392e+03 1.8115737633e+03 1.2148223912e+00 1.2587936520e+00 1.2777376678e+00 1.2518174533e+00 1.2888213372e+00 2.3875118487e+00 2.8582784981e+00 4.0613322556e+00 1.7017811364e+00 1.9013543427e+00 2.1819693893e+00 0 0
963 1.7525224282e+03 1.7675904503e+03 1.7935409112e+03 1.7765802825e+03 1.8107548150e+03 1.2137428376e+00 1.2578624544e+00 1.2767737121e+00 1.2508449890e+00 1.2879460122e+00 2.4721965225e+00 3.2709476501e+00 3.9003631622e+00 1.6888237469e+00 1.9593474194e+00 2.1593044400e+00 0 0
964 1.6944091013e+03 1.7666634513e+03 1.7225846133e+03 1.7900139664e+03 1.7747451930e+03 1.2127897982e+00 1.2569154540e+00 1.2758764608e+00 1.2499510983e+00 1.2870842695e+00 3.0838689483e+00 4.1301740110e+00 3.4801324159e+00 1.7644159156e+00 2.1262922734e+00 2.0396826714e+00 0 0
965 1.7234280661e+03 1.7561344624e+03 1.7608466004e+03 1.7690919987e+03 1.8242000987e+03 1.2118654904e+00 1.2559386955e+00 1.2750349482e+00 1.2490817213e+00 1.2862438224e+00 4.1810043053e+00 4.5920252204e+00 3.8650704771e+00 2.0201708878e+00 2.2029858083e+00 2.1015369892e+00 0 0
966 1.7196847234e+03 1.7290637640e+03 1.7418714074e+03 1.7877908155e+03 1.7985335693e+03 1.2108685190e+00 1.2550920036e+00 1.2741413391e+00 1.2481306668e+00 1.2853534921e+00 3.1877022342e+00 4.0266399086e+00 3.4380609989e+00 1.8358796684e+00 2.1515936255e+00 2.0369006693e+00 0 0
967 1.6567742136e+03 1.7668195296e+03 1.7715541905e+03 1.7730879843e+03 1.7890837040e+03 1.2099684652e+00 1.2541691734e+00 1.2732444236e+00 1.2471412470e+00 1.2844950773e+00 3.3288693428e+00 2.9034571350e+00 3.4168621898e+00 1.7818374421e+00 1.8732251301e+00 1.9998311549e+00 0 0
968 1.6849284559e+03 1.8050959116e+03 1.7845467912e+03 1.7583817845e+03 1.7728792965e+03 1.2090655900e+00 1.2531558963e+00 1.2723668647e+00 1.2461902325e+00 1.2836345644e+00 4.2171433858e+00 2.9427193254e+00 3.4430969059e+00 2.0011165365e+00 1.8407340497e+00 1.9951372296e+00 0 0
969 1.6696340436e+03 1.7895165548e+03 1.7707624770e+03 1.7349857348e+03 1.8123197841e+03 1.2080760376e+00 1.2521496162e+00 1.2714534387e+00 1.2452733794e+00 1.2827411521e+00 2.8537376286e+00 3.2557264566e+00 3.0757181346e+00 1.7164042187e+00 1.9038614631e+00 1.9258176014e+00 0 0
970 1.6362448051e+03 1.7673289168e+03 1.7671006621e+03 1.7517975054e+03 1.7801598243e+03 1.2071309600e+00 1.2511576622e+00 1.2705245415e+00 1.2443592378e+00 1.2818690730e+00 2.8128251816e+00 3.4220930040e+00 3.1984244138e+00 1.6665438007e+00 1.9491834491e+00 1.9529874548e+00 0 0
971 1.6241384482e+03 1.7578255033e+03 1.7303483753e+03 1.7432053809e+03 1.7975957554e+03 1.2061904554e+00 1.2502077176e+00 1.2696790218e+00 1.2434219418e+00 1.2810043546e+00 2.7657567597e+00 3.1392894089e+00 3.6873786747e+00 1.6514692914e+00 1.8796544522e+00 2.0516321659e+00 0 0
972 1.6335495627e+03 1.7363573221e+03 1.7573002731e+03 1.7909563088e+03 1.8061458967e+03 1.2052459424e+00 1.2493055681e+00 1.2688380988e+00 1.2424417814e+00 1.2802076552e+00 2.6892297983e+00 2.9474895298e+00 4.4580281377e+00 1.6208755142e+00 1.8630592972e+00 2.2162618935e+00 0 0
973 1.6141806838e+03 1.7281092269e+03 1.7187120905e+03 1.7405186009e+03 1.7863700624e+03 1.2043342075e+00 1.2484611586e+00 1.2679458713e+00 1.2414773037e+00 1.2793275964e+00 2.6851968280e+00 2.8060791939e+00 3.7378385812e+00 1.6017308857e+00 1.8017692789e+00 2.1050900072e+00 0 0
974 1.6434377773e+03 1.7251262997e+03 1.7358683706e+03 1.7408480692e+03 1.7802426801e+03 1.2033877409e+00 1.2475347892e+00 1.2670568229e+00 1.2405664282e+00 1.2784914627e+00 2.7464161246e+00 3.4547425508e+00 3.8280998766e+00 1.6398072181e+00 1.9370469376e+00 2.0877471864e+00 0 0
975 1.6215511255e+03 1.7365524755e+03 1.7406431283e+03 1.7512516952e+03 1.7864996502e+03 1.2023925049e+00 1.2466071075e+00 1.2661703782e+00 1.2396618990e+00 1.2776440628e+00 2.2867455119e+00 3.5911104828e+00 3.6804117262e+00 1.5280472467e+00 1.9620145187e+00 2.0628439486e+00 0 0
976 1.6478065687e+03 1.7149055368e+03 1.7426018622e+03 1.7553223351e+03 1.7475000715e+03 1.2013985734e+00 1.2457323948e+00 1.2652378062e+00 1.2387146183e+00 1.2768022089e+00 2.1742175335e+00 3.3041416705e+00 3.5035651475e+00 1.4950607080e+00 1.9252265841e+00 2.0002860725e+00 0 0
977 1.6551773594e+03 1.7273389939e+03 1.7002964447e+03 1.7477997597e+03 1.7353060249e+03 1.2003888214e+00 1.2448260512e+00 1.2643651634e+00 1.2377308986e+00 1.2760224077e+00 2.2032340524e+00 3.0262188762e+00 3.9889666587e+00 1.5104559076e+00 1.8638789132e+00 2.0587820113e+00 0 0
978 1.6099213622e+03 1.7366153143e+03 1.7234413973e+03 1.7381835346e+03 1.7343944188e+03 1.1994534555e+00 1.2438755967e+00 1.2635375091e+00 1.2367866434e+00 1.2752368983e+00 2.7113653432e+00 3.0490887463e+00 3.9817501754e+00 1.6136517237e+00 1.8400776014e+00 2.0525929481e+00 0 0
979 1.6488480281e+03 1.7045841135e+03 1.7316715191e+03 1.7150851291e+03 1.7699514118e+03 1.1985023962e+00 1.2429653219e+00 1.2626286653e+00 1.2358554486e+00 1.2744612734e+00 2.9323608808e+00 3.0246363878e+00 3.9868944287e+00 1.6943970208e+00 1.8042288125e+00 2.0695242733e+00 0 0
980 1.6666387139e+03 1.7536289516e+03 1.7430351402e+03 1.7264004460e+03 1.7631707234e+03 1.1974754408e+00 1.2420189815e+00 1.2617088858e+00 1.2350013651e+00 1.2735937238e+00 2.2902818921e+00 3.6119555831e+00 3.1671653539e+00 1.5559241354e+00 1.9148795456e+00 1.9217702225e+00 0 0
981 1.6127009823e+03 1.7347780117e+03 1.6999286014e+03 1.7174166646e+03 1.7560659156e+03 1.1964657685e+00 1.2410542418e+00 1.2608698447e+00 1.2340861892e+00 1.2727389431e+00 2.2287965107e+00 3.3286492825e+00 2.9212817550e+00 1.5155155504e+00 1.8669007272e+00 1.8407638147e+00 0 0
982 1.6148512952e+03 1.7394506317e+03 1.7421330317e+03 1.6909714663e+03 1.7486447610e+03 1.1955690730e+00 1.2400744032e+00 1.2599938717e+00 1.2332412411e+00 1.2719086134e+00 2.8011462074e+00 3.4555162638e+00 3.1161099672e+00 1.6037755829e+00 1.8576393798e+00 1.8738283738e+00 0 0
983 1.6107724391e+03 1.7145497951e+03 1.6902679521e+03 1.6696348403e+03 1.7457880742e+03 1.1946587636e+00 1.2391764584e+00 1.2591656915e+00 1.2323820736e+00 1.2710743222e+00 3.1226604020e+00 3.6141039282e+00 3.4485045671e+00 1.7009306721e+00 1.8819938302e+00 1.9586904868e+00 0 0
984 1.6328494086e+03 1.7383712923e+03 1.7320098874e+03 1.6725211508e+03 1.7557455681e+03 1.1936730496e+00 1.2381973116e+00 1.2582847028e+00 1.2314994267e+00 1.2702647826e+00 2.6394122047e+00 3.0003543049e+00 3.4757266939e+00 1.6152394278e+00 1.7632804886e+00 1.9565506056e+00 0 0
985 1.5985807789e+03 1.7227221192e+03 1.7166743285e+03 1.6497675594e+03 1.7326908264e+03 1.1927361456e+00 1.2372381850e+00 1.2573869137e+00 1.2306077933e+00 1.2694664022e+00 2.7074514639e+00 2.7269188017e+00 3.7688269317e+00 1.6033413752e+00 1.6667971835e+00 1.9940905720e+00 0 0
986 1.6586653347e+03 1.6920672268e+03 1.6830993732e+03 1.6457413223e+03 1.7668115349e+03 1.1917541917e+00 1.2363308869e+00 1.2565441861e+00 1.2297933186e+00 1.2686551895e+00 2.6939079502e+00 3.0567222536e+00 3.6645830125e+00 1.6295813685e+00 1.6994233355e+00 1.9995968789e+00 0 0
987 1.6330430739e+03 1.7253683665e+03 1.7302411682e+03 1.6468852419e+03 1.7397841820e+03 1.1906922259e+00 1.2354284511e+00 1.2556982252e+00 1.2289349190e+00 1.2678164339e+00 2.0052312400e+00 2.9636976719e+00 3.3831404597e+00 1.4553258731e+00 1.7083640546e+00 1.9343518838e+00 0 0
988 1.5971286396e+03 1.6526097543e+03 1.6835389066e+03 1.6616998827e+03 1.7458298886e+03 1.1896954477e+00 1.2345633925e+00 1.2548023240e+00 1.2280745483e+00 1.2669674286e+00 2.0212947923e+00 2.7681266069e+00 3.1780373007e+00 1.4174333596e+00 1.6454986483e+00 1.8895464465e+00 0 0
989 1.5823844087e+03 1.6745986833e+03 1.6616216477e+03 1.6387528795e+03 1.7385173281e+03 1.1888156023e+00 1.2337559328e+00 1.2539691613e+00 1.2272668411e+00 1.2661490592e+00 2.8770130378e+00 2.9156539291e+00 3.2656713873e+00 1.5913638892e+00 1.6583696902e+00 1.8592263535e+00 0 0
990 1.6238048468e+03 1.6568952894e+03 1.6492214830e+03 1.6283597575e+03 1.7249588401e+03 1.1878305948e+00 1.2328669106e+00 1.2531714517e+00 1.2264599023e+00 1.2653599355e+00 2.9949708142e+00 3.3493378609e+00 3.1822909862e+00 1.7059101535e+00 1.7525861412e+00 1.8430353776e+00 0 0
991 1.6519777782e+03 1.6262912562e+03 1.6197120886e+03 1.6645014269e+03 1.7259511870e+03 1.1867549675e+00 1.2320203887e+00 1.2523508286e+00 1.2256292794e+00 1.2645655897e+00 2.1651344437e+00 3.1828179657e+00 3.5086042583e+00 1.5174277599e+00 1.7389862239e+00 1.8923690394e+00 0 0
992 1.5992332529e+03 1.6168904570e+03 1.6031473731e+03 1.6441383762e+03 1.6900165680e+03 1.1857229921e+00 1.2311676966e+00 1.2515802676e+00 1.2247402527e+00 1.2638084537e+00 2.2864631215e+00 2.6851972193e+00 3.5854640305e+00 1.5291126978e+00 1.6426351219e+00 1.8963919729e+00 0 0
993 1.6293840837e+03 1.6306337725e+03 1.6132720632e+03 1.6275006912e+03 1.7027560013e+03 1.1847366062e+00 1.2303019975e+00 1.2508076867e+00 1.2239317387e+00 1.2630286235e+00 2.7422912940e+00 3.1209484637e+00 3.3391591907e+00 1.6242748588e+00 1.7047416791e+00 1.8510330617e+00 0 0
994 1.5982863657e+03 1.6245002308e+03 1.6263601231e+03 1.6621689144e+03 1.6795983151e+03 1.1837395180e+00 1.2294262459e+00 1.2500053807e+00 1.2230741102e+00 1.2622126087e+00 2.5157993440e+00 3.5186549276e+00 2.7269941419e+00 1.5690954267e+00 1.8467209041e+00 1.7040641531e+00 0 0
995 1.5858779087e+03 1.5979868585e+03 1.6073720011e+03 1.6569496070e+03 1.6483428042e+03 1.1828253788e+00 1.2286282026e+00 1.2492173495e+00 1.2221751761e+00 1.2614260685e+00 2.8572738225e+00 2.6166093200e+00 2.6886952817e+00 1.6042143344e+00 1.6432888508e+00 1.6523934677e+00 0 0
996 1.5844036837e+03 1.6434704135e+03 1.6372788400e+03 1.6461374487e+03 1.6421587926e+03 1.1819064891e+00 1.2278543140e+00 1.2484825724e+00 1.2213192058e+00 1.2606731960e+00 3.4434466600e+00 2.7133393884e+00 2.9162997454e+00 1.7538555864e+00 1.6267718747e+00 1.7002906874e+00 0 0
997 1.6081063593e+03 1.6107252249e+03 1.6233793457e+03 1.6485299512e+03 1.6470866705e+03 1.1809102319e+00 1.2270060745e+00 1.2476567734e+00 1.2204714869e+00 1.2599268598e+00 2.6745278789e+00 3.0913239568e+00 2.8688461035e+00 1.6119061755e+00 1.7269648165e+00 1.6700112373e+00 0 0
998 1.5572161177e+03 1.6285394530e+03 1.6667862790e+03 1.6236329634e+03 1.6297848017e+03 1.1799421613e+00 1.2262045974e+00 1.2468150012e+00 1.2196290757e+00 1.2591990231e+00 2.5477026840e+00 2.9412782788e+00 3.1390835047e+00 1.5469991225e+00 1.6722978279e+00 1.7115776166e+00 0 0
999 1.5755069450e+03 1.6455391214e+03 1.6319746475e+03 1.6323095601e+03 1.6823794162e+03 1.1790273076e+00 1.2253776631e+00 1.2459678405e+00 1.2188265940e+00 1.2584628268e+00 3.2614110897e+00 3.3100651503e+00 3.2553814501e+00 1.6952198128e+00 1.7359712273e+00 1.7783509120e+00 0 0
1000 1.5917565043e+03 1.6153652064e+03 1.6402970005e+03 1.6412192114e+03 1.6595009792e+03 1.1780450548e+00 1.2245089571e+00 1.2451084679e+00 1.2180016526e+00 1.2576661705e+00 2.6810726030e+00 3.3465091586e+00 2.4149169028e+00 1.5938945227e+00 1.7607524171e+00 1.5785468966e+00 0 0
1001 1.5897218354e+03 1.6072865333e+03 1.6296725898e+03 1.6275117511e+03 1.6221961965e+03 1.1770377381e+00 1.2237322941e+00 1.2442730102e+00 1.2171382755e+00 1.2569864523e+00 2.3310052261e+00 3.1227547526e+00 3.3278263062e+00 1.5051542825e+00 1.7331220508e+00 1.7083907053e+00 0 0
1002 1.5324785317e+03 1.6388010099e+03 1.6184112580e+03 1.6416580034e+03 1.6814780700e+03 1.1761025455e+00 1.2228895631e+00 1.2434698287e+00 1.2163038949e+00 1.2562816799e+00 2.4461490514e+00 2.9859087467e+00 4.1162918210e+00 1.4811528251e+00 1.6697329208e+00 1.9444472268e+00 0 0
1003 1.5606802101e+03 1.6328617516e+03 1.6220149506e+03 1.6138390564e+03 1.6710366543e+03 1.1752055463e+00 1.2220119163e+00 1.2427019632e+00 1.2155083067e+00 1.2555035327e+00 3.1438979759e+00 3.2744344473e+00 2.9046781361e+00 1.6433150725e+00 1.6991403997e+00 1.7097670287e+00 0 0
1004 1.5295655628e+03 1.6195055573e+03 1.6041992551e+03 1.6194897345e+03 1.6531403449e+03 1.1742569134e+00 1.2211619234e+00 1.2419758423e+00 1.2147030452e+00 1.2546971041e+00 2.6064840956e+00 3.4840968102e+00 2.8258661032e+00 1.5318523545e+00 1.7735695988e+00 1.7056430280e+00 0 0
1005 1.5480322188e+03 1.6040227554e+03 1.6274367883e+03 1.6188171608e+03 1.6788929388e+03 1.1733373554e+00 1.2203626699e+00 1.2411821148e+00 1.2138177571e+00 1.2539074939e+00 2.6893715950e+00 2.7439840287e+00 2.6345062405e+00 1.5333121346e+00 1.6377276927e+00 1.6531791389e+00 0 0
1006 1.5728253986e+03 1.6052032582e+03 1.6325127105e+03 1.6388221380e+03 1.6706627427e+03 1.1723533397e+00 1.2195362620e+00 1.2403185839e+00 1.2129332587e+00 1.2530906182e+00 2.5080499905e+00 2.7377522886e+00 2.3738480806e+00 1.5249810906e+00 1.6413702518e+00 1.5846854225e+00 0 0
1007 1.5679330356e+03 1.6322749462e+03 1.6240038485e+03 1.6371849315e+03 1.6552350286e+03 1.1713218708e+00 1.2186814246e+00 1.2394576964e+00 1.2120130704e+00 1.2523173699e+00 2.0681807008e+00 2.6616657376e+00 2.5518390834e+00 1.4154069666e+00 1.6490403861e+00 1.5987887383e+00 0 0
1008 1.5271390659e+03 1.6095085430e+03 1.6059972758e+03 1.6369628890e+03 1.6524023420e+03 1.1703871034e+00 1.2177774211e+00 1.2386255028e+00 1.2111393905e+00 1.2515646650e+00 2.3573582445e+00 2.9757313579e+00 2.9893442392e+00 1.4373300553e+00 1.6951329634e+00 1.7014125660e+00 0 0
1009 1.5121058660e+03 1.5951706022e+03 1.6264868582e+03 1.6473011261e+03 1.6506878869e+03 1.1694838930e+00 1.2169576539e+00 1.2378150552e+00 1.2102116968e+00 1.2507962631e+00 2.8031958059e+00 2.7938424349e+00 2.8176275194e+00 1.5434810414e+00 1.6908815950e+00 1.6684290990e+00 0 0
1010 1.5266787898e+03 1.6131778420e+03 1.6132057370e+03 1.6363688460e+03 1.6432644340e+03 1.1685614135e+00 1.2161810752e+00 1.2369978605e+00 1.2092568780e+00 1.2500212342e+00 2.8282959882e+00 2.2381315827e+00 2.7121430039e+00 1.5550883656e+00 1.5332630351e+00 1.6372212172e+00 0 0
1011 1.4996288421e+03 1.6278797560e+03 1.5989154136e+03 1.6151953442e+03 1.6264181504e+03 1.1676942280e+00 1.2152993590e+00 1.2361737084e+00 1.2083567152e+00 1.2492936874e+00 2.9913021092e+00 2.3691926152e+00 3.2286787480e+00 1.5523125598e+00 1.5311931297e+00 1.7317625508e+00 0 0
1012 1.5386271170e+03 1.6048394780e+03 1.6226612401e+03 1.6166655498e+03 1.6349290504e+03 1.1667887498e+00 1.2143895057e+00 1.2353544235e+00 1.2075236365e+00 1.2485573259e+00 3.1378125568e+00 3.1507376283e+00 3.2344975621e+00 1.6205418843e+00 1.6854574606e+00 1.7421074212e+00 0 0
1013 1.5258919442e+03 1.6175014683e+03 1.6063467092e+03 1.5859382081e+03 1.6416656176e+03 1.1657926940e+00 1.2135266126e+00 1.2345143371e+00 1.2066942547e+00 1.2478185198e+00 2.1149705321e+00 3.4499670565e+00 2.9516357929e+00 1.3942776115e+00 1.7776258737e+00 1.6593750715e+00 0 0
1014 1.5264274645e+03 1.6259199704e+03 1.6083345423e+03 1.6135358688e+03 1.6333647786e+03 1.1647917213e+00 1.2126136624e+00 1.2337102424e+00 1.2058484539e+00 1.2470934001e+00 1.7629032193e+00 3.2045393288e+00 3.1643489003e+00 1.2786311441e+00 1.7174503580e+00 1.7061216533e+00 0 0
1015 1.4910521740e+03 1.6184061604e+03 1.6111789938e+03 1.6006542412e+03 1.6496826968e+03 1.1638263666e+00 1.2116844433e+00 1.2328689076e+00 1.2049511374e+00 1.2463210297e+00 1.8522551103e+00 2.7566663325e+00 2.9379559904e+00 1.2864621307e+00 1.6347134709e+00 1.7023456097e+00 0 0
1016 1.4852116182e+03 1.5948572036e+03 1.5933065461e+03 1.5983468022e+03 1.6388677494e+03 1.1629441956e+00 1.2108176779e+00 1.2320446683e+00 1.2040765110e+00 1.2455498261e+00 2.0881713612e+00 2.6800503433e+00 2.8794523329e+00 1.3145879948e+00 1.5946461037e+00 1.6702252403e+00 0 0
1017 1.4792378943e+03 1.5984220344e+03 1.5905657798e+03 1.5907911554e+03 1.6573344563e+03 1.1620671929e+00 1.2099392052e+00 1.2312262675e+00 1.2032363775e+00 1.2447929168e+00 2.3843971393e+00 2.9010974467e+00 3.3286115229e+00 1.3772624967e+00 1.6237449646e+00 1.7893266827e+00 0 0
1018 1.4655692460e+03 1.5934144941e+03 1.5899379705e+03 1.5719227080e+03 1.6470517600e+03 1.1612786840e+00 1.2090646855e+00 1.2304233131e+00 1.2023752695e+00 1.2439887310e+00 2.7679834199e+00 2.7826242596e+00 2.9660354555e+00 1.4262779407e+00 1.6024698094e+00 1.7380239218e+00 0 0
1019 1.4653182327e+03 1.6020575832e+03 1.6067583048e+03 1.5806095343e+03 1.6433983084e+03 1.1604501474e+00 1.2081818341e+00 1.2296091399e+00 1.2015332592e+00 1.2431813250e+00 3.1018254657e+00 2.7830781043e+00 2.5951944888e+00 1.5286429780e+00 1.5937225744e+00 1.6225804463e+00 0 0
1020 1.5059652070e+03 1.5942674650e+03 1.6035665717e+03 1.5645397087e+03 1.6225609388e+03 1.1595188823e+00 1.2073163250e+00 1.2287346088e+00 1.2006483157e+00 1.2424014439e+00 2.1021426987e+00 2.5127350241e+00 2.7275645435e+00 1.3389969990e+00 1.5414630175e+00 1.6361517087e+00 0 0
1021 1.4652014028e+03 1.5546711871e+03 1.5717390051e+03 1.5511790677e+03 1.6201947414e+03 1.1585700385e+00 1.2064749949e+00 1.2278769511e+00 1.1998054969e+00 1.2416462087e+00 1.7871616229e+00 2.5229786783e+00 2.8254979253e+00 1.2398154522e+00 1.5082266107e+00 1.6422357485e+00 0 0
1022 1.4787164202e+03 1.5854534840e+03 1.5422443062e+03 1.5646482033e+03 1.6081078944e+03 1.1577206542e+00 1.2056290578e+00 1.2271592380e+00 1.1989735821e+00 1.2409153431e+00 2.2949170079e+00 3.0362923294e+00 3.3509970754e+00 1.3294472807e+00 1.6352891997e+00 1.7420044392e+00 0 0
1023 1.4553353440e+03 1.5281799632e+03 1.5840308551e+03 1.5915074615e+03 1.6282040720e+03 1.1569294100e+00 1.2047984750e+00 1.2263442680e+00 1.1980666610e+00 1.2401873462e+00 2.9087212637e+00 2.4314907491e+00 3.4377043247e+00 1.4525417943e+00 1.5337825865e+00 1.7798242420e+00 0 0
1024 1.4860831060e+03 1.5932965041e+03 1.5683857147e+03 1.5842359357e+03 1.6105520793e+03 1.1561035928e+00 1.2039824030e+00 1.2255172153e+00 1.1971184384e+00 1.2394272586e+00 3.0466715616e+00 2.0093594342e+00 3.1370413005e+00 1.5084158603e+00 1.4156645015e+00 1.7227680385e+00 0 0
1025 1.4836198354e+03 1.5441716226e+03 1.5275445165e+03 1.5508724964e+03 1.5842225222e+03 1.1552182525e+00 1.2031127697e+00 1.2247341857e+00 1.1962478528e+00 1.2387103219e+00 2.5381571793e+00 2.2080826014e+00 3.1132746488e+00 1.4263025316e+00 1.4267869368e+00 1.6739969552e+00 0 0
1026 1.4844943063e+03 1.5385777523e+03 1.5634839302e+03 1.5565134114e+03 1.6092013547e+03 1.1542914243e+00 1.2022827377e+00 1.2239249959e+00 1.1953980048e+00 1.2379752587e+00 2.1772778051e+00 2.6133958995e+00 3.3330992311e+00 1.3481666425e+00 1.5289223418e+00 1.7492424846e+00 0 0
1027 1.4826079716e+03 1.5566376425e+03 1.5514234593e+03 1.5596619826e+03 1.5851542512e+03 1.1533749480e+00 1.2014299290e+00 1.2230814768e+00 1.1944803515e+00 1.2371920052e+00 2.1555728589e+00 2.2815014869e+00 2.6793069839e+00 1.3347160982e+00 1.4805350453e+00 1.6027714983e+00 0 0
1028 1.4683747420e+03 1.5384643317e+03 1.5619515838e+03 1.5378514233e+03 1.5935077659e+03 1.1524986794e+00 1.2005678893e+00 1.2222400724e+00 1.1935718742e+00 1.2364914866e+00 2.5125828681e+00 1.9492774010e+00 2.9021520019e+00 1.4072988629e+00 1.3636525944e+00 1.6068271846e+00 0 0
1029 1.5119540695e+03 1.5419213663e+03 1.5293899110e+03 1.5401482072e+03 1.5683826064e+03 1.1515704843e+00 1.1997809531e+00 1.2214715777e+00 1.1927096867e+00 1.2357657016e+00 2.2794599423e+00 2.0942013711e+00 3.1951914728e+00 1.3722044622e+00 1.3733611107e+00 1.6755090207e+00 0 0
1030 1.4433692814e+03 1.5313109580e+03 1.5390507626e+03 1.4738529438e+03 1.5667159921e+03 1.1506567265e+00 1.1989922307e+00 1.2206912947e+00 1.1919415138e+00 1.2350455490e+00 2.0356770791e+00 2.4877636582e+00 3.0076959431e+00 1.2846860851e+00 1.4156063348e+00 1.6470763087e+00 0 0
1031 1.4389866010e+03 1.5367168737e+03 1.5382108113e+03 1.5062735475e+03 1.5813759831e+03 1.1498482615e+00 1.1981705788e+00 1.2199043864e+00 1.1912242491e+00 1.2343268652e+00 3.0201601871e+00 3.4841820598e+00 2.9713397175e+00 1.4586443883e+00 1.6177964136e+00 1.6152892113e+00 0 0
1032 1.4782585256e+03 1.5360358883e+03 1.5152922985e+03 1.4667334454e+03 1.5751263441e+03 1.1489904894e+00 1.1973354463e+00 1.2191759833e+00 1.1904717418e+00 1.2335815562e+00 2.9594707092e+00 2.8780504614e+00 2.8047210574e+00 1.5023040397e+00 1.5123420954e+00 1.6069878116e+00 0 0
1033 1.5161786337e+03 1.5300165032e+03 1.5385844956e+03 1.5088858472e+03 1.5853745614e+03 1.1480014760e+00 1.1965080020e+00 1.2184117372e+00 1.1896922672e+00 1.2328328709e+00 1.8711654421e+00 2.6064188331e+00 2.7680347115e+00 1.2704486246e+00 1.4644286931e+00 1.5793056339e+00 0 0
1034 1.4684634439e+03 1.5379787060e+03 1.4972235972e+03 1.4918136613e+03 1.5784596922e+03 1.1470805836e+00 1.1956467582e+00 1.2176360647e+00 1.1888789789e+00 1.2320691145e+00 2.0904375145e+00 2.1735375971e+00 2.6795035899e+00 1.2999170338e+00 1.3585092202e+00 1.5814092681e+00 0 0
1035 1.5094623932e+03 1.4967106434e+03 1.4937530753e+03 1.4911371500e+03 1.5703171654e+03 1.1461535215e+00 1.1947953553e+00 1.2168930899e+00 1.1880575489e+00 1.2312973856e+00 2.5677039893e+00 2.1004076451e+00 2.3221786618e+00 1.4392041805e+00 1.3386714309e+00 1.4801545441e+00 0 0
1036 1.5071761113e+03 1.4804911347e+03 1.4976481563e+03 1.4770751504e+03 1.5580458915e+03 1.1451592396e+00 1.1940156543e+00 1.2161233488e+00 1.1872869111e+00 1.2305612943e+00 2.1283197039e+00 2.4902070463e+00 2.6525486857e+00 1.3552992388e+00 1.4072849378e+00 1.5306845531e+00 0 0
1037 1.5460242458e+03 1.4944646199e+03 1.4756782339e+03 1.4975887286e+03 1.5750319044e+03 1.1441483119e+00 1.1932277727e+00 1.2153697867e+00 1.1864639512e+00 1.2298166813e+00 2.1090333273e+00 2.2371087968e+00 2.6376029551e+00 1.3611556809e+00 1.3793809712e+00 1.5499106348e+00 0 0
1038 1.5261075572e+03 1.4847612603e+03 1.4867019708e+03 1.4879872311e+03 1.5241873244e+03 1.1430966233e+00 1.1924087436e+00 1.2146392046e+00 1.1856554162e+00 1.2290952084e+00 2.0133087331e+00 2.1196620464e+00 2.6366812438e+00 1.3544126382e+00 1.3320624754e+00 1.5039328039e+00 0 0
1039 1.5447297021e+03 1.4900289427e+03 1.4421574983e+03 1.4767570890e+03 1.5131250774e+03 1.1420500685e+00 1.1915892785e+00 1.2139325392e+00 1.1849044548e+00 1.2284544819e+00 2.0559294336e+00 2.6844340265e+00 3.4430954009e+00 1.3602806599e+00 1.4346012548e+00 1.6501303762e+00 0 0
1040 1.5465421398e+03 1.4761813913e+03 1.4603118674e+03 1.5079796086e+03 1.5279836387e+03 1.1409858477e+00 1.1907495148e+00 1.2132617531e+00 1.1841562675e+00 1.2277253445e+00 2.1281943494e+00 2.8707291037e+00 2.6482226104e+00 1.3933045262e+00 1.5043952391e+00 1.5114074200e+00 0 0
1041 1.5376922891e+03 1.4534980220e+03 1.4749052512e+03 1.4875538646e+03 1.5075145107e+03 1.1399829917e+00 1.1899373760e+00 1.2124881098e+00 1.1833660884e+00 1.2270255322e+00 2.2626880345e+00 2.6138228327e+00 2.3683959693e+00 1.3949640705e+00 1.4476630017e+00 1.4250302985e+00 0 0
1042 1.5487881518e+03 1.4706904841e+03 1.4660422061e+03 1.4966353931e+03 1.5171522666e+03 1.1389402877e+00 1.1891824147e+00 1.2117439062e+00 1.1825864713e+00 1.2263285394e+00 2.3386471113e+00 2.7258710712e+00 2.4603654444e+00 1.4434108583e+00 1.4814203456e+00 1.4402581006e+00 0 0
1043 1.5264243216e+03 1.4515179985e+03 1.4510072364e+03 1.4983467556e+03 1.5098753260e+03 1.1379461708e+00 1.1883790475e+00 1.2110048752e+00 1.1817610891e+00 1.2256146899e+00 2.3593480301e+00 2.3781540394e+00 2.2378597260e+00 1.4166650466e+00 1.4240685850e+00 1.3929371089e+00 0 0
1044 1.5336196521e+03 1.4659955662e+03 1.4722373280e+03 1.5096436666e+03 1.4820124831e+03 1.1369256448e+00 1.1876131186e+00 1.2102775455e+00 1.1809157530e+00 1.2249313195e+00 2.4745077316e+00 2.1338799000e+00 2.2929344922e+00 1.4650366905e+00 1.3524175212e+00 1.3777479082e+00 0 0
1045 1.5146205309e+03 1.4312386244e+03 1.4665559996e+03 1.4851888769e+03 1.4949869565e+03 1.1359120739e+00 1.1868703787e+00 1.2095021793e+00 1.1801163189e+00 1.2242692847e+00 2.4212587273e+00 2.4168336242e+00 2.5735140592e+00 1.4440395842e+00 1.3996958733e+00 1.4372697771e+00 0 0
1046 1.4883162838e+03 1.4842426520e+03 1.4860631716e+03 1.4889689386e+03 1.4977978836e+03 1.1349925803e+00 1.1861137144e+00 1.2087454490e+00 1.1793394533e+00 1.2235843972e+00 2.8135775562e+00 2.5486599803e+00 2.5868947804e+00 1.4875679813e+00 1.4240275696e+00 1.4538952410e+00 0 0
1047 1.5392281874e+03 1.4625257263e+03 1.4413538774e+03 1.4569881606e+03 1.4967344454e+03 1.1339673024e+00 1.1853335484e+00 1.2080603422e+00 1.1785380476e+00 1.2228732990e+00 2.4717797787e+00 2.4691912979e+00 2.2920205295e+00 1.4640706303e+00 1.4048408642e+00 1.3948086724e+00 0 0
1048 1.5032073773e+03 1.5052795421e+03 1.5052835281e+03 1.5115698793e+03 1.4845618882e+03 1.1329156385e+00 1.1845060237e+00 1.2073434691e+00 1.1777162349e+00 1.2221990817e+00 1.8931117315e+00 2.4303559512e+00 2.4072091579e+00 1.3006032127e+00 1.4172216356e+00 1.3868258819e+00 0 0
1049 1.4929666972e+03 1.4643243322e+03 1.4785109908e+03 1.5009393725e+03 1.4863258391e+03 1.1318991766e+00 1.1836973552e+00 1.2065598758e+00 1.1768809247e+00 1.2215716829e+00 2.0919640496e+00 2.1577909887e+00 3.1084031016e+00 1.3425881521e+00 1.3472175971e+00 1.5272826105e+00 0 0
1050 1.4859734763e+03 1.4710121515e+03 1.4682275879e+03 1.5188133526e+03 1.5046203840e+03 1.1309426975e+00 1.1828953942e+00 1.2057924153e+00 1.1760178440e+00 1.2208789647e+00 2.4516174037e+00 2.1947094947e+00 2.7081172913e+00 1.4097915071e+00 1.3658168018e+00 1.4991812184e+00 0 0
1051 1.4897417141e+03 1.4599692634e+03 1.4761333781e+03 1.4891509326e+03 1.4923920396e+03 1.1299553164e+00 1.1820785054e+00 1.2050218426e+00 1.1752218042e+00 1.2202393969e+00 2.3390521034e+00 2.5548840612e+00 2.8226105720e+00 1.3968993759e+00 1.4383495376e+00 1.4669466466e+00 0 0
1052 1.4756279260e+03 1.4432323098e+03 1.4884334046e+03 1.5172361385e+03 1.5170575137e+03 1.1289632374e+00 1.1813309497e+00 1.2042185276e+00 1.1744138536e+00 1.2195451474e+00 2.1383446881e+00 3.2797998339e+00 2.8215470910e+00 1.3342416121e+00 1.6082746983e+00 1.5298463926e+00 0 0
1053 1.4712431710e+03 1.4859682870e+03 1.4549898625e+03 1.5445093072e+03 1.5100367545e+03 1.1280122886e+00 1.1805819540e+00 1.2034941686e+00 1.1735709026e+00 1.2188285756e+00 2.3243318147e+00 2.6100252718e+00 2.3987008184e+00 1.3622049509e+00 1.4963899776e+00 1.4268161356e+00 0 0
1054 1.5097589017e+03 1.4604984594e+03 1.4645968729e+03 1.5335253503e+03 1.4847260690e+03 1.1270049666e+00 1.1797578693e+00 1.2027593816e+00 1.1726441402e+00 1.2181158009e+00 2.1143314647e+00 2.3742497712e+00 2.3684701771e+00 1.3333050268e+00 1.4581917152e+00 1.4110964388e+00 0 0
1055 1.4623150399e+03 1.4446714159e+03 1.4684559918e+03 1.5554983124e+03 1.4932518207e+03 1.1260004732e+00 1.1789756652e+00 1.2019622386e+00 1.1717518221e+00 1.2174230567e+00 2.0509121714e+00 2.4945636243e+00 2.5272106826e+00 1.3054039584e+00 1.4888958782e+00 1.4404927120e+00 0 0
1056 1.4922789108e+03 1.4652250680e+03 1.4875930223e+03 1.5425475681e+03 1.4775425544e+03 1.1251007786e+00 1.1782051563e+00 1.2011987661e+00 1.1708405304e+00 1.2167456235e+00 2.9219422323e+00 2.4177102447e+00 2.6244559437e+00 1.4798394393e+00 1.4755891636e+00 1.4396973252e+00 0 0
1057 1.5269690036e+03 1.4944168595e+03 1.5033394494e+03 1.5681951409e+03 1.5117898333e+03 1.1240525143e+00 1.1774337303e+00 1.2004283644e+00 1.1699106638e+00 1.2160735450e+00 2.3456748356e+00 2.3135874420e+00 2.9183941931e+00 1.4287592668e+00 1.4544457346e+00 1.5105161667e+00 0 0
1058 1.5253446073e+03 1.4877745125e+03 1.4995896105e+03 1.5197578755e+03 1.4971781791e+03 1.1229715521e+00 1.1766185478e+00 1.1995978247e+00 1.1690513512e+00 1.2153474006e+00 1.8684098025e+00 2.6747488230e+00 2.3162597865e+00 1.2950336837e+00 1.4957517236e+00 1.3985721245e+00 0 0
1059 1.4882768539e+03 1.4889951310e+03 1.5132679868e+03 1.5520231957e+03 1.4972623351e+03 1.1219971083e+00 1.1757788364e+00 1.1987550959e+00 1.1681807360e+00 1.2146137580e+00 2.3353424701e+00 2.9707301408e+00 2.1913228780e+00 1.3711077751e+00 1.5927005857e+00 1.3651557267e+00 0 0
1060 1.5256507560e+03 1.4952543262e+03 1.5097418654e+03 1.5455759444e+03 1.5321276057e+03 1.1210022740e+00 1.1749606041e+00 1.1979318386e+00 1.1672675718e+00 1.2138656054e+00 2.8248997790e+00 2.4772401005e+00 2.2613821030e+00 1.5264563822e+00 1.4865888879e+00 1.3934355676e+00 0 0
1061 1.5206718079e+03 1.5167035801e+03 1.5254138783e+03 1.5269862475e+03 1.5536809518e+03 1.1199269931e+00 1.1741024419e+00 1.1971012824e+00 1.1664024185e+00 1.2130949192e+00 2.1338500515e+00 2.7088449597e+00 2.0869872868e+00 1.3805711671e+00 1.5178975910e+00 1.3639969453e+00 0 0
1062 1.5162269454e+03 1.5135739989e+03 1.5217896537e+03 1.5252843997e+03 1.5273198748e+03 1.1188444617e+00 1.1732250510e+00 1.1962336070e+00 1.1655123303e+00 1.2123109722e+00 1.9268435140e+00 2.6541327834e+00 2.1962097734e+00 1.3070577332e+00 1.5182147622e+00 1.4064994007e+00 0 0
1063 1.5158659271e+03 1.5024869384e+03 1.5276977777e+03 1.5059578347e+03 1.5395203799e+03 1.1177984055e+00 1.1723569181e+00 1.1954045309e+00 1.1646728189e+00 1.2115391422e+00 1.9910540935e+00 2.6456691176e+00 2.3900939226e+00 1.3212545078e+00 1.4752250314e+00 1.4540120587e+00 0 0
1064 1.5194484893e+03 1.5281797178e+03 1.5099063713e+03 1.5234382167e+03 1.5196289021e+03 1.1167470357e+00 1.1715250184e+00 1.1945882058e+00 1.1638330542e+00 1.2108156353e+00 2.1977537268e+00 2.9400965720e+00 2.6515156478e+00 1.3792801657e+00 1.5513885096e+00 1.4868783727e+00 0 0
1065 1.5344989648e+03 1.5189829657e+03 1.5343394344e+03 1.5209787967e+03 1.5542963038e+03 1.1156646369e+00 1.1706228537e+00 1.1937781107e+00 1.1629389790e+00 1.2100892718e+00 2.1325161378e+00 2.3096105903e+00 3.2792176455e+00 1.3863956929e+00 1.4208109453e+00 1.6489933804e+00 0 0
1066 1.5164834365e+03 1.5195700050e+03 1.5027168729e+03 1.5097569341e+03 1.5488066374e+03 1.1146006059e+00 1.1697708626e+00 1.1929295236e+00 1.1620681805e+00 1.2092955065e+00 2.0758687219e+00 2.4192327261e+00 2.6887918860e+00 1.3496802824e+00 1.4358387515e+00 1.5620390102e+00 0 0
1067 1.5182130908e+03 1.4953381725e+03 1.5264299034e+03 1.4731484990e+03 1.5372543706e+03 1.1135966319e+00 1.1689015283e+00 1.1920891739e+00 1.1612879990e+00 1.2085383850e+00 2.5953190899e+00 3.0560411513e+00 2.7172532380e+00 1.4652969933e+00 1.5238241851e+00 1.5244589597e+00 0 0
1068 1.5360074695e+03 1.5384945564e+03 1.4921343773e+03 1.5069930325e+03 1.5696980601e+03 1.1125356544e+00 1.1679955746e+00 1.1912685922e+00 1.1604855585e+00 1.2077816040e+00 2.3739718829e+00 3.1373588741e+00 2.8995006680e+00 1.4435896830e+00 1.5673429146e+00 1.5839937702e+00 0 0
1069 1.5279378250e+03 1.4992406411e+03 1.4741545034e+03 1.4879380027e+03 1.5464291125e+03 1.1114180874e+00 1.1670682417e+00 1.1904862596e+00 1.1596424406e+00 1.2069917422e+00 1.8959825619e+00 2.6131917685e+00 2.5619746000e+00 1.3161510593e+00 1.4596961215e+00 1.5191531405e+00 0 0
1070 1.4947699854e+03 1.4797337598e+03 1.4879705138e+03 1.4964187248e+03 1.5516565342e+03 1.1103232488e+00 1.1661887060e+00 1.1896848410e+00 1.1588168928e+00 1.2062330309e+00 1.7666730669e+00 2.5590944886e+00 2.7363393605e+00 1.2551373157e+00 1.4308390245e+00 1.5327721313e+00 0 0
1071 1.4825419997e+03 1.4841676961e+03 1.4883156587e+03 1.4939871151e+03 1.5387069247e+03 1.1092862798e+00 1.1653305725e+00 1.1888617206e+00 1.1579458216e+00 1.2054358057e+00 1.9062489778e+00 2.4871619642e+00 2.5558468848e+00 1.2726579167e+00 1.4416643605e+00 1.5206562281e+00 0 0
1072 1.4709476443e+03 1.4928636073e+03 1.4878777672e+03 1.5452876755e+03 1.5450553388e+03 1.1082795025e+00 1.1644446541e+00 1.1880674391e+00 1.1570332001e+00 1.2046844439e+00 2.0548376634e+00 2.1843517423e+00 2.6776682287e+00 1.2945478538e+00 1.3854459897e+00 1.5121538192e+00 0 0
1073 1.4679017374e+03 1.4938400182e+03 1.4899080509e+03 1.4955047643e+03 1.4987094448e+03 1.1073241912e+00 1.1635687483e+00 1.1872590289e+00 1.1560972001e+00 1.2039745341e+00 2.2673938078e+00 2.0236858279e+00 3.1097159088e+00 1.3261311774e+00 1.3458634317e+00 1.5866661295e+00 0 0
1074 1.4426551389e+03 1.4928986067e+03 1.4659262430e+03 1.5307795400e+03 1.5167278925e+03 1.1064664819e+00 1.1626811498e+00 1.1864793852e+00 1.1552398014e+00 1.2032517422e+00 3.0908800186e+00 2.6946832389e+00 2.9563716501e+00 1.4709419957e+00 1.4855494201e+00 1.5661902353e+00 0 0
1075 1.4856906215e+03 1.4564448153e+03 1.4732100156e+03 1.5191278748e+03 1.4986358797e+03 1.1055282508e+00 1.1618459303e+00 1.1857038244e+00 1.1543295470e+00 1.2025388545e+00 3.1293686348e+00 2.3777528703e+00 2.8513363451e+00 1.5468631598e+00 1.4440622404e+00 1.5173137560e+00 0 0
1076 1.4927731667e+03 1.4833800929e+03 1.4548101251e+03 1.5118076928e+03 1.5143558036e+03 1.1044532939e+00 1.1610171487e+00 1.1849800585e+00 1.1534704322e+00 1.2018263152e+00 1.9758592369e+00 2.6437169313e+00 3.0543679148e+00 1.3127910768e+00 1.4767357185e+00 1.5755823031e+00 0 0
1077 1.4794774900e+03 1.4654323594e+03 1.4725424442e+03 1.5155358788e+03 1.5281379192e+03 1.1034010166e+00 1.1601719891e+00 1.1842393823e+00 1.1526094248e+00 1.2010433535e+00 1.9279418222e+00 2.9969363660e+00 2.4534220845e+00 1.2856292687e+00 1.5690433010e+00 1.4749723747e+00 0 0
1078 1.4568978699e+03 1.4636451073e+03 1.4995261752e+03 1.5132810380e+03 1.5093354498e+03 1.1024544691e+00 1.1593642721e+00 1.1833916880e+00 1.1517471519e+00 1.2002839628e+00 2.5801549459e+00 2.7702017277e+00 2.2988201827e+00 1.4030237032e+00 1.5204081610e+00 1.4113312364e+00 0 0
1079 1.5057690563e+03 1.4896518050e+03 1.5003292139e+03 1.5080858729e+03 1.4998193225e+03 1.1014514371e+00 1.1585176511e+00 1.1825408103e+00 1.1508847632e+00 1.1995558319e+00 2.6649909487e+00 2.7822732031e+00 2.4345084131e+00 1.4742451716e+00 1.5115072131e+00 1.4250929058e+00 0 0
1080 1.4979323137e+03 1.4864564407e+03 1.4846613250e+03 1.5346753728e+03 1.5043822653e+03 1.1003754992e+00 1.1576721116e+00 1.1817238673e+00 1.1499846612e+00 1.1988141926e+00 2.0666981965e+00 2.5555219501e+00 2.4311569780e+00 1.3431175435e+00 1.4906820953e+00 1.4146427885e+00 0 0
1081 1.4683889920e+03 1.4911147675e+03 1.4983913040e+03 1.5558005978e+03 1.4927312216e+03 1.0994211618e+00 1.1568211735e+00 1.1809193344e+00 1.1490333405e+00 1.1981221000e+00 2.5270572539e+00 2.1002672464e+00 2.8264408410e+00 1.3954431601e+00 1.3856112808e+00 1.4961276576e+00 0 0
1082 1.5171823696e+03 1.5061183552e+03 1.4978970258e+03 1.5238876271e+03 1.5033296378e+03 1.0984360005e+00 1.1559483671e+00 1.1801217963e+00 1.1481636254e+00 1.1973952798e+00 2.9228448045e+00 2.6318826377e+00 2.8904871941e+00 1.5264468645e+00 1.4835824370e+00 1.5222888589e+00 0 0
1083 1.5276381624e+03 1.5075184078e+03 1.4856315156e+03 1.5565238514e+03 1.5368363608e+03 1.0973640755e+00 1.1550701038e+00 1.1793654492e+00 1.1472768420e+00 1.1966351475e+00 2.3786662482e+00 2.9716258794e+00 2.4770768285e+00 1.4310349508e+00 1.5967056826e+00 1.4674213827e+00 0 0
1084 1.5355188850e+03 1.4715763657e+03 1.5196180441e+03 1.5321274425e+03 1.5079767903e+03 1.0962992844e+00 1.1542314818e+00 1.1784856075e+00 1.1463306011e+00 1.1958784369e+00 2.4147576167e+00 2.2606394887e+00 2.5968387276e+00 1.4414445618e+00 1.4332653657e+00 1.4693056867e+00 0 0
1085 1.5334191905e+03 1.5168608209e+03 1.4782351809e+03 1.5410833852e+03 1.5324984502e+03 1.0951918366e+00 1.1533341957e+00 1.1776268880e+00 1.1454266819e+00 1.1951479547e+00 2.3671555636e+00 2.4389347136e+00 2.9859422743e+00 1.4505790201e+00 1.4536844939e+00 1.5698415488e+00 0 0
1086 1.5083509227e+03 1.4460495323e+03 1.5100259932e+03 1.5005315725e+03 1.5681455608e+03 1.0941677607e+00 1.1524948785e+00 1.1767830266e+00 1.1445622994e+00 1.1943388055e+00 2.4761187564e+00 2.6917099208e+00 2.4109070003e+00 1.4402806366e+00 1.4910936728e+00 1.4835191444e+00 0 0
1087 1.5353605302e+03 1.5077084433e+03 1.4684273901e+03 1.5217424224e+03 1.5339426326e+03 1.0931502160e+00 1.1517039455e+00 1.1759925140e+00 1.1436675115e+00 1.1935387787e+00 3.1289253336e+00 2.5180086792e+00 2.1607849002e+00 1.6030173545e+00 1.4674623385e+00 1.3896357492e+00 0 0
1088 1.5222321634e+03 1.4808651188e+03 1.5192016818e+03 1.4944759951e+03 1.5166629487e+03 1.0920666881e+00 1.1508249710e+00 1.1751810843e+00 1.1427632229e+00 1.1927869774e+00 2.4038538171e+00 2.0798952878e+00 2.7293312103e+00 1.4496572500e+00 1.3388286605e+00 1.5234181285e+00 0 0
1089 1.4972379127e+03 1.5162116442e+03 1.5177274129e+03 1.4769229838e+03 1.5326826155e+03 1.0909737479e+00 1.1499515244e+00 1.1743125180e+00 1.1419063706e+00 1.1920275132e+00 2.0666343514e+00 2.3374248445e+00 2.7301170230e+00 1.3558783624e+00 1.3787981346e+00 1.5293329284e+00 0 0
1090 1.5121368674e+03 1.5061396848e+03 1.5129695139e+03 1.5111623010e+03 1.5203127968e+03 1.0898951373e+00 1.1490683785e+00 1.1734531636e+00 1.1410434713e+00 1.1912507320e+00 1.9135090358e+00 2.3730157912e+00 2.3617893755e+00 1.2856988566e+00 1.3963558301e+00 1.4438288733e+00 0 0
1091 1.4726866454e+03 1.5271971058e+03 1.4801516814e+03 1.4856020665e+03 1.5236973125e+03 1.0889115844e+00 1.1481377719e+00 1.1726834892e+00 1.1402042475e+00 1.1904872572e+00 2.4538269382e+00 2.4237172157e+00 2.6199866533e+00 1.3927677153e+00 1.3929395527e+00 1.4859723672e+00 0 0
1092 1.5135447345e+03 1.5006570228e+03 1.5103138747e+03 1.5314396821e+03 1.5314484973e+03 1.0879416454e+00 1.1472305317e+00 1.1718884821e+00 1.1393287743e+00 1.1897976234e+00 2.8548767426e+00 2.5254393518e+00 3.1869553477e+00 1.4925221998e+00 1.4469365329e+00 1.6017692313e+00 0 0
1093 1.4591102205e+03 1.5116771315e+03 1.4799284611e+03 1.5046509562e+03 1.5602826667e+03 1.0869705548e+00 1.1463178730e+00 1.1710659643e+00 1.1384175412e+00 1.1889987149e+00 2.7824707274e+00 2.1697643101e+00 2.8177600503e+00 1.4599367384e+00 1.3747406974e+00 1.5875052959e+00 0 0
1094 1.4821199464e+03 1.4712424171e+03 1.4798719539e+03 1.5233648611e+03 1.5382680196e+03 1.0859680640e+00 1.1454511712e+00 1.1702754394e+00 1.1375222761e+00 1.1882196167e+00 2.7950845356e+00 2.2305102646e+00 2.5363258570e+00 1.5025662019e+00 1.3811945915e+00 1.5005621463e+00 0 0
1095 1.4736890946e+03 1.4664579776e+03 1.4692844347e+03 1.4993875416e+03 1.5438890828e+03 1.0849093850e+00 1.1446292383e+00 1.1694560939e+00 1.1366366139e+00 1.1874348764e+00 2.0057549373e+00 2.3730685413e+00 2.4575360566e+00 1.2978037647e+00 1.4157945588e+00 1.4802467376e+00 0 0
1096 1.4367332940e+03 1.4709435747e+03 1.4589687282e+03 1.5068583211e+03 1.5263184465e+03 1.0839165171e+00 1.1437807379e+00 1.1686723538e+00 1.1357788936e+00 1.1866983129e+00 2.1106902454e+00 2.6707497239e+00 2.6632350236e+00 1.2917828060e+00 1.4762472734e+00 1.4943861887e+00 0 0
1097 1.4713069641e+03 1.4544462864e+03 1.4767997495e+03 1.5076781818e+03 1.5321600765e+03 1.0829292610e+00 1.1429351893e+00 1.1678535578e+00 1.1349250410e+00 1.1859192595e+00 2.2644382588e+00 2.8033729643e+00 2.6289577484e+00 1.3357746424e+00 1.5121067390e+00 1.5145153776e+00 0 0
1098 1.4318155316e+03 1.4990428613e+03 1.4853873232e+03 1.5079577249e+03 1.4936564197e+03 1.0819004625e+00 1.1420402913e+00 1.1670537474e+00 1.1340900239e+00 1.1851825170e+00 1.8751192641e+00 2.8651379645e+00 2.3676470369e+00 1.2353678246e+00 1.5097771436e+00 1.4052570462e+00 0 0
1099 1.4080416653e+03 1.4674318553e+03 1.4771270257e+03 1.5264278561e+03 1.4941954357e+03 1.0809585694e+00 1.1411814330e+00 1.1662298712e+00 1.1332499554e+00 1.1844831188e+00 1.8747067422e+00 3.1840248257e+00 2.7273571640e+00 1.1894982372e+00 1.6010484695e+00 1.4658295810e+00 0 0
1100 1.3771147925e+03 1.4760996748e+03 1.4836541881e+03 1.5433889659e+03 1.4921301887e+03 1.0801075937e+00 1.1403360212e+00 1.1654161559e+00 1.1323275704e+00 1.1837970235e+00 2.7767149778e+00 2.6469307393e+00 2.9908246398e+00 1.3585271846e+00 1.5238724947e+00 1.5157493874e+00 0 0
1101 1.4234910883e+03 1.4853051033e+03 1.4750255083e+03 1.5719266840e+03 1.4864146461e+03 1.0791967836e+00 1.1394658040e+00 1.1645974615e+00 1.1313255515e+00 1.1831050417e+00 2.4404994533e+00 2.0621368289e+00 2.8386603296e+00 1.3346121500e+00 1.4020645171e+00 1.4946450964e+00 0 0
1102 1.3743195083e+03 1.4722144035e+03 1.4911524905e+03 1.5133461270e+03 1.5087857701e+03 1.0782849613e+00 1.1385891315e+00 1.1637902641e+00 1.1304496816e+00 1.1823876665e+00 1.9550935101e+00 2.5593663156e+00 2.7192036062e+00 1.1856359242e+00 1.4700035006e+00 1.4815996215e+00 0 0
1103 1.3963249204e+03 1.4710019545e+03 1.4815169591e+03 1.5693503433e+03 1.5241947054e+03 1.0774592361e+00 1.1377832822e+00 1.1629547162e+00 1.1296172632e+00 1.1816515636e+00 2.6409714120e+00 4.0833565295e+00 2.4862816185e+00 1.3181959642e+00 1.7909011319e+00 1.4388152882e+00 0 0
1104 1.4282276110e+03 1.4784270357e+03 1.4891465677e+03 1.5570936067e+03 1.4963564081e+03 1.0764997264e+00 1.1369326332e+00 1.1621580895e+00 1.1286476214e+00 1.1809346062e+00 2.1864101443e+00 2.5437666476e+00 2.6934671700e+00 1.2866534375e+00 1.5403461605e+00 1.4806734771e+00 0 0
1105 1.4280843379e+03 1.4981950808e+03 1.5054290917e+03 1.5431057968e+03 1.5441202997e+03 1.0755035365e+00 1.1360641999e+00 1.1613526173e+00 1.1276596791e+00 1.1801776420e+00 1.6781095622e+00 2.0725985616e+00 2.5461661369e+00 1.1528330067e+00 1.4040349647e+00 1.4851702228e+00 0 0
1106 1.3931494739e+03 1.5091186169e+03 1.4830560509e+03 1.5247637522e+03 1.4948991605e+03 1.0745702182e+00 1.1351625982e+00 1.1605752042e+00 1.1267350620e+00 1.1794230813e+00 1.9629466686e+00 2.1656415612e+00 2.2878543735e+00 1.2001780143e+00 1.3918573558e+00 1.4016259685e+00 0 0
1107 1.4193980017e+03 1.5156894471e+03 1.5298856983e+03 1.5167265739e+03 1.5380076398e+03 1.0736303241e+00 1.1342407057e+00 1.1597872574e+00 1.1258394160e+00 1.1786824192e+00 2.1913736503e+00 2.3119656146e+00 2.7231252939e+00 1.2786613318e+00 1.4100212455e+00 1.5135680586e+00 0 0
1108 1.4186458997e+03 1.5267514532e+03 1.5196487259e+03 1.5193220528e+03 1.5285805507e+03 1.0726391750e+00 1.1333237780e+00 1.1589173585e+00 1.1249251798e+00 1.1778950392e+00 1.8111696727e+00 2.2720133811e+00 2.2870395482e+00 1.1888263269e+00 1.4045264795e+00 1.4369914085e+00 0 0
1109 1.3995078151e+03 1.5387476239e+03 1.5361658439e+03 1.5332103574e+03 1.5471853477e+03 1.0717344497e+00 1.1323518091e+00 1.1580448551e+00 1.1239965274e+00 1.1771106583e+00 2.1465811885e+00 2.1628048122e+00 2.2510986328e+00 1.2371195652e+00 1.3857006431e+00 1.4148552716e+00 0 0
1110 1.4315564813e+03 1.4930637964e+03 1.5238714677e+03 1.4906830649e+03 1.5523158506e+03 1.0707810915e+00 1.1314979233e+00 1.1571517275e+00 1.1231264458e+00 1.1763237124e+00 2.2783611108e+00 2.4445319772e+00 2.3252600729e+00 1.3038535077e+00 1.4222647101e+00 1.4470982626e+00 0 0
1111 1.4240977479e+03 1.5175719917e+03 1.5061659105e+03 1.5006273688e+03 1.5672219052e+03 1.0697206242e+00 1.1306255282e+00 1.1563006145e+00 1.1222752187e+00 1.1755176761e+00 1.6025504432e+00 2.8421259224e+00 2.3286400735e+00 1.1519945859e+00 1.5151554868e+00 1.4635674581e+00 0 0
1112 1.3573419508e+03 1.5041473498e+03 1.4905045287e+03 1.4852144626e+03 1.5691476986e+03 1.0687876621e+00 1.1297174461e+00 1.1554799179e+00 1.1213887543e+00 1.1747115552e+00 1.7255010052e+00 2.3522278666e+00 2.3162349463e+00 1.1249604041e+00 1.4088828489e+00 1.4632063285e+00 0 0
1113 1.4014534782e+03 1.4880558625e+03 1.4855177549e+03 1.4809297755e+03 1.5491967273e+03 1.0679608867e+00 1.1288296066e+00 1.1546774244e+00 1.1205239411e+00 1.1739347773e+00 2.8401040661e+00 2.2593777776e+00 2.6319254488e+00 1.3536804200e+00 1.3608216494e+00 1.5298254564e+00 0 0
1114 1.3991732327e+03 1.4775494070e+03 1.4760266766e+03 1.4628860174e+03 1.5470124434e+03 1.0669938079e+00 1.1279898786e+00 1.1538941640e+00 1.1196789782e+00 1.1731836129e+00 2.0989979374e+00 2.1920687854e+00 3.0864164233e+00 1.2509575629e+00 1.3335251734e+00 1.6290780306e+00 0 0
1115 1.3689174640e+03 1.4722952319e+03 1.4727133971e+03 1.4616514632e+03 1.5239279839e+03 1.0661145375e+00 1.1271629198e+00 1.1531363871e+00 1.1188494861e+00 1.1724566880e+00 2.1433865318e+00 2.2884354442e+00 3.1455321908e+00 1.2152284910e+00 1.3359286562e+00 1.6241549402e+00 0 0
1116 1.3985251334e+03 1.4841423449e+03 1.5046065931e+03 1.4386420681e+03 1.5552856651e+03 1.0652232618e+00 1.1263350321e+00 1.1523225323e+00 1.1180412447e+00 1.1716861908e+00 2.4777506278e+00 2.2421399355e+00 2.6877014339e+00 1.3010279706e+00 1.3253168762e+00 1.5481576249e+00 0 0
1117 1.3688887813e+03 1.4919274446e+03 1.4843752895e+03 1.4268141084e+03 1.5065948360e+03 1.0643239951e+00 1.1254761891e+00 1.1514796833e+00 1.1172537684e+00 1.1709417996e+00 2.2291452035e+00 2.2898834795e+00 2.5516102165e+00 1.2437354882e+00 1.2992291972e+00 1.4825963974e+00 0 0
1118 1.3635176587e+03 1.4630230689e+03 1.4557129696e+03 1.4061329062e+03 1.5310992783e+03 1.0634641042e+00 1.1246202494e+00 1.1506719372e+00 1.1165355014e+00 1.1702215225e+00 2.3914003466e+00 2.6058407873e+00 2.6785015762e+00 1.2616078093e+00 1.3514722809e+00 1.4979701638e+00 0 0
1119 1.3807201560e+03 1.4472208712e+03 1.4625444438e+03 1.4099847517e+03 1.5086696126e+03 1.0625454915e+00 1.1238137095e+00 1.1498549910e+00 1.1157457750e+00 1.1694695410e+00 1.9639973092e+00 2.5479515940e+00 2.3819196373e+00 1.1784320047e+00 1.3701614663e+00 1.4306113571e+00 0 0
1120 1.3627975518e+03 1.4480523989e+03 1.4522806203e+03 1.4258132767e+03 1.5187307200e+03 1.0615940618e+00 1.1229604529e+00 1.1490377236e+00 1.1150026106e+00 1.1687776572e+00 1.7198172078e+00 2.2819112390e+00 2.8648320735e+00 1.1163243248e+00 1.2841806635e+00 1.5135805607e+00 0 0
1121 1.3364635285e+03 1.4362961046e+03 1.4304729987e+03 1.4379462786e+03 1.5210373105e+03 1.0607006672e+00 1.1221552817e+00 1.1482683858e+00 1.1141816980e+00 1.1680571390e+00 1.8487410949e+00 2.0793311000e+00 3.0077014267e+00 1.1252252162e+00 1.2724126726e+00 1.5737615451e+00 0 0
1122 1.3654180251e+03 1.4343821841e+03 1.4172450388e+03 1.4510916580e+03 1.4953522996e+03 1.0598029019e+00 1.1213534227e+00 1.1475566552e+00 1.1133623870e+00 1.1673305713e+00 1.9212528870e+00 1.9383172691e+00 2.7069353163e+00 1.1425344905e+00 1.2369488627e+00 1.4951520562e+00 0 0
1123 1.3600383211e+03 1.4289375424e+03 1.4099597955e+03 1.4084421358e+03 1.4803226000e+03 1.0588812801e+00 1.1205450415e+00 1.1468513679e+00 1.1125673500e+00 1.1666090646e+00 1.7712390032e+00 2.1562296897e+00 2.5302183628e+00 1.1157039891e+00 1.2785142958e+00 1.4505621493e+00 0 0
1124 1.3266686976e+03 1.4008145398e+03 1.4101388230e+03 1.4391005872e+03 1.4563900576e+03 1.0580212327e+00 1.1197648863e+00 1.1461132990e+00 1.1117938945e+00 1.1659391657e+00 1.9111545617e+00 2.3696025610e+00 2.5928492993e+00 1.1163229277e+00 1.3292786181e+00 1.4151839241e+00 0 0
1125 1.3285919275e+03 1.3952715238e+03 1.4120077903e+03 1.4402112692e+03 1.4829003675e+03 1.0572026293e+00 1.1190226458e+00 1.1453577390e+00 1.1109899048e+00 1.1652888946e+00 2.3250668048e+00 2.1947522759e+00 3.0252673179e+00 1.1954003260e+00 1.2981329709e+00 1.5043058470e+00 0 0
1126 1.3644425226e+03 1.4055206775e+03 1.4096603758e+03 1.4164618774e+03 1.4520215219e+03 1.0562898615e+00 1.1182398337e+00 1.1445987509e+00 1.1102355535e+00 1.1646260808e+00 1.9569104705e+00 2.4602194279e+00 2.6883241683e+00 1.1616576145e+00 1.3327585086e+00 1.4278697819e+00 0 0
1127 1.3680401064e+03 1.4101594325e+03 1.3990906868e+03 1.4460262792e+03 1.4632197374e+03 1.0553432568e+00 1.1174319762e+00 1.1438574406e+00 1.1094654852e+00 1.1639632340e+00 1.6036852342e+00 2.5895118415e+00 2.5421509147e+00 1.0675878793e+00 1.3787701502e+00 1.3954971209e+00 0 0
1128 1.3479952711e+03 1.4085792487e+03 1.4297512896e+03 1.4204196563e+03 1.4368806492e+03 1.0544011954e+00 1.1166121072e+00 1.1431225176e+00 1.1086454602e+00 1.1632996833e+00 1.5317632996e+00 2.1297807395e+00 2.3038828820e+00 1.0437695483e+00 1.2928824648e+00 1.3367242739e+00 0 0
1129 1.3300346314e+03 1.4213822938e+03 1.3916260723e+03 1.4029526008e+03 1.4476781410e+03 1.0534953996e+00 1.1158186617e+00 1.1423820154e+00 1.1078673986e+00 1.1626157587e+00 1.6905666284e+00 2.1638677716e+00 2.0684140921e+00 1.0708828883e+00 1.2631204799e+00 1.2753008083e+00 0 0
1130 1.3129524992e+03 1.3991111017e+03 1.4127658599e+03 1.4070055082e+03 1.4236584914e+03 1.0526162296e+00 1.1150214786e+00 1.1416898456e+00 1.1071088090e+00 1.1619648278e+00 1.6358799121e+00 2.5648115128e+00 2.0828689039e+00 1.0373775915e+00 1.3547095582e+00 1.2586189806e+00 0 0
1131 1.3054699659e+03 1.4374150410e+03 1.3937483184e+03 1.4264122826e+03 1.4418560955e+03 1.0517739825e+00 1.1142116198e+00 1.1409820496e+00 1.1063126567e+00 1.1613074501e+00 1.6851555449e+00 2.1716506779e+00 2.3116067052e+00 1.0337894155e+00 1.2797218710e+00 1.3194039315e+00 0 0
1132 1.3197904847e+03 1.4054907506e+03 1.4089056924e+03 1.3894265904e+03 1.4542687166e+03 1.0509436520e+00 1.1133612133e+00 1.1402476875e+00 1.1055918403e+00 1.1606420370e+00 1.8329217999e+00 2.4283756316e+00 2.0522186607e+00 1.0648055986e+00 1.2866018414e+00 1.2692617923e+00 0 0
1133 1.3206810120e+03 1.4206105642e+03 1.4057891467e+03 1.4124429192e+03 1.4407531017e+03 1.0500588591e+00 1.1125394138e+00 1.1395398462e+00 1.1048599629e+00 1.1599710204e+00 1.5757195144e+00 2.9377153218e+00 2.0688291490e+00 1.0224018370e+00 1.4219245538e+00 1.2582478151e+00 0 0
1134 1.2875209249e+03 1.4079461549e+03 1.3776519880e+03 1.3993465439e+03 1.4319371495e+03 1.0491698123e+00 1.1117207397e+00 1.1388539839e+00 1.1040849048e+00 1.1593601897e+00 1.4528344692e+00 2.3257181346e+00 2.6562875956e+00 9.8058028999e-01 1.3011090308e+00 1.3904390559e+00 0 0
1135 1.2773849862e+03 1.3922084973e+03 1.4200632468e+03 1.3922118194e+03 1.4449927335e+03 1.0483705545e+00 1.1109304874e+00 1.1381489070e+00 1.1033064091e+00 1.1587085288e+00 1.7280784920e+00 2.2316869050e+00 2.7065615803e+00 1.0177770718e+00 1.2719623223e+00 1.4165312499e+00 0 0
1136 1.2688329057e+03 1.3953575259e+03 1.3836857483e+03 1.3992333615e+03 1.4418894722e+03 1.0476305469e+00 1.1101883605e+00 1.1373985527e+00 1.1025226472e+00 1.1580771132e+00 2.3963919289e+00 1.9682173207e+00 2.3411674351e+00 1.1500606634e+00 1.2039690092e+00 1.3285352662e+00 0 0
1137 1.3002093821e+03 1.3716053095e+03 1.3703671497e+03 1.3582934145e+03 1.4478301005e+03 1.0468491724e+00 1.1094323207e+00 1.1367233840e+00 1.1017616808e+00 1.1573992468e+00 2.3408903374e+00 2.0091557503e+00 2.3586898446e+00 1.1645714172e+00 1.1948366314e+00 1.3534511477e+00 0 0
1138 1.2874750833e+03 1.3876095903e+03 1.3918115893e+03 1.3691974839e+03 1.4441297553e+03 1.0460131778e+00 1.1086997268e+00 1.1360367154e+00 1.1010408753e+00 1.1567467304e+00 1.7959703261e+00 2.2059229612e+00 2.2281588316e+00 1.0550496570e+00 1.2214219943e+00 1.3044053912e+00 0 0
1139 1.3091648052e+03 1.3909165144e+03 1.3722808113e+03 1.3614176435e+03 1.4112484721e+03 1.0451624123e+00 1.1078937661e+00 1.1353207237e+00 1.1002929795e+00 1.1561096006e+00 1.6642535733e+00 2.1988072842e+00 2.4530411959e+00 1.0242545765e+00 1.2389996648e+00 1.3508458734e+00 0 0
1140 1.3016542029e+03 1.4004264529e+03 1.3884340100e+03 1.3804794457e+03 1.4501124094e+03 1.0442945391e+00 1.1070833644e+00 1.1346459677e+00 1.0995332707e+00 1.1554640143e+00 1.6653192017e+00 1.9749178290e+00 2.4811279625e+00 1.0331451306e+00 1.1825577468e+00 1.3599869683e+00 0 0
1141 1.3023148868e+03 1.3725972643e+03 1.3753479560e+03 1.3500385180e+03 1.4285059503e+03 1.0434738161e+00 1.1062904371e+00 1.1339172536e+00 1.0987976737e+00 1.1547822443e+00 2.0974786668e+00 2.0564241856e+00 2.0747121125e+00 1.1249659145e+00 1.1780855358e+00 1.2838125080e+00 0 0
1142 1.3089860161e+03 1.3778045489e+03 1.3821542515e+03 1.3793289129e+03 1.4297026789e+03 1.0425968550e+00 1.1055218749e+00 1.1331800017e+00 1.0980749565e+00 1.1541095844e+00 1.9164019808e+00 2.1619831175e+00 1.9789620042e+00 1.1139304819e+00 1.2081130147e+00 1.2358873188e+00 0 0
1143 1.2747239897e+03 1.3422105368e+03 1.3451604458e+03 1.3427485803e+03 1.4187751760e+03 1.0417071834e+00 1.1047935789e+00 1.1324714549e+00 1.0973572225e+00 1.1534683429e+00 1.6000279252e+00 2.2448771298e+00 2.1124014854e+00 1.0227277056e+00 1.2181097716e+00 1.2620121539e+00 0 0
1144 1.2932507874e+03 1.3347599035e+03 1.3508110989e+03 1.3641185799e+03 1.3902190475e+03 1.0408585154e+00 1.1041159991e+00 1.1317944077e+00 1.0966574318e+00 1.1528553301e+00 1.7935524529e+00 2.3015932143e+00 2.5376245826e+00 1.0570051550e+00 1.2229330987e+00 1.3274502158e+00 0 0
1145 1.3031288469e+03 1.3557496543e+03 1.3407499301e+03 1.3673262230e+03 1.4250580690e+03 1.0399606698e+00 1.1033953915e+00 1.1311104123e+00 1.0959348854e+00 1.1522637341e+00 1.5032937935e+00 2.2200178057e+00 2.8460474461e+00 9.9601010610e-01 1.2173197195e+00 1.4070743844e+00 0 0
1146 1.2974285269e+03 1.3462784352e+03 1.3504688538e+03 1.3675937811e+03 1.4129858456e+03 1.0390993031e+00 1.1026225375e+00 1.1304188826e+00 1.0951712298e+00 1.1515866282e+00 1.5044888124e+00 2.0157271773e+00 2.1436450332e+00 9.7716789917e-01 1.1903320551e+00 1.2855717018e+00 0 0
1147 1.2821367847e+03 1.3350435854e+03 1.3420737219e+03 1.3294840165e+03 1.3975612688e+03 1.0382705160e+00 1.1018900822e+00 1.1296984668e+00 1.0944371264e+00 1.1509513159e+00 1.8226205995e+00 1.8300270364e+00 1.8899933323e+00 1.0511840577e+00 1.1127009913e+00 1.1817747056e+00 0 0
1148 1.2949480158e+03 1.3228318109e+03 1.3488787010e+03 1.3530932156e+03 1.3623042979e+03 1.0374253808e+00 1.1011829527e+00 1.1289851992e+00 1.0937116590e+00 1.1503432233e+00 1.9243556562e+00 1.8734720871e+00 2.2589716315e+00 1.0906384832e+00 1.1229789704e+00 1.2517227307e+00 0 0
1149 1.2906054805e+03 1.3537096716e+03 1.3197379948e+03 1.3266815745e+03 1.3786288478e+03 1.0365458769e+00 1.1004343361e+00 1.1283066928e+00 1.0929672732e+00 1.1497395966e+00 1.5334910288e+00 1.6096618399e+00 2.2821738571e+00 9.9568983192e-01 1.0514774695e+00 1.2534798458e+00 0 0
1150 1.2636372764e+03 1.3256761482e+03 1.3247897946e+03 1.3147525433e+03 1.3604465260e+03 1.0357010946e+00 1.0996787808e+00 1.1276785877e+00 1.0922747021e+00 1.1491806730e+00 1.6037004670e+00 1.6854868978e+00 2.5835164934e+00 9.8881246134e-01 1.0402031243e+00 1.2959908545e+00 0 0
1151 1.2840652420e+03 1.3516022436e+03 1.3358809827e+03 1.3373379341e+03 1.3854967521e+03 1.0348474969e+00 1.0989320572e+00 1.1270256410e+00 1.0915649483e+00 1.1485857000e+00 1.6540940178e+00 1.8683583289e+00 2.4673349410e+00 1.0133767336e+00 1.1078139693e+00 1.2976102456e+00 0 0
1152 1.2858089330e+03 1.3379272215e+03 1.3358296111e+03 1.3460768923e+03 1.3602901345e+03 1.0339333688e+00 1.0981660668e+00 1.1263479426e+00 1.0908002407e+00 1.1479834081e+00 1.3251133167e+00 1.5379700214e+00 2.1978857517e+00 9.3443883491e-01 1.0401041955e+00 1.2287250906e+00 0 0
1153 1.2465078550e+03 1.3393510555e+03 1.3366703969e+03 1.2955476641e+03 1.3677338009e+03 1.0330840052e+00 1.0974144295e+00 1.1256551109e+00 1.0900928863e+00 1.1473895494e+00 1.3908672903e+00 1.5071985796e+00 2.2404263765e+00 9.2461671056e-01 9.9909457192e-01 1.2313045263e+00 0 0
1154 1.2702689724e+03 1.3023991324e+03 1.2984801211e+03 1.3154148585e+03 1.3764197216e+03 1.0323042507e+00 1.0967101591e+00 1.1249819702e+00 1.0894204912e+00 1.1467886437e+00 2.0134305493e+00 2.0682129711e+00 2.1364213228e+00 1.0631974644e+00 1.1243323535e+00 1.2106562629e+00 0 0
1155 1.2903486060e+03 1.2897340327e+03 1.3271354490e+03 1.3241584120e+03 1.3682323450e+03 1.0314246745e+00 1.0960314606e+00 1.1242990668e+00 1.0887384471e+00 1.1461688725e+00 1.5735166416e+00 1.9873222411e+00 2.0646292120e+00 9.9761716129e-01 1.1232628599e+00 1.2070139423e+00 0 0
1156 1.2682382817e+03 1.3078591763e+03 1.2946877037e+03 1.2941900942e+03 1.3954739338e+03 1.0305320649e+00 1.0953540930e+00 1.1236298849e+00 1.0880585856e+00 1.1455487961e+00 1.3188628054e+00 1.8947543278e+00 1.8665935248e+00 9.2113801259e-01 1.0831458792e+00 1.1531757712e+00 0 0
1157 1.2546173241e+03 1.2793919943e+03 1.2986888099e+03 1.3091546891e+03 1.3551702845e+03 1.0296909474e+00 1.0946781847e+00 1.1229839456e+00 1.0874222015e+00 1.1449291279e+00 1.4977054400e+00 2.4393599331e+00 1.8603949696e+00 9.5023048611e-01 1.1947792694e+00 1.1468729451e+00 0 0
1158 1.2870357945e+03 1.2938705499e+03 1.2736155719e+03 1.3612301422e+03 1.3607903953e+03 1.0288128681e+00 1.0940199258e+00 1.1223602424e+00 1.0867051740e+00 1.1443260818e+00 1.4614008422e+00 2.0528676212e+00 1.9856591299e+00 9.5988833137e-01 1.1595862955e+00 1.1713510081e+00 0 0
1159 1.2624288398e+03 1.2772953359e+03 1.3233557723e+03 1.3539446074e+03 1.3251804594e+03 1.0279020722e+00 1.0933355540e+00 1.1217103754e+00 1.0859334802e+00 1.1437259860e+00 1.2537327023e+00 1.6228290871e+00 1.8127151877e+00 9.0439900096e-01 1.0722605512e+00 1.1136084571e+00 0 0
1160 1.2492869124e+03 1.3130110434e+03 1.2795345834e+03 1.3247334638e+03 1.3558336919e+03 1.0270191886e+00 1.0926483057e+00 1.1210520241e+00 1.0852029347e+00 1.1431406950e+00 1.1682566824e+00 1.8100755885e+00 1.7248957232e+00 8.5755896880e-01 1.0984959826e+00 1.0757662281e+00 0 0
1161 1.2310120721e+03 1.2720567990e+03 1.2876153346e+03 1.3311424604e+03 1.3130536927e+03 1.0261896367e+00 1.0919579034e+00 1.1204410792e+00 1.0844586771e+00 1.1425751621e+00 1.2943609536e+00 1.7342145666e+00 1.8636636585e+00 8.7373135302e-01 1.0876426697e+00 1.1006775275e+00 0 0
1162 1.2168596776e+03 1.3025103646e+03 1.2850267993e+03 1.3182346149e+03 1.3288901384e+03 1.0254070366e+00 1.0912707359e+00 1.1198206672e+00 1.0837186178e+00 1.1420255492e+00 1.5171816037e+00 1.5241413414e+00 1.9988804981e+00 9.2230692463e-01 1.0195134059e+00 1.1248394996e+00 0 0
1163 1.2269328668e+03 1.2882692362e+03 1.2984887851e+03 1.2906079963e+03 1.3328190988e+03 1.0246070674e+00 1.0905683559e+00 1.1192031753e+00 1.0830758779e+00 1.1414365071e+00 1.5315678713e+00 1.9642864689e+00 1.8176081404e+00 9.3302415366e-01 1.0763998553e+00 1.1096401885e+00 0 0
1164 1.1936632364e+03 1.2878880483e+03 1.2730716791e+03 1.3209996215e+03 1.3216270276e+03 1.0238700980e+00 1.0898975065e+00 1.1185924223e+00 1.0824395316e+00 1.1408686516e+00 1.7471120604e+00 2.5869352072e+00 1.8477363735e+00 9.5471600942e-01 1.2310359851e+00 1.0909599364e+00 0 0
1165 1.2440366222e+03 1.2826266994e+03 1.3068895803e+03 1.3073129885e+03 1.3153243896e+03 1.0231337243e+00 1.0892323296e+00 1.1179806424e+00 1.0817570051e+00 1.1403452502e+00 1.9392611643e+00 1.9691646993e+00 2.2486633211e+00 1.0058079753e+00 1.1121234372e+00 1.1657554805e+00 0 0
1166 1.2114393203e+03 1.3202999659e+03 1.3084486043e+03 1.3082624928e+03 1.3297892690e+03 1.0223648134e+00 1.0885158927e+00 1.1173416557e+00 1.0811154425e+00 1.1397800782e+00 1.6706784168e+00 2.2618292421e+00 1.9855355024e+00 9.5896452552e-01 1.1599472836e+00 1.1374483258e+00 0 0
1167 1.2125741382e+03 1.2993548399e+03 1.3188415845e+03 1.3266359712e+03 1.3240957292e+03 1.0215935339e+00 1.0878122373e+00 1.1166632216e+00 1.0804112876e+00 1.1392176380e+00 1.6000352175e+00 2.0202434361e+00 1.9570405930e+00 9.3032301483e-01 1.1433113515e+00 1.1149978042e+00 0 0
1168 1.2072453457e+03 1.2991077226e+03 1.2990154926e+03 1.2931262506e+03 1.3226349648e+03 1.0208003511e+00 1.0871292910e+00 1.1159832468e+00 1.0797172607e+00 1.1386750806e+00 1.5094318203e+00 1.6223902181e+00 2.1070545912e+00 9.2055639661e-01 1.0203836113e+00 1.1473948658e+00 0 0
1169 1.2230139554e+03 1.2884892801e+03 1.2694105916e+03 1.3001796030e+03 1.3389142990e+03 1.0200063391e+00 1.0864285902e+00 1.1153424202e+00 1.0790251046e+00 1.1381226115e+00 1.3594916644e+00 1.7637184635e+00 2.1673289686e+00 8.7088743743e-01 1.0506295636e+00 1.1683050320e+00 0 0
1170 1.1768629855e+03 1.2808791902e+03 1.2872900314e+03 1.3051472139e+03 1.3473300449e+03 1.0192601491e+00 1.0857338475e+00 1.1147464198e+00 1.0783164495e+00 1.1375472462e+00 1.5354660879e+00 1.6109976768e+00 2.1944019645e+00 8.9418180225e-01 1.0232532173e+00 1.1956801936e+00 0 0
1171 1.1865035314e+03 1.2931329688e+03 1.2947428799e+03 1.2807683241e+03 1.3592589893e+03 1.0185618543e+00 1.0850453788e+00 1.1141184094e+00 1.0776278781e+00 1.1369643414e+00 1.8855742745e+00 1.5954184681e+00 2.0183968991e+00 9.5246166138e-01 1.0022346601e+00 1.1625191271e+00 0 0
1172 1.1651505800e+03 1.2814409858e+03 1.2782164332e+03 1.2972858205e+03 1.3235068946e+03 1.0178371510e+00 1.0843749708e+00 1.1135100773e+00 1.0769549542e+00 1.1363740336e+00 1.8153954899e+00 1.9212988243e+00 1.9014314488e+00 9.5339797589e-01 1.0744185224e+00 1.1329238340e+00 0 0
1173 1.1672025110e+03 1.2838548886e+03 1.2953110630e+03 1.2986213844e+03 1.3069194696e+03 1.0171186338e+00 1.0837366765e+00 1.1128796359e+00 1.0762781923e+00 1.1358565936e+00 1.6079442502e+00 1.7695493400e+00 2.2827264369e+00 8.9115220392e-01 1.0500956774e+00 1.1595918685e+00 0 0
1174 1.1703657864e+03 1.2971445563e+03 1.2744706254e+03 1.2790223806e+03 1.3172586117e+03 1.0163490596e+00 1.0830216193e+00 1.1122300661e+00 1.0756191618e+00 1.1353329360e+00 1.3530597326e+00 1.9070567861e+00 2.4446663707e+00 8.4260527197e-01 1.0642773658e+00 1.2150512487e+00 0 0
1175 1.1695074898e+03 1.2612766350e+03 1.2816193858e+03 1.2940958233e+03 1.3271594667e+03 1.0155566924e+00 1.0823438232e+00 1.1116160063e+00 1.0749531289e+00 1.1347764106e+00 1.2305713893e+00 1.8922141343e+00 2.0559527874e+00 8.0988033116e-01 1.0706432611e+00 1.1439957395e+00 0 0
1176 1.1621681702e+03 1.2716731105e+03 1.2590925800e+03 1.2948420753e+03 1.3342878250e+03 1.0147584013e+00 1.0817355309e+00 1.1110031326e+00 1.0742458306e+00 1.1342179156e+00 1.2042720021e+00 1.5998221934e+00 1.9678019583e+00 8.0397327943e-01 1.0157861710e+00 1.1233794838e+00 0 0
1177 1.1580186248e+03 1.2598894297e+03 1.2619355174e+03 1.2904153401e+03 1.3334609106e+03 1.0139827178e+00 1.0810847917e+00 1.1104142734e+00 1.0735353827e+00 1.1336401922e+00 1.2090728213e+00 1.4351251498e+00 1.7700011432e+00 7.9657588049e-01 9.6416308358e-01 1.0878979713e+00 0 0
1178 1.1392133741e+03 1.2705320736e+03 1.2629979711e+03 1.2530041899e+03 1.3167091554e+03 1.0132740466e+00 1.0804187707e+00 1.1097998571e+00 1.0728590353e+00 1.1330671320e+00 1.4585276651e+00 1.5246442109e+00 1.8024942279e+00 8.2700562316e-01 9.6047909930e-01 1.0876536295e+00 0 0
1179 1.1496561275e+03 1.2567875715e+03 1.2575291746e+03 1.2319993912e+03 1.3109289645e+03 1.0126076136e+00 1.0797442092e+00 1.1091914331e+00 1.0722818458e+00 1.1325142722e+00 1.8555394381e+00 2.0510063022e+00 1.8766315058e+00 9.1787047042e-01 1.0510402396e+00 1.0945677757e+00 0 0
1180 1.1339433216e+03 1.2576594829e+03 1.2782635194e+03 1.2400904201e+03 1.3169291932e+03 1.0118994093e+00 1.0791055177e+00 1.1085678323e+00 1.0716544535e+00 1.1319619580e+00 1.5976413065e+00 1.9960206971e+00 1.8323445246e+00 8.6699585287e-01 1.0515040308e+00 1.0778985322e+00 0 0
1181 1.1676855964e+03 1.2681172560e+03 1.2641234117e+03 1.2435388012e+03 1.3002560325e+03 1.0111702324e+00 1.0784401230e+00 1.1079293447e+00 1.0710468636e+00 1.1314252569e+00 1.4295321977e+00 1.8104366660e+00 1.7782022431e+00 8.3959172768e-01 1.0071483925e+00 1.0513083786e+00 0 0
1182 1.1321169505e+03 1.2553907758e+03 1.2685403029e+03 1.2589658454e+03 1.2985158836e+03 1.0104192422e+00 1.0777865657e+00 1.1073035934e+00 1.0703823665e+00 1.1308914488e+00 1.1987917951e+00 1.6347825080e+00 2.0332887322e+00 7.7585087226e-01 9.8619836569e-01 1.1078150123e+00 0 0
1183 1.1091452717e+03 1.2798575116e+03 1.2577494285e+03 1.2234856967e+03 1.3056708046e+03 1.0097491051e+00 1.0770913440e+00 1.1066775741e+00 1.0697634079e+00 1.1303575839e+00 1.4502728677e+00 1.6477382407e+00 1.9758252725e+00 8.0589693879e-01 9.6668517217e-01 1.1062103435e+00 0 0
1184 1.1205473063e+03 1.2640640807e+03 1.2391503137e+03 1.2420830286e+03 1.2928240406e+03 1.0090843051e+00 1.0763796614e+00 1.1060695510e+00 1.0691680062e+00 1.1298084010e+00 1.7512000172e+00 2.0080693960e+00 1.8437174037e+00 8.7740946438e-01 1.0316682458e+00 1.0647536740e+00 0 0
1185 1.1337582483e+03 1.2403672843e+03 1.2356135622e+03 1.2465813251e+03 1.3059267782e+03 1.0083396907e+00 1.0756870955e+00 1.1054809260e+00 1.0685305060e+00 1.1292970451e+00 1.1926633063e+00 1.6978738829e+00 2.0624942034e+00 7.6890068786e-01 9.9816476926e-01 1.1154064611e+00 0 0
1186 1.0964571515e+03 1.2407793922e+03 1.2284385414e+03 1.2197848171e+03 1.2937095887e+03 1.0076169235e+00 1.0750376784e+00 1.1049117752e+00 1.0678947880e+00 1.1287419466e+00 1.0603076858e+00 1.5519284829e+00 1.8428817466e+00 7.0843635362e-01 9.3673484772e-01 1.0711276680e+00 0 0
1187 1.1057652527e+03 1.2379670331e+03 1.2075130952e+03 1.2265017326e+03 1.2848135079e+03 1.0069305315e+00 1.0743646708e+00 1.1043302906e+00 1.0672629404e+00 1.1282411029e+00 1.2510353594e+00 1.6412671208e+00 1.9856802747e+00 7.4994977148e-01 9.6858436614e-01 1.0804902688e+00 0 0
1188 1.0883279856e+03 1.2219726368e+03 1.2164498037e+03 1.2114808088e+03 1.2956243669e+03 1.0062169595e+00 1.0736972468e+00 1.1037815262e+00 1.0666168491e+00 1.1277046062e+00 1.1107521617e+00 1.4829809219e+00 1.9986152351e+00 7.2071563772e-01 9.2032652348e-01 1.1019242704e+00 0 0
1189 1.0788493965e+03 1.2121505166e+03 1.2150757692e+03 1.2204028024e+03 1.2591143713e+03 1.0055260364e+00 1.0730636127e+00 1.1031971233e+00 1.0659982762e+00 1.1271914209e+00 1.0906399661e+00 1.5165713653e+00 1.8038582951e+00 6.9710094900e-01 9.1680407152e-01 1.0409656316e+00 0 0
1190 1.0685685068e+03 1.2177904684e+03 1.2207118313e+03 1.1969181259e+03 1.2748220464e+03 1.0048955256e+00 1.0724468609e+00 1.1026443353e+00 1.0653989019e+00 1.1266688449e+00 1.3148060563e+00 1.6759759709e+00 1.9148855358e+00 7.3400591670e-01 9.3813408911e-01 1.0664301664e+00 0 0
1191 1.0661808989e+03 1.2287507375e+03 1.2178124342e+03 1.1823502019e+03 1.2491243933e+03 1.0042800922e+00 1.0718087798e+00 1.1020767203e+00 1.0648121824e+00 1.1261624349e+00 1.5112779277e+00 1.8055015579e+00 1.6951632798e+00 7.7459219005e-01 9.6234922856e-01 9.9599672854e-01 0 0
1192 1.0617979511e+03 1.2217728922e+03 1.2175210470e+03 1.1840697826e+03 1.2452385314e+03 1.0036811841e+00 1.0711700914e+00 1.1015095002e+00 1.0642045402e+00 1.1256857589e+00 1.6265640713e+00 1.5566488206e+00 2.0847360194e+00 7.8970894393e-01 9.0552538261e-01 1.0596378669e+00 0 0
1193 1.0706865997e+03 1.1987730707e+03 1.2044479026e+03 1.1752692245e+03 1.2641591079e+03 1.0030270782e+00 1.0705521992e+00 1.1009317619e+00 1.0636218161e+00 1.1251826459e+00 1.3106899875e+00 1.6121435836e+00 1.8986152187e+00 7.4221548730e-01 9.0285052359e-01 1.0496055409e+00 0 0
1194 1.0440173387e+03 1.2036253051e+03 1.2098326847e+03 1.1666554761e+03 1.2518108883e+03 1.0023862616e+00 1.0699587407e+00 1.1003757896e+00 1.0630418537e+00 1.1246576358e+00 1.1174363890e+00 1.6616465375e+00 1.5561225936e+00 6.7715523207e-01 9.1128295660e-01 9.6680186689e-01 0 0
1195 1.0583736718e+03 1.2020027558e+03 1.1857799121e+03 1.1823869925e+03 1.2548753922e+03 1.0017881323e+00 1.0693561776e+00 1.0998362712e+00 1.0624545726e+00 1.1241516979e+00 1.5328610841e+00 1.7317681909e+00 1.7583389133e+00 7.6838740157e-01 9.3253740296e-01 1.0079887286e+00 0 0
1196 1.0542393261e+03 1.1801610060e+03 1.1754653866e+03 1.1720727367e+03 1.2562743530e+03 1.0011193858e+00 1.0687701082e+00 1.0993095073e+00 1.0618751458e+00 1.1236574109e+00 1.1910565450e+00 1.7319877893e+00 1.7495896816e+00 7.1252958605e-01 9.2846754566e-01 1.0006514937e+00 0 0
1197 1.0672137320e+03 1.1850155590e+03 1.1772269853e+03 1.1740797460e+03 1.2411289216e+03 1.0004262572e+00 1.0681707910e+00 1.0987902616e+00 1.0613031993e+00 1.1231635863e+00 9.3796171451e-01 1.7306298539e+00 1.7563534752e+00 6.4321931966e-01 9.1754844040e-01 9.9277213588e-01 0 0
1198 1.0345733166e+03 1.1738022086e+03 1.1893690554e+03 1.1734286301e+03 1.2204437717e+03 9.9981924895e-01 1.0675735474e+00 1.0982204887e+00 1.0607375682e+00 1.1227108199e+00 1.2315271634e+00 1.6948273703e+00 2.0162756294e+00 6.8777959730e-01 9.0811992064e-01 1.0325906202e+00 0 0
1199 1.0651757276e+03 1.1801784293e+03 1.1539657166e+03 1.1794350342e+03 1.2354906920e+03 9.9919670351e-01 1.0669574875e+00 1.0976678989e+00 1.0601728739e+00 1.1222394881e+00 1.4647440870e+00 1.7120899037e+00 2.1549832076e+00 7.5977069578e-01 9.0951587260e-01 1.0726337358e+00 0 0
1200 1.0445203657e+03 1.1367877440e+03 1.1606121768e+03 1.1596332394e+03 1.2475050100e+03 9.9849848582e-01 1.0663696111e+00 1.0971069036e+00 1.0595951918e+00 1.1217406606e+00 9.7302531495e-01 1.5520774573e+00 1.6947934777e+00 6.5335833693e-01 8.8005903736e-01 9.8005763814e-01 0 0
1201 1.0143997958e+03 1.1506821346e+03 1.1538145432e+03 1.1612767758e+03 1.2124310290e+03 9.9789992504e-01 1.0657934619e+00 1.0965423149e+00 1.0590493328e+00 1.1212514382e+00 1.1527296773e+00 1.6084811762e+00 1.5526468605e+00 6.5844762384e-01 8.7186025828e-01 9.3201375753e-01 0 0
1202 1.0253372233e+03 1.1359313910e+03 1.1574393073e+03 1.1776399068e+03 1.2045406801e+03 9.9730287283e-01 1.0652342804e+00 1.0959787334e+00 1.0584562523e+00 1.1207906640e+00 1.4734895297e+00 1.4751411304e+00 1.8668081164e+00 7.3953845277e-01 8.6659495533e-01 9.7571543232e-01 0 0
1203 9.9132700792e+02 1.1467498092e+03 1.1663150839e+03 1.1380885291e+03 1.1992060915e+03 9.9671187744e-01 1.0646828882e+00 1.0954012147e+00 1.0578673996e+00 1.1203353629e+00 1.2797960317e+00 1.2149436325e+00 1.8837387860e+00 6.8924784690e-01 7.8153248504e-01 9.8825128749e-01 0 0
1204 1.0125469672e+03 1.1601999289e+03 1.1298815757e+03 1.1231464731e+03 1.1912403200e+03 9.9611701207e-01 1.0640789333e+00 1.0948602319e+00 1.0573407634e+00 1.1198648389e+00 1.2896602312e+00 1.5172750428e+00 1.7616889998e+00 6.8895114340e-01 8.2834445685e-01 9.5061740652e-01 0 0
1205 1.0460155634e+03 1.1357593275e+03 1.1575557222e+03 1.1220963640e+03 1.1788264291e+03 9.9545430025e-01 1.0634839577e+00 1.0943479239e+00 1.0568079720e+00 1.1194088777e+00 1.0035218472e+00 1.6055966169e+00 1.7347247675e+00 6.4327833158e-01 8.5039582103e-01 9.3970467895e-01 0 0
1206 1.0473642381e+03 1.1649164670e+03 1.1493949495e+03 1.1053177145e+03 1.2032979681e+03 9.9476489336e-01 1.0628934122e+00 1.0938043445e+00 1.0562961661e+00 1.1189115931e+00 8.0098391626e-01 1.5575215220e+00 1.5033407733e+00 5.8497948492e-01 8.2058896869e-01 9.0247091651e-01 0 0
1207 9.9631662992e+02 1.1498255302e+03 1.1389070967e+03 1.1085358587e+03 1.1841775627e+03 9.9413600443e-01 1.0622903396e+00 1.0933119485e+00 1.0557616434e+00 1.1184247017e+00 9.2826467282e-01 1.5591640770e+00 1.4639602005e+00 5.9856233789e-01 8.3928163722e-01 8.8441752642e-01 0 0
1208 1.0066332904e+03 1.1332996625e+03 1.1296007038e+03 1.1182903246e+03 1.1899777309e+03 9.9353358691e-01 1.0617446131e+00 1.0927916653e+00 1.0552024614e+00 1.1179478169e+00 1.3016586393e+00 1.1803175807e+00 1.5191387236e+00 6.9224537365e-01 7.4481741339e-01 8.9373284206e-01 0 0
1209 1.0192551249e+03 1.1330637670e+03 1.1218438505e+03 1.0824905311e+03 1.1710484618e+03 9.9287375208e-01 1.0611718316e+00 1.0922937304e+00 1.0546658959e+00 1.1174952559e+00 9.6155415627e-01 1.2689700052e+00 1.7458219454e+00 6.2246490787e-01 7.5283822045e-01 9.3033169210e-01 0 0
1210 9.9084036481e+02 1.1286534566e+03 1.1257847263e+03 1.1085762265e+03 1.1861348996e+03 9.9225927844e-01 1.0606005634e+00 1.0917928565e+00 1.0541370342e+00 1.1170171960e+00 9.5035790416e-01 1.2988880500e+00 1.5261175185e+00 5.9599668010e-01 7.5851960108e-01 8.9365132153e-01 0 0
1211 9.9134363504e+02 1.1254095366e+03 1.1056163439e+03 1.1083441478e+03 1.1926403481e+03 9.9165828735e-01 1.0600273653e+00 1.0912855565e+00 1.0535873743e+00 1.1165334759e+00 1.0892353735e+00 1.1754991561e+00 1.3165225014e+00 6.2785111704e-01 7.3488345370e-01 8.3822618797e-01 0 0
1212 9.9322505921e+02 1.0938273401e+03 1.1034504973e+03 1.0999122692e+03 1.1730005328e+03 9.9102653295e-01 1.0594594206e+00 1.0907706923e+00 1.0530440664e+00 1.1160679081e+00 9.2851581295e-01 1.1327787936e+00 1.4304719344e+00 5.9559119320e-01 7.1066428348e-01 8.5671523586e-01 0 0
1213 9.7575