matrix=posit-sparse-bench/data/matrices/s3dkt3m2.mtx n=90449 seed=33
iter res_d res_f res_ffma res_p32q res_p32n solerr_d solerr_f solerr_ffma solerr_p32q solerr_p32n pAp_d pAp_p32q pAp_p32n rz_d rz_p32q rz_p32n guard_p32q guard_p32n
0 2.6555021851e+05 2.6554422933e+05 2.6554422933e+05 2.6555036837e+05 2.6548965033e+05 3.9795229496e+01 3.9793530404e+01 3.9793530404e+01 3.9795232414e+01 3.9789560325e+01 5.2079266776e+08 5.2079257600e+08 5.2068608000e+08 1.9252341182e+08 1.9252339200e+08 1.9245657600e+08 0 0
1 1.1593183764e+05 1.1592441123e+05 1.1592441123e+05 1.1593182659e+05 1.1587457606e+05 4.5355526881e+01 4.5354570368e+01 4.5354570368e+01 4.5355520590e+01 4.5351922945e+01 6.7351590824e+07 6.7351616000e+07 6.7324704000e+07 3.3943247996e+07 3.3943248000e+07 3.3926016000e+07 0 0
2 6.6139083880e+04 6.6134373755e+04 6.6134373755e+04 6.6139038034e+04 6.6116181862e+04 5.4914798108e+01 5.4913375454e+01 5.4913375454e+01 5.4914787799e+01 5.4909883670e+01 1.6575713833e+07 1.6575704000e+07 1.6567070000e+07 8.0549733581e+06 8.0549680000e+06 8.0502820000e+06 0 0
3 4.4870848046e+04 4.4867126853e+04 4.4867126853e+04 4.4870835428e+04 4.4855439982e+04 6.4037576998e+01 6.4036140534e+01 6.4036140534e+01 6.4037567546e+01 6.4033628798e+01 4.0981558519e+06 4.0981530000e+06 4.0954775000e+06 2.4244869174e+06 2.4244850000e+06 2.4227250000e+06 0 0
4 2.9388643814e+04 2.9385587760e+04 2.9385587760e+04 2.9388633449e+04 2.9377603442e+04 6.5325107105e+01 6.5324221523e+01 6.5324221523e+01 6.5325103566e+01 6.5323909870e+01 2.3072658030e+06 2.3072635000e+06 2.3054290000e+06 1.2351628652e+06 1.2351617500e+06 1.2341362500e+06 0 0
5 2.2907317123e+04 2.2904328325e+04 2.2904328325e+04 2.2907312370e+04 2.2898403787e+04 6.0865735106e+01 6.0865679566e+01 6.0865679566e+01 6.0865736897e+01 6.0866727273e+01 1.0816093814e+06 1.0816085000e+06 1.0806860000e+06 5.8628275674e+05 5.8628231250e+05 5.8577350000e+05 0 0
6 1.8266655667e+04 1.8263704772e+04 1.8263704772e+04 1.8266654209e+04 1.8257892978e+04 5.4717965455e+01 5.4718511222e+01 5.4718511222e+01 5.4717969369e+01 5.4719869296e+01 5.0592463085e+05 5.0592431250e+05 5.0548378125e+05 3.2803833793e+05 3.2803812500e+05 3.2774203125e+05 0 0
7 1.5020200161e+04 1.5017426677e+04 1.5017426677e+04 1.5020197602e+04 1.5013817636e+04 5.0446340759e+01 5.0446952722e+01 5.0446952722e+01 5.0446343437e+01 5.0447872380e+01 3.1147027732e+05 3.1147006250e+05 3.1117731250e+05 2.1138470616e+05 2.1138456250e+05 2.1118181250e+05 0 0
8 1.2730844878e+04 1.2728303579e+04 1.2728303579e+04 1.2730843177e+04 1.2725244202e+04 4.8100633200e+01 4.8101079289e+01 4.8101079289e+01 4.8100633895e+01 4.8101533144e+01 2.1071346946e+05 2.1071332812e+05 2.1050795312e+05 1.4430955555e+05 1.4430946875e+05 1.4416534375e+05 0 0
9 1.0782659990e+04 1.0780080890e+04 1.0780080890e+04 1.0782658670e+04 1.0777884022e+04 4.6530454497e+01 4.6530802246e+01 4.6530802246e+01 4.6530454282e+01 4.6531041142e+01 1.6402969059e+05 1.6402960938e+05 1.6386246875e+05 1.0665637437e+05 1.0665632031e+05 1.0654464844e+05 0 0
10 9.6145141834e+03 9.6117661228e+03 9.6117661228e+03 9.6145123641e+03 9.6097567087e+03 4.5160638858e+01 4.5160925168e+01 4.5160925168e+01 4.5160638659e+01 4.5161110173e+01 1.1805567392e+05 1.1805560938e+05 1.1792917188e+05 7.8886864733e+04 7.8886820312e+04 7.8800507812e+04 0 0
11 8.5151181185e+03 8.5123355197e+03 8.5123355197e+03 8.5151159710e+03 8.5106145489e+03 4.3814387512e+01 4.3814620458e+01 4.3814620458e+01 4.3814387757e+01 4.3814836502e+01 8.4584545510e+04 8.4584500000e+04 8.4489421875e+04 5.9274774145e+04 5.9274742188e+04 5.9207621094e+04 0 0
12 7.5632161791e+03 7.5607118712e+03 7.5607118712e+03 7.5632151893e+03 7.5594169087e+03 4.2268530982e+01 4.2268748346e+01 4.2268748346e+01 4.2268531724e+01 4.2269035970e+01 6.0953055201e+04 6.0953021484e+04 6.0883855469e+04 4.5175704787e+04 4.5175679688e+04 4.5123871094e+04 0 0
13 6.6205725307e+03 6.6182348100e+03 6.6182348100e+03 6.6205715765e+03 6.6171873179e+03 4.0505373247e+01 4.0505663966e+01 4.0505663966e+01 4.0505374358e+01 4.0505974063e+01 5.2972681570e+04 5.2972650391e+04 5.2911322266e+04 3.7144224995e+04 3.7144203125e+04 3.7100753906e+04 0 0
14 5.8705295044e+03 5.8683841047e+03 5.8683841047e+03 5.8705284260e+03 5.8675814438e+03 3.8784173599e+01 3.8784529473e+01 3.8784529473e+01 3.8784174769e+01 3.8784800147e+01 4.3407735803e+04 4.3407710938e+04 4.3356136719e+04 2.9396386373e+04 2.9396369141e+04 2.9361213867e+04 0 0
15 5.2053524647e+03 5.2032705100e+03 5.2032705100e+03 5.2053518613e+03 5.2024524986e+03 3.7338218926e+01 3.7338596353e+01 3.7338596353e+01 3.7338219957e+01 3.7338778079e+01 3.1951460332e+04 3.1951441406e+04 3.1912996094e+04 2.2451321677e+04 2.2451308594e+04 2.2424125977e+04 0 0
16 4.6847752847e+03 4.6827165193e+03 4.6827165193e+03 4.6847744876e+03 4.6820832970e+03 3.6170330760e+01 3.6170728016e+01 3.6170728016e+01 3.6170331552e+01 3.6170821966e+01 2.4043420232e+04 2.4043407227e+04 2.4014204102e+04 1.7516689347e+04 1.7516679688e+04 1.7495224609e+04 0 0
17 4.1327880592e+03 4.1308534227e+03 4.1308534227e+03 4.1327869531e+03 4.1305738100e+03 3.5135281857e+01 3.5135746942e+01 3.5135746942e+01 3.5135282548e+01 3.5135762620e+01 1.8940622847e+04 1.8940612305e+04 1.8917130859e+04 1.3714436029e+04 1.3714428223e+04 1.3697345703e+04 0 0
18 3.6858774690e+03 3.6840774965e+03 3.6840774965e+03 3.6858768292e+03 3.6839343099e+03 3.4072027865e+01 3.4072626754e+01 3.4072626754e+01 3.4072028710e+01 3.4072570720e+01 1.5737432705e+04 1.5737424316e+04 1.5717762207e+04 1.1074375398e+04 1.1074369141e+04 1.1060417969e+04 0 0
19 3.2939510554e+03 3.2922240203e+03 3.2922240203e+03 3.2939505157e+03 3.2921670674e+03 3.3000304677e+01 3.3001061759e+01 3.3001061759e+01 3.3000305691e+01 3.3000915495e+01 1.3975514066e+04 1.3975505859e+04 1.3957788574e+04 9.2639361958e+03 9.2639306641e+03 9.2521118164e+03 0 0
20 3.0091507297e+03 3.0074489189e+03 3.0074489189e+03 3.0091500461e+03 3.0073852430e+03 3.1919750886e+01 3.1920671363e+01 3.1920671363e+01 3.1919751994e+01 3.1920408038e+01 1.0204434258e+04 1.0204427734e+04 1.0191290527e+04 7.1905545028e+03 7.1905500488e+03 7.1812661133e+03 0 0
21 2.7240203944e+03 2.7224491731e+03 2.7224491731e+03 2.7240198237e+03 2.7224485303e+03 3.0868719807e+01 3.0869769740e+01 3.0869769740e+01 3.0868720873e+01 3.0869390449e+01 7.8636800697e+03 7.8636752930e+03 7.8535046387e+03 5.8173694772e+03 5.8173659668e+03 5.8098015137e+03 0 0
22 2.4746728576e+03 2.4731834748e+03 2.4731834748e+03 2.4746723015e+03 2.4732917337e+03 2.9909364332e+01 2.9910527403e+01 2.9910527403e+01 2.9909365336e+01 2.9910045739e+01 6.6340670068e+03 6.6340632324e+03 6.6254003906e+03 4.7807119820e+03 4.7807092285e+03 4.7744333496e+03 0 0
23 2.2695363156e+03 2.2681458286e+03 2.2681458286e+03 2.2695358556e+03 2.2682550562e+03 2.8972590481e+01 2.8973847058e+01 2.8973847058e+01 2.8972591452e+01 2.8973292128e+01 5.7630463955e+03 5.7630429688e+03 5.7554252930e+03 4.0827711861e+03 4.0827687988e+03 4.0773629761e+03 0 0
24 2.1152912348e+03 2.1139286885e+03 2.1139286885e+03 2.1152907602e+03 2.1140558176e+03 2.8048172788e+01 2.8049540839e+01 2.8049540839e+01 2.8048173757e+01 2.8048900847e+01 5.0784190651e+03 5.0784162598e+03 5.0716774902e+03 3.5430304280e+03 3.5430284424e+03 3.5383136597e+03 0 0
25 1.9783499518e+03 1.9769736341e+03 1.9769736341e+03 1.9783495647e+03 1.9771318874e+03 2.7107575512e+01 2.7109093861e+01 2.7109093861e+01 2.7107576546e+01 2.7108327376e+01 3.9267016946e+03 3.9266993408e+03 3.9214671631e+03 2.9303703679e+03 2.9303686523e+03 2.9264528809e+03 0 0
26 1.8419688327e+03 1.8406366426e+03 1.8406366426e+03 1.8419685122e+03 1.8408624338e+03 2.6154678622e+01 2.6156351559e+01 2.6156351559e+01 2.6154679755e+01 2.6155447025e+01 3.2361792896e+03 3.2361774292e+03 3.2318464355e+03 2.5253128067e+03 2.5253113403e+03 2.5219158325e+03 0 0
27 1.7148333719e+03 1.7135552223e+03 1.7135552223e+03 1.7148330823e+03 1.7138248160e+03 2.5257915311e+01 2.5259720548e+01 2.5259720548e+01 2.5257916495e+01 2.5258692782e+01 2.9359534210e+03 2.9359518433e+03 2.9319810791e+03 2.2175098622e+03 2.2175086060e+03 2.2144960327e+03 0 0
28 1.6113225159e+03 1.6100795788e+03 1.6100795788e+03 1.6113222831e+03 1.6103712305e+03 2.4408060665e+01 2.4409974849e+01 2.4409974849e+01 2.4408061879e+01 2.4408842127e+01 2.6782329601e+03 2.6782315063e+03 2.6745797729e+03 1.9642108873e+03 1.9642097473e+03 1.9615230408e+03 0 0
29 1.5233301631e+03 1.5221137441e+03 1.5221137441e+03 1.5233299052e+03 1.5223867774e+03 2.3595554431e+01 2.3597551376e+01 2.3597551376e+01 2.3595555616e+01 2.3596334422e+01 2.4670223687e+03 2.4670209351e+03 2.4636319580e+03 1.7700881482e+03 1.7700870972e+03 1.7676480408e+03 0 0
30 1.4614823317e+03 1.4602663284e+03 1.4602663284e+03 1.4614819534e+03 1.4605695807e+03 2.2801809913e+01 2.2803882366e+01 2.2803882366e+01 2.2801811089e+01 2.2802579061e+01 2.0955791781e+03 2.0955779419e+03 2.0926829834e+03 1.5610792460e+03 1.5610783081e+03 1.5589139099e+03 0 0
31 1.3710426781e+03 1.3698735799e+03 1.3698735799e+03 1.3710423954e+03 1.3702179571e+03 2.2035519015e+01 2.2037649624e+01 2.2037649624e+01 2.2035520262e+01 2.2036267331e+01 1.8456107526e+03 1.8456095886e+03 1.8430406494e+03 1.4031845719e+03 1.4031836548e+03 1.4012273560e+03 0 0
32 1.2853918876e+03 1.2842688095e+03 1.2842688095e+03 1.2853915746e+03 1.2846244587e+03 2.1324541989e+01 2.1326710700e+01 2.1326710700e+01 2.1324543367e+01 2.1325270825e+01 1.7139648109e+03 1.7139637146e+03 1.7115713501e+03 1.2657229020e+03 1.2657220459e+03 1.2639497986e+03 0 0
33 1.2096620555e+03 1.2085737462e+03 1.2085737462e+03 1.2096617296e+03 1.2089150094e+03 2.0665581684e+01 2.0667773699e+01 2.0667773699e+01 2.0665583239e+01 2.0666293630e+01 1.5210231854e+03 1.5210221558e+03 1.5188862610e+03 1.1104385225e+03 1.1104377441e+03 1.1088731384e+03 0 0
34 1.1442088427e+03 1.1431503073e+03 1.1431503073e+03 1.1442084600e+03 1.1434774812e+03 2.0039023124e+01 2.0041218184e+01 2.0041218184e+01 2.0039024842e+01 2.0039712742e+01 1.3240774337e+03 1.3240765076e+03 1.3222025757e+03 9.8333245719e+02 9.8333174133e+02 9.8193840027e+02 0 0
35 1.0754904781e+03 1.0744882503e+03 1.0744882503e+03 1.0754901208e+03 1.0748410348e+03 1.9469767532e+01 1.9471939977e+01 1.9471939977e+01 1.9469769370e+01 1.9470423531e+01 1.1966837250e+03 1.1966828308e+03 1.1949830627e+03 8.7806543355e+02 8.7806475830e+02 8.7681782532e+02 0 0
36 1.0153311739e+03 1.0143722505e+03 1.0143722505e+03 1.0153308574e+03 1.0147301673e+03 1.8951841450e+01 1.8953971209e+01 1.8953971209e+01 1.8951843398e+01 1.8952460765e+01 1.0472262056e+03 1.0472253723e+03 1.0457412720e+03 7.7370904248e+02 7.7370840454e+02 7.7260867310e+02 0 0
37 9.6053049029e+02 9.5959698572e+02 9.5959698572e+02 9.6053015960e+02 9.5994114403e+02 1.8467545326e+01 1.8469623544e+01 1.8469623544e+01 1.8467547375e+01 1.8468131624e+01 9.5555863317e+02 9.5555781555e+02 9.5419578552e+02 7.0297640125e+02 7.0297579956e+02 7.0196989441e+02 0 0
38 9.0026953590e+02 8.9935834766e+02 8.9935834766e+02 9.0026919585e+02 8.9969831749e+02 1.8023297249e+01 1.8025335737e+01 1.8025335737e+01 1.8023299495e+01 1.8023855996e+01 8.5424251542e+02 8.5424176025e+02 8.5301402283e+02 6.2083870167e+02 6.2083815002e+02 6.1994360352e+02 0 0
39 8.5073364545e+02 8.4984638318e+02 8.4984638318e+02 8.5073328664e+02 8.5019211064e+02 1.7594374876e+01 1.7596379875e+01 1.7596379875e+01 1.7594377424e+01 1.7594909766e+01 7.0513875618e+02 7.0513810730e+02 7.0412010193e+02 5.3779851214e+02 5.3779800415e+02 5.3701948547e+02 0 0
40 7.9644680076e+02 7.9560633325e+02 7.9560633325e+02 7.9644648282e+02 7.9595528298e+02 1.7202992783e+01 1.7204959287e+01 1.7204959287e+01 1.7202995744e+01 1.7203504364e+01 6.5464499272e+02 6.5464434814e+02 6.5369377136e+02 4.8386055609e+02 4.8386006927e+02 4.8315505219e+02 0 0
41 7.5608483875e+02 7.5527317078e+02 7.5527317078e+02 7.5608452735e+02 7.5561229311e+02 1.6844056866e+01 1.6845980347e+01 1.6845980347e+01 1.6844060263e+01 1.6844545672e+01 5.8355784076e+02 5.8355725098e+02 5.8270443726e+02 4.2806880430e+02 4.2806835938e+02 4.2744095612e+02 0 0
42 7.2060378314e+02 7.1980859001e+02 7.1980859001e+02 7.2060345805e+02 7.2014577517e+02 1.6501213735e+01 1.6503098523e+01 1.6503098523e+01 1.6501217529e+01 1.6501679218e+01 5.2587074798e+02 5.2587016296e+02 5.2509564209e+02 3.8856663882e+02 3.8856620789e+02 3.8799390411e+02 0 0
43 6.9254811156e+02 6.9176655654e+02 6.9176655654e+02 6.9254778716e+02 6.9210597996e+02 1.6173550921e+01 1.6175403494e+01 1.6175403494e+01 1.6173555018e+01 1.6173993944e+01 4.6779849724e+02 4.6779795837e+02 4.6710991669e+02 3.5014318557e+02 3.5014278412e+02 3.4962717438e+02 0 0
44 6.5586330881e+02 6.5510190047e+02 6.5510190047e+02 6.5586300494e+02 6.5544774773e+02 1.5862234464e+01 1.5864060103e+01 1.5864060103e+01 1.5862238770e+01 1.5862656338e+01 4.1523505303e+02 4.1523456573e+02 4.1462162781e+02 3.1447668706e+02 3.1447631836e+02 3.1401186371e+02 0 0
45 6.2878466375e+02 6.2803458304e+02 6.2803458304e+02 6.2878434300e+02 6.2838973277e+02 1.5561836883e+01 1.5563642904e+01 1.5563642904e+01 1.5561841371e+01 1.5562239546e+01 3.7363919279e+02 3.7363875580e+02 3.7308834076e+02 2.8643943133e+02 2.8643908691e+02 2.8601604462e+02 0 0
46 6.0862466003e+02 6.0787856003e+02 6.0787856003e+02 6.0862431968e+02 6.0824003280e+02 1.5269155753e+01 1.5270950777e+01 1.5270950777e+01 1.5269160467e+01 1.5269542323e+01 3.5124740575e+02 3.5124697113e+02 3.5072582245e+02 2.6710547005e+02 2.6710513306e+02 2.6670856476e+02 0 0
47 5.8589166837e+02 5.8515184995e+02 5.8515184995e+02 5.8589133485e+02 5.8551264931e+02 1.4985763475e+01 1.4987560069e+01 1.4987560069e+01 1.4985768443e+01 1.4986136906e+01 3.3650448855e+02 3.3650405884e+02 3.3600462341e+02 2.5016585499e+02 2.5016552734e+02 2.4979358673e+02 0 0
48 5.6834122521e+02 5.6760698331e+02 5.6760698331e+02 5.6834089682e+02 5.6797584676e+02 1.4703437540e+01 1.4705240159e+01 1.4705240159e+01 1.4703442796e+01 1.4703799419e+01 3.0956543006e+02 3.0956501770e+02 3.0910382843e+02 2.3330049157e+02 2.3330017281e+02 2.3295213127e+02 0 0
49 5.5049904766e+02 5.4977830759e+02 5.4977830759e+02 5.5049869437e+02 5.5014830387e+02 1.4430191503e+01 1.4432001370e+01 1.4432001370e+01 1.4430197015e+01 1.4430543151e+01 2.9036730465e+02 2.9036689758e+02 2.8993350983e+02 2.1775382338e+02 2.1775350952e+02 2.1742767143e+02 0 0
50 5.3058894915e+02 5.2987701993e+02 5.2987701993e+02 5.3058858827e+02 5.3024071774e+02 1.4161400793e+01 1.4163219051e+01 1.4163219051e+01 1.4161406521e+01 1.4161742903e+01 2.6832023877e+02 2.6831983948e+02 2.6791695404e+02 2.0366473951e+02 2.0366442871e+02 2.0335824585e+02 0 0
51 5.1450794788e+02 5.1380112276e+02 5.1380112276e+02 5.1450756190e+02 5.1416747029e+02 1.3899393487e+01 1.3901228491e+01 1.3901228491e+01 1.3899399392e+01 1.3899728430e+01 2.4806337741e+02 2.4806297874e+02 2.4768950272e+02 1.8876494863e+02 1.8876463890e+02 1.8848016357e+02 0 0
52 4.9797838238e+02 4.9728288290e+02 4.9728288290e+02 4.9797797391e+02 4.9764908256e+02 1.3638129938e+01 1.3639986516e+01 1.3639986516e+01 1.3638136008e+01 1.3638460786e+01 2.2927407549e+02 2.2927368546e+02 2.2892779350e+02 1.7579943004e+02 1.7579912376e+02 1.7553364182e+02 0 0
53 4.7949840090e+02 4.7881278962e+02 4.7881278962e+02 4.7949799596e+02 4.7918902846e+02 1.3376690536e+01 1.3378577087e+01 1.3378577087e+01 1.3376696838e+01 1.3377018384e+01 2.1780089863e+02 2.1780050659e+02 2.1747107697e+02 1.6653686865e+02 1.6653656197e+02 1.6628470230e+02 0 0
54 4.6532116640e+02 4.6464670719e+02 4.6464670719e+02 4.6532075631e+02 4.6502111847e+02 1.3124723725e+01 1.3126633932e+01 1.3126633932e+01 1.3124730274e+01 1.3125046684e+01 2.0334097600e+02 2.0334059334e+02 2.0303340721e+02 1.5478841401e+02 1.5478811455e+02 1.5455399132e+02 0 0
55 4.4898838844e+02 4.4832303853e+02 4.4832303853e+02 4.4898795919e+02 4.4869261472e+02 1.2877192058e+01 1.2879120923e+01 1.2879120923e+01 1.2877198905e+01 1.2877508015e+01 1.8924320806e+02 1.8924282837e+02 1.8895606613e+02 1.4595581566e+02 1.4595551682e+02 1.4573441315e+02 0 0
56 4.3294372753e+02 4.3228976104e+02 4.3228976104e+02 4.3294328800e+02 4.3265705241e+02 1.2643318340e+01 1.2645265343e+01 1.2645265343e+01 1.2643325454e+01 1.2643626869e+01 1.8077278651e+02 1.8077240753e+02 1.8049858665e+02 1.3668505391e+02 1.3668476105e+02 1.3647762489e+02 0 0
57 4.1822266839e+02 4.1757817382e+02 4.1757817382e+02 4.1822222338e+02 4.1794858012e+02 1.2419168078e+01 1.2421133748e+01 1.2421133748e+01 1.2419175437e+01 1.2419470568e+01 1.6444085482e+02 1.6444049263e+02 1.6419123840e+02 1.2512270381e+02 1.2512242222e+02 1.2493264103e+02 0 0
58 4.0432765046e+02 4.0369935828e+02 4.0369935828e+02 4.0432719965e+02 4.0406734819e+02 1.2197220747e+01 1.2199205951e+01 1.2199205951e+01 1.2197228339e+01 1.2197518480e+01 1.5472318092e+02 1.5472282219e+02 1.5448793602e+02 1.1818131820e+02 1.1818103886e+02 1.1800159073e+02 0 0
59 3.9282531575e+02 3.9220257441e+02 3.9220257441e+02 3.9282486556e+02 3.9256820665e+02 1.1983392617e+01 1.1985397204e+01 1.1985397204e+01 1.1983400439e+01 1.1983685429e+01 1.4758610447e+02 1.4758575058e+02 1.4736168098e+02 1.1112034241e+02 1.1112007046e+02 1.1095130062e+02 0 0
60 3.7661494318e+02 3.7600868507e+02 3.7600868507e+02 3.7661448293e+02 3.7636264925e+02 1.1777431868e+01 1.1779449945e+01 1.1779449945e+01 1.1777439967e+01 1.1777719104e+01 1.3777064587e+02 1.3777030182e+02 1.3756112480e+02 1.0365941490e+02 1.0365915108e+02 1.0350150967e+02 0 0
61 3.6336678330e+02 3.6277689855e+02 3.6277689855e+02 3.6336633547e+02 3.6312745266e+02 1.1579757233e+01 1.1581783143e+01 1.1581783143e+01 1.1579765641e+01 1.1580038834e+01 1.2579313427e+02 1.2579280853e+02 1.2560116673e+02 9.5431867809e+01 9.5431616783e+01 9.5286071777e+01 0 0
62 3.4932987416e+02 3.4875145609e+02 3.4875145609e+02 3.4932942458e+02 3.4910039521e+02 1.1390843385e+01 1.1392878312e+01 1.1392878312e+01 1.1390852092e+01 1.1391119769e+01 1.2048712092e+02 1.2048679924e+02 1.2030273819e+02 8.9642525349e+01 8.9642283440e+01 8.9505283356e+01 0 0
63 3.4035365164e+02 3.3977893779e+02 3.3977893779e+02 3.4035321726e+02 3.4012853728e+02 1.1203718107e+01 1.1205765710e+01 1.1205765710e+01 1.1203727076e+01 1.1203990348e+01 1.0871864170e+02 1.0871834469e+02 1.0855210495e+02 8.3082314012e+01 8.3082084656e+01 8.2954874992e+01 0 0
64 3.3041813477e+02 3.2984837899e+02 3.2984837899e+02 3.3041770439e+02 3.3019446212e+02 1.1019576173e+01 1.1021637816e+01 1.1021637816e+01 1.1019585335e+01 1.1019843976e+01 1.0407958826e+02 1.0407929707e+02 1.0391964531e+02 7.9238984172e+01 7.9238760948e+01 7.9117200851e+01 0 0
65 3.2038739025e+02 3.1982162998e+02 3.1982162998e+02 3.2038697305e+02 3.2017182887e+02 1.0841131925e+01 1.0843210022e+01 1.0843210022e+01 1.0841141230e+01 1.0841394921e+01 9.5973697310e+01 9.5973425865e+01 9.5826251030e+01 7.3591627923e+01 7.3591418266e+01 7.3478481293e+01 0 0
66 3.0964310117e+02 3.0908892076e+02 3.0908892076e+02 3.0964269984e+02 3.0944172260e+02 1.0666048837e+01 1.0668143501e+01 1.0668143501e+01 1.0666058257e+01 1.0666306551e+01 8.6391564229e+01 8.6391316414e+01 8.6258612633e+01 6.7899660773e+01 6.7899465561e+01 6.7795132637e+01 0 0
67 2.9983757164e+02 2.9929332132e+02 2.9929332132e+02 2.9983716935e+02 2.9964001840e+02 1.0498261643e+01 1.0500369881e+01 1.0500369881e+01 1.0498271171e+01 1.0498514220e+01 8.5602203505e+01 8.5601956367e+01 8.5470412254e+01 6.5081108951e+01 6.5080920219e+01 6.4980833054e+01 0 0
68 2.9308506095e+02 2.9254687124e+02 2.9254687124e+02 2.9308465874e+02 2.9288789718e+02 1.0334535672e+01 1.0336653074e+01 1.0336653074e+01 1.0334545302e+01 1.0334783037e+01 7.9752290366e+01 7.9752056122e+01 7.9629392624e+01 6.1097099800e+01 6.1096920490e+01 6.1002881050e+01 0 0
69 2.8318045150e+02 2.8265702218e+02 2.8265702218e+02 2.8318005811e+02 2.8298921965e+02 1.0174127292e+01 1.0176246918e+01 1.0176246918e+01 1.0174136994e+01 1.0174369317e+01 7.5188669465e+01 7.5188446999e+01 7.5072551727e+01 5.7953798775e+01 5.7953628063e+01 5.7864263058e+01 0 0
70 2.7373317155e+02 2.7321917713e+02 2.7321917713e+02 2.7373280483e+02 2.7354938425e+02 1.0021481391e+01 1.0023601025e+01 1.0023601025e+01 1.0021491151e+01 1.0021718190e+01 7.1978957673e+01 7.1978745461e+01 7.1867790222e+01 5.4566197809e+01 5.4566037655e+01 5.4481830597e+01 0 0
71 2.6619247068e+02 2.6568752205e+02 2.6568752205e+02 2.6619211519e+02 2.6601685802e+02 9.8727489734e+00 9.8748698597e+00 9.8748698597e+00 9.8727587479e+00 9.8729810219e+00 6.6767767013e+01 6.6767570496e+01 6.6664452553e+01 5.1042386220e+01 5.1042237282e+01 5.0963323116e+01 0 0
72 2.6051184324e+02 2.6000743679e+02 2.6000743679e+02 2.6051151606e+02 2.6033729624e+02 9.7249438137e+00 9.7270667253e+00 9.7270667253e+00 9.7249535280e+00 9.7251711859e+00 6.2807508140e+01 6.2807325840e+01 6.2710115433e+01 4.8575302944e+01 4.8575163364e+01 4.8499904156e+01 0 0
73 2.5589008128e+02 2.5538986741e+02 2.5538986741e+02 2.5588976966e+02 2.5571623525e+02 9.5801128272e+00 9.5822354778e+00 9.5822354778e+00 9.5801224195e+00 9.5803354485e+00 5.9362313488e+01 5.9362144947e+01 5.9270097256e+01 4.6108312896e+01 4.6108183384e+01 4.6036625385e+01 0 0
74 2.5003700769e+02 2.4954318420e+02 2.4954318420e+02 2.5003671996e+02 2.4986835206e+02 9.4386562442e+00 9.4407773033e+00 9.4407773033e+00 9.4386656551e+00 9.4388739982e+00 5.5074727659e+01 5.5074575901e+01 5.4989063740e+01 4.3380264485e+01 4.3380146027e+01 4.3312700272e+01 0 0
75 2.4361488039e+02 2.4312374678e+02 2.4312374678e+02 2.4361461384e+02 2.4345202941e+02 9.3006665379e+00 9.3027844791e+00 9.3027844791e+00 9.3006757168e+00 9.3008790399e+00 5.4148796340e+01 5.4148649693e+01 5.4064385891e+01 4.2127109817e+01 4.2126997948e+01 4.2061375141e+01 0 0
76 2.3799393763e+02 2.3750707226e+02 2.3750707226e+02 2.3799368919e+02 2.3783459162e+02 9.1690111749e+00 9.1711256624e+00 9.1711256624e+00 9.1690200362e+00 9.1692181632e+00 5.2903091283e+01 5.2902953148e+01 5.2820545673e+01 4.0332502645e+01 4.0332399845e+01 4.0269500732e+01 0 0
77 2.3246765338e+02 2.3198863455e+02 2.3198863455e+02 2.3246741203e+02 2.3231184843e+02 9.0407247038e+00 9.0428339636e+00 9.0428339636e+00 9.0407331932e+00 9.0409263518e+00 5.0654716677e+01 5.0654589653e+01 5.0575568676e+01 3.8615095957e+01 3.8615001678e+01 3.8554666042e+01 0 0
78 2.2512172101e+02 2.2464583237e+02 2.2464583237e+02 2.2512149498e+02 2.2496649056e+02 8.9164434191e+00 8.9185461614e+00 8.9185461614e+00 8.9164515085e+00 8.9166396913e+00 4.8428342284e+01 4.8428226471e+01 4.8352541924e+01 3.6852958926e+01 3.6852873802e+01 3.6795176983e+01 0 0
79 2.1987724542e+02 2.1941068086e+02 2.1941068086e+02 2.1987704305e+02 2.1972733903e+02 8.7971317939e+00 8.7992238011e+00 8.7992238011e+00 8.7971394675e+00 8.7973226951e+00 4.4489364507e+01 4.4489265919e+01 4.4419470310e+01 3.4313867829e+01 3.4313794136e+01 3.4259933949e+01 0 0
80 2.1417336973e+02 2.1371404120e+02 2.1371404120e+02 2.1417319218e+02 2.1402889791e+02 8.6795378534e+00 8.6816182065e+00 8.6816182065e+00 8.6795451058e+00 8.6797237693e+00 4.1673645461e+01 4.1673559666e+01 4.1608229637e+01 3.2646493776e+01 3.2646428585e+01 3.2595154762e+01 0 0
81 2.1078229096e+02 2.1032165656e+02 2.1032165656e+02 2.1078213260e+02 2.1063696183e+02 8.5641263673e+00 8.5661939435e+00 8.5661939435e+00 8.5641331528e+00 8.5643074561e+00 4.0577816968e+01 4.0577738762e+01 4.0513992786e+01 3.1575500456e+01 3.1575442076e+01 3.1525788069e+01 0 0
82 2.0734236874e+02 2.0689983801e+02 2.0689983801e+02 2.0734223106e+02 2.0720203098e+02 8.4513044592e+00 8.4533594367e+00 8.4533594367e+00 8.4513107877e+00 8.4514811528e+00 3.9164872878e+01 3.9164803028e+01 3.9103368282e+01 3.0314230541e+01 3.0314179182e+01 3.0266491413e+01 0 0
83 2.0280900382e+02 2.0237290572e+02 2.0237290572e+02 2.0280888383e+02 2.0267611940e+02 8.3391355887e+00 8.3411782866e+00 8.3411782866e+00 8.3391414646e+00 8.3393081155e+00 3.6726751291e+01 3.6726691246e+01 3.6668984413e+01 2.8952464094e+01 2.8952419758e+01 2.8906791210e+01 0 0
84 1.9679859814e+02 1.9635308797e+02 1.9635308797e+02 1.9679850200e+02 1.9666332867e+02 8.2296060463e+00 8.2316378911e+00 8.2316378911e+00 8.2296114380e+00 8.2297748268e+00 3.5692402628e+01 3.5692351341e+01 3.5636357307e+01 2.7890701634e+01 2.7890664101e+01 2.7846705914e+01 0 0
85 1.9082497911e+02 1.9038060153e+02 1.9038060153e+02 1.9082490543e+02 1.9068998892e+02 8.1251887168e+00 8.1272113346e+00 8.1272113346e+00 8.1251935321e+00 8.1253544018e+00 3.3765770367e+01 3.3765728474e+01 3.3713030338e+01 2.6153496222e+01 2.6153465986e+01 2.6112297297e+01 0 0
86 1.8384392455e+02 1.8342264633e+02 1.8342264633e+02 1.8384385889e+02 1.8371408556e+02 8.0244654695e+00 8.0264793406e+00 8.0264793406e+00 8.0244695630e+00 8.0246283227e+00 3.3027813767e+01 3.3027778149e+01 3.2976396561e+01 2.5099979477e+01 2.5099954367e+01 2.5060455799e+01 0 0
87 1.7956209317e+02 1.7916507206e+02 1.7916507206e+02 1.7956204316e+02 1.7943910821e+02 7.9299230878e+00 7.9319275866e+00 7.9319275866e+00 7.9299264023e+00 7.9300833863e+00 3.1020681374e+01 3.1020652771e+01 3.0972466946e+01 2.3268308989e+01 2.3268289328e+01 2.3231658697e+01 0 0
88 1.7393649783e+02 1.7355892146e+02 1.7355892146e+02 1.7393645852e+02 1.7382495854e+02 7.8366595900e+00 7.8386552971e+00 7.8386552971e+00 7.8366620961e+00 7.8368172560e+00 2.8923179647e+01 2.8923157454e+01 2.8877841473e+01 2.2019127803e+01 2.2019112349e+01 2.1984309435e+01 0 0
89 1.7061970763e+02 1.7022295811e+02 1.7022295811e+02 1.7061967711e+02 1.7050834783e+02 7.7443277155e+00 7.7463167534e+00 7.7463167534e+00 7.7443294746e+00 7.7444830608e+00 2.7066990711e+01 2.7066974401e+01 2.7024449348e+01 2.0892673015e+01 2.0892661333e+01 2.0859582901e+01 0 0
90 1.6733605736e+02 1.6693299554e+02 1.6693299554e+02 1.6733604382e+02 1.6721853684e+02 7.6525891077e+00 7.6545765951e+00 7.6545765951e+00 7.6525901545e+00 7.6527429909e+00 2.5339426542e+01 2.5339414835e+01 2.5299955845e+01 1.9858426646e+01 1.9858417988e+01 1.9827049255e+01 0 0
91 1.6329770703e+02 1.6289463499e+02 1.6289463499e+02 1.6329771149e+02 1.6317094659e+02 7.5608395464e+00 7.5628317888e+00 7.5628317888e+00 7.5608398359e+00 7.5609928734e+00 2.4487541417e+01 2.4487532377e+01 2.4450044394e+01 1.9248636786e+01 1.9248630285e+01 1.9218390942e+01 0 0
92 1.5930571713e+02 1.5895474002e+02 1.5895474002e+02 1.5930572637e+02 1.5920121959e+02 7.4723088512e+00 7.4743188532e+00 7.4743188532e+00 7.4723082981e+00 7.4724636736e+00 2.3482934204e+01 2.3482927322e+01 2.3448417425e+01 1.8257843269e+01 1.8257838488e+01 1.8229512453e+01 0 0
93 1.5558925623e+02 1.5528959212e+02 1.5528959212e+02 1.5558926861e+02 1.5550467236e+02 7.3841323813e+00 7.3861951494e+00 7.3861951494e+00 7.3841308907e+00 7.3842938934e+00 2.1211435773e+01 2.1211430788e+01 2.1182984114e+01 1.7061947654e+01 1.7061944246e+01 1.7036037683e+01 0 0
94 1.5282095079e+02 1.5246360990e+02 1.5246360990e+02 1.5282096730e+02 1.5271743592e+02 7.2973295910e+00 7.2995290862e+00 7.2995290862e+00 7.2973271713e+00 7.2975111240e+00 2.0224678562e+01 2.0224675179e+01 2.0204953909e+01 1.6322228488e+01 1.6322226286e+01 1.6299185991e+01 0 0
95 1.4972804860e+02 1.4947175214e+02 1.4947175214e+02 1.4972806079e+02 1.4965164954e+02 7.2127109784e+00 7.2152407745e+00 7.2152407745e+00 7.2127077192e+00 7.2129440698e+00 1.9246128214e+01 1.9246126175e+01 1.9245191097e+01 1.5557802214e+01 1.5557801127e+01 1.5540051758e+01 0 0
96 1.4679253236e+02 1.4662584585e+02 1.4662584585e+02 1.4679255332e+02 1.4673575514e+02 7.1306561933e+00 7.1339110866e+00 7.1339110866e+00 7.1306521825e+00 7.1310106129e+00 1.8584759393e+01 1.8584759235e+01 1.8623810291e+01 1.4923970450e+01 1.4923970520e+01 1.4916565657e+01 0 0
97 1.4371183475e+02 1.4326246810e+02 1.4326246810e+02 1.4371188693e+02 1.4352345260e+02 7.0524097975e+00 7.0566111453e+00 7.0566111453e+00 7.0524050403e+00 7.0529449902e+00 1.9039979802e+01 1.9039981365e+01 1.9138711452e+01 1.4628022968e+01 1.4628024220e+01 1.4637445092e+01 0 0
98 1.4082635223e+02 1.4077057743e+02 1.4077057743e+02 1.4082640438e+02 1.4076023706e+02 6.9759948195e+00 6.9808666649e+00 6.9808666649e+00 6.9759892471e+00 6.9767028847e+00 1.8694208420e+01 1.8694211006e+01 1.8808132410e+01 1.4168985455e+01 1.4168987453e+01 1.4185627997e+01 0 0
99 1.3881159965e+02 1.3922978001e+02 1.3922978001e+02 1.3881161005e+02 1.3895715111e+02 6.8979504568e+00 6.9032138023e+00 6.9032138023e+00 6.8979439763e+00 6.8988132075e+00 1.7653528932e+01 1.7653531790e+01 1.7730991840e+01 1.3758876218e+01 1.3758878529e+01 1.3765210569e+01 0 0
100 1.3602623902e+02 1.3620589166e+02 1.3620589166e+02 1.3602623900e+02 1.3617027843e+02 6.8195998698e+00 6.8258883768e+00 6.8258883768e+00 6.8195924812e+00 6.8208274612e+00 1.6357268961e+01 1.6357272387e+01 1.6515828371e+01 1.3125050517e+01 1.3125053048e+01 1.3148504555e+01 0 0
101 1.3413961152e+02 1.3395031728e+02 1.3395031728e+02 1.3413961579e+02 1.3430709040e+02 6.7429383054e+00 6.7518017557e+00 6.7518017557e+00 6.7429301007e+00 6.7452043464e+00 1.5038283103e+01 1.5038287103e+01 1.5508175254e+01 1.2320737664e+01 1.2320740163e+01 1.2418011427e+01 0 0
102 1.3071579381e+02 1.3050349463e+02 1.3050349463e+02 1.3071582892e+02 1.3078606622e+02 6.6686376004e+00 6.6804533829e+00 6.6804533829e+00 6.6686286592e+00 6.6728313365e+00 1.4867282663e+01 1.4867288053e+01 1.5911520779e+01 1.1951300803e+01 1.1951303542e+01 1.2196643829e+01 0 0
103 1.2833112715e+02 1.2843865571e+02 1.2843865571e+02 1.2833117938e+02 1.2844211518e+02 6.5975613690e+00 6.6100799876e+00 6.6100799876e+00 6.5975517112e+00 6.6035517684e+00 1.5083974358e+01 1.5083980978e+01 1.6486654043e+01 1.1656421373e+01 1.1656424284e+01 1.2031345069e+01 0 0
104 1.2620291381e+02 1.2701600846e+02 1.2701600846e+02 1.2620310662e+02 1.2698238028e+02 6.5279520048e+00 6.5387439901e+00 6.5387439901e+00 6.5279415504e+00 6.5341170740e+00 1.5091281607e+01 1.5091287017e+01 1.5643538237e+01 1.1428145626e+01 1.1428148150e+01 1.1621660709e+01 0 0
105 1.2430108140e+02 1.2465561936e+02 1.2465561936e+02 1.2430091033e+02 1.2499306035e+02 6.4582086554e+00 6.4676346812e+00 6.4676346812e+00 6.4581973310e+00 6.4641043684e+00 1.4100637270e+01 1.4100640178e+01 1.4002977967e+01 1.0965454780e+01 1.0965456247e+01 1.0946311355e+01 0 0
106 1.2304322673e+02 1.2185495829e+02 1.2185495829e+02 1.2304293148e+02 1.2239232353e+02 6.3898162880e+00 6.3993110538e+00 6.3993110538e+00 6.3898041360e+00 6.3962457323e+00 1.3039853021e+01 1.3039856613e+01 1.3309538960e+01 1.0377407218e+01 1.0377408326e+01 1.0438421547e+01 0 0
107 1.1830203587e+02 1.1798200257e+02 1.1798200257e+02 1.1830226654e+02 1.1816522546e+02 6.3237705256e+00 6.3335022064e+00 6.3335022064e+00 6.3237576837e+00 6.3307901192e+00 1.2835246267e+01 1.2835251570e+01 1.3343991876e+01 1.0062948952e+01 1.0062950075e+01 1.0212654173e+01 0 0
108 1.1580285034e+02 1.1597982297e+02 1.1597982297e+02 1.1580307655e+02 1.1615182346e+02 6.2620624095e+00 6.2708161556e+00 6.2708161556e+00 6.2620489983e+00 6.2684702813e+00 1.2949534913e+01 1.2949540019e+01 1.3133495510e+01 9.7050611078e+00 9.7050620914e+00 9.8226716518e+00 0 0
109 1.1323863910e+02 1.1315514101e+02 1.1315514101e+02 1.1323871400e+02 1.1338689901e+02 6.2018186236e+00 6.2084833716e+00 6.2084833716e+00 6.2018046193e+00 6.2063981132e+00 1.2751697435e+01 1.2751693845e+01 1.1919532120e+01 9.4434439872e+00 9.4434424639e+00 9.2674316168e+00 0 0
110 1.1276360197e+02 1.1283280202e+02 1.1283280202e+02 1.1276377064e+02 1.1304667307e+02 6.1404231925e+00 6.1461992381e+00 6.1461992381e+00 6.1404084762e+00 6.1441563907e+00 1.1236700186e+01 1.1236693501e+01 1.0596327543e+01 8.8770433718e+00 8.8770399690e+00 8.6753469706e+00 0 0
111 1.0984768507e+02 1.0942323936e+02 1.0942323936e+02 1.0984709499e+02 1.0973217796e+02 6.0795795943e+00 6.0858803668e+00 6.0858803668e+00 6.0795641276e+00 6.0837260930e+00 1.0526036501e+01 1.0526033700e+01 1.0575581014e+01 8.4920607878e+00 8.4920578599e+00 8.4793984294e+00 0 0
112 1.0757675280e+02 1.0759984008e+02 1.0759984008e+02 1.0757636278e+02 1.0777668789e+02 6.0199603922e+00 6.0282717458e+00 6.0282717458e+00 6.0199442557e+00 6.0259053698e+00 9.8576752643e+00 9.8576791883e+00 1.0623731375e+01 8.0725238796e+00 8.0725221634e+00 8.2501838207e+00 0 0
113 1.0490573042e+02 1.0552480455e+02 1.0552480455e+02 1.0490638265e+02 1.0555600326e+02 5.9630916536e+00 5.9731937047e+00 5.9731937047e+00 5.9630750331e+00 5.9707989275e+00 9.9222333199e+00 9.9222487211e+00 1.1131412208e+01 7.8525835431e+00 7.8525843024e+00 8.1886313558e+00 0 0
114 1.0325385827e+02 1.0376183103e+02 1.0376183103e+02 1.0325348530e+02 1.0395305572e+02 5.9082092502e+00 5.9185933955e+00 5.9185933955e+00 5.9081922245e+00 5.9163391881e+00 9.8021259093e+00 9.8021546006e+00 1.0444043458e+01 7.6009910034e+00 7.6009947956e+00 7.8206785023e+00 0 0
115 1.0140423089e+02 1.0133332798e+02 1.0133332798e+02 1.0140416986e+02 1.0160389781e+02 5.8541228472e+00 5.8640488921e+00 5.8640488921e+00 5.8541054362e+00 5.8618908496e+00 9.4402166758e+00 9.4402567148e+00 9.4343804717e+00 7.3416877173e+00 7.3416940272e+00 7.3669446409e+00 0 0
116 9.9352588363e+01 9.8947419354e+01 9.8947419354e+01 9.9353363407e+01 9.9183125987e+01 5.8015003747e+00 5.8111619162e+00 5.8111619162e+00 5.8014825559e+00 5.8090045819e+00 9.0052458023e+00 9.0053080916e+00 9.0043104291e+00 7.0061998704e+00 7.0062115192e+00 7.0277870297e+00 0 0
117 9.7196357892e+01 9.7226439145e+01 9.7226439145e+01 9.7196982556e+01 9.7397086110e+01 5.7499584291e+00 5.7595211640e+00 5.7595211640e+00 5.7499403334e+00 5.7572946560e+00 8.6254205008e+00 8.6255128384e+00 8.6358450651e+00 6.7230202819e+00 6.7230392396e+00 6.7409053147e+00 0 0
118 9.5754206697e+01 9.6421473676e+01 9.6421473676e+01 9.5755311027e+01 9.6498024085e+01 5.6984846707e+00 5.7080825440e+00 5.7080825440e+00 5.6984663547e+00 5.7057274834e+00 8.3927549164e+00 8.3928744793e+00 8.3428066373e+00 6.5725289453e+00 6.5725542605e+00 6.5604493618e+00 0 0
119 9.4620271707e+01 9.4847436090e+01 9.4847436090e+01 9.4620162215e+01 9.4971415827e+01 5.6476523824e+00 5.6577055333e+00 5.6577055333e+00 5.6476341350e+00 5.6551939419e+00 8.1327517508e+00 8.1329330206e+00 8.2877127528e+00 6.3742005628e+00 6.3742409945e+00 6.4187661707e+00 0 0
120 9.3689912626e+01 9.2771139774e+01 9.2771139774e+01 9.3684331167e+01 9.3046739872e+01 5.5971808062e+00 5.6083149901e+00 5.6083149901e+00 5.5971629497e+00 5.6056858958e+00 7.7017932213e+00 7.7021078169e+00 8.1276333928e+00 6.1148085772e+00 6.1148796380e+00 6.2272493541e+00 0 0
121 9.1302029555e+01 9.1083355968e+01 9.1083355968e+01 9.1296828203e+01 9.1277272787e+01 5.5473261005e+00 5.5593754699e+00 5.5593754699e+00 5.5473094840e+00 5.5567925132e+00 7.4987181633e+00 7.4993086755e+00 8.0440037251e+00 5.9260015333e+00 5.9261410236e+00 6.0867556930e+00 0 0
122 9.0447959947e+01 9.1353750949e+01 9.1353750949e+01 9.0450594573e+01 9.1486748742e+01 5.4980225043e+00 5.5101757706e+00 5.5101757706e+00 5.4980077380e+00 5.5077486738e+00 7.4352568233e+00 7.4361965358e+00 7.7123619020e+00 5.8022043614e+00 5.8024362624e+00 5.9016099572e+00 0 0
123 8.9195886571e+01 8.9853980396e+01 8.9853980396e+01 8.9209787750e+01 9.0083343572e+01 5.4490393697e+00 5.4605211687e+00 5.4605211687e+00 5.4490266694e+00 5.4582425785e+00 7.4846734460e+00 7.4857276976e+00 7.3541893661e+00 5.7520683296e+00 5.7523463070e+00 5.7357034981e+00 0 0
124 8.7783979971e+01 8.7932880120e+01 8.7932880120e+01 8.7796043554e+01 8.8218909128e+01 5.3998984678e+00 5.4118899248e+00 5.4118899248e+00 5.3998889686e+00 5.4096897471e+00 6.9722559974e+00 6.9735347629e+00 7.1162185073e+00 5.5132484701e+00 5.5135598183e+00 5.5407115519e+00 0 0
125 8.6265568934e+01 8.5318904293e+01 8.5318904293e+01 8.6272047680e+01 8.5555671637e+01 5.3515866514e+00 5.3651228500e+00 5.3651228500e+00 5.3515868883e+00 5.3630567377e+00 6.4371449839e+00 6.4401502311e+00 7.2093479633e+00 5.1924729851e+00 5.1931813359e+00 5.4095634520e+00 0 0
126 8.3891667303e+01 8.4171629907e+01 8.4171629907e+01 8.3875020375e+01 8.4301568162e+01 5.3041950482e+00 5.3183098066e+00 5.3183098066e+00 5.3042159484e+00 5.3164264474e+00 6.2704480333e+00 6.2772587836e+00 6.8555295169e+00 5.0126442490e+00 5.0142819583e+00 5.2115341425e+00 0 0
127 8.1823101767e+01 8.2637955797e+01 8.2637955797e+01 8.1789823299e+01 8.2808371065e+01 5.2583274931e+00 5.2723571932e+00 5.2723571932e+00 5.2583931946e+00 5.2706018375e+00 5.9913152492e+00 6.0059139132e+00 6.3110418320e+00 4.7702223131e+00 4.7737512290e+00 4.9018238485e+00 0 0
128 8.0858041984e+01 8.1840456692e+01 8.1840456692e+01 8.0878971055e+01 8.2052165488e+01 5.2130296023e+00 5.2266253001e+00 5.2266253001e+00 5.2131734414e+00 5.2249452468e+00 5.8728693512e+00 5.8991977572e+00 5.8271313012e+00 4.6643870783e+00 4.6708119214e+00 4.6662510931e+00 0 0
129 7.9717417852e+01 7.9562150186e+01 7.9562150186e+01 7.9830953904e+01 7.9790353354e+01 5.1688438701e+00 5.1824143017e+00 5.1824143017e+00 5.1691284311e+00 5.1807950170e+00 5.7032968540e+00 5.7509053051e+00 5.8217350245e+00 4.5148131284e+00 4.5265345573e+00 4.5631878972e+00 0 0
130 7.9060294608e+01 7.8361638489e+01 7.8361638489e+01 7.9178079118e+01 7.8586187198e+01 5.1246222787e+00 5.1394510775e+00 5.1394510775e+00 5.1252219881e+00 5.1378966889e+00 5.2961635693e+00 5.3865677416e+00 5.7288530469e+00 4.3141753428e+00 4.3356234729e+00 4.4279205799e+00 0 0
131 7.8010258171e+01 7.8062847152e+01 7.8062847152e+01 7.8098920647e+01 7.8275034060e+01 5.0806367713e+00 5.0966559689e+00 5.0966559689e+00 5.0819307146e+00 5.0951704401e+00 5.1417521764e+00 5.3419771194e+00 5.7092547417e+00 4.1937909774e+00 4.2416655719e+00 4.3676512837e+00 0 0
132 7.6439009660e+01 7.7382704836e+01 7.7382704836e+01 7.6698625797e+01 7.7558313495e+01 5.0374311157e+00 5.0532938502e+00 5.0532938502e+00 5.0396954990e+00 5.0518748676e+00 5.2710064166e+00 5.6218092740e+00 5.4273926914e+00 4.1672674645e+00 4.2566248775e+00 4.2430434823e+00 0 0
133 7.5130370635e+01 7.5831867760e+01 7.5831867760e+01 7.5690951356e+01 7.6031962851e+01 4.9950212096e+00 5.0108538337e+00 5.0108538337e+00 4.9982329723e+00 5.0095054986e+00 5.1684255427e+00 5.5658384860e+00 5.2819126546e+00 4.0578963905e+00 4.1655043960e+00 4.1057650149e+00 0 0
134 7.4083335954e+01 7.3945879967e+01 7.3945879967e+01 7.4636374369e+01 7.4157216268e+01 4.9533754663e+00 4.9695633710e+00 4.9695633710e+00 4.9574070579e+00 4.9682682433e+00 4.9573301445e+00 5.3153145909e+00 5.2438623607e+00 3.9128308884e+00 4.0139191151e+00 4.0102005899e+00 0 0
135 7.3401822380e+01 7.3077615524e+01 7.3077615524e+01 7.3375617212e+01 7.3293975441e+01 4.9116615405e+00 4.9288661637e+00 4.9288661637e+00 4.9168642985e+00 4.9276066684e+00 4.5972635712e+00 4.9777110517e+00 5.0118342340e+00 3.7442567899e+00 3.8440262377e+00 3.8672156632e+00 0 0
136 7.2289151605e+01 7.2693444781e+01 7.2693444781e+01 7.1992144686e+01 7.2903758530e+01 4.8701360978e+00 4.8881160023e+00 4.8881160023e+00 4.8769458158e+00 4.8868923444e+00 4.3846887627e+00 4.9237116575e+00 4.7787801623e+00 3.6201862243e+00 3.7654982209e+00 3.7507906705e+00 0 0
137 7.0559415485e+01 7.1261734916e+01 7.1261734916e+01 7.0706213676e+01 7.1442687640e+01 4.8300400333e+00 4.8479113401e+00 4.8479113401e+00 4.8378634907e+00 4.8467603046e+00 4.3359779947e+00 4.8775332868e+00 4.5972065032e+00 3.5112804659e+00 3.6820769310e+00 3.6253042519e+00 0 0
138 6.8985248677e+01 6.9750962555e+01 6.9750962555e+01 6.9858966114e+01 6.9921023040e+01 4.7916674267e+00 4.8092822023e+00 4.8092822023e+00 4.7990653940e+00 4.8082354544e+00 4.3531553638e+00 4.4800633490e+00 4.5184175372e+00 3.4195006659e+00 3.4928217828e+00 3.4970121980e+00 0 0
139 6.8434963840e+01 6.8684549812e+01 6.8684549812e+01 6.9254635873e+01 6.8881287996e+01 4.7536074458e+00 4.7722889356e+00 4.7722889356e+00 4.7603035193e+00 4.7712570024e+00 4.1922187093e+00 4.0113235414e+00 4.5701713562e+00 3.3241103404e+00 3.2843476385e+00 3.4255898744e+00 0 0
140 6.7726904041e+01 6.7841241749e+01 6.7841241749e+01 6.7804100142e+01 6.8054638621e+01 4.7156738814e+00 4.7352967358e+00 4.7352967358e+00 4.7221150633e+00 4.7341324689e+00 4.0259787074e+00 3.9291872531e+00 4.4566704929e+00 3.2368359902e+00 3.2108406574e+00 3.3741038591e+00 0 0
141 6.7099167598e+01 6.7151003896e+01 6.7151003896e+01 6.6400023605e+01 6.7317089778e+01 4.6781642780e+00 4.6984943876e+00 4.6984943876e+00 4.6853521727e+00 4.6972032462e+00 3.7248040231e+00 3.9294851869e+00 4.1350505352e+00 3.0763083329e+00 3.1319824904e+00 3.2244133055e+00 0 0
142 6.6413180572e+01 6.6602907336e+01 6.6602907336e+01 6.6244226974e+01 6.6754897263e+01 4.6400730831e+00 4.6620138093e+00 4.6620138093e+00 4.6488844557e+00 4.6606547506e+00 3.4667217634e+00 3.8727135807e+00 3.8496127129e+00 2.9689266652e+00 3.0748340338e+00 3.0736381114e+00 0 0
143 6.5452530394e+01 6.5460750555e+01 6.5460750555e+01 6.5624421500e+01 6.5623154736e+01 4.6026080988e+00 4.6255335708e+00 4.6255335708e+00 4.6122024052e+00 4.6241260693e+00 3.5174975396e+00 3.8979103267e+00 3.8837043494e+00 2.9475567673e+00 3.0750553310e+00 3.0659717321e+00 0 0
144 6.3623738867e+01 6.4759712109e+01 6.4759712109e+01 6.4912642244e+01 6.4931544481e+01 4.5662843199e+00 4.5899593267e+00 4.5899593267e+00 4.5755623580e+00 4.5885118472e+00 3.5247660473e+00 3.6162509024e+00 3.9730402082e+00 2.8870589309e+00 2.9423831999e+00 3.0440451503e+00 0 0
145 6.3198039179e+01 6.3672829747e+01 6.3672829747e+01 6.3834997144e+01 6.3841196451e+01 4.5308006706e+00 4.5545908262e+00 4.5545908262e+00 4.5393585772e+00 4.5531206441e+00 3.4769200129e+00 3.3691558540e+00 3.7732601464e+00 2.8132986948e+00 2.8027652651e+00 2.9389586598e+00 0 0
146 6.2624634803e+01 6.3349292123e+01 6.3349292123e+01 6.2598465405e+01 6.3522463212e+01 4.4956837664e+00 4.5189069368e+00 4.5189069368e+00 4.5034296979e+00 4.5174321198e+00 3.4744696067e+00 3.2673314810e+00 3.4282388985e+00 2.7743886728e+00 2.7270570099e+00 2.7906737477e+00 0 0
147 6.1583001906e+01 6.1911981925e+01 6.1911981925e+01 6.1593800537e+01 6.2085908008e+01 4.4604302248e+00 4.4836913287e+00 4.4836913287e+00 4.4684857785e+00 4.4822239447e+00 3.2546289168e+00 3.2665111721e+00 3.3270641714e+00 2.6692658633e+00 2.6660732925e+00 2.7081074715e+00 0 0
148 6.0767576491e+01 6.0439358167e+01 6.0439358167e+01 6.0608512980e+01 6.0613041971e+01 4.4259804594e+00 4.4492847971e+00 4.4492847971e+00 4.4351809486e+00 4.4478379674e+00 3.1009930374e+00 3.4589894414e+00 3.3038084805e+00 2.5582845377e+00 2.6609720141e+00 2.6462062746e+00 0 0
149 5.9357324570e+01 6.0155160299e+01 6.0155160299e+01 6.0407474101e+01 6.0339332296e+01 4.3921177884e+00 4.4164443624e+00 4.4164443624e+00 4.4026570647e+00 4.4150316987e+00 2.9981873733e+00 3.4416276515e+00 3.3849416971e+00 2.4809908953e+00 2.6084597707e+00 2.6011230946e+00 0 0
150 5.8777315361e+01 5.9503592246e+01 5.9503592246e+01 5.9585069893e+01 5.9679688523e+01 4.3587231344e+00 4.3839970539e+00 4.3839970539e+00 4.3708679072e+00 4.3826222753e+00 2.8798378521e+00 3.3975537419e+00 3.3659178317e+00 2.4031919360e+00 2.5508619845e+00 2.5657277256e+00 0 0
151 5.7999729309e+01 5.9174226749e+01 5.9174226749e+01 5.8650620318e+01 5.9347759479e+01 4.3256716114e+00 4.3514354207e+00 4.3514354207e+00 4.3391206746e+00 4.3501100088e+00 2.8578235152e+00 3.2984815538e+00 3.1056621969e+00 2.3707950452e+00 2.5007875711e+00 2.4573528767e+00 0 0
152 5.7159625544e+01 5.8028376511e+01 5.8028376511e+01 5.7589345498e+01 5.8219695628e+01 4.2936820655e+00 4.3194945089e+00 4.3194945089e+00 4.3078703883e+00 4.3182365922e+00 2.7924060354e+00 3.2133075297e+00 3.0808326155e+00 2.2943804823e+00 2.4381442517e+00 2.4126469642e+00 0 0
153 5.6334678997e+01 5.6749582701e+01 5.6749582701e+01 5.6865603297e+01 5.6918303720e+01 4.2617657465e+00 4.2892399934e+00 4.2892399934e+00 4.2772331950e+00 4.2880312841e+00 2.5547153009e+00 2.9723105878e+00 3.1408811957e+00 2.1782123789e+00 2.3089880347e+00 2.3593301177e+00 0 0
154 5.5848194071e+01 5.6137448160e+01 5.6137448160e+01 5.5633139986e+01 5.6300906327e+01 4.2304475980e+00 4.2596497343e+00 4.2596497343e+00 4.2463917236e+00 4.2584197634e+00 2.4697157329e+00 2.7589660883e+00 3.1003353000e+00 2.1056983881e+00 2.2175072283e+00 2.3069866300e+00 0 0
155 5.4936267144e+01 5.5304671498e+01 5.5304671498e+01 5.5329638499e+01 5.5467581414e+01 4.1989467532e+00 4.2300845840e+00 4.2300845840e+00 4.2156754690e+00 4.2287795678e+00 2.4148536284e+00 2.5743456334e+00 2.9871236682e+00 2.0689687105e+00 2.1198136806e+00 2.2497280836e+00 0 0
156 5.4294972277e+01 5.4578883208e+01 5.4578883208e+01 5.4362872435e+01 5.4729718079e+01 4.1678355621e+00 4.1995662935e+00 4.1995662935e+00 4.1850680251e+00 4.1982104140e+00 2.3872889462e+00 2.5966104716e+00 2.6675138324e+00 2.0234969057e+00 2.1054664254e+00 2.1397556365e+00 0 0
157 5.3342557204e+01 5.4006853587e+01 5.4006853587e+01 5.3779677604e+01 5.4159693499e+01 4.1366792767e+00 4.1693142678e+00 4.1693142678e+00 4.1545746577e+00 4.1679347129e+00 2.3381211458e+00 2.5070070624e+00 2.5960495174e+00 1.9838527896e+00 2.0437180102e+00 2.0800531507e+00 0 0
158 5.2628266132e+01 5.3217311802e+01 5.3217311802e+01 5.3218895079e+01 5.3378696859e+01 4.1059168957e+00 4.1389157938e+00 4.1389157938e+00 4.1240863700e+00 4.1375261602e+00 2.3057900263e+00 2.4618998617e+00 2.5063388050e+00 1.9404327973e+00 2.0062246621e+00 2.0279431641e+00 0 0
159 5.1998266910e+01 5.2595414134e+01 5.2595414134e+01 5.2993826453e+01 5.2759159685e+01 4.0754982448e+00 4.1086542372e+00 4.1086542372e+00 4.0942522284e+00 4.1072604076e+00 2.2752548066e+00 2.4403850138e+00 2.4512370825e+00 1.9019294747e+00 1.9593885839e+00 1.9834579676e+00 0 0
160 5.1666565165e+01 5.2234314239e+01 5.2234314239e+01 5.2336087942e+01 5.2394790297e+01 4.0454146431e+00 4.0784808655e+00 4.0784808655e+00 4.0656786544e+00 4.0770837291e+00 2.2127263442e+00 2.5951002240e+00 2.3401144892e+00 1.8517381493e+00 1.9633025527e+00 1.9200789481e+00 0 0
161 5.1363703378e+01 5.1497816910e+01 5.1497816910e+01 5.1685889887e+01 5.1657911843e+01 4.0157865274e+00 4.0488078611e+00 4.0488078611e+00 4.0379325522e+00 4.0474021731e+00 2.1928445600e+00 2.7469712645e+00 2.2964296937e+00 1.8152929002e+00 1.9771018252e+00 1.8729502410e+00 0 0
162 5.0676142604e+01 5.0862267103e+01 5.0862267103e+01 5.1098111196e+01 5.1004505632e+01 3.9874664412e+00 4.0194276512e+00 4.0194276512e+00 4.0096723553e+00 4.0179976591e+00 2.3240773678e+00 2.6173951030e+00 2.2673930228e+00 1.8145604666e+00 1.9345128685e+00 1.8387519196e+00 0 0
163 5.0077635093e+01 5.0014319239e+01 5.0014319239e+01 5.0435298753e+01 5.0136779467e+01 3.9608472746e+00 3.9904030554e+00 3.9904030554e+00 3.9807772005e+00 3.9889178792e+00 2.5394148156e+00 2.3064346611e+00 2.2345531434e+00 1.8293786060e+00 1.8240799531e+00 1.8028509691e+00 0 0
164 4.9450463045e+01 4.9554462719e+01 4.9554462719e+01 4.9791948126e+01 4.9637287300e+01 3.9342369020e+00 3.9620778994e+00 3.9620778994e+00 3.9519102844e+00 3.9604715475e+00 2.5671565606e+00 2.0548729599e+00 2.1712045223e+00 1.8333412086e+00 1.7117089182e+00 1.7473583370e+00 0 0
165 4.8927090361e+01 4.9348967128e+01 4.9348967128e+01 4.8903915554e+01 4.9434570226e+01 3.9069986078e+00 3.9342364804e+00 3.9342364804e+00 3.9234478752e+00 3.9323846999e+00 2.1987133912e+00 1.9775958285e+00 2.0998330116e+00 1.7109873325e+00 1.6619373411e+00 1.7010942996e+00 0 0
166 4.8481808081e+01 4.8633115586e+01 4.8633115586e+01 4.8441331124e+01 4.8764830226e+01 3.8790265087e+00 3.9076091736e+00 3.9076091736e+00 3.8956129372e+00 3.9053739518e+00 1.9373937553e+00 1.9165413678e+00 2.1145235449e+00 1.6193327008e+00 1.6115922183e+00 1.6686235517e+00 0 0
167 4.8079599825e+01 4.8174956316e+01 4.8174956316e+01 4.8181060084e+01 4.8352579288e+01 3.8505309747e+00 3.8815084622e+00 3.8815084622e+00 3.8680585945e+00 3.8790478084e+00 1.8228482107e+00 1.9560071602e+00 2.2024635375e+00 1.5750714842e+00 1.6109071001e+00 1.6730244681e+00 0 0
168 4.7814521590e+01 4.8084342607e+01 4.8084342607e+01 4.7984808107e+01 4.8276574283e+01 3.8221968642e+00 3.8550899766e+00 3.8550899766e+00 3.8409919001e+00 3.8529126248e+00 1.7910946939e+00 2.0506043434e+00 2.3257716000e+00 1.5469184010e+00 1.6241063699e+00 1.7033722475e+00 0 0
169 4.6647795417e+01 4.7606428876e+01 4.7606428876e+01 4.7902946264e+01 4.7762680208e+01 3.7944006790e+00 3.8277829260e+00 3.8277829260e+00 3.8150115271e+00 3.8260031987e+00 1.7910493637e+00 2.2230440974e+00 2.1868692487e+00 1.5247040357e+00 1.6476491764e+00 1.6658511460e+00 0 0
170 4.6068007256e+01 4.7203890469e+01 4.7203890469e+01 4.6882658880e+01 4.7342503335e+01 3.7677302411e+00 3.8002793651e+00 3.8002793651e+00 3.7895465089e+00 3.7986688361e+00 1.7459488407e+00 2.3019435108e+00 1.9426121712e+00 1.4684416906e+00 1.6530456319e+00 1.5744647309e+00 0 0
171 4.5795657141e+01 4.6050395395e+01 4.6050395395e+01 4.5939548743e+01 4.6195698301e+01 3.7419899279e+00 3.7736486515e+00 3.7736486515e+00 3.7641342229e+00 3.7720024529e+00 1.7819844062e+00 2.0632469654e+00 1.8270833641e+00 1.4511466378e+00 1.5572865903e+00 1.5016852692e+00 0 0
172 4.5400104451e+01 4.5439853361e+01 4.5439853361e+01 4.5530798245e+01 4.5504097890e+01 3.7177902894e+00 3.7475599427e+00 3.7475599427e+00 3.7382557217e+00 3.7455831142e+00 1.9826144153e+00 1.8356928304e+00 1.7021433339e+00 1.4771911536e+00 1.4762037545e+00 1.4366817400e+00 0 0
173 4.4711970552e+01 4.5211295926e+01 4.5211295926e+01 4.5170600485e+01 4.5044961805e+01 3.6943348631e+00 3.7224686000e+00 3.7224686000e+00 3.7123674967e+00 3.7196356943e+00 2.1392201861e+00 1.7053697333e+00 1.6942549199e+00 1.5028926804e+00 1.4160200804e+00 1.4139277637e+00 0 0
174 4.4090150059e+01 4.4644665058e+01 4.4644665058e+01 4.4347210846e+01 4.4338454637e+01 3.6700216351e+00 3.6985224125e+00 3.6985224125e+00 3.6865961835e+00 3.6942974648e+00 1.9348446162e+00 1.6032319516e+00 1.6854845285e+00 1.4483070874e+00 1.3619313762e+00 1.3857208714e+00 0 0
175 4.3793388358e+01 4.3916234130e+01 4.3916234130e+01 4.3912127401e+01 4.3978842070e+01 3.6450111168e+00 3.6748063886e+00 3.6748063886e+00 3.6610398806e+00 3.6695157936e+00 1.6271012601e+00 1.5515950173e+00 1.7016657218e+00 1.3407455582e+00 1.3271661103e+00 1.3696092516e+00 0 0
176 4.3325726468e+01 4.3489525948e+01 4.3489525948e+01 4.3295962569e+01 4.3812870563e+01 3.6198823571e+00 3.6507886046e+00 3.6507886046e+00 3.6358255785e+00 3.6455851546e+00 1.4974475598e+00 1.5020704940e+00 1.7574412823e+00 1.2839097403e+00 1.2914006114e+00 1.3615277186e+00 0 0
177 4.3126161552e+01 4.2823233714e+01 4.2823233714e+01 4.2873439393e+01 4.2949293180e+01 3.5949996765e+00 3.6264135739e+00 3.6264135739e+00 3.6112964776e+00 3.6222042653e+00 1.4119065442e+00 1.5257958248e+00 1.8163721040e+00 1.2341294853e+00 1.2780798525e+00 1.3630081639e+00 0 0
178 4.2930313442e+01 4.2584681261e+01 4.2584681261e+01 4.2758497319e+01 4.2737454542e+01 3.5701585837e+00 3.6022632228e+00 3.6022632228e+00 3.5876983509e+00 3.5991278026e+00 1.3757860252e+00 1.5689428523e+00 1.7945247889e+00 1.2110547551e+00 1.2647522241e+00 1.3399602398e+00 0 0
179 4.2446117350e+01 4.2260540071e+01 4.2260540071e+01 4.2761642923e+01 4.2476946513e+01 3.5453984658e+00 3.5780680634e+00 3.5780680634e+00 3.5650871450e+00 3.5755549461e+00 1.3559623195e+00 1.7436559200e+00 1.6450009122e+00 1.1955243692e+00 1.2991063520e+00 1.2902663350e+00 0 0
180 4.1967393042e+01 4.2233585939e+01 4.2233585939e+01 4.2240198928e+01 4.2370230347e+01 3.5210298962e+00 3.5541098644e+00 3.5541098644e+00 3.5426742423e+00 3.5517742791e+00 1.3454273941e+00 1.8335841075e+00 1.5476810113e+00 1.1766802979e+00 1.3219678998e+00 1.2516987845e+00 0 0
181 4.0947387305e+01 4.1656800915e+01 4.1656800915e+01 4.1446071285e+01 4.1782176154e+01 3.4971252720e+00 3.5308499188e+00 3.5308499188e+00 3.5197157340e+00 3.5284343530e+00 1.3173200099e+00 1.6691802144e+00 1.5387855917e+00 1.1469818755e+00 1.2718396261e+00 1.2317670435e+00 0 0
182 4.0454709615e+01 4.1047903965e+01 4.1047903965e+01 4.0698658059e+01 4.1263148576e+01 3.4743072315e+00 3.5086484657e+00 3.5086484657e+00 3.4964035067e+00 3.5062616581e+00 1.3416881275e+00 1.4549415559e+00 1.6326132491e+00 1.1236314104e+00 1.1903869584e+00 1.2312742919e+00 0 0
183 3.9960629876e+01 4.0229436894e+01 4.0229436894e+01 4.0128252795e+01 4.0471002064e+01 3.4532718654e+00 3.4867091145e+00 3.4867091145e+00 3.4732252994e+00 3.4847386967e+00 1.5240087896e+00 1.3382941857e+00 1.7169764712e+00 1.1438424808e+00 1.1311715767e+00 1.2373543903e+00 0 0
184 3.9536015841e+01 3.9774850047e+01 3.9774850047e+01 3.9866346993e+01 3.9990910451e+01 3.4330125099e+00 3.4645361600e+00 3.4645361600e+00 3.4502560863e+00 3.4629540509e+00 1.6940001954e+00 1.2546491250e+00 1.5759551302e+00 1.1790423814e+00 1.0841694698e+00 1.1858393922e+00 0 0
185 3.9348962062e+01 3.9356712333e+01 3.9356712333e+01 3.9553073429e+01 3.9482380088e+01 3.4117256566e+00 3.4422336926e+00 3.4422336926e+00 3.4276410377e+00 3.4408140884e+00 1.4905131579e+00 1.2024829090e+00 1.3771666884e+00 1.1291197993e+00 1.0484950170e+00 1.1119595543e+00 0 0
186 3.8917037987e+01 3.8848796685e+01 3.8848796685e+01 3.9325223917e+01 3.8977397531e+01 3.3897019578e+00 3.4200745214e+00 3.4200745214e+00 3.4051818294e+00 3.4186630098e+00 1.2693116336e+00 1.1850627810e+00 1.2610833347e+00 1.0536130340e+00 1.0324423686e+00 1.0598777309e+00 0 0
187 3.8372265531e+01 3.8613497605e+01 3.8613497605e+01 3.8704521416e+01 3.8702537560e+01 3.3673418694e+00 3.3981561960e+00 3.3981561960e+00 3.3829050088e+00 3.3966306197e+00 1.1496580016e+00 1.1726065055e+00 1.2385094315e+00 1.0029986686e+00 1.0163550824e+00 1.0420966223e+00 0 0
188 3.8167348856e+01 3.8318365298e+01 3.8318365298e+01 3.8239923883e+01 3.8357283389e+01 3.3452293566e+00 3.3767467857e+00 3.3767467857e+00 3.3609156513e+00 3.3749098003e+00 1.1025363171e+00 1.1598523483e+00 1.2321493775e+00 9.6931392819e-01 9.9670915678e-01 1.0251351818e+00 0 0
189 3.7697100381e+01 3.7883974932e+01 3.7883974932e+01 3.7814371967e+01 3.7964677958e+01 3.3232331427e+00 3.3561789829e+00 3.3561789829e+00 3.3400777199e+00 3.3538699963e+00 1.0609359383e+00 1.2314185053e+00 1.2728561014e+00 9.4246773915e-01 9.9260742962e-01 1.0178943276e+00 0 0
190 3.7225846513e+01 3.7584416703e+01 3.7584416703e+01 3.7331216843e+01 3.7749183899e+01 3.3015749910e+00 3.3362871940e+00 3.3362871940e+00 3.3201924214e+00 3.3339173134e+00 1.0592535069e+00 1.3745832071e+00 1.3871772289e+00 9.3119009161e-01 1.0189896524e+00 1.0281650499e+00 0 0
191 3.6776930937e+01 3.6921036874e+01 3.6921036874e+01 3.7048472640e+01 3.7071950290e+01 3.2804368379e+00 3.3157387136e+00 3.3157387136e+00 3.3002925955e+00 3.3138252496e+00 1.0256849099e+00 1.3991259485e+00 1.3977351859e+00 9.0231694798e-01 1.0255112648e+00 1.0309410468e+00 0 0
192 3.6371895483e+01 3.6613189355e+01 3.6613189355e+01 3.6748231184e+01 3.6741596117e+01 3.2596431666e+00 3.2949990281e+00 3.2949990281e+00 3.2799591139e+00 3.2934218790e+00 1.0291059343e+00 1.2006521821e+00 1.2620469853e+00 8.9195996983e-01 9.5731659979e-01 9.8422297835e-01 0 0
193 3.6343774902e+01 3.6296135109e+01 3.6296135109e+01 3.6452615995e+01 3.6409094075e+01 3.2395947713e+00 3.2745094689e+00 3.2745094689e+00 3.2591684139e+00 3.2729721994e+00 1.0881266996e+00 1.0629885197e+00 1.1255535334e+00 8.9490108003e-01 9.0663573146e-01 9.2741859704e-01 0 0
194 3.6058397344e+01 3.6239338747e+01 3.6239338747e+01 3.6289025918e+01 3.6347925132e+01 3.2207317541e+00 3.2542255757e+00 3.2542255757e+00 3.2382877701e+00 3.2524152882e+00 1.2934413523e+00 1.0082226917e+00 1.0719873309e+00 9.4179609648e-01 8.7929403037e-01 9.0287189186e-01 0 0
195 3.5360341246e+01 3.5978100368e+01 3.5978100368e+01 3.6079485564e+01 3.6113419627e+01 3.2019658066e+00 3.2346823253e+00 3.2346823253e+00 3.2174778450e+00 3.2321798950e+00 1.4014599359e+00 1.0117278770e+00 1.0754763335e+00 9.7559833495e-01 8.7457145378e-01 8.9155474305e-01 0 0
196 3.4843525324e+01 3.5575438387e+01 3.5575438387e+01 3.4984238045e+01 3.5732828351e+01 3.1828898018e+00 3.2157178799e+00 3.2157178799e+00 3.1978057639e+00 3.2128129072e+00 1.1406535255e+00 1.0944406837e+00 1.2011596411e+00 8.8544462307e-01 8.8190722466e-01 9.1759770364e-01 0 0
197 3.4497206089e+01 3.4903583367e+01 3.4903583367e+01 3.4488512421e+01 3.4924157067e+01 3.1636040685e+00 3.1966370726e+00 3.1966370726e+00 3.1799608655e+00 3.1943842527e+00 9.5405461956e-01 1.2208115458e+00 1.3389919624e+00 8.1162981188e-01 8.8517822325e-01 9.4296902418e-01 0 0
198 3.4389155280e+01 3.4331255902e+01 3.4331255902e+01 3.4238616611e+01 3.4444598842e+01 3.1442285955e+00 3.1776155906e+00 3.1776155906e+00 3.1621394849e+00 3.1759952693e+00 8.8156339184e-01 1.2080302015e+00 1.1950541735e+00 7.7742948223e-01 8.7751087546e-01 8.8794882596e-01 0 0
199 3.3922768166e+01 3.4117331513e+01 3.4117331513e+01 3.4120054229e+01 3.4255480251e+01 3.1248885178e+00 3.1585694050e+00 3.1585694050e+00 3.1435675422e+00 3.1571391374e+00 8.6854191066e-01 1.0350052640e+00 9.9662254006e-01 7.6473918272e-01 8.2466807589e-01 8.1817138568e-01 0 0
200 3.3855460157e+01 3.3803913824e+01 3.3803913824e+01 3.3741389328e+01 3.3977346166e+01 3.1055323944e+00 3.1399581295e+00 3.1399581295e+00 3.1244586844e+00 3.1384008432e+00 8.3862531201e-01 9.2029863968e-01 9.4943745062e-01 7.4604327491e-01 7.8254565969e-01 7.9104894027e-01 0 0
201 3.3068701523e+01 3.3275492827e+01 3.3275492827e+01 3.3618624966e+01 3.3395280370e+01 3.0870231203e+00 3.1220015606e+00 3.1220015606e+00 3.1052394400e+00 3.1201267319e+00 8.8956330593e-01 8.5775604472e-01 9.8954163492e-01 7.4770306870e-01 7.5178935379e-01 7.9123537242e-01 0 0
202 3.2856380724e+01 3.3238093718e+01 3.3238093718e+01 3.2830371342e+01 3.3270685401e+01 3.0695890641e+00 3.1045194752e+00 3.1045194752e+00 3.0863414166e+00 3.1025375287e+00 9.5274357104e-01 8.6291887239e-01 1.0705459341e+00 7.4766689156e-01 7.4397002161e-01 8.0181190372e-01 0 0
203 3.2660140433e+01 3.2813465388e+01 3.2813465388e+01 3.2831271137e+01 3.2869274729e+01 3.0528880328e+00 3.0866091426e+00 3.0866091426e+00 3.0681517862e+00 3.0849195137e+00 1.1445443786e+00 8.5803755000e-01 1.0940035582e+00 7.9939118182e-01 7.2461833432e-01 8.0776581168e-01 0 0
204 3.2472592454e+01 3.2817077434e+01 3.2817077434e+01 3.2504058115e+01 3.2923201467e+01 3.0354155309e+00 3.0684497938e+00 3.0684497938e+00 3.0506988485e+00 3.0669036949e+00 1.0483821228e+00 9.7950578108e-01 9.3933442980e-01 7.7898314127e-01 7.5549078733e-01 7.5384198129e-01 0 0
205 3.2437254061e+01 3.2417584430e+01 3.2417584430e+01 3.2195350889e+01 3.2589378583e+01 3.0172304115e+00 3.0499983615e+00 3.0499983615e+00 3.0337684247e+00 3.0483090090e+00 8.7268559126e-01 1.0674884096e+00 8.5945230722e-01 7.2108446761e-01 7.7327363193e-01 7.2961585224e-01 0 0
206 3.2274735247e+01 3.1988389770e+01 3.1988389770e+01 3.2105846826e+01 3.2168731254e+01 2.9987000318e+00 3.0324188740e+00 3.0324188740e+00 3.0162137448e+00 3.0302082255e+00 7.8656483220e-01 9.8110371828e-01 8.5264588520e-01 6.8766235532e-01 7.5098564103e-01 7.1327935159e-01 0 0
207 3.1875692846e+01 3.1669827380e+01 3.1669827380e+01 3.2023313613e+01 3.1806098939e+01 2.9802657488e+00 3.0154524454e+00 3.0154524454e+00 2.9980719764e+00 3.0127714630e+00 7.6020456472e-01 8.4352942929e-01 9.1154789180e-01 6.7178391377e-01 7.0450039208e-01 7.1989050135e-01 0 0
208 3.1201055880e+01 3.1708197521e+01 3.1708197521e+01 3.1630755357e+01 3.1710673810e+01 2.9622719774e+00 2.9983317923e+00 2.9983317923e+00 2.9800337885e+00 2.9959632051e+00 7.4053118632e-01 8.0700928718e-01 9.9968990311e-01 6.5255548934e-01 6.8455091491e-01 7.3700810969e-01 0 0
209 3.1060143558e+01 3.1365354476e+01 3.1365354476e+01 3.0917285951e+01 3.1443802613e+01 2.9445335258e+00 2.9806586713e+00 2.9806586713e+00 2.9627343965e+00 2.9789482384e+00 7.1375413013e-01 8.1421251222e-01 9.9132398516e-01 6.3284226555e-01 6.7084532231e-01 7.3612599447e-01 0 0
210 3.0711518544e+01 3.0836872729e+01 3.0836872729e+01 3.0585932761e+01 3.0954957541e+01 2.9271408133e+00 2.9630983754e+00 2.9630983754e+00 2.9464821215e+00 2.9616899802e+00 7.2195570967e-01 8.8262624666e-01 8.6148793250e-01 6.2646936007e-01 6.7374802008e-01 6.8853201345e-01 0 0
211 3.0332037917e+01 3.0340341394e+01 3.0340341394e+01 3.0455210834e+01 3.0540665579e+01 2.9105873586e+00 2.9459865575e+00 2.9459865575e+00 2.9305574783e+00 2.9445745639e+00 7.8775229947e-01 9.6509714425e-01 7.9096044600e-01 6.3532368560e-01 6.9404373690e-01 6.5383292735e-01 0 0
212 2.9680190512e+01 3.0258155417e+01 3.0258155417e+01 3.0318299169e+01 3.0400346393e+01 2.8949628673e+00 2.9294189107e+00 2.9294189107e+00 2.9139181172e+00 2.9278495477e+00 9.1204930312e-01 8.6614276096e-01 8.0388739333e-01 6.6237569053e-01 6.6869886592e-01 6.4797298983e-01 0 0
213 2.9533511448e+01 2.9960144017e+01 2.9960144017e+01 3.0119018214e+01 3.0063015686e+01 2.8794656453e+00 2.9133604780e+00 2.9133604780e+00 2.8968414768e+00 2.9117852492e+00 9.0120861115e-01 7.4986872450e-01 8.7784880400e-01 6.5381864061e-01 6.2802322209e-01 6.6041571274e-01 0 0
214 2.9228668498e+01 2.9774274908e+01 2.9774274908e+01 2.9486831312e+01 2.9863234753e+01 2.8635154734e+00 2.8970605739e+00 2.8970605739e+00 2.8801832702e+00 2.8957296993e+00 7.6147817742e-01 7.1027998999e-01 8.9226730168e-01 6.0635711316e-01 6.0183073953e-01 6.6336324811e-01 0 0
215 2.8972304601e+01 2.9148336991e+01 2.9148336991e+01 2.9112050857e+01 2.9248606331e+01 2.8472621197e+00 2.8806821477e+00 2.8806821477e+00 2.8643755543e+00 2.8795368273e+00 6.5247784153e-01 7.1734762937e-01 7.9725847393e-01 5.6238802316e-01 5.8599567041e-01 6.2801216170e-01 0 0
216 2.8708597572e+01 2.8881411414e+01 2.8881411414e+01 2.8588451524e+01 2.8965938954e+01 2.8312522394e+00 2.8646514636e+00 2.8646514636e+00 2.8496681101e+00 2.8635631530e+00 6.3682051945e-01 8.1590000913e-01 7.1928413212e-01 5.4825548231e-01 5.9874235094e-01 5.8934083581e-01 0 0
217 2.8093538098e+01 2.8275720281e+01 2.8275720281e+01 2.8333535437e+01 2.8438911420e+01 2.8157856052e+00 2.8491256472e+00 2.8491256472e+00 2.8349108734e+00 2.8480248566e+00 6.5220133963e-01 8.5542297736e-01 7.1510342136e-01 5.4339527979e-01 6.1072714627e-01 5.7556331530e-01 0 0
218 2.7907230499e+01 2.7982504692e+01 2.7982504692e+01 2.8356234761e+01 2.8098445852e+01 2.8011564869e+00 2.8340475671e+00 2.8340475671e+00 2.8196558308e+00 2.8329335807e+00 7.0713972258e-01 7.4014404789e-01 7.4994115904e-01 5.4826611688e-01 5.7526721805e-01 5.7724820077e-01 0 0
219 2.7689985666e+01 2.7722684596e+01 2.7722684596e+01 2.8168989308e+01 2.7815846445e+01 2.7870008504e+00 2.8191773779e+00 2.8191773779e+00 2.8041182266e+00 2.8181111349e+00 8.0716967571e-01 6.4629713073e-01 7.7320831269e-01 5.7389705870e-01 5.4075115174e-01 5.7871439308e-01 0 0
220 2.7656579197e+01 2.7752736000e+01 2.7752736000e+01 2.7864684792e+01 2.7866883058e+01 2.7720823353e+00 2.8040591844e+00 2.8040591844e+00 2.7886170436e+00 2.8030498433e+00 7.1119250076e-01 6.1218532547e-01 7.0621306449e-01 5.4993137604e-01 5.2338676900e-01 5.5578615144e-01 0 0
221 2.7489634110e+01 2.7707381230e+01 2.7707381230e+01 2.7485652441e+01 2.7800454401e+01 2.7567801076e+00 2.7889872654e+00 2.7889872654e+00 2.7739127341e+00 2.7880088039e+00 6.1355659175e-01 6.6404808685e-01 6.6991893202e-01 5.1464649439e-01 5.2783901617e-01 5.3877850622e-01 0 0
222 2.7145233094e+01 2.7204247940e+01 2.7204247940e+01 2.7052904362e+01 2.7297151980e+01 2.7412763310e+00 2.7741926204e+00 2.7741926204e+00 2.7597982295e+00 2.7732232590e+00 5.5748528528e-01 7.4949824810e-01 6.8060806394e-01 4.9182374369e-01 5.4664978012e-01 5.3547510132e-01 0 0
223 2.6883119431e+01 2.7037404466e+01 2.7037404466e+01 2.7167727241e+01 2.7138785380e+01 2.7261649309e+00 2.7597170251e+00 2.7597170251e+00 2.7455935145e+00 2.7587380393e+00 5.3762086805e-01 7.3813353479e-01 6.9312079996e-01 4.7479717059e-01 5.4209085181e-01 5.3189959750e-01 0 0
224 2.6543737066e+01 2.6656290070e+01 2.6656290070e+01 2.6766594134e+01 2.6768240726e+01 2.7113848739e+00 2.7453930490e+00 2.7453930490e+00 2.7308700356e+00 2.7444040639e+00 5.3957769072e-01 6.3846432045e-01 7.0417595655e-01 4.6793657207e-01 5.1153516024e-01 5.3119003773e-01 0 0
225 2.6372199040e+01 2.6430647014e+01 2.6430647014e+01 2.6638423204e+01 2.6547684862e+01 2.6971911594e+00 2.7308278538e+00 2.7308278538e+00 2.7161718548e+00 2.7298092023e+00 5.8668317857e-01 5.6109349430e-01 6.3643283024e-01 4.7589346934e-01 4.7673413716e-01 5.0779145211e-01 0 0
226 2.5985917389e+01 2.6222342899e+01 2.6222342899e+01 2.6308478621e+01 2.6352913671e+01 2.6837955423e+00 2.7166562146e+00 2.7166562146e+00 2.7018181752e+00 2.7155625348e+00 6.9576670328e-01 5.7854457200e-01 6.0378394648e-01 5.0167039694e-01 4.7596831061e-01 4.8636396974e-01 0 0
227 2.5725578299e+01 2.6042491523e+01 2.6042491523e+01 2.6037144757e+01 2.6154094065e+01 2.6702827738e+00 2.7026939352e+00 2.7026939352e+00 2.6880650543e+00 2.7015182209e+00 6.9891652673e-01 6.4673574269e-01 6.2335567921e-01 5.0345164405e-01 4.9060798623e-01 4.8825675063e-01 0 0
228 2.5698772044e+01 2.5941611826e+01 2.5941611826e+01 2.5723927455e+01 2.6004468681e+01 2.6563396512e+00 2.6889220061e+00 2.6889220061e+00 2.6745453001e+00 2.6877565934e+00 5.7090621612e-01 6.9364976138e-01 6.6251796857e-01 4.6009195152e-01 5.0216173753e-01 4.9629726633e-01 0 0
229 2.5537243149e+01 2.5569240735e+01 2.5569240735e+01 2.5647964236e+01 2.5621892973e+01 2.6420669224e+00 2.6748721908e+00 2.6748721908e+00 2.6606886792e+00 2.6737750433e+00 4.9940539539e-01 6.0507590324e-01 6.4058484510e-01 4.3324202197e-01 4.7290927358e-01 4.9022475630e-01 0 0
230 2.5160113573e+01 2.5379447059e+01 2.5379447059e+01 2.5525566001e+01 2.5444467551e+01 2.6278786079e+00 2.6608213205e+00 2.6608213205e+00 2.6466241953e+00 2.6596913128e+00 4.8347976685e-01 5.1877609268e-01 5.5876536295e-01 4.2289372230e-01 4.3900193274e-01 4.5759044029e-01 0 0
231 2.4875533641e+01 2.5100058555e+01 2.5100058555e+01 2.5223767846e+01 2.5232486203e+01 2.6141375911e+00 2.6470678934e+00 2.6470678934e+00 2.6326580874e+00 2.6457142045e+00 4.8732324829e-01 5.1019265503e-01 5.1654311642e-01 4.1580512106e-01 4.3171755970e-01 4.3616591766e-01 0 0
232 2.4406700997e+01 2.4749690507e+01 2.4749690507e+01 2.4728323952e+01 2.4949220279e+01 2.6011573611e+00 2.6337501354e+00 2.6337501354e+00 2.6193344289e+00 2.6319797066e+00 5.4028725910e-01 5.3940106183e-01 5.2781992033e-01 4.2390785635e-01 4.3150928058e-01 4.3493777514e-01 0 0
233 2.4396622026e+01 2.4533176925e+01 2.4533176925e+01 2.4466568851e+01 2.4671184470e+01 2.5887177566e+00 2.6209333533e+00 2.6209333533e+00 2.6066064091e+00 2.6189950433e+00 6.1251694732e-01 5.9379293770e-01 5.7914751396e-01 4.4096528141e-01 4.4074129127e-01 4.4100292213e-01 0 0
234 2.4497415050e+01 2.4489624318e+01 2.4489624318e+01 2.4537302386e+01 2.4475839341e+01 2.5757010390e+00 2.6078103662e+00 2.6078103662e+00 2.5937477848e+00 2.6062109441e+00 5.7719685982e-01 5.9410117567e-01 6.0695610940e-01 4.3723134016e-01 4.4187202491e-01 4.4620427489e-01 0 0
235 2.4499025903e+01 2.4478134675e+01 2.4478134675e+01 2.4789185917e+01 2.4534592166e+01 2.5622180637e+00 2.5943232400e+00 2.5943232400e+00 2.5803670246e+00 2.5930271090e+00 4.9990831972e-01 5.1876891404e-01 5.5394094810e-01 4.1331893018e-01 4.2041027918e-01 4.3158120662e-01 0 0
236 2.4194652234e+01 2.4431227716e+01 2.4431227716e+01 2.4489092520e+01 2.4582092081e+01 2.5487141891e+00 2.5808619972e+00 2.5808619972e+00 2.5666669506e+00 2.5795990986e+00 4.5859872157e-01 4.7536754049e-01 4.9973560311e-01 3.9491023109e-01 4.0656503290e-01 4.1287410073e-01 0 0
237 2.3835939069e+01 2.4058280119e+01 2.4058280119e+01 2.4108254427e+01 2.4234510686e+01 2.5355004736e+00 2.5677373198e+00 2.5677373198e+00 2.5531367369e+00 2.5662983460e+00 4.4660799903e-01 4.5902249962e-01 4.9910319969e-01 3.8408487263e-01 3.9598632790e-01 4.0999268740e-01 0 0
238 2.3209406178e+01 2.3859380116e+01 2.3859380116e+01 2.3622582690e+01 2.3962743452e+01 2.5232190880e+00 2.5552723473e+00 2.5552723473e+00 2.5400594368e+00 2.5537228762e+00 4.8143343156e-01 4.6548790857e-01 5.4822466895e-01 3.8335663828e-01 3.9061962999e-01 4.1687261127e-01 0 0
239 2.2788623639e+01 2.3592797994e+01 2.3592797994e+01 2.3225630263e+01 2.3599309607e+01 2.5116705187e+00 2.5428326166e+00 2.5428326166e+00 2.5277270142e+00 2.5414841094e+00 5.3216337561e-01 5.0374259427e-01 5.8381574601e-01 3.9014842040e-01 3.9331975020e-01 4.2309282534e-01 0 0
240 2.2662129498e+01 2.3385307773e+01 2.3385307773e+01 2.2885934686e+01 2.3428791351e+01 2.5002958231e+00 2.5301762472e+00 2.5301762472e+00 2.5159161666e+00 2.5289886769e+00 5.3527157573e-01 5.3063129261e-01 5.3133270144e-01 3.8756181618e-01 3.9420505427e-01 4.0650264546e-01 0 0
241 2.2523725169e+01 2.3039914203e+01 2.3039914203e+01 2.2700046906e+01 2.3168804518e+01 2.4884844517e+00 2.5177581105e+00 2.5177581105e+00 2.5039124525e+00 2.5164291009e+00 4.5031154370e-01 4.7987806611e-01 4.5915489830e-01 3.6075762189e-01 3.7723603658e-01 3.7780608609e-01 0 0
242 2.2625034113e+01 2.2492711222e+01 2.2492711222e+01 2.2640913451e+01 2.2693800375e+01 2.4764110109e+00 2.5059789253e+00 2.5059789253e+00 2.4919689126e+00 2.5041351071e+00 3.8990079225e-01 4.2691921070e-01 4.2492530681e-01 3.3739748494e-01 3.5373374820e-01 3.5881705955e-01 0 0
243 2.2353196923e+01 2.2146912839e+01 2.2146912839e+01 2.2395230998e+01 2.2320247897e+01 2.4643527596e+00 2.4948608062e+00 2.4948608062e+00 2.4800501972e+00 2.4925427467e+00 3.9101252841e-01 4.0228313766e-01 4.4517329894e-01 3.3636922031e-01 3.4120603092e-01 3.5557511263e-01 0 0
244 2.2036106546e+01 2.2211610744e+01 2.2211610744e+01 2.2292359738e+01 2.2201534335e+01 2.4529276703e+00 2.4836005034e+00 2.4836005034e+00 2.4684055947e+00 2.4815529165e+00 4.2005887612e-01 4.1502898000e-01 4.8963313177e-01 3.3894212411e-01 3.4083437920e-01 3.6137172766e-01 0 0
245 2.1817524754e+01 2.2189185538e+01 2.2189185538e+01 2.1975341850e+01 2.2252050927e+01 2.4420796499e+00 2.4718070278e+00 2.4718070278e+00 2.4574394058e+00 2.4703555472e+00 4.7414883565e-01 4.9338868819e-01 5.0162790343e-01 3.5095241849e-01 3.5995325446e-01 3.6754907481e-01 0 0
246 2.1608778166e+01 2.2081883029e+01 2.2081883029e+01 2.2055980897e+01 2.2203840058e+01 2.4313167809e+00 2.4598443146e+00 2.4598443146e+00 2.4464703401e+00 2.4585817817e+00 4.9079895437e-01 4.9569089711e-01 4.3601707183e-01 3.5530021533e-01 3.6071979068e-01 3.5035851225e-01 0 0
247 2.1537881049e+01 2.1750504411e+01 2.1750504411e+01 2.1890094715e+01 2.2018652378e+01 2.4201490991e+00 2.4484242567e+00 2.4484242567e+00 2.4351492687e+00 2.4470144000e+00 4.0374732175e-01 4.3746690080e-01 4.1020815633e-01 3.2710831837e-01 3.4426720999e-01 3.3655212075e-01 0 0
248 2.1343934865e+01 2.1422592986e+01 2.1422592986e+01 2.1416525498e+01 2.1557021354e+01 2.4089232586e+00 2.4372386513e+00 2.4372386513e+00 2.4240301149e+00 2.4356314044e+00 3.6153720867e-01 4.0201975591e-01 4.0974370763e-01 3.0906245021e-01 3.2621730492e-01 3.3369016275e-01 0 0
249 2.1068050176e+01 2.1291100103e+01 2.1291100103e+01 2.1076639110e+01 2.1202706700e+01 2.3978367744e+00 2.4263384444e+00 2.4263384444e+00 2.4132178439e+00 2.4247315153e+00 3.5379107875e-01 3.9699701965e-01 4.2416021973e-01 3.0283706516e-01 3.1829475239e-01 3.3161318488e-01 0 0
250 2.0820315388e+01 2.1264630476e+01 2.1264630476e+01 2.0862571991e+01 2.1173252593e+01 2.3873447126e+00 2.4154601100e+00 2.4154601100e+00 2.4028166463e+00 2.4139247751e+00 3.7660619384e-01 4.2924784124e-01 4.1003642976e-01 3.0273096768e-01 3.2346935943e-01 3.2331636921e-01 0 0
251 2.0581390462e+01 2.0980493841e+01 2.0980493841e+01 2.0860656196e+01 2.1023599897e+01 2.3772026839e+00 2.4046647051e+00 2.4046647051e+00 2.3923164641e+00 2.4029510847e+00 4.2652324453e-01 4.2055973038e-01 3.8418648206e-01 3.1507567828e-01 3.2065344602e-01 3.1408195943e-01 0 0
252 2.0584961282e+01 2.0742594305e+01 2.0742594305e+01 2.0916214694e+01 2.0982884289e+01 2.3669329812e+00 2.3943421053e+00 2.3943421053e+00 2.3817582189e+00 2.3919984686e+00 4.2806326930e-01 3.8588562049e-01 3.6000379361e-01 3.1563629347e-01 3.0666179955e-01 3.0261960067e-01 0 0
253 2.0520162242e+01 2.0516819451e+01 2.0516819451e+01 2.0495578754e+01 2.0706072535e+01 2.3562831545e+00 2.3842217356e+00 2.3842217356e+00 2.3712394950e+00 2.3812544061e+00 3.6573847016e-01 3.8572213985e-01 3.6049511842e-01 2.9547549143e-01 3.0415860191e-01 2.9865444824e-01 0 0
254 2.0214655419e+01 2.0600599617e+01 2.0600599617e+01 2.0184385266e+01 2.0399356443e+01 2.3455549235e+00 2.3737481695e+00 2.3737481695e+00 2.3611448462e+00 2.3706544084e+00 3.2668132536e-01 4.0985943936e-01 3.7012357824e-01 2.7974657903e-01 3.0524129234e-01 2.9881409556e-01 0 0
255 1.9936786345e+01 2.0320511491e+01 2.0320511491e+01 2.0130089916e+01 2.0182748714e+01 2.3352301274e+00 2.3630971083e+00 2.3630971083e+00 2.3509918511e+00 2.3605050465e+00 3.1782977119e-01 4.0299885161e-01 4.0375513583e-01 2.7050101640e-01 3.0231338553e-01 3.0350362323e-01 0 0
256 1.9587594525e+01 2.0057859270e+01 2.0057859270e+01 2.0105877623e+01 2.0244553952e+01 2.3253055768e+00 2.3524959169e+00 2.3524959169e+00 2.3406903478e+00 2.3503316393e+00 3.3377689280e-01 3.5900133289e-01 3.9339590818e-01 2.7089305871e-01 2.8718594834e-01 2.9863190278e-01 0 0
257 1.9299054898e+01 1.9663368768e+01 1.9663368768e+01 1.9870475014e+01 2.0060050648e+01 2.3159379579e+00 2.3422644892e+00 2.3422644892e+00 2.3304852647e+00 2.3402580321e+00 3.8132580759e-01 3.2570080459e-01 3.7265315838e-01 2.7985105723e-01 2.7193471603e-01 2.8892284632e-01 0 0
258 1.9232957078e+01 1.9515083935e+01 1.9515083935e+01 1.9556944037e+01 1.9707423420e+01 2.3064561992e+00 2.3323905045e+00 2.3323905045e+00 2.3204296599e+00 2.3305439673e+00 3.6890069853e-01 3.2164171338e-01 3.6729793437e-01 2.7557017504e-01 2.6714409329e-01 2.8142508119e-01 0 0
259 1.9205821146e+01 1.9483024838e+01 1.9483024838e+01 1.9162976427e+01 1.9468940844e+01 2.2967370932e+00 2.3225128922e+00 2.3225128922e+00 2.3109650831e+00 2.3210656896e+00 3.1633318597e-01 3.5203960724e-01 3.8228625245e-01 2.5748788484e-01 2.6961409673e-01 2.8265546635e-01 0 0
260 1.9093367653e+01 1.9234107653e+01 1.9234107653e+01 1.9002588598e+01 1.9252565485e+01 2.2869474110e+00 2.3125996231e+00 2.3125996231e+00 2.3017221310e+00 2.3115127516e+00 2.8651219940e-01 3.6868340708e-01 3.7418197654e-01 2.4520896609e-01 2.7138880827e-01 2.7927424386e-01 0 0
261 1.8932481707e+01 1.9045493823e+01 1.9045493823e+01 1.9014208651e+01 1.9158860096e+01 2.2771395332e+00 2.3028519852e+00 2.3028519852e+00 2.2923512088e+00 2.3017517546e+00 2.7096557269e-01 3.4229111671e-01 3.2099315152e-01 2.3739351879e-01 2.6256645843e-01 2.6003520191e-01 0 0
262 1.8737900475e+01 1.8679156530e+01 1.8679156530e+01 1.8902140525e+01 1.8977472704e+01 2.2674270105e+00 2.2934371829e+00 2.2934371829e+00 2.2828628358e+00 2.2919599489e+00 2.7621107524e-01 3.0801790580e-01 2.9504063725e-01 2.3682782538e-01 2.4977966491e-01 2.4883774389e-01 0 0
263 1.8317193158e+01 1.8568293531e+01 1.8568293531e+01 1.8694199194e+01 1.8791809059e+01 2.2580487580e+00 2.2843647376e+00 2.2843647376e+00 2.2735129861e+00 2.2822935558e+00 2.9689639833e-01 3.0428720079e-01 2.8366804868e-01 2.3985628383e-01 2.4505244568e-01 2.4163251650e-01 0 0
264 1.8079322694e+01 1.8618941378e+01 1.8618941378e+01 1.8371532087e+01 1.8574316098e+01 2.2490973412e+00 2.2752498580e+00 2.2752498580e+00 2.2643418975e+00 2.2728992025e+00 3.2525202393e-01 3.2685377635e-01 2.9666649736e-01 2.4436157104e-01 2.4987318739e-01 2.4228226021e-01 0 0
265 1.8177973744e+01 1.8575335551e+01 1.8575335551e+01 1.8402605146e+01 1.8462772751e+01 2.2400398157e+00 2.2658090748e+00 2.2658090748e+00 2.2552067198e+00 2.2637079814e+00 3.1763898623e-01 3.3107170276e-01 3.2239127345e-01 2.4230726019e-01 2.4965489656e-01 2.4815742113e-01 0 0
266 1.8233032355e+01 1.8270609049e+01 1.8270609049e+01 1.8262768812e+01 1.8342006620e+01 2.2307943936e+00 2.2563726589e+00 2.2563726589e+00 2.2459411750e+00 2.2545615106e+00 2.8266873136e-01 3.0553373694e-01 3.2936682925e-01 2.3031381264e-01 2.4068296794e-01 2.4887058884e-01 0 0
267 1.8049542256e+01 1.7968283792e+01 1.7968283792e+01 1.8183234170e+01 1.8216173569e+01 2.2214418198e+00 2.2471653446e+00 2.2471653446e+00 2.2365887754e+00 2.2452648889e+00 2.6193982382e-01 2.7680899762e-01 3.0079717934e-01 2.2221808962e-01 2.2960369196e-01 2.3889919370e-01 0 0
268 1.7944437824e+01 1.7804844332e+01 1.7804844332e+01 1.7938581374e+01 1.8034983865e+01 2.2120889111e+00 2.2381655527e+00 2.2381655527e+00 2.2275511834e+00 2.2360164631e+00 2.5365872552e-01 2.8119733930e-01 2.8072348610e-01 2.1788402260e-01 2.2683677915e-01 2.2964625619e-01 0 0
269 1.7556782660e+01 1.7818305318e+01 1.7818305318e+01 1.7785962491e+01 1.7801313990e+01 2.2031849514e+00 2.2290822951e+00 2.2290822951e+00 2.2188909790e+00 2.2270144964e+00 2.7604393937e-01 3.1125283428e-01 2.8834014200e-01 2.2102453235e-01 2.3283106741e-01 2.2904585674e-01 0 0
270 1.7109831714e+01 1.7899376953e+01 1.7899376953e+01 1.7821652494e+01 1.7736776235e+01 2.1946107923e+00 2.2198942332e+00 2.2198942332e+00 2.2102022748e+00 2.2181666429e+00 2.9427425292e-01 3.2429210283e-01 2.9779531248e-01 2.2302967684e-01 2.3728056811e-01 2.2994809039e-01 0 0
271 1.7218094270e+01 1.7677224130e+01 1.7677224130e+01 1.7655078734e+01 1.7779286683e+01 2.1861433833e+00 2.2107334249e+00 2.2107334249e+00 2.2012075497e+00 2.2092816418e+00 2.8675272428e-01 2.8887145966e-01 3.0000890978e-01 2.1760122746e-01 2.2709992994e-01 2.3049382772e-01 0 0
272 1.7191976580e+01 1.7290634284e+01 1.7290634284e+01 1.7432699438e+01 1.7533994518e+01 2.1773698263e+00 2.2018390243e+00 2.2018390243e+00 2.1922785269e+00 2.2003260356e+00 2.5549737911e-01 2.5773919001e-01 2.8201023862e-01 2.0787989406e-01 2.1273928043e-01 2.2356724367e-01 0 0
273 1.7142663464e+01 1.7052861324e+01 1.7052861324e+01 1.7040320209e+01 1.7173724060e+01 2.1684173629e+00 2.1933642516e+00 2.1933642516e+00 2.1835895858e+00 2.1916902675e+00 2.3111197657e-01 2.5482588448e-01 2.7525350824e-01 1.9877888736e-01 2.0750095975e-01 2.1592726186e-01 0 0
274 1.6991815257e+01 1.6997412092e+01 1.6997412092e+01 1.6826056818e+01 1.6932373622e+01 2.1594694465e+00 2.1848887807e+00 2.1848887807e+00 2.1750672496e+00 2.1833944817e+00 2.2073630431e-01 2.5873046555e-01 2.8836870380e-01 1.9357766852e-01 2.0584280789e-01 2.1544735879e-01 0 0
275 1.6836074279e+01 1.7010034629e+01 1.7010034629e+01 1.6828803910e+01 1.7028888392e+01 2.1506599865e+00 2.1762868893e+00 2.1762868893e+00 2.1666929954e+00 2.1750952569e+00 2.2079180734e-01 2.7601950616e-01 2.8926694021e-01 1.9157749261e-01 2.0992784668e-01 2.1467038710e-01 0 0
276 1.6533509681e+01 1.6712792820e+01 1.6712792820e+01 1.6933245248e+01 1.6904843989e+01 2.1420905646e+00 2.1676342862e+00 2.1676342862e+00 2.1581063075e+00 2.1664302011e+00 2.3239343953e-01 2.5590688922e-01 2.6162793115e-01 1.9313860962e-01 2.0402979013e-01 2.0768021885e-01 0 0
277 1.6258162916e+01 1.6694570351e+01 1.6694570351e+01 1.6928018203e+01 1.6977109645e+01 2.1337937140e+00 2.1593125148e+00 2.1593125148e+00 2.1494750554e+00 2.1577255963e+00 2.4861364794e-01 2.3813297693e-01 2.3681876715e-01 1.9555246870e-01 1.9683554582e-01 1.9738113228e-01 0 0
278 1.6413483267e+01 1.6586701989e+01 1.6586701989e+01 1.6610980784e+01 1.6597756687e+01 2.1255395993e+00 2.1510643175e+00 2.1510643175e+00 2.1409746529e+00 2.1491609605e+00 2.5222747771e-01 2.3902582563e-01 2.4033601303e-01 1.9541362422e-01 1.9498773757e-01 1.9674617331e-01 0 0
279 1.6513953144e+01 1.6592651101e+01 1.6592651101e+01 1.6408582656e+01 1.6401549503e+01 2.1170447731e+00 2.1427373767e+00 2.1427373767e+00 2.1328107654e+00 2.1407402174e+00 2.3765728339e-01 2.5603636913e-01 2.4522520415e-01 1.9146567182e-01 1.9677530322e-01 1.9638164714e-01 0 0
280 1.6415121781e+01 1.6388117770e+01 1.6388117770e+01 1.6418521266e+01 1.6414790606e+01 2.1084378431e+00 2.1344724803e+00 2.1344724803e+00 2.1247819671e+00 2.1324935769e+00 2.2803683699e-01 2.7163113281e-01 2.5490995310e-01 1.8777148143e-01 1.9988572132e-01 1.9717445318e-01 0 0
281 1.5978882495e+01 1.6188463337e+01 1.6188463337e+01 1.6470124218e+01 1.6490994626e+01 2.1001977960e+00 2.1262655600e+00 2.1262655600e+00 2.1164333952e+00 2.1242009924e+00 2.3984625941e-01 2.5389411300e-01 2.4889291264e-01 1.8722370272e-01 1.9606916513e-01 1.9423481636e-01 0 0
282 1.5860787941e+01 1.6205140153e+01 1.6205140153e+01 1.6339183279e+01 1.6453580352e+01 2.0923196873e+00 2.1179663202e+00 2.1179663202e+00 2.1078707054e+00 2.1159139401e+00 2.5731226101e-01 2.3353929166e-01 2.4599575344e-01 1.8828575457e-01 1.8945131730e-01 1.9198335987e-01 0 0
283 1.5974288994e+01 1.6231499572e+01 1.6231499572e+01 1.5971563819e+01 1.6196175272e+01 2.0842080183e+00 2.1093970325e+00 2.1093970325e+00 2.0995765450e+00 2.1077929595e+00 2.5362127551e-01 2.3717190977e-01 2.6438158192e-01 1.8843968416e-01 1.8671972584e-01 1.9606570061e-01 0 0
284 1.5864980072e+01 1.5993624848e+01 1.5993624848e+01 1.5801608168e+01 1.5913582302e+01 2.0758255460e+00 2.1007518556e+00 2.1007518556e+00 2.0915967363e+00 2.0996647850e+00 2.2748641080e-01 2.4923143536e-01 2.6561295986e-01 1.8027035470e-01 1.8642932549e-01 1.9551024213e-01 0 0
285 1.5642996248e+01 1.5854692582e+01 1.5854692582e+01 1.5883791014e+01 1.5927935734e+01 2.0673352135e+00 2.0922636352e+00 2.0922636352e+00 2.0833851485e+00 2.0913327091e+00 2.1158953511e-01 2.4115065858e-01 2.3206882086e-01 1.7388310525e-01 1.8473892938e-01 1.8368389085e-01 0 0
286 1.5501268402e+01 1.5738455765e+01 1.5738455765e+01 1.5844334578e+01 1.5995787960e+01 2.0592538525e+00 2.0838960256e+00 2.0838960256e+00 2.0749422998e+00 2.0826942736e+00 2.2354963146e-01 2.2287144978e-01 2.0476039592e-01 1.7339873971e-01 1.7895321269e-01 1.7437659483e-01 0 0
287 1.5461793459e+01 1.5564004481e+01 1.5564004481e+01 1.5696118362e+01 1.5847368959e+01 2.0511879991e+00 2.0757687277e+00 2.0757687277e+00 2.0664335449e+00 2.0739430284e+00 2.3898037997e-01 2.0813480299e-01 1.9716752600e-01 1.7844799095e-01 1.7255109176e-01 1.7109779362e-01 0 0
288 1.5726152878e+01 1.5543492978e+01 1.5543492978e+01 1.5426480086e+01 1.5684261094e+01 2.0428827019e+00 2.0677373281e+00 2.0677373281e+00 2.0581064837e+00 2.0652412592e+00 2.2743257977e-01 2.1186346747e-01 1.9158961438e-01 1.7630076954e-01 1.7129497882e-01 1.6713989992e-01 0 0
289 1.5767703199e+01 1.5526177236e+01 1.5526177236e+01 1.5510422802e+01 1.5528009764e+01 2.0343577705e+00 2.0594895900e+00 2.0594895900e+00 2.0499082661e+00 2.0567736076e+00 2.1122995040e-01 2.1940858755e-01 1.9952509459e-01 1.7192386219e-01 1.7228425015e-01 1.6738047358e-01 0 0
290 1.5456658243e+01 1.5427797550e+01 1.5427797550e+01 1.5556639583e+01 1.5457280324e+01 2.0259232301e+00 2.0511084646e+00 2.0511084646e+00 2.0415957897e+00 2.0485493177e+00 2.0731881209e-01 2.2806677036e-01 2.1393317543e-01 1.6911728430e-01 1.7654649075e-01 1.7013463937e-01 0 0
291 1.5245512069e+01 1.5319046054e+01 1.5319046054e+01 1.5693591087e+01 1.5589058210e+01 2.0178332951e+00 2.0426492495e+00 2.0426492495e+00 2.0330223470e+00 2.0404244026e+00 2.1949533448e-01 2.0762874186e-01 2.3793263361e-01 1.6998406406e-01 1.7089749034e-01 1.7806362361e-01 0 0
292 1.5138342158e+01 1.5423707801e+01 1.5423707801e+01 1.5541257094e+01 1.5694374797e+01 2.0098657123e+00 2.0343228562e+00 2.0343228562e+00 2.0244344708e+00 2.0322119574e+00 2.3237851678e-01 1.9941105973e-01 2.3306998983e-01 1.7333420628e-01 1.6735104285e-01 1.7700858042e-01 0 0
293 1.5100207400e+01 1.5310275668e+01 1.5310275668e+01 1.5251098406e+01 1.5351153792e+01 2.0017965646e+00 2.0259561200e+00 2.0259561200e+00 2.0159426799e+00 2.0238553732e+00 2.1303153182e-01 1.9332294911e-01 2.1970970277e-01 1.6679488808e-01 1.6342150792e-01 1.7311985232e-01 0 0
294 1.5197775008e+01 1.5287956155e+01 1.5287956155e+01 1.5047615263e+01 1.5202268915e+01 1.9935278251e+00 2.0177803701e+00 2.0177803701e+00 2.0077979776e+00 2.0155779632e+00 1.8584017703e-01 2.0456869621e-01 2.0727980603e-01 1.5731894160e-01 1.6430879105e-01 1.6691733059e-01 0 0
295 1.4972596269e+01 1.4988681847e+01 1.4988681847e+01 1.4919752423e+01 1.4983327501e+01 1.9851836612e+00 2.0097477231e+00 2.0097477231e+00 1.9999865962e+00 2.0074733713e+00 1.7735393767e-01 2.2129705641e-01 2.1317175403e-01 1.5376102638e-01 1.6714149341e-01 1.6714956798e-01 0 0
296 1.4886369315e+01 1.4830000828e+01 1.4830000828e+01 1.5026017704e+01 1.4986032277e+01 1.9769831018e+00 2.0018899716e+00 2.0018899716e+00 1.9920298912e+00 1.9994893972e+00 1.7359323688e-01 2.0731104445e-01 2.1038986277e-01 1.5006258247e-01 1.6289162170e-01 1.6456834786e-01 0 0
297 1.4620008713e+01 1.4890403145e+01 1.4890403145e+01 1.4959348015e+01 1.5041302339e+01 1.9690468835e+00 1.9940113674e+00 1.9940113674e+00 1.9839162405e+00 1.9915516431e+00 1.8333930451e-01 1.9347635470e-01 2.0201562159e-01 1.5106597642e-01 1.5830554999e-01 1.6041431669e-01 0 0
298 1.4415130348e+01 1.4853680889e+01 1.4853680889e+01 1.4767759139e+01 1.4795927152e+01 1.9614579717e+00 1.9859113385e+00 1.9859113385e+00 1.9758467218e+00 1.9835920370e+00 2.0133647067e-01 1.8380039837e-01 2.0134067908e-01 1.5428047706e-01 1.5310078580e-01 1.5979429800e-01 0 0
299 1.4532028813e+01 1.4737837610e+01 1.4737837610e+01 1.4571009430e+01 1.4565861064e+01 1.9538048058e+00 1.9779428204e+00 1.9779428204e+00 1.9678597609e+00 1.9757971149e+00 2.0036606105e-01 1.8221308850e-01 2.0081839431e-01 1.5395683323e-01 1.5098383930e-01 1.5714687482e-01 0 0
300 1.4553406874e+01 1.4407694117e+01 1.4407694117e+01 1.4369239117e+01 1.4480051196e+01 1.9459008638e+00 1.9700973226e+00 1.9700973226e+00 1.9601349131e+00 1.9680263762e+00 1.8426786528e-01 1.9163732603e-01 2.0037306938e-01 1.4944752538e-01 1.5174452867e-01 1.5603649430e-01 0 0
301 1.4596130883e+01 1.4368477312e+01 1.4368477312e+01 1.4474797808e+01 1.4600303861e+01 1.9378555004e+00 1.9623901558e+00 1.9623901558e+00 1.9524258641e+00 1.9602095883e+00 1.7054848437e-01 1.9224216230e-01 1.9290473126e-01 1.4453239968e-01 1.5126775950e-01 1.5301520191e-01 0 0
302 1.4434744842e+01 1.4437550730e+01 1.4437550730e+01 1.4511438791e+01 1.4606580889e+01 1.9299016551e+00 1.9547138523e+00 1.9547138523e+00 1.9445716332e+00 1.9524420161e+00 1.6811410543e-01 1.8498715386e-01 1.8411238585e-01 1.4233672289e-01 1.4918718766e-01 1.4845666289e-01 0 0
303 1.4197845008e+01 1.4375428832e+01 1.4375428832e+01 1.4528067029e+01 1.4357209782e+01 1.9222331859e+00 1.9468225659e+00 1.9468225659e+00 1.9367132448e+00 1.9448125983e+00 1.7814638833e-01 1.7933133245e-01 1.9383975863e-01 1.4365231203e-01 1.4641968813e-01 1.5039649513e-01 0 0
304 1.3936026615e+01 1.4366217808e+01 1.4366217808e+01 1.4286992694e+01 1.4274504022e+01 1.9149763431e+00 1.9389544539e+00 1.9389544539e+00 1.9290318460e+00 1.9372718874e+00 1.9988861470e-01 1.8416971434e-01 2.0297695883e-01 1.4775339393e-01 1.4635748789e-01 1.5248998906e-01 0 0
305 1.4117444050e+01 1.4292866796e+01 1.4292866796e+01 1.4127069440e+01 1.4388131952e+01 1.9076481947e+00 1.9313797349e+00 1.9313797349e+00 1.9216112776e+00 1.9296268735e+00 1.9720466256e-01 1.9755339157e-01 1.9556494616e-01 1.4698854238e-01 1.4876513090e-01 1.5035423171e-01 0 0
306 1.4125159680e+01 1.4097821851e+01 1.4097821851e+01 1.4040670109e+01 1.4282510247e+01 1.9000940486e+00 1.9240497344e+00 1.9240497344e+00 1.9142302954e+00 1.9218772206e+00 1.8176787942e-01 2.0022350177e-01 1.8136157561e-01 1.4265592893e-01 1.4911138639e-01 1.4553885162e-01 0 0
307 1.4018932590e+01 1.4077652427e+01 1.4077652427e+01 1.4116514712e+01 1.4115189310e+01 1.8925147565e+00 1.9166388342e+00 1.9166388342e+00 1.9066984586e+00 1.9142199380e+00 1.7393831645e-01 1.8019575998e-01 1.7486684211e-01 1.3916077214e-01 1.4239873551e-01 1.4178247377e-01 0 0
308 1.3842545646e+01 1.3927036343e+01 1.3927036343e+01 1.4039901615e+01 1.3921786769e+01 1.8851070438e+00 1.9090943354e+00 1.9090943354e+00 1.8990734586e+00 1.9068523014e+00 1.8612405243e-01 1.7233730294e-01 1.8199606054e-01 1.4191192859e-01 1.3949946687e-01 1.4141395781e-01 0 0
309 1.3819983373e+01 1.3867534107e+01 1.3867534107e+01 1.3938018926e+01 1.3904724449e+01 1.8777481544e+00 1.9014414053e+00 1.9014414053e+00 1.8915816353e+00 1.8995100317e+00 1.9156380654e-01 1.7801104393e-01 1.9196964614e-01 1.4327202582e-01 1.3993018214e-01 1.4439591020e-01 0 0
310 1.3813384273e+01 1.3774259494e+01 1.3774259494e+01 1.3866896179e+01 1.4015029946e+01 1.8702567166e+00 1.8938661668e+00 1.8938661668e+00 1.8841017431e+00 1.8919721370e+00 1.7373815573e-01 1.8503837567e-01 1.8462825939e-01 1.3737661897e-01 1.4213536587e-01 1.4289521426e-01 0 0
311 1.3714238341e+01 1.3842491764e+01 1.3842491764e+01 1.3853503440e+01 1.4052824837e+01 1.8627193217e+00 1.8863476297e+00 1.8863476297e+00 1.8766021369e+00 1.8841657771e+00 1.5913170944e-01 1.8059567828e-01 1.6581249423e-01 1.3142531954e-01 1.4036317542e-01 1.3733167667e-01 0 0
312 1.3610473719e+01 1.3773098496e+01 1.3773098496e+01 1.3815158640e+01 1.3851710732e+01 1.8551143546e+00 1.8788250255e+00 1.8788250255e+00 1.8690202799e+00 1.8764109572e+00 1.5540555959e-01 1.6489125881e-01 1.6061616223e-01 1.3000823626e-01 1.3458521571e-01 1.3444789406e-01 0 0
313 1.3398191661e+01 1.3587464872e+01 1.3587464872e+01 1.3689302718e+01 1.3641427732e+01 1.8478193145e+00 1.8713259033e+00 1.8713259033e+00 1.8613928275e+00 1.8689463132e+00 1.6683916422e-01 1.5285482537e-01 1.6321611591e-01 1.3168419418e-01 1.2953641918e-01 1.3271096162e-01 0 0
314 1.3346715328e+01 1.3424606028e+01 1.3424606028e+01 1.3671524828e+01 1.3546480202e+01 1.8405668732e+00 1.8637994318e+00 1.8637994318e+00 1.8537725096e+00 1.8617876302e+00 1.6807633849e-01 1.5208811685e-01 1.7798753455e-01 1.3175041085e-01 1.2870843243e-01 1.3531869836e-01 0 0
315 1.3515576149e+01 1.3381096422e+01 1.3381096422e+01 1.3357684326e+01 1.3579957336e+01 1.8331818326e+00 1.8562159612e+00 1.8562159612e+00 1.8463910755e+00 1.8545255811e+00 1.6001317654e-01 1.6241536383e-01 1.8045151141e-01 1.2973773825e-01 1.3066944107e-01 1.3681146689e-01 0 0
316 1.3524428381e+01 1.3422436597e+01 1.3422436597e+01 1.3415545746e+01 1.3591748040e+01 1.8255870548e+00 1.8486720637e+00 1.8486720637e+00 1.8391612093e+00 1.8470549809e+00 1.4789767076e-01 1.6458080243e-01 1.6657383926e-01 1.2637553698e-01 1.3013224304e-01 1.3302206341e-01 0 0
317 1.3369045363e+01 1.3346427845e+01 1.3346427845e+01 1.3408366003e+01 1.3484949694e+01 1.8181802649e+00 1.8413329450e+00 1.8413329450e+00 1.8318234896e+00 1.8395929941e+00 1.4328308677e-01 1.6378952842e-01 1.5264729317e-01 1.2250809997e-01 1.3082832843e-01 1.2718706764e-01 0 0
318 1.3084113662e+01 1.3395891362e+01 1.3395891362e+01 1.3487146546e+01 1.3414115181e+01 1.8110060531e+00 1.8341063008e+00 1.8341063008e+00 1.8243819507e+00 1.8321265184e+00 1.4228241478e-01 1.5274887718e-01 1.5012505651e-01 1.1981723963e-01 1.2711145356e-01 1.2618796062e-01 0 0
319 1.2739965484e+01 1.3259556041e+01 1.3259556041e+01 1.3230749577e+01 1.3331657916e+01 1.8041637375e+00 1.8270841653e+00 1.8270841653e+00 1.8171975178e+00 1.8249995953e+00 1.4417683639e-01 1.5397557057e-01 1.6414425150e-01 1.1758783893e-01 1.2507332675e-01 1.2884597201e-01 0 0
320 1.2626846998e+01 1.3134600516e+01 1.3134600516e+01 1.2986696332e+01 1.3212045687e+01 1.7976007206e+00 1.8200384912e+00 1.8200384912e+00 1.8104237214e+00 1.8181403292e+00 1.5205889742e-01 1.5943489410e-01 1.8060159497e-01 1.1807645590e-01 1.2320942665e-01 1.3231406454e-01 0 0
321 1.2684099126e+01 1.2932859316e+01 1.2932859316e+01 1.2807073644e+01 1.2998617466e+01 1.7910734827e+00 1.8130823150e+00 1.8130823150e+00 1.8040393099e+00 1.8113785326e+00 1.5624859958e-01 1.7809112463e-01 1.7291402258e-01 1.1906216538e-01 1.2620708626e-01 1.2817135639e-01 0 0
322 1.2741264057e+01 1.2825498956e+01 1.2825498956e+01 1.2833067449e+01 1.2765464305e+01 1.7843656239e+00 1.8062011688e+00 1.8062011688e+00 1.7975253200e+00 1.8045342131e+00 1.4272313335e-01 1.6577793472e-01 1.5410845168e-01 1.1490555639e-01 1.2282659113e-01 1.2145290617e-01 0 0
323 1.2575648099e+01 1.2604283020e+01 1.2604283020e+01 1.2763990767e+01 1.2617262858e+01 1.7775667314e+00 1.7996406505e+00 1.7996406505e+00 1.7907970225e+00 1.7978389535e+00 1.3205016754e-01 1.4512961451e-01 1.4496055339e-01 1.1082923493e-01 1.1651314236e-01 1.1630668398e-01 0 0
324 1.2363889082e+01 1.2527396126e+01 1.2527396126e+01 1.2609860020e+01 1.2602927298e+01 1.7710248570e+00 1.7931690831e+00 1.7931690831e+00 1.7840224097e+00 1.7912351996e+00 1.3255405465e-01 1.3436287828e-01 1.4736142755e-01 1.0853667280e-01 1.1204907717e-01 1.1622018740e-01 0 0
325 1.2085673780e+01 1.2521757188e+01 1.2521757188e+01 1.2419549996e+01 1.2568332666e+01 1.7650088644e+00 1.7866371065e+00 1.7866371065e+00 1.7773652946e+00 1.7847459637e+00 1.4773324488e-01 1.3558720704e-01 1.5063585527e-01 1.0948018777e-01 1.1110939272e-01 1.1607753206e-01 0 0
326 1.2183122839e+01 1.2530693517e+01 1.2530693517e+01 1.2142594618e+01 1.2466960348e+01 1.7589943540e+00 1.7799239942e+00 1.7799239942e+00 1.7709225725e+00 1.7782793253e+00 1.5102116023e-01 1.4156941045e-01 1.5105891787e-01 1.1023516914e-01 1.1129411031e-01 1.1555412179e-01 0 0
327 1.2121199037e+01 1.2328623173e+01 1.2328623173e+01 1.2095106576e+01 1.2226845169e+01 1.7527661174e+00 1.7732272036e+00 1.7732272036e+00 1.7645913528e+00 1.7718659214e+00 1.4358466313e-01 1.3580244314e-01 1.4788992051e-01 1.0899735438e-01 1.0768607212e-01 1.1344646290e-01 0 0
328 1.2043314062e+01 1.2029591632e+01 1.2029591632e+01 1.2222153368e+01 1.2053685738e+01 1.7463671395e+00 1.7668053942e+00 1.7668053942e+00 1.7582136676e+00 1.7655586604e+00 1.2437292642e-01 1.2498091627e-01 1.4018430840e-01 1.0250757269e-01 1.0324288020e-01 1.0915108398e-01 0 0
329 1.1875344858e+01 1.1937415637e+01 1.1937415637e+01 1.2072341067e+01 1.2046757125e+01 1.7401027071e+00 1.7606823061e+00 1.7606823061e+00 1.7516998126e+00 1.7592610841e+00 1.2290834078e-01 1.2196043320e-01 1.2941851560e-01 1.0059233472e-01 1.0268635023e-01 1.0439239442e-01 0 0
330 1.1712340417e+01 1.2004333985e+01 1.2004333985e+01 1.1936184955e+01 1.2083293248e+01 1.7340381933e+00 1.7545780480e+00 1.7545780480e+00 1.7453187401e+00 1.7529481084e+00 1.2890097342e-01 1.1980852298e-01 1.2852813117e-01 1.0104916868e-01 1.0040917527e-01 1.0374215711e-01 0 0
331 1.1638741557e+01 1.1935785780e+01 1.1935785780e+01 1.1690820804e+01 1.1886525634e+01 1.7279855916e+00 1.7483180959e+00 1.7483180959e+00 1.7390078031e+00 1.7468181837e+00 1.3077857557e-01 1.2154859630e-01 1.3828219566e-01 1.0123387335e-01 1.0034265695e-01 1.0570822516e-01 0 0
332 1.1616916739e+01 1.1919117780e+01 1.1919117780e+01 1.1702669387e+01 1.1887509633e+01 1.7218783620e+00 1.7420796743e+00 1.7420796743e+00 1.7328725028e+00 1.7407316656e+00 1.2298243009e-01 1.2347324099e-01 1.3564373832e-01 9.8108798865e-02 9.9406957626e-02 1.0404264042e-01 0 0
333 1.1597808710e+01 1.1603242592e+01 1.1603242592e+01 1.1563307698e+01 1.1722323755e+01 1.7157061118e+00 1.7359841255e+00 1.7359841255e+00 1.7267169701e+00 1.7346227409e+00 1.0989993591e-01 1.2397884158e-01 1.3324931636e-01 9.2826516382e-02 9.9337887019e-02 1.0306435963e-01 0 0
334 1.1545316384e+01 1.1547463698e+01 1.1547463698e+01 1.1560755583e+01 1.1708677556e+01 1.7095452096e+00 1.7300527542e+00 1.7300527542e+00 1.7205005260e+00 1.7284696543e+00 1.0508785410e-01 1.1413943488e-01 1.2223551795e-01 9.0451087791e-02 9.5268806443e-02 9.8675988149e-02 0 0
335 1.1416090786e+01 1.1511616023e+01 1.1511616023e+01 1.1551664399e+01 1.1531554841e+01 1.7035341078e+00 1.7240428153e+00 1.7240428153e+00 1.7143409694e+00 1.7224434596e+00 1.0843854697e-01 1.0677802144e-01 1.2399287708e-01 9.0486525077e-02 9.1318104882e-02 9.7856551409e-02 0 0
336 1.1322371938e+01 1.1488976544e+01 1.1488976544e+01 1.1447223720e+01 1.1450828666e+01 1.6977786543e+00 1.7180026018e+00 1.7180026018e+00 1.7082340494e+00 1.7166340538e+00 1.2102804643e-01 1.0713008791e-01 1.2700012513e-01 9.3088288501e-02 9.0838932898e-02 9.6760250162e-02 0 0
337 1.1289435410e+01 1.1353486562e+01 1.1353486562e+01 1.1346191732e+01 1.1394371306e+01 1.6921384249e+00 1.7119968834e+00 1.7119968834e+00 1.7022371384e+00 1.7108953153e+00 1.3552519627e-01 1.1000038777e-01 1.3045084197e-01 9.7035175420e-02 9.0953277424e-02 9.7149415873e-02 0 0
338 1.1342118093e+01 1.1213829385e+01 1.1213829385e+01 1.1237344405e+01 1.1363307938e+01 1.6863170903e+00 1.7060941347e+00 1.7060941347e+00 1.6963576246e+00 1.7050055076e+00 1.2540758016e-01 1.1647698004e-01 1.2293935847e-01 9.4484487256e-02 9.2242028564e-02 9.5331275370e-02 0 0
339 1.1167882901e+01 1.1324797464e+01 1.1324797464e+01 1.1261311418e+01 1.1448215822e+01 1.6803112004e+00 1.7003602914e+00 1.7003602914e+00 1.6905362641e+00 1.6991228473e+00 1.1182226253e-01 1.2207420962e-01 1.1705448432e-01 9.0579986750e-02 9.3479147647e-02 9.2650169507e-02 0 0
340 1.1038509537e+01 1.1240843713e+01 1.1240843713e+01 1.1250592237e+01 1.1214410097e+01 1.6744293067e+00 1.6945001927e+00 1.6945001927e+00 1.6847514476e+00 1.6932810457e+00 1.0756419450e-01 1.2185619213e-01 1.2052390585e-01 8.7948952574e-02 9.2785618268e-02 9.3243686017e-02 0 0
341 1.0916192659e+01 1.1220855260e+01 1.1220855260e+01 1.1162616826e+01 1.1160074172e+01 1.6686612359e+00 1.6885582175e+00 1.6885582175e+00 1.6790021464e+00 1.6874196710e+00 1.1087021383e-01 1.2224234035e-01 1.1979986308e-01 8.8221914253e-02 9.2615849804e-02 9.2662210111e-02 0 0
342 1.0904855474e+01 1.1077251362e+01 1.1077251362e+01 1.1002094286e+01 1.1206332292e+01 1.6628034145e+00 1.6827031698e+00 1.6827031698e+00 1.6733711049e+00 1.6815180769e+00 1.0867194612e-01 1.2354584644e-01 1.1533950921e-01 8.7596702668e-02 9.2188451905e-02 9.1015314683e-02 0 0
343 1.0973195526e+01 1.0940770995e+01 1.0940770995e+01 1.0998460619e+01 1.1120466745e+01 1.6569249834e+00 1.6768901809e+00 1.6768901809e+00 1.6676346997e+00 1.6755514440e+00 1.0348532255e-01 1.1564486613e-01 1.0966652632e-01 8.5212960572e-02 8.9836160652e-02 8.9269921184e-02 0 0
344 1.0886806375e+01 1.0945785087e+01 1.0945785087e+01 1.1005888620e+01 1.1050473934e+01 1.6510222026e+00 1.6711463848e+00 1.6711463848e+00 1.6617771090e+00 1.6696632933e+00 9.7220176729e-02 1.0782292672e-01 1.0447840672e-01 8.2558883433e-02 8.7224896997e-02 8.6525948253e-02 0 0
345 1.0783178921e+01 1.1008323295e+01 1.1008323295e+01 1.0916336380e+01 1.0941156790e+01 1.6451666214e+00 1.6653288399e+00 1.6653288399e+00 1.6558959451e+00 1.6638446187e+00 9.3169137785e-02 1.0217100848e-01 1.0565904994e-01 8.0372532727e-02 8.4639991168e-02 8.6184338666e-02 0 0
346 1.0629021127e+01 1.0880049662e+01 1.0880049662e+01 1.0789219970e+01 1.0800043947e+01 1.6394831425e+00 1.6595328008e+00 1.6595328008e+00 1.6501694369e+00 1.6581760577e+00 9.6185277884e-02 1.0127570713e-01 1.1271981103e-01 8.0160191693e-02 8.2921566907e-02 8.7391387206e-02 0 0
347 1.0582593340e+01 1.0720578408e+01 1.0720578408e+01 1.0608640575e+01 1.0797397805e+01 1.6338421044e+00 1.6539064471e+00 1.6539064471e+00 1.6446465960e+00 1.6525170903e+00 9.7817168278e-02 1.0856537987e-01 1.1194936140e-01 8.0072327750e-02 8.4202739410e-02 8.6648740806e-02 0 0
348 1.0607294023e+01 1.0657564412e+01 1.0657564412e+01 1.0661395847e+01 1.0785530855e+01 1.6281553774e+00 1.6484764308e+00 1.6484764308e+00 1.6392040171e+00 1.6468401002e+00 1.0346287357e-01 1.1099047307e-01 1.0471191630e-01 8.2329858493e-02 8.4266345948e-02 8.3771482110e-02 0 0
349 1.0672987131e+01 1.0620219154e+01 1.0620219154e+01 1.0745653915e+01 1.0673601405e+01 1.6223385381e+00 1.6429593384e+00 1.6429593384e+00 1.6337283506e+00 1.6412492414e+00 1.0145137724e-01 1.0873427289e-01 1.0362935718e-01 8.2232945478e-02 8.3215058316e-02 8.2565625198e-02 0 0
350 1.0697084011e+01 1.0612499827e+01 1.0612499827e+01 1.0662370060e+01 1.0604254047e+01 1.6164312077e+00 1.6373226630e+00 1.6373226630e+00 1.6280425384e+00 1.6357962055e+00 9.3921218721e-02 1.0504820477e-01 1.0651448183e-01 7.9511120269e-02 8.2936845254e-02 8.2328736782e-02 0 0
351 1.0626642393e+01 1.0566463291e+01 1.0566463291e+01 1.0588587400e+01 1.0636916625e+01 1.6105182528e+00 1.6315589157e+00 1.6315589157e+00 1.6223900907e+00 1.6302687882e+00 8.9495312491e-02 1.0705128871e-01 1.0927350447e-01 7.7297277936e-02 8.3226714283e-02 8.3503488451e-02 0 0
352 1.0526428908e+01 1.0583324963e+01 1.0583324963e+01 1.0536079092e+01 1.0711513111e+01 1.6046224325e+00 1.6257335171e+00 1.6257335171e+00 1.6167091181e+00 1.6244397172e+00 8.6227716888e-02 1.0579088097e-01 1.0262393299e-01 7.5337016743e-02 8.2745372783e-02 8.2745023072e-02 0 0
353 1.0471641273e+01 1.0485697860e+01 1.0485697860e+01 1.0544371990e+01 1.0718603639e+01 1.5987351084e+00 1.6201033003e+00 1.6201033003e+00 1.6109509535e+00 1.6185779884e+00 8.5656020737e-02 9.7870253958e-02 9.6370634623e-02 7.4667217481e-02 7.9820574261e-02 8.0197785515e-02 0 0
354 1.0276575720e+01 1.0504549766e+01 1.0504549766e+01 1.0477024282e+01 1.0603133151e+01 1.5929849825e+00 1.6145217489e+00 1.6145217489e+00 1.6051627294e+00 1.6127146025e+00 8.9217024238e-02 9.1903340537e-02 9.2831209302e-02 7.5042340087e-02 7.7125134878e-02 7.8487442341e-02 0 0
355 1.0149518205e+01 1.0455776637e+01 1.0455776637e+01 1.0416612432e+01 1.0542015211e+01 1.5873591279e+00 1.6090148425e+00 1.6090148425e+00 1.5993810216e+00 1.6070215852e+00 9.2415498269e-02 8.9530767407e-02 9.3441877514e-02 7.5297519598e-02 7.5673996471e-02 7.7216053847e-02 0 0
356 1.0116126318e+01 1.0255660936e+01 1.0255660936e+01 1.0310572080e+01 1.0399909714e+01 1.5817712972e+00 1.6034599759e+00 1.6034599759e+00 1.5938165306e+00 1.6016313137e+00 9.3730546161e-02 9.6786542796e-02 1.0554782534e-01 7.5322855490e-02 7.6899257954e-02 7.9416636843e-02 0 0
357 1.0148685484e+01 1.0207423661e+01 1.0207423661e+01 1.0257441773e+01 1.0389186444e+01 1.5762147974e+00 1.5978304733e+00 1.5978304733e+00 1.5884894079e+00 1.5962647506e+00 9.3040125013e-02 1.0787821840e-01 1.1422265368e-01 7.4593048212e-02 7.9210367519e-02 8.2089846488e-02 0 0
358 1.0117452146e+01 1.0190226371e+01 1.0190226371e+01 1.0267711735e+01 1.0365818925e+01 1.5706549089e+00 1.5921832347e+00 1.5921832347e+00 1.5830621428e+00 1.5907027043e+00 8.7583412143e-02 1.0569708794e-01 1.0421089176e-01 7.2213812484e-02 7.8906354494e-02 7.9576916993e-02 0 0
359 1.0052201087e+01 1.0150494914e+01 1.0150494914e+01 1.0192453549e+01 1.0274892911e+01 1.5652114892e+00 1.5865512445e+00 1.5865512445e+00 1.5774660823e+00 1.5850028953e+00 8.7626424623e-02 9.4197837170e-02 9.0711435769e-02 7.1362277406e-02 7.5395838823e-02 7.4937311932e-02 0 0
360 9.9915990434e+00 1.0125827332e+01 1.0125827332e+01 1.0079701098e+01 1.0174336969e+01 1.5599686725e+00 1.5809956417e+00 1.5809956417e+00 1.5718625936e+00 1.5793387467e+00 9.5306207655e-02 8.6430961266e-02 8.7660222314e-02 7.2965684927e-02 7.2055249941e-02 7.3192163371e-02 0 0
361 9.9816756874e+00 1.0000974989e+01 1.0000974989e+01 9.9527887261e+00 1.0005126450e+01 1.5547986646e+00 1.5756167634e+00 1.5756167634e+00 1.5663450713e+00 1.5739006249e+00 1.0472283591e-01 8.4886148106e-02 9.3023517169e-02 7.5848605385e-02 7.0725858212e-02 7.3642302305e-02 0 0
362 1.0070833513e+01 9.9624715424e+00 9.9624715424e+00 9.9540905447e+00 1.0008708547e+01 1.5494274678e+00 1.5703849644e+00 1.5703849644e+00 1.5609787874e+00 1.5686413341e+00 9.6738124458e-02 9.0269671753e-02 9.8975379020e-02 7.4129536602e-02 7.1856878232e-02 7.4538739864e-02 0 0
363 9.9497295456e+00 9.9678078329e+00 9.9678078329e+00 9.9946289897e+00 1.0066556835e+01 1.5438790632e+00 1.5650986693e+00 1.5650986693e+00 1.5556579375e+00 1.5633193269e+00 8.5952406695e-02 9.4736732543e-02 9.7304201219e-02 7.0777100251e-02 7.3208217043e-02 7.4251557235e-02 0 0
364 9.9001441994e+00 9.9615264838e+00 9.9615264838e+00 9.9817922771e+00 1.0054120336e+01 1.5383147100e+00 1.5597064556e+00 1.5597064556e+00 1.5503607930e+00 1.5578883020e+00 8.2126534196e-02 9.6815958619e-02 9.0739307925e-02 6.9003678033e-02 7.3683246039e-02 7.2361291852e-02 0 0
365 9.7560314379e+00 9.8614644831e+00 9.8614644831e+00 9.9187224899e+00 9.9775299344e+00 1.5328448506e+00 1.5542744692e+00 1.5542744692e+00 1.5450064436e+00 1.5524780861e+00 8.5256348236e-02 9.3873247504e-02 8.9643342420e-02 6.9419207461e-02 7.2718142066e-02 7.1662997361e-02 0 0
366 9.7239617738e+00 9.7617105436e+00 9.7617105436e+00 9.7968045708e+00 9.8458729226e+00 1.5273445336e+00 1.5488447873e+00 1.5488447873e+00 1.5396146816e+00 1.5472046446e+00 8.6223545152e-02 9.1379658785e-02 9.5640247688e-02 6.9733829043e-02 7.1722805034e-02 7.2880540974e-02 0 0
367 9.7458225342e+00 9.8213861162e+00 9.8213861162e+00 9.8466777020e+00 9.8969180078e+00 1.5218609316e+00 1.5433928180e+00 1.5433928180e+00 1.5341500564e+00 1.5418560281e+00 8.5121210945e-02 8.8064696174e-02 9.4798841514e-02 6.8926121507e-02 7.0592434146e-02 7.2827283759e-02 0 0
368 9.7541899773e+00 9.8211383093e+00 9.8211383093e+00 9.8717165450e+00 9.9174040085e+00 1.5162945039e+00 1.5379109720e+00 1.5379109720e+00 1.5285970051e+00 1.5363948391e+00 7.7917114071e-02 8.3925530314e-02 8.8795683347e-02 6.6218894737e-02 6.9191097748e-02 7.0930602029e-02 0 0
369 9.7553912392e+00 9.8178680704e+00 9.8178680704e+00 9.8420161582e+00 9.8988870400e+00 1.5107084993e+00 1.5323864005e+00 1.5323864005e+00 1.5230518585e+00 1.5308636163e+00 7.4479464705e-02 8.1840846688e-02 8.4112243261e-02 6.4712831539e-02 6.8020815961e-02 6.9183473475e-02 0 0
370 9.7829588182e+00 9.7254360543e+00 9.7254360543e+00 9.7260846001e+00 9.7863673270e+00 1.5050609454e+00 1.5269551521e+00 1.5269551521e+00 1.5177756031e+00 1.5254346716e+00 7.2815600644e-02 8.6385808885e-02 8.5895326920e-02 6.4215656225e-02 6.7928318400e-02 6.8998062052e-02 0 0
371 9.5882126423e+00 9.6195595959e+00 9.6195595959e+00 9.6678340032e+00 9.7034698769e+00 1.4994902626e+00 1.5217044065e+00 1.5217044065e+00 1.5126871842e+00 1.5202106404e+00 7.4987022898e-02 9.5240946393e-02 9.3515165616e-02 6.4594384427e-02 6.9862368517e-02 7.0386926644e-02 0 0
372 9.4674116418e+00 9.5969018387e+00 9.5969018387e+00 9.6729649929e+00 9.6774085859e+00 1.4940396487e+00 1.5165265972e+00 1.5165265972e+00 1.5075320672e+00 1.5150132618e+00 7.4539299178e-02 9.7744436469e-02 9.4049579930e-02 6.3596315820e-02 7.1142371744e-02 7.0186838508e-02 0 0
373 9.2995820798e+00 9.6643186765e+00 9.6643186765e+00 9.7542062636e+00 9.7078386980e+00 1.4887839718e+00 1.5111770649e+00 1.5111770649e+00 1.5020587703e+00 1.5096010411e+00 7.6709065852e-02 8.3975617774e-02 8.4477862343e-02 6.3319619306e-02 6.7846403457e-02 6.7733203992e-02 0 0
374 9.3263582507e+00 9.5769767135e+00 9.5769767135e+00 9.6265470574e+00 9.6483967769e+00 1.4835289939e+00 1.5057037402e+00 1.5057037402e+00 1.4965545751e+00 1.5041087126e+00 7.4814413314e-02 7.6741680503e-02 7.9234897159e-02 6.2456881709e-02 6.4915611874e-02 6.5990103409e-02 0 0
375 9.3360258346e+00 9.5175254189e+00 9.5175254189e+00 9.5522353986e+00 9.5385122180e+00 1.4782661910e+00 1.5002225080e+00 1.5002225080e+00 1.4911008533e+00 1.4986038453e+00 7.4393357909e-02 7.1964083239e-02 7.7459194232e-02 6.2165953838e-02 6.2473948579e-02 6.5220389515e-02 0 0
376 9.4038876889e+00 9.3697942904e+00 9.3697942904e+00 9.4109300903e+00 9.4175638486e+00 1.4730107961e+00 1.4950135094e+00 1.4950135094e+00 1.4857758437e+00 1.4933626179e+00 7.2711459679e-02 7.1616075467e-02 8.0721315928e-02 6.1217513744e-02 6.1531972606e-02 6.4844594803e-02 0 0
377 9.3849825062e+00 9.3751578763e+00 9.3751578763e+00 9.3345152981e+00 9.3999514863e+00 1.4677513562e+00 1.4900331966e+00 1.4900331966e+00 1.4805629620e+00 1.4882950287e+00 7.2718700718e-02 7.3431837838e-02 8.4837988950e-02 6.1153664927e-02 6.1558844522e-02 6.5276589245e-02 0 0
378 9.2263956156e+00 9.3177393569e+00 9.3177393569e+00 9.2866319664e+00 9.3563553105e+00 1.4628280888e+00 1.4851081825e+00 1.4851081825e+00 1.4755580833e+00 1.4833002535e+00 8.0965805853e-02 8.2421762403e-02 8.6508994922e-02 6.2393626765e-02 6.3734014053e-02 6.5394919831e-02 0 0
379 9.0701913207e+00 9.2858452002e+00 9.2858452002e+00 9.3878218391e+00 9.3267724160e+00 1.4581461952e+00 1.4800126170e+00 1.4800126170e+00 1.4706268849e+00 1.4781743549e+00 8.9956198785e-02 8.6522922385e-02 8.1187813077e-02 6.3991362490e-02 6.4639136195e-02 6.4073698595e-02 0 0
380 9.1756010555e+00 9.2327972458e+00 9.2327972458e+00 9.2850388009e+00 9.2386993249e+00 1.4532717563e+00 1.4748227395e+00 1.4748227395e+00 1.4656196294e+00 1.4729988203e+00 8.3079090530e-02 8.6157329846e-02 7.7401287388e-02 6.2478569828e-02 6.4910633489e-02 6.2692234293e-02 0 0
381 9.1360788925e+00 9.2087439076e+00 9.2087439076e+00 9.0618276939e+00 9.2681925466e+00 1.4481524867e+00 1.4696691628e+00 1.4696691628e+00 1.4606304288e+00 1.4677885827e+00 7.2492546381e-02 8.0847448669e-02 7.3859415483e-02 5.9535628640e-02 6.2704228330e-02 6.1273152009e-02 0 0
382 9.1874610166e+00 9.1448916658e+00 9.1448916658e+00 8.9969995583e+00 9.1593392534e+00 1.4429036692e+00 1.4645755062e+00 1.4645755062e+00 1.4556850438e+00 1.4626368176e+00 6.4131532188e-02 7.5332271401e-02 7.5720851310e-02 5.6548584645e-02 6.0089494102e-02 6.1613271013e-02 0 0
383 9.1424062410e+00 9.0409723768e+00 9.0409723768e+00 9.0173282171e+00 9.0836958215e+00 1.4376938665e+00 1.4597073383e+00 1.4597073383e+00 1.4506656753e+00 1.4576703640e+00 6.3417317710e-02 7.3317243718e-02 7.5424339157e-02 5.5982103656e-02 5.9445624705e-02 6.0277160723e-02 0 0
384 9.0786468030e+00 8.9589965102e+00 8.9589965102e+00 9.0838087873e+00 9.0495663133e+00 1.4324968261e+00 1.4548860412e+00 1.4548860412e+00 1.4456375548e+00 1.4528229974e+00 6.2309217548e-02 7.2284965776e-02 7.7230002265e-02 5.5304201772e-02 5.8823371772e-02 6.0050483327e-02 0 0
385 8.9643203914e+00 8.9563698206e+00 8.9563698206e+00 9.1028913453e+00 9.0129939691e+00 1.4274032522e+00 1.4499564163e+00 1.4499564163e+00 1.4407401277e+00 1.4479816803e+00 6.3374705063e-02 7.4849960394e-02 8.1139977090e-02 5.4968250782e-02 5.8945213910e-02 6.1236935668e-02 0 0
386 8.8424459827e+00 8.9241190158e+00 8.9241190158e+00 8.9320393133e+00 9.0077248906e+00 1.4225265848e+00 1.4449826292e+00 1.4449826292e+00 1.4359528725e+00 1.4431118129e+00 6.7788500515e-02 8.0313968938e-02 8.0097976606e-02 5.5352395426e-02 6.0335150920e-02 6.0800921638e-02 0 0
387 8.6793862933e+00 8.8990363639e+00 8.8990363639e+00 8.9235946147e+00 9.0065079048e+00 1.4179524412e+00 1.4399701598e+00 1.4399701598e+00 1.4312059493e+00 1.4381503862e+00 7.7287402485e-02 8.0711411312e-02 7.5192289893e-02 5.7047516932e-02 6.0107856058e-02 5.9367968235e-02 0 0
388 8.6972978653e+00 8.8866148689e+00 8.8866148689e+00 8.8656734838e+00 8.9178575867e+00 1.4134186751e+00 1.4349892989e+00 1.4349892989e+00 1.4262988091e+00 1.4331654217e+00 8.0921310362e-02 7.4553549755e-02 7.1385674179e-02 5.7975812939e-02 5.8497813065e-02 5.7932569180e-02 0 0
389 8.6730302536e+00 8.7832880336e+00 8.7832880336e+00 8.8475218369e+00 8.8616935481e+00 1.4087339283e+00 1.4301029909e+00 1.4301029909e+00 1.4213250769e+00 1.4282897619e+00 7.0672698820e-02 6.6094371490e-02 7.1445898153e-02 5.4919131503e-02 5.5158096366e-02 5.7155269664e-02 0 0
390 8.6664904970e+00 8.7612833569e+00 8.7612833569e+00 8.7282654715e+00 8.7495968317e+00 1.4038288776e+00 1.4252781722e+00 1.4252781722e+00 1.4164076624e+00 1.4235019328e+00 6.0757816546e-02 6.4175539184e-02 7.4396788143e-02 5.1958017424e-02 5.3838274442e-02 5.7516832370e-02 0 0
391 8.5744555122e+00 8.6530178384e+00 8.6530178384e+00 8.6126830570e+00 8.7224595030e+00 1.3989638507e+00 1.4205770509e+00 1.4205770509e+00 1.4116434650e+00 1.4188075121e+00 6.0479862652e-02 6.4621238969e-02 7.4790162034e-02 5.1555664978e-02 5.3042354994e-02 5.6831596419e-02 0 0
392 8.5017386959e+00 8.5279995382e+00 8.5279995382e+00 8.5479482364e+00 8.5918214611e+00 1.3941082267e+00 1.4158214644e+00 1.4158214644e+00 1.4071247173e+00 1.4140657089e+00 6.0343365962e-02 7.1153222118e-02 7.1975800674e-02 5.1414380473e-02 5.4073974956e-02 5.5859660730e-02 0 0
393 8.4599549680e+00 8.4913721614e+00 8.4913721614e+00 8.6204521241e+00 8.5824667360e+00 1.3893025132e+00 1.4110840134e+00 1.4110840134e+00 1.4025690148e+00 1.4093070581e+00 6.2022026788e-02 7.4669242837e-02 6.5367715433e-02 5.1787435585e-02 5.5499902926e-02 5.3208844271e-02 0 0
394 8.3450999254e+00 8.4501645586e+00 8.4501645586e+00 8.6076936551e+00 8.5236248552e+00 1.3845847516e+00 1.4062801448e+00 1.4062801448e+00 1.3978139472e+00 1.4046001678e+00 6.3545396606e-02 6.8827042356e-02 6.4918554854e-02 5.1771293201e-02 5.4358416237e-02 5.2618304268e-02 0 0
395 8.3416005415e+00 8.5403087994e+00 8.5403087994e+00 8.6461537558e+00 8.5654814047e+00 1.3799611265e+00 1.4014240726e+00 1.4014240726e+00 1.3929512096e+00 1.3999055018e+00 5.9826621432e-02 6.0738335829e-02 6.6737141460e-02 4.9512890261e-02 5.1591399591e-02 5.3160891868e-02 0 0
396 8.3107243170e+00 8.4708722260e+00 8.4708722260e+00 8.5107982710e+00 8.5499088126e+00 1.3753306957e+00 1.3966571586e+00 1.3966571586e+00 1.3880502232e+00 1.3953349544e+00 5.7986944377e-02 5.9158713091e-02 7.2099581826e-02 4.8630060038e-02 5.1055208314e-02 5.4454264231e-02 0 0
397 8.2620706678e+00 8.4933405201e+00 8.4933405201e+00 8.3725078348e+00 8.5423401792e+00 1.3708368485e+00 1.3920347825e+00 1.3920347825e+00 1.3833275623e+00 1.3907339083e+00 5.9817812293e-02 5.9321999550e-02 7.1221516468e-02 4.8565611183e-02 5.0018002279e-02 5.4255281575e-02 0 0
398 8.2136497453e+00 8.3627211104e+00 8.3627211104e+00 8.2515575210e+00 8.4028319036e+00 1.3665101987e+00 1.3874772363e+00 1.3874772363e+00 1.3788679106e+00 1.3860631355e+00 6.5999425424e-02 6.2762816902e-02 6.8183592055e-02 4.9915866923e-02 4.9771303311e-02 5.3408942651e-02 0 0
399 8.2107160264e+00 8.2773663321e+00 8.2773663321e+00 8.2473574365e+00 8.3079194377e+00 1.3621501568e+00 1.3829640132e+00 1.3829640132e+00 1.3745089662e+00 1.3814849782e+00 6.9793445424e-02 6.6764645278e-02 6.4000661951e-02 5.1302601218e-02 5.0582679920e-02 5.1048677415e-02 0 0
400 8.3228782809e+00 8.2416825416e+00 8.2416825416e+00 8.2133566562e+00 8.2177201703e+00 1.3575415119e+00 1.3784143781e+00 1.3784143781e+00 1.3701735068e+00 1.3769655520e+00 6.2371268123e-02 7.0151375607e-02 6.1292977538e-02 4.9602703848e-02 5.1615397912e-02 4.9409960397e-02 0 0
401 8.2735307411e+00 8.2253363729e+00 8.2253363729e+00 8.1925059150e+00 8.1955913136e+00 1.3528234187e+00 1.3738748998e+00 1.3738748998e+00 1.3656775733e+00 1.3724756222e+00 5.8480079995e-02 6.2825739849e-02 6.1411968898e-02 4.8440377455e-02 4.9615839031e-02 4.9128802959e-02 0 0
402 8.2320420194e+00 8.1043975196e+00 8.1043975196e+00 8.1927499610e+00 8.1301815823e+00 1.3481552812e+00 1.3694352080e+00 1.3694352080e+00 1.3610625737e+00 1.3680388730e+00 5.6787429669e-02 5.8831364848e-02 6.4415539149e-02 4.7440266144e-02 4.8429860733e-02 4.9922912382e-02 0 0
403 8.2064156670e+00 8.1645372171e+00 8.1645372171e+00 8.2004509918e+00 8.2517122168e+00 1.3437455213e+00 1.3651239835e+00 1.3651239835e+00 1.3563565906e+00 1.3635532229e+00 6.3253960794e-02 5.6798907463e-02 6.1533986591e-02 4.8627877413e-02 4.7805666924e-02 4.8917953856e-02 0 0
404 8.2155009341e+00 8.1716794051e+00 8.1716794051e+00 8.1794260998e+00 8.2202955758e+00 1.3394115980e+00 1.3606587537e+00 1.3606587537e+00 1.3516177717e+00 1.3590487624e+00 7.1184337364e-02 5.6783031207e-02 6.2902326230e-02 5.0999927208e-02 4.7804598231e-02 4.9346513581e-02 0 0
405 8.2510568894e+00 8.2072450591e+00 8.2072450591e+00 8.1639452182e+00 8.2269542054e+00 1.3348234879e+00 1.3560069631e+00 1.3560069631e+00 1.3469977436e+00 1.3545556464e+00 6.6919102791e-02 5.7782878634e-02 6.4176865388e-02 5.0663288520e-02 4.7572725918e-02 4.9542483408e-02 0 0
406 8.1138235036e+00 8.1443888627e+00 8.1443888627e+00 8.2207675677e+00 8.1548270669e+00 1.3300951246e+00 1.3512626003e+00 1.3512626003e+00 1.3425233657e+00 1.3501064427e+00 5.9172889415e-02 6.2133903615e-02 6.8114772439e-02 4.8181856875e-02 4.8512985464e-02 5.0652181264e-02 0 0
407 7.9957611555e+00 8.0870239118e+00 8.0870239118e+00 8.1520454999e+00 8.1348561881e+00 1.3253981709e+00 1.3465853048e+00 1.3465853048e+00 1.3381310332e+00 1.3456044482e+00 5.4732931681e-02 6.8187243771e-02 6.5226091072e-02 4.6111631807e-02 5.0222217571e-02 4.9820985179e-02 0 0
408 7.8797522555e+00 8.0817895837e+00 8.0817895837e+00 8.1495948035e+00 8.1963872650e+00 1.3208445113e+00 1.3420045553e+00 1.3420045553e+00 1.3335228389e+00 1.3409862094e+00 5.5429433280e-02 6.5518899355e-02 5.9643447865e-02 4.5677865852e-02 5.0215389580e-02 4.8214979004e-02 0 0
409 7.8322911470e+00 8.1094653174e+00 8.1094653174e+00 8.1326800509e+00 8.2093407324e+00 1.3164314830e+00 1.3375008567e+00 1.3375008567e+00 1.3288190804e+00 1.3363320927e+00 5.6999792880e-02 5.8751621749e-02 5.8443830349e-02 4.5507072912e-02 4.7857598402e-02 4.7775126994e-02 0 0
410 7.8282162917e+00 8.1181358099e+00 8.1181358099e+00 8.0932029628e+00 8.1390087551e+00 1.3120879550e+00 1.3329542246e+00 1.3329542246e+00 1.3241033197e+00 1.3316925948e+00 5.7506677118e-02 5.3635837510e-02 6.0160990339e-02 4.5188833619e-02 4.5708862133e-02 4.8178599216e-02 0 0
411 7.8368927615e+00 8.0085870433e+00 8.0085870433e+00 7.9988091298e+00 7.9945617311e+00 1.3078486279e+00 1.3284208971e+00 1.3284208971e+00 1.3194392815e+00 1.3272135110e+00 5.9227604026e-02 5.1169830840e-02 6.4017446712e-02 4.5196972093e-02 4.4391094241e-02 4.8666404095e-02 0 0
412 7.7559170484e+00 7.8872955247e+00 7.8872955247e+00 7.9002765812e+00 7.9449858322e+00 1.3036145982e+00 1.3239220780e+00 1.3239220780e+00 1.3149390511e+00 1.3227538897e+00 6.0555560456e-02 5.1755344961e-02 6.2082539313e-02 4.5656550028e-02 4.3767244089e-02 4.7749661840e-02 0 0
413 7.7752074638e+00 7.8224831235e+00 7.8224831235e+00 7.8152399675e+00 7.9544759026e+00 1.2993096479e+00 1.3194983830e+00 1.3194983830e+00 1.3106001196e+00 1.3182874308e+00 5.7706301205e-02 5.5080852471e-02 5.8389732148e-02 4.4948188589e-02 4.4178506359e-02 4.6337214299e-02 0 0
414 7.8067099831e+00 7.7625768194e+00 7.7625768194e+00 7.7721299495e+00 7.8494175045e+00 1.2948678490e+00 1.3151582197e+00 1.3151582197e+00 1.3064269930e+00 1.3138718787e+00 5.3451404372e-02 6.0909453314e-02 5.5308636278e-02 4.3884838175e-02 4.5456843451e-02 4.4766057748e-02 0 0
415 7.8196658463e+00 7.7883890639e+00 7.7883890639e+00 7.8544555193e+00 7.8316373274e+00 1.2903436738e+00 1.3108687168e+00 1.3108687168e+00 1.3021856761e+00 1.3096086508e+00 5.0129559036e-02 6.1424035113e-02 5.7139008306e-02 4.2788108861e-02 4.6006738208e-02 4.4555861037e-02 0 0
416 7.8458115993e+00 7.6665993010e+00 7.6665993010e+00 7.8826117892e+00 7.7286587948e+00 1.2858277214e+00 1.3065511938e+00 1.3065511938e+00 1.2977757557e+00 1.3054632969e+00 4.8141334649e-02 5.4592791013e-02 6.3169438858e-02 4.1839052790e-02 4.4238747098e-02 4.6087953262e-02 0 0
417 7.7219423844e+00 7.6941474768e+00 7.6941474768e+00 7.8826048023e+00 7.8365580502e+00 1.2813480064e+00 1.3022063127e+00 1.3022063127e+00 1.2933295858e+00 1.3012009894e+00 4.7649763390e-02 5.1240091678e-02 6.0613434762e-02 4.1500218595e-02 4.2982105631e-02 4.5751853846e-02 0 0
418 7.6943974267e+00 7.7001593338e+00 7.7001593338e+00 7.7477709118e+00 7.8518629330e+00 1.2770439670e+00 1.2978323833e+00 1.2978323833e+00 1.2890558832e+00 1.2967899745e+00 4.7164342314e-02 5.5394289549e-02 5.4516031872e-02 4.0478496175e-02 4.3713444378e-02 4.4159941375e-02 0 0
419 7.5421709889e+00 7.7389551030e+00 7.7389551030e+00 7.7127319227e+00 7.7861128170e+00 1.2729437263e+00 1.2934335179e+00 1.2934335179e+00 1.2849696531e+00 1.2922861835e+00 5.1050174779e-02 6.1963045038e-02 5.0057031214e-02 4.1011416515e-02 4.5150947291e-02 4.2723280378e-02 0 0
420 7.4119717624e+00 7.6890259756e+00 7.6890259756e+00 7.6866109070e+00 7.6949798667e+00 1.2691002546e+00 1.2890981530e+00 1.2890981530e+00 1.2808427801e+00 1.2878153387e+00 5.8333914460e-02 6.1821240932e-02 4.9722314347e-02 4.2328800053e-02 4.5358834323e-02 4.2323702946e-02 0 0
421 7.4404137541e+00 7.6133784547e+00 7.6133784547e+00 7.6226098113e+00 7.6379081093e+00 1.2652196560e+00 1.2848777488e+00 1.2848777488e+00 1.2766288140e+00 1.2834549216e+00 5.8212856000e-02 5.3033259697e-02 5.1094656810e-02 4.2421985285e-02 4.2477992829e-02 4.2308986187e-02 0 0
422 7.5346618851e+00 7.5787255118e+00 7.5787255118e+00 7.5556409958e+00 7.5450195180e+00 1.2611357930e+00 1.2807435091e+00 1.2807435091e+00 1.2724078074e+00 1.2791776274e+00 4.8882580341e-02 4.7590713948e-02 5.2173417062e-02 3.9856609423e-02 4.0196346119e-02 4.2370029725e-02 0 0
423 7.5584479727e+00 7.5413894462e+00 7.5413894462e+00 7.3853151308e+00 7.5214748655e+00 1.2569089532e+00 1.2767135467e+00 1.2767135467e+00 1.2683145362e+00 1.2750175611e+00 4.4740405025e-02 4.8901086207e-02 5.1312282681e-02 3.8758173380e-02 3.9997818414e-02 4.1460194625e-02 0 0
424 7.4975443886e+00 7.4553024982e+00 7.4553024982e+00 7.4156582786e+00 7.5196049674e+00 1.2526763530e+00 1.2726884815e+00 1.2726884815e+00 1.2643795784e+00 1.2709201006e+00 4.3445246328e-02 5.0728176720e-02 5.0501836929e-02 3.8128197216e-02 3.9851875044e-02 4.0737159550e-02 0 0
425 7.4221252857e+00 7.3222778678e+00 7.3222778678e+00 7.4224764932e+00 7.4257513906e+00 1.2484495042e+00 1.2686877430e+00 1.2686877430e+00 1.2605316088e+00 1.2669836535e+00 4.2774969530e-02 5.5553434417e-02 5.3161109332e-02 3.7713655177e-02 4.1222073603e-02 4.0838268120e-02 0 0
426 7.3158802137e+00 7.2667406108e+00 7.2667406108e+00 7.4425535264e+00 7.3975007089e+00 1.2443429168e+00 1.2647216687e+00 1.2647216687e+00 1.2565437437e+00 1.2632134533e+00 4.3626628267e-02 5.3791274317e-02 5.7647587731e-02 3.7490183731e-02 4.1278046090e-02 4.1528985836e-02 0 0
427 7.1592786583e+00 7.3462629199e+00 7.3462629199e+00 7.3849618195e+00 7.4291324829e+00 1.2404690357e+00 1.2606404225e+00 1.2606404225e+00 1.2524721263e+00 1.2592708428e+00 4.7283030170e-02 4.9758719280e-02 5.5600810330e-02 3.7865628662e-02 4.0042990353e-02 4.1689936072e-02 0 0
428 7.0461332880e+00 7.4004785125e+00 7.4004785125e+00 7.2808546360e+00 7.4505849545e+00 1.2368188730e+00 1.2564986305e+00 1.2564986305e+00 1.2483599021e+00 1.2551463162e+00 5.1176136171e-02 4.6122217551e-02 4.8443566542e-02 3.8146103791e-02 3.8634889759e-02 3.9785904810e-02 0 0
429 7.0428629636e+00 7.3939268709e+00 7.3939268709e+00 7.2298787524e+00 7.4633971948e+00 1.2332225478e+00 1.2523248111e+00 1.2523248111e+00 1.2442918770e+00 1.2509760340e+00 5.1602864711e-02 4.5640874654e-02 4.5606652740e-02 3.7888270913e-02 3.8157125469e-02 3.8744533435e-02 0 0
430 7.0292842477e+00 7.3420402972e+00 7.3420402972e+00 7.1250993153e+00 7.3793446626e+00 1.2294623388e+00 1.2482676082e+00 1.2482676082e+00 1.2403147242e+00 1.2468434629e+00 4.5611124456e-02 4.4686799403e-02 4.3866212014e-02 3.6304892283e-02 3.7289756816e-02 3.7714574952e-02 0 0
431 6.9684188871e+00 7.1730857608e+00 7.1730857608e+00 7.0718195368e+00 7.2235732046e+00 1.2256468558e+00 1.2444406604e+00 1.2444406604e+00 1.2364543640e+00 1.2428694404e+00 4.2176531269e-02 4.3660018127e-02 4.6709917486e-02 3.5104608302e-02 3.6236149259e-02 3.8090854883e-02 0 0
432 6.8247466151e+00 7.1402387452e+00 7.1402387452e+00 7.0636524847e+00 7.0936409358e+00 1.2218704852e+00 1.2408165249e+00 1.2408165249e+00 1.2327241599e+00 1.2391009289e+00 4.1906760260e-02 4.3534507044e-02 4.9598769285e-02 3.4768370146e-02 3.5434946883e-02 3.8180042524e-02 0 0
433 6.8273848506e+00 7.0686702275e+00 7.0686702275e+00 7.0183574563e+00 7.0496427932e+00 1.2182162124e+00 1.2370956962e+00 1.2370956962e+00 1.2291566732e+00 1.2354248302e+00 4.1801673331e-02 4.8351318110e-02 5.0102155656e-02 3.4057279006e-02 3.6393002141e-02 3.7822697777e-02 0 0
434 6.8783455349e+00 7.0106809055e+00 7.0106809055e+00 6.9594388948e+00 7.0492918687e+00 1.2146174930e+00 1.2332847231e+00 1.2332847231e+00 1.2256082813e+00 1.2316955844e+00 4.2667144705e-02 5.2624105010e-02 4.5466980897e-02 3.4002776528e-02 3.7799266633e-02 3.6167108919e-02 0 0
435 6.8478401834e+00 6.9894454950e+00 6.9894454950e+00 6.9628363523e+00 7.0820683154e+00 1.2111446642e+00 1.2294458647e+00 1.2294458647e+00 1.2219454165e+00 1.2278761532e+00 4.6938843292e-02 4.7725942917e-02 4.1879046243e-02 3.4944950766e-02 3.6531492136e-02 3.4995498601e-02 0 0
436 6.7296540817e+00 6.9039722674e+00 6.9039722674e+00 6.8861323998e+00 6.9627906054e+00 1.2077336431e+00 1.2256942556e+00 1.2256942556e+00 1.2182068407e+00 1.2240936080e+00 4.8906324627e-02 4.0937205311e-02 4.1940230876e-02 3.5338361005e-02 3.4102764912e-02 3.4778170288e-02 0 0
437 6.6353768292e+00 6.8166242242e+00 6.8166242242e+00 6.9464723114e+00 6.8746730380e+00 1.2042850600e+00 1.2220920066e+00 1.2220920066e+00 1.2144502698e+00 1.2204987816e+00 4.5222725114e-02 3.7513738032e-02 4.5352736488e-02 3.4196124021e-02 3.2593299635e-02 3.5213502124e-02 0 0
438 6.6512180740e+00 6.7717637895e+00 6.7717637895e+00 6.8325081730e+00 6.8399755442e+00 1.2007557926e+00 1.2185370181e+00 1.2185370181e+00 1.2106908367e+00 1.2170245058e+00 3.8829885702e-02 3.8004471455e-02 4.8018969595e-02 3.2039942764e-02 3.2717082649e-02 3.5542252474e-02 0 0
439 6.6294535938e+00 6.8080561432e+00 6.8080561432e+00 6.7243948356e+00 6.8663652468e+00 1.1972104718e+00 1.2149059847e+00 1.2149059847e+00 1.2070733593e+00 1.2134591075e+00 3.6281316810e-02 3.8745754864e-02 4.5164598618e-02 3.0967751542e-02 3.2378731761e-02 3.4801386762e-02 0 0
440 6.5753983812e+00 6.8102051956e+00 6.8102051956e+00 6.6111903662e+00 6.8301172558e+00 1.1936953125e+00 1.2112318449e+00 1.2112318449e+00 1.2036690808e+00 1.2097880490e+00 3.5268805249e-02 4.2439789977e-02 4.1148623452e-02 3.0310085798e-02 3.2902597915e-02 3.3603508957e-02 0 0
441 6.5445326852e+00 6.6446790819e+00 6.6446790819e+00 6.5959546711e+00 6.7181280868e+00 1.1902860162e+00 1.2077171303e+00 1.2077171303e+00 1.2003326721e+00 1.2062750943e+00 3.6012762431e-02 4.4059547596e-02 4.1728977580e-02 3.0103406522e-02 3.3184548374e-02 3.3073993400e-02 0 0
442 6.4939052701e+00 6.6391100064e+00 6.6391100064e+00 6.6270088893e+00 6.6112843815e+00 1.1870634409e+00 1.2043835102e+00 1.2043835102e+00 1.1968830030e+00 1.2029233648e+00 4.1262676234e-02 4.0021617897e-02 4.4472706039e-02 3.1293356807e-02 3.2089263201e-02 3.3376404084e-02 0 0
443 6.4913678889e+00 6.5840214559e+00 6.5840214559e+00 6.6013703629e+00 6.6353990164e+00 1.1838077722e+00 1.2010904564e+00 1.2010904564e+00 1.1934046708e+00 1.1996366404e+00 4.3257095570e-02 3.6369679030e-02 4.5758064371e-02 3.2138519403e-02 3.0618069461e-02 3.3530469518e-02 0 0
444 6.5600647442e+00 6.5639617745e+00 6.5639617745e+00 6.5785322630e+00 6.6407828279e+00 1.1804369978e+00 1.1976732741e+00 1.1976732741e+00 1.1899574671e+00 1.1962393059e+00 3.9224079441e-02 3.5373679362e-02 4.1325323284e-02 3.1037645368e-02 2.9986899346e-02 3.2332597300e-02 0 0
445 6.5259256967e+00 6.4834839726e+00 6.4834839726e+00 6.5521247955e+00 6.5400799287e+00 1.1769520912e+00 1.1942310333e+00 1.1942310333e+00 1.1866761177e+00 1.1928367791e+00 3.5023659196e-02 3.8653470576e-02 3.8400698453e-02 2.9715209068e-02 3.0540823005e-02 3.1085502589e-02 0 0
446 6.5271152407e+00 6.4114629610e+00 6.4114629610e+00 6.5195440495e+00 6.4504150538e+00 1.1734107613e+00 1.1908371597e+00 1.1908371597e+00 1.1835449735e+00 1.1894810430e+00 3.2731953825e-02 4.5661664102e-02 3.8107306696e-02 2.8906144328e-02 3.2372623216e-02 3.0672321096e-02 0 0
447 6.4391963255e+00 6.4272503782e+00 6.4272503782e+00 6.5330091599e+00 6.4293374097e+00 1.1699155579e+00 1.1875241186e+00 1.1875241186e+00 1.1802820287e+00 1.1861488581e+00 3.3219410682e-02 4.3984114192e-02 3.9133277722e-02 2.8915226849e-02 3.2342195045e-02 3.0927512562e-02 0 0
448 6.3473596470e+00 6.4312983890e+00 6.4312983890e+00 6.5396905413e+00 6.4988650652e+00 1.1665150622e+00 1.1842622512e+00 1.1842622512e+00 1.1768678967e+00 1.1827885186e+00 3.2840646450e-02 3.7234824616e-02 3.8431569003e-02 2.8321142406e-02 3.0330567388e-02 3.0730535043e-02 0 0
449 6.2925775820e+00 6.4032070469e+00 6.4032070469e+00 6.4990585819e+00 6.5188684235e+00 1.1632168093e+00 1.1809394822e+00 1.1809394822e+00 1.1733936431e+00 1.1793600521e+00 3.3265789789e-02 3.4488719888e-02 3.6495073233e-02 2.8006373884e-02 2.9380147345e-02 3.0161716975e-02 0 0
450 6.2358957352e+00 6.4052501363e+00 6.4052501363e+00 6.3964955197e+00 6.5052838124e+00 1.1600578692e+00 1.1775836119e+00 1.1775836119e+00 1.1700552903e+00 1.1758731599e+00 3.6079301530e-02 3.6369396374e-02 3.4043367952e-02 2.8501300448e-02 2.9556655558e-02 2.9270242201e-02 0 0
451 6.2214033489e+00 6.3646203606e+00 6.3646203606e+00 6.2582525320e+00 6.4805878024e+00 1.1569883307e+00 1.1742231787e+00 1.1742231787e+00 1.1669083296e+00 1.1724092887e+00 3.9623801062e-02 4.0496139787e-02 3.3890564460e-02 2.9440865785e-02 3.0265703099e-02 2.9040769208e-02 0 0
452 6.1814848185e+00 6.3270482784e+00 6.3270482784e+00 6.3144915621e+00 6.3500667373e+00 1.1539217845e+00 1.1708901504e+00 1.1708901504e+00 1.1637697766e+00 1.1691114555e+00 3.9056388272e-02 3.9666150697e-02 3.7297152448e-02 2.9205542794e-02 2.9860544950e-02 2.9710726580e-02 0 0
453 6.1527738514e+00 6.2546387815e+00 6.2546387815e+00 6.3215089851e+00 6.2796395358e+00 1.1508029295e+00 1.1676730394e+00 1.1676730394e+00 1.1605344924e+00 1.1659946930e+00 3.4954245038e-02 3.6231382750e-02 4.0947183501e-02 2.7787983494e-02 2.8920924990e-02 3.0249771662e-02 0 0
454 6.0724422984e+00 6.1874796549e+00 6.1874796549e+00 6.2842236592e+00 6.3034668678e+00 1.1476525281e+00 1.1645078908e+00 1.1645078908e+00 1.1572190681e+00 1.1628666191e+00 3.3458325896e-02 3.2314009964e-02 4.0050035343e-02 2.7202701619e-02 2.7620464563e-02 2.9928090516e-02 0 0
455 6.0827801921e+00 6.1923984443e+00 6.1923984443e+00 6.1930018538e+00 6.3270926681e+00 1.1445630158e+00 1.1613330201e+00 1.1613330201e+00 1.1539727946e+00 1.1595976564e+00 3.3997219269e-02 3.1689211726e-02 3.4972956870e-02 2.7053275003e-02 2.7057018364e-02 2.8530298034e-02 0 0
456 6.0865833687e+00 6.1809432614e+00 6.1809432614e+00 6.1177754905e+00 6.2629596245e+00 1.1415799803e+00 1.1581957169e+00 1.1581957169e+00 1.1508267029e+00 1.1563163922e+00 3.6847559633e-02 3.2367340289e-02 3.2447048929e-02 2.7626442096e-02 2.6860163780e-02 2.7498943498e-02 0 0
457 5.9786865258e+00 6.1453233755e+00 6.1453233755e+00 6.0664243679e+00 6.1232245850e+00 1.1386098252e+00 1.1551177266e+00 1.1551177266e+00 1.1477280820e+00 1.1530812440e+00 3.7161619948e-02 3.3869832754e-02 3.2060011290e-02 2.7643210623e-02 2.7150994632e-02 2.7129407506e-02 0 0
458 5.9559725757e+00 6.0558570569e+00 6.0558570569e+00 6.0954344158e+00 6.1118571905e+00 1.1356018787e+00 1.1520928213e+00 1.1520928213e+00 1.1446828194e+00 1.1499654756e+00 3.4654452690e-02 3.6022510845e-02 3.2529181335e-02 2.6770174636e-02 2.7644237038e-02 2.6758445892e-02 0 0
459 5.9217512021e+00 6.0201614515e+00 6.0201614515e+00 6.0639431209e+00 6.1024492037e+00 1.1324967893e+00 1.1489939577e+00 1.1489939577e+00 1.1415957810e+00 1.1469445823e+00 3.1501413753e-02 3.4598394763e-02 3.6025346722e-02 2.5811566364e-02 2.7215761365e-02 2.7613176499e-02 0 0
460 5.9471629837e+00 6.0270263430e+00 6.0270263430e+00 6.0132175533e+00 6.0874441140e+00 1.1293463141e+00 1.1458524075e+00 1.1458524075e+00 1.1384849099e+00 1.1439163167e+00 2.9757662772e-02 3.2161590643e-02 3.7323337048e-02 2.5194615775e-02 2.6301237755e-02 2.8024598956e-02 0 0
461 5.9146497764e+00 6.0010616635e+00 6.0010616635e+00 5.9619833652e+00 6.0746441364e+00 1.1262276139e+00 1.1427093108e+00 1.1427093108e+00 1.1353950424e+00 1.1408576399e+00 2.9403606868e-02 3.0799672473e-02 3.4980779048e-02 2.4914683512e-02 2.5575048756e-02 2.7195298579e-02 0 0
462 5.8845741208e+00 5.9681517616e+00 5.9681517616e+00 5.9189008828e+00 5.9331409314e+00 1.1231841588e+00 1.1396147968e+00 1.1396147968e+00 1.1323462980e+00 1.1377882270e+00 2.9072378140e-02 3.1491376460e-02 3.3192610368e-02 2.4482185489e-02 2.5569001911e-02 2.6500509353e-02 0 0
463 5.8121023006e+00 5.9019963524e+00 5.9019963524e+00 5.8930760958e+00 5.9165875828e+00 1.1202785383e+00 1.1366460442e+00 1.1366460442e+00 1.1293236379e+00 1.1347747697e+00 3.1142958137e-02 3.2984151971e-02 3.2590635121e-02 2.4725961979e-02 2.5976276724e-02 2.5949874660e-02 0 0
464 5.7341710475e+00 5.8676000214e+00 5.8676000214e+00 5.8965276392e+00 5.9349437632e+00 1.1174989323e+00 1.1336934862e+00 1.1336934862e+00 1.1263289962e+00 1.1317839173e+00 3.4695667625e-02 3.3128953539e-02 3.3663191833e-02 2.5459374412e-02 2.5900883134e-02 2.6165110525e-02 0 0
465 5.7107968551e+00 5.8898941518e+00 5.8898941518e+00 5.8348667945e+00 5.9268985668e+00 1.1146911260e+00 1.1306856449e+00 1.1306856449e+00 1.1233262550e+00 1.1287511939e+00 3.3331974279e-02 3.1120134983e-02 3.3162795939e-02 2.5018373181e-02 2.5158360600e-02 2.6064217091e-02 0 0
466 5.7513244773e+00 5.8481112439e+00 5.8481112439e+00 5.8119962741e+00 5.8842983117e+00 1.1118032690e+00 1.1276237621e+00 1.1276237621e+00 1.1203312417e+00 1.1257327123e+00 2.8728313640e-02 2.9216056224e-02 3.2160396222e-02 2.3505753252e-02 2.4327106075e-02 2.5584900752e-02 0 0
467 5.7373926783e+00 5.8189038511e+00 5.8189038511e+00 5.6831344786e+00 5.8135407039e+00 1.1088758359e+00 1.1246084807e+00 1.1246084807e+00 1.1173972387e+00 1.1227959237e+00 2.7093308394e-02 2.9402237386e-02 3.1895881053e-02 2.2922807649e-02 2.4083229247e-02 2.5154074654e-02 0 0
468 5.6646771088e+00 5.7249605402e+00 5.7249605402e+00 5.6513703727e+00 5.7558140593e+00 1.1060067526e+00 1.1216727698e+00 1.1216727698e+00 1.1145324858e+00 1.1199435841e+00 2.7498545739e-02 2.9355884530e-02 3.2973165624e-02 2.2764515299e-02 2.3699414684e-02 2.5200332981e-02 0 0
469 5.5785003841e+00 5.6645824115e+00 5.6645824115e+00 5.6638407486e+00 5.7493931823e+00 1.1032546370e+00 1.1187850707e+00 1.1187850707e+00 1.1117345402e+00 1.1171416159e+00 2.9880422838e-02 3.0006754678e-02 3.3690179698e-02 2.3141544647e-02 2.3623678833e-02 2.5181933539e-02 0 0
470 5.5980710576e+00 5.6216362962e+00 5.6216362962e+00 5.6518743672e+00 5.6692334794e+00 1.1005722565e+00 1.1158957554e+00 1.1158957554e+00 1.1089134291e+00 1.1143502733e+00 3.2963576816e-02 3.0203032307e-02 3.2668452710e-02 2.3945761940e-02 2.3749265820e-02 2.4660986150e-02 0 0
471 5.6338795662e+00 5.6520523597e+00 5.6520523597e+00 5.6095400390e+00 5.6556124670e+00 1.0978092964e+00 1.1130138038e+00 1.1130138038e+00 1.1060716230e+00 1.1115050902e+00 3.0519295689e-02 2.9083533445e-02 2.9689375544e-02 2.3369874574e-02 2.3306727875e-02 2.3666725960e-02 0 0
472 5.6252850354e+00 5.6543911572e+00 5.6543911572e+00 5.5632542517e+00 5.6339655105e+00 1.0949297608e+00 1.1101618692e+00 1.1101618692e+00 1.1032344163e+00 1.1086305813e+00 2.6721750842e-02 2.8017192381e-02 2.8210168704e-02 2.2295873323e-02 2.2754886886e-02 2.3140514037e-02 0 0
473 5.5723646190e+00 5.6002331890e+00 5.6002331890e+00 5.5715566693e+00 5.5769194681e+00 1.0920552456e+00 1.1074026448e+00 1.1074026448e+00 1.1004458560e+00 1.1057450753e+00 2.5760839633e-02 2.8755349107e-02 2.7733358555e-02 2.1798660215e-02 2.2789738839e-02 2.2920775926e-02 0 0
474 5.4776856042e+00 5.5634279656e+00 5.5634279656e+00 5.5693477742e+00 5.6154767271e+00 1.0893365055e+00 1.1047334929e+00 1.1047334929e+00 1.0977513382e+00 1.1028974325e+00 2.8171398856e-02 3.0561717460e-02 2.7238801122e-02 2.2092827568e-02 2.3075108416e-02 2.2464958718e-02 0 0
475 5.4659368147e+00 5.5638006169e+00 5.5638006169e+00 5.5323442142e+00 5.5782249078e+00 1.0867487955e+00 1.1019506490e+00 1.1019506490e+00 1.0950623630e+00 1.1001193775e+00 3.2026004946e-02 3.1763671432e-02 2.8750830796e-02 2.2958166768e-02 2.3483956698e-02 2.2719644709e-02 0 0
476 5.4729655137e+00 5.5703294494e+00 5.5703294494e+00 5.5110919902e+00 5.5575275270e+00 1.0840881871e+00 1.0990805680e+00 1.0990805680e+00 1.0923002846e+00 1.0974427561e+00 3.0265757703e-02 3.0107785016e-02 3.1303760130e-02 2.2647847859e-02 2.3119177204e-02 2.3241811199e-02 0 0
477 5.4628396664e+00 5.5537939627e+00 5.5537939627e+00 5.4971396855e+00 5.5645503219e+00 1.0813296963e+00 1.0961814912e+00 1.0961814912e+00 1.0894987357e+00 1.0947662592e+00 2.5627774584e-02 2.7369687334e-02 3.2225385774e-02 2.1226245792e-02 2.2120448295e-02 2.3571291473e-02 0 0
478 5.4172404731e+00 5.4946604733e+00 5.4946604733e+00 5.4431905895e+00 5.5284293359e+00 1.0785592357e+00 1.0932908744e+00 1.0932908744e+00 1.0866925497e+00 1.0919918447e+00 2.3380486480e-02 2.5678738719e-02 2.9824915342e-02 2.0257596389e-02 2.1401959239e-02 2.3049894255e-02 0 0
479 5.3911215929e+00 5.4486823143e+00 5.4486823143e+00 5.4043606891e+00 5.4976723687e+00 1.0757707121e+00 1.0905125054e+00 1.0905125054e+00 1.0839146925e+00 1.0891894554e+00 2.2173630871e-02 2.4811626878e-02 2.7072975179e-02 1.9683852687e-02 2.0941731287e-02 2.1995956078e-02 0 0
480 5.3915492942e+00 5.3814335844e+00 5.3814335844e+00 5.3572494474e+00 5.4206175212e+00 1.0729572981e+00 1.0878457735e+00 1.0878457735e+00 1.0812179965e+00 1.0864150915e+00 2.1666653159e-02 2.5441208621e-02 2.6115163695e-02 1.9461879330e-02 2.0898834104e-02 2.1439200034e-02 0 0
481 5.4162605379e+00 5.3892264943e+00 5.3892264943e+00 5.2837319044e+00 5.3592866718e+00 1.0701489572e+00 1.0852037569e+00 1.0852037569e+00 1.0785956312e+00 1.0836828592e+00 2.1707745408e-02 2.6483815163e-02 2.6085550897e-02 1.9437891356e-02 2.0971639082e-02 2.1261518355e-02 0 0
482 5.3268355380e+00 5.3673406632e+00 5.3673406632e+00 5.2790854042e+00 5.3337443859e+00 1.0673746752e+00 1.0825378506e+00 1.0825378506e+00 1.0759774270e+00 1.0810032805e+00 2.2761952344e-02 2.6395966532e-02 2.6226397138e-02 1.9775296372e-02 2.0814420888e-02 2.1124582039e-02 0 0
483 5.2003801099e+00 5.2697214555e+00 5.2697214555e+00 5.3118288850e+00 5.3281463667e+00 1.0647289045e+00 1.0798751227e+00 1.0798751227e+00 1.0732944957e+00 1.0783977077e+00 2.3511548220e-02 2.5289189769e-02 2.6916673407e-02 1.9578020090e-02 2.0530677866e-02 2.1064762259e-02 0 0
484 5.0834738464e+00 5.2278697114e+00 5.2278697114e+00 5.3555943803e+00 5.3236107818e+00 1.0622356231e+00 1.0772469041e+00 1.0772469041e+00 1.0705921067e+00 1.0758257133e+00 2.5253406644e-02 2.4543842766e-02 2.7365908725e-02 1.9611942352e-02 2.0262187580e-02 2.1004447248e-02 0 0
485 5.0971979278e+00 5.2203975064e+00 5.2203975064e+00 5.3008677195e+00 5.2760114252e+00 1.0597696319e+00 1.0746169368e+00 1.0746169368e+00 1.0679640043e+00 1.0732377257e+00 2.6100182513e-02 2.5851238519e-02 2.7480702149e-02 1.9750712066e-02 2.0503508626e-02 2.1010314580e-02 0 0
486 5.0847318354e+00 5.2773401358e+00 5.2773401358e+00 5.1821157480e+00 5.2744419978e+00 1.0572523107e+00 1.0719275159e+00 1.0719275159e+00 1.0654929517e+00 1.0705922896e+00 2.3874943437e-02 2.8974341229e-02 2.6845871005e-02 1.9023827796e-02 2.1019040840e-02 2.0941655617e-02 0 0
487 5.1102327234e+00 5.2790398121e+00 5.2790398121e+00 5.1585604260e+00 5.2766290572e+00 1.0546833678e+00 1.0692238319e+00 1.0692238319e+00 1.0630513276e+00 1.0679074451e+00 2.1001356977e-02 2.8528327821e-02 2.5341511006e-02 1.7955795130e-02 2.0658420399e-02 2.0489340881e-02 0 0
488 5.0552522730e+00 5.1968887118e+00 5.1968887118e+00 5.1034479089e+00 5.2239199175e+00 1.0520902459e+00 1.0665903101e+00 1.0665903101e+00 1.0605069402e+00 1.0652630766e+00 2.0074287245e-02 2.4468233809e-02 2.4740595138e-02 1.7556069336e-02 1.9434810150e-02 2.0079876529e-02 0 0
489 5.0425993156e+00 5.0884041847e+00 5.0884041847e+00 5.0786842156e+00 5.1291781584e+00 1.0494991661e+00 1.0641191913e+00 1.0641191913e+00 1.0579392810e+00 1.0627202564e+00 1.9744697528e-02 2.1927296417e-02 2.4194994941e-02 1.7331428872e-02 1.8406467978e-02 1.9402582664e-02 0 0
490 4.9896267440e+00 5.0417397654e+00 5.0417397654e+00 4.9978709695e+00 5.0753588611e+00 1.0469689474e+00 1.0616958622e+00 1.0616958622e+00 1.0554308271e+00 1.0602650910e+00 2.0706091317e-02 2.1732369205e-02 2.4913219502e-02 1.7497248074e-02 1.8052392639e-02 1.9247712102e-02 0 0
491 4.9349960035e+00 5.0337396942e+00 5.0337396942e+00 4.9646456339e+00 5.0514308574e+00 1.0445656385e+00 1.0592011177e+00 1.0592011177e+00 1.0529790130e+00 1.0578622473e+00 2.3011111370e-02 2.2683153627e-02 2.6518840110e-02 1.7941154582e-02 1.8162609776e-02 1.9562908681e-02 0 0
492 4.9366361593e+00 5.0244394018e+00 5.0244394018e+00 4.9627661271e+00 5.0229833229e+00 1.0421784379e+00 1.0566992223e+00 1.0566992223e+00 1.0505549498e+00 1.0554255859e+00 2.4724605343e-02 2.4211102398e-02 2.4958867580e-02 1.8486324408e-02 1.8585101003e-02 1.9050526898e-02 0 0
493 4.9609301740e+00 4.9526742435e+00 4.9526742435e+00 5.0041874755e+00 4.9939991465e+00 1.0397033608e+00 1.0542507308e+00 1.0542507308e+00 1.0480759132e+00 1.0529312954e+00 2.2965694787e-02 2.2985815536e-02 2.2503491258e-02 1.8086262644e-02 1.8249641638e-02 1.8242226215e-02 0 0
494 4.9660297154e+00 4.9280759472e+00 4.9280759472e+00 5.0042424324e+00 4.9722700066e+00 1.0371704878e+00 1.0518657324e+00 1.0518657324e+00 1.0456055508e+00 1.0504068002e+00 2.0441419669e-02 2.2355915047e-02 2.1438054508e-02 1.7242669723e-02 1.7932072515e-02 1.7840164946e-02 0 0
495 4.9619387552e+00 4.9209493100e+00 4.9209493100e+00 4.9533147926e+00 4.9374741904e+00 1.0346293192e+00 1.0494656251e+00 1.0494656251e+00 1.0431969601e+00 1.0479238769e+00 1.8998605922e-02 2.2999442881e-02 2.1957026562e-02 1.6674223201e-02 1.7925473163e-02 1.7837560503e-02 0 0
496 4.9495555086e+00 4.9903326036e+00 4.9903326036e+00 4.9138953055e+00 4.9469323662e+00 1.0320929601e+00 1.0469998367e+00 1.0469998367e+00 1.0408236106e+00 1.0454757997e+00 1.8541863728e-02 2.4511243915e-02 2.2823401261e-02 1.6469859054e-02 1.8323471537e-02 1.8013438210e-02 0 0
497 4.8731812435e+00 4.9056382496e+00 4.9056382496e+00 4.9401760334e+00 4.9363959563e+00 1.0295965798e+00 1.0445380718e+00 1.0445380718e+00 1.0384387242e+00 1.0430811014e+00 1.8793088109e-02 2.4504908361e-02 2.3809728213e-02 1.6403490638e-02 1.8326984020e-02 1.8170820316e-02 0 0
498 4.7714582027e+00 4.8746754465e+00 4.8746754465e+00 4.9096843338e+00 4.9171832778e+00 1.0271878683e+00 1.0421306966e+00 1.0421306966e+00 1.0359855436e+00 1.0406471834e+00 1.9903578204e-02 2.1981473314e-02 2.3214604706e-02 1.6506082918e-02 1.7599447630e-02 1.8053086475e-02 0 0
499 4.7085114023e+00 4.8515601412e+00 4.8515601412e+00 4.9197926552e+00 4.8736445670e+00 1.0248847296e+00 1.0397560901e+00 1.0397560901e+00 1.0334954514e+00 1.0381861190e+00 2.1318605823e-02 1.9933008356e-02 2.2175617982e-02 1.6664232802e-02 1.6907492187e-02 1.7701698001e-02 0 0
500 4.7185042504e+00 4.8696098851e+00 4.8696098851e+00 4.8725470950e+00 4.8545421597e+00 1.0226250917e+00 1.0373360923e+00 1.0373360923e+00 1.0310297826e+00 1.0357328176e+00 2.2301963327e-02 1.9588764058e-02 2.1218445385e-02 1.6885570237e-02 1.6676695785e-02 1.7270706827e-02 0 0
501 4.7448369679e+00 4.8725049407e+00 4.8725049407e+00 4.7703766694e+00 4.8467029799e+00 1.0203177097e+00 1.0348623502e+00 1.0348623502e+00 1.0286491434e+00 1.0333106651e+00 2.0621476465e-02 2.0662852097e-02 2.1135959076e-02 1.6401616830e-02 1.6771277646e-02 1.7142971745e-02 0 0
502 4.7507516128e+00 4.8382278959e+00 4.8382278959e+00 4.7149310795e+00 4.8644912624e+00 1.0179409078e+00 1.0323863614e+00 1.0323863614e+00 1.0263427563e+00 1.0309592060e+00 1.8492526296e-02 2.1957362536e-02 2.2225865163e-02 1.5708124921e-02 1.6942217480e-02 1.7330284463e-02 0 0
503 4.7257637974e+00 4.7734424947e+00 4.7734424947e+00 4.7386929301e+00 4.7930077735e+00 1.0155389313e+00 1.0299600505e+00 1.0299600505e+00 1.0240466029e+00 1.0286643139e+00 1.7869338324e-02 2.1763395518e-02 2.3504731013e-02 1.5449851136e-02 1.6794212395e-02 1.7569119809e-02 0 0
504 4.6624774213e+00 4.7071522044e+00 4.7071522044e+00 4.7323706636e+00 4.7493561760e+00 1.0132034809e+00 1.0276288178e+00 1.0276288178e+00 1.0217093550e+00 1.0263781211e+00 1.8591216267e-02 2.0066771191e-02 2.3163078818e-02 1.5508336804e-02 1.6273487825e-02 1.7333052587e-02 0 0
505 4.6397071592e+00 4.6888265132e+00 4.6888265132e+00 4.7210856588e+00 4.7317537158e+00 1.0110277334e+00 1.0253560133e+00 1.0253560133e+00 1.0193634477e+00 1.0240591885e+00 2.1425610416e-02 1.8705673516e-02 2.1501859883e-02 1.6079783452e-02 1.5729898354e-02 1.6759120859e-02 0 0
506 4.6081610176e+00 4.6970374165e+00 4.6970374165e+00 4.6860400660e+00 4.6944328411e+00 1.0088924316e+00 1.0230954703e+00 1.0230954703e+00 1.0170318420e+00 1.0217211585e+00 2.3651725464e-02 1.8784546293e-02 1.9831723301e-02 1.6730407202e-02 1.5654186253e-02 1.6149907839e-02 0 0
507 4.6069114112e+00 4.6400368058e+00 4.6400368058e+00 4.6462586498e+00 4.6950013729e+00 1.0066557248e+00 1.0208327046e+00 1.0208327046e+00 1.0147746228e+00 1.0194263042e+00 2.0197678393e-02 2.0607967628e-02 1.9671574235e-02 1.5759504894e-02 1.6063993564e-02 1.5939368866e-02 0 0
508 4.5616933960e+00 4.6034822718e+00 4.6034822718e+00 4.6369263780e+00 4.6626468216e+00 1.0043847665e+00 1.0185683889e+00 1.0185683889e+00 1.0125624767e+00 1.0171941305e+00 1.7900545917e-02 2.2153971484e-02 2.0923275035e-02 1.4862004720e-02 1.6461256426e-02 1.6175237717e-02 0 0
509 4.4953203473e+00 4.6113990607e+00 4.6113990607e+00 4.6468974151e+00 4.6202641546e+00 1.0021476366e+00 1.0162898649e+00 1.0162898649e+00 1.0103295632e+00 1.0149377218e+00 1.7183145835e-02 2.1140322089e-02 2.1636538906e-02 1.4405677594e-02 1.6165454872e-02 1.6470082803e-02 0 0
510 4.4037082105e+00 4.6087426738e+00 4.6087426738e+00 4.5656528292e+00 4.6639198524e+00 1.0000259431e+00 1.0140202612e+00 1.0140202612e+00 1.0080905825e+00 1.0126317779e+00 1.8471526518e-02 1.9563494017e-02 2.0203059539e-02 1.4538428658e-02 1.5558764921e-02 1.6032764921e-02 0 0
511 4.4462867667e+00 4.6006415956e+00 4.6006415956e+00 4.5020676207e+00 4.6539445584e+00 9.9790951791e-01 1.0117585399e+00 1.0117585399e+00 1.0058893664e+00 1.0103205451e+00 1.9321288677e-02 1.9035645993e-02 1.8951785285e-02 1.4825188808e-02 1.5144909499e-02 1.5539950924e-02 0 0
512 4.4976046998e+00 4.5212998157e+00 4.5212998157e+00 4.4723781716e+00 4.5759005822e+00 9.9571841926e-01 1.0095533816e+00 1.0095533816e+00 1.0037519566e+00 1.0080667086e+00 1.8924694152e-02 1.9877022365e-02 1.8759492552e-02 1.4855898158e-02 1.5164193464e-02 1.5271390905e-02 0 0
513 4.5017586149e+00 4.4767791536e+00 4.4767791536e+00 4.4439216141e+00 4.5103657861e+00 9.9342087071e-01 1.0073933634e+00 1.0073933634e+00 1.0016256605e+00 1.0059228029e+00 1.6837063025e-02 1.9972907612e-02 2.0019054879e-02 1.4258586670e-02 1.5116628841e-02 1.5338722500e-02 0 0
514 4.5005475675e+00 4.4543418962e+00 4.4543418962e+00 4.4713687293e+00 4.4904908534e+00 9.9112611344e-01 1.0052062544e+00 1.0052062544e+00 9.9945209209e-01 1.0038353939e+00 1.5915774993e-02 1.8244081410e-02 2.1593849640e-02 1.3814536528e-02 1.4597252593e-02 1.5633199830e-02 0 0
515 4.4402143042e+00 4.4552671400e+00 4.4552671400e+00 4.4878665742e+00 4.4744355640e+00 9.8883380925e-01 1.0029931808e+00 1.0029931808e+00 9.9726304880e-01 1.0016768921e+00 1.5499716178e-02 1.7502647825e-02 1.9932580879e-02 1.3635525775e-02 1.4322597766e-02 1.5202414128e-02 0 0
516 4.4142271736e+00 4.4433364096e+00 4.4433364096e+00 4.4270213882e+00 4.4689631645e+00 9.8659333650e-01 1.0008232338e+00 1.0008232338e+00 9.9509688682e-01 9.9946162628e-01 1.5620562416e-02 1.8714095233e-02 1.7280899920e-02 1.3526057994e-02 1.4658637345e-02 1.4315153123e-02 0 0
517 4.3516445149e+00 4.3949563596e+00 4.3949563596e+00 4.4409189083e+00 4.4604122567e+00 9.8440373597e-01 9.9871409895e-01 9.9871409895e-01 9.9299708909e-01 9.9725762985e-01 1.6552970454e-02 2.0381076029e-02 1.6915154178e-02 1.3708825399e-02 1.4976658626e-02 1.4116559527e-02 0 0
518 4.3682938340e+00 4.4198498082e+00 4.4198498082e+00 4.4194339984e+00 4.4305397035e+00 9.8227707689e-01 9.9660862841e-01 9.9660862841e-01 9.9084160431e-01 9.9510042464e-01 1.8215738518e-02 1.9881681073e-02 1.8468487076e-02 1.4109003762e-02 1.4946967131e-02 1.4541999786e-02 0 0
519 4.3891649768e+00 4.4208871122e+00 4.4208871122e+00 4.4153543658e+00 4.4196599258e+00 9.8016578290e-01 9.9442762643e-01 9.9442762643e-01 9.8863812042e-01 9.9296966201e-01 1.9597877498e-02 1.7445696285e-02 2.0064064767e-02 1.4554987346e-02 1.4166061068e-02 1.4980868669e-02 0 0
520 4.3635663098e+00 4.4278026520e+00 4.4278026520e+00 4.3782992865e+00 4.4435104177e+00 9.7802800990e-01 9.9219002664e-01 9.9219002664e-01 9.8642120439e-01 9.9078904952e-01 1.8304509972e-02 1.6550390981e-02 1.8820215715e-02 1.4151814844e-02 1.3842158834e-02 1.4612715226e-02 0 0
521 4.3029295058e+00 4.3848228264e+00 4.3848228264e+00 4.3542395256e+00 4.4051549105e+00 9.7589020821e-01 9.8994707682e-01 9.8994707682e-01 9.8423318596e-01 9.8856326766e-01 1.6828604822e-02 1.6399437329e-02 1.7178785987e-02 1.3546737032e-02 1.3637037133e-02 1.4098435873e-02 0 0
522 4.2778967179e+00 4.3227825588e+00 4.3227825588e+00 4.3359010162e+00 4.3910390041e+00 9.7382438195e-01 9.8781088444e-01 9.8781088444e-01 9.8208518254e-01 9.8637566379e-01 1.8042297241e-02 1.7965582432e-02 1.6643493436e-02 1.3731050179e-02 1.4074417646e-02 1.3771291357e-02 0 0
523 4.3136570976e+00 4.3238539572e+00 4.3238539572e+00 4.3536502891e+00 4.3397125032e+00 9.7175528052e-01 9.8574544397e-01 9.8574544397e-01 9.7995485319e-01 9.8425403146e-01 1.9219629917e-02 1.8616439775e-02 1.7994806170e-02 1.4112819051e-02 1.4232473564e-02 1.4075740008e-02 0 0
524 4.3023471658e+00 4.3660044151e+00 4.3660044151e+00 4.2999590262e+00 4.3768988712e+00 9.6958404145e-01 9.8364743764e-01 9.8364743764e-01 9.7782130174e-01 9.8214154348e-01 1.8163070530e-02 1.8020938849e-02 1.8680148991e-02 1.4005228350e-02 1.4008743921e-02 1.4240896679e-02 0 0
525 4.3308084886e+00 4.3458174581e+00 4.3458174581e+00 4.2803274400e+00 4.3513081338e+00 9.6734381711e-01 9.8142086603e-01 9.8142086603e-01 9.7567349304e-01 9.8001924385e-01 1.5997496821e-02 1.6512541333e-02 1.9265656592e-02 1.3321107068e-02 1.3435871922e-02 1.4440302853e-02 0 0
526 4.2765662632e+00 4.3268316106e+00 4.3268316106e+00 4.2780209637e+00 4.3352936963e+00 9.6508484649e-01 9.7921104223e-01 9.7921104223e-01 9.7352339702e-01 9.7788392786e-01 1.5672129211e-02 1.6573601402e-02 1.7991140718e-02 1.3211289195e-02 1.3412554516e-02 1.3978651958e-02 0 0
527 4.2370326279e+00 4.2391951600e+00 4.2391951600e+00 4.2869842163e+00 4.2529782631e+00 9.6284242670e-01 9.7709497624e-01 9.7709497624e-01 9.7137319238e-01 9.7576915828e-01 1.5601390709e-02 1.7005804926e-02 1.7429703381e-02 1.3084752115e-02 1.3511952478e-02 1.3686351129e-02 0 0
528 4.1970670852e+00 4.2430380852e+00 4.2430380852e+00 4.2905330673e+00 4.2648036571e+00 9.6064418871e-01 9.7505651676e-01 9.7505651676e-01 9.6922157339e-01 9.7362386855e-01 1.5993354326e-02 1.7823799048e-02 1.6628237674e-02 1.3068201659e-02 1.3784848619e-02 1.3426551945e-02 0 0
529 4.2152438106e+00 4.2538699314e+00 4.2538699314e+00 4.2773493240e+00 4.3054432007e+00 9.5843674867e-01 9.7294311307e-01 9.7294311307e-01 9.6704957748e-01 9.7145648656e-01 1.5994406838e-02 1.7641029553e-02 1.6738207312e-02 1.3067723649e-02 1.3753022300e-02 1.3469896512e-02 0 0
530 4.2244003793e+00 4.3163627243e+00 4.3163627243e+00 4.2671865882e+00 4.3199159740e+00 9.5624129978e-01 9.7073276244e-01 9.7073276244e-01 9.6481951336e-01 9.6925694329e-01 1.5961168436e-02 1.6385528259e-02 1.6532021575e-02 1.3000364489e-02 1.3407283230e-02 1.3416458736e-02 0 0
531 4.1819695186e+00 4.2668379292e+00 4.2668379292e+00 4.2328922167e+00 4.3023203799e+00 9.5402300321e-01 9.6849782286e-01 9.6849782286e-01 9.6262211179e-01 9.6709844854e-01 1.5677952415e-02 1.6252058093e-02 1.7437716480e-02 1.2920759125e-02 1.3210238074e-02 1.3613512507e-02 0 0
532 4.1863724037e+00 4.2498411261e+00 4.2498411261e+00 4.2568409222e+00 4.2782683466e+00 9.5177971872e-01 9.6632972279e-01 9.6632972279e-01 9.6048168559e-01 9.6497972868e-01 1.4855634016e-02 1.6782606719e-02 1.8346828409e-02 1.2613176344e-02 1.3195847860e-02 1.3815942686e-02 0 0
533 4.1489133519e+00 4.2042073838e+00 4.2042073838e+00 4.2310989770e+00 4.2516891545e+00 9.4955907082e-01 9.6421265422e-01 9.6421265422e-01 9.5841794631e-01 9.6283942564e-01 1.4671318105e-02 1.8804832827e-02 1.8343680305e-02 1.2462568949e-02 1.3683801983e-02 1.3857571175e-02 0 0
534 4.1690983323e+00 4.2117434493e+00 4.2117434493e+00 4.2046028574e+00 4.2544683920e+00 9.4732501647e-01 9.6208031417e-01 9.6208031417e-01 9.5630898492e-01 9.6066494922e-01 1.4135526236e-02 1.8727071816e-02 1.6864787554e-02 1.2282479557e-02 1.3790099416e-02 1.3341075042e-02 0 0
535 4.1966122596e+00 4.2218620972e+00 4.2218620972e+00 4.2055047541e+00 4.2552985093e+00 9.4508218990e-01 9.5988311460e-01 9.5988311460e-01 9.5413219754e-01 9.5845735724e-01 1.4167882825e-02 1.6646261327e-02 1.5793576604e-02 1.2319181218e-02 1.3188605313e-02 1.2961400906e-02 0 0
536 4.1941805590e+00 4.1813874683e+00 4.1813874683e+00 4.1960281245e+00 4.1988830432e+00 9.4283226194e-01 9.5766754385e-01 9.5766754385e-01 9.5190538004e-01 9.5629908517e-01 1.4641236661e-02 1.5150627703e-02 1.6479035141e-02 1.2511075484e-02 1.2695034617e-02 1.3070691726e-02 0 0
537 4.1188509551e+00 4.1526565506e+00 4.1526565506e+00 4.1697766746e+00 4.1576509338e+00 9.4063589800e-01 9.5550262259e-01 9.5550262259e-01 9.4970396241e-01 9.5416952675e-01 1.4896989056e-02 1.4775889809e-02 1.7166675767e-02 1.2440524308e-02 1.2447431451e-02 1.3238389394e-02 0 0
538 4.1279903453e+00 4.1257640247e+00 4.1257640247e+00 4.1662883142e+00 4.2052755137e+00 9.3859162325e-01 9.5340815388e-01 9.5340815388e-01 9.4754190773e-01 9.5203485668e-01 1.6040312389e-02 1.5245208284e-02 1.6982342582e-02 1.2460329626e-02 1.2536770082e-02 1.3160798000e-02 0 0
539 4.0826478121e+00 4.1700284493e+00 4.1700284493e+00 4.1958468077e+00 4.2123481214e+00 9.3662571711e-01 9.5130092231e-01 9.5130092231e-01 9.4542200896e-01 9.4984056116e-01 1.8059584994e-02 1.6411665129e-02 1.5686403261e-02 1.2993029081e-02 1.2886996148e-02 1.2799407123e-02 0 0
540 4.0842044925e+00 4.1503334095e+00 4.1503334095e+00 4.1762269142e+00 4.2309738238e+00 9.3460005024e-01 9.4917009618e-01 9.4917009618e-01 9.4331268156e-01 9.4763175363e-01 1.6933698087e-02 1.7660418060e-02 1.4576692018e-02 1.2768350300e-02 1.3319203979e-02 1.2372809695e-02 0 0
541 4.0861542968e+00 4.1387025221e+00 4.1387025221e+00 4.1562115947e+00 4.1969376867e+00 9.3249179007e-01 9.4699760955e-01 9.4699760955e-01 9.4119058720e-01 9.4543111197e-01 1.4936047654e-02 1.6796424985e-02 1.4794617426e-02 1.2171545597e-02 1.2996047386e-02 1.2451936258e-02 0 0
542 4.0644305328e+00 4.1366986931e+00 4.1366986931e+00 4.0948530269e+00 4.1521956093e+00 9.3037667174e-01 9.4483916259e-01 9.4483916259e-01 9.3912179135e-01 9.4328699736e-01 1.4073282732e-02 1.6342619667e-02 1.6058585141e-02 1.1752625704e-02 1.2643190799e-02 1.2801702251e-02 0 0
543 3.9980358150e+00 4.1175393347e+00 4.1175393347e+00 4.0574692021e+00 4.1123950725e+00 9.2829952366e-01 9.4273188376e-01 9.4273188376e-01 9.3706215802e-01 9.4119688155e-01 1.4339496653e-02 1.5809446573e-02 1.7376963515e-02 1.1724258911e-02 1.2421502033e-02 1.3121855329e-02 0 0
544 3.9483449129e+00 4.0913647408e+00 4.0913647408e+00 4.0403536240e+00 4.1361091892e+00 9.2630272227e-01 9.4068295808e-01 9.4068295808e-01 9.3501110138e-01 9.3910280167e-01 1.5218906761e-02 1.5697112307e-02 1.6363375355e-02 1.1856082315e-02 1.2360224850e-02 1.2720091734e-02 0 0
545 3.9946051002e+00 4.0249210326e+00 4.0249210326e+00 4.0431085092e+00 4.1199210428e+00 9.2428302233e-01 9.3862080144e-01 9.3862080144e-01 9.3292912359e-01 9.3701769729e-01 1.5048636890e-02 1.5041650040e-02 1.5272921883e-02 1.1852526404e-02 1.2151557487e-02 1.2262013741e-02 0 0
546 3.9834865095e+00 4.0315054879e+00 4.0315054879e+00 4.0493180549e+00 4.0831040428e+00 9.2219421177e-01 9.3653793249e-01 9.3653793249e-01 9.3081602030e-01 9.3495451075e-01 1.4147109097e-02 1.4123614994e-02 1.5168648795e-02 1.1630240548e-02 1.1781280860e-02 1.2167807901e-02 0 0
547 4.0186060201e+00 3.9936304639e+00 3.9936304639e+00 4.0151743951e+00 4.0295585810e+00 9.2004691277e-01 9.3444487727e-01 9.3444487727e-01 9.2872603214e-01 9.3297162263e-01 1.2886285029e-02 1.4006026089e-02 1.6505451174e-02 1.1180964655e-02 1.1610937072e-02 1.2424238375e-02 0 0
548 4.0093802491e+00 3.9979969016e+00 3.9979969016e+00 3.9678434553e+00 4.0306226257e+00 9.1791764998e-01 9.3235155422e-01 9.3235155422e-01 9.2668114420e-01 9.3096064608e-01 1.2606626430e-02 1.4414045727e-02 1.6530910507e-02 1.0990236635e-02 1.1649205233e-02 1.2456072494e-02 0 0
549 4.0106014768e+00 3.9781106210e+00 3.9781106210e+00 3.9783822863e+00 4.0466950719e+00 9.1577902061e-01 9.3028496487e-01 9.3028496487e-01 9.2471503501e-01 9.2889095416e-01 1.2186306780e-02 1.5408790554e-02 1.5007140115e-02 1.0849555513e-02 1.1821673834e-02 1.1964394362e-02 0 0
550 4.0153128178e+00 3.9533655146e+00 3.9533655146e+00 3.9900953630e+00 4.0218794686e+00 9.1364669593e-01 9.2826710290e-01 9.2826710290e-01 9.2271171579e-01 9.2678767910e-01 1.2056466867e-02 1.5723229852e-02 1.3811384328e-02 1.0770524732e-02 1.2023140909e-02 1.1541205691e-02 0 0
551 3.9889794615e+00 3.9284935535e+00 3.9284935535e+00 3.9738409701e+00 3.9829956435e+00 9.1149373438e-01 9.2631082846e-01 9.2631082846e-01 9.2067971791e-01 9.2471946601e-01 1.2177829806e-02 1.4868672821e-02 1.3575371704e-02 1.0826558497e-02 1.1703019147e-02 1.1358570773e-02 0 0
552 3.9479031776e+00 3.9463578152e+00 3.9463578152e+00 3.9385310292e+00 3.9690209018e+00 9.0939824214e-01 9.2432399003e-01 9.2432399003e-01 9.1864685080e-01 9.2273887808e-01 1.2843712728e-02 1.4464723761e-02 1.4901021845e-02 1.0926565455e-02 1.1491401121e-02 1.1638357886e-02 0 0
553 3.8785355796e+00 3.9584219806e+00 3.9584219806e+00 3.8991426048e+00 3.9490807091e+00 9.0743311889e-01 9.2228103299e-01 9.2228103299e-01 9.1664292624e-01 9.2076368419e-01 1.4137882440e-02 1.4707256458e-02 1.6208157642e-02 1.1096741136e-02 1.1507270159e-02 1.2067186530e-02 0 0
554 3.8471231596e+00 3.9033350941e+00 3.9033350941e+00 3.9349643854e+00 3.9942830552e+00 9.0556431983e-01 9.2024909745e-01 9.2024909745e-01 9.1463481090e-01 9.1875467878e-01 1.5980057558e-02 1.4587333659e-02 1.5204677824e-02 1.1503606208e-02 1.1493742350e-02 1.1716758134e-02 0 0
555 3.8578366375e+00 3.8899381100e+00 3.8899381100e+00 3.9506527554e+00 3.9694414588e+00 9.0365801048e-01 9.1821681786e-01 9.1821681786e-01 9.1258049415e-01 9.1671224669e-01 1.5293003264e-02 1.4081326895e-02 1.4283474302e-02 1.1328777079e-02 1.1406224803e-02 1.1423954275e-02 0 0
556 3.8713843017e+00 3.8752383497e+00 3.8752383497e+00 3.9611073595e+00 3.9216945804e+00 9.0166379170e-01 9.1622351202e-01 9.1622351202e-01 9.1046502723e-01 9.1473754602e-01 1.3160314335e-02 1.2960271910e-02 1.4715707628e-02 1.0683266956e-02 1.1049339315e-02 1.1422046344e-02 0 0
557 3.8380403320e+00 3.9240187907e+00 3.9240187907e+00 3.9160650616e+00 3.9227099727e+00 8.9962095398e-01 9.1421342190e-01 9.1421342190e-01 9.0838094462e-01 9.1279493466e-01 1.2780551822e-02 1.2752676848e-02 1.6051927581e-02 1.0624890379e-02 1.0836873902e-02 1.1842306238e-02 0 0
558 3.7670891088e+00 3.8980026461e+00 3.8980026461e+00 3.8639097792e+00 3.9390513301e+00 8.9766397487e-01 9.1219119539e-01 9.1219119539e-01 9.0636106936e-01 9.1078977890e-01 1.3656065596e-02 1.2655974715e-02 1.5324279200e-02 1.0773535679e-02 1.0622131638e-02 1.1720286682e-02 0 0
559 3.7801225240e+00 3.8559929859e+00 3.8559929859e+00 3.8171836428e+00 3.9444351958e+00 8.9575661871e-01 9.1017425291e-01 9.1017425291e-01 9.0447388536e-01 9.0872500786e-01 1.4112574665e-02 1.4275574591e-02 1.3698122464e-02 1.0839444969e-02 1.0895767366e-02 1.1185338604e-02 0 0
560 3.7836468626e+00 3.7964785020e+00 3.7964785020e+00 3.8398585741e+00 3.8640817752e+00 8.9384052863e-01 9.0819490282e-01 9.0819490282e-01 9.0262611649e-01 9.0668720289e-01 1.3658865022e-02 1.5765197342e-02 1.2977318605e-02 1.0669201869e-02 1.1288909591e-02 1.0784290382e-02 0 0
561 3.7920121673e+00 3.7887252186e+00 3.7887252186e+00 3.8726348427e+00 3.8338689102e+00 8.9190131851e-01 9.0624501310e-01 9.0624501310e-01 9.0064720388e-01 9.0470544043e-01 1.2698518081e-02 1.4396467246e-02 1.2891738326e-02 1.0299705187e-02 1.1110026506e-02 1.0598049732e-02 0 0
562 3.7260682262e+00 3.7796198586e+00 3.7796198586e+00 3.8391194868e+00 3.7748808144e+00 8.9001548358e-01 9.0427716119e-01 9.0427716119e-01 8.9857140935e-01 9.0280643275e-01 1.3120036149e-02 1.2626057491e-02 1.4181378880e-02 1.0313754337e-02 1.0641610366e-02 1.0864466662e-02 0 0
563 3.7159746210e+00 3.8213805284e+00 3.8213805284e+00 3.8239442924e+00 3.8251914637e+00 8.8824567815e-01 9.0232078125e-01 9.0232078125e-01 8.9655212660e-01 9.0085136112e-01 1.4285556336e-02 1.1931851041e-02 1.3953741407e-02 1.0466947398e-02 1.0232108063e-02 1.0888132965e-02 0 0
564 3.7259032119e+00 3.7741752835e+00 3.7741752835e+00 3.7913989385e+00 3.8532644771e+00 8.8644652637e-01 9.0037645938e-01 9.0037645938e-01 8.9460659113e-01 8.9881356973e-01 1.4518087179e-02 1.2252362329e-02 1.3158558286e-02 1.0681808547e-02 1.0193930822e-02 1.0754851974e-02 0 0
565 3.7458484958e+00 3.7532313094e+00 3.7532313094e+00 3.7211542452e+00 3.8204870126e+00 8.8456047264e-01 8.9845527860e-01 8.9845527860e-01 8.9274794670e-01 8.9677928321e-01 1.2398441765e-02 1.3593342737e-02 1.2468659319e-02 1.0087602689e-02 1.0464716819e-02 1.0467519402e-02 0 0
566 3.7570318797e+00 3.7446340953e+00 3.7446340953e+00 3.7504080709e+00 3.7711137918e+00 8.8261289913e-01 8.9653279567e-01 8.9653279567e-01 8.9091873026e-01 8.9480977031e-01 1.1197695814e-02 1.4415364363e-02 1.2027658988e-02 9.6648709310e-03 1.0651138611e-02 1.0146926972e-02 0 0
567 3.7019379348e+00 3.7490568882e+00 3.7490568882e+00 3.7486355922e+00 3.7253223971e+00 8.8063988553e-01 8.9457214279e-01 8.9457214279e-01 8.8906726920e-01 8.9289924123e-01 1.1088557234e-02 1.3987453072e-02 1.2636402622e-02 9.6243489517e-03 1.0561252595e-02 1.0242823279e-02 0 0
568 3.6669212080e+00 3.7146243764e+00 3.7146243764e+00 3.7404172768e+00 3.7073512607e+00 8.7871551956e-01 8.9261160511e-01 8.9261160511e-01 8.8718883139e-01 8.9106599807e-01 1.0979627271e-02 1.2334329542e-02 1.3837213744e-02 9.4603470077e-03 1.0032448918e-02 1.0460679885e-02 0 0
569 3.6352381014e+00 3.6790164409e+00 3.6790164409e+00 3.6800625037e+00 3.7355696551e+00 8.7685462483e-01 8.9068370386e-01 8.9068370386e-01 8.8530463013e-01 8.8922479501e-01 1.1432749627e-02 1.1939808959e-02 1.4127862407e-02 9.5104279847e-03 9.9043744849e-03 1.0567856021e-02 0 0
570 3.6119479790e+00 3.6522330364e+00 3.6522330364e+00 3.6627618966e+00 3.7233219012e+00 8.7501248721e-01 8.8884389566e-01 8.8884389566e-01 8.8344791035e-01 8.8736783192e-01 1.2083774876e-02 1.2209086097e-02 1.3114679372e-02 9.7082345215e-03 9.8868593341e-03 1.0249371524e-02 0 0
571 3.6294731767e+00 3.6687012287e+00 3.6687012287e+00 3.6636106786e+00 3.7189318508e+00 8.7317686214e-01 8.8705352696e-01 8.8705352696e-01 8.8155956727e-01 8.8551375302e-01 1.2286193954e-02 1.2411503005e-02 1.2365799281e-02 9.7186900350e-03 9.9730069051e-03 9.9821269978e-03 0 0
572 3.6311121433e+00 3.7021672423e+00 3.7021672423e+00 3.6488799617e+00 3.6665037112e+00 8.7129138754e-01 8.8521664379e-01 8.8521664379e-01 8.7967028538e-01 8.8368442376e-01 1.1891516472e-02 1.2266737409e-02 1.2871857616e-02 9.6582963571e-03 9.8823783919e-03 1.0102587985e-02 0 0
573 3.6512942799e+00 3.6629785427e+00 3.6629785427e+00 3.6708195326e+00 3.6773977505e+00 8.6942451922e-01 8.8336446094e-01 8.8336446094e-01 8.7779219015e-01 8.8185902194e-01 1.1512132945e-02 1.1534010177e-02 1.3036532328e-02 9.4696882319e-03 9.5714047784e-03 1.0079523083e-02 0 0
574 3.5886309132e+00 3.6269005364e+00 3.6269005364e+00 3.6581664402e+00 3.6679854225e+00 8.6763786279e-01 8.8151161138e-01 8.8151161138e-01 8.7594808093e-01 8.7999598710e-01 1.2505459795e-02 1.1700861505e-02 1.3084858889e-02 9.6805944819e-03 9.5672409516e-03 1.0133096832e-02 0 0
575 3.5985626435e+00 3.6029876074e+00 3.6029876074e+00 3.6135157246e+00 3.6508012666e+00 8.6590671597e-01 8.7973211357e-01 8.7973211357e-01 8.7415884148e-01 8.7814573997e-01 1.3523617187e-02 1.2814107235e-02 1.2460078229e-02 9.8995681188e-03 9.8301034886e-03 9.8422713345e-03 0 0
576 3.5830034895e+00 3.6307469556e+00 3.6307469556e+00 3.6300693451e+00 3.6270073726e+00 8.6410602451e-01 8.7794135317e-01 8.7794135317e-01 8.7236410031e-01 8.7631846872e-01 1.3016178390e-02 1.3276096084e-02 1.2132561998e-02 9.8627822850e-03 9.9694476230e-03 9.6778096631e-03 0 0
577 3.6317876948e+00 3.6193532701e+00 3.6193532701e+00 3.6397568400e+00 3.6039813891e+00 8.6223577254e-01 8.7608802914e-01 8.7608802914e-01 8.7049490564e-01 8.7451184339e-01 1.1120668843e-02 1.2344398070e-02 1.2674265774e-02 9.2540395312e-03 9.7884453135e-03 9.8395984387e-03 0 0
578 3.5869143676e+00 3.5903002560e+00 3.5903002560e+00 3.6445454621e+00 3.6108811526e+00 8.6034811743e-01 8.7423141091e-01 8.7423141091e-01 8.6858606956e-01 8.7268359549e-01 1.0521730884e-02 1.1050488101e-02 1.2455098215e-02 9.0492451120e-03 9.3816935550e-03 9.7704482032e-03 0 0
579 3.5662743492e+00 3.5372805794e+00 3.5372805794e+00 3.6345352682e+00 3.6369638739e+00 8.5851111209e-01 8.7237870739e-01 8.7237870739e-01 8.6669333945e-01 8.7082668158e-01 1.0321170823e-02 1.0473712697e-02 1.1990481638e-02 8.8560329538e-03 9.1155003756e-03 9.6125885611e-03 0 0
580 3.4904600183e+00 3.5577107411e+00 3.5577107411e+00 3.5952661384e+00 3.6049205326e+00 8.5674320183e-01 8.7052167446e-01 8.7052167446e-01 8.6484362670e-01 8.6897029869e-01 1.1010984986e-02 1.0875035776e-02 1.1983543052e-02 8.9507734492e-03 9.1565900948e-03 9.6037808107e-03 0 0
581 3.5272097599e+00 3.5698646582e+00 3.5698646582e+00 3.5552502616e+00 3.5686466245e+00 8.5504387655e-01 8.6868086147e-01 8.6868086147e-01 8.6303736180e-01 8.6715641197e-01 1.2539159602e-02 1.1585469590e-02 1.2051801896e-02 9.3128123390e-03 9.2896211427e-03 9.5500700409e-03 0 0
582 3.5170585447e+00 3.5706879066e+00 3.5706879066e+00 3.5543473049e+00 3.5728521851e+00 8.5332212143e-01 8.6683558329e-01 8.6683558329e-01 8.6131132757e-01 8.6537282223e-01 1.3397762299e-02 1.3095211587e-02 1.2278056587e-02 9.6545259639e-03 9.6331615932e-03 9.5683921827e-03 0 0
583 3.4923541104e+00 3.5324663076e+00 3.5324663076e+00 3.5352307897e+00 3.5756742755e+00 8.5154836243e-01 8.6498699261e-01 8.6498699261e-01 8.5953658015e-01 8.6357902758e-01 1.1566484907e-02 1.2646982213e-02 1.2187445303e-02 9.1029064208e-03 9.6129807644e-03 9.5255292254e-03 0 0
584 3.4544928339e+00 3.5058252359e+00 3.5058252359e+00 3.5557061884e+00 3.5430378513e+00 8.4979865623e-01 8.6315462032e-01 8.6315462032e-01 8.5774435176e-01 8.6174520692e-01 1.0699994478e-02 1.1089500855e-02 1.1540758074e-02 8.7129101681e-03 9.0532134054e-03 9.3235586537e-03 0 0
585 3.3924844100e+00 3.4826858600e+00 3.4826858600e+00 3.5392082892e+00 3.5077908861e+00 8.4809972093e-01 8.6135458080e-01 8.6135458080e-01 8.5589633458e-01 8.5989867871e-01 1.1035746259e-02 1.0231457651e-02 1.0971271433e-02 8.7202320653e-03 8.7985495338e-03 9.1072712094e-03 0 0
586 3.3380965485e+00 3.4730368578e+00 3.4730368578e+00 3.4946028445e+00 3.4764475000e+00 8.4643555467e-01 8.5958101611e-01 8.5958101611e-01 8.5404302064e-01 8.5808820712e-01 1.1317717290e-02 1.0086154565e-02 1.0766703635e-02 8.7154296390e-03 8.6963417707e-03 8.9491658146e-03 0 0
587 3.3668808155e+00 3.4432852873e+00 3.4432852873e+00 3.4219039236e+00 3.4960137129e+00 8.4475893993e-01 8.5780476437e-01 8.5780476437e-01 8.5222406669e-01 8.5633713328e-01 1.0330054953e-02 1.0380961234e-02 1.1258291779e-02 8.3317391493e-03 8.7179291295e-03 8.9975298615e-03 0 0
588 3.3618476044e+00 3.5049883852e+00 3.5049883852e+00 3.4155604570e+00 3.5305531835e+00 8.4307689589e-01 8.5602463530e-01 8.5602463530e-01 8.5047379409e-01 8.5457913814e-01 9.5760647644e-03 1.0524637182e-02 1.1592939612e-02 8.0305848611e-03 8.6258227238e-03 9.1070663184e-03 0 0
589 3.3459117415e+00 3.4226779779e+00 3.4226779779e+00 3.4148810167e+00 3.4833055318e+00 8.4139753545e-01 8.5424975019e-01 8.5424975019e-01 8.4874577123e-01 8.5287807319e-01 9.1454269132e-03 1.0629798635e-02 1.2658654479e-02 7.8443909487e-03 8.6314303335e-03 9.3140769750e-03 0 0
590 3.3057583090e+00 3.4141288419e+00 3.4141288419e+00 3.3878215503e+00 3.4265799728e+00 8.3975153673e-01 8.5249835391e-01 8.5249835391e-01 8.4704558547e-01 8.5115846964e-01 9.2416648562e-03 1.0339781409e-02 1.2328194338e-02 7.7951132517e-03 8.4298469592e-03 9.2262247344e-03 0 0
591 3.2794348699e+00 3.4049705412e+00 3.4049705412e+00 3.3410068026e+00 3.4240024172e+00 8.3819408832e-01 8.5080512153e-01 8.5080512153e-01 8.4539673152e-01 8.4944590732e-01 1.0263180019e-02 1.0279837530e-02 1.1279994156e-02 7.9681470297e-03 8.2433500793e-03 8.8259262266e-03 0 0
592 3.2686183119e+00 3.3968109097e+00 3.3968109097e+00 3.3280305536e+00 3.4043395871e+00 8.3666745487e-01 8.4913573595e-01 8.4913573595e-01 8.4381987274e-01 8.4771869335e-01 1.1257207532e-02 1.0908835102e-02 1.0440289741e-02 8.2444629716e-03 8.2863612333e-03 8.5451562190e-03 0 0
593 3.2895271769e+00 3.3204625713e+00 3.3204625713e+00 3.3196551491e+00 3.3696026914e+00 8.3507953717e-01 8.4752767031e-01 8.4752767031e-01 8.4227484013e-01 8.4605322675e-01 1.0527444523e-02 1.1833559955e-02 1.0290365084e-02 8.1165209613e-03 8.5482134018e-03 8.3121029893e-03 0 0
594 3.3032992643e+00 3.2929839545e+00 3.2929839545e+00 3.3263099091e+00 3.3298256250e+00 8.3342272435e-01 8.4593263852e-01 8.4593263852e-01 8.4068199958e-01 8.4446521221e-01 9.2878274965e-03 1.0765327374e-02 1.0898833163e-02 7.7624973272e-03 8.2798007643e-03 8.3168111742e-03 0 0
595 3.2523650498e+00 3.2920036304e+00 3.2920036304e+00 3.3146543695e+00 3.3110384596e+00 8.3176007646e-01 8.4430654059e-01 8.4430654059e-01 8.3905384961e-01 8.4290962381e-01 8.9440458712e-03 9.6773375990e-03 1.1661879951e-02 7.5964116531e-03 7.9192206031e-03 8.4982587723e-03 0 0
596 3.2501344927e+00 3.3055948225e+00 3.3055948225e+00 3.2931464115e+00 3.3072397013e+00 8.3009627586e-01 8.4264780174e-01 8.4264780174e-01 8.3743139234e-01 8.4129895490e-01 8.6622727508e-03 9.2621678486e-03 1.0760001955e-02 7.4564305798e-03 7.7056273585e-03 8.3115099696e-03 0 0
597 3.2019734040e+00 3.2754414326e+00 3.2754414326e+00 3.2537875572e+00 3.3245913502e+00 8.2848721896e-01 8.4099026370e-01 8.4099026370e-01 8.3584671956e-01 8.3965515320e-01 9.3182354938e-03 9.8209604621e-03 9.4705269439e-03 7.6095867371e-03 7.8205473255e-03 7.8790584812e-03 0 0
598 3.2051143257e+00 3.2564482176e+00 3.2564482176e+00 3.2477720584e+00 3.3044412309e+00 8.2692988818e-01 8.3933827977e-01 8.3933827977e-01 8.3429328854e-01 8.3798817946e-01 1.0024721596e-02 1.0747070774e-02 8.8173933327e-03 7.7670087173e-03 8.0832582898e-03 7.6351268217e-03 0 0
599 3.2400169824e+00 3.2221893897e+00 3.2221893897e+00 3.2732452937e+00 3.3116126401e+00 8.2537765753e-01 8.3772713092e-01 8.3772713092e-01 8.3270521422e-01 8.3631793829e-01 1.0255715975e-02 1.0513105430e-02 8.5160640301e-03 7.8157519422e-03 8.0595815089e-03 7.4795358814e-03 0 0
600 3.2024526912e+00 3.2239049723e+00 3.2239049723e+00 3.2734241076e+00 3.2915797715e+00 8.2381883632e-01 8.3615020229e-01 8.3615020229e-01 8.3106303603e-01 8.3464854691e-01 1.0202193501e-02 9.3566968571e-03 8.6725471774e-03 7.7646647285e-03 7.7030604589e-03 7.5244893087e-03 0 0
601 3.1570954376e+00 3.2286212255e+00 3.2286212255e+00 3.2919710125e+00 3.2712089491e+00 8.2224607719e-01 8.3459750010e-01 8.3459750010e-01 8.2938964639e-01 8.3303263385e-01 9.8421251006e-03 8.5885334993e-03 9.2774926452e-03 7.6283558404e-03 7.4355055694e-03 7.6399535174e-03 0 0
602 3.1559500590e+00 3.2325561127e+00 3.2325561127e+00 3.2314364127e+00 3.2322246941e+00 8.2068794761e-01 8.3302223366e-01 8.3302223366e-01 8.2775491004e-01 8.3150264884e-01 9.7299612226e-03 8.8345408440e-03 1.0683657136e-02 7.5499309420e-03 7.4576436309e-03 7.9539875733e-03 0 0
603 3.1250857856e+00 3.1997041625e+00 3.1997041625e+00 3.2288989735e+00 3.2618850848e+00 8.1914717018e-01 8.3143592046e-01 8.3143592046e-01 8.2621379529e-01 8.2997424534e-01 9.5668626711e-03 9.6628207248e-03 1.1332295602e-02 7.4529946101e-03 7.5628174236e-03 8.1641235156e-03 0 0
604 3.1053776597e+00 3.1700229593e+00 3.1700229593e+00 3.2012432433e+00 3.2582723535e+00 8.1759796253e-01 8.2984608363e-01 8.2984608363e-01 8.2472886897e-01 8.2836687135e-01 8.7035766669e-03 1.1426931829e-02 1.0047156597e-02 7.1108559105e-03 8.0377527047e-03 7.8719852027e-03 0 0
605 3.0736591540e+00 3.1692487997e+00 3.1692487997e+00 3.2172294747e+00 3.2295363163e+00 8.1605868891e-01 8.2825210652e-01 8.2825210652e-01 8.2317804387e-01 8.2674323015e-01 8.4386508250e-03 1.0660941596e-02 9.1673646821e-03 6.9406526876e-03 7.8902369132e-03 7.5579897384e-03 0 0
606 3.0543987344e+00 3.1736466294e+00 3.1736466294e+00 3.1843483621e+00 3.1866339180e+00 8.1456155483e-01 8.2665841556e-01 8.2665841556e-01 8.2156083211e-01 8.2516349697e-01 8.7765702309e-03 9.0922755189e-03 9.1787854908e-03 6.9523057103e-03 7.4188997969e-03 7.4462420307e-03 0 0
607 3.0574747978e+00 3.1830144999e+00 3.1830144999e+00 3.1406496246e+00 3.1731592313e+00 8.1312133402e-01 8.2504497906e-01 8.2504497906e-01 8.1995046187e-01 8.2361320212e-01 9.5737120840e-03 8.4236840485e-03 9.9858859321e-03 7.1173629045e-03 7.1331990184e-03 7.6566154021e-03 0 0
608 3.0309620871e+00 3.1361354034e+00 3.1361354034e+00 3.0804480486e+00 3.1769939420e+00 8.1167734893e-01 8.2346436430e-01 8.2346436430e-01 8.1838026399e-01 8.2205500600e-01 9.6369266804e-03 8.1571028568e-03 9.9512321176e-03 7.1538759956e-03 6.9332572166e-03 7.6217922615e-03 0 0
609 3.0163133524e+00 3.1149256251e+00 3.1149256251e+00 3.0597710907e+00 3.1734332875e+00 8.1017426920e-01 8.2192173751e-01 8.2192173751e-01 8.1682781464e-01 8.2046026370e-01 8.5135916891e-03 8.0513359280e-03 9.1612322722e-03 6.8505346177e-03 6.8194045452e-03 7.3833601782e-03 0 0
610 3.0365695493e+00 3.0769338094e+00 3.0769338094e+00 3.0333987417e+00 3.1246207770e+00 8.0865232395e-01 8.2041721627e-01 8.2041721627e-01 8.1528978046e-01 8.1891300026e-01 7.8286044256e-03 8.2392573822e-03 8.8624921627e-03 6.5863465887e-03 6.8278966355e-03 7.1619577357e-03 0 0
611 3.0204023577e+00 3.0859738118e+00 3.0859738118e+00 3.0387215705e+00 3.0692261771e+00 8.0709411524e-01 8.1891841810e-01 8.1891841810e-01 8.1375555337e-01 8.1743645968e-01 7.5635063618e-03 8.1813075813e-03 9.2334904475e-03 6.5346603239e-03 6.7775994539e-03 7.1390925441e-03 0 0
612 2.9858644156e+00 3.0548322014e+00 3.0548322014e+00 3.0532233005e+00 3.0624453968e+00 8.0557411496e-01 8.1741490659e-01 8.1741490659e-01 8.1223960529e-01 8.1598154153e-01 7.7385040887e-03 8.0647090217e-03 9.6400958719e-03 6.5259937247e-03 6.6942889825e-03 7.2108048480e-03 0 0
613 2.9558372166e+00 3.0014061811e+00 3.0014061811e+00 3.0621550619e+00 3.0721792899e+00 8.0410953080e-01 8.1590022580e-01 8.1590022580e-01 8.1079757216e-01 8.1448801014e-01 7.8427626447e-03 8.6752496427e-03 9.2538241297e-03 6.4382621814e-03 6.7712516175e-03 7.1192113683e-03 0 0
614 2.9618752917e+00 2.9854462783e+00 2.9854462783e+00 3.0109259506e+00 3.0793760923e+00 8.0271544486e-01 8.1440345963e-01 8.1440345963e-01 8.0940227728e-01 8.1296589104e-01 8.4604116698e-03 9.8996399902e-03 8.3816932747e-03 6.4936550060e-03 7.0971390232e-03 6.8215177162e-03 0 0
615 2.9341029691e+00 3.0044778149e+00 3.0044778149e+00 3.0430601055e+00 3.0407351914e+00 8.0132081846e-01 8.1291926313e-01 8.1291926313e-01 8.0795732929e-01 8.1146017269e-01 9.0194606094e-03 9.5503485063e-03 8.1620626152e-03 6.6749441360e-03 7.0693951566e-03 6.7014918313e-03 0 0
616 2.9265727556e+00 3.0133319893e+00 3.0133319893e+00 3.0357852318e+00 2.9954559662e+00 7.9989193309e-01 8.1144906710e-01 8.1144906710e-01 8.0645025330e-01 8.0999570891e-01 8.4580280723e-03 8.5175270215e-03 8.4705966292e-03 6.5293173343e-03 6.8049658439e-03 6.7350699683e-03 0 0
617 2.9227084456e+00 3.0074434128e+00 3.0074434128e+00 2.9971509757e+00 3.0035244485e+00 7.9841285932e-01 8.0999672775e-01 8.0999672775e-01 8.0495454267e-01 8.0854233226e-01 7.5024324199e-03 7.7086394886e-03 8.8448513998e-03 6.2588717389e-03 6.4440456918e-03 6.8380468292e-03 0 0
618 2.9449401999e+00 2.9762193377e+00 2.9762193377e+00 2.9683947200e+00 3.0308551433e+00 7.9692759634e-01 8.0856421021e-01 8.0856421021e-01 8.0348702391e-01 8.0705833343e-01 7.0594584645e-03 7.3430954362e-03 8.6615813198e-03 6.0764597473e-03 6.2120932853e-03 6.8113720627e-03 0 0
619 2.9192953150e+00 2.9627280747e+00 2.9627280747e+00 2.9275613623e+00 3.0188927512e+00 7.9542836769e-01 8.0711739252e-01 8.0711739252e-01 8.0207498929e-01 8.0556246562e-01 7.0523783638e-03 8.1156683154e-03 8.2249112893e-03 6.0704597406e-03 6.3750250265e-03 6.6489385208e-03 0 0
620 2.8937839151e+00 2.9448063666e+00 2.9448063666e+00 2.9352053649e+00 2.9588978468e+00 7.9394008925e-01 8.0565067221e-01 8.0565067221e-01 8.0068138545e-01 8.0413618490e-01 7.1373949870e-03 8.8010110194e-03 8.2357033389e-03 6.0497131557e-03 6.5704927547e-03 6.4897501725e-03 0 0
621 2.8608767204e+00 2.9442394133e+00 2.9442394133e+00 2.9373615111e+00 2.9426447982e+00 7.9247360775e-01 8.0418294458e-01 8.0418294458e-01 7.9926680111e-01 8.0276733518e-01 7.1891624008e-03 8.6144155357e-03 8.7457606569e-03 6.0176911413e-03 6.5430316026e-03 6.5351290978e-03 0 0
622 2.8114698735e+00 2.9355634434e+00 2.9355634434e+00 2.9647062368e+00 2.9362706696e+00 7.9105255792e-01 8.0270719738e-01 8.0270719738e-01 7.9779416964e-01 8.0137908433e-01 7.3375416738e-03 7.5425966643e-03 9.1688598040e-03 5.9943288568e-03 6.2473901198e-03 6.7111719982e-03 0 0
623 2.8023303477e+00 2.9074266574e+00 2.9074266574e+00 2.9416645641e+00 2.9640621215e+00 7.8965311951e-01 8.0128638325e-01 8.0128638325e-01 7.9632242258e-01 7.9991427875e-01 7.1608280153e-03 7.2450145963e-03 7.9588140361e-03 5.8751390667e-03 6.1051264638e-03 6.3965236186e-03 0 0
624 2.8069226074e+00 2.8779749198e+00 2.8779749198e+00 2.9152112645e+00 2.9539867536e+00 7.8824517255e-01 7.9991683374e-01 7.9991683374e-01 7.9487901301e-01 7.9842411022e-01 6.7238163886e-03 7.5833306764e-03 7.2046888527e-03 5.6800962653e-03 6.1502361204e-03 6.1302641407e-03 0 0
625 2.8228796061e+00 2.8974194654e+00 2.8974194654e+00 2.8715620425e+00 2.9442669356e+00 7.8680920069e-01 7.9851516733e-01 7.9851516733e-01 7.9351302899e-01 7.9695532053e-01 6.4017979246e-03 8.6165638641e-03 7.1883318597e-03 5.5617583466e-03 6.3514771755e-03 6.0788922710e-03 0 0
626 2.8304389726e+00 2.9286280637e+00 2.9286280637e+00 2.8749778270e+00 2.8973692702e+00 7.8537609139e-01 7.9705633629e-01 7.9705633629e-01 7.9214685592e-01 7.9551522502e-01 6.3059069424e-03 8.7366612861e-03 7.6388425077e-03 5.5009315057e-03 6.3931609038e-03 6.1891216319e-03 0 0
627 2.7992220760e+00 2.8875172998e+00 2.8875172998e+00 2.8406181172e+00 2.8986640184e+00 7.8397118866e-01 7.9558166865e-01 7.9558166865e-01 7.9076698650e-01 7.9413449243e-01 6.5636852241e-03 7.8724930063e-03 8.3616527263e-03 5.5640014154e-03 6.1089630472e-03 6.3066389994e-03 0 0
628 2.7724461329e+00 2.8271033196e+00 2.8271033196e+00 2.7982307909e+00 2.8863904712e+00 7.8263600259e-01 7.9410429626e-01 7.9410429626e-01 7.8937380169e-01 7.9276270216e-01 7.1830745059e-03 6.9265791099e-03 8.9712099871e-03 5.6735676867e-03 5.7492050109e-03 6.4857405960e-03 0 0
629 2.7804365676e+00 2.8045882099e+00 2.8045882099e+00 2.7823381385e+00 2.8651161924e+00 7.8133684159e-01 7.9271817022e-01 7.9271817022e-01 7.8798059276e-01 7.9135644474e-01 8.1408515846e-03 6.7179808393e-03 7.8017376363e-03 5.9371988822e-03 5.6282540318e-03 6.1198082403e-03 0 0
630 2.7741152477e+00 2.7789218030e+00 2.7789218030e+00 2.7763068279e+00 2.8007651505e+00 7.7998230737e-01 7.9139070342e-01 7.9139070342e-01 7.8658575882e-01 7.8997774317e-01 7.6756573693e-03 6.8530655699e-03 7.3948039790e-03 5.8586856657e-03 5.6548956200e-03 5.9081733343e-03 0 0
631 2.7593028914e+00 2.7887694475e+00 2.7887694475e+00 2.7910444286e+00 2.7768578513e+00 7.7858563559e-01 7.9006789814e-01 7.9006789814e-01 7.8520870693e-01 7.8864042533e-01 6.6613862066e-03 7.0974800037e-03 7.3520367732e-03 5.5277310994e-03 5.7096741511e-03 5.7921258849e-03 0 0
632 2.7424581607e+00 2.7716227867e+00 2.7716227867e+00 2.7984709102e+00 2.7891104451e+00 7.7718777119e-01 7.8870738975e-01 7.8870738975e-01 7.8385804420e-01 7.8730856265e-01 6.0074072213e-03 7.3478746344e-03 7.6912245713e-03 5.2533504611e-03 5.7624772890e-03 5.8791075135e-03 0 0
633 2.7278804508e+00 2.7586825028e+00 2.7586825028e+00 2.7808084191e+00 2.8188267913e+00 7.7582132601e-01 7.8734655070e-01 7.8734655070e-01 7.8253728254e-01 7.8595901248e-01 5.9523220521e-03 7.6539178845e-03 7.6548904763e-03 5.1660818629e-03 5.8149188408e-03 5.8706171112e-03 0 0
634 2.6882433887e+00 2.7503766756e+00 2.7503766756e+00 2.7585629423e+00 2.7881017307e+00 7.7449972092e-01 7.8600340011e-01 7.8600340011e-01 7.8122131907e-01 7.8459052192e-01 6.2468906889e-03 7.7901476179e-03 7.4468891835e-03 5.1828761759e-03 5.8337204973e-03 5.8206719696e-03 0 0
635 2.6633427824e+00 2.7570651071e+00 2.7570651071e+00 2.7243141425e+00 2.7648472204e+00 7.7324813100e-01 7.8467299804e-01 7.8467299804e-01 7.7988422550e-01 7.8323019743e-01 7.1203336989e-03 7.6416580705e-03 7.2309336392e-03 5.3629458782e-03 5.7950987830e-03 5.7272409322e-03 0 0
636 2.6662892233e+00 2.7532434410e+00 2.7532434410e+00 2.7354529245e+00 2.7465321556e+00 7.7201447277e-01 7.8331048434e-01 7.8331048434e-01 7.7852582378e-01 7.8187956207e-01 7.7008857946e-03 6.8645513384e-03 7.2469135048e-03 5.5319187674e-03 5.5213503656e-03 5.7151351939e-03 0 0
637 2.6886926436e+00 2.7329915062e+00 2.7329915062e+00 2.7067855734e+00 2.7581757314e+00 7.7072581430e-01 7.8193185938e-01 7.8193185938e-01 7.7718764129e-01 7.8051513391e-01 6.7846785208e-03 6.5372685203e-03 6.9930069149e-03 5.3117254959e-03 5.3495965549e-03 5.6213114294e-03 0 0
638 2.7039825978e+00 2.6893720982e+00 2.6893720982e+00 2.6738083855e+00 2.7345358338e+00 7.6938250387e-01 7.8055368210e-01 7.8055368210e-01 7.7588986500e-01 7.7914298671e-01 5.9693139850e-03 6.6892826580e-03 6.8126349361e-03 5.0833835852e-03 5.3270354983e-03 5.5338608800e-03 0 0
639 2.7032688167e+00 2.6624784263e+00 2.6624784263e+00 2.6549066906e+00 2.6984670506e+00 7.6804392905e-01 7.7922492522e-01 7.7922492522e-01 7.7463188185e-01 7.7778824253e-01 5.9651651990e-03 7.1935522719e-03 6.6016437486e-03 5.0516322566e-03 5.4205726483e-03 5.3973168833e-03 0 0
640 2.6445292584e+00 2.6723880387e+00 2.6723880387e+00 2.6720352850e+00 2.6666853011e+00 7.6675851460e-01 7.7794969479e-01 7.7794969479e-01 7.7334677935e-01 7.7645576844e-01 6.7126772202e-03 7.0136499126e-03 6.5015814616e-03 5.2325980271e-03 5.3867069655e-03 5.3145609563e-03 0 0
641 2.6283353874e+00 2.6455389044e+00 2.6455389044e+00 2.6769392028e+00 2.6581684534e+00 7.6555264676e-01 7.7668521438e-01 7.7668521438e-01 7.7202924764e-01 7.7515542960e-01 7.8430113310e-03 6.3536558882e-03 6.6118539544e-03 5.4773198085e-03 5.1820084336e-03 5.2935939166e-03 0 0
642 2.6330959301e+00 2.6232552861e+00 2.6232552861e+00 2.6793018597e+00 2.6564996546e+00 7.6430496474e-01 7.7540063421e-01 7.7540063421e-01 7.7068669271e-01 7.7386022094e-01 7.2611807260e-03 5.8401395218e-03 6.6523792921e-03 5.3677514717e-03 5.0197105156e-03 5.2814221708e-03 0 0
643 2.6248856056e+00 2.6189914237e+00 2.6189914237e+00 2.6806412326e+00 2.6681784328e+00 7.6302358661e-01 7.7410961601e-01 7.7410961601e-01 7.6935050195e-01 7.7256815736e-01 5.9738369068e-03 5.9028000687e-03 6.5545245307e-03 4.9280191195e-03 5.0325922202e-03 5.2128321258e-03 0 0
644 2.5995015306e+00 2.6148426084e+00 2.6148426084e+00 2.6494965194e+00 2.6478289634e+00 7.6172001742e-01 7.7281844363e-01 7.7281844363e-01 7.6805129584e-01 7.7129319063e-01 5.3376121520e-03 6.4940304728e-03 6.7317671492e-03 4.6742313319e-03 5.1861902466e-03 5.2387705655e-03 0 0
645 2.5968626589e+00 2.6281764476e+00 2.6281764476e+00 2.6203512115e+00 2.6407773465e+00 7.6040695259e-01 7.7154882668e-01 7.7154882668e-01 7.6678668048e-01 7.7002690778e-01 5.1303856833e-03 7.0975420531e-03 6.8608317524e-03 4.5799203076e-03 5.3296851693e-03 5.2749990718e-03 0 0
646 2.6098708397e+00 2.6270625776e+00 2.6270625776e+00 2.6148178646e+00 2.6575599358e+00 7.5908912008e-01 7.7027032601e-01 7.7027032601e-01 7.6551591867e-01 7.6873556665e-01 5.0713165744e-03 6.9205830805e-03 6.8737381371e-03 4.5652295660e-03 5.2715003840e-03 5.3326813504e-03 0 0
647 2.5977113917e+00 2.6269450475e+00 2.6269450475e+00 2.6111922703e+00 2.6593398411e+00 7.5777029527e-01 7.6898727643e-01 7.6898727643e-01 7.6422463412e-01 7.6740779265e-01 5.2055780939e-03 5.9558654320e-03 6.3905864372e-03 4.6393838439e-03 4.9347089953e-03 5.1973066875e-03 0 0
648 2.5920512413e+00 2.5959351309e+00 2.5959351309e+00 2.5973194277e+00 2.6371505779e+00 7.5647071279e-01 7.6770073813e-01 7.6770073813e-01 7.6292826323e-01 7.6607594491e-01 5.4563552614e-03 5.4316130700e-03 6.0827793786e-03 4.7087452892e-03 4.7159109963e-03 5.0571891479e-03 0 0
649 2.5520623395e+00 2.5608577583e+00 2.5608577583e+00 2.5999199662e+00 2.5939851333e+00 7.5520163419e-01 7.6643666227e-01 7.6643666227e-01 7.6162449994e-01 7.6478755622e-01 5.8734341848e-03 5.1220368478e-03 6.0727146338e-03 4.8049953219e-03 4.5691675041e-03 4.9635126488e-03 0 0
650 2.5384661810e+00 2.5307533813e+00 2.5307533813e+00 2.5988593449e+00 2.5678426593e+00 7.5395698278e-01 7.6519725679e-01 7.6519725679e-01 7.6031424714e-01 7.6357856117e-01 6.2104832342e-03 5.1987137995e-03 6.5339177963e-03 4.8752071639e-03 4.5976807014e-03 4.9916753196e-03 0 0
651 2.5394513310e+00 2.5286242206e+00 2.5286242206e+00 2.6092147492e+00 2.5572492372e+00 7.5272790041e-01 7.6396408724e-01 7.6396408724e-01 7.5900883588e-01 7.6239914042e-01 6.3735952751e-03 5.2867818158e-03 6.9707506336e-03 4.9062490259e-03 4.6330584446e-03 5.0891895662e-03 0 0
652 2.5157053046e+00 2.5106797984e+00 2.5106797984e+00 2.5719028411e+00 2.5679863663e+00 7.5150919169e-01 7.6271992891e-01 7.6271992891e-01 7.5773685429e-01 7.6118593771e-01 6.1054162132e-03 5.7986795437e-03 6.5299184062e-03 4.7815873409e-03 4.8018948874e-03 4.9761164701e-03 0 0
653 2.4816653941e+00 2.5368622152e+00 2.5368622152e+00 2.5602473557e+00 2.5795359594e+00 7.5029823664e-01 7.6145834419e-01 7.6145834419e-01 7.5650468852e-01 7.5990544790e-01 5.8601918462e-03 6.3241861644e-03 5.7789016864e-03 4.6563755367e-03 4.9288842129e-03 4.7888144036e-03 0 0
654 2.4717653414e+00 2.5511288370e+00 2.5511288370e+00 2.5764624350e+00 2.5798408636e+00 7.4908700585e-01 7.6019759005e-01 7.6019759005e-01 7.5527485256e-01 7.5861075382e-01 5.8326757690e-03 6.5725314780e-03 5.5556123843e-03 4.6218361900e-03 4.9957353622e-03 4.7204527655e-03 0 0
655 2.4947604413e+00 2.5512681762e+00 2.5512681762e+00 2.5499540743e+00 2.5548681609e+00 7.4785967972e-01 7.5895594136e-01 7.5895594136e-01 7.5400474061e-01 7.5732364489e-01 5.7685531968e-03 6.0706659569e-03 5.7034038473e-03 4.6076452025e-03 4.8580775037e-03 4.7817568993e-03 0 0
656 2.5096943626e+00 2.5267153022e+00 2.5267153022e+00 2.5364457541e+00 2.5499528764e+00 7.4661159762e-01 7.5773643344e-01 7.5773643344e-01 7.5273268410e-01 7.5607697564e-01 5.5758642095e-03 5.5791884661e-03 6.1178623582e-03 4.5645211199e-03 4.6569644473e-03 4.8739547492e-03 0 0
657 2.5259358112e+00 2.5408225195e+00 2.5408225195e+00 2.5068267477e+00 2.5533956417e+00 7.4538334788e-01 7.5651602351e-01 7.5651602351e-01 7.5151711197e-01 7.5483582782e-01 5.7070722562e-03 5.6860283948e-03 6.2337787240e-03 4.5852844219e-03 4.5965106692e-03 4.8866923898e-03 0 0
658 2.5084321004e+00 2.5036628593e+00 2.5036628593e+00 2.4847865514e+00 2.5443011776e+00 7.4418546318e-01 7.5526559829e-01 7.5526559829e-01 7.5035397142e-01 7.5359504634e-01 6.2105719850e-03 6.2388949445e-03 6.2377710710e-03 4.7221949342e-03 4.6969411778e-03 4.8622566974e-03 0 0
659 2.5188777810e+00 2.4936044904e+00 2.4936044904e+00 2.4951188418e+00 2.5015581163e+00 7.4299582722e-01 7.5401939930e-01 7.5401939930e-01 7.4917723790e-01 7.5236367753e-01 6.6540042730e-03 6.5444271313e-03 6.0939394170e-03 4.8624620514e-03 4.8147272319e-03 4.7781313770e-03 0 0
660 2.5003493404e+00 2.4562150482e+00 2.4562150482e+00 2.5191056121e+00 2.4891639892e+00 7.4174398607e-01 7.5279732395e-01 7.5279732395e-01 7.4793472116e-01 7.5117358617e-01 6.1717802458e-03 5.8240224025e-03 6.1589752440e-03 4.7966135548e-03 4.6477277065e-03 4.7243206645e-03 0 0
661 2.5100658363e+00 2.4562426152e+00 2.4562426152e+00 2.5119062030e+00 2.4896567120e+00 7.4046581957e-01 7.5159684957e-01 7.5159684957e-01 7.4665896141e-01 7.4999519162e-01 5.2763552561e-03 5.3421995835e-03 6.2038557371e-03 4.4806829234e-03 4.5083753066e-03 4.7119679512e-03 0 0
662 2.4971528340e+00 2.4564776017e+00 2.4564776017e+00 2.5053920057e+00 2.4955544404e+00 7.3919157064e-01 7.5039290919e-01 7.5039290919e-01 7.4538376176e-01 7.4878900668e-01 5.0778524991e-03 5.2664724062e-03 5.9847813100e-03 4.3906488737e-03 4.4826549129e-03 4.6608555131e-03 0 0
663 2.4787975033e+00 2.4562808591e+00 2.4562808591e+00 2.4963852917e+00 2.4915208672e+00 7.3793394927e-01 7.4917399493e-01 7.4917399493e-01 7.4412795215e-01 7.4755674025e-01 4.8377908712e-03 5.4723868379e-03 5.7838337380e-03 4.2499113578e-03 4.5341926743e-03 4.6083566267e-03 0 0
664 2.4519544268e+00 2.4698325572e+00 2.4698325572e+00 2.4907476397e+00 2.5010560487e+00 7.3669564006e-01 7.4795745262e-01 7.4795745262e-01 7.4288952461e-01 7.4631427252e-01 4.9097330753e-03 5.8552622795e-03 5.6994220940e-03 4.2343444650e-03 4.6477339929e-03 4.5875249198e-03 0 0
665 2.4442241209e+00 2.4644211106e+00 2.4644211106e+00 2.4883218939e+00 2.4877064818e+00 7.3549180598e-01 7.4673963499e-01 7.4673963499e-01 7.4166315059e-01 7.4508888468e-01 5.2164786454e-03 6.0181600857e-03 5.9267449542e-03 4.2951897139e-03 4.6801902354e-03 4.6537905582e-03 0 0
666 2.4212401563e+00 2.4829818370e+00 2.4829818370e+00 2.4699823889e+00 2.4998421262e+00 7.3432457576e-01 7.4551953647e-01 7.4551953647e-01 7.4044768051e-01 7.4386305947e-01 5.9251140894e-03 5.8995300788e-03 6.0107614263e-03 4.5112019887e-03 4.6121767373e-03 4.6927155927e-03 0 0
667 2.4371725231e+00 2.4734357958e+00 2.4734357958e+00 2.4488719104e+00 2.5060079862e+00 7.3316666978e-01 7.4428123777e-01 7.4428123777e-01 7.3924858825e-01 7.4262603870e-01 5.8849940617e-03 5.7541204151e-03 5.9449410765e-03 4.4821147492e-03 4.5250376570e-03 4.6813366353e-03 0 0
668 2.4272907901e+00 2.4524089959e+00 2.4524089959e+00 2.4276636716e+00 2.4800793500e+00 7.3197031364e-01 7.4303199306e-01 7.4303199306e-01 7.3807833910e-01 7.4137894326e-01 5.3593232942e-03 5.8415409876e-03 5.7760541677e-03 4.3403964866e-03 4.4977194630e-03 4.6211008448e-03 0 0
669 2.4180298052e+00 2.4281872598e+00 2.4281872598e+00 2.4449066276e+00 2.4495065633e+00 7.3075719875e-01 7.4179466582e-01 7.4179466582e-01 7.3690427610e-01 7.4014761576e-01 4.8947120260e-03 5.7655096170e-03 5.6102258968e-03 4.1595835547e-03 4.4622803107e-03 4.5198501903e-03 0 0
670 2.3991566617e+00 2.4193088842e+00 2.4193088842e+00 2.4329713910e+00 2.4399357693e+00 7.2954865316e-01 7.4058019884e-01 7.4058019884e-01 7.3571580660e-01 7.3894539399e-01 4.7504130804e-03 5.7954367949e-03 5.6515550823e-03 4.0771092252e-03 4.4924220419e-03 4.4836742454e-03 0 0
671 2.3618298832e+00 2.4250249252e+00 2.4250249252e+00 2.4211863615e+00 2.4351663361e+00 7.2834660537e-01 7.3940583231e-01 7.3940583231e-01 7.3451557431e-01 7.3776296759e-01 4.7841008294e-03 5.4962068098e-03 5.6929521379e-03 4.0782950846e-03 4.3971987325e-03 4.4603502029e-03 0 0
672 2.3654386088e+00 2.3983295429e+00 2.3983295429e+00 2.3850032616e+00 2.4361247499e+00 7.2715343221e-01 7.3825552626e-01 7.3825552626e-01 7.3333641317e-01 7.3657857436e-01 4.9059503437e-03 5.4854495102e-03 5.5811917991e-03 4.1112021804e-03 4.3584968662e-03 4.4089854928e-03 0 0
673 2.3565563323e+00 2.3973445825e+00 2.3973445825e+00 2.4013190216e+00 2.4369779664e+00 7.2595559073e-01 7.3707990837e-01 7.3707990837e-01 7.3215126690e-01 7.3538980335e-01 4.9670868264e-03 5.1652854308e-03 5.6095418986e-03 4.1297486943e-03 4.2333397432e-03 4.4166446314e-03 0 0
674 2.3664787196e+00 2.3892226750e+00 2.3892226750e+00 2.3924330562e+00 2.4216623890e+00 7.2474439602e-01 7.3586852865e-01 7.3586852865e-01 7.3099219311e-01 7.3423599861e-01 4.8079019879e-03 5.4030601168e-03 6.0240994208e-03 4.0662739387e-03 4.2649804382e-03 4.5067203464e-03 0 0
675 2.3917976375e+00 2.3951718841e+00 2.3951718841e+00 2.3863022623e+00 2.4044027421e+00 7.2353576968e-01 7.3466220939e-01 7.3466220939e-01 7.2984370341e-01 7.3308850093e-01 4.6151337421e-03 5.4566819454e-03 6.0201094020e-03 3.9696761730e-03 4.2503204895e-03 4.4965507695e-03 0 0
676 2.3936245295e+00 2.3800638323e+00 2.3800638323e+00 2.3859376644e+00 2.3889548757e+00 7.2231480918e-01 7.3347240246e-01 7.3347240246e-01 7.2869457362e-01 7.3193119637e-01 4.5092156397e-03 5.5861345609e-03 5.6449736585e-03 3.9447407622e-03 4.2964092572e-03 4.3710274622e-03 0 0
677 2.3946225125e+00 2.3752248557e+00 2.3752248557e+00 2.3817316449e+00 2.3934748748e+00 7.2109670281e-01 7.3232099910e-01 7.3232099910e-01 7.2753674270e-01 7.3074034452e-01 4.5111833985e-03 5.5151886772e-03 5.1179966540e-03 3.9396451533e-03 4.2833061307e-03 4.2080321000e-03 0 0
678 2.3733316828e+00 2.3483461201e+00 2.3483461201e+00 2.3643572289e+00 2.3766511022e+00 7.1989980062e-01 7.3120833153e-01 7.3120833153e-01 7.2635666051e-01 7.2955504381e-01 4.8106741763e-03 5.2391823265e-03 5.0185221480e-03 4.0247306807e-03 4.2048792238e-03 4.1389046819e-03 0 0
679 2.3497730390e+00 2.3689431708e+00 2.3689431708e+00 2.3633232680e+00 2.3821337749e+00 7.1875829652e-01 7.3008556344e-01 7.3008556344e-01 7.2517555036e-01 7.2836529376e-01 5.2746631819e-03 5.0297237467e-03 4.9277554499e-03 4.1088630055e-03 4.1030795546e-03 4.0984000079e-03 0 0
680 2.3494507545e+00 2.3594451288e+00 2.3594451288e+00 2.3600095439e+00 2.3725543794e+00 7.1762927028e-01 7.2889531206e-01 7.2889531206e-01 7.2401010138e-01 7.2722529637e-01 5.7394492811e-03 5.1038070815e-03 5.5451004882e-03 4.2653971066e-03 4.0908838855e-03 4.2536238325e-03 0 0
681 2.3548754623e+00 2.3717474500e+00 2.3717474500e+00 2.3538670638e+00 2.3664229137e+00 7.1647059070e-01 7.2770685185e-01 7.2770685185e-01 7.2285400601e-01 7.2609139172e-01 5.2306349426e-03 5.2309652092e-03 5.7785513345e-03 4.1294530008e-03 4.1229503695e-03 4.3253550539e-03 0 0
682 2.3707753932e+00 2.3325357323e+00 2.3325357323e+00 2.3485764717e+00 2.3577451255e+00 7.1526868396e-01 7.2653947220e-01 7.2653947220e-01 7.2169976727e-01 7.2493605905e-01 4.5864691382e-03 5.4450948955e-03 5.5116351577e-03 3.9316970759e-03 4.2071414064e-03 4.2490501073e-03 0 0
683 2.3663540439e+00 2.3255043385e+00 2.3255043385e+00 2.3620603008e+00 2.3566219992e+00 7.1405256289e-01 7.2541615225e-01 7.2541615225e-01 7.2052619710e-01 7.2375076269e-01 4.3391385157e-03 5.2620774950e-03 4.9910575035e-03 3.8286785437e-03 4.1688872734e-03 4.0779161500e-03 0 0
684 2.3553162118e+00 2.3384101564e+00 2.3384101564e+00 2.3646608030e+00 2.3671303355e+00 7.1282464075e-01 7.2429516805e-01 7.2429516805e-01 7.1935107755e-01 7.2256287942e-01 4.2623402704e-03 5.0717343693e-03 4.8471053597e-03 3.7997446930e-03 4.0864692419e-03 4.0158610209e-03 0 0
685 2.3555870005e+00 2.3547469468e+00 2.3547469468e+00 2.3448024803e+00 2.3591465997e+00 7.1161495832e-01 7.2312839180e-01 7.2312839180e-01 7.1820297273e-01 7.2139754908e-01 4.3094449367e-03 5.2439093706e-03 5.1512090722e-03 3.7923306495e-03 4.1016631876e-03 4.1046637925e-03 0 0
686 2.3332413945e+00 2.3375599818e+00 2.3375599818e+00 2.3320652561e+00 2.3484996353e+00 7.1044833132e-01 7.2194051112e-01 7.2194051112e-01 7.1706672610e-01 7.2025650181e-01 4.6785359143e-03 5.4161823355e-03 5.5505695054e-03 3.8814394192e-03 4.1490909643e-03 4.2192736291e-03 0 0
687 2.2927333384e+00 2.3181916379e+00 2.3181916379e+00 2.3304184108e+00 2.3489684438e+00 7.0934218264e-01 7.2076579889e-01 7.2076579889e-01 7.1593233751e-01 7.1910923650e-01 5.3812976409e-03 5.3234478110e-03 5.4928675527e-03 4.0440068398e-03 4.1099441587e-03 4.2029567994e-03 0 0
688 2.3144800348e+00 2.3035256771e+00 2.3035256771e+00 2.3393057394e+00 2.3459787517e+00 7.0824632008e-01 7.1960747003e-01 7.1960747003e-01 7.1475401481e-01 7.1793383946e-01 5.7445084096e-03 4.8676402075e-03 5.1314297016e-03 4.1442173124e-03 3.9943275624e-03 4.1025996907e-03 0 0
689 2.3220224698e+00 2.3067239331e+00 2.3067239331e+00 2.3370998897e+00 2.3345395118e+00 7.0710071143e-01 7.1846300286e-01 7.1846300286e-01 7.1356913816e-01 7.1673774693e-01 5.1623600579e-03 4.6911852551e-03 4.7034228919e-03 4.0108768830e-03 3.9131274680e-03 3.9594424888e-03 0 0
690 2.2919300538e+00 2.3051304278e+00 2.3051304278e+00 2.3253807241e+00 2.3275341462e+00 7.0595154976e-01 7.1730685977e-01 7.1730685977e-01 7.1239061934e-01 7.1555843642e-01 4.6676102097e-03 4.7410537372e-03 4.6543856151e-03 3.8249922608e-03 3.9133980754e-03 3.9124344476e-03 0 0
691 2.2536803335e+00 2.3044847302e+00 2.3044847302e+00 2.3175616350e+00 2.3176316338e+00 7.0483481061e-01 7.1615802348e-01 7.1615802348e-01 7.1126611781e-01 7.1439471423e-01 4.6552977728e-03 5.2545279614e-03 4.7665855382e-03 3.7699316863e-03 4.0269885212e-03 3.9255593438e-03 0 0
692 2.2195446436e+00 2.2852782127e+00 2.2852782127e+00 2.3133532715e+00 2.3050650659e+00 7.0377594763e-01 7.1501902078e-01 7.1501902078e-01 7.1015494900e-01 7.1323999091e-01 5.0798194909e-03 5.5956591968e-03 5.0106548588e-03 3.8294199266e-03 4.1329275118e-03 3.9919664850e-03 0 0
693 2.2260935260e+00 2.2721708249e+00 2.2721708249e+00 2.3028801507e+00 2.3296981783e+00 7.0270988396e-01 7.1387861907e-01 7.1387861907e-01 7.0902216495e-01 7.1210752401e-01 5.0326654056e-03 5.2745770081e-03 5.2825050661e-03 3.8139729588e-03 4.0418727440e-03 4.0446188650e-03 0 0
694 2.2403812224e+00 2.3085457269e+00 2.3085457269e+00 2.3046085926e+00 2.3252708362e+00 7.0161907424e-01 7.1272455592e-01 7.1272455592e-01 7.0787184773e-01 7.1096983499e-01 4.5389636592e-03 4.8376680934e-03 5.3860876942e-03 3.6554497849e-03 3.8861029898e-03 4.0921657346e-03 0 0
695 2.2378127588e+00 2.2879795468e+00 2.2879795468e+00 2.2786702240e+00 2.3086899094e+00 7.0050919136e-01 7.1156521731e-01 7.1156521731e-01 7.0674800915e-01 7.0985793727e-01 4.3198793506e-03 4.9486867501e-03 5.4430059390e-03 3.5907899013e-03 3.8818081375e-03 4.0716367075e-03 0 0
696 2.2327263759e+00 2.2810342765e+00 2.2810342765e+00 2.2510825970e+00 2.2834698315e+00 6.9941169972e-01 7.1042371629e-01 7.1042371629e-01 7.0566907276e-01 7.0873404851e-01 4.4785722777e-03 5.2231178270e-03 5.3415159928e-03 3.6253607841e-03 3.9149610093e-03 4.0516159497e-03 0 0
697 2.2237090039e+00 2.2513743548e+00 2.2513743548e+00 2.2423385144e+00 2.2861276567e+00 6.9833070766e-01 7.0930996918e-01 7.0930996918e-01 7.0459578727e-01 7.0759398295e-01 4.9181719322e-03 5.1592483651e-03 4.9558057799e-03 3.7567136359e-03 3.8847386604e-03 3.9166603819e-03 0 0
698 2.2391796401e+00 2.2509982756e+00 2.2509982756e+00 2.2287623998e+00 2.2701483460e+00 6.9726695741e-01 7.0818921458e-01 7.0818921458e-01 7.0350174323e-01 7.0643272309e-01 5.1829242571e-03 4.6586101525e-03 4.6371673816e-03 3.8153333833e-03 3.7183088716e-03 3.8146937732e-03 0 0
699 2.2059181912e+00 2.2361586061e+00 2.2361586061e+00 2.2193126704e+00 2.2533225059e+00 6.9618359237e-01 7.0705905438e-01 7.0705905438e-01 7.0239543762e-01 7.0529992656e-01 4.9222072084e-03 4.2855527718e-03 4.5505277230e-03 3.7472725081e-03 3.5713519901e-03 3.7367287441e-03 0 0
700 2.1857355193e+00 2.2273102157e+00 2.2273102157e+00 2.2186474105e+00 2.2333550960e+00 6.9509024698e-01 7.0593992196e-01 7.0593992196e-01 7.0128821520e-01 7.0421110402e-01 4.5430479216e-03 4.3195340550e-03 4.6614611056e-03 3.6121708441e-03 3.5772935371e-03 3.7143430673e-03 0 0
701 2.1741915043e+00 2.2045618877e+00 2.2045618877e+00 2.2248434625e+00 2.2044625585e+00 6.9397850486e-01 7.0484446124e-01 7.0484446124e-01 7.0020316267e-01 7.0315367337e-01 4.3856990442e-03 4.6195968753e-03 4.8992539523e-03 3.5694832409e-03 3.6563090398e-03 3.7473876728e-03 0 0
702 2.1941776979e+00 2.1743829093e+00 2.1743829093e+00 2.2250222685e+00 2.2123503669e+00 6.9285854655e-01 7.0378084402e-01 7.0378084402e-01 6.9912876923e-01 7.0207923603e-01 4.2646037448e-03 5.0580032985e-03 4.7343539773e-03 3.5197914389e-03 3.7979854387e-03 3.6972180824e-03 0 0
703 2.1859058337e+00 2.1831473507e+00 2.1831473507e+00 2.2246017255e+00 2.2354891740e+00 6.9171870980e-01 7.0272159303e-01 7.0272159303e-01 6.9803642090e-01 7.0096743782e-01 4.1489767550e-03 4.9264057307e-03 4.3982689967e-03 3.4931677590e-03 3.7664378760e-03 3.6112302332e-03 0 0
704 2.1883721063e+00 2.2066429674e+00 2.2066429674e+00 2.2059023713e+00 2.2486408884e+00 6.9059807584e-01 7.0163196090e-01 7.0163196090e-01 6.9693141210e-01 6.9984942994e-01 4.0769542236e-03 4.6338579268e-03 4.3592654984e-03 3.4305447459e-03 3.6638039164e-03 3.5990679753e-03 0 0
705 2.1551333764e+00 2.2089619252e+00 2.2089619252e+00 2.1918087486e+00 2.2334977809e+00 6.8950873511e-01 7.0051360142e-01 7.0051360142e-01 6.9582501845e-01 6.9876372908e-01 4.1993854664e-03 4.3755032239e-03 4.7015068121e-03 3.4328288724e-03 3.5573875648e-03 3.6767386482e-03 0 0
706 2.1430600154e+00 2.1928023245e+00 2.1928023245e+00 2.1795374979e+00 2.2109264872e+00 6.8845639516e-01 6.9938722731e-01 6.9938722731e-01 6.9472508155e-01 6.9771389062e-01 4.4909498657e-03 4.4434167212e-03 5.3168738959e-03 3.4876732424e-03 3.5698153079e-03 3.8335669669e-03 0 0
707 2.1569348441e+00 2.1757324871e+00 2.1757324871e+00 2.1993384659e+00 2.2210441536e+00 6.8739967711e-01 6.9829491678e-01 6.9829491678e-01 6.9362017485e-01 6.9664092778e-01 4.5563383167e-03 4.4271642691e-03 5.1306001842e-03 3.5154877975e-03 3.5611845087e-03 3.7950848928e-03 0 0
708 2.1641128072e+00 2.1795736304e+00 2.1795736304e+00 2.1754150973e+00 2.2070042836e+00 6.8631534997e-01 6.9724509105e-01 6.9724509105e-01 6.9251347018e-01 6.9552413885e-01 4.3258195068e-03 4.4496904011e-03 4.4572169427e-03 3.4639537035e-03 3.5610218765e-03 3.6013353965e-03 0 0
709 2.1552007959e+00 2.1807056087e+00 2.1807056087e+00 2.1804018252e+00 2.2106467349e+00 6.8522053029e-01 6.9619795191e-01 6.9619795191e-01 6.9141909557e-01 6.9438061144e-01 4.0281248436e-03 4.4313221588e-03 4.0072196862e-03 3.3531724046e-03 3.5265761544e-03 3.4514628351e-03 0 0
710 2.1300854934e+00 2.1588417731e+00 2.1588417731e+00 2.1581967384e+00 2.1954726775e+00 6.8416926102e-01 6.9510299925e-01 6.9510299925e-01 6.9036900117e-01 6.9324634277e-01 4.0271552503e-03 4.7374230926e-03 4.0345435846e-03 3.2802834262e-03 3.5720373853e-03 3.4417810966e-03 0 0
711 2.0951743284e+00 2.1636358729e+00 2.1636358729e+00 2.1688517242e+00 2.1767713735e+00 6.8318472415e-01 6.9399642913e-01 6.9399642913e-01 6.8932863424e-01 6.9213305424e-01 4.5693060713e-03 4.7730462393e-03 4.2117115227e-03 3.3762932818e-03 3.5702298628e-03 3.4718653187e-03 0 0
712 2.1036175718e+00 2.1326948979e+00 2.1326948979e+00 2.1561367171e+00 2.1634651833e+00 6.8220762289e-01 6.9289534593e-01 6.9289534593e-01 6.8827992495e-01 6.9106842073e-01 4.8887976301e-03 4.7128236620e-03 4.6832024818e-03 3.4740809344e-03 3.5592901986e-03 3.5718016443e-03 0 0
713 2.1261258813e+00 2.1375516562e+00 2.1375516562e+00 2.1353896853e+00 2.1662593185e+00 6.8117048118e-01 6.9182357111e-01 6.9182357111e-01 6.8720927354e-01 6.9000950406e-01 4.2387410565e-03 4.3955738074e-03 4.7981936368e-03 3.3276565063e-03 3.4663027036e-03 3.6045218585e-03 0 0
714 2.1156036531e+00 2.1258614982e+00 2.1258614982e+00 2.1120494207e+00 2.1623888395e+00 6.8010495241e-01 6.9076651746e-01 6.9076651746e-01 6.8612674782e-01 6.8893683485e-01 3.7113054833e-03 4.2502922006e-03 4.4368153322e-03 3.1524470084e-03 3.4205051488e-03 3.4911204129e-03 0 0
715 2.1154300296e+00 2.1264330576e+00 2.1264330576e+00 2.1173069558e+00 2.1487943804e+00 6.7901946264e-01 6.8970741789e-01 6.8970741789e-01 6.8505521941e-01 6.8784350842e-01 3.4631504548e-03 4.0335595841e-03 4.1127395234e-03 3.0697254811e-03 3.3098512795e-03 3.3920045244e-03 0 0
716 2.1084731402e+00 2.1041025460e+00 2.1041025460e+00 2.0922668670e+00 2.1379567383e+00 6.7795056910e-01 6.8862901790e-01 6.8862901790e-01 6.8399544479e-01 6.8677002958e-01 3.5267658591e-03 3.9110152284e-03 4.1870215791e-03 3.0656242076e-03 3.2366387895e-03 3.3841467812e-03 0 0
717 2.0696667640e+00 2.1099058260e+00 2.1099058260e+00 2.0898864100e+00 2.1193805822e+00 6.7688905945e-01 6.8754483760e-01 6.8754483760e-01 6.8294258574e-01 6.8571008820e-01 3.7426468295e-03 3.8188042236e-03 4.3551234412e-03 3.1358367610e-03 3.1827854691e-03 3.4216255299e-03 0 0
718 2.0686535211e+00 2.0834108974e+00 2.0834108974e+00 2.0842605737e+00 2.1016079426e+00 6.7587424767e-01 6.8646846092e-01 6.8646846092e-01 6.8191468469e-01 6.8467340038e-01 4.1227789129e-03 3.9873609785e-03 4.4199128170e-03 3.2118088427e-03 3.2081740210e-03 3.4035283606e-03 0 0
719 2.0855132166e+00 2.0750768578e+00 2.0750768578e+00 2.0854235527e+00 2.0954928119e+00 6.7485083597e-01 6.8543363923e-01 6.8543363923e-01 6.8091617480e-01 6.8362618001e-01 4.3288454665e-03 4.3394907843e-03 4.0653191973e-03 3.3084662244e-03 3.2939207740e-03 3.2763584168e-03 0 0
720 2.0999062438e+00 2.0639252795e+00 2.0639252795e+00 2.0849603372e+00 2.0899164989e+00 6.7380059496e-01 6.8443185805e-01 6.8443185805e-01 6.7991543156e-01 6.8258895970e-01 3.9703529059e-03 4.4627829921e-03 3.9537686389e-03 3.2152568203e-03 3.3395922510e-03 3.2108993619e-03 0 0
721 2.0813920698e+00 2.0601164020e+00 2.0601164020e+00 2.0946167532e+00 2.0791156817e+00 6.7272519958e-01 6.8344839779e-01 6.8344839779e-01 6.7888182007e-01 6.8157596718e-01 3.5785539650e-03 4.1196667007e-03 4.1454989696e-03 3.0826937399e-03 3.2554396894e-03 3.2438900089e-03 0 0
722 2.0824661989e+00 2.0580825895e+00 2.0580825895e+00 2.0846151382e+00 2.0796388117e+00 6.7164400726e-01 6.8244122114e-01 6.8244122114e-01 6.7782360191e-01 6.8058558135e-01 3.3681156613e-03 3.8678299752e-03 4.4977274956e-03 2.9795541357e-03 3.1840422307e-03 3.3359276713e-03 0 0
723 2.0455723341e+00 2.0550049511e+00 2.0550049511e+00 2.0758648607e+00 2.0897561527e+00 6.7057080351e-01 6.8141102477e-01 6.8141102477e-01 6.7676053672e-01 6.7956992079e-01 3.4022103157e-03 3.7573371665e-03 4.3478928856e-03 2.9684809316e-03 3.1365799950e-03 3.3166627400e-03 0 0
724 2.0486845803e+00 2.0491666123e+00 2.0491666123e+00 2.0666761456e+00 2.0944830835e+00 6.6952465313e-01 6.8037217738e-01 6.8037217738e-01 6.7571417339e-01 6.7851795604e-01 3.4041983162e-03 3.9248626563e-03 3.9148896467e-03 2.9313422899e-03 3.1765647000e-03 3.1973393052e-03 0 0
725 2.0440671865e+00 2.0541411279e+00 2.0541411279e+00 2.0724380234e+00 2.0839639393e+00 6.6852772852e-01 6.7933450398e-01 6.7933450398e-01 6.7468536966e-01 6.7744093191e-01 3.8669217277e-03 4.0698018274e-03 3.6481376155e-03 3.0561952836e-03 3.2095272909e-03 3.1161392690e-03 0 0
726 2.0657166570e+00 2.0420143714e+00 2.0420143714e+00 2.0584180855e+00 2.0826295347e+00 6.6753701174e-01 6.7829694164e-01 6.7829694164e-01 6.7366450822e-01 6.7637178584e-01 4.3447381670e-03 4.2067905888e-03 3.6545429030e-03 3.2288660792e-03 3.2525854767e-03 3.0996748246e-03 0 0
727 2.0726297645e+00 2.0580046243e+00 2.0580046243e+00 2.0536160232e+00 2.0702772102e+00 6.6649999388e-01 6.7726352026e-01 6.7726352026e-01 6.7265275822e-01 6.7532428617e-01 4.1899962311e-03 4.0297805099e-03 3.8620091509e-03 3.2333793018e-03 3.1604585238e-03 3.1494059949e-03 0 0
728 2.0682267278e+00 2.0439078687e+00 2.0439078687e+00 2.0282339960e+00 2.0734852286e+00 6.6544946521e-01 6.7622934137e-01 6.7622934137e-01 6.7165090092e-01 6.7430852633e-01 3.8031896062e-03 4.1337017901e-03 4.1958639049e-03 3.0887261542e-03 3.1675743521e-03 3.2330073300e-03 0 0
729 2.0065006868e+00 2.0327098589e+00 2.0327098589e+00 2.0294650525e+00 2.0595610009e+00 6.6442861754e-01 6.7519309174e-01 6.7519309174e-01 6.7066591900e-01 6.7329762208e-01 3.8456503116e-03 4.2680423358e-03 4.2991092196e-03 3.0592148341e-03 3.1766006723e-03 3.2659756835e-03 0 0
730 2.0033260908e+00 2.0096025021e+00 2.0096025021e+00 2.0333218938e+00 2.0452954626e+00 6.6345836568e-01 6.7415753348e-01 6.7415753348e-01 6.6965354115e-01 6.7228423945e-01 4.0318102766e-03 4.0960782208e-03 4.1068727151e-03 3.0558210163e-03 3.1530185370e-03 3.1899351743e-03 0 0
731 1.9985256994e+00 2.0101041666e+00 2.0101041666e+00 2.0775321172e+00 2.0347220750e+00 6.6249214566e-01 6.7313347579e-01 6.7313347579e-01 6.6860944689e-01 6.7125862170e-01 4.1988148695e-03 3.7198675564e-03 3.8190603373e-03 3.1090509568e-03 3.0592374969e-03 3.0786629650e-03 0 0
732 2.0052151175e+00 2.0030588362e+00 2.0030588362e+00 2.0494323145e+00 2.0210217227e+00 6.6148572425e-01 6.7210950069e-01 6.7210950069e-01 6.6753416324e-01 6.7025920327e-01 3.6800078061e-03 3.6191359395e-03 4.0352641954e-03 2.9596636403e-03 3.0648887623e-03 3.1085261726e-03 0 0
733 2.0050319048e+00 2.0140159158e+00 2.0140159158e+00 2.0484484456e+00 2.0371640528e+00 6.6045371936e-01 6.7112947921e-01 6.7112947921e-01 6.6644817603e-01 6.6926236299e-01 3.3020261518e-03 3.4455091227e-03 4.1310570668e-03 2.8268722913e-03 2.9940779204e-03 3.1364104361e-03 0 0
734 2.0023742594e+00 2.0205644514e+00 2.0205644514e+00 2.0061287035e+00 2.0495619210e+00 6.5942077045e-01 6.7014980390e-01 6.7014980390e-01 6.6539711431e-01 6.6823379680e-01 3.1698100080e-03 3.5865274840e-03 4.0179713396e-03 2.7649736529e-03 2.9914753977e-03 3.1490164110e-03 0 0
735 1.9862185934e+00 2.0368277628e+00 2.0368277628e+00 1.9939308056e+00 2.0583633497e+00 6.5842443291e-01 6.6913118483e-01 6.6913118483e-01 6.6438737514e-01 6.6717247529e-01 3.3571347643e-03 3.7521143095e-03 3.7219838705e-03 2.7926395938e-03 2.9949160526e-03 3.0842521810e-03 0 0
736 1.9629276756e+00 2.0249109979e+00 2.0249109979e+00 1.9827553379e+00 2.0320188681e+00 6.5749179965e-01 6.6807071968e-01 6.6807071968e-01 6.6341094699e-01 6.6611555132e-01 3.8973744763e-03 3.9961186121e-03 3.7112758728e-03 2.9064780479e-03 3.0423949356e-03 3.0656679883e-03 0 0
737 1.9574314613e+00 2.0149311380e+00 2.0149311380e+00 1.9880275377e+00 2.0163961015e+00 6.5656097309e-01 6.6701438737e-01 6.6701438737e-01 6.6241982650e-01 6.6507264760e-01 4.2958734443e-03 3.7778885453e-03 3.6630692775e-03 3.0407913032e-03 2.9781351332e-03 3.0097176787e-03 0 0
738 1.9691909205e+00 1.9807312921e+00 1.9807312921e+00 1.9788558268e+00 1.9843645621e+00 6.5558712330e-01 6.6596644281e-01 6.6596644281e-01 6.6141553043e-01 6.6406707611e-01 3.7387221703e-03 3.5697694984e-03 3.8226739271e-03 2.8930780345e-03 2.9024219839e-03 3.0110421940e-03 0 0
739 1.9729574689e+00 1.9615481212e+00 1.9615481212e+00 1.9753806610e+00 1.9869278834e+00 6.5456084813e-01 6.6496235811e-01 6.6496235811e-01 6.6041224119e-01 6.6307604677e-01 3.1700535328e-03 3.4379842691e-03 3.8277240819e-03 2.7311994289e-03 2.8333434602e-03 2.9927549185e-03 0 0
740 1.9640901452e+00 1.9398106364e+00 1.9398106364e+00 1.9600786137e+00 1.9839236617e+00 6.5353740688e-01 6.6398576780e-01 6.6398576780e-01 6.5944995952e-01 6.6210525776e-01 2.9984081627e-03 3.7997449981e-03 3.8884273381e-03 2.6540536155e-03 2.9112835182e-03 2.9865264078e-03 0 0
741 1.9716813622e+00 1.9545949669e+00 1.9545949669e+00 1.9643749641e+00 1.9708549698e+00 6.5251378259e-01 6.6301517869e-01 6.6301517869e-01 6.5850742310e-01 6.6112242006e-01 2.9127304360e-03 4.0886088973e-03 3.7542532082e-03 2.6149821140e-03 2.9882015078e-03 2.9438242782e-03 0 0
742 1.9429376472e+00 1.9464633096e+00 1.9464633096e+00 1.9558653795e+00 1.9571927664e+00 6.5149438493e-01 6.6201308893e-01 6.6201308893e-01 6.5753693174e-01 6.6014722994e-01 2.9750875165e-03 3.8453981397e-03 3.7531140260e-03 2.6285659600e-03 2.9379658517e-03 2.9172335635e-03 0 0
743 1.9244186565e+00 1.9570353312e+00 1.9570353312e+00 1.9659603958e+00 1.9546677142e+00 6.5048061369e-01 6.6100093309e-01 6.6100093309e-01 6.5653727595e-01 6.5915278826e-01 2.9463987932e-03 3.3984478214e-03 3.6424851860e-03 2.5962518074e-03 2.7952573728e-03 2.8926353552e-03 0 0
744 1.9101344967e+00 1.9312228377e+00 1.9312228377e+00 1.9442553923e+00 1.9512115146e+00 6.4948589088e-01 6.6000755878e-01 6.6000755878e-01 6.5554007314e-01 6.5816925262e-01 2.9714603215e-03 3.2974812784e-03 3.5973259946e-03 2.5776201359e-03 2.7418241953e-03 2.8576356126e-03 0 0
745 1.9113803369e+00 1.9274699330e+00 1.9274699330e+00 1.9462782672e+00 1.9561387271e+00 6.4850761244e-01 6.5905812087e-01 6.5905812087e-01 6.5457457424e-01 6.5720108258e-01 3.0932762605e-03 3.4625214175e-03 3.6338753416e-03 2.6123152265e-03 2.7615069994e-03 2.8489165707e-03 0 0
746 1.9243244838e+00 1.9257108664e+00 1.9257108664e+00 1.9237055125e+00 1.9349443516e+00 6.4755417754e-01 6.5812095386e-01 6.5812095386e-01 6.5364963153e-01 6.5624993305e-01 3.4419277071e-03 4.0042508044e-03 3.8009044365e-03 2.7246414442e-03 2.9078071238e-03 2.8820022708e-03 0 0
747 1.9407470451e+00 1.9200773438e+00 1.9200773438e+00 1.9271576279e+00 1.9422639951e+00 6.4661674635e-01 6.5715499417e-01 6.5715499417e-01 6.5270106785e-01 6.5529019311e-01 3.8074857371e-03 3.7869104417e-03 3.7399901776e-03 2.8372010693e-03 2.8621782549e-03 2.8628642904e-03 0 0
748 1.9243304508e+00 1.9191878226e+00 1.9191878226e+00 1.9292167174e+00 1.9298199828e+00 6.4566401768e-01 6.5616325352e-01 6.5616325352e-01 6.5170880976e-01 6.5431541361e-01 3.8464507937e-03 3.3405398135e-03 3.5853016889e-03 2.8656052429e-03 2.7421986451e-03 2.8199268272e-03 0 0
749 1.8949520983e+00 1.9130664336e+00 1.9130664336e+00 1.9177454490e+00 1.9423204530e+00 6.4469351852e-01 6.5519271174e-01 6.5519271174e-01 6.5071176474e-01 6.5332213888e-01 3.5459922925e-03 3.0927719199e-03 3.3417491359e-03 2.7722250956e-03 2.6336770970e-03 2.7480629506e-03 0 0
750 1.9115756445e+00 1.8943400808e+00 1.8943400808e+00 1.9262980412e+00 1.9282408593e+00 6.4370474556e-01 6.5425590974e-01 6.5425590974e-01 6.4970630072e-01 6.5235745954e-01 3.2681389218e-03 2.9312939732e-03 3.3737525810e-03 2.6911017675e-03 2.5680160034e-03 2.7205422521e-03 0 0
751 1.9282107165e+00 1.8998818888e+00 1.8998818888e+00 1.9351361452e+00 1.9152869998e+00 6.4271374520e-01 6.5332228121e-01 6.5332228121e-01 6.4872676534e-01 6.5142483285e-01 3.2473350630e-03 3.1279082177e-03 3.6636235891e-03 2.6916891682e-03 2.6207848568e-03 2.7813576162e-03 0 0
752 1.9394490340e+00 1.8835997776e+00 1.8835997776e+00 1.9189705379e+00 1.8956499474e+00 6.4172431311e-01 6.5235596680e-01 6.5235596680e-01 6.4777017953e-01 6.5049986476e-01 3.2908109186e-03 3.5216875840e-03 3.9313714369e-03 2.7046113351e-03 2.7537377318e-03 2.8596307384e-03 0 0
753 1.9200623220e+00 1.8819818208e+00 1.8819818208e+00 1.9247124165e+00 1.9173067897e+00 6.4076282646e-01 6.5138367048e-01 6.5138367048e-01 6.4682431171e-01 6.4953948514e-01 3.5617039177e-03 3.8096500793e-03 3.4442890319e-03 2.7631082437e-03 2.8474553255e-03 2.7187746018e-03 0 0
754 1.9159022511e+00 1.8888440532e+00 1.8888440532e+00 1.9325268856e+00 1.9278964136e+00 6.3983651269e-01 6.5039909622e-01 6.5039909622e-01 6.4584776955e-01 6.4854148386e-01 3.9082028348e-03 3.5793140414e-03 3.1599783106e-03 2.8322136910e-03 2.7965834015e-03 2.6538964594e-03 0 0
755 1.9004724489e+00 1.8956623280e+00 1.8956623280e+00 1.9283051385e+00 1.9333852328e+00 6.3889494122e-01 6.4944763237e-01 6.4944763237e-01 6.4484207344e-01 6.4753716497e-01 3.8968673823e-03 3.2104629790e-03 3.1041257898e-03 2.8484378059e-03 2.6803196524e-03 2.6440821239e-03 0 0
756 1.9122715396e+00 1.9049155771e+00 1.9049155771e+00 1.9390210096e+00 1.9195531567e+00 6.3790799386e-01 6.4851774429e-01 6.4851774429e-01 6.4382751125e-01 6.4655172525e-01 3.2992391908e-03 3.0303756939e-03 3.2852976001e-03 2.6826857992e-03 2.6171810459e-03 2.6969316532e-03 0 0
757 1.9054098085e+00 1.9064195276e+00 1.9064195276e+00 1.9204654603e+00 1.9187535896e+00 6.3691352964e-01 6.4756478087e-01 6.4756478087e-01 6.4282198515e-01 6.4560673712e-01 3.0928860923e-03 3.1483802595e-03 3.6434499198e-03 2.6041523309e-03 2.6625731261e-03 2.7755381889e-03 0 0
758 1.8853930187e+00 1.8987174122e+00 1.8987174122e+00 1.9083395121e+00 1.9236672968e+00 6.3592359236e-01 6.4658982403e-01 6.4658982403e-01 6.4184279103e-01 6.4465568225e-01 3.0232747038e-03 3.3683551010e-03 3.7316532689e-03 2.5631290991e-03 2.7172753471e-03 2.8096211608e-03 0 0
759 1.8540331609e+00 1.8768964078e+00 1.8768964078e+00 1.9023587228e+00 1.9300694570e+00 6.3496903961e-01 6.4560912929e-01 6.4560912929e-01 6.4086820348e-01 6.4368558948e-01 3.1248078776e-03 3.5072382307e-03 3.5419256892e-03 2.5545558762e-03 2.7557545691e-03 2.7617056039e-03 0 0
760 1.8293611762e+00 1.8967681578e+00 1.8967681578e+00 1.9083845429e+00 1.9257691172e+00 6.3403383202e-01 6.4464258952e-01 6.4464258952e-01 6.3988097963e-01 6.4269442086e-01 3.2633395076e-03 3.3735763282e-03 3.3607057412e-03 2.5811788176e-03 2.7083572350e-03 2.7242536889e-03 0 0
761 1.8436181284e+00 1.8858149478e+00 1.8858149478e+00 1.9151573398e+00 1.9114343155e+00 6.3309289316e-01 6.4367641863e-01 6.4367641863e-01 6.3888169442e-01 6.4172955016e-01 3.1603643248e-03 3.1407194911e-03 3.5196303506e-03 2.5450917287e-03 2.6249245275e-03 2.7549253427e-03 0 0
762 1.8566280708e+00 1.8875631966e+00 1.8875631966e+00 1.9000257395e+00 1.9123354808e+00 6.3214453150e-01 6.4269999957e-01 6.4269999957e-01 6.3789184093e-01 6.4078525877e-01 3.0301914929e-03 3.1257740338e-03 3.7661524257e-03 2.4986916988e-03 2.6075321948e-03 2.8134110617e-03 0 0
763 1.8544846338e+00 1.8906044447e+00 1.8906044447e+00 1.8820678418e+00 1.9027740611e+00 6.3119158166e-01 6.4171936711e-01 6.4171936711e-01 6.3693544759e-01 6.3981726360e-01 2.8919403453e-03 3.2746351208e-03 3.6087080371e-03 2.4446525575e-03 2.6220502914e-03 2.7754115872e-03 0 0
764 1.8310424453e+00 1.8597253421e+00 1.8597253421e+00 1.8664360729e+00 1.9002443083e+00 6.3026234807e-01 6.4074931892e-01 6.4074931892e-01 6.3602810314e-01 6.3883581709e-01 2.9626799421e-03 3.7158769555e-03 3.3309630235e-03 2.4408448073e-03 2.7147910441e-03 2.6750854449e-03 0 0
765 1.8151113371e+00 1.8631371016e+00 1.8631371016e+00 1.8713603377e+00 1.8943298469e+00 6.2937459690e-01 6.3980260779e-01 6.3980260779e-01 6.3510897284e-01 6.3784522734e-01 3.1860051585e-03 3.6631157272e-03 3.1849860679e-03 2.4689084569e-03 2.7068063500e-03 2.6271907263e-03 0 0
766 1.8190838997e+00 1.8577825956e+00 1.8577825956e+00 1.8522945438e+00 1.8747075846e+00 6.2849689297e-01 6.3886183470e-01 6.3886183470e-01 6.3416210548e-01 6.3686746056e-01 3.5087043703e-03 3.2292358810e-03 3.1710036565e-03 2.5698644400e-03 2.5763010490e-03 2.6066726423e-03 0 0
767 1.8351568561e+00 1.8514475726e+00 1.8514475726e+00 1.8397626312e+00 1.8607086600e+00 6.2758833316e-01 6.3790248789e-01 6.3790248789e-01 6.3321324966e-01 6.3591234900e-01 3.2269836688e-03 3.0144277844e-03 3.2395592425e-03 2.5022614127e-03 2.4901188444e-03 2.6010616566e-03 0 0
768 1.8315839600e+00 1.8380093835e+00 1.8380093835e+00 1.8171631702e+00 1.8480915702e+00 6.2665838887e-01 6.3693976401e-01 6.3693976401e-01 6.3227795941e-01 6.3497548777e-01 2.8755952775e-03 3.0787156429e-03 3.3222018974e-03 2.3864890547e-03 2.4961426971e-03 2.6015206822e-03 0 0
769 1.8121511320e+00 1.8264289879e+00 1.8264289879e+00 1.8186039868e+00 1.8478175006e+00 6.2572153264e-01 6.3600042486e-01 6.3600042486e-01 6.3134563520e-01 6.3404654196e-01 2.7947726706e-03 3.0582766049e-03 3.2916896162e-03 2.3583560627e-03 2.4803002598e-03 2.5727762841e-03 0 0
770 1.7899779297e+00 1.8070037642e+00 1.8070037642e+00 1.8206878283e+00 1.8343224178e+00 6.2480031215e-01 6.3508669943e-01 6.3508669943e-01 6.3041575963e-01 6.3312302780e-01 2.8428275222e-03 3.0268304981e-03 3.2990124309e-03 2.3543840997e-03 2.4608859676e-03 2.5664936984e-03 0 0
771 1.7770130491e+00 1.7991157161e+00 1.7991157161e+00 1.8269359072e+00 1.8272622021e+00 6.2390965477e-01 6.3418731011e-01 6.3418731011e-01 6.2947112222e-01 6.3220307089e-01 3.0743767323e-03 2.8363408055e-03 3.2382773352e-03 2.4052333202e-03 2.3966129520e-03 2.5369561044e-03 0 0
772 1.7878477598e+00 1.8051158842e+00 1.8051158842e+00 1.8288296947e+00 1.8288059637e+00 6.2301242210e-01 6.3326470157e-01 6.3326470157e-01 6.2851548669e-01 6.3129435998e-01 3.0992490738e-03 2.6975839864e-03 3.2843257068e-03 2.4258149935e-03 2.3447491112e-03 2.5365097099e-03 0 0
773 1.8115686735e+00 1.8076940816e+00 1.8076940816e+00 1.8182073503e+00 1.8384516647e+00 6.2209820845e-01 6.3233291045e-01 6.3233291045e-01 6.2756583548e-01 6.3039751700e-01 2.8494320187e-03 2.7093079407e-03 3.3081164001e-03 2.3509066961e-03 2.3367958493e-03 2.5245472207e-03 0 0
774 1.7986027049e+00 1.7930502613e+00 1.7930502613e+00 1.8117878394e+00 1.7980121373e+00 6.2117199640e-01 6.3140706521e-01 6.3140706521e-01 6.2664345420e-01 6.2950782021e-01 2.7467485114e-03 2.7892501676e-03 3.3642776543e-03 2.3227307613e-03 2.3332200944e-03 2.5312441867e-03 0 0
775 1.7787065042e+00 1.7801099107e+00 1.7801099107e+00 1.7850088355e+00 1.8034589929e+00 6.2025803174e-01 6.3051492877e-01 6.3051492877e-01 6.2575526693e-01 6.2860544756e-01 2.6931749161e-03 3.2011690782e-03 3.2025454566e-03 2.2785341214e-03 2.4512048112e-03 2.4824562715e-03 0 0
776 1.7718264394e+00 1.7812234308e+00 1.7812234308e+00 1.7981142332e+00 1.8066259476e+00 6.1938787042e-01 6.2963600833e-01 6.2963600833e-01 6.2486647267e-01 6.2768696925e-01 2.8922992521e-03 3.2644565799e-03 3.0619207537e-03 2.2976437628e-03 2.4740372319e-03 2.4434806546e-03 0 0
777 1.7581005893e+00 1.7815547482e+00 1.7815547482e+00 1.8111221445e+00 1.8141449419e+00 6.1854744522e-01 6.2874430812e-01 6.2874430812e-01 6.2395312568e-01 6.2676499418e-01 3.2859522002e-03 3.0048392946e-03 2.9369466938e-03 2.4053796073e-03 2.4042942096e-03 2.3924896377e-03 0 0
778 1.7577089608e+00 1.7813530608e+00 1.7813530608e+00 1.8118098935e+00 1.8042154149e+00 6.1769151634e-01 6.2782944606e-01 6.2782944606e-01 6.2301764887e-01 6.2585008984e-01 3.1552769309e-03 2.7321575908e-03 2.9323459021e-03 2.3799506204e-03 2.3208774510e-03 2.3783248034e-03 0 0
779 1.7752375413e+00 1.7681387502e+00 1.7681387502e+00 1.8028484527e+00 1.7908739431e+00 6.1679428148e-01 6.2690553521e-01 6.2690553521e-01 6.2208577005e-01 6.2495834235e-01 2.7148323741e-03 2.6434303727e-03 3.1369994394e-03 2.2588546726e-03 2.2806831985e-03 2.4276223266e-03 0 0
780 1.7736688080e+00 1.7571609985e+00 1.7571609985e+00 1.7803510648e+00 1.7922301007e+00 6.1587819564e-01 6.2599801130e-01 6.2599801130e-01 6.2119056687e-01 6.2408895280e-01 2.4776860666e-03 2.8361532604e-03 3.3587633516e-03 2.1734546693e-03 2.3145781015e-03 2.4792558979e-03 0 0
781 1.7563129336e+00 1.7662057512e+00 1.7662057512e+00 1.7669472680e+00 1.7882152617e+00 6.1495364565e-01 6.2511152472e-01 6.2511152472e-01 6.2035582954e-01 6.2317970914e-01 2.3989014199e-03 3.3216502634e-03 3.0544273905e-03 2.1394224975e-03 2.4130727397e-03 2.4167092051e-03 0 0
782 1.7748728579e+00 1.7520887988e+00 1.7520887988e+00 1.7774796109e+00 1.8037900303e+00 6.1401736662e-01 6.2422680813e-01 6.2422680813e-01 6.1951994799e-01 6.2225427795e-01 2.3228923980e-03 3.4933089046e-03 2.7747630375e-03 2.1138809748e-03 2.4696383043e-03 2.3241830058e-03 0 0
783 1.7613814081e+00 1.7594144854e+00 1.7594144854e+00 1.7660957359e+00 1.7838263159e+00 6.1308568144e-01 6.2334048028e-01 6.2334048028e-01 6.1863360167e-01 6.2132148236e-01 2.3966408444e-03 3.0057645636e-03 2.6603043661e-03 2.1426639990e-03 2.3556544329e-03 2.2860576864e-03 0 0
784 1.7341684493e+00 1.7362583005e+00 1.7362583005e+00 1.7566888142e+00 1.7657895644e+00 6.1219784486e-01 6.2247049208e-01 6.2247049208e-01 6.1773120399e-01 6.2040338438e-01 2.4844358430e-03 2.6496814098e-03 2.6437076740e-03 2.1285448069e-03 2.2322511068e-03 2.2590411827e-03 0 0
785 1.7135266593e+00 1.7293672177e+00 1.7293672177e+00 1.7426143645e+00 1.7507568707e+00 6.1133410456e-01 6.2160464926e-01 6.2160464926e-01 6.1682663773e-01 6.1951299787e-01 2.6240953232e-03 2.5295077940e-03 2.7500409051e-03 2.1507612937e-03 2.1825548611e-03 2.2627045400e-03 0 0
786 1.7268317728e+00 1.7366450120e+00 1.7366450120e+00 1.7294316812e+00 1.7452550790e+00 6.1050272010e-01 6.2073485749e-01 6.2073485749e-01 6.1593321282e-01 6.1863992221e-01 2.9959904899e-03 2.6135045337e-03 2.8787050978e-03 2.2456479436e-03 2.1981503232e-03 2.2859136807e-03 0 0
787 1.7351059345e+00 1.7291677161e+00 1.7291677161e+00 1.7189879296e+00 1.7479732349e+00 6.0964451505e-01 6.1985276966e-01 6.1985276966e-01 6.1504379500e-01 6.1777228833e-01 3.1317382594e-03 2.6821058709e-03 2.9961432447e-03 2.3283435095e-03 2.2128060227e-03 2.3228568607e-03 0 0
788 1.7412203622e+00 1.7198394097e+00 1.7198394097e+00 1.7399334203e+00 1.7517378727e+00 6.0874652070e-01 6.1898854189e-01 6.1898854189e-01 6.1414695253e-01 6.1689984986e-01 2.7034818566e-03 2.6874808827e-03 2.8609714354e-03 2.2137612692e-03 2.2186237620e-03 2.2765236208e-03 0 0
789 1.7251362338e+00 1.7173419387e+00 1.7173419387e+00 1.7304410825e+00 1.7555787198e+00 6.0784309507e-01 6.1814664000e-01 6.1814664000e-01 6.1325639399e-01 6.1603565401e-01 2.4964672144e-03 2.7449214831e-03 2.8400009032e-03 2.1342542422e-03 2.2345274338e-03 2.2550796857e-03 0 0
790 1.7291696811e+00 1.7212408570e+00 1.7212408570e+00 1.7173661730e+00 1.7305190120e+00 6.0693380038e-01 6.1730965945e-01 6.1730965945e-01 6.1237925609e-01 6.1519079447e-01 2.4185606681e-03 2.6671936503e-03 3.0733451131e-03 2.1011923524e-03 2.1859930130e-03 2.3121022969e-03 0 0
791 1.7101294621e+00 1.7062295039e+00 1.7062295039e+00 1.7256282117e+00 1.7428910926e+00 6.0603045231e-01 6.1645316518e-01 6.1645316518e-01 6.1152314026e-01 6.1433327722e-01 2.5646021922e-03 2.6631914079e-03 3.0635148287e-03 2.1484320792e-03 2.1524755284e-03 2.3166111787e-03 0 0
792 1.7003765436e+00 1.7092996361e+00 1.7092996361e+00 1.7182489619e+00 1.7484887657e+00 6.0514572924e-01 6.1556236359e-01 6.1556236359e-01 6.1066592346e-01 6.1344740678e-01 2.7085168633e-03 2.9308678932e-03 2.8764347080e-03 2.1829629472e-03 2.2511007264e-03 2.2770297364e-03 0 0
793 1.7157002521e+00 1.7007404398e+00 1.7007404398e+00 1.7287389191e+00 1.7280181083e+00 6.0427099088e-01 6.1466615734e-01 6.1466615734e-01 6.0980877021e-01 6.1255881898e-01 2.7280470398e-03 3.0247885152e-03 2.7126761852e-03 2.1827311961e-03 2.2806650959e-03 2.2150191362e-03 0 0
794 1.7124367825e+00 1.6734512599e+00 1.6734512599e+00 1.7203939379e+00 1.7129149223e+00 6.0340079644e-01 6.1378442069e-01 6.1378442069e-01 6.0893606535e-01 6.1169716518e-01 2.7348997452e-03 2.9485650011e-03 2.6624343591e-03 2.1827172280e-03 2.2714511142e-03 2.1603161586e-03 0 0
795 1.7007173724e+00 1.6863245932e+00 1.6863245932e+00 1.7139612590e+00 1.7229413426e+00 6.0252163006e-01 6.1290774872e-01 6.1290774872e-01 6.0805392967e-01 6.1085432204e-01 2.5990709674e-03 2.7227159590e-03 2.8326503234e-03 2.1337367953e-03 2.1958366851e-03 2.1979594021e-03 0 0
796 1.6933747142e+00 1.7098491813e+00 1.7098491813e+00 1.7187899542e+00 1.7277477520e+00 6.0164796059e-01 6.1202602898e-01 6.1202602898e-01 6.0716998895e-01 6.0999520121e-01 2.5874288075e-03 2.6394340093e-03 3.0345767736e-03 2.1139884344e-03 2.1609450341e-03 2.2887434461e-03 0 0
797 1.6851744973e+00 1.7014520110e+00 1.7014520110e+00 1.7234590826e+00 1.7315148492e+00 6.0079880069e-01 6.1116604479e-01 6.1116604479e-01 6.0630236824e-01 6.0910755309e-01 2.7485037321e-03 2.8629525332e-03 2.8417747817e-03 2.1460287382e-03 2.2226030123e-03 2.2456690203e-03 0 0
798 1.6871987565e+00 1.6932411725e+00 1.6932411725e+00 1.7176088012e+00 1.7361682136e+00 5.9998321230e-01 6.1032405328e-01 6.1032405328e-01 6.0544897853e-01 6.0821578446e-01 2.9430077983e-03 3.0688974657e-03 2.6327286614e-03 2.1810622493e-03 2.2771244403e-03 2.1660670754e-03 0 0
799 1.6855188990e+00 1.6892969666e+00 1.6892969666e+00 1.7081941750e+00 1.7070082744e+00 5.9916164484e-01 6.0946296789e-01 6.0946296789e-01 6.0459402307e-01 6.0734918550e-01 2.9319756702e-03 3.0116363196e-03 2.7596772416e-03 2.1888263405e-03 2.2589839064e-03 2.1871416830e-03 0 0
800 1.6679469651e+00 1.6939625089e+00 1.6939625089e+00 1.6921804211e+00 1.7166025705e+00 5.9831222988e-01 6.0858295209e-01 6.0858295209e-01 6.0371279809e-01 6.0649440422e-01 2.6698812569e-03 2.7220612392e-03 2.9005187098e-03 2.1206312559e-03 2.1846969612e-03 2.2237403900e-03 0 0
801 1.6553222052e+00 1.6926074971e+00 1.6926074971e+00 1.6863517387e+00 1.7236794355e+00 5.9745389622e-01 6.0766750893e-01 6.0766750893e-01 6.0282870456e-01 6.0562741689e-01 2.5387568092e-03 2.5537585025e-03 3.0379066011e-03 2.0724982309e-03 2.1192093263e-03 2.2856027354e-03 0 0
802 1.6603606296e+00 1.7004669165e+00 1.7004669165e+00 1.6952878361e+00 1.7251646848e+00 5.9659096486e-01 6.0676549585e-01 6.0676549585e-01 6.0193462888e-01 6.0473051998e-01 2.3924330753e-03 2.4340943201e-03 2.7009192854e-03 2.0161957835e-03 2.0735978615e-03 2.1872462821e-03 0 0
803 1.6631202670e+00 1.6759682575e+00 1.6759682575e+00 1.6997609994e+00 1.7242070352e+00 5.9573685480e-01 6.0588469286e-01 6.0588469286e-01 6.0106166589e-01 6.0383714826e-01 2.3431548133e-03 2.5179215590e-03 2.5356699480e-03 1.9903557483e-03 2.0777002792e-03 2.1165324142e-03 0 0
804 1.6610346638e+00 1.6773212177e+00 1.6773212177e+00 1.6815531904e+00 1.7004639021e+00 5.9490275631e-01 6.0503392068e-01 6.0503392068e-01 6.0023411000e-01 6.0296365641e-01 2.3678605467e-03 2.8043725761e-03 2.6004126412e-03 1.9799603000e-03 2.1365316934e-03 2.1232923027e-03 0 0
805 1.6410833668e+00 1.6617771987e+00 1.6617771987e+00 1.6833601168e+00 1.6845627406e+00 5.9409543428e-01 6.0420072747e-01 6.0420072747e-01 5.9942782356e-01 6.0212920912e-01 2.4924758697e-03 3.0250455020e-03 2.8443062911e-03 1.9929185284e-03 2.1958627040e-03 2.1692111623e-03 0 0
806 1.6353641617e+00 1.6664517582e+00 1.6664517582e+00 1.6805033765e+00 1.6950025803e+00 5.9330913644e-01 6.0335326571e-01 6.0335326571e-01 5.9859245225e-01 6.0130237007e-01 2.7438558368e-03 2.8595401673e-03 3.0208200333e-03 2.0546598537e-03 2.1748814033e-03 2.2185326670e-03 0 0
807 1.6341937494e+00 1.6615707296e+00 1.6615707296e+00 1.6812706606e+00 1.6826881885e+00 5.9251497458e-01 6.0249109031e-01 6.0249109031e-01 5.9772074987e-01 6.0043825927e-01 2.8504308319e-03 2.4663280929e-03 2.7791414177e-03 2.0995867114e-03 2.0580479177e-03 2.1697223419e-03 0 0
808 1.6426164353e+00 1.6391231384e+00 1.6391231384e+00 1.6876921500e+00 1.6854046334e+00 5.9168140940e-01 6.0163974050e-01 6.0163974050e-01 5.9684696192e-01 5.9956751514e-01 2.4745013288e-03 2.2842402686e-03 2.4760707165e-03 2.0041019589e-03 1.9778386923e-03 2.0570821944e-03 0 0
809 1.6439736124e+00 1.6392549153e+00 1.6392549153e+00 1.6706154125e+00 1.6744753544e+00 5.9083445900e-01 6.0079288529e-01 6.0079288529e-01 5.9597823943e-01 5.9870472382e-01 2.2056440175e-03 2.2489133989e-03 2.4579317542e-03 1.9072278047e-03 1.9589173025e-03 2.0457232022e-03 0 0
810 1.6478740719e+00 1.6532177068e+00 1.6532177068e+00 1.6540860173e+00 1.6603554460e+00 5.8998161462e-01 5.9995685705e-01 5.9995685705e-01 5.9513049762e-01 5.9785549508e-01 2.1406174378e-03 2.2601460223e-03 2.5112082949e-03 1.8804597011e-03 1.9445698126e-03 2.0524702268e-03 0 0
811 1.6276380224e+00 1.6487600002e+00 1.6487600002e+00 1.6409050612e+00 1.6581874348e+00 5.8913624612e-01 5.9911636665e-01 5.9911636665e-01 5.9432655659e-01 5.9703024412e-01 2.2261553757e-03 2.4648908293e-03 2.6711786631e-03 1.9017561178e-03 1.9751787768e-03 2.0814404124e-03 0 0
812 1.6179314361e+00 1.6417208690e+00 1.6417208690e+00 1.6306260359e+00 1.6646811316e+00 5.8830236160e-01 5.9829054127e-01 5.9829054127e-01 5.9353865359e-01 5.9620777788e-01 2.2795452744e-03 2.7740159421e-03 2.6832668227e-03 1.9062313890e-03 2.0653572283e-03 2.0776195452e-03 0 0
813 1.6131684724e+00 1.6280356443e+00 1.6280356443e+00 1.6439939650e+00 1.6504316065e+00 5.8748356613e-01 5.9748720126e-01 5.9748720126e-01 5.9272437559e-01 5.9538616435e-01 2.4877055436e-03 2.7025736053e-03 2.6164120645e-03 1.9720196166e-03 2.0640488947e-03 2.0522054983e-03 0 0
814 1.6300409002e+00 1.6200212355e+00 1.6200212355e+00 1.6491071914e+00 1.6291274828e+00 5.8665139536e-01 5.9669687052e-01 5.9669687052e-01 5.9187845014e-01 5.9457044883e-01 2.5014039096e-03 2.3714377312e-03 2.5578971254e-03 1.9934054965e-03 1.9684574800e-03 2.0258780569e-03 0 0
815 1.6425985521e+00 1.6157081214e+00 1.6157081214e+00 1.6540946431e+00 1.6335753069e+00 5.8580747156e-01 5.9589927384e-01 5.9589927384e-01 5.9102752323e-01 5.9375818357e-01 2.3981157648e-03 2.1762725082e-03 2.4913012167e-03 1.9636438794e-03 1.8927612691e-03 1.9932546420e-03 0 0
816 1.6360318536e+00 1.6177496923e+00 1.6177496923e+00 1.6429735404e+00 1.6254409274e+00 5.8495703012e-01 5.9508019800e-01 5.9508019800e-01 5.9018355535e-01 5.9292996420e-01 2.3014249864e-03 2.2029547836e-03 2.4473095546e-03 1.9276510865e-03 1.8940941081e-03 1.9857159932e-03 0 0
817 1.6219970748e+00 1.5990938094e+00 1.5990938094e+00 1.6272734410e+00 1.6349055642e+00 5.8413579525e-01 5.9425097259e-01 5.9425097259e-01 5.8936275897e-01 5.9209011590e-01 2.3784446109e-03 2.3672362440e-03 2.3721447797e-03 1.9230549991e-03 1.9286027236e-03 1.9596890779e-03 0 0
818 1.5990952995e+00 1.5892679357e+00 1.5892679357e+00 1.6278932472e+00 1.6275476878e+00 5.8334040185e-01 5.9342400988e-01 5.9342400988e-01 5.8858489478e-01 5.9125913405e-01 2.5668397454e-03 2.7986291680e-03 2.3631475633e-03 1.9651718666e-03 2.0345210214e-03 1.9435589784e-03 0 0
819 1.6045479843e+00 1.5996260683e+00 1.5996260683e+00 1.6477609756e+00 1.6118982636e+00 5.8254550381e-01 5.9261053473e-01 5.9261053473e-01 5.8778136556e-01 5.9042948552e-01 2.6176687200e-03 2.8376260889e-03 2.3422831437e-03 1.9836148635e-03 2.0797258476e-03 1.9354464894e-03 0 0
820 1.6261956940e+00 1.6019346224e+00 1.6019346224e+00 1.6499765633e+00 1.6242429960e+00 5.8172229173e-01 5.9179951122e-01 5.9179951122e-01 5.8693402914e-01 5.8960970088e-01 2.3877896301e-03 2.4892957881e-03 2.3758092429e-03 1.9260316781e-03 2.0011906745e-03 1.9355200930e-03 0 0
821 1.6264869303e+00 1.6095798695e+00 1.6095798695e+00 1.6313273507e+00 1.6326313146e+00 5.8087819119e-01 5.9099145643e-01 5.9099145643e-01 5.8608022470e-01 5.8880711250e-01 2.1869682156e-03 2.2996968473e-03 2.5838614674e-03 1.8631780867e-03 1.9306409522e-03 1.9897131133e-03 0 0
822 1.6150655844e+00 1.6056146486e+00 1.6056146486e+00 1.6115123898e+00 1.6267507869e+00 5.8002562579e-01 5.9019961939e-01 5.9019961939e-01 5.8523188473e-01 5.8800600006e-01 2.0843689972e-03 2.2994689643e-03 2.6818593033e-03 1.8252346020e-03 1.9213136402e-03 2.0175576210e-03 0 0
823 1.6004982229e+00 1.5929028373e+00 1.5929028373e+00 1.6034527997e+00 1.6230553949e+00 5.7918570000e-01 5.8938816298e-01 5.8938816298e-01 5.8440455753e-01 5.8719559440e-01 2.0791678905e-03 2.3598487023e-03 2.7052127407e-03 1.8081157694e-03 1.9183799741e-03 2.0356264431e-03 0 0
824 1.5871988052e+00 1.6146357210e+00 1.6146357210e+00 1.6049963634e+00 1.6210601206e+00 5.7836414891e-01 5.8855395256e-01 5.8855395256e-01 5.8359532856e-01 5.8635835439e-01 2.1531833581e-03 2.4771174649e-03 2.5488616084e-03 1.8188302674e-03 1.9420109165e-03 2.0101810223e-03 0 0
825 1.5813963543e+00 1.6035173349e+00 1.6035173349e+00 1.6183208788e+00 1.6228974936e+00 5.7755879291e-01 5.8770641871e-01 5.8770641871e-01 5.8279257799e-01 5.8552048158e-01 2.2737177447e-03 2.5120328064e-03 2.4097979185e-03 1.8479521281e-03 1.9473466673e-03 1.9558302010e-03 0 0
826 1.5752125101e+00 1.5977175078e+00 1.5977175078e+00 1.5978106678e+00 1.6201993796e+00 5.7675280294e-01 5.8686636772e-01 5.8686636772e-01 5.8199078503e-01 5.8468230754e-01 2.3690705101e-03 2.5271463091e-03 2.3422092199e-03 1.8831275722e-03 1.9510783895e-03 1.9253637292e-03 0 0
827 1.5868877079e+00 1.5785336862e+00 1.5785336862e+00 1.5996992764e+00 1.6126938783e+00 5.7593694836e-01 5.8604567502e-01 5.8604567502e-01 5.8119357093e-01 5.8387274702e-01 2.2906645016e-03 2.5334431557e-03 2.4510968360e-03 1.8592762611e-03 1.9450651307e-03 1.9314254459e-03 0 0
828 1.5904397532e+00 1.5769006493e+00 1.5769006493e+00 1.5920055978e+00 1.6044004603e+00 5.7512540666e-01 5.8525196579e-01 5.8525196579e-01 5.8038601713e-01 5.8308743653e-01 2.1968868091e-03 2.5112506701e-03 2.6484076516e-03 1.8139835787e-03 1.9458645256e-03 1.9753227825e-03 0 0
829 1.5816338957e+00 1.5876490185e+00 1.5876490185e+00 1.6007317272e+00 1.6025956566e+00 5.7433371767e-01 5.8445904033e-01 5.8445904033e-01 5.7956842002e-01 5.8229218771e-01 2.2566482550e-03 2.3403374944e-03 2.6580175036e-03 1.8152816020e-03 1.8877183320e-03 1.9911999116e-03 0 0
830 1.5674125374e+00 1.5832026913e+00 1.5832026913e+00 1.5951447648e+00 1.6070834298e+00 5.7358678245e-01 5.8365390393e-01 5.8365390393e-01 5.7874371006e-01 5.8146598321e-01 2.6202200687e-03 2.2299572011e-03 2.3722333135e-03 1.8990913670e-03 1.8493583775e-03 1.9165591511e-03 0 0
831 1.5723328278e+00 1.5727288174e+00 1.5727288174e+00 1.6015560336e+00 1.6050787357e+00 5.7282680205e-01 5.8284593913e-01 5.8284593913e-01 5.7793006566e-01 5.8062793450e-01 2.7051618593e-03 2.2174824844e-03 2.2027962259e-03 1.9439629958e-03 1.8301616656e-03 1.8572310801e-03 0 0
832 1.5870212659e+00 1.5608257479e+00 1.5608257479e+00 1.5797147156e+00 1.6031551351e+00 5.7202274978e-01 5.8205124125e-01 5.8205124125e-01 5.7713937594e-01 5.7980550231e-01 2.2960537078e-03 2.4456821266e-03 2.2275050287e-03 1.8381899637e-03 1.8918990099e-03 1.8467342597e-03 0 0
833 1.5683613425e+00 1.5613728845e+00 1.5613728845e+00 1.5693008286e+00 1.5849078270e+00 5.7118508228e-01 5.8126050108e-01 5.8126050108e-01 5.7634634432e-01 5.7902507325e-01 2.0226173485e-03 2.5067955139e-03 2.5052530109e-03 1.7577485671e-03 1.9142752571e-03 1.9054016448e-03 0 0
834 1.5871749617e+00 1.5702031036e+00 1.5702031036e+00 1.5830333126e+00 1.5919259189e+00 5.7035141893e-01 5.8046614981e-01 5.8046614981e-01 5.7554388502e-01 5.7825350997e-01 1.8953501567e-03 2.3677679128e-03 2.6691033854e-03 1.6969224728e-03 1.8682153313e-03 1.9541995716e-03 0 0
835 1.5679753710e+00 1.5684937530e+00 1.5684937530e+00 1.5849209990e+00 1.5978723487e+00 5.6952495944e-01 5.7966127770e-01 5.7966127770e-01 5.7473179272e-01 5.7745359921e-01 1.9227211488e-03 2.2029301617e-03 2.4998114095e-03 1.7049878870e-03 1.8115036655e-03 1.9243354036e-03 0 0
836 1.5758802524e+00 1.5551451196e+00 1.5551451196e+00 1.5667324868e+00 1.5983217015e+00 5.6871527222e-01 5.7886835601e-01 5.7886835601e-01 5.7392651553e-01 5.7662342247e-01 1.8931736696e-03 2.1955492557e-03 2.2044598009e-03 1.6789007923e-03 1.8005398451e-03 1.8381148984e-03 0 0
837 1.5408637305e+00 1.5443059993e+00 1.5443059993e+00 1.5589242886e+00 1.5747047081e+00 5.6793652163e-01 5.7807441029e-01 5.7807441029e-01 5.7315753116e-01 5.7580017546e-01 2.0297858044e-03 2.4174028658e-03 2.1594597492e-03 1.7064113739e-03 1.8445952155e-03 1.8077691784e-03 0 0
838 1.5296902753e+00 1.5500778794e+00 1.5500778794e+00 1.5644327846e+00 1.5661244270e+00 5.6721560459e-01 5.7727944777e-01 5.7727944777e-01 5.7239516507e-01 5.7500632976e-01 2.3390320201e-03 2.6063672267e-03 2.2663238924e-03 1.7597700468e-03 1.9040154584e-03 1.8152735720e-03 0 0
839 1.5356723863e+00 1.5474850001e+00 1.5474850001e+00 1.5705868116e+00 1.5619140146e+00 5.6651419026e-01 5.7647968487e-01 5.7647968487e-01 5.7159494860e-01 5.7423878200e-01 2.6584908085e-03 2.3517967784e-03 2.5078200852e-03 1.8470503240e-03 1.8495756085e-03 1.8766392313e-03 0 0
840 1.5487350026e+00 1.5366060434e+00 1.5366060434e+00 1.5724930877e+00 1.5688559196e+00 5.6575704310e-01 5.7568728293e-01 5.7568728293e-01 5.7078262351e-01 5.7345560602e-01 2.2969441805e-03 2.1345628193e-03 2.4709932040e-03 1.7820333960e-03 1.7740390322e-03 1.8813852221e-03 0 0
841 1.5420676036e+00 1.5247516930e+00 1.5247516930e+00 1.5538767277e+00 1.5690016091e+00 5.6497445347e-01 5.7490340207e-01 5.7490340207e-01 5.6998427510e-01 5.7266565521e-01 2.0266493822e-03 2.1008064505e-03 2.3433836759e-03 1.7020029315e-03 1.7464701086e-03 1.8387175514e-03 0 0
842 1.5319725547e+00 1.5393165340e+00 1.5393165340e+00 1.5381532975e+00 1.5514558291e+00 5.6418424675e-01 5.7413133841e-01 5.7413133841e-01 5.6922065265e-01 5.7187378323e-01 1.9358111715e-03 2.2649954190e-03 2.2716866806e-03 1.6697938271e-03 1.7774311127e-03 1.8094337720e-03 0 0
843 1.5127802945e+00 1.5354582123e+00 1.5354582123e+00 1.5354669029e+00 1.5470367357e+00 5.6341173254e-01 5.7334435467e-01 5.7334435467e-01 5.6848444792e-01 5.7109515616e-01 1.9834794820e-03 2.4843654828e-03 2.3617696133e-03 1.6658928755e-03 1.8312283210e-03 1.8265557592e-03 0 0
844 1.4813803816e+00 1.5368871662e+00 1.5368871662e+00 1.5386483899e+00 1.5455090194e+00 5.6266306858e-01 5.7255647183e-01 5.7255647183e-01 5.6773832274e-01 5.7031953274e-01 2.1315681397e-03 2.3778149625e-03 2.4137097644e-03 1.6949355860e-03 1.8036962138e-03 1.8421822460e-03 0 0
845 1.5043853244e+00 1.5131210408e+00 1.5131210408e+00 1.5225304324e+00 1.5534631758e+00 5.6192394269e-01 5.7179177647e-01 5.7179177647e-01 5.6697228546e-01 5.6953478603e-01 2.1638547484e-03 2.1442073630e-03 2.2511003190e-03 1.6956433458e-03 1.7322197382e-03 1.7916533398e-03 0 0
846 1.5013363920e+00 1.5082638712e+00 1.5082638712e+00 1.5342324367e+00 1.5372713190e+00 5.6118089245e-01 5.7103663729e-01 5.7103663729e-01 5.6619818835e-01 5.6874770352e-01 2.1233648186e-03 1.9720935379e-03 2.1302392124e-03 1.6861011094e-03 1.6656722291e-03 1.7493420164e-03 0 0
847 1.4888993243e+00 1.5119258926e+00 1.5119258926e+00 1.5121756413e+00 1.5262367988e+00 5.6044227896e-01 5.7027744954e-01 5.7027744954e-01 5.6542351835e-01 5.6797496526e-01 2.0441314014e-03 2.0835575415e-03 2.1059592254e-03 1.6500889595e-03 1.7109750479e-03 1.7261371249e-03 0 0
848 1.4676306294e+00 1.5123767456e+00 1.5123767456e+00 1.5174162249e+00 1.5224122535e+00 5.5972880744e-01 5.6951659218e-01 5.6951659218e-01 5.6466290723e-01 5.6722873657e-01 2.0497361860e-03 2.1585921058e-03 2.1858500550e-03 1.6213109041e-03 1.7251648824e-03 1.7275987775e-03 0 0
849 1.4630693488e+00 1.4967567827e+00 1.4967567827e+00 1.5159192390e+00 1.5219990958e+00 5.5901906565e-01 5.6876447178e-01 5.6876447178e-01 5.6391394031e-01 5.6650328615e-01 2.0806455209e-03 2.2455510916e-03 2.3625308531e-03 1.6270216005e-03 1.7443078686e-03 1.7672597605e-03 0 0
850 1.4710259391e+00 1.4918813341e+00 1.4918813341e+00 1.5161886740e+00 1.5270712334e+00 5.5830428679e-01 5.6802684630e-01 5.6802684630e-01 5.6317400346e-01 5.6576587918e-01 2.0781369295e-03 2.2432723199e-03 2.3496429203e-03 1.6324676626e-03 1.7282309127e-03 1.7727577942e-03 0 0
851 1.4728236285e+00 1.5027343147e+00 1.5027343147e+00 1.4855414927e+00 1.5255760051e+00 5.5756893741e-01 5.6728111671e-01 5.6728111671e-01 5.6244753989e-01 5.6500279728e-01 1.8724975301e-03 2.3242510506e-03 2.2281960119e-03 1.5729355591e-03 1.7384053499e-03 1.7535557563e-03 0 0
852 1.4850753958e+00 1.5094592337e+00 1.5094592337e+00 1.4946325103e+00 1.5082420370e+00 5.5683354932e-01 5.6651871088e-01 5.6651871088e-01 5.6171209972e-01 5.6424077490e-01 1.7928949111e-03 2.2256324883e-03 2.2038674797e-03 1.5370691712e-03 1.7101248668e-03 1.7421534867e-03 0 0
853 1.4709646544e+00 1.4964177749e+00 1.4964177749e+00 1.4883408372e+00 1.5106688508e+00 5.5610094312e-01 5.6576360222e-01 5.6576360222e-01 5.6097427978e-01 5.6348943064e-01 1.7736884632e-03 2.1401417907e-03 2.1448732005e-03 1.5226113648e-03 1.6819153680e-03 1.7050577153e-03 0 0
854 1.4572329081e+00 1.4771113107e+00 1.4771113107e+00 1.4787864286e+00 1.5014264804e+00 5.5539892910e-01 5.6501200711e-01 5.6501200711e-01 5.6023764165e-01 5.6275852551e-01 1.8829738734e-03 1.9971131696e-03 2.2912541754e-03 1.5361656454e-03 1.6252959613e-03 1.7345790402e-03 0 0
855 1.4437284788e+00 1.4645890078e+00 1.4645890078e+00 1.4677235537e+00 1.4907591360e+00 5.5474725019e-01 5.6428220295e-01 5.6428220295e-01 5.5952036547e-01 5.6202233988e-01 2.2419698313e-03 1.9625674468e-03 2.2296661627e-03 1.6190066283e-03 1.5876853140e-03 1.7126900784e-03 0 0
856 1.4581271358e+00 1.4653422004e+00 1.4653422004e+00 1.4601796781e+00 1.4791615989e+00 5.5408280269e-01 5.6353825731e-01 5.6353825731e-01 5.5881030143e-01 5.6127397433e-01 2.2735423598e-03 2.0637402195e-03 2.1001385758e-03 1.6483323147e-03 1.6167999711e-03 1.6739231069e-03 0 0
857 1.4578714501e+00 1.4759365955e+00 1.4759365955e+00 1.4615355201e+00 1.4780446994e+00 5.5337864272e-01 5.6278525848e-01 5.6278525848e-01 5.5810279444e-01 5.6052010943e-01 1.9297294835e-03 2.1383172134e-03 1.9505410746e-03 1.5595023036e-03 1.6421609907e-03 1.6211094917e-03 0 0
858 1.4571991675e+00 1.4614180320e+00 1.4614180320e+00 1.4666306647e+00 1.4648977702e+00 5.5265967806e-01 5.6203423771e-01 5.6203423771e-01 5.5738364931e-01 5.5978358643e-01 1.7159383421e-03 1.9950753194e-03 1.9146910345e-03 1.4791436235e-03 1.6005026700e-03 1.5898740385e-03 0 0
859 1.4517773879e+00 1.4528672185e+00 1.4528672185e+00 1.4768411938e+00 1.4702787205e+00 5.5193267744e-01 5.6130739978e-01 5.6130739978e-01 5.5665897135e-01 5.5904976955e-01 1.6442331979e-03 1.8619892362e-03 1.8382857961e-03 1.4540035563e-03 1.5519839653e-03 1.5535113344e-03 0 0
860 1.4393291889e+00 1.4375510829e+00 1.4375510829e+00 1.4578664089e+00 1.4756320060e+00 5.5122538065e-01 5.6059482448e-01 5.6059482448e-01 5.5595107321e-01 5.5833640390e-01 1.7072021614e-03 1.9120069919e-03 1.9548085402e-03 1.4646381125e-03 1.5520484885e-03 1.5760641545e-03 0 0
861 1.4216991315e+00 1.4447111786e+00 1.4447111786e+00 1.4451787681e+00 1.4622456564e+00 5.5055204364e-01 5.5990319586e-01 5.5990319586e-01 5.5526686368e-01 5.5764599028e-01 1.8637382599e-03 2.0452329773e-03 2.2208666196e-03 1.4939535458e-03 1.5770274913e-03 1.6512751463e-03 0 0
862 1.4292271996e+00 1.4415814053e+00 1.4415814053e+00 1.4417085150e+00 1.4564632096e+00 5.4989763388e-01 5.5921396798e-01 5.5921396798e-01 5.5459443089e-01 5.5695841604e-01 2.1302916706e-03 2.1937321289e-03 2.2205100977e-03 1.5700341027e-03 1.6214312636e-03 1.6488354304e-03 0 0
863 1.4284478276e+00 1.4451359821e+00 1.4451359821e+00 1.4520711872e+00 1.4594552635e+00 5.4922493666e-01 5.5851222953e-01 5.5851222953e-01 5.5389807473e-01 5.5624905801e-01 2.1258897750e-03 1.9609610899e-03 2.0138735417e-03 1.5845323074e-03 1.5619983023e-03 1.5959201264e-03 0 0
864 1.4209893206e+00 1.4247875356e+00 1.4247875356e+00 1.4502640679e+00 1.4600005792e+00 5.4853794723e-01 5.5782305283e-01 5.5782305283e-01 5.5318891610e-01 5.5554269871e-01 1.8347025188e-03 1.8174910801e-03 1.9172359607e-03 1.4861706754e-03 1.5148457896e-03 1.5525004128e-03 0 0
865 1.3965334010e+00 1.4152326432e+00 1.4152326432e+00 1.4434821576e+00 1.4357518160e+00 5.4787750632e-01 5.5714959769e-01 5.5714959769e-01 5.5247052644e-01 5.5484668982e-01 1.8146888406e-03 1.7110338958e-03 1.9568105927e-03 1.4532204726e-03 1.4728455862e-03 1.5550877724e-03 0 0
866 1.3721133529e+00 1.4238880705e+00 1.4238880705e+00 1.4302216142e+00 1.4326868905e+00 5.4725727213e-01 5.5646211082e-01 5.5646211082e-01 5.5175767992e-01 5.5415975166e-01 1.9718303508e-03 1.7239651934e-03 1.9969697460e-03 1.4714094858e-03 1.4695661375e-03 1.5614008298e-03 0 0
867 1.3687034889e+00 1.4257035744e+00 1.4257035744e+00 1.4160240384e+00 1.4403597178e+00 5.4665064590e-01 5.5575416178e-01 5.5575416178e-01 5.5106573155e-01 5.5347910082e-01 2.0429865151e-03 1.8582908378e-03 2.0129945478e-03 1.4796903108e-03 1.5057140845e-03 1.5621663770e-03 0 0
868 1.3738647314e+00 1.4331470594e+00 1.4331470594e+00 1.4234002390e+00 1.4430806274e+00 5.4602169460e-01 5.5504789615e-01 5.5504789615e-01 5.5039137332e-01 5.5278652175e-01 1.8041369879e-03 1.9408259250e-03 1.9176723727e-03 1.4109554144e-03 1.5213408915e-03 1.5364176361e-03 0 0
869 1.3683993970e+00 1.4102677066e+00 1.4102677066e+00 1.4273658256e+00 1.4327754198e+00 5.4537319700e-01 5.5434825340e-01 5.5434825340e-01 5.4970228431e-01 5.5210004799e-01 1.6282023621e-03 1.9144592225e-03 1.9010889228e-03 1.3582543606e-03 1.5245180693e-03 1.5172314888e-03 0 0
870 1.3649616335e+00 1.3961701153e+00 1.3961701153e+00 1.4172975880e+00 1.4190969524e+00 5.4471586419e-01 5.5366969679e-01 5.5366969679e-01 5.4901304420e-01 5.5141272963e-01 1.5793973769e-03 1.8458417326e-03 1.9273721555e-03 1.3479875680e-03 1.4914255007e-03 1.5242314839e-03 0 0
871 1.3500175234e+00 1.3972081156e+00 1.3972081156e+00 1.3940284688e+00 1.4187621690e+00 5.4407336058e-01 5.5299653166e-01 5.5299653166e-01 5.4833738853e-01 5.5073118031e-01 1.6671394421e-03 1.7949666944e-03 1.9915332086e-03 1.3707230019e-03 1.4541869750e-03 1.5439834679e-03 0 0
872 1.3516930645e+00 1.4189227129e+00 1.4189227129e+00 1.3714569214e+00 1.4275991008e+00 5.4343995975e-01 5.5231375093e-01 5.5231375093e-01 5.4768918245e-01 5.5004219715e-01 1.7122937966e-03 1.8264292448e-03 1.8787482113e-03 1.3771248906e-03 1.4406759292e-03 1.5108134830e-03 0 0
873 1.3492480588e+00 1.4155310492e+00 1.4155310492e+00 1.3665998586e+00 1.4339142995e+00 5.4280559382e-01 5.5161280772e-01 5.5161280772e-01 5.4707479108e-01 5.4934883219e-01 1.6774587771e-03 1.9545631949e-03 1.7948146851e-03 1.3595861056e-03 1.4548352920e-03 1.4804961975e-03 0 0
874 1.3488317116e+00 1.4010723163e+00 1.4010723163e+00 1.3693250839e+00 1.4011127999e+00 5.4217501703e-01 5.5091148734e-01 5.5091148734e-01 5.4646172647e-01 5.4865911632e-01 1.6483595924e-03 1.9033555582e-03 1.7974918592e-03 1.3408025293e-03 1.4326972305e-03 1.4724746870e-03 0 0
875 1.3324885252e+00 1.3728469117e+00 1.3728469117e+00 1.3696445838e+00 1.3824612311e+00 5.4157532043e-01 5.5024971009e-01 5.5024971009e-01 5.4583603745e-01 5.4799553082e-01 1.6981450996e-03 1.7893067852e-03 1.7893448821e-03 1.3268646101e-03 1.3979027281e-03 1.4376401959e-03 0 0
876 1.3164259230e+00 1.3636017781e+00 1.3636017781e+00 1.3638188087e+00 1.3647310833e+00 5.4100636354e-01 5.4962841375e-01 5.4962841375e-01 5.4519898851e-01 5.4735329883e-01 1.8614386813e-03 1.7600631109e-03 1.8680181238e-03 1.3520538905e-03 1.3953169982e-03 1.4477540390e-03 0 0
877 1.3199490607e+00 1.3532122648e+00 1.3532122648e+00 1.3629204866e+00 1.3668668943e+00 5.4042290228e-01 5.4901370825e-01 5.4901370825e-01 5.4455652310e-01 5.4672226610e-01 1.8664628147e-03 1.7615448160e-03 1.8168496899e-03 1.3669352609e-03 1.4027551806e-03 1.4199597354e-03 0 0
878 1.3389369171e+00 1.3526792378e+00 1.3526792378e+00 1.3657481437e+00 1.3680834178e+00 5.3979764647e-01 5.4837716802e-01 5.4837716802e-01 5.4392358781e-01 5.4608768826e-01 1.5933374725e-03 1.7627757334e-03 1.6803916951e-03 1.3018092019e-03 1.3948940614e-03 1.3691555068e-03 0 0
879 1.3222564299e+00 1.3536123706e+00 1.3536123706e+00 1.3554198259e+00 1.3745619146e+00 5.3915768325e-01 5.4772776971e-01 5.4772776971e-01 5.4330381232e-01 5.4543978579e-01 1.4892331935e-03 1.7791614519e-03 1.5927394270e-03 1.2709950001e-03 1.3852701522e-03 1.3414463901e-03 0 0
880 1.3285805826e+00 1.3546059361e+00 1.3546059361e+00 1.3387242943e+00 1.3647264947e+00 5.3851981062e-01 5.4706898494e-01 5.4706898494e-01 5.4269996017e-01 5.4479361638e-01 1.3865179127e-03 1.8429921474e-03 1.6562818782e-03 1.2262599155e-03 1.3867220259e-03 1.3616025972e-03 0 0
881 1.3252101245e+00 1.3405428917e+00 1.3405428917e+00 1.3209204882e+00 1.3602570051e+00 5.3788170314e-01 5.4642126112e-01 5.4642126112e-01 5.4209904476e-01 5.4416667007e-01 1.3894578455e-03 1.9006817602e-03 1.8185030203e-03 1.2295212815e-03 1.4007180289e-03 1.4057793887e-03 0 0
882 1.3159660735e+00 1.3266522488e+00 1.3266522488e+00 1.3300256677e+00 1.3648428785e+00 5.3725935090e-01 5.4579489913e-01 5.4579489913e-01 5.4148806067e-01 5.4355723332e-01 1.4566326476e-03 1.6890858824e-03 1.9474132860e-03 1.2407376681e-03 1.3299386774e-03 1.4367841650e-03 0 0
883 1.2988120836e+00 1.3264174761e+00 1.3264174761e+00 1.3308274515e+00 1.3593769649e+00 5.3666616491e-01 5.4517811842e-01 5.4517811842e-01 5.4086948346e-01 5.4294300574e-01 1.6082861797e-03 1.5294203185e-03 1.8376946682e-03 1.2691222297e-03 1.2729775626e-03 1.4006083657e-03 0 0
884 1.2887623865e+00 1.3275791168e+00 1.3275791168e+00 1.3370118450e+00 1.3356170130e+00 5.3609036122e-01 5.4455127808e-01 5.4455127808e-01 5.4023727060e-01 5.4232758945e-01 1.7350263441e-03 1.4572427608e-03 1.7420756631e-03 1.2986526531e-03 1.2532441469e-03 1.3601600658e-03 0 0
885 1.3017115010e+00 1.3140147868e+00 1.3140147868e+00 1.3240818499e+00 1.3101524749e+00 5.3550296683e-01 5.4392247307e-01 5.4392247307e-01 5.3960546648e-01 5.4171792161e-01 1.6696588690e-03 1.4961457637e-03 1.7271643446e-03 1.2904244670e-03 1.2646946416e-03 1.3428683160e-03 0 0
886 1.2980436557e+00 1.2910128087e+00 1.2910128087e+00 1.3134755471e+00 1.3093550332e+00 5.3490526524e-01 5.4330935264e-01 5.4330935264e-01 5.3899178298e-01 5.4111599114e-01 1.4961925415e-03 1.6001688782e-03 1.6854487767e-03 1.2346292710e-03 1.2865671015e-03 1.3159975351e-03 0 0
887 1.2843962614e+00 1.2852636136e+00 1.2852636136e+00 1.3103649650e+00 1.3253795690e+00 5.3429508474e-01 5.4271182095e-01 5.4271182095e-01 5.3839884985e-01 5.4050515839e-01 1.3668996257e-03 1.7229271762e-03 1.5794772771e-03 1.1893490131e-03 1.3138960057e-03 1.2832473731e-03 0 0
888 1.2757534596e+00 1.2960294702e+00 1.2960294702e+00 1.3195151427e+00 1.3334616060e+00 5.3368442098e-01 5.4211417915e-01 5.4211417915e-01 5.3778965721e-01 5.3987807264e-01 1.3190927446e-03 1.6602289979e-03 1.5079792938e-03 1.1628360158e-03 1.3098697527e-03 1.2685119000e-03 0 0
889 1.2498617247e+00 1.3119601093e+00 1.3119601093e+00 1.3108593644e+00 1.3302737665e+00 5.3307937927e-01 5.4150895866e-01 5.4150895866e-01 5.3717029347e-01 5.3925503786e-01 1.2994827895e-03 1.5538550215e-03 1.5309464652e-03 1.1453758069e-03 1.2772441842e-03 1.2696334452e-03 0 0
890 1.2473908354e+00 1.3003909697e+00 1.3003909697e+00 1.3017322626e+00 1.3119017935e+00 5.3248388158e-01 5.4090198571e-01 5.4090198571e-01 5.3655393683e-01 5.3866415747e-01 1.2541511289e-03 1.4447406866e-03 1.7365211097e-03 1.1159467516e-03 1.2249487918e-03 1.3140062511e-03 0 0
891 1.2409154984e+00 1.2873975695e+00 1.2873975695e+00 1.2910742638e+00 1.3158907461e+00 5.3190325212e-01 5.4031039914e-01 5.4031039914e-01 5.3595050153e-01 5.3807902495e-01 1.2638882744e-03 1.4902236289e-03 1.8340600654e-03 1.1052188801e-03 1.2294363696e-03 1.3447741512e-03 0 0
892 1.2345345147e+00 1.2854847126e+00 1.2854847126e+00 1.2906809848e+00 1.3235602922e+00 5.3133015190e-01 5.3971194771e-01 5.3971194771e-01 5.3537600013e-01 5.3747487352e-01 1.2532987418e-03 1.6427228111e-03 1.6919759801e-03 1.0899885793e-03 1.2619937479e-03 1.3153073087e-03 0 0
893 1.2298428886e+00 1.2944258578e+00 1.2944258578e+00 1.2903397301e+00 1.3136911465e+00 5.3076301489e-01 5.3910233200e-01 5.3910233200e-01 5.3481043628e-01 5.3685237829e-01 1.2999612353e-03 1.7402579542e-03 1.5172991843e-03 1.1007567257e-03 1.2915246480e-03 1.2649716227e-03 0 0
894 1.2340258267e+00 1.2832754454e+00 1.2832754454e+00 1.2898470687e+00 1.3020450621e+00 5.3021772634e-01 5.3849944717e-01 5.3849944717e-01 5.3423700283e-01 5.3623572688e-01 1.4277811241e-03 1.6151059826e-03 1.4101900451e-03 1.1290583607e-03 1.2509652297e-03 1.2106559298e-03 0 0
895 1.2277949063e+00 1.2776878897e+00 1.2776878897e+00 1.2676364756e+00 1.2937814055e+00 5.2968770236e-01 5.3790503046e-01 5.3790503046e-01 5.3365779974e-01 5.3561643614e-01 1.6215935018e-03 1.5287854185e-03 1.3848655799e-03 1.1847621224e-03 1.2169176189e-03 1.1998115224e-03 0 0
896 1.2312381503e+00 1.2648886905e+00 1.2648886905e+00 1.2511420070e+00 1.2776207871e+00 5.2913991566e-01 5.3732972329e-01 5.3732972329e-01 5.3309773909e-01 5.3501219897e-01 1.5386143278e-03 1.5625954838e-03 1.4353983279e-03 1.1709921343e-03 1.2041463051e-03 1.2080824818e-03 0 0
897 1.2435155253e+00 1.2676236889e+00 1.2676236889e+00 1.2384083409e+00 1.2743251960e+00 5.2857038881e-01 5.3676711790e-01 5.3676711790e-01 5.3254304772e-01 5.3442407448e-01 1.3516449954e-03 1.5763594711e-03 1.4702174813e-03 1.1169431822e-03 1.2021508592e-03 1.2087312643e-03 0 0
898 1.2457828309e+00 1.2670924310e+00 1.2670924310e+00 1.2431578715e+00 1.2695599362e+00 5.2799840302e-01 5.3618953659e-01 5.3618953659e-01 5.3198073924e-01 5.3385111185e-01 1.3384137687e-03 1.4408374846e-03 1.5310126473e-03 1.1136215980e-03 1.1578347185e-03 1.2158277677e-03 0 0
899 1.2386121336e+00 1.2549305948e+00 1.2549305948e+00 1.2459895919e+00 1.2744916695e+00 5.2743774371e-01 5.3560375528e-01 5.3560375528e-01 5.3141302203e-01 5.3328544643e-01 1.4130206426e-03 1.3201517577e-03 1.5554028505e-03 1.1333197825e-03 1.1123365257e-03 1.2113131816e-03 0 0
900 1.2425879415e+00 1.2410495752e+00 1.2410495752e+00 1.2435743430e+00 1.2491627989e+00 5.2688928170e-01 5.3502039337e-01 5.3502039337e-01 5.3084106037e-01 5.3273786335e-01 1.5666450409e-03 1.2899092690e-03 1.6334722459e-03 1.1791270258e-03 1.0993008909e-03 1.2153007556e-03 0 0
901 1.2417344759e+00 1.2229949677e+00 1.2229949677e+00 1.2364513010e+00 1.2374569499e+00 5.2632622560e-01 5.3446764136e-01 5.3446764136e-01 5.3027640746e-01 5.3219892526e-01 1.5692487082e-03 1.3487871038e-03 1.6435358557e-03 1.1928309151e-03 1.1128587066e-03 1.2073555554e-03 0 0
902 1.2448329874e+00 1.2194133812e+00 1.2194133812e+00 1.2330671637e+00 1.2359830064e+00 5.2573919790e-01 5.3393839088e-01 5.3393839088e-01 5.2974595452e-01 5.3165054825e-01 1.3674844593e-03 1.5638109762e-03 1.5389656473e-03 1.1346777024e-03 1.1598754209e-03 1.1795201572e-03 0 0
903 1.2401839934e+00 1.2186390753e+00 1.2186390753e+00 1.2369991247e+00 1.2483686590e+00 5.2514545310e-01 5.3340342322e-01 5.3340342322e-01 5.2921614811e-01 5.3109390035e-01 1.2609255623e-03 1.6922914074e-03 1.3833918783e-03 1.0965984722e-03 1.2055076950e-03 1.1263056367e-03 0 0
904 1.2316656540e+00 1.2234950494e+00 1.2234950494e+00 1.2434143630e+00 1.2386326216e+00 5.2455742790e-01 5.3284745779e-01 5.3284745779e-01 5.2865780113e-01 5.3052887478e-01 1.2029269463e-03 1.4998422703e-03 1.3400808675e-03 1.0675533381e-03 1.1638815922e-03 1.1128697661e-03 0 0
905 1.2215042345e+00 1.2107067257e+00 1.2107067257e+00 1.2415152596e+00 1.2316134805e+00 5.2397996759e-01 5.3228052322e-01 5.3228052322e-01 5.2807169767e-01 5.2996687112e-01 1.1945328896e-03 1.3121840020e-03 1.3728625781e-03 1.0529607938e-03 1.1135796667e-03 1.1186385818e-03 0 0
906 1.2203217195e+00 1.2060102076e+00 1.2060102076e+00 1.2378730402e+00 1.2219160996e+00 5.2340855564e-01 5.3171487767e-01 5.3171487767e-01 5.2748100085e-01 5.2941944791e-01 1.1728008799e-03 1.2939647131e-03 1.4790538116e-03 1.0336859501e-03 1.1096037051e-03 1.1438692163e-03 0 0
907 1.2163995922e+00 1.2018732272e+00 1.2018732272e+00 1.2375434609e+00 1.2348446586e+00 5.2283346864e-01 5.3116326621e-01 5.3116326621e-01 5.2689167486e-01 5.2887330321e-01 1.2076274572e-03 1.2984447530e-03 1.5067165950e-03 1.0488004142e-03 1.1102267017e-03 1.1532390490e-03 0 0
908 1.2149639694e+00 1.2143562050e+00 1.2143562050e+00 1.2406487081e+00 1.2439187958e+00 5.2226672635e-01 5.3061236053e-01 5.3061236053e-01 5.2631827824e-01 5.2831732054e-01 1.2978717698e-03 1.3927730033e-03 1.4662252215e-03 1.0775692428e-03 1.1328648834e-03 1.1475586507e-03 0 0
909 1.2149800055e+00 1.2209961074e+00 1.2209961074e+00 1.2347078659e+00 1.2404370090e+00 5.2171148030e-01 5.3005398418e-01 5.3005398418e-01 5.2576632815e-01 5.2775639004e-01 1.4498717329e-03 1.5400926059e-03 1.4501339174e-03 1.1253214271e-03 1.1663011101e-03 1.1446739954e-03 0 0
910 1.2172884151e+00 1.2170910916e+00 1.2170910916e+00 1.2264039611e+00 1.2323152946e+00 5.2115909021e-01 5.2948749881e-01 5.2948749881e-01 5.2521444459e-01 5.2719451095e-01 1.4901360165e-03 1.5700061922e-03 1.5034761454e-03 1.1346205897e-03 1.1762624199e-03 1.1651955137e-03 0 0
911 1.2078382498e+00 1.2130153917e+00 1.2130153917e+00 1.2141149426e+00 1.2398699308e+00 5.2058267706e-01 5.2892238270e-01 5.2892238270e-01 5.2465353972e-01 5.2663061661e-01 1.3246567194e-03 1.4477142831e-03 1.5085165214e-03 1.0905014302e-03 1.1396175832e-03 1.1690270039e-03 0 0
912 1.1994681558e+00 1.2250586359e+00 1.2250586359e+00 1.2024015475e+00 1.2498705201e+00 5.2001280668e-01 5.2836250491e-01 5.2836250491e-01 5.2409158475e-01 5.2604953810e-01 1.2354735364e-03 1.3133523171e-03 1.4042422117e-03 1.0480695285e-03 1.0871233826e-03 1.1444401171e-03 0 0
913 1.1862239372e+00 1.2170673884e+00 1.2170673884e+00 1.2099032354e+00 1.2454170823e+00 5.1944932466e-01 5.2780196508e-01 5.2780196508e-01 5.2353379309e-01 5.2547233174e-01 1.1967289640e-03 1.2787949236e-03 1.3550130825e-03 1.0273148652e-03 1.0661495617e-03 1.1185556068e-03 0 0
914 1.1745856300e+00 1.2004485146e+00 1.2004485146e+00 1.2118544768e+00 1.2251657594e+00 5.1890179597e-01 5.2724708925e-01 5.2724708925e-01 5.2297460464e-01 5.2490485788e-01 1.2327238926e-03 1.3141718809e-03 1.3644032588e-03 1.0254406277e-03 1.0770485969e-03 1.1110163177e-03 0 0
915 1.1705714851e+00 1.1870797568e+00 1.1870797568e+00 1.2166718745e+00 1.2130377737e+00 5.1836899486e-01 5.2669078191e-01 5.2669078191e-01 5.2240809158e-01 5.2436505202e-01 1.3141572728e-03 1.3807218347e-03 1.4769586851e-03 1.0383668989e-03 1.1073549394e-03 1.1274271237e-03 0 0
916 1.1780573889e+00 1.1903817697e+00 1.1903817697e+00 1.2146088352e+00 1.2077870857e+00 5.1785102001e-01 5.2613889719e-01 5.2613889719e-01 5.2184240947e-01 5.2384130726e-01 1.4212976470e-03 1.4292233100e-03 1.5771673061e-03 1.0604647474e-03 1.1245532660e-03 1.1482191330e-03 0 0
917 1.1839510726e+00 1.1848226783e+00 1.1848226783e+00 1.2121080002e+00 1.2178142758e+00 5.1731919298e-01 5.2559435520e-01 5.2559435520e-01 5.2127008016e-01 5.2329833955e-01 1.4059364196e-03 1.3621202670e-03 1.4440538071e-03 1.0703168082e-03 1.1034097988e-03 1.1170309735e-03 0 0
918 1.1680463238e+00 1.1937880924e+00 1.1937880924e+00 1.2071413527e+00 1.2277911890e+00 5.1678265787e-01 5.2505030728e-01 5.2505030728e-01 5.2069654986e-01 5.2273065788e-01 1.3387686145e-03 1.2891112710e-03 1.2988666422e-03 1.0543661141e-03 1.0726350010e-03 1.0785255872e-03 0 0
919 1.1679501569e+00 1.2001038308e+00 1.2001038308e+00 1.2053762250e+00 1.2230824224e+00 5.1623914105e-01 5.2450602728e-01 5.2450602728e-01 5.2012875556e-01 5.2215419387e-01 1.2422652930e-03 1.2477115088e-03 1.2980581669e-03 1.0243582843e-03 1.0481955251e-03 1.0816515423e-03 0 0
920 1.1685410800e+00 1.1991951409e+00 1.1991951409e+00 1.1835057097e+00 1.2177430756e+00 5.1568970309e-01 5.2395282712e-01 5.2395282712e-01 5.1958341134e-01 5.2159417479e-01 1.2125680624e-03 1.3229794858e-03 1.4267913648e-03 1.0130828678e-03 1.0579844529e-03 1.1158574198e-03 0 0
921 1.1720810987e+00 1.1989922325e+00 1.1989922325e+00 1.1725234368e+00 1.2098103969e+00 5.1514127479e-01 5.2338761455e-01 5.2338761455e-01 5.1905172031e-01 5.2105069292e-01 1.2064660581e-03 1.3580606028e-03 1.5137473820e-03 1.0035228304e-03 1.0586384742e-03 1.1321335624e-03 0 0
922 1.1655376012e+00 1.1912197280e+00 1.1912197280e+00 1.1722529279e+00 1.2102743333e+00 5.1460301176e-01 5.2281604095e-01 5.2281604095e-01 5.1851962266e-01 5.2050589488e-01 1.2702281379e-03 1.3778545253e-03 1.4847870043e-03 1.0195065820e-03 1.0643404385e-03 1.1218386935e-03 0 0
923 1.1485391645e+00 1.1804138878e+00 1.1804138878e+00 1.1848020335e+00 1.1940636531e+00 5.1408299193e-01 5.2225196230e-01 5.2225196230e-01 5.1797722476e-01 5.1995808125e-01 1.3362031699e-03 1.2879684800e-03 1.3932430884e-03 1.0323881506e-03 1.0339955043e-03 1.0878280154e-03 0 0
924 1.1483022959e+00 1.1638423532e+00 1.1638423532e+00 1.1874015008e+00 1.1788498292e+00 5.1356256886e-01 5.2170537546e-01 5.2170537546e-01 5.1741602050e-01 5.1941486137e-01 1.2883593299e-03 1.2038597488e-03 1.3496381580e-03 1.0172615355e-03 1.0141294624e-03 1.0648865427e-03 0 0
925 1.1560886127e+00 1.1570330365e+00 1.1570330365e+00 1.1844229579e+00 1.1727609877e+00 5.1302627919e-01 5.2117822766e-01 5.2117822766e-01 5.1686361404e-01 5.1888137994e-01 1.1655334966e-03 1.2232312874e-03 1.3615571079e-03 9.7907274392e-04 1.0170919704e-03 1.0598898225e-03 0 0
926 1.1600483137e+00 1.1600353037e+00 1.1600353037e+00 1.1650284689e+00 1.1813978876e+00 5.1247988002e-01 5.2066037597e-01 5.2066037597e-01 5.1632650785e-01 5.1833992897e-01 1.1180396039e-03 1.2920450245e-03 1.2853199150e-03 9.6196826121e-04 1.0354475817e-03 1.0364252666e-03 0 0
927 1.1498467707e+00 1.1553411262e+00 1.1553411262e+00 1.1685866983e+00 1.1828766970e+00 5.1194436297e-01 5.2012507401e-01 5.2012507401e-01 5.1579937150e-01 5.1779648046e-01 1.1281171722e-03 1.3239834225e-03 1.2533988047e-03 9.5447239108e-04 1.0384185880e-03 1.0218102252e-03 0 0
928 1.1376529010e+00 1.1550441847e+00 1.1550441847e+00 1.1719671563e+00 1.1784663448e+00 5.1144125866e-01 5.1958243819e-01 5.1958243819e-01 5.1525413829e-01 5.1725313373e-01 1.2303383466e-03 1.2878353882e-03 1.2490600056e-03 9.6788038999e-04 1.0362740140e-03 1.0163917323e-03 0 0
929 1.1200395868e+00 1.1538525548e+00 1.1538525548e+00 1.1764045597e+00 1.1725640115e+00 5.1096133040e-01 5.1902907596e-01 5.1902907596e-01 5.1469817484e-01 5.1671673097e-01 1.3651501330e-03 1.1887901346e-03 1.3587577851e-03 9.9563862763e-04 1.0001483897e-03 1.0540410294e-03 0 0
930 1.1294574963e+00 1.1532183932e+00 1.1532183932e+00 1.1714514189e+00 1.1747963002e+00 5.1047076890e-01 5.1848593674e-01 5.1848593674e-01 5.1413945599e-01 5.1618856146e-01 1.3143980910e-03 1.1378560448e-03 1.3806612114e-03 9.8294465128e-04 9.8169551347e-04 1.0585946729e-03 0 0
931 1.1228111056e+00 1.1538186156e+00 1.1538186156e+00 1.1636450262e+00 1.1789023016e+00 5.0995692683e-01 5.1795952535e-01 5.1795952535e-01 5.1361161716e-01 5.1565565644e-01 1.1645404271e-03 1.1797327024e-03 1.3125668338e-03 9.4093396285e-04 9.7643339541e-04 1.0393377161e-03 0 0
932 1.1158797114e+00 1.1504184480e+00 1.1504184480e+00 1.1504699278e+00 1.1840814303e+00 5.0943693324e-01 5.1744368188e-01 5.1744368188e-01 5.1310832249e-01 5.1512317954e-01 1.0551561219e-03 1.3082076621e-03 1.2758860248e-03 8.9965497918e-04 1.0054462182e-03 1.0210264300e-03 0 0
933 1.1080249233e+00 1.1462903874e+00 1.1462903874e+00 1.1574152732e+00 1.1665975566e+00 5.0892859679e-01 5.1692064438e-01 5.1692064438e-01 5.1261062875e-01 5.1459928400e-01 1.0248260620e-03 1.4420425869e-03 1.3560953375e-03 8.7967642556e-04 1.0452673596e-03 1.0380786262e-03 0 0
934 1.1056622234e+00 1.1390426843e+00 1.1390426843e+00 1.1580355557e+00 1.1572808297e+00 5.0843374349e-01 5.1638795840e-01 5.1638795840e-01 5.1209364065e-01 5.1408467102e-01 1.0601242537e-03 1.3507663389e-03 1.4258980809e-03 8.8334453360e-04 1.0247238388e-03 1.0524661629e-03 0 0
935 1.0987451232e+00 1.1415150971e+00 1.1415150971e+00 1.1349931512e+00 1.1649105772e+00 5.0793327899e-01 5.1585562498e-01 5.1585562498e-01 5.1156697902e-01 5.1355798815e-01 1.1208419590e-03 1.1941277189e-03 1.3259441766e-03 9.0878739768e-04 9.6979322552e-04 1.0297881381e-03 0 0
936 1.1139208200e+00 1.1302809743e+00 1.1302809743e+00 1.1257212830e+00 1.1630505765e+00 5.0743481663e-01 5.1533329834e-01 5.1533329834e-01 5.1105113490e-01 5.1303111034e-01 1.1839544818e-03 1.1333953880e-03 1.2001118448e-03 9.2746540277e-04 9.3651292264e-04 9.8416235414e-04 0 0
937 1.1105538291e+00 1.1316306954e+00 1.1316306954e+00 1.1097231574e+00 1.1614175356e+00 5.0693554107e-01 5.1482407381e-01 5.1482407381e-01 5.1055259371e-01 5.1249193968e-01 1.2041619774e-03 1.1778603366e-03 1.1129713967e-03 9.3702945177e-04 9.3867028772e-04 9.5761356351e-04 0 0
938 1.1052172660e+00 1.1195968577e+00 1.1195968577e+00 1.1079150049e+00 1.1425164459e+00 5.0644874825e-01 5.1431003371e-01 5.1431003371e-01 5.1005535796e-01 5.1196996874e-01 1.2087001734e-03 1.2054192193e-03 1.1822978850e-03 9.3162925152e-04 9.4400357921e-04 9.6457698965e-04 0 0
939 1.1030026865e+00 1.1166132805e+00 1.1166132805e+00 1.1130066483e+00 1.1269600701e+00 5.0596422816e-01 5.1380128363e-01 5.1380128363e-01 5.0955148066e-01 5.1146827710e-01 1.2387437815e-03 1.1733128922e-03 1.2984725181e-03 9.4243255226e-04 9.3225945602e-04 9.8566198722e-04 0 0
940 1.1115410523e+00 1.1073638524e+00 1.1073638524e+00 1.1142180032e+00 1.1230945478e+00 5.0546772537e-01 5.1329101169e-01 5.1329101169e-01 5.0905465392e-01 5.1097099999e-01 1.2121670268e-03 1.1427280842e-03 1.3164003321e-03 9.3877762230e-04 9.1252401762e-04 9.8755347426e-04 0 0
941 1.1029494461e+00 1.0991941383e+00 1.0991941383e+00 1.1121433198e+00 1.1318250364e+00 5.0495833260e-01 5.1278950622e-01 5.1278950622e-01 5.0857360570e-01 5.1046223171e-01 1.1414791065e-03 1.1887728178e-03 1.1679986201e-03 9.1607724382e-04 9.1867306037e-04 9.4277043536e-04 0 0
942 1.1110662937e+00 1.0954699481e+00 1.0954699481e+00 1.1100015651e+00 1.1241931572e+00 5.0444766347e-01 5.1230119910e-01 5.1230119910e-01 5.0809839677e-01 5.0994635881e-01 1.0746050123e-03 1.2777571101e-03 1.0683873552e-03 8.8832159408e-04 9.4783479290e-04 9.0665437165e-04 0 0
943 1.0935291883e+00 1.0875433157e+00 1.0875433157e+00 1.1158112305e+00 1.1150385155e+00 5.0395133279e-01 5.1181692016e-01 5.1181692016e-01 5.0760303092e-01 5.0942859131e-01 1.1274371774e-03 1.2547172373e-03 1.0343488830e-03 9.0040559498e-04 9.5561706985e-04 8.8845066784e-04 0 0
944 1.0837227594e+00 1.0844631478e+00 1.0844631478e+00 1.1207970250e+00 1.1064880713e+00 5.0346624419e-01 5.1132228580e-01 5.1132228580e-01 5.0708632931e-01 5.0893125504e-01 1.1819517969e-03 1.1370839784e-03 1.1000282248e-03 9.1340201303e-04 9.2444322945e-04 8.9430878870e-04 0 0
945 1.0812711619e+00 1.0777824521e+00 1.0777824521e+00 1.1069355457e+00 1.1096191910e+00 5.0298162845e-01 5.1082599886e-01 5.1082599886e-01 5.0656594924e-01 5.0846022733e-01 1.1650946519e-03 1.0630506149e-03 1.2549911044e-03 9.0362674946e-04 8.9697549993e-04 9.3088693393e-04 0 0
946 1.0904204391e+00 1.0871215513e+00 1.0871215513e+00 1.0983802539e+00 1.1173720574e+00 5.0248250298e-01 5.1033086586e-01 5.1033086586e-01 5.0604673096e-01 5.0797937376e-01 1.0397442089e-03 1.0407455266e-03 1.2884219759e-03 8.6238662577e-04 8.9058460435e-04 9.5591743593e-04 0 0
947 1.0804082748e+00 1.0893957386e+00 1.0893957386e+00 1.1005184217e+00 1.1234118922e+00 5.0198719576e-01 5.0983757455e-01 5.0983757455e-01 5.0553397542e-01 5.0747347809e-01 1.0130881766e-03 1.0476847528e-03 1.1530656775e-03 8.4784272788e-04 8.8883760327e-04 9.2707786825e-04 0 0
948 1.0756653356e+00 1.0892838985e+00 1.0892838985e+00 1.0980915788e+00 1.1207399342e+00 5.0150927040e-01 5.0934672916e-01 5.0934672916e-01 5.0502183309e-01 5.0695606939e-01 1.0285156039e-03 1.0858357709e-03 1.0853827116e-03 8.4116483825e-04 8.9878025756e-04 9.0510075097e-04 0 0
949 1.0662327767e+00 1.0907769805e+00 1.0907769805e+00 1.1030962493e+00 1.1062581880e+00 5.0104878782e-01 5.0885058309e-01 5.0885058309e-01 5.0451303537e-01 5.0644934906e-01 1.1721849564e-03 1.0918034532e-03 1.1094718066e-03 8.8060466182e-04 8.9196856425e-04 9.0273357637e-04 0 0
950 1.0734875929e+00 1.0879438240e+00 1.0879438240e+00 1.1049892949e+00 1.1015090084e+00 5.0058337761e-01 5.0835111993e-01 5.0835111993e-01 5.0401390176e-01 5.0595986130e-01 1.1962962539e-03 1.1361360957e-03 1.2091050448e-03 8.8945977923e-04 9.0082800307e-04 9.2838582350e-04 0 0
951 1.0890171019e+00 1.0833504138e+00 1.0833504138e+00 1.0901241489e+00 1.1095951896e+00 5.0008218043e-01 5.0785420123e-01 5.0785420123e-01 5.0354029362e-01 5.0547010201e-01 1.0492448094e-03 1.2691495358e-03 1.2429769267e-03 8.5941200811e-04 9.3172876223e-04 9.4483372231e-04 0 0
952 1.0972899460e+00 1.0818240522e+00 1.0818240522e+00 1.0767304067e+00 1.1166068782e+00 4.9956285032e-01 5.0736306169e-01 5.0736306169e-01 5.0306783638e-01 5.0496664898e-01 9.7099365406e-04 1.2664937531e-03 1.1418487120e-03 8.4100524666e-04 9.3205343001e-04 9.1652758420e-04 0 0
953 1.0870918245e+00 1.0803224036e+00 1.0803224036e+00 1.0830523978e+00 1.1117158090e+00 4.9904536825e-01 5.0687263107e-01 5.0687263107e-01 5.0258070210e-01 5.0445038021e-01 9.4920061189e-04 1.1053363269e-03 1.0574886401e-03 8.3234369915e-04 8.8112762023e-04 8.8651961414e-04 0 0
954 1.0836464329e+00 1.0764412932e+00 1.0764412932e+00 1.0824661724e+00 1.0972938618e+00 4.9852897427e-01 5.0637322470e-01 5.0637322470e-01 5.0208142440e-01 5.0393113289e-01 9.0511451940e-04 1.0108450660e-03 1.0191269685e-03 8.1131143178e-04 8.4838247858e-04 8.6842729070e-04 0 0
955 1.0699096618e+00 1.0682379115e+00 1.0682379115e+00 1.0748919753e+00 1.0799702009e+00 4.9801843154e-01 5.0586486958e-01 5.0586486958e-01 5.0159319539e-01 5.0342263392e-01 9.1534294299e-04 1.0259652045e-03 1.0486367973e-03 8.0642872850e-04 8.4425295063e-04 8.7407941464e-04 0 0
956 1.0578541860e+00 1.0643384959e+00 1.0643384959e+00 1.0627237148e+00 1.0767885335e+00 4.9751151605e-01 5.0535836887e-01 5.0535836887e-01 5.0112391422e-01 5.0294701040e-01 9.0894080717e-04 1.1130825442e-03 1.1488954769e-03 7.9665564850e-04 8.6386976182e-04 8.8932531071e-04 0 0
957 1.0516100198e+00 1.0541432425e+00 1.0541432425e+00 1.0787295326e+00 1.0759754556e+00 4.9701768671e-01 5.0487199094e-01 5.0487199094e-01 5.0065848976e-01 5.0247708695e-01 9.2571546655e-04 1.1811742734e-03 1.1721534247e-03 7.9377196321e-04 8.8560862059e-04 8.9272471087e-04 0 0
958 1.0534722914e+00 1.0509025759e+00 1.0509025759e+00 1.0820314153e+00 1.0781587962e+00 4.9654272924e-01 5.0439617422e-01 5.0439617422e-01 5.0017335428e-01 5.0199696924e-01 1.0201436966e-03 1.1402081873e-03 1.1069886677e-03 8.1951436058e-04 8.8368984871e-04 8.7203366274e-04 0 0
959 1.0564044157e+00 1.0510803137e+00 1.0510803137e+00 1.0950690422e+00 1.0672995630e+00 4.9608529546e-01 5.0392715237e-01 5.0392715237e-01 4.9965559737e-01 5.0151036866e-01 1.1543388283e-03 9.9278491689e-04 1.0689564806e-03 8.5550499164e-04 8.4692967357e-04 8.5862675041e-04 0 0
960 1.0521747713e+00 1.0452400080e+00 1.0452400080e+00 1.0776937700e+00 1.0625159213e+00 4.9562706910e-01 5.0344809490e-01 5.0344809490e-01 4.9914335866e-01 5.0103305728e-01 1.1934824507e-03 1.0183093837e-03 1.0837991722e-03 8.6757071480e-04 8.5293143638e-04 8.5658128955e-04 0 0
961 1.0394726445e+00 1.0548035169e+00 1.0548035169e+00 1.0717787097e+00 1.0701191547e+00 4.9515660519e-01 5.0296414429e-01 5.0296414429e-01 4.9865714645e-01 5.0056192899e-01 1.0801785423e-03 1.0495878523e-03 1.1226633796e-03 8.3295776037e-04 8.4591282939e-04 8.6763512809e-04 0 0
962 1.0183098221e+00 1.0542528740e+00 1.0542528740e+00 1.0663457616e+00 1.0821173183e+00 4.9468656180e-01 5.0247982323e-01 5.0247982323e-01 4.9819384482e-01 5.0008552252e-01 1.0169498837e-03 1.1785712850e-03 1.1450297025e-03 8.0723298938e-04 8.7454197637e-04 8.7892910233e-04 0 0
963 1.0097290403e+00 1.0571901370e+00 1.0571901370e+00 1.0640703370e+00 1.0831072171e+00 4.9422488871e-01 5.0199527336e-01 5.0199527336e-01 4.9772731990e-01 4.9959314458e-01 9.6812312194e-04 1.1967191531e-03 1.1078077659e-03 7.8163181481e-04 8.7995815556e-04 8.7355486176e-04 0 0
964 1.0100420013e+00 1.0509087014e+00 1.0509087014e+00 1.0522154660e+00 1.0714536382e+00 4.9377154783e-01 5.0150202265e-01 5.0150202265e-01 4.9724408899e-01 4.9909299947e-01 9.4589208141e-04 1.0719681450e-03 1.1020166567e-03 7.6564514932e-04 8.4297901776e-04 8.7476363115e-04 0 0
965 1.0142480680e+00 1.0499796025e+00 1.0499796025e+00 1.0561187746e+00 1.0564978921e+00 4.9331434654e-01 5.0100250646e-01 5.0100250646e-01 4.9675939296e-01 4.9860411126e-01 9.2359644839e-04 1.0150851158e-03 1.1114277586e-03 7.5833987925e-04 8.2097656559e-04 8.6973495490e-04 0 0
966 1.0153353297e+00 1.0456950812e+00 1.0456950812e+00 1.0471287498e+00 1.0640059135e+00 4.9287158333e-01 5.0050921656e-01 5.0050921656e-01 4.9628670756e-01 4.9812480286e-01 9.5557694541e-04 1.0827226215e-03 1.0626608564e-03 7.5781925823e-04 8.4009449347e-04 8.4387300012e-04 0 0
967 1.0111789516e+00 1.0466957508e+00 1.0466957508e+00 1.0478294420e+00 1.0516144700e+00 4.9243427966e-01 5.0001951652e-01 5.0001951652e-01 4.9582105163e-01 4.9764146036e-01 1.0416734335e-03 1.1203306785e-03 1.0552713647e-03 7.8599301000e-04 8.4952369798e-04 8.4259311552e-04 0 0
968 1.0169437989e+00 1.0313623541e+00 1.0313623541e+00 1.0437067578e+00 1.0486192691e+00 4.9198768894e-01 4.9953975843e-01 4.9953975843e-01 4.9534964743e-01 4.9716362380e-01 1.0534393685e-03 1.0691687639e-03 1.0266097670e-03 7.9793572597e-04 8.3232410543e-04 8.2114814722e-04 0 0
969 1.0071569595e+00 1.0302447998e+00 1.0302447998e+00 1.0352671690e+00 1.0498266564e+00 4.9152535762e-01 4.9907689379e-01 4.9907689379e-01 4.9487361172e-01 4.9668859024e-01 9.3779039662e-04 9.8685000557e-04 1.0785433697e-03 7.6346556802e-04 7.9936336260e-04 8.3622217062e-04 0 0
970 1.0171183311e+00 1.0311701195e+00 1.0311701195e+00 1.0130952139e+00 1.0515607651e+00 4.9105562448e-01 4.9860943159e-01 4.9860943159e-01 4.9440611916e-01 4.9621480309e-01 8.4122469819e-04 9.7207527142e-04 1.0959021165e-03 7.2599696002e-04 7.8482038225e-04 8.4334025451e-04 0 0
971 1.0073125026e+00 1.0417865239e+00 1.0417865239e+00 1.0075131903e+00 1.0446587597e+00 4.9058852594e-01 4.9812393049e-01 4.9812393049e-01 4.9396105063e-01 4.9573941801e-01 8.3397246337e-04 1.0034630832e-03 1.0738788696e-03 7.2064580460e-04 7.7954860171e-04 8.3917863958e-04 0 0
972 1.0014431461e+00 1.0335125235e+00 1.0335125235e+00 1.0121477315e+00 1.0384756704e+00 4.9013452964e-01 4.9763494490e-01 4.9763494490e-01 4.9352278530e-01 4.9526807068e-01 8.4766951839e-04 1.0363910114e-03 1.0145093256e-03 7.1773807892e-04 7.8750590910e-04 8.1162761489e-04 0 0
973 9.9380399998e-01 1.0194872266e+00 1.0194872266e+00 1.0123879234e+00 1.0240426859e+00 4.8971163293e-01 4.9714889555e-01 4.9714889555e-01 4.9307411065e-01 4.9480648460e-01 9.7967659954e-04 9.8260727827e-04 1.0308047931e-03 7.4417384896e-04 7.7470895485e-04 8.0548426195e-04 0 0
974 1.0011954013e+00 9.9745315839e-01 9.9745315839e-01 1.0094948780e+00 1.0172189126e+00 4.8929660637e-01 4.9667383619e-01 4.9667383619e-01 4.9262285977e-01 4.9435345260e-01 1.1235463678e-03 9.6595312061e-04 1.0545403929e-03 7.8623105565e-04 7.6779448136e-04 8.0372361117e-04 0 0
975 1.0068289469e+00 9.8805822336e-01 9.8805822336e-01 1.0114956466e+00 1.0069415521e+00 4.8884708712e-01 4.9621828144e-01 4.9621828144e-01 4.9216841808e-01 4.9390733443e-01 1.0014530852e-03 9.6815805591e-04 1.0450358386e-03 7.6894634813e-04 7.6971977251e-04 7.9414962966e-04 0 0
976 1.0064484814e+00 9.8725288776e-01 9.8725288776e-01 1.0108004235e+00 1.0116780799e+00 4.8837646215e-01 4.9578276634e-01 4.9578276634e-01 4.9172049900e-01 4.9346465248e-01 8.5597701396e-04 1.0128382419e-03 1.0000431794e-03 7.2658376128e-04 7.8111613402e-04 7.7604937542e-04 0 0
977 1.0068311029e+00 9.9787829743e-01 9.9787829743e-01 1.0079981056e+00 1.0042187282e+00 4.8790665226e-01 4.9534232964e-01 4.9534232964e-01 4.9128032800e-01 4.9301428829e-01 8.1630338020e-04 1.0215565562e-03 9.5125552616e-04 7.1056159087e-04 7.7647071157e-04 7.6403620187e-04 0 0
978 9.9148590623e-01 9.8726499272e-01 9.8726499272e-01 1.0031717634e+00 1.0078223472e+00 4.8744463028e-01 4.9488364107e-01 4.9488364107e-01 4.9083961898e-01 4.9256474834e-01 8.4050620036e-04 9.8945750506e-04 9.5283417613e-04 7.1550677366e-04 7.6238662587e-04 7.6159521996e-04 0 0
979 9.9027795986e-01 9.9028300931e-01 9.9028300931e-01 9.9029759388e-01 1.0124393055e+00 4.8700095368e-01 4.9441959643e-01 4.9441959643e-01 4.9038862861e-01 4.9211563680e-01 9.1721262737e-04 9.5984266954e-04 9.8964877543e-04 7.3026793482e-04 7.5827760156e-04 7.7283573046e-04 0 0
980 9.8834299809e-01 9.9305125808e-01 9.9305125808e-01 9.8717972656e-01 1.0059861964e+00 4.8657090355e-01 4.9396028817e-01 4.9396028817e-01 4.8993640846e-01 4.9166584894e-01 1.0223058344e-03 8.9478281734e-04 1.0046511015e-03 7.5694975385e-04 7.3347199941e-04 7.7799295832e-04 0 0
981 9.8175259117e-01 9.8759340014e-01 9.8759340014e-01 9.9595614025e-01 9.9981694669e-01 4.8613808696e-01 4.9351591476e-01 4.9351591476e-01 4.8948459832e-01 4.9122094232e-01 1.0038830728e-03 8.7790795078e-04 9.9984256667e-04 7.5231157852e-04 7.2659326543e-04 7.7157467604e-04 0 0
982 9.7353570594e-01 9.8428628915e-01 9.8428628915e-01 1.0016151401e+00 1.0011283834e+00 4.8570332452e-01 4.9309120121e-01 4.9309120121e-01 4.8903056545e-01 4.9077962574e-01 9.1763211966e-04 8.6849475338e-04 9.6081415541e-04 7.2135215227e-04 7.2241364978e-04 7.5214779645e-04 0 0
983 9.5833695145e-01 9.8043300366e-01 9.8043300366e-01 1.0006939000e+00 9.9368944029e-01 4.8526683323e-01 4.9265873127e-01 4.9265873127e-01 4.8858426686e-01 4.9033257735e-01 8.5891373814e-04 9.4236913719e-04 9.4533828087e-04 6.9773570386e-04 7.4255773507e-04 7.4900504842e-04 0 0
984 9.5184965983e-01 9.6941048656e-01 9.6941048656e-01 9.9520539706e-01 9.8980013413e-01 4.8482985335e-01 4.9220865674e-01 4.9220865674e-01 4.8814636475e-01 4.8989042598e-01 8.3886117334e-04 1.0407292284e-03 9.5206906553e-04 6.8678657029e-04 7.7127487748e-04 7.4663138366e-04 0 0
985 9.6096829744e-01 9.6802810721e-01 9.6802810721e-01 1.0008409734e+00 9.8796109151e-01 4.8440014253e-01 4.9175592661e-01 4.9175592661e-01 4.8770461743e-01 4.8945349264e-01 8.3204248747e-04 1.0339818255e-03 9.5916428836e-04 6.7683063747e-04 7.7329654596e-04 7.4524880620e-04 0 0
986 9.6409708010e-01 9.7386716052e-01 9.7386716052e-01 1.0012823801e+00 9.9210655828e-01 4.8397656517e-01 4.9130498838e-01 4.9130498838e-01 4.8724740106e-01 4.8900866872e-01 8.7997680089e-04 9.1437065566e-04 9.3313895923e-04 6.9276981973e-04 7.4158563802e-04 7.4128674169e-04 0 0
987 9.5510641572e-01 9.7492480477e-01 9.7492480477e-01 9.9069231682e-01 9.9755071785e-01 4.8357323327e-01 4.9085034258e-01 4.9085034258e-01 4.8679005090e-01 4.8856086299e-01 9.4951330230e-04 8.6833679234e-04 9.3326163187e-04 7.0364052820e-04 7.2197370173e-04 7.4136268813e-04 0 0
988 9.4050389600e-01 9.7221195844e-01 9.7221195844e-01 9.7852545674e-01 1.0008511907e+00 4.8317245811e-01 4.9039588164e-01 4.9039588164e-01 4.8633112145e-01 4.8811106121e-01 9.7076392528e-04 8.3842227468e-04 9.5763140416e-04 7.0707487264e-04 7.0771762694e-04 7.4966515240e-04 0 0
989 9.3799203055e-01 9.7163159429e-01 9.7163159429e-01 9.6744430904e-01 9.9577463873e-01 4.8276149676e-01 4.8994355589e-01 4.8994355589e-01 4.8588203009e-01 4.8767263215e-01 8.9695068928e-04 8.4509144654e-04 1.0124187102e-03 6.8380055897e-04 7.0097540447e-04 7.6037313556e-04 0 0
990 9.4169471436e-01 9.7541769446e-01 9.7541769446e-01 9.5857270139e-01 9.8469393347e-01 4.8233338300e-01 4.8949884932e-01 4.8949884932e-01 4.8544267198e-01 4.8722829535e-01 7.8182685730e-04 8.5602393665e-04 9.9150059395e-04 6.4939943902e-04 6.9798358891e-04 7.5925135752e-04 0 0
991 9.5035811805e-01 9.6988814161e-01 9.6988814161e-01 9.5861823207e-01 9.8543815119e-01 4.8190781609e-01 4.8906472566e-01 4.8906472566e-01 4.8500522725e-01 4.8677903649e-01 7.5496301978e-04 8.2927597396e-04 9.1238510504e-04 6.3879200492e-04 6.8534568709e-04 7.3349304148e-04 0 0
992 9.4312793134e-01 9.6244758488e-01 9.6244758488e-01 9.6612122364e-01 9.7670192677e-01 4.8148467362e-01 4.8863356833e-01 4.8863356833e-01 4.8456762646e-01 4.8633525630e-01 7.5136783601e-04 8.1735124695e-04 9.0102065587e-04 6.3861669876e-04 6.7852888606e-04 7.2264905612e-04 0 0
993 9.3767007288e-01 9.5094729050e-01 9.5094729050e-01 9.6727222355e-01 9.7695789153e-01 4.8106596734e-01 4.8820001920e-01 4.8820001920e-01 4.8413101201e-01 4.8590250450e-01 7.6277660793e-04 8.0760901619e-04 9.2102336930e-04 6.3839314892e-04 6.7155795114e-04 7.1826904605e-04 0 0
994 9.2292956914e-01 9.4824363323e-01 9.4824363323e-01 9.5663020626e-01 9.6128517739e-01 4.8064932884e-01 4.8775377172e-01 4.8775377172e-01 4.8370942461e-01 4.8547941705e-01 8.2569698970e-04 8.6714576173e-04 9.7488067695e-04 6.5702197909e-04 6.8405753700e-04 7.2907118010e-04 0 0
995 9.3013242393e-01 9.4526145734e-01 9.4526145734e-01 9.4695673950e-01 9.6451975715e-01 4.8023031377e-01 4.8731240881e-01 4.8731240881e-01 4.8330954753e-01 4.8505429192e-01 8.2175854210e-04 9.7476740484e-04 9.1597641585e-04 6.5354577825e-04 7.0773831976e-04 7.0868196781e-04 0 0
996 9.4001168829e-01 9.4680321802e-01 9.4680321802e-01 9.4250112987e-01 9.6041780468e-01 4.7980086449e-01 4.8687876069e-01 4.8687876069e-01 4.8290735429e-01 4.8462429403e-01 7.7954486362e-04 9.3601430126e-04 8.6192508752e-04 6.4541015201e-04 6.9479637023e-04 6.9138994149e-04 0 0
997 9.4890129279e-01 9.3900864331e-01 9.3900864331e-01 9.4870118956e-01 9.6043381245e-01 4.7936410789e-01 4.8646293968e-01 4.8646293968e-01 4.8248457759e-01 4.8419231404e-01 7.3392216888e-04 8.0997899931e-04 8.2471536007e-04 6.3426811021e-04 6.5925174567e-04 6.7606360244e-04 0 0
998 9.4324849977e-01 9.3328044534e-01 9.3328044534e-01 9.5064974089e-01 9.5310558041e-01 4.7892405832e-01 4.8604878511e-01 4.8604878511e-01 4.8206125110e-01 4.8376944867e-01 7.3210657000e-04 7.7773655357e-04 8.6082388589e-04 6.3494963830e-04 6.4373847272e-04 6.8146327976e-04 0 0
999 9.3623109974e-01 9.3301530100e-01 9.3301530100e-01 9.4472223367e-01 9.3761682379e-01 4.7848729433e-01 4.8562439168e-01 4.8562439168e-01 4.8165059823e-01 4.8335430380e-01 7.2440322103e-04 8.3349483612e-04 9.0902755619e-04 6.2491131755e-04 6.5762375016e-04 6.9392300793e-04 0 0
1000 9.1631294881e-01 9.2456032124e-01 9.2456032124e-01 9.3732753797e-01 9.3707358676e-01 4.7806766648e-01 4.8519658772e-01 4.8519658772e-01 4.8125774602e-01 4.8294234052e-01 7.7811566030e-04 9.4528480258e-04 8.7878872000e-04 6.3241338853e-04 6.8804222974e-04 6.8059135810e-04 0 0
1001 9.1148283754e-01 9.2660508339e-01 9.2660508339e-01 9.4954691814e-01 9.4201120749e-01 4.7766501649e-01 4.8477498730e-01 4.8477498730e-01 4.8085234480e-01 4.8252121817e-01 8.2445559937e-04 9.0042514785e-04 7.7795246034e-04 6.3891768534e-04 6.8218381784e-04 6.4641956124e-04 0 0
1002 9.1800924452e-01 9.2314283830e-01 9.2314283830e-01 9.4514030472e-01 9.4841130376e-01 4.7726265938e-01 4.8435648147e-01 4.8435648147e-01 4.8042590007e-01 4.8209500095e-01 8.1123557594e-04 8.0424596672e-04 7.5246943743e-04 6.3549990697e-04 6.5654044738e-04 6.3647096977e-04 0 0
1003 9.1808008167e-01 9.2245946557e-01 9.2245946557e-01 9.5205612909e-01 9.4152939652e-01 4.7685248313e-01 4.8395363258e-01 4.8395363258e-01 4.7998652036e-01 4.8167688847e-01 7.6627085602e-04 7.2882152745e-04 7.9597483273e-04 6.2286586217e-04 6.2917234027e-04 6.4660052885e-04 0 0
1004 9.1278077135e-01 9.2510253235e-01 9.2510253235e-01 9.4921410132e-01 9.3827603130e-01 4.7643922799e-01 4.8356053609e-01 4.8356053609e-01 4.7954593584e-01 4.8127567808e-01 7.2940857298e-04 7.2900000669e-04 8.7980639364e-04 6.0696286527e-04 6.2986111152e-04 6.6753188730e-04 0 0
1005 9.0628777278e-01 9.2799026976e-01 9.2799026976e-01 9.4199997434e-01 9.4015685349e-01 4.7603784742e-01 4.8314875287e-01 4.8314875287e-01 4.7911642712e-01 4.8088085934e-01 7.6924562181e-04 7.7281001722e-04 9.5668678114e-04 6.1279482270e-04 6.4361002296e-04 6.9283429184e-04 0 0
1006 9.0080263001e-01 9.2548710138e-01 9.2548710138e-01 9.2645875268e-01 9.4879654926e-01 4.7565016633e-01 4.8273131004e-01 4.8273131004e-01 4.7870938918e-01 4.8046470285e-01 8.3855525072e-04 8.7350775721e-04 8.3578359045e-04 6.3001736775e-04 6.6707981750e-04 6.6355995659e-04 0 0
1007 9.0474337927e-01 9.1188530140e-01 9.1188530140e-01 9.3090989788e-01 9.4455691359e-01 4.7525569274e-01 4.8230679165e-01 4.8230679165e-01 4.7830262946e-01 4.8003239579e-01 8.0478623594e-04 8.9076190488e-04 7.5799699698e-04 6.2372605633e-04 6.7002543074e-04 6.3877177308e-04 0 0
1008 9.1349063785e-01 9.1253965631e-01 9.1253965631e-01 9.2323182966e-01 9.4619182012e-01 4.7484672909e-01 4.8188581709e-01 4.8188581709e-01 4.7788550937e-01 4.7960138210e-01 7.2308574474e-04 8.2035134255e-04 7.4910616968e-04 6.0027494834e-04 6.4700208895e-04 6.2993989559e-04 0 0
1009 9.1042542142e-01 9.2001627379e-01 9.2001627379e-01 9.1813164950e-01 9.4163413277e-01 4.7442919840e-01 4.8146320784e-01 4.8146320784e-01 4.7746093582e-01 4.7918781621e-01 6.8419781263e-04 7.3250093556e-04 8.6061787442e-04 5.8646654878e-04 6.1613124853e-04 6.6244789923e-04 0 0
1010 9.0466596418e-01 9.2109501704e-01 9.2109501704e-01 9.1031855867e-01 9.3683058761e-01 4.7402436539e-01 4.8104048617e-01 4.8104048617e-01 4.7704969406e-01 4.7879044190e-01 7.1811981453e-04 7.3351695028e-04 9.8078482552e-04 5.9038162731e-04 6.0936468071e-04 6.9664203329e-04 0 0
1011 9.0547816088e-01 9.1635486690e-01 9.1635486690e-01 9.0490916144e-01 9.3749417661e-01 4.7364475067e-01 4.8062168671e-01 4.8062168671e-01 4.7664356707e-01 4.7837914391e-01 8.1240895117e-04 7.6488034392e-04 8.9104339713e-04 6.1008669205e-04 6.1959077721e-04 6.7626834789e-04 0 0
1012 9.0041924650e-01 9.0414885593e-01 9.0414885593e-01 9.0250412436e-01 9.3192853617e-01 4.7326927929e-01 4.8021644508e-01 4.8021644508e-01 4.7623937427e-01 4.7795479890e-01 9.2007511663e-04 7.7399285510e-04 7.5263419421e-04 6.4792939936e-04 6.1942252796e-04 6.2752558733e-04 0 0
1013 9.0700669632e-01 8.9275356714e-01 8.9275356714e-01 9.1280173504e-01 9.2216273642e-01 4.7287076719e-01 4.7982020550e-01 4.7982020550e-01 4.7582210196e-01 4.7752560016e-01 7.7801083709e-04 7.2336470475e-04 7.0490586222e-04 6.1312409842e-04 6.0527982714e-04 6.0676077555e-04 0 0
1014 9.0979741744e-01 8.9674024733e-01 8.9674024733e-01 9.1765267632e-01 9.1620290017e-01 4.7245255173e-01 4.7942040260e-01 4.7942040260e-01 4.7540416419e-01 4.7710791606e-01 6.7023358730e-04 6.9273167173e-04 7.1080996713e-04 5.7974952850e-04 5.9252711071e-04 6.0127858887e-04 0 0
1015 9.0480261144e-01 8.9675619953e-01 8.9675619953e-01 9.1124975838e-01 9.0612462426e-01 4.7203195478e-01 4.7901114826e-01 4.7901114826e-01 4.7498522635e-01 4.7670879380e-01 6.3857094054e-04 6.6518774838e-04 7.8094071068e-04 5.6598844471e-04 5.8288458968e-04 6.1895535327e-04 0 0
1016 8.9940947039e-01 8.9393632587e-01 8.9393632587e-01 9.1340581013e-01 9.0755308125e-01 4.7161592326e-01 4.7860535048e-01 4.7860535048e-01 4.7456572084e-01 4.7632178458e-01 6.2225007824e-04 6.5278346301e-04 8.5030838090e-04 5.5746883730e-04 5.7741452474e-04 6.3687287911e-04 0 0
1017 8.9720404990e-01 8.8566271037e-01 8.8566271037e-01 9.0581545400e-01 9.0967309186e-01 4.7120981975e-01 4.7820919626e-01 4.7820919626e-01 4.7415503191e-01 4.7592301482e-01 6.2396339562e-04 6.9144088775e-04 8.2127618953e-04 5.5295127247e-04 5.8492625249e-04 6.3267265796e-04 0 0
1018 8.8368898221e-01 8.8433989330e-01 8.8433989330e-01 8.9896237549e-01 9.1697406040e-01 4.7080808829e-01 4.7782249472e-01 4.7782249472e-01 4.7376209868e-01 4.7550878098e-01 6.4154882565e-04 7.7779372805e-04 7.1823468897e-04 5.5514701740e-04 6.0479645617e-04 5.9966353001e-04 0 0
1019 8.8238339904e-01 8.9337306444e-01 8.9337306444e-01 9.0236840896e-01 9.0341102145e-01 4.7041520026e-01 4.7742609525e-01 4.7742609525e-01 4.7337952648e-01 4.7509457648e-01 6.8230399235e-04 8.6104949878e-04 7.0170442632e-04 5.6188249890e-04 6.2912490102e-04 5.9248147591e-04 0 0
1020 8.8236754260e-01 8.8260185632e-01 8.8260185632e-01 9.1052232388e-01 8.9761760245e-01 4.7004169032e-01 4.7702769702e-01 4.7702769702e-01 4.7298589750e-01 4.7469052550e-01 8.1085108618e-04 8.1570880138e-04 7.0355320349e-04 5.9548268959e-04 6.2375656853e-04 5.8755035570e-04 0 0
1021 8.8971529594e-01 8.7840307455e-01 8.7840307455e-01 9.0778132663e-01 8.9063459525e-01 4.6965910194e-01 4.7662656601e-01 4.7662656601e-01 4.7258318547e-01 4.7429631611e-01 8.2737462372e-04 7.3152239202e-04 7.7283116116e-04 6.1002547922e-04 5.9775104455e-04 6.0808715352e-04 0 0
1022 8.8489555132e-01 8.7311200405e-01 8.7311200405e-01 8.9837556294e-01 9.0256132871e-01 4.6926481969e-01 4.7623105054e-01 4.7623105054e-01 4.7217804244e-01 4.7390394688e-01 7.3877895033e-04 6.9277928560e-04 7.9695777094e-04 5.8648363079e-04 5.8048730716e-04 6.1331923644e-04 0 0
1023 8.7654725150e-01 8.7795229534e-01 8.7795229534e-01 8.8465968291e-01 9.0392195590e-01 4.6886721948e-01 4.7583452235e-01 4.7583452235e-01 4.7178721987e-01 4.7350745664e-01 6.8247179815e-04 7.5990136247e-04 7.9261374776e-04 5.6458460706e-04 5.9452650021e-04 6.1271931918e-04 0 0
1024 8.5820409617e-01 8.8091032638e-01 8.8091032638e-01 8.8458351341e-01 9.0236230930e-01 4.6848237486e-01 4.7543596767e-01 4.7543596767e-01 4.7140963392e-01 4.7310921109e-01 7.0528915180e-04 8.2358007785e-04 7.6331541641e-04 5.6175180385e-04 6.0882109392e-04 6.0352588480e-04 0 0
1025 8.5380770925e-01 8.7521223492e-01 8.7521223492e-01 8.8653853555e-01 8.8775375224e-01 4.6810305247e-01 4.7503291209e-01 4.7503291209e-01 4.7102063979e-01 4.7272032322e-01 7.2606256742e-04 7.6073888340e-04 7.8805106750e-04 5.6473766274e-04 5.9577834327e-04 6.0853414470e-04 0 0
1026 8.5691362013e-01 8.6819694809e-01 8.6819694809e-01 8.9137972467e-01 8.9059363067e-01 4.6772275851e-01 4.7463611559e-01 4.7463611559e-01 4.7062238131e-01 4.7233435406e-01 7.0632941528e-04 6.8088802800e-04 7.9691245628e-04 5.5883521806e-04 5.6986528216e-04 6.1004095187e-04 0 0
1027 8.6127775977e-01 8.6971988877e-01 8.6971988877e-01 8.9087636855e-01 8.9452121762e-01 4.6733908229e-01 4.7424265935e-01 4.7424265935e-01 4.7020960944e-01 4.7194131429e-01 6.5138521598e-04 6.2716043612e-04 7.6079001883e-04 5.3985852176e-04 5.5284328118e-04 5.9866966330e-04 0 0
1028 8.5163028956e-01 8.7107134050e-01 8.7107134050e-01 8.9109881664e-01 8.8775457262e-01 4.6695490388e-01 4.7384905358e-01 4.7384905358e-01 4.6980010122e-01 4.7154308648e-01 6.0459815164e-04 6.4388770261e-04 7.3201637133e-04 5.1902445218e-04 5.5450219952e-04 5.8815295051e-04 0 0
1029 8.5005685024e-01 8.6440990424e-01 8.6440990424e-01 8.8175882064e-01 8.7832489284e-01 4.6656729848e-01 4.7346129996e-01 4.7346129996e-01 4.6941105122e-01 4.7115725163e-01 5.6993503193e-04 7.3536223499e-04 7.4311028584e-04 5.0405813271e-04 5.7790732535e-04 5.8326973522e-04 0 0
1030 8.4399223727e-01 8.6020367290e-01 8.6020367290e-01 8.7595860942e-01 8.7507642259e-01 4.6618374201e-01 4.7308346114e-01 4.7308346114e-01 4.6904047870e-01 4.7077653589e-01 5.6015159983e-04 8.4810935368e-04 7.6018390246e-04 4.9680178544e-04 6.0789268173e-04 5.8768362214e-04 0 0
1031 8.3627913785e-01 8.5647875243e-01 8.5647875243e-01 8.7735891193e-01 8.7907161640e-01 4.6580280424e-01 4.7270420028e-01 4.7270420028e-01 4.6866027941e-01 4.7039453106e-01 5.4781856692e-04 7.9360339441e-04 7.5921337702e-04 4.9067124368e-04 5.9603792033e-04 5.8804528089e-04 0 0
1032 8.3757410723e-01 8.6354178385e-01 8.6354178385e-01 8.7751971337e-01 8.8314818229e-01 4.6542992467e-01 4.7232079566e-01 4.7232079566e-01 4.6826512656e-01 4.6999995665e-01 5.4727227030e-04 6.7158807360e-04 7.1413131081e-04 4.8525212440e-04 5.5635366880e-04 5.7606898190e-04 0 0
1033 8.2360577953e-01 8.6296928603e-01 8.6296928603e-01 8.7322116025e-01 8.7927127887e-01 4.6506071773e-01 4.7192723288e-01 4.7192723288e-01 4.6786153902e-01 4.6959264046e-01 5.6611999370e-04 6.0709638637e-04 6.8714900408e-04 4.9000428096e-04 5.3188815946e-04 5.7045440190e-04 0 0
1034 8.1935882084e-01 8.5709936381e-01 8.5709936381e-01 8.6554879790e-01 8.7223340653e-01 4.6470125053e-01 4.7153111558e-01 4.7153111558e-01 4.6746099369e-01 4.6918888185e-01 5.8521322706e-04 5.8645286481e-04 6.7948592186e-04 4.9102014213e-04 5.2110860997e-04 5.6454833248e-04 0 0
1035 8.1666317110e-01 8.5035960080e-01 8.5035960080e-01 8.5635414204e-01 8.6212793831e-01 4.6435881053e-01 4.7113997444e-01 4.7113997444e-01 4.6707146537e-01 4.6879499363e-01 6.5315110285e-04 5.8544457715e-04 6.9549548789e-04 5.0691641775e-04 5.1511522906e-04 5.6643813150e-04 0 0
1036 8.2011120950e-01 8.4145272073e-01 8.4145272073e-01 8.5067256745e-01 8.5777905700e-01 4.6402049336e-01 4.7075266180e-01 4.7075266180e-01 4.6669672522e-01 4.6841161376e-01 7.0088147436e-04 5.9520054492e-04 6.9352002174e-04 5.2221899989e-04 5.0895292952e-04 5.5872501980e-04 0 0
1037 8.1718366141e-01 8.4456806791e-01 8.4456806791e-01 8.3544190814e-01 8.5771021850e-01 4.6366751738e-01 4.7036505726e-01 4.7036505726e-01 4.6634076395e-01 4.6803097551e-01 6.3761626080e-04 6.7146634683e-04 6.9177791011e-04 5.0751105867e-04 5.2448625502e-04 5.5349021568e-04 0 0
1038 8.1208520903e-01 8.4200827650e-01 8.4200827650e-01 8.3330664021e-01 8.5677980092e-01 4.6330948199e-01 4.6997673235e-01 4.6997673235e-01 4.6600087875e-01 4.6765556263e-01 5.9366959908e-04 7.8016195039e-04 7.0764162228e-04 4.9118777478e-04 5.5110368703e-04 5.5301892280e-04 0 0
1039 7.9777706870e-01 8.3635369751e-01 8.3635369751e-01 8.3581769388e-01 8.3996727501e-01 4.6295242064e-01 4.6959672630e-01 4.6959672630e-01 4.6564656454e-01 4.6728430263e-01 5.6313575803e-04 7.2930481110e-04 7.1931566345e-04 4.7679853360e-04 5.4473108321e-04 5.5425298342e-04 0 0
1040 8.0088358995e-01 8.2094073989e-01 8.2094073989e-01 8.4255381847e-01 8.4226729664e-01 4.6260221185e-01 4.6923214569e-01 4.6923214569e-01 4.6528268879e-01 4.6692216612e-01 5.4780711833e-04 6.0901399411e-04 7.0732622407e-04 4.6607128972e-04 5.0583775737e-04 5.4462152184e-04 0 0
1041 8.0011932925e-01 8.2296375349e-01 8.2296375349e-01 8.2775000413e-01 8.3681270871e-01 4.6225477886e-01 4.6887759724e-01 4.6887759724e-01 4.6492120040e-01 4.6656177591e-01 5.6343613986e-04 5.9416185832e-04 6.8137972266e-04 4.7063258913e-04 4.9784679140e-04 5.3390247922e-04 0 0
1042 7.9292787155e-01 8.2046485576e-01 8.2046485576e-01 8.2238168645e-01 8.3426946149e-01 4.6191105734e-01 4.6851869471e-01 4.6851869471e-01 4.6457079492e-01 4.6619545331e-01 5.8599942012e-04 6.2302773586e-04 6.3444155967e-04 4.7552044363e-04 5.0041521899e-04 5.1742758660e-04 0 0
1043 7.9493414136e-01 8.1842364876e-01 8.1842364876e-01 8.2220310146e-01 8.2525431857e-01 4.6156616181e-01 4.6815174576e-01 4.6815174576e-01 4.6423592980e-01 4.6583453773e-01 5.9101273089e-04 7.2048515722e-04 6.4450984064e-04 4.7603525503e-04 5.2531516121e-04 5.1551758952e-04 0 0
1044 7.9018377176e-01 8.1113627502e-01 8.1113627502e-01 8.2648285408e-01 8.2306035388e-01 4.6121800927e-01 4.6779573755e-01 4.6779573755e-01 4.6389013949e-01 4.6548113244e-01 5.7990044862e-04 6.9290969986e-04 6.6596988472e-04 4.7273582722e-04 5.2381608111e-04 5.1871578034e-04 0 0
1045 7.8379583027e-01 8.0450215103e-01 8.0450215103e-01 8.2490424717e-01 8.2015029802e-01 4.6086803453e-01 4.6745034526e-01 4.6745034526e-01 4.6353401074e-01 4.6512674611e-01 5.5772309213e-04 6.1269350408e-04 6.4823473804e-04 4.6504468385e-04 4.9995556765e-04 5.1419719239e-04 0 0
1046 7.8503340548e-01 8.0591700427e-01 8.0591700427e-01 8.1708318535e-01 8.2630067863e-01 4.6051954298e-01 4.6710406055e-01 4.6710406055e-01 4.6318103016e-01 4.6477101056e-01 5.2303210020e-04 5.8780969994e-04 6.1402271967e-04 4.4914594947e-04 4.8602956667e-04 5.0195120275e-04 0 0
1047 7.8939933473e-01 8.1116805575e-01 8.1116805575e-01 7.9964878673e-01 8.2184804974e-01 4.6016753759e-01 4.6675146166e-01 4.6675146166e-01 4.6284172365e-01 4.6441541210e-01 5.0595470999e-04 6.2779488508e-04 6.0919184762e-04 4.4259829870e-04 4.9046151980e-04 4.9845324247e-04 0 0
1048 7.9628381586e-01 8.0216800358e-01 8.0216800358e-01 8.0384464473e-01 8.1837464958e-01 4.5980988322e-01 4.6639219488e-01 4.6639219488e-01 4.6251152700e-01 4.6406794751e-01 5.0336051715e-04 6.6287312075e-04 6.3185053295e-04 4.4386970714e-04 4.9628804845e-04 5.0021323841e-04 0 0
1049 7.9500234476e-01 8.0155825251e-01 8.0155825251e-01 8.0695685268e-01 8.0889470263e-01 4.5945342579e-01 4.6603189047e-01 4.6603189047e-01 4.6216988823e-01 4.6372914019e-01 5.2294294650e-04 6.3389062416e-04 6.9047897705e-04 4.5196105380e-04 4.9396100803e-04 5.1622268802e-04 0 0
1050 8.0055407967e-01 7.8854987990e-01 7.8854987990e-01 8.0936647663e-01 8.2166880697e-01 4.5911217243e-01 4.6568096963e-01 4.6568096963e-01 4.6182070074e-01 4.6338931138e-01 5.6499913982e-04 5.7639101578e-04 6.8011030089e-04 4.6022332223e-04 4.7588586312e-04 5.1345875545e-04 0 0
1051 7.8711085534e-01 7.9110924438e-01 7.9110924438e-01 8.0374881243e-01 8.1212875706e-01 4.5878838543e-01 4.6533677880e-01 4.6533677880e-01 4.6147265455e-01 4.6304880535e-01 6.6953708625e-04 5.6803162443e-04 6.5188130247e-04 4.8736717460e-04 4.6967538219e-04 5.0234464288e-04 0 0
1052 7.9251514138e-01 7.8884386112e-01 7.8884386112e-01 7.9640145817e-01 8.0418403857e-01 4.5845884706e-01 4.6499848515e-01 4.6499848515e-01 4.6113425952e-01 4.6271232802e-01 6.6894782500e-04 5.9852882987e-04 6.3259853050e-04 4.8993069328e-04 4.7310463560e-04 4.8983833403e-04 0 0
1053 7.9114605383e-01 7.8828346396e-01 7.8828346396e-01 7.9118363986e-01 7.9316707301e-01 4.5811386709e-01 4.6465932142e-01 4.6465932142e-01 4.6080801284e-01 4.6237780561e-01 5.8831123223e-04 6.7584861245e-04 6.4520814340e-04 4.6917721790e-04 4.9286823196e-04 4.9175613094e-04 0 0
1054 7.9578251819e-01 7.8141355710e-01 7.8141355710e-01 7.9214634553e-01 8.0595323170e-01 4.5775914185e-01 4.6432378010e-01 4.6432378010e-01 4.6048088180e-01 4.6203527301e-01 5.1765550290e-04 6.6100621189e-04 6.0940990807e-04 4.4688757999e-04 4.8855190107e-04 4.8350603902e-04 0 0
1055 7.9164390894e-01 7.8041886943e-01 7.8041886943e-01 7.9812531695e-01 7.9945600452e-01 4.5740909018e-01 4.6398416038e-01 4.6398416038e-01 4.6014461153e-01 4.6168695908e-01 5.1652812322e-04 5.9015561419e-04 5.8577967866e-04 4.4411907756e-04 4.6818538249e-04 4.7814697609e-04 0 0
1056 7.8790949524e-01 7.7719107044e-01 7.7719107044e-01 7.9111974055e-01 8.0190777044e-01 4.5706143093e-01 4.6364488879e-01 4.6364488879e-01 4.5979974462e-01 4.6133326942e-01 5.4290674543e-04 5.6294398382e-04 5.3863614448e-04 4.5243663178e-04 4.6206107800e-04 4.6057870350e-04 0 0
1057 7.8539898541e-01 7.7529522287e-01 7.7529522287e-01 7.8617621592e-01 7.9866252759e-01 4.5671997832e-01 4.6329953653e-01 4.6329953653e-01 4.5945091111e-01 4.6098030235e-01 6.0295603713e-04 5.7239754824e-04 5.3402099002e-04 4.7000492026e-04 4.6735873912e-04 4.5578734716e-04 0 0
1058 7.8965457164e-01 7.7484588321e-01 7.7484588321e-01 7.9088645634e-01 7.8222566478e-01 4.5637800533e-01 4.6295897752e-01 4.6295897752e-01 4.5910433850e-01 4.6063763526e-01 6.2264335653e-04 5.8764616551e-04 5.6254293304e-04 4.7668157073e-04 4.7185563017e-04 4.5977008995e-04 0 0
1059 7.8705898224e-01 7.6506863056e-01 7.6506863056e-01 7.9288785973e-01 7.8177613423e-01 4.5603232982e-01 4.6262727919e-01 4.6262727919e-01 4.5875709221e-01 4.6031049335e-01 5.8494774748e-04 5.7289574761e-04 6.1306633870e-04 4.6535098697e-04 4.6694485354e-04 4.6942396875e-04 0 0
1060 7.8374108292e-01 7.6934297069e-01 7.6934297069e-01 7.9843109029e-01 7.9636541604e-01 4.5568506700e-01 4.6229784122e-01 4.6229784122e-01 4.5841434775e-01 4.5998711186e-01 5.4299518646e-04 5.6647832389e-04 6.4179301262e-04 4.5048429437e-04 4.6115113946e-04 4.7806108341e-04 0 0
1061 7.8007756701e-01 7.8352539586e-01 7.8352539586e-01 7.8451400794e-01 7.9684258844e-01 4.5533895277e-01 4.6196173234e-01 4.6196173234e-01 4.5807543893e-01 4.5964904049e-01 5.2872474051e-04 5.8341899421e-04 6.2255257217e-04 4.4280111701e-04 4.6404118621e-04 4.8084768059e-04 0 0
1062 7.7343611081e-01 7.7610261836e-01 7.7610261836e-01 7.8665641028e-01 7.9603151250e-01 4.5499255769e-01 4.6161960358e-01 4.6161960358e-01 4.5774228073e-01 4.5930481997e-01 5.5083721972e-04 6.1001259019e-04 5.9430715919e-04 4.4975542083e-04 4.6930526878e-04 4.7268192429e-04 0 0
1063 7.8034472599e-01 7.7322824133e-01 7.7322824133e-01 7.8603396061e-01 7.8611603713e-01 4.5464364334e-01 4.6127928066e-01 4.6127928066e-01 4.5740460248e-01 4.5896499210e-01 5.5731819641e-04 6.2356406124e-04 6.1330334574e-04 4.5273918716e-04 4.7782421461e-04 4.7648080363e-04 0 0
1064 7.8546159939e-01 7.6802849600e-01 7.6802849600e-01 7.9721765070e-01 7.8698447872e-01 4.5429129642e-01 4.6094307686e-01 4.6094307686e-01 4.5705656053e-01 4.5862721061e-01 5.6547792175e-04 5.6978310749e-04 6.0848933936e-04 4.5890201667e-04 4.6423231106e-04 4.7362479381e-04 0 0
1065 7.7732166807e-01 7.7393090280e-01 7.7393090280e-01 7.9742528811e-01 7.8655822806e-01 4.5393849794e-01 4.6060267372e-01 4.6060267372e-01 4.5670381881e-01 4.5828578049e-01 5.3483172695e-04 5.5040908046e-04 5.8195677411e-04 4.4712399279e-04 4.5849364687e-04 4.6597963228e-04 0 0
1066 7.7386666159e-01 7.7796704018e-01 7.7796704018e-01 7.8882787776e-01 7.8829970409e-01 4.5358645771e-01 4.6026191683e-01 4.6026191683e-01 4.5635742208e-01 4.5793841432e-01 5.0761775217e-04 5.7879995438e-04 5.4454540077e-04 4.3364033827e-04 4.6367602044e-04 4.5369522559e-04 0 0
1067 7.7284904042e-01 7.7051748214e-01 7.7051748214e-01 7.8002132836e-01 7.8586741641e-01 4.5323564425e-01 4.5992413919e-01 4.5992413919e-01 4.5601897721e-01 4.5759018549e-01 5.0746065644e-04 6.1612733407e-04 5.3763047617e-04 4.3081827658e-04 4.7139394155e-04 4.4995613280e-04 0 0
1068 7.6237453043e-01 7.6835592916e-01 7.6835592916e-01 7.8456583409e-01 7.8836824071e-01 4.5289443542e-01 4.5959366688e-01 4.5959366688e-01 4.5568171571e-01 4.5725062256e-01 5.3700363693e-04 6.1211815046e-04 5.7839085639e-04 4.3696537563e-04 4.6949617536e-04 4.6046966600e-04 0 0
1069 7.6849502619e-01 7.7384398597e-01 7.7384398597e-01 7.8669401715e-01 7.8817030303e-01 4.5256447218e-01 4.5926205667e-01 4.5926205667e-01 4.5533558574e-01 4.5691866969e-01 5.7606578744e-04 5.6261415011e-04 6.3639656582e-04 4.4643736598e-04 4.5718705951e-04 4.7796052968e-04 0 0
1070 7.7108872538e-01 7.7567472466e-01 7.7567472466e-01 7.9478889075e-01 7.9085728509e-01 4.5223549281e-01 4.5891877508e-01 4.5891877508e-01 4.5498657842e-01 4.5658346914e-01 6.1040694511e-04 5.2569138643e-04 6.4434995875e-04 4.5918460356e-04 4.4326064381e-04 4.8292995780e-04 0 0
1071 7.6503854163e-01 7.7615599249e-01 7.7615599249e-01 7.8281722467e-01 7.8189614993e-01 4.5189818657e-01 4.5856963410e-01 4.5856963410e-01 4.5463967571e-01 4.5623840217e-01 5.7896036625e-04 5.5774777138e-04 6.0554422089e-04 4.5081645208e-04 4.5284815860e-04 4.7327228094e-04 0 0
1072 7.6452147582e-01 7.6010591001e-01 7.6010591001e-01 7.8220284768e-01 7.7836249320e-01 4.5155708483e-01 4.5822299873e-01 4.5822299873e-01 4.5430264774e-01 4.5589199593e-01 5.3901903550e-04 6.1932571407e-04 5.6792817486e-04 4.3489320291e-04 4.6847136400e-04 4.5742330985e-04 0 0
1073 7.6371910983e-01 7.6187742488e-01 7.6187742488e-01 7.8058831089e-01 7.7547920595e-01 4.5121830647e-01 4.5788365093e-01 4.5788365093e-01 4.5396560888e-01 4.5554435293e-01 5.5326626735e-04 6.5119382634e-04 5.4990669014e-04 4.3883986343e-04 4.8052662896e-04 4.5081549615e-04 0 0
1074 7.6556457642e-01 7.6180126037e-01 7.6180126037e-01 7.8082691419e-01 7.8425491371e-01 4.5088825917e-01 4.5754550100e-01 4.5754550100e-01 4.5362352921e-01 4.5520346054e-01 5.7825360084e-04 5.8155045554e-04 5.5102832266e-04 4.4437961526e-04 4.5847822184e-04 4.4796127622e-04 0 0
1075 7.5782877295e-01 7.7212914673e-01 7.7212914673e-01 7.7447676675e-01 7.8373960781e-01 4.5056406604e-01 4.5720384253e-01 4.5720384253e-01 4.5327841688e-01 4.5487175608e-01 5.9183659504e-04 5.2663408860e-04 6.0125401069e-04 4.4603303820e-04 4.3785059825e-04 4.6161462524e-04 0 0
1076 7.4874193312e-01 7.6470814517e-01 7.6470814517e-01 7.7188677132e-01 7.8048794296e-01 4.5023795866e-01 4.5685846018e-01 4.5685846018e-01 4.5293426920e-01 4.5453864815e-01 5.6884252590e-04 5.2820048586e-04 6.3438442885e-04 4.3652375605e-04 4.3598999764e-04 4.7325120249e-04 0 0
1077 7.4804251287e-01 7.6085578746e-01 7.6085578746e-01 7.6331274803e-01 7.7597728271e-01 4.4990362513e-01 4.5651111712e-01 4.5651111712e-01 4.5260160397e-01 4.5419457525e-01 5.4053173856e-04 5.8688386343e-04 6.1981566250e-04 4.2798428432e-04 4.5067938481e-04 4.7311906383e-04 0 0
1078 7.4982674836e-01 7.5709255667e-01 7.5709255667e-01 7.6975861932e-01 7.7554055357e-01 4.4956171600e-01 4.5617256200e-01 4.5617256200e-01 4.5226489308e-01 4.5384250979e-01 5.1068474765e-04 5.8754243946e-04 5.5813303334e-04 4.1948009873e-04 4.5428236626e-04 4.5350615983e-04 0 0
1079 7.6002701305e-01 7.5996133593e-01 7.5996133593e-01 7.7586473484e-01 7.7712776548e-01 4.4921261771e-01 4.5583582733e-01 4.5583582733e-01 4.5192526481e-01 4.5349122413e-01 4.9743256127e-04 5.6144481641e-04 5.1665375941e-04 4.1889002398e-04 4.4695039833e-04 4.3684388947e-04 0 0
1080 7.6765231889e-01 7.5581462245e-01 7.5581462245e-01 7.6434798690e-01 7.7879621203e-01 4.4886739606e-01 4.5549993280e-01 4.5549993280e-01 4.5158303745e-01 4.5314322921e-01 5.0186933668e-04 5.3646061860e-04 4.9352279166e-04 4.1843103688e-04 4.3756738160e-04 4.2521033174e-04 0 0
1081 7.6620921806e-01 7.5378741183e-01 7.5378741183e-01 7.6527042596e-01 7.7061580825e-01 4.4853137769e-01 4.5516555477e-01 4.5516555477e-01 4.5124402966e-01 4.5279378828e-01 5.6638993774e-04 5.3435635346e-04 5.0403067144e-04 4.3711499651e-04 4.3208741408e-04 4.2906330054e-04 0 0
1082 7.6642608077e-01 7.4603223297e-01 7.4603223297e-01 7.6517625961e-01 7.6907625641e-01 4.4820448724e-01 4.5482897000e-01 4.5482897000e-01 4.5091155170e-01 4.5246024486e-01 6.5636423745e-04 5.8374191576e-04 5.5733633053e-04 4.6267371679e-04 4.4596522639e-04 4.3918508891e-04 0 0
1083 7.6801621683e-01 7.4769344895e-01 7.4769344895e-01 7.5953123993e-01 7.7017498927e-01 4.4785917584e-01 4.5449015989e-01 4.5449015989e-01 4.5058562109e-01 4.5214078499e-01 6.0104554488e-04 6.1760981043e-04 6.5584592812e-04 4.5477401790e-04 4.5508152834e-04 4.6633170859e-04 0 0
1084 7.7286987081e-01 7.5510260182e-01 7.5510260182e-01 7.5792601070e-01 7.7381267503e-01 4.4749568312e-01 4.5414665431e-01 4.5414665431e-01 4.5025701874e-01 4.5180955037e-01 5.1188539541e-04 5.6638805836e-04 6.2285512104e-04 4.3104572305e-04 4.3865421321e-04 4.6370773634e-04 0 0
1085 7.7185105829e-01 7.5856731616e-01 7.5856731616e-01 7.5000079473e-01 7.6673177111e-01 4.4713003692e-01 4.5380867746e-01 4.5380867746e-01 4.4992550488e-01 4.5146957168e-01 4.8471690015e-04 5.3137751820e-04 5.4667585937e-04 4.1990630177e-04 4.2552165542e-04 4.3986613309e-04 0 0
1086 7.7102548815e-01 7.4638217324e-01 7.4638217324e-01 7.4608318960e-01 7.6261983540e-01 4.4676304505e-01 4.5348851408e-01 4.5348851408e-01 4.4958647795e-01 4.5112228586e-01 4.6653867445e-04 5.2107038209e-04 5.0222933351e-04 4.1050880808e-04 4.2300687346e-04 4.2394535558e-04 0 0
1087 7.6024251192e-01 7.4466140426e-01 7.4466140426e-01 7.5260438089e-01 7.5591606598e-01 4.4640208158e-01 4.5316504987e-01 4.5316504987e-01 4.4923843608e-01 4.5077785262e-01 4.7806804077e-04 5.1198457368e-04 5.1917732344e-04 4.1084234622e-04 4.2271859274e-04 4.2743121594e-04 0 0
1088 7.4881593559e-01 7.5054391371e-01 7.5054391371e-01 7.6286356556e-01 7.4808010844e-01 4.4606255262e-01 4.5282784152e-01 4.5282784152e-01 4.4888516933e-01 4.5044166061e-01 5.2060335374e-04 5.0642604765e-04 5.4338068003e-04 4.1639695906e-04 4.2399629456e-04 4.3232813186e-04 0 0
1089 7.5169319873e-01 7.4343105337e-01 7.4343105337e-01 7.7116950164e-01 7.5126623264e-01 4.4574176927e-01 4.5248325504e-01 4.5248325504e-01 4.4853129322e-01 4.5011259965e-01 6.0404188524e-04 5.0070464204e-04 5.3541158559e-04 4.3663221787e-04 4.2305551324e-04 4.2562182352e-04 0 0
1090 7.5452919470e-01 7.4351166505e-01 7.4351166505e-01 7.7450692533e-01 7.5462712526e-01 4.4540519750e-01 4.5214186699e-01 4.5214186699e-01 4.4818558595e-01 4.4977925897e-01 6.0249452684e-04 5.3544796538e-04 5.1736000751e-04 4.4573522956e-04 4.3172106962e-04 4.2029437463e-04 0 0
1091 7.6005746253e-01 7.4150222463e-01 7.4150222463e-01 7.6368371413e-01 7.5563672949e-01 4.4505138740e-01 4.5179898182e-01 4.5179898182e-01 4.4784674902e-01 4.4945026959e-01 5.1321677537e-04 5.9844057250e-04 5.4711160192e-04 4.1944101236e-04 4.4984144915e-04 4.2641706386e-04 0 0
1092 7.5281472933e-01 7.4111990187e-01 7.4111990187e-01 7.6809416113e-01 7.5596782981e-01 4.4468455513e-01 4.5146314014e-01 4.5146314014e-01 4.4750596092e-01 4.4911900459e-01 4.6639030728e-04 6.1482650926e-04 5.9634089121e-04 4.0590024217e-04 4.5600506564e-04 4.4425021770e-04 0 0
1093 7.5516966839e-01 7.4084829674e-01 7.4084829674e-01 7.7142052688e-01 7.6663104201e-01 4.4432695767e-01 4.5113120355e-01 4.5113120355e-01 4.4715398151e-01 4.4877729224e-01 4.5954180269e-04 5.6910146668e-04 5.8017503761e-04 3.9895221108e-04 4.4602079288e-04 4.4502926175e-04 0 0
1094 7.4666867122e-01 7.5270122619e-01 7.5270122619e-01 7.5769656809e-01 7.7230791971e-01 4.4398399354e-01 4.5079339768e-01 4.5079339768e-01 4.4680395523e-01 4.4842359539e-01 4.9468797108e-04 5.4682424525e-04 5.2572257118e-04 4.0681616061e-04 4.3608596025e-04 4.3245558481e-04 0 0
1095 7.4699800046e-01 7.5283274540e-01 7.5283274540e-01 7.5532758719e-01 7.7154564433e-01 4.4365422539e-01 4.5044333394e-01 4.5044333394e-01 4.4645929102e-01 4.4806369763e-01 5.6321842643e-04 5.3258094704e-04 4.9067953660e-04 4.2513826670e-04 4.2564330215e-04 4.2156659038e-04 0 0
1096 7.4819845566e-01 7.4713325983e-01 7.4713325983e-01 7.4977593999e-01 7.7203276012e-01 4.4332132628e-01 4.5008792267e-01 4.5008792267e-01 4.4612020416e-01 4.4770888559e-01 5.9863193770e-04 5.7020669919e-04 5.0976604689e-04 4.3837784068e-04 4.3504429777e-04 4.2458614189e-04 0 0
1097 7.5016318514e-01 7.4617615090e-01 7.4617615090e-01 7.5131186601e-01 7.5978995434e-01 4.4297774201e-01 4.4973767076e-01 4.4973767076e-01 4.4578049444e-01 4.4736770116e-01 5.5009772797e-04 5.6371386745e-04 5.7609760552e-04 4.2542522971e-04 4.3240978994e-04 4.4071165030e-04 0 0
1098 7.3909223230e-01 7.4346600889e-01 7.4346600889e-01 7.5237845245e-01 7.6064022688e-01 4.4263232943e-01 4.4939162178e-01 4.4939162178e-01 4.4543598492e-01 4.4702812641e-01 5.1096033265e-04 5.2967628289e-04 6.1621535860e-04 4.1133361178e-04 4.2281283822e-04 4.5451834012e-04 0 0
1099 7.3465143436e-01 7.4566917922e-01 7.4566917922e-01 7.5152607718e-01 7.6219620291e-01 4.4230049660e-01 4.4904566282e-01 4.4904566282e-01 4.4508731078e-01 4.4667882848e-01 5.2392936747e-04 5.1806608099e-04 5.5887953204e-04 4.0898754557e-04 4.2080535786e-04 4.3946714140e-04 0 0
1100 7.3604081451e-01 7.4018110823e-01 7.4018110823e-01 7.4470948331e-01 7.6276599591e-01 4.4196704255e-01 4.4870361731e-01 4.4870361731e-01 4.4474301752e-01 4.4632330136e-01 5.4582282758e-04 5.3270168428e-04 4.8996286932e-04 4.1794158670e-04 4.2243622011e-04 4.1436900938e-04 0 0
1101 7.3867304605e-01 7.3682692250e-01 7.3682692250e-01 7.4534641405e-01 7.5356708072e-01 4.4162577059e-01 4.4836652141e-01 4.4836652141e-01 4.4439921143e-01 4.4596026086e-01 5.2558973293e-04 5.4213899421e-04 4.6007380297e-04 4.1306367198e-04 4.2410553579e-04 4.0389641799e-04 0 0
1102 7.4082975974e-01 7.2722365948e-01 7.2722365948e-01 7.5149196008e-01 7.5349673578e-01 4.4127468222e-01 4.4802920031e-01 4.4802920031e-01 4.4405228197e-01 4.4561048064e-01 4.8270050261e-04 5.3602979460e-04 4.8365139082e-04 3.9996366452e-04 4.2373076576e-04 4.0558164619e-04 0 0
1103 7.3884250285e-01 7.3041464865e-01 7.3041464865e-01 7.5248978525e-01 7.5026633580e-01 4.4093036249e-01 4.4769102654e-01 4.4769102654e-01 4.4370691826e-01 4.4527375747e-01 4.9132650085e-04 5.1220598107e-04 5.3682792350e-04 3.9939347067e-04 4.1484821122e-04 4.1979894013e-04 0 0
1104 7.2517017125e-01 7.3987810323e-01 7.3987810323e-01 7.5013319462e-01 7.5315062798e-01 4.4058963460e-01 4.4734117846e-01 4.4734117846e-01 4.4336694343e-01 4.4494402072e-01 5.1694238578e-04 5.2697675710e-04 6.0547895555e-04 4.0756973486e-04 4.1809815593e-04 4.4161084224e-04 0 0
1105 7.2381943984e-01 7.3668247267e-01 7.3668247267e-01 7.4394333344e-01 7.5703024554e-01 4.4025182967e-01 4.4699485965e-01 4.4699485965e-01 4.4303503584e-01 4.4460351859e-01 5.1425113256e-04 5.7808573183e-04 5.7031061442e-04 4.0367707738e-04 4.3109658873e-04 4.3444438779e-04 0 0
1106 7.2404903937e-01 7.2696465468e-01 7.2696465468e-01 7.4441222493e-01 7.5180297938e-01 4.3991164694e-01 4.4665582469e-01 4.4665582469e-01 4.4270230077e-01 4.4425059938e-01 4.9596442946e-04 5.8390214690e-04 5.0348837976e-04 3.9604611653e-04 4.3148812256e-04 4.1382516793e-04 0 0
1107 7.2458279594e-01 7.2715325079e-01 7.2715325079e-01 7.3959324079e-01 7.4702945423e-01 4.3956986892e-01 4.4631729735e-01 4.4631729735e-01 4.4235654872e-01 4.4389925202e-01 4.5950321877e-04 5.3353405383e-04 4.9246485287e-04 3.8117016104e-04 4.1958682414e-04 4.0813101077e-04 0 0
1108 7.1471975989e-01 7.3322331640e-01 7.3322331640e-01 7.3798368654e-01 7.4075498366e-01 4.3924084435e-01 4.4597334759e-01 4.4597334759e-01 4.4200695259e-01 4.4356569289e-01 4.8135681069e-04 4.7654814261e-04 5.4253663984e-04 3.8315131841e-04 3.9955995453e-04 4.1878754564e-04 0 0
1109 7.1765810463e-01 7.3451255971e-01 7.3451255971e-01 7.3086225906e-01 7.4585870466e-01 4.3892599762e-01 4.4562817005e-01 4.4562817005e-01 4.4165533380e-01 4.4323205127e-01 5.2485699244e-04 4.6709751041e-04 5.7305028895e-04 3.9155304359e-04 3.9715030289e-04 4.3127818208e-04 0 0
1110 7.1858673939e-01 7.3011975443e-01 7.3011975443e-01 7.3196239809e-01 7.4696111442e-01 4.3860262846e-01 4.4528565735e-01 4.4528565735e-01 4.4130229538e-01 4.4288761119e-01 5.5347194691e-04 4.6433677198e-04 5.3453394503e-04 4.0643216186e-04 3.9526552428e-04 4.2188901716e-04 0 0
1111 7.2868548067e-01 7.2077143482e-01 7.2077143482e-01 7.3246371340e-01 7.4377869142e-01 4.3825613731e-01 4.4495550888e-01 4.4495550888e-01 4.4094801072e-01 4.4253509077e-01 4.7262305056e-04 4.6910272795e-04 4.7937213094e-04 3.8696692738e-04 3.9577890129e-04 4.0172173613e-04 0 0
1112 7.2443866645e-01 7.2006813753e-01 7.2006813753e-01 7.3605543496e-01 7.4147389639e-01 4.3790398221e-01 4.4462111296e-01 4.4462111296e-01 4.4059133933e-01 4.4218478915e-01 4.4078542442e-04 4.6085042413e-04 4.7122860269e-04 3.7609673868e-04 3.9269422268e-04 3.9602876495e-04 0 0
1113 7.2047948459e-01 7.2970953669e-01 7.2970953669e-01 7.2536262012e-01 7.3490298851e-01 4.3755993939e-01 4.4427472178e-01 4.4427472178e-01 4.4024135017e-01 4.4185076105e-01 4.3529094866e-04 4.7329535300e-04 5.1551351498e-04 3.7032852326e-04 3.9455616206e-04 4.0531779086e-04 0 0
1114 7.0971614185e-01 7.3128749230e-01 7.3128749230e-01 7.2019133190e-01 7.3725702751e-01 4.3723662148e-01 4.4392560001e-01 4.4392560001e-01 4.3989674781e-01 4.4152313737e-01 4.7847553548e-04 4.6005789773e-04 5.6291064539e-04 3.7695459534e-04 3.8567967567e-04 4.2003380804e-04 0 0
1115 7.1022456758e-01 7.2534841190e-01 7.2534841190e-01 7.1584859691e-01 7.4084099545e-01 4.3693029386e-01 4.4357889066e-01 4.4357889066e-01 4.3956153585e-01 4.4118782090e-01 5.5351218761e-04 4.7668299521e-04 5.5432347290e-04 3.9348526901e-04 3.8565959403e-04 4.2044527072e-04 0 0
1116 7.1134006695e-01 7.1849142482e-01 7.1849142482e-01 7.1535108886e-01 7.4054314256e-01 4.3660818475e-01 4.4324611589e-01 4.4324611589e-01 4.3923100831e-01 4.4084176673e-01 5.3863747962e-04 4.9152135034e-04 5.0198200915e-04 3.9603812753e-04 3.8746838982e-04 4.0407315100e-04 0 0
1117 7.1864405444e-01 7.2023507817e-01 7.2023507817e-01 7.1702281083e-01 7.2800158449e-01 4.3626340962e-01 4.4291982485e-01 4.4291982485e-01 4.3890348144e-01 4.4049305051e-01 4.4364323479e-04 5.0922295486e-04 4.8826615966e-04 3.7063610869e-04 3.9247901441e-04 3.9866827137e-04 0 0
1118 7.2278636066e-01 7.2026263580e-01 7.2026263580e-01 7.2361025087e-01 7.1897334537e-01 4.3590867408e-01 4.4258081942e-01 4.4258081942e-01 4.3857531477e-01 4.4015541611e-01 4.0923920246e-04 5.0224275037e-04 5.0115810882e-04 3.6136091907e-04 3.9062456199e-04 3.9762900269e-04 0 0
1119 7.2502931671e-01 7.1413186068e-01 7.1413186068e-01 7.1741686677e-01 7.1481757038e-01 4.3554725840e-01 4.4223390474e-01 4.4223390474e-01 4.3824268916e-01 4.3983030516e-01 4.0231774342e-04 5.0566972641e-04 5.2992749261e-04 3.6196228477e-04 3.9420575195e-04 4.0143114165e-04 0 0
1120 7.1888548280e-01 7.0388699674e-01 7.0388699674e-01 7.1599433626e-01 7.2431625751e-01 4.3519142419e-01 4.4189128149e-01 4.4189128149e-01 4.3790662745e-01 4.3950146779e-01 4.1638821559e-04 5.0477909099e-04 5.0403294154e-04 3.6442027878e-04 3.9439760440e-04 3.9266866224e-04 0 0
1121 7.0992328458e-01 7.0452284147e-01 7.0452284147e-01 7.1371976632e-01 7.1616705632e-01 4.3483836544e-01 4.4155858900e-01 4.4155858900e-01 4.3756805146e-01 4.3917127754e-01 4.2177468246e-04 4.8978831910e-04 4.9431053048e-04 3.6405451485e-04 3.8879866042e-04 3.8804329233e-04 0 0
1122 7.0596498014e-01 6.9469696831e-01 6.9469696831e-01 7.1275327744e-01 7.1388112066e-01 4.3449755456e-01 4.4124322380e-01 4.4124322380e-01 4.3722949428e-01 4.3883799781e-01 4.4559446768e-04 4.6154735901e-04 4.8002519907e-04 3.6737031640e-04 3.7771474308e-04 3.8348318776e-04 0 0
1123 7.0514369916e-01 7.0543355252e-01 7.0543355252e-01 7.0658322096e-01 7.1534772992e-01 4.3417101278e-01 4.4091934889e-01 4.4091934889e-01 4.3689654189e-01 4.3850686967e-01 5.0736118574e-04 4.5458503155e-04 4.9326005683e-04 3.8398267904e-04 3.7252434413e-04 3.8787305675e-04 0 0
1124 7.0995548678e-01 7.1069205942e-01 7.1069205942e-01 7.0531317050e-01 7.2173516624e-01 4.3384119797e-01 4.4058176928e-01 4.4058176928e-01 4.3655907361e-01 4.3817091548e-01 5.1345249149e-04 4.3467748037e-04 4.8561635049e-04 3.8778355311e-04 3.6612324766e-04 3.8778116868e-04 0 0
1125 7.0778574481e-01 7.1112816738e-01 7.1112816738e-01 7.0577480842e-01 7.1324884742e-01 4.3350046378e-01 4.4023425184e-01 4.4023425184e-01 4.3622148427e-01 4.3783287006e-01 4.7064962889e-04 4.4385882211e-04 4.8872582556e-04 3.7620121472e-04 3.6795951019e-04 3.8913805474e-04 0 0
1126 6.9357539221e-01 6.9439282835e-01 6.9439282835e-01 7.0831500788e-01 7.1201113443e-01 4.3316240831e-01 4.3989244327e-01 4.3989244327e-01 4.3587436152e-01 4.3749597712e-01 4.5502259089e-04 4.4935806363e-04 4.7206409363e-04 3.6779606729e-04 3.7388390047e-04 3.8039336505e-04 0 0
1127 6.8495961884e-01 6.9131997211e-01 6.9131997211e-01 7.2054958517e-01 7.0550491303e-01 4.3283205365e-01 4.3956204656e-01 4.3956204656e-01 4.3553031965e-01 4.3716501928e-01 4.5807486715e-04 4.6170785936e-04 4.7559724044e-04 3.6529519994e-04 3.7749636249e-04 3.7819699355e-04 0 0
1128 6.8587322181e-01 6.9114026918e-01 6.9114026918e-01 7.1722419641e-01 7.0641905404e-01 4.3250546404e-01 4.3923958233e-01 4.3923958233e-01 4.3519047121e-01 4.3684218580e-01 4.4910906902e-04 4.8931843776e-04 4.8373169557e-04 3.6016813270e-04 3.8708515058e-04 3.7738942774e-04 0 0
1129 6.9313063427e-01 6.9356260948e-01 6.9356260948e-01 7.0553651370e-01 7.1218547697e-01 4.3217493945e-01 4.3891342879e-01 4.3891342879e-01 4.3486069859e-01 4.3652516300e-01 4.3435571721e-04 5.1113116206e-04 5.0661782734e-04 3.5567532464e-04 3.8938973012e-04 3.8263914030e-04 0 0
1130 6.9404546635e-01 6.9733858128e-01 6.9733858128e-01 7.0325412757e-01 7.1139051603e-01 4.3183883978e-01 4.3858173249e-01 4.3858173249e-01 4.3452470099e-01 4.3620100678e-01 4.1367074566e-04 4.9727901933e-04 5.1111777429e-04 3.4856172984e-04 3.8623643923e-04 3.8704568578e-04 0 0
1131 6.9742942038e-01 6.9297608003e-01 6.9297608003e-01 7.0970934066e-01 7.1092279912e-01 4.3150126893e-01 4.3824565603e-01 4.3824565603e-01 4.3418009479e-01 4.3586641449e-01 4.0273947629e-04 4.6196979383e-04 4.9963589117e-04 3.4415491885e-04 3.7585378595e-04 3.8680712169e-04 0 0
1132 6.9229891653e-01 6.9493330570e-01 6.9493330570e-01 7.1293800406e-01 7.1656856487e-01 4.3116373795e-01 4.3791257943e-01 4.3791257943e-01 4.3383154144e-01 4.3552353464e-01 4.1535034862e-04 4.4358833838e-04 4.8567119666e-04 3.5031158828e-04 3.7048682861e-04 3.8543226401e-04 0 0
1133 6.8584114261e-01 7.0273543268e-01 7.0273543268e-01 7.1192664984e-01 7.1473525219e-01 4.3084301429e-01 4.3757749721e-01 4.3757749721e-01 4.3348602881e-01 4.3517918729e-01 4.5873039705e-04 4.2935062811e-04 4.7647153406e-04 3.5950442475e-04 3.6325057590e-04 3.8343322376e-04 0 0
1134 6.8853624364e-01 7.0153363600e-01 7.0153363600e-01 7.0292895154e-01 7.0901626589e-01 4.3052158529e-01 4.3724113105e-01 4.3724113105e-01 4.3315215131e-01 4.3483716445e-01 4.6627944740e-04 4.5797466009e-04 4.5737768960e-04 3.6215365451e-04 3.6824138078e-04 3.7489250099e-04 0 0
1135 6.8827553772e-01 6.9394618173e-01 6.9394618173e-01 6.9371583668e-01 7.0658647658e-01 4.3019050657e-01 4.3690796375e-01 4.3690796375e-01 4.3283393921e-01 4.3450513200e-01 4.3506297580e-04 5.0801008183e-04 4.7560255189e-04 3.5378270072e-04 3.7764094304e-04 3.7558739859e-04 0 0
1136 6.9058112137e-01 6.8487809645e-01 6.8487809645e-01 6.9467536930e-01 7.0401098671e-01 4.2985288740e-01 4.3658029580e-01 4.3658029580e-01 4.3251877761e-01 4.3417242441e-01 4.0312751460e-04 5.2599470655e-04 4.9165262317e-04 3.4353527839e-04 3.8212608342e-04 3.8061855594e-04 0 0
1137 6.9349671641e-01 6.8789834707e-01 6.8789834707e-01 6.9826599027e-01 7.0429556948e-01 4.2951535648e-01 4.3624372506e-01 4.3624372506e-01 4.3219563046e-01 4.3384184946e-01 3.8030509442e-04 4.7430794802e-04 5.1369475841e-04 3.3414404142e-04 3.6791729508e-04 3.8723968464e-04 0 0
1138 6.8871297824e-01 6.9212829474e-01 6.9212829474e-01 6.9194762942e-01 7.0525194044e-01 4.2917932436e-01 4.3590527378e-01 4.3590527378e-01 4.3186765437e-01 4.3350346827e-01 3.8133477039e-04 4.4083620014e-04 4.7076016926e-04 3.3376474253e-04 3.5747563379e-04 3.7555312883e-04 0 0
1139 6.8373622001e-01 6.8756608212e-01 6.8756608212e-01 6.9189275312e-01 6.9856650817e-01 4.2884768039e-01 4.3556034364e-01 4.3556034364e-01 4.3154595029e-01 4.3316896820e-01 3.9436026458e-04 4.5019492245e-04 4.5480513654e-04 3.3597066358e-04 3.5676456173e-04 3.6728048144e-04 0 0
1140 6.7736354846e-01 6.7878125602e-01 6.7878125602e-01 6.9143582674e-01 6.8898152846e-01 4.2852895758e-01 4.3522189014e-01 4.3522189014e-01 4.3122656793e-01 4.3283803591e-01 4.3870997485e-04 4.9029517686e-04 4.5474299986e-04 3.4643287677e-04 3.6987984640e-04 3.6454192741e-04 0 0
1141 6.7646825229e-01 6.6632866984e-01 6.6632866984e-01 6.9811744509e-01 6.8887904422e-01 4.2821527840e-01 4.3488830710e-01 4.3488830710e-01 4.3089595712e-01 4.3251839489e-01 4.6967176539e-04 4.6971654228e-04 4.7072697635e-04 3.5596243262e-04 3.6839459790e-04 3.6357812496e-04 0 0
1142 6.8009174627e-01 6.6910625666e-01 6.6910625666e-01 6.9331491758e-01 6.8767789685e-01 4.2789742322e-01 4.3456434173e-01 4.3456434173e-01 4.3055971612e-01 4.3219853500e-01 4.4663208244e-04 4.3081128388e-04 4.7784249909e-04 3.5026633594e-04 3.5676064726e-04 3.6639637983e-04 0 0
1143 6.8033362811e-01 6.7221475483e-01 6.7221475483e-01 6.9616172263e-01 6.9295324063e-01 4.2757258334e-01 4.3424009851e-01 4.3424009851e-01 4.3022511885e-01 4.3187544077e-01 4.0482949066e-04 3.9569885121e-04 4.5595978008e-04 3.3682492464e-04 3.4123559453e-04 3.6019922845e-04 0 0
1144 6.7719374447e-01 6.7962929049e-01 6.7962929049e-01 6.9070782785e-01 6.8601471949e-01 4.2724730121e-01 4.3391526898e-01 4.3391526898e-01 4.2989315885e-01 4.3154648433e-01 3.9201316189e-04 4.0636776248e-04 4.3753306090e-04 3.2990975752e-04 3.4324298758e-04 3.5580492840e-04 0 0
1145 6.7908745210e-01 6.7335183822e-01 6.7335183822e-01 6.7734544049e-01 6.8656846492e-01 4.2693008968e-01 4.3359426263e-01 4.3359426263e-01 4.2957204301e-01 4.3121239222e-01 4.2241595192e-04 4.4507098937e-04 4.2245074292e-04 3.3676304948e-04 3.5214964737e-04 3.5122733243e-04 0 0
1146 6.7897807348e-01 6.7355960527e-01 6.7355960527e-01 6.8551082326e-01 6.8647579418e-01 4.2662022510e-01 4.3327645275e-01 4.3327645275e-01 4.2925980158e-01 4.3087428933e-01 4.7739722406e-04 4.7725524928e-04 4.2277520697e-04 3.5410552737e-04 3.5956848296e-04 3.5284845217e-04 0 0
1147 6.7798434322e-01 6.7322407060e-01 6.7322407060e-01 6.8654438546e-01 6.8859724921e-01 4.2630670226e-01 4.3295377942e-01 4.3295377942e-01 4.2893626007e-01 4.3054296316e-01 4.8512158333e-04 4.5572822273e-04 4.2579447472e-04 3.6022650072e-04 3.5824260704e-04 3.5114355705e-04 0 0
1148 6.8228534363e-01 6.7836367279e-01 6.7836367279e-01 6.8961563167e-01 6.8478570562e-01 4.2597991250e-01 4.3262799085e-01 4.3262799085e-01 4.2860560857e-01 4.3022016454e-01 4.1932079320e-04 4.0958182944e-04 4.3173039012e-04 3.4209727270e-04 3.4311983472e-04 3.4966073872e-04 0 0
1149 6.7801570591e-01 6.7307994051e-01 6.7307994051e-01 6.8581463402e-01 6.8692405917e-01 4.2564667543e-01 4.3230694917e-01 4.3230694917e-01 4.2827665853e-01 4.2989977824e-01 3.9243245556e-04 4.0608148993e-04 4.3749601173e-04 3.3271322951e-04 3.3959413122e-04 3.5005322570e-04 0 0
1150 6.7637189291e-01 6.7104450174e-01 6.7104450174e-01 6.7583773355e-01 6.8173312650e-01 4.2532101621e-01 4.3199528279e-01 4.3199528279e-01 4.2795919965e-01 4.2958317838e-01 4.1119668220e-04 4.3571106653e-04 4.6803672012e-04 3.3531696397e-04 3.4487455559e-04 3.5850227869e-04 0 0
1151 6.6560676873e-01 6.6370413591e-01 6.6370413591e-01 6.7655011357e-01 6.8274475783e-01 4.2501270882e-01 4.3168621123e-01 4.3168621123e-01 4.2765069035e-01 4.2927135471e-01 4.7020581789e-04 4.7353843547e-04 4.7864735097e-04 3.4934224878e-04 3.5482657404e-04 3.5903346725e-04 0 0
1152 6.6366074104e-01 6.6929724130e-01 6.6929724130e-01 6.7997671009e-01 6.8389638060e-01 4.2471190172e-01 4.3136458874e-01 4.3136458874e-01 4.2734061516e-01 4.2895410171e-01 4.8430080961e-04 4.6455355186e-04 4.6424117318e-04 3.5167297722e-04 3.5279877920e-04 3.5703912727e-04 0 0
1153 6.6435023330e-01 6.7477112175e-01 6.7477112175e-01 6.7946696540e-01 6.8109745775e-01 4.2439871675e-01 4.3102948436e-01 4.3102948436e-01 4.2701980038e-01 4.2863819291e-01 4.1673714406e-04 4.2389705777e-04 4.5796261838e-04 3.3339096065e-04 3.4204782423e-04 3.5434651363e-04 0 0
1154 6.5825245475e-01 6.7195208795e-01 6.7195208795e-01 6.8041402392e-01 6.7415457848e-01 4.2408239080e-01 4.3069433370e-01 4.3069433370e-01 4.2669696665e-01 4.2832156632e-01 3.8357815808e-04 4.1389077523e-04 4.5194588165e-04 3.2004071494e-04 3.3734759199e-04 3.5183676664e-04 0 0
1155 6.5283784864e-01 6.6829285371e-01 6.6829285371e-01 6.7256963662e-01 6.7616439856e-01 4.2375979874e-01 4.3035884910e-01 4.3035884910e-01 4.2637817357e-01 4.2800009694e-01 3.6774210963e-04 4.5254072757e-04 4.3169550190e-04 3.1487925005e-04 3.4967523243e-04 3.4529905679e-04 0 0
1156 6.4701692150e-01 6.6473841208e-01 6.6473841208e-01 6.7932080648e-01 6.7329098951e-01 4.2343892898e-01 4.3002508483e-01 4.3002508483e-01 4.2605800394e-01 4.2768002642e-01 3.6656998380e-04 4.5888563182e-04 4.2601692257e-04 3.1379508301e-04 3.5354900319e-04 3.4185493132e-04 0 0
1157 6.5202078281e-01 6.5609321538e-01 6.5609321538e-01 6.8023935748e-01 6.7376950465e-01 4.2312696018e-01 4.2970651017e-01 4.2970651017e-01 4.2573361499e-01 4.2736105686e-01 3.7243056382e-04 4.2854400090e-04 4.1631419299e-04 3.1322674848e-04 3.4494579450e-04 3.3780644299e-04 0 0
1158 6.5370844762e-01 6.5946872732e-01 6.5946872732e-01 6.8521906957e-01 6.7414163677e-01 4.2282105738e-01 4.2940241864e-01 4.2940241864e-01 4.2540503798e-01 4.2704736606e-01 3.8603006642e-04 3.9931824722e-04 4.2705205124e-04 3.1579572913e-04 3.3481582068e-04 3.3930507198e-04 0 0
1159 6.5676905134e-01 6.6279546249e-01 6.6279546249e-01 6.7208650359e-01 6.7430708904e-01 4.2251863773e-01 4.2909955551e-01 4.2909955551e-01 4.2508576034e-01 4.2672959350e-01 4.0620332526e-04 4.2996855336e-04 4.3631593144e-04 3.2036984025e-04 3.4095937008e-04 3.4397441777e-04 0 0
1160 6.5267085383e-01 6.6499740761e-01 6.6499740761e-01 6.5992057843e-01 6.7899058776e-01 4.2221943662e-01 4.2877907694e-01 4.2877907694e-01 4.2477739959e-01 4.2640718697e-01 4.4100756090e-04 4.6749463218e-04 4.3960678886e-04 3.3055026270e-04 3.4854330443e-04 3.4638000216e-04 0 0
1161 6.4948516277e-01 6.6465786443e-01 6.6465786443e-01 6.6462022417e-01 6.7674037228e-01 4.2191501564e-01 4.2845186863e-01 4.2845186863e-01 4.2447027992e-01 4.2608244307e-01 4.3594991958e-04 4.5690154366e-04 4.3470758828e-04 3.3166315668e-04 3.4463818884e-04 3.4557845356e-04 0 0
1162 6.5253751451e-01 6.5590831399e-01 6.5590831399e-01 6.6934210850e-01 6.7366301131e-01 4.2160378202e-01 4.2813172713e-01 4.2813172713e-01 4.2415743934e-01 4.2576592068e-01 3.9701555177e-04 4.0472512774e-04 4.4027771946e-04 3.2092516140e-04 3.2869731513e-04 3.4440637683e-04 0 0
1163 6.5401014907e-01 6.5995087900e-01 6.5995087900e-01 6.6751190508e-01 6.6978369892e-01 4.2128293020e-01 4.2782210969e-01 4.2782210969e-01 4.2383899743e-01 4.2545158352e-01 3.6100887091e-04 3.6935416574e-04 4.4745223568e-04 3.1026338677e-04 3.1667346047e-04 3.4656468051e-04 0 0
1164 6.5497960792e-01 6.5688493077e-01 6.5688493077e-01 6.6131679674e-01 6.7026937831e-01 4.2096104789e-01 4.2750748775e-01 4.2750748775e-01 4.2352506890e-01 4.2513332564e-01 3.5338330352e-04 3.7878472358e-04 4.3954615830e-04 3.0537414730e-04 3.1666798895e-04 3.4471270919e-04 0 0
1165 6.5106168969e-01 6.5279674221e-01 6.5279674221e-01 6.5976734952e-01 6.6530656546e-01 4.2064363335e-01 4.2718524349e-01 4.2718524349e-01 4.2322846506e-01 4.2481284878e-01 3.6190138020e-04 4.3266841385e-04 4.2025289440e-04 3.0544813314e-04 3.2778333116e-04 3.3682872890e-04 0 0
1166 6.4221049082e-01 6.4147757576e-01 6.4147757576e-01 6.5463473152e-01 6.6225777007e-01 4.2033825406e-01 4.2686542984e-01 4.2686542984e-01 4.2293843565e-01 4.2449768281e-01 3.9278872491e-04 4.9875993864e-04 4.0147337131e-04 3.1252814318e-04 3.4859366860e-04 3.2631171052e-04 0 0
1167 6.4020612082e-01 6.4232141068e-01 6.4232141068e-01 6.6301723006e-01 6.5862385380e-01 4.2003734622e-01 4.2655490321e-01 4.2655490321e-01 4.2263418598e-01 4.2419124133e-01 4.1283817659e-04 4.2191965622e-04 4.0665518463e-04 3.1873882405e-04 3.2959835517e-04 3.2505256968e-04 0 0
1168 6.4633556852e-01 6.4047955979e-01 6.4047955979e-01 6.6587639078e-01 6.5603077156e-01 4.1972992852e-01 4.2625463711e-01 4.2625463711e-01 4.2231719123e-01 4.2389572827e-01 4.0351325608e-04 3.6769111466e-04 4.3353411456e-04 3.1758317694e-04 3.1395465339e-04 3.3031952626e-04 0 0
1169 6.5114500080e-01 6.4078742969e-01 6.4078742969e-01 6.6184737358e-01 6.5527642643e-01 4.1941126531e-01 4.2595645309e-01 4.2595645309e-01 4.2199600947e-01 4.2359647288e-01 3.6985463894e-04 3.5773696436e-04 4.4619872642e-04 3.0729550317e-04 3.0981821328e-04 3.3628506208e-04 0 0
1170 6.5154343077e-01 6.3581228968e-01 6.3581228968e-01 6.5530329351e-01 6.5695358633e-01 4.1908353909e-01 4.2564985421e-01 4.2564985421e-01 4.2167488969e-01 4.2329235029e-01 3.4814170311e-04 3.6408349843e-04 4.2279739137e-04 3.0104357294e-04 3.1103765650e-04 3.2821147761e-04 0 0
1171 6.5303983541e-01 6.3823197173e-01 6.3823197173e-01 6.5001747808e-01 6.5106055407e-01 4.1876351784e-01 4.2533910797e-01 4.2533910797e-01 4.2136520253e-01 4.2298707318e-01 3.5686588502e-04 3.9043593279e-04 4.1727437929e-04 3.0184957364e-04 3.1662577385e-04 3.2606875902e-04 0 0
1172 6.5104234463e-01 6.3423599449e-01 6.3423599449e-01 6.4939651322e-01 6.4980614091e-01 4.1846117033e-01 4.2503374055e-01 4.2503374055e-01 4.2106124790e-01 4.2268375165e-01 4.1499285861e-04 4.1203585715e-04 4.0865064511e-04 3.1732657017e-04 3.2298864244e-04 3.2262700552e-04 0 0
1173 6.5419564318e-01 6.3638205490e-01 6.3638205490e-01 6.5151998910e-01 6.5407660178e-01 4.1816320363e-01 4.2473565969e-01 4.2473565969e-01 4.2075287433e-01 4.2238250828e-01 4.7288259095e-04 4.0487905062e-04 4.0450802044e-04 3.3593716073e-04 3.2175412343e-04 3.2069107692e-04 0 0
1174 6.4875124870e-01 6.4001021310e-01 6.4001021310e-01 6.5349209527e-01 6.5347826264e-01 4.1784724644e-01 4.2443869155e-01 4.2443869155e-01 4.2043375170e-01 4.2207433411e-01 4.2650031279e-04 3.6789503065e-04 4.0341745625e-04 3.2721379969e-04 3.0990281812e-04 3.2298257429e-04 0 0
1175 6.5197510671e-01 6.3414358325e-01 6.3414358325e-01 6.5416766784e-01 6.5514819857e-01 4.1752213102e-01 4.2413092162e-01 4.2413092162e-01 4.2011248437e-01 4.2176518231e-01 3.5618985003e-04 3.5263515747e-04 3.9848071901e-04 3.0250275410e-04 3.0314621836e-04 3.1943147769e-04 0 0
1176 6.4659861643e-01 6.3557059086e-01 6.3557059086e-01 6.4961056999e-01 6.5173875142e-01 4.1719437647e-01 4.2381517171e-01 4.2381517171e-01 4.1979715386e-01 4.2145563429e-01 3.3317935244e-04 3.6576484854e-04 4.0306837764e-04 2.9417503398e-04 3.0636988231e-04 3.2041119266e-04 0 0
1177 6.4572491998e-01 6.3418653630e-01 6.3418653630e-01 6.4445320437e-01 6.4689086685e-01 4.1686902814e-01 4.2349768235e-01 4.2349768235e-01 4.1949667577e-01 4.2115286509e-01 3.2129218545e-04 3.9898552495e-04 4.1676824185e-04 2.8819628740e-04 3.1282266718e-04 3.2277872378e-04 0 0
1178 6.5424739341e-01 6.3426724162e-01 6.3426724162e-01 6.4864564192e-01 6.4728273411e-01 4.1654006498e-01 4.2318850368e-01 4.2318850368e-01 4.1920428457e-01 4.2084720514e-01 3.1670699621e-04 4.5629584929e-04 4.0554553561e-04 2.8697819023e-04 3.2883051608e-04 3.2044108957e-04 0 0
1179 6.4743720010e-01 6.2963000998e-01 6.2963000998e-01 6.5559397275e-01 6.4848386645e-01 4.1620469697e-01 4.2288630777e-01 4.2288630777e-01 4.1889589579e-01 4.2053776460e-01 3.2456581900e-04 4.3369032937e-04 3.8633570512e-04 2.9231442017e-04 3.2716494024e-04 3.1353984377e-04 0 0
1180 6.4567759863e-01 6.3024998099e-01 6.3024998099e-01 6.5100128271e-01 6.4861436954e-01 4.1587079060e-01 4.2258924307e-01 4.2258924307e-01 4.1857050964e-01 4.2022455348e-01 3.1873008663e-04 3.7769866321e-04 3.7234253978e-04 2.8881037434e-04 3.1264665449e-04 3.0757139029e-04 0 0
1181 6.4784347584e-01 6.3055941888e-01 6.3055941888e-01 6.4926384644e-01 6.4238114512e-01 4.1554327987e-01 4.2228530079e-01 4.2228530079e-01 4.1824844811e-01 4.1991481663e-01 3.1875842703e-04 3.7237122160e-04 3.8648954796e-04 2.8620232831e-04 3.0988168146e-04 3.1070058321e-04 0 0
1182 6.4828149116e-01 6.2819897230e-01 6.2819897230e-01 6.4531175576e-01 6.4154627023e-01 4.1521254071e-01 4.2197429149e-01 4.2197429149e-01 4.1793801706e-01 4.1961495351e-01 3.2192098546e-04 3.9690067933e-04 4.1655655514e-04 2.8851704124e-04 3.1527330430e-04 3.1797649717e-04 0 0
1183 6.4386669950e-01 6.2663320299e-01 6.2663320299e-01 6.4447492296e-01 6.4573841333e-01 4.1488127347e-01 4.2166378662e-01 4.2166378662e-01 4.1763831752e-01 4.1931400121e-01 3.3258550653e-04 4.4331145182e-04 4.2405554268e-04 2.9237561955e-04 3.2687850762e-04 3.2175399974e-04 0 0
1184 6.3662092621e-01 6.2690399548e-01 6.2690399548e-01 6.4569407674e-01 6.5028256300e-01 4.1456614833e-01 4.2135529824e-01 4.2135529824e-01 4.1733394774e-01 4.1899981885e-01 3.6775255633e-04 4.2548090278e-04 3.8821322232e-04 2.9930015530e-04 3.2104364800e-04 3.1328823388e-04 0 0
1185 6.2954470665e-01 6.2910872807e-01 6.2910872807e-01 6.4013763241e-01 6.5219313059e-01 4.1426893649e-01 4.2104312958e-01 4.2104312958e-01 4.1702249419e-01 4.1867551922e-01 4.1956324837e-04 3.9070705679e-04 3.6592641845e-04 3.1075817651e-04 3.1025678618e-04 3.0713281740e-04 0 0
1186 6.2967131914e-01 6.3385425579e-01 6.3385425579e-01 6.3488171176e-01 6.5069535136e-01 4.1397024854e-01 4.2072635159e-01 4.2072635159e-01 4.1670808484e-01 4.1835522444e-01 4.2294756421e-04 3.7063422496e-04 3.7525920197e-04 3.1297722352e-04 3.0417782546e-04 3.0878351390e-04 0 0
1187 6.3777840887e-01 6.3333906236e-01 6.3333906236e-01 6.3860848459e-01 6.4434640141e-01 4.1365516260e-01 4.2040901125e-01 4.2040901125e-01 4.1639715884e-01 4.1805250313e-01 3.5882392248e-04 3.7073138083e-04 4.2844338896e-04 2.9520367555e-04 3.0318306381e-04 3.2210141217e-04 0 0
1188 6.4111208126e-01 6.3067442365e-01 6.3067442365e-01 6.4404917086e-01 6.4490448953e-01 4.1332572912e-01 4.2010231874e-01 4.2010231874e-01 4.1608732823e-01 4.1775240389e-01 3.2644486899e-04 3.8965498243e-04 4.4400875777e-04 2.8636819062e-04 3.0964914913e-04 3.2745359931e-04 0 0
1189 6.4340479824e-01 6.2342387784e-01 6.2342387784e-01 6.3956891359e-01 6.3944678003e-01 4.1299135975e-01 4.1980253546e-01 4.1980253546e-01 4.1577839633e-01 4.1744422396e-01 3.1743102499e-04 4.1134701314e-04 4.0591114521e-04 2.8380780169e-04 3.1633330946e-04 3.1640684028e-04 0 0
1190 6.3518908390e-01 6.2046345332e-01 6.2046345332e-01 6.3268104265e-01 6.3933523096e-01 4.1266252553e-01 4.1950322041e-01 4.1950322041e-01 4.1547457832e-01 4.1712678164e-01 3.2385845349e-04 4.1126894212e-04 3.5757497972e-04 2.8483032773e-04 3.1292977656e-04 2.9954226920e-04 0 0
1191 6.3108681448e-01 6.2312479040e-01 6.2312479040e-01 6.3497198272e-01 6.3662913926e-01 4.1234130520e-01 4.1919073932e-01 4.1919073932e-01 4.1516279416e-01 4.1680870263e-01 3.3122070090e-04 3.9211845433e-04 3.5195438250e-04 2.8499558408e-04 3.0971226079e-04 2.9689093208e-04 0 0
1192 6.2528727973e-01 6.2294065234e-01 6.2294065234e-01 6.3907050312e-01 6.4153335882e-01 4.1203835533e-01 4.1887288337e-01 4.1887288337e-01 4.1484333318e-01 4.1650487763e-01 3.7092978170e-04 3.7478088780e-04 3.8610080810e-04 2.9193902729e-04 3.0661737401e-04 3.0478380359e-04 0 0
1193 6.2636532370e-01 6.2403568739e-01 6.2403568739e-01 6.3991154508e-01 6.4307215289e-01 4.1174766238e-01 4.1856072649e-01 4.1856072649e-01 4.1451839353e-01 4.1620744586e-01 4.3106607375e-04 3.5853852023e-04 4.3027661741e-04 3.0703679396e-04 3.0170280661e-04 3.1889581442e-04 0 0
1194 6.3137347581e-01 6.2211745247e-01 6.2211745247e-01 6.3280931961e-01 6.3939709421e-01 4.1144491953e-01 4.1825349806e-01 4.1825349806e-01 4.1419618537e-01 4.1589937523e-01 4.2134375238e-04 3.4634189069e-04 4.1833247815e-04 3.0950978067e-04 2.9424945387e-04 3.1913047860e-04 0 0
1195 6.2659676472e-01 6.2236799127e-01 6.2236799127e-01 6.3120732145e-01 6.3493711063e-01 4.1112887270e-01 4.1794952033e-01 4.1794952033e-01 4.1388131614e-01 4.1558206075e-01 3.6870133947e-04 3.4701071127e-04 3.7442802568e-04 2.9658485750e-04 2.9089987220e-04 3.0487191543e-04 0 0
1196 6.2158513372e-01 6.2176757824e-01 6.2176757824e-01 6.2850758255e-01 6.3754798566e-01 4.1081247699e-01 4.1764273068e-01 4.1764273068e-01 4.1357944661e-01 4.1526584207e-01 3.5108732225e-04 3.7652393803e-04 3.5637242399e-04 2.8993514374e-04 2.9687656934e-04 2.9630074278e-04 0 0
1197 6.1673784965e-01 6.2512730256e-01 6.2512730256e-01 6.3530064117e-01 6.3286092361e-01 4.1050003081e-01 4.1732866837e-01 4.1732866837e-01 4.1328440970e-01 4.1494854667e-01 3.5642532468e-04 4.2247954843e-04 3.7127466203e-04 2.8922151549e-04 3.1046431832e-04 3.0336529016e-04 0 0
1198 6.1579318198e-01 6.1777005287e-01 6.1777005287e-01 6.3974015983e-01 6.3252656269e-01 4.1018175737e-01 4.1701105303e-01 4.1701105303e-01 4.1297745200e-01 4.1463893172e-01 3.5041399269e-04 4.1750878154e-04 3.9230441325e-04 2.8805006609e-04 3.1361082074e-04 3.0812017212e-04 0 0
1199 6.2413281454e-01 6.1654958473e-01 6.1654958473e-01 6.3381059548e-01 6.3272382562e-01 4.0985786377e-01 4.1670396433e-01 4.1670396433e-01 4.1265996356e-01 4.1433526237e-01 3.3159671941e-04 3.8480696094e-04 4.0348416951e-04 2.8257816046e-04 3.0514955142e-04 3.0855069053e-04 0 0
1200 6.2444271857e-01 6.1275792725e-01 6.1275792725e-01 6.2265284255e-01 6.2766978787e-01 4.0953368751e-01 4.1640454066e-01 4.1640454066e-01 4.1234116269e-01 4.1402878995e-01 3.2309381975e-04 3.5738159204e-04 3.8861629582e-04 2.8007235715e-04 2.9467039712e-04 3.0315493495e-04 0 0
1201 6.2034256793e-01 6.1043229447e-01 6.1043229447e-01 6.1949582846e-01 6.2834990221e-01 4.0921453882e-01 4.1610123302e-01 4.1610123302e-01 4.1203042272e-01 4.1372113438e-01 3.1542664250e-04 3.6054584780e-04 3.6795124470e-04 2.7473823051e-04 2.9278864531e-04 2.9524930869e-04 0 0
1202 6.1693539667e-01 6.1267528848e-01 6.1267528848e-01 6.2413915269e-01 6.3025448649e-01 4.0889736510e-01 4.1579166288e-01 4.1579166288e-01 4.1172387641e-01 4.1341748669e-01 3.0309263931e-04 3.7143488589e-04 3.8474387839e-04 2.6713760704e-04 2.9506275314e-04 3.0006829184e-04 0 0
1203 6.1518329602e-01 6.1268253623e-01 6.1268253623e-01 6.3006429941e-01 6.3261591248e-01 4.0858214227e-01 4.1547677773e-01 4.1547677773e-01 4.1141326094e-01 4.1311467271e-01 3.0618119557e-04 3.6438652023e-04 4.0301631816e-04 2.6656077734e-04 2.9309971433e-04 3.0623595376e-04 0 0
1204 6.0267904301e-01 6.1755862124e-01 6.1755862124e-01 6.2791585091e-01 6.3085536690e-01 4.0827357816e-01 4.1515519523e-01 4.1515519523e-01 4.1110034003e-01 4.1280573069e-01 3.2408222400e-04 3.6934103991e-04 4.0513392742e-04 2.7180753758e-04 2.9524967977e-04 3.0902797153e-04 0 0
1205 5.9946236129e-01 6.1346367231e-01 6.1346367231e-01 6.2348765743e-01 6.2746459829e-01 4.0798099513e-01 4.1483733515e-01 4.1483733515e-01 4.1079226126e-01 4.1249472587e-01 3.5346387527e-04 3.8637435500e-04 3.8513837353e-04 2.7735423234e-04 2.9980507679e-04 3.0145553319e-04 0 0
1206 6.0054907837e-01 6.0823179262e-01 6.0823179262e-01 6.2076466017e-01 6.2000658446e-01 4.0768999909e-01 4.1453043493e-01 4.1453043493e-01 4.1049184874e-01 4.1218740144e-01 3.6031559373e-04 4.0688306763e-04 3.7784506276e-04 2.7886817102e-04 3.0448100006e-04 2.9693424585e-04 0 0
1207 6.0629821977e-01 6.0638469203e-01 6.0638469203e-01 6.2257199142e-01 6.1863249015e-01 4.0738510645e-01 4.1423066649e-01 4.1423066649e-01 4.1018369224e-01 4.1188179774e-01 3.2707840342e-04 3.7761309068e-04 3.7426359631e-04 2.7019212140e-04 2.9692205135e-04 2.9523651756e-04 0 0
1208 6.0687509219e-01 6.0520545403e-01 6.0520545403e-01 6.2533505966e-01 6.2476413121e-01 4.0707327972e-01 4.1392653834e-01 4.1392653834e-01 4.0986961917e-01 4.1157736213e-01 3.0448894431e-04 3.5530277819e-04 3.7361448631e-04 2.6232201454e-04 2.8952812863e-04 2.9421180079e-04 0 0
1209 5.9911223893e-01 6.1156471233e-01 6.1156471233e-01 6.2049513436e-01 6.2510617666e-01 4.0676464487e-01 4.1361740265e-01 4.1361740265e-01 4.0955301812e-01 4.1126517051e-01 2.9656647383e-04 3.5073136678e-04 3.6679687037e-04 2.5789537235e-04 2.8786378971e-04 2.9412014555e-04 0 0
1210 5.9911205235e-01 6.0962820906e-01 6.0962820906e-01 6.1467112538e-01 6.2181052198e-01 4.0646620520e-01 4.1330291536e-01 4.1330291536e-01 4.0924857687e-01 4.1094918900e-01 2.9512417516e-04 3.6948232446e-04 3.6226071097e-04 2.5372171334e-04 2.9013399762e-04 2.9323387571e-04 0 0
1211 6.0011236235e-01 6.0781254119e-01 6.0781254119e-01 6.1252818219e-01 6.2444417050e-01 4.0618012483e-01 4.1299091913e-01 4.1299091913e-01 4.0895418155e-01 4.1064060849e-01 3.3141871753e-04 3.8409932313e-04 3.7318609247e-04 2.6273205915e-04 2.9175580130e-04 2.9432943847e-04 0 0
1212 5.9998327273e-01 6.0715922967e-01 6.0715922967e-01 6.0900818042e-01 6.2302864281e-01 4.0590057544e-01 4.1268842404e-01 4.1268842404e-01 4.0865808353e-01 4.1034067708e-01 3.9241304465e-04 3.6421797267e-04 3.8857184700e-04 2.8120905609e-04 2.8474764258e-04 2.9665884358e-04 0 0
1213 6.0229362642e-01 6.0719216471e-01 6.0719216471e-01 6.0806453997e-01 6.1824420060e-01 4.0560460102e-01 4.1238886535e-01 4.1238886535e-01 4.0835286026e-01 4.1003819010e-01 3.7680968361e-04 3.3879289549e-04 3.8478791248e-04 2.8265684769e-04 2.7744992985e-04 2.9618688859e-04 0 0
1214 6.0501782979e-01 6.0358517440e-01 6.0358517440e-01 6.0588020987e-01 6.2216408890e-01 4.0530081502e-01 4.1208348889e-01 4.1208348889e-01 4.0804523612e-01 4.0973187086e-01 3.3043928395e-04 3.3602076292e-04 3.7705135037e-04 2.6853473235e-04 2.7642925124e-04 2.9386362439e-04 0 0
1215 5.9460867215e-01 6.0117652202e-01 6.0117652202e-01 6.0162947951e-01 6.1338389048e-01 4.0500032882e-01 4.1177448214e-01 4.1177448214e-01 4.0774849105e-01 4.0942860316e-01 3.1267857044e-04 3.4326624882e-04 3.8293217949e-04 2.6056688319e-04 2.7483899612e-04 2.9385857488e-04 0 0
1216 5.8716314213e-01 5.9398029278e-01 5.9398029278e-01 6.0114540156e-01 6.0621354378e-01 4.0471260320e-01 4.1146829240e-01 4.1146829240e-01 4.0746382240e-01 4.0912944367e-01 3.2364789073e-04 3.6501022259e-04 3.7787292240e-04 2.5925040742e-04 2.7828474413e-04 2.9029805592e-04 0 0
1217 5.8654625628e-01 5.9152235456e-01 5.9152235456e-01 6.0139264458e-01 6.0749770271e-01 4.0443000240e-01 4.1116827664e-01 4.1116827664e-01 4.0717730172e-01 4.0883432117e-01 3.5633399999e-04 3.7010970118e-04 3.6145700869e-04 2.6873315447e-04 2.8051713161e-04 2.8276153898e-04 0 0
1218 5.9686993486e-01 5.9564653972e-01 5.9564653972e-01 5.9782964086e-01 6.0593645582e-01 4.0414166257e-01 4.1087513891e-01 4.1087513891e-01 4.0688269995e-01 4.0853199457e-01 3.5277141569e-04 3.5533430491e-04 3.3574513509e-04 2.6956485804e-04 2.7691553987e-04 2.7558283909e-04 0 0
1219 5.9534788394e-01 5.9043107255e-01 5.9043107255e-01 5.9027802825e-01 6.0940194835e-01 4.0384122775e-01 4.1057825544e-01 4.1057825544e-01 4.0658316071e-01 4.0822707580e-01 3.2160066490e-04 3.3243079815e-04 3.2934785122e-04 2.6298895384e-04 2.6886162232e-04 2.7274170134e-04 0 0
1220 6.0146877383e-01 5.9166854625e-01 5.9166854625e-01 5.8703228875e-01 6.0127140409e-01 4.0353950502e-01 4.1027785924e-01 4.1027785924e-01 4.0627961316e-01 4.0792622328e-01 3.0639919786e-04 3.0175356369e-04 3.4227760625e-04 2.5763686285e-04 2.5832201209e-04 2.7526903432e-04 0 0
1221 5.9640983551e-01 5.8555771281e-01 5.8555771281e-01 5.9949060438e-01 5.9925017952e-01 4.0323969223e-01 4.0998147916e-01 4.0998147916e-01 4.0597727734e-01 4.0763564294e-01 3.2992993630e-04 2.9617414111e-04 3.4798772685e-04 2.6620352043e-04 2.5636381179e-04 2.7313802275e-04 0 0
1222 5.9272826404e-01 5.8478407184e-01 5.8478407184e-01 6.0173356423e-01 5.9538098990e-01 4.0294680077e-01 4.0968947546e-01 4.0968947546e-01 4.0567276308e-01 4.0734492224e-01 3.5371362684e-04 3.0776372296e-04 3.4802216396e-04 2.7166161390e-04 2.6184325543e-04 2.7377322840e-04 0 0
1223 5.9561130798e-01 5.8174036425e-01 5.8174036425e-01 6.0082899308e-01 5.9530994385e-01 4.0264815223e-01 4.0939829882e-01 4.0939829882e-01 4.0537145895e-01 4.0704726463e-01 3.4848498006e-04 3.2610013295e-04 3.2909752917e-04 2.7178721589e-04 2.6655590773e-04 2.6865753171e-04 0 0
1224 5.9750069408e-01 5.7756861126e-01 5.7756861126e-01 5.9510075490e-01 5.9531601851e-01 4.0234905201e-01 4.0910436313e-01 4.0910436313e-01 4.0508329608e-01 4.0674705496e-01 3.2465297184e-04 3.5934707557e-04 3.1814847171e-04 2.6252975542e-04 2.7288038837e-04 2.6352605346e-04 0 0
1225 5.8551611908e-01 5.7650672105e-01 5.7650672105e-01 5.9210276488e-01 5.9569241248e-01 4.0205810634e-01 4.0881372746e-01 4.0881372746e-01 4.0480391072e-01 4.0645069647e-01 3.3139421557e-04 3.8748412771e-04 3.1649388256e-04 2.6153795935e-04 2.7971420786e-04 2.6024807448e-04 0 0
1226 5.8523085937e-01 5.7989997569e-01 5.7989997569e-01 5.8888591275e-01 5.9512486298e-01 4.0177840700e-01 4.0852887906e-01 4.0852887906e-01 4.0451997818e-01 4.0615991920e-01 3.6248594926e-04 3.5766973451e-04 3.2890992588e-04 2.6767621068e-04 2.7194298309e-04 2.6349459222e-04 0 0
1227 5.8760234886e-01 5.8242339167e-01 5.8242339167e-01 5.8954474942e-01 5.9451239352e-01 4.0149268348e-01 4.0824470776e-01 4.0824470776e-01 4.0422728734e-01 4.0587136157e-01 3.6903666421e-04 3.2337971788e-04 3.5229302739e-04 2.7239939788e-04 2.6242792956e-04 2.7258872433e-04 0 0
1228 5.9162684165e-01 5.8461727179e-01 5.8461727179e-01 5.9422174805e-01 5.9761680055e-01 4.0119389318e-01 4.0795407964e-01 4.0795407964e-01 4.0393161617e-01 4.0557694342e-01 3.1884228710e-04 3.1947005482e-04 3.4993543522e-04 2.5869762072e-04 2.6099519164e-04 2.7396047517e-04 0 0
1229 5.9176224780e-01 5.7932754405e-01 5.7932754405e-01 5.9391119143e-01 5.9515289942e-01 4.0088846945e-01 4.0765472535e-01 4.0765472535e-01 4.0363686773e-01 4.0527711807e-01 2.8852497782e-04 3.3471974893e-04 3.3332782186e-04 2.4888659218e-04 2.6602901198e-04 2.6828576665e-04 0 0
1230 5.8669660598e-01 5.7605822461e-01 5.7605822461e-01 5.9959353510e-01 5.9111586973e-01 4.0058616381e-01 4.0735439648e-01 4.0735439648e-01 4.0334319809e-01 4.0498040684e-01 2.8038747225e-04 3.4820706060e-04 3.2179100526e-04 2.4374451387e-04 2.7122417669e-04 2.6147986500e-04 0 0
1231 5.8066297455e-01 5.7613820123e-01 5.7613820123e-01 5.9981893394e-01 5.8741181858e-01 4.0028842874e-01 4.0706060330e-01 4.0706060330e-01 4.0305029165e-01 4.0469674782e-01 2.8481516342e-04 3.5625573219e-04 3.3982716559e-04 2.4290677341e-04 2.7459205739e-04 2.6357102615e-04 0 0
1232 5.7659147424e-01 5.7206602815e-01 5.7206602815e-01 5.9274577559e-01 5.8993210036e-01 4.0000498492e-01 4.0677862272e-01 4.0677862272e-01 4.0275847721e-01 4.0441936698e-01 3.1164764645e-04 3.6261900095e-04 3.6269039992e-04 2.4731676475e-04 2.7623609640e-04 2.7032486105e-04 0 0
1233 5.7623217985e-01 5.7414553948e-01 5.7414553948e-01 5.9016857140e-01 5.9358589044e-01 3.9973353034e-01 4.0650009222e-01 4.0650009222e-01 4.0246322709e-01 4.0412851841e-01 3.6721259913e-04 3.4519054316e-04 3.3895559318e-04 2.6292598813e-04 2.7003463038e-04 2.6739956229e-04 0 0
1234 5.8491492387e-01 5.7943880448e-01 5.7943880448e-01 5.8769262344e-01 6.0088331412e-01 3.9945513106e-01 4.0621187460e-01 4.0621187460e-01 4.0216623987e-01 4.0382885963e-01 3.5587901697e-04 3.3208364766e-04 3.1621311791e-04 2.6258573466e-04 2.6490839082e-04 2.6083179546e-04 0 0
1235 5.8511659138e-01 5.8288440005e-01 5.8288440005e-01 5.8688531351e-01 5.9910185363e-01 3.9915870730e-01 4.0591519444e-01 4.0591519444e-01 4.0186703416e-01 4.0353080380e-01 3.1098370238e-04 3.1636696804e-04 3.2518780790e-04 2.5317169816e-04 2.5959318009e-04 2.6302532206e-04 0 0
1236 5.8303965245e-01 5.8022789354e-01 5.8022789354e-01 5.8843750246e-01 5.9731469960e-01 3.9885423592e-01 4.0561216521e-01 4.0561216521e-01 4.0157261038e-01 4.0324480948e-01 2.9444743688e-04 3.1305945595e-04 3.6698691838e-04 2.4888798225e-04 2.5635046040e-04 2.7419248363e-04 0 0
1237 5.7585130518e-01 5.7865881117e-01 5.7865881117e-01 5.8405747163e-01 5.9852126111e-01 3.9855191020e-01 4.0531188346e-01 4.0531188346e-01 4.0127708741e-01 4.0296002375e-01 3.0219004763e-04 3.1432550895e-04 3.9265686792e-04 2.5084524782e-04 2.5695143995e-04 2.8371856024e-04 0 0
1238 5.7702685743e-01 5.7464298485e-01 5.7464298485e-01 5.8793264061e-01 5.9381473025e-01 3.9825252368e-01 4.0501842408e-01 4.0501842408e-01 4.0099127905e-01 4.0266118693e-01 3.0526079662e-04 3.3448077738e-04 3.4023080661e-04 2.5146704510e-04 2.5993907184e-04 2.7022776339e-04 0 0
1239 5.8114457115e-01 5.7248909919e-01 5.7248909919e-01 5.8713682457e-01 5.9478665504e-01 3.9795863768e-01 4.0472438917e-01 4.0472438917e-01 4.0071230217e-01 4.0235468202e-01 3.0914212279e-04 3.6212641135e-04 2.9664696194e-04 2.5153156182e-04 2.6683264878e-04 2.5431408721e-04 0 0
1240 5.8709892399e-01 5.7562749976e-01 5.7562749976e-01 5.7807658128e-01 5.9184223574e-01 3.9766716102e-01 4.0442861005e-01 4.0442861005e-01 4.0043105254e-01 4.0204490999e-01 3.1874114265e-04 3.5926942655e-04 2.8388718783e-04 2.5428097391e-04 2.6685334160e-04 2.4935536203e-04 0 0
1241 5.8472599615e-01 5.7153002230e-01 5.7153002230e-01 5.7549855767e-01 5.9174664602e-01 3.9738160527e-01 4.0413718854e-01 4.0413718854e-01 4.0014112060e-01 4.0173793899e-01 3.4266025109e-04 3.1432114338e-04 2.7783150290e-04 2.6015781406e-04 2.5325989554e-04 2.4580513855e-04 0 0
1242 5.7952238923e-01 5.7165455660e-01 5.7165455660e-01 5.7466158205e-01 5.9197205761e-01 3.9709677258e-01 4.0385585293e-01 4.0385585293e-01 3.9984827247e-01 4.0143821043e-01 3.6018286769e-04 2.9757703305e-04 2.8628919245e-04 2.6597852899e-04 2.4703559029e-04 2.4679755006e-04 0 0
1243 5.8113404333e-01 5.6989516051e-01 5.6989516051e-01 5.7505965293e-01 5.8578348043e-01 3.9680541213e-01 4.0357620259e-01 4.0357620259e-01 3.9954857869e-01 4.0114922303e-01 3.3739723706e-04 2.8480496985e-04 3.1553752342e-04 2.6081601507e-04 2.4396388471e-04 2.5389154325e-04 0 0
1244 5.8502174818e-01 5.6892280573e-01 5.6892280573e-01 5.8125241546e-01 5.7980564410e-01 3.9650637532e-01 4.0328550095e-01 4.0328550095e-01 3.9925176475e-01 4.0087107816e-01 3.0333071372e-04 2.8864500200e-04 3.5525589192e-04 2.5101830244e-04 2.4456527171e-04 2.6348988467e-04 0 0
1245 5.8619351776e-01 5.6766312679e-01 5.6766312679e-01 5.8314639670e-01 5.8337170221e-01 3.9619931663e-01 4.0298926661e-01 4.0298926661e-01 3.9895328015e-01 4.0059240064e-01 2.8364354695e-04 2.9694006662e-04 3.5917375499e-04 2.4535814085e-04 2.4919425778e-04 2.6479668304e-04 0 0
1246 5.8196486560e-01 5.6348579174e-01 5.6348579174e-01 5.8377771804e-01 5.7599854529e-01 3.9589279421e-01 4.0269360150e-01 4.0269360150e-01 3.9865986481e-01 4.0030486665e-01 2.8142741975e-04 3.1776993274e-04 3.2593685319e-04 2.4288432410e-04 2.5552923762e-04 2.5623694091e-04 0 0
1247 5.7167639702e-01 5.5655270602e-01 5.5655270602e-01 5.7775245887e-01 5.7829350677e-01 3.9559474130e-01 4.0240274259e-01 4.0240274259e-01 3.9836897938e-01 4.0001639207e-01 2.9172030149e-04 3.3976726991e-04 2.9774636641e-04 2.4340502101e-04 2.6252662065e-04 2.4514793768e-04 0 0
1248 5.6641115760e-01 5.6568362738e-01 5.6568362738e-01 5.7853231548e-01 5.7213446022e-01 3.9530738759e-01 4.0212215998e-01 4.0212215998e-01 3.9807498647e-01 3.9972993065e-01 3.0545478121e-04 3.2620750426e-04 3.1193296309e-04 2.4519472064e-04 2.5833308609e-04 2.4951769592e-04 0 0
1249 5.6696075312e-01 5.6348835687e-01 5.6348835687e-01 5.8253087451e-01 5.8164308392e-01 3.9502300730e-01 4.0184646156e-01 4.0184646156e-01 3.9777317226e-01 3.9944445913e-01 3.1695803150e-04 3.0173797859e-04 3.2376409217e-04 2.4881039527e-04 2.5224935962e-04 2.5339826971e-04 0 0
1250 5.7426718963e-01 5.7008310172e-01 5.7008310172e-01 5.8770596180e-01 5.8365072651e-01 3.9473014061e-01 4.0156471748e-01 4.0156471748e-01 3.9747082283e-01 3.9915116919e-01 2.9901879028e-04 2.8901775659e-04 3.2067832217e-04 2.4420251232e-04 2.4779968953e-04 2.5581438967e-04 0 0
1251 5.7451349142e-01 5.6748606913e-01 5.6748606913e-01 5.8427268028e-01 5.8984653681e-01 3.9442916235e-01 4.0127223516e-01 4.0127223516e-01 3.9716423296e-01 3.9885107918e-01 2.8253703702e-04 2.8258219390e-04 3.0105149926e-04 2.3905322941e-04 2.4657623726e-04 2.5113359879e-04 0 0
1252 5.7563900223e-01 5.6994407982e-01 5.6994407982e-01 5.8657980682e-01 5.8267281683e-01 3.9412620229e-01 4.0097503964e-01 4.0097503964e-01 3.9685931368e-01 3.9855325741e-01 2.7037997008e-04 2.8349348577e-04 3.0865716690e-04 2.3422770055e-04 2.4542155006e-04 2.5325973547e-04 0 0
1253 5.6560970076e-01 5.6245544045e-01 5.6245544045e-01 5.8098199855e-01 5.7855666161e-01 3.9383326472e-01 4.0068047359e-01 4.0068047359e-01 3.9656062005e-01 3.9826421778e-01 2.7497792633e-04 2.9638996784e-04 3.2085041312e-04 2.3319720516e-04 2.4793296325e-04 2.5387426285e-04 0 0
1254 5.5821782556e-01 5.6493634194e-01 5.6493634194e-01 5.7815628515e-01 5.7860728233e-01 3.9355280671e-01 4.0039279634e-01 4.0039279634e-01 3.9627348645e-01 3.9798161309e-01 2.8687977451e-04 3.2660544821e-04 3.4820722067e-04 2.3352783030e-04 2.5553615706e-04 2.6137980603e-04 0 0
1255 5.5703098266e-01 5.6405607204e-01 5.6405607204e-01 5.7866964428e-01 5.8625243942e-01 3.9328249391e-01 4.0010588531e-01 4.0010588531e-01 3.9598795000e-01 3.9769651954e-01 3.2187746288e-04 3.4520464396e-04 3.4926273656e-04 2.4190620903e-04 2.6220726431e-04 2.6343567151e-04 0 0
1256 5.6376312054e-01 5.6846735607e-01 5.6846735607e-01 5.8022003493e-01 5.8105247722e-01 3.9300077910e-01 3.9981552994e-01 3.9981552994e-01 3.9569462525e-01 3.9740284211e-01 3.1652156469e-04 3.2168498728e-04 3.2464654942e-04 2.4346530021e-04 2.5585583353e-04 2.5835238921e-04 0 0
1257 5.6701127186e-01 5.6734071139e-01 5.6734071139e-01 5.7447175369e-01 5.8324789251e-01 3.9270468382e-01 3.9952465150e-01 3.9952465150e-01 3.9539505022e-01 3.9710734595e-01 2.8806096292e-04 2.9019921931e-04 3.0270532443e-04 2.3759938005e-04 2.4443319126e-04 2.5001002359e-04 0 0
1258 5.6868148023e-01 5.6814531838e-01 5.6814531838e-01 5.7831396417e-01 5.7779040835e-01 3.9240449915e-01 3.9923683123e-01 3.9923683123e-01 3.9509647682e-01 3.9681780508e-01 2.7027482760e-04 2.7639454493e-04 3.2297647704e-04 2.3228451375e-04 2.3777681781e-04 2.5475303119e-04 0 0
1259 5.6361092286e-01 5.6129549127e-01 5.6129549127e-01 5.7206495367e-01 5.8039205097e-01 3.9210909918e-01 3.9894709540e-01 3.9894709540e-01 3.9480806420e-01 3.9653243965e-01 2.7647440913e-04 2.9483973776e-04 3.3506897307e-04 2.3335070569e-04 2.4189239775e-04 2.5703013671e-04 0 0
1260 5.5590433196e-01 5.6413019572e-01 5.6413019572e-01 5.7293108991e-01 5.8098475412e-01 3.9182158218e-01 3.9865451149e-01 3.9865451149e-01 3.9453260948e-01 3.9624688824e-01 2.9209800889e-04 3.2965987339e-04 3.4687782318e-04 2.3588776711e-04 2.5003030169e-04 2.6178573171e-04 0 0
1261 5.5813775327e-01 5.6230165375e-01 5.6230165375e-01 5.7267003693e-01 5.7428109551e-01 3.9154100880e-01 3.9835997048e-01 3.9835997048e-01 3.9425919073e-01 3.9595800019e-01 3.1196972665e-04 3.6069853377e-04 3.2624488085e-04 2.3994722971e-04 2.5951406133e-04 2.5562584051e-04 0 0
1262 5.5862656650e-01 5.5909602385e-01 5.5909602385e-01 5.7148660195e-01 5.6720246881e-01 3.9126207024e-01 3.9806558489e-01 3.9806558489e-01 3.9396992830e-01 3.9566914129e-01 3.2062367898e-04 3.1938507163e-04 3.1339444831e-04 2.4255315829e-04 2.4983305775e-04 2.5000864844e-04 0 0
1263 5.5160908477e-01 5.5630298212e-01 5.5630298212e-01 5.6880163899e-01 5.6784039166e-01 3.9098886724e-01 3.9777561740e-01 3.9777561740e-01 3.9367585572e-01 3.9538181047e-01 3.1132871504e-04 2.8151223523e-04 3.0713347951e-04 2.3721031941e-04 2.3626827897e-04 2.4574076087e-04 0 0
1264 5.4471628679e-01 5.5388502718e-01 5.5388502718e-01 5.6260569725e-01 5.6856408480e-01 3.9071387046e-01 3.9749010535e-01 3.9749010535e-01 3.9338808986e-01 3.9509244070e-01 2.9211514434e-04 2.7180532925e-04 3.0317807250e-04 2.3077402720e-04 2.3055583006e-04 2.4443764414e-04 0 0
1265 5.4362707234e-01 5.5601857547e-01 5.5601857547e-01 5.6266484064e-01 5.6859003053e-01 3.9043492706e-01 3.9720691916e-01 3.9720691916e-01 3.9311344201e-01 3.9480288724e-01 2.7820383853e-04 2.9426296533e-04 2.9993045609e-04 2.2620866494e-04 2.3470841552e-04 2.4352451146e-04 0 0
1266 5.4445726690e-01 5.5582518161e-01 5.5582518161e-01 5.6379823247e-01 5.6357658365e-01 3.9015118306e-01 3.9692557096e-01 3.9692557096e-01 3.9284411412e-01 3.9451271491e-01 2.6514542913e-04 3.4004556801e-04 2.9357290623e-04 2.2211468474e-04 2.4876849056e-04 2.4142205075e-04 0 0
1267 5.4606302087e-01 5.5182843052e-01 5.5182843052e-01 5.6887650805e-01 5.6647267939e-01 3.8986791821e-01 3.9664251644e-01 3.9664251644e-01 3.9255978429e-01 3.9422309116e-01 2.5348040071e-04 3.3264583180e-04 2.8750696947e-04 2.1729276813e-04 2.5126823311e-04 2.3785850499e-04 0 0
1268 5.4488085466e-01 5.5046305021e-01 5.5046305021e-01 5.7144575497e-01 5.6275086306e-01 3.8958947312e-01 3.9635731476e-01 3.9635731476e-01 3.9226317198e-01 3.9394241178e-01 2.4693822783e-04 2.9660778091e-04 3.0600433092e-04 2.1334011532e-04 2.4185197253e-04 2.4032357032e-04 0 0
1269 5.4192785394e-01 5.4420560844e-01 5.4420560844e-01 5.6659481100e-01 5.5953643523e-01 3.8931628106e-01 3.9607095086e-01 3.9607095086e-01 3.9196679096e-01 3.9367014992e-01 2.4371551439e-04 2.7958015562e-04 3.2859808562e-04 2.0971146135e-04 2.3553161009e-04 2.4495464459e-04 0 0
1270 5.4026219990e-01 5.4383473668e-01 5.4383473668e-01 5.6302301278e-01 5.5889882580e-01 3.8905181010e-01 3.9578598131e-01 3.9578598131e-01 3.9168217647e-01 3.9339661006e-01 2.6746513743e-04 2.8602299426e-04 3.2371870475e-04 2.1493072996e-04 2.3401685030e-04 2.4440370180e-04 0 0
1271 5.4082855777e-01 5.4566472873e-01 5.4566472873e-01 5.5660849696e-01 5.6301147830e-01 3.8879380916e-01 3.9550483384e-01 3.9550483384e-01 3.9141126913e-01 3.9311478732e-01 3.0565127379e-04 3.2604650914e-04 2.9543084383e-04 2.2597859366e-04 2.4310032313e-04 2.3752397829e-04 0 0
1272 5.4262875917e-01 5.4795833642e-01 5.4795833642e-01 5.5615681152e-01 5.6500000514e-01 3.8853103661e-01 3.9522094905e-01 3.9522094905e-01 3.9114010186e-01 3.9282474364e-01 3.0946624536e-04 3.3778982470e-04 2.8448602097e-04 2.2955818609e-04 2.4653165747e-04 2.3560533009e-04 0 0
1273 5.4407391513e-01 5.4853063374e-01 5.4853063374e-01 5.5362812311e-01 5.6740311506e-01 3.8825840166e-01 3.9493095782e-01 3.9493095782e-01 3.9085808367e-01 3.9253044710e-01 2.6784886070e-04 3.0068806518e-04 2.8499284963e-04 2.1816591228e-04 2.3702126782e-04 2.3595720268e-04 0 0
1274 5.3908484656e-01 5.4807955372e-01 5.4807955372e-01 5.5310064992e-01 5.6604018056e-01 3.8798333888e-01 3.9463646260e-01 3.9463646260e-01 3.9057514764e-01 3.9224635040e-01 2.4523260143e-04 2.6099112438e-04 3.0993053952e-04 2.0959925887e-04 2.2195581550e-04 2.4121905881e-04 0 0
1275 5.3437893716e-01 5.4731669981e-01 5.4731669981e-01 5.4745255694e-01 5.5790785547e-01 3.8771044875e-01 3.9434472686e-01 3.9434472686e-01 3.9029124739e-01 3.9197306185e-01 2.4459192537e-04 2.5193319743e-04 3.3837764204e-04 2.0727917328e-04 2.1889625350e-04 2.4800792016e-04 0 0
1276 5.2616065603e-01 5.4226979887e-01 5.4226979887e-01 5.4413556208e-01 5.5618662473e-01 3.8744680434e-01 3.9405730200e-01 3.9405730200e-01 3.9001007145e-01 3.9169863321e-01 2.6908931375e-04 2.5510701380e-04 3.3045342570e-04 2.1238074428e-04 2.1861997084e-04 2.4644595396e-04 0 0
1277 5.2937217876e-01 5.4286409646e-01 5.4286409646e-01 5.3788285482e-01 5.5594412914e-01 3.8718893285e-01 3.9377765650e-01 3.9377765650e-01 3.8973755533e-01 3.9141357192e-01 2.9538620845e-04 2.6765706571e-04 2.8859470331e-04 2.1954041041e-04 2.1972321701e-04 2.3437947675e-04 0 0
1278 5.3458315467e-01 5.4021604097e-01 5.4021604097e-01 5.3946926830e-01 5.5482423299e-01 3.8692335982e-01 3.9350125254e-01 3.9350125254e-01 3.8947477162e-01 3.9112782941e-01 2.8344596350e-04 2.8537937033e-04 2.6863611129e-04 2.1829641825e-04 2.2289492335e-04 2.2524536325e-04 0 0
1279 5.4074447282e-01 5.3739724508e-01 5.3739724508e-01 5.3956781939e-01 5.5156965508e-01 3.8664420479e-01 3.9322845781e-01 3.9322845781e-01 3.8921640308e-01 3.9085411711e-01 2.4956386521e-04 2.9348674434e-04 2.8307553293e-04 2.0987947244e-04 2.2463375353e-04 2.2596148483e-04 0 0
1280 5.4211574166e-01 5.3248268055e-01 5.3248268055e-01 5.4190731243e-01 5.4439156374e-01 3.8635783561e-01 3.9295830093e-01 3.9295830093e-01 3.8895241434e-01 3.9059491381e-01 2.3505459434e-04 2.7703993692e-04 3.1623124960e-04 2.0569464478e-04 2.2041040938e-04 2.3316046281e-04 0 0
1281 5.4326646445e-01 5.3211399953e-01 5.3211399953e-01 5.4068663989e-01 5.4820926059e-01 3.8607281485e-01 3.9269081988e-01 3.9269081988e-01 3.8868658671e-01 3.9033408372e-01 2.4723831944e-04 2.7882328141e-04 3.2200728310e-04 2.0993783481e-04 2.2075352172e-04 2.3673731630e-04 0 0
1282 5.3976697499e-01 5.3104130068e-01 5.3104130068e-01 5.3871334558e-01 5.4554111578e-01 3.8580589674e-01 3.9242370418e-01 3.9242370418e-01 3.8842623179e-01 3.9006162327e-01 2.8879400912e-04 2.9740222817e-04 2.8804848989e-04 2.1949330223e-04 2.2462203196e-04 2.2856078431e-04 0 0
1283 5.4081870155e-01 5.2568803049e-01 5.2568803049e-01 5.3336279962e-01 5.4468617418e-01 3.8554238581e-01 3.9215615663e-01 3.9215615663e-01 3.8816901549e-01 3.8978617853e-01 3.2693539759e-04 3.1375418621e-04 2.5555822504e-04 2.3208911143e-04 2.2931725107e-04 2.1549181838e-04 0 0
1284 5.4578346891e-01 5.2620984842e-01 5.2620984842e-01 5.3648343112e-01 5.3882870926e-01 3.8526234376e-01 3.9189263958e-01 3.9189263958e-01 3.8790503676e-01 3.8951047230e-01 2.9518899631e-04 2.8424063930e-04 2.4759414373e-04 2.2717759534e-04 2.2166345298e-04 2.1186364029e-04 0 0
1285 5.4168101958e-01 5.2391904060e-01 5.2391904060e-01 5.3193104090e-01 5.3620874843e-01 3.8496710334e-01 3.9163187071e-01 3.9163187071e-01 3.8763566030e-01 3.8924217591e-01 2.5409662568e-04 2.5673116033e-04 2.5048240786e-04 2.1614566417e-04 2.1267947159e-04 2.1061822190e-04 0 0
1286 5.3702274512e-01 5.2261470065e-01 5.2261470065e-01 5.3106708568e-01 5.3649743506e-01 3.8467876594e-01 3.9137138491e-01 3.9137138491e-01 3.8736129203e-01 3.8898207655e-01 2.4494819820e-04 2.4335974013e-04 2.7598662564e-04 2.0972519647e-04 2.0761763881e-04 2.1769530576e-04 0 0
1287 5.2871937336e-01 5.2201122288e-01 5.2201122288e-01 5.2931157053e-01 5.3991600725e-01 3.8439959159e-01 3.9110409382e-01 3.9110409382e-01 3.8708624610e-01 3.8872396839e-01 2.5406349125e-04 2.4469943310e-04 3.0038256227e-04 2.1025382940e-04 2.0696496358e-04 2.2530400747e-04 0 0
1288 5.2416354239e-01 5.2391096309e-01 5.2391096309e-01 5.3220254861e-01 5.3651168860e-01 3.8412802641e-01 3.9083069096e-01 3.9083069096e-01 3.8681340201e-01 3.8846337239e-01 2.6774008037e-04 2.5424733758e-04 3.0381033139e-04 2.1241129752e-04 2.0971664344e-04 2.2655245994e-04 0 0
1289 5.2317152975e-01 5.2110977148e-01 5.2110977148e-01 5.3499227469e-01 5.2951325853e-01 3.8385368450e-01 3.9055677945e-01 3.9055677945e-01 3.8654577541e-01 3.8819900292e-01 2.7098170716e-04 2.7141128521e-04 2.8214383929e-04 2.1375796552e-04 2.1504003962e-04 2.1958130674e-04 0 0
1290 5.3493720038e-01 5.2023371194e-01 5.2023371194e-01 5.3846976961e-01 5.2842422105e-01 3.8357438661e-01 3.9028355130e-01 3.9028355130e-01 3.8627850518e-01 3.8793631839e-01 2.5302782955e-04 2.8866447974e-04 2.7389243041e-04 2.0755703513e-04 2.2180653468e-04 2.1609672694e-04 0 0
1291 5.3440131039e-01 5.1631589321e-01 5.1631589321e-01 5.4001531669e-01 5.2791578385e-01 3.8328590242e-01 3.9001773112e-01 3.9001773112e-01 3.8600909176e-01 3.8767220321e-01 2.4116952307e-04 2.9569352773e-04 2.6365474332e-04 2.0594701544e-04 2.2481090127e-04 2.1258565539e-04 0 0
1292 5.3479676167e-01 5.1430324726e-01 5.1430324726e-01 5.3634990924e-01 5.2949917014e-01 3.8300064312e-01 3.8975744185e-01 3.8975744185e-01 3.8573396629e-01 3.8740490936e-01 2.3533478939e-04 2.9253079265e-04 2.5870899117e-04 2.0270804090e-04 2.2520375933e-04 2.1063424356e-04 0 0
1293 5.2421972660e-01 5.1468593164e-01 5.1468593164e-01 5.3938886880e-01 5.3187651541e-01 3.8272902639e-01 3.8949860259e-01 3.8949860259e-01 3.8545691233e-01 3.8713502931e-01 2.5697022927e-04 2.8353351081e-04 2.5802845630e-04 2.0646260317e-04 2.2228313173e-04 2.0980004774e-04 0 0
1294 5.2003531869e-01 5.1718628644e-01 5.1718628644e-01 5.3762196270e-01 5.2956944834e-01 3.8246545350e-01 3.8923257837e-01 3.8923257837e-01 3.8517335449e-01 3.8686574391e-01 2.7946684652e-04 2.7237812174e-04 2.6944911224e-04 2.1111554787e-04 2.2071300918e-04 2.1357680089e-04 0 0
1295 5.2121863872e-01 5.2107042320e-01 5.2107042320e-01 5.3795238402e-01 5.3434197752e-01 3.8220326098e-01 3.8896232402e-01 3.8896232402e-01 3.8488503457e-01 3.8659478249e-01 2.9265245501e-04 2.5935216399e-04 2.7377674996e-04 2.1459136705e-04 2.1731930610e-04 2.1647281392e-04 0 0
1296 5.2533684316e-01 5.2430178330e-01 5.2430178330e-01 5.3394006623e-01 5.3974895031e-01 3.8192699479e-01 3.8869288871e-01 3.8869288871e-01 3.8459967389e-01 3.8632110023e-01 2.5315681204e-04 2.5249189639e-04 2.7439990663e-04 2.0469364749e-04 2.1296113846e-04 2.1830355399e-04 0 0
1297 5.3146820063e-01 5.2530068120e-01 5.2530068120e-01 5.3187308866e-01 5.4116157257e-01 3.8164149025e-01 3.8842433587e-01 3.8842433587e-01 3.8432062684e-01 3.8604341917e-01 2.2691012370e-04 2.5003656629e-04 2.7048868651e-04 1.9732839717e-04 2.0909550221e-04 2.1791807376e-04 0 0
1298 5.3215968318e-01 5.2614703555e-01 5.2614703555e-01 5.2687231290e-01 5.3703670877e-01 3.8135211608e-01 3.8814962444e-01 3.8814962444e-01 3.8405140634e-01 3.8576606004e-01 2.2397613486e-04 2.6760906621e-04 2.7451635833e-04 1.9729457853e-04 2.1220782946e-04 2.1849462064e-04 0 0
1299 5.2255539811e-01 5.2533375599e-01 5.2533375599e-01 5.2583747247e-01 5.3448135742e-01 3.8106268878e-01 3.8786949067e-01 3.8786949067e-01 3.8378637405e-01 3.8549127051e-01 2.3178290185e-04 2.8611623566e-04 2.8540087806e-04 2.0002793647e-04 2.1731685410e-04 2.2133745370e-04 0 0
1300 5.2072833106e-01 5.2125046874e-01 5.2125046874e-01 5.2982687368e-01 5.3998521774e-01 3.8078090877e-01 3.8758519498e-01 3.8758519498e-01 3.8351612182e-01 3.8521837266e-01 2.3959457506e-04 2.8054590075e-04 2.9665572947e-04 2.0005696215e-04 2.1657576872e-04 2.2521571373e-04 0 0
1301 5.1399106006e-01 5.2210410223e-01 5.2210410223e-01 5.3379937255e-01 5.3480965466e-01 3.8051399169e-01 3.8730162481e-01 3.8730162481e-01 3.8323559178e-01 3.8494088986e-01 2.7372081229e-04 2.5627634022e-04 2.8613831819e-04 2.0800911818e-04 2.1018629923e-04 2.2341217118e-04 0 0
1302 5.2077129942e-01 5.1794268167e-01 5.1794268167e-01 5.3036350378e-01 5.2869699063e-01 3.8024341489e-01 3.8702298490e-01 3.8702298490e-01 3.8295583836e-01 3.8466600728e-01 2.7044937107e-04 2.5597859349e-04 2.6883001556e-04 2.0810974742e-04 2.0968884928e-04 2.1525909688e-04 0 0
1303 5.2292815536e-01 5.1814751165e-01 5.1814751165e-01 5.1927333001e-01 5.2218261685e-01 3.7996455997e-01 3.8675591063e-01 3.8675591063e-01 3.8268585597e-01 3.8439256529e-01 2.5288990060e-04 2.6412303851e-04 2.6053189504e-04 2.0384166848e-04 2.0954744105e-04 2.1062955784e-04 0 0
1304 5.2275249847e-01 5.1384401519e-01 5.1384401519e-01 5.1753635958e-01 5.2560587200e-01 3.7967489043e-01 3.8649334995e-01 3.8649334995e-01 3.8242318033e-01 3.8411915605e-01 2.3247052204e-04 2.7544228942e-04 2.6038656506e-04 1.9859589743e-04 2.1094731346e-04 2.1000360721e-04 0 0
1305 5.1867241530e-01 5.1179515472e-01 5.1179515472e-01 5.2211615514e-01 5.2606845050e-01 3.7938486679e-01 3.8622946819e-01 3.8622946819e-01 3.8215628722e-01 3.8384336099e-01 2.2705156475e-04 2.6726603392e-04 2.5621414534e-04 1.9634616280e-04 2.0858991775e-04 2.0890613814e-04 0 0
1306 5.1780640667e-01 5.1087480213e-01 5.1087480213e-01 5.2342611450e-01 5.3029947235e-01 3.7909872632e-01 3.8595769296e-01 3.8595769296e-01 3.8188721938e-01 3.8356817075e-01 2.3105737509e-04 2.6318080199e-04 2.5360219297e-04 1.9714870131e-04 2.0685922937e-04 2.0715629216e-04 0 0
1307 5.1949510532e-01 5.1721930392e-01 5.1721930392e-01 5.2763868491e-01 5.2920326764e-01 3.7882352605e-01 3.8567802307e-01 3.8567802307e-01 3.8161954016e-01 3.8329592727e-01 2.5025528166e-04 2.6645442995e-04 2.6661706943e-04 2.0113099497e-04 2.0735018916e-04 2.1068282513e-04 0 0
1308 5.2132504124e-01 5.1589764987e-01 5.1589764987e-01 5.2646246315e-01 5.2351050971e-01 3.7855502502e-01 3.8539379019e-01 3.8539379019e-01 3.8135499784e-01 3.8302845631e-01 2.8374329489e-04 2.9634735256e-04 2.8356401890e-04 2.1061387366e-04 2.1782664408e-04 2.1508082136e-04 0 0
1309 5.1928173269e-01 5.1213275382e-01 5.1213275382e-01 5.2713985387e-01 5.1720039692e-01 3.7828566175e-01 3.8511784974e-01 3.8511784974e-01 3.8108190815e-01 3.8276302194e-01 3.0020412415e-04 2.8131217550e-04 2.8229135933e-04 2.1597997798e-04 2.1586885123e-04 2.1388698951e-04 0 0
1310 5.1522879597e-01 5.0517046351e-01 5.0517046351e-01 5.2320847910e-01 5.2141553624e-01 3.7800707440e-01 3.8485804887e-01 3.8485804887e-01 3.8080070162e-01 3.8249433603e-01 2.6962976283e-04 2.5249439204e-04 2.5532028667e-04 2.0793171134e-04 2.0694113482e-04 2.0465188572e-04 0 0
1311 5.1084620469e-01 5.0628602877e-01 5.0628602877e-01 5.2503160881e-01 5.2154829405e-01 3.7772017314e-01 3.8459937075e-01 3.8459937075e-01 3.8051315487e-01 3.8222480876e-01 2.4483945702e-04 2.2809961229e-04 2.5019852910e-04 2.0163414049e-04 1.9792106468e-04 2.0228688663e-04 0 0
1312 5.1791674500e-01 5.0841181676e-01 5.0841181676e-01 5.2535018092e-01 5.2085170694e-01 3.7743277642e-01 3.8433043401e-01 3.8433043401e-01 3.8022846135e-01 3.8195879234e-01 2.2986650573e-04 2.2622862889e-04 2.6246094785e-04 1.9577672265e-04 1.9569684082e-04 2.0487058646e-04 0 0
1313 5.1828301924e-01 5.1546718610e-01 5.1546718610e-01 5.2564851643e-01 5.2405953633e-01 3.7714462091e-01 3.8405342260e-01 3.8405342260e-01 3.7995058332e-01 3.8169386908e-01 2.3705023756e-04 2.3796995811e-04 2.8580584330e-04 1.9829348895e-04 1.9844422786e-04 2.1290362201e-04 0 0
1314 5.1973589017e-01 5.1260107718e-01 5.1260107718e-01 5.2266191200e-01 5.2721349556e-01 3.7686194152e-01 3.8377793629e-01 3.8377793629e-01 3.7968890655e-01 3.8141769728e-01 2.4975046193e-04 2.8299390397e-04 2.7306436823e-04 2.0059659423e-04 2.1002398717e-04 2.1277196356e-04 0 0
1315 5.1381587723e-01 5.0978535581e-01 5.0978535581e-01 5.2406011745e-01 5.2522843279e-01 3.7658821014e-01 3.8350885027e-01 3.8350885027e-01 3.7942217579e-01 3.8113622011e-01 2.7689220776e-04 3.0076997064e-04 2.5025114155e-04 2.0777647382e-04 2.1822250710e-04 2.0600347489e-04 0 0
1316 5.1632830593e-01 5.0905711898e-01 5.0905711898e-01 5.2808430384e-01 5.2623645419e-01 3.7631839924e-01 3.8324245276e-01 3.8324245276e-01 3.7914526964e-01 3.8085653680e-01 2.8030695985e-04 2.6930541935e-04 2.3537212837e-04 2.0829494880e-04 2.0994724036e-04 1.9871374388e-04 0 0
1317 5.1336758786e-01 5.1092368524e-01 5.1092368524e-01 5.2333222049e-01 5.1634051969e-01 3.7604278932e-01 3.8296784750e-01 3.8296784750e-01 3.7885967176e-01 3.8058431743e-01 2.6566457648e-04 2.4261249928e-04 2.4976408167e-04 2.0544948345e-04 2.0232415409e-04 2.0093411877e-04 0 0
1318 5.1469896270e-01 5.0618977601e-01 5.0618977601e-01 5.2135472347e-01 5.1956513302e-01 3.7576432598e-01 3.8268767102e-01 3.8268767102e-01 3.7858050747e-01 3.8032163890e-01 2.4912796672e-04 2.4544779444e-04 2.7688565751e-04 1.9941115278e-04 2.0127130119e-04 2.0716027939e-04 0 0
1319 5.1346537224e-01 5.0890763378e-01 5.0890763378e-01 5.1551275224e-01 5.2302857873e-01 3.7547850662e-01 3.8240994159e-01 3.8240994159e-01 3.7830655592e-01 3.8005647794e-01 2.4773210243e-04 2.6555193472e-04 2.9331439146e-04 2.0047145237e-04 2.0694177510e-04 2.1428889886e-04 0 0
1320 5.1488270345e-01 5.0637440625e-01 5.0637440625e-01 5.2008871057e-01 5.2599622433e-01 3.7519000582e-01 3.8213953740e-01 3.8213953740e-01 3.7803465682e-01 3.7977926509e-01 2.4861613616e-04 2.7868005418e-04 2.6079048257e-04 2.0153934496e-04 2.1031378856e-04 2.0691300597e-04 0 0
1321 5.1381587917e-01 5.0808500168e-01 5.0808500168e-01 5.2219350691e-01 5.2214374896e-01 3.7490286882e-01 3.8186920527e-01 3.8186920527e-01 3.7775298309e-01 3.7949627725e-01 2.4594534116e-04 2.5924454530e-04 2.4275143369e-04 2.0063255859e-04 2.0591311477e-04 2.0156824758e-04 0 0
1322 5.1478587307e-01 5.0867854875e-01 5.0867854875e-01 5.2265145937e-01 5.2187390906e-01 3.7461263024e-01 3.8159401081e-01 3.8159401081e-01 3.7746780911e-01 3.7921216136e-01 2.3205514767e-04 2.4280320213e-04 2.3498442170e-04 1.9631404781e-04 2.0079581009e-04 1.9814619736e-04 0 0
1323 5.1874407717e-01 5.1202037163e-01 5.1202037163e-01 5.1541397986e-01 5.1434067060e-01 3.7432270648e-01 3.8131608093e-01 3.8131608093e-01 3.7718706325e-01 3.7893318709e-01 2.2574845233e-04 2.4793497141e-04 2.4751752790e-04 1.9279053848e-04 2.0181158470e-04 2.0116049564e-04 0 0
1324 5.1401096229e-01 5.0302306855e-01 5.0302306855e-01 5.1551012183e-01 5.1961677070e-01 3.7403423080e-01 3.8104380988e-01 3.8104380988e-01 3.7691354304e-01 3.7865934168e-01 2.2946394679e-04 2.6465605333e-04 2.6106418227e-04 1.9283365176e-04 2.0552887872e-04 2.0466608839e-04 0 0
1325 5.0753428913e-01 5.0677957387e-01 5.0677957387e-01 5.1559049317e-01 5.2338470719e-01 3.7375949509e-01 3.8077363072e-01 3.8077363072e-01 3.7663473162e-01 3.7839196961e-01 2.5039964324e-04 2.6893653558e-04 2.8239304811e-04 1.9645558141e-04 2.0825990941e-04 2.1014575759e-04 0 0
1326 5.0575269747e-01 5.0921656830e-01 5.0921656830e-01 5.1885870016e-01 5.1784389438e-01 3.7349592841e-01 3.8049927575e-01 3.8049927575e-01 3.7634954486e-01 3.7811840388e-01 2.7584994633e-04 2.4772022152e-04 2.7292491723e-04 2.0267787601e-04 2.0160659915e-04 2.0833253802e-04 0 0
1327 5.0858332336e-01 5.0985392540e-01 5.0985392540e-01 5.2049412271e-01 5.1339688755e-01 3.7322625482e-01 3.8021711076e-01 3.8021711076e-01 3.7605917062e-01 3.7784147011e-01 2.6066742682e-04 2.2478125175e-04 2.6204388269e-04 1.9976708527e-04 1.9424696802e-04 2.0474549092e-04 0 0
1328 5.0931866376e-01 5.0542213072e-01 5.0542213072e-01 5.1980277724e-01 5.1439079589e-01 3.7294590791e-01 3.7993885534e-01 3.7993885534e-01 3.7577828473e-01 3.7755862373e-01 2.3082016918e-04 2.3384061933e-04 2.4953573302e-04 1.9113812544e-04 1.9556928601e-04 2.0189822681e-04 0 0
1329 5.1048068998e-01 5.0205663067e-01 5.0205663067e-01 5.1466865789e-01 5.1771507431e-01 3.7265588585e-01 3.7966391880e-01 3.7966391880e-01 3.7549911458e-01 3.7727851830e-01 2.0928484090e-04 2.4790973112e-04 2.5249654573e-04 1.8414230653e-04 2.0053479238e-04 2.0258782024e-04 0 0
1330 5.0695252456e-01 5.0438383669e-01 5.0438383669e-01 5.1730922516e-01 5.1668125937e-01 3.7236514612e-01 3.7939186804e-01 3.7939186804e-01 3.7522405354e-01 3.7699667533e-01 2.0334085201e-04 2.7133400727e-04 2.4450880301e-04 1.8150626187e-04 2.0723322086e-04 2.0005635452e-04 0 0
1331 5.0654439750e-01 5.0840838756e-01 5.0840838756e-01 5.1886828148e-01 5.1114908935e-01 3.7207925477e-01 3.7910993789e-01 3.7910993789e-01 3.7494131496e-01 3.7671619388e-01 2.0240251775e-04 2.7185538056e-04 2.4701596703e-04 1.7999325961e-04 2.0966645388e-04 1.9988504937e-04 0 0
1332 5.0100473727e-01 5.0549568446e-01 5.0549568446e-01 5.1945654612e-01 5.0815483805e-01 3.7180227812e-01 3.7882287632e-01 3.7882287632e-01 3.7465323759e-01 3.7643391837e-01 2.1293587445e-04 2.4180988839e-04 2.4466959439e-04 1.8162049928e-04 1.9994009926e-04 1.9883903587e-04 0 0
1333 4.9530788694e-01 5.0413939531e-01 5.0413939531e-01 5.1948420053e-01 5.1065517509e-01 3.7153679075e-01 3.7853490875e-01 3.7853490875e-01 3.7436669664e-01 3.7615452756e-01 2.4068327145e-04 2.2645347781e-04 2.4363080593e-04 1.8809946333e-04 1.9358192367e-04 1.9755338144e-04 0 0
1334 4.9521046299e-01 4.9994921426e-01 4.9994921426e-01 5.1066283308e-01 5.1625559098e-01 3.7127946864e-01 3.7825848446e-01 3.7825848446e-01 3.7408273331e-01 3.7587313903e-01 2.6667498869e-04 2.3192299705e-04 2.4431406200e-04 1.9404552398e-04 1.9472149143e-04 1.9926856476e-04 0 0
1335 4.9414916856e-01 5.0305088398e-01 5.0305088398e-01 5.1024728433e-01 5.1793288183e-01 3.7101309361e-01 3.7799012045e-01 3.7799012045e-01 3.7380552911e-01 3.7559309739e-01 2.5090713621e-04 2.3705037893e-04 2.4440432753e-04 1.9143133912e-04 1.9343745225e-04 1.9899853214e-04 0 0
1336 4.9495343474e-01 5.0893117490e-01 5.0893117490e-01 5.0516950300e-01 5.1578567812e-01 3.7074222757e-01 3.7772085589e-01 3.7772085589e-01 3.7353878202e-01 3.7530926992e-01 2.1519329415e-04 2.6916960633e-04 2.4899389973e-04 1.7930656014e-04 2.0168740593e-04 2.0137595129e-04 0 0
1337 4.9170688622e-01 5.0754912956e-01 5.0754912956e-01 5.1008676958e-01 5.1042257560e-01 3.7047191643e-01 3.7743623512e-01 3.7743623512e-01 3.7327178452e-01 3.7502749470e-01 2.0445792225e-04 2.6343610079e-04 2.5580721558e-04 1.7475917956e-04 2.0010277512e-04 2.0247347857e-04 0 0
1338 4.8816904880e-01 4.9958751473e-01 4.9958751473e-01 5.0777591977e-01 5.1302450783e-01 3.7020809292e-01 3.7714885231e-01 3.7714885231e-01 3.7300318210e-01 3.7474605956e-01 2.1171176795e-04 2.5048563111e-04 2.4839099206e-04 1.7511563140e-04 1.9643342239e-04 1.9937914476e-04 0 0
1339 4.8131839672e-01 4.9642598299e-01 4.9642598299e-01 4.9927799522e-01 5.1339131479e-01 3.6995305036e-01 3.7686409944e-01 3.7686409944e-01 3.7273313979e-01 3.7446822999e-01 2.3518661081e-04 2.4296720949e-04 2.4506646878e-04 1.8091645203e-04 1.9380720187e-04 1.9741479628e-04 0 0
1340 4.8166757163e-01 4.9321781281e-01 4.9321781281e-01 4.9891710082e-01 5.1062976555e-01 3.6969726585e-01 3.7658474747e-01 3.7658474747e-01 3.7246174021e-01 3.7419201910e-01 2.3648972409e-04 2.4237472826e-04 2.4181920162e-04 1.8173187466e-04 1.9298415282e-04 1.9565588445e-04 0 0
1341 4.8545371910e-01 4.9751476211e-01 4.9751476211e-01 5.0054666318e-01 5.0329990649e-01 3.6943669119e-01 3.7630639103e-01 3.7630639103e-01 3.7218773755e-01 3.7392651440e-01 2.1611451353e-04 2.3859028443e-04 2.6126414741e-04 1.7574063161e-04 1.9156382768e-04 1.9857182633e-04 0 0
1342 4.8626761064e-01 4.9589463992e-01 4.9589463992e-01 5.0229072350e-01 5.0478930133e-01 3.6917139761e-01 3.7603191066e-01 3.7603191066e-01 3.7191588155e-01 3.7366125355e-01 1.9521507405e-04 2.3563180730e-04 2.6959123352e-04 1.6850076804e-04 1.8973365513e-04 2.0075223438e-04 0 0
1343 4.8847421438e-01 4.9355898615e-01 4.9355898615e-01 4.9955077872e-01 5.0442088816e-01 3.6890197135e-01 3.7575943229e-01 3.7575943229e-01 3.7164508090e-01 3.7339060917e-01 1.8895606176e-04 2.2885610815e-04 2.5761847064e-04 1.6639387186e-04 1.8700790679e-04 1.9825669006e-04 0 0
1344 4.8526761101e-01 4.8769923809e-01 4.8769923809e-01 4.9381848057e-01 5.0915296138e-01 3.6863157351e-01 3.7549517969e-01 3.7549517969e-01 3.7137972185e-01 3.7311523779e-01 1.9366744665e-04 2.3413538293e-04 2.2854767303e-04 1.6809295754e-04 1.8689826538e-04 1.8910288054e-04 0 0
1345 4.8606890045e-01 4.9218802982e-01 4.9218802982e-01 4.8949901456e-01 5.0381382013e-01 3.6836076601e-01 3.7522885637e-01 3.7522885637e-01 3.7111602339e-01 3.7284555956e-01 1.9619817466e-04 2.3720887111e-04 2.3302649788e-04 1.6909236736e-04 1.8656401517e-04 1.8919500872e-04 0 0
1346 4.8043116206e-01 4.9126029098e-01 4.9126029098e-01 4.9008345656e-01 5.0102986876e-01 3.6809800950e-01 3.7495518449e-01 3.7495518449e-01 3.7085210450e-01 3.7258677303e-01 2.2323985345e-04 2.3229121143e-04 2.5834247208e-04 1.7767208106e-04 1.8414784427e-04 1.9427038933e-04 0 0
1347 4.8320663454e-01 4.9406738643e-01 4.9406738643e-01 4.9183807382e-01 5.0183555881e-01 3.6783603783e-01 3.7467641230e-01 3.7467641230e-01 3.7058982396e-01 3.7232635674e-01 2.3098663080e-04 2.2675191576e-04 2.7285578108e-04 1.8031092882e-04 1.8176438607e-04 1.9916213932e-04 0 0
1348 4.8590290057e-01 4.8982800971e-01 4.8982800971e-01 4.8991227397e-01 5.0128598352e-01 3.6757359506e-01 3.7439855020e-01 3.7439855020e-01 3.7033471743e-01 3.7205678388e-01 2.2576465902e-04 2.2783032910e-04 2.4951778323e-04 1.7817128749e-04 1.8032251683e-04 1.9339880237e-04 0 0
1349 4.7800373002e-01 4.8341543765e-01 4.8341543765e-01 4.8299995432e-01 5.0127036048e-01 3.6730878047e-01 3.7413463189e-01 3.7413463189e-01 3.7008609707e-01 3.7177899321e-01 2.1027983009e-04 2.4522018066e-04 2.1485760226e-04 1.7258999347e-04 1.8459250714e-04 1.8259150238e-04 0 0
1350 4.7586452108e-01 4.8447194206e-01 4.8447194206e-01 4.8306302369e-01 4.9809453774e-01 3.6705329312e-01 3.7387984633e-01 3.7387984633e-01 3.6983422193e-01 3.7150727373e-01 2.0462976149e-04 2.4383803247e-04 2.0857570053e-04 1.6717182048e-04 1.8451693904e-04 1.7808023404e-04 0 0
1351 4.7338324839e-01 4.8311042297e-01 4.8311042297e-01 4.8458417771e-01 4.8576353519e-01 3.6680521339e-01 3.7362157207e-01 3.7362157207e-01 3.6957387294e-01 3.7124319096e-01 2.2547288617e-04 2.1963984182e-04 2.2159950458e-04 1.7271260363e-04 1.7748444225e-04 1.8024810561e-04 0 0
1352 4.7973187233e-01 4.7836841732e-01 4.7836841732e-01 4.8498387580e-01 4.8740757599e-01 3.6655651104e-01 3.7335117875e-01 3.7335117875e-01 3.6930956024e-01 3.7098746790e-01 2.4178359565e-04 1.9978957425e-04 2.3489326122e-04 1.7871494075e-04 1.7075873620e-04 1.8179646577e-04 0 0
1353 4.8540828113e-01 4.8101982830e-01 4.8101982830e-01 4.8503895599e-01 4.8609181967e-01 3.6629581887e-01 3.7308188218e-01 3.7308188218e-01 3.6904794671e-01 3.7073615196e-01 2.3163005621e-04 1.9636075012e-04 2.5542156800e-04 1.7882159304e-04 1.6876027803e-04 1.8794228527e-04 0 0
1354 4.8161200736e-01 4.7075087752e-01 4.7075087752e-01 4.8238145508e-01 4.9050558138e-01 3.6603284621e-01 3.7282361744e-01 3.7282361744e-01 3.6878426794e-01 3.7047840274e-01 2.2053474069e-04 2.0091368060e-04 2.3063633853e-04 1.7521709893e-04 1.7097473756e-04 1.8153066048e-04 0 0
1355 4.7671872942e-01 4.7415414021e-01 4.7415414021e-01 4.8580966837e-01 4.8606340067e-01 3.6577308717e-01 3.7257590570e-01 3.7257590570e-01 3.6852358991e-01 3.7022313618e-01 2.2245955725e-04 2.1405556618e-04 2.2025968792e-04 1.7487686272e-04 1.7452528846e-04 1.7689615925e-04 0 0
1356 4.7629424164e-01 4.7308161802e-01 4.7308161802e-01 4.8518538461e-01 4.7915680221e-01 3.6551225328e-01 3.7232662944e-01 3.7232662944e-01 3.6826465797e-01 3.6997367647e-01 2.2914827953e-04 2.3443714599e-04 2.3091749608e-04 1.7757467139e-04 1.8144931528e-04 1.7848788411e-04 0 0
1357 4.8093248998e-01 4.7259751262e-01 4.7259751262e-01 4.8965107271e-01 4.7968868961e-01 3.6524294625e-01 3.7206567892e-01 3.7206567892e-01 3.6800427208e-01 3.6972613370e-01 2.1119955927e-04 2.3612700170e-04 2.3901253007e-04 1.7283590379e-04 1.8272218585e-04 1.8004615413e-04 0 0
1358 4.8305708820e-01 4.7057969307e-01 4.7057969307e-01 4.8516052908e-01 4.8243964796e-01 3.6496744337e-01 3.7180344879e-01 3.7180344879e-01 3.6774796850e-01 3.6947297674e-01 1.9629010092e-04 2.3648322531e-04 2.2792036907e-04 1.6850753031e-04 1.8172487034e-04 1.7755849694e-04 0 0
1359 4.8830632727e-01 4.6523486441e-01 4.6523486441e-01 4.7688898839e-01 4.8461431217e-01 3.6469127064e-01 3.7154628965e-01 3.7154628965e-01 3.6749882624e-01 3.6921631893e-01 1.8779583210e-04 2.3610776407e-04 2.1368390298e-04 1.6545856727e-04 1.7893030599e-04 1.7348051915e-04 0 0
1360 4.8381025894e-01 4.6679080975e-01 4.6679080975e-01 4.7449043141e-01 4.8323681470e-01 3.6441704527e-01 3.7129547815e-01 3.7129547815e-01 3.6724883848e-01 3.6896137403e-01 1.8691746778e-04 2.3483591940e-04 2.1443136211e-04 1.6485185215e-04 1.7833108723e-04 1.7327749811e-04 0 0
1361 4.7980426017e-01 4.7195349224e-01 4.7195349224e-01 4.7870265945e-01 4.8193688570e-01 3.6414957269e-01 3.7104264525e-01 3.7104264525e-01 3.6699500227e-01 3.6871127098e-01 1.8977482760e-04 2.1793361520e-04 2.4032573856e-04 1.6386363244e-04 1.7277796724e-04 1.8098184228e-04 0 0
1362 4.7695057705e-01 4.7472940505e-01 4.7472940505e-01 4.8407139319e-01 4.8393680379e-01 3.6389680399e-01 3.7078228642e-01 3.7078228642e-01 3.6673075960e-01 3.6845230859e-01 2.1180261743e-04 1.9892668934e-04 2.4138602021e-04 1.6787387204e-04 1.6836365103e-04 1.8364594871e-04 0 0
1363 4.7355649343e-01 4.7062432354e-01 4.7062432354e-01 4.8638214248e-01 4.8773770692e-01 3.6365861722e-01 3.7051678120e-01 3.7051678120e-01 3.6645904720e-01 3.6818346998e-01 2.5647855310e-04 1.9296010578e-04 2.1694188035e-04 1.7924776302e-04 1.6807574866e-04 1.7708517407e-04 0 0
1364 4.7962292778e-01 4.6601140803e-01 4.6601140803e-01 4.8412613474e-01 4.8424936596e-01 3.6340680517e-01 3.7025578339e-01 3.7025578339e-01 3.6618926338e-01 3.6791594254e-01 2.4103843353e-04 1.9822364993e-04 2.0570772904e-04 1.7888867344e-04 1.6943393712e-04 1.7241496971e-04 0 0
1365 4.8121540067e-01 4.6246155437e-01 4.6246155437e-01 4.8076013030e-01 4.7905185782e-01 3.6314318578e-01 3.6999938670e-01 3.6999938670e-01 3.6592544847e-01 3.6765598523e-01 2.0543102667e-04 2.1150802058e-04 2.0002693782e-04 1.6901370346e-04 1.7278257292e-04 1.6785900516e-04 0 0
1366 4.8118159431e-01 4.6696923876e-01 4.6696923876e-01 4.7918414887e-01 4.6977449954e-01 3.6287072770e-01 3.6974377833e-01 3.6974377833e-01 3.6566953999e-01 3.6740452042e-01 1.8645488157e-04 2.2783657914e-04 2.1030076459e-04 1.6313074500e-04 1.7656660202e-04 1.6893047723e-04 0 0
1367 4.7576692636e-01 4.6568097924e-01 4.6568097924e-01 4.8217774983e-01 4.7246217487e-01 3.6260087989e-01 3.6948808301e-01 3.6948808301e-01 3.6541336265e-01 3.6715491793e-01 1.9034596114e-04 2.3479426454e-04 2.2167905991e-04 1.6328873649e-04 1.7937146185e-04 1.7222892347e-04 0 0
1368 4.6987468990e-01 4.6654578762e-01 4.6654578762e-01 4.8429556453e-01 4.8185131855e-01 3.6233921209e-01 3.6923231799e-01 3.6923231799e-01 3.6515601118e-01 3.6690053003e-01 2.0428779146e-04 2.3002581293e-04 2.2072278807e-04 1.6638801493e-04 1.7784576630e-04 1.7324947112e-04 0 0
1369 4.6200409450e-01 4.6570323376e-01 4.6570323376e-01 4.7785395009e-01 4.8734772517e-01 3.6208869991e-01 3.6897994290e-01 3.6897994290e-01 3.6489996728e-01 3.6663436578e-01 2.2544829617e-04 2.3186727776e-04 2.0884992409e-04 1.7132119192e-04 1.7798345652e-04 1.7244261107e-04 0 0
1370 4.6844379760e-01 4.6888119133e-01 4.6888119133e-01 4.7919682945e-01 4.8421647666e-01 3.6183638773e-01 3.6872302203e-01 3.6872302203e-01 3.6464394858e-01 3.6637060645e-01 2.1490356419e-04 2.3000862711e-04 2.1065920737e-04 1.6789482043e-04 1.7739649047e-04 1.7234010011e-04 0 0
1371 4.7344393735e-01 4.7225309155e-01 4.7225309155e-01 4.7730585852e-01 4.7898228817e-01 3.6157514083e-01 3.6846431320e-01 3.6846431320e-01 3.6439035646e-01 3.6611282530e-01 1.9419590828e-04 2.3132943898e-04 2.1898386331e-04 1.6174595454e-04 1.7744675279e-04 1.7337792815e-04 0 0
1372 4.7252029678e-01 4.7045081250e-01 4.7045081250e-01 4.7906801396e-01 4.8099525900e-01 3.6130704298e-01 3.6820304507e-01 3.6820304507e-01 3.6413442892e-01 3.6586351604e-01 1.8465173949e-04 2.1366708825e-04 2.4385939469e-04 1.5900634017e-04 1.7152668443e-04 1.7967064923e-04 0 0
1373 4.6726343907e-01 4.6691292952e-01 4.6691292952e-01 4.7260964968e-01 4.8029650144e-01 3.6103850876e-01 3.6794885039e-01 3.6794885039e-01 3.6388128990e-01 3.6560674588e-01 1.8166739482e-04 2.1455708338e-04 2.3738318123e-04 1.5779507365e-04 1.7065975408e-04 1.7990120978e-04 0 0
1374 4.6526845788e-01 4.6684542607e-01 4.6684542607e-01 4.7407876188e-01 4.8280473239e-01 3.6077694922e-01 3.6769566770e-01 3.6769566770e-01 3.6362678511e-01 3.6534104310e-01 1.8326280353e-04 2.1251245926e-04 2.1033334633e-04 1.5685745235e-04 1.6979921202e-04 1.7237394059e-04 0 0
1375 4.6521589521e-01 4.6978507203e-01 4.6978507203e-01 4.7294227954e-01 4.7844526396e-01 3.6052031717e-01 3.6743628026e-01 3.6743628026e-01 3.6337371853e-01 3.6507677413e-01 1.9966347739e-04 2.2328223713e-04 2.0414584287e-04 1.6209829069e-04 1.7334402946e-04 1.6935898020e-04 0 0
1376 4.6842036548e-01 4.6985358030e-01 4.6985358030e-01 4.7899155304e-01 4.7603443958e-01 3.6026224289e-01 3.6717099743e-01 3.6717099743e-01 3.6311606834e-01 3.6481977412e-01 2.1522413056e-04 2.1577355074e-04 2.1429727349e-04 1.6793088079e-04 1.7203458992e-04 1.7110545014e-04 0 0
1377 4.7202374946e-01 4.6853065127e-01 4.6853065127e-01 4.7856829217e-01 4.7451237190e-01 3.6000135846e-01 3.6690738965e-01 3.6690738965e-01 3.6285817818e-01 3.6457138475e-01 2.1801919244e-04 2.1294008184e-04 2.3375783348e-04 1.6923933918e-04 1.7090641632e-04 1.7587290495e-04 0 0
1378 4.6792150275e-01 4.6162387693e-01 4.6162387693e-01 4.7095470314e-01 4.7591100878e-01 3.5974106600e-01 3.6665525186e-01 3.6665525186e-01 3.6260018757e-01 3.6432413058e-01 2.0955683937e-04 2.1273765742e-04 2.3271142709e-04 1.6602796545e-04 1.7032099277e-04 1.7532263882e-04 0 0
1379 4.6336474233e-01 4.5821226392e-01 4.5821226392e-01 4.6981483550e-01 4.7295936311e-01 3.5948726032e-01 3.6641025010e-01 3.6641025010e-01 3.6234456258e-01 3.6407167306e-01 2.0945530385e-04 2.1606442897e-04 2.1586407820e-04 1.6483190288e-04 1.7020911037e-04 1.7057454534e-04 0 0
1380 4.5982028330e-01 4.6448095574e-01 4.6448095574e-01 4.6616154494e-01 4.7150945356e-01 3.5923629274e-01 3.6615951762e-01 3.6615951762e-01 3.6209267005e-01 3.6381527453e-01 2.1726452342e-04 2.1881912835e-04 2.0700395544e-04 1.6726016023e-04 1.6982429952e-04 1.6788020002e-04 0 0
1381 4.6525862767e-01 4.6702929022e-01 4.6702929022e-01 4.6946821623e-01 4.7024636742e-01 3.5898018216e-01 3.6590186547e-01 3.6590186547e-01 3.6183946485e-01 3.6355689171e-01 2.0578887982e-04 2.0559024415e-04 2.0629497158e-04 1.6366547133e-04 1.6523145314e-04 1.6777565179e-04 0 0
1382 4.6962663832e-01 4.6587246777e-01 4.6587246777e-01 4.7061891218e-01 4.7074529253e-01 3.5871758293e-01 3.6564266388e-01 3.6564266388e-01 3.6159036175e-01 3.6329604453e-01 1.9817606857e-04 2.0703452174e-04 2.0651863451e-04 1.6169486322e-04 1.6445783695e-04 1.6856072762e-04 0 0
1383 4.7099768199e-01 4.6089134955e-01 4.6089134955e-01 4.6862927412e-01 4.7806265177e-01 3.5845533491e-01 3.6538795411e-01 3.6538795411e-01 3.6134192620e-01 3.6303881343e-01 2.0008911791e-04 2.1867096075e-04 2.0690982637e-04 1.6241320763e-04 1.6824557679e-04 1.6759841674e-04 0 0
1384 4.7020819555e-01 4.6175063874e-01 4.6175063874e-01 4.6496032107e-01 4.6951614691e-01 3.5820307397e-01 3.6513887124e-01 3.6513887124e-01 3.6109397072e-01 3.6278134601e-01 2.2538207529e-04 2.2931580315e-04 2.1080039005e-04 1.6987538389e-04 1.7144605954e-04 1.6898476315e-04 0 0
1385 4.6952430884e-01 4.6104054996e-01 4.6104054996e-01 4.7246420324e-01 4.6656727930e-01 3.5795047782e-01 3.6488308991e-01 3.6488308991e-01 3.6083917388e-01 3.6253001940e-01 2.3740062351e-04 2.1313483740e-04 2.1319306688e-04 1.7485165156e-04 1.6734700330e-04 1.6727877664e-04 0 0
1386 4.7654447875e-01 4.6112905175e-01 4.6112905175e-01 4.7397594017e-01 4.6078665839e-01 3.5768377363e-01 3.6462640073e-01 3.6462640073e-01 3.6057689642e-01 3.6228062597e-01 2.1151643820e-04 1.9727254403e-04 2.2192654433e-04 1.6890856508e-04 1.6367305216e-04 1.6954271996e-04 0 0
1387 4.7207234419e-01 4.5264238109e-01 4.5264238109e-01 4.7520390016e-01 4.6556376344e-01 3.5740561236e-01 3.6437085037e-01 3.6437085037e-01 3.6031951636e-01 3.6202922821e-01 1.9001578417e-04 2.0379398484e-04 2.0700527966e-04 1.6242102350e-04 1.6493643489e-04 1.6438947932e-04 0 0
1388 4.7254957620e-01 4.5280759481e-01 4.5280759481e-01 4.6649318257e-01 4.6771719023e-01 3.5712743086e-01 3.6412795287e-01 3.6412795287e-01 3.6007081638e-01 3.6177119257e-01 1.7899736875e-04 2.3171851353e-04 1.9332620286e-04 1.5739953955e-04 1.7240543093e-04 1.6111577861e-04 0 0
1389 4.6966488103e-01 4.5441817864e-01 4.5441817864e-01 4.6992360659e-01 4.7290168057e-01 3.5685566353e-01 3.6388521750e-01 3.6388521750e-01 3.5982294551e-01 3.6151274285e-01 1.7344111471e-04 2.3811411666e-04 1.8917355192e-04 1.5370378455e-04 1.7388848937e-04 1.5925753542e-04 0 0
1390 4.7073738233e-01 4.5999125970e-01 4.5999125970e-01 4.7111253226e-01 4.6724195390e-01 3.5658074537e-01 3.6363344484e-01 3.6363344484e-01 3.5956290825e-01 3.6126272799e-01 1.6805880654e-04 2.1009072952e-04 2.0855064940e-04 1.5238875485e-04 1.6736731777e-04 1.6381496243e-04 0 0
1391 4.7252019342e-01 4.5594229120e-01 4.5594229120e-01 4.7489868185e-01 4.6653133884e-01 3.5630541729e-01 3.6337593799e-01 3.6337593799e-01 3.5929922414e-01 3.6101997477e-01 1.6962119007e-04 1.8707891286e-04 2.3237736605e-04 1.5251855267e-04 1.5978695592e-04 1.6994391626e-04 0 0
1392 4.7015148541e-01 4.5623880137e-01 4.5623880137e-01 4.7174403934e-01 4.7420582471e-01 3.5602543549e-01 3.6312238503e-01 3.6312238503e-01 3.5903566796e-01 3.6077017516e-01 1.7240820455e-04 1.8118442676e-04 2.3084106215e-04 1.5434899196e-04 1.5756130597e-04 1.7192820815e-04 0 0
1393 4.7197077117e-01 4.5457694489e-01 4.5457694489e-01 4.7175624870e-01 4.7048427908e-01 3.5574787499e-01 3.6286926708e-01 3.6286926708e-01 3.5877261737e-01 3.6050772313e-01 1.7280926522e-04 1.8374760111e-04 2.0796221361e-04 1.5394683988e-04 1.5778354282e-04 1.6762481391e-04 0 0
1394 4.7254311208e-01 4.5791620180e-01 4.5791620180e-01 4.7094108969e-01 4.7155131791e-01 3.5547172157e-01 3.6260984502e-01 3.6260984502e-01 3.5851541970e-01 3.6024689674e-01 1.7677613717e-04 2.0815782773e-04 1.9589109434e-04 1.5580685842e-04 1.6513243463e-04 1.6210867761e-04 0 0
1395 4.6882364097e-01 4.6162327975e-01 4.6162327975e-01 4.7226573046e-01 4.6257369040e-01 3.5519801769e-01 3.6234994152e-01 3.6234994152e-01 3.5826510076e-01 3.5999167467e-01 1.8642979189e-04 2.4357710208e-04 2.0392966690e-04 1.5933626918e-04 1.7620185827e-04 1.6308712657e-04 0 0
1396 4.6671342416e-01 4.5574582932e-01 4.5574582932e-01 4.7738450227e-01 4.6370947817e-01 3.5492956461e-01 3.6208894899e-01 3.6208894899e-01 3.5800758898e-01 3.5974269483e-01 1.9798516154e-04 2.3235545814e-04 2.1453457157e-04 1.6214361509e-04 1.7529476463e-04 1.6495697491e-04 0 0
1397 4.6971367419e-01 4.5360317979e-01 4.5360317979e-01 4.7615059460e-01 4.6529452422e-01 3.5467033799e-01 3.6183712761e-01 3.6183712761e-01 3.5774372741e-01 3.5949090228e-01 2.1835276501e-04 2.0503017731e-04 2.1676006872e-04 1.6704103264e-04 1.6710883938e-04 1.6716835671e-04 0 0
1398 4.6873768588e-01 4.5006749786e-01 4.5006749786e-01 4.7045884481e-01 4.6688658559e-01 3.5441439864e-01 3.6159179915e-01 3.6159179915e-01 3.5748343211e-01 3.5923614652e-01 2.3740537865e-04 2.0365248201e-04 2.0118374232e-04 1.7329984569e-04 1.6468684044e-04 1.6256996605e-04 0 0
1399 4.6477552522e-01 4.5625403742e-01 4.5625403742e-01 4.6056396090e-01 4.6992468373e-01 3.5415282158e-01 3.6134354033e-01 3.6134354033e-01 3.5723102585e-01 3.5897832309e-01 2.2098465753e-04 2.2279678524e-04 1.9504286320e-04 1.6935374078e-04 1.6847847292e-04 1.6084317031e-04 0 0
1400 4.5998657524e-01 4.6046112789e-01 4.6046112789e-01 4.6479497982e-01 4.6584617095e-01 3.5388595742e-01 3.6108349598e-01 3.6108349598e-01 3.5698161349e-01 3.5871897434e-01 1.9889985293e-04 2.2894729773e-04 2.0508701709e-04 1.6210783171e-04 1.6939646594e-04 1.6449977556e-04 0 0
1401 4.6156363206e-01 4.6269616336e-01 4.6269616336e-01 4.7205892465e-01 4.6960779620e-01 3.5361552232e-01 3.6081820797e-01 3.6081820797e-01 3.5672374686e-01 3.5846036026e-01 1.9004760417e-04 2.0818487974e-04 2.1967984503e-04 1.5887876642e-04 1.6482130741e-04 1.6940085334e-04 0 0
1402 4.6197185257e-01 4.5806214228e-01 4.5806214228e-01 4.7217379826e-01 4.7036771082e-01 3.5333958005e-01 3.6056016914e-01 3.6056016914e-01 3.5645709814e-01 3.5820295001e-01 1.8276738174e-04 1.8862004072e-04 2.2556694603e-04 1.5697708661e-04 1.6009745741e-04 1.7160968127e-04 0 0
1403 4.6538098802e-01 4.5680888382e-01 4.5680888382e-01 4.6943258516e-01 4.7161688100e-01 3.5306567226e-01 3.6030890897e-01 3.6030890897e-01 3.5618931310e-01 3.5794205883e-01 1.8115744740e-04 1.8409624317e-04 2.0682949253e-04 1.5588924263e-04 1.5805158910e-04 1.6613358457e-04 0 0
1404 4.6861375676e-01 4.6204892019e-01 4.6204892019e-01 4.6866371930e-01 4.6619684768e-01 3.5278939809e-01 3.6005106176e-01 3.6005106176e-01 3.5592747871e-01 3.5768584243e-01 1.8041765651e-04 1.9850157696e-04 2.0665855845e-04 1.5654840867e-04 1.6134546604e-04 1.6445560323e-04 0 0
1405 4.6976958690e-01 4.5767235417e-01 4.5767235417e-01 4.6888629799e-01 4.5811416331e-01 3.5251615431e-01 3.5978652880e-01 3.5978652880e-01 3.5567393374e-01 3.5743243250e-01 1.8563347051e-04 2.2614989575e-04 2.1267556440e-04 1.5774943879e-04 1.6920735652e-04 1.6485343804e-04 0 0
1406 4.6290329347e-01 4.5541943697e-01 4.5541943697e-01 4.7249752721e-01 4.6180302775e-01 3.5224870001e-01 3.5952058540e-01 3.5952058540e-01 3.5541658824e-01 3.5718049598e-01 1.9665951662e-04 2.3390394927e-04 2.1552293765e-04 1.6009372986e-04 1.7394423048e-04 1.6458839673e-04 0 0
1407 4.6042551875e-01 4.5160433038e-01 4.5160433038e-01 4.7606229718e-01 4.6604219187e-01 3.5199287249e-01 3.5926607950e-01 3.5926607950e-01 3.5514658762e-01 3.5692382564e-01 2.1779556418e-04 2.0269493689e-04 2.0702284382e-04 1.6444475939e-04 1.6647145094e-04 1.6297448019e-04 0 0
1408 4.6521754271e-01 4.5116779606e-01 4.5116779606e-01 4.7538215709e-01 4.6712166369e-01 3.5173401626e-01 3.5902033153e-01 3.5902033153e-01 3.5487247237e-01 3.5666225729e-01 2.2202761828e-04 1.8725067639e-04 1.9638855883e-04 1.6709898056e-04 1.6101493384e-04 1.6103591042e-04 0 0
1409 4.6961003653e-01 4.5891687424e-01 4.5891687424e-01 4.7493538335e-01 4.6248444611e-01 3.5146325054e-01 3.5876834764e-01 3.5876834764e-01 3.5459337103e-01 3.5640247804e-01 2.0234319053e-04 1.7740132171e-04 1.9812014943e-04 1.6335280017e-04 1.5744382836e-04 1.6135683836e-04 0 0
1410 4.7147630921e-01 4.5891469873e-01 4.5891469873e-01 4.7020515143e-01 4.6207463194e-01 3.5118414203e-01 3.5850500974e-01 3.5850500974e-01 3.5431416707e-01 3.5614248557e-01 1.8549308973e-04 1.7776362802e-04 2.0144894370e-04 1.5870658191e-04 1.5744033590e-04 1.6195071657e-04 0 0
1411 4.6838062096e-01 4.5840935907e-01 4.5840935907e-01 4.6807964492e-01 4.6650326146e-01 3.5090875424e-01 3.5823252846e-01 3.5823252846e-01 3.5404036958e-01 3.5588075061e-01 1.8676134244e-04 1.7563794245e-04 2.0964829309e-04 1.5785039538e-04 1.5533097758e-04 1.6498540208e-04 0 0
1412 4.6501890395e-01 4.5951327429e-01 4.5951327429e-01 4.6656009223e-01 4.7011157315e-01 3.5064551659e-01 3.5795589384e-01 3.5795589384e-01 3.5376721633e-01 3.5561724633e-01 2.0194799433e-04 1.7477844085e-04 2.1139779710e-04 1.6027168961e-04 1.5483455354e-04 1.6639952082e-04 0 0
1413 4.6685497840e-01 4.5863288245e-01 4.5863288245e-01 4.6587328140e-01 4.6606019579e-01 3.5039425166e-01 3.5768400612e-01 3.5768400612e-01 3.5349646801e-01 3.5535515820e-01 2.3638403035e-04 1.8011118664e-04 2.0990589837e-04 1.6941121781e-04 1.5591237752e-04 1.6616381617e-04 0 0
1414 4.7208175841e-01 4.5495348357e-01 4.5495348357e-01 4.6157605182e-01 4.6368526405e-01 3.5013040517e-01 3.5742552379e-01 3.5742552379e-01 3.5322840722e-01 3.5509518741e-01 2.3341918276e-04 1.9260375120e-04 2.0923952980e-04 1.7249694577e-04 1.5988529776e-04 1.6554981266e-04 0 0
1415 4.7120328249e-01 4.5636780995e-01 4.5636780995e-01 4.6814285934e-01 4.6333707233e-01 3.4985132239e-01 3.5717492700e-01 3.5717492700e-01 3.5296997915e-01 3.5483377586e-01 1.9886759890e-04 2.0840062643e-04 2.0736549777e-04 1.6357051189e-04 1.6337174020e-04 1.6468160175e-04 0 0
1416 4.7640883218e-01 4.5622937861e-01 4.5622937861e-01 4.6752938253e-01 4.6499314232e-01 3.4956440091e-01 3.5691782703e-01 3.5691782703e-01 3.5271928861e-01 3.5456752663e-01 1.7742851640e-04 2.3797793256e-04 2.0061203395e-04 1.5647667556e-04 1.7236947315e-04 1.6274630616e-04 0 0
1417 4.6894181721e-01 4.5343013881e-01 4.5343013881e-01 4.6416571498e-01 4.6466003923e-01 3.4927972621e-01 3.5665264182e-01 3.5665264182e-01 3.5246105600e-01 3.5430390584e-01 1.7627249400e-04 2.2433584672e-04 1.9833711849e-04 1.5539216375e-04 1.6995373880e-04 1.6097551998e-04 0 0
1418 4.6422844094e-01 4.4851973507e-01 4.4851973507e-01 4.6045342279e-01 4.6667766944e-01 3.4900043726e-01 3.5639007557e-01 3.5639007557e-01 3.5219715801e-01 3.5405190000e-01 1.7274900434e-04 2.0360848430e-04 2.0746174414e-04 1.5237239190e-04 1.6317870177e-04 1.6135961778e-04 0 0
1419 4.5934387414e-01 4.4986313752e-01 4.4986313752e-01 4.6498446779e-01 4.6290259205e-01 3.4873068368e-01 3.5613299699e-01 3.5613299699e-01 3.5192846253e-01 3.5380383001e-01 1.7611299926e-04 1.9202276599e-04 2.2964152595e-04 1.5086626136e-04 1.5932226233e-04 1.6846841754e-04 0 0
1420 4.5779548908e-01 4.5287362065e-01 4.5287362065e-01 4.6616174173e-01 4.6568891483e-01 3.4847613487e-01 3.5587366974e-01 3.5587366974e-01 3.5166022747e-01 3.5354912758e-01 2.0271999383e-04 1.9733980298e-04 2.2671760235e-04 1.5679579982e-04 1.6134011094e-04 1.6907014651e-04 0 0
1421 4.5875518387e-01 4.5632398933e-01 4.5632398933e-01 4.6576988099e-01 4.6860744872e-01 3.4823236553e-01 3.5561363311e-01 3.5561363311e-01 3.5139682523e-01 3.5328020870e-01 2.4051509274e-04 2.0864015096e-04 1.9950355636e-04 1.6698609440e-04 1.6475893790e-04 1.6239867546e-04 0 0
1422 4.6219866016e-01 4.5256245980e-01 4.5256245980e-01 4.6160501602e-01 4.6989018333e-01 3.4797494145e-01 3.5535101314e-01 3.5535101314e-01 3.5113736314e-01 3.5300861800e-01 2.2272614048e-04 2.2067985265e-04 1.8751604512e-04 1.6525356499e-04 1.6831987887e-04 1.5829267795e-04 0 0
1423 4.6177914284e-01 4.5061681714e-01 4.5061681714e-01 4.6294295844e-01 4.6419335493e-01 3.4770190881e-01 3.5509358147e-01 3.5509358147e-01 3.5087470061e-01 3.5274184283e-01 1.8204771917e-04 2.1201107302e-04 1.9015948783e-04 1.5388581461e-04 1.6565284022e-04 1.5841885033e-04 0 0
1424 4.6576844904e-01 4.5136823138e-01 4.5136823138e-01 4.6598232999e-01 4.5836378002e-01 3.4742551941e-01 3.5483566600e-01 3.5483566600e-01 3.5060433246e-01 3.5248539918e-01 1.6883176916e-04 1.9742685254e-04 2.0378109184e-04 1.4872234486e-04 1.6171778407e-04 1.6078777116e-04 0 0
1425 4.6289152221e-01 4.4917343575e-01 4.4917343575e-01 4.6915680598e-01 4.6570054400e-01 3.4714623593e-01 3.5457338457e-01 3.5457338457e-01 3.5033345326e-01 3.5223493069e-01 1.6869789471e-04 1.9776265981e-04 2.2262902348e-04 1.4907337609e-04 1.6187836445e-04 1.6551848967e-04 0 0
1426 4.5588966119e-01 4.5352426565e-01 4.5352426565e-01 4.6647472318e-01 4.6913080840e-01 3.4687266488e-01 3.5430398260e-01 3.5430398260e-01 3.5006631027e-01 3.5197477077e-01 1.7640303493e-04 2.0865876286e-04 2.2172884928e-04 1.5102647113e-04 1.6529955610e-04 1.6781746672e-04 0 0
1427 4.5044148230e-01 4.5333770166e-01 4.5333770166e-01 4.6479783112e-01 4.6861884050e-01 3.4660982478e-01 3.5402830475e-01 3.5402830475e-01 3.4980974002e-01 3.5170668123e-01 1.8656940331e-04 2.2994335450e-04 2.0396096807e-04 1.5261992673e-04 1.7011254386e-04 1.6341264563e-04 0 0
1428 4.5260314840e-01 4.5057771210e-01 4.5057771210e-01 4.6269212563e-01 4.6106401825e-01 3.4635866924e-01 3.5375459319e-01 3.5375459319e-01 3.4954731546e-01 3.5144298063e-01 2.1508684186e-04 2.2350036306e-04 2.0543944993e-04 1.6012585968e-04 1.6941438662e-04 1.6306481120e-04 0 0
1429 4.5811132792e-01 4.4639065377e-01 4.4639065377e-01 4.6218846983e-01 4.5982525580e-01 3.4609998863e-01 3.5348628575e-01 3.5348628575e-01 3.4927899414e-01 3.5118519971e-01 2.1411191900e-04 2.0011073502e-04 2.1133584232e-04 1.6157918250e-04 1.6181905812e-04 1.6363005125e-04 0 0
1430 4.6225404791e-01 4.5011210966e-01 4.5011210966e-01 4.6040638738e-01 4.6276637414e-01 3.4582842596e-01 3.5322011131e-01 3.5322011131e-01 3.4901054792e-01 3.5092536188e-01 1.9134227610e-04 1.8320311938e-04 2.1439404372e-04 1.5602109247e-04 1.5473441454e-04 1.6506244719e-04 0 0
1431 4.5636937538e-01 4.5137060833e-01 4.5137060833e-01 4.5946151100e-01 4.7077177366e-01 3.4555686330e-01 3.5295425746e-01 3.5295425746e-01 3.4874561014e-01 3.5065281675e-01 1.8948554127e-04 1.7968388420e-04 1.9664335559e-04 1.5540666571e-04 1.5214115410e-04 1.6138527280e-04 0 0
1432 4.5481687642e-01 4.5279123905e-01 4.5279123905e-01 4.5567127178e-01 4.7013912403e-01 3.4529435695e-01 3.5268205474e-01 3.5268205474e-01 3.4848337126e-01 3.5037652868e-01 2.0184613564e-04 1.8875924434e-04 1.9183021504e-04 1.5805008431e-04 1.5488397912e-04 1.6039528418e-04 0 0
1433 4.5666382862e-01 4.5108234458e-01 4.5108234458e-01 4.5483830379e-01 4.6499623374e-01 3.4503375824e-01 3.5241079402e-01 3.5241079402e-01 3.4822924121e-01 3.5010452753e-01 2.1708128509e-04 2.0613108791e-04 1.9148660067e-04 1.6313971282e-04 1.5901735605e-04 1.5924192121e-04 0 0
1434 4.6102836136e-01 4.4909855437e-01 4.4909855437e-01 4.5941552041e-01 4.5824890664e-01 3.4475705244e-01 3.5214096640e-01 3.5214096640e-01 3.4797393020e-01 3.4984920129e-01 1.9733461383e-04 2.1214430308e-04 2.1443636797e-04 1.5956884208e-04 1.6158621293e-04 1.6333805252e-04 0 0
1435 4.6495425052e-01 4.4860409689e-01 4.4860409689e-01 4.5899939310e-01 4.5844532378e-01 3.4447286581e-01 3.5188001775e-01 3.5188001775e-01 3.4771294552e-01 3.4959778091e-01 1.8102942865e-04 2.0182936714e-04 2.3021703964e-04 1.5444838780e-04 1.5944759070e-04 1.6767947091e-04 0 0
1436 4.6275891916e-01 4.4639372485e-01 4.4639372485e-01 4.5899418049e-01 4.5817556949e-01 3.4418905344e-01 3.5162362185e-01 3.5162362185e-01 3.4744651558e-01 3.4933784428e-01 1.7425883933e-04 1.8785527936e-04 2.0759268227e-04 1.5188546000e-04 1.5542485926e-04 1.6151930322e-04 0 0
1437 4.6040983567e-01 4.4002974933e-01 4.4002974933e-01 4.5402804056e-01 4.5889163805e-01 3.4390862898e-01 3.5137078823e-01 3.5137078823e-01 3.4718133850e-01 3.4907419112e-01 1.6825480580e-04 1.8828689645e-04 1.8398182874e-04 1.4909154841e-04 1.5497751156e-04 1.5293854085e-04 0 0
1438 4.5669430803e-01 4.4028522973e-01 4.4028522973e-01 4.5458314442e-01 4.5724284234e-01 3.4363224598e-01 3.5111501802e-01 3.5111501802e-01 3.4692294760e-01 3.4880746227e-01 1.6836842039e-04 2.0120829868e-04 1.7680320889e-04 1.4803347896e-04 1.5792171325e-04 1.5074430848e-04 0 0
1439 4.5082629965e-01 4.4327741025e-01 4.4327741025e-01 4.5553118231e-01 4.5358587948e-01 3.4336223318e-01 3.5085148883e-01 3.5085148883e-01 3.4667056434e-01 3.4854927540e-01 1.7257878323e-04 2.1449608175e-04 1.9015457656e-04 1.4738273263e-04 1.6124931426e-04 1.5365071886e-04 0 0
1440 4.4497475300e-01 4.4654391502e-01 4.4654391502e-01 4.5754329819e-01 4.5402960053e-01 3.4310477170e-01 3.5059029168e-01 3.5059029168e-01 3.4641458469e-01 3.4829918203e-01 1.9165468215e-04 2.0823423984e-04 2.1302075038e-04 1.5124169716e-04 1.6021432384e-04 1.5980082389e-04 0 0
1441 4.4934979834e-01 4.4445634824e-01 4.4445634824e-01 4.5536674814e-01 4.5885382378e-01 3.4285800382e-01 3.5033217582e-01 3.5033217582e-01 3.4615281281e-01 3.4804553260e-01 2.1616683646e-04 2.0250640955e-04 2.1476062830e-04 1.5757597916e-04 1.5963679471e-04 1.6144408437e-04 0 0
1442 4.4998923551e-01 4.4432389798e-01 4.4432389798e-01 4.5559315128e-01 4.5717707675e-01 3.4260414786e-01 3.5007715217e-01 3.5007715217e-01 3.4588403270e-01 3.4778010572e-01 2.1149487851e-04 1.9210669416e-04 1.9394431001e-04 1.5854976213e-04 1.5700321819e-04 1.5700441872e-04 0 0
1443 4.5134247575e-01 4.4284091161e-01 4.4284091161e-01 4.5839558232e-01 4.5629724836e-01 3.4233950916e-01 3.4981904309e-01 3.4981904309e-01 3.4561275709e-01 3.4751129659e-01 1.8232690939e-04 1.9253985374e-04 1.7811783619e-04 1.5006102858e-04 1.5752502077e-04 1.5145432553e-04 0 0
1444 4.4869524760e-01 4.4589859056e-01 4.4589859056e-01 4.5853125241e-01 4.5175573214e-01 3.4206525206e-01 3.4955610607e-01 3.4955610607e-01 3.4534400097e-01 3.4724326723e-01 1.7042527730e-04 1.9554352912e-04 1.7895059136e-04 1.4674936130e-04 1.5816219820e-04 1.5140039613e-04 0 0
1445 4.4381258273e-01 4.4343897235e-01 4.4343897235e-01 4.5891882550e-01 4.5127325550e-01 3.4179067013e-01 3.4928900555e-01 3.4928900555e-01 3.4507587870e-01 3.4698540215e-01 1.7069225809e-04 1.9401573081e-04 1.9182725373e-04 1.4635889712e-04 1.5763228294e-04 1.5352827177e-04 0 0
1446 4.4208973979e-01 4.4105938136e-01 4.4105938136e-01 4.5672787374e-01 4.5244984231e-01 3.4152435778e-01 3.4902622317e-01 3.4902622317e-01 3.4480909264e-01 3.4673277312e-01 1.7583016842e-04 2.0260581368e-04 2.0932404732e-04 1.4663872905e-04 1.6050605336e-04 1.5874444944e-04 0 0
1447 4.3909185386e-01 4.4121395412e-01 4.4121395412e-01 4.5504359802e-01 4.5720616584e-01 3.4126434659e-01 3.4876898337e-01 3.4876898337e-01 3.4454363613e-01 3.4647711701e-01 1.8234750324e-04 2.0657096320e-04 2.0991964266e-04 1.4815457411e-04 1.6115855396e-04 1.6003016935e-04 0 0
1448 4.4033121933e-01 4.4594624247e-01 4.4594624247e-01 4.5289020374e-01 4.5778054372e-01 3.4100557175e-01 3.4851371852e-01 3.4851371852e-01 3.4427560332e-01 3.4621717149e-01 1.8229580387e-04 1.9984183746e-04 2.0701822359e-04 1.4765852922e-04 1.5915669792e-04 1.6010192485e-04 0 0
1449 4.3740700021e-01 4.4744143300e-01 4.4744143300e-01 4.5541611387e-01 4.5560725705e-01 3.4074648866e-01 3.4825173894e-01 3.4825173894e-01 3.4400866415e-01 3.4595466071e-01 1.7926561335e-04 1.8704236572e-04 2.0492635667e-04 1.4571221197e-04 1.5420860291e-04 1.5960622841e-04 0 0
1450 4.3672868103e-01 4.4894961712e-01 4.4894961712e-01 4.5175603622e-01 4.5466072870e-01 3.4048385225e-01 3.4798526659e-01 3.4798526659e-01 3.4374377778e-01 3.4568870942e-01 1.7144354963e-04 1.8111330428e-04 2.0273035625e-04 1.4300376655e-04 1.5170100232e-04 1.5942547179e-04 0 0
1451 4.3686937928e-01 4.4613424408e-01 4.4613424408e-01 4.4691837357e-01 4.5775347279e-01 3.4022910796e-01 3.4772143662e-01 3.4772143662e-01 3.4348113097e-01 3.4542411280e-01 1.7552926148e-04 1.7666310305e-04 2.0286605286e-04 1.4290555651e-04 1.4888954320e-04 1.5916414850e-04 0 0
1452 4.3988893648e-01 4.4374538204e-01 4.4374538204e-01 4.4626830865e-01 4.5736782201e-01 3.3997989875e-01 3.4746151189e-01 3.4746151189e-01 3.4321991132e-01 3.4515469397e-01 1.8792418716e-04 1.8055274995e-04 1.9422652986e-04 1.4678482262e-04 1.4926464064e-04 1.5743703261e-04 0 0
1453 4.4280512096e-01 4.4783829587e-01 4.4783829587e-01 4.4570192868e-01 4.5057903598e-01 3.3973313312e-01 3.4719476396e-01 3.4719476396e-01 3.4295792986e-01 3.4488381364e-01 2.0087524932e-04 1.8470201030e-04 1.9084366795e-04 1.5077024105e-04 1.5080575395e-04 1.5643957158e-04 0 0
1454 4.3778914102e-01 4.4635373238e-01 4.4635373238e-01 4.4970853269e-01 4.4960873614e-01 3.3947856880e-01 3.4692565476e-01 3.4692565476e-01 3.4269778764e-01 3.4461626396e-01 1.9949219218e-04 1.8522533355e-04 1.8854845985e-04 1.5175006578e-04 1.5084091865e-04 1.5414674272e-04 0 0
1455 4.3335642110e-01 4.4257231100e-01 4.4257231100e-01 4.5271545330e-01 4.4788902994e-01 3.3922036144e-01 3.4665663602e-01 3.4665663602e-01 3.4244169028e-01 3.4435147506e-01 1.8680059652e-04 1.8997900042e-04 1.8897877453e-04 1.4742692363e-04 1.5188516409e-04 1.5342723054e-04 0 0
1456 4.3283239178e-01 4.3804451572e-01 4.3804451572e-01 4.5201956393e-01 4.4895021975e-01 3.3896127222e-01 3.4639185178e-01 3.4639185178e-01 3.4219314180e-01 3.4409263636e-01 1.7254949135e-04 2.0663203031e-04 1.8984708004e-04 1.4245617424e-04 1.5559216990e-04 1.5249315038e-04 0 0
1457 4.3463683254e-01 4.3876787801e-01 4.3876787801e-01 4.4685723575e-01 4.4959993568e-01 3.3870684391e-01 3.4614006119e-01 3.4614006119e-01 3.4194605660e-01 3.4384219353e-01 1.6989356085e-04 2.2551522125e-04 1.9597226492e-04 1.4088413459e-04 1.6121243971e-04 1.5279638319e-04 0 0
1458 4.3417371444e-01 4.3786331827e-01 4.3786331827e-01 4.4502320115e-01 4.4354100435e-01 3.3845940267e-01 3.4589550968e-01 3.4589550968e-01 3.4168897023e-01 3.4359522111e-01 1.7876014658e-04 2.0390457939e-04 2.0508508896e-04 1.4246904892e-04 1.5596501908e-04 1.5491072554e-04 0 0
1459 4.3244316978e-01 4.3434490401e-01 4.3434490401e-01 4.4659223422e-01 4.4537736082e-01 3.3821148498e-01 3.4564558714e-01 3.4564558714e-01 3.4142664368e-01 3.4334327031e-01 1.8529465564e-04 1.7684617342e-04 2.0115032385e-04 1.4438405596e-04 1.4717163867e-04 1.5413478832e-04 0 0
1460 4.3251593828e-01 4.3541027715e-01 4.3541027715e-01 4.4624324935e-01 4.4769357006e-01 3.3796260541e-01 3.4538833802e-01 3.4538833802e-01 3.4116560816e-01 3.4308342023e-01 1.8898945877e-04 1.6777315614e-04 1.9241892005e-04 1.4561725635e-04 1.4358878980e-04 1.5260789951e-04 0 0
1461 4.3107707797e-01 4.3342097165e-01 4.3342097165e-01 4.4107383685e-01 4.4734269836e-01 3.3771269854e-01 3.4512619146e-01 3.4512619146e-01 3.4091283305e-01 3.4282162040e-01 1.8197067490e-04 1.7243271577e-04 1.8148231902e-04 1.4356686805e-04 1.4300507610e-04 1.4900824317e-04 0 0
1462 4.2926976942e-01 4.3540442494e-01 4.3540442494e-01 4.3844195380e-01 4.4335128655e-01 3.3746569142e-01 3.4486417288e-01 3.4486417288e-01 3.4066517733e-01 3.4256072420e-01 1.7504483124e-04 1.8582450139e-04 1.8065339100e-04 1.4057927933e-04 1.4610190556e-04 1.4877592184e-04 0 0
1463 4.2757582774e-01 4.3645615027e-01 4.3645615027e-01 4.4020378849e-01 4.4254193802e-01 3.3721986021e-01 3.4460243969e-01 3.4460243969e-01 3.4041912051e-01 3.4230007381e-01 1.7039922359e-04 2.0202888845e-04 1.8054693646e-04 1.3810170864e-04 1.5141873882e-04 1.4833340538e-04 0 0
1464 4.2913093040e-01 4.3507898970e-01 4.3507898970e-01 4.4854077511e-01 4.4134886757e-01 3.3696696484e-01 3.4434087593e-01 3.4434087593e-01 3.4016528690e-01 3.4204223085e-01 1.7089556627e-04 1.9040861662e-04 1.8484119937e-04 1.3924609991e-04 1.4966849267e-04 1.4846632257e-04 0 0
1465 4.2861886890e-01 4.2942127303e-01 4.2942127303e-01 4.4746095856e-01 4.4247234041e-01 3.3671240184e-01 3.4408212928e-01 3.4408212928e-01 3.3990802613e-01 3.4179022966e-01 1.7548706679e-04 1.7848908465e-04 1.9051541312e-04 1.4086652782e-04 1.4643732720e-04 1.4866673882e-04 0 0
1466 4.3123499609e-01 4.2754389384e-01 4.2754389384e-01 4.4074629930e-01 4.4030689380e-01 3.3646011376e-01 3.4382796387e-01 3.4382796387e-01 3.3964768429e-01 3.4154585245e-01 1.7688071549e-04 1.7072514311e-04 2.0012132154e-04 1.4099059290e-04 1.4390188153e-04 1.5050435468e-04 0 0
1467 4.2938972800e-01 4.2889046006e-01 4.2889046006e-01 4.3616268006e-01 4.3485966276e-01 3.3621145422e-01 3.4358089531e-01 3.4358089531e-01 3.3939303836e-01 3.4130315969e-01 1.7927388966e-04 1.7217143613e-04 2.0194509852e-04 1.4141813621e-04 1.4216036652e-04 1.5124404308e-04 0 0
1468 4.2760290115e-01 4.2797031601e-01 4.2797031601e-01 4.3357904083e-01 4.3644312839e-01 3.3596457542e-01 3.4333846491e-01 3.4333846491e-01 3.3914482135e-01 3.4105573943e-01 1.8003307085e-04 1.8385770090e-04 1.8713368627e-04 1.4110713701e-04 1.4476548677e-04 1.4685096539e-04 0 0
1469 4.2732182250e-01 4.2728721203e-01 4.2728721203e-01 4.3433889700e-01 4.4121730926e-01 3.3571221766e-01 3.4309540770e-01 3.4309540770e-01 3.3889760792e-01 3.4079940375e-01 1.7822478944e-04 1.8599772011e-04 1.7248803488e-04 1.4127501851e-04 1.4592208754e-04 1.4267602091e-04 0 0
1470 4.2824249670e-01 4.2980371117e-01 4.2980371117e-01 4.3899149915e-01 4.4320019625e-01 3.3545222176e-01 3.4284440959e-01 3.4284440959e-01 3.3865058183e-01 3.4054230505e-01 1.6922702629e-04 1.7934690550e-04 1.7504268908e-04 1.3928656194e-04 1.4395309699e-04 1.4343211660e-04 0 0
1471 4.2813448239e-01 4.2942712004e-01 4.2942712004e-01 4.3662633046e-01 4.3806183558e-01 3.3519146335e-01 3.4258812868e-01 3.4258812868e-01 3.3840436789e-01 3.4029200554e-01 1.6035257677e-04 1.7711077089e-04 1.8643646035e-04 1.3604970337e-04 1.4264133642e-04 1.4640091104e-04 0 0
1472 4.3129556505e-01 4.3107865288e-01 4.3107865288e-01 4.3407665567e-01 4.3660170965e-01 3.3493107559e-01 3.4233197002e-01 3.4233197002e-01 3.3816103620e-01 3.4004689367e-01 1.5235095182e-04 1.8378978712e-04 1.9651738694e-04 1.3298024417e-04 1.4354765153e-04 1.4933179773e-04 0 0
1473 4.3094272744e-01 4.2695403662e-01 4.2695403662e-01 4.3078201543e-01 4.3475563834e-01 3.3467315052e-01 3.4208033707e-01 3.4208033707e-01 3.3792366470e-01 3.3980097894e-01 1.5537926842e-04 2.0216313715e-04 1.9446046645e-04 1.3362187787e-04 1.4816601470e-04 1.4877085050e-04 0 0
1474 4.2717870770e-01 4.2151368528e-01 4.2151368528e-01 4.3394615269e-01 4.3569572433e-01 3.3441675615e-01 3.4183410961e-01 3.4183410961e-01 3.3768322252e-01 3.3954683983e-01 1.5944182051e-04 1.9065160450e-04 1.7292222037e-04 1.3452956466e-04 1.4510728943e-04 1.4195254334e-04 0 0
1475 4.2395095213e-01 4.2388105282e-01 4.2388105282e-01 4.3642299358e-01 4.3727679605e-01 3.3416830391e-01 3.4158815988e-01 3.4158815988e-01 3.3743665859e-01 3.3929377011e-01 1.7020873653e-04 1.7281991313e-04 1.6772665549e-04 1.3664694220e-04 1.4040345559e-04 1.3913361909e-04 0 0
1476 4.2474096650e-01 4.2577435549e-01 4.2577435549e-01 4.3354306805e-01 4.3406647718e-01 3.3392156003e-01 3.4134261615e-01 3.4134261615e-01 3.3718712227e-01 3.3904989828e-01 1.7919704859e-04 1.6848266387e-04 1.8101133901e-04 1.3993464716e-04 1.3913071598e-04 1.4236754942e-04 0 0
1477 4.2781046332e-01 4.2434543032e-01 4.2434543032e-01 4.2851736200e-01 4.3152618078e-01 3.3367418210e-01 3.4109605394e-01 3.4109605394e-01 3.3693542694e-01 3.3881606354e-01 1.7418032046e-04 1.7580649001e-04 2.0064615819e-04 1.3832075585e-04 1.4167874178e-04 1.4746242232e-04 0 0
1478 4.2503818414e-01 4.1994348515e-01 4.1994348515e-01 4.3021654808e-01 4.3460213727e-01 3.3342745368e-01 3.4085464355e-01 3.4085464355e-01 3.3668901172e-01 3.3857635738e-01 1.6889903847e-04 1.8535586423e-04 1.9318064733e-04 1.3584555385e-04 1.4330895647e-04 1.4647643548e-04 0 0
1479 4.2051724768e-01 4.1983064947e-01 4.1983064947e-01 4.3290712036e-01 4.3320803412e-01 3.3318317882e-01 3.4061157980e-01 3.4061157980e-01 3.3644097014e-01 3.3832820292e-01 1.6885370808e-04 1.8188545073e-04 1.7551051133e-04 1.3478853129e-04 1.4278799790e-04 1.4120395645e-04 0 0
1480 4.2211130900e-01 4.1906043118e-01 4.1906043118e-01 4.3546736744e-01 4.2737014931e-01 3.3295078336e-01 3.4036463216e-01 3.4036463216e-01 3.3619408021e-01 3.3807736527e-01 1.8492143031e-04 1.7576175742e-04 1.6601638345e-04 1.3740681489e-04 1.4072523481e-04 1.3734150707e-04 0 0
1481 4.2365019053e-01 4.2059683559e-01 4.2059683559e-01 4.2956553050e-01 4.2593059086e-01 3.3271595359e-01 3.4011735078e-01 3.4011735078e-01 3.3595458139e-01 3.3783381856e-01 1.9260944090e-04 1.8807462038e-04 1.7042601394e-04 1.4100004012e-04 1.4332748106e-04 1.3727116311e-04 0 0
1482 4.2114337379e-01 4.1814488416e-01 4.1814488416e-01 4.3022246005e-01 4.3029550863e-01 3.3247070851e-01 3.3987533649e-01 3.3987533649e-01 3.3571282949e-01 3.3759184737e-01 1.7323988594e-04 1.9543110102e-04 1.7952819326e-04 1.3665831129e-04 1.4603987802e-04 1.4092792117e-04 0 0
1483 4.2112368044e-01 4.1995657844e-01 4.1995657844e-01 4.3067375700e-01 4.3168618859e-01 3.3221946156e-01 3.3963211337e-01 3.3963211337e-01 3.3546520865e-01 3.3734746043e-01 1.5553725635e-04 1.8806675507e-04 1.8332920445e-04 1.3088055133e-04 1.4447388094e-04 1.4296254085e-04 0 0
1484 4.1748111529e-01 4.2074190845e-01 4.2074190845e-01 4.3404757210e-01 4.3229970305e-01 3.3197500300e-01 3.3938641457e-01 3.3938641457e-01 3.3521048120e-01 3.3709940294e-01 1.6263715672e-04 1.6405972565e-04 1.7917432706e-04 1.3181098337e-04 1.3718634000e-04 1.4144226589e-04 0 0
1485 4.1580342954e-01 4.2109772817e-01 4.2109772817e-01 4.3354114115e-01 4.2844018881e-01 3.3173480505e-01 3.3913410601e-01 3.3913410601e-01 3.3495626851e-01 3.3685586971e-01 1.7192319732e-04 1.5699656069e-04 1.8476552941e-04 1.3427730388e-04 1.3473953732e-04 1.4158892009e-04 0 0
1486 4.1754581268e-01 4.2201580241e-01 4.2201580241e-01 4.2826723413e-01 4.2880483807e-01 3.3149770041e-01 3.3887992727e-01 3.3887992727e-01 3.3470833264e-01 3.3661672259e-01 1.7762676806e-04 1.6344807955e-04 1.9406731008e-04 1.3559496289e-04 1.3579727965e-04 1.4403330715e-04 0 0
1487 4.1481488465e-01 4.1862096435e-01 4.1862096435e-01 4.2678378351e-01 4.2903655662e-01 3.3125720389e-01 3.3862892576e-01 3.3862892576e-01 3.3447152002e-01 3.3636989944e-01 1.6942402972e-04 1.8386386364e-04 1.8383304268e-04 1.3322415908e-04 1.4014661429e-04 1.4317792375e-04 0 0
1488 4.1592111229e-01 4.1577453075e-01 4.1577453075e-01 4.2795488148e-01 4.3171591879e-01 3.3101031994e-01 3.3838276072e-01 3.3838276072e-01 3.3423537204e-01 3.3612022508e-01 1.5680786466e-04 2.0042184769e-04 1.6824386694e-04 1.2959149269e-04 1.4569318591e-04 1.3797224528e-04 0 0
1489 4.1073656006e-01 4.1658056880e-01 4.1658056880e-01 4.2993344832e-01 4.2964071756e-01 3.3076172589e-01 3.3814019816e-01 3.3814019816e-01 3.3398994195e-01 3.3586675199e-01 1.5390231312e-04 1.8024829478e-04 1.6238905664e-04 1.2868981900e-04 1.4101007400e-04 1.3588050206e-04 0 0
1490 4.0935976483e-01 4.1906091122e-01 4.1906091122e-01 4.2824976388e-01 4.2457649087e-01 3.3051449726e-01 3.3788976115e-01 3.3788976115e-01 3.3374303497e-01 3.3561918954e-01 1.4870980140e-04 1.6148841678e-04 1.6933996812e-04 1.2621306014e-04 1.3423743076e-04 1.3650113397e-04 0 0
1491 4.0880529511e-01 4.2026860316e-01 4.2026860316e-01 4.2372988846e-01 4.2323792253e-01 3.3027303979e-01 3.3763911863e-01 3.3763911863e-01 3.3349746209e-01 3.3537813343e-01 1.5192782963e-04 1.5616318706e-04 1.8166634254e-04 1.2613250716e-04 1.3154227781e-04 1.3976503396e-04 0 0
1492 4.1168707505e-01 4.1839456704e-01 4.1839456704e-01 4.2266396971e-01 4.2544804449e-01 3.3003586956e-01 3.3739307853e-01 3.3739307853e-01 3.3325753398e-01 3.3513304288e-01 1.5434801511e-04 1.6427958326e-04 1.7754358123e-04 1.2585202409e-04 1.3282914733e-04 1.4006283163e-04 0 0
1493 4.1014070191e-01 4.1703958711e-01 4.1703958711e-01 4.2281595789e-01 4.3135339903e-01 3.2981006988e-01 3.3715539020e-01 3.3715539020e-01 3.3302513372e-01 3.3488452466e-01 1.7260116321e-04 1.8384588475e-04 1.6464624787e-04 1.2964890806e-04 1.3795960695e-04 1.3603566185e-04 0 0
1494 4.0802620197e-01 4.1559862899e-01 4.1559862899e-01 4.2434205042e-01 4.2925029099e-01 3.2958931827e-01 3.3692067290e-01 3.3692067290e-01 3.3279277979e-01 3.3463209971e-01 1.8641325723e-04 1.9274933584e-04 1.5453428205e-04 1.3317632106e-04 1.4133277000e-04 1.3218417735e-04 0 0
1495 4.0390308689e-01 4.1572489004e-01 4.1572489004e-01 4.2024737318e-01 4.2608025206e-01 3.2935931005e-01 3.3667558760e-01 3.3667558760e-01 3.3255194726e-01 3.3438158414e-01 1.7112385368e-04 1.7699033924e-04 1.5764970885e-04 1.3035162967e-04 1.3807995128e-04 1.3240694534e-04 0 0
1496 4.0865726567e-01 4.1260397641e-01 4.1260397641e-01 4.1690528241e-01 4.2347011740e-01 3.2912138315e-01 3.3642359216e-01 3.3642359216e-01 3.3230736683e-01 3.3414782019e-01 1.4665658068e-04 1.6024409706e-04 1.7661189486e-04 1.2272065100e-04 1.3229938486e-04 1.3550576841e-04 0 0
1497 4.1155110301e-01 4.0936404425e-01 4.0936404425e-01 4.1525321260e-01 4.2106067580e-01 3.2887954831e-01 3.3617452387e-01 3.3617452387e-01 3.3206048151e-01 3.3392464037e-01 1.3761778739e-04 1.5463713498e-04 2.0582877914e-04 1.1954056351e-04 1.3023286010e-04 1.4337628090e-04 0 0
1498 4.1292867527e-01 4.0838861586e-01 4.0838861586e-01 4.1681896136e-01 4.2516407398e-01 3.2863393840e-01 3.3593073615e-01 3.3593073615e-01 3.3181810164e-01 3.3368848024e-01 1.3994782578e-04 1.5759957751e-04 1.8073932733e-04 1.2115995342e-04 1.3007044618e-04 1.3825622591e-04 0 0
1499 4.0655821244e-01 4.1107402028e-01 4.1107402028e-01 4.1694593173e-01 4.2551566402e-01 3.2839700278e-01 3.3569147136e-01 3.3569147136e-01 3.3158010261e-01 3.3344289204e-01 1.5454323185e-04 1.6242283891e-04 1.5903493477e-04 1.2507594042e-04 1.3086761464e-04 1.3171802129e-04 0 0
1500 4.0554236591e-01 4.0989135181e-01 4.0989135181e-01 4.1785928260e-01 4.2178983623e-01 3.2817256653e-01 3.3545263984e-01 3.3545263984e-01 3.3134819494e-01 3.3319335703e-01 1.7573566367e-04 1.7340234626e-04 1.5159374016e-04 1.3000813979e-04 1.3346908963e-04 1.2913109094e-04 0 0
1501 4.1027249476e-01 4.1026428253e-01 4.1026428253e-01 4.1443940881e-01 4.2005121989e-01 3.2794372525e-01 3.3520995250e-01 3.3520995250e-01 3.3111802651e-01 3.3295302083e-01 1.7256283609e-04 1.8124843336e-04 1.6170815798e-04 1.3001208760e-04 1.3576184574e-04 1.3095203030e-04 0 0
1502 4.1415556550e-01 4.0862134107e-01 4.0862134107e-01 4.1330436924e-01 4.1587156053e-01 3.2770088632e-01 3.3496885166e-01 3.3496885166e-01 3.3088590187e-01 3.3272301341e-01 1.5280313839e-04 1.7721342738e-04 1.8371733313e-04 1.2552494385e-04 1.3462764036e-04 1.3684140140e-04 0 0
1503 4.1546029186e-01 4.0553257023e-01 4.0553257023e-01 4.1193317312e-01 4.1831947033e-01 3.2744829367e-01 3.3472705181e-01 3.3472705181e-01 3.3065227861e-01 3.3248976085e-01 1.4044372947e-04 1.6316568508e-04 1.8073023239e-04 1.2224291738e-04 1.2959876767e-04 1.3666795712e-04 0 0
1504 4.1023031985e-01 4.0720608886e-01 4.0720608886e-01 4.1261885775e-01 4.1900505071e-01 3.2719794690e-01 3.3448775705e-01 3.3448775705e-01 3.3041921992e-01 3.3224851119e-01 1.4026095133e-04 1.5732587781e-04 1.6317367408e-04 1.2170162661e-04 1.2721634266e-04 1.3168276928e-04 0 0
1505 4.0466929741e-01 4.0726547604e-01 4.0726547604e-01 4.0631904611e-01 4.1588149908e-01 3.2695999240e-01 3.3425150031e-01 3.3425150031e-01 3.3019223718e-01 3.3200509220e-01 1.4930352099e-04 1.6422887711e-04 1.5402527060e-04 1.2282212404e-04 1.2824603618e-04 1.2818295363e-04 0 0
1506 4.0292245704e-01 4.0403221055e-01 4.0403221055e-01 4.0528810199e-01 4.1247353464e-01 3.2673248884e-01 3.3401803338e-01 3.3401803338e-01 3.2996660711e-01 3.3176776540e-01 1.6590429188e-04 1.6584409605e-04 1.5777174121e-04 1.2657953956e-04 1.2827883620e-04 1.2810192857e-04 0 0
1507 4.0511154525e-01 4.0386335193e-01 4.0386335193e-01 4.0542226035e-01 4.0908471419e-01 3.2650082999e-01 3.3378471527e-01 3.3378471527e-01 3.2974051271e-01 3.3153348173e-01 1.7210824694e-04 1.6616419452e-04 1.6748518829e-04 1.2950197370e-04 1.2834987865e-04 1.3124430552e-04 0 0
1508 4.1210895122e-01 4.0443080950e-01 4.0443080950e-01 4.0896552474e-01 4.1161539429e-01 3.2625686205e-01 3.3354559912e-01 3.3354559912e-01 3.2950712702e-01 3.3129963277e-01 1.5246198261e-04 1.5174531291e-04 1.6661913833e-04 1.2446490278e-04 1.2459189747e-04 1.3069839770e-04 0 0
1509 4.0867894592e-01 4.0279283737e-01 4.0279283737e-01 4.1159862692e-01 4.1214484812e-01 3.2600618256e-01 3.3330724459e-01 3.3330724459e-01 3.2927390180e-01 3.3106230555e-01 1.4205994314e-04 1.4908106823e-04 1.5589119721e-04 1.2183839446e-04 1.2346195581e-04 1.2714767945e-04 0 0
1510 4.0401587544e-01 3.9924369853e-01 3.9924369853e-01 4.0805603987e-01 4.0994821904e-01 3.2575876132e-01 3.3307154490e-01 3.3307154490e-01 3.2904201648e-01 3.3082601844e-01 1.3636371334e-04 1.5786742733e-04 1.4809127606e-04 1.1909991206e-04 1.2650879216e-04 1.2358750973e-04 0 0
1511 4.0395884926e-01 3.9769158946e-01 3.9769158946e-01 4.0605639925e-01 4.0562611941e-01 3.2551955882e-01 3.3284312885e-01 3.3284312885e-01 3.2881048100e-01 3.3059213898e-01 1.3930441031e-04 1.6762794257e-04 1.4855702466e-04 1.1841637982e-04 1.2997441081e-04 1.2325026182e-04 0 0
1512 4.0245104706e-01 3.9688790743e-01 3.9688790743e-01 4.0870478937e-01 4.0350515596e-01 3.2528485385e-01 3.3261643880e-01 3.3261643880e-01 3.2857857548e-01 3.3036600509e-01 1.5098737873e-04 1.6522318765e-04 1.5795136278e-04 1.2153731748e-04 1.2897905253e-04 1.2496327690e-04 0 0
1513 4.0421593931e-01 3.9785048307e-01 3.9785048307e-01 4.1460225288e-01 4.0429249015e-01 3.2505753532e-01 3.3238980421e-01 3.3238980421e-01 3.2834476794e-01 3.3014110230e-01 1.7369481740e-04 1.5251294826e-04 1.6151931050e-04 1.2783542466e-04 1.2446098845e-04 1.2581709598e-04 0 0
1514 4.0153863669e-01 3.9714613311e-01 3.9714613311e-01 4.1384550810e-01 4.0416378443e-01 3.2482372725e-01 3.3216194485e-01 3.3216194485e-01 3.2811079007e-01 3.2991027795e-01 1.7198458870e-04 1.5713625180e-04 1.5492172679e-04 1.2923525269e-04 1.2636174506e-04 1.2460978178e-04 0 0
1515 4.0111790584e-01 3.9475704568e-01 3.9475704568e-01 4.0941217118e-01 4.0912710685e-01 3.2458741538e-01 3.3193391246e-01 3.3193391246e-01 3.2787911270e-01 3.2967558488e-01 1.4954554042e-04 1.6702716675e-04 1.4605460456e-04 1.2179246596e-04 1.2933336984e-04 1.2193474322e-04 0 0
1516 3.9471601196e-01 3.9465369789e-01 3.9465369789e-01 4.0639429212e-01 4.0959239417e-01 3.2435001407e-01 3.3170471082e-01 3.3170471082e-01 3.2764861782e-01 3.2944116380e-01 1.3830463759e-04 1.7695479619e-04 1.4914665371e-04 1.1755249068e-04 1.3238810789e-04 1.2315794447e-04 0 0
1517 3.9234892441e-01 4.0022609401e-01 4.0022609401e-01 4.0920727257e-01 4.0683922883e-01 3.2411425572e-01 3.3146905713e-01 3.3146905713e-01 3.2741060453e-01 3.2921325667e-01 1.3083248915e-04 1.5882211301e-04 1.6424569912e-04 1.1327938634e-04 1.2733840413e-04 1.2729332957e-04 0 0
1518 3.9246471888e-01 3.9907059206e-01 3.9907059206e-01 4.0786596684e-01 4.0652423094e-01 3.2387723515e-01 3.3122881019e-01 3.3122881019e-01 3.2716922468e-01 3.2898792004e-01 1.3339970673e-04 1.4332250430e-04 1.7501347611e-04 1.1407352893e-04 1.2205207167e-04 1.3039210171e-04 0 0
1519 3.9295506366e-01 3.9873039475e-01 3.9873039475e-01 4.1273600838e-01 4.0512841169e-01 3.2364418069e-01 3.3098680597e-01 3.3098680597e-01 3.2692452539e-01 3.2876048848e-01 1.4064388235e-04 1.3503895752e-04 1.6879936447e-04 1.1629961865e-04 1.1938131865e-04 1.2845156016e-04 0 0
1520 3.9284710549e-01 3.9545577849e-01 3.9545577849e-01 4.1141103949e-01 4.0982042483e-01 3.2341482858e-01 3.3074881902e-01 3.3074881902e-01 3.2667904541e-01 3.2852399736e-01 1.4664418120e-04 1.3689877960e-04 1.5107796935e-04 1.1837688370e-04 1.1995838940e-04 1.2389289623e-04 0 0
1521 3.9076296263e-01 4.0111699161e-01 4.0111699161e-01 4.0650755256e-01 4.0692527750e-01 3.2318826523e-01 3.3051459222e-01 3.3051459222e-01 3.2643432389e-01 3.2828483629e-01 1.4588517204e-04 1.4071420446e-04 1.5119266027e-04 1.1747735072e-04 1.2087732102e-04 1.2462268933e-04 0 0
1522 3.8796370550e-01 3.9792291285e-01 3.9792291285e-01 4.0237630786e-01 4.0619350462e-01 3.2295874435e-01 3.3028372832e-01 3.3028372832e-01 3.2619744092e-01 3.2805060437e-01 1.4038093054e-04 1.4897289657e-04 1.5809380420e-04 1.1546999820e-04 1.2235354370e-04 1.2587777019e-04 0 0
1523 3.8876710156e-01 3.9982315416e-01 3.9982315416e-01 3.9917493928e-01 4.0531958926e-01 3.2272623112e-01 3.3004968835e-01 3.3004968835e-01 3.2596767945e-01 3.2782386134e-01 1.3042597824e-04 1.5711952437e-04 1.6912946739e-04 1.1155033721e-04 1.2421058636e-04 1.2776981021e-04 0 0
1524 3.8853137093e-01 3.9494477686e-01 3.9494477686e-01 4.0713155219e-01 4.0233215413e-01 3.2249441378e-01 3.2981183524e-01 3.2981183524e-01 3.2573587489e-01 3.2759626855e-01 1.2900479701e-04 1.5226958931e-04 1.6963639791e-04 1.1098146815e-04 1.2306611461e-04 1.2808711472e-04 0 0
1525 3.9074899219e-01 3.9370190917e-01 3.9370190917e-01 4.0673583695e-01 4.0542064774e-01 3.2226012385e-01 3.2957266443e-01 3.2957266443e-01 3.2549826317e-01 3.2736526066e-01 1.2779206913e-04 1.5030060604e-04 1.5877431724e-04 1.1156602944e-04 1.2342348055e-04 1.2499393051e-04 0 0
1526 3.9590488099e-01 3.9381873121e-01 3.9381873121e-01 4.0293840911e-01 4.0164608211e-01 3.2202421265e-01 3.2933680732e-01 3.2933680732e-01 3.2525924601e-01 3.2712991585e-01 1.2846806843e-04 1.4565847232e-04 1.5346015425e-04 1.1227600977e-04 1.2134770077e-04 1.2411151693e-04 0 0
1527 3.9243837745e-01 3.9582007997e-01 3.9582007997e-01 3.9725360923e-01 4.0410401633e-01 3.2178876100e-01 3.2910389657e-01 3.2910389657e-01 3.2502733901e-01 3.2689127123e-01 1.3634644537e-04 1.4534540242e-04 1.4717777958e-04 1.1501615292e-04 1.1946474842e-04 1.2207691179e-04 0 0
1528 3.9245137550e-01 3.9580690354e-01 3.9580690354e-01 3.9451741558e-01 4.0130014625e-01 3.2155498987e-01 3.2887394241e-01 3.2887394241e-01 3.2480811178e-01 3.2665364306e-01 1.3907500498e-04 1.5589881514e-04 1.4929773897e-04 1.1534571476e-04 1.2082968169e-04 1.2220774806e-04 0 0
1529 3.9135966318e-01 3.9019490406e-01 3.9019490406e-01 3.9727535297e-01 4.0035774980e-01 3.2132761128e-01 3.2864057934e-01 3.2864057934e-01 3.2459331438e-01 3.2641737877e-01 1.4904872850e-04 1.6271917411e-04 1.4648220531e-04 1.1793980693e-04 1.2239068019e-04 1.2060018344e-04 0 0
1530 3.9302967561e-01 3.9086275495e-01 3.9086275495e-01 4.0025972111e-01 4.0093335375e-01 3.2110734218e-01 3.2840502373e-01 3.2840502373e-01 3.2437340423e-01 3.2618980006e-01 1.5471610065e-04 1.5780965623e-04 1.5434938541e-04 1.1860695464e-04 1.2143206550e-04 1.2188114852e-04 0 0
1531 3.9436571650e-01 3.9066516670e-01 3.9066516670e-01 3.9821066079e-01 4.0442883945e-01 3.2089139445e-01 3.2817124219e-01 3.2817124219e-01 3.2414865545e-01 3.2596479247e-01 1.6550193114e-04 1.5515166160e-04 1.6188817972e-04 1.2139097347e-04 1.2101217726e-04 1.2443717424e-04 0 0
1532 3.9522175693e-01 3.9743291208e-01 3.9743291208e-01 3.9291001757e-01 4.0040561253e-01 3.2066686866e-01 3.2793770346e-01 3.2793770346e-01 3.2392466163e-01 3.2574026781e-01 1.6430834669e-04 1.5806356532e-04 1.6925281670e-04 1.2285438321e-04 1.2185873857e-04 1.2690054427e-04 0 0
1533 3.9493489649e-01 3.9186838625e-01 3.9186838625e-01 3.9266430682e-01 3.9641927786e-01 3.2043101511e-01 3.2770900909e-01 3.2770900909e-01 3.2370419501e-01 3.2551489762e-01 1.5168217881e-04 1.5383368009e-04 1.6477141617e-04 1.2062010450e-04 1.1984448065e-04 1.2493183749e-04 0 0
1534 3.9565566853e-01 3.8719575536e-01 3.8719575536e-01 3.9231663151e-01 3.9233182896e-01 3.2018961227e-01 3.2748606055e-01 3.2748606055e-01 3.2348249002e-01 3.2529056320e-01 1.3707541244e-04 1.4336822642e-04 1.5509368677e-04 1.1617796850e-04 1.1645630366e-04 1.2073972903e-04 0 0
1535 4.0040300084e-01 3.8497754375e-01 3.8497754375e-01 3.9235742970e-01 3.9088009968e-01 3.1994844172e-01 3.2726501254e-01 3.2726501254e-01 3.2325800683e-01 3.2506603961e-01 1.3168971052e-04 1.3414682326e-04 1.4729291433e-04 1.1424850716e-04 1.1301633276e-04 1.1806932889e-04 0 0
1536 4.0075818111e-01 3.8395143913e-01 3.8395143913e-01 3.9590778377e-01 3.9246664077e-01 3.1970697173e-01 3.2703951003e-01 3.2703951003e-01 3.2303451153e-01 3.2484290218e-01 1.3295149827e-04 1.3664106518e-04 1.4205386105e-04 1.1493678472e-04 1.1315618394e-04 1.1593157615e-04 0 0
1537 4.0136740616e-01 3.8498431734e-01 3.8498431734e-01 3.9330851165e-01 3.9350267332e-01 3.1946923809e-01 3.2681283224e-01 3.2681283224e-01 3.2281338008e-01 3.2461543066e-01 1.4064086156e-04 1.4982834546e-04 1.3970081636e-04 1.1695212750e-04 1.1778393309e-04 1.1577406985e-04 0 0
1538 4.0209793192e-01 3.8442420334e-01 3.8442420334e-01 3.9888745734e-01 3.9584189304e-01 3.1924006471e-01 3.2658315275e-01 3.2658315275e-01 3.2259664305e-01 3.2438849339e-01 1.6333948592e-04 1.6273197252e-04 1.4398441272e-04 1.2351103367e-04 1.2205567691e-04 1.1670768072e-04 0 0
1539 4.0244246500e-01 3.8421083527e-01 3.8421083527e-01 4.0043660226e-01 3.9201106566e-01 3.1901100982e-01 3.2635677875e-01 3.2635677875e-01 3.2237326499e-01 3.2416823021e-01 1.7875098346e-04 1.5788554447e-04 1.5521114256e-04 1.2933639824e-04 1.2247076666e-04 1.1914467905e-04 0 0
1540 4.0251874743e-01 3.8457271174e-01 3.8457271174e-01 3.9679064103e-01 3.8852215404e-01 3.1877443159e-01 3.2613617901e-01 3.2613617901e-01 3.2214666075e-01 3.2395320940e-01 1.5824184687e-04 1.4518655371e-04 1.5703494137e-04 1.2400537708e-04 1.1796588296e-04 1.1887394066e-04 0 0
1541 3.9971154425e-01 3.8152978043e-01 3.8152978043e-01 3.9041480489e-01 3.8877629550e-01 3.1853711373e-01 3.2592064973e-01 3.2592064973e-01 3.2191932816e-01 3.2373692546e-01 1.4424570093e-04 1.4441282110e-04 1.4739591279e-04 1.1868179134e-04 1.1714375796e-04 1.1604931933e-04 0 0
1542 3.9687602105e-01 3.7850496338e-01 3.7850496338e-01 3.9219822104e-01 3.9113468535e-01 3.1830346460e-01 3.2570203411e-01 3.2570203411e-01 3.2169958089e-01 3.2351647591e-01 1.4523970171e-04 1.5424197773e-04 1.3903626677e-04 1.1797451249e-04 1.1879308295e-04 1.1366904437e-04 0 0
1543 3.9523986809e-01 3.7897394500e-01 3.7897394500e-01 3.9514896102e-01 3.9208036390e-01 3.1807590080e-01 3.2547811158e-01 3.2547811158e-01 3.2147821751e-01 3.2329056204e-01 1.6126917266e-04 1.5918184363e-04 1.3577112986e-04 1.2253215057e-04 1.2148765381e-04 1.1304501459e-04 0 0
1544 3.9768239300e-01 3.8284038909e-01 3.8284038909e-01 4.0179862899e-01 3.9289581554e-01 3.1784582986e-01 3.2524914519e-01 3.2524914519e-01 3.2125256251e-01 3.2306100772e-01 1.5880378860e-04 1.4737129095e-04 1.3785783813e-04 1.2230389065e-04 1.1838426872e-04 1.1451930550e-04 0 0
1545 4.0128973607e-01 3.8606677342e-01 3.8606677342e-01 4.0022424288e-01 3.9369813965e-01 3.1760905995e-01 3.2501757843e-01 3.2501757843e-01 3.2102495527e-01 3.2283939163e-01 1.4554387820e-04 1.5009748313e-04 1.5004666056e-04 1.1887813401e-04 1.1978264229e-04 1.1781063586e-04 0 0
1546 4.0104849191e-01 3.8653623725e-01 3.8653623725e-01 3.9731475241e-01 3.9473444007e-01 3.1736387570e-01 3.2479232712e-01 3.2479232712e-01 3.2080397353e-01 3.2262396862e-01 1.3268166990e-04 1.6510472778e-04 1.6289977793e-04 1.1545056586e-04 1.2325930584e-04 1.2152851923e-04 0 0
1547 4.0261885909e-01 3.8623019868e-01 3.8623019868e-01 3.9733471026e-01 3.9250024573e-01 3.1711816471e-01 3.2457341457e-01 3.2457341457e-01 3.2058104494e-01 3.2240693862e-01 1.3033796192e-04 1.6993561439e-04 1.6080998466e-04 1.1440033615e-04 1.2543080811e-04 1.2106257782e-04 0 0
1548 3.9830848197e-01 3.8159888438e-01 3.8159888438e-01 4.0453847632e-01 3.8958378784e-01 3.1687369623e-01 3.2435304131e-01 3.2435304131e-01 3.2034827317e-01 3.2218584695e-01 1.3170970306e-04 1.5112399706e-04 1.5327856090e-04 1.1467140805e-04 1.2126838192e-04 1.1859490041e-04 0 0
1549 3.9439522185e-01 3.8079635881e-01 3.8079635881e-01 4.0574358247e-01 3.9015936279e-01 3.1663443314e-01 3.2412491182e-01 3.2412491182e-01 3.2011051078e-01 3.2195927905e-01 1.3970705976e-04 1.4062155242e-04 1.4649694640e-04 1.1688367401e-04 1.1869909940e-04 1.1690382962e-04 0 0
1550 3.9416789788e-01 3.8740384462e-01 3.8740384462e-01 4.0662966122e-01 3.9241554443e-01 3.1640138982e-01 3.2389470878e-01 3.2389470878e-01 3.1986931085e-01 3.2173235386e-01 1.4799368490e-04 1.3696002861e-04 1.4388027193e-04 1.1862948237e-04 1.1789870405e-04 1.1619346697e-04 0 0
1551 3.9476624020e-01 3.8597910885e-01 3.8597910885e-01 4.0174028477e-01 3.9615930541e-01 3.1616951224e-01 3.2367111000e-01 3.2367111000e-01 3.1963209962e-01 3.2150346633e-01 1.5722901868e-04 1.4439516235e-04 1.4286355145e-04 1.2172109183e-04 1.1957218885e-04 1.1678054943e-04 0 0
1552 3.9958940467e-01 3.8831241797e-01 3.8831241797e-01 3.9845149866e-01 3.9577018606e-01 3.1593370827e-01 3.2344968108e-01 3.2344968108e-01 3.1940356674e-01 3.2127397511e-01 1.4991380632e-04 1.6164304543e-04 1.4534511865e-04 1.1967915420e-04 1.2401217100e-04 1.1794225793e-04 0 0
1553 3.9782093727e-01 3.8838729792e-01 3.8838729792e-01 3.9920680374e-01 3.9381927513e-01 3.1569306868e-01 3.2322393911e-01 3.2322393911e-01 3.1917949039e-01 3.2104510756e-01 1.4482365019e-04 1.6738734848e-04 1.4791837020e-04 1.1890413982e-04 1.2529575179e-04 1.1831092343e-04 0 0
1554 3.9514244694e-01 3.8861188953e-01 3.8861188953e-01 4.0148606361e-01 3.9632015163e-01 3.1545982736e-01 3.2298958731e-01 3.2298958731e-01 3.1894892587e-01 3.2082308284e-01 1.4880615391e-04 1.5080837329e-04 1.5949747467e-04 1.1880826755e-04 1.2104840425e-04 1.2071658421e-04 0 0
1555 3.9585613238e-01 3.8765641409e-01 3.8765641409e-01 4.0405074404e-01 4.0032425074e-01 3.1523056550e-01 3.2275193679e-01 3.2275193679e-01 3.1871284640e-01 3.2059668978e-01 1.5677279059e-04 1.3914892043e-04 1.6235916701e-04 1.2085316224e-04 1.1762733629e-04 1.2329888705e-04 0 0
1556 3.9984045493e-01 3.9188833035e-01 3.9188833035e-01 3.9916590417e-01 4.0061414574e-01 3.1500049675e-01 3.2251587588e-01 3.2251587588e-01 3.1847342405e-01 3.2036889172e-01 1.6566403468e-04 1.3415537978e-04 1.6015595611e-04 1.2425572314e-04 1.1591981820e-04 1.2338548549e-04 0 0
1557 3.9901957791e-01 3.8910116517e-01 3.8910116517e-01 3.9787308836e-01 3.9683850920e-01 3.1476691911e-01 3.2228857437e-01 3.2228857437e-01 3.1824042806e-01 3.2013426432e-01 1.6197281559e-04 1.3893758296e-04 1.4944110444e-04 1.2372087710e-04 1.1616725897e-04 1.2105486894e-04 0 0
1558 3.9671286033e-01 3.9413759213e-01 3.9413759213e-01 3.9474586159e-01 3.9687479228e-01 3.1452776908e-01 3.2205816446e-01 3.2205816446e-01 3.1801349107e-01 3.1990014030e-01 1.5402006169e-04 1.5351419279e-04 1.4781291247e-04 1.2226368136e-04 1.2068053911e-04 1.1980875206e-04 0 0
1559 4.0055567949e-01 3.8989292209e-01 3.8989292209e-01 4.0058017524e-01 3.9494175965e-01 3.1428695517e-01 3.2182240246e-01 3.2182240246e-01 3.1778677376e-01 3.1966940298e-01 1.4959018258e-04 1.5924077888e-04 1.5285755217e-04 1.2114381446e-04 1.2305261771e-04 1.2060875088e-04 0 0
1560 3.9686803958e-01 3.8669753739e-01 3.8669753739e-01 4.0179319815e-01 3.9575552542e-01 3.1404398811e-01 3.2158187397e-01 3.2158187397e-01 3.1755581419e-01 3.1944554301e-01 1.4760395218e-04 1.5483957395e-04 1.5730350424e-04 1.2082060032e-04 1.2239567877e-04 1.2073124526e-04 0 0
1561 4.0105267132e-01 3.8499143916e-01 3.8499143916e-01 4.0222093180e-01 3.9511765085e-01 3.1379580638e-01 3.2134732539e-01 3.2134732539e-01 3.1732162588e-01 3.1922249995e-01 1.3680430168e-04 1.4434196783e-04 1.5808681201e-04 1.1725976578e-04 1.1873095355e-04 1.2128466551e-04 0 0
1562 4.0262370582e-01 3.8468938159e-01 3.8468938159e-01 3.9808136788e-01 3.9484458463e-01 3.1354545000e-01 3.2111595935e-01 3.2111595935e-01 3.1709235568e-01 3.1899573252e-01 1.3282764256e-04 1.5255773178e-04 1.5268248535e-04 1.1590405027e-04 1.2064099792e-04 1.2031644292e-04 0 0
1563 4.0417097617e-01 3.8749683979e-01 3.8749683979e-01 3.9492792310e-01 3.9453165956e-01 3.1329936289e-01 3.2088666422e-01 3.2088666422e-01 3.1686592569e-01 3.1876635029e-01 1.3576126910e-04 1.5836931561e-04 1.4832309535e-04 1.1632237828e-04 1.2218551274e-04 1.1888942754e-04 0 0
1564 3.9833294967e-01 3.8901347575e-01 3.8901347575e-01 3.9972360107e-01 3.9703472000e-01 3.1306297424e-01 3.2065919019e-01 3.2065919019e-01 3.1663711860e-01 3.1853813504e-01 1.4900163082e-04 1.5660445933e-04 1.4762536739e-04 1.1953790685e-04 1.2212291767e-04 1.1790684221e-04 0 0
1565 4.0176278372e-01 3.8822178683e-01 3.8822178683e-01 4.0026045637e-01 3.9604155824e-01 3.1283703320e-01 3.2043289404e-01 3.2043289404e-01 3.1639926625e-01 3.1831321269e-01 1.6845565053e-04 1.4446806017e-04 1.5848011390e-04 1.2404959127e-04 1.1943291247e-04 1.2131303447e-04 0 0
1566 3.9820516123e-01 3.8479883273e-01 3.8479883273e-01 4.0116743468e-01 3.9540124800e-01 3.1260605490e-01 3.2020318846e-01 3.2020318846e-01 3.1615680527e-01 3.1808584052e-01 1.7593479103e-04 1.3471061538e-04 1.5769791207e-04 1.2787656151e-04 1.1632296810e-04 1.2197478281e-04 0 0
1567 3.9862490097e-01 3.8821762224e-01 3.8821762224e-01 4.0099908837e-01 3.9619747009e-01 3.1236378188e-01 3.1996897201e-01 3.1996897201e-01 3.1591762857e-01 3.1785662358e-01 1.4529971101e-04 1.3475388550e-04 1.5229859855e-04 1.1896773702e-04 1.1564966553e-04 1.2045549374e-04 0 0
1568 3.9804547950e-01 3.8828127610e-01 3.8828127610e-01 3.9836159385e-01 3.9734074230e-01 3.1211805131e-01 3.1973187660e-01 3.1973187660e-01 3.1568591261e-01 3.1762382627e-01 1.3137240446e-04 1.4575648675e-04 1.4396807092e-04 1.1423083383e-04 1.1853578690e-04 1.1775161693e-04 0 0
1569 4.0007299757e-01 3.9216310950e-01 3.9216310950e-01 3.9959392369e-01 3.9599685457e-01 3.1187683310e-01 3.1949422480e-01 3.1949422480e-01 3.1545937295e-01 3.1739326987e-01 1.3109188623e-04 1.6174829943e-04 1.4689153613e-04 1.1324071250e-04 1.2343721755e-04 1.1805309259e-04 0 0
1570 3.9701419809e-01 3.8756943588e-01 3.8756943588e-01 4.0311506212e-01 3.9367751602e-01 3.1164361115e-01 3.1926398675e-01 3.1926398675e-01 3.1522962139e-01 3.1716932314e-01 1.4546617848e-04 1.7059919628e-04 1.5822856949e-04 1.1701639566e-04 1.2752095790e-04 1.2070001685e-04 0 0
1571 3.9508812904e-01 3.8465651306e-01 3.8465651306e-01 4.0616684186e-01 3.9558622384e-01 3.1141641276e-01 3.1903924943e-01 3.1903924943e-01 3.1499439023e-01 3.1694686593e-01 1.6645842016e-04 1.5485867334e-04 1.6541361401e-04 1.2313939634e-04 1.2289150618e-04 1.2310322199e-04 0 0
1572 4.0098485668e-01 3.8928859989e-01 3.8928859989e-01 4.0061068884e-01 3.9757878785e-01 3.1118138043e-01 3.1881013506e-01 3.1881013506e-01 3.1475649544e-01 3.1671502666e-01 1.6396781183e-04 1.5079115110e-04 1.5335706121e-04 1.2421879794e-04 1.2212067668e-04 1.2101030370e-04 0 0
1573 4.0097726570e-01 3.9273561573e-01 3.9273561573e-01 3.9581433181e-01 3.9773816205e-01 3.1093908899e-01 3.1857196888e-01 3.1857196888e-01 3.1452671240e-01 3.1647943220e-01 1.4621841341e-04 1.5631989663e-04 1.4288515376e-04 1.1937932946e-04 1.2231936853e-04 1.1760381676e-04 0 0
1574 4.0076178887e-01 3.9074470593e-01 3.9074470593e-01 3.9827416499e-01 3.9564822024e-01 3.1069040865e-01 3.1833231866e-01 3.1833231866e-01 3.1429585011e-01 3.1624462415e-01 1.3042964593e-04 1.5817856911e-04 1.4130101772e-04 1.1436925373e-04 1.2317125220e-04 1.1668899606e-04 0 0
1575 4.0083864249e-01 3.8569797311e-01 3.8569797311e-01 4.0286826231e-01 3.9957367546e-01 3.1044125427e-01 3.1809456723e-01 3.1809456723e-01 3.1405924566e-01 3.1601814213e-01 1.3050938533e-04 1.5368725872e-04 1.5405557497e-04 1.1415244072e-04 1.2260072253e-04 1.1979097690e-04 0 0
1576 3.9667029861e-01 3.8872711709e-01 3.8872711709e-01 4.0203924021e-01 3.9797267260e-01 3.1019400328e-01 3.1786275444e-01 3.1786275444e-01 3.1381774149e-01 3.1579156112e-01 1.3617652234e-04 1.4392737648e-04 1.6578429495e-04 1.1570075377e-04 1.1974947847e-04 1.2443261221e-04 0 0
1577 3.9351279262e-01 3.9150853372e-01 3.9150853372e-01 3.9959141005e-01 4.0054562871e-01 3.0995892382e-01 3.1762746963e-01 3.1762746963e-01 3.1357857743e-01 3.1556038990e-01 1.4981018714e-04 1.4082517737e-04 1.6154340847e-04 1.1830565779e-04 1.1803339657e-04 1.2402464927e-04 0 0
1578 3.9385331012e-01 3.9388779772e-01 3.9388779772e-01 3.9999323873e-01 3.9744189636e-01 3.0972558023e-01 3.1738790715e-01 3.1738790715e-01 3.1335148296e-01 3.1532292473e-01 1.5748630178e-04 1.5318508667e-04 1.5038713173e-04 1.2113900010e-04 1.2006479665e-04 1.2113247794e-04 0 0
1579 3.9731020683e-01 3.9109209744e-01 3.9109209744e-01 3.9594006524e-01 3.9987340527e-01 3.0948648243e-01 3.1714611741e-01 3.1714611741e-01 3.1313066393e-01 3.1508540541e-01 1.4882318407e-04 1.7381398357e-04 1.4379372442e-04 1.1925871230e-04 1.2596634042e-04 1.1844816981e-04 0 0
1580 4.0066867605e-01 3.9054555085e-01 3.9054555085e-01 3.9942656616e-01 3.9398291105e-01 3.0924187595e-01 3.1691243862e-01 3.1691243862e-01 3.1290362129e-01 3.1485183656e-01 1.3510558611e-04 1.6304187011e-04 1.5056903794e-04 1.1452287960e-04 1.2346802396e-04 1.2033399253e-04 0 0
1581 3.9713201053e-01 3.8693090842e-01 3.8693090842e-01 3.9833183734e-01 3.9844898483e-01 3.0899059317e-01 3.1668445231e-01 3.1668445231e-01 3.1267043119e-01 3.1462526367e-01 1.2948476152e-04 1.4795050811e-04 1.5541433095e-04 1.1327397775e-04 1.1919471581e-04 1.2041220543e-04 0 0
1582 3.9125139071e-01 3.9215649790e-01 3.9215649790e-01 3.9697944452e-01 3.9924614905e-01 3.0874699760e-01 3.1645320877e-01 3.1645320877e-01 3.1243722762e-01 3.1439972397e-01 1.3155433250e-04 1.4413127064e-04 1.6714607045e-04 1.1261618437e-04 1.1789915879e-04 1.2436237739e-04 0 0
1583 3.8730148752e-01 3.9265505668e-01 3.9265505668e-01 3.9409581909e-01 3.9404023535e-01 3.0851585562e-01 3.1621096854e-01 3.1621096854e-01 3.1220783505e-01 3.1416877936e-01 1.3801738361e-04 1.5132336557e-04 1.6516323376e-04 1.1278524196e-04 1.1991207066e-04 1.2484576291e-04 0 0
1584 3.8918643859e-01 3.9025155336e-01 3.9025155336e-01 3.9609852935e-01 3.9430928478e-01 3.0828268521e-01 3.1596985968e-01 3.1596985968e-01 3.1197888430e-01 3.1393209663e-01 1.4110847036e-04 1.5743121912e-04 1.4523269056e-04 1.1455447444e-04 1.2190006601e-04 1.1848823488e-04 0 0
1585 3.9521742233e-01 3.8578776802e-01 3.8578776802e-01 3.9904538933e-01 3.9202051631e-01 3.0804147167e-01 3.1573710220e-01 3.1573710220e-01 3.1174567290e-01 3.1369508918e-01 1.4196671188e-04 1.5693780733e-04 1.4125985035e-04 1.1640018327e-04 1.2243742094e-04 1.1712368359e-04 0 0
1586 4.0038596183e-01 3.8544721311e-01 3.8544721311e-01 3.9784516103e-01 3.9480784253e-01 3.0779316609e-01 3.1550850565e-01 3.1550850565e-01 3.1151061177e-01 3.1345920543e-01 1.3795139390e-04 1.5055126278e-04 1.3641120313e-04 1.1607417147e-04 1.2031832375e-04 1.1488006567e-04 0 0
1587 4.0211837910e-01 3.9008994652e-01 3.9008994652e-01 3.9580867533e-01 3.9393174541e-01 3.0754196115e-01 3.1527706928e-01 3.1527706928e-01 3.1127503802e-01 3.1322700744e-01 1.3157812097e-04 1.4614527754e-04 1.4089126489e-04 1.1425653131e-04 1.1892688053e-04 1.1564355736e-04 0 0
1588 4.0216071723e-01 3.8768431987e-01 3.8768431987e-01 3.9689953918e-01 3.9485958572e-01 3.0729162296e-01 3.1504109582e-01 3.1504109582e-01 3.1104624960e-01 3.1299924355e-01 1.2867050342e-04 1.5612109564e-04 1.4780022320e-04 1.1322574946e-04 1.2124306522e-04 1.1713906861e-04 0 0
1589 4.0259303980e-01 3.8730988453e-01 3.8730988453e-01 3.9810075157e-01 3.9327049762e-01 3.0704224263e-01 3.1480460154e-01 3.1480460154e-01 3.1081825498e-01 3.1277445251e-01 1.2780759276e-04 1.6350967780e-04 1.6020586190e-04 1.1254430904e-04 1.2353614147e-04 1.2124189743e-04 0 0
1590 4.0205363120e-01 3.8562859903e-01 3.8562859903e-01 3.9473809943e-01 3.9344650987e-01 3.0679970360e-01 3.1457421712e-01 3.1457421712e-01 3.1058946564e-01 3.1254572379e-01 1.4003223584e-04 1.6227589367e-04 1.5797875676e-04 1.1562660862e-04 1.2281819363e-04 1.2162072744e-04 0 0
1591 3.9805219954e-01 3.8665362494e-01 3.8665362494e-01 3.9295983380e-01 3.9741672860e-01 3.0656538967e-01 3.1434603525e-01 3.1434603525e-01 3.1035535550e-01 3.1231103282e-01 1.6607720177e-04 1.5033307136e-04 1.4608130732e-04 1.2343808098e-04 1.1945462757e-04 1.1838611317e-04 0 0
1592 3.9983265008e-01 3.8956213356e-01 3.8956213356e-01 3.9161090412e-01 3.9760007227e-01 3.0633059209e-01 3.1411014691e-01 3.1411014691e-01 3.1012157966e-01 3.1207513049e-01 1.7727357512e-04 1.4829025895e-04 1.4408156130e-04 1.2782240598e-04 1.1883873594e-04 1.1751015700e-04 0 0
1593 4.0308006298e-01 3.8842309245e-01 3.8842309245e-01 3.9417368908e-01 3.9385297395e-01 3.0608513287e-01 3.1386966109e-01 3.1386966109e-01 3.0988622086e-01 3.1184159292e-01 1.5244770849e-04 1.4191302762e-04 1.4758127509e-04 1.2150955743e-04 1.1683134653e-04 1.1806311886e-04 0 0
1594 4.0203675879e-01 3.8767480676e-01 3.8767480676e-01 3.9376290259e-01 3.9344363030e-01 3.0583655875e-01 3.1363522048e-01 3.1363522048e-01 3.0964810777e-01 3.1161241512e-01 1.3571027020e-04 1.3687499450e-04 1.5489661018e-04 1.1530080585e-04 1.1514290600e-04 1.1991621432e-04 0 0
1595 4.0006427653e-01 3.8567911912e-01 3.8567911912e-01 3.9336790996e-01 3.9534474296e-01 3.0558594173e-01 3.1340622968e-01 3.1340622968e-01 3.0940878078e-01 3.1138143937e-01 1.3057787338e-04 1.3226674491e-04 1.5620153135e-04 1.1309392942e-04 1.1311536582e-04 1.2111492470e-04 0 0
1596 3.9755834192e-01 3.9083179722e-01 3.9083179722e-01 3.9230215873e-01 3.9429509181e-01 3.0533872842e-01 3.1316955365e-01 3.1316955365e-01 3.0917603839e-01 3.1114662141e-01 1.3359837959e-04 1.3429978571e-04 1.4776510943e-04 1.1327500594e-04 1.1247992370e-04 1.1869288937e-04 0 0
1597 3.9241706739e-01 3.8867798997e-01 3.8867798997e-01 3.9837517087e-01 3.9486374984e-01 3.0510288770e-01 3.1292688315e-01 3.1292688315e-01 3.0894976829e-01 3.1090815830e-01 1.5020949313e-04 1.4316465240e-04 1.3687556202e-04 1.1734803722e-04 1.1489119788e-04 1.1468065713e-04 0 0
1598 3.9308184524e-01 3.9091564810e-01 3.9091564810e-01 3.9650589903e-01 3.9206333831e-01 3.0487269036e-01 3.1268033421e-01 3.1268033421e-01 3.0872788565e-01 3.1067402732e-01 1.6403521357e-04 1.7202805611e-04 1.4091110643e-04 1.2123887242e-04 1.2483757746e-04 1.1499723405e-04 0 0
1599 3.9573332372e-01 3.8853559549e-01 3.8853559549e-01 3.9903934921e-01 3.9007645477e-01 3.0463763856e-01 3.1243370127e-01 3.1243370127e-01 3.0850041871e-01 3.1044476057e-01 1.5559722488e-04 1.7434305482e-04 1.5034017269e-04 1.1914794833e-04 1.2688338757e-04 1.1768840704e-04 0 0
1600 3.9619651464e-01 3.8700280209e-01 3.8700280209e-01 3.9748336696e-01 3.8970824550e-01 3.0439256855e-01 3.1219284603e-01 3.1219284603e-01 3.0826020814e-01 3.1021842531e-01 1.3923822526e-04 1.4848585124e-04 1.5560119937e-04 1.1476179227e-04 1.1987840480e-04 1.1927504966e-04 0 0
1601 3.9395277424e-01 3.8377065833e-01 3.8377065833e-01 3.9536976348e-01 3.9460933970e-01 3.0414552501e-01 3.1196881278e-01 3.1196881278e-01 3.0801541468e-01 3.0998718304e-01 1.3225020442e-04 1.3648579625e-04 1.4401858061e-04 1.1220086956e-04 1.1607204578e-04 1.1597807315e-04 0 0
1602 3.8421292001e-01 3.8563263702e-01 3.8563263702e-01 3.9497463645e-01 3.8823646329e-01 3.0390757405e-01 3.1174813515e-01 3.1174813515e-01 3.0776960002e-01 3.0975036380e-01 1.4104063056e-04 1.3199123350e-04 1.3364327606e-04 1.1394666196e-04 1.1480892863e-04 1.1270660980e-04 0 0
1603 3.8392116056e-01 3.8490556215e-01 3.8490556215e-01 3.9641132762e-01 3.9477877831e-01 3.0368246481e-01 3.1151693576e-01 3.1151693576e-01 3.0752365245e-01 3.0951665352e-01 1.4996111841e-04 1.3231677440e-04 1.3051681162e-04 1.1446381625e-04 1.1505075599e-04 1.1044225539e-04 0 0
1604 3.8600899402e-01 3.8643115360e-01 3.8643115360e-01 3.9757583045e-01 3.9302211062e-01 3.0346113778e-01 3.1128023758e-01 3.1128023758e-01 3.0727352720e-01 3.0928711678e-01 1.5645193203e-04 1.3456530723e-04 1.4318293688e-04 1.1582494829e-04 1.1648570216e-04 1.1488471864e-04 0 0
1605 3.8723341453e-01 3.8525065722e-01 3.8525065722e-01 3.9752302107e-01 3.9710242507e-01 3.0323059628e-01 3.1103856848e-01 3.1103856848e-01 3.0702601927e-01 3.0906050626e-01 1.4295824018e-04 1.3829058298e-04 1.6064703959e-04 1.1275661503e-04 1.1697448281e-04 1.2122992848e-04 0 0
1606 3.8762561878e-01 3.8597190873e-01 3.8597190873e-01 3.9312803010e-01 3.9507681593e-01 3.0299587932e-01 3.1080097005e-01 3.1080097005e-01 3.0678561144e-01 3.0883049307e-01 1.3670022440e-04 1.4368499978e-04 1.6558118659e-04 1.1121356220e-04 1.1759991685e-04 1.2390904885e-04 0 0
1607 3.8440674806e-01 3.8419504993e-01 3.8419504993e-01 3.9459198541e-01 3.9652652587e-01 3.0276016246e-01 3.1056771525e-01 3.1056771525e-01 3.0655366645e-01 3.0859383484e-01 1.3884404386e-04 1.4927626762e-04 1.4474840282e-04 1.1253735658e-04 1.1809798525e-04 1.1703465498e-04 0 0
1608 3.8708388467e-01 3.9005524091e-01 3.9005524091e-01 3.9196742179e-01 3.9567897884e-01 3.0252709443e-01 3.1033304580e-01 3.1033304580e-01 3.0632557748e-01 3.0835109077e-01 1.4310609896e-04 1.5871569485e-04 1.3824037160e-04 1.1372841014e-04 1.2074681581e-04 1.1558413826e-04 0 0
1609 3.8753216216e-01 3.8770634326e-01 3.8770634326e-01 3.9260124025e-01 3.9332144501e-01 3.0229046909e-01 3.1009063708e-01 3.1009063708e-01 3.0609039058e-01 3.0811249228e-01 1.3988729676e-04 1.5320444072e-04 1.4168531925e-04 1.1305948653e-04 1.1994662782e-04 1.1628382344e-04 0 0
1610 3.8848841211e-01 3.8561491979e-01 3.8561491979e-01 3.9481189278e-01 3.9685403804e-01 3.0204990185e-01 3.0984982715e-01 3.0984982715e-01 3.0585031945e-01 3.0787714065e-01 1.3200522742e-04 1.4338012988e-04 1.4807089610e-04 1.1034101428e-04 1.1671883112e-04 1.1837893908e-04 0 0
1611 3.8586130407e-01 3.8795439474e-01 3.8795439474e-01 3.9007671024e-01 3.9774525453e-01 3.0181440133e-01 3.0960920918e-01 3.0960920918e-01 3.0561008496e-01 3.0764256409e-01 1.3247562206e-04 1.3990873413e-04 1.5650496061e-04 1.0924083495e-04 1.1531663404e-04 1.2129717652e-04 0 0
1612 3.8324810518e-01 3.8951793196e-01 3.8951793196e-01 3.8844603658e-01 3.9552463566e-01 3.0159251686e-01 3.0936626274e-01 3.0936626274e-01 3.0537143950e-01 3.0740486009e-01 1.4581242264e-04 1.3512340956e-04 1.5435058594e-04 1.1144527869e-04 1.1322187856e-04 1.2066114869e-04 0 0
1613 3.8450270766e-01 3.8908584632e-01 3.8908584632e-01 3.8905502488e-01 3.8955121632e-01 3.0137601670e-01 3.0912126424e-01 3.0912126424e-01 3.0513651736e-01 3.0716741494e-01 1.6717119623e-04 1.3907594985e-04 1.4869934239e-04 1.1805767783e-04 1.1400075891e-04 1.1802535300e-04 0 0
1614 3.8835143021e-01 3.8487958431e-01 3.8487958431e-01 3.8787265296e-01 3.9026473002e-01 3.0114659186e-01 3.0888218865e-01 3.0888218865e-01 3.0490562609e-01 3.0693309395e-01 1.5318022583e-04 1.4809740242e-04 1.4550759806e-04 1.1624114744e-04 1.1635044939e-04 1.1620012083e-04 0 0
1615 3.9034464982e-01 3.8405297211e-01 3.8405297211e-01 3.8662565922e-01 3.9176909984e-01 3.0090415865e-01 3.0865368255e-01 3.0865368255e-01 3.0468015964e-01 3.0670162873e-01 1.2866386015e-04 1.5424255980e-04 1.4890625607e-04 1.0921774416e-04 1.1715625078e-04 1.1714665743e-04 0 0
1616 3.9133300176e-01 3.8370066394e-01 3.8370066394e-01 3.8232236864e-01 3.9255851606e-01 3.0065639471e-01 3.0842574061e-01 3.0842574061e-01 3.0446068170e-01 3.0647000931e-01 1.2189115522e-04 1.5540735330e-04 1.4917439694e-04 1.0735501295e-04 1.1619133147e-04 1.1709570026e-04 0 0
1617 3.9029856271e-01 3.8590152202e-01 3.8590152202e-01 3.8265558477e-01 3.9231592052e-01 3.0040924423e-01 3.0818686251e-01 3.0818686251e-01 3.0423925509e-01 3.0623989819e-01 1.1806112989e-04 1.4645841293e-04 1.5347366570e-04 1.0566760653e-04 1.1357535186e-04 1.1776788597e-04 0 0
1618 3.8942410627e-01 3.8603120431e-01 3.8603120431e-01 3.8604724386e-01 3.8828372144e-01 3.0016184080e-01 3.0793950899e-01 3.0793950899e-01 3.0400989570e-01 3.0601182274e-01 1.1727568050e-04 1.3661847333e-04 1.5775742941e-04 1.0544615905e-04 1.1164728494e-04 1.1846644702e-04 0 0
1619 3.9049415201e-01 3.8376098996e-01 3.8376098996e-01 3.8998831002e-01 3.8465589808e-01 2.9991666157e-01 3.0769329080e-01 3.0769329080e-01 3.0377318788e-01 3.0578104605e-01 1.1832548595e-04 1.3080744247e-04 1.5316342615e-04 1.0526843552e-04 1.1069720858e-04 1.1755490050e-04 0 0
1620 3.8825070336e-01 3.7942981924e-01 3.7942981924e-01 3.8944408967e-01 3.9027173877e-01 2.9967352523e-01 3.0745689078e-01 3.0745689078e-01 3.0354003763e-01 3.0554701551e-01 1.2069658276e-04 1.3661156845e-04 1.4104168076e-04 1.0572318324e-04 1.1209815057e-04 1.1396454283e-04 0 0
1621 3.8457404149e-01 3.7937622812e-01 3.7937622812e-01 3.8522551738e-01 3.8876407455e-01 2.9943946262e-01 3.0722998828e-01 3.0722998828e-01 3.0331256201e-01 3.0531269653e-01 1.3022438965e-04 1.4563043078e-04 1.3819092419e-04 1.0787901242e-04 1.1444319534e-04 1.1291359624e-04 0 0
1622 3.8577495107e-01 3.8000523573e-01 3.8000523573e-01 3.8466258654e-01 3.8388537152e-01 2.9921607762e-01 3.0700095683e-01 3.0700095683e-01 3.0309235151e-01 3.0508262156e-01 1.4803069470e-04 1.5508547949e-04 1.3829887030e-04 1.1262453822e-04 1.1632903988e-04 1.1161449947e-04 0 0
1623 3.8836711553e-01 3.7981453407e-01 3.7981453407e-01 3.8384152192e-01 3.7958983202e-01 2.9899556597e-01 3.0676979665e-01 3.0676979665e-01 3.0286574692e-01 3.0486269896e-01 1.6743279900e-04 1.4815317263e-04 1.4581377764e-04 1.1913181748e-04 1.1517537860e-04 1.1187292330e-04 0 0
1624 3.8458491313e-01 3.7435746778e-01 3.7435746778e-01 3.8588231837e-01 3.8141566267e-01 2.9876407614e-01 3.0654291871e-01 3.0654291871e-01 3.0263200393e-01 3.0464741552e-01 1.5114978127e-04 1.3174807100e-04 1.5399707627e-04 1.1590464516e-04 1.0993658725e-04 1.1394569810e-04 0 0
1625 3.8290704857e-01 3.7227809041e-01 3.7227809041e-01 3.8634305222e-01 3.8900447397e-01 2.9853172217e-01 3.0632026261e-01 3.0632026261e-01 3.0240004799e-01 3.0442484982e-01 1.3272389722e-04 1.2859686831e-04 1.4775481395e-04 1.0875439276e-04 1.0803999248e-04 1.1376481780e-04 0 0
1626 3.7513123165e-01 3.7892555895e-01 3.7892555895e-01 3.8540315698e-01 3.8798189741e-01 2.9830138540e-01 3.0609500410e-01 3.0609500410e-01 3.0217629711e-01 3.0419229643e-01 1.2875370778e-04 1.3975882757e-04 1.3711299107e-04 1.0678708465e-04 1.1083766003e-04 1.1198607535e-04 0 0
1627 3.7435044344e-01 3.8130699654e-01 3.8130699654e-01 3.8545500411e-01 3.8526437598e-01 2.9807750082e-01 3.0585929706e-01 3.0585929706e-01 3.0196211033e-01 3.0395958706e-01 1.3225880708e-04 1.6414058337e-04 1.3535224571e-04 1.0684655858e-04 1.1777571126e-04 1.1095892114e-04 0 0
1628 3.7486211789e-01 3.8163920064e-01 3.8163920064e-01 3.8945224192e-01 3.8100698618e-01 2.9785214829e-01 3.0561796080e-01 3.0561796080e-01 3.0173909051e-01 3.0373188321e-01 1.3445795787e-04 1.6006583610e-04 1.4353593724e-04 1.0796987655e-04 1.1863435429e-04 1.1282780542e-04 0 0
1629 3.7812547423e-01 3.7686804567e-01 3.7686804567e-01 3.8816360446e-01 3.8132444011e-01 2.9762502264e-01 3.0537688522e-01 3.0537688522e-01 3.0150303182e-01 3.0350559912e-01 1.3065687468e-04 1.3455355656e-04 1.4415769692e-04 1.0655289295e-04 1.1156754772e-04 1.1283332788e-04 0 0
1630 3.7419599542e-01 3.7537766354e-01 3.7537766354e-01 3.8881394531e-01 3.8288722112e-01 2.9740362647e-01 3.0514361055e-01 3.0514361055e-01 3.0126318938e-01 3.0327820459e-01 1.3359407825e-04 1.2585571676e-04 1.3805269555e-04 1.0621139881e-04 1.0854317225e-04 1.1080796321e-04 0 0
1631 3.7267751346e-01 3.7258121127e-01 3.7258121127e-01 3.8867126518e-01 3.8406963624e-01 2.9719008100e-01 3.0491921889e-01 3.0491921889e-01 3.0103181977e-01 3.0304981308e-01 1.3766260375e-04 1.2945992057e-04 1.3255218801e-04 1.0597312951e-04 1.0825855134e-04 1.0863196439e-04 0 0
1632 3.7361490862e-01 3.7480589691e-01 3.7480589691e-01 3.8444519134e-01 3.8164708401e-01 2.9697853941e-01 3.0469532390e-01 3.0469532390e-01 3.0081287746e-01 3.0282670688e-01 1.4892001379e-04 1.4909499441e-04 1.3881983614e-04 1.0983309611e-04 1.1324634033e-04 1.0954746176e-04 0 0
1633 3.7810786082e-01 3.7641849059e-01 3.7641849059e-01 3.8567849732e-01 3.8191460997e-01 2.9675641594e-01 3.0446841552e-01 3.0446841552e-01 3.0059609027e-01 3.0261044137e-01 1.3573067233e-04 1.6233433416e-04 1.5594077558e-04 1.0738655019e-04 1.1761116912e-04 1.1423769683e-04 0 0
1634 3.7882013041e-01 3.7556274231e-01 3.7556274231e-01 3.8703000663e-01 3.8434048101e-01 2.9652310254e-01 3.0423928065e-01 3.0423928065e-01 3.0036937375e-01 3.0238789392e-01 1.2173613560e-04 1.4755535085e-04 1.5571862605e-04 1.0401088033e-04 1.1450957754e-04 1.1604289102e-04 0 0
1635 3.8062404489e-01 3.7549258702e-01 3.7549258702e-01 3.9156291538e-01 3.8497856706e-01 2.9628710083e-01 3.0401067142e-01 3.0401067142e-01 3.0013232171e-01 3.0215829751e-01 1.1471159383e-04 1.2954089470e-04 1.4078844833e-04 1.0145205641e-04 1.0967332128e-04 1.1230556629e-04 0 0
1636 3.7679985534e-01 3.7470553678e-01 3.7470553678e-01 3.8782554164e-01 3.8071981465e-01 2.9605372566e-01 3.0378442046e-01 3.0378442046e-01 2.9990075129e-01 3.0192188062e-01 1.1444506138e-04 1.3126992417e-04 1.2665162649e-04 1.0089103779e-04 1.0937414845e-04 1.0795950948e-04 0 0
1637 3.7529281239e-01 3.7757446786e-01 3.7757446786e-01 3.8145519626e-01 3.8311628652e-01 2.9582488447e-01 3.0355361372e-01 3.0355361372e-01 2.9968008157e-01 3.0168697251e-01 1.1483985133e-04 1.4361291687e-04 1.2598221656e-04 1.0015801995e-04 1.1195571642e-04 1.0696647951e-04 0 0
1638 3.7458879888e-01 3.7622828788e-01 3.7622828788e-01 3.8029217789e-01 3.7936836260e-01 2.9560611357e-01 3.0332114294e-01 3.0332114294e-01 2.9947088419e-01 3.0145851491e-01 1.2741205394e-04 1.6228432651e-04 1.3584615226e-04 1.0300488826e-04 1.1589595306e-04 1.0940331413e-04 0 0
1639 3.7443082389e-01 3.7334891270e-01 3.7334891270e-01 3.8125702078e-01 3.8167107845e-01 2.9539474995e-01 3.0309044498e-01 3.0309044498e-01 2.9925300726e-01 3.0123560327e-01 1.5042880930e-04 1.4742069470e-04 1.4299483155e-04 1.0980078191e-04 1.1253814228e-04 1.1108276885e-04 0 0
1640 3.7355469976e-01 3.7544988428e-01 3.7544988428e-01 3.8475109814e-01 3.8238377430e-01 2.9517578654e-01 3.0286720227e-01 3.0286720227e-01 2.9902593849e-01 3.0101218550e-01 1.5086759126e-04 1.2675960897e-04 1.4551650384e-04 1.1186042321e-04 1.0640899563e-04 1.1245077621e-04 0 0
1641 3.7484768445e-01 3.7389540909e-01 3.7389540909e-01 3.8175908337e-01 3.8220473258e-01 2.9494708497e-01 3.0263997828e-01 3.0263997828e-01 2.9880091283e-01 3.0078489160e-01 1.2416728307e-04 1.2472668459e-04 1.3844627392e-04 1.0380597532e-04 1.0515145914e-04 1.1065322178e-04 0 0
1642 3.7547596769e-01 3.7616819972e-01 3.7616819972e-01 3.7601728838e-01 3.8168467943e-01 2.9471742323e-01 3.0240517298e-01 3.0240517298e-01 2.9858046137e-01 3.0055450477e-01 1.1382301176e-04 1.2719884398e-04 1.3331288210e-04 9.9663360851e-05 1.0513359302e-04 1.0916256724e-04 0 0
1643 3.8048950571e-01 3.7712745391e-01 3.7712745391e-01 3.7085283641e-01 3.7986641581e-01 2.9448476000e-01 3.0216569987e-01 3.0216569987e-01 2.9836930583e-01 3.0032483501e-01 1.0767347238e-04 1.3900652993e-04 1.3548077550e-04 9.7480825284e-05 1.0737383491e-04 1.0988297072e-04 0 0
1644 3.8263016350e-01 3.7451378773e-01 3.7451378773e-01 3.7299057151e-01 3.7985783841e-01 2.9424686952e-01 3.0192647964e-01 3.0192647964e-01 2.9815885286e-01 3.0010525507e-01 1.0946781078e-04 1.4366917458e-04 1.4340016060e-04 9.9342470740e-05 1.0873422070e-04 1.1079373871e-04 0 0
1645 3.8434726000e-01 3.6885528031e-01 3.6885528031e-01 3.7889312938e-01 3.7648505591e-01 2.9400727134e-01 3.0169631909e-01 3.0169631909e-01 2.9793942349e-01 2.9989229418e-01 1.1182896807e-04 1.3041203056e-04 1.5039360733e-04 1.0093147086e-04 1.0573794862e-04 1.1196373816e-04 0 0
1646 3.8072397711e-01 3.6544942390e-01 3.6544942390e-01 3.8059838351e-01 3.7490241574e-01 2.9377019709e-01 3.0147326664e-01 3.0147326664e-01 2.9771102669e-01 2.9968040433e-01 1.1402501269e-04 1.1928199456e-04 1.4714718418e-04 1.0159717872e-04 1.0335001571e-04 1.1041423932e-04 0 0
1647 3.8087506781e-01 3.6825831494e-01 3.6825831494e-01 3.8148053085e-01 3.7346201287e-01 2.9353491892e-01 3.0125286536e-01 3.0125286536e-01 2.9748308635e-01 2.9946370271e-01 1.1437504017e-04 1.1653050024e-04 1.3944182865e-04 1.0137913505e-04 1.0213349742e-04 1.0844739154e-04 0 0
1648 3.7750134834e-01 3.6936564374e-01 3.6936564374e-01 3.7855428763e-01 3.7249329071e-01 2.9331389084e-01 3.0102694535e-01 3.0102694535e-01 2.9726010012e-01 2.9924104382e-01 1.3233520716e-04 1.2191907808e-04 1.3097726332e-04 1.0556629974e-04 1.0314483734e-04 1.0639080574e-04 0 0
1649 3.7786739979e-01 3.6805462412e-01 3.6805462412e-01 3.7227369742e-01 3.7335639491e-01 2.9310281314e-01 3.0079913753e-01 3.0079913753e-01 2.9704795831e-01 2.9902187965e-01 1.5938688495e-04 1.3729237980e-04 1.2910071382e-04 1.1320647617e-04 1.0655881852e-04 1.0485139501e-04 0 0
1650 3.7949801025e-01 3.6565534026e-01 3.6565534026e-01 3.7505006083e-01 3.7120464450e-01 2.9288549557e-01 3.0058165330e-01 3.0058165330e-01 2.9684197345e-01 2.9880086825e-01 1.5711609137e-04 1.5078965225e-04 1.2309934391e-04 1.1417738840e-04 1.1004837506e-04 1.0285296230e-04 0 0
1651 3.8058140640e-01 3.6338390418e-01 3.6338390418e-01 3.7763069583e-01 3.7035665968e-01 2.9265759101e-01 3.0036955217e-01 3.0036955217e-01 2.9662786685e-01 2.9858353726e-01 1.3277773932e-04 1.4286884834e-04 1.2281563249e-04 1.0754640998e-04 1.0935920363e-04 1.0171007671e-04 0 0
1652 3.7689785233e-01 3.6358133863e-01 3.6358133863e-01 3.7855411542e-01 3.7136882199e-01 2.9242575764e-01 3.0015814220e-01 3.0015814220e-01 2.9640332284e-01 2.9837181556e-01 1.2392803285e-04 1.2456230615e-04 1.3194630446e-04 1.0459262911e-04 1.0459467012e-04 1.0384290727e-04 0 0
1653 3.7504856604e-01 3.6687681568e-01 3.6687681568e-01 3.7892289715e-01 3.7216975918e-01 2.9220104467e-01 2.9993509049e-01 2.9993509049e-01 2.9617825128e-01 2.9816203661e-01 1.2957207846e-04 1.1984371667e-04 1.4717638260e-04 1.0500089045e-04 1.0250902778e-04 1.0917668260e-04 0 0
1654 3.7328523714e-01 3.6806245813e-01 3.6806245813e-01 3.7550630886e-01 3.7317024059e-01 2.9198056240e-01 2.9970533369e-01 2.9970533369e-01 2.9596048889e-01 2.9794504568e-01 1.4138694159e-04 1.2637088366e-04 1.4157249825e-04 1.0858543729e-04 1.0335972183e-04 1.0908211334e-04 0 0
1655 3.7757355701e-01 3.6664399037e-01 3.6664399037e-01 3.7212205637e-01 3.7363880191e-01 2.9175769298e-01 2.9947784349e-01 2.9947784349e-01 2.9575546714e-01 2.9772570907e-01 1.3862524019e-04 1.4102924615e-04 1.2850398343e-04 1.0825257794e-04 1.0601292524e-04 1.0455463052e-04 0 0
1656 3.8079830676e-01 3.6137276451e-01 3.6137276451e-01 3.7698756318e-01 3.7053490395e-01 2.9152566564e-01 2.9925648973e-01 2.9925648973e-01 2.9554817053e-01 2.9750805152e-01 1.2589295864e-04 1.4886524878e-04 1.2761451944e-04 1.0530681185e-04 1.0973316239e-04 1.0360962187e-04 0 0
1657 3.8367748380e-01 3.6126611538e-01 3.6126611538e-01 3.8460469874e-01 3.6984659988e-01 2.9128571063e-01 2.9903836892e-01 2.9903836892e-01 2.9533130486e-01 2.9729653046e-01 1.1834443615e-04 1.3794645929e-04 1.3473024592e-04 1.0355750833e-04 1.0816742360e-04 1.0472892973e-04 0 0
1658 3.8013290024e-01 3.6418953018e-01 3.6418953018e-01 3.8135121816e-01 3.7200044492e-01 2.9104844779e-01 2.9882154197e-01 2.9882154197e-01 2.9510308570e-01 2.9708946876e-01 1.2158459071e-04 1.2718356447e-04 1.4645217743e-04 1.0406024851e-04 1.0650261902e-04 1.0802544057e-04 0 0
1659 3.7377379971e-01 3.6582969658e-01 3.6582969658e-01 3.7902638777e-01 3.7273137872e-01 2.9081845729e-01 2.9860133475e-01 2.9860133475e-01 2.9487683820e-01 2.9687286654e-01 1.2770172368e-04 1.2521438475e-04 1.3804664923e-04 1.0503464906e-04 1.0518357522e-04 1.0741626465e-04 0 0
1660 3.7004354554e-01 3.6456010154e-01 3.6456010154e-01 3.7470163083e-01 3.7137599551e-01 2.9060222203e-01 2.9837575149e-01 2.9837575149e-01 2.9465861334e-01 2.9665333442e-01 1.4262935820e-04 1.3393500558e-04 1.2761238759e-04 1.0792608065e-04 1.0697757170e-04 1.0401167310e-04 0 0
1661 3.7344654743e-01 3.6381106556e-01 3.6381106556e-01 3.7783075240e-01 3.6837963856e-01 2.9038327797e-01 2.9815789156e-01 2.9815789156e-01 2.9444532528e-01 2.9643502856e-01 1.4168590495e-04 1.4301644114e-04 1.2492903625e-04 1.0837100589e-04 1.0946507246e-04 1.0243827273e-04 0 0
1662 3.7611380401e-01 3.6180468912e-01 3.6180468912e-01 3.7665158401e-01 3.6890984946e-01 2.9015705863e-01 2.9794639653e-01 2.9794639653e-01 2.9422790560e-01 2.9622431756e-01 1.2895575524e-04 1.4538071264e-04 1.3103870151e-04 1.0485516316e-04 1.1144677774e-04 1.0290296632e-04 0 0
1663 3.7739422711e-01 3.6372229762e-01 3.6372229762e-01 3.8037302435e-01 3.7064023037e-01 2.8992469501e-01 2.9773441845e-01 2.9773441845e-01 2.9400745826e-01 2.9601596067e-01 1.1649306522e-04 1.3428957027e-04 1.4046700380e-04 1.0068695809e-04 1.0768804714e-04 1.0602982729e-04 0 0
1664 3.7581886898e-01 3.6648701752e-01 3.6648701752e-01 3.7539190809e-01 3.7502577688e-01 2.8969154001e-01 2.9751434285e-01 2.9751434285e-01 2.9378764715e-01 2.9579868560e-01 1.1320572923e-04 1.3564886467e-04 1.3557500642e-04 9.9462006682e-05 1.0794513219e-04 1.0662902787e-04 0 0
1665 3.7443842240e-01 3.6853373053e-01 3.6853373053e-01 3.7539683768e-01 3.7706562943e-01 2.8946351720e-01 2.9728903796e-01 2.9728903796e-01 2.9357030680e-01 2.9557280695e-01 1.1499068117e-04 1.3771450176e-04 1.2701260130e-04 9.9442965022e-05 1.0816058420e-04 1.0538530478e-04 0 0
1666 3.6713078425e-01 3.6720837879e-01 3.6720837879e-01 3.7597211984e-01 3.7462424412e-01 2.8924801099e-01 2.9706572907e-01 2.9706572907e-01 2.9335233167e-01 2.9534409482e-01 1.2637939385e-04 1.3946928084e-04 1.2145887376e-04 1.0146777331e-04 1.0901907808e-04 1.0363522597e-04 0 0
1667 3.6638180379e-01 3.6699874572e-01 3.6699874572e-01 3.7967652135e-01 3.7352525785e-01 2.8904062017e-01 2.9684403970e-01 2.9684403970e-01 2.9313094981e-01 2.9512016937e-01 1.4137569878e-04 1.3256244711e-04 1.2365211296e-04 1.0510022089e-04 1.0696582103e-04 1.0339162327e-04 0 0
1668 3.6906473943e-01 3.6666815127e-01 3.6666815127e-01 3.7675561449e-01 3.7445218087e-01 2.8882755841e-01 2.9662187826e-01 2.9662187826e-01 2.9290521128e-01 2.9490563906e-01 1.4183302708e-04 1.2619356130e-04 1.3480066991e-04 1.0653902073e-04 1.0515544272e-04 1.0575981651e-04 0 0
1669 3.7112517123e-01 3.6684233086e-01 3.6684233086e-01 3.7834307268e-01 3.7516364858e-01 2.8860819675e-01 2.9639777278e-01 2.9639777278e-01 2.9267879675e-01 2.9469330271e-01 1.2437164508e-04 1.2474676623e-04 1.4765361993e-04 1.0135986282e-04 1.0463210856e-04 1.1028105655e-04 0 0
1670 3.7215826958e-01 3.6859932828e-01 3.6859932828e-01 3.7425100759e-01 3.7701896354e-01 2.8838667335e-01 2.9617393894e-01 2.9617393894e-01 2.9245190303e-01 2.9447847698e-01 1.1088844745e-04 1.2880530267e-04 1.4535114315e-04 9.6475011256e-05 1.0653847494e-04 1.1005069973e-04 0 0
1671 3.6830014780e-01 3.6770206271e-01 3.6770206271e-01 3.7745214079e-01 3.7554543287e-01 2.8816237888e-01 2.9595625228e-01 2.9595625228e-01 2.9222648930e-01 2.9425772177e-01 1.0796112948e-04 1.3103245146e-04 1.3305397442e-04 9.5831754256e-05 1.0713041775e-04 1.0653589197e-04 0 0
1672 3.6742338978e-01 3.6637408882e-01 3.6637408882e-01 3.7406650101e-01 3.7260410986e-01 2.8794030981e-01 2.9573690875e-01 2.9573690875e-01 2.9200007938e-01 2.9403867213e-01 1.0974133044e-04 1.3099987700e-04 1.3166642020e-04 9.5818384546e-05 1.0716015095e-04 1.0537945491e-04 0 0
1673 3.6365881269e-01 3.6840474485e-01 3.6840474485e-01 3.7484323806e-01 3.7035780888e-01 2.8772538155e-01 2.9551465384e-01 2.9551465384e-01 2.9177587808e-01 2.9382247905e-01 1.1619012969e-04 1.2498599244e-04 1.3906046661e-04 9.6706644332e-05 1.0394885248e-04 1.0756729898e-04 0 0
1674 3.6383345990e-01 3.6645286199e-01 3.6645286199e-01 3.7380554286e-01 3.7349733398e-01 2.8751828103e-01 2.9528903471e-01 2.9528903471e-01 2.9155145679e-01 2.9360641127e-01 1.2899369883e-04 1.2225266983e-04 1.3810086966e-04 1.0004290836e-04 1.0292810475e-04 1.0719476631e-04 0 0
1675 3.6483941182e-01 3.6699277706e-01 3.6699277706e-01 3.7328002170e-01 3.7377176956e-01 2.8731181852e-01 2.9506539539e-01 2.9506539539e-01 2.9133288495e-01 2.9338322690e-01 1.3951561588e-04 1.2443370360e-04 1.3045063679e-04 1.0403668435e-04 1.0273952284e-04 1.0578866204e-04 0 0
1676 3.6782793468e-01 3.6524528854e-01 3.6524528854e-01 3.7106520643e-01 3.7774175091e-01 2.8709630526e-01 2.9484294454e-01 2.9484294454e-01 2.9112090491e-01 2.9315616757e-01 1.2981039507e-04 1.3326929184e-04 1.2164212967e-04 1.0249832267e-04 1.0476680836e-04 1.0282422227e-04 0 0
1677 3.6919560501e-01 3.6980997184e-01 3.6980997184e-01 3.7120163002e-01 3.7605827484e-01 2.8687513603e-01 2.9462073459e-01 2.9462073459e-01 2.9091409905e-01 2.9292844515e-01 1.1827557870e-04 1.4679010928e-04 1.2561949552e-04 9.8832617592e-05 1.0835468493e-04 1.0455611846e-04 0 0
1678 3.6744168516e-01 3.6877746480e-01 3.6877746480e-01 3.7177084588e-01 3.7365344425e-01 2.8665296077e-01 2.9439417532e-01 2.9439417532e-01 2.9070302524e-01 2.9270704073e-01 1.1278986068e-04 1.4311925770e-04 1.3235616643e-04 9.6491640207e-05 1.0783514517e-04 1.0590783859e-04 0 0
1679 3.6178699338e-01 3.6800526804e-01 3.6800526804e-01 3.6960179924e-01 3.6964209620e-01 2.8643524732e-01 2.9416818130e-01 2.9416818130e-01 2.9048979261e-01 2.9249252914e-01 1.1688694273e-04 1.3436548761e-04 1.4610151993e-04 9.7261718749e-05 1.0510656648e-04 1.0958574057e-04 0 0
1680 3.5648108961e-01 3.6429470990e-01 3.6429470990e-01 3.6414122953e-01 3.7169454403e-01 2.8622895972e-01 2.9394637209e-01 2.9394637209e-01 2.9027999800e-01 2.9227600129e-01 1.2801270328e-04 1.3116237824e-04 1.3931105059e-04 9.9206881074e-05 1.0335702609e-04 1.0738393030e-04 0 0
1681 3.5789561318e-01 3.6326668823e-01 3.6326668823e-01 3.6636811253e-01 3.6906056949e-01 2.8602880701e-01 2.9372910377e-01 2.9372910377e-01 2.9007225489e-01 2.9205452130e-01 1.3602264683e-04 1.2943524780e-04 1.2660460925e-04 1.0069448402e-04 1.0236441085e-04 1.0334862236e-04 0 0
1682 3.5947707213e-01 3.6151184360e-01 3.6151184360e-01 3.6637918803e-01 3.7240837413e-01 2.8582162648e-01 2.9351171743e-01 2.9351171743e-01 2.8986384932e-01 2.9183251233e-01 1.2809028715e-04 1.3076387404e-04 1.1939484466e-04 9.9202740978e-05 1.0289744023e-04 1.0050217315e-04 0 0
1683 3.5952618565e-01 3.6294946594e-01 3.6294946594e-01 3.6452553680e-01 3.6711558947e-01 2.8560784818e-01 2.9329155508e-01 2.9329155508e-01 2.8965742028e-01 2.9161754953e-01 1.1597789379e-04 1.3028392277e-04 1.2805101869e-04 9.5720315032e-05 1.0198698146e-04 1.0263025979e-04 0 0
1684 3.6127554208e-01 3.6059343031e-01 3.6059343031e-01 3.6186242422e-01 3.6450025018e-01 2.8538899484e-01 2.9307181036e-01 2.9307181036e-01 2.8945085588e-01 2.9140646739e-01 1.1159201493e-04 1.2890597282e-04 1.3328438945e-04 9.5085388270e-05 1.0151442621e-04 1.0384985580e-04 0 0
1685 3.6139173068e-01 3.6036938466e-01 3.6036938466e-01 3.6182293648e-01 3.6723183177e-01 2.8517550379e-01 2.9285508834e-01 2.9285508834e-01 2.8924234136e-01 2.9119122508e-01 1.2086142143e-04 1.2528306252e-04 1.3106944971e-04 9.7959462957e-05 1.0078009291e-04 1.0381193351e-04 0 0
1686 3.5988175244e-01 3.6017608505e-01 3.6017608505e-01 3.6427979109e-01 3.6923973453e-01 2.8496725222e-01 2.9263847160e-01 2.9263847160e-01 2.8903130099e-01 2.9097389965e-01 1.3143569529e-04 1.2131287440e-04 1.2318895460e-04 1.0098324988e-04 9.9799330201e-05 1.0089384159e-04 0 0
1687 3.5697864359e-01 3.5843446223e-01 3.5843446223e-01 3.6772695441e-01 3.6690084829e-01 2.8476067948e-01 2.9242280583e-01 2.9242280583e-01 2.8882031303e-01 2.9075413816e-01 1.3072694135e-04 1.1680396346e-04 1.1657508730e-04 1.0019336098e-04 9.7564978205e-05 9.8769320175e-05 0 0
1688 3.5660231869e-01 3.5895046784e-01 3.5895046784e-01 3.6899231904e-01 3.6611598755e-01 2.8455746337e-01 2.9220764776e-01 2.9220764776e-01 2.8860459937e-01 2.9054149177e-01 1.2798260604e-04 1.1365109094e-04 1.1628345601e-04 9.8201242602e-05 9.6944600955e-05 9.7372845630e-05 0 0
1689 3.5142834159e-01 3.5715637352e-01 3.5715637352e-01 3.6661284327e-01 3.6431128593e-01 2.8435686213e-01 2.9199757085e-01 2.9199757085e-01 2.8839603036e-01 2.9033841310e-01 1.2589106823e-04 1.2579819304e-04 1.2808603788e-04 9.6797757138e-05 1.0028557153e-04 1.0004549040e-04 0 0
1690 3.5637419514e-01 3.5705211670e-01 3.5705211670e-01 3.6479987217e-01 3.6301255031e-01 2.8415564322e-01 2.9178691880e-01 2.9178691880e-01 2.8819586454e-01 2.9014286946e-01 1.2486578191e-04 1.4225554332e-04 1.4803584781e-04 9.6693188783e-05 1.0468626715e-04 1.0537713752e-04 0 0
1691 3.5314509270e-01 3.5645055898e-01 3.5645055898e-01 3.6459997358e-01 3.6367573393e-01 2.8395199217e-01 2.9157912842e-01 2.9157912842e-01 2.8799488470e-01 2.8993966324e-01 1.2741869653e-04 1.4442762040e-04 1.3875179866e-04 9.8334499227e-05 1.0574397675e-04 1.0372433826e-04 0 0
1692 3.5284929940e-01 3.5473286259e-01 3.5473286259e-01 3.6427564807e-01 3.6525590216e-01 2.8374171925e-01 2.9137117742e-01 2.9137117742e-01 2.8778418708e-01 2.8972922517e-01 1.1382531879e-04 1.2577991583e-04 1.2148386304e-04 9.4334075090e-05 1.0077322440e-04 9.8714492196e-05 0 0
1693 3.4969670868e-01 3.5283323151e-01 3.5283323151e-01 3.6225435776e-01 3.6094473526e-01 2.8353368772e-01 2.9115962327e-01 2.9115962327e-01 2.8757259277e-01 2.8952022229e-01 1.1062549470e-04 1.1726668163e-04 1.2093781334e-04 9.2335054012e-05 9.7196036222e-05 9.8337368399e-05 0 0
1694 3.5106397556e-01 3.5423858230e-01 3.5423858230e-01 3.5501646124e-01 3.5764559404e-01 2.8332211630e-01 2.9094728481e-01 2.9094728481e-01 2.8736639777e-01 2.8931693755e-01 1.0563436105e-04 1.2090524615e-04 1.2560755567e-04 9.0917078560e-05 9.7409105365e-05 9.8861393781e-05 0 0
1695 3.5341072054e-01 3.5511302965e-01 3.5511302965e-01 3.5759847609e-01 3.6262229792e-01 2.8310908718e-01 2.9073937575e-01 2.9073937575e-01 2.8716786214e-01 2.8911347531e-01 1.0519018180e-04 1.2538778537e-04 1.2942263857e-04 9.1039635779e-05 9.7531639767e-05 1.0008260870e-04 0 0
1696 3.5475994355e-01 3.5838665020e-01 3.5838665020e-01 3.6022779619e-01 3.6535752612e-01 2.8289426163e-01 2.9053258732e-01 2.9053258732e-01 2.8697008790e-01 2.8890076591e-01 1.0646112295e-04 1.3082477381e-04 1.2451725343e-04 9.1948450121e-05 9.9514509202e-05 1.0000359907e-04 0 0
1697 3.5063942146e-01 3.5863717674e-01 3.5863717674e-01 3.6335237125e-01 3.6363542888e-01 2.8268173257e-01 2.9032446547e-01 2.9032446547e-01 2.8676482259e-01 2.8868114122e-01 1.0780285875e-04 1.2693644385e-04 1.1599335630e-04 9.1965187113e-05 9.9714510725e-05 9.8022937891e-05 0 0
1698 3.5391390449e-01 3.5412334663e-01 3.5412334663e-01 3.6379986451e-01 3.6362854574e-01 2.8247582782e-01 2.9011306500e-01 2.9011306500e-01 2.8655793633e-01 2.8846547356e-01 1.0831622090e-04 1.2665769464e-04 1.1020744932e-04 9.0702559515e-05 9.9826567748e-05 9.4899605756e-05 0 0
1699 3.4858679631e-01 3.5232927627e-01 3.5232927627e-01 3.5858435057e-01 3.5862803316e-01 2.8227631512e-01 2.8989942302e-01 2.8989942302e-01 2.8635077301e-01 2.8825466081e-01 1.1781912203e-04 1.2963580957e-04 1.1379801072e-04 9.3138348015e-05 1.0114372344e-04 9.5396451798e-05 0 0
1700 3.5193146611e-01 3.5296693657e-01 3.5296693657e-01 3.5644994367e-01 3.5655838205e-01 2.8208059644e-01 2.8968329315e-01 2.8968329315e-01 2.8614449194e-01 2.8805338660e-01 1.2739348983e-04 1.2647242693e-04 1.2569534010e-04 9.5938473656e-05 9.9952019809e-05 9.7682077467e-05 0 0
1701 3.5021116262e-01 3.5184301206e-01 3.5184301206e-01 3.5822595375e-01 3.5591004955e-01 2.8188383126e-01 2.8947208419e-01 2.8947208419e-01 2.8594068787e-01 2.8785498922e-01 1.3199120603e-04 1.1821182852e-04 1.3530609431e-04 9.7907904981e-05 9.6183775895e-05 1.0031533020e-04 0 0
1702 3.5139965648e-01 3.4785556437e-01 3.4785556437e-01 3.5701848154e-01 3.5691686035e-01 2.8168279739e-01 2.8926506070e-01 2.8926506070e-01 2.8573405112e-01 2.8765410393e-01 1.1652424811e-04 1.1001180610e-04 1.2881198927e-04 9.2986806416e-05 9.3293965620e-05 9.8476630228e-05 0 0
1703 3.4634901230e-01 3.4759199427e-01 3.4759199427e-01 3.5877242182e-01 3.5832079558e-01 2.8148477368e-01 2.8906284831e-01 2.8906284831e-01 2.8552619429e-01 2.8744881640e-01 1.1347548304e-04 1.0559351358e-04 1.1668073785e-04 9.1130863408e-05 9.1478570539e-05 9.4979986898e-05 0 0
1704 3.4218563821e-01 3.5272665132e-01 3.5272665132e-01 3.5772311175e-01 3.5791765286e-01 2.8129181601e-01 2.8885872512e-01 2.8885872512e-01 2.8532118469e-01 2.8724306928e-01 1.1535086256e-04 1.0956467668e-04 1.1793699741e-04 9.0759470273e-05 9.2559097538e-05 9.5727697044e-05 0 0
1705 3.4122669134e-01 3.5318881150e-01 3.5318881150e-01 3.5237530685e-01 3.5855408519e-01 2.8110401039e-01 2.8864930874e-01 2.8864930874e-01 2.8512412771e-01 2.8703797788e-01 1.2050069967e-04 1.2322985276e-04 1.2662649533e-04 9.1523329162e-05 9.6404120995e-05 9.8897362477e-05 0 0
1706 3.4205248100e-01 3.5550926313e-01 3.5550926313e-01 3.5180056247e-01 3.5981545202e-01 2.8091163596e-01 2.8843957606e-01 2.8843957606e-01 2.8493296949e-01 2.8683200478e-01 1.1663407273e-04 1.3260862761e-04 1.2995212455e-04 9.1123946814e-05 9.8548127426e-05 1.0023443974e-04 0 0
1707 3.4328492877e-01 3.5290967529e-01 3.5290967529e-01 3.5531600615e-01 3.5741829479e-01 2.8071528689e-01 2.8823458066e-01 2.8823458066e-01 2.8473712194e-01 2.8662263706e-01 1.0556963290e-04 1.2398730905e-04 1.2037222041e-04 8.7617923476e-05 9.6279654827e-05 9.7332707810e-05 0 0
1708 3.4226067720e-01 3.5054208168e-01 3.5054208168e-01 3.5727584701e-01 3.5397478444e-01 2.8051960760e-01 2.8802877168e-01 2.8802877168e-01 2.8453676184e-01 2.8642074081e-01 1.0142669166e-04 1.1750076010e-04 1.1705787983e-04 8.5776709338e-05 9.4555940450e-05 9.4500785053e-05 0 0
1709 3.3747609074e-01 3.4727791763e-01 3.4727791763e-01 3.5567575364e-01 3.4913623950e-01 2.8032804856e-01 2.8782206106e-01 2.8782206106e-01 2.8433648750e-01 2.8622673972e-01 1.0156148742e-04 1.2017966583e-04 1.2153877469e-04 8.4868511372e-05 9.5516468718e-05 9.4486244052e-05 0 0
1710 3.3364546117e-01 3.4694041804e-01 3.4694041804e-01 3.5284130911e-01 3.5097710164e-01 2.8014335882e-01 2.8761733566e-01 2.8761733566e-01 2.8414050439e-01 2.8603491330e-01 1.0714817077e-04 1.2821331620e-04 1.2941494060e-04 8.5455072906e-05 9.7684616776e-05 9.6789150120e-05 0 0
1711 3.3287178750e-01 3.4607312505e-01 3.4607312505e-01 3.5168804338e-01 3.5492042679e-01 2.7995862196e-01 2.8741513347e-01 2.8741513347e-01 2.8394415930e-01 2.8583562836e-01 1.0769020302e-04 1.2640688510e-04 1.2558412709e-04 8.5625816140e-05 9.7176838608e-05 9.6971532912e-05 0 0
1712 3.3483742270e-01 3.4425575807e-01 3.4425575807e-01 3.5323714648e-01 3.5705073687e-01 2.7977425904e-01 2.8721378172e-01 2.8721378172e-01 2.8374669975e-01 2.8562957351e-01 1.0461795708e-04 1.1655725029e-04 1.1216352868e-04 8.4418545926e-05 9.3544756965e-05 9.3168582680e-05 0 0
1713 3.3420687251e-01 3.4714247212e-01 3.4714247212e-01 3.5414166105e-01 3.5204151951e-01 2.7958860140e-01 2.8701305469e-01 2.8701305469e-01 2.8354781956e-01 2.8542574699e-01 1.0149683139e-04 1.1266944421e-04 1.1026957145e-04 8.3563909378e-05 9.2205518740e-05 9.2033922556e-05 0 0
1714 3.3146277446e-01 3.4635121002e-01 3.4635121002e-01 3.4983825051e-01 3.5088009435e-01 2.7940074072e-01 2.8680957882e-01 2.8680957882e-01 2.8335477624e-01 2.8523134630e-01 9.6935304859e-05 1.2153928037e-04 1.1467684817e-04 8.2078351503e-05 9.4334398455e-05 9.1693182185e-05 0 0
1715 3.2937606079e-01 3.4598335934e-01 3.4598335934e-01 3.5048474376e-01 3.5232231962e-01 2.7921213464e-01 2.8660972626e-01 2.8660972626e-01 2.8316712973e-01 2.8504396628e-01 9.4149536214e-05 1.3344830222e-04 1.3240139378e-04 8.0836570685e-05 9.7541331343e-05 9.6534880868e-05 0 0
1716 3.2840854515e-01 3.4643972984e-01 3.4643972984e-01 3.4946398669e-01 3.5520357679e-01 2.7902528916e-01 2.8641212026e-01 2.8641212026e-01 2.8297836971e-01 2.8484691743e-01 9.5880586854e-05 1.2792380585e-04 1.3277440303e-04 8.1113568259e-05 9.5866449556e-05 9.8888329376e-05 0 0
1717 3.2673878083e-01 3.4810875793e-01 3.4810875793e-01 3.4864236714e-01 3.5624226836e-01 2.7884271660e-01 2.8621485116e-01 2.8621485116e-01 2.8278468783e-01 2.8464063926e-01 9.6504272363e-05 1.1080453260e-04 1.1462247130e-04 8.0581043991e-05 9.0391444246e-05 9.3923841632e-05 0 0
1718 3.2819001502e-01 3.4720851699e-01 3.4720851699e-01 3.4219578897e-01 3.5348421690e-01 2.7866108195e-01 2.8601231171e-01 2.8601231171e-01 2.8259456944e-01 2.8443374889e-01 9.5009865822e-05 1.0984982146e-04 1.0585180644e-04 7.9844642286e-05 8.9166798716e-05 9.0518973593e-05 0 0
1719 3.3134650454e-01 3.4560474785e-01 3.4560474785e-01 3.4096738298e-01 3.5027144188e-01 2.7848471331e-01 2.8580555450e-01 2.8580555450e-01 2.8240943944e-01 2.8423183874e-01 1.0266938832e-04 1.1383062156e-04 1.0406277943e-04 8.1595724891e-05 8.9600649517e-05 8.8777363999e-05 0 0
1720 3.2850880056e-01 3.4412172116e-01 3.4412172116e-01 3.4066904777e-01 3.4849399186e-01 2.7831127404e-01 2.8560119225e-01 2.8560119225e-01 2.8222634512e-01 2.8403876180e-01 1.1429452148e-04 1.1887778965e-04 1.1321471175e-04 8.5036782400e-05 9.1109170171e-05 9.0496971097e-05 0 0
1721 3.2677880172e-01 3.4287496297e-01 3.4287496297e-01 3.4338518652e-01 3.4810133903e-01 2.7813835072e-01 2.8539937850e-01 2.8539937850e-01 2.8203972199e-01 2.8385181582e-01 1.1611823862e-04 1.1188045028e-04 1.3228158787e-04 8.5441639824e-05 8.9232598839e-05 9.6146279247e-05 0 0
1722 3.2861836086e-01 3.4256159657e-01 3.4256159657e-01 3.4000416784e-01 3.4953635601e-01 2.7795936657e-01 2.8520341232e-01 2.8520341232e-01 2.8185246248e-01 2.8366039919e-01 1.0477031014e-04 1.0632703197e-04 1.3098691124e-04 8.2748178935e-05 8.7090927991e-05 9.6792984550e-05 0 0
1723 3.2759321705e-01 3.4239436651e-01 3.4239436651e-01 3.3797997192e-01 3.4653565679e-01 2.7777751029e-01 2.8501210226e-01 2.8501210226e-01 2.8166875545e-01 2.8346418221e-01 9.5069331392e-05 1.0236760500e-04 1.1306698798e-04 7.9719659008e-05 8.4590821643e-05 9.1148205684e-05 0 0
1724 3.2812390264e-01 3.3890781654e-01 3.3890781654e-01 3.3119725151e-01 3.4338191290e-01 2.7759399976e-01 2.8481783380e-01 2.8481783380e-01 2.8149239081e-01 2.8326752581e-01 8.7873610999e-05 1.1089306645e-04 1.0117108832e-04 7.6949307616e-05 8.6239520897e-05 8.6421110609e-05 0 0
1725 3.2914480312e-01 3.3742920566e-01 3.3742920566e-01 3.3465066475e-01 3.4139591745e-01 2.7740802298e-01 2.8462223027e-01 2.8462223027e-01 2.8131916870e-01 2.8307606010e-01 8.6429057965e-05 1.1571140567e-04 1.0284146629e-04 7.6513628310e-05 8.7266795163e-05 8.5986837803e-05 0 0
1726 3.2897072613e-01 3.3356595739e-01 3.3356595739e-01 3.3609681524e-01 3.3791930843e-01 2.7722438262e-01 2.8442644898e-01 2.8442644898e-01 2.8114066947e-01 2.8289005067e-01 8.7523243573e-05 1.1052686023e-04 1.1094454749e-04 7.6355940574e-05 8.6549673142e-05 8.7996748334e-05 0 0
1727 3.2679667873e-01 3.3433032941e-01 3.3433032941e-01 3.3594816075e-01 3.4103896306e-01 2.7704211715e-01 2.8423389710e-01 2.8423389710e-01 2.8095910655e-01 2.8270961912e-01 8.7369588301e-05 1.0083067173e-04 1.1785096285e-04 7.6184999533e-05 8.3385803009e-05 8.9328386821e-05 0 0
1728 3.2351943806e-01 3.3486350953e-01 3.3486350953e-01 3.3304387887e-01 3.4011304054e-01 2.7686835586e-01 2.8404684636e-01 2.8404684636e-01 2.8078026875e-01 2.8252762967e-01 9.6417189959e-05 1.0086288967e-04 1.1779833221e-04 7.8347900142e-05 8.2823600678e-05 8.9730652689e-05 0 0
1729 3.2401124493e-01 3.3351898115e-01 3.3351898115e-01 3.3029685659e-01 3.3520734665e-01 2.7670279708e-01 2.8386153554e-01 2.8386153554e-01 2.8060704779e-01 2.8234620760e-01 1.0932815167e-04 1.0679928891e-04 1.1294072465e-04 8.1323157426e-05 8.3865324996e-05 8.7723441538e-05 0 0
1730 3.2550241874e-01 3.2871626761e-01 3.2871626761e-01 3.3138279424e-01 3.3130658744e-01 2.7653536621e-01 2.8367768959e-01 2.8367768959e-01 2.8043895542e-01 2.8216741493e-01 1.1629446392e-04 1.1720898692e-04 1.1022446415e-04 8.4019341322e-05 8.6419877334e-05 8.5964718892e-05 0 0
1731 3.2607646912e-01 3.2680914066e-01 3.2680914066e-01 3.3051767159e-01 3.2969956091e-01 2.7636059774e-01 2.8349247948e-01 2.8349247948e-01 2.8026670366e-01 2.8199128370e-01 1.0588054957e-04 1.1262350381e-04 1.1200883819e-04 8.1684022793e-05 8.5604402557e-05 8.5936986579e-05 0 0
1732 3.2321818761e-01 3.2595852481e-01 3.2595852481e-01 3.2954095760e-01 3.3326632430e-01 2.7618286671e-01 2.8330738218e-01 2.8330738218e-01 2.8008865711e-01 2.8181167091e-01 9.7546999638e-05 9.8767941381e-05 1.0522233060e-04 7.9147880017e-05 8.1465746916e-05 8.4085309936e-05 0 0
1733 3.1849655890e-01 3.2734078973e-01 3.2734078973e-01 3.2924494818e-01 3.3259860400e-01 2.7600510434e-01 2.8312476620e-01 2.8312476620e-01 2.7990983041e-01 2.8163306076e-01 9.8036771469e-05 9.4454659120e-05 1.0288831982e-04 7.9553804377e-05 7.9914334492e-05 8.2917689724e-05 0 0
1734 3.2185862957e-01 3.2509304420e-01 3.2509304420e-01 3.2563490482e-01 3.3190927649e-01 2.7582869580e-01 2.8294519737e-01 2.8294519737e-01 2.7973113928e-01 2.8145701155e-01 9.5430792598e-05 9.6030256827e-05 1.0501235010e-04 7.8181655513e-05 8.0525576777e-05 8.3160673967e-05 0 0
1735 3.2298338211e-01 3.2756597719e-01 3.2756597719e-01 3.2639947534e-01 3.2710264868e-01 2.7564953361e-01 2.8276861048e-01 2.8276861048e-01 2.7955973494e-01 2.8128498849e-01 9.3016059580e-05 1.0288717749e-04 1.1296067896e-04 7.7595829885e-05 8.1423935626e-05 8.5253286670e-05 0 0
1736 3.2718868573e-01 3.2304933217e-01 3.2304933217e-01 3.2561166918e-01 3.3148908458e-01 2.7546810866e-01 2.8259030544e-01 2.8259030544e-01 2.7939165607e-01 2.8111206250e-01 8.8982433961e-05 1.1075358634e-04 1.0992363968e-04 7.6285818232e-05 8.3470218669e-05 8.4315604909e-05 0 0
1737 3.2464372099e-01 3.2468024122e-01 3.2468024122e-01 3.2739856040e-01 3.2884259888e-01 2.7528826383e-01 2.8240942883e-01 2.8240942883e-01 2.7922226519e-01 2.8093498931e-01 9.0586404592e-05 1.0925908646e-04 1.0349158038e-04 7.6758905160e-05 8.3285529399e-05 8.2757262135e-05 0 0
1738 3.2269957020e-01 3.2416496060e-01 3.2416496060e-01 3.2255514895e-01 3.2712051215e-01 2.7511240093e-01 2.8222628285e-01 2.8222628285e-01 2.7905128600e-01 2.8075582323e-01 9.4454313872e-05 1.0384232883e-04 9.4455062936e-05 7.7589427016e-05 8.1818408944e-05 7.9422356066e-05 0 0
1739 3.2263741302e-01 3.2280995031e-01 3.2280995031e-01 3.2285088656e-01 3.2552390494e-01 2.7494194672e-01 2.8204597960e-01 2.8204597960e-01 2.7887630578e-01 2.8057837054e-01 1.0395615342e-04 9.3930448202e-05 9.4301401987e-05 7.9983091962e-05 7.8833800217e-05 7.8848053818e-05 0 0
1740 3.2292110318e-01 3.2012659586e-01 3.2012659586e-01 3.2595385615e-01 3.2612897040e-01 2.7476437009e-01 2.8186647133e-01 2.8186647133e-01 2.7870197368e-01 2.8040596592e-01 1.0391580416e-04 9.2621561635e-05 1.0034020306e-04 8.1390897536e-05 7.7921136835e-05 8.0122543295e-05 0 0
1741 3.3053385803e-01 3.2141214118e-01 3.2141214118e-01 3.2200302276e-01 3.2746938861e-01 2.7458291813e-01 2.8169041630e-01 2.8169041630e-01 2.7852557770e-01 2.8023844173e-01 9.7932858663e-05 9.3383958301e-05 1.1288398673e-04 7.9830489046e-05 7.8403496445e-05 8.3808987256e-05 0 0
1742 3.2700347796e-01 3.2107485788e-01 3.2107485788e-01 3.2414688612e-01 3.2749270573e-01 2.7440086115e-01 2.8151558380e-01 2.8151558380e-01 2.7835140031e-01 2.8006978389e-01 9.4964345824e-05 9.2267822765e-05 1.1325796004e-04 7.8911945102e-05 7.7412067185e-05 8.4222043370e-05 0 0
1743 3.2469356338e-01 3.1985087975e-01 3.1985087975e-01 3.2236678458e-01 3.2228761511e-01 2.7422430332e-01 2.8134039932e-01 2.8134039932e-01 2.7818082136e-01 2.7989689332e-01 9.6822586303e-05 9.8391457868e-05 1.0307330012e-04 7.8562195937e-05 7.9334564361e-05 8.1213558587e-05 0 0
1744 3.2304104470e-01 3.1815642927e-01 3.1815642927e-01 3.1930426855e-01 3.2269867787e-01 2.7405626512e-01 2.8116393495e-01 2.8116393495e-01 2.7801088815e-01 2.7972177609e-01 1.0943741060e-04 9.9524877442e-05 9.4940438430e-05 8.1342758628e-05 7.9738230852e-05 7.8301352914e-05 0 0
1745 3.2228700968e-01 3.1687060767e-01 3.1687060767e-01 3.2487338401e-01 3.1988766019e-01 2.7388833876e-01 2.8098663421e-01 2.8098663421e-01 2.7783771490e-01 2.7954816538e-01 1.1581735776e-04 9.5293278719e-05 9.6731095255e-05 8.3454015622e-05 7.8524702985e-05 7.8743883932e-05 0 0
1746 3.2280820053e-01 3.1639478215e-01 3.1639478215e-01 3.2316714681e-01 3.2087186856e-01 2.7371135716e-01 2.8080783038e-01 2.8080783038e-01 2.7765875183e-01 2.7937781871e-01 9.8633055158e-05 9.3383088824e-05 9.7765016108e-05 7.9040554234e-05 7.8690332884e-05 7.8608765762e-05 0 0
1747 3.2284489127e-01 3.1900764646e-01 3.1900764646e-01 3.2470721266e-01 3.2248373309e-01 2.7353308287e-01 2.8063335577e-01 2.8063335577e-01 2.7747968800e-01 2.7920975772e-01 8.6746415165e-05 8.8140306616e-05 9.9912263977e-05 7.4582123970e-05 7.6426171290e-05 7.9002817074e-05 0 0
1748 3.2371536354e-01 3.1952027300e-01 3.1952027300e-01 3.2407415567e-01 3.2191851881e-01 2.7335279211e-01 2.8046399312e-01 2.8046399312e-01 2.7730326698e-01 2.7904364427e-01 8.3180601410e-05 8.9587527327e-05 1.0518849012e-04 7.3573363854e-05 7.6745818660e-05 8.0390327639e-05 0 0
1749 3.1929347554e-01 3.1681285446e-01 3.1681285446e-01 3.2391562640e-01 3.2051767198e-01 2.7317587394e-01 2.8029762690e-01 2.8029762690e-01 2.7713322564e-01 2.7887625527e-01 8.7997003806e-05 9.3377508165e-05 1.0566946003e-04 7.4853764034e-05 7.7095501183e-05 8.0592613813e-05 0 0
1750 3.1588696369e-01 3.1676680426e-01 3.1676680426e-01 3.2447051204e-01 3.2111629447e-01 2.7300401593e-01 2.8012724030e-01 2.8012724030e-01 2.7696821328e-01 2.7870620379e-01 9.4317307974e-05 1.0313254097e-04 1.0166565335e-04 7.6206205620e-05 7.9663856013e-05 7.9603727499e-05 0 0
1751 3.1369400851e-01 3.1733981501e-01 3.1733981501e-01 3.2348183755e-01 3.2318684876e-01 2.7283858362e-01 2.7994979082e-01 2.7994979082e-01 2.7680346601e-01 2.7853577694e-01 1.0360242675e-04 1.1327665561e-04 9.8160093330e-05 7.8348286748e-05 8.3164697571e-05 7.8490415035e-05 0 0
1752 3.1342390931e-01 3.1949711736e-01 3.1949711736e-01 3.2469160861e-01 3.2027956311e-01 2.7267120033e-01 2.7976962726e-01 2.7976962726e-01 2.7663505702e-01 2.7836860120e-01 9.7723249953e-05 1.0872956409e-04 1.0123448737e-04 7.6641531651e-05 8.2294500316e-05 7.9083140008e-05 0 0
1753 3.1410965952e-01 3.1901930064e-01 3.1901930064e-01 3.2477027951e-01 3.1964517270e-01 2.7250104578e-01 2.7958948031e-01 2.7958948031e-01 2.7645950832e-01 2.7819976771e-01 8.6314453610e-05 9.6071049484e-05 1.0210342953e-04 7.2654563311e-05 7.9112272942e-05 7.9647335951e-05 0 0
1754 3.1461247146e-01 3.1962758783e-01 3.1962758783e-01 3.2488564190e-01 3.2022025943e-01 2.7233097310e-01 2.7940852839e-01 2.7940852839e-01 2.7628360234e-01 2.7802593216e-01 8.3347758516e-05 9.3362479674e-05 9.8627439002e-05 7.1285334258e-05 7.8153003415e-05 7.9101595475e-05 0 0
1755 3.1421791061e-01 3.1597493055e-01 3.1597493055e-01 3.2387961178e-01 3.2007462912e-01 2.7216698293e-01 2.7922938114e-01 2.7922938114e-01 2.7610852578e-01 2.7785119695e-01 8.8858716719e-05 9.7653715784e-05 9.4400063972e-05 7.2221727653e-05 7.9585854110e-05 7.7477478044e-05 0 0
1756 3.1153935803e-01 3.1398808703e-01 3.1398808703e-01 3.2205068399e-01 3.2260442755e-01 2.7201008292e-01 2.7905854278e-01 2.7905854278e-01 2.7593419780e-01 2.7767594432e-01 1.0450857213e-04 1.0175767602e-04 8.8711836725e-05 7.6687805211e-05 8.0870042439e-05 7.5444073445e-05 0 0
1757 3.1137965710e-01 3.1813121881e-01 3.1813121881e-01 3.2212126056e-01 3.1993886262e-01 2.7185313632e-01 2.7889307920e-01 2.7889307920e-01 2.7576022475e-01 2.7750575968e-01 1.0474577049e-04 9.8256608908e-05 9.3688417110e-05 7.6831201313e-05 7.9401954281e-05 7.6649321272e-05 0 0
1758 3.1221917348e-01 3.1713426688e-01 3.1713426688e-01 3.2178347962e-01 3.2006233102e-01 2.7169008197e-01 2.7872447685e-01 2.7872447685e-01 2.7558722849e-01 2.7733668417e-01 9.1106278594e-05 9.5125531516e-05 9.6439853223e-05 7.2883316427e-05 7.8094559285e-05 7.7432541730e-05 0 0
1759 3.0796420429e-01 3.1779964365e-01 3.1779964365e-01 3.2005816559e-01 3.2193406779e-01 2.7152554716e-01 2.7855049126e-01 2.7855049126e-01 2.7541805962e-01 2.7716962221e-01 8.6181928204e-05 9.6868065157e-05 1.0526061305e-04 7.0927656398e-05 7.7989974670e-05 8.0110523413e-05 0 0
1760 3.0612915246e-01 3.1570815558e-01 3.1570815558e-01 3.2003744894e-01 3.2221327487e-01 2.7136583274e-01 2.7837441104e-01 2.7837441104e-01 2.7525463776e-01 2.7700114708e-01 8.8728412058e-05 1.0202408157e-04 1.0710029528e-04 7.0785053816e-05 7.8493972978e-05 8.0960202467e-05 0 0
1761 3.0716572903e-01 3.1748747054e-01 3.1748747054e-01 3.1819466780e-01 3.2390875675e-01 2.7121121990e-01 2.7820047445e-01 2.7820047445e-01 2.7509383761e-01 2.7682889655e-01 9.8641165700e-05 1.1021249520e-04 9.9090077128e-05 7.3575089580e-05 8.0765516032e-05 7.8830751590e-05 0 0
1762 3.0765503347e-01 3.2070138631e-01 3.2070138631e-01 3.1949943475e-01 3.2054337680e-01 2.7105238654e-01 2.7802904958e-01 2.7802904958e-01 2.7492797858e-01 2.7665761093e-01 9.7241730281e-05 1.0366387869e-04 1.0327039854e-04 7.4219104551e-05 7.9614383139e-05 8.0423975305e-05 0 0
1763 3.0909515960e-01 3.1821719312e-01 3.1821719312e-01 3.1874143823e-01 3.2036306328e-01 2.7088987931e-01 2.7785547692e-01 2.7785547692e-01 2.7475814532e-01 2.7648426318e-01 8.7133805633e-05 9.5657258498e-05 1.0043035581e-04 7.0987247776e-05 7.7606633567e-05 7.9750290752e-05 0 0
1764 3.0702727473e-01 3.1792146017e-01 3.1792146017e-01 3.1545954894e-01 3.2078923026e-01 2.7072381233e-01 2.7768134120e-01 2.7768134120e-01 2.7458772526e-01 2.7631171719e-01 8.3214171521e-05 9.1119061835e-05 9.9586155557e-05 6.9841938273e-05 7.5939373346e-05 7.9017368989e-05 0 0
1765 3.0490129844e-01 3.1258269646e-01 3.1258269646e-01 3.1297947043e-01 3.2099647156e-01 2.7056160047e-01 2.7750409752e-01 2.7750409752e-01 2.7442147219e-01 2.7614007343e-01 8.7451975708e-05 9.0633682703e-05 9.7953579825e-05 7.0621207895e-05 7.4608309660e-05 7.8061082604e-05 0 0
1766 3.0501904583e-01 3.1467519939e-01 3.1467519939e-01 3.1126346323e-01 3.2075695424e-01 2.7040295849e-01 2.7732460291e-01 2.7732460291e-01 2.7425799564e-01 2.7597376901e-01 9.4266910258e-05 9.1942176368e-05 9.9469434645e-05 7.2651995707e-05 7.4317322287e-05 7.7566270193e-05 0 0
1767 3.0643183272e-01 3.1589485567e-01 3.1589485567e-01 3.1074994573e-01 3.1617021072e-01 2.7024284088e-01 2.7714817992e-01 2.7714817992e-01 2.7409862692e-01 2.7581123922e-01 9.2958734149e-05 9.4413870102e-05 1.0724712411e-04 7.2656950942e-05 7.4392271927e-05 7.9783763795e-05 0 0
1768 3.0807864949e-01 3.1407963151e-01 3.1407963151e-01 3.1059311427e-01 3.1678947300e-01 2.7007665239e-01 2.7697388405e-01 2.7697388405e-01 2.7393994415e-01 2.7564807421e-01 8.4161426581e-05 9.4704671938e-05 1.0233553621e-04 7.0336345726e-05 7.4519066402e-05 7.8040910012e-05 0 0
1769 3.0900592303e-01 3.1249147642e-01 3.1249147642e-01 3.1237851926e-01 3.1883220650e-01 2.6990910932e-01 2.7680604614e-01 2.7680604614e-01 2.7378016633e-01 2.7548076515e-01 7.8149889470e-05 9.2438251158e-05 9.7698099125e-05 6.7737689079e-05 7.3932904343e-05 7.7026197687e-05 0 0
1770 3.0647633958e-01 3.1130904710e-01 3.1130904710e-01 3.0977738236e-01 3.1774207030e-01 2.6974268550e-01 2.7664066764e-01 2.7664066764e-01 2.7362106810e-01 2.7531089185e-01 8.0276611631e-05 9.4100429124e-05 9.3032362201e-05 6.8290210505e-05 7.4299652624e-05 7.5679061410e-05 0 0
1771 3.0189829835e-01 3.1422431393e-01 3.1422431393e-01 3.0945020596e-01 3.1531185128e-01 2.6958747114e-01 2.7647403561e-01 2.7647403561e-01 2.7346558230e-01 2.7514604681e-01 8.9631052723e-05 9.5187853731e-05 9.6886022220e-05 6.9850024097e-05 7.3703951784e-05 7.6246549725e-05 0 0
1772 2.9933784881e-01 3.1273120433e-01 3.1273120433e-01 3.0644927235e-01 3.1056719989e-01 2.6944167856e-01 2.7630493671e-01 2.7630493671e-01 2.7331320181e-01 2.7498663371e-01 1.0367353290e-04 1.0047472824e-04 1.0375446072e-04 7.2965381782e-05 7.4915609730e-05 7.7742184658e-05 0 0
1773 3.0306034704e-01 3.0861657698e-01 3.0861657698e-01 3.0858968328e-01 3.1093551052e-01 2.6928758918e-01 2.7613716329e-01 2.7613716329e-01 2.7316165108e-01 2.7482681031e-01 9.4111807987e-05 9.7652795375e-05 9.9163269624e-05 7.1390289135e-05 7.3646398960e-05 7.6012347563e-05 0 0
1774 3.0485375224e-01 3.0474560746e-01 3.0474560746e-01 3.0544708552e-01 3.0969936331e-01 2.6912524143e-01 2.7597600789e-01 2.7597600789e-01 2.7300469556e-01 2.7466274555e-01 7.9240249037e-05 9.3551097962e-05 8.8853750640e-05 6.6987489139e-05 7.3262759543e-05 7.2659036960e-05 0 0
1775 3.0596314419e-01 3.0360092918e-01 3.0360092918e-01 3.0720922651e-01 3.0949963250e-01 2.6895927098e-01 2.7581614793e-01 2.7581614793e-01 2.7284534056e-01 2.7449793283e-01 7.4028054371e-05 8.6460317107e-05 8.4685118054e-05 6.5385397668e-05 7.0802318078e-05 7.1009890235e-05 0 0
1776 3.0379455782e-01 3.0712484287e-01 3.0712484287e-01 3.0677076482e-01 3.0773232364e-01 2.6879769378e-01 2.7565402915e-01 2.7565402915e-01 2.7268641334e-01 2.7433515835e-01 7.7603730702e-05 8.6788411863e-05 8.4875464381e-05 6.6230755115e-05 7.0798443630e-05 7.0804544521e-05 0 0
1777 2.9953510899e-01 3.0717391517e-01 3.0717391517e-01 3.0417792566e-01 3.0765943086e-01 2.6864598214e-01 2.7549088740e-01 2.7549088740e-01 2.7252801917e-01 2.7417684506e-01 8.7189011834e-05 8.8500670245e-05 9.0070352599e-05 6.8115420867e-05 7.1505313826e-05 7.2072358307e-05 0 0
1778 2.9773479027e-01 3.0342657877e-01 3.0342657877e-01 3.0364968841e-01 3.0677464997e-01 2.6850397795e-01 2.7532902807e-01 2.7532902807e-01 2.7237155437e-01 2.7402160674e-01 1.0480466426e-04 8.9195855253e-05 9.6592673799e-05 7.2060729264e-05 7.1431710239e-05 7.3813484050e-05 0 0
1779 2.9936975260e-01 3.0185687960e-01 3.0185687960e-01 3.0695703152e-01 3.0622186054e-01 2.6835286812e-01 2.7516901952e-01 2.7516901952e-01 2.7221346864e-01 2.7386643648e-01 9.5225868235e-05 8.8019012765e-05 9.4342609373e-05 7.0572774508e-05 7.1178328653e-05 7.2689745139e-05 0 0
1780 3.0019601881e-01 3.0076503710e-01 3.0076503710e-01 3.0776556766e-01 3.0362151584e-01 2.6819266401e-01 2.7501027695e-01 2.7501027695e-01 2.7205380149e-01 2.7371023589e-01 7.7119127887e-05 8.9283035777e-05 9.0687790362e-05 6.5335510550e-05 7.1795726399e-05 7.1352722443e-05 0 0
1781 2.9684043100e-01 3.0204375463e-01 3.0204375463e-01 3.0703593774e-01 3.0257350277e-01 2.6803333071e-01 2.7484882111e-01 2.7484882111e-01 2.7189658870e-01 2.7355434993e-01 7.2781017448e-05 8.9058332378e-05 8.8994973339e-05 6.3533407006e-05 7.1073955041e-05 7.0616744779e-05 0 0
1782 2.9431393757e-01 3.0192350264e-01 3.0192350264e-01 3.0506565854e-01 3.0293080279e-01 2.6787600502e-01 2.7468823018e-01 2.7468823018e-01 2.7174356042e-01 2.7339812823e-01 6.9070385956e-05 9.4271439593e-05 8.9089709945e-05 6.1636731234e-05 7.2293812991e-05 7.0738031354e-05 0 0
1783 2.9211342537e-01 3.0073668410e-01 3.0073668410e-01 3.0356689392e-01 3.0486639973e-01 2.6772106022e-01 2.7453247718e-01 2.7453247718e-01 2.7159377845e-01 2.7324143138e-01 6.8797048375e-05 9.9679458799e-05 8.9394736278e-05 6.0817348649e-05 7.3663690273e-05 7.0871261414e-05 0 0
1784 2.8918536593e-01 2.9984659654e-01 2.9984659654e-01 3.0240330667e-01 3.0417281399e-01 2.6756948932e-01 2.7438002314e-01 2.7438002314e-01 2.7144060876e-01 2.7308499817e-01 7.1454679893e-05 9.4701736089e-05 8.9816658146e-05 6.0965533174e-05 7.2469585575e-05 7.0878792030e-05 0 0
1785 2.8852485364e-01 3.0263204999e-01 3.0263204999e-01 3.0139205580e-01 3.0303904446e-01 2.6742353210e-01 2.7422270796e-01 2.7422270796e-01 2.7128417909e-01 2.7292625673e-01 7.8815186002e-05 8.7634001829e-05 8.7589814939e-05 6.2737259959e-05 7.0167530794e-05 7.0540281740e-05 0 0
1786 2.8772705836e-01 3.0309865631e-01 3.0309865631e-01 2.9652944644e-01 3.0312389648e-01 2.6728092350e-01 2.7405926958e-01 2.7405926958e-01 2.7112728274e-01 2.7277128478e-01 8.8456452585e-05 8.3597791672e-05 9.0171630291e-05 6.5792419363e-05 6.8537476182e-05 7.0810634497e-05 0 0
1787 2.9096802114e-01 2.9880624579e-01 2.9880624579e-01 2.9997471017e-01 3.0589884891e-01 2.6713370175e-01 2.7389725634e-01 2.7389725634e-01 2.7097517693e-01 2.7261476544e-01 8.1313950679e-05 8.1550922914e-05 8.8835709903e-05 6.4075571688e-05 6.6823642555e-05 7.0583962952e-05 0 0
1788 2.9151080157e-01 3.0146743482e-01 3.0146743482e-01 3.0086969261e-01 3.0356074342e-01 2.6698082203e-01 2.7373740809e-01 2.7373740809e-01 2.7082714960e-01 2.7246029360e-01 7.4044370931e-05 8.9031618700e-05 9.3794205895e-05 6.2051978731e-05 6.9039808295e-05 7.1841197496e-05 0 0
1789 2.9036387704e-01 2.9814798582e-01 2.9814798582e-01 3.0111974473e-01 3.0183810953e-01 2.6682590823e-01 2.7358050731e-01 2.7358050731e-01 2.7067773073e-01 2.7230611490e-01 7.0317517227e-05 9.2961563496e-05 9.4603932666e-05 6.0621341260e-05 7.0774214691e-05 7.1911246778e-05 0 0
1790 2.8829459985e-01 2.9927216992e-01 2.9927216992e-01 2.9983376617e-01 3.0078385324e-01 2.6667403542e-01 2.7342173776e-01 2.7342173776e-01 2.7052517175e-01 2.7215074049e-01 7.1587769202e-05 9.0325946076e-05 9.0928991995e-05 6.0607029392e-05 7.0226185926e-05 7.0814679930e-05 0 0
1791 2.8547220818e-01 2.9918161067e-01 2.9918161067e-01 2.9757344128e-01 3.0027436455e-01 2.6652743041e-01 2.7326211830e-01 2.7326211830e-01 2.7036968572e-01 2.7199288395e-01 7.7956380087e-05 8.3515002189e-05 8.5726620455e-05 6.2345421241e-05 6.8055815063e-05 6.9458426879e-05 0 0
1792 2.8656463032e-01 2.9636839255e-01 2.9636839255e-01 2.9363773339e-01 3.0000125936e-01 2.6638370219e-01 2.7310285655e-01 2.7310285655e-01 2.7021582953e-01 2.7183637660e-01 8.4519085483e-05 7.9988778452e-05 8.2302354713e-05 6.4316790969e-05 6.6388380219e-05 6.7749377195e-05 0 0
1793 2.8836110135e-01 2.9386848891e-01 2.9386848891e-01 2.9574596061e-01 2.9805087159e-01 2.6623483839e-01 2.7294780272e-01 2.7294780272e-01 2.7006616756e-01 2.7167846140e-01 8.1812216609e-05 7.8481367382e-05 7.9813573393e-05 6.4201262206e-05 6.4958840085e-05 6.6779215558e-05 0 0
1794 2.8782278059e-01 2.9522468482e-01 2.9522468482e-01 2.9545310236e-01 2.9598373499e-01 2.6608095174e-01 2.7279289237e-01 2.7279289237e-01 2.6991835384e-01 2.7152608379e-01 7.3227329020e-05 8.2760088844e-05 8.2706796093e-05 6.1568095825e-05 6.6139891715e-05 6.6595803219e-05 0 0
1795 2.8847484764e-01 2.9333409735e-01 2.9333409735e-01 2.9285832231e-01 2.9580596543e-01 2.6592730083e-01 2.7263993906e-01 2.7263993906e-01 2.6977342693e-01 2.7137723507e-01 6.9664518476e-05 8.7244603492e-05 8.7565138529e-05 6.0074697722e-05 6.7001590651e-05 6.7810509790e-05 0 0
1796 2.8505491745e-01 2.9389319481e-01 2.9389319481e-01 2.9093434812e-01 2.9872965749e-01 2.6577566578e-01 2.7248642247e-01 2.7248642247e-01 2.6963185495e-01 2.7122653871e-01 6.8711555398e-05 9.0896763140e-05 8.7792810518e-05 5.9443094638e-05 6.7560009484e-05 6.8526103860e-05 0 0
1797 2.8216592878e-01 2.9385502591e-01 2.9385502591e-01 2.8863055507e-01 2.9926137978e-01 2.6562726876e-01 2.7233350749e-01 2.7233350749e-01 2.6949378872e-01 2.7107263980e-01 7.1254837942e-05 9.0031197033e-05 8.5100760771e-05 5.9840503933e-05 6.6559990955e-05 6.8198944064e-05 0 0
1798 2.8066929144e-01 2.9379098586e-01 2.9379098586e-01 2.8582632686e-01 2.9454661726e-01 2.6547986582e-01 2.7217965678e-01 2.7217965678e-01 2.6935280764e-01 2.7091829075e-01 7.4813834032e-05 8.3834718680e-05 8.1881924416e-05 6.0863512260e-05 6.4961761382e-05 6.6743399657e-05 0 0
1799 2.8062343347e-01 2.9335395920e-01 2.9335395920e-01 2.8752060070e-01 2.9133808189e-01 2.6533472489e-01 2.7202758507e-01 2.7202758507e-01 2.6920789575e-01 2.7076505282e-01 7.5736772272e-05 7.7926975791e-05 8.0654201156e-05 6.0608956138e-05 6.3233455876e-05 6.5782023739e-05 0 0
1800 2.8292742777e-01 2.8957317967e-01 2.8957317967e-01 2.8856577030e-01 2.9063082062e-01 2.6519304977e-01 2.7187675306e-01 2.7187675306e-01 2.6905993972e-01 2.7061597059e-01 7.6824342218e-05 7.5147956522e-05 8.2374339399e-05 6.0389160364e-05 6.2346796767e-05 6.5619140514e-05 0 0
1801 2.7927047937e-01 2.8750180005e-01 2.8750180005e-01 2.9045874884e-01 2.9331141301e-01 2.6505386374e-01 2.7172697488e-01 2.7172697488e-01 2.6891037552e-01 2.7047085477e-01 8.0107895550e-05 7.3099308793e-05 8.3803759480e-05 6.1247684025e-05 6.1676440964e-05 6.5464206273e-05 0 0
1802 2.7816140579e-01 2.8861229866e-01 2.8861229866e-01 2.8776893308e-01 2.9338867689e-01 2.6491630652e-01 2.7157789423e-01 2.7157789423e-01 2.6876579148e-01 2.7032790409e-01 8.2143762726e-05 7.6778553193e-05 8.7906548288e-05 6.1575487355e-05 6.2283746956e-05 6.6537326347e-05 0 0
1803 2.7537907004e-01 2.8735319152e-01 2.8735319152e-01 2.8868116133e-01 2.8922844808e-01 2.6477530371e-01 2.7142650397e-01 2.7142650397e-01 2.6862681691e-01 2.7018442280e-01 7.6718456301e-05 8.3182345406e-05 8.8286331447e-05 5.9978472538e-05 6.3637729909e-05 6.6582222644e-05 0 0
1804 2.7743001934e-01 2.8739650149e-01 2.8739650149e-01 2.8601964952e-01 2.8556233552e-01 2.6463106446e-01 2.7127397253e-01 2.7127397253e-01 2.6848779336e-01 2.7004260112e-01 6.7944533277e-05 9.0486089903e-05 8.5586481873e-05 5.6891553440e-05 6.6222346504e-05 6.4985706558e-05 0 0
1805 2.7666811286e-01 2.8290596203e-01 2.8290596203e-01 2.8731667972e-01 2.8454681815e-01 2.6448652252e-01 2.7112488057e-01 2.7112488057e-01 2.6834149296e-01 2.6989874960e-01 6.4710333284e-05 8.0526624515e-05 7.9302670201e-05 5.5599820706e-05 6.3842999225e-05 6.3032206526e-05 0 0
1806 2.7865345850e-01 2.8322728810e-01 2.8322728810e-01 2.9052984493e-01 2.8686563045e-01 2.6434178586e-01 2.7098144508e-01 2.7098144508e-01 2.6819299930e-01 2.6975556169e-01 6.1468108405e-05 7.4210609455e-05 7.5835334428e-05 5.4254071052e-05 6.1730872403e-05 6.1595907027e-05 0 0
1807 2.7554548454e-01 2.8213568151e-01 2.8213568151e-01 2.8845938868e-01 2.8708093934e-01 2.6419795791e-01 2.7084408160e-01 2.7084408160e-01 2.6804711307e-01 2.6961279249e-01 6.2021345662e-05 7.6453758084e-05 7.8071749158e-05 5.4115924986e-05 6.2325598265e-05 6.2263970904e-05 0 0
1808 2.7360743189e-01 2.8454324074e-01 2.8454324074e-01 2.8601998165e-01 2.8538196511e-01 2.6405355011e-01 2.7070098270e-01 2.7070098270e-01 2.6790799061e-01 2.6947227066e-01 6.1424112386e-05 8.3010774688e-05 8.3695154899e-05 5.3647447250e-05 6.3532035711e-05 6.3587925979e-05 0 0
1809 2.6967626613e-01 2.8519935805e-01 2.8519935805e-01 2.8589941456e-01 2.8599156223e-01 2.6391667478e-01 2.7055235408e-01 2.7055235408e-01 2.6776997491e-01 2.6932851128e-01 6.6481312573e-05 8.8627213700e-05 8.2592021499e-05 5.4243634227e-05 6.5214240749e-05 6.3622039306e-05 0 0
1810 2.6853995847e-01 2.8393995523e-01 2.8393995523e-01 2.8665853724e-01 2.8648102618e-01 2.6378584761e-01 2.7039970515e-01 2.7039970515e-01 2.6762703680e-01 2.6918289044e-01 7.5708593100e-05 8.2715490862e-05 7.8519806266e-05 5.6744963703e-05 6.3852683525e-05 6.2485611124e-05 0 0
1811 2.7242717545e-01 2.8207584832e-01 2.8207584832e-01 2.8561038441e-01 2.8642090576e-01 2.6365441648e-01 2.7024884247e-01 2.7024884247e-01 2.6747999591e-01 2.6903655165e-01 7.8941165394e-05 7.2959694080e-05 7.4008545198e-05 5.8211224926e-05 6.0770787968e-05 6.1002752773e-05 0 0
1812 2.7209865800e-01 2.8068745833e-01 2.8068745833e-01 2.8586086900e-01 2.8502740709e-01 2.6351440196e-01 2.7010307630e-01 2.7010307630e-01 2.6733632837e-01 2.6888933035e-01 6.9194097635e-05 7.2450919106e-05 7.2822174843e-05 5.6153623810e-05 6.0036010836e-05 6.0682121330e-05 0 0
1813 2.7263563361e-01 2.8111469140e-01 2.8111469140e-01 2.8188606284e-01 2.8362337534e-01 2.6337197068e-01 2.6996130090e-01 2.6996130090e-01 2.6720037970e-01 2.6874386204e-01 6.2982387378e-05 8.0834906839e-05 7.5405831012e-05 5.3793168425e-05 6.1754628405e-05 6.1146387452e-05 0 0
1814 2.6824255447e-01 2.8200790488e-01 2.8200790488e-01 2.8154408458e-01 2.8453432483e-01 2.6322920618e-01 2.6981776491e-01 2.6981776491e-01 2.6706669540e-01 2.6859981471e-01 6.2322009250e-05 8.7153297500e-05 7.9196724982e-05 5.3516710574e-05 6.3391948061e-05 6.2225219153e-05 0 0
1815 2.6533043897e-01 2.8263596932e-01 2.8263596932e-01 2.8088833069e-01 2.8527643581e-01 2.6309150702e-01 2.6967043871e-01 2.6967043871e-01 2.6692771399e-01 2.6845545995e-01 6.3094747371e-05 8.0433703260e-05 8.0113786680e-05 5.3076996821e-05 6.1820839619e-05 6.2786220951e-05 0 0
1816 2.6315119147e-01 2.8074527858e-01 2.8074527858e-01 2.8180882283e-01 2.8560735428e-01 2.6295806949e-01 2.6952419641e-01 2.6952419641e-01 2.6678274485e-01 2.6831383728e-01 6.5438996268e-05 6.9123630965e-05 7.9461577116e-05 5.3369238275e-05 5.8463430832e-05 6.2126207922e-05 0 0
1817 2.6497568356e-01 2.7802389322e-01 2.7802389322e-01 2.8010063626e-01 2.8130863492e-01 2.6282350483e-01 2.6938233196e-01 2.6938233196e-01 2.6663873648e-01 2.6817120314e-01 6.4816376372e-05 6.5222655394e-05 7.6907177572e-05 5.3241427291e-05 5.6736666011e-05 6.1280239606e-05 0 0
1818 2.6685914928e-01 2.7969907598e-01 2.7969907598e-01 2.7661362602e-01 2.8077932468e-01 2.6268683308e-01 2.6924008360e-01 2.6924008360e-01 2.6649795563e-01 2.6803077076e-01 6.4235442544e-05 6.4263447712e-05 7.8637760453e-05 5.3186818865e-05 5.5679935031e-05 6.1212118453e-05 0 0
1819 2.6588730055e-01 2.7755134496e-01 2.7755134496e-01 2.7637558931e-01 2.8100483361e-01 2.6254785420e-01 2.6909486652e-01 2.6909486652e-01 2.6636133303e-01 2.6789149588e-01 6.1847025697e-05 6.6440341470e-05 8.1997965026e-05 5.2538639600e-05 5.5489210354e-05 6.2079863710e-05 0 0
1820 2.6349484734e-01 2.7734356195e-01 2.7734356195e-01 2.7246651422e-01 2.8202401304e-01 2.6241098137e-01 2.6894576332e-01 2.6894576332e-01 2.6623029701e-01 2.6775176877e-01 6.0670554175e-05 7.6572046964e-05 7.9705172539e-05 5.1719708805e-05 5.8043309764e-05 6.1399987317e-05 0 0
1821 2.6106838544e-01 2.7629262235e-01 2.7629262235e-01 2.7308451996e-01 2.7841955892e-01 2.6227583613e-01 2.6879846658e-01 2.6879846658e-01 2.6610045631e-01 2.6761351690e-01 6.1571202392e-05 8.1378930190e-05 7.8169709013e-05 5.1773005189e-05 5.9484256781e-05 6.0641077653e-05 0 0
1822 2.6254733145e-01 2.7366853218e-01 2.7366853218e-01 2.7430491041e-01 2.7712961782e-01 2.6214522515e-01 2.6865498341e-01 2.6865498341e-01 2.6596559741e-01 2.6747653505e-01 6.5115086076e-05 7.2852355515e-05 7.6498075941e-05 5.2152892992e-05 5.7427156207e-05 5.9637366576e-05 0 0
1823 2.6161530096e-01 2.7458777309e-01 2.7458777309e-01 2.7461815436e-01 2.7436716555e-01 2.6201837490e-01 2.6851594180e-01 2.6851594180e-01 2.6582665571e-01 2.6733690494e-01 7.1968177597e-05 6.3491006586e-05 7.4284504080e-05 5.3849068430e-05 5.4381003793e-05 5.9051513745e-05 0 0
1824 2.6155409971e-01 2.7179741136e-01 2.7179741136e-01 2.7406264947e-01 2.7679097469e-01 2.6189384220e-01 2.6837866150e-01 2.6837866150e-01 2.6568632661e-01 2.6719673457e-01 7.4000271446e-05 6.0074364228e-05 7.1094811574e-05 5.4098599123e-05 5.2930183301e-05 5.7690711401e-05 0 0
1825 2.5889794429e-01 2.7073762957e-01 2.7073762957e-01 2.7375061806e-01 2.7363405316e-01 2.6176533059e-01 2.6824116415e-01 2.6824116415e-01 2.6554434374e-01 2.6705919456e-01 6.9138817193e-05 5.8993178754e-05 7.1845901402e-05 5.3234064282e-05 5.2599481933e-05 5.7502909840e-05 0 0
1826 2.5785043470e-01 2.6832511106e-01 2.6832511106e-01 2.7400612630e-01 2.7062533508e-01 2.6163575504e-01 2.6810317988e-01 2.6810317988e-01 2.6540312615e-01 2.6692473984e-01 6.5206990299e-05 5.9582365793e-05 7.0622700150e-05 5.1923895082e-05 5.2832527217e-05 5.6452636272e-05 0 0
1827 2.5708867263e-01 2.6928446709e-01 2.6928446709e-01 2.7037510044e-01 2.7007149891e-01 2.6150385068e-01 2.6796834765e-01 2.6796834765e-01 2.6526417049e-01 2.6679194678e-01 6.0654949963e-05 6.1809681938e-05 7.1340346040e-05 5.0349179996e-05 5.3570518503e-05 5.6232705901e-05 0 0
1828 2.5857859274e-01 2.6655414705e-01 2.6655414705e-01 2.6848181863e-01 2.7115088930e-01 2.6136985683e-01 2.6783345850e-01 2.6783345850e-01 2.6512753177e-01 2.6665782615e-01 5.7193558967e-05 6.2388862716e-05 7.2435363109e-05 4.9117628202e-05 5.3332412790e-05 5.6614986534e-05 0 0
1829 2.5835030489e-01 2.6553547978e-01 2.6553547978e-01 2.6640905340e-01 2.7136538406e-01 2.6123596895e-01 2.6769635349e-01 2.6769635349e-01 2.6499541455e-01 2.6652404019e-01 5.6170185466e-05 6.6908603912e-05 7.1935690357e-05 4.8707984292e-05 5.4082587667e-05 5.6130273151e-05 0 0
1830 2.5880723227e-01 2.6600107050e-01 2.6600107050e-01 2.6622341047e-01 2.6881572954e-01 2.6110087167e-01 2.6756003401e-01 2.6756003401e-01 2.6486530918e-01 2.6639205093e-01 5.3250487093e-05 7.0354122727e-05 7.1744128945e-05 4.7764417515e-05 5.4929269027e-05 5.5705031627e-05 0 0
1831 2.6015557902e-01 2.6388621625e-01 2.6388621625e-01 2.6707514072e-01 2.6711494757e-01 2.6096817975e-01 2.6742346085e-01 2.6742346085e-01 2.6473814490e-01 2.6626219227e-01 5.4568300429e-05 7.0926365879e-05 7.3134822742e-05 4.7845038182e-05 5.4666821597e-05 5.5876427723e-05 0 0
1832 2.5550986579e-01 2.6515029114e-01 2.6515029114e-01 2.6730052007e-01 2.6707346080e-01 2.6083433808e-01 2.6728779083e-01 2.6728779083e-01 2.6461230707e-01 2.6613148160e-01 5.5479454976e-05 7.2536186053e-05 7.2829207056e-05 4.8213776030e-05 5.5179838455e-05 5.5868504205e-05 0 0
1833 2.5375372558e-01 2.6458957764e-01 2.6458957764e-01 2.6388284138e-01 2.6989382996e-01 2.6070203433e-01 2.6715439924e-01 2.6715439924e-01 2.6448406216e-01 2.6599713515e-01 5.5382463610e-05 7.1850521635e-05 6.8673209171e-05 4.7773934405e-05 5.5392902141e-05 5.4802467275e-05 0 0
1834 2.5237244084e-01 2.6470693244e-01 2.6470693244e-01 2.6476755224e-01 2.6918367594e-01 2.6057290999e-01 2.6702222194e-01 2.6702222194e-01 2.6435274896e-01 2.6586140254e-01 5.7595606604e-05 6.7367218435e-05 6.7662578658e-05 4.8222338995e-05 5.3986714192e-05 5.4607899074e-05 0 0
1835 2.5394403557e-01 2.6378288758e-01 2.6378288758e-01 2.6524923723e-01 2.6878159560e-01 2.6044530171e-01 2.6688799832e-01 2.6688799832e-01 2.6422002102e-01 2.6573004729e-01 5.9084241517e-05 6.3890911406e-05 7.0555775892e-05 4.8641440041e-05 5.2626659453e-05 5.5002547015e-05 0 0
1836 2.5691263119e-01 2.6462972934e-01 2.6462972934e-01 2.6452870053e-01 2.6541924835e-01 2.6031864768e-01 2.6675261176e-01 2.6675261176e-01 2.6408675282e-01 2.6560346510e-01 6.2492667225e-05 6.0903477788e-05 7.6615422586e-05 4.9741976456e-05 5.1509501645e-05 5.6416045481e-05 0 0
1837 2.5710471607e-01 2.6316568742e-01 2.6316568742e-01 2.6212703205e-01 2.6697835653e-01 2.6019251496e-01 2.6661873318e-01 2.6661873318e-01 2.6395562374e-01 2.6547439018e-01 6.6382098928e-05 6.0318039687e-05 7.2732873377e-05 5.0998365057e-05 5.0968974392e-05 5.5449139836e-05 0 0
1838 2.5661418407e-01 2.6229423621e-01 2.6229423621e-01 2.6147540366e-01 2.6544623372e-01 2.6006576066e-01 2.6648757674e-01 2.6648757674e-01 2.6382781765e-01 2.6534075413e-01 6.6930709043e-05 6.1839542468e-05 6.4883461164e-05 5.1324513127e-05 5.0896009270e-05 5.3073908930e-05 0 0
1839 2.5524707186e-01 2.5858638672e-01 2.5858638672e-01 2.5726056895e-01 2.6538871852e-01 2.5993693236e-01 2.6635854761e-01 2.6635854761e-01 2.6370339511e-01 2.6520551341e-01 6.4571096110e-05 6.7628854595e-05 6.0061289332e-05 5.0980610256e-05 5.2311877880e-05 5.1276658269e-05 0 0
1840 2.5815066945e-01 2.6151972648e-01 2.6151972648e-01 2.6140194728e-01 2.6528935842e-01 2.5980548294e-01 2.6622898946e-01 2.6622898946e-01 2.6357693967e-01 2.6507340491e-01 5.8850601815e-05 6.6707852966e-05 6.1319551605e-05 4.9267921023e-05 5.2252409660e-05 5.1349934438e-05 0 0
1841 2.5737516268e-01 2.6202437363e-01 2.6202437363e-01 2.6127964698e-01 2.6150973446e-01 2.5967152960e-01 2.6609856643e-01 2.6609856643e-01 2.6344928025e-01 2.6494482517e-01 5.6971756698e-05 6.4340816607e-05 6.6636039264e-05 4.8823828002e-05 5.1630346206e-05 5.2936382417e-05 0 0
1842 2.5854382598e-01 2.6044753210e-01 2.6044753210e-01 2.6119498966e-01 2.6376758445e-01 2.5953602216e-01 2.6596825240e-01 2.6596825240e-01 2.6331994665e-01 2.6482004136e-01 5.4029402222e-05 5.8277635617e-05 7.2240018198e-05 4.7628274341e-05 4.9556425438e-05 5.4159243518e-05 0 0
1843 2.5522156340e-01 2.5901660632e-01 2.5901660632e-01 2.5908859121e-01 2.6294184571e-01 2.5940254370e-01 2.6584117105e-01 2.6584117105e-01 2.6319334297e-01 2.6469450406e-01 5.4274359243e-05 5.8389372498e-05 7.3204519140e-05 4.7350050117e-05 4.8987913033e-05 5.4377373090e-05 0 0
1844 2.5344403704e-01 2.5708851162e-01 2.5708851162e-01 2.5601784698e-01 2.6151723630e-01 2.5927505897e-01 2.6571379963e-01 2.6571379963e-01 2.6306814500e-01 2.6456508294e-01 5.5459971355e-05 6.2453906139e-05 6.6300181061e-05 4.6880432407e-05 5.0186923545e-05 5.2351952036e-05 0 0
1845 2.5042186663e-01 2.5806947386e-01 2.5806947386e-01 2.5681040006e-01 2.5819350487e-01 2.5915730231e-01 2.6558462872e-01 2.6558462872e-01 2.6294730299e-01 2.6443763723e-01 6.5438096919e-05 6.9125529990e-05 6.5151627496e-05 4.8951476564e-05 5.1799606808e-05 5.1574277677e-05 0 0
1846 2.5127353224e-01 2.5669874581e-01 2.5669874581e-01 2.5825447432e-01 2.5775334463e-01 2.5903994705e-01 2.6545545754e-01 2.6545545754e-01 2.6282424782e-01 2.6431362146e-01 7.0676796797e-05 6.7506618507e-05 6.6927288572e-05 5.0642915326e-05 5.1738028560e-05 5.1707706007e-05 0 0
1847 2.5144554458e-01 2.5477852277e-01 2.5477852277e-01 2.6036920910e-01 2.5747630115e-01 2.5891727076e-01 2.6532852522e-01 2.6532852522e-01 2.6269828296e-01 2.6418992541e-01 6.3415095843e-05 6.0976473833e-05 6.7777746153e-05 4.8877983687e-05 4.9801519708e-05 5.1929770052e-05 0 0
1848 2.5168809850e-01 2.5485501193e-01 2.5485501193e-01 2.5671995830e-01 2.5811883128e-01 2.5879138792e-01 2.6520413322e-01 2.6520413322e-01 2.6257342535e-01 2.6406323694e-01 5.4496328148e-05 6.0059375755e-05 6.4200881752e-05 4.5861644750e-05 4.9061109166e-05 5.0934611863e-05 0 0
1849 2.5087078957e-01 2.5420042749e-01 2.5420042749e-01 2.5680285683e-01 2.5647571635e-01 2.5866679729e-01 2.6507716921e-01 2.6507716921e-01 2.6245122088e-01 2.6393622580e-01 5.2439372255e-05 6.2766881456e-05 6.3121857238e-05 4.4816393465e-05 4.9404310630e-05 5.0426937378e-05 0 0
1850 2.4923446275e-01 2.5396666175e-01 2.5396666175e-01 2.5507505245e-01 2.5429577567e-01 2.5854531382e-01 2.6494778299e-01 2.6494778299e-01 2.6233108556e-01 2.6380854646e-01 5.7175699457e-05 7.0456644607e-05 6.0696260334e-05 4.6186480381e-05 5.1863295084e-05 4.9640699217e-05 0 0
1851 2.4910207122e-01 2.5483042445e-01 2.5483042445e-01 2.6049759730e-01 2.5379138788e-01 2.5843008505e-01 2.6482005656e-01 2.6482005656e-01 2.6220621976e-01 2.6368208015e-01 6.7612531595e-05 6.5120420913e-05 5.8523721236e-05 4.8775533320e-05 5.0980848755e-05 4.8620191592e-05 0 0
1852 2.4993826928e-01 2.5276804881e-01 2.5276804881e-01 2.6085474678e-01 2.5476280489e-01 2.5831119621e-01 2.6469812351e-01 2.6469812351e-01 2.6207759978e-01 2.6355408794e-01 6.7778710675e-05 6.0399603171e-05 5.7534249208e-05 4.9475936778e-05 4.9947950174e-05 4.8428961236e-05 0 0
1853 2.5236905701e-01 2.5129609603e-01 2.5129609603e-01 2.6096601291e-01 2.5489243127e-01 2.5818607937e-01 2.6457646552e-01 2.6457646552e-01 2.6194724778e-01 2.6342477332e-01 5.8212771963e-05 5.6540366131e-05 5.7115392337e-05 4.7014818777e-05 4.8552994485e-05 4.8298927140e-05 0 0
1854 2.5070133338e-01 2.5305436350e-01 2.5305436350e-01 2.5798417647e-01 2.5490513517e-01 2.5805637232e-01 2.6445220381e-01 2.6445220381e-01 2.6181881836e-01 2.6329618875e-01 5.2389846485e-05 5.8769146563e-05 5.6378556110e-05 4.5441452237e-05 4.8973553930e-05 4.7753683248e-05 0 0
1855 2.5023954720e-01 2.5260105655e-01 2.5260105655e-01 2.5712792584e-01 2.5266679703e-01 2.5792751246e-01 2.6432470797e-01 2.6432470797e-01 2.6169586329e-01 2.6317124251e-01 5.2153014988e-05 6.5190990426e-05 5.8818710386e-05 4.5119470906e-05 5.0480257414e-05 4.8156420235e-05 0 0
1856 2.4891714337e-01 2.5167981191e-01 2.5167981191e-01 2.5777818350e-01 2.5346879964e-01 2.5779937913e-01 2.6419672335e-01 2.6419672335e-01 2.6157703399e-01 2.6304984420e-01 5.3526381517e-05 7.3487430200e-05 6.2930917920e-05 4.5429780455e-05 5.2835555834e-05 4.9146980018e-05 0 0
1857 2.4931490332e-01 2.5022913446e-01 2.5022913446e-01 2.5725787735e-01 2.5316538654e-01 2.5767178791e-01 2.6407203802e-01 2.6407203802e-01 2.6145299312e-01 2.6292967382e-01 5.8051699534e-05 6.6615746618e-05 6.6522330599e-05 4.7159120288e-05 5.1447937949e-05 5.0148628361e-05 0 0
1858 2.5112754477e-01 2.4852249023e-01 2.4852249023e-01 2.5570226079e-01 2.5690190570e-01 2.5754492734e-01 2.6395027857e-01 2.6395027857e-01 2.6132691221e-01 2.6280449122e-01 6.1554898361e-05 5.8766829170e-05 6.2207473093e-05 4.8509685980e-05 4.8544927267e-05 4.9309761380e-05 0 0
1859 2.5325094950e-01 2.5268768457e-01 2.5268768457e-01 2.5136084675e-01 2.5507750146e-01 2.5741854004e-01 2.6382607201e-01 2.6382607201e-01 2.6120156802e-01 2.6267930982e-01 6.1252244612e-05 5.6996976127e-05 6.3198694988e-05 4.8358938173e-05 4.7455901949e-05 4.9680182201e-05 0 0
1860 2.5112164425e-01 2.5453006700e-01 2.5453006700e-01 2.4846407018e-01 2.5319104794e-01 2.5729141020e-01 2.6369867792e-01 2.6369867792e-01 2.6108062098e-01 2.6255411480e-01 6.0740870147e-05 5.8637060647e-05 6.2897801399e-05 4.8171606147e-05 4.7268433264e-05 4.9719930757e-05 0 0
1861 2.5097940302e-01 2.5426977983e-01 2.5426977983e-01 2.4883046246e-01 2.5343350361e-01 2.5716627395e-01 2.6357257189e-01 2.6357257189e-01 2.6096483680e-01 2.6242980774e-01 6.3939057155e-05 6.4454408857e-05 6.4125215431e-05 4.8816276201e-05 4.8610987506e-05 5.0137616199e-05 0 0
1862 2.5072720877e-01 2.5169365112e-01 2.5169365112e-01 2.5134700403e-01 2.5652561459e-01 2.5703969039e-01 2.6345058661e-01 2.6345058661e-01 2.6085069114e-01 2.6230327016e-01 6.6003758242e-05 6.6520929977e-05 6.1609967815e-05 4.9804598933e-05 4.9053011026e-05 4.9491318350e-05 0 0
1863 2.5283879421e-01 2.5381886372e-01 2.5381886372e-01 2.4730285531e-01 2.5662235437e-01 2.5691077885e-01 2.6332952595e-01 2.6332952595e-01 2.6073313922e-01 2.6217411121e-01 6.1243275815e-05 6.2965096731e-05 5.8366742451e-05 4.8529238051e-05 4.8260260883e-05 4.8492074711e-05 0 0
1864 2.5133622013e-01 2.5440809100e-01 2.5440809100e-01 2.4722150090e-01 2.5314048595e-01 2.5678173838e-01 2.6320480370e-01 2.6320480370e-01 2.6061401534e-01 2.6204543407e-01 5.7335904465e-05 5.8263844039e-05 5.8099658418e-05 4.7079374896e-05 4.6528819439e-05 4.8271926062e-05 0 0
1865 2.5019521355e-01 2.5173961849e-01 2.5173961849e-01 2.4640437421e-01 2.5253948468e-01 2.5665430717e-01 2.6307660894e-01 2.6307660894e-01 2.6049316073e-01 2.6192260408e-01 5.8487341500e-05 5.8203457229e-05 6.0206215494e-05 4.7105787535e-05 4.6811110224e-05 4.8134894314e-05 0 0
1866 2.4889273542e-01 2.4864443941e-01 2.4864443941e-01 2.4792257427e-01 2.4898549146e-01 2.5652943649e-01 2.6295180909e-01 2.6295180909e-01 2.6037296997e-01 2.6180420545e-01 6.4820602146e-05 5.8567815358e-05 6.6743756179e-05 4.8808697899e-05 4.6925271818e-05 4.9789199693e-05 0 0
1867 2.4962557751e-01 2.4534971295e-01 2.4534971295e-01 2.4926901097e-01 2.5007183656e-01 2.5640092982e-01 2.6283009790e-01 2.6283009790e-01 2.6025281920e-01 2.6168537887e-01 6.4199574333e-05 5.8751802499e-05 6.3876010245e-05 4.9150520976e-05 4.6996556193e-05 4.8624302508e-05 0 0
1868 2.5192794044e-01 2.4579981249e-01 2.4579981249e-01 2.4793064312e-01 2.4720775792e-01 2.5626891374e-01 2.6271025303e-01 2.6271025303e-01 2.6013212301e-01 2.6156443275e-01 5.7474033555e-05 5.7543584262e-05 6.0901002144e-05 4.7273054691e-05 4.6448083594e-05 4.7696739784e-05 0 0
1869 2.5278534533e-01 2.4456811481e-01 2.4456811481e-01 2.4754006130e-01 2.4629760428e-01 2.5613618645e-01 2.6258605974e-01 2.6258605974e-01 2.6000984363e-01 2.6144243550e-01 5.3066680483e-05 5.8783813074e-05 5.6098213463e-05 4.5718843029e-05 4.7077257477e-05 4.5952147048e-05 0 0
1870 2.5097258783e-01 2.4751583084e-01 2.4751583084e-01 2.4959732853e-01 2.4492965797e-01 2.5600192777e-01 2.6246291424e-01 2.6246291424e-01 2.5988666490e-01 2.6132458978e-01 5.0443964321e-05 5.9442949350e-05 5.8232904848e-05 4.4750273936e-05 4.7491867008e-05 4.6138271500e-05 0 0
1871 2.4993050735e-01 2.4375585372e-01 2.4375585372e-01 2.5121772716e-01 2.4419220380e-01 2.5586805642e-01 2.6234259668e-01 2.6234259668e-01 2.5976301861e-01 2.6120849911e-01 5.0403129745e-05 5.7761120843e-05 6.0184656832e-05 4.4437062054e-05 4.6972640121e-05 4.6572196879e-05 0 0
1872 2.4732876334e-01 2.4239016329e-01 2.4239016329e-01 2.5280873710e-01 2.4697016300e-01 2.5573767689e-01 2.6222694704e-01 2.6222694704e-01 2.5963724117e-01 2.6109068269e-01 5.1173749234e-05 5.7253406339e-05 5.9617692386e-05 4.4129868938e-05 4.7155359425e-05 4.6515167924e-05 0 0
1873 2.4550858856e-01 2.4362184720e-01 2.4362184720e-01 2.5502071176e-01 2.4700477074e-01 2.5561206320e-01 2.6211242619e-01 2.6211242619e-01 2.5951359703e-01 2.6096904342e-01 5.5084411902e-05 6.0628794017e-05 5.6452503486e-05 4.5079525842e-05 4.7986379286e-05 4.5785935072e-05 0 0
1874 2.4406649417e-01 2.4652216723e-01 2.4652216723e-01 2.4977610945e-01 2.4607003567e-01 2.5549135624e-01 2.6199266119e-01 2.6199266119e-01 2.5939400237e-01 2.6084668622e-01 6.2798949332e-05 7.0416841481e-05 5.6195347497e-05 4.7249536246e-05 5.0768852816e-05 4.5796663471e-05 0 0
1875 2.4589088757e-01 2.4449055580e-01 2.4449055580e-01 2.5273871577e-01 2.4258427267e-01 2.5536681244e-01 2.6187068374e-01 2.6187068374e-01 2.5927178798e-01 2.6072549558e-01 6.1194253632e-05 6.6737520683e-05 5.6389930251e-05 4.7222868263e-05 4.9969550673e-05 4.5763148592e-05 0 0
1876 2.4752669737e-01 2.4128893313e-01 2.4128893313e-01 2.5275949143e-01 2.4663161355e-01 2.5523950429e-01 2.6175134640e-01 2.6175134640e-01 2.5914422136e-01 2.6060752246e-01 5.5853725765e-05 5.9297284679e-05 5.8249326685e-05 4.5393005980e-05 4.8150601287e-05 4.5885200961e-05 0 0
1877 2.4553771340e-01 2.4218150101e-01 2.4218150101e-01 2.5364057231e-01 2.4783972102e-01 2.5511183868e-01 2.6163311858e-01 2.6163311858e-01 2.5901364899e-01 2.6048843241e-01 5.2260236580e-05 5.4708147218e-05 6.2246301241e-05 4.3937983645e-05 4.6709161325e-05 4.7480134526e-05 0 0
1878 2.4377395019e-01 2.4641563920e-01 2.4641563920e-01 2.5125078887e-01 2.4889204448e-01 2.5498635445e-01 2.6150998772e-01 2.6150998772e-01 2.5888907011e-01 2.6036727050e-01 5.3370486824e-05 5.9122938183e-05 6.1873044615e-05 4.4148220936e-05 4.7264695240e-05 4.7563136832e-05 0 0
1879 2.4271001675e-01 2.4800035836e-01 2.4800035836e-01 2.5009164211e-01 2.4623646931e-01 2.5486801160e-01 2.6138402397e-01 2.6138402397e-01 2.5876845708e-01 2.6024421328e-01 6.1496299860e-05 6.6765252996e-05 6.0497917730e-05 4.6027605481e-05 4.9347092499e-05 4.7377874580e-05 0 0
1880 2.4403964737e-01 2.4739367919e-01 2.4739367919e-01 2.5167913380e-01 2.4883041568e-01 2.5474659420e-01 2.6125666656e-01 2.6125666656e-01 2.5864706808e-01 2.6012115125e-01 6.2685633552e-05 6.7976940045e-05 5.9254896769e-05 4.6858011540e-05 5.0009808547e-05 4.6983612265e-05 0 0
1881 2.4626307715e-01 2.4721834776e-01 2.4721834776e-01 2.5332197676e-01 2.4943573424e-01 2.5462015939e-01 2.6113416636e-01 2.6113416636e-01 2.5851852761e-01 2.5999550575e-01 5.7282032499e-05 5.8215196987e-05 6.0006570493e-05 4.5458962746e-05 4.7672401706e-05 4.7792025725e-05 0 0
1882 2.4324495052e-01 2.4633175074e-01 2.4633175074e-01 2.5294104757e-01 2.5009410361e-01 2.5449225516e-01 2.6101309012e-01 2.6101309012e-01 2.5838753393e-01 2.5987107031e-01 5.3834565935e-05 5.3926456530e-05 6.0635995396e-05 4.4281125353e-05 4.6196659241e-05 4.7682224249e-05 0 0
1883 2.4085805334e-01 2.4829594430e-01 2.4829594430e-01 2.5040484409e-01 2.4784501565e-01 2.5436951734e-01 2.6088991343e-01 2.6088991343e-01 2.5825687682e-01 2.5974798356e-01 5.5114150340e-05 5.3685589592e-05 6.2524261011e-05 4.4017561803e-05 4.5824101107e-05 4.8023530326e-05 0 0
1884 2.4037400546e-01 2.4858367836e-01 2.4858367836e-01 2.4787169563e-01 2.4793166297e-01 2.5425029182e-01 2.6076228041e-01 2.6076228041e-01 2.5813102891e-01 2.5962486769e-01 5.9476733630e-05 5.7369610658e-05 6.2669310864e-05 4.5095111337e-05 4.6448909416e-05 4.8065183364e-05 0 0
1885 2.4128563398e-01 2.4966578943e-01 2.4966578943e-01 2.4681685003e-01 2.4944571240e-01 2.5412769247e-01 2.6063553307e-01 2.6063553307e-01 2.5801012404e-01 2.5949902437e-01 5.9699057570e-05 6.3105871959e-05 6.0791502619e-05 4.5616503090e-05 4.7912169975e-05 4.7897108743e-05 0 0
1886 2.4397130853e-01 2.4589238178e-01 2.4589238178e-01 2.4808987860e-01 2.4876096488e-01 2.5399998925e-01 2.6051111105e-01 2.6051111105e-01 2.5789040176e-01 2.5937190751e-01 5.3719507744e-05 6.4133779233e-05 5.8197021644e-05 4.3887802812e-05 4.8201882237e-05 4.7051024012e-05 0 0
1887 2.4265119685e-01 2.4563040332e-01 2.4563040332e-01 2.4682574079e-01 2.4760203197e-01 2.5387098539e-01 2.6038963207e-01 2.6038963207e-01 2.5776653270e-01 2.5924479236e-01 5.1486787202e-05 5.8276622440e-05 5.6092954765e-05 4.3082474801e-05 4.6641074732e-05 4.6049821322e-05 0 0
1888 2.4090804267e-01 2.4751008892e-01 2.4751008892e-01 2.4675497562e-01 2.4802094422e-01 2.5374654045e-01 2.6026599007e-01 2.6026599007e-01 2.5764263495e-01 2.5911917908e-01 5.4155207859e-05 5.5695049014e-05 5.7932969867e-05 4.3475395793e-05 4.5345490435e-05 4.6435705372e-05 0 0
1889 2.4078700668e-01 2.4764976854e-01 2.4764976854e-01 2.4418301214e-01 2.4813459659e-01 2.5362885709e-01 2.6013789394e-01 2.6013789394e-01 2.5752008003e-01 2.5899811013e-01 6.2135627383e-05 5.8356405134e-05 6.3912058977e-05 4.5323381669e-05 4.6046779971e-05 4.7914396418e-05 0 0
1890 2.4337296483e-01 2.4568961278e-01 2.4568961278e-01 2.4506423766e-01 2.4722465870e-01 2.5350772143e-01 2.6001035321e-01 2.6001035321e-01 2.5740044663e-01 2.5887609232e-01 6.4451013518e-05 6.2616330979e-05 6.5698088292e-05 4.6719864361e-05 4.7239411288e-05 4.8802430683e-05 0 0
1891 2.4210405401e-01 2.4434844518e-01 2.4434844518e-01 2.4526374641e-01 2.4656816953e-01 2.5337845958e-01 2.5988625699e-01 2.5988625699e-01 2.5728103426e-01 2.5875048281e-01 5.5429636760e-05 6.1768409068e-05 6.0694941567e-05 4.4584775826e-05 4.7000494305e-05 4.7504971008e-05 0 0
1892 2.4215173746e-01 2.4403437019e-01 2.4403437019e-01 2.4463536012e-01 2.4500766431e-01 2.5324832915e-01 2.5976423509e-01 2.5976423509e-01 2.5715910095e-01 2.5862198521e-01 5.0898117322e-05 5.5843271184e-05 5.5444770624e-05 4.2832635272e-05 4.5061817218e-05 4.5765682444e-05 0 0
1893 2.3956319852e-01 2.4520856362e-01 2.4520856362e-01 2.4322195781e-01 2.4418411726e-01 2.5312001859e-01 2.5963950163e-01 2.5963950163e-01 2.5703625838e-01 2.5849365548e-01 5.0763582695e-05 5.4749447372e-05 5.2911329476e-05 4.2591845628e-05 4.4527285354e-05 4.4642776629e-05 0 0
1894 2.3767442724e-01 2.4459994786e-01 2.4459994786e-01 2.4127329183e-01 2.4248576352e-01 2.5299334389e-01 2.5951374477e-01 2.5951374477e-01 2.5691546043e-01 2.5836905049e-01 5.1758467341e-05 5.8394341977e-05 5.5283169786e-05 4.2785026642e-05 4.5472426791e-05 4.5099399358e-05 0 0
1895 2.3804518840e-01 2.4081351865e-01 2.4081351865e-01 2.4346959690e-01 2.4353061475e-01 2.5286618067e-01 2.5939020970e-01 2.5939020970e-01 2.5679435254e-01 2.5824756560e-01 5.3919256143e-05 5.9498070186e-05 5.6028640756e-05 4.3610997456e-05 4.6035533160e-05 4.4924461690e-05 0 0
1896 2.3963612543e-01 2.4068427409e-01 2.4068427409e-01 2.4404104682e-01 2.4141921673e-01 2.5273719396e-01 2.5927132606e-01 2.5927132606e-01 2.5667251178e-01 2.5812962468e-01 5.3687304199e-05 5.6682161812e-05 6.1702055973e-05 4.3617281126e-05 4.5140450311e-05 4.6330100304e-05 0 0
1897 2.4257089178e-01 2.4007109389e-01 2.4007109389e-01 2.4363764545e-01 2.4470348516e-01 2.5260911877e-01 2.5915110181e-01 2.5915110181e-01 2.5654930207e-01 2.5800851658e-01 5.3509075172e-05 5.4170091971e-05 6.0627082348e-05 4.3326460024e-05 4.4223012083e-05 4.6297273002e-05 0 0
1898 2.3972967097e-01 2.4429404969e-01 2.4429404969e-01 2.4051996155e-01 2.4220939506e-01 2.5248307886e-01 2.5902811289e-01 2.5902811289e-01 2.5642745112e-01 2.5788619087e-01 5.4812621751e-05 5.6331935411e-05 5.9183757912e-05 4.3581910526e-05 4.4579997848e-05 4.5856464567e-05 0 0
1899 2.3887303802e-01 2.4045281442e-01 2.4045281442e-01 2.3907345559e-01 2.4076503493e-01 2.5236175167e-01 2.5890436366e-01 2.5890436366e-01 2.5630890914e-01 2.5776450325e-01 6.0280538672e-05 5.9619513195e-05 5.7438457588e-05 4.4864157448e-05 4.5130709623e-05 4.5152666644e-05 0 0
1900 2.4105801401e-01 2.3909638857e-01 2.3909638857e-01 2.4237671409e-01 2.3984653579e-01 2.5223831198e-01 2.5878416983e-01 2.5878416983e-01 2.5618844655e-01 2.5764685590e-01 6.2071900002e-05 5.8055738918e-05 5.8432826336e-05 4.5767391443e-05 4.4989421440e-05 4.4889251512e-05 0 0
1901 2.4278541091e-01 2.3803042671e-01 2.3803042671e-01 2.4222563051e-01 2.3942502465e-01 2.5210672944e-01 2.5866791455e-01 2.5866791455e-01 2.5606619109e-01 2.5752573234e-01 5.5035097134e-05 5.5914993936e-05 5.6284417951e-05 4.4271708744e-05 4.4544261982e-05 4.4607708332e-05 0 0
1902 2.4201290531e-01 2.4167807901e-01 2.4167807901e-01 2.4110198649e-01 2.4198959421e-01 2.5197256010e-01 2.5854758121e-01 2.5854758121e-01 2.5594450469e-01 2.5740239740e-01 5.0483260486e-05 5.5035468904e-05 5.4761667343e-05 4.2732180112e-05 4.3904072299e-05 4.4143444029e-05 0 0
1903 2.4056072834e-01 2.4035642206e-01 2.4035642206e-01 2.3846444334e-01 2.4216624809e-01 2.5183827008e-01 2.5842405385e-01 2.5842405385e-01 2.5582432192e-01 2.5727876364e-01 4.7844426727e-05 5.9107966081e-05 5.4859598094e-05 4.1696065973e-05 4.4921491281e-05 4.4082704335e-05 0 0
1904 2.4192390008e-01 2.3965690958e-01 2.3965690958e-01 2.4047283514e-01 2.4021288438e-01 2.5170367330e-01 2.5830037441e-01 2.5830037441e-01 2.5570214965e-01 2.5715845834e-01 4.7787442843e-05 5.9291738580e-05 5.6812932598e-05 4.1748860856e-05 4.5239370593e-05 4.4311138481e-05 0 0
1905 2.3972809739e-01 2.3750221603e-01 2.3750221603e-01 2.4193241353e-01 2.3887403031e-01 2.5157205187e-01 2.5818131503e-01 2.5818131503e-01 2.5557606162e-01 2.5704123310e-01 5.1215614899e-05 5.4154636018e-05 6.0270784161e-05 4.2600788195e-05 4.4048450945e-05 4.5126220357e-05 0 0
1906 2.3786089699e-01 2.3652834332e-01 2.3652834332e-01 2.4342379620e-01 2.3846547049e-01 2.5144614964e-01 2.5806260976e-01 2.5806260976e-01 2.5544838336e-01 2.5692203796e-01 5.7307902588e-05 4.9945427236e-05 5.9445368606e-05 4.3906395904e-05 4.2716024836e-05 4.5077696996e-05 0 0
1907 2.4058624926e-01 2.3924794858e-01 2.3924794858e-01 2.4214875100e-01 2.3932371108e-01 2.5132211345e-01 2.5794106033e-01 2.5794106033e-01 2.5532109978e-01 2.5679852553e-01 6.1740872857e-05 4.9847900300e-05 5.4220927268e-05 4.5192855549e-05 4.2528106860e-05 4.3568959882e-05 0 0
1908 2.3978476886e-01 2.3911941574e-01 2.3911941574e-01 2.3946406952e-01 2.3909987764e-01 2.5119253598e-01 2.5781678224e-01 2.5781678224e-01 2.5519935494e-01 2.5667532505e-01 5.7952478865e-05 5.4831260059e-05 5.2395338571e-05 4.4798921129e-05 4.3414054744e-05 4.2638035666e-05 0 0
1909 2.3961597344e-01 2.3737608067e-01 2.3737608067e-01 2.4030478733e-01 2.3833700997e-01 2.5106038429e-01 2.5769212618e-01 2.5769212618e-01 2.5508133015e-01 2.5655338546e-01 5.3542525842e-05 6.1336635554e-05 5.4346613979e-05 4.3462272838e-05 4.5130376748e-05 4.3273683332e-05 0 0
1910 2.3849399604e-01 2.3573879976e-01 2.3573879976e-01 2.4176849182e-01 2.3646964711e-01 2.5092978960e-01 2.5756866752e-01 2.5756866752e-01 2.5496012677e-01 2.5643485893e-01 5.3936603800e-05 6.1748287408e-05 5.9072468503e-05 4.3220823160e-05 4.5979399147e-05 4.4545975470e-05 0 0
1911 2.3977494661e-01 2.3410411121e-01 2.3410411121e-01 2.4179846335e-01 2.3746588122e-01 2.5080181775e-01 2.5744896842e-01 2.5744896842e-01 2.5483486658e-01 2.5631426981e-01 5.8029593209e-05 5.4734051446e-05 5.7514054788e-05 4.4276186860e-05 4.4086968046e-05 4.4188767788e-05 0 0
1912 2.4054426755e-01 2.3651822381e-01 2.3651822381e-01 2.3968269225e-01 2.3976203667e-01 2.5067298696e-01 2.5732734623e-01 2.5732734623e-01 2.5470878156e-01 2.5618864450e-01 5.9933741534e-05 5.2543422498e-05 5.3154637499e-05 4.5192007866e-05 4.3215575715e-05 4.3087635277e-05 0 0
1913 2.3922437364e-01 2.3885678528e-01 2.3885678528e-01 2.3852733603e-01 2.3968191123e-01 2.5054060058e-01 2.5720082050e-01 2.5720082050e-01 2.5458358962e-01 2.5606269207e-01 5.5905107792e-05 5.3522755479e-05 5.2405097449e-05 4.4334503477e-05 4.3222657041e-05 4.2738771299e-05 0 0
1914 2.3872040388e-01 2.3873768538e-01 2.3873768538e-01 2.3861068091e-01 2.3878180193e-01 2.5040351198e-01 2.5707300329e-01 2.5707300329e-01 2.5445938356e-01 2.5593927287e-01 5.0061072633e-05 5.6252736613e-05 5.3703908634e-05 4.2641703905e-05 4.4019336201e-05 4.2980740545e-05 0 0
1915 2.3877479014e-01 2.3814635289e-01 2.3814635289e-01 2.4054918945e-01 2.3704810066e-01 2.5026440504e-01 2.5694798738e-01 2.5694798738e-01 2.5433438910e-01 2.5581886863e-01 4.7778408604e-05 5.6729368225e-05 5.7273304265e-05 4.1766249738e-05 4.4404416258e-05 4.4004116717e-05 0 0
1916 2.3917554726e-01 2.3469282694e-01 2.3469282694e-01 2.4148486969e-01 2.3685715315e-01 2.5012282272e-01 2.5682865709e-01 2.5682865709e-01 2.5420709686e-01 2.5569652075e-01 4.6549816492e-05 5.3898500482e-05 5.5680735386e-05 4.1473706801e-05 4.3739652028e-05 4.3666728743e-05 0 0
1917 2.3797695261e-01 2.3552509100e-01 2.3552509100e-01 2.4156772235e-01 2.3809552674e-01 2.4998401820e-01 2.5671043533e-01 2.5671043533e-01 2.5408020405e-01 2.5557042446e-01 4.7161882281e-05 5.2938201407e-05 5.1498367611e-05 4.1401816444e-05 4.3163945520e-05 4.2397186917e-05 0 0
1918 2.3739258549e-01 2.3809503095e-01 2.3809503095e-01 2.3685016490e-01 2.4011801600e-01 2.4984669806e-01 2.5658784971e-01 2.5658784971e-01 2.5395429851e-01 2.5544389655e-01 4.7474586985e-05 5.6134016631e-05 5.0610482504e-05 4.1384245440e-05 4.4057760533e-05 4.1980794776e-05 0 0
1919 2.3806589950e-01 2.3751568931e-01 2.3751568931e-01 2.3891604400e-01 2.3782455834e-01 2.4970979904e-01 2.5646172273e-01 2.5646172273e-01 2.5382867869e-01 2.5532121618e-01 4.6644631444e-05 5.6572636822e-05 5.5569244068e-05 4.0843344978e-05 4.4067073759e-05 4.3400857976e-05 0 0
1920 2.3792311128e-01 2.3486667559e-01 2.3486667559e-01 2.4100046493e-01 2.3744410277e-01 2.4957331927e-01 2.5633766580e-01 2.5633766580e-01 2.5370176304e-01 2.5520378152e-01 4.7507284192e-05 5.6166636568e-05 6.1636601458e-05 4.0956025139e-05 4.4201999117e-05 4.4799591706e-05 0 0
1921 2.3772526785e-01 2.3511532843e-01 2.3511532843e-01 2.4001879731e-01 2.3943103047e-01 2.4943637521e-01 2.5621966989e-01 2.5621966989e-01 2.5357278246e-01 2.5508160524e-01 4.7976874215e-05 5.3565056078e-05 5.9030564444e-05 4.1151819849e-05 4.3602645746e-05 4.4608772441e-05 0 0
1922 2.3691761323e-01 2.3708092772e-01 2.3708092772e-01 2.3849033930e-01 2.4069380345e-01 2.4930118187e-01 2.5609885083e-01 2.5609885083e-01 2.5344645524e-01 2.5495263837e-01 5.0251089608e-05 5.3169696912e-05 5.1365646868e-05 4.1908670835e-05 4.2901898269e-05 4.2508003389e-05 0 0
1923 2.3643608777e-01 2.3838362293e-01 2.3838362293e-01 2.4016970737e-01 2.4087169282e-01 2.4916817559e-01 2.5597275251e-01 2.5597275251e-01 2.5332236059e-01 2.5482030590e-01 5.3467274864e-05 5.7114209994e-05 4.7629051551e-05 4.2909912784e-05 4.3853857278e-05 4.1329773012e-05 0 0
1924 2.3588579203e-01 2.3721526859e-01 2.3721526859e-01 2.4004859933e-01 2.3937857655e-01 2.4903267885e-01 2.5584346250e-01 2.5584346250e-01 2.5319779354e-01 2.5468871610e-01 5.2747397076e-05 6.1896294937e-05 4.7664079830e-05 4.2926322160e-05 4.5606237109e-05 4.1298802898e-05 0 0
1925 2.3721190043e-01 2.3567260910e-01 2.3567260910e-01 2.3909230639e-01 2.3913591160e-01 2.4889638621e-01 2.5571607038e-01 2.5571607038e-01 2.5306975357e-01 2.5456315777e-01 5.0599486118e-05 5.8990479374e-05 5.1138436902e-05 4.2048316485e-05 4.5173539547e-05 4.1850968046e-05 0 0
1926 2.3631441662e-01 2.3571295316e-01 2.3571295316e-01 2.3936001872e-01 2.3776718388e-01 2.4875887861e-01 2.5559426179e-01 2.5559426179e-01 2.5293863951e-01 2.5444466180e-01 4.7666861284e-05 5.2317513109e-05 6.1780428950e-05 4.0970076608e-05 4.3133026338e-05 4.4573487685e-05 0 0
1927 2.3818553118e-01 2.3558243630e-01 2.3558243630e-01 2.4001858487e-01 2.3949990967e-01 2.4862342812e-01 2.5547315510e-01 2.5547315510e-01 2.5280602756e-01 2.5432235714e-01 4.6158778498e-05 5.0153568736e-05 6.3295345171e-05 4.0037827629e-05 4.2429393943e-05 4.5626038627e-05 0 0
1928 2.3729086163e-01 2.3688582357e-01 2.3688582357e-01 2.3638323563e-01 2.4052276011e-01 2.4848925761e-01 2.5534804482e-01 2.5534804482e-01 2.5267076738e-01 2.5419148986e-01 4.9403507421e-05 4.9694541303e-05 5.2921501265e-05 4.1157124504e-05 4.2506779209e-05 4.3037578507e-05 0 0
1929 2.3751132009e-01 2.3519490992e-01 2.3519490992e-01 2.3757825397e-01 2.4073700736e-01 2.4836093369e-01 2.5521856733e-01 2.5521856733e-01 2.5253630472e-01 2.5405766852e-01 5.7560429538e-05 4.9894750191e-05 4.7362918849e-05 4.3290939260e-05 4.2393890908e-05 4.1238812628e-05 0 0
1930 2.3841078246e-01 2.3464817181e-01 2.3464817181e-01 2.3768779751e-01 2.3886381718e-01 2.4823044892e-01 2.5508957848e-01 2.5508957848e-01 2.5240251132e-01 2.5392511716e-01 6.3006132388e-05 5.0100297813e-05 4.6690680392e-05 4.5565403881e-05 4.2421406761e-05 4.0827068005e-05 0 0
1931 2.3851371605e-01 2.3322974777e-01 2.3322974777e-01 2.3879328026e-01 2.3865317804e-01 2.4809334006e-01 2.5496494343e-01 2.5496494343e-01 2.5226762580e-01 2.5379414681e-01 5.5630169245e-05 4.9153324653e-05 4.6938665037e-05 4.3903899047e-05 4.2193238187e-05 4.0577635446e-05 0 0
1932 2.3911599938e-01 2.3525830554e-01 2.3525830554e-01 2.3938314016e-01 2.3761987261e-01 2.4795418340e-01 2.5484365138e-01 2.5484365138e-01 2.5213264294e-01 2.5366589877e-01 4.8126043697e-05 4.8902804338e-05 5.2690380471e-05 4.1198354924e-05 4.1959898226e-05 4.2328258132e-05 0 0
1933 2.3893673660e-01 2.3583666087e-01 2.3583666087e-01 2.3725943664e-01 2.3704188320e-01 2.4781337241e-01 2.5471887286e-01 2.5471887286e-01 2.5199836718e-01 2.5354169063e-01 4.5397748321e-05 4.9278800361e-05 6.0909762396e-05 4.0201059284e-05 4.1864432205e-05 4.4686268666e-05 0 0
1934 2.3811955163e-01 2.3529871272e-01 2.3529871272e-01 2.3529129226e-01 2.3884302892e-01 2.4767156574e-01 2.5459025374e-01 2.5459025374e-01 2.5186665430e-01 2.5341486924e-01 4.5375261600e-05 4.9915281124e-05 5.8715562773e-05 4.0181315285e-05 4.1734938350e-05 4.4396048906e-05 0 0
1935 2.3940961813e-01 2.3404319642e-01 2.3404319642e-01 2.3429208918e-01 2.4095238118e-01 2.4753043525e-01 2.5445951288e-01 2.5445951288e-01 2.5173728461e-01 2.5328318887e-01 4.6730157978e-05 5.1191767852e-05 5.1308399634e-05 4.0600008920e-05 4.1964380216e-05 4.2385243432e-05 0 0
1936 2.3525355076e-01 2.3492185850e-01 2.3492185850e-01 2.3626909327e-01 2.3960461783e-01 2.4739524601e-01 2.5432694766e-01 2.5432694766e-01 2.5160785476e-01 2.5315013552e-01 5.2368549434e-05 5.2636241890e-05 4.9724112614e-05 4.2137487872e-05 4.2513325752e-05 4.1893317757e-05 0 0
1937 2.3525092150e-01 2.3619637088e-01 2.3619637088e-01 2.3747571230e-01 2.3699874740e-01 2.4726425180e-01 2.5419262361e-01 2.5419262361e-01 2.5147554205e-01 2.5302189493e-01 5.6246533769e-05 5.2164285080e-05 5.3794356063e-05 4.3083858194e-05 4.2598996515e-05 4.2612349716e-05 0 0
1938 2.3585014535e-01 2.3677087720e-01 2.3677087720e-01 2.3930076097e-01 2.3628193230e-01 2.4713200554e-01 2.5405789184e-01 2.5405789184e-01 2.5134242518e-01 2.5289848600e-01 5.5745997179e-05 5.2178926126e-05 6.2039103796e-05 4.3076541736e-05 4.2599960580e-05 4.4791948312e-05 0 0
1939 2.3474650444e-01 2.3628242303e-01 2.3628242303e-01 2.3631729838e-01 2.3889152847e-01 2.4699546807e-01 2.5392332901e-01 2.5392332901e-01 2.5121170945e-01 2.5277048851e-01 5.0153286059e-05 5.4461996115e-05 5.8982370319e-05 4.1395715984e-05 4.3181977162e-05 4.4499658543e-05 0 0
1940 2.3436996416e-01 2.3639827664e-01 2.3639827664e-01 2.3494343173e-01 2.3780159768e-01 2.4685786411e-01 2.5379178775e-01 2.5379178775e-01 2.5108590232e-01 2.5263761698e-01 4.5720520185e-05 5.7304929214e-05 5.1766584875e-05 3.9609049134e-05 4.3565760279e-05 4.2506071622e-05 0 0
1941 2.3457581041e-01 2.3374791496e-01 2.3374791496e-01 2.3540034718e-01 2.3698759184e-01 2.4672124624e-01 2.5366600238e-01 2.5366600238e-01 2.5095999625e-01 2.5250456611e-01 4.4113263155e-05 5.8227806221e-05 4.8610430895e-05 3.8816645213e-05 4.3902056859e-05 4.1124871132e-05 0 0
1942 2.3284043409e-01 2.3314525327e-01 2.3314525327e-01 2.3518731492e-01 2.3324996424e-01 2.4658683980e-01 2.5354391214e-01 2.5354391214e-01 2.5082971044e-01 2.5237527519e-01 4.4898637206e-05 5.2858316849e-05 5.0773553085e-05 3.8865359916e-05 4.2367655624e-05 4.1280080040e-05 0 0
1943 2.3008379581e-01 2.3386135242e-01 2.3386135242e-01 2.3690238749e-01 2.3215222444e-01 2.4645843975e-01 2.5341817041e-01 2.5341817041e-01 2.5069610337e-01 2.5224940638e-01 5.0503434293e-05 4.8808002248e-05 5.5396556490e-05 4.0159787587e-05 4.1073792090e-05 4.2493556975e-05 0 0
1944 2.2937370039e-01 2.3366011630e-01 2.3366011630e-01 2.3667317808e-01 2.3721027458e-01 2.4633329128e-01 2.5328760801e-01 2.5328760801e-01 2.5056149157e-01 2.5212265345e-01 5.6968175233e-05 4.9584106819e-05 5.5886968767e-05 4.1928856531e-05 4.1553021219e-05 4.2883384594e-05 0 0
1945 2.3048634606e-01 2.3323733464e-01 2.3323733464e-01 2.3604938427e-01 2.3721933203e-01 2.4620327236e-01 2.5315632295e-01 2.5315632295e-01 2.5042779453e-01 2.5199171718e-01 5.3792789934e-05 5.1891305702e-05 5.2964391216e-05 4.1446362763e-05 4.2402198233e-05 4.2438648961e-05 0 0
1946 2.3251370122e-01 2.3205609750e-01 2.3205609750e-01 2.3597427845e-01 2.3666750563e-01 2.4606885704e-01 2.5302568124e-01 2.5302568124e-01 2.5029750165e-01 2.5185751134e-01 4.6416416314e-05 5.6221932027e-05 4.9596737881e-05 3.9179889827e-05 4.3501062464e-05 4.1441293433e-05 0 0
1947 2.3110148472e-01 2.3401447224e-01 2.3401447224e-01 2.3498732628e-01 2.3476701972e-01 2.4593202451e-01 2.5289672496e-01 2.5289672496e-01 2.5016540326e-01 2.5172546456e-01 4.4331122963e-05 5.5477417845e-05 5.1402283134e-05 3.8622069411e-05 4.3373436711e-05 4.1698047426e-05 0 0
1948 2.2870924713e-01 2.3288325188e-01 2.3288325188e-01 2.3476987199e-01 2.3198221801e-01 2.4579792648e-01 2.5276830416e-01 2.5276830416e-01 2.5003369470e-01 2.5159600217e-01 4.5021533041e-05 5.3175734138e-05 5.4342699514e-05 3.8373354506e-05 4.2337429477e-05 4.2453466449e-05 0 0
1949 2.2581769212e-01 2.3241573614e-01 2.3241573614e-01 2.3452195388e-01 2.3432748134e-01 2.4566847794e-01 2.5264006964e-01 2.5264006964e-01 2.4990280557e-01 2.5146762930e-01 4.8485415487e-05 5.3214895161e-05 5.3189854953e-05 3.8983800923e-05 4.2267669414e-05 4.1926597987e-05 0 0
1950 2.2707816630e-01 2.3099332851e-01 2.3099332851e-01 2.3565755833e-01 2.3419216793e-01 2.4554173275e-01 2.5251454169e-01 2.5251454169e-01 2.4977216399e-01 2.5133713624e-01 5.2384301250e-05 5.4670977988e-05 5.0239279517e-05 4.0139013167e-05 4.2833969928e-05 4.1087167119e-05 0 0
1951 2.2771843626e-01 2.2994845870e-01 2.2994845870e-01 2.3631655945e-01 2.3425773926e-01 2.4541300739e-01 2.5238765650e-01 2.5238765650e-01 2.4964015657e-01 2.5120308897e-01 5.1357541629e-05 5.5707014326e-05 4.6983737775e-05 4.0218226288e-05 4.3385838580e-05 4.0095577788e-05 0 0
1952 2.3110690268e-01 2.3214972615e-01 2.3214972615e-01 2.3436224525e-01 2.3489629371e-01 2.4527960307e-01 2.5225868885e-01 2.5225868885e-01 2.4950792827e-01 2.5106855220e-01 4.4841929107e-05 5.4774698583e-05 4.7973255278e-05 3.8326202483e-05 4.2940022468e-05 4.0404434912e-05 0 0
1953 2.2961419482e-01 2.3419595078e-01 2.3419595078e-01 2.3398145079e-01 2.3394408548e-01 2.4514389865e-01 2.5212773581e-01 2.5212773581e-01 2.4937536751e-01 2.5093572899e-01 4.3653140944e-05 5.2665813200e-05 5.2678018619e-05 3.8013474571e-05 4.2146002670e-05 4.2048024625e-05 0 0
1954 2.2969134833e-01 2.3450490213e-01 2.3450490213e-01 2.3223259977e-01 2.3439236517e-01 2.4500913380e-01 2.5199767792e-01 2.5199767792e-01 2.4924836925e-01 2.5080577676e-01 4.2906133580e-05 5.5256283304e-05 5.6486540416e-05 3.7424228815e-05 4.2354144171e-05 4.3139965783e-05 0 0
1955 2.2846649478e-01 2.3303601525e-01 2.3303601525e-01 2.3194426763e-01 2.3516133345e-01 2.4487951052e-01 2.5187157874e-01 2.5187157874e-01 2.4912428186e-01 2.5067457379e-01 4.6844177256e-05 5.6804559790e-05 5.4369736972e-05 3.8402320808e-05 4.2505964302e-05 4.2519966883e-05 0 0
1956 2.2603466347e-01 2.3180789151e-01 2.3180789151e-01 2.3062744678e-01 2.3497767646e-01 2.4475926246e-01 2.5174293221e-01 2.5174293221e-01 2.4899978279e-01 2.5054291832e-01 5.6310450542e-05 5.7344293964e-05 5.1779583373e-05 4.0675875386e-05 4.2692234274e-05 4.1436933316e-05 0 0
1957 2.2652806750e-01 2.3295238600e-01 2.3295238600e-01 2.3048825606e-01 2.3358579422e-01 2.4463610692e-01 2.5161051914e-01 2.5161051914e-01 2.4887167880e-01 2.5041378321e-01 5.7695635206e-05 5.2008055718e-05 5.3610880059e-05 4.1669141391e-05 4.1075938498e-05 4.1652132495e-05 0 0
1958 2.2737494364e-01 2.3350080536e-01 2.3350080536e-01 2.2902827550e-01 2.3454995182e-01 2.4450710957e-01 2.5147576239e-01 2.5147576239e-01 2.4873924357e-01 2.5028689045e-01 4.8481161817e-05 4.7501669542e-05 5.8665553297e-05 3.8933525847e-05 3.9827429646e-05 4.3212114178e-05 0 0
1959 2.2398765967e-01 2.3324230191e-01 2.3324230191e-01 2.2922496862e-01 2.3561882637e-01 2.4437677783e-01 2.5134242032e-01 2.5134242032e-01 2.4860693341e-01 2.5015561445e-01 4.4390277442e-05 4.6442841267e-05 5.6715958635e-05 3.7319317357e-05 3.9391838072e-05 4.3285019274e-05 0 0
1960 2.2142602170e-01 2.3292055247e-01 2.3292055247e-01 2.2933800977e-01 2.3468903325e-01 2.4425283822e-01 2.5121497798e-01 2.5121497798e-01 2.4847635867e-01 2.5002067738e-01 4.5367562597e-05 4.6411805670e-05 5.1228371376e-05 3.6839810502e-05 3.9115942855e-05 4.1687429984e-05 0 0
1961 2.1859445691e-01 2.3178035291e-01 2.3178035291e-01 2.2898244045e-01 2.3434589821e-01 2.4413120935e-01 2.5109069025e-01 2.5109069025e-01 2.4834944685e-01 2.4988672466e-01 4.8182692122e-05 4.9374730224e-05 4.8569421779e-05 3.7696008644e-05 3.9636215661e-05 4.0330196498e-05 0 0
1962 2.2202080933e-01 2.3264792213e-01 2.3264792213e-01 2.2815066930e-01 2.2991683813e-01 2.4400977063e-01 2.5096153394e-01 2.5096153394e-01 2.4822331150e-01 2.4975852390e-01 4.8861411526e-05 5.2927638535e-05 5.2366538512e-05 3.7851397977e-05 4.0736478695e-05 4.0917941078e-05 0 0
1963 2.2576209331e-01 2.3001951951e-01 2.3001951951e-01 2.2904032090e-01 2.2886411675e-01 2.4388099540e-01 2.5082818428e-01 2.5082818428e-01 2.4809631768e-01 2.4963459137e-01 4.5484695926e-05 5.2858908020e-05 5.7138489865e-05 3.7380573884e-05 4.0781160351e-05 4.2088957343e-05 0 0
1964 2.2830444565e-01 2.2885848676e-01 2.2885848676e-01 2.2929089322e-01 2.2987703763e-01 2.4374697488e-01 2.5069620709e-01 2.5069620709e-01 2.4796855159e-01 2.4950890494e-01 4.2950860635e-05 5.1441393225e-05 5.4303045545e-05 3.6916136822e-05 4.0406330299e-05 4.1384535507e-05 0 0
1965 2.2544748915e-01 2.2715878943e-01 2.2715878943e-01 2.2875409643e-01 2.3202900480e-01 2.4361466288e-01 2.5056834401e-01 2.5056834401e-01 2.4784178246e-01 2.4937897311e-01 4.4112586266e-05 4.8770201829e-05 4.8344661991e-05 3.7260223858e-05 3.9226710214e-05 3.9631124309e-05 0 0
1966 2.2281267310e-01 2.2666229319e-01 2.2666229319e-01 2.2697105444e-01 2.2887455128e-01 2.4348931167e-01 2.5044433457e-01 2.5044433457e-01 2.4771867512e-01 2.4924653689e-01 4.7885744198e-05 5.1738192269e-05 4.5455395593e-05 3.7920474731e-05 3.9745709728e-05 3.8619762563e-05 0 0
1967 2.2427235252e-01 2.2722550099e-01 2.2722550099e-01 2.2753289321e-01 2.3000351472e-01 2.4336614325e-01 2.5032241140e-01 2.5032241140e-01 2.4759532367e-01 2.4911421139e-01 5.3216253959e-05 5.4500836995e-05 4.4773783884e-05 3.9576827287e-05 4.0749016989e-05 3.8198950278e-05 0 0
1968 2.2351165046e-01 2.2810806708e-01 2.2810806708e-01 2.2749220996e-01 2.2493451572e-01 2.4323870205e-01 2.5019734827e-01 2.5019734827e-01 2.4746939958e-01 2.4898753899e-01 5.0698383426e-05 5.3709383792e-05 5.0364247727e-05 3.9077418135e-05 4.0900540625e-05 3.9654998545e-05 0 0
1969 2.2546415926e-01 2.2622379109e-01 2.2622379109e-01 2.2885795774e-01 2.2646128515e-01 2.4310598132e-01 2.5006991779e-01 2.5006991779e-01 2.4734054774e-01 2.4886269189e-01 4.3678236270e-05 4.7691382861e-05 5.1383496611e-05 3.6860547527e-05 3.9115633626e-05 3.9781032683e-05 0 0
1970 2.2530094275e-01 2.2491036855e-01 2.2491036855e-01 2.2856328031e-01 2.2871704985e-01 2.4297294683e-01 2.4994595745e-01 2.4994595745e-01 2.4721257215e-01 2.4873473710e-01 4.1250783260e-05 4.6649447540e-05 5.0209069741e-05 3.5951082052e-05 3.8607655370e-05 3.9714828745e-05 0 0
1971 2.2438964641e-01 2.2428130364e-01 2.2428130364e-01 2.2697417700e-01 2.2897184611e-01 2.4284290458e-01 2.4982154485e-01 2.4982154485e-01 2.4708829502e-01 2.4860375370e-01 4.0846676510e-05 5.0305989134e-05 4.6998153266e-05 3.5543147356e-05 3.9383352487e-05 3.8710328226e-05 0 0
1972 2.2211656553e-01 2.2580369125e-01 2.2580369125e-01 2.2612474034e-01 2.2674274777e-01 2.4271698743e-01 2.4969627735e-01 2.4969627735e-01 2.4696607433e-01 2.4847452534e-01 4.4988961790e-05 5.3823137932e-05 4.7194087529e-05 3.6692519655e-05 4.0233398977e-05 3.8452390072e-05 0 0
1973 2.2103898985e-01 2.2445689291e-01 2.2445689291e-01 2.2569301776e-01 2.2508348516e-01 2.4259529163e-01 2.4956929009e-01 2.4956929009e-01 2.4684076281e-01 2.4835282825e-01 5.1239089874e-05 5.2630495702e-05 5.2746254369e-05 3.8291147757e-05 4.0262657421e-05 3.9505874156e-05 0 0
1974 2.2465264846e-01 2.2291790495e-01 2.2291790495e-01 2.2424725491e-01 2.2574996765e-01 2.4247013436e-01 2.4944217946e-01 2.4944217946e-01 2.4671541572e-01 2.4823228267e-01 5.4149130289e-05 4.7591538532e-05 5.5859904023e-05 3.9742141313e-05 3.8405014493e-05 4.0538616304e-05 0 0
1975 2.2594498377e-01 2.2213294623e-01 2.2213294623e-01 2.2247763003e-01 2.2802586116e-01 2.4233698538e-01 2.4931689408e-01 2.4931689408e-01 2.4659333478e-01 2.4810642989e-01 4.6664005261e-05 4.6469682275e-05 5.0994911362e-05 3.8049747607e-05 3.7496802179e-05 3.9562703023e-05 0 0
1976 2.2602884313e-01 2.2318964362e-01 2.2318964362e-01 2.1938275354e-01 2.2673374520e-01 2.4220101678e-01 2.4919339834e-01 2.4919339834e-01 2.4647455758e-01 2.4797586399e-01 4.2035907024e-05 4.9670721637e-05 4.6479370212e-05 3.6600809129e-05 3.8099191443e-05 3.8391332055e-05 0 0
1977 2.2687738968e-01 2.2425564818e-01 2.2425564818e-01 2.2058112330e-01 2.2537051583e-01 2.4206552642e-01 2.4906980319e-01 2.4906980319e-01 2.4635473237e-01 2.4784634839e-01 4.1376140275e-05 5.0182223276e-05 4.5582488383e-05 3.6249760435e-05 3.8274527469e-05 3.7851035813e-05 0 0
1978 2.2605422714e-01 2.2332470087e-01 2.2332470087e-01 2.2434426916e-01 2.2505144899e-01 2.4193403707e-01 2.4894605735e-01 2.4894605735e-01 2.4622954751e-01 2.4772153210e-01 4.5626523254e-05 4.5619030061e-05 4.8485937441e-05 3.7366445149e-05 3.7244893974e-05 3.8404630686e-05 0 0
1979 2.2596101763e-01 2.2294937882e-01 2.2294937882e-01 2.2526851632e-01 2.2369959201e-01 2.4180796715e-01 2.4882119876e-01 2.4882119876e-01 2.4610053700e-01 2.4759836830e-01 5.4450801957e-05 4.2899317123e-05 5.1568495110e-05 3.9879675998e-05 3.6739613279e-05 3.9390934035e-05 0 0
1980 2.2667836778e-01 2.2297670493e-01 2.2297670493e-01 2.2724376086e-01 2.2445547284e-01 2.4168075687e-01 2.4869624379e-01 2.4869624379e-01 2.4597234055e-01 2.4747362286e-01 5.7322321919e-05 4.3286427172e-05 5.0402446504e-05 4.1142191940e-05 3.6780358641e-05 3.9100981667e-05 0 0
1981 2.2608259187e-01 2.2135433403e-01 2.2135433403e-01 2.2441113888e-01 2.2341584317e-01 2.4154818368e-01 2.4857174066e-01 2.4857174066e-01 2.4584603670e-01 2.4734672878e-01 4.9211161127e-05 4.8448722737e-05 4.7225857998e-05 3.8996760396e-05 3.8461161239e-05 3.8014728489e-05 0 0
1982 2.2462001299e-01 2.2132974471e-01 2.2132974471e-01 2.2273929934e-01 2.1887214371e-01 2.4141346578e-01 2.4844734878e-01 2.4844734878e-01 2.4572250315e-01 2.4721924972e-01 4.4056364600e-05 5.2159593906e-05 4.5335955292e-05 3.7156286055e-05 3.9325257603e-05 3.7279665776e-05 0 0
1983 2.2407633947e-01 2.1929205424e-01 2.1929205424e-01 2.2392492082e-01 2.1919166520e-01 2.4127906964e-01 2.4832516631e-01 2.4832516631e-01 2.4559811011e-01 2.4709830398e-01 4.4097048224e-05 5.1327888286e-05 4.6607841796e-05 3.6964269365e-05 3.9178929001e-05 3.6902763895e-05 0 0
1984 2.2295265607e-01 2.1668975349e-01 2.1668975349e-01 2.2576779821e-01 2.1933361096e-01 2.4114666499e-01 2.4820755496e-01 2.4820755496e-01 2.4547149186e-01 2.4697933518e-01 4.8366221336e-05 4.6285173084e-05 4.8277905080e-05 3.8313975013e-05 3.7665970012e-05 3.7301284465e-05 0 0
1985 2.2538392676e-01 2.1811799303e-01 2.1811799303e-01 2.2338793708e-01 2.2027055264e-01 2.4101495024e-01 2.4809053641e-01 2.4809053641e-01 2.4534360284e-01 2.4685950951e-01 5.1036503945e-05 4.4150887334e-05 4.7882236686e-05 3.9288388135e-05 3.6970532165e-05 3.7169023926e-05 0 0
1986 2.2445183935e-01 2.1842627754e-01 2.1842627754e-01 2.2101936323e-01 2.1972709656e-01 2.4088380404e-01 2.4797338877e-01 2.4797338877e-01 2.4521772245e-01 2.4673689817e-01 5.1260807694e-05 4.3800508138e-05 4.6655744882e-05 3.9362209068e-05 3.6344130422e-05 3.6917890611e-05 0 0
1987 2.2203121282e-01 2.1856605084e-01 2.1856605084e-01 2.2067021023e-01 2.2120064280e-01 2.4075406457e-01 2.4785317095e-01 2.4785317095e-01 2.4509199928e-01 2.4661117844e-01 4.9523687233e-05 4.6052309699e-05 4.5473880164e-05 3.8437060991e-05 3.7105233787e-05 3.6818029912e-05 0 0
1988 2.1991151599e-01 2.1991971321e-01 2.1991971321e-01 2.2089105386e-01 2.2068728015e-01 2.4062406950e-01 2.4773059776e-01 2.4773059776e-01 2.4496828389e-01 2.4648513496e-01 4.9318467938e-05 4.8653819249e-05 4.7430761697e-05 3.8239462909e-05 3.7908495869e-05 3.7713081838e-05 0 0
1989 2.2142202569e-01 2.1981780807e-01 2.1981780807e-01 2.2346675738e-01 2.2335962200e-01 2.4049013905e-01 2.4760510467e-01 2.4760510467e-01 2.4484176283e-01 2.4635834770e-01 4.7641928103e-05 4.6369725169e-05 4.6790546548e-05 3.8032629946e-05 3.7584779420e-05 3.7611973312e-05 0 0
1990 2.2432963915e-01 2.2193726519e-01 2.2193726519e-01 2.2584910854e-01 2.2232247838e-01 2.4035410303e-01 2.4747987440e-01 2.4747987440e-01 2.4471450154e-01 2.4623224668e-01 4.3922731909e-05 4.5085855163e-05 4.7684510719e-05 3.6821003104e-05 3.7151841752e-05 3.7763242290e-05 0 0
1991 2.2553499723e-01 2.2152822420e-01 2.2152822420e-01 2.2483786281e-01 2.2035520694e-01 2.4021440585e-01 2.4735566543e-01 2.4735566543e-01 2.4458830403e-01 2.4610794303e-01 4.1405477766e-05 4.8125744797e-05 4.8853691624e-05 3.6298437134e-05 3.7989457269e-05 3.7800862629e-05 0 0
1992 2.2852479355e-01 2.1876905563e-01 2.1876905563e-01 2.2372175201e-01 2.2014201201e-01 2.4007312026e-01 2.4723440521e-01 2.4723440521e-01 2.4446521724e-01 2.4598627088e-01 4.0490173555e-05 5.3931555158e-05 5.0015740271e-05 3.6085045045e-05 3.9514377931e-05 3.7822075683e-05 0 0
1993 2.2551562310e-01 2.1840419855e-01 2.1840419855e-01 2.2588852719e-01 2.2030216059e-01 2.3993177016e-01 2.4711438913e-01 2.4711438913e-01 2.4433812659e-01 2.4586287002e-01 4.1717394340e-05 5.3442108765e-05 4.9307202062e-05 3.6540293127e-05 3.9982125600e-05 3.7926203731e-05 0 0
1994 2.2632189499e-01 2.1964766887e-01 2.1964766887e-01 2.2748306101e-01 2.1943344274e-01 2.3979129320e-01 2.4699183039e-01 2.4699183039e-01 2.4420720793e-01 2.4573906133e-01 4.1706498225e-05 4.7530525990e-05 4.6124838263e-05 3.6346324661e-05 3.8440906792e-05 3.6790319427e-05 0 0
1995 2.2269763290e-01 2.1862968474e-01 2.1862968474e-01 2.2818586712e-01 2.1769502216e-01 2.3965195914e-01 2.4686934563e-01 2.4686934563e-01 2.4407385273e-01 2.4561435036e-01 4.4137000498e-05 4.4111655370e-05 4.4877691835e-05 3.7219881665e-05 3.7454314224e-05 3.6291701690e-05 0 0
1996 2.2269778240e-01 2.1755633630e-01 2.1755633630e-01 2.2410206413e-01 2.1937444766e-01 2.3951747278e-01 2.4674481667e-01 2.4674481667e-01 2.4394311513e-01 2.4548906302e-01 4.7765447639e-05 4.7038527555e-05 4.5876573495e-05 3.8024766309e-05 3.8158081225e-05 3.6613351767e-05 0 0
1997 2.2153262317e-01 2.1752790115e-01 2.1752790115e-01 2.2429293234e-01 2.2018906026e-01 2.3938256092e-01 2.4662001718e-01 2.4662001718e-01 2.4381574328e-01 2.4536368991e-01 4.9761771230e-05 5.0144735724e-05 4.7750587328e-05 3.8830426689e-05 3.8708501961e-05 3.7367533878e-05 0 0
1998 2.2287921420e-01 2.1830200404e-01 2.1830200404e-01 2.2328984831e-01 2.2114627790e-01 2.3924601993e-01 2.4649676037e-01 2.4649676037e-01 2.4368874977e-01 2.4523880708e-01 4.4839046773e-05 5.2498588047e-05 4.7508585340e-05 3.7041022468e-05 3.9516240577e-05 3.7333464206e-05 0 0
1999 2.2444311961e-01 2.1977863119e-01 2.1977863119e-01 2.2730164769e-01 2.2118372830e-01 2.3910788840e-01 2.4637601462e-01 2.4637601462e-01 2.4355653102e-01 2.4511073730e-01 4.1907251683e-05 4.6162862418e-05 4.5858538215e-05 3.6008921722e-05 3.7894773413e-05 3.7180780055e-05 0 0
conv_iter_double=-1
conv_iter_p32q=-1
conv_iter_p32n=-1
conv_iter_p32q_loose_1e-6=1185
conv_iter_p32n_loose_1e-6=1181
