matrix=riscv-lab-transfer/s3dkq4m2.mtx n=90449 seed=2
iter res_d res_f res_ffma res_p32q res_p32n solerr_d solerr_f solerr_ffma solerr_p32q solerr_p32n pAp_d pAp_p32q pAp_p32n rz_d rz_p32q rz_p32n guard_p32q guard_p32n
0 1.5317498241e+05 1.5317245831e+05 1.5317245831e+05 1.5317498532e+05 1.5313123135e+05 3.0165860697e+01 3.0164855433e+01 3.0164855433e+01 3.0165855791e+01 3.0160494596e+01 2.3070935477e+08 2.3070937600e+08 2.3065408000e+08 1.0869325584e+08 1.0869324800e+08 1.0864787200e+08 0 0
1 7.2398554987e+04 7.2395083148e+04 7.2395083148e+04 7.2398569710e+04 7.2374294663e+04 3.4524982114e+01 3.4524203156e+01 3.4524203156e+01 3.4524979384e+01 3.4523850837e+01 3.3159361429e+07 3.3159352000e+07 3.3143120000e+07 1.6689839485e+07 1.6689834000e+07 1.6682170000e+07 0 0
2 3.7645914087e+04 3.7643392833e+04 3.7643392833e+04 3.7645915794e+04 3.7636924848e+04 4.6359511242e+01 4.6358090988e+01 4.6358090988e+01 4.6359509592e+01 4.6357735807e+01 6.8091459032e+06 6.8091430000e+06 6.8069300000e+06 4.0850179577e+06 4.0850165000e+06 4.0834545000e+06 0 0
3 2.3506603202e+04 2.3504413883e+04 2.3504413883e+04 2.3506597542e+04 2.3501423957e+04 4.9872064124e+01 4.9871264292e+01 4.9871264292e+01 4.9872063873e+01 4.9872102297e+01 1.8591596898e+06 1.8591592500e+06 1.8583465000e+06 1.0921398542e+06 1.0921395000e+06 1.0916332500e+06 0 0
4 1.7374662078e+04 1.7372781470e+04 1.7372781470e+04 1.7374659248e+04 1.7371535338e+04 4.7815180571e+01 4.7815295777e+01 4.7815295777e+01 4.7815181211e+01 4.7816219672e+01 5.4966140853e+05 5.4966118750e+05 5.4940306250e+05 4.3197857834e+05 4.3197837500e+05 4.3176743750e+05 0 0
5 1.3035138758e+04 1.3033398943e+04 1.3033398943e+04 1.3035135289e+04 1.3032073665e+04 4.5230025237e+01 4.5230350278e+01 4.5230350278e+01 4.5230025279e+01 4.5230380648e+01 3.5485590376e+05 3.5485568750e+05 3.5467693750e+05 2.5627988616e+05 2.5627973438e+05 2.5614496875e+05 0 0
6 1.0375226210e+04 1.0373577975e+04 1.0373577975e+04 1.0375224335e+04 1.0372549928e+04 4.3583878225e+01 4.3584024546e+01 4.3584024546e+01 4.3583877656e+01 4.3583764248e+01 1.9253612586e+05 1.9253601562e+05 1.9243103125e+05 1.4721033119e+05 1.4721025000e+05 1.4712570312e+05 0 0
7 8.9356383821e+03 8.9340758895e+03 8.9340758895e+03 8.9356365190e+03 8.9331812922e+03 4.2401177210e+01 4.2401168685e+01 4.2401168685e+01 4.2401176838e+01 4.2401285845e+01 1.2003517146e+05 1.2003510938e+05 1.1996285156e+05 9.5030943698e+04 9.5030890625e+04 9.4971632812e+04 0 0
8 7.4072910235e+03 7.4057113095e+03 7.4057113095e+03 7.4072893828e+03 7.4051992546e+03 4.1216102059e+01 4.1216027874e+01 4.1216027874e+01 4.1216101983e+01 4.1216347429e+01 8.5645578797e+04 8.5645523438e+04 8.5590257812e+04 7.0175835239e+04 7.0175789062e+04 7.0129437500e+04 0 0
9 6.2599331647e+03 6.2583061606e+03 6.2583061606e+03 6.2599309900e+03 6.2579025240e+03 3.9775750863e+01 3.9775725125e+01 3.9775725125e+01 3.9775750722e+01 3.9775872556e+01 6.1829401940e+04 6.1829361328e+04 6.1787710938e+04 4.8787402109e+04 4.8787371094e+04 4.8753896484e+04 0 0
10 5.4301343586e+03 5.4285290825e+03 5.4285290825e+03 5.4301329634e+03 5.4283898165e+03 3.7899418517e+01 3.7899549361e+01 3.7899549361e+01 3.7899418135e+01 3.7899518049e+01 3.9448695325e+04 3.9448671875e+04 3.9421072266e+04 3.4082587386e+04 3.4082566406e+04 3.4058460938e+04 0 0
11 4.5908902098e+03 4.5893964745e+03 4.5893964745e+03 4.5908892385e+03 4.5893049583e+03 3.6281602726e+01 3.6281821974e+01 3.6281821974e+01 3.6281601980e+01 3.6281806947e+01 3.0823030245e+04 3.0823009766e+04 3.0800944336e+04 2.5241844154e+04 2.5241828125e+04 2.5223459961e+04 0 0
12 3.9049966710e+03 3.9036164002e+03 3.9036164002e+03 3.9049957746e+03 3.9037243755e+03 3.4954960198e+01 3.4955197976e+01 3.4955197976e+01 3.4954959028e+01 3.4955204228e+01 2.1031463637e+04 2.1031451172e+04 2.1015915039e+04 1.8091108080e+04 1.8091097656e+04 1.8077576172e+04 0 0
13 3.3172805636e+03 3.3160386005e+03 3.3160386005e+03 3.3172799098e+03 3.3161224344e+03 3.3813956193e+01 3.3814218002e+01 3.3814218002e+01 3.3813954700e+01 3.3814234628e+01 1.6161336747e+04 1.6161327637e+04 1.6149131348e+04 1.3317513713e+04 1.3317506348e+04 1.3307333496e+04 0 0
14 2.8393453511e+03 2.8382291134e+03 2.8382291134e+03 2.8393448188e+03 2.8384113514e+03 3.2521708640e+01 3.2522133638e+01 3.2522133638e+01 3.2521706950e+01 3.2522074016e+01 1.1250755157e+04 1.1250749512e+04 1.1242020508e+04 9.5044280335e+03 9.5044233398e+03 9.4969990234e+03 0 0
15 2.4489422597e+03 2.4478842906e+03 2.4478842906e+03 2.4489418123e+03 2.4481219332e+03 3.1099860448e+01 3.1100545037e+01 3.1100545037e+01 3.1099858593e+01 3.1100306078e+01 8.4535464296e+03 8.4535424805e+03 8.4468872070e+03 7.0996431450e+03 7.0996396484e+03 7.0940095215e+03 0 0
16 2.1365407398e+03 2.1355602309e+03 2.1355602309e+03 2.1365404279e+03 2.1357876767e+03 2.9768789396e+01 2.9769693985e+01 2.9769693985e+01 2.9768787191e+01 2.9769268162e+01 6.3392991402e+03 6.3392956543e+03 6.3342480469e+03 5.3433482553e+03 5.3433454590e+03 5.3390405273e+03 0 0
17 1.9154406521e+03 1.9145428305e+03 1.9145428305e+03 1.9154404193e+03 1.9147651292e+03 2.8576532835e+01 2.8577579345e+01 2.8577579345e+01 2.8576530131e+01 2.8577048678e+01 4.8296340066e+03 4.8296318359e+03 4.8257016602e+03 4.1228479602e+03 4.1228461914e+03 4.1194643555e+03 0 0
18 1.6949323669e+03 1.6940961454e+03 1.6940961454e+03 1.6949321520e+03 1.6943199226e+03 2.7455683437e+01 2.7456864254e+01 2.7456864254e+01 2.7455680207e+01 2.7456249688e+01 3.8687760633e+03 3.8687744751e+03 3.8655668945e+03 3.2560176611e+03 3.2560164185e+03 3.2533053589e+03 0 0
19 1.5511536239e+03 1.5503351251e+03 1.5503351251e+03 1.5511534418e+03 1.5505748934e+03 2.6285504539e+01 2.6286834144e+01 2.6286834144e+01 2.6285500765e+01 2.6286101130e+01 2.8711681413e+03 2.8711671753e+03 2.8687692871e+03 2.5390253937e+03 2.5390245972e+03 2.5368948364e+03 0 0
20 1.4047263632e+03 1.4039363857e+03 1.4039363857e+03 1.4047263079e+03 1.4042061814e+03 2.5081287489e+01 2.5082773601e+01 2.5082773601e+01 2.5081283154e+01 2.5081888479e+01 2.4640766926e+03 2.4640759277e+03 2.4619949341e+03 2.1619174770e+03 2.1619168701e+03 2.1600859375e+03 0 0
21 1.3011061770e+03 1.3003352933e+03 1.3003352933e+03 1.3011061640e+03 1.3006236965e+03 2.3938547064e+01 2.3940179399e+01 2.3940179399e+01 2.3938542143e+01 2.3939140292e+01 1.9547829490e+03 1.9547824707e+03 1.9531252747e+03 1.7490264957e+03 1.7490261230e+03 1.7475384521e+03 0 0
22 1.2053073685e+03 1.2045690619e+03 1.2045690619e+03 1.2053074297e+03 1.2048586017e+03 2.2881312747e+01 2.2883025726e+01 2.2883025726e+01 2.2881307186e+01 2.2881893298e+01 1.6486558562e+03 1.6486555786e+03 1.6472497559e+03 1.4916181146e+03 1.4916179199e+03 1.4903388977e+03 0 0
23 1.1152762771e+03 1.1145640403e+03 1.1145640403e+03 1.1152763111e+03 1.1148665839e+03 2.1940066835e+01 2.1941818690e+01 2.1941818690e+01 2.1940060650e+01 2.1940626052e+01 1.4346769643e+03 1.4346768188e+03 1.4334370728e+03 1.2804253467e+03 1.2804252625e+03 1.2793157043e+03 0 0
24 1.0485601242e+03 1.0478628250e+03 1.0478628250e+03 1.0485602033e+03 1.0481701913e+03 2.1044872282e+01 2.1046645102e+01 2.1046645102e+01 2.1044865494e+01 2.1045406544e+01 1.2404357832e+03 1.2404357605e+03 1.2393593750e+03 1.1117271730e+03 1.1117272034e+03 1.1107593689e+03 0 0
25 1.0012626798e+03 1.0005825491e+03 1.0005825491e+03 1.0012628276e+03 1.0009060271e+03 2.0177933506e+01 2.0179711665e+01 2.0179711665e+01 2.0177926141e+01 2.0178435839e+01 1.0806465620e+03 1.0806466370e+03 1.0797054138e+03 9.7439913204e+02 9.7439924622e+02 9.7354512024e+02 0 0
26 9.3245555025e+02 9.3180299018e+02 9.3180299018e+02 9.3245572951e+02 9.3209978007e+02 1.9359971599e+01 1.9361717524e+01 1.9361717524e+01 1.9359963656e+01 1.9360434117e+01 9.6478648425e+02 9.6478663635e+02 9.6393489075e+02 8.7549842269e+02 8.7549859619e+02 8.7472146606e+02 0 0
27 8.7814195202e+02 8.7750430911e+02 8.7750430911e+02 8.7814217955e+02 8.7780446997e+02 1.8660563469e+01 1.8662240191e+01 1.8662240191e+01 1.8660554933e+01 1.8660986514e+01 8.5890735247e+02 8.5890754700e+02 8.5813838196e+02 7.6794018393e+02 7.6794039917e+02 7.6725073242e+02 0 0
28 8.1856425049e+02 8.1795041109e+02 8.1795041109e+02 8.1856448280e+02 8.1824747937e+02 1.8051164957e+01 1.8052755241e+01 1.8052755241e+01 1.8051155849e+01 1.8051553203e+01 7.2289335537e+02 7.2289358521e+02 7.2224377441e+02 6.6202992547e+02 6.6203016663e+02 6.6143281555e+02 0 0
29 7.6625235478e+02 7.6565421373e+02 7.6565421373e+02 7.6625261011e+02 7.6595716264e+02 1.7498011755e+01 1.7499528555e+01 1.7499528555e+01 1.7498002148e+01 1.7498369199e+01 6.3099343442e+02 6.3099369812e+02 6.3042196655e+02 5.7900584855e+02 5.7900611877e+02 5.7848005676e+02 0 0
30 6.9781021248e+02 6.9725421297e+02 6.9725421297e+02 6.9781048197e+02 6.9754128462e+02 1.6984322203e+01 1.6985780584e+01 1.6985780584e+01 1.6984312143e+01 1.6984651660e+01 5.7565096179e+02 5.7565126038e+02 5.7512689209e+02 5.1300765358e+02 5.1300794983e+02 5.1253959656e+02 0 0
31 6.6292349403e+02 6.6237711124e+02 6.6237711124e+02 6.6292380313e+02 6.6267129861e+02 1.6511369949e+01 1.6512787077e+01 1.6512787077e+01 1.6511359430e+01 1.6511675964e+01 4.7540851119e+02 4.7540880585e+02 4.7497393799e+02 4.3089087139e+02 4.3089116669e+02 4.3049597931e+02 0 0
32 6.1859503832e+02 6.1806894336e+02 6.1806894336e+02 6.1859535946e+02 6.1835808295e+02 1.6065695879e+01 1.6067075516e+01 1.6067075516e+01 1.6065684843e+01 1.6065983539e+01 4.2753264788e+02 4.2753296661e+02 4.2713903809e+02 3.8914224318e+02 3.8914255524e+02 3.8878354645e+02 0 0
33 5.7450070415e+02 5.7399363019e+02 5.7399363019e+02 5.7450103351e+02 5.7427835150e+02 1.5666360854e+01 1.5667707392e+01 1.5667707392e+01 1.5666349257e+01 1.5666635765e+01 3.8303921754e+02 3.8303954315e+02 3.8268679810e+02 3.4125520861e+02 3.4125552368e+02 3.4093997955e+02 0 0
34 5.4293908332e+02 5.4243510557e+02 5.4243510557e+02 5.4293945335e+02 5.4271942567e+02 1.5281687739e+01 1.5283031856e+01 1.5283031856e+01 1.5281675563e+01 1.5281956080e+01 3.2851068906e+02 3.2851100922e+02 3.2820603943e+02 2.9636116136e+02 2.9636148071e+02 2.9608515930e+02 0 0
35 5.1794147757e+02 5.1744549834e+02 5.1744549834e+02 5.1794187053e+02 5.1773168123e+02 1.4887892809e+01 1.4889263030e+01 1.4889263030e+01 1.4887880077e+01 1.4888156446e+01 2.8516911604e+02 2.8516945648e+02 2.8490164185e+02 2.6354311360e+02 2.6354344940e+02 2.6329567719e+02 0 0
36 4.9473932147e+02 4.9425471040e+02 4.9425471040e+02 4.9473973587e+02 4.9453647805e+02 1.4489679304e+01 1.4491085233e+01 1.4491085233e+01 1.4489666037e+01 1.4489938408e+01 2.5551263157e+02 2.5551297569e+02 2.5527286148e+02 2.3884791013e+02 2.3884825134e+02 2.3862343979e+02 0 0
37 4.7233834615e+02 4.7186789730e+02 4.7186789730e+02 4.7233877871e+02 4.7214416164e+02 1.4104928417e+01 1.4106358548e+01 1.4106358548e+01 1.4104914592e+01 1.4105182887e+01 2.3358561306e+02 2.3358596802e+02 2.3336565018e+02 2.1724227815e+02 2.1724262428e+02 2.1703761101e+02 0 0
38 4.5403101700e+02 4.5356804203e+02 4.5356804203e+02 4.5403147262e+02 4.5384100327e+02 1.3727296390e+01 1.3728743724e+01 1.3728743724e+01 1.3727281997e+01 1.3727545398e+01 2.0572632197e+02 2.0572666550e+02 2.0553255463e+02 1.9708965661e+02 1.9709000206e+02 1.9690382957e+02 0 0
39 4.3423922195e+02 4.3378573340e+02 4.3378573340e+02 4.3423969116e+02 4.3406073164e+02 1.3364021138e+01 1.3365488107e+01 1.3365488107e+01 1.3364006235e+01 1.3364264794e+01 1.9342865977e+02 1.9342901611e+02 1.9324615097e+02 1.8213794236e+02 1.8213829041e+02 1.8196588898e+02 0 0
40 4.1037241426e+02 4.0993065343e+02 4.0993065343e+02 4.1037288684e+02 4.1020008456e+02 1.3008616560e+01 1.3010114225e+01 1.3010114225e+01 1.3008601187e+01 1.3008855240e+01 1.8061156441e+02 1.8061192513e+02 1.8044084549e+02 1.6768674600e+02 1.6768709183e+02 1.6752796936e+02 0 0
41 3.9429042812e+02 3.9385470830e+02 3.9385470830e+02 3.9429091814e+02 3.9412892481e+02 1.2665274646e+01 1.2666801958e+01 1.2666801958e+01 1.2665258794e+01 1.2665506740e+01 1.6101645748e+02 1.6101680183e+02 1.6086369514e+02 1.5085703722e+02 1.5085737038e+02 1.5071371651e+02 0 0
42 3.7982776936e+02 3.7940364389e+02 3.7940364389e+02 3.7982827123e+02 3.7967224764e+02 1.2336395820e+01 1.2337932402e+01 1.2337932402e+01 1.2336379528e+01 1.2336619270e+01 1.4795542690e+02 1.4795576668e+02 1.4781493950e+02 1.3964136386e+02 1.3964169312e+02 1.3950850105e+02 0 0
43 3.6165106700e+02 3.6123748897e+02 3.6123748897e+02 3.6165156098e+02 3.6150209629e+02 1.2034016314e+01 1.2035546669e+01 1.2035546669e+01 1.2033999630e+01 1.2034230620e+01 1.3840569125e+02 1.3840602493e+02 1.3827383232e+02 1.2828655569e+02 1.2828687286e+02 1.2816427422e+02 0 0
44 3.4443136617e+02 3.4403174817e+02 3.4403174817e+02 3.4443185783e+02 3.4428774984e+02 1.1750190788e+01 1.1751707376e+01 1.1751707376e+01 1.1750173698e+01 1.1750395428e+01 1.2502110422e+02 1.2502142143e+02 1.2490205383e+02 1.1624304298e+02 1.1624334526e+02 1.1613222504e+02 0 0
45 3.2547512031e+02 3.2508885804e+02 3.2508885804e+02 3.2547560152e+02 3.2534355639e+02 1.1483770772e+01 1.1485276256e+01 1.1485276256e+01 1.1483753256e+01 1.1483965568e+01 1.1369039268e+02 1.1369069481e+02 1.1358232403e+02 1.0504925584e+02 1.0504954147e+02 1.0494912148e+02 0 0
46 3.1177024467e+02 3.1139769337e+02 3.1139769337e+02 3.1177071152e+02 3.1164831441e+02 1.1233708928e+01 1.1235205017e+01 1.1235205017e+01 1.1233691054e+01 1.1233894511e+01 1.0066142761e+02 1.0066170883e+02 1.0056567669e+02 9.3711631769e+01 9.3711897850e+01 9.3622157097e+01 0 0
47 2.9705135828e+02 2.9669497173e+02 2.9669497173e+02 2.9705182892e+02 2.9694116368e+02 1.1001650014e+01 1.1003129412e+01 1.1003129412e+01 1.1001631906e+01 1.1001826649e+01 9.1889443790e+01 9.1889709473e+01 9.1802099228e+01 8.5117823646e+01 8.5118074417e+01 8.5036478996e+01 0 0
48 2.8301081763e+02 2.8266495461e+02 2.8266495461e+02 2.8301127683e+02 2.8290506082e+02 1.0786126422e+01 1.0787586242e+01 1.0787586242e+01 1.0786108171e+01 1.0786295243e+01 8.4200426494e+01 8.4200680733e+01 8.4120311737e+01 7.7674004710e+01 7.7674242020e+01 7.7599552155e+01 0 0
49 2.7245896081e+02 2.7211582725e+02 2.7211582725e+02 2.7245941498e+02 2.7235439057e+02 1.0580260838e+01 1.0581702882e+01 1.0581702882e+01 1.0580242492e+01 1.0580423665e+01 7.5342343042e+01 7.5342576027e+01 7.5270607948e+01 7.0357034260e+01 7.0357254982e+01 7.0289441109e+01 0 0
50 2.6197589416e+02 2.6164188610e+02 2.6164188610e+02 2.6197633779e+02 2.6187235977e+02 1.0378585856e+01 1.0380011014e+01 1.0380011014e+01 1.0378567420e+01 1.0378743743e+01 7.0921509806e+01 7.0921735764e+01 7.0853823662e+01 6.5709059964e+01 6.5709272385e+01 6.5645805359e+01 0 0
51 2.5324059493e+02 2.5290835636e+02 2.5290835636e+02 2.5324104207e+02 2.5313651594e+02 1.0179893595e+01 1.0181302026e+01 1.0181302026e+01 1.0179875107e+01 1.0180046416e+01 6.5552824322e+01 6.5553039551e+01 6.5490165710e+01 6.1217932689e+01 6.1218136787e+01 6.1158951759e+01 0 0
52 2.4613145506e+02 2.4579206310e+02 2.4579206310e+02 2.4613189982e+02 2.4602059032e+02 9.9867013959e+00 9.9880953455e+00 9.9880953455e+00 9.9866829733e+00 9.9868493532e+00 6.1029247981e+01 6.1029454708e+01 6.0970992565e+01 5.7433667284e+01 5.7433864594e+01 5.7378305912e+01 0 0
53 2.3667539050e+02 2.3633450043e+02 2.3633450043e+02 2.3667583151e+02 2.3656172391e+02 9.8014013065e+00 9.8027836405e+00 9.8027836405e+00 9.8013830422e+00 9.8015457029e+00 5.6984727541e+01 5.6984925270e+01 5.6930599689e+01 5.3640942721e+01 5.3641131401e+01 5.3589275360e+01 0 0
54 2.3029256430e+02 2.2994477938e+02 2.2994477938e+02 2.3029299867e+02 2.3017192963e+02 9.6195625494e+00 9.6209423042e+00 9.6209423042e+00 9.6195443643e+00 9.6197060064e+00 5.2450014055e+01 5.2450201035e+01 5.2400764465e+01 4.9856295851e+01 4.9856475353e+01 4.9808302879e+01 0 0
55 2.2286204955e+02 2.2252032913e+02 2.2252032913e+02 2.2286247686e+02 2.2274865846e+02 9.4404596196e+00 9.4418463757e+00 9.4418463757e+00 9.4404413975e+00 9.4406032608e+00 5.0103861519e+01 5.0104043484e+01 5.0057345867e+01 4.7114085151e+01 4.7114257812e+01 4.7068826199e+01 0 0
56 2.1536190789e+02 2.1503648855e+02 2.1503648855e+02 2.1536232188e+02 2.1526014875e+02 9.2629945933e+00 9.2643903377e+00 9.2643903377e+00 9.2629763258e+00 9.2631394257e+00 4.6686171383e+01 4.6686344147e+01 4.6643520832e+01 4.4318732233e+01 4.4318897247e+01 4.4276267052e+01 0 0
57 2.0828634690e+02 2.0797821400e+02 2.0797821400e+02 2.0828675677e+02 2.0819842455e+02 9.0918836722e+00 9.0932895099e+00 9.0932895099e+00 9.0918654676e+00 9.0920318738e+00 4.4155467343e+01 4.4155632496e+01 4.4116716385e+01 4.1664551643e+01 4.1664709091e+01 4.1625151157e+01 0 0
58 1.9889211284e+02 1.9859573416e+02 1.9859573416e+02 1.9889250984e+02 1.9881004400e+02 8.9294288090e+00 8.9308438287e+00 8.9308438287e+00 8.9294107383e+00 8.9295812292e+00 4.2406291941e+01 4.2406454086e+01 4.2370301723e+01 3.9154742841e+01 3.9154893875e+01 3.9118195057e+01 0 0
59 1.9175913606e+02 1.9148020255e+02 1.9148020255e+02 1.9175952348e+02 1.9168752038e+02 8.7728773372e+00 8.7743059413e+00 8.7743059413e+00 8.7728593565e+00 8.7730348447e+00 3.8807352115e+01 3.8807503223e+01 3.8774919510e+01 3.5932724780e+01 3.5932866096e+01 3.5899383068e+01 0 0
60 1.8461054595e+02 1.8432919982e+02 1.8432919982e+02 1.8461092427e+02 1.8453235340e+02 8.6213119594e+00 8.6227481775e+00 8.6227481775e+00 8.6212940263e+00 8.6214702057e+00 3.6866816666e+01 3.6866963387e+01 3.6834603310e+01 3.3611030720e+01 3.3611165524e+01 3.3579637527e+01 0 0
61 1.7606804145e+02 1.7581002820e+02 1.7581002820e+02 1.7606841821e+02 1.7600274933e+02 8.4749418221e+00 8.4763778624e+00 8.4763778624e+00 8.4749240007e+00 8.4750972661e+00 3.3467207353e+01 3.3467343330e+01 3.3435647964e+01 3.0840362489e+01 3.0840488911e+01 3.0810742617e+01 0 0
62 1.6958723429e+02 1.6935130715e+02 1.6935130715e+02 1.6958762024e+02 1.6953821990e+02 8.3361870774e+00 8.3376232895e+00 8.3376232895e+00 8.3361694654e+00 8.3363416243e+00 2.9797420584e+01 2.9797543764e+01 2.9770244598e+01 2.7927803778e+01 2.7927920818e+01 2.7901130438e+01 0 0
63 1.6450057395e+02 1.6430061886e+02 1.6430061886e+02 1.6450097359e+02 1.6447873687e+02 8.2030720136e+00 8.2045167798e+00 8.2045167798e+00 8.2030546005e+00 8.2032317289e+00 2.7045817426e+01 2.7045932293e+01 2.7023815393e+01 2.5687112618e+01 2.5687223673e+01 2.5663314581e+01 0 0
64 1.5999554739e+02 1.5980539924e+02 1.5980539924e+02 1.5999595332e+02 1.5997945730e+02 8.0730259902e+00 8.0744881398e+00 8.0744881398e+00 8.0730086978e+00 8.0731968676e+00 2.5344529950e+01 2.5344641209e+01 2.5327490091e+01 2.4173693342e+01 2.4173801422e+01 2.4152394295e+01 0 0
65 1.5455677611e+02 1.5433516060e+02 1.5433516060e+02 1.5455717363e+02 1.5451320989e+02 7.9477326408e+00 7.9492232577e+00 7.9492232577e+00 7.9477154282e+00 7.9479217159e+00 2.4172206200e+01 2.4172315836e+01 2.4161178827e+01 2.2812347571e+01 2.2812453032e+01 2.2794055939e+01 0 0
66 1.4993745269e+02 1.4963294282e+02 1.4963294282e+02 1.4993783543e+02 1.4982908883e+02 7.8261920225e+00 7.8277451826e+00 7.8277451826e+00 7.8261749368e+00 7.8264200306e+00 2.1938622367e+01 2.1938725471e+01 2.1937786579e+01 2.1112169956e+01 2.1112271070e+01 2.1097794533e+01 0 0
67 1.4570048925e+02 1.4536945121e+02 1.4536945121e+02 1.4570086208e+02 1.4557081543e+02 7.7094731749e+00 7.7111293831e+00 7.7111293831e+00 7.7094562942e+00 7.7097676417e+00 2.1002190154e+01 2.1002292395e+01 2.1017504215e+01 2.0024337326e+01 2.0024436474e+01 2.0015954494e+01 0 0
68 1.4176639630e+02 1.4145667954e+02 1.4145667954e+02 1.4176676764e+02 1.4165384746e+02 7.5955124466e+00 7.5973506352e+00 7.5973506352e+00 7.5954957720e+00 7.5959230307e+00 1.9736262602e+01 1.9736361265e+01 1.9773024797e+01 1.8923926369e+01 1.8924022675e+01 1.8922817230e+01 0 0
69 1.3758595537e+02 1.3729678164e+02 1.3729678164e+02 1.3758632588e+02 1.3748699157e+02 7.4853141693e+00 7.4874028823e+00 7.4874028823e+00 7.4852976655e+00 7.4858867188e+00 1.9152437972e+01 1.9152536392e+01 1.9219114304e+01 1.8027427084e+01 1.8027521372e+01 1.8037456036e+01 0 0
70 1.3307484986e+02 1.3283377036e+02 1.3283377036e+02 1.3307521443e+02 1.3300167043e+02 7.3780836748e+00 7.3804825245e+00 7.3804825245e+00 7.3780673467e+00 7.3788617828e+00 1.7945742618e+01 1.7945837736e+01 1.8036060095e+01 1.6965589313e+01 1.6965680838e+01 1.6984228134e+01 0 0
71 1.3040671343e+02 1.3013844041e+02 1.3013844041e+02 1.3040706626e+02 1.3030528682e+02 7.2744795102e+00 7.2772950269e+00 7.2772950269e+00 7.2744634237e+00 7.2755433239e+00 1.6852618900e+01 1.6852711439e+01 1.6980081320e+01 1.5958167180e+01 1.5958256006e+01 1.5989777386e+01 0 0
72 1.2663408716e+02 1.2652684683e+02 1.2652684683e+02 1.2663445100e+02 1.2664944352e+02 7.1723748803e+00 7.1756449280e+00 7.1756449280e+00 7.1723590144e+00 7.1737672207e+00 1.6106072099e+01 1.6106163025e+01 1.6253028393e+01 1.5296883120e+01 1.5296970546e+01 1.5335984111e+01 0 0
73 1.2278934769e+02 1.2278095174e+02 1.2278095174e+02 1.2278973827e+02 1.2289692748e+02 7.0749387124e+00 7.0787961453e+00 7.0787961453e+00 7.0749229279e+00 7.0767757947e+00 1.5221538661e+01 1.5221626699e+01 1.5438710809e+01 1.4328362984e+01 1.4328446984e+01 1.4393189490e+01 0 0
74 1.1928348180e+02 1.1933106603e+02 1.1933106603e+02 1.1928388416e+02 1.1944309862e+02 6.9796713085e+00 6.9842098673e+00 6.9842098673e+00 6.9796554589e+00 6.9820601308e+00 1.4212910079e+01 1.4212994516e+01 1.4462495804e+01 1.3472327378e+01 1.3472408593e+01 1.3548635602e+01 0 0
75 1.1548742170e+02 1.1534997274e+02 1.1534997274e+02 1.1548781346e+02 1.1550439022e+02 6.8869388492e+00 6.8919669708e+00 6.8919669708e+00 6.8869229287e+00 6.8897878726e+00 1.3745752686e+01 1.3745836794e+01 1.3999385417e+01 1.2828478217e+01 1.2828557789e+01 1.2915138602e+01 0 0
76 1.1243140140e+02 1.1242151342e+02 1.1242151342e+02 1.1243182396e+02 1.1255990376e+02 6.7947326672e+00 6.8004947814e+00 6.8004947814e+00 6.7947167125e+00 6.7982702061e+00 1.2430401599e+01 1.2430479944e+01 1.2694270849e+01 1.1928552923e+01 1.1928629100e+01 1.2010106623e+01 0 0
77 1.0922212629e+02 1.0906630993e+02 1.0906630993e+02 1.0922256342e+02 1.0923273337e+02 6.7037848392e+00 6.7105690533e+00 6.7105690533e+00 6.7037688422e+00 6.7083086608e+00 1.1819518783e+01 1.1819595516e+01 1.2200702906e+01 1.1360310504e+01 1.1360385060e+01 1.1481397629e+01 0 0
78 1.0746797166e+02 1.0747128977e+02 1.0747128977e+02 1.0746842060e+02 1.0760533765e+02 6.6144452526e+00 6.6230335723e+00 6.6230335723e+00 6.6144291777e+00 6.6207224785e+00 1.0900561815e+01 1.0900634408e+01 1.1516260087e+01 1.0641397952e+01 1.0641469598e+01 1.0833648562e+01 0 0
79 1.0472204836e+02 1.0458832989e+02 1.0458832989e+02 1.0472237059e+02 1.0469955854e+02 6.5261710272e+00 6.5364692673e+00 6.5364692673e+00 6.5261549108e+00 6.5342736674e+00 1.0644120051e+01 1.0644192874e+01 1.1378333986e+01 1.0298659104e+01 1.0298730135e+01 1.0544778764e+01 0 0
80 1.0294229961e+02 1.0275808781e+02 1.0275808781e+02 1.0294246155e+02 1.0286372442e+02 6.4399165663e+00 6.4512422778e+00 6.4512422778e+00 6.4399004616e+00 6.4492946115e+00 1.0307847890e+01 1.0307920039e+01 1.0955615580e+01 9.8756592332e+00 9.8757288456e+00 1.0115228832e+01 0 0
81 1.0055968568e+02 1.0080117051e+02 1.0080117051e+02 1.0055986586e+02 1.0091577504e+02 6.3530617692e+00 6.3654948326e+00 6.3654948326e+00 6.3530456831e+00 6.3637622321e+00 9.6435424075e+00 9.6436116695e+00 1.0091233730e+01 9.4463009632e+00 9.4463690519e+00 9.6005849838e+00 0 0
82 9.8858647344e+01 9.8791254239e+01 9.8791254239e+01 9.8859171260e+01 9.8956424872e+01 6.2681065652e+00 6.2813635594e+00 6.2813635594e+00 6.2680904188e+00 6.2798128136e+00 9.3746120890e+00 9.3746813536e+00 9.8842571974e+00 9.0944724737e+00 9.0945395231e+00 9.2922844291e+00 0 0
83 9.6864540535e+01 9.6657709939e+01 9.6657709939e+01 9.6865228842e+01 9.6819237984e+01 6.1848766500e+00 6.1984676524e+00 6.1984676524e+00 6.1848603363e+00 6.1970486661e+00 8.9983972794e+00 8.9984660149e+00 9.3248339295e+00 8.7352634589e+00 8.7353293896e+00 8.8738691211e+00 0 0
84 9.4435759572e+01 9.4066118078e+01 9.4066118078e+01 9.4436305626e+01 9.4216373830e+01 6.1034379378e+00 6.1169210795e+00 6.1169210795e+00 6.1034214726e+00 6.1155836871e+00 8.7172529170e+00 8.7173225880e+00 8.8739587069e+00 8.4217418021e+00 8.4218071699e+00 8.5081577897e+00 0 0
85 9.2361393318e+01 9.2301962838e+01 9.2301962838e+01 9.2361403769e+01 9.2444239950e+01 6.0234605875e+00 6.0370536973e+00 6.0370536973e+00 6.0234440595e+00 6.0357600534e+00 8.2477581087e+00 8.2478284836e+00 8.3974738717e+00 8.0242038884e+00 8.0242682099e+00 8.0990436673e+00 0 0
86 8.9986787029e+01 9.0390040242e+01 9.0390040242e+01 8.9986641804e+01 9.0534895940e+01 5.9461926645e+00 5.9597126676e+00 5.9597126676e+00 5.9461760841e+00 5.9584452023e+00 7.9005799794e+00 7.9006547034e+00 8.0958940387e+00 7.6473596940e+00 7.6474238634e+00 7.7493625283e+00 0 0
87 8.7720511310e+01 8.7998893037e+01 8.7998893037e+01 8.7721396803e+01 8.8147138177e+01 5.8715525254e+00 5.8849042436e+00 5.8849042436e+00 5.8715358290e+00 5.8836531748e+00 7.4956277120e+00 7.4957116246e+00 7.6384751201e+00 7.2647541815e+00 7.2648197412e+00 7.3465848863e+00 0 0
88 8.6085871994e+01 8.6142454463e+01 8.6142454463e+01 8.6087433128e+01 8.6289622353e+01 5.7995968407e+00 5.8121657014e+00 5.8121657014e+00 5.7995800513e+00 5.8109264249e+00 7.2781558463e+00 7.2782574594e+00 7.2686406076e+00 6.9840005064e+00 6.9840705693e+00 7.0197259784e+00 0 0
89 8.3211243308e+01 8.3544237673e+01 8.3544237673e+01 8.3212299964e+01 8.3686070516e+01 5.7301786332e+00 5.7418142531e+00 5.7418142531e+00 5.7301618549e+00 5.7405838842e+00 6.9854983021e+00 6.9856243432e+00 6.8794724643e+00 6.6714586517e+00 6.6715352833e+00 6.6700046659e+00 0 0
90 8.1129269312e+01 8.1444200007e+01 8.1444200007e+01 8.1130434862e+01 8.1584232916e+01 5.6630723920e+00 5.6745967764e+00 5.6745967764e+00 5.6630559044e+00 5.6733723467e+00 6.4644022560e+00 6.4645762742e+00 6.5262184739e+00 6.2257666711e+00 6.2258559465e+00 6.2728775144e+00 0 0
91 7.9620057022e+01 7.9869308532e+01 7.9869308532e+01 7.9622295627e+01 8.0008852660e+01 5.5968820001e+00 5.6082272718e+00 5.6082272718e+00 5.5968661104e+00 5.6070075221e+00 6.1901829583e+00 6.1904366016e+00 6.2188674510e+00 5.9584826730e+00 5.9585956633e+00 5.9905380309e+00 0 0
92 7.8859629274e+01 7.8760307485e+01 7.8760307485e+01 7.8860904359e+01 7.8901006942e+01 5.5316226076e+00 5.5428919421e+00 5.5428919421e+00 5.5316078420e+00 5.5416768545e+00 5.9143686822e+00 5.9147517979e+00 5.9558087885e+00 5.7150447814e+00 5.7151963115e+00 5.7436245978e+00 0 0
93 7.6845757296e+01 7.6909151459e+01 7.6909151459e+01 7.6844259924e+01 7.7050170407e+01 5.4666063747e+00 5.4778783640e+00 5.4778783640e+00 5.4665934735e+00 5.4766699428e+00 5.7737133659e+00 5.7742797732e+00 5.7850129604e+00 5.5780305843e+00 5.5782386065e+00 5.5899099410e+00 0 0
94 7.5047995872e+01 7.5061566527e+01 7.5061566527e+01 7.5038318662e+01 7.5198958110e+01 5.4034255072e+00 5.4151691263e+00 5.4151691263e+00 5.4034162629e+00 5.4139692751e+00 5.5292084490e+00 5.5301751792e+00 5.7396517396e+00 5.3146179462e+00 5.3149492443e+00 5.4023950398e+00 0 0
95 7.4314358199e+01 7.4347007600e+01 7.4347007600e+01 7.4304391378e+01 7.4487882102e+01 5.3410386361e+00 5.3538607271e+00 5.3538607271e+00 5.3410366344e+00 5.3526679980e+00 5.1783393529e+00 5.1799725890e+00 5.4835118651e+00 5.0571462180e+00 5.0576690435e+00 5.1636830270e+00 0 0
96 7.3242572625e+01 7.3103629356e+01 7.3103629356e+01 7.3240213723e+01 7.3246380297e+01 5.2792316807e+00 5.2930379946e+00 5.2930379946e+00 5.2792427000e+00 5.2918492822e+00 5.0645949790e+00 5.0674609542e+00 5.3695128262e+00 4.9499546549e+00 4.9508464634e+00 5.0570508242e+00 0 0
97 7.1290909175e+01 7.1359489613e+01 7.1359489613e+01 7.1291238409e+01 7.1502443072e+01 5.2193343343e+00 5.2339361161e+00 5.2339361161e+00 5.2193695517e+00 5.2327473782e+00 4.9419942147e+00 4.9473637640e+00 5.2979516089e+00 4.7850115933e+00 4.7866747081e+00 4.9267190695e+00 0 0
98 7.0259413845e+01 6.9946907181e+01 6.9946907181e+01 7.0239825289e+01 7.0085566077e+01 5.1610964232e+00 5.1768256014e+00 5.1768256014e+00 5.1611831606e+00 5.1756322057e+00 4.6210080641e+00 4.6313912868e+00 5.0337867141e+00 4.5174451059e+00 4.5205784738e+00 4.6795777380e+00 0 0
99 6.8883658483e+01 6.8931330470e+01 6.8931330470e+01 6.8849833410e+01 6.9068548236e+01 5.1026650536e+00 5.1195369654e+00 5.1195369654e+00 5.1028596486e+00 5.1183362807e+00 4.4274383559e+00 4.4472965598e+00 4.7120875716e+00 4.3720750366e+00 4.3779627681e+00 4.4799292684e+00 0 0
100 6.7519508457e+01 6.7307588899e+01 6.7307588899e+01 6.7444645995e+01 6.7443181743e+01 5.0452814185e+00 5.0627859607e+00 5.0627859607e+00 5.0456950436e+00 5.0615761838e+00 4.3120524013e+00 4.3536329567e+00 4.6018148661e+00 4.2182729050e+00 4.2307248414e+00 4.3483454883e+00 0 0
101 6.6564857141e+01 6.6282583379e+01 6.6282583379e+01 6.6461816825e+01 6.6418101884e+01 4.9888116756e+00 5.0066915128e+00 5.0066915128e+00 4.9896438010e+00 5.0054741425e+00 4.1329672084e+00 4.2120346725e+00 4.3297924697e+00 4.0547106499e+00 4.0784075856e+00 4.1445651948e+00 0 0
102 6.5083366936e+01 6.5372068380e+01 6.5372068380e+01 6.4990752046e+01 6.5507124419e+01 4.9327676545e+00 4.9511092503e+00 4.9511092503e+00 4.9343339961e+00 4.9498874055e+00 4.0091635609e+00 4.1481053829e+00 4.1529122889e+00 3.9513425423e+00 3.9931688011e+00 4.0102515519e+00 0 0
103 6.3570665941e+01 6.3609751135e+01 6.3609751135e+01 6.3422861419e+01 6.3741207938e+01 4.8788318297e+00 4.8973666960e+00 4.8973666960e+00 4.8816123495e+00 4.8961418663e+00 3.8775034562e+00 4.1303606629e+00 4.1419056952e+00 3.7782891329e+00 3.8569572717e+00 3.9090950042e+00 0 0
104 6.2008641787e+01 6.1906054786e+01 6.1906054786e+01 6.1776279556e+01 6.2035425710e+01 4.8265811563e+00 4.8448539499e+00 4.8448539499e+00 4.8308008779e+00 4.8436266354e+00 3.7253981993e+00 4.0664935708e+00 3.8511122465e+00 3.6140735601e+00 3.7253010571e+00 3.6915076673e+00 0 0
105 6.0819809961e+01 6.0771291761e+01 6.0771291761e+01 6.0641407553e+01 6.0898532212e+01 4.7756336743e+00 4.7941509669e+00 4.7941509669e+00 4.7814680633e+00 4.7929224960e+00 3.4813902338e+00 3.8626562655e+00 3.6643188298e+00 3.4276239309e+00 3.5547169447e+00 3.5125162154e+00 0 0
106 5.9897175930e+01 5.9810993809e+01 5.9810993809e+01 5.9766871923e+01 5.9937018845e+01 4.7256093170e+00 4.7444563876e+00 4.7444563876e+00 4.7330097544e+00 4.7432289659e+00 3.3161815336e+00 3.6948877871e+00 3.4941603988e+00 3.2972323781e+00 3.4278865457e+00 3.3778388351e+00 0 0
107 5.9224879699e+01 5.9047311208e+01 5.9047311208e+01 5.9207839838e+01 5.9172935877e+01 4.6763924097e+00 4.6954043039e+00 4.6954043039e+00 4.6850205384e+00 4.6941797283e+00 3.2069641445e+00 3.5272053480e+00 3.3402807117e+00 3.1957400432e+00 3.3135338575e+00 3.2623656690e+00 0 0
108 5.7709781178e+01 5.7745319920e+01 5.7745319920e+01 5.7595298278e+01 5.7869373419e+01 4.6287029822e+00 4.6469252180e+00 4.6469252180e+00 4.6373756538e+00 4.6457023004e+00 3.2243392013e+00 3.3753364533e+00 3.2277656794e+00 3.1194507407e+00 3.1987552196e+00 3.1604297906e+00 0 0
109 5.6455124252e+01 5.6681235441e+01 5.6681235441e+01 5.6463311360e+01 5.6804315194e+01 4.5812811715e+00 4.5997389174e+00 4.5997389174e+00 4.5899315776e+00 4.5985146553e+00 3.0243261918e+00 3.0520837307e+00 3.0891728252e+00 2.9685151916e+00 2.9909028560e+00 3.0076012313e+00 0 0
110 5.5837213875e+01 5.5631052164e+01 5.5631052164e+01 5.5865209486e+01 5.5754891904e+01 4.5345417381e+00 4.5532191570e+00 4.5532191570e+00 4.5433318090e+00 4.5519907450e+00 2.8671797757e+00 2.9358350784e+00 3.0189052224e+00 2.8380664311e+00 2.8719324470e+00 2.9137162119e+00 0 0
111 5.5118055153e+01 5.5063182814e+01 5.5063182814e+01 5.5230739361e+01 5.5189341945e+01 4.4883111022e+00 4.5067986725e+00 4.5067986725e+00 4.4970704418e+00 4.5055629538e+00 2.7970653951e+00 2.8308816701e+00 2.8348550946e+00 2.7691485409e+00 2.7898616940e+00 2.7981619686e+00 0 0
112 5.4226367568e+01 5.4107969499e+01 5.4107969499e+01 5.4359949313e+01 5.4234841475e+01 4.4429066180e+00 4.4612053175e+00 4.4612053175e+00 4.4516577246e+00 4.4599558910e+00 2.7138256904e+00 2.7562808990e+00 2.7630985975e+00 2.6850807372e+00 2.7101181597e+00 2.7214298248e+00 0 0
113 5.3161539267e+01 5.3337767862e+01 5.3337767862e+01 5.3420962125e+01 5.3477941226e+01 4.3981978769e+00 4.4163143112e+00 4.4163143112e+00 4.4068902608e+00 4.4150349883e+00 2.6334592366e+00 2.6648145914e+00 2.6681425869e+00 2.6070616082e+00 2.6274691224e+00 2.6354765743e+00 0 0
114 5.2098497089e+01 5.2416607410e+01 5.2416607410e+01 5.2544623892e+01 5.2566883898e+01 4.3546285318e+00 4.3727194955e+00 4.3727194955e+00 4.3634920198e+00 4.3713830816e+00 2.5078460496e+00 2.5904953182e+00 2.6118260026e+00 2.4971863506e+00 2.5356221944e+00 2.5546210557e+00 0 0
115 5.0995511615e+01 5.1245217002e+01 5.1245217002e+01 5.1265302951e+01 5.1418646397e+01 4.3123816804e+00 4.3302277933e+00 4.3302277933e+00 4.3212471916e+00 4.3287819603e+00 2.4310005206e+00 2.5061649531e+00 2.4963800311e+00 2.4105692264e+00 2.4495225847e+00 2.4555598795e+00 0 0
116 4.9922460351e+01 5.0006129995e+01 5.0006129995e+01 4.9894232003e+01 5.0192151530e+01 4.2719793367e+00 4.2893666876e+00 4.2893666876e+00 4.2805125963e+00 4.2877269069e+00 2.3736685082e+00 2.4181189388e+00 2.4222682863e+00 2.3173865621e+00 2.3517272323e+00 2.3638429046e+00 0 0
117 4.9882429179e+01 4.9604977659e+01 4.9604977659e+01 4.9700319568e+01 4.9869624945e+01 4.2314872651e+00 4.2500471379e+00 4.2500471379e+00 4.2406034668e+00 4.2480738326e+00 2.1958786302e+00 2.2589186132e+00 2.3155003786e+00 2.2128660875e+00 2.2325489074e+00 2.2556312233e+00 0 0
118 4.9109830508e+01 4.8994765644e+01 4.8994765644e+01 4.8980745853e+01 4.9250713208e+01 4.1911786172e+00 4.2103725420e+00 4.2103725420e+00 4.2008364223e+00 4.2079709263e+00 2.2206360781e+00 2.3212380856e+00 2.2868029624e+00 2.1985828258e+00 2.2380932122e+00 2.2337831706e+00 0 0
119 4.7939636159e+01 4.7822106367e+01 4.7822106367e+01 4.7686532387e+01 4.7992410060e+01 4.1516995684e+00 4.1713741323e+00 4.1713741323e+00 4.1619798544e+00 4.1685153086e+00 2.1986073637e+00 2.3440594971e+00 2.2770052254e+00 2.1420335377e+00 2.2001780868e+00 2.1880705059e+00 0 0
120 4.6735782716e+01 4.6800957147e+01 4.6800957147e+01 4.6701565872e+01 4.6858418291e+01 4.1129334724e+00 4.1335748495e+00 4.1335748495e+00 4.1245881506e+00 4.1304866896e+00 2.0651922423e+00 2.3297234327e+00 2.2636218369e+00 2.0350650309e+00 2.1291090399e+00 2.1190364957e+00 0 0
121 4.6401000005e+01 4.6006697457e+01 4.6006697457e+01 4.6016234477e+01 4.5961044402e+01 4.0747036361e+00 4.0962153890e+00 4.0962153890e+00 4.0877740481e+00 4.0932704253e+00 1.9570684871e+00 2.2616505027e+00 2.1962957233e+00 1.9480268479e+00 2.0613706261e+00 2.0441289395e+00 0 0
122 4.5311739102e+01 4.5722140809e+01 4.5722140809e+01 4.5540184972e+01 4.5637906190e+01 4.0371592903e+00 4.0589705598e+00 4.0589705598e+00 4.0505654007e+00 4.0564012511e+00 1.9475483511e+00 2.0971557200e+00 2.1235379428e+00 1.9077940190e+00 1.9776599854e+00 1.9823529795e+00 0 0
123 4.4418544248e+01 4.4703533236e+01 4.4703533236e+01 4.4674690513e+01 4.4704709454e+01 4.0002620760e+00 4.0224831410e+00 4.0224831410e+00 4.0139996436e+00 4.0204009932e+00 1.8463048148e+00 1.9699954316e+00 2.1003937125e+00 1.8229475694e+00 1.8816804811e+00 1.9302429110e+00 0 0
124 4.3424802208e+01 4.3760763185e+01 4.3760763185e+01 4.3820574703e+01 4.3813511727e+01 3.9641065989e+00 3.9861179509e+00 3.9861179509e+00 3.9776453802e+00 3.9843570480e+00 1.8025963563e+00 1.8536574617e+00 1.9363166392e+00 1.7676445824e+00 1.8029455170e+00 1.8367927074e+00 0 0
125 4.3021076006e+01 4.2992293266e+01 4.2992293266e+01 4.3130445761e+01 4.3102910231e+01 3.9288457802e+00 3.9508073026e+00 3.9508073026e+00 3.9424384884e+00 3.9491292937e+00 1.6817505958e+00 1.7763240561e+00 1.8365944549e+00 1.6727178086e+00 1.7229005098e+00 1.7540544122e+00 0 0
126 4.2657182908e+01 4.2660171809e+01 4.2660171809e+01 4.2721630298e+01 4.2810273094e+01 3.8938637445e+00 3.9160707377e+00 3.9160707377e+00 3.9071697031e+00 3.9141957673e+00 1.6623950839e+00 1.6505178884e+00 1.6897892058e+00 1.6481441828e+00 1.6514535546e+00 1.6637770459e+00 0 0
127 4.1961504994e+01 4.2011775228e+01 4.2011775228e+01 4.2345856584e+01 4.2255598611e+01 3.8596035526e+00 3.8820118739e+00 3.8820118739e+00 3.8724517036e+00 3.8797553986e+00 1.6524120509e+00 1.6392393261e+00 1.7017577440e+00 1.6212371611e+00 1.6272143722e+00 1.6512945667e+00 0 0
128 4.0886025301e+01 4.1140743686e+01 4.1140743686e+01 4.1477137875e+01 4.1355470041e+01 3.8260437040e+00 3.8490679367e+00 3.8490679367e+00 3.8388827713e+00 3.8463993487e+00 1.5631761999e+00 1.6180417091e+00 1.6924561635e+00 1.5543391983e+00 1.5843294933e+00 1.6157639623e+00 0 0
129 4.0310605131e+01 4.0193648988e+01 4.0193648988e+01 4.0373427794e+01 4.0281884874e+01 3.7934815544e+00 3.8170484796e+00 3.8170484796e+00 3.8060086423e+00 3.8141268669e+00 1.5095458961e+00 1.5544593632e+00 1.6547862217e+00 1.4977103835e+00 1.5298960656e+00 1.5648060963e+00 0 0
130 3.9438979167e+01 3.9689980545e+01 3.9689980545e+01 3.9821376607e+01 3.9711803198e+01 3.7616947880e+00 3.7858537012e+00 3.7858537012e+00 3.7738894321e+00 3.7831379542e+00 1.4595598787e+00 1.4717473313e+00 1.6649850458e+00 1.4488224051e+00 1.4647150487e+00 1.5311124474e+00 0 0
131 3.8528510733e+01 3.8892134739e+01 3.8892134739e+01 3.8880472761e+01 3.8838345140e+01 3.7312888888e+00 3.7549991761e+00 3.7549991761e+00 3.7430185115e+00 3.7528239009e+00 1.4080457643e+00 1.4465678260e+00 1.6238010451e+00 1.3857191055e+00 1.4178502560e+00 1.4898703918e+00 0 0
132 3.7453167145e+01 3.8062188910e+01 3.8062188910e+01 3.7887336761e+01 3.8028463445e+01 3.7019193589e+00 3.7251104604e+00 3.7251104604e+00 3.7132203867e+00 3.7233768739e+00 1.3592486508e+00 1.3712696880e+00 1.5016001686e+00 1.3309539166e+00 1.3494170308e+00 1.4055101946e+00 0 0
133 3.7246442089e+01 3.7108230246e+01 3.7108230246e+01 3.7182945165e+01 3.7110837965e+01 3.6733089005e+00 3.6960106259e+00 3.6960106259e+00 3.6844917007e+00 3.6945641246e+00 1.2905562581e+00 1.3311344534e+00 1.4019857869e+00 1.2680421567e+00 1.2960743234e+00 1.3352110833e+00 0 0
134 3.6984311723e+01 3.6951800320e+01 3.6951800320e+01 3.7105523238e+01 3.7005150514e+01 3.6445493530e+00 3.6674565756e+00 3.6674565756e+00 3.6557391655e+00 3.6661589523e+00 1.2556481811e+00 1.2531447858e+00 1.3015549928e+00 1.2397907098e+00 1.2440855503e+00 1.2650720179e+00 0 0
135 3.6231787956e+01 3.6668542802e+01 3.6668542802e+01 3.6542411933e+01 3.6746007586e+01 3.6157475115e+00 3.6385643160e+00 3.6385643160e+00 3.6267559618e+00 3.6373474742e+00 1.2437172672e+00 1.2311372906e+00 1.2556475401e+00 1.2236606352e+00 1.2250438407e+00 1.2373122573e+00 0 0
136 3.5369666263e+01 3.5830622324e+01 3.5830622324e+01 3.5718915750e+01 3.5919511463e+01 3.5876492188e+00 3.6097765439e+00 3.6097765439e+00 3.5983012472e+00 3.6085949236e+00 1.2016998230e+00 1.2188306972e+00 1.2297995761e+00 1.1777266921e+00 1.1977551803e+00 1.2121439576e+00 0 0
137 3.4951416252e+01 3.5170153501e+01 3.5170153501e+01 3.4970246666e+01 3.5269255445e+01 3.5602070424e+00 3.5818903009e+00 3.5818903009e+00 3.5705577874e+00 3.5807085706e+00 1.1370865330e+00 1.1522933245e+00 1.1847279742e+00 1.1213191184e+00 1.1393008158e+00 1.1618299186e+00 0 0
138 3.4494797484e+01 3.4678880545e+01 3.4678880545e+01 3.4715123081e+01 3.4799623036e+01 3.5327031500e+00 3.5543975057e+00 3.5543975057e+00 3.5427625093e+00 3.5531770073e+00 1.1211570485e+00 1.0831770226e+00 1.1174073368e+00 1.1046269000e+00 1.0949782580e+00 1.1100894809e+00 0 0
139 3.4140366620e+01 3.4254453049e+01 3.4254453049e+01 3.4373263894e+01 3.4405281407e+01 3.5054113850e+00 3.5267807596e+00 3.5267807596e+00 3.5153098074e+00 3.5254677967e+00 1.0989068949e+00 1.0952674150e+00 1.0930932760e+00 1.0783518824e+00 1.0840312168e+00 1.0913160294e+00 0 0
140 3.3622390834e+01 3.3955828528e+01 3.3955828528e+01 3.3992956891e+01 3.4142227687e+01 3.4783833762e+00 3.4996405520e+00 3.4996405520e+00 3.4880288514e+00 3.4981339511e+00 1.0802754238e+00 1.0714792013e+00 1.0713019967e+00 1.0545200416e+00 1.0582512617e+00 1.0625700578e+00 0 0
141 3.3273143662e+01 3.3464219756e+01 3.3464219756e+01 3.3452718134e+01 3.3675451612e+01 3.4521350412e+00 3.4728771458e+00 3.4728771458e+00 3.4609888001e+00 3.4710637100e+00 1.1015461483e+00 1.0522942692e+00 1.0651787445e+00 1.0432846105e+00 1.0367560610e+00 1.0453250185e+00 0 0
142 3.3007734776e+01 3.3072347231e+01 3.3072347231e+01 3.3332365658e+01 3.3369186752e+01 3.4261938179e+00 3.4465554238e+00 3.4465554238e+00 3.4342730354e+00 3.4443450211e+00 1.1176862656e+00 1.0271629691e+00 1.0494850129e+00 1.0390951748e+00 1.0127336532e+00 1.0251119733e+00 0 0
143 3.2285069513e+01 3.2713149443e+01 3.2713149443e+01 3.2705236229e+01 3.2928680571e+01 3.4005123034e+00 3.4202864303e+00 3.4202864303e+00 3.4078810455e+00 3.4175882308e+00 1.1272548468e+00 1.0460704789e+00 1.0202890486e+00 1.0311985038e+00 1.0093404278e+00 1.0058482066e+00 0 0
144 3.1937041230e+01 3.2052824289e+01 3.2052824289e+01 3.2010019164e+01 3.2225587580e+01 3.3750126241e+00 3.3945287630e+00 3.3945287630e+00 3.3821232544e+00 3.3914132187e+00 1.0672179907e+00 1.0440033600e+00 1.0247806162e+00 9.9189888920e-01 9.8817762733e-01 9.8948936537e-01 0 0
145 3.1555572453e+01 3.1689815158e+01 3.1689815158e+01 3.1383887016e+01 3.1687488684e+01 3.3499726389e+00 3.3691811645e+00 3.3691811645e+00 3.3569702367e+00 3.3659605516e+00 1.0111651355e+00 1.0247552916e+00 1.0162032619e+00 9.5111295338e-01 9.6090324223e-01 9.6408945322e-01 0 0
146 3.1302087227e+01 3.1230825172e+01 3.1230825172e+01 3.1069732254e+01 3.1189039662e+01 3.3251492759e+00 3.3442741654e+00 3.3442741654e+00 3.3324725521e+00 3.3413834372e+00 9.4281665115e-01 9.8874756321e-01 1.0130416378e+00 9.1003380864e-01 9.2700935155e-01 9.4076341763e-01 0 0
147 3.1128847282e+01 3.1129124625e+01 3.1129124625e+01 3.1100347722e+01 3.1043555640e+01 3.2998914201e+00 3.3194582596e+00 3.3194582596e+00 3.3080156579e+00 3.3170731648e+00 8.9295525330e-01 9.6436896548e-01 9.8145407438e-01 8.8778815124e-01 9.0980521217e-01 9.1656828672e-01 0 0
148 3.0784282406e+01 3.0893350561e+01 3.0893350561e+01 3.0613451964e+01 3.0834837208e+01 3.2751046000e+00 3.2944132477e+00 3.2944132477e+00 3.2834584992e+00 3.2925320057e+00 8.9203819074e-01 9.6170555428e-01 9.6549520642e-01 8.7310757570e-01 9.0445378423e-01 9.0782920271e-01 0 0
149 3.0349661374e+01 3.0393294990e+01 3.0393294990e+01 3.0375115037e+01 3.0441196225e+01 3.2505559100e+00 3.2697947663e+00 3.2697947663e+00 3.2589739556e+00 3.2682736553e+00 8.6802973759e-01 8.9411732927e-01 9.4410771504e-01 8.5172601460e-01 8.6509096250e-01 8.8638806343e-01 0 0
150 2.9942374835e+01 2.9945194283e+01 2.9945194283e+01 3.0056714681e+01 3.0056545374e+01 3.2261480822e+00 3.2452466691e+00 3.2452466691e+00 3.2347975043e+00 3.2438827034e+00 8.2957886767e-01 8.6716795340e-01 8.7873658538e-01 8.2557231399e-01 8.4164848179e-01 8.5241743177e-01 0 0
151 2.9406980671e+01 2.9605550957e+01 2.9605550957e+01 2.9589704259e+01 2.9741432046e+01 3.2022769859e+00 3.2211278306e+00 3.2211278306e+00 3.2108606290e+00 3.2197280015e+00 8.0906577265e-01 8.4049082175e-01 8.3298733830e-01 8.0275938878e-01 8.2052291557e-01 8.2147667184e-01 0 0
152 2.9078858245e+01 2.9031515952e+01 2.9031515952e+01 2.9128827412e+01 2.9216773308e+01 3.1786338009e+00 3.1977876711e+00 3.1977876711e+00 3.1872871201e+00 3.1962224557e+00 7.7643133969e-01 7.9776069894e-01 8.2596711814e-01 7.7675988613e-01 7.8877454251e-01 8.0279615149e-01 0 0
153 2.8944619637e+01 2.8603486218e+01 2.8603486218e+01 2.8945694952e+01 2.8775265414e+01 3.1550716730e+00 3.1747619875e+00 3.1747619875e+00 3.1638088213e+00 3.1729382150e+00 7.5805308677e-01 7.7444412559e-01 7.9996092245e-01 7.5851380107e-01 7.6836840063e-01 7.8052038699e-01 0 0
154 2.8635930755e+01 2.8475332192e+01 2.8475332192e+01 2.8751241110e+01 2.8602175479e+01 3.1316301179e+00 3.1518570023e+00 3.1518570023e+00 3.1402976642e+00 3.1497549033e+00 7.5551916712e-01 7.5705499202e-01 7.8823931888e-01 7.5032040192e-01 7.5353108719e-01 7.6551787928e-01 0 0
155 2.8073575357e+01 2.8228030684e+01 2.8228030684e+01 2.8150849395e+01 2.8240671154e+01 3.1087751820e+00 3.1289837579e+00 3.1289837579e+00 3.1172086941e+00 3.1267512980e+00 7.5699376858e-01 7.6148740575e-01 7.9201644659e-01 7.3786503361e-01 7.4526597932e-01 7.5935201347e-01 0 0
156 2.7533419611e+01 2.7687540782e+01 2.7687540782e+01 2.7817234828e+01 2.7676624789e+01 3.0862349636e+00 3.1065741522e+00 3.1065741522e+00 3.0948336711e+00 3.1044128548e+00 7.1821840086e-01 7.4910347909e-01 7.9165835679e-01 7.0927775505e-01 7.2352398932e-01 7.4482735619e-01 0 0
157 2.7031550770e+01 2.7411425181e+01 2.7411425181e+01 2.7146953365e+01 2.7392744889e+01 3.0642139042e+00 3.0844514671e+00 3.0844514671e+00 3.0728187697e+00 3.0824327587e+00 6.9889653917e-01 7.3188110813e-01 7.5765513256e-01 6.8703575726e-01 7.0477451012e-01 7.1822277829e-01 0 0
158 2.6979521658e+01 2.6835407564e+01 2.6835407564e+01 2.6881378411e+01 2.6854274689e+01 3.0425278806e+00 3.0626732487e+00 3.0626732487e+00 3.0512553659e+00 3.0607836695e+00 6.7866164618e-01 7.0525120571e-01 7.3306086287e-01 6.6667266290e-01 6.7989309877e-01 6.9635837153e-01 0 0
159 2.6649553188e+01 2.6746558993e+01 2.6746558993e+01 2.6679826192e+01 2.6830445444e+01 3.0212949698e+00 3.0410254093e+00 3.0410254093e+00 3.0297059201e+00 3.0391018993e+00 7.1758305554e-01 6.9762974232e-01 6.8618370220e-01 6.7450277628e-01 6.7132011801e-01 6.6949012876e-01 0 0
160 2.6109420591e+01 2.6468367212e+01 2.6468367212e+01 2.6368602103e+01 2.6588260429e+01 3.0004233565e+00 3.0195121116e+00 3.0195121116e+00 3.0087012849e+00 3.0174479132e+00 7.2472691183e-01 7.2182575241e-01 6.8492916226e-01 6.6834121091e-01 6.7062666640e-01 6.6432004794e-01 0 0
161 2.5948569365e+01 2.6123753568e+01 2.6123753568e+01 2.6003338526e+01 2.6280238873e+01 2.9795680603e+00 2.9984946804e+00 2.9984946804e+00 2.9878046599e+00 2.9962343444e+00 6.9745475630e-01 7.0729633793e-01 6.7766124383e-01 6.4965624395e-01 6.5755605698e-01 6.5012549981e-01 0 0
162 2.5842391775e+01 2.5743978741e+01 2.5743978741e+01 2.5841496546e+01 2.5936520183e+01 2.9587321334e+00 2.9775769916e+00 2.9775769916e+00 2.9665620578e+00 2.9751859667e+00 6.8100253343e-01 6.5864464641e-01 6.6959721968e-01 6.3584005337e-01 6.3357223570e-01 6.3826911151e-01 0 0
163 2.5428512631e+01 2.5508931111e+01 2.5508931111e+01 2.5676554703e+01 2.5586125357e+01 2.9377658247e+00 2.9565015496e+00 2.9565015496e+00 2.9453544048e+00 2.9540490382e+00 6.5011007806e-01 6.2866710126e-01 6.5003682300e-01 6.1891991535e-01 6.1341686919e-01 6.2420171499e-01 0 0
164 2.5403198761e+01 2.5247938015e+01 2.5247938015e+01 2.5459310044e+01 2.5216086094e+01 2.9167186342e+00 2.9356447490e+00 2.9356447490e+00 2.9244967101e+00 2.9331662062e+00 6.0014510952e-01 6.2188269943e-01 6.3375128806e-01 5.9207574575e-01 6.0137769207e-01 6.0851725191e-01 0 0
165 2.5303376873e+01 2.5258364661e+01 2.5258364661e+01 2.5318644666e+01 2.5268840748e+01 2.8956222608e+00 2.9150949329e+00 2.9150949329e+00 2.9033625655e+00 2.9127468125e+00 5.8877394595e-01 5.9264196083e-01 6.3726204634e-01 5.8455847270e-01 5.8777751029e-01 6.0009217262e-01 0 0
166 2.5090487655e+01 2.5021308058e+01 2.5021308058e+01 2.5095767195e+01 2.5020461902e+01 2.8746801340e+00 2.8941536675e+00 2.8941536675e+00 2.8821995220e+00 2.8921321773e+00 5.8956121942e-01 5.7963889837e-01 6.3993220776e-01 5.8096223220e-01 5.7969384268e-01 6.0159128159e-01 0 0
167 2.4711787658e+01 2.4788810125e+01 2.4788810125e+01 2.4973678465e+01 2.4812576870e+01 2.8538231385e+00 2.8732122903e+00 2.8732122903e+00 2.8613970121e+00 2.8714111467e+00 5.6812294906e-01 5.7632753626e-01 6.0957458243e-01 5.6708920434e-01 5.7123244554e-01 5.8697405457e-01 0 0
168 2.4554700156e+01 2.4589764011e+01 2.4589764011e+01 2.4416438322e+01 2.4646757631e+01 2.8336546855e+00 2.8527167996e+00 2.8527167996e+00 2.8410023989e+00 2.8509678335e+00 5.5606925315e-01 5.7221072912e-01 5.8805106580e-01 5.4984834809e-01 5.6157322228e-01 5.7074540108e-01 0 0
169 2.4270976576e+01 2.4148827995e+01 2.4148827995e+01 2.4324379340e+01 2.4314544670e+01 2.8136578807e+00 2.8328290010e+00 2.8328290010e+00 2.8207616214e+00 2.8310369090e+00 5.5019910561e-01 5.3505327553e-01 5.7889404520e-01 5.4289523037e-01 5.3919990361e-01 5.5704349279e-01 0 0
170 2.3770546523e+01 2.3960873818e+01 2.3960873818e+01 2.4014056540e+01 2.4149875288e+01 2.7937388753e+00 2.8129765246e+00 2.8129765246e+00 2.8009176085e+00 2.8110168376e+00 5.3147455567e-01 5.3938805312e-01 5.4730844870e-01 5.3039065606e-01 5.3416017443e-01 5.4117958620e-01 0 0
171 2.3591765225e+01 2.3521854708e+01 2.3521854708e+01 2.3514736993e+01 2.3728295297e+01 2.7744209412e+00 2.7936607864e+00 2.7936607864e+00 2.7815692418e+00 2.7914315554e+00 5.1323571304e-01 5.4056195542e-01 5.4180734232e-01 5.1005322209e-01 5.2528129146e-01 5.3038828447e-01 0 0
172 2.3365806620e+01 2.3162552649e+01 2.3162552649e+01 2.3231804403e+01 2.3417971356e+01 2.7551933805e+00 2.7748434775e+00 2.7748434775e+00 2.7623216803e+00 2.7723960156e+00 5.0619111868e-01 5.0583085418e-01 5.3745894134e-01 5.0175280790e-01 5.0317246467e-01 5.1751346514e-01 0 0
173 2.3387181798e+01 2.3037981600e+01 2.3037981600e+01 2.3228511601e+01 2.3156353455e+01 2.7358318259e+00 2.7558655112e+00 2.7558655112e+00 2.7433978894e+00 2.7531979259e+00 4.8956004235e-01 5.1458445936e-01 5.0840226933e-01 4.9204072002e-01 4.9980652705e-01 5.0188404322e-01 0 0
174 2.3097494155e+01 2.3126984712e+01 2.3126984712e+01 2.2991266998e+01 2.3228021221e+01 2.7165591087e+00 2.7370232814e+00 2.7370232814e+00 2.7245121876e+00 2.7341992364e+00 4.9225826011e-01 5.2671316639e-01 5.0745537877e-01 4.8979643227e-01 5.0248938054e-01 4.9565163814e-01 0 0
175 2.2793821767e+01 2.2850364552e+01 2.2850364552e+01 2.2691390784e+01 2.2843038274e+01 2.6975560205e+00 2.7179932026e+00 2.7179932026e+00 2.7059160221e+00 2.7153416429e+00 4.8633460226e-01 5.3105832636e-01 5.2537801862e-01 4.8126015319e-01 4.9843608402e-01 5.0007538870e-01 0 0
176 2.2604254649e+01 2.2581701166e+01 2.2581701166e+01 2.2534696826e+01 2.2520451216e+01 2.6787747502e+00 2.6991209603e+00 2.6991209603e+00 2.6876507995e+00 2.6967553900e+00 4.6649173662e-01 5.2379196510e-01 5.1560741290e-01 4.6660003403e-01 4.8848881945e-01 4.8969103955e-01 0 0
177 2.2228401436e+01 2.2462380388e+01 2.2462380388e+01 2.2237607269e+01 2.2396877909e+01 2.6603072121e+00 2.6805779084e+00 2.6805779084e+00 2.6693516176e+00 2.6785114866e+00 4.6754815900e-01 4.9920105748e-01 5.0568306074e-01 4.6091251270e-01 4.7533224709e-01 4.7835950367e-01 0 0
178 2.1937296805e+01 2.2013039626e+01 2.2013039626e+01 2.1946319285e+01 2.1986784347e+01 2.6422323016e+00 2.6621691283e+00 2.6621691283e+00 2.6513614066e+00 2.6603804359e+00 4.5600248050e-01 4.8638626002e-01 4.9820961617e-01 4.4778032269e-01 4.6276532672e-01 4.7129392065e-01 0 0
179 2.1882970014e+01 2.1710236781e+01 2.1710236781e+01 2.1788839630e+01 2.1757597375e+01 2.6242990948e+00 2.6442349766e+00 2.6442349766e+00 2.6336117688e+00 2.6425835163e+00 4.3590606111e-01 4.6404664032e-01 4.7846320458e-01 4.3392054947e-01 4.4643995538e-01 4.5499775000e-01 0 0
180 2.1594372953e+01 2.1597963223e+01 2.1597963223e+01 2.1663219921e+01 2.1702071777e+01 2.6064013311e+00 2.6265495789e+00 2.6265495789e+00 2.6157725479e+00 2.6248641677e+00 4.3972189774e-01 4.4384240545e-01 4.5551768690e-01 4.3354351989e-01 4.3580632098e-01 4.4059783779e-01 0 0
181 2.1321548972e+01 2.1319623277e+01 2.1319623277e+01 2.1324575276e+01 2.1447614680e+01 2.5889668843e+00 2.6089037178e+00 2.6089037178e+00 2.5982462161e+00 2.6069934538e+00 4.3858593666e-01 4.5421131700e-01 4.4266016409e-01 4.2520850617e-01 4.3510979600e-01 4.3451409973e-01 0 0
182 2.0948105795e+01 2.1108668769e+01 2.1108668769e+01 2.1113681628e+01 2.1275213206e+01 2.5714781094e+00 2.5918495410e+00 2.5918495410e+00 2.5811717683e+00 2.5895971246e+00 4.2025201328e-01 4.4917505048e-01 4.4383729994e-01 4.1463210653e-01 4.2473912798e-01 4.2719824240e-01 0 0
183 2.0731130104e+01 2.0937218690e+01 2.0937218690e+01 2.0691648500e+01 2.1055075041e+01 2.5544666022e+00 2.5749604428e+00 2.5749604428e+00 2.5642041323e+00 2.5724084489e+00 4.2065243855e-01 4.5023991540e-01 4.3346560188e-01 4.0736669312e-01 4.2192803510e-01 4.1728724539e-01 0 0
184 2.0570046047e+01 2.0578529116e+01 2.0578529116e+01 2.0649723470e+01 2.0615389533e+01 2.5378399001e+00 2.5581072317e+00 2.5581072317e+00 2.5476565090e+00 2.5555541512e+00 4.2109328815e-01 4.4413180277e-01 4.4169463590e-01 4.0146412468e-01 4.1216777265e-01 4.1542209312e-01 0 0
185 2.0354729436e+01 2.0625179775e+01 2.0625179775e+01 2.0582160432e+01 2.0596951179e+01 2.5212997834e+00 2.5414036417e+00 2.5414036417e+00 2.5310746166e+00 2.5390195470e+00 4.2604610605e-01 4.3023065478e-01 4.2972993478e-01 4.0087680751e-01 4.0452203155e-01 4.0417896211e-01 0 0
186 2.0103718694e+01 2.0506408434e+01 2.0506408434e+01 2.0334288007e+01 2.0462067843e+01 2.5050719396e+00 2.5246161610e+00 2.5246161610e+00 2.5143123029e+00 2.5225743228e+00 4.2879695100e-01 4.1115863062e-01 4.3312285841e-01 3.9639374352e-01 3.9575611986e-01 4.0303634480e-01 0 0
187 1.9905182451e+01 2.0127970411e+01 2.0127970411e+01 2.0135761488e+01 2.0111695625e+01 2.4890437184e+00 2.5078880490e+00 2.5078880490e+00 2.4978736306e+00 2.5061832688e+00 4.0555243443e-01 3.9526926540e-01 4.2426376790e-01 3.8158517971e-01 3.8226674870e-01 3.9637549967e-01 0 0
188 1.9653721457e+01 1.9924386331e+01 1.9924386331e+01 1.9889209202e+01 1.9939943744e+01 2.4730270844e+00 2.4915715571e+00 2.4915715571e+00 2.4816836885e+00 2.4900681373e+00 3.8140390484e-01 3.7773637101e-01 3.9915363491e-01 3.6855339413e-01 3.6945744604e-01 3.7931217812e-01 0 0
189 1.9757927029e+01 1.9671095441e+01 1.9671095441e+01 1.9735821234e+01 1.9736370164e+01 2.4569763835e+00 2.4754974859e+00 2.4754974859e+00 2.4656854324e+00 2.4740936162e+00 3.5665469352e-01 3.6761277914e-01 3.8263291307e-01 3.5554547122e-01 3.6106071807e-01 3.6853743158e-01 0 0
190 1.9632649955e+01 1.9585775453e+01 1.9585775453e+01 1.9729977659e+01 1.9710914470e+01 2.4409889644e+00 2.4595559264e+00 2.4595559264e+00 2.4495566796e+00 2.4581588549e+00 3.6133628932e-01 3.5290603153e-01 3.6577653885e-01 3.5641032687e-01 3.5408867337e-01 3.5871691629e-01 0 0
191 1.9323109898e+01 1.9392609500e+01 1.9392609500e+01 1.9452171946e+01 1.9558170510e+01 2.4253903112e+00 2.4434958767e+00 2.4434958767e+00 2.4336739802e+00 2.4420199640e+00 3.6055932928e-01 3.6020155065e-01 3.5451514088e-01 3.5016404730e-01 3.5413105413e-01 3.5436699912e-01 0 0
192 1.9121005862e+01 1.9120797288e+01 1.9120797288e+01 1.9116237453e+01 1.9323215117e+01 2.4099549283e+00 2.4279545617e+00 2.4279545617e+00 2.4181428160e+00 2.4263282624e+00 3.4278865976e-01 3.4889774211e-01 3.5550975986e-01 3.3835773911e-01 3.4310183115e-01 3.4887899458e-01 0 0
193 1.8844554523e+01 1.8873011200e+01 1.8873011200e+01 1.8932083010e+01 1.9083796977e+01 2.3947752676e+00 2.4127474089e+00 2.4127474089e+00 2.4027498295e+00 2.4109041014e+00 3.3696491469e-01 3.3574623987e-01 3.4226836637e-01 3.3241818639e-01 3.3406567387e-01 3.3792249300e-01 0 0
194 1.8632667630e+01 1.8636300774e+01 1.8636300774e+01 1.8738215901e+01 1.8847237690e+01 2.3799701071e+00 2.3977100620e+00 2.3977100620e+00 2.3878299282e+00 2.3956209439e+00 3.3249578612e-01 3.3822663687e-01 3.3441901393e-01 3.2511368763e-01 3.2983869687e-01 3.3176230267e-01 0 0
195 1.8264776192e+01 1.8481645707e+01 1.8481645707e+01 1.8546941640e+01 1.8645688644e+01 2.3653527020e+00 2.3830839410e+00 2.3830839410e+00 2.3732953536e+00 2.3807629817e+00 3.3011117622e-01 3.4008671902e-01 3.3022685535e-01 3.2025431773e-01 3.2514067553e-01 3.2462634891e-01 0 0
196 1.7969057909e+01 1.8254056297e+01 1.8254056297e+01 1.8130505377e+01 1.8334273066e+01 2.3512714956e+00 2.3685612716e+00 2.3685612716e+00 2.3589208694e+00 2.3661023715e+00 3.3599649862e-01 3.4098795801e-01 3.2602841966e-01 3.1545257168e-01 3.2200559601e-01 3.1877372600e-01 0 0
197 1.7721715550e+01 1.8022960853e+01 1.8022960853e+01 1.7842163229e+01 1.8015601073e+01 2.3374453203e+00 2.3541632471e+00 2.3541632471e+00 2.3448364609e+00 2.3517380517e+00 3.3152354992e-01 3.2691249065e-01 3.2529740036e-01 3.0882552603e-01 3.1044684909e-01 3.1332365051e-01 0 0
198 1.7544536052e+01 1.7868137990e+01 1.7868137990e+01 1.7618796698e+01 1.7798272055e+01 2.3238921576e+00 2.3400268408e+00 2.3400268408e+00 2.3308035679e+00 2.3376891142e+00 3.2997044530e-01 3.1231129915e-01 3.1312154233e-01 3.0371980215e-01 3.0133603700e-01 3.0246565118e-01 0 0
199 1.7524562898e+01 1.7632198947e+01 1.7632198947e+01 1.7552617126e+01 1.7589606710e+01 2.3102030721e+00 2.3260727347e+00 2.3260727347e+00 2.3170847820e+00 2.3239799394e+00 3.0270583970e-01 3.0250514857e-01 3.1749774516e-01 2.9092543069e-01 2.9184023477e-01 2.9942543618e-01 0 0
200 1.7296514254e+01 1.7518700771e+01 1.7518700771e+01 1.7412777675e+01 1.7479834573e+01 2.2964913897e+00 2.3122796702e+00 2.3122796702e+00 2.3032882138e+00 2.3104632611e+00 2.9371320437e-01 2.9148919135e-01 3.0799812824e-01 2.8503071715e-01 2.8579546511e-01 2.9136542045e-01 0 0
201 1.7129452475e+01 1.7171771034e+01 1.7171771034e+01 1.7168588895e+01 1.7159054053e+01 2.2830155950e+00 2.2983861962e+00 2.2983861962e+00 2.2897027831e+00 2.2968144907e+00 2.8553860761e-01 2.9042200744e-01 3.0076488107e-01 2.7660774576e-01 2.8114491701e-01 2.8777694330e-01 0 0
202 1.6966154281e+01 1.6951293284e+01 1.6951293284e+01 1.7078167663e+01 1.6980986565e+01 2.2694619501e+00 2.2847482638e+00 2.2847482638e+00 2.2763679364e+00 2.2833010459e+00 2.6682910163e-01 2.8228251077e-01 2.8527987190e-01 2.6625479599e-01 2.7257815003e-01 2.7677530982e-01 0 0
203 1.6812576363e+01 1.6882477185e+01 1.6882477185e+01 1.6818839654e+01 1.6954087134e+01 2.2559458456e+00 2.2712873410e+00 2.2712873410e+00 2.2628743510e+00 2.2698677260e+00 2.6457003022e-01 2.7052483149e-01 2.7077879757e-01 2.6326707498e-01 2.6674051769e-01 2.6691848971e-01 0 0
204 1.6883932113e+01 1.6619410443e+01 1.6619410443e+01 1.6776952893e+01 1.6728915481e+01 2.2424215853e+00 2.2578055988e+00 2.2578055988e+00 2.2495252089e+00 2.2563554406e+00 2.5725253045e-01 2.6833208092e-01 2.6724022441e-01 2.5826041985e-01 2.6276291162e-01 2.6444442011e-01 0 0
205 1.6756556110e+01 1.6700254445e+01 1.6700254445e+01 1.6746980082e+01 1.6861985451e+01 2.2287430282e+00 2.2444590242e+00 2.2444590242e+00 2.2361638405e+00 2.2429186342e+00 2.5776382918e-01 2.6799784042e-01 2.6088320650e-01 2.5848206616e-01 2.6131061651e-01 2.5907451473e-01 0 0
206 1.6737235791e+01 1.6568321500e+01 1.6568321500e+01 1.6587798062e+01 1.6763023438e+01 2.2151528450e+00 2.2310134075e+00 2.2310134075e+00 2.2228548121e+00 2.2293674244e+00 2.5773612198e-01 2.7796319127e-01 2.6282371208e-01 2.5638565779e-01 2.6418797299e-01 2.5979146920e-01 0 0
207 1.6750600648e+01 1.6462196277e+01 1.6462196277e+01 1.6573641733e+01 1.6668767466e+01 2.2014302314e+00 2.2175705116e+00 2.2175705116e+00 2.2096395620e+00 2.2158303108e+00 2.5303579709e-01 2.7823490836e-01 2.6364637725e-01 2.5449969394e-01 2.6225173473e-01 2.5874178670e-01 0 0
208 1.6474872522e+01 1.6453137984e+01 1.6453137984e+01 1.6517855375e+01 1.6620623249e+01 2.1879155609e+00 2.2040389787e+00 2.2040389787e+00 2.1963003143e+00 2.2021731430e+00 2.5864690990e-01 2.7775504254e-01 2.5495483354e-01 2.5480624300e-01 2.6267206855e-01 2.5465428270e-01 0 0
209 1.6219504467e+01 1.6299029287e+01 1.6299029287e+01 1.6268616327e+01 1.6388952935e+01 2.1747650613e+00 2.1906461766e+00 2.1906461766e+00 2.1832538620e+00 2.1886695504e+00 2.4770560652e-01 2.7720698528e-01 2.6007525995e-01 2.4564191198e-01 2.5905397534e-01 2.5535747036e-01 0 0
210 1.5910939020e+01 1.6045821381e+01 1.6045821381e+01 1.6042036863e+01 1.6091980476e+01 2.1620204083e+00 2.1777996905e+00 2.1777996905e+00 2.1704717726e+00 2.1757585085e+00 2.4082576309e-01 2.6040669717e-01 2.5966293924e-01 2.3815171231e-01 2.4816231150e-01 2.4902354181e-01 0 0
211 1.5831150303e+01 1.5773445723e+01 1.5773445723e+01 1.5838213493e+01 1.5773464224e+01 2.1494836784e+00 2.1652778843e+00 2.1652778843e+00 2.1580217607e+00 2.1633102293e+00 2.3163616729e-01 2.5035732239e-01 2.6024268195e-01 2.3103443812e-01 2.3985077441e-01 2.4449493270e-01 0 0
212 1.5610001995e+01 1.5646794370e+01 1.5646794370e+01 1.5732560812e+01 1.5659364920e+01 2.1371231620e+00 2.1530455991e+00 2.1530455991e+00 2.1456971775e+00 2.1512255071e+00 2.2673567555e-01 2.3924901895e-01 2.5726211630e-01 2.2653701504e-01 2.3267807066e-01 2.3911283817e-01 0 0
213 1.5380388827e+01 1.5470750837e+01 1.5470750837e+01 1.5475837949e+01 1.5529821441e+01 2.1251755743e+00 2.1409088080e+00 2.1409088080e+00 2.1335653648e+00 2.1392227222e+00 2.2692369990e-01 2.3486806732e-01 2.5198400766e-01 2.2231891149e-01 2.2822976857e-01 2.3523092829e-01 0 0
214 1.4984314878e+01 1.5148109122e+01 1.5148109122e+01 1.5175004253e+01 1.5265950351e+01 2.1134235436e+00 2.1290237015e+00 2.1290237015e+00 2.1218405141e+00 2.1273733369e+00 2.1720105754e-01 2.3296817672e-01 2.4226489197e-01 2.1454083826e-01 2.2288003471e-01 2.2865067702e-01 0 0
215 1.4840748487e+01 1.4895149496e+01 1.4895149496e+01 1.4807131668e+01 1.5041630133e+01 2.1019298857e+00 2.1175334342e+00 2.1175334342e+00 2.1103679159e+00 2.1158299452e+00 2.0521236503e-01 2.2443994973e-01 2.3052181210e-01 2.0480983349e-01 2.1516184974e-01 2.1931806579e-01 0 0
216 1.4843826409e+01 1.4622799961e+01 1.4622799961e+01 1.4755023812e+01 1.4731309849e+01 2.0904566826e+00 2.1062451615e+00 2.1062451615e+00 2.0991823059e+00 2.1044722293e+00 1.9944590483e-01 2.1763121709e-01 2.2033494059e-01 2.0035661332e-01 2.0765937958e-01 2.1122301277e-01 0 0
217 1.4741876846e+01 1.4736486419e+01 1.4736486419e+01 1.4710255628e+01 1.4816839685e+01 2.0789225965e+00 2.0950182564e+00 2.0950182564e+00 2.0879002355e+00 2.0931673196e+00 2.0168310461e-01 2.1255907603e-01 2.0768540818e-01 2.0062637553e-01 2.0481352881e-01 2.0306649711e-01 0 0
218 1.4571594544e+01 1.4634755590e+01 1.4634755590e+01 1.4588198208e+01 1.4657973719e+01 2.0675394653e+00 2.0836543604e+00 2.0836543604e+00 2.0764824980e+00 2.0817938638e+00 2.0341503803e-01 2.0913160406e-01 2.0874224324e-01 1.9883248080e-01 2.0300357696e-01 2.0297786873e-01 0 0
219 1.4244524777e+01 1.4474203907e+01 1.4474203907e+01 1.4505610071e+01 1.4461813201e+01 2.0562211607e+00 2.0722253926e+00 2.0722253926e+00 2.0651900553e+00 2.0703987492e+00 2.0106950906e-01 2.0762347057e-01 2.0797087345e-01 1.9569043689e-01 1.9973921776e-01 2.0137107093e-01 0 0
220 1.4245495290e+01 1.4326856052e+01 1.4326856052e+01 1.4236844465e+01 1.4292117335e+01 2.0450578511e+00 2.0609516911e+00 2.0609516911e+00 2.0539814707e+00 2.0591432360e+00 1.9175317344e-01 2.0395653136e-01 2.0381992403e-01 1.8838121057e-01 1.9588809181e-01 1.9671251532e-01 0 0
221 1.4103418330e+01 1.4085941291e+01 1.4085941291e+01 1.4233779845e+01 1.4108294576e+01 2.0341417155e+00 2.0498951815e+00 2.0498951815e+00 2.0428614239e+00 2.0480939327e+00 1.9789671704e-01 1.9405327830e-01 2.0328985341e-01 1.8837479299e-01 1.8897446338e-01 1.9335021731e-01 0 0
222 1.3948863403e+01 1.4023516386e+01 1.4023516386e+01 1.4114094195e+01 1.4092212060e+01 2.0230231903e+00 2.0389005882e+00 2.0389005882e+00 2.0316555663e+00 2.0370127637e+00 1.9410775339e-01 1.8811470177e-01 1.9345871452e-01 1.8767464780e-01 1.8589342572e-01 1.8771916907e-01 0 0
223 1.3867855314e+01 1.3927527722e+01 1.3927527722e+01 1.4071280015e+01 1.4046774994e+01 2.0121159294e+00 2.0279977179e+00 2.0279977179e+00 2.0202878766e+00 2.0259576533e+00 1.9461073125e-01 1.7932157870e-01 1.9244229980e-01 1.8545975080e-01 1.8224739097e-01 1.8629146181e-01 0 0
224 1.3779053976e+01 1.3855572821e+01 1.3855572821e+01 1.4058026632e+01 1.3932018896e+01 2.0012086366e+00 2.0170436114e+00 2.0170436114e+00 2.0092702739e+00 2.0148600185e+00 1.8945851400e-01 1.8556180131e-01 1.9171128049e-01 1.8221744309e-01 1.8183186185e-01 1.8578976113e-01 0 0
225 1.3846762199e+01 1.3827506497e+01 1.3827506497e+01 1.3855337834e+01 1.3928326723e+01 1.9902954376e+00 2.0063250290e+00 2.0063250290e+00 1.9981393147e+00 2.0040911412e+00 1.8791545946e-01 1.7947256099e-01 1.9179471303e-01 1.8086464088e-01 1.7898883298e-01 1.8228560966e-01 0 0
226 1.3736172023e+01 1.3697898782e+01 1.3697898782e+01 1.3853950342e+01 1.3735688964e+01 1.9793456069e+00 1.9952995619e+00 1.9952995619e+00 1.9869777529e+00 1.9932053037e+00 1.8429045169e-01 1.7515035160e-01 1.9256467745e-01 1.7904037755e-01 1.7645993736e-01 1.8294386379e-01 0 0
227 1.3626220353e+01 1.3743187899e+01 1.3743187899e+01 1.3732503544e+01 1.3693166944e+01 1.9684539193e+00 1.9842594231e+00 1.9842594231e+00 1.9758898498e+00 1.9822795491e+00 1.7738791477e-01 1.7408723384e-01 1.8485094607e-01 1.7462107499e-01 1.7491466366e-01 1.7904795986e-01 0 0
228 1.3602067503e+01 1.3613771064e+01 1.3613771064e+01 1.3623746832e+01 1.3548945884e+01 1.9576700951e+00 1.9733869871e+00 1.9733869871e+00 1.9649859921e+00 1.9715401299e+00 1.7325102061e-01 1.7238650285e-01 1.8651708309e-01 1.7083735977e-01 1.7202178482e-01 1.7785041779e-01 0 0
229 1.3425192717e+01 1.3473328983e+01 1.3473328983e+01 1.3543707841e+01 1.3434021894e+01 1.9469224061e+00 1.9626229892e+00 1.9626229892e+00 1.9541735592e+00 1.9609186125e+00 1.7113062899e-01 1.7042302806e-01 1.8394223880e-01 1.6887180814e-01 1.6945035290e-01 1.7498228420e-01 0 0
230 1.3357340204e+01 1.3365407766e+01 1.3365407766e+01 1.3377786293e+01 1.3372682317e+01 1.9362161328e+00 1.9518638527e+00 1.9518638527e+00 1.9433694121e+00 1.9502532377e+00 1.6640492008e-01 1.6721890401e-01 1.7715753708e-01 1.6566413591e-01 1.6714571416e-01 1.7124232370e-01 0 0
231 1.3267908606e+01 1.3263556114e+01 1.3263556114e+01 1.3366722255e+01 1.3309996392e+01 1.9256497771e+00 1.9411793646e+00 1.9411793646e+00 1.9326655547e+00 1.9395665911e+00 1.6499365483e-01 1.6346070357e-01 1.7075965833e-01 1.6327853807e-01 1.6400614288e-01 1.6766625084e-01 0 0
232 1.3057018177e+01 1.3207565013e+01 1.3207565013e+01 1.3241093719e+01 1.3307378151e+01 1.9152642097e+00 1.9307250024e+00 1.9307250024e+00 1.9221028109e+00 1.9289873489e+00 1.6859429181e-01 1.6396696214e-01 1.6675041895e-01 1.6301807057e-01 1.6253676545e-01 1.6439768393e-01 0 0
233 1.2931299602e+01 1.3000421370e+01 1.3000421370e+01 1.3078513811e+01 1.3142727678e+01 1.9048614319e+00 1.9204623466e+00 1.9204623466e+00 1.9116653171e+00 1.9185079346e+00 1.6232946150e-01 1.6453410033e-01 1.6663610283e-01 1.5930166530e-01 1.6118760873e-01 1.6290663555e-01 0 0
234 1.2775777584e+01 1.2876646066e+01 1.2876646066e+01 1.2950382398e+01 1.3008834185e+01 1.8948108015e+00 1.9103211602e+00 1.9103211602e+00 1.9012068655e+00 1.9081122404e+00 1.6674567255e-01 1.5784110501e-01 1.6396031901e-01 1.5817543458e-01 1.5732721705e-01 1.6022466775e-01 0 0
235 1.2575994416e+01 1.2834980516e+01 1.2834980516e+01 1.2794176276e+01 1.2878015776e+01 1.8849180731e+00 1.9002562852e+00 1.9002562852e+00 1.8910809129e+00 1.8978147212e+00 1.6579628583e-01 1.5963837598e-01 1.6070029046e-01 1.5610610516e-01 1.5516364947e-01 1.5726177301e-01 0 0
236 1.2553854964e+01 1.2658165003e+01 1.2658165003e+01 1.2569908501e+01 1.2714690739e+01 1.8750028297e+00 1.8903700382e+00 1.8903700382e+00 1.8810487385e+00 1.8879513649e+00 1.5714321143e-01 1.5609810594e-01 1.6651333589e-01 1.5138086308e-01 1.5229425952e-01 1.5613847785e-01 0 0
237 1.2632153411e+01 1.2549506457e+01 1.2549506457e+01 1.2537293078e+01 1.2529354190e+01 1.8649622976e+00 1.8803693653e+00 1.8803693653e+00 1.8709815396e+00 1.8781838033e+00 1.5544320357e-01 1.4938290790e-01 1.6634374205e-01 1.5036392773e-01 1.4833938424e-01 1.5478059463e-01 0 0
238 1.2678539793e+01 1.2573741229e+01 1.2573741229e+01 1.2578818431e+01 1.2561881966e+01 1.8547520623e+00 1.8703548359e+00 1.8703548359e+00 1.8608720634e+00 1.8683957210e+00 1.5409352807e-01 1.5338118188e-01 1.6253574658e-01 1.4993576207e-01 1.4944465924e-01 1.5222654492e-01 0 0
239 1.2570319011e+01 1.2568347083e+01 1.2568347083e+01 1.2538041935e+01 1.2598434145e+01 1.8443969674e+00 1.8601483875e+00 1.8601483875e+00 1.8506022209e+00 1.8584141770e+00 1.5302089321e-01 1.5391755477e-01 1.6419709940e-01 1.4980903079e-01 1.4998302422e-01 1.5332151111e-01 0 0
240 1.2532307055e+01 1.2512015709e+01 1.2512015709e+01 1.2455838203e+01 1.2576506820e+01 1.8340992073e+00 1.8497470586e+00 1.8497470586e+00 1.8403336895e+00 1.8481146171e+00 1.4655162172e-01 1.5393919777e-01 1.5519469883e-01 1.4575104829e-01 1.4942774456e-01 1.5055651125e-01 0 0
241 1.2551798000e+01 1.2422019334e+01 1.2422019334e+01 1.2481144684e+01 1.2545477194e+01 1.8238639038e+00 1.8395029906e+00 1.8395029906e+00 1.8301430908e+00 1.8378669493e+00 1.4606533235e-01 1.4909020532e-01 1.5277257562e-01 1.4449324039e-01 1.4601880405e-01 1.4851009008e-01 0 0
242 1.2329252384e+01 1.2361788392e+01 1.2361788392e+01 1.2441560092e+01 1.2535515571e+01 1.8136011271e+00 1.8293561454e+00 1.8293561454e+00 1.8199504355e+00 1.8276452324e+00 1.4737388612e-01 1.4929293282e-01 1.4779087622e-01 1.4475362075e-01 1.4557978045e-01 1.4537645318e-01 0 0
243 1.2246691034e+01 1.2250084702e+01 1.2250084702e+01 1.2223040206e+01 1.2429423408e+01 1.8035105023e+00 1.8191635895e+00 1.8191635895e+00 1.8097548244e+00 1.8173403805e+00 1.4020644542e-01 1.4739301335e-01 1.4515010454e-01 1.3972503156e-01 1.4415020403e-01 1.4414219186e-01 0 0
244 1.2191661919e+01 1.2104573771e+01 1.2104573771e+01 1.2192114010e+01 1.2267884026e+01 1.7935126439e+00 1.8091135166e+00 1.8091135166e+00 1.7996814465e+00 1.8071460217e+00 1.3851031119e-01 1.3769216929e-01 1.4258653019e-01 1.3821985855e-01 1.3828579150e-01 1.4161612280e-01 0 0
245 1.2230453787e+01 1.2081166742e+01 1.2081166742e+01 1.2183133639e+01 1.2257739055e+01 1.7836556347e+00 1.7993013595e+00 1.7993013595e+00 1.7897745831e+00 1.7971751513e+00 1.3676825644e-01 1.3954836503e-01 1.3872465584e-01 1.3619078971e-01 1.3806490414e-01 1.3796350453e-01 0 0
246 1.2049668195e+01 1.2021248125e+01 1.2021248125e+01 1.2159141844e+01 1.2199135806e+01 1.7738243661e+00 1.7894950400e+00 1.7894950400e+00 1.7799151166e+00 1.7873219163e+00 1.3785395410e-01 1.3658618182e-01 1.4170055557e-01 1.3630214408e-01 1.3603563979e-01 1.3864511810e-01 0 0
247 1.2011745731e+01 1.2038783026e+01 1.2038783026e+01 1.2020657799e+01 1.2121197134e+01 1.7640909567e+00 1.7797001555e+00 1.7797001555e+00 1.7701170340e+00 1.7774285724e+00 1.3385872166e-01 1.3704522513e-01 1.3477796316e-01 1.3342466924e-01 1.3558247779e-01 1.3524658792e-01 0 0
248 1.1941593173e+01 1.1913075651e+01 1.1913075651e+01 1.2005640294e+01 1.2029366482e+01 1.7544868849e+00 1.7700377001e+00 1.7700377001e+00 1.7604285836e+00 1.7676607657e+00 1.3518268950e-01 1.3343569729e-01 1.3583747949e-01 1.3310451972e-01 1.3285218552e-01 1.3463438116e-01 0 0
249 1.1703807431e+01 1.1889237713e+01 1.1889237713e+01 1.1862826964e+01 1.2008337621e+01 1.7450418907e+00 1.7605002591e+00 1.7605002591e+00 1.7509558164e+00 1.7579940620e+00 1.3609949433e-01 1.3819014560e-01 1.3355731219e-01 1.3239894844e-01 1.3362668268e-01 1.3266324438e-01 0 0
250 1.1568553140e+01 1.1662548174e+01 1.1662548174e+01 1.1661485820e+01 1.1803602228e+01 1.7357530939e+00 1.7510373018e+00 1.7510373018e+00 1.7417402208e+00 1.7484164832e+00 1.3069281400e-01 1.4116733335e-01 1.3438448124e-01 1.2834089797e-01 1.3309854176e-01 1.3240793720e-01 0 0
251 1.1476079682e+01 1.1542915873e+01 1.1542915873e+01 1.1551014160e+01 1.1634973411e+01 1.7266640394e+00 1.7418244938e+00 1.7418244938e+00 1.7327680717e+00 1.7389942532e+00 1.2876481371e-01 1.3960826397e-01 1.2997650728e-01 1.2542585254e-01 1.3020457514e-01 1.2897568382e-01 0 0
252 1.1318687632e+01 1.1474470245e+01 1.1474470245e+01 1.1430910557e+01 1.1564186427e+01 1.7176825162e+00 1.7328692049e+00 1.7328692049e+00 1.7239499533e+00 1.7297968780e+00 1.2971451191e-01 1.4002954308e-01 1.2671215553e-01 1.2472072834e-01 1.2870245427e-01 1.2537259795e-01 0 0
253 1.1268097215e+01 1.1344605469e+01 1.1344605469e+01 1.1343903596e+01 1.1399427323e+01 1.7087815405e+00 1.7239023274e+00 1.7239023274e+00 1.7150611492e+00 1.7207423906e+00 1.2760219087e-01 1.3517660461e-01 1.2732157111e-01 1.2275099208e-01 1.2652057875e-01 1.2412117282e-01 0 0
254 1.1212058848e+01 1.1277642770e+01 1.1277642770e+01 1.1354144250e+01 1.1278183962e+01 1.6999451966e+00 1.7149075995e+00 1.7149075995e+00 1.7061541147e+00 1.7117323057e+00 1.2820629634e-01 1.2737083249e-01 1.2605688348e-01 1.2204859090e-01 1.2255429709e-01 1.2277193228e-01 0 0
255 1.1129195898e+01 1.1266760992e+01 1.1266760992e+01 1.1266060449e+01 1.1265327270e+01 1.6911242808e+00 1.7060114183e+00 1.7060114183e+00 1.6972769770e+00 1.7028351564e+00 1.2384312175e-01 1.2569629028e-01 1.2463601166e-01 1.1930396974e-01 1.2098630983e-01 1.2090650480e-01 0 0
256 1.0961661619e+01 1.1140149720e+01 1.1140149720e+01 1.1158398034e+01 1.1144125368e+01 1.6823326369e+00 1.6970992088e+00 1.6970992088e+00 1.6883953602e+00 1.6940768405e+00 1.1926722518e-01 1.1980259093e-01 1.2751121633e-01 1.1655196626e-01 1.1761674518e-01 1.2078292482e-01 0 0
257 1.0816464422e+01 1.1072129708e+01 1.1072129708e+01 1.0956312818e+01 1.0986442187e+01 1.6737214898e+00 1.6882482855e+00 1.6882482855e+00 1.6796552790e+00 1.6853297293e+00 1.1206730418e-01 1.1698024394e-01 1.2282458367e-01 1.1161977642e-01 1.1501635052e-01 1.1797834234e-01 0 0
258 1.0786877229e+01 1.0897477696e+01 1.0897477696e+01 1.0816056433e+01 1.0857545548e+01 1.6653682734e+00 1.6796055063e+00 1.6796055063e+00 1.6711804920e+00 1.6768169298e+00 1.0819384000e-01 1.1265225383e-01 1.2107249722e-01 1.0780613870e-01 1.1095402716e-01 1.1533602234e-01 0 0
259 1.0756892740e+01 1.0772375905e+01 1.0772375905e+01 1.0766099097e+01 1.0744115949e+01 1.6569896787e+00 1.6711876915e+00 1.6711876915e+00 1.6628863885e+00 1.6685421343e+00 1.0793044043e-01 1.0971341375e-01 1.1683231825e-01 1.0748600512e-01 1.0808289517e-01 1.1152115092e-01 0 0
260 1.0708759632e+01 1.0685311077e+01 1.0685311077e+01 1.0698019862e+01 1.0697753984e+01 1.6486101633e+00 1.6628438551e+00 1.6628438551e+00 1.6545141346e+00 1.6603272699e+00 1.0876821332e-01 1.0888902238e-01 1.1278088670e-01 1.0764748455e-01 1.0785181681e-01 1.0889139259e-01 0 0
261 1.0558293632e+01 1.0716671400e+01 1.0716671400e+01 1.0649743832e+01 1.0663655144e+01 1.6404704515e+00 1.6544069796e+00 1.6544069796e+00 1.6462596864e+00 1.6520273596e+00 1.1116362948e-01 1.1160993716e-01 1.1215903005e-01 1.0707666610e-01 1.0815326450e-01 1.0884639388e-01 0 0
262 1.0355955316e+01 1.0607868340e+01 1.0607868340e+01 1.0459062518e+01 1.0556917916e+01 1.6326139939e+00 1.6460572158e+00 1.6460572158e+00 1.6382926203e+00 1.6438669336e+00 1.1343041520e-01 1.1645368952e-01 1.1444712104e-01 1.0596557572e-01 1.0835609352e-01 1.0876858747e-01 0 0
263 1.0230176847e+01 1.0411299480e+01 1.0411299480e+01 1.0244292461e+01 1.0382996155e+01 1.6249849740e+00 1.6378475995e+00 1.6378475995e+00 1.6304868926e+00 1.6358951164e+00 1.1167008199e-01 1.1450946517e-01 1.1491213879e-01 1.0319769267e-01 1.0605803085e-01 1.0752595961e-01 0 0
264 1.0315062020e+01 1.0264312800e+01 1.0264312800e+01 1.0278795361e+01 1.0248855294e+01 1.6172745165e+00 1.6298411702e+00 1.6298411702e+00 1.6227763903e+00 1.6280549157e+00 1.0874123165e-01 1.0764462594e-01 1.0918226698e-01 1.0202729601e-01 1.0175004043e-01 1.0361962067e-01 0 0
265 1.0297801531e+01 1.0260071435e+01 1.0260071435e+01 1.0379991319e+01 1.0283006280e+01 1.6095024176e+00 1.6219984479e+00 1.6219984479e+00 1.6149374979e+00 1.6202871767e+00 1.1015302691e-01 1.0477946419e-01 1.0388358356e-01 1.0291527664e-01 1.0091134254e-01 1.0015259590e-01 0 0
266 1.0236837288e+01 1.0264513858e+01 1.0264513858e+01 1.0314747375e+01 1.0331525327e+01 1.6016524332e+00 1.6140367995e+00 1.6140367995e+00 1.6070753613e+00 1.6123477568e+00 1.0407482024e-01 1.0580129130e-01 1.0279717855e-01 1.0036948327e-01 1.0139385657e-01 1.0045289900e-01 0 0
267 1.0252198015e+01 1.0157564143e+01 1.0157564143e+01 1.0257885807e+01 1.0254791907e+01 1.5938079097e+00 1.6061627506e+00 1.6061627506e+00 1.5992039049e+00 1.6044221473e+00 9.9381755315e-02 1.0120533546e-01 1.0183022870e-01 9.7764245188e-02 9.9034584127e-02 9.9763238803e-02 0 0
268 1.0172649645e+01 1.0098669406e+01 1.0098669406e+01 1.0220939845e+01 1.0224041143e+01 1.5859580852e+00 1.5984184177e+00 1.5984184177e+00 1.5913484421e+00 1.5965460077e+00 9.9118549530e-02 9.8662344273e-02 9.8850625101e-02 9.7401057677e-02 9.7411857918e-02 9.7762195393e-02 0 0
269 1.0160903104e+01 1.0045594224e+01 1.0045594224e+01 1.0147798984e+01 1.0206802430e+01 1.5780757736e+00 1.5907361338e+00 1.5907361338e+00 1.5834669134e+00 1.5887298488e+00 9.4072699800e-02 9.7407061141e-02 9.9170936272e-02 9.4837750959e-02 9.6668629907e-02 9.7270776052e-02 0 0
270 1.0080091872e+01 1.0023931478e+01 1.0023931478e+01 1.0116056330e+01 1.0124665667e+01 1.5702564391e+00 1.5830138603e+00 1.5830138603e+00 1.5755559967e+00 1.5809206584e+00 9.5151593926e-02 9.2515372206e-02 9.8728374112e-02 9.4701582217e-02 9.4125296455e-02 9.6730381250e-02 0 0
271 9.9765507778e+00 9.9952564433e+00 9.9952564433e+00 1.0042142854e+01 1.0055573158e+01 1.5625492027e+00 1.5752957841e+00 1.5752957841e+00 1.5677720006e+00 1.5730767001e+00 9.4387373972e-02 9.5116245560e-02 9.4562141690e-02 9.3281646422e-02 9.4381364528e-02 9.4600854907e-02 0 0
272 9.8108989783e+00 9.9184791340e+00 9.9184791340e+00 9.8809687768e+00 9.9676601089e+00 1.5549665733e+00 1.5676529193e+00 1.5676529193e+00 1.5600839515e+00 1.5653932018e+00 9.3172556979e-02 9.3662872910e-02 9.7279668786e-02 9.1556052479e-02 9.2694314197e-02 9.4680132344e-02 0 0
273 9.7808453889e+00 9.7820822267e+00 9.7820822267e+00 9.7331551512e+00 9.7777754977e+00 1.5474592473e+00 1.5600614723e+00 1.5600614723e+00 1.5525641619e+00 1.5578040887e+00 8.8771881233e-02 9.2598872259e-02 9.5112127718e-02 8.8519582817e-02 9.0775113087e-02 9.2634403147e-02 0 0
274 9.7459344648e+00 9.6487217664e+00 9.6487217664e+00 9.7220123311e+00 9.6735539127e+00 1.5399439230e+00 1.5526332878e+00 1.5526332878e+00 1.5451286291e+00 1.5504666470e+00 8.8487706549e-02 9.0218202677e-02 9.6088212915e-02 8.8169497739e-02 8.8716457598e-02 9.1166397557e-02 0 0
275 9.6840215319e+00 9.6553840125e+00 9.6553840125e+00 9.6188604912e+00 9.6764738769e+00 1.5324503348e+00 1.5452156365e+00 1.5452156365e+00 1.5377018901e+00 1.5432137089e+00 8.6711179759e-02 9.1432053130e-02 9.6717816778e-02 8.7046270114e-02 8.9046385139e-02 9.0597814415e-02 0 0
276 9.6494113697e+00 9.5640381218e+00 9.5640381218e+00 9.5591518549e+00 9.5960848076e+00 1.5250812750e+00 1.5377766833e+00 1.5377766833e+00 1.5302988406e+00 1.5359243298e+00 8.6272814927e-02 8.9054551907e-02 9.6993357409e-02 8.6032959417e-02 8.7656303775e-02 9.0769169386e-02 0 0
277 9.4577435122e+00 9.5303154159e+00 9.5303154159e+00 9.5107629441e+00 9.5836159429e+00 1.5178525601e+00 1.5305058179e+00 1.5305058179e+00 1.5230105506e+00 1.5286547405e+00 8.6289402104e-02 8.8152621407e-02 9.2927463818e-02 8.5188658550e-02 8.6486467160e-02 8.8660880923e-02 0 0
278 9.3562734379e+00 9.4390136313e+00 9.4390136313e+00 9.3357636886e+00 9.5165752068e+00 1.5107937270e+00 1.5234229786e+00 1.5234229786e+00 1.5158548841e+00 1.5214857755e+00 8.3313272574e-02 8.7057898287e-02 9.1711250599e-02 8.2615371833e-02 8.5105615668e-02 8.7436104193e-02 0 0
279 9.2395026599e+00 9.2702011979e+00 9.2702011979e+00 9.2877115690e+00 9.3383919143e+00 1.5037964745e+00 1.5164652899e+00 1.5164652899e+00 1.5088986308e+00 1.5144229854e+00 8.0154271065e-02 8.4473371971e-02 8.8938639965e-02 8.0414623120e-02 8.2523460966e-02 8.5382286459e-02 0 0
280 9.1385336392e+00 9.1960376334e+00 9.1960376334e+00 9.1521803629e+00 9.2693930775e+00 1.4969532800e+00 1.5096640037e+00 1.5096640037e+00 1.5020522549e+00 1.5075460693e+00 7.9196964562e-02 8.3764028735e-02 8.6037098430e-02 7.8809524260e-02 8.1270045601e-02 8.2711784635e-02 0 0
281 9.0500053755e+00 9.0491934064e+00 9.0491934064e+00 9.0322264041e+00 9.0997752256e+00 1.4902693603e+00 1.5028617074e+00 1.5028617074e+00 1.4953452984e+00 1.5007369136e+00 7.7896708431e-02 8.2958058920e-02 8.4500018507e-02 7.7134655789e-02 7.9812178388e-02 8.1328979228e-02 0 0
282 9.0483473150e+00 8.9564362639e+00 8.9564362639e+00 8.9815491055e+00 8.9889891875e+00 1.4835710829e+00 1.4961601294e+00 1.4961601294e+00 1.4887749119e+00 1.4940523002e+00 7.3715179868e-02 8.0624361522e-02 8.2412605640e-02 7.4858350163e-02 7.7738090884e-02 7.9329427332e-02 0 0
283 9.0885584760e+00 8.9249614982e+00 8.9249614982e+00 9.0118180672e+00 8.9339232857e+00 1.4768785525e+00 1.4895867654e+00 1.4895867654e+00 1.4822573783e+00 1.4875048337e+00 7.5956549936e-02 7.9007304274e-02 8.0308219884e-02 7.5622802395e-02 7.6406528708e-02 7.7348693274e-02 0 0
284 8.8867175673e+00 8.9131102793e+00 8.9131102793e+00 8.9732138129e+00 8.9517127183e+00 1.4702128453e+00 1.4830171049e+00 1.4830171049e+00 1.4757195733e+00 1.4809624531e+00 7.7039600332e-02 8.2584595308e-02 7.8889476601e-02 7.5713636898e-02 7.7889676206e-02 7.6401930302e-02 0 0
285 8.7863793634e+00 8.9055625249e+00 8.9055625249e+00 8.7996833614e+00 8.9448334278e+00 1.4635913085e+00 1.4763368681e+00 1.4763368681e+00 1.4692054815e+00 1.4743542020e+00 7.2471011798e-02 8.1562646199e-02 8.0351511016e-02 7.2789934591e-02 7.6944518369e-02 7.7142013237e-02 0 0
286 8.7266681758e+00 8.7642318516e+00 8.7642318516e+00 8.7189686519e+00 8.8310711561e+00 1.4570825902e+00 1.4697463190e+00 1.4697463190e+00 1.4628385279e+00 1.4678387298e+00 7.2106386223e-02 7.9885666724e-02 7.9687414691e-02 7.1641945084e-02 7.4926974252e-02 7.5929844286e-02 0 0
287 8.6655859465e+00 8.6469915020e+00 8.6469915020e+00 8.6084336114e+00 8.7186828392e+00 1.4506548643e+00 1.4632549931e+00 1.4632549931e+00 1.4564486666e+00 1.4614232503e+00 7.2010892885e-02 7.8018107451e-02 7.8088754322e-02 7.0765420142e-02 7.3791378643e-02 7.4245514348e-02 0 0
288 8.5512156047e+00 8.5560077641e+00 8.5560077641e+00 8.6118893699e+00 8.5799356853e+00 1.4441645198e+00 1.4567560559e+00 1.4567560559e+00 1.4500670169e+00 1.4549410759e+00 7.0140396929e-02 7.3800733313e-02 7.3940775357e-02 6.9662109813e-02 7.1339555085e-02 7.2226929478e-02 0 0
289 8.4923269791e+00 8.5665318262e+00 8.5665318262e+00 8.5837490635e+00 8.6035446669e+00 1.4378691280e+00 1.4504154705e+00 1.4504154705e+00 1.4437130948e+00 1.4485571683e+00 6.9857265873e-02 7.3254399467e-02 7.2044452187e-02 6.8111522165e-02 7.0465501864e-02 7.0337007288e-02 0 0
290 8.4214055914e+00 8.4576645259e+00 8.4576645259e+00 8.4451241415e+00 8.5051806314e+00 1.4316165208e+00 1.4440940317e+00 1.4440940317e+00 1.4374155246e+00 1.4422551938e+00 7.0366984386e-02 7.2251712438e-02 7.4139481410e-02 6.7987118877e-02 6.9259113166e-02 7.0476018824e-02 0 0
291 8.3437475111e+00 8.3515076881e+00 8.3515076881e+00 8.4730746217e+00 8.3951993439e+00 1.4254011607e+00 1.4378311111e+00 1.4378311111e+00 1.4310219188e+00 1.4360546207e+00 7.2414493962e-02 6.6598822363e-02 7.3688762262e-02 6.8650118420e-02 6.6851603799e-02 6.9308865350e-02 0 0
292 8.3364036218e+00 8.3863944358e+00 8.3863944358e+00 8.4280852173e+00 8.4332570463e+00 1.4193095226e+00 1.4315817709e+00 1.4315817709e+00 1.4246927261e+00 1.4298615859e+00 7.3335369133e-02 6.8140072282e-02 7.2175814305e-02 6.8236067254e-02 6.7209646106e-02 6.8396819290e-02 0 0
293 8.2873547733e+00 8.2764016984e+00 8.2764016984e+00 8.3754385648e+00 8.3380738571e+00 1.4131909526e+00 1.4253326813e+00 1.4253326813e+00 1.4184480332e+00 1.4236765767e+00 7.2050770743e-02 6.8664404564e-02 7.4311403092e-02 6.7574314680e-02 6.6824633162e-02 6.9335786160e-02 0 0
294 8.2313557889e+00 8.2598309752e+00 8.2598309752e+00 8.3078880423e+00 8.3172001565e+00 1.4071279867e+00 1.4191376807e+00 1.4191376807e+00 1.4122014675e+00 1.4174564785e+00 7.0116138620e-02 6.6734216642e-02 6.9683542941e-02 6.6128526198e-02 6.5686233807e-02 6.7127743270e-02 0 0
295 8.1783147086e+00 8.2292149281e+00 8.2292149281e+00 8.2109319250e+00 8.3010729498e+00 1.4010645720e+00 1.4130372113e+00 1.4130372113e+00 1.4061025242e+00 1.4112829996e+00 6.7169549151e-02 6.7555373069e-02 6.8057003431e-02 6.4576837633e-02 6.5090782475e-02 6.5854643937e-02 0 0
296 8.1186120469e+00 8.1063774905e+00 8.1063774905e+00 8.1295124728e+00 8.1786581738e+00 1.3949876717e+00 1.4069812595e+00 1.4069812595e+00 1.4000784293e+00 1.4052078233e+00 6.4160491599e-02 6.7175840959e-02 6.8835250568e-02 6.2998533128e-02 6.4319314901e-02 6.5527275205e-02 0 0
297 8.0120538126e+00 8.0927295410e+00 8.0927295410e+00 8.0515568715e+00 8.1223311516e+00 1.3890024390e+00 1.4009136936e+00 1.4009136936e+00 1.3941452386e+00 1.3991128023e+00 6.4002754679e-02 6.7771850154e-02 6.5086144023e-02 6.2132921581e-02 6.3943763264e-02 6.3613507431e-02 0 0
298 8.0120537357e+00 8.0327536515e+00 8.0327536515e+00 7.9558428184e+00 8.0454653792e+00 1.3830105383e+00 1.3949224654e+00 1.3949224654e+00 1.3882839177e+00 1.3930949090e+00 6.0043868165e-02 6.8046578672e-02 6.4735887572e-02 5.9891288587e-02 6.3393716700e-02 6.2845059671e-02 0 0
299 7.9104066892e+00 7.9056996995e+00 7.9056996995e+00 7.9959030986e+00 7.9395336339e+00 1.3770289929e+00 1.3890007046e+00 1.3890007046e+00 1.3824228536e+00 1.3871736719e+00 6.1051903594e-02 6.3943604473e-02 6.4749842975e-02 6.0173727062e-02 6.1103478074e-02 6.2080488540e-02 0 0
300 7.8280003191e+00 7.9007561334e+00 7.9007561334e+00 7.9250491854e+00 7.9693692733e+00 1.3711913864e+00 1.3831293411e+00 1.3831293411e+00 1.3764791400e+00 1.3812856729e+00 6.0777785544e-02 6.3244498800e-02 6.2426143326e-02 5.9195308055e-02 6.1034543440e-02 6.0432996135e-02 0 0
301 7.7509824750e+00 7.8056862376e+00 7.8056862376e+00 7.8521217868e+00 7.8429227598e+00 1.3654472370e+00 1.3771820234e+00 1.3771820234e+00 1.3706203439e+00 1.3753508203e+00 5.9955563879e-02 6.0589973349e-02 6.2890668865e-02 5.8136396410e-02 5.9197763912e-02 6.0735791456e-02 0 0
302 7.6980263353e+00 7.7521140384e+00 7.7521140384e+00 7.8020380695e+00 7.8007609559e+00 1.3597540938e+00 1.3714126376e+00 1.3714126376e+00 1.3648005972e+00 1.3695835846e+00 5.9708989081e-02 5.7985084597e-02 6.1740525067e-02 5.7472172296e-02 5.7529091369e-02 5.9225616977e-02 0 0
303 7.5487060107e+00 7.7201529398e+00 7.7201529398e+00 7.7650523598e+00 7.7560428011e+00 1.3540666184e+00 1.3656750741e+00 1.3656750741e+00 1.3589892356e+00 1.3638779544e+00 5.9679703329e-02 5.6425141171e-02 6.0776340775e-02 5.7171097115e-02 5.6441767141e-02 5.8241787367e-02 0 0
304 7.4720314355e+00 7.6528878440e+00 7.6528878440e+00 7.6569577571e+00 7.7026493011e+00 1.3484409990e+00 1.3599307051e+00 1.3599307051e+00 1.3531970974e+00 1.3581898725e+00 5.6226009627e-02 5.5711262394e-02 5.9795098845e-02 5.5025914235e-02 5.5721248500e-02 5.7411191519e-02 0 0
305 7.4691629633e+00 7.5726132199e+00 7.5726132199e+00 7.5614891953e+00 7.6020058545e+00 1.3429431524e+00 1.3541992540e+00 1.3541992540e+00 1.3475644869e+00 1.3525344604e+00 5.4526690075e-02 5.4765309673e-02 5.9201636817e-02 5.3394012341e-02 5.4302111734e-02 5.6707795709e-02 0 0
306 7.4137419224e+00 7.4524828876e+00 7.4524828876e+00 7.4883526006e+00 7.4619992444e+00 1.3374874615e+00 1.3485910100e+00 1.3485910100e+00 1.3420243273e+00 1.3470007722e+00 5.4312014337e-02 5.3588171024e-02 5.7766733691e-02 5.2806563307e-02 5.3109282162e-02 5.5211638100e-02 0 0
307 7.3792588620e+00 7.3865870601e+00 7.3865870601e+00 7.4260352110e+00 7.3926291138e+00 1.3320063284e+00 1.3430543833e+00 1.3430543833e+00 1.3364905254e+00 1.3415118119e+00 5.2066934804e-02 5.1748322789e-02 5.5023032241e-02 5.1504349469e-02 5.1878965460e-02 5.3502490278e-02 0 0
308 7.2917759128e+00 7.3703456351e+00 7.3703456351e+00 7.4033405690e+00 7.3732130181e+00 1.3265511982e+00 1.3375871726e+00 1.3375871726e+00 1.3310099886e+00 1.3360574056e+00 5.1789256681e-02 5.1198559348e-02 5.3445199504e-02 5.0999159232e-02 5.1029771566e-02 5.2301511168e-02 0 0
309 7.2514068043e+00 7.2721102084e+00 7.2721102084e+00 7.2901824712e+00 7.3004226392e+00 1.3211044860e+00 1.3321514747e+00 1.3321514747e+00 1.3255632435e+00 1.3306064895e+00 4.9027436235e-02 5.1858928520e-02 5.2620510105e-02 4.9350086993e-02 5.0955973100e-02 5.1548548508e-02 0 0
310 7.1940866277e+00 7.2029949847e+00 7.2029949847e+00 7.2541095005e+00 7.2353246078e+00 1.3156671873e+00 1.3267506702e+00 1.3267506702e+00 1.3201349868e+00 1.3251487695e+00 4.8621842209e-02 4.9169714097e-02 5.1297775470e-02 4.8872798646e-02 4.9302550964e-02 5.0671636127e-02 0 0
311 7.1239565987e+00 7.1600326469e+00 7.1600326469e+00 7.1692148565e+00 7.2334149508e+00 1.3102928577e+00 1.3215001156e+00 1.3215001156e+00 1.3147266442e+00 1.3198062571e+00 4.7828165383e-02 4.9119924195e-02 5.0681300927e-02 4.8025501129e-02 4.8973489087e-02 4.9614591990e-02 0 0
312 7.1161046578e+00 7.0748480144e+00 7.0748480144e+00 7.1174541469e+00 7.1356185291e+00 1.3049681397e+00 1.3162046262e+00 1.3162046262e+00 1.3094216606e+00 1.3144317495e+00 4.6417872241e-02 4.8915888648e-02 5.0505977124e-02 4.7006419641e-02 4.8231358174e-02 4.9469960853e-02 0 0
313 7.0832701850e+00 7.0276005069e+00 7.0276005069e+00 7.0918186936e+00 7.0918915789e+00 1.2997242658e+00 1.3109891031e+00 1.3109891031e+00 1.3042133230e+00 1.3091239642e+00 4.7030714292e-02 4.9108635634e-02 4.8959432170e-02 4.6836319803e-02 4.7793388832e-02 4.8231346998e-02 0 0
314 7.0881748403e+00 7.0127844550e+00 7.0127844550e+00 7.0164596639e+00 7.0773845226e+00 1.2944662998e+00 1.3058144084e+00 1.3058144084e+00 1.2990439350e+00 1.3038853480e+00 4.6921942175e-02 4.9572545104e-02 4.8404845875e-02 4.6665815381e-02 4.7737190034e-02 4.7538609244e-02 0 0
315 7.0644632147e+00 6.9742327962e+00 6.9742327962e+00 7.0113091734e+00 7.0200030763e+00 1.2891352398e+00 1.3006195413e+00 1.3006195413e+00 1.2938546385e+00 1.2986845304e+00 4.6080702239e-02 4.8574328888e-02 4.8491540831e-02 4.6384442316e-02 4.7156314366e-02 4.7317006625e-02 0 0
316 7.0391849288e+00 6.9966223606e+00 6.9966223606e+00 6.9933970508e+00 7.0292800856e+00 1.2838356936e+00 1.2954027724e+00 1.2954027724e+00 1.2886564174e+00 1.2934934816e+00 4.6700143572e-02 4.9280832987e-02 4.8273381311e-02 4.6380778963e-02 4.7346842010e-02 4.6989950817e-02 0 0
317 6.9425220714e+00 6.9845500472e+00 6.9845500472e+00 6.9614223393e+00 6.9742266770e+00 1.2785845658e+00 1.2901141487e+00 1.2901141487e+00 1.2834607096e+00 1.2882620934e+00 4.6362151077e-02 5.0018989481e-02 4.8630041070e-02 4.5827155370e-02 4.7530500684e-02 4.7137987334e-02 0 0
318 6.9481757478e+00 6.9622032993e+00 6.9622032993e+00 6.9235911083e+00 6.9364064360e+00 1.2732336626e+00 1.2848368492e+00 1.2848368492e+00 1.2783038720e+00 1.2830746463e+00 4.3644752741e-02 4.8815819900e-02 4.9538757186e-02 4.4662878134e-02 4.6585937031e-02 4.7214176040e-02 0 0
319 6.9435960805e+00 6.8827387863e+00 6.8827387863e+00 6.9758264168e+00 6.8737730145e+00 1.2678623566e+00 1.2796200799e+00 1.2796200799e+00 1.2731214776e+00 1.2779714428e+00 4.4281960339e-02 4.7562402673e-02 5.0104071852e-02 4.4865143639e-02 4.5888226479e-02 4.6917055734e-02 0 0
320 6.9246069012e+00 6.8795306449e+00 6.8795306449e+00 6.9118153169e+00 6.8918379843e+00 1.2625316867e+00 1.2743660523e+00 1.2743660523e+00 1.2678019364e+00 1.2727870339e+00 4.3944090826e-02 4.6672488097e-02 4.8019242473e-02 4.4440378202e-02 4.5862243511e-02 4.6074735001e-02 0 0
321 6.8289002263e+00 6.8831270213e+00 6.8831270213e+00 6.9133387990e+00 6.9098305375e+00 1.2572958432e+00 1.2690869269e+00 1.2690869269e+00 1.2624912847e+00 1.2675095283e+00 4.4284656412e-02 4.4618876185e-02 4.6895105392e-02 4.4197256812e-02 4.4679064304e-02 4.5754150487e-02 0 0
322 6.7611674238e+00 6.8172719499e+00 6.8172719499e+00 6.8472701822e+00 6.8983985148e+00 1.2521411318e+00 1.2639177218e+00 1.2639177218e+00 1.2572642030e+00 1.2623065427e+00 4.3238406334e-02 4.4744444080e-02 4.7241971828e-02 4.3256115428e-02 4.4381972868e-02 4.5481059235e-02 0 0
323 6.7792785709e+00 6.7329224615e+00 6.7329224615e+00 6.7751314186e+00 6.8194337609e+00 1.2470537560e+00 1.2587565056e+00 1.2587565056e+00 1.2521382558e+00 1.2570894758e+00 4.2930066843e-02 4.4019047171e-02 4.5698265545e-02 4.2680116858e-02 4.3536836281e-02 4.4760234188e-02 0 0
324 6.7124598699e+00 6.6687241558e+00 6.6687241558e+00 6.7618793224e+00 6.7770671337e+00 1.2419864879e+00 1.2537290833e+00 1.2537290833e+00 1.2470279369e+00 1.2519759346e+00 4.4127827279e-02 4.3019510340e-02 4.4183101039e-02 4.3038845786e-02 4.2823578697e-02 4.3540673796e-02 0 0
325 6.5782617079e+00 6.6453923604e+00 6.6453923604e+00 6.7399167937e+00 6.7440159375e+00 1.2369773299e+00 1.2487092636e+00 1.2487092636e+00 1.2419052591e+00 1.2468670283e+00 4.3728873750e-02 4.2598945554e-02 4.3076986447e-02 4.2465683568e-02 4.2526628356e-02 4.2828241829e-02 0 0
326 6.5131665730e+00 6.6533798692e+00 6.6533798692e+00 6.6524742414e+00 6.7046100954e+00 1.2321213605e+00 1.2436507411e+00 1.2436507411e+00 1.2368767390e+00 1.2417105981e+00 4.3698657056e-02 4.3206007686e-02 4.1965508368e-02 4.1662052419e-02 4.2294295039e-02 4.2306857184e-02 0 0
327 6.5096840150e+00 6.5992778730e+00 6.5992778730e+00 6.5325621971e+00 6.6080167561e+00 1.2273406778e+00 1.2386430707e+00 1.2386430707e+00 1.2319120571e+00 1.2366203173e+00 4.3917120470e-02 4.2048784904e-02 4.1726536117e-02 4.1287770294e-02 4.1321472730e-02 4.1795467492e-02 0 0
328 6.5188674996e+00 6.5241555555e+00 6.5241555555e+00 6.5520413210e+00 6.5612502952e+00 1.2225229072e+00 1.2337236749e+00 1.2337236749e+00 1.2269834224e+00 1.2316572750e+00 4.4220913511e-02 4.0187046397e-02 4.1197027545e-02 4.1468849709e-02 4.0107259061e-02 4.0856994223e-02 0 0
329 6.5026154518e+00 6.4904544872e+00 6.4904544872e+00 6.5375848374e+00 6.5518953653e+00 1.2176853891e+00 1.2288218159e+00 1.2288218159e+00 1.2220697653e+00 1.2267853081e+00 4.3952941303e-02 4.1064057499e-02 4.1403709911e-02 4.1365479081e-02 4.0349246003e-02 4.0440508164e-02 0 0
330 6.3909391815e+00 6.4929154742e+00 6.4929154742e+00 6.4757745537e+00 6.5257620867e+00 1.2128799718e+00 1.2238709315e+00 1.2238709315e+00 1.2172229779e+00 1.2218628657e+00 4.1775253868e-02 4.2871789075e-02 4.1301792953e-02 4.0174421365e-02 4.0886243805e-02 4.0486100595e-02 0 0
331 6.3797049328e+00 6.4572406788e+00 6.4572406788e+00 6.3858101388e+00 6.4638517327e+00 1.2080987123e+00 1.2190073434e+00 1.2190073434e+00 1.2125225480e+00 1.2169952724e+00 3.9100889727e-02 4.3531163596e-02 4.2124840897e-02 3.8703360577e-02 4.0549599566e-02 4.0579505730e-02 0 0
332 6.4013896491e+00 6.3398166733e+00 6.3398166733e+00 6.3370842701e+00 6.3718135949e+00 1.2032922904e+00 1.2142930901e+00 1.2142930901e+00 1.2079052228e+00 1.2122822676e+00 3.8541854774e-02 4.3207177892e-02 4.3227673508e-02 3.8393970169e-02 3.9977962151e-02 4.0429077111e-02 0 0
333 6.3149645943e+00 6.2703066718e+00 6.2703066718e+00 6.3593115276e+00 6.3259305563e+00 1.1985009619e+00 1.2096670235e+00 1.2096670235e+00 1.2032119787e+00 1.2076229514e+00 3.8775747785e-02 4.1805771179e-02 4.2142584920e-02 3.8380483292e-02 3.9535620715e-02 3.9637267590e-02 0 0
334 6.2553727269e+00 6.3135574513e+00 6.3135574513e+00 6.3026929913e+00 6.3884638931e+00 1.1938225424e+00 1.2050123602e+00 1.2050123602e+00 1.1984885973e+00 1.2029330963e+00 3.7959970429e-02 4.0721158497e-02 4.1197997984e-02 3.7462574589e-02 3.9040763862e-02 3.9203617256e-02 0 0
335 6.1546211939e+00 6.2937073419e+00 6.2937073419e+00 6.2328268629e+00 6.3214108488e+00 1.1892390751e+00 1.2002780836e+00 1.2002780836e+00 1.1938644698e+00 1.1982364324e+00 3.7429464314e-02 3.9898796473e-02 4.1298571043e-02 3.6728794312e-02 3.8179790601e-02 3.9180692751e-02 0 0
336 6.0902972806e+00 6.1980202375e+00 6.1980202375e+00 6.1716974160e+00 6.2122916803e+00 1.1847994873e+00 1.1955896270e+00 1.1955896270e+00 1.1893252336e+00 1.1935960785e+00 3.6234779287e-02 3.8503177464e-02 3.9739144966e-02 3.5486876949e-02 3.7094478961e-02 3.8134557195e-02 0 0
337 6.0690232161e+00 6.1634327769e+00 6.1634327769e+00 6.0789215821e+00 6.1589541620e+00 1.1803133843e+00 1.1910148665e+00 1.1910148665e+00 1.1849301365e+00 1.1890585081e+00 3.5093450806e-02 3.8047552109e-02 3.8046200294e-02 3.4984369097e-02 3.6173366476e-02 3.6836731713e-02 0 0
338 6.0610953396e+00 6.0640716089e+00 6.0640716089e+00 6.0713131741e+00 6.0633853777e+00 1.1758561663e+00 1.1865382531e+00 1.1865382531e+00 1.1805007438e+00 1.1846667668e+00 3.5550316306e-02 3.6144788843e-02 3.8004916627e-02 3.4974553543e-02 3.5289268941e-02 3.6122373771e-02 0 0
339 5.9825985929e+00 6.0631911680e+00 6.0631911680e+00 6.0213911289e+00 6.0735565904e+00 1.1714087639e+00 1.1820900681e+00 1.1820900681e+00 1.1760353893e+00 1.1803022225e+00 3.5928887747e-02 3.6056903191e-02 3.7006705068e-02 3.5060840059e-02 3.5285134334e-02 3.5404128954e-02 0 0
340 5.8949294584e+00 6.0112367949e+00 6.0112367949e+00 6.0133917688e+00 6.0265629795e+00 1.1669789010e+00 1.1776098881e+00 1.1776098881e+00 1.1715672073e+00 1.1759236912e+00 3.4999457915e-02 3.5252137110e-02 3.8208535407e-02 3.4420183785e-02 3.4786524717e-02 3.5943423864e-02 0 0
341 5.8481998847e+00 5.9669068372e+00 5.9669068372e+00 5.9402685437e+00 6.0002552217e+00 1.1627218855e+00 1.1731943844e+00 1.1731943844e+00 1.1672014701e+00 1.1715327922e+00 3.4971412659e-02 3.6206911318e-02 3.7253451999e-02 3.3607084017e-02 3.4779667389e-02 3.5439630039e-02 0 0
342 5.7536970057e+00 5.8855959525e+00 5.8855959525e+00 5.8433134763e+00 5.9279098962e+00 1.1585312510e+00 1.1688595442e+00 1.1688595442e+00 1.1629356479e+00 1.1671408880e+00 3.4498138115e-02 3.5993788857e-02 3.6406150088e-02 3.3041008716e-02 3.4158542752e-02 3.4939138684e-02 0 0
343 5.7832567870e+00 5.8025404398e+00 5.8025404398e+00 5.7919634965e+00 5.8666431159e+00 1.1543369699e+00 1.1646649825e+00 1.1646649825e+00 1.1587523073e+00 1.1628444862e+00 3.2429558668e-02 3.4526778851e-02 3.5052985419e-02 3.1894908703e-02 3.2999276184e-02 3.3818964846e-02 0 0
344 5.8160672885e+00 5.7390746106e+00 5.7390746106e+00 5.7645957876e+00 5.8209861417e+00 1.1501005264e+00 1.1605220572e+00 1.1605220572e+00 1.1546061493e+00 1.1586293152e+00 3.2393406286e-02 3.3947761636e-02 3.3842410427e-02 3.1883216131e-02 3.2485401724e-02 3.2777781133e-02 0 0
345 5.7950174903e+00 5.7385990063e+00 5.7385990063e+00 5.7944737728e+00 5.8140318708e+00 1.1458375645e+00 1.1563492721e+00 1.1563492721e+00 1.1503266436e+00 1.1544185283e+00 3.3374489185e-02 3.1634773593e-02 3.2498338260e-02 3.2388592673e-02 3.1697927509e-02 3.1981079374e-02 0 0
346 5.7176086339e+00 5.7997901352e+00 5.7997901352e+00 5.8121248760e+00 5.8682428825e+00 1.1416570461e+00 1.1521493271e+00 1.1521493271e+00 1.1460202805e+00 1.1501998176e+00 3.3779912660e-02 3.2100845128e-02 3.1947643496e-02 3.2185991106e-02 3.1904687639e-02 3.1624685973e-02 0 0
347 5.6298640602e+00 5.7614751008e+00 5.7614751008e+00 5.7163647540e+00 5.8076971577e+00 1.1375712566e+00 1.1478094680e+00 1.1478094680e+00 1.1417876722e+00 1.1459079292e+00 3.2962016175e-02 3.3110043500e-02 3.3027703874e-02 3.1367586498e-02 3.2086418942e-02 3.2291227952e-02 0 0
348 5.5842919834e+00 5.7404579932e+00 5.7404579932e+00 5.6452746050e+00 5.7209838507e+00 1.1335293925e+00 1.1435086337e+00 1.1435086337e+00 1.1376262696e+00 1.1416388967e+00 3.2277170663e-02 3.1627357937e-02 3.2360668760e-02 3.0828874113e-02 3.1014376553e-02 3.1808532774e-02 0 0
349 5.5839695734e+00 5.6639321779e+00 5.6639321779e+00 5.6042491689e+00 5.6566224371e+00 1.1295420956e+00 1.1393642672e+00 1.1393642672e+00 1.1335258785e+00 1.1375421505e+00 3.1978772384e-02 3.0865645967e-02 3.2320575323e-02 3.0414697431e-02 3.0350818764e-02 3.1108250609e-02 0 0
350 5.5635175805e+00 5.6113478398e+00 5.6113478398e+00 5.5847628766e+00 5.5884864593e+00 1.1255119883e+00 1.1352330525e+00 1.1352330525e+00 1.1294920748e+00 1.1335015165e+00 3.1246936486e-02 3.1035660300e-02 3.2300163992e-02 3.0193634553e-02 3.0156210763e-02 3.0797214713e-02 0 0
351 5.5426557532e+00 5.6112572532e+00 5.6112572532e+00 5.5700882790e+00 5.5977336189e+00 1.1215285728e+00 1.1311495110e+00 1.1311495110e+00 1.1254396138e+00 1.1295383175e+00 3.0911908529e-02 3.0364353210e-02 3.2537109219e-02 2.9834552550e-02 2.9838866089e-02 3.0569015769e-02 0 0
352 5.4559314068e+00 5.5786397574e+00 5.5786397574e+00 5.5193101065e+00 5.5886641243e+00 1.1175932678e+00 1.1270945798e+00 1.1270945798e+00 1.1214204803e+00 1.1256232246e+00 3.0431049995e-02 3.0545551097e-02 3.3152991906e-02 2.9355053005e-02 2.9781089863e-02 3.0648723477e-02 0 0
353 5.4104033228e+00 5.5071517223e+00 5.5071517223e+00 5.4526250222e+00 5.5278531652e+00 1.1136963323e+00 1.1230036228e+00 1.1230036228e+00 1.1174629811e+00 1.1216439006e+00 2.9014688474e-02 2.9686487745e-02 3.2371508423e-02 2.8426307388e-02 2.9088238720e-02 3.0478100525e-02 0 0
354 5.4116000294e+00 5.4560642137e+00 5.4560642137e+00 5.3919779310e+00 5.4841233546e+00 1.1098322544e+00 1.1190070708e+00 1.1190070708e+00 1.1136047111e+00 1.1176946100e+00 2.7923390600e-02 2.9629817698e-02 3.0224647606e-02 2.7657043880e-02 2.8581428109e-02 2.9297040310e-02 0 0
355 5.3813835102e+00 5.3886844404e+00 5.3886844404e+00 5.3755432342e+00 5.4350036723e+00 1.1059402960e+00 1.1151159173e+00 1.1151159173e+00 1.1097767595e+00 1.1138072755e+00 2.7416979993e-02 2.8965141391e-02 2.9327220516e-02 2.7428425156e-02 2.8044309467e-02 2.8552420903e-02 0 0
356 5.3512259113e+00 5.3595817682e+00 5.3595817682e+00 5.3686155726e+00 5.4300526668e+00 1.1020783057e+00 1.1113011743e+00 1.1113011743e+00 1.1059343235e+00 1.1099638742e+00 2.6868906390e-02 2.8174453182e-02 2.8480020119e-02 2.6989568741e-02 2.7628791519e-02 2.7842394309e-02 0 0
357 5.3294128683e+00 5.3204286537e+00 5.3204286537e+00 5.3137751003e+00 5.4085333528e+00 1.0982330568e+00 1.1075005113e+00 1.1075005113e+00 1.1021397358e+00 1.1061114470e+00 2.6496495165e-02 2.8544806642e-02 2.8034423478e-02 2.6651274579e-02 2.7567635989e-02 2.7579499641e-02 0 0
358 5.2932992894e+00 5.2654015015e+00 5.2654015015e+00 5.2916349750e+00 5.3558847835e+00 1.0944453801e+00 1.1037139366e+00 1.1037139366e+00 1.0983570579e+00 1.1022448182e+00 2.6625821350e-02 2.7860188391e-02 2.7379160514e-02 2.6465770962e-02 2.7130129747e-02 2.7245428646e-02 0 0
359 5.1796241961e+00 5.2432712850e+00 5.2432712850e+00 5.2308474141e+00 5.3284813546e+00 1.0907248840e+00 1.1000014913e+00 1.1000014913e+00 1.0946101505e+00 1.0984169974e+00 2.6185323464e-02 2.7753736125e-02 2.6669286890e-02 2.6015689990e-02 2.6876982534e-02 2.6677216170e-02 0 0
360 5.1575001536e+00 5.2016764506e+00 5.2016764506e+00 5.1727907690e+00 5.2751763536e+00 1.0870540456e+00 1.0963079673e+00 1.0963079673e+00 1.0909367219e+00 1.0946097919e+00 2.4751403683e-02 2.7448828332e-02 2.6610051282e-02 2.5113938659e-02 2.6449994650e-02 2.6526706526e-02 0 0
361 5.1748720737e+00 5.1626022513e+00 5.1626022513e+00 5.1222099292e+00 5.2006911350e+00 1.0834445948e+00 1.0926664902e+00 1.0926664902e+00 1.0873410210e+00 1.0908543292e+00 2.4523566607e-02 2.6619697921e-02 2.5774965761e-02 2.4730847270e-02 2.5782746961e-02 2.5891101453e-02 0 0
362 5.1474280413e+00 5.1155013473e+00 5.1155013473e+00 5.1079760862e+00 5.1594073715e+00 1.0798257759e+00 1.0890954668e+00 1.0890954668e+00 1.0837550765e+00 1.0871962116e+00 2.5182957916e-02 2.5583180599e-02 2.5183913764e-02 2.4971024297e-02 2.5188268395e-02 2.5262502953e-02 0 0
363 5.0847266568e+00 5.0849195830e+00 5.0849195830e+00 5.1423341409e+00 5.1360858252e+00 1.0761810881e+00 1.0855391083e+00 1.0855391083e+00 1.0801589094e+00 1.0835858780e+00 2.4264253545e-02 2.5302058319e-02 2.4750020355e-02 2.4505348999e-02 2.4979922920e-02 2.4850711459e-02 0 0
364 5.0202069483e+00 5.0615041248e+00 5.0615041248e+00 5.0905059360e+00 5.1532162151e+00 1.0725986158e+00 1.0819426538e+00 1.0819426538e+00 1.0765739959e+00 1.0799691841e+00 2.4093138744e-02 2.5534627726e-02 2.4829598609e-02 2.4167531875e-02 2.4951269384e-02 2.4796902435e-02 0 0
365 4.9919546808e+00 5.0510442655e+00 5.0510442655e+00 5.0077765310e+00 5.1175064803e+00 1.0690766627e+00 1.0783331909e+00 1.0783331909e+00 1.0729872991e+00 1.0763675108e+00 2.3695827044e-02 2.4662120966e-02 2.5039340835e-02 2.3658406406e-02 2.4451101664e-02 2.4745391682e-02 0 0
366 4.9592250450e+00 4.9694727726e+00 4.9694727726e+00 4.9754700472e+00 5.0428424704e+00 1.0656194703e+00 1.0747709560e+00 1.0747709560e+00 1.0695358006e+00 1.0728173693e+00 2.3635646264e-02 2.4950636784e-02 2.4982326897e-02 2.3302075112e-02 2.4067617487e-02 2.4465390481e-02 0 0
367 4.9287024317e+00 4.9033414152e+00 4.9033414152e+00 4.9104081289e+00 4.9499116938e+00 1.0621176456e+00 1.0712647609e+00 1.0712647609e+00 1.0661436642e+00 1.0693359157e+00 2.2901084516e-02 2.5456169154e-02 2.5023856433e-02 2.3011879144e-02 2.3987766588e-02 2.4178320076e-02 0 0
368 4.9001060379e+00 4.8786169475e+00 4.8786169475e+00 4.8941653664e+00 4.9033776154e+00 1.0586376481e+00 1.0678355854e+00 1.0678355854e+00 1.0627486069e+00 1.0658881676e+00 2.2626743239e-02 2.4732257240e-02 2.3989086272e-02 2.2742887679e-02 2.3544884752e-02 2.3466075538e-02 0 0
369 4.9129421120e+00 4.8569253224e+00 4.8569253224e+00 4.8723735581e+00 4.9069336093e+00 1.0552158796e+00 1.0644185483e+00 1.0644185483e+00 1.0593743330e+00 1.0625104239e+00 2.2242989648e-02 2.5084283436e-02 2.4592972593e-02 2.2322420675e-02 2.3600011598e-02 2.3401352810e-02 0 0
370 4.8456735055e+00 4.8397008892e+00 4.8397008892e+00 4.8657031299e+00 4.8504996249e+00 1.0517809745e+00 1.0609349872e+00 1.0609349872e+00 1.0560639558e+00 1.0591214944e+00 2.2736552692e-02 2.5151524227e-02 2.5071390206e-02 2.2546397656e-02 2.3358878680e-02 2.3611733923e-02 0 0
371 4.7613158302e+00 4.8260537059e+00 4.8260537059e+00 4.8590859330e+00 4.8518751845e+00 1.0484411775e+00 1.0575304591e+00 1.0575304591e+00 1.0526866301e+00 1.0557909943e+00 2.3190175000e-02 2.4029573891e-02 2.4624689249e-02 2.2338642905e-02 2.2999171168e-02 2.3170852335e-02 0 0
372 4.7306190243e+00 4.8317707210e+00 4.8317707210e+00 4.7896882935e+00 4.8768754922e+00 1.0451792250e+00 1.0541195704e+00 1.0541195704e+00 1.0492818867e+00 1.0524412667e+00 2.3250350908e-02 2.3235234199e-02 2.4124774616e-02 2.2026829969e-02 2.2639745381e-02 2.2930555977e-02 0 0
373 4.6666306283e+00 4.7575434967e+00 4.7575434967e+00 4.7795233507e+00 4.7837230295e+00 1.0419923230e+00 1.0506899053e+00 1.0506899053e+00 1.0459454038e+00 1.0490708290e+00 2.4135244447e-02 2.2213103250e-02 2.3986953776e-02 2.2135483944e-02 2.1794163389e-02 2.2858608048e-02 0 0
374 4.6080663403e+00 4.7205994878e+00 4.7205994878e+00 4.7357526481e+00 4.7442187463e+00 1.0388948127e+00 1.0473540952e+00 1.0473540952e+00 1.0426213001e+00 1.0457368264e+00 2.3914188061e-02 2.1962509025e-02 2.2467584116e-02 2.1647568198e-02 2.1562327631e-02 2.1908505121e-02 0 0
375 4.5996398904e+00 4.6993863781e+00 4.6993863781e+00 4.6510946934e+00 4.7183794293e+00 1.0357545025e+00 1.0440566653e+00 1.0440566653e+00 1.0393598480e+00 1.0423975258e+00 2.2192158743e-02 2.1392835537e-02 2.1453426220e-02 2.0908842494e-02 2.1041820757e-02 2.1332268603e-02 0 0
376 4.5817688746e+00 4.5927016950e+00 4.5927016950e+00 4.6266092130e+00 4.6564719640e+00 1.0325581325e+00 1.0408549343e+00 1.0408549343e+00 1.0361464330e+00 1.0391739241e+00 2.0606959499e-02 2.0190482028e-02 2.1809720434e-02 2.0270008401e-02 2.0195035031e-02 2.1093811840e-02 0 0
377 4.5700742150e+00 4.5318032815e+00 4.5318032815e+00 4.6165628801e+00 4.6008279211e+00 1.0293866802e+00 1.0377115688e+00 1.0377115688e+00 1.0329447759e+00 1.0359990697e+00 2.0077144840e-02 2.0209678914e-02 2.0975693827e-02 1.9928643992e-02 2.0095840562e-02 2.0461551147e-02 0 0
378 4.5439089649e+00 4.5497075333e+00 4.5497075333e+00 4.5739976942e+00 4.5765477090e+00 1.0262602366e+00 1.0345730075e+00 1.0345730075e+00 1.0297792521e+00 1.0327810682e+00 1.9873277029e-02 2.0365655655e-02 2.0073200809e-02 1.9671157748e-02 2.0043444354e-02 2.0059988368e-02 0 0
379 4.4862893591e+00 4.5227461371e+00 4.5227461371e+00 4.5326315517e+00 4.5472945973e+00 1.0231264862e+00 1.0314781794e+00 1.0314781794e+00 1.0266748855e+00 1.0296185068e+00 1.9542852695e-02 2.0525405183e-02 2.0249234280e-02 1.9449216381e-02 1.9918125821e-02 1.9954129122e-02 0 0
380 4.4618670912e+00 4.4914766761e+00 4.4914766761e+00 4.4767669578e+00 4.5071482574e+00 1.0200057460e+00 1.0283835454e+00 1.0283835454e+00 1.0236047632e+00 1.0265214663e+00 1.8686635502e-02 2.0478367340e-02 2.0694639301e-02 1.8906812324e-02 1.9742986187e-02 1.9962586695e-02 0 0
381 4.4433503212e+00 4.4723694555e+00 4.4723694555e+00 4.4357463972e+00 4.4637941477e+00 1.0169252978e+00 1.0252989391e+00 1.0252989391e+00 1.0205910908e+00 1.0234399451e+00 1.8567412985e-02 2.0794918062e-02 2.0329637919e-02 1.8680611218e-02 1.9619907485e-02 1.9690179732e-02 0 0
382 4.4260449527e+00 4.4434269827e+00 4.4434269827e+00 4.4282966058e+00 4.4440806045e+00 1.0138487839e+00 1.0222434594e+00 1.0222434594e+00 1.0176191075e+00 1.0203824440e+00 1.8448942579e-02 2.0937785506e-02 2.0080223912e-02 1.8558889211e-02 1.9484138582e-02 1.9413785310e-02 0 0
383 4.4300072446e+00 4.4156411378e+00 4.4156411378e+00 4.4191564554e+00 4.4292026100e+00 1.0107387461e+00 1.0192180138e+00 1.0192180138e+00 1.0146471106e+00 1.0173462500e+00 1.7870994976e-02 2.0722990856e-02 1.9652721938e-02 1.8300212854e-02 1.9355658442e-02 1.9059236161e-02 0 0
384 4.3614814363e+00 4.3774485684e+00 4.3774485684e+00 4.4299818476e+00 4.4278541014e+00 1.0076667068e+00 1.0162030007e+00 1.0162030007e+00 1.0116159244e+00 1.0143315717e+00 1.8704428390e-02 1.9486920442e-02 1.9637373975e-02 1.8497072223e-02 1.8892843742e-02 1.8947958946e-02 0 0
385 4.3505122447e+00 4.3695444152e+00 4.3695444152e+00 4.4131074395e+00 4.4278077943e+00 1.0046274190e+00 1.0132125088e+00 1.0132125088e+00 1.0085462465e+00 1.0113215226e+00 1.8188045373e-02 1.8931032857e-02 1.9478272181e-02 1.8034011099e-02 1.8647692166e-02 1.8809243804e-02 0 0
386 4.2690651146e+00 4.3299812165e+00 4.3299812165e+00 4.3521881749e+00 4.3706899121e+00 1.0016025329e+00 1.0102160626e+00 1.0102160626e+00 1.0055268565e+00 1.0082960959e+00 1.7920517596e-02 1.9170146203e-02 1.9654125441e-02 1.7833416756e-02 1.8511120230e-02 1.8843880156e-02 0 0
387 4.2346414257e+00 4.2837107471e+00 4.2837107471e+00 4.3346526021e+00 4.3086501643e+00 9.9866296574e-01 1.0072434454e+00 1.0072434454e+00 1.0024701489e+00 1.0053261218e+00 1.7497528879e-02 1.7693330999e-02 1.9978030818e-02 1.7352745706e-02 1.7803427996e-02 1.8722095294e-02 0 0
388 4.2076131871e+00 4.2825302103e+00 4.2825302103e+00 4.2611847568e+00 4.3134853233e+00 9.9576639384e-01 1.0043020379e+00 1.0043020379e+00 9.9948155346e-01 1.0024076103e+00 1.7150710321e-02 1.7603684915e-02 1.9616437610e-02 1.7007463454e-02 1.7547943164e-02 1.8311177613e-02 0 0
389 4.2134983577e+00 4.2281912946e+00 4.2281912946e+00 4.2422240872e+00 4.2132254703e+00 9.9288655581e-01 1.0013288863e+00 1.0013288863e+00 9.9657142477e-01 9.9949202342e-01 1.7010006780e-02 1.7125508748e-02 1.9610516960e-02 1.6837531894e-02 1.7065532273e-02 1.8268205458e-02 0 0
390 4.1922180200e+00 4.2161407314e+00 4.2161407314e+00 4.2073660516e+00 4.2005650265e+00 9.9002723312e-01 9.9845946557e-01 9.9845946557e-01 9.9366122151e-01 9.9662543063e-01 1.7309452579e-02 1.6751349904e-02 1.8060698407e-02 1.6901569710e-02 1.6816798830e-02 1.7377443612e-02 0 0
391 4.1377186687e+00 4.1789159901e+00 4.1789159901e+00 4.2268095667e+00 4.2023404038e+00 9.8718119837e-01 9.9559656309e-01 9.9559656309e-01 9.9074622853e-01 9.9378517340e-01 1.7114042565e-02 1.6434337245e-02 1.7740990501e-02 1.6776953762e-02 1.6631610459e-02 1.7103675287e-02 0 0
392 4.1655579545e+00 4.1642942668e+00 4.1642942668e+00 4.2039137316e+00 4.1993474612e+00 9.8435075716e-01 9.9269350931e-01 9.9269350931e-01 9.8785854072e-01 9.9092725043e-01 1.7109841730e-02 1.6571557149e-02 1.7591586569e-02 1.6708300589e-02 1.6620580805e-02 1.7022730783e-02 0 0
393 4.1671940765e+00 4.1786832084e+00 4.1786832084e+00 4.1900295759e+00 4.1875737027e+00 9.8153074804e-01 9.8979827804e-01 9.8979827804e-01 9.8496716901e-01 9.8805662958e-01 1.7754109657e-02 1.6279420350e-02 1.7098851036e-02 1.6932827980e-02 1.6480708728e-02 1.6813534545e-02 0 0
394 4.1311004122e+00 4.1544139507e+00 4.1544139507e+00 4.2056297865e+00 4.1841555093e+00 9.7872783729e-01 9.8695317309e-01 9.8695317309e-01 9.8206224484e-01 9.8522170304e-01 1.8201992794e-02 1.6165046487e-02 1.6998046776e-02 1.7058202269e-02 1.6428337200e-02 1.6665725736e-02 0 0
395 4.1123119078e+00 4.1464289456e+00 4.1464289456e+00 4.1665566939e+00 4.1795032496e+00 9.7591894934e-01 9.8409024146e-01 9.8409024146e-01 9.7915439427e-01 9.8238385750e-01 1.7361869557e-02 1.6391368350e-02 1.7302875640e-02 1.6647426756e-02 1.6494148411e-02 1.6791428905e-02 0 0
396 4.0978395798e+00 4.1248635934e+00 4.1248635934e+00 4.1640771576e+00 4.1464012019e+00 9.7307193078e-01 9.8122229089e-01 9.8122229089e-01 9.7629342365e-01 9.7953574308e-01 1.6601538187e-02 1.6425744398e-02 1.7368343659e-02 1.6340897241e-02 1.6342396615e-02 1.6805306077e-02 0 0
397 4.0925386055e+00 4.0826669006e+00 4.0826669006e+00 4.1461303100e+00 4.1081047851e+00 9.7024146633e-01 9.7839374601e-01 9.7839374601e-01 9.7345054614e-01 9.7672405768e-01 1.6631006042e-02 1.6341873910e-02 1.7564193578e-02 1.6245869507e-02 1.6218393110e-02 1.6743062064e-02 0 0
398 4.0626941239e+00 4.0842073764e+00 4.0842073764e+00 4.1065652619e+00 4.1157065231e+00 9.6738106515e-01 9.7559155506e-01 9.7559155506e-01 9.7059959313e-01 9.7392090260e-01 1.6126635020e-02 1.6526121181e-02 1.7172935652e-02 1.6010038517e-02 1.6270516207e-02 1.6495542368e-02 0 0
399 4.0496681071e+00 4.0560761354e+00 4.0560761354e+00 4.0942608464e+00 4.0929940377e+00 9.6453800734e-01 9.7278636130e-01 9.7278636130e-01 9.6774929225e-01 9.7110188610e-01 1.6011646379e-02 1.6133300494e-02 1.6994967125e-02 1.5858779478e-02 1.6004185192e-02 1.6416048864e-02 0 0
400 4.0141979746e+00 4.0331565429e+00 4.0331565429e+00 4.0471417549e+00 4.0824564589e+00 9.6175034110e-01 9.6998526291e-01 9.6998526291e-01 9.6489878948e-01 9.6829057841e-01 1.5838730391e-02 1.6039909329e-02 1.6909087310e-02 1.5609622843e-02 1.5904797008e-02 1.6277659684e-02 0 0
401 3.9641179447e+00 4.0314655098e+00 4.0314655098e+00 4.0237159410e+00 4.0634178592e+00 9.5899371369e-01 9.6716789064e-01 9.6716789064e-01 9.6213205828e-01 9.6546276384e-01 1.5457574746e-02 1.6341606854e-02 1.6458570026e-02 1.5305876824e-02 1.5787145123e-02 1.6041718191e-02 0 0
402 3.9568913664e+00 3.9966055057e+00 3.9966055057e+00 3.9627796080e+00 4.0245400113e+00 9.5626900947e-01 9.6436974519e-01 9.6436974519e-01 9.5942787293e-01 9.6267124200e-01 1.5111047189e-02 1.6544349259e-02 1.6496448079e-02 1.4987813001e-02 1.5693210764e-02 1.5927228611e-02 0 0
403 3.9230118776e+00 3.9659725292e+00 3.9659725292e+00 3.9280076503e+00 3.9820757646e+00 9.5354297067e-01 9.6162344591e-01 9.6162344591e-01 9.5674145671e-01 9.5993062725e-01 1.4908355674e-02 1.6087495722e-02 1.6101630172e-02 1.4859902516e-02 1.5384798869e-02 1.5569293755e-02 0 0
404 3.8993878834e+00 3.9163527803e+00 3.9163527803e+00 3.9311356502e+00 3.9448821938e+00 9.5085580417e-01 9.5891881399e-01 9.5891881399e-01 9.5407126121e-01 9.5723915773e-01 1.4645419633e-02 1.5708541730e-02 1.6021719435e-02 1.4633157140e-02 1.5101476805e-02 1.5368217253e-02 0 0
405 3.8928376862e+00 3.9097773381e+00 3.9097773381e+00 3.9184260382e+00 3.9411049946e+00 9.4823516633e-01 9.5624569454e-01 9.5624569454e-01 9.5142799257e-01 9.5457283675e-01 1.4813620607e-02 1.5895822318e-02 1.5806345968e-02 1.4539226777e-02 1.5106610954e-02 1.5147967846e-02 0 0
406 3.8302478131e+00 3.8773570122e+00 3.8773570122e+00 3.9011511369e+00 3.9155127909e+00 9.4563022158e-01 9.5358329838e-01 9.5358329838e-01 9.4881066500e-01 9.5191386373e-01 1.5065018487e-02 1.5418548952e-02 1.5731544001e-02 1.4591007581e-02 1.4821890160e-02 1.5053006122e-02 0 0
407 3.8019403482e+00 3.8533259257e+00 3.8533259257e+00 3.8842162160e+00 3.8837683439e+00 9.4305348953e-01 9.5095473626e-01 9.5095473626e-01 9.4620524934e-01 9.4928226480e-01 1.4666790870e-02 1.5076531330e-02 1.5498668887e-02 1.4279423303e-02 1.4615282300e-02 1.4877030160e-02 0 0
408 3.7705970764e+00 3.8480135214e+00 3.8480135214e+00 3.8348049660e+00 3.8767401803e+00 9.4052181535e-01 9.4836470440e-01 9.4836470440e-01 9.4361393016e-01 9.4666532453e-01 1.4717755246e-02 1.4854919398e-02 1.4869526727e-02 1.4153600334e-02 1.4430401730e-02 1.4542475110e-02 0 0
409 3.7804936356e+00 3.8135367063e+00 3.8135367063e+00 3.7964808020e+00 3.8588728559e+00 9.3799310946e-01 9.4578793798e-01 9.4578793798e-01 9.4106790483e-01 9.4408884697e-01 1.4146782869e-02 1.4597085654e-02 1.5033749281e-02 1.3836645375e-02 1.4139091480e-02 1.4478134457e-02 0 0
410 3.7553400234e+00 3.7752423442e+00 3.7752423442e+00 3.7561512802e+00 3.8159541757e+00 9.3546044247e-01 9.4320392783e-01 9.4320392783e-01 9.3857295519e-01 9.4153233981e-01 1.4067546357e-02 1.4875530847e-02 1.4876675792e-02 1.3769842995e-02 1.4104569214e-02 1.4301396091e-02 0 0
411 3.7042070584e+00 3.7636039660e+00 3.7636039660e+00 3.7672035976e+00 3.7756967514e+00 9.3299282802e-01 9.4064200680e-01 9.4064200680e-01 9.3605668194e-01 9.3897474971e-01 1.4249968172e-02 1.4324789983e-02 1.4110401273e-02 1.3640599898e-02 1.3868642040e-02 1.3898633420e-02 0 0
412 3.6945032483e+00 3.7692679990e+00 3.7692679990e+00 3.7117807735e+00 3.7955842984e+00 9.3053310366e-01 9.3812280368e-01 9.3812280368e-01 9.3357527312e-01 9.3645127618e-01 1.3662175562e-02 1.4554022695e-02 1.3935340918e-02 1.3291416118e-02 1.3838728424e-02 1.3692957582e-02 0 0
413 3.6579671484e+00 3.7333765970e+00 3.7333765970e+00 3.6990738934e+00 3.7487742964e+00 9.2806404519e-01 9.3559328592e-01 9.3559328592e-01 9.3113369171e-01 9.3394013982e-01 1.3667742484e-02 1.4199185651e-02 1.4173446805e-02 1.3288474572e-02 1.3517004205e-02 1.3739485294e-02 0 0
414 3.6406301859e+00 3.6652022096e+00 3.6652022096e+00 3.6957305849e+00 3.6942370747e+00 9.2565426423e-01 9.3312536570e-01 9.3312536570e-01 9.2866143054e-01 9.3151835939e-01 1.3685184710e-02 1.3530932367e-02 1.4496599790e-02 1.3107040587e-02 1.3241146225e-02 1.3598087709e-02 0 0
415 3.5816202687e+00 3.6636796113e+00 3.6636796113e+00 3.6622371885e+00 3.6822979166e+00 9.2325360131e-01 9.3065677815e-01 9.3065677815e-01 9.2622645523e-01 9.2909770345e-01 1.3455163625e-02 1.3821894303e-02 1.4287702390e-02 1.2937020348e-02 1.3251703465e-02 1.3457772206e-02 0 0
416 3.5749911931e+00 3.6307719088e+00 3.6307719088e+00 3.6356268123e+00 3.6423693395e+00 9.2087681935e-01 9.2820289744e-01 9.2820289744e-01 9.2383831257e-01 9.2665993121e-01 1.2778683509e-02 1.3614692725e-02 1.4078033739e-02 1.2504360994e-02 1.2992529781e-02 1.3379450538e-02 0 0
417 3.5780842942e+00 3.6046740812e+00 3.6046740812e+00 3.5755153118e+00 3.6456119779e+00 9.1850413309e-01 9.2583940644e-01 9.2583940644e-01 9.2148505807e-01 9.2428668086e-01 1.2688772217e-02 1.3591433759e-02 1.4053527848e-02 1.2420735405e-02 1.2850682368e-02 1.3155404478e-02 0 0
418 3.5331653370e+00 3.5660293230e+00 3.5660293230e+00 3.5898105508e+00 3.6087130480e+00 9.1612504062e-01 9.2348213536e-01 9.2348213536e-01 9.1916413627e-01 9.2190998806e-01 1.2482679071e-02 1.3359866920e-02 1.3535835431e-02 1.2317759405e-02 1.2614247971e-02 1.2885723030e-02 0 0
419 3.5415866164e+00 3.5432243213e+00 3.5432243213e+00 3.5501655658e+00 3.5984581997e+00 9.1375244621e-01 9.2114660357e-01 9.2114660357e-01 9.1683947106e-01 9.1954182761e-01 1.2025395179e-02 1.3556335238e-02 1.2879626360e-02 1.2033637939e-02 1.2693575118e-02 1.2511692010e-02 0 0
420 3.5246629942e+00 3.5597449910e+00 3.5597449910e+00 3.5382036847e+00 3.6039527938e+00 9.1140001118e-01 9.1879874819e-01 9.1879874819e-01 9.1451732650e-01 9.1715271867e-01 1.2130623253e-02 1.3113285997e-02 1.2392070377e-02 1.1988908094e-02 1.2453729287e-02 1.2293752050e-02 0 0
421 3.5027304252e+00 3.5105609958e+00 3.5105609958e+00 3.5392472091e+00 3.5530733824e+00 9.0908870781e-01 9.1645690694e-01 9.1645690694e-01 9.1219989887e-01 9.1478558327e-01 1.2097737509e-02 1.2822187156e-02 1.2469486799e-02 1.1852539573e-02 1.2261295458e-02 1.2254033936e-02 0 0
422 3.4876981543e+00 3.5079457145e+00 3.5079457145e+00 3.4927612107e+00 3.5369567248e+00 9.0678463817e-01 9.1412227634e-01 9.1412227634e-01 9.0986291827e-01 9.1241776364e-01 1.1716615896e-02 1.2395748869e-02 1.2035355088e-02 1.1648410081e-02 1.2069213088e-02 1.2007732410e-02 0 0
423 3.4603556590e+00 3.4829071101e+00 3.4829071101e+00 3.5011108969e+00 3.5231286567e+00 9.0453696383e-01 9.1180840683e-01 9.1180840683e-01 9.0753814500e-01 9.1007498607e-01 1.1909186628e-02 1.1625025072e-02 1.2006065459e-02 1.1587950349e-02 1.1645917315e-02 1.1888494482e-02 0 0
424 3.4431454528e+00 3.4449174789e+00 3.4449174789e+00 3.4897089276e+00 3.4909122707e+00 9.0230035356e-01 9.0951548803e-01 9.0951548803e-01 9.0523887791e-01 9.0777656615e-01 1.1851490304e-02 1.1523088091e-02 1.2108197785e-02 1.1506068391e-02 1.1536777951e-02 1.1805348448e-02 0 0
425 3.4240956885e+00 3.4409585374e+00 3.4409585374e+00 3.4722027992e+00 3.4736967126e+00 9.0008413521e-01 9.0724826541e-01 9.0724826541e-01 9.0297327935e-01 9.0549545869e-01 1.2280557913e-02 1.1518017272e-02 1.1830280651e-02 1.1625167787e-02 1.1432680651e-02 1.1628765496e-02 0 0
426 3.4446301289e+00 3.4088814746e+00 3.4088814746e+00 3.4662380230e+00 3.4478268866e+00 8.9788645739e-01 9.0502094570e-01 9.0502094570e-01 9.0067812009e-01 9.0327478646e-01 1.2363394119e-02 1.1164561729e-02 1.2190605630e-02 1.1587748288e-02 1.1293767602e-02 1.1641413206e-02 0 0
427 3.4165714375e+00 3.3997352665e+00 3.3997352665e+00 3.4752272110e+00 3.4305634390e+00 8.9566853429e-01 9.0279032192e-01 9.0279032192e-01 8.9841202990e-01 9.0105824306e-01 1.2633148952e-02 1.1399738607e-02 1.2183650630e-02 1.1750370508e-02 1.1311163311e-02 1.1595534859e-02 0 0
428 3.3759735311e+00 3.4085253194e+00 3.4085253194e+00 3.4730062834e+00 3.4175674290e+00 8.9345185302e-01 9.0054334143e-01 9.0054334143e-01 8.9612254541e-01 8.9881773896e-01 1.2219546998e-02 1.1265525711e-02 1.2120714295e-02 1.1506828589e-02 1.1276175384e-02 1.1591725983e-02 0 0
429 3.3893044837e+00 3.4105125145e+00 3.4105125145e+00 3.4107812176e+00 3.4380502347e+00 8.9119718211e-01 8.9831552685e-01 8.9831552685e-01 8.9383013346e-01 8.9658800761e-01 1.1305922258e-02 1.1325607076e-02 1.1932654190e-02 1.1096144220e-02 1.1283709435e-02 1.1448371224e-02 0 0
430 3.3725818392e+00 3.3931315777e+00 3.3931315777e+00 3.4006278598e+00 3.4114726913e+00 8.8892807377e-01 8.9604210195e-01 8.9604210195e-01 8.9156139997e-01 8.9431883531e-01 1.0971377402e-02 1.0877156979e-02 1.1870829621e-02 1.0922797216e-02 1.0945319897e-02 1.1492750025e-02 0 0
431 3.3918863743e+00 3.3573884990e+00 3.3573884990e+00 3.3981296970e+00 3.3782179027e+00 8.8665518633e-01 8.9381225296e-01 8.9381225296e-01 8.8927917716e-01 8.9206889180e-01 1.0717229964e-02 1.0790952248e-02 1.1417729198e-02 1.0775839171e-02 1.0871988488e-02 1.1175791034e-02 0 0
432 3.3847776652e+00 3.3501004674e+00 3.3501004674e+00 3.3815247637e+00 3.4097433550e+00 8.8437315886e-01 8.9159815699e-01 8.9159815699e-01 8.8700422175e-01 8.8981464426e-01 1.0797758515e-02 1.0759729776e-02 1.0999330785e-02 1.0820822278e-02 1.0807268554e-02 1.0919872439e-02 0 0
433 3.3686938682e+00 3.3289355513e+00 3.3289355513e+00 3.3868908074e+00 3.3923596195e+00 8.8208587958e-01 8.8936956750e-01 8.8936956750e-01 8.8471136629e-01 8.8755707664e-01 1.0786568003e-02 1.0591451311e-02 1.1148425401e-02 1.0810524560e-02 1.0748587432e-02 1.0954614612e-02 0 0
434 3.3534016225e+00 3.3226275822e+00 3.3226275822e+00 3.3764615603e+00 3.3921657261e+00 8.7980832006e-01 8.8715501762e-01 8.8715501762e-01 8.8241853584e-01 8.8528619805e-01 1.0486344104e-02 1.0698255850e-02 1.0849634069e-02 1.0617258776e-02 1.0782886297e-02 1.0816377704e-02 0 0
435 3.3219852013e+00 3.3319906074e+00 3.3319906074e+00 3.3537826654e+00 3.3932158860e+00 8.7757026301e-01 8.8494339296e-01 8.8494339296e-01 8.8014965655e-01 8.8300318821e-01 1.0527988276e-02 1.0719779180e-02 1.0832023108e-02 1.0553725844e-02 1.0722561390e-02 1.0827741935e-02 0 0
436 3.2871929576e+00 3.3116475574e+00 3.3116475574e+00 3.3383311187e+00 3.3656501712e+00 8.7539910313e-01 8.8273043075e-01 8.8273043075e-01 8.7790674337e-01 8.8073387021e-01 1.0347512169e-02 1.0630657896e-02 1.0870402562e-02 1.0319214062e-02 1.0610725963e-02 1.0794331436e-02 0 0
437 3.2835556704e+00 3.3020836061e+00 3.3020836061e+00 3.2787275701e+00 3.3282465308e+00 8.7323868952e-01 8.8051757731e-01 8.8051757731e-01 8.7573124776e-01 8.7847903778e-01 1.0093902747e-02 1.0742524173e-02 1.0655825259e-02 1.0159657348e-02 1.0515236878e-02 1.0641765897e-02 0 0
438 3.2586756413e+00 3.2856703276e+00 3.2856703276e+00 3.2592722689e+00 3.3050578836e+00 8.7107652891e-01 8.7832156355e-01 8.7832156355e-01 8.7360167727e-01 8.7626414273e-01 1.0063613971e-02 1.0464958148e-02 1.0518127005e-02 1.0130873442e-02 1.0277736117e-02 1.0486068670e-02 0 0
439 3.2381884421e+00 3.2461247448e+00 3.2461247448e+00 3.2426815714e+00 3.2589698858e+00 8.6892026294e-01 8.7616645634e-01 8.7616645634e-01 8.7149452839e-01 8.7412846453e-01 9.8493889951e-03 1.0722633218e-02 1.0539634037e-02 9.9882940699e-03 1.0332641192e-02 1.0314068524e-02 0 0
440 3.2007889055e+00 3.2405354531e+00 3.2405354531e+00 3.2113912127e+00 3.2534972136e+00 8.6679870182e-01 8.7402641481e-01 8.7402641481e-01 8.6941281427e-01 8.7201449663e-01 9.8097793285e-03 1.1054107221e-02 1.0571809369e-02 9.8599007655e-03 1.0402434389e-02 1.0276543791e-02 0 0
441 3.1827949035e+00 3.2406232990e+00 3.2406232990e+00 3.1983542200e+00 3.2312781394e+00 8.6473306691e-01 8.7189991261e-01 8.7189991261e-01 8.6733839021e-01 8.6992693408e-01 9.7670085331e-03 1.0859453236e-02 1.0967332986e-02 9.6563090156e-03 1.0271048523e-02 1.0379326763e-02 0 0
442 3.1682916593e+00 3.2029639227e+00 3.2029639227e+00 3.1631549617e+00 3.2026927563e+00 8.6264129971e-01 8.6980406195e-01 8.6980406195e-01 8.6528878726e-01 8.6786406279e-01 9.6589968653e-03 1.0547704063e-02 1.1084600003e-02 9.6045659036e-03 1.0023748851e-02 1.0340643348e-02 0 0
443 3.1134514414e+00 3.1580406624e+00 3.1580406624e+00 3.1669707790e+00 3.1824526749e+00 8.6060041466e-01 8.6774644017e-01 8.6774644017e-01 8.6323841081e-01 8.6582999357e-01 9.7794438673e-03 1.0020167450e-02 1.1008160538e-02 9.5093348335e-03 9.7149122739e-03 1.0205133818e-02 0 0
444 3.0724192799e+00 3.1103655134e+00 3.1103655134e+00 3.1405587261e+00 3.1587307217e+00 8.5860146785e-01 8.6572954443e-01 8.6572954443e-01 8.6116051136e-01 8.6381758639e-01 9.5024206048e-03 9.8321754485e-03 1.0680268868e-02 9.2619730018e-03 9.6367970109e-03 9.9536228226e-03 0 0
445 3.0742247492e+00 3.1029303391e+00 3.1029303391e+00 3.0987371649e+00 3.1486481627e+00 8.5661068772e-01 8.6371225455e-01 8.6371225455e-01 8.5913219743e-01 8.6176223634e-01 9.3314220136e-03 9.5365010202e-03 1.0072917677e-02 9.1510380734e-03 9.3484111130e-03 9.7092000069e-03 0 0
446 3.0548511513e+00 3.0810003648e+00 3.0810003648e+00 3.0795802825e+00 3.1013436036e+00 8.5463127628e-01 8.6170163747e-01 8.6170163747e-01 8.5710261906e-01 8.5972135552e-01 9.6163786092e-03 8.9684803970e-03 9.8972113337e-03 9.2490424954e-03 9.0605438454e-03 9.5515486319e-03 0 0
447 3.0284797056e+00 3.0579298524e+00 3.0579298524e+00 3.0904035194e+00 3.0866049805e+00 8.5266948908e-01 8.5973286463e-01 8.5973286463e-01 8.5506977121e-01 8.5772881935e-01 9.6751785408e-03 8.8282745564e-03 9.4280586345e-03 9.2154620323e-03 8.9886304922e-03 9.1949204216e-03 0 0
448 3.0224662494e+00 3.0719370342e+00 3.0719370342e+00 3.0659549843e+00 3.0664422294e+00 8.5070416965e-01 8.5774245012e-01 8.5774245012e-01 8.5306372176e-01 8.5572734165e-01 9.1573515948e-03 9.1400668025e-03 9.2922506155e-03 8.9571360509e-03 9.0671735816e-03 9.1443527490e-03 0 0
449 3.0017663414e+00 3.0578230353e+00 3.0578230353e+00 3.0439405542e+00 3.0543347909e+00 8.4876495952e-01 8.5574952380e-01 8.5574952380e-01 8.5108903318e-01 8.5373445016e-01 9.1943761143e-03 9.1080615530e-03 9.3544241972e-03 8.8943274545e-03 8.9593073353e-03 9.1453173663e-03 0 0
450 2.9655729460e+00 3.0294136699e+00 3.0294136699e+00 3.0127515890e+00 3.0246060501e+00 8.4685375206e-01 8.5376146885e-01 8.5376146885e-01 8.4912651606e-01 8.5177687140e-01 8.9743128790e-03 8.9963622158e-03 9.5846934710e-03 8.6817798048e-03 8.8571821107e-03 9.1522417497e-03 0 0
451 2.9634888102e+00 3.0153172786e+00 3.0153172786e+00 2.9587372025e+00 3.0186527746e+00 8.4492382900e-01 8.5180382884e-01 8.5180382884e-01 8.4721278176e-01 8.4983235703e-01 8.4162268560e-03 9.1609196970e-03 9.3434711453e-03 8.3897974784e-03 8.7968851440e-03 8.9829566423e-03 0 0
452 2.9456199955e+00 2.9757352866e+00 2.9757352866e+00 2.9313507242e+00 2.9825320920e+00 8.4298859747e-01 8.4986420694e-01 8.4986420694e-01 8.4532294500e-01 8.4789574936e-01 8.4539251115e-03 8.8937671389e-03 9.2322600540e-03 8.3708137936e-03 8.5606743814e-03 8.8892701315e-03 0 0
453 2.9515740628e+00 2.9241074790e+00 2.9241074790e+00 2.9357959593e+00 2.9487820536e+00 8.4103591214e-01 8.4796784567e-01 8.4796784567e-01 8.4342619652e-01 8.4598063265e-01 8.0299038031e-03 8.8649205863e-03 8.8747963309e-03 8.1661878779e-03 8.5047271568e-03 8.6266738363e-03 0 0
454 2.9441726995e+00 2.9116936022e+00 2.9116936022e+00 2.9212644010e+00 2.9522349616e+00 8.3909401872e-01 8.4609317738e-01 8.4609317738e-01 8.4153477587e-01 8.4404961003e-01 8.1153826102e-03 8.9768656762e-03 8.3183915121e-03 8.1700736032e-03 8.5071200738e-03 8.3297725068e-03 0 0
455 2.9226026938e+00 2.8954480324e+00 2.8954480324e+00 2.9286384332e+00 2.9480702874e+00 8.3717965423e-01 8.4418882306e-01 8.4418882306e-01 8.3961976161e-01 8.4211527977e-01 8.1255688767e-03 8.5139666917e-03 8.3988208789e-03 8.0966815735e-03 8.3152332809e-03 8.3256781800e-03 0 0
456 2.8878894374e+00 2.9005017603e+00 2.9005017603e+00 2.9168424667e+00 2.9435331196e+00 8.3528324912e-01 8.4228471857e-01 8.4228471857e-01 8.3774719466e-01 8.4018961524e-01 8.0770680626e-03 8.8450114708e-03 8.3656554343e-03 8.0197337674e-03 8.3666517166e-03 8.2614631392e-03 0 0
457 2.8383157112e+00 2.9160726942e+00 2.9160726942e+00 2.8815787035e+00 2.9300463546e+00 8.3343241731e-01 8.4038705976e-01 8.4038705976e-01 8.3589305445e-01 8.3824700574e-01 7.9298859467e-03 8.7990239263e-03 8.1495613558e-03 7.8406122743e-03 8.2851119805e-03 8.1772970734e-03 0 0
458 2.8235658678e+00 2.8844150131e+00 2.8844150131e+00 2.8298652416e+00 2.9064458453e+00 8.3161403623e-01 8.3849424304e-01 8.3849424304e-01 8.3405989800e-01 8.3635248279e-01 7.5471037276e-03 8.6761482526e-03 8.2774044713e-03 7.5633491990e-03 8.1651958171e-03 8.1224053865e-03 0 0
459 2.8311986017e+00 2.8615414276e+00 2.8615414276e+00 2.7943969596e+00 2.8491925359e+00 8.2977547821e-01 8.3660735850e-01 8.3660735850e-01 8.3226902355e-01 8.3447199909e-01 7.2741507494e-03 8.3732053172e-03 8.1531244796e-03 7.4346208037e-03 7.9174054554e-03 8.0134292366e-03 0 0
460 2.8221580786e+00 2.8108348580e+00 2.8108348580e+00 2.7952305365e+00 2.8166866295e+00 8.2792478142e-01 8.3475269434e-01 8.3475269434e-01 8.3048944530e-01 8.3266288437e-01 7.4494220544e-03 7.9205553047e-03 8.2583944313e-03 7.5150523487e-03 7.6542437309e-03 7.8968984308e-03 0 0
461 2.8032244220e+00 2.7877898746e+00 2.7877898746e+00 2.8173323761e+00 2.7880282742e+00 8.2609096157e-01 8.3293423283e-01 8.3293423283e-01 8.2868150774e-01 8.3089866529e-01 7.4806072431e-03 7.7953856671e-03 8.2029175246e-03 7.4716427917e-03 7.6200065087e-03 7.7558911871e-03 0 0
462 2.7557167515e+00 2.8007158727e+00 2.8007158727e+00 2.7903955410e+00 2.7997583572e+00 8.2429869065e-01 8.3112655295e-01 8.3112655295e-01 8.2685623060e-01 8.2910853266e-01 7.4642040753e-03 7.8692239476e-03 7.8811916756e-03 7.3497744439e-03 7.6602150803e-03 7.6298685744e-03 0 0
463 2.7342245266e+00 2.7976824059e+00 2.7976824059e+00 2.7651394456e+00 2.8007437519e+00 8.2252540523e-01 8.2928902361e-01 8.2928902361e-01 8.2504049952e-01 8.2730094109e-01 7.1566375422e-03 7.6200594194e-03 7.9757540952e-03 7.1083628574e-03 7.4905012152e-03 7.6773135806e-03 0 0
464 2.7419042528e+00 2.7561653557e+00 2.7561653557e+00 2.7273219180e+00 2.7704016228e+00 8.2072207389e-01 8.2744329676e-01 8.2744329676e-01 8.2325839382e-01 8.2551340993e-01 6.9234999688e-03 7.4072849238e-03 8.1271275412e-03 7.0060529220e-03 7.2846694384e-03 7.6751604793e-03 0 0
465 2.7262270861e+00 2.7262049225e+00 2.7262049225e+00 2.7300771342e+00 2.7413810131e+00 8.1891657996e-01 8.2563049408e-01 8.2563049408e-01 8.2148685902e-01 8.2374397611e-01 7.0682460220e-03 7.0758177317e-03 7.8438917408e-03 7.0686079627e-03 7.0520759327e-03 7.4737388641e-03 0 0
466 2.7197027601e+00 2.6961328999e+00 2.6961328999e+00 2.7343344331e+00 2.7148530589e+00 8.1712332200e-01 8.2386223907e-01 8.2386223907e-01 8.1968430635e-01 8.2199528554e-01 6.9613919247e-03 7.0345545537e-03 7.4867875664e-03 6.9827745279e-03 7.0502264425e-03 7.2206323966e-03 0 0
467 2.7064044121e+00 2.7074945667e+00 2.7074945667e+00 2.7091783373e+00 2.7330460780e+00 8.1531248578e-01 8.2209211758e-01 8.2209211758e-01 8.1788160296e-01 8.2022149020e-01 6.9323080261e-03 7.1349869831e-03 7.1530978894e-03 6.9835701094e-03 7.0875135716e-03 7.0625999942e-03 0 0
468 2.6908171554e+00 2.7013000325e+00 2.7013000325e+00 2.7205200517e+00 2.7201955668e+00 8.1356084693e-01 8.2029542520e-01 8.2029542520e-01 8.1609117224e-01 8.1843828051e-01 7.2212090550e-03 6.9773250725e-03 7.3561928584e-03 6.9830820765e-03 6.9804185769e-03 7.1506199311e-03 0 0
469 2.6599913156e+00 2.6712657390e+00 2.6712657390e+00 2.6823651140e+00 2.6978926154e+00 8.1181255869e-01 8.1850804418e-01 8.1850804418e-01 8.1429850435e-01 8.1668624463e-01 7.1635768388e-03 7.0968956570e-03 7.5546587468e-03 6.9198946784e-03 7.0243291557e-03 7.1755135432e-03 0 0
470 2.6520461659e+00 2.6789846138e+00 2.6789846138e+00 2.6619145580e+00 2.6968113367e+00 8.1008046641e-01 8.1672615840e-01 8.1672615840e-01 8.1255602095e-01 8.1493822670e-01 7.2926216221e-03 7.2772756685e-03 7.5252369279e-03 6.9315305886e-03 6.9821111392e-03 7.1478144382e-03 0 0
471 2.6540440617e+00 2.6406072131e+00 2.6406072131e+00 2.6586805836e+00 2.6582387604e+00 8.0834866399e-01 8.1495056717e-01 8.1495056717e-01 8.1081975134e-01 8.1319429951e-01 7.2726532718e-03 7.2293643025e-03 7.6465488528e-03 6.9110351389e-03 6.9200676517e-03 7.1725695161e-03 0 0
472 2.6676628093e+00 2.6207340636e+00 2.6207340636e+00 2.6391003400e+00 2.6532145659e+00 8.0659387464e-01 8.1320994609e-01 8.1320994609e-01 8.0909459093e-01 8.1146499337e-01 7.4237671066e-03 7.4671322363e-03 7.3646907113e-03 7.0097297601e-03 6.9942944101e-03 6.9743005442e-03 0 0
473 2.6607507989e+00 2.6247075236e+00 2.6247075236e+00 2.6575495010e+00 2.6645729381e+00 8.0482460718e-01 8.1145461355e-01 8.1145461355e-01 8.0734269642e-01 8.0970154715e-01 7.4035153654e-03 7.1939045447e-03 7.0882656728e-03 7.0005923122e-03 6.9052344770e-03 6.8880101317e-03 0 0
474 2.6385252841e+00 2.6291949041e+00 2.6291949041e+00 2.6604568491e+00 2.6690913529e+00 8.0304321194e-01 8.0971262395e-01 8.0971262395e-01 8.0557559934e-01 8.0792939204e-01 7.0643703047e-03 7.3390350444e-03 6.9332618732e-03 6.8449384911e-03 6.9882777170e-03 6.8164836266e-03 0 0
475 2.6425496132e+00 2.6429766054e+00 2.6429766054e+00 2.6562324411e+00 2.6784311858e+00 8.0127060289e-01 8.0795770208e-01 8.0795770208e-01 8.0380097494e-01 8.0611353910e-01 6.8145549770e-03 7.2900880477e-03 6.6547802417e-03 6.7002582678e-03 6.9533313508e-03 6.7456239485e-03 0 0
476 2.6100247134e+00 2.6190281103e+00 2.6190281103e+00 2.6277752125e+00 2.6634365644e+00 7.9949217026e-01 8.0620937346e-01 8.0620937346e-01 8.0201473469e-01 8.0430630611e-01 6.6123635095e-03 6.9322299678e-03 6.8589961156e-03 6.5938364054e-03 6.7822200363e-03 6.8126865663e-03 0 0
477 2.6060993763e+00 2.6057551511e+00 2.6057551511e+00 2.6232716115e+00 2.6493300338e+00 7.9772596098e-01 8.0446035559e-01 8.0446035559e-01 8.0023938751e-01 8.0251046436e-01 6.3556291315e-03 6.7220801720e-03 6.8103625672e-03 6.4168700882e-03 6.6530093900e-03 6.7415606463e-03 0 0
478 2.6073810843e+00 2.5841761927e+00 2.5841761927e+00 2.5998250297e+00 2.6284315296e+00 7.9598159030e-01 8.0271509574e-01 8.0271509574e-01 7.9847582094e-01 8.0073200677e-01 6.4898817679e-03 6.6015556804e-03 6.7637710017e-03 6.4275780297e-03 6.5565871773e-03 6.6701747128e-03 0 0
479 2.5989462662e+00 2.5776413897e+00 2.5776413897e+00 2.5846038964e+00 2.6165767356e+00 7.9422405627e-01 8.0097978321e-01 8.0097978321e-01 7.9672842926e-01 7.9897721233e-01 6.4725586970e-03 6.5197033691e-03 6.7672412260e-03 6.4254480637e-03 6.4577799058e-03 6.6215912229e-03 0 0
480 2.5943564423e+00 2.5699767847e+00 2.5699767847e+00 2.5772369474e+00 2.5752979558e+00 7.9243323790e-01 7.9925901552e-01 7.9925901552e-01 7.9497846119e-01 7.9723790193e-01 6.2942102712e-03 6.5192513284e-03 6.6858945065e-03 6.3712526156e-03 6.4432178042e-03 6.5337644774e-03 0 0
481 2.5898204151e+00 2.5544306541e+00 2.5544306541e+00 2.5813066617e+00 2.5737091046e+00 7.9064058352e-01 7.9754067418e-01 7.9754067418e-01 7.9324288223e-01 7.9551960450e-01 6.2831180154e-03 6.6197328269e-03 6.7350672325e-03 6.3465910310e-03 6.4501771121e-03 6.4886014443e-03 0 0
482 2.5688370296e+00 2.5508240584e+00 2.5508240584e+00 2.5748489720e+00 2.5748314078e+00 7.8886807261e-01 7.9579328519e-01 7.9579328519e-01 7.9149986074e-01 7.9381166085e-01 6.3791798340e-03 6.8412763649e-03 7.0299896761e-03 6.3359227048e-03 6.5474840812e-03 6.5911762067e-03 0 0
483 2.5416150535e+00 2.5585069947e+00 2.5585069947e+00 2.5546999940e+00 2.5793063665e+00 7.8713478270e-01 7.9404328750e-01 7.9404328750e-01 7.8973918501e-01 7.9209004195e-01 6.4936079319e-03 6.7247931147e-03 6.9934017956e-03 6.2985315832e-03 6.4987172955e-03 6.5854180721e-03 0 0
484 2.5133402912e+00 2.5580427902e+00 2.5580427902e+00 2.5382528100e+00 2.5766065114e+00 7.8541019804e-01 7.9229066126e-01 7.9229066126e-01 7.8799576386e-01 7.9034026247e-01 6.4201182386e-03 6.6608778434e-03 6.8857445731e-03 6.2253110540e-03 6.4146827790e-03 6.5622965922e-03 0 0
485 2.4957685445e+00 2.5412013040e+00 2.5412013040e+00 2.5192537732e+00 2.5653079570e+00 7.8371959923e-01 7.9055774246e-01 7.9055774246e-01 7.8627243568e-01 7.8858384890e-01 6.5850660975e-03 6.6290914547e-03 6.6696635913e-03 6.2148050456e-03 6.3402944361e-03 6.4438537229e-03 0 0
486 2.4715860067e+00 2.4993154542e+00 2.4993154542e+00 2.5052954797e+00 2.5435954609e+00 7.8206759914e-01 7.8884257497e-01 7.8884257497e-01 7.8453916459e-01 7.8684068785e-01 6.7535753988e-03 6.3452811446e-03 6.5640964895e-03 6.2010527761e-03 6.1963690678e-03 6.3482812257e-03 0 0
487 2.4696309787e+00 2.4806787597e+00 2.4806787597e+00 2.4925518547e+00 2.5173023804e+00 7.8042443730e-01 7.8714297809e-01 7.8714297809e-01 7.8282034569e-01 7.8509411798e-01 6.6097241960e-03 6.3014047919e-03 6.2600880628e-03 6.1122885048e-03 6.1263746466e-03 6.1834558728e-03 0 0
488 2.4815706170e+00 2.4733300519e+00 2.4733300519e+00 2.4762822784e+00 2.5008083288e+00 7.7875957827e-01 7.8545269898e-01 7.8545269898e-01 7.8111893157e-01 7.8334919238e-01 6.3743641424e-03 6.1409361660e-03 6.0785031528e-03 6.0325346040e-03 5.9975417098e-03 6.0654962435e-03 0 0
489 2.4680641715e+00 2.4533563007e+00 2.4533563007e+00 2.4660160644e+00 2.4797140701e+00 7.7706993682e-01 7.8375885252e-01 7.8375885252e-01 7.7942168201e-01 7.8164061048e-01 6.0796656688e-03 5.9745754697e-03 6.1708205612e-03 5.9149764361e-03 5.8990581310e-03 6.0263858177e-03 0 0
490 2.4456736843e+00 2.4496905345e+00 2.4496905345e+00 2.4602491718e+00 2.4720844011e+00 7.7537212408e-01 7.8206975655e-01 7.8206975655e-01 7.7772868351e-01 7.7994031955e-01 5.8394786132e-03 5.9414010611e-03 5.9968921705e-03 5.7920518887e-03 5.8686941047e-03 5.9117089841e-03 0 0
491 2.4362827078e+00 2.4471837888e+00 2.4471837888e+00 2.4554676545e+00 2.4730886590e+00 7.7368080733e-01 7.8038733205e-01 7.8038733205e-01 7.7607282913e-01 7.7825109343e-01 5.6548370714e-03 6.1895948602e-03 5.9711624635e-03 5.6740540533e-03 5.9035053127e-03 5.8720363304e-03 0 0
492 2.4288657402e+00 2.4385203647e+00 2.4385203647e+00 2.4247840515e+00 2.4544004538e+00 7.7199524841e-01 7.7869902019e-01 7.7869902019e-01 7.7443974605e-01 7.7657208725e-01 5.5515172613e-03 6.4453928499e-03 6.0900647077e-03 5.6050482434e-03 5.9604241978e-03 5.9019098990e-03 0 0
493 2.4233686171e+00 2.4254880473e+00 2.4254880473e+00 2.4123943577e+00 2.4301632418e+00 7.7032257943e-01 7.7702435007e-01 7.7702435007e-01 7.7280534512e-01 7.7489976290e-01 5.5850362834e-03 6.2571421731e-03 6.0544766020e-03 5.5896160864e-03 5.8647248079e-03 5.8512279065e-03 0 0
494 2.4202076537e+00 2.4038646815e+00 2.4038646815e+00 2.4158557231e+00 2.4149928044e+00 7.6864746287e-01 7.7537034982e-01 7.7537034982e-01 7.7117128340e-01 7.7323938658e-01 5.4976921806e-03 6.0832499876e-03 5.9956915793e-03 5.5274336376e-03 5.7738333708e-03 5.7813925087e-03 0 0
495 2.4121954406e+00 2.3915591939e+00 2.3915591939e+00 2.4076361132e+00 2.4212683502e+00 7.6695917427e-01 7.7373931436e-01 7.7373931436e-01 7.6954268520e-01 7.7160772588e-01 5.4897016023e-03 6.0792313307e-03 6.0526218149e-03 5.5316375347e-03 5.7492879569e-03 5.7503005955e-03 0 0
496 2.4149308097e+00 2.3807431100e+00 2.3807431100e+00 2.4123804905e+00 2.4047100911e+00 7.6529568922e-01 7.7211349603e-01 7.7211349603e-01 7.6789820399e-01 7.6998880079e-01 5.5641233885e-03 5.8680750662e-03 6.2053551665e-03 5.5168359512e-03 5.6587196887e-03 5.7929009199e-03 0 0
497 2.4021591090e+00 2.3781659959e+00 2.3781659959e+00 2.4053926736e+00 2.3926411523e+00 7.6363520961e-01 7.7050343729e-01 7.7050343729e-01 7.6621910015e-01 7.6835771629e-01 5.7673067108e-03 5.6584550766e-03 6.0348830884e-03 5.5871538177e-03 5.5962990155e-03 5.7167678606e-03 0 0
498 2.3709623515e+00 2.3840034885e+00 2.3840034885e+00 2.3989468323e+00 2.4029825121e+00 7.6198147638e-01 7.6888533658e-01 7.6888533658e-01 7.6454404137e-01 7.6670780910e-01 5.8726418080e-03 5.5747214938e-03 5.8231466683e-03 5.5966626422e-03 5.5345497094e-03 5.6286876206e-03 0 0
499 2.3642232466e+00 2.3726038641e+00 2.3726038641e+00 2.3973996840e+00 2.3888211894e+00 7.6031975957e-01 7.6722838713e-01 7.6722838713e-01 7.6286492378e-01 7.6504734192e-01 5.7866304102e-03 5.5721693789e-03 5.8313252521e-03 5.5464913959e-03 5.5213269661e-03 5.6353700929e-03 0 0
500 2.3528555089e+00 2.3788922189e+00 2.3788922189e+00 2.3727462892e+00 2.3864161398e+00 7.5868613139e-01 7.6556223997e-01 7.6556223997e-01 7.6120128600e-01 7.6337985490e-01 5.9262157359e-03 5.7470769971e-03 5.6797812576e-03 5.5561409175e-03 5.5494365515e-03 5.5561435875e-03 0 0
501 2.3345347160e+00 2.3765349197e+00 2.3765349197e+00 2.3619551729e+00 2.3842840247e+00 7.5706817966e-01 7.6388111381e-01 7.6388111381e-01 7.5953543453e-01 7.6170736879e-01 5.8323165495e-03 5.7295845472e-03 5.6873422000e-03 5.4824223862e-03 5.5207633413e-03 5.5457020062e-03 0 0
502 2.3444524407e+00 2.3511521498e+00 2.3511521498e+00 2.3428354195e+00 2.3740442825e+00 7.5542760439e-01 7.6220134631e-01 7.6220134631e-01 7.5789068389e-01 7.6005493456e-01 5.4768234096e-03 5.8147229720e-03 5.8022913290e-03 5.3415620746e-03 5.5209009442e-03 5.5386552121e-03 0 0
503 2.3418344446e+00 2.3446225386e+00 2.3446225386e+00 2.3277977771e+00 2.3615585480e+00 7.5378324187e-01 7.6051451913e-01 7.6051451913e-01 7.5626345218e-01 7.5839107506e-01 5.3800126041e-03 5.6559018558e-03 5.7745046215e-03 5.2912190081e-03 5.4118834669e-03 5.5249843281e-03 0 0
504 2.3179553549e+00 2.3265783306e+00 2.3265783306e+00 2.3313890784e+00 2.3396938512e+00 7.5216124304e-01 7.5887439328e-01 7.5887439328e-01 7.5462676298e-01 7.5675346484e-01 5.2869232102e-03 5.4684255738e-03 5.6929132552e-03 5.2095996879e-03 5.3306620102e-03 5.4420271772e-03 0 0
505 2.2867324361e+00 2.3077026300e+00 2.3077026300e+00 2.3281022781e+00 2.3381324458e+00 7.5057833239e-01 7.5727374695e-01 7.5727374695e-01 7.5298985471e-01 7.5513796541e-01 5.2180001389e-03 5.4118289263e-03 5.5784233264e-03 5.1167325509e-03 5.2963509224e-03 5.3486776305e-03 0 0
506 2.2639000571e+00 2.2891132232e+00 2.2891132232e+00 2.3039063374e+00 2.3285016261e+00 7.4901104447e-01 7.5566788433e-01 7.5566788433e-01 7.5137888623e-01 7.5353463676e-01 4.9631977354e-03 5.3276398103e-03 5.7318635518e-03 4.9577377932e-03 5.2103557973e-03 5.3920046776e-03 0 0
507 2.2428763948e+00 2.2741995776e+00 2.2741995776e+00 2.2672293869e+00 2.2982587474e+00 7.4745753800e-01 7.5406387892e-01 7.5406387892e-01 7.4979027274e-01 7.5193891932e-01 4.7815021783e-03 5.1302399370e-03 5.7260161848e-03 4.8232552629e-03 5.0803174963e-03 5.3718599374e-03 0 0
508 2.2489070000e+00 2.2645664241e+00 2.2645664241e+00 2.2596686300e+00 2.2658325232e+00 7.4589034578e-01 7.5249732518e-01 7.5249732518e-01 7.4822673308e-01 7.5035661489e-01 4.6515871385e-03 4.8585780896e-03 5.4049806204e-03 4.7573439982e-03 4.8974954989e-03 5.1967002219e-03 0 0
509 2.2306596570e+00 2.2430728666e+00 2.2430728666e+00 2.2547540971e+00 2.2475299655e+00 7.4435553249e-01 7.5096462389e-01 7.5096462389e-01 7.4668365163e-01 7.4880462239e-01 4.8016038229e-03 4.8259446048e-03 5.1878756494e-03 4.7697788935e-03 4.8265865771e-03 5.0399739994e-03 0 0
510 2.2307597450e+00 2.2270731023e+00 2.2270731023e+00 2.2509040672e+00 2.2453354526e+00 7.4283719594e-01 7.4944530204e-01 7.4944530204e-01 7.4513212571e-01 7.4728141410e-01 4.7437743637e-03 4.7796505969e-03 5.0681215944e-03 4.7003997097e-03 4.7943507670e-03 4.9240327789e-03 0 0
511 2.1931063550e+00 2.2179283447e+00 2.2179283447e+00 2.2131266725e+00 2.2413566525e+00 7.4130248987e-01 7.4791046528e-01 7.4791046528e-01 7.4359006407e-01 7.4575463367e-01 4.6875421337e-03 4.8085044837e-03 5.0059148343e-03 4.6713334141e-03 4.7800980392e-03 4.8749763519e-03 0 0
512 2.1808894941e+00 2.2186046069e+00 2.2186046069e+00 2.2108475023e+00 2.2305289827e+00 7.3978354079e-01 7.4636714600e-01 7.4636714600e-01 7.4205464457e-01 7.4420704229e-01 4.6365573111e-03 4.5752687147e-03 4.8426695284e-03 4.5863314064e-03 4.6366510214e-03 4.8050135374e-03 0 0
513 2.1696617065e+00 2.1826712582e+00 2.1826712582e+00 2.1842892653e+00 2.2034227359e+00 7.3826031875e-01 7.4484741042e-01 7.4484741042e-01 7.4051768001e-01 7.4268240311e-01 4.5022848542e-03 4.6083724010e-03 4.8268003156e-03 4.4967425984e-03 4.6291476465e-03 4.7486558324e-03 0 0
514 2.1740537104e+00 2.1816229209e+00 2.1816229209e+00 2.1671398056e+00 2.1999094676e+00 7.3672441364e-01 7.4333932239e-01 7.4333932239e-01 7.3900185976e-01 7.4114889361e-01 4.4555485475e-03 4.6311416663e-03 4.5981973526e-03 4.4715506385e-03 4.5733160223e-03 4.6291886829e-03 0 0
515 2.1720564856e+00 2.1501768527e+00 2.1501768527e+00 2.1661253300e+00 2.1658053902e+00 7.3516594394e-01 7.4182872432e-01 7.4182872432e-01 7.3748020601e-01 7.3961413663e-01 4.4717626729e-03 4.5089858468e-03 4.6099325409e-03 4.4936824840e-03 4.4910935103e-03 4.6069679083e-03 0 0
516 2.1559132855e+00 2.1278217878e+00 2.1278217878e+00 2.1646080018e+00 2.1684642947e+00 7.3361058109e-01 7.4033573418e-01 7.4033573418e-01 7.3594337972e-01 7.3810029981e-01 4.4833552107e-03 4.5168261277e-03 4.5425591525e-03 4.4840760293e-03 4.4982716790e-03 4.5065541635e-03 0 0
517 2.1441884209e+00 2.1326126173e+00 2.1326126173e+00 2.1589702158e+00 2.1735246829e+00 7.3207390364e-01 7.3882569645e-01 7.3882569645e-01 7.3439626659e-01 7.3657751279e-01 4.4976761323e-03 4.5421444811e-03 4.5413842308e-03 4.4644956808e-03 4.5118131093e-03 4.4924711692e-03 0 0
518 2.1440924061e+00 2.1328669391e+00 2.1328669391e+00 2.1477950367e+00 2.1580384481e+00 7.3056125106e-01 7.3730490783e-01 7.3730490783e-01 7.3287771060e-01 7.3503571750e-01 4.5735215683e-03 4.7468375415e-03 4.5719844638e-03 4.4671399396e-03 4.5582806342e-03 4.5205986244e-03 0 0
519 2.1304665269e+00 2.1361019493e+00 2.1361019493e+00 2.1372777079e+00 2.1492898117e+00 7.2903462911e-01 7.3579675440e-01 7.3579675440e-01 7.3137646728e-01 7.3348687542e-01 4.6149025617e-03 4.8444637796e-03 4.5541879954e-03 4.5024162967e-03 4.5775042963e-03 4.5109285857e-03 0 0
520 2.1321114267e+00 2.1245389326e+00 2.1245389326e+00 2.1332698443e+00 2.1377161268e+00 7.2752003049e-01 7.3429509839e-01 7.3429509839e-01 7.2987678372e-01 7.3196787227e-01 4.5604821703e-03 4.7798668384e-03 4.6979892068e-03 4.4515137553e-03 4.5478685061e-03 4.5290801208e-03 0 0
521 2.1385455489e+00 2.1159369235e+00 2.1159369235e+00 2.1453803628e+00 2.1313095666e+00 7.2601386555e-01 7.3278853506e-01 7.3278853506e-01 7.2836658582e-01 7.3046165299e-01 4.6053007511e-03 4.7099360963e-03 4.7490319121e-03 4.4567463726e-03 4.5256505255e-03 4.5344973914e-03 0 0
522 2.1403771241e+00 2.1236368183e+00 2.1236368183e+00 2.1390810989e+00 2.1389025211e+00 7.2448881011e-01 7.3128656803e-01 7.3128656803e-01 7.2686567765e-01 7.2895244625e-01 4.5551433001e-03 4.7447509132e-03 4.7030708520e-03 4.4542650888e-03 4.5192184043e-03 4.5194103150e-03 0 0
523 2.1307574100e+00 2.1247990457e+00 2.1247990457e+00 2.1423868113e+00 2.1399561262e+00 7.2296816497e-01 7.2978319843e-01 7.2978319843e-01 7.2534917833e-01 7.2742322626e-01 4.5133435449e-03 4.5723874355e-03 4.5708256075e-03 4.4179738685e-03 4.4547413709e-03 4.4798495946e-03 0 0
524 2.1298601298e+00 2.1111662994e+00 2.1111662994e+00 2.1416209612e+00 2.1449003058e+00 7.2143256202e-01 7.2828438230e-01 7.2828438230e-01 7.2381944051e-01 7.2589877042e-01 4.3806057349e-03 4.5052560163e-03 4.4763522455e-03 4.3613241239e-03 4.4366808725e-03 4.4155486976e-03 0 0
525 2.1171625170e+00 2.1089211435e+00 2.1089211435e+00 2.1223246408e+00 2.1507402460e+00 7.1989644887e-01 7.2677091713e-01 7.2677091713e-01 7.2228197714e-01 7.2436475406e-01 4.2879771996e-03 4.4079176150e-03 4.4174194918e-03 4.3010956816e-03 4.3892298709e-03 4.3952778215e-03 0 0
526 2.1004543107e+00 2.1028334168e+00 2.1028334168e+00 2.1256497175e+00 2.1433558135e+00 7.1838822580e-01 7.2525375885e-01 7.2525375885e-01 7.2075368284e-01 7.2282928544e-01 4.2874005638e-03 4.3407159392e-03 4.4431076967e-03 4.2506389792e-03 4.3291201582e-03 4.4061145745e-03 0 0
527 2.1007014888e+00 2.0995201198e+00 2.0995201198e+00 2.1017455904e+00 2.1227882249e+00 7.1688950213e-01 7.2375202905e-01 7.2375202905e-01 7.1923666466e-01 7.2128901017e-01 4.2052081787e-03 4.4457401964e-03 4.3271362665e-03 4.1868528130e-03 4.3519825558e-03 4.3415092514e-03 0 0
528 2.0974652397e+00 2.0923742073e+00 2.0923742073e+00 2.0798138733e+00 2.1267226824e+00 7.1536300816e-01 7.2225104481e-01 7.2225104481e-01 7.1772438336e-01 7.1976277330e-01 4.0934039858e-03 4.2887302116e-03 4.3239993975e-03 4.1565809160e-03 4.2555141845e-03 4.3056514696e-03 0 0
529 2.0955898051e+00 2.0759630933e+00 2.0759630933e+00 2.0891659573e+00 2.0926829366e+00 7.1384359826e-01 7.2073965984e-01 7.2073965984e-01 7.1622477927e-01 7.1826706876e-01 4.1410034374e-03 4.1729318327e-03 4.4932235032e-03 4.1582941401e-03 4.1698024725e-03 4.3334640795e-03 0 0
530 2.0732733805e+00 2.0676967002e+00 2.0676967002e+00 2.0845643213e+00 2.0803178389e+00 7.1232782477e-01 7.1925418901e-01 7.1925418901e-01 7.1471180713e-01 7.1679773673e-01 4.1352869849e-03 4.1819680482e-03 4.4812376727e-03 4.1388506992e-03 4.1824599029e-03 4.2770527070e-03 0 0
531 2.0414829457e+00 2.0722958835e+00 2.0722958835e+00 2.0735621446e+00 2.0832377905e+00 7.1083251224e-01 7.1776856085e-01 7.1776856085e-01 7.1319626047e-01 7.1533849646e-01 4.0272403873e-03 4.2213831330e-03 4.5450499747e-03 4.0475004789e-03 4.1925598634e-03 4.2823568801e-03 0 0
532 2.0345659204e+00 2.0722467564e+00 2.0722467564e+00 2.0613014611e+00 2.0796171582e+00 7.0937753556e-01 7.1626734197e-01 7.1626734197e-01 7.1169314937e-01 7.1386138259e-01 3.9098827054e-03 4.1731945239e-03 4.5564011671e-03 3.9275748779e-03 4.1393247666e-03 4.3037891155e-03 0 0
533 2.0320046993e+00 2.0411869835e+00 2.0411869835e+00 2.0296746381e+00 2.0703196184e+00 7.0794157906e-01 7.1476886760e-01 7.1476886760e-01 7.1021623414e-01 7.1239444163e-01 3.8610946848e-03 4.1455183527e-03 4.5979435672e-03 3.8697094472e-03 4.0812637308e-03 4.2953795055e-03 0 0
534 2.0312725277e+00 2.0184907871e+00 2.0184907871e+00 2.0219592288e+00 2.0510594425e+00 7.0649487456e-01 7.1328493717e-01 7.1328493717e-01 7.0876706046e-01 7.1092061702e-01 3.8368851668e-03 3.9574428811e-03 4.4175623334e-03 3.8664155745e-03 3.9424251881e-03 4.2084496818e-03 0 0
535 2.0045699436e+00 2.0013703182e+00 2.0013703182e+00 2.0273648079e+00 2.0233183940e+00 7.0505690001e-01 7.1185245822e-01 7.1185245822e-01 7.0733401724e-01 7.0945869999e-01 3.8539960934e-03 3.8752427790e-03 4.1462754016e-03 3.8659802796e-03 3.8734899135e-03 4.0530239930e-03 0 0
536 1.9934891283e+00 1.9840731053e+00 1.9840731053e+00 2.0203021808e+00 2.0190988443e+00 7.0364290939e-01 7.1046764916e-01 7.1046764916e-01 7.0588645683e-01 7.0803030979e-01 3.7738977605e-03 3.8407393149e-03 3.9764519315e-03 3.7923234725e-03 3.8715623086e-03 3.9166131755e-03 0 0
537 1.9727608111e+00 1.9866757609e+00 1.9866757609e+00 1.9962759775e+00 2.0178378179e+00 7.0227022988e-01 7.0907579247e-01 7.0907579247e-01 7.0443871848e-01 7.0660927528e-01 3.7779976441e-03 3.7872993271e-03 3.9790286100e-03 3.7276123886e-03 3.8435236784e-03 3.9025316946e-03 0 0
538 1.9513775978e+00 2.0039619304e+00 2.0039619304e+00 1.9875408698e+00 2.0081818831e+00 7.0087770776e-01 7.0767799115e-01 7.0767799115e-01 7.0303398003e-01 7.0517948820e-01 3.5987225623e-03 3.7728622556e-03 3.9613042027e-03 3.6600170639e-03 3.7790835486e-03 3.9027730236e-03 0 0
539 1.9409624324e+00 1.9732405902e+00 1.9732405902e+00 1.9686974034e+00 1.9745209068e+00 6.9951438290e-01 7.0628479121e-01 7.0628479121e-01 7.0166676769e-01 7.0377440133e-01 3.5626329019e-03 3.8053327589e-03 4.0229724254e-03 3.6018206217e-03 3.7374155363e-03 3.8978172233e-03 0 0
540 1.9297752481e+00 1.9482497136e+00 1.9482497136e+00 1.9586640169e+00 1.9541454968e+00 6.9817167947e-01 7.0491170368e-01 7.0491170368e-01 7.0030714433e-01 7.0240694219e-01 3.5371913935e-03 3.7408783101e-03 4.0106143570e-03 3.5480830076e-03 3.6851871992e-03 3.8376732264e-03 0 0
541 1.9144199297e+00 1.9303173319e+00 1.9303173319e+00 1.9247924131e+00 1.9500945652e+00 6.9683123832e-01 7.0356343834e-01 7.0356343834e-01 6.9897122351e-01 7.0107013720e-01 3.4983039200e-03 3.8541289978e-03 3.9818006917e-03 3.5102520692e-03 3.7049508537e-03 3.7748457398e-03 0 0
542 1.9124300541e+00 1.9165910485e+00 1.9165910485e+00 1.9215029573e+00 1.9410499653e+00 6.9549871425e-01 7.0222524720e-01 7.0222524720e-01 6.9767126244e-01 6.9973943519e-01 3.4451467354e-03 3.8002632209e-03 3.9768136339e-03 3.4589082993e-03 3.6219244357e-03 3.7541523343e-03 0 0
543 1.9205271360e+00 1.8984510005e+00 1.8984510005e+00 1.8948129346e+00 1.9151377246e+00 6.9415473461e-01 7.0089902631e-01 7.0089902631e-01 6.9638009939e-01 6.9840384498e-01 3.4760218095e-03 3.9039616240e-03 3.8889692514e-03 3.4731739482e-03 3.6404599668e-03 3.7127916003e-03 0 0
544 1.9019598500e+00 1.8819677587e+00 1.8819677587e+00 1.8957040834e+00 1.9187017815e+00 6.9279353364e-01 6.9960790001e-01 6.9960790001e-01 6.9508463927e-01 6.9709142443e-01 3.5071573909e-03 3.8113741321e-03 3.6819215748e-03 3.4992722756e-03 3.5849817214e-03 3.5738711013e-03 0 0
545 1.8968481920e+00 1.8779505085e+00 1.8779505085e+00 1.9137556103e+00 1.9010498064e+00 6.9144838653e-01 6.9829365084e-01 6.9829365084e-01 6.9378277152e-01 6.9576985711e-01 3.5416578082e-03 3.8036910701e-03 3.6490774946e-03 3.4859251633e-03 3.5784283536e-03 3.5543174599e-03 0 0
546 1.8844553160e+00 1.8786837948e+00 1.8786837948e+00 1.9087251400e+00 1.9005066384e+00 6.9012971406e-01 6.9697910642e-01 6.9697910642e-01 6.9244177006e-01 6.9444193142e-01 3.6653444349e-03 3.7375004031e-03 3.5436371109e-03 3.5007650795e-03 3.5876726615e-03 3.4901397303e-03 0 0
547 1.8745604473e+00 1.8866746475e+00 1.8866746475e+00 1.9063898098e+00 1.8980305357e+00 6.8882474091e-01 6.9564207130e-01 6.9564207130e-01 6.9108168241e-01 6.9309435993e-01 3.8588288740e-03 3.5375938751e-03 3.5117096850e-03 3.5654285823e-03 3.5028550192e-03 3.4880153253e-03 0 0
548 1.8992133222e+00 1.8923044863e+00 1.8923044863e+00 1.9066056483e+00 1.9078421354e+00 6.8751362932e-01 6.9429001021e-01 6.9429001021e-01 6.8973238926e-01 6.9174533869e-01 3.7671028025e-03 3.4733230132e-03 3.5697281710e-03 3.5271924627e-03 3.4496062435e-03 3.5098327789e-03 0 0
549 1.8781119429e+00 1.8812604657e+00 1.8812604657e+00 1.8894868767e+00 1.8893307717e+00 6.8619587535e-01 6.9293145779e-01 6.9293145779e-01 6.8837284016e-01 6.9041318920e-01 3.8181329989e-03 3.4521085327e-03 3.6805261043e-03 3.5615706876e-03 3.4438078874e-03 3.5288458457e-03 0 0
550 1.8559210567e+00 1.8818775562e+00 1.8818775562e+00 1.8962937798e+00 1.8809131207e+00 6.8487483291e-01 6.9157986984e-01 6.9157986984e-01 6.8700913823e-01 6.8907623365e-01 3.4562818615e-03 3.3706265967e-03 3.6081693252e-03 3.3909158703e-03 3.4023351036e-03 3.4913363052e-03 0 0
551 1.8476695347e+00 1.8750258762e+00 1.8750258762e+00 1.8855687224e+00 1.8831210418e+00 6.8357447420e-01 6.9023562525e-01 6.9023562525e-01 6.8564773035e-01 6.8775077614e-01 3.3235274239e-03 3.3737254562e-03 3.6311490112e-03 3.2902180232e-03 3.4024496563e-03 3.4825486946e-03 0 0
552 1.8515757810e+00 1.8627870172e+00 1.8627870172e+00 1.8537465988e+00 1.8839356685e+00 6.8228116881e-01 6.8888268771e-01 6.8888268771e-01 6.8433469463e-01 6.8643908227e-01 3.2680245666e-03 3.4321171697e-03 3.7674708874e-03 3.2453128917e-03 3.3689904958e-03 3.5237869015e-03 0 0
553 1.8481130909e+00 1.8541211183e+00 1.8541211183e+00 1.8375355522e+00 1.8669925013e+00 6.8097096128e-01 6.8753473875e-01 6.8753473875e-01 6.8302942636e-01 6.8511696895e-01 3.2243257107e-03 3.2958824304e-03 3.6919033155e-03 3.2371143931e-03 3.2839654014e-03 3.5012725275e-03 0 0
554 1.8388794570e+00 1.8214377008e+00 1.8214377008e+00 1.8443388160e+00 1.8423266655e+00 6.7966387273e-01 6.8624128975e-01 6.8624128975e-01 6.8175399934e-01 6.8383871409e-01 3.2542070836e-03 3.3390292665e-03 3.6552849342e-03 3.2409599468e-03 3.2574150246e-03 3.4259499516e-03 0 0
555 1.8262802235e+00 1.8042302068e+00 1.8042302068e+00 1.8363064213e+00 1.8303455455e+00 6.7837666249e-01 6.8496942865e-01 6.8496942865e-01 6.8046635023e-01 6.8256870606e-01 3.3167088333e-03 3.4124163794e-03 3.5179683473e-03 3.2391870063e-03 3.3006863669e-03 3.3420625259e-03 0 0
556 1.8081946047e+00 1.8052692879e+00 1.8052692879e+00 1.8258920710e+00 1.8270222158e+00 6.7709855766e-01 6.8370249860e-01 6.8370249860e-01 6.7917949390e-01 6.8129111660e-01 3.3470723723e-03 3.4163906821e-03 3.4453294938e-03 3.2322038344e-03 3.2958396478e-03 3.3058697009e-03 0 0
557 1.7857549617e+00 1.8208303083e+00 1.8208303083e+00 1.8199009901e+00 1.8413148615e+00 6.7585359217e-01 6.8243752680e-01 6.8243752680e-01 6.7791352671e-01 6.7999814606e-01 3.4301981798e-03 3.5016745096e-03 3.3377452637e-03 3.2209565400e-03 3.3011760097e-03 3.2657740521e-03 0 0
558 1.7795710600e+00 1.8085399644e+00 1.8085399644e+00 1.8107658920e+00 1.8293078867e+00 6.7460898531e-01 6.8115887001e-01 6.8115887001e-01 6.7664226946e-01 6.7870858454e-01 3.3709850531e-03 3.4445726196e-03 3.4430256346e-03 3.1890550897e-03 3.2711553504e-03 3.3064115560e-03 0 0
559 1.7911924534e+00 1.8090093477e+00 1.8090093477e+00 1.7976914956e+00 1.8161549876e+00 6.7335765625e-01 6.7988242114e-01 6.7988242114e-01 6.7538121781e-01 6.7740612750e-01 3.2819480968e-03 3.3570340020e-03 3.2666240586e-03 3.1508633783e-03 3.2086808351e-03 3.2287152135e-03 0 0
560 1.7958963525e+00 1.7966001881e+00 1.7966001881e+00 1.7991441787e+00 1.8129773087e+00 6.7209611324e-01 6.7862031179e-01 6.7862031179e-01 6.7413995539e-01 6.7611819138e-01 3.2530671522e-03 3.3376723877e-03 3.2121822005e-03 3.1394574936e-03 3.1678277301e-03 3.1743457075e-03 0 0
561 1.8020385901e+00 1.7719937132e+00 1.7719937132e+00 1.7855019016e+00 1.7909763544e+00 6.7080396805e-01 6.7735094897e-01 6.7735094897e-01 6.7288709390e-01 6.7484302305e-01 3.1116067268e-03 3.3205330838e-03 3.2386910752e-03 3.0901576970e-03 3.1703559798e-03 3.1631046440e-03 0 0
562 1.8002859742e+00 1.7647617897e+00 1.7647617897e+00 1.7852244959e+00 1.7876804669e+00 6.6949336595e-01 6.7609931533e-01 6.7609931533e-01 6.7162942791e-01 6.7357162053e-01 3.0838089664e-03 3.2493783510e-03 3.1186813721e-03 3.0852984741e-03 3.1343719456e-03 3.0939853168e-03 0 0
563 1.7868017482e+00 1.7615989086e+00 1.7615989086e+00 1.7890567488e+00 1.7921124410e+00 6.6818565803e-01 6.7484934401e-01 6.7484934401e-01 6.7036274182e-01 6.7229860949e-01 3.0516047719e-03 3.2686274499e-03 3.1342746806e-03 3.0605395492e-03 3.1383988098e-03 3.0985095073e-03 0 0
564 1.7834150835e+00 1.7588800876e+00 1.7588800876e+00 1.7870242114e+00 1.7827310136e+00 6.6688050710e-01 6.7359896442e-01 6.7359896442e-01 6.6907107716e-01 6.7101760507e-01 3.0130099952e-03 3.2261381857e-03 3.1267893501e-03 3.0261148302e-03 3.1332088402e-03 3.0949027860e-03 0 0
565 1.7708156912e+00 1.7750580227e+00 1.7750580227e+00 1.7806680172e+00 1.7851159156e+00 6.6557165965e-01 6.7234583076e-01 6.7234583076e-01 6.6779224811e-01 6.6971365737e-01 3.0619794856e-03 3.2709968509e-03 3.0337523785e-03 3.0377986336e-03 3.1311956118e-03 3.0607997323e-03 0 0
566 1.7639857367e+00 1.7676547376e+00 1.7676547376e+00 1.7735505845e+00 1.7846983567e+00 6.6427161483e-01 6.7106944774e-01 6.7106944774e-01 6.6651473264e-01 6.6840885262e-01 2.9579851024e-03 3.2444540411e-03 3.0916932737e-03 2.9622003940e-03 3.1086037052e-03 3.0751055456e-03 0 0
567 1.7376651521e+00 1.7519329840e+00 1.7519329840e+00 1.7682933435e+00 1.7680567689e+00 6.6297042432e-01 6.6977445827e-01 6.6977445827e-01 6.6523149677e-01 6.6711312263e-01 2.9828394891e-03 3.2099901582e-03 3.1773236115e-03 2.9669365685e-03 3.0847345479e-03 3.0977712595e-03 0 0
568 1.7404321698e+00 1.7523892305e+00 1.7523892305e+00 1.7484349422e+00 1.7684154951e+00 6.6168829142e-01 6.6849855582e-01 6.6849855582e-01 6.6395411245e-01 6.6581087963e-01 2.9390376189e-03 3.1918876339e-03 3.0544994515e-03 2.9188649981e-03 3.0517488485e-03 3.0376085197e-03 0 0
569 1.7452945425e+00 1.7402831476e+00 1.7402831476e+00 1.7432020979e+00 1.7644850249e+00 6.6039959100e-01 6.6721409970e-01 6.6721409970e-01 6.6266722053e-01 6.6451457235e-01 2.9580722833e-03 3.0556884012e-03 3.0813129852e-03 2.9308780155e-03 2.9863179661e-03 3.0287216650e-03 0 0
570 1.7310713719e+00 1.7282932634e+00 1.7282932634e+00 1.7303636532e+00 1.7485252024e+00 6.5911158291e-01 6.6592494499e-01 6.6592494499e-01 6.6140267916e-01 6.6322049955e-01 3.0693303901e-03 3.1351197977e-03 3.0432537314e-03 2.9764489506e-03 2.9954292113e-03 2.9907321441e-03 0 0
571 1.7187832889e+00 1.7220675961e+00 1.7220675961e+00 1.7535883864e+00 1.7451077351e+00 6.5783724307e-01 6.6463994302e-01 6.6463994302e-01 6.6013260130e-01 6.6192208562e-01 3.0198427796e-03 3.0538063147e-03 2.9517930816e-03 2.9352896946e-03 2.9574274085e-03 2.9415634926e-03 0 0
572 1.7145117055e+00 1.7108119413e+00 1.7108119413e+00 1.7410375495e+00 1.7356646657e+00 6.5657105237e-01 6.6334984122e-01 6.6334984122e-01 6.5884544251e-01 6.6064513161e-01 2.9508843842e-03 3.1105821836e-03 3.0270496500e-03 2.8969816828e-03 2.9992062482e-03 2.9512839392e-03 0 0
573 1.7144137865e+00 1.7275065607e+00 1.7275065607e+00 1.7327853943e+00 1.7524006887e+00 6.5532263200e-01 6.6206855502e-01 6.6206855502e-01 6.5756250567e-01 6.5936767117e-01 2.9581237552e-03 3.0170620885e-03 2.9984785360e-03 2.8785232763e-03 2.9454820906e-03 2.9342012131e-03 0 0
574 1.6944851496e+00 1.7220720265e+00 1.7220720265e+00 1.7268230621e+00 1.7307650956e+00 6.5407804005e-01 6.6076587090e-01 6.6076587090e-01 6.5629010941e-01 6.5810115205e-01 2.8612435045e-03 2.9189051711e-03 3.2155992812e-03 2.8191826386e-03 2.8845960624e-03 3.0197441811e-03 0 0
575 1.6968628470e+00 1.7103016687e+00 1.7103016687e+00 1.7185878460e+00 1.7190915505e+00 6.5283629580e-01 6.5949044157e-01 6.5949044157e-01 6.5503731528e-01 6.5685313569e-01 2.7894283554e-03 2.9519787640e-03 3.1839156873e-03 2.7738193502e-03 2.8822671738e-03 2.9793276917e-03 0 0
576 1.6894287063e+00 1.7013410972e+00 1.7013410972e+00 1.7017865653e+00 1.7140664966e+00 6.5158920448e-01 6.5822697453e-01 6.5822697453e-01 6.5380608150e-01 6.5560650756e-01 2.7174413410e-03 2.9311487451e-03 3.0985067133e-03 2.7363510683e-03 2.8434038395e-03 2.9392313445e-03 0 0
577 1.6830504772e+00 1.6906592149e+00 1.6906592149e+00 1.6874199689e+00 1.7058660734e+00 6.5034845753e-01 6.5697571027e-01 6.5697571027e-01 6.5257688573e-01 6.5436129428e-01 2.7022553891e-03 2.8871464310e-03 3.0010411865e-03 2.7088387350e-03 2.8078479227e-03 2.8920494369e-03 0 0
578 1.6791532188e+00 1.6763343165e+00 1.6763343165e+00 1.6834164679e+00 1.6970137397e+00 6.4910223825e-01 6.5574814029e-01 6.5574814029e-01 6.5135571014e-01 6.5312786549e-01 2.7041784558e-03 2.8864530032e-03 2.8848952497e-03 2.6981721559e-03 2.7911731158e-03 2.8172652237e-03 0 0
579 1.6833645684e+00 1.6657238042e+00 1.6657238042e+00 1.6644611642e+00 1.6882409350e+00 6.4784201802e-01 6.5452703240e-01 6.5452703240e-01 6.5013714319e-01 6.5188772631e-01 2.6735702228e-03 2.8767003096e-03 2.8029964305e-03 2.6850770889e-03 2.7748053544e-03 2.7737547643e-03 0 0
580 1.6796316154e+00 1.6570311090e+00 1.6570311090e+00 1.6636915779e+00 1.6894128343e+00 6.4657383076e-01 6.5331708072e-01 6.5331708072e-01 6.4892213321e-01 6.5064896381e-01 2.7322324433e-03 2.8839171864e-03 2.7714726748e-03 2.7170924720e-03 2.7572938707e-03 2.7454172960e-03 0 0
581 1.6718315565e+00 1.6434386332e+00 1.6434386332e+00 1.6746346613e+00 1.6735528076e+00 6.4530792609e-01 6.5211431554e-01 6.5211431554e-01 6.4769013782e-01 6.4941551457e-01 2.7603739662e-03 2.8693806380e-03 2.7671320713e-03 2.7200634045e-03 2.7537629358e-03 2.7290266007e-03 0 0
582 1.6714887591e+00 1.6464937873e+00 1.6464937873e+00 1.6840692765e+00 1.6700269967e+00 6.4405756469e-01 6.5091021534e-01 6.5091021534e-01 6.4644027034e-01 6.4817803392e-01 2.8083173312e-03 2.8408727376e-03 2.7539405273e-03 2.7142070540e-03 2.7504533064e-03 2.7113981196e-03 0 0
583 1.6616974280e+00 1.6585595924e+00 1.6585595924e+00 1.6762935238e+00 1.6730167822e+00 6.4280023445e-01 6.4968442593e-01 6.4968442593e-01 6.4518660193e-01 6.4691951865e-01 2.8446297953e-03 2.8872210532e-03 2.7290222934e-03 2.7295082584e-03 2.7708990383e-03 2.7046894538e-03 0 0
584 1.6616196227e+00 1.6587882116e+00 1.6587882116e+00 1.6674426274e+00 1.6802718588e+00 6.4153494918e-01 6.4843156520e-01 6.4843156520e-01 6.4393485439e-01 6.4566232527e-01 2.8048016743e-03 2.8421001043e-03 2.8051614645e-03 2.7141493208e-03 2.7387817390e-03 2.7337576612e-03 0 0
585 1.6518975477e+00 1.6512029511e+00 1.6512029511e+00 1.6663418548e+00 1.6655182627e+00 6.4028085010e-01 6.4716946348e-01 6.4716946348e-01 6.4267635280e-01 6.4441537395e-01 2.8534102187e-03 2.8096747119e-03 2.9112317716e-03 2.7243553730e-03 2.7176539297e-03 2.7684260276e-03 0 0
586 1.6486614473e+00 1.6467316104e+00 1.6467316104e+00 1.6647312092e+00 1.6621578537e+00 6.3903682177e-01 6.4592520068e-01 6.4592520068e-01 6.4140649612e-01 6.4317502538e-01 2.7732575495e-03 2.7892343933e-03 2.8985429090e-03 2.6732413359e-03 2.7117088321e-03 2.7445471496e-03 0 0
587 1.6522480608e+00 1.6411909308e+00 1.6411909308e+00 1.6597149924e+00 1.6635948473e+00 6.3777775046e-01 6.4467837662e-01 6.4467837662e-01 6.4014896564e-01 6.4192485246e-01 2.6885232914e-03 2.8317330871e-03 2.8929104446e-03 2.6436511608e-03 2.7183225029e-03 2.7420053375e-03 0 0
588 1.6515885399e+00 1.6404582348e+00 1.6404582348e+00 1.6458420321e+00 1.6632371342e+00 6.3652036266e-01 6.4342858968e-01 6.4342858968e-01 6.3889996481e-01 6.4066079069e-01 2.6550709586e-03 2.8257775703e-03 2.8499091859e-03 2.6234897017e-03 2.7054483071e-03 2.7294395841e-03 0 0
589 1.6378121105e+00 1.6298198379e+00 1.6298198379e+00 1.6434186946e+00 1.6577535858e+00 6.3527259727e-01 6.4217763225e-01 6.4217763225e-01 6.3764563948e-01 6.3940070475e-01 2.6094021449e-03 2.6736562140e-03 2.8281342238e-03 2.5937306849e-03 2.6341116172e-03 2.7142149047e-03 0 0
590 1.6355735776e+00 1.6271310917e+00 1.6271310917e+00 1.6436346242e+00 1.6502433440e+00 6.3405103825e-01 6.4093969607e-01 6.4093969607e-01 6.3638328706e-01 6.3814370758e-01 2.6016667126e-03 2.6598140830e-03 2.7223047218e-03 2.5603228420e-03 2.6332819834e-03 2.6605316671e-03 0 0
591 1.6213408378e+00 1.6260221641e+00 1.6260221641e+00 1.6394899575e+00 1.6481752729e+00 6.3281567727e-01 6.3970857577e-01 6.3970857577e-01 6.3513102066e-01 6.3688114637e-01 2.5395080348e-03 2.6139282854e-03 2.6110808831e-03 2.5341732288e-03 2.5986036053e-03 2.6072989567e-03 0 0
592 1.6178019706e+00 1.6194880979e+00 1.6194880979e+00 1.6313375766e+00 1.6373077143e+00 6.3159214845e-01 6.3846179033e-01 6.3846179033e-01 6.3389893011e-01 6.3561707341e-01 2.5630266418e-03 2.6093241759e-03 2.6296859141e-03 2.5259113057e-03 2.5760814315e-03 2.6155021042e-03 0 0
593 1.6291778838e+00 1.6126148981e+00 1.6126148981e+00 1.6297982561e+00 1.6372483200e+00 6.3037002392e-01 6.3723716790e-01 6.3723716790e-01 6.3267600913e-01 6.3438435048e-01 2.5879479991e-03 2.5659477105e-03 2.6416588807e-03 2.5320070041e-03 2.5410517701e-03 2.5886964868e-03 0 0
594 1.6255700764e+00 1.5976031232e+00 1.5976031232e+00 1.6192102360e+00 1.6134877985e+00 6.2915343219e-01 6.3602832627e-01 6.3602832627e-01 6.3143230416e-01 6.3318016647e-01 2.7739486006e-03 2.5054807193e-03 2.7385914000e-03 2.6102464184e-03 2.5211929460e-03 2.6034812909e-03 0 0
595 1.6151303128e+00 1.5916159311e+00 1.5916159311e+00 1.6390044428e+00 1.6090421147e+00 6.2793807071e-01 6.3484291059e-01 6.3484291059e-01 6.3019481109e-01 6.3198185021e-01 2.8887815417e-03 2.5006178766e-03 2.7172272676e-03 2.6551562754e-03 2.5043064961e-03 2.5819538860e-03 0 0
596 1.6043224910e+00 1.5873789133e+00 1.5873789133e+00 1.6455878943e+00 1.6045265403e+00 6.2671928018e-01 6.3364179311e-01 6.3364179311e-01 6.2893363769e-01 6.3077216305e-01 2.8311000141e-03 2.5061064516e-03 2.7112448588e-03 2.6239526383e-03 2.5283316500e-03 2.5814574328e-03 0 0
597 1.5927774156e+00 1.5929169067e+00 1.5929169067e+00 1.6329924060e+00 1.6198224196e+00 6.2549141847e-01 6.3241944302e-01 6.3241944302e-01 6.2766822591e-01 6.2955524778e-01 2.6762290848e-03 2.5609363220e-03 2.6944009587e-03 2.5544505957e-03 2.5544069358e-03 2.5716436212e-03 0 0
598 1.5982869997e+00 1.6145117549e+00 1.6145117549e+00 1.6210967972e+00 1.6309189609e+00 6.2427145999e-01 6.3117523931e-01 6.3117523931e-01 6.2640160521e-01 6.2830873011e-01 2.5210200782e-03 2.5291644852e-03 2.6459409273e-03 2.4670828361e-03 2.5303232251e-03 2.5765047176e-03 0 0
599 1.5934953684e+00 1.6057773117e+00 1.6057773117e+00 1.6120793666e+00 1.6176819391e+00 6.2303635803e-01 6.2991945502e-01 6.2991945502e-01 6.2514911408e-01 6.2706668933e-01 2.4444228373e-03 2.4832488853e-03 2.7134624543e-03 2.4367525590e-03 2.4864776060e-03 2.6005432592e-03 0 0
600 1.6023373784e+00 1.5958033032e+00 1.5958033032e+00 1.6015323031e+00 1.6007392023e+00 6.2178216187e-01 6.2867432297e-01 6.2867432297e-01 6.2391551390e-01 6.2582329377e-01 2.3828494720e-03 2.4637813913e-03 2.6409293641e-03 2.4146481529e-03 2.4528933573e-03 2.5566348340e-03 0 0
601 1.6084950135e+00 1.5831950863e+00 1.5831950863e+00 1.6022866171e+00 1.5901555545e+00 6.2052455478e-01 6.2743550120e-01 6.2743550120e-01 6.2268231572e-01 6.2459849463e-01 2.4069151368e-03 2.4132019025e-03 2.6235789410e-03 2.4260934306e-03 2.4210421252e-03 2.5212774053e-03 0 0
602 1.5965280437e+00 1.5708731035e+00 1.5708731035e+00 1.5998487235e+00 1.5819111814e+00 6.1926110015e-01 6.2620558097e-01 6.2620558097e-01 6.2143322545e-01 6.2338738365e-01 2.4234975019e-03 2.4151359103e-03 2.5918039610e-03 2.4413553363e-03 2.4298384087e-03 2.4879031116e-03 0 0
603 1.5768923851e+00 1.5731185211e+00 1.5731185211e+00 1.6077565138e+00 1.5876361976e+00 6.1802859260e-01 6.2498268143e-01 6.2498268143e-01 6.2016946885e-01 6.2217747246e-01 2.4134321744e-03 2.3817973561e-03 2.5532348664e-03 2.4047250133e-03 2.4198148749e-03 2.4620007025e-03 0 0
604 1.5576419254e+00 1.5693395077e+00 1.5693395077e+00 1.5982846421e+00 1.5894746750e+00 6.1681234909e-01 6.2374578825e-01 6.2374578825e-01 6.1891066346e-01 6.2095953570e-01 2.3600579410e-03 2.4327143328e-03 2.5986271212e-03 2.3538356642e-03 2.4400657276e-03 2.4840309052e-03 0 0
605 1.5414716336e+00 1.5677224430e+00 1.5677224430e+00 1.5766261130e+00 1.5964236740e+00 6.1561423865e-01 6.2250639159e-01 6.2250639159e-01 6.1767191682e-01 6.1974227999e-01 2.2962744422e-03 2.4441423011e-03 2.6603566948e-03 2.2957415118e-03 2.4275758769e-03 2.5067048846e-03 0 0
606 1.5332649410e+00 1.5632955433e+00 1.5632955433e+00 1.5603332612e+00 1.5835080918e+00 6.1444056966e-01 6.2127123092e-01 6.2127123092e-01 6.1646333683e-01 6.1850929477e-01 2.2511794429e-03 2.3749232641e-03 2.6418176130e-03 2.2474879181e-03 2.3572554346e-03 2.5121072540e-03 0 0
607 1.5376843169e+00 1.5471772949e+00 1.5471772949e+00 1.5350189293e+00 1.5660179399e+00 6.1325658414e-01 6.2007555638e-01 6.2007555638e-01 6.1527025958e-01 6.1728527856e-01 2.2278295723e-03 2.3536076187e-03 2.5392111856e-03 2.2425786072e-03 2.3220017320e-03 2.4542622850e-03 0 0
608 1.5291764000e+00 1.5319916622e+00 1.5319916622e+00 1.5261769582e+00 1.5503930055e+00 6.1206511759e-01 6.1891125417e-01 6.1891125417e-01 6.1410094290e-01 6.1608377203e-01 2.2792180680e-03 2.3009084980e-03 2.4219976622e-03 2.2666126413e-03 2.2671578336e-03 2.3710769601e-03 0 0
609 1.5161958897e+00 1.5177758283e+00 1.5177758283e+00 1.5291538683e+00 1.5425536889e+00 6.1087973100e-01 6.1774942554e-01 6.1774942554e-01 6.1294325472e-01 6.1489465302e-01 2.2817307881e-03 2.3402406950e-03 2.3375080782e-03 2.2559005137e-03 2.2728629992e-03 2.3073652410e-03 0 0
610 1.5190242845e+00 1.5065810952e+00 1.5065810952e+00 1.5238752714e+00 1.5304426381e+00 6.0971284732e-01 6.1658367435e-01 6.1658367435e-01 6.1177396671e-01 6.1372632863e-01 2.3068927563e-03 2.4045666214e-03 2.3350765114e-03 2.2489028499e-03 2.3112862837e-03 2.2781236330e-03 0 0
611 1.5151383224e+00 1.5146820438e+00 1.5146820438e+00 1.5164945851e+00 1.5318508332e+00 6.0855492461e-01 6.1541931767e-01 6.1541931767e-01 6.1061027665e-01 6.1254771423e-01 2.3736744508e-03 2.4263379746e-03 2.2587261628e-03 2.2696151632e-03 2.3077161168e-03 2.2484400542e-03 0 0
612 1.5205966343e+00 1.5144507195e+00 1.5144507195e+00 1.5180677461e+00 1.5326127003e+00 6.0739623273e-01 6.1424394372e-01 6.1424394372e-01 6.0944367273e-01 6.1137289734e-01 2.4102520764e-03 2.3827305995e-03 2.3318712483e-03 2.2842328421e-03 2.2839371813e-03 2.2777940612e-03 0 0
613 1.5191134635e+00 1.5031378034e+00 1.5031378034e+00 1.5297927004e+00 1.5117013521e+00 6.0623793988e-01 6.1305816201e-01 6.1305816201e-01 6.0827347924e-01 6.1021560361e-01 2.4551838299e-03 2.3265180062e-03 2.4551858078e-03 2.3023393858e-03 2.2604212281e-03 2.3121877457e-03 0 0
614 1.5166916512e+00 1.4979325192e+00 1.4979325192e+00 1.5289967999e+00 1.5103920578e+00 6.0506885074e-01 6.1188317170e-01 6.1188317170e-01 6.0709067663e-01 6.0906962546e-01 2.4096009744e-03 2.2842205944e-03 2.4705974502e-03 2.2877304401e-03 2.2499455372e-03 2.3014162434e-03 0 0
615 1.5135376558e+00 1.5004656387e+00 1.5004656387e+00 1.5297467775e+00 1.5186222368e+00 6.0389179159e-01 6.1070815535e-01 6.1070815535e-01 6.0589467747e-01 6.0791831791e-01 2.3357629770e-03 2.2458199528e-03 2.4775456986e-03 2.2549604851e-03 2.2379394504e-03 2.3082456319e-03 0 0
616 1.5056757273e+00 1.5041424454e+00 1.5041424454e+00 1.5264323947e+00 1.5246046926e+00 6.0269730138e-01 6.0954122235e-01 6.0954122235e-01 6.0469945013e-01 6.0674880484e-01 2.2303251997e-03 2.2410828387e-03 2.3765453370e-03 2.2139900527e-03 2.2318177507e-03 2.2785826586e-03 0 0
617 1.4957218925e+00 1.4990618474e+00 1.4990618474e+00 1.5198654062e+00 1.5284413494e+00 6.0151500350e-01 6.0837698344e-01 6.0837698344e-01 6.0350920698e-01 6.0556548187e-01 2.2089660326e-03 2.2351177176e-03 2.3235450499e-03 2.1861666197e-03 2.2203415283e-03 2.2628222941e-03 0 0
618 1.4772425395e+00 1.4988305779e+00 1.4988305779e+00 1.5135620963e+00 1.5225696341e+00 6.0034535140e-01 6.0721146905e-01 6.0721146905e-01 6.0232949996e-01 6.0436612494e-01 2.2047851763e-03 2.2661893745e-03 2.2546540131e-03 2.1656346511e-03 2.2190420423e-03 2.2377386340e-03 0 0
619 1.4697109272e+00 1.4915810196e+00 1.4915810196e+00 1.4944571266e+00 1.5176567440e+00 5.9918488914e-01 6.0605158477e-01 6.0605158477e-01 6.0115640735e-01 6.0316607885e-01 2.1507667391e-03 2.2948516416e-03 2.1990503301e-03 2.1234333384e-03 2.2209605668e-03 2.2071176791e-03 0 0
620 1.4765269484e+00 1.4851051543e+00 1.4851051543e+00 1.4820775473e+00 1.5120872423e+00 5.9802855431e-01 6.0488704956e-01 6.0488704956e-01 6.0000728504e-01 6.0196941411e-01 2.1313944706e-03 2.3034512415e-03 2.1824045107e-03 2.1054989412e-03 2.1961118910e-03 2.1913809469e-03 0 0
621 1.4699007562e+00 1.4772744859e+00 1.4772744859e+00 1.4694158638e+00 1.5078870626e+00 5.9685162680e-01 6.0371488189e-01 6.0371488189e-01 5.9887123860e-01 6.0077789093e-01 2.1161080811e-03 2.3162315483e-03 2.1819882095e-03 2.1139133926e-03 2.1824452560e-03 2.1783420816e-03 0 0
622 1.4625281501e+00 1.4678271215e+00 1.4678271215e+00 1.4756554739e+00 1.4894304920e+00 5.9568527932e-01 6.0254526607e-01 6.0254526607e-01 5.9773360712e-01 5.9960076845e-01 2.1360178585e-03 2.2560320795e-03 2.1757325158e-03 2.1099346412e-03 2.1497998969e-03 2.1559063462e-03 0 0
623 1.4622881590e+00 1.4607732344e+00 1.4607732344e+00 1.4818633464e+00 1.4836099510e+00 5.9452468727e-01 6.0139095187e-01 6.0139095187e-01 5.9657792943e-01 5.9843150013e-01 2.1169211687e-03 2.2168295109e-03 2.1094732219e-03 2.0926178289e-03 2.1447126637e-03 2.1101375460e-03 0 0
624 1.4688493865e+00 1.4601412148e+00 1.4601412148e+00 1.4750534804e+00 1.4846474548e+00 5.9336469649e-01 6.0023482890e-01 6.0023482890e-01 5.9541175869e-01 5.9726699713e-01 2.0716968052e-03 2.1903975867e-03 2.1008267067e-03 2.0681533592e-03 2.1388830501e-03 2.0947971498e-03 0 0
625 1.4666355425e+00 1.4650987734e+00 1.4650987734e+00 1.4732032893e+00 1.4819554385e+00 5.9218886068e-01 5.9906708335e-01 5.9906708335e-01 5.9426115534e-01 5.9609044232e-01 2.0513509773e-03 2.1666908870e-03 2.0939788083e-03 2.0673328195e-03 2.1096849814e-03 2.0990599878e-03 0 0
626 1.4598187889e+00 1.4516126084e+00 1.4516126084e+00 1.4649879588e+00 1.4691662249e+00 5.9101329350e-01 5.9789741813e-01 5.9789741813e-01 5.9310039371e-01 5.9492404054e-01 2.0074485102e-03 2.1105656051e-03 2.1548499935e-03 2.0383050038e-03 2.0881158998e-03 2.1183367353e-03 0 0
627 1.4628219152e+00 1.4440870709e+00 1.4440870709e+00 1.4716361988e+00 1.4626823552e+00 5.8982809415e-01 5.9674474216e-01 5.9674474216e-01 5.9193733051e-01 5.9377324829e-01 1.9770764707e-03 2.0698484732e-03 2.1689662826e-03 2.0255725677e-03 2.0672735409e-03 2.1072838572e-03 0 0
628 1.4645888213e+00 1.4475356865e+00 1.4475356865e+00 1.4619635432e+00 1.4588832029e+00 5.8864817340e-01 5.9561293764e-01 5.9561293764e-01 5.9078009619e-01 5.9262466640e-01 2.0193596028e-03 2.1238301997e-03 2.1387275774e-03 2.0373350589e-03 2.0838180790e-03 2.0871816669e-03 0 0
629 1.4556115930e+00 1.4397947819e+00 1.4397947819e+00 1.4592799560e+00 1.4545457416e+00 5.8746834792e-01 5.9448638758e-01 5.9448638758e-01 5.8962304034e-01 5.9148080144e-01 2.0376596821e-03 2.0982890273e-03 2.1932726377e-03 2.0417752561e-03 2.0633417298e-03 2.1062185406e-03 0 0
630 1.4391261408e+00 1.4399778323e+00 1.4399778323e+00 1.4512415288e+00 1.4551119653e+00 5.8629848488e-01 5.9336590843e-01 5.9336590843e-01 5.8845929015e-01 5.9033000713e-01 2.0629065389e-03 2.1308527212e-03 2.1775351488e-03 2.0411785938e-03 2.0802867366e-03 2.1001147688e-03 0 0
631 1.4287317801e+00 1.4344014483e+00 1.4344014483e+00 1.4501722084e+00 1.4546199256e+00 5.8516662069e-01 5.9223994828e-01 5.9223994828e-01 5.8730226761e-01 5.8917811902e-01 2.0927599833e-03 2.1489509381e-03 2.1462133154e-03 2.0191557619e-03 2.0792303258e-03 2.0792380092e-03 0 0
632 1.4160413937e+00 1.4392221335e+00 1.4392221335e+00 1.4460665514e+00 1.4603196128e+00 5.8404227369e-01 5.9108929408e-01 5.9108929408e-01 5.8614746706e-01 5.8799679306e-01 2.0761432162e-03 2.1658561309e-03 2.0735262660e-03 2.0045087886e-03 2.0802529762e-03 2.0632531377e-03 0 0
633 1.4147319640e+00 1.4366882354e+00 1.4366882354e+00 1.4311030681e+00 1.4596019087e+00 5.8292327028e-01 5.8992315001e-01 5.8992315001e-01 5.8501200093e-01 5.8682241550e-01 2.0537499291e-03 2.1732095629e-03 2.0655239932e-03 1.9869321142e-03 2.0628251368e-03 2.0494472119e-03 0 0
634 1.4129508012e+00 1.4315914963e+00 1.4315914963e+00 1.4275025833e+00 1.4486880397e+00 5.8180684915e-01 5.8875085185e-01 5.8875085185e-01 5.8388991419e-01 5.8564878273e-01 2.0769088828e-03 2.0993018406e-03 2.0562694408e-03 1.9901363576e-03 2.0138783730e-03 2.0407753764e-03 0 0
635 1.4146724691e+00 1.4187008988e+00 1.4187008988e+00 1.4244511083e+00 1.4364223380e+00 5.8067307011e-01 5.8759295866e-01 5.8759295866e-01 5.8276473088e-01 5.8448892823e-01 2.0091815073e-03 2.0534818759e-03 2.0310528344e-03 1.9681862441e-03 1.9931756542e-03 2.0118961111e-03 0 0
636 1.4137327008e+00 1.4100023011e+00 1.4100023011e+00 1.4229380333e+00 1.4346040861e+00 5.7955750203e-01 5.8645706803e-01 5.8645706803e-01 5.8164745886e-01 5.8334441576e-01 2.0066093609e-03 2.0598721458e-03 1.9594943151e-03 1.9490215118e-03 1.9865517388e-03 1.9611221505e-03 0 0
637 1.3948594687e+00 1.4070442923e+00 1.4070442923e+00 1.4168073033e+00 1.4329894089e+00 5.7843533132e-01 5.8532170921e-01 5.8532170921e-01 5.8052888334e-01 5.8220183520e-01 1.9742827218e-03 2.0588299376e-03 1.9495770393e-03 1.9367160253e-03 1.9818720175e-03 1.9539100467e-03 0 0
638 1.3957587826e+00 1.4033585811e+00 1.4033585811e+00 1.4118762371e+00 1.4286557993e+00 5.7732562333e-01 5.8419073761e-01 5.8419073761e-01 5.7942004740e-01 5.8106401957e-01 1.8730933964e-03 2.0880625234e-03 1.9622638356e-03 1.8715477889e-03 1.9823201583e-03 1.9526480464e-03 0 0
639 1.4080128502e+00 1.4021483474e+00 1.4021483474e+00 1.3958881733e+00 1.4258906754e+00 5.7620917914e-01 5.8306929412e-01 5.8306929412e-01 5.7832429215e-01 5.7992469530e-01 1.8631204601e-03 2.1074429969e-03 1.9449942629e-03 1.8660065593e-03 1.9783298485e-03 1.9403907645e-03 0 0
640 1.4187000336e+00 1.3938700073e+00 1.3938700073e+00 1.3844973085e+00 1.4132794378e+00 5.7506088065e-01 5.8195542554e-01 5.8195542554e-01 5.7723244847e-01 5.7879526580e-01 1.8426828442e-03 2.0406882977e-03 1.9709693734e-03 1.8781107445e-03 1.9410225214e-03 1.9404948107e-03 0 0
641 1.4155786476e+00 1.3794201118e+00 1.3794201118e+00 1.3951571473e+00 1.4000945317e+00 5.7391772235e-01 5.8086244246e-01 5.8086244246e-01 5.7615287262e-01 5.7768530015e-01 1.8822407011e-03 2.0209137583e-03 1.9883479690e-03 1.8927451661e-03 1.9147540734e-03 1.9294526428e-03 0 0
642 1.4122830389e+00 1.3667803785e+00 1.3667803785e+00 1.4035416935e+00 1.3877615138e+00 5.7276708983e-01 5.7978849687e-01 5.7978849687e-01 5.7502722298e-01 5.7659984694e-01 1.8898733944e-03 1.9337178092e-03 2.0234413096e-03 1.8995985364e-03 1.9071537536e-03 1.9229232275e-03 0 0
643 1.4001227217e+00 1.3704392047e+00 1.3704392047e+00 1.4156839758e+00 1.3864115415e+00 5.7160945518e-01 5.7872012649e-01 5.7872012649e-01 5.7388943248e-01 5.7551845026e-01 1.8379722367e-03 1.9159945368e-03 2.0305764046e-03 1.8761065727e-03 1.9058162579e-03 1.9175215857e-03 0 0
644 1.3944574720e+00 1.3837303090e+00 1.3837303090e+00 1.4031881988e+00 1.4067193546e+00 5.7045911418e-01 5.7762852210e-01 5.7762852210e-01 5.7275688831e-01 5.7441064585e-01 1.8060376587e-03 1.9748804625e-03 2.0122925634e-03 1.8536599445e-03 1.9288143667e-03 1.9256332307e-03 0 0
645 1.4100569417e+00 1.3912003002e+00 1.3912003002e+00 1.4073107930e+00 1.4068487032e+00 5.6931197401e-01 5.7649784852e-01 5.7649784852e-01 5.7162251151e-01 5.7329388028e-01 1.8102869765e-03 1.9397850265e-03 2.0869637374e-03 1.8521472594e-03 1.9110254652e-03 1.9668039749e-03 0 0
646 1.4076958856e+00 1.3876302383e+00 1.3876302383e+00 1.3968619416e+00 1.4064648994e+00 5.6816312001e-01 5.7537498734e-01 5.7537498734e-01 5.7050773190e-01 5.7216232917e-01 1.8775961833e-03 2.0048992010e-03 1.9976609619e-03 1.8852175133e-03 1.9233027124e-03 1.9360354927e-03 0 0
647 1.4077186298e+00 1.3771539636e+00 1.3771539636e+00 1.3846866144e+00 1.4086647388e+00 5.6701124319e-01 5.7424682227e-01 5.7424682227e-01 5.6938421610e-01 5.7103946449e-01 1.8777434881e-03 1.9676780794e-03 1.9891451811e-03 1.8836077762e-03 1.9114897877e-03 1.9218525558e-03 0 0
648 1.3940074356e+00 1.3761846034e+00 1.3761846034e+00 1.3982853567e+00 1.3917861789e+00 5.6587878378e-01 5.7311840958e-01 5.7311840958e-01 5.6825912288e-01 5.6990887667e-01 1.9397420731e-03 1.9466448575e-03 1.9687580061e-03 1.8947775308e-03 1.9023724017e-03 1.9163451798e-03 0 0
649 1.3775690386e+00 1.3667503312e+00 1.3667503312e+00 1.3940125711e+00 1.4005380231e+00 5.6477296383e-01 5.7200436861e-01 5.7200436861e-01 5.6713352852e-01 5.6878640105e-01 1.9678275492e-03 2.0201132866e-03 1.9216590445e-03 1.8853020563e-03 1.9354147080e-03 1.8849121116e-03 0 0
650 1.3794945582e+00 1.3708416308e+00 1.3708416308e+00 1.3942302411e+00 1.3971982958e+00 5.6367281090e-01 5.7086894743e-01 5.7086894743e-01 5.6600774800e-01 5.6766882529e-01 1.9603118300e-03 2.0129974582e-03 2.0233512041e-03 1.8764201993e-03 1.9273853395e-03 1.9289190823e-03 0 0
651 1.3731603825e+00 1.3821293496e+00 1.3821293496e+00 1.3936599579e+00 1.3947737320e+00 5.6258068062e-01 5.6973946899e-01 5.6973946899e-01 5.6489351118e-01 5.6653890197e-01 2.0366738175e-03 2.0246897475e-03 2.0135277300e-03 1.9028069033e-03 1.9206168363e-03 1.9328382623e-03 0 0
652 1.3600537556e+00 1.3709999335e+00 1.3709999335e+00 1.3820312227e+00 1.3924645943e+00 5.6148866072e-01 5.6860777128e-01 5.6860777128e-01 5.6379532530e-01 5.6542149448e-01 1.9999087019e-03 1.9950026763e-03 2.0355346496e-03 1.8806603323e-03 1.8916258996e-03 1.9279923581e-03 0 0
653 1.3580183056e+00 1.3696692041e+00 1.3696692041e+00 1.3815074705e+00 1.3847915556e+00 5.6039760064e-01 5.6747436664e-01 5.6747436664e-01 5.6268975451e-01 5.6430232295e-01 1.8821004538e-03 1.9639981911e-03 2.0109447069e-03 1.8186948688e-03 1.8822924758e-03 1.9143531390e-03 0 0
654 1.3582380589e+00 1.3619146192e+00 1.3619146192e+00 1.3749281339e+00 1.3868099720e+00 5.5930447466e-01 5.6636241482e-01 5.6636241482e-01 5.6159226039e-01 5.6319543178e-01 1.8118929411e-03 1.9916761667e-03 1.9423204940e-03 1.7832742882e-03 1.8862195720e-03 1.8706441624e-03 0 0
655 1.3648495027e+00 1.3628677572e+00 1.3628677572e+00 1.3587655833e+00 1.3852823017e+00 5.5820538208e-01 5.6524785297e-01 5.6524785297e-01 5.6050770935e-01 5.6207740688e-01 1.7782492206e-03 1.9744156161e-03 1.9097626500e-03 1.7681017996e-03 1.8613804132e-03 1.8634789449e-03 0 0
656 1.3568356815e+00 1.3566994041e+00 1.3566994041e+00 1.3506272890e+00 1.3718803138e+00 5.5709893272e-01 5.6413859192e-01 5.6413859192e-01 5.5941921108e-01 5.6096058511e-01 1.7844854832e-03 1.8736760831e-03 1.8951757229e-03 1.7732911185e-03 1.8113309634e-03 1.8520736194e-03 0 0
657 1.3379833390e+00 1.3374654944e+00 1.3374654944e+00 1.3570357865e+00 1.3592632127e+00 5.5600317712e-01 5.6304831894e-01 5.6304831894e-01 5.5833199549e-01 5.5986407787e-01 1.7406694870e-03 1.8258084601e-03 1.8598520837e-03 1.7430522739e-03 1.7843934766e-03 1.8128952070e-03 0 0
658 1.3373765617e+00 1.3305238489e+00 1.3305238489e+00 1.3535127268e+00 1.3545067806e+00 5.5494302752e-01 5.6196443029e-01 5.6196443029e-01 5.5723825777e-01 5.5877826802e-01 1.7224465297e-03 1.8296126800e-03 1.8487338966e-03 1.7069350810e-03 1.7890808522e-03 1.7933295749e-03 0 0
659 1.3301949519e+00 1.3326835489e+00 1.3326835489e+00 1.3448739591e+00 1.3495037490e+00 5.5387963440e-01 5.6088189933e-01 5.6088189933e-01 5.5613552766e-01 5.5768804133e-01 1.6956682126e-03 1.7837775231e-03 1.8339726084e-03 1.6950666627e-03 1.7712969566e-03 1.7866877024e-03 0 0
660 1.3370854383e+00 1.3303094738e+00 1.3303094738e+00 1.3380241300e+00 1.3504850608e+00 5.5279802454e-01 5.5979841626e-01 5.5979841626e-01 5.5505962011e-01 5.5659731741e-01 1.6506216804e-03 1.7647070053e-03 1.8282949168e-03 1.6841653623e-03 1.7396364128e-03 1.7830216384e-03 0 0
661 1.3229812617e+00 1.3196471756e+00 1.3196471756e+00 1.3315279785e+00 1.3368385327e+00 5.5172343925e-01 5.5871020425e-01 5.5871020425e-01 5.5400171034e-01 5.5552278560e-01 1.7036147154e-03 1.7320569896e-03 1.8735484337e-03 1.7023647049e-03 1.7099373217e-03 1.7893918557e-03 0 0
662 1.3019304678e+00 1.3044926846e+00 1.3044926846e+00 1.3334818015e+00 1.3209454977e+00 5.5067256288e-01 5.5763646389e-01 5.5763646389e-01 5.5293442229e-01 5.5446864762e-01 1.6683960987e-03 1.6729700728e-03 1.8665240787e-03 1.6636819131e-03 1.6878968745e-03 1.7679250159e-03 0 0
663 1.3101859473e+00 1.3069972078e+00 1.3069972078e+00 1.3298220367e+00 1.3238413394e+00 5.4962516457e-01 5.5658718954e-01 5.5658718954e-01 5.5185342406e-01 5.5342923757e-01 1.5791840020e-03 1.6796314158e-03 1.8013476219e-03 1.6121290564e-03 1.6984003014e-03 1.7255103157e-03 0 0
664 1.3092978244e+00 1.3075561053e+00 1.3075561053e+00 1.3112647085e+00 1.3261846702e+00 5.4857342276e-01 5.5553271367e-01 5.5553271367e-01 5.5077991230e-01 5.5238527616e-01 1.6161213488e-03 1.6795287374e-03 1.7974880466e-03 1.6274268238e-03 1.6886466765e-03 1.7272770347e-03 0 0
665 1.3146655395e+00 1.3101500409e+00 1.3101500409e+00 1.3085163407e+00 1.3197430675e+00 5.4751371145e-01 5.5446903462e-01 5.5446903462e-01 5.4974415581e-01 5.5132472332e-01 1.6059732714e-03 1.6660200490e-03 1.7861272499e-03 1.6256039436e-03 1.6497015604e-03 1.7322083877e-03 0 0
666 1.2903714851e+00 1.2947526134e+00 1.2947526134e+00 1.3137448629e+00 1.3073233288e+00 5.4646765168e-01 5.5341856172e-01 5.5341856172e-01 5.4869959222e-01 5.5028725706e-01 1.6244271529e-03 1.6141957312e-03 1.8160214822e-03 1.6250761239e-03 1.6263358120e-03 1.7231044476e-03 0 0
667 1.2825697140e+00 1.2701272827e+00 1.2701272827e+00 1.3179340581e+00 1.2856566722e+00 5.4544235671e-01 5.5238856929e-01 5.5238856929e-01 5.4764573427e-01 5.4927459806e-01 1.5883266884e-03 1.6208440647e-03 1.8108931836e-03 1.5889148149e-03 1.6317045665e-03 1.6965890827e-03 0 0
668 1.2672078332e+00 1.2812665613e+00 1.2812665613e+00 1.3116440451e+00 1.2987105295e+00 5.4443559434e-01 5.5137787475e-01 5.5137787475e-01 5.4659542889e-01 5.4825113877e-01 1.5699116753e-03 1.6424130299e-03 1.7049774469e-03 1.5610180372e-03 1.6367410426e-03 1.6518861230e-03 0 0
669 1.2697142324e+00 1.2780074049e+00 1.2780074049e+00 1.2826611029e+00 1.3004630905e+00 5.4343160570e-01 5.5036042591e-01 5.5036042591e-01 5.4554561710e-01 5.4721505498e-01 1.5069690015e-03 1.6056126042e-03 1.7218964931e-03 1.5200801797e-03 1.6173800395e-03 1.6656247608e-03 0 0
670 1.2830235753e+00 1.2772390340e+00 1.2772390340e+00 1.2785710496e+00 1.3042045859e+00 5.4242491150e-01 5.4934094981e-01 5.4934094981e-01 5.4452784405e-01 5.4618004550e-01 1.5267523369e-03 1.5509122750e-03 1.7165634490e-03 1.5280659526e-03 1.5645515814e-03 1.6578581999e-03 0 0
671 1.2818890289e+00 1.2639838988e+00 1.2639838988e+00 1.2663114593e+00 1.2819052771e+00 5.4140247011e-01 5.4832266628e-01 5.4832266628e-01 5.4352955989e-01 5.4515629186e-01 1.5491816418e-03 1.5686842380e-03 1.7106726591e-03 1.5521499809e-03 1.5529090597e-03 1.6455115692e-03 0 0
672 1.2811533024e+00 1.2495249799e+00 1.2495249799e+00 1.2697860873e+00 1.2648855510e+00 5.4037894903e-01 5.4732578635e-01 5.4732578635e-01 5.4252874073e-01 5.4415017833e-01 1.5838176264e-03 1.5274076140e-03 1.6486050154e-03 1.5671865748e-03 1.5269067953e-03 1.6007648665e-03 0 0
673 1.2534385461e+00 1.2512397340e+00 1.2512397340e+00 1.2789365305e+00 1.2671871699e+00 5.3937361838e-01 5.4634573340e-01 5.4634573340e-01 5.4151038628e-01 5.4315565177e-01 1.6542678451e-03 1.5247832343e-03 1.5760103124e-03 1.5826155133e-03 1.5362799168e-03 1.5516302956e-03 0 0
674 1.2465401322e+00 1.2377493405e+00 1.2377493405e+00 1.2827786886e+00 1.2603610768e+00 5.3839768357e-01 5.4535714095e-01 5.4535714095e-01 5.4048355184e-01 5.4216337385e-01 1.6258608889e-03 1.5543915506e-03 1.5753283806e-03 1.5437244687e-03 1.5570074029e-03 1.5430876228e-03 0 0
675 1.2387006886e+00 1.2557302738e+00 1.2557302738e+00 1.2681305391e+00 1.2752309877e+00 5.3743006650e-01 5.4435723166e-01 5.4435723166e-01 5.3946036085e-01 5.4114035104e-01 1.6415056479e-03 1.6003042983e-03 1.5140261094e-03 1.5430476949e-03 1.5754209016e-03 1.5308490256e-03 0 0
676 1.2292014909e+00 1.2546506199e+00 1.2546506199e+00 1.2495622047e+00 1.2803655543e+00 5.3646560738e-01 5.4334472081e-01 5.4334472081e-01 5.3846558334e-01 5.4011835366e-01 1.6351167152e-03 1.6286372265e-03 1.5766509750e-03 1.5365575543e-03 1.5632338764e-03 1.5610567061e-03 0 0
677 1.2382146267e+00 1.2487353603e+00 1.2487353603e+00 1.2400350215e+00 1.2665786300e+00 5.3551385509e-01 5.4232739682e-01 5.4232739682e-01 5.3750227242e-01 5.3909881301e-01 1.5898671650e-03 1.6658517416e-03 1.6214815259e-03 1.5036028937e-03 1.5511326201e-03 1.5812721977e-03 0 0
678 1.2364140056e+00 1.2320077143e+00 1.2320077143e+00 1.2389964075e+00 1.2485827876e+00 5.3455526470e-01 5.4133421802e-01 5.4133421802e-01 5.3653335014e-01 5.3809821709e-01 1.5905890188e-03 1.6406158393e-03 1.6233382339e-03 1.5064575845e-03 1.5434868983e-03 1.5632049181e-03 0 0
679 1.2324259453e+00 1.2172868700e+00 1.2172868700e+00 1.2361140284e+00 1.2403857161e+00 5.3357790345e-01 5.4036280411e-01 5.4036280411e-01 5.3557794124e-01 5.3712139536e-01 1.5030319174e-03 1.6446934314e-03 1.6094784660e-03 1.4771741319e-03 1.5352663759e-03 1.5334452619e-03 0 0
680 1.2435351034e+00 1.2235272507e+00 1.2235272507e+00 1.2324460446e+00 1.2404674671e+00 5.3260140840e-01 5.3939462089e-01 5.3939462089e-01 5.3461170673e-01 5.3614834420e-01 1.4716723686e-03 1.5523123730e-03 1.5986864164e-03 1.4584643499e-03 1.4965786540e-03 1.5239240893e-03 0 0
681 1.2435492998e+00 1.2195752602e+00 1.2195752602e+00 1.2394168863e+00 1.2292992832e+00 5.3161564191e-01 5.3842876087e-01 5.3842876087e-01 5.3363222625e-01 5.3517815989e-01 1.4836086928e-03 1.4859143994e-03 1.5975286660e-03 1.4657495339e-03 1.4716056176e-03 1.5211201389e-03 0 0
682 1.2316566521e+00 1.2118863234e+00 1.2118863234e+00 1.2346878048e+00 1.2333089867e+00 5.3062661501e-01 5.3747871616e-01 5.3747871616e-01 5.3265243165e-01 5.3422676581e-01 1.4817458692e-03 1.4769865666e-03 1.5740650706e-03 1.4632951803e-03 1.4660438464e-03 1.4943122515e-03 0 0
683 1.2410425590e+00 1.2124601082e+00 1.2124601082e+00 1.2357722264e+00 1.2311482869e+00 5.2963661452e-01 5.3651734554e-01 5.3651734554e-01 5.3166002383e-01 5.3325640145e-01 1.4286003157e-03 1.4388830168e-03 1.5466517070e-03 1.4338809001e-03 1.4521870471e-03 1.4925274008e-03 0 0
684 1.2361423804e+00 1.2139099555e+00 1.2139099555e+00 1.2420771898e+00 1.2303665603e+00 5.2862704111e-01 5.3556248300e-01 5.3556248300e-01 5.3066690908e-01 5.3227433001e-01 1.4572124298e-03 1.4429455914e-03 1.4879453811e-03 1.4591362688e-03 1.4506514999e-03 1.4691417746e-03 0 0
685 1.2477794534e+00 1.2055434159e+00 1.2055434159e+00 1.2316977010e+00 1.2296342078e+00 5.2759913144e-01 5.3460315733e-01 5.3460315733e-01 5.2967712664e-01 5.3129030097e-01 1.4303089456e-03 1.4701136679e-03 1.4665048802e-03 1.4571114803e-03 1.4571586507e-03 1.4584392775e-03 0 0
686 1.2421232159e+00 1.2079882732e+00 1.2079882732e+00 1.2429824930e+00 1.2319986097e+00 5.2657683817e-01 5.3363498064e-01 5.3363498064e-01 5.2868030189e-01 5.3029562464e-01 1.4641378302e-03 1.4297802700e-03 1.4519865508e-03 1.4682133642e-03 1.4379555942e-03 1.4545220765e-03 0 0
687 1.2303947156e+00 1.2031222752e+00 1.2031222752e+00 1.2456473325e+00 1.2269621702e+00 5.2556769307e-01 5.3266292693e-01 5.3266292693e-01 5.2767371921e-01 5.2930631399e-01 1.4713535686e-03 1.4883107797e-03 1.4674530539e-03 1.4613042363e-03 1.4731136325e-03 1.4525511651e-03 0 0
688 1.2267801501e+00 1.2048963413e+00 1.2048963413e+00 1.2436567381e+00 1.2288327164e+00 5.2455403938e-01 5.3168898486e-01 5.3168898486e-01 5.2666363878e-01 5.2831537941e-01 1.4116873197e-03 1.5224005037e-03 1.4709972893e-03 1.4333914981e-03 1.4902446710e-03 1.4527192980e-03 0 0
689 1.2286124326e+00 1.2184172934e+00 1.2184172934e+00 1.2342239662e+00 1.2353593246e+00 5.2354542317e-01 5.3070710149e-01 5.3070710149e-01 5.2565188573e-01 5.2729483836e-01 1.4244061105e-03 1.5165944933e-03 1.4410506410e-03 1.4324203784e-03 1.4866748243e-03 1.4565700549e-03 0 0
690 1.2329732200e+00 1.2141615249e+00 1.2141615249e+00 1.2245114271e+00 1.2330271116e+00 5.2252512439e-01 5.2970303054e-01 5.2970303054e-01 5.2466522270e-01 5.2627933795e-01 1.4348983668e-03 1.5283920802e-03 1.4994071971e-03 1.4427094943e-03 1.4732991403e-03 1.4804162493e-03 0 0
691 1.2320712366e+00 1.2104258287e+00 1.2104258287e+00 1.2153944901e+00 1.2235589428e+00 5.2149695028e-01 5.2870104757e-01 5.2870104757e-01 5.2366877924e-01 5.2526723401e-01 1.4097200433e-03 1.5022089647e-03 1.5032235824e-03 1.4339572816e-03 1.4653108083e-03 1.4789934212e-03 0 0
692 1.2412238685e+00 1.2007476306e+00 1.2007476306e+00 1.2168503959e+00 1.2187969003e+00 5.2046496568e-01 5.2771223792e-01 5.2771223792e-01 5.2266970473e-01 5.2427292213e-01 1.4035148906e-03 1.4812683221e-03 1.5207865217e-03 1.4349316284e-03 1.4539283293e-03 1.4720161562e-03 0 0
693 1.2457676776e+00 1.2019998318e+00 1.2019998318e+00 1.2305933420e+00 1.2171554711e+00 5.1944246323e-01 5.2673586165e-01 5.2673586165e-01 5.2168301447e-01 5.2328097771e-01 1.4584588387e-03 1.5538721054e-03 1.4996587706e-03 1.4589927088e-03 1.4772488503e-03 1.4583504526e-03 0 0
694 1.2357638317e+00 1.2018097959e+00 1.2018097959e+00 1.2265430133e+00 1.2160755303e+00 5.1841142378e-01 5.2575423162e-01 5.2575423162e-01 5.2068424146e-01 5.2227729147e-01 1.4653531132e-03 1.5765189601e-03 1.4899256639e-03 1.4684108520e-03 1.4950840850e-03 1.4602337324e-03 0 0
695 1.2371546394e+00 1.2022981651e+00 1.2022981651e+00 1.2370232199e+00 1.2297050861e+00 5.1737914464e-01 5.2476555029e-01 5.2476555029e-01 5.1967164498e-01 5.2127263599e-01 1.4288733398e-03 1.5098991862e-03 1.4843252720e-03 1.4502093254e-03 1.4752603020e-03 1.4541853161e-03 0 0
696 1.2259209422e+00 1.2098100890e+00 1.2098100890e+00 1.2416666366e+00 1.2312853329e+00 5.1636078348e-01 5.2376058269e-01 5.2376058269e-01 5.1865414137e-01 5.2027483975e-01 1.4628735469e-03 1.5198816254e-03 1.5505391348e-03 1.4570494477e-03 1.4870914747e-03 1.4800722711e-03 0 0
697 1.2074151372e+00 1.2144465150e+00 1.2144465150e+00 1.2373136898e+00 1.2281207616e+00 5.1533718723e-01 5.2276221463e-01 5.2276221463e-01 5.1762589487e-01 5.1927448706e-01 1.4264131364e-03 1.4712674019e-03 1.5641543723e-03 1.4405867938e-03 1.4707146329e-03 1.4899750531e-03 0 0
698 1.2038093178e+00 1.2148749541e+00 1.2148749541e+00 1.2357882094e+00 1.2297954746e+00 5.1434420060e-01 5.2175740152e-01 5.2175740152e-01 5.1660156216e-01 5.1827436631e-01 1.3933701181e-03 1.4620209113e-03 1.5921189042e-03 1.3998536321e-03 1.4623925090e-03 1.5052667004e-03 0 0
699 1.2027087713e+00 1.2092178933e+00 1.2092178933e+00 1.2272186984e+00 1.2239262411e+00 5.1336814467e-01 5.2074932877e-01 5.2074932877e-01 5.1558010312e-01 5.1726985636e-01 1.4435140476e-03 1.4576729445e-03 1.5923069150e-03 1.4087696693e-03 1.4567380131e-03 1.5108583320e-03 0 0
700 1.1863179043e+00 1.2104943726e+00 1.2104943726e+00 1.2207261930e+00 1.2233957699e+00 5.1239869763e-01 5.1975629769e-01 5.1975629769e-01 5.1456842538e-01 5.1624967586e-01 1.4660249314e-03 1.4361519134e-03 1.4994140365e-03 1.4122699316e-03 1.4372784935e-03 1.4761967468e-03 0 0
701 1.1846851256e+00 1.1922866320e+00 1.1922866320e+00 1.2109410870e+00 1.2224405025e+00 5.1146004079e-01 5.1876008435e-01 5.1876008435e-01 5.1357646775e-01 5.1524231240e-01 1.4898347322e-03 1.4097530802e-03 1.5083435574e-03 1.4000981706e-03 1.4079186367e-03 1.4685219794e-03 0 0
702 1.1824826975e+00 1.1931991844e+00 1.1931991844e+00 1.2138668468e+00 1.2074967416e+00 5.1051678367e-01 5.1777441941e-01 5.1777441941e-01 5.1259373975e-01 5.1423755729e-01 1.5111955663e-03 1.4039210510e-03 1.4922417467e-03 1.4115102538e-03 1.3942905352e-03 1.4580772840e-03 0 0
703 1.1876327612e+00 1.1862490239e+00 1.1862490239e+00 1.1925137235e+00 1.2046252997e+00 5.0956758026e-01 5.1680913471e-01 5.1680913471e-01 5.1160674304e-01 5.1324612805e-01 1.5085896305e-03 1.4083998394e-03 1.4280290634e-03 1.4133292858e-03 1.3970188156e-03 1.4145024179e-03 0 0
704 1.1872881650e+00 1.1793269939e+00 1.1793269939e+00 1.1932046481e+00 1.2027367640e+00 5.0860971060e-01 5.1583621113e-01 5.1583621113e-01 5.1062692355e-01 5.1226910862e-01 1.4795056334e-03 1.3316222467e-03 1.4254370180e-03 1.4058926862e-03 1.3523211819e-03 1.3991621381e-03 0 0
705 1.1702774161e+00 1.1821029389e+00 1.1821029389e+00 1.2006545279e+00 1.1939020718e+00 5.0765699384e-01 5.1486109341e-01 5.1486109341e-01 5.0965436263e-01 5.1129350193e-01 1.4514976582e-03 1.3599375379e-03 1.4374063758e-03 1.3873674441e-03 1.3601199898e-03 1.4014045300e-03 0 0
706 1.1636563767e+00 1.1700117430e+00 1.1700117430e+00 1.1894939647e+00 1.1808264804e+00 5.0672321899e-01 5.1389592459e-01 5.1389592459e-01 5.0867214129e-01 5.1033477401e-01 1.3711073408e-03 1.3860325271e-03 1.4430332812e-03 1.3335676469e-03 1.3792077953e-03 1.3896573219e-03 0 0
707 1.1657937874e+00 1.1707448469e+00 1.1707448469e+00 1.1854459383e+00 1.1908276200e+00 5.0578158017e-01 5.1293780187e-01 5.1293780187e-01 5.0770130709e-01 5.0938304424e-01 1.3169561327e-03 1.3694383088e-03 1.4397744380e-03 1.3101957377e-03 1.3616420329e-03 1.3823064510e-03 0 0
708 1.1760450927e+00 1.1778878639e+00 1.1778878639e+00 1.1650603261e+00 1.1873820491e+00 5.0482027998e-01 5.1197058580e-01 5.1197058580e-01 5.0677181980e-01 5.0843293409e-01 1.3106795259e-03 1.4747637324e-03 1.5105010243e-03 1.3163612901e-03 1.3816660503e-03 1.4143744775e-03 0 0
709 1.1724349720e+00 1.1756424426e+00 1.1756424426e+00 1.1545573585e+00 1.1812090314e+00 5.0385374574e-01 5.1101583467e-01 5.1101583467e-01 5.0586538902e-01 5.0748200815e-01 1.3837435774e-03 1.4577883121e-03 1.5032828378e-03 1.3549046045e-03 1.3550965814e-03 1.4097483945e-03 0 0
710 1.1644644740e+00 1.1514396095e+00 1.1514396095e+00 1.1692616506e+00 1.1681801818e+00 5.0288835366e-01 5.1007098679e-01 5.1007098679e-01 5.0495381714e-01 5.0654295337e-01 1.3837570460e-03 1.4577962284e-03 1.4849955332e-03 1.3532568055e-03 1.3556174235e-03 1.3913948205e-03 0 0
711 1.1496858171e+00 1.1396791377e+00 1.1396791377e+00 1.1842439521e+00 1.1599235558e+00 5.0193627033e-01 5.0914819093e-01 5.0914819093e-01 5.0401269093e-01 5.0561179500e-01 1.3560402457e-03 1.4691055112e-03 1.4171308430e-03 1.3279539114e-03 1.3798156870e-03 1.3523329399e-03 0 0
712 1.1524984371e+00 1.1422209874e+00 1.1422209874e+00 1.1792795948e+00 1.1790435720e+00 5.0098364149e-01 5.0824403783e-01 5.0824403783e-01 5.0304014935e-01 5.0467679343e-01 1.3156101689e-03 1.4023762196e-03 1.3220658875e-03 1.3074656528e-03 1.3687372848e-03 1.3058347977e-03 0 0
713 1.1635736309e+00 1.1537454130e+00 1.1537454130e+00 1.1714821952e+00 1.1802971383e+00 5.0002292575e-01 5.0730489961e-01 5.0730489961e-01 5.0207348512e-01 5.0372538704e-01 1.2997568748e-03 1.3666174782e-03 1.3900556951e-03 1.3040540829e-03 1.3452431886e-03 1.3480938505e-03 0 0
714 1.1608636643e+00 1.1705938330e+00 1.1705938330e+00 1.1588240112e+00 1.1765024882e+00 4.9906719037e-01 5.0636064495e-01 5.0636064495e-01 5.0111215428e-01 5.0274252603e-01 1.3187262300e-03 1.3120043441e-03 1.3540741056e-03 1.3096608086e-03 1.3137832866e-03 1.3498081826e-03 0 0
715 1.1647200090e+00 1.1541820798e+00 1.1541820798e+00 1.1658981686e+00 1.1703033430e+00 4.9811232989e-01 5.0540196350e-01 5.0540196350e-01 5.0015215339e-01 5.0177368137e-01 1.2961018601e-03 1.2734750635e-03 1.3559600338e-03 1.2989777101e-03 1.2919963046e-03 1.3393384870e-03 0 0
716 1.1578907231e+00 1.1504543526e+00 1.1504543526e+00 1.1676737946e+00 1.1586909304e+00 4.9716179635e-01 5.0444417096e-01 5.0444417096e-01 4.9918613162e-01 5.0082796610e-01 1.3016255170e-03 1.2909221987e-03 1.3763933966e-03 1.2979614928e-03 1.3031638809e-03 1.3326593908e-03 0 0
717 1.1524471482e+00 1.1487635455e+00 1.1487635455e+00 1.1653548530e+00 1.1535845106e+00 4.9622512367e-01 5.0350574880e-01 5.0350574880e-01 4.9823272362e-01 4.9987419471e-01 1.3001435809e-03 1.3123547833e-03 1.3221718254e-03 1.2851275588e-03 1.3064473460e-03 1.3101264485e-03 0 0
718 1.1337175896e+00 1.1467880549e+00 1.1467880549e+00 1.1643989800e+00 1.1643983657e+00 4.9529309318e-01 5.0255923084e-01 5.0255923084e-01 4.9729112274e-01 4.9891887237e-01 1.2866875129e-03 1.3390874374e-03 1.3122280943e-03 1.2725814234e-03 1.3115839101e-03 1.3051493443e-03 0 0
719 1.1263209212e+00 1.1477129980e+00 1.1477129980e+00 1.1500866266e+00 1.1583422277e+00 4.9437481081e-01 5.0159828861e-01 5.0159828861e-01 4.9634816207e-01 4.9796374499e-01 1.2375447585e-03 1.3378127478e-03 1.3451746199e-03 1.2360936762e-03 1.3106289844e-03 1.3211239129e-03 0 0
720 1.1259181003e+00 1.1495065190e+00 1.1495065190e+00 1.1382445945e+00 1.1572948902e+00 4.9346360466e-01 5.0065242754e-01 5.0065242754e-01 4.9542452360e-01 4.9701170817e-01 1.2105695343e-03 1.3290490897e-03 1.3114228495e-03 1.2164745272e-03 1.2913748214e-03 1.3022899220e-03 0 0
721 1.1276549685e+00 1.1400685978e+00 1.1400685978e+00 1.1261899073e+00 1.1561545835e+00 4.9255525608e-01 4.9970688420e-01 4.9970688420e-01 4.9451216389e-01 4.9606903338e-01 1.2322380468e-03 1.3346138585e-03 1.3238144456e-03 1.2239650632e-03 1.2822157878e-03 1.3023782230e-03 0 0
722 1.1314226729e+00 1.1317968617e+00 1.1317968617e+00 1.1204447745e+00 1.1429884508e+00 4.9164025956e-01 4.9877393778e-01 4.9877393778e-01 4.9361548544e-01 4.9513635367e-01 1.2578145431e-03 1.3179129164e-03 1.3277739636e-03 1.2404940249e-03 1.2604492076e-03 1.2951357057e-03 0 0
723 1.1218921293e+00 1.1151645725e+00 1.1151645725e+00 1.1229501235e+00 1.1331248741e+00 4.9072417216e-01 4.9786156433e-01 4.9786156433e-01 4.9271992466e-01 4.9421783694e-01 1.2788453796e-03 1.2765969732e-03 1.3074946182e-03 1.2525717202e-03 1.2392285571e-03 1.2717554637e-03 0 0
724 1.1140472676e+00 1.1057223511e+00 1.1057223511e+00 1.1292443512e+00 1.1215911984e+00 4.8983143840e-01 4.9696261033e-01 4.9696261033e-01 4.9181583983e-01 4.9331162431e-01 1.2832038823e-03 1.2788867170e-03 1.3001367624e-03 1.2385051512e-03 1.2448196358e-03 1.2574893190e-03 0 0
725 1.0987590449e+00 1.0980202828e+00 1.0980202828e+00 1.1357495282e+00 1.1218898386e+00 4.8895126253e-01 4.9608217259e-01 4.9608217259e-01 4.9090385041e-01 4.9241824746e-01 1.2597323789e-03 1.2774106290e-03 1.2773854251e-03 1.2178585045e-03 1.2490570662e-03 1.2352531776e-03 0 0
726 1.1017836773e+00 1.1065419518e+00 1.1065419518e+00 1.1253476996e+00 1.1251160045e+00 4.8807508132e-01 4.9519419492e-01 4.9519419492e-01 4.9000036735e-01 4.9151791612e-01 1.2181615420e-03 1.3171288010e-03 1.2920519512e-03 1.1947942822e-03 1.2632786238e-03 1.2464998872e-03 0 0
727 1.1079349717e+00 1.1137820004e+00 1.1137820004e+00 1.1126492061e+00 1.1314026280e+00 4.8719603182e-01 4.9429739246e-01 4.9429739246e-01 4.8911826158e-01 4.9061389605e-01 1.2141642794e-03 1.3250267075e-03 1.3039997430e-03 1.1931502651e-03 1.2518283911e-03 1.2553496636e-03 0 0
728 1.1064158793e+00 1.1154743745e+00 1.1154743745e+00 1.1053959111e+00 1.1278947833e+00 4.8631329869e-01 4.9338794414e-01 4.9338794414e-01 4.8825173429e-01 4.8971118169e-01 1.2327737271e-03 1.2905533076e-03 1.3293963566e-03 1.2021443817e-03 1.2242505909e-03 1.2657125772e-03 0 0
729 1.1157541494e+00 1.1075549710e+00 1.1075549710e+00 1.1024755995e+00 1.1137346649e+00 4.8541706019e-01 4.9247965394e-01 4.9247965394e-01 4.8738742679e-01 4.8882372268e-01 1.1727384147e-03 1.2769219466e-03 1.3435189030e-03 1.1796907572e-03 1.2153278221e-03 1.2620181951e-03 0 0
730 1.1065834556e+00 1.0982911795e+00 1.0982911795e+00 1.1095382711e+00 1.1051309797e+00 4.8452379309e-01 4.9159578077e-01 4.9159578077e-01 4.8651477061e-01 4.8794964378e-01 1.1933877902e-03 1.2532843393e-03 1.2780503021e-03 1.1877747377e-03 1.2080001761e-03 1.2221960933e-03 0 0
731 1.0937564658e+00 1.0926821809e+00 1.0926821809e+00 1.1064829976e+00 1.1063968011e+00 4.8364237492e-01 4.9071656205e-01 4.9071656205e-01 4.8563960784e-01 4.8707803938e-01 1.1908791294e-03 1.2614434818e-03 1.2456035474e-03 1.1769744097e-03 1.2121801847e-03 1.2031106744e-03 0 0
732 1.0857185501e+00 1.0962237585e+00 1.0962237585e+00 1.1111437103e+00 1.1091061051e+00 4.8276442067e-01 4.8983255997e-01 4.8983255997e-01 4.8476134860e-01 4.8620168627e-01 1.1426995755e-03 1.2437807163e-03 1.2392860081e-03 1.1470300136e-03 1.2034098909e-03 1.2020142749e-03 0 0
733 1.0851987612e+00 1.0989641427e+00 1.0989641427e+00 1.1060135210e+00 1.1091797818e+00 4.8190044213e-01 4.8894961925e-01 4.8894961925e-01 4.8387015013e-01 4.8532018049e-01 1.1436337829e-03 1.2239670032e-03 1.2315529748e-03 1.1361448309e-03 1.2009487837e-03 1.2004947639e-03 0 0
734 1.0829100159e+00 1.0950063302e+00 1.0950063302e+00 1.0891000473e+00 1.1085952987e+00 4.8104042348e-01 4.8806579668e-01 4.8806579668e-01 4.8299293862e-01 4.8444272372e-01 1.1585687533e-03 1.2034630345e-03 1.2503575417e-03 1.1390131270e-03 1.1812689772e-03 1.2041824521e-03 0 0
735 1.0688215997e+00 1.0938085268e+00 1.0938085268e+00 1.0871005896e+00 1.1048870072e+00 4.8020762611e-01 4.8718410992e-01 4.8718410992e-01 4.8212790225e-01 4.8356110327e-01 1.2101242359e-03 1.1677732982e-03 1.2412817741e-03 1.1433625256e-03 1.1523731810e-03 1.2012108346e-03 0 0
736 1.0594974579e+00 1.0793632363e+00 1.0793632363e+00 1.0843358097e+00 1.0849709188e+00 4.7938020453e-01 4.8631064864e-01 4.8631064864e-01 4.8127508537e-01 4.8268743395e-01 1.2176999121e-03 1.1979439296e-03 1.2534370180e-03 1.1430346854e-03 1.1550883355e-03 1.2005692697e-03 0 0
737 1.0587542622e+00 1.0648505633e+00 1.0648505633e+00 1.0782256149e+00 1.0768758579e+00 4.7855271085e-01 4.8546364460e-01 4.8546364460e-01 4.8042121195e-01 4.8182842906e-01 1.1856097344e-03 1.1922376580e-03 1.2120377214e-03 1.1273481833e-03 1.1516458762e-03 1.1684869241e-03 0 0
738 1.0612246955e+00 1.0607658708e+00 1.0607658708e+00 1.0680215500e+00 1.0773239892e+00 4.7772873784e-01 4.8462645115e-01 4.8462645115e-01 4.7957811249e-01 4.8097065335e-01 1.1731939895e-03 1.1857478530e-03 1.1854986660e-03 1.1173655947e-03 1.1402537057e-03 1.1521416891e-03 0 0
739 1.0516093196e+00 1.0607113087e+00 1.0607113087e+00 1.0660350629e+00 1.0822820338e+00 4.7690687407e-01 4.8379200800e-01 4.8379200800e-01 4.7875297764e-01 4.8011901543e-01 1.1610611942e-03 1.2006894976e-03 1.1968808249e-03 1.1101661303e-03 1.1337689357e-03 1.1500774126e-03 0 0
740 1.0587776924e+00 1.0621013454e+00 1.0621013454e+00 1.0590363348e+00 1.0732053346e+00 4.7608324922e-01 4.8295825152e-01 4.8295825152e-01 4.7792036490e-01 4.7926756473e-01 1.0934266328e-03 1.1827214330e-03 1.1859928782e-03 1.0777353090e-03 1.1297023157e-03 1.1433231703e-03 0 0
741 1.0621156940e+00 1.0485178455e+00 1.0485178455e+00 1.0615256344e+00 1.0651144581e+00 4.7525865926e-01 4.8212995099e-01 4.8212995099e-01 4.7709732292e-01 4.7842370375e-01 1.1071350310e-03 1.1610269430e-03 1.1516496888e-03 1.0829190448e-03 1.1124419689e-03 1.1220705055e-03 0 0
742 1.0556561273e+00 1.0518603262e+00 1.0518603262e+00 1.0531606890e+00 1.0687273183e+00 4.7442261228e-01 4.8129993351e-01 4.8129993351e-01 4.7627425789e-01 4.7757365538e-01 1.1028861379e-03 1.1558675324e-03 1.1012688919e-03 1.0868770479e-03 1.1090242479e-03 1.0996278143e-03 0 0
743 1.0428621227e+00 1.0463952061e+00 1.0463952061e+00 1.0571107189e+00 1.0633764964e+00 4.7360163831e-01 4.8046207349e-01 4.8046207349e-01 4.7544992950e-01 4.7672634290e-01 1.1114457066e-03 1.1017043144e-03 1.0918423941e-03 1.0793500244e-03 1.0822121403e-03 1.0920909699e-03 0 0
744 1.0369714380e+00 1.0413474866e+00 1.0413474866e+00 1.0640665945e+00 1.0619772088e+00 4.7279915105e-01 4.7963268488e-01 4.7963268488e-01 4.7461821113e-01 4.7588955362e-01 1.0727900666e-03 1.0838402959e-03 1.0814199632e-03 1.0471286337e-03 1.0772746755e-03 1.0803291807e-03 0 0
745 1.0413608797e+00 1.0375774355e+00 1.0375774355e+00 1.0562354878e+00 1.0530338286e+00 4.7199457214e-01 4.7881283193e-01 4.7881283193e-01 4.7378317971e-01 4.7505278461e-01 1.0519526002e-03 1.0976062331e-03 1.0694950470e-03 1.0375664214e-03 1.0844760400e-03 1.0727473709e-03 0 0
746 1.0385540099e+00 1.0356669768e+00 1.0356669768e+00 1.0412771637e+00 1.0648301463e+00 4.7118552318e-01 4.7799985198e-01 4.7799985198e-01 4.7295806856e-01 4.7421535665e-01 1.0917974185e-03 1.0935738974e-03 1.0452580755e-03 1.0576956306e-03 1.0735032847e-03 1.0593181360e-03 0 0
747 1.0306202691e+00 1.0354594237e+00 1.0354594237e+00 1.0375565572e+00 1.0530573114e+00 4.7037232800e-01 4.7717061500e-01 4.7717061500e-01 4.7215949106e-01 4.7337960603e-01 1.0859249754e-03 1.0824272758e-03 1.0960935324e-03 1.0560136740e-03 1.0498457123e-03 1.0826971557e-03 0 0
748 1.0340542769e+00 1.0249921915e+00 1.0249921915e+00 1.0407852827e+00 1.0402318964e+00 4.6956294617e-01 4.7635389301e-01 4.7635389301e-01 4.7134847654e-01 4.7254705569e-01 1.0833194428e-03 1.0406965448e-03 1.0777967400e-03 1.0510661805e-03 1.0364870541e-03 1.0693986842e-03 0 0
749 1.0411444272e+00 1.0111057383e+00 1.0111057383e+00 1.0394090562e+00 1.0337921764e+00 4.6875774372e-01 4.7554774052e-01 4.7554774052e-01 4.7053259880e-01 4.7173987679e-01 1.1242133713e-03 1.0661222332e-03 1.0625566356e-03 1.0653303295e-03 1.0502063960e-03 1.0435226432e-03 0 0
750 1.0410784873e+00 1.0111206526e+00 1.0111206526e+00 1.0332924564e+00 1.0391833551e+00 4.6793712739e-01 4.7474887698e-01 4.7474887698e-01 4.6971852055e-01 4.7094349319e-01 1.1113904962e-03 1.0865246877e-03 1.0702408617e-03 1.0682516525e-03 1.0575690540e-03 1.0393845732e-03 0 0
751 1.0394103187e+00 1.0251461064e+00 1.0251461064e+00 1.0340464419e+00 1.0370007833e+00 4.6710537872e-01 4.7394475170e-01 4.7394475170e-01 4.6890185021e-01 4.7013024407e-01 1.0899911314e-03 1.0675273661e-03 1.0936213075e-03 1.0650143624e-03 1.0479952907e-03 1.0609098244e-03 0 0
752 1.0342703374e+00 1.0238152891e+00 1.0238152891e+00 1.0429029623e+00 1.0344208714e+00 4.6629816770e-01 4.7313660172e-01 4.7313660172e-01 4.6809357281e-01 4.6932128816e-01 1.0876361953e-03 1.1107281316e-03 1.1039060482e-03 1.0469118822e-03 1.0616367508e-03 1.0609650635e-03 0 0
753 1.0299054426e+00 1.0234683666e+00 1.0234683666e+00 1.0392277629e+00 1.0307350679e+00 4.6548571408e-01 4.7232216458e-01 4.7232216458e-01 4.6727612912e-01 4.6851120203e-01 1.0432093021e-03 1.1263931519e-03 1.1057940719e-03 1.0283558860e-03 1.0743492458e-03 1.0603090923e-03 0 0
754 1.0269140981e+00 1.0252184333e+00 1.0252184333e+00 1.0351460438e+00 1.0415424317e+00 4.6466614454e-01 4.7150668504e-01 4.7150668504e-01 4.6644561063e-01 4.6769900202e-01 1.0089849407e-03 1.0952686716e-03 1.1053968919e-03 1.0157998095e-03 1.0668476170e-03 1.0603011469e-03 0 0
755 1.0229838857e+00 1.0289764774e+00 1.0289764774e+00 1.0278041917e+00 1.0455895189e+00 4.6386557404e-01 4.7068491255e-01 4.7068491255e-01 4.6563037371e-01 4.6688407118e-01 1.0125409464e-03 1.0734258394e-03 1.1283014028e-03 1.0060300850e-03 1.0459351470e-03 1.0717929108e-03 0 0
756 1.0158760901e+00 1.0280417620e+00 1.0280417620e+00 1.0315956454e+00 1.0359135107e+00 4.6306965088e-01 4.6986365502e-01 4.6986365502e-01 4.6482080383e-01 4.6605590550e-01 1.0061345272e-03 1.0231917258e-03 1.1046096624e-03 1.0002646112e-03 1.0177998920e-03 1.0679633997e-03 0 0
757 1.0193585899e+00 1.0084849635e+00 1.0084849635e+00 1.0278837214e+00 1.0257199186e+00 4.6227485115e-01 4.6905043491e-01 4.6905043491e-01 4.6400723776e-01 4.6524451762e-01 9.8698150414e-04 1.0325404874e-03 1.1013243929e-03 9.8810782879e-04 1.0242191493e-03 1.0554359469e-03 0 0
758 1.0154922612e+00 1.0004419304e+00 1.0004419304e+00 1.0214322261e+00 1.0177445742e+00 4.6147174521e-01 4.6825864631e-01 4.6825864631e-01 4.6320447864e-01 4.6444783026e-01 9.7970804497e-04 1.0185307183e-03 1.0800982709e-03 9.8840617311e-04 1.0108108108e-03 1.0352439131e-03 0 0
759 1.0142613676e+00 1.0026126349e+00 1.0026126349e+00 1.0196812874e+00 1.0180719975e+00 4.6067468476e-01 4.6747975086e-01 4.6747975086e-01 4.6240651459e-01 4.6364891236e-01 9.9142499162e-04 9.8904245533e-04 1.0704398446e-03 9.9021843900e-04 9.9358864827e-04 1.0318780842e-03 0 0
760 1.0042891855e+00 9.9958965704e-01 9.9958965704e-01 1.0211597094e+00 1.0118965339e+00 4.5988874371e-01 4.6669972631e-01 4.6669972631e-01 4.6161076505e-01 4.6286903951e-01 1.0064194209e-03 9.8760021501e-04 1.1259500752e-03 9.8961709890e-04 9.8971018451e-04 1.0459681507e-03 0 0
761 9.9565899879e-01 1.0015168011e+00 1.0015168011e+00 1.0236097256e+00 1.0116933724e+00 4.5910906723e-01 4.6592906684e-01 4.6592906684e-01 4.6081211601e-01 4.6208964581e-01 9.9944127545e-04 9.9107233109e-04 1.0820381867e-03 9.8183486685e-04 9.9198406679e-04 1.0246674356e-03 0 0
762 9.9502318842e-01 9.9607932884e-01 9.9607932884e-01 1.0131065064e+00 1.0142360470e+00 4.5834249749e-01 4.6514879368e-01 4.6514879368e-01 4.6000592766e-01 4.6130388328e-01 1.0165109837e-03 9.8426293698e-04 1.0396364960e-03 9.8061438952e-04 9.9252350628e-04 1.0080609063e-03 0 0
763 9.8073792194e-01 9.9614850062e-01 9.9614850062e-01 1.0143223221e+00 1.0185398273e+00 4.5758782315e-01 4.6435740393e-01 4.6435740393e-01 4.5921166646e-01 4.6051445253e-01 1.0599858291e-03 9.6410031256e-04 1.0235326481e-03 9.9224074074e-04 9.7418687074e-04 1.0014885920e-03 0 0
764 9.7561891424e-01 1.0012591303e+00 1.0012591303e+00 1.0088168027e+00 1.0153060045e+00 4.5683945634e-01 4.6356080832e-01 4.6356080832e-01 4.5843153925e-01 4.5971501778e-01 1.0199752199e-03 9.9191340269e-04 1.0097317863e-03 9.6882719753e-04 9.7912483034e-04 9.9899573252e-04 0 0
765 9.8469392998e-01 9.9769490525e-01 9.9769490525e-01 1.0009232781e+00 1.0049728413e+00 4.5609183918e-01 4.6276997606e-01 4.6276997606e-01 4.5764541447e-01 4.5892128562e-01 9.7464021051e-04 9.6994504565e-04 9.9972164026e-04 9.4480425768e-04 9.7043658025e-04 9.9018000765e-04 0 0
766 9.8864761270e-01 9.8934610769e-01 9.8934610769e-01 9.9264275064e-01 9.9932156214e-01 4.5532774385e-01 4.6199186253e-01 4.6199186253e-01 4.5686588552e-01 4.5814069053e-01 9.5683149775e-04 9.4951043138e-04 9.8972243723e-04 9.4404579729e-04 9.5489407249e-04 9.7691908013e-04 0 0
767 9.8694308489e-01 9.8350768254e-01 9.8350768254e-01 9.8511128100e-01 9.9481143878e-01 4.5454643042e-01 4.6121639819e-01 4.6121639819e-01 4.5610595947e-01 4.5736972914e-01 9.2733682564e-04 9.5189583953e-04 1.0169081506e-03 9.3849638594e-04 9.4322350924e-04 9.8262671963e-04 0 0
768 9.9168789993e-01 9.7719266777e-01 9.7719266777e-01 9.8608305124e-01 9.8692770570e-01 4.5376601537e-01 4.6045351874e-01 4.6045351874e-01 4.5534677471e-01 4.5661124059e-01 9.1874286012e-04 9.3429286790e-04 1.0345570045e-03 9.3243070024e-04 9.3200069387e-04 9.8205119139e-04 0 0
769 9.8205234156e-01 9.6335087855e-01 9.6335087855e-01 9.8513110013e-01 9.7641636518e-01 4.5300039089e-01 4.5970360254e-01 4.5970360254e-01 4.5457773169e-01 4.5586638930e-01 9.4632073000e-04 9.3733811809e-04 1.0519810894e-03 9.3732420554e-04 9.3795609428e-04 9.8023511237e-04 0 0
770 9.7628457014e-01 9.6240383015e-01 9.6240383015e-01 9.8443943713e-01 9.8063932888e-01 4.5223855080e-01 4.5897070792e-01 4.5897070792e-01 4.5380695244e-01 4.5512292417e-01 9.1697719131e-04 9.5641710504e-04 1.0064883681e-03 9.1990058908e-04 9.4682558847e-04 9.5611150027e-04 0 0
771 9.7690954634e-01 9.6355472590e-01 9.6355472590e-01 9.8011193109e-01 9.8767571312e-01 4.5147235633e-01 4.5823294468e-01 4.5823294468e-01 4.5305065494e-01 4.5437026508e-01 8.9091182838e-04 1.0006717057e-03 9.8325315048e-04 9.0731477430e-04 9.5803428849e-04 9.4963297306e-04 0 0
772 9.7367319641e-01 9.7430421260e-01 9.7430421260e-01 9.7091196872e-01 9.9028393473e-01 4.5070702307e-01 4.5748236504e-01 4.5748236504e-01 4.5230277502e-01 4.5359345844e-01 8.9807677528e-04 1.0219295218e-03 9.5828785561e-04 9.0928128018e-04 9.6314198163e-04 9.5058255829e-04 0 0
773 9.7204643924e-01 9.7486718080e-01 9.7486718080e-01 9.7060256184e-01 9.8875803623e-01 4.4994880374e-01 4.5672878914e-01 4.5672878914e-01 4.5155556069e-01 4.5281127852e-01 8.9042379125e-04 9.7162110615e-04 9.2697764921e-04 9.0045735583e-04 9.3797456066e-04 9.3643381842e-04 0 0
774 9.7710357684e-01 9.6281104697e-01 9.6281104697e-01 9.7654666316e-01 9.8797486008e-01 4.4918607413e-01 4.5596472013e-01 4.5596472013e-01 4.5080552902e-01 4.5204664321e-01 8.8214265321e-04 9.4773208548e-04 9.5402152510e-04 8.9836553508e-04 9.2640102957e-04 9.3910918804e-04 0 0
775 9.7864382723e-01 9.6608851521e-01 9.6608851521e-01 9.7127433258e-01 9.7900677155e-01 4.4841471340e-01 4.5520863296e-01 4.5520863296e-01 4.5005332158e-01 4.5128972901e-01 8.9146458294e-04 9.5269689336e-04 9.5709906600e-04 9.0715988067e-04 9.2913545086e-04 9.3539523368e-04 0 0
776 9.7687427703e-01 9.6159950961e-01 9.6159950961e-01 9.7119722705e-01 9.7953473205e-01 4.4763938101e-01 4.5446600967e-01 4.5446600967e-01 4.4930008792e-01 4.5053218381e-01 8.9385211645e-04 9.2277991644e-04 9.1864020214e-04 9.0946456509e-04 9.1370494920e-04 9.1592087119e-04 0 0
777 9.8004526736e-01 9.6141229700e-01 9.6141229700e-01 9.8003215492e-01 9.7836643879e-01 4.4687386977e-01 4.5371400820e-01 4.5371400820e-01 4.4855031674e-01 4.4977050501e-01 9.0033991111e-04 9.2105206568e-04 9.1268998221e-04 9.0719328206e-04 9.1030522890e-04 9.1413843620e-04 0 0
778 9.8341145160e-01 9.5120825101e-01 9.5120825101e-01 9.7217828236e-01 9.7322229016e-01 4.4610325077e-01 4.5295808011e-01 4.5295808011e-01 4.4779536455e-01 4.4901485668e-01 9.0935408172e-04 9.5696569770e-04 9.2277080694e-04 9.1340266976e-04 9.3086245761e-04 9.1371891904e-04 0 0
779 9.7597877042e-01 9.5249205038e-01 9.5249205038e-01 9.7005898155e-01 9.7331907484e-01 4.4533969665e-01 4.5221009788e-01 4.5221009788e-01 4.4703837168e-01 4.4826003844e-01 9.3327423020e-04 9.5843922463e-04 9.1267815151e-04 9.1897384324e-04 9.3119632220e-04 9.0781724430e-04 0 0
780 9.7103644839e-01 9.5704355037e-01 9.5704355037e-01 9.6802157465e-01 9.7624453136e-01 4.4458061754e-01 4.5146736890e-01 4.5146736890e-01 4.4629577176e-01 4.4749801002e-01 9.1834169491e-04 9.9226765451e-04 9.1305621027e-04 9.0994321542e-04 9.3766573991e-04 9.1193967091e-04 0 0
781 9.7273684048e-01 9.5210433467e-01 9.5210433467e-01 9.6854892497e-01 9.7165153309e-01 4.4383179156e-01 4.5072324583e-01 4.5072324583e-01 4.4555236734e-01 4.4674367219e-01 9.0200630525e-04 1.0127013084e-03 9.6166947333e-04 8.9692920745e-04 9.4753455778e-04 9.3011259742e-04 0 0
782 9.8535177369e-01 9.4927149497e-01 9.4927149497e-01 9.6483055870e-01 9.6722329301e-01 4.4306438064e-01 4.4998325454e-01 4.4998325454e-01 4.4479821335e-01 4.4599932713e-01 8.7988710796e-04 9.9122026586e-04 1.0028680845e-03 8.9697603967e-04 9.4296112366e-04 9.4273747527e-04 0 0
783 9.7572033745e-01 9.5334081864e-01 9.5334081864e-01 9.6603600010e-01 9.6604861193e-01 4.4230765538e-01 4.4924423111e-01 4.4924423111e-01 4.4405030397e-01 4.4524634885e-01 9.4330240508e-04 9.6135637432e-04 9.8473409889e-04 9.2321719390e-04 9.2405945179e-04 9.3844704679e-04 0 0
784 9.7476147879e-01 9.5142425385e-01 9.5142425385e-01 9.6489241512e-01 9.7062090021e-01 4.4154585141e-01 4.4849260291e-01 4.4849260291e-01 4.4329763340e-01 4.4449239942e-01 8.9427226086e-04 9.2306593433e-04 9.7153587558e-04 9.0189430149e-04 9.0919813374e-04 9.3209142506e-04 0 0
785 9.7321615089e-01 9.4624597788e-01 9.4624597788e-01 9.7687084861e-01 9.6560521908e-01 4.4079103292e-01 4.4773264498e-01 4.4773264498e-01 4.4253816701e-01 4.4374501941e-01 9.0406382621e-04 8.9081437909e-04 9.8966021324e-04 9.0264392671e-04 8.9895621932e-04 9.3657155230e-04 0 0
786 9.7495368712e-01 9.5235828141e-01 9.5235828141e-01 9.6974672103e-01 9.6735875342e-01 4.4003135889e-01 4.4699368870e-01 4.4699368870e-01 4.4176797041e-01 4.4299119926e-01 8.8863825727e-04 9.0976906358e-04 9.2700951791e-04 8.9806108637e-04 9.1562508896e-04 9.0968425502e-04 0 0
787 9.7025343197e-01 9.5109943216e-01 9.5109943216e-01 9.6820436193e-01 9.7500731232e-01 4.3927261252e-01 4.4625736436e-01 4.4625736436e-01 4.4102203941e-01 4.4223426223e-01 8.9054961495e-04 9.3893503072e-04 9.0014220041e-04 8.9820616295e-04 9.1443712881e-04 8.9938491874e-04 0 0
788 9.5439807237e-01 9.5305439422e-01 9.5305439422e-01 9.6625190943e-01 9.7604341253e-01 4.3853484747e-01 4.4551319233e-01 4.4551319233e-01 4.4027529004e-01 4.4147570973e-01 9.0579165925e-04 9.3623589783e-04 9.2311701155e-04 8.9263779253e-04 9.1419579985e-04 9.1396253265e-04 0 0
789 9.4902144776e-01 9.5081835058e-01 9.5081835058e-01 9.6136901052e-01 9.6195414890e-01 4.3780873764e-01 4.4477174598e-01 4.4477174598e-01 4.3954132399e-01 4.4071640497e-01 8.7098251636e-04 9.7649086092e-04 9.4584905310e-04 8.6660156937e-04 9.2619088537e-04 9.2544328072e-04 0 0
790 9.4585655854e-01 9.3989815749e-01 9.3989815749e-01 9.6508581970e-01 9.6687281917e-01 4.3707923616e-01 4.4404385893e-01 4.4404385893e-01 4.3880409785e-01 4.3997978310e-01 8.5551475284e-04 9.6940263757e-04 9.4363758399e-04 8.5958984820e-04 9.2376722023e-04 9.0950989397e-04 0 0
791 9.4159615309e-01 9.5171232751e-01 9.5171232751e-01 9.5160563720e-01 9.6540393861e-01 4.3635389222e-01 4.4330362670e-01 4.4330362670e-01 4.3808653076e-01 4.3924277134e-01 8.6416454961e-04 1.0101084190e-03 9.8674965557e-04 8.6122170487e-04 9.3015993480e-04 9.3076755002e-04 0 0
792 9.3898150006e-01 9.4976084736e-01 9.4976084736e-01 9.4270386835e-01 9.6236880828e-01 4.3563281182e-01 4.4256624982e-01 4.4256624982e-01 4.3737662377e-01 4.3851425503e-01 8.6272934791e-04 9.5668090216e-04 1.0040971392e-03 8.5661285662e-04 8.9957653836e-04 9.3383750936e-04 0 0
793 9.2768098415e-01 9.4876920000e-01 9.4876920000e-01 9.4766740832e-01 9.5649064813e-01 4.3492755733e-01 4.4182992645e-01 4.4182992645e-01 4.3666611069e-01 4.3777784512e-01 8.8777146241e-04 9.1453678033e-04 9.6801911423e-04 8.5844530604e-04 8.7754784909e-04 9.2123557988e-04 0 0
794 9.3044171802e-01 9.2910408499e-01 9.2910408499e-01 9.4348159338e-01 9.4283649415e-01 4.3423332010e-01 4.4110090760e-01 4.4110090760e-01 4.3594660242e-01 4.3705754387e-01 9.0511974566e-04 9.1185027850e-04 9.5326757582e-04 8.5984475516e-04 8.8099682762e-04 9.0280020959e-04 0 0
795 9.2266018115e-01 9.2826510056e-01 9.2826510056e-01 9.4062085254e-01 9.4493887548e-01 4.3354733140e-01 4.4039576120e-01 4.4039576120e-01 4.3523309616e-01 4.3633384683e-01 9.4702989723e-04 8.9675997151e-04 8.7269846699e-04 8.7349010716e-04 8.6980083142e-04 8.6468704103e-04 0 0
796 9.2014807009e-01 9.2614993066e-01 9.2614993066e-01 9.3367118794e-01 9.4948975890e-01 4.3286932839e-01 4.3969109474e-01 4.3969109474e-01 4.3452137175e-01 4.3560708278e-01 9.2476126311e-04 8.9155841852e-04 8.6378226115e-04 8.5831181096e-04 8.6508202367e-04 8.6093276332e-04 0 0
797 9.1072435956e-01 9.2412731657e-01 9.2412731657e-01 9.3024462348e-01 9.4733265315e-01 4.3219160235e-01 4.3898690024e-01 4.3898690024e-01 4.3380823393e-01 4.3487823967e-01 8.7608168420e-04 8.6265140271e-04 8.6988005205e-04 8.3669771722e-04 8.5110370128e-04 8.6360599380e-04 0 0
798 9.0030449477e-01 9.1749125297e-01 9.1749125297e-01 9.3133161326e-01 9.4581413752e-01 4.3152207274e-01 4.3829159771e-01 4.3829159771e-01 4.3309665967e-01 4.3416000249e-01 8.3463822942e-04 8.4527973377e-04 8.6115098384e-04 8.1221331255e-04 8.4106629947e-04 8.5298612248e-04 0 0
799 8.9622387049e-01 9.1761013087e-01 9.1761013087e-01 9.2057639323e-01 9.3335612916e-01 4.3086091349e-01 4.3759668615e-01 4.3759668615e-01 4.3239805965e-01 4.3343943592e-01 7.8295753156e-04 8.6198282952e-04 8.4791325207e-04 7.8176009282e-04 8.4180853446e-04 8.4750809765e-04 0 0
800 8.8681258279e-01 9.1203435226e-01 9.1203435226e-01 9.1241805594e-01 9.3281876148e-01 4.3020717374e-01 4.3690174426e-01 4.3690174426e-01 4.3170976821e-01 4.3272051796e-01 7.8133040942e-04 8.2796681090e-04 8.2189252134e-04 7.7671040543e-04 8.1962255354e-04 8.3183973038e-04 0 0
801 8.7986724737e-01 9.1477934939e-01 9.1477934939e-01 9.0138089014e-01 9.2511580691e-01 4.2956445834e-01 4.3620001903e-01 4.3620001903e-01 4.3103027517e-01 4.3201427185e-01 7.5969300445e-04 8.1229556235e-04 8.4273210086e-04 7.5844623471e-04 8.0719614925e-04 8.3538376202e-04 0 0
802 8.7162639658e-01 9.0923026464e-01 9.0923026464e-01 8.9656754027e-01 9.1213484000e-01 4.2893899401e-01 4.3551422003e-01 4.3551422003e-01 4.3036877614e-01 4.3132728664e-01 7.8173517310e-04 7.8657497943e-04 8.4565703582e-04 7.5720061850e-04 7.8456141637e-04 8.2614181156e-04 0 0
803 8.6241407306e-01 8.9813449560e-01 8.9813449560e-01 8.9305283467e-01 9.0515927333e-01 4.2832279553e-01 4.3483999371e-01 4.3483999371e-01 4.2971395198e-01 4.3065827338e-01 7.9676641442e-04 7.7218355727e-04 8.4227009211e-04 7.5579602654e-04 7.7309699554e-04 8.1377955212e-04 0 0
804 8.6945730788e-01 8.8824405643e-01 8.8824405643e-01 8.8295748668e-01 8.9163851792e-01 4.2770330224e-01 4.3416860896e-01 4.3416860896e-01 4.2907049546e-01 4.3001440666e-01 7.7607182656e-04 7.8014377505e-04 8.8066552416e-04 7.4491375163e-04 7.6900594286e-04 8.1740936730e-04 0 0
805 8.6821645682e-01 8.8172332281e-01 8.8172332281e-01 8.7699090158e-01 8.8910292766e-01 4.2708617880e-01 4.3351797070e-01 4.3351797070e-01 4.2843605065e-01 4.2938181963e-01 8.1498549423e-04 7.5975165237e-04 8.5957304691e-04 7.6039163100e-04 7.5257297431e-04 8.0053679994e-04 0 0
806 8.6358134098e-01 8.7682016975e-01 8.7682016975e-01 8.7143626129e-01 8.8514166750e-01 4.2645985397e-01 4.3286901907e-01 4.3286901907e-01 4.2780493680e-01 4.2874873077e-01 7.9010377083e-04 7.5539157842e-04 8.4724088083e-04 7.5299600593e-04 7.4578339991e-04 7.9421186820e-04 0 0
807 8.6712674803e-01 8.6681553879e-01 8.6681553879e-01 8.7580549894e-01 8.7648490734e-01 4.2583108284e-01 4.3223167773e-01 4.3223167773e-01 4.2717327688e-01 4.2811869462e-01 7.6493800625e-04 7.3355966015e-04 8.0803141464e-04 7.4152333144e-04 7.3168530071e-04 7.7246695582e-04 0 0
808 8.6897060255e-01 8.5708893240e-01 8.5708893240e-01 8.8160397720e-01 8.7367322714e-01 4.2520369234e-01 4.3160633995e-01 4.3160633995e-01 4.2653638122e-01 4.2748801535e-01 7.4949576892e-04 7.4541401409e-04 7.6372180774e-04 7.3352935304e-04 7.3894644447e-04 7.4913604476e-04 0 0
809 8.6386276092e-01 8.5264951989e-01 8.5264951989e-01 8.7476913779e-01 8.7318231398e-01 4.2457408124e-01 4.3098356113e-01 4.3098356113e-01 4.2589849554e-01 4.2685888278e-01 7.3720756573e-04 7.4874164420e-04 7.5435847975e-04 7.2920236750e-04 7.3994735430e-04 7.4104349187e-04 0 0
810 8.5442452530e-01 8.5513191037e-01 8.5513191037e-01 8.7300187620e-01 8.7583049462e-01 4.2395550211e-01 4.3036640061e-01 4.3036640061e-01 4.2526286282e-01 4.2622109065e-01 7.2753342002e-04 7.3582700861e-04 7.2852747689e-04 7.1848898174e-04 7.3150753451e-04 7.3040751158e-04 0 0
811 8.5079553192e-01 8.5427239779e-01 8.5427239779e-01 8.6927600406e-01 8.7415299548e-01 4.2333855319e-01 4.2974039776e-01 4.2974039776e-01 4.2463065538e-01 4.2557495669e-01 7.1155082289e-04 7.4093339208e-04 7.3335146590e-04 7.1020372678e-04 7.3238962796e-04 7.3553851689e-04 0 0
812 8.5301304493e-01 8.4827147628e-01 8.4827147628e-01 8.6513687084e-01 8.7210390725e-01 4.2272429939e-01 4.2911715996e-01 4.2911715996e-01 4.2399969770e-01 4.2493957634e-01 6.9642154938e-04 7.2364977677e-04 7.3594637797e-04 7.0048520055e-04 7.2324558278e-04 7.3063372110e-04 0 0
813 8.5042975838e-01 8.4812917569e-01 8.4812917569e-01 8.5700831943e-01 8.6771595593e-01 4.2210496684e-01 4.2849702481e-01 4.2849702481e-01 4.2338660097e-01 4.2431405884e-01 7.0808209075e-04 7.5168225158e-04 7.5831380673e-04 7.0736071702e-04 7.2738650488e-04 7.3569957749e-04 0 0
814 8.5000678558e-01 8.5090419277e-01 8.5090419277e-01 8.5136271898e-01 8.6379130861e-01 4.2148596191e-01 4.2788039172e-01 4.2788039172e-01 4.2278001358e-01 4.2369576824e-01 7.1306280282e-04 7.4371595110e-04 7.7927435632e-04 7.0775216662e-04 7.2010098665e-04 7.4127466360e-04 0 0
815 8.3993222367e-01 8.4771432985e-01 8.4771432985e-01 8.5219095820e-01 8.5669657372e-01 4.2087609113e-01 4.2726459219e-01 4.2726459219e-01 4.2217806754e-01 4.2308613199e-01 7.3265915082e-04 7.4691559712e-04 7.8461244993e-04 7.1127823166e-04 7.1809730434e-04 7.3962971510e-04 0 0
816 8.3798638203e-01 8.4277785776e-01 8.4277785776e-01 8.5521987012e-01 8.5273825338e-01 4.2027038319e-01 4.2665017694e-01 4.2665017694e-01 4.2157998389e-01 4.2248506969e-01 7.1320708285e-04 7.7342029545e-04 7.8893685713e-04 6.9792960149e-04 7.2728270607e-04 7.3689936835e-04 0 0
817 8.4121494409e-01 8.4181238147e-01 8.4181238147e-01 8.5076289083e-01 8.5880073737e-01 4.1966684047e-01 4.2604482429e-01 4.2604482429e-01 4.2097084778e-01 4.2188677600e-01 7.2619375254e-04 7.7104741649e-04 7.6463521691e-04 7.0100811208e-04 7.3105309275e-04 7.2331471893e-04 0 0
818 8.3509740718e-01 8.4150853717e-01 8.4150853717e-01 8.5198373831e-01 8.5621980898e-01 4.1906327513e-01 4.2543481649e-01 4.2543481649e-01 4.2036304106e-01 4.2128350779e-01 7.1959722687e-04 7.4971832510e-04 7.6696474571e-04 6.9806639405e-04 7.1791604569e-04 7.2695448762e-04 0 0
819 8.3391412716e-01 8.4174068821e-01 8.4174068821e-01 8.4483406838e-01 8.6001133768e-01 4.1845734988e-01 4.2482864660e-01 4.2482864660e-01 4.1975522773e-01 4.2066876045e-01 6.8304879554e-04 7.3278788477e-04 7.3480300489e-04 6.8316796663e-04 7.0890958887e-04 7.1653859050e-04 0 0
820 8.3616187787e-01 8.3340662793e-01 8.3340662793e-01 8.4588594201e-01 8.5240895304e-01 4.1785470702e-01 4.2421540572e-01 4.2421540572e-01 4.1914264669e-01 4.2005432968e-01 6.8949847932e-04 6.8990781438e-04 7.3970493395e-04 6.8562582714e-04 6.8967168045e-04 7.1666015720e-04 0 0
821 8.4282620733e-01 8.2607714243e-01 8.2607714243e-01 8.4363757594e-01 8.4487725827e-01 4.1725206742e-01 4.2360810387e-01 4.2360810387e-01 4.1853520635e-01 4.1944280098e-01 6.7487689830e-04 7.0567803050e-04 7.2673243994e-04 6.7897530011e-04 6.9350643025e-04 7.0735224290e-04 0 0
822 8.3568132309e-01 8.2709673255e-01 8.2709673255e-01 8.3970375669e-01 8.4378149495e-01 4.1665570922e-01 4.2301203114e-01 4.2301203114e-01 4.1793891482e-01 4.1883068092e-01 7.0107704379e-04 7.1252466296e-04 7.0024501474e-04 6.8807203476e-04 6.9131901546e-04 6.9336722663e-04 0 0
823 8.3280458854e-01 8.2478595038e-01 8.2478595038e-01 8.3797682028e-01 8.4226002974e-01 4.1606192130e-01 4.2241795865e-01 4.2241795865e-01 4.1734963609e-01 4.1822215854e-01 6.9693361559e-04 7.3788112786e-04 6.9968121534e-04 6.8314005619e-04 7.0150704414e-04 6.9060157693e-04 0 0
824 8.2590231011e-01 8.2542576929e-01 8.2542576929e-01 8.3786300356e-01 8.3370031929e-01 4.1548712602e-01 4.2182567769e-01 4.2182567769e-01 4.1676263609e-01 4.1761408250e-01 7.3042492298e-04 7.4105290696e-04 7.0266443072e-04 6.8631667990e-04 7.0268589479e-04 6.9204776082e-04 0 0
825 8.2124850394e-01 8.2126924942e-01 8.2126924942e-01 8.4124888487e-01 8.3967532754e-01 4.1491504268e-01 4.2124108693e-01 4.2124108693e-01 4.1617546710e-01 4.1701466683e-01 7.3857556375e-04 7.3605340731e-04 6.9459578663e-04 6.8623432200e-04 6.9982490095e-04 6.8369274959e-04 0 0
826 8.1696321016e-01 8.2530256850e-01 8.2530256850e-01 8.3345595913e-01 8.3850247601e-01 4.1434518249e-01 4.2064756344e-01 4.2064756344e-01 4.1558665502e-01 4.1641901563e-01 7.3977404107e-04 7.4009899981e-04 7.2472996544e-04 6.8379437644e-04 7.0145912468e-04 6.9827309926e-04 0 0
827 8.2044020976e-01 8.2865989253e-01 8.2865989253e-01 8.3314222166e-01 8.3934655665e-01 4.1377283864e-01 4.2006440386e-01 4.2006440386e-01 4.1499858287e-01 4.1582143542e-01 7.0926234074e-04 7.0503048482e-04 7.0036764373e-04 6.7015881052e-04 6.8268044561e-04 6.8857785664e-04 0 0
828 8.1455097507e-01 8.2034853901e-01 8.2034853901e-01 8.2661593567e-01 8.3852810829e-01 4.1318816241e-01 4.1947588597e-01 4.1947588597e-01 4.1441214055e-01 4.1522242749e-01 6.9098320855e-04 6.9866655394e-04 6.9678200816e-04 6.6831756744e-04 6.7647856486e-04 6.8582226231e-04 0 0
829 8.1831275941e-01 8.1758838835e-01 8.1758838835e-01 8.2480822632e-01 8.3282944401e-01 4.1260411814e-01 4.1888809258e-01 4.1888809258e-01 4.1381953319e-01 4.1462812081e-01 6.4675841497e-04 6.6211905505e-04 7.0020464773e-04 6.4692374277e-04 6.5983945387e-04 6.8307247420e-04 0 0
830 8.0831402479e-01 8.1065522354e-01 8.1065522354e-01 8.2163854777e-01 8.2764884692e-01 4.1202995638e-01 4.1831293033e-01 4.1831293033e-01 4.1323479172e-01 4.1403780278e-01 6.5316078681e-04 6.7055702675e-04 6.8222596019e-04 6.4507013062e-04 6.5883334901e-04 6.7047173798e-04 0 0
831 7.9911752074e-01 8.0433565614e-01 8.0433565614e-01 8.2264985918e-01 8.2531239734e-01 4.1146978496e-01 4.1773818414e-01 4.1773818414e-01 4.1264288833e-01 4.1344741653e-01 6.5081534167e-04 6.4886637847e-04 6.7505126935e-04 6.3485358572e-04 6.5174628980e-04 6.6481101385e-04 0 0
832 7.9461569994e-01 8.0480371025e-01 8.0480371025e-01 8.1507051290e-01 8.2788064114e-01 4.1091262654e-01 4.1716310451e-01 4.1716310451e-01 4.1205822811e-01 4.1285639255e-01 6.2698107316e-04 6.5958448977e-04 6.5681457636e-04 6.2065284710e-04 6.5340704168e-04 6.5448238456e-04 0 0
833 7.8582108347e-01 8.0313657166e-01 8.0313657166e-01 8.1135171205e-01 8.2344334182e-01 4.1036078572e-01 4.1658379691e-01 4.1658379691e-01 4.1148296641e-01 4.1226828342e-01 6.2657344469e-04 6.4755773928e-04 6.6267771763e-04 6.1710710891e-04 6.4282910898e-04 6.5536527836e-04 0 0
834 7.9083789498e-01 8.0572398570e-01 8.0572398570e-01 7.9688941718e-01 8.2381076794e-01 4.0981364492e-01 4.1601230219e-01 4.1601230219e-01 4.1092213159e-01 4.1167404631e-01 6.2683788054e-04 6.6181126749e-04 6.3732540002e-04 6.1324338480e-04 6.4129917882e-04 6.4639678749e-04 0 0
835 7.8282450037e-01 7.9820876606e-01 7.9820876606e-01 7.9337126283e-01 8.1849888179e-01 4.0927293727e-01 4.1543874544e-01 4.1543874544e-01 4.1037230130e-01 4.1109686783e-01 6.4887546908e-04 6.4633309375e-04 6.5746578912e-04 6.1865393579e-04 6.2631725450e-04 6.4750753518e-04 0 0
836 7.7443292422e-01 7.9574594734e-01 7.9574594734e-01 7.8359662728e-01 8.0909761450e-01 4.0873620013e-01 4.1488341726e-01 4.1488341726e-01 4.0981886370e-01 4.1052268294e-01 6.4180818022e-04 6.3830721774e-04 6.3539754774e-04 6.1160516910e-04 6.2342135061e-04 6.3483312260e-04 0 0
837 7.7485699914e-01 7.8096922597e-01 7.8096922597e-01 7.9076287270e-01 7.9814287375e-01 4.0820317913e-01 4.1433041627e-01 4.1433041627e-01 4.0926907527e-01 4.0996339424e-01 6.1971792585e-04 6.2781629094e-04 6.3288625097e-04 5.9806225438e-04 6.1533470580e-04 6.2481271743e-04 0 0
838 7.7127282519e-01 7.7619139402e-01 7.7619139402e-01 7.9085578245e-01 7.9792317708e-01 4.0766985613e-01 4.1378733574e-01 4.1378733574e-01 4.0872092254e-01 4.0940658519e-01 6.0609201082e-04 6.2723537849e-04 6.1236669717e-04 5.9130665487e-04 6.1316882784e-04 6.1178626493e-04 0 0
839 7.7689885122e-01 7.7643248086e-01 7.7643248086e-01 7.7777862844e-01 7.9091693592e-01 4.0713330536e-01 4.1323985416e-01 4.1323985416e-01 4.0817128845e-01 4.0885269739e-01 5.8440033512e-04 6.1178223405e-04 6.2709029589e-04 5.8150368849e-04 6.0454868071e-04 6.1620396446e-04 0 0
840 7.7593414844e-01 7.7250499576e-01 7.7250499576e-01 7.8198306262e-01 7.9148735533e-01 4.0658833210e-01 4.1269593220e-01 4.1269593220e-01 4.0762603708e-01 4.0830838684e-01 5.8251328410e-04 5.8301525132e-04 6.3261202013e-04 5.8406782706e-04 5.8635036112e-04 6.1288713187e-04 0 0
841 7.7130500455e-01 7.7376969265e-01 7.7376969265e-01 7.7876751591e-01 7.8019542567e-01 4.0604332993e-01 4.1215457672e-01 4.1215457672e-01 4.0708781567e-01 4.0776844950e-01 5.7864360832e-04 5.8654889290e-04 6.4484833274e-04 5.8152784259e-04 5.8436280233e-04 6.1502636527e-04 0 0
842 7.7290676665e-01 7.6474088108e-01 7.6474088108e-01 7.7781528280e-01 7.7108462395e-01 4.0549820959e-01 4.1161894134e-01 4.1161894134e-01 4.0654680270e-01 4.0723771093e-01 5.6064333076e-04 5.7922834822e-04 6.4240516804e-04 5.7178020144e-04 5.8153130522e-04 6.0685358767e-04 0 0
843 7.6858801184e-01 7.6226051822e-01 7.6226051822e-01 7.8120653032e-01 7.7321554139e-01 4.0496068312e-01 4.1109070489e-01 4.1109070489e-01 4.0600087741e-01 4.0671226958e-01 5.7682492194e-04 5.7184202888e-04 6.3849231810e-04 5.7510567453e-04 5.7935682707e-04 6.0099395341e-04 0 0
844 7.6630680416e-01 7.6208874446e-01 7.6208874446e-01 7.7634433017e-01 7.7434407672e-01 4.0442326353e-01 4.1056789041e-01 4.1056789041e-01 4.0545787911e-01 4.0618494793e-01 5.6251040020e-04 5.8995223662e-04 6.3137074176e-04 5.6750071556e-04 5.8622469078e-04 5.9851123660e-04 0 0
845 7.6564749847e-01 7.5731233431e-01 7.5731233431e-01 7.7424861540e-01 7.7956803702e-01 4.0388593489e-01 4.1004709995e-01 4.1004709995e-01 4.0492292747e-01 4.0565288699e-01 5.5234463795e-04 5.9221264382e-04 6.1411420756e-04 5.6198332129e-04 5.8204030211e-04 5.9260296985e-04 0 0
846 7.5889888534e-01 7.5902173809e-01 7.5902173809e-01 7.6736855983e-01 7.7729629966e-01 4.0335644069e-01 4.0952443145e-01 4.0952443145e-01 4.0439116729e-01 4.0511111721e-01 5.6539612288e-04 6.0210247466e-04 6.0198607389e-04 5.6294182358e-04 5.8461262961e-04 5.9094501194e-04 0 0
847 7.5511149702e-01 7.5672831108e-01 7.5672831108e-01 7.6429065650e-01 7.7600581078e-01 4.0282629755e-01 4.0900120013e-01 4.0900120013e-01 4.0387015327e-01 4.0457187590e-01 5.4492767099e-04 6.1344998539e-04 5.9768387291e-04 5.5154480128e-04 5.8364325378e-04 5.8626411192e-04 0 0
848 7.5537190359e-01 7.5676501526e-01 7.5676501526e-01 7.6228129571e-01 7.7406182522e-01 4.0230082125e-01 4.0848085852e-01 4.0848085852e-01 4.0335294542e-01 4.0404290059e-01 5.3977219012e-04 6.2083078956e-04 6.0483781272e-04 5.4584662289e-04 5.8416493994e-04 5.8380818518e-04 0 0
849 7.5217835508e-01 7.5910218601e-01 7.5910218601e-01 7.5565565553e-01 7.6426681652e-01 4.0178179965e-01 4.0796079730e-01 4.0796079730e-01 4.0283438229e-01 4.0351089448e-01 5.4877619865e-04 6.2242506829e-04 6.0441599635e-04 5.4584157611e-04 5.8504909975e-04 5.8472968522e-04 0 0
850 7.4988218320e-01 7.5055268904e-01 7.5055268904e-01 7.5589048829e-01 7.6112400213e-01 4.0126230777e-01 4.0743613314e-01 4.0743613314e-01 4.0231641610e-01 4.0298618320e-01 5.3690653779e-04 5.8941112366e-04 5.9496669564e-04 5.3928372367e-04 5.6768083596e-04 5.7527013996e-04 0 0
851 7.5010639124e-01 7.5269180280e-01 7.5269180280e-01 7.5701684082e-01 7.5820596794e-01 4.0074847461e-01 4.0691358335e-01 4.0691358335e-01 4.0179839801e-01 4.0246457437e-01 5.4009037428e-04 5.7482930424e-04 6.0417082568e-04 5.3684803685e-04 5.5895840342e-04 5.7756621391e-04 0 0
852 7.5111735204e-01 7.4612071203e-01 7.4612071203e-01 7.4998155462e-01 7.5290336761e-01 4.0022641440e-01 4.0639414531e-01 4.0639414531e-01 4.0127714499e-01 4.0194590683e-01 5.3081606516e-04 5.6240700360e-04 6.0538589605e-04 5.3442389910e-04 5.5391326896e-04 5.7541225397e-04 0 0
853 7.5426432874e-01 7.3944742449e-01 7.3944742449e-01 7.4967173505e-01 7.5443375618e-01 3.9969797171e-01 4.0587727389e-01 4.0587727389e-01 4.0075719164e-01 4.0143044007e-01 5.2687392961e-04 5.3792360995e-04 5.8335332142e-04 5.3497287567e-04 5.4040682153e-04 5.6153217156e-04 0 0
854 7.4825369223e-01 7.3868384309e-01 7.3868384309e-01 7.4902016988e-01 7.5243350946e-01 3.9917741417e-01 4.0535863660e-01 4.0535863660e-01 4.0023793977e-01 4.0091529062e-01 5.3992934552e-04 5.3608021699e-04 5.7969376212e-04 5.3783173682e-04 5.3773370746e-04 5.5855025130e-04 0 0
855 7.4444573611e-01 7.3667061933e-01 7.3667061933e-01 7.5147563587e-01 7.4720671661e-01 3.9866029256e-01 4.0484304752e-01 4.0484304752e-01 3.9971579738e-01 4.0040206305e-01 5.3209672142e-04 5.2755154320e-04 5.7536699751e-04 5.3185490152e-04 5.3348425718e-04 5.5436116236e-04 0 0
856 7.4992186087e-01 7.3113481478e-01 7.3113481478e-01 7.5912216171e-01 7.4453624962e-01 3.9813847095e-01 4.0433140097e-01 4.0433140097e-01 3.9919179461e-01 3.9988922794e-01 5.2415118750e-04 5.3116734489e-04 5.5943088955e-04 5.2979278866e-04 5.3520976508e-04 5.4564236780e-04 0 0
857 7.4189061171e-01 7.3018424466e-01 7.3018424466e-01 7.4702697329e-01 7.4300614683e-01 3.9762272839e-01 4.0381968598e-01 4.0381968598e-01 3.9866753974e-01 3.9937602217e-01 5.4168399886e-04 5.5035407422e-04 5.5278957007e-04 5.3442254502e-04 5.4441171233e-04 5.4160752916e-04 0 0
858 7.3721594168e-01 7.2931645535e-01 7.2931645535e-01 7.4539115789e-01 7.4873198169e-01 3.9711097120e-01 4.0330740665e-01 4.0330740665e-01 3.9814367656e-01 3.9886419068e-01 5.3013579074e-04 5.2623986267e-04 5.6187743030e-04 5.2567054060e-04 5.3225789452e-04 5.4352685402e-04 0 0
859 7.2876587709e-01 7.3619248332e-01 7.3619248332e-01 7.4686088120e-01 7.4479958501e-01 3.9660660644e-01 4.0279336455e-01 4.0279336455e-01 3.9762483122e-01 3.9834483140e-01 5.2075660104e-04 5.2141926426e-04 5.6611774198e-04 5.1684654610e-04 5.2739032253e-04 5.4874326452e-04 0 0
860 7.2451259631e-01 7.2804396346e-01 7.2804396346e-01 7.4417165757e-01 7.4027711800e-01 3.9610504681e-01 4.0227958328e-01 4.0227958328e-01 3.9710394932e-01 3.9782996298e-01 5.0648568477e-04 5.3781116731e-04 5.6664233853e-04 5.0698909620e-04 5.3555125487e-04 5.4671586258e-04 0 0
861 7.2482191814e-01 7.2275657988e-01 7.2275657988e-01 7.3497938082e-01 7.4006576933e-01 3.9560219971e-01 4.0177216325e-01 4.0177216325e-01 3.9659034464e-01 3.9732358230e-01 4.9796281571e-04 5.3399118769e-04 5.6977247004e-04 5.0162666205e-04 5.2857708943e-04 5.4345271201e-04 0 0
862 7.1892779522e-01 7.2797518978e-01 7.2797518978e-01 7.2956213303e-01 7.3905113234e-01 3.9509661034e-01 4.0127210659e-01 4.0127210659e-01 3.9608643840e-01 3.9681021290e-01 4.9375774674e-04 5.2753492491e-04 5.5728472944e-04 4.9928827199e-04 5.1992030058e-04 5.4102261493e-04 0 0
863 7.1834581368e-01 7.2343769609e-01 7.2343769609e-01 7.2237169746e-01 7.3989006127e-01 3.9459595326e-01 4.0077126325e-01 4.0077126325e-01 3.9559036537e-01 3.9630015316e-01 4.9894874540e-04 5.3063474479e-04 5.5964179046e-04 4.9750625996e-04 5.1636308490e-04 5.3964366089e-04 0 0
864 7.1494571445e-01 7.1715106581e-01 7.1715106581e-01 7.2111694220e-01 7.2863876386e-01 3.9409489128e-01 4.0027323702e-01 4.0027323702e-01 3.9510240002e-01 3.9579916939e-01 4.9800289295e-04 5.3516538173e-04 5.6624595891e-04 4.9572876738e-04 5.1272279234e-04 5.3641610430e-04 0 0
865 7.0837759268e-01 7.1151131749e-01 7.1151131749e-01 7.1800456835e-01 7.2503790047e-01 3.9359353595e-01 3.9978527909e-01 3.9978527909e-01 3.9461947517e-01 3.9529898691e-01 4.9161316766e-04 5.6473535369e-04 5.3689941706e-04 4.9154767533e-04 5.2242139645e-04 5.2092058468e-04 0 0
866 7.0978954547e-01 7.0424958471e-01 7.0424958471e-01 7.1522552687e-01 7.2007579690e-01 3.9309389650e-01 3.9929430134e-01 3.9929430134e-01 3.9413193011e-01 3.9480651634e-01 4.7638400745e-04 5.5934832199e-04 5.3712763474e-04 4.8234366369e-04 5.2035872068e-04 5.1639274170e-04 0 0
867 7.0130637759e-01 7.0561945627e-01 7.0561945627e-01 7.1385061607e-01 7.1961541010e-01 3.9259727490e-01 3.9880825091e-01 3.9880825091e-01 3.9364244216e-01 3.9431205516e-01 4.8121322680e-04 5.4382180679e-04 5.2597305330e-04 4.8326127812e-04 5.1237740263e-04 5.1044824068e-04 0 0
868 6.9547730059e-01 7.0470498903e-01 7.0470498903e-01 7.1169649994e-01 7.1800106358e-01 3.9211357932e-01 3.9831872887e-01 3.9831872887e-01 3.9314692297e-01 3.9381814967e-01 4.8173916978e-04 5.1865351270e-04 5.2993503050e-04 4.7625793953e-04 5.0246772298e-04 5.0999473024e-04 0 0
869 6.9308676590e-01 6.9898153789e-01 6.9898153789e-01 7.0968131812e-01 7.1261194347e-01 3.9163659226e-01 3.9782571897e-01 3.9782571897e-01 3.9265255383e-01 3.9333027372e-01 4.8139177759e-04 5.0673712394e-04 5.4870318854e-04 4.7153615634e-04 4.9494170526e-04 5.1404615806e-04 0 0
870 6.9049881603e-01 6.9678266880e-01 6.9678266880e-01 7.0777473296e-01 7.1093861873e-01 3.9116714540e-01 3.9733640843e-01 3.9733640843e-01 3.9216165009e-01 3.9283904771e-01 4.9177200943e-04 5.0013078726e-04 5.3649079928e-04 4.7161904787e-04 4.8944713490e-04 5.0858534814e-04 0 0
871 6.9191287385e-01 6.9388485191e-01 6.9388485191e-01 6.9722586072e-01 7.0901402235e-01 3.9069810439e-01 3.9684474772e-01 3.9684474772e-01 3.9167566313e-01 3.9235024376e-01 5.1957985227e-04 5.0528311112e-04 5.2791180497e-04 4.8278132290e-04 4.8942779540e-04 5.0202046987e-04 0 0
872 6.9217211432e-01 6.9290352464e-01 6.9290352464e-01 6.9188648992e-01 7.0357215756e-01 3.9021783152e-01 3.9635215442e-01 3.9635215442e-01 3.9119873725e-01 3.9186162268e-01 5.1536978776e-04 4.9352992210e-04 5.2663136739e-04 4.8518194429e-04 4.7803777852e-04 5.0070660654e-04 0 0
873 6.9334980000e-01 6.9135366121e-01 6.9135366121e-01 6.9193559254e-01 7.0108182536e-01 3.8973738062e-01 3.9586960248e-01 3.9586960248e-01 3.9072214718e-01 3.9137179198e-01 5.0666785748e-04 4.8320078349e-04 5.0141963584e-04 4.8040981488e-04 4.7143745905e-04 4.8874143977e-04 0 0
874 6.9759279404e-01 6.8456963772e-01 6.8456963772e-01 6.9240256363e-01 6.9119024809e-01 3.8924747228e-01 3.9538799960e-01 3.9538799960e-01 3.9024360720e-01 3.9088776346e-01 4.7729449121e-04 4.8791212612e-04 5.0177030789e-04 4.6972065536e-04 4.7330070083e-04 4.8530675849e-04 0 0
875 6.9910337388e-01 6.7535214775e-01 6.7535214775e-01 6.9403509471e-01 6.8930632052e-01 3.8874930484e-01 3.9491780323e-01 3.9491780323e-01 3.8975653159e-01 3.9041495736e-01 4.7189853632e-04 4.8405193229e-04 4.9532648700e-04 4.7068567034e-04 4.7399999312e-04 4.7577723308e-04 0 0
876 7.0251289631e-01 6.7774347744e-01 6.7774347744e-01 6.9395436158e-01 6.9395004016e-01 3.8824448663e-01 3.9445339449e-01 3.9445339449e-01 3.8927130879e-01 3.8994019143e-01 4.6387709190e-04 4.9680318625e-04 4.9022062740e-04 4.7010302998e-04 4.7820494365e-04 4.7285409528e-04 0 0
877 7.0277561475e-01 6.7863068689e-01 6.7863068689e-01 6.9512020356e-01 6.9361231582e-01 3.8773892229e-01 3.9398572612e-01 3.9398572612e-01 3.8878710745e-01 3.8945736233e-01 4.6422062923e-04 4.9714519992e-04 4.9073551781e-04 4.7041308378e-04 4.7694052046e-04 4.7519479995e-04 0 0
878 6.9971317295e-01 6.8112175986e-01 6.8112175986e-01 6.9894558616e-01 6.9723965359e-01 3.8724212041e-01 3.9351364928e-01 3.9351364928e-01 3.8829720989e-01 3.8896587908e-01 4.7642391083e-04 4.8495764349e-04 4.7804143105e-04 4.7215628446e-04 4.7317595454e-04 4.7205321607e-04 0 0
879 7.0124931688e-01 6.7989026257e-01 6.7989026257e-01 7.0031026671e-01 6.9340630896e-01 3.8674056675e-01 3.9303354904e-01 3.9303354904e-01 3.8779819974e-01 3.8847524885e-01 4.6005017556e-04 4.8837835493e-04 4.8436146608e-04 4.6497988406e-04 4.7931733570e-04 4.7377792362e-04 0 0
880 7.0589755187e-01 6.7929065563e-01 6.7929065563e-01 7.0230798938e-01 6.9738987609e-01 3.8623058999e-01 3.9255439063e-01 3.9255439063e-01 3.8729747336e-01 3.8798539376e-01 4.6442008913e-04 4.8110231000e-04 4.8046412849e-04 4.6919431404e-04 4.7643647122e-04 4.7041210200e-04 0 0
881 7.0020659228e-01 6.8611210836e-01 6.8611210836e-01 6.9569316768e-01 6.9961273026e-01 3.8572039081e-01 3.9206994611e-01 3.9206994611e-01 3.8679679299e-01 3.8748694629e-01 4.7604126464e-04 4.8510496708e-04 4.7267980699e-04 4.7421779322e-04 4.7823627392e-04 4.7051922593e-04 0 0
882 7.0163234109e-01 6.8776940356e-01 6.8776940356e-01 6.9756249645e-01 6.9906233258e-01 3.8521164358e-01 3.9157490970e-01 3.9157490970e-01 3.8630300270e-01 3.8698253540e-01 4.6412913582e-04 4.8142674495e-04 4.7450704005e-04 4.6695140095e-04 4.7258259292e-04 4.7423668002e-04 0 0
883 7.0053931137e-01 6.8639914200e-01 6.8639914200e-01 6.9919822173e-01 6.9852822320e-01 3.8470058988e-01 3.9107474768e-01 3.9107474768e-01 3.8580797941e-01 3.8648334989e-01 4.6870435625e-04 4.8951078497e-04 4.8548753693e-04 4.6970299499e-04 4.7540605010e-04 4.7696114052e-04 0 0
884 7.0242507140e-01 6.8690486638e-01 6.8690486638e-01 6.9764135025e-01 6.9170816478e-01 3.8419068338e-01 3.9057791419e-01 3.9057791419e-01 3.8530359682e-01 3.8598447982e-01 4.6719539110e-04 5.0055175961e-04 4.8596680426e-04 4.6819871426e-04 4.8378085194e-04 4.7695085959e-04 0 0
885 7.0407191459e-01 6.8174410584e-01 6.8174410584e-01 6.9236465479e-01 6.9365744698e-01 3.8368323562e-01 3.9008662466e-01 3.9008662466e-01 3.8480592489e-01 3.8549317262e-01 4.7241852469e-04 5.0864006334e-04 4.9002365267e-04 4.6955075798e-04 4.8350293946e-04 4.7425328376e-04 0 0
886 7.0025459903e-01 6.8673323007e-01 6.8673323007e-01 6.9533083388e-01 6.9662417631e-01 3.8317759719e-01 3.8959366888e-01 3.8959366888e-01 3.8430853611e-01 3.8499202375e-01 4.7717594576e-04 5.0731623196e-04 4.8873006017e-04 4.7097169889e-04 4.8199947196e-04 4.7682607692e-04 0 0
887 7.1077112937e-01 6.8604304082e-01 6.8604304082e-01 6.9564104756e-01 6.9677174064e-01 3.8265751220e-01 3.8909708520e-01 3.8909708520e-01 3.8380577677e-01 3.8448536921e-01 4.6103482678e-04 5.0037178153e-04 4.9590029812e-04 4.6888335193e-04 4.8123646411e-04 4.8157980927e-04 0 0
888 7.1155583730e-01 6.7903695818e-01 6.7903695818e-01 6.9410452091e-01 6.9266928327e-01 3.8212851464e-01 3.8860522879e-01 3.8860522879e-01 3.8330293055e-01 3.8398144232e-01 4.8095155552e-04 4.9610155111e-04 4.9599926569e-04 4.8188319767e-04 4.7912105219e-04 4.7918764176e-04 0 0
889 7.0612018760e-01 6.7826031332e-01 6.7826031332e-01 6.9960074140e-01 6.9619917724e-01 3.8159367648e-01 3.8812079093e-01 3.8812079093e-01 3.8279663425e-01 3.8347520403e-01 4.7805674481e-04 4.8387452262e-04 4.8105397582e-04 4.8212121917e-04 4.7420660849e-04 4.7276692931e-04 0 0
890 6.9846524619e-01 6.8063844827e-01 6.8063844827e-01 6.9970714439e-01 6.9670688992e-01 3.8106158578e-01 3.8763186561e-01 3.8763186561e-01 3.8229245484e-01 3.8296475174e-01 4.7050447264e-04 4.9336426309e-04 4.8173349205e-04 4.7629557604e-04 4.7776764404e-04 4.7514190373e-04 0 0
891 7.0142267834e-01 6.8080181550e-01 6.8080181550e-01 7.0546150352e-01 6.9543330209e-01 3.8053560910e-01 3.8714123928e-01 3.8714123928e-01 3.8177232056e-01 3.8245098352e-01 4.5648165286e-04 4.8386273556e-04 4.6702876716e-04 4.6586234009e-04 4.8005440476e-04 4.6889825171e-04 0 0
892 7.0078262783e-01 6.8246204976e-01 6.8246204976e-01 7.0721056282e-01 7.0148255789e-01 3.8001441223e-01 3.8664402105e-01 3.8664402105e-01 3.8124260484e-01 3.8193697578e-01 4.6736639652e-04 4.9546871742e-04 4.6209395805e-04 4.6909634867e-04 4.8884714488e-04 4.6633285092e-04 0 0
893 6.9528977075e-01 6.8871278430e-01 6.8871278430e-01 7.0020365477e-01 7.0229657432e-01 3.7949189190e-01 3.8614201266e-01 3.8614201266e-01 3.8071997217e-01 3.8141759518e-01 4.6298396624e-04 5.0853283028e-04 4.6818385454e-04 4.6762684802e-04 4.9100638716e-04 4.7132915643e-04 0 0
894 6.8972132247e-01 6.9356282433e-01 6.9356282433e-01 6.9209473216e-01 7.0917887424e-01 3.7897409626e-01 3.8563424097e-01 3.8563424097e-01 3.8019824563e-01 3.8088731266e-01 4.5314371847e-04 4.9798573309e-04 4.7000368795e-04 4.6058282889e-04 4.8476768279e-04 4.7636761155e-04 0 0
895 6.8871393363e-01 6.9315547900e-01 6.9315547900e-01 6.9577782978e-01 7.0393507572e-01 3.7846616482e-01 3.8511126124e-01 3.8511126124e-01 3.7968449830e-01 3.8035893698e-01 4.5174643250e-04 4.9165297241e-04 5.0285570615e-04 4.5503218071e-04 4.7741711023e-04 4.9105724611e-04 0 0
896 6.8710993909e-01 6.8552937716e-01 6.8552937716e-01 6.9614821744e-01 6.9788211795e-01 3.7795725465e-01 3.8459539337e-01 3.8459539337e-01 3.7916801607e-01 3.7983917887e-01 4.5198743354e-04 4.8863161646e-04 5.0614173233e-04 4.5540733642e-04 4.7731304221e-04 4.8724858061e-04 0 0
897 6.9063517212e-01 6.7960749627e-01 6.7960749627e-01 6.9514164540e-01 6.9295528215e-01 3.7744785919e-01 3.8408311370e-01 3.8408311370e-01 3.7865739368e-01 3.7932705946e-01 4.4858529931e-04 4.9201778893e-04 5.1087360771e-04 4.5378411522e-04 4.7625083243e-04 4.8527844774e-04 0 0
898 6.8147615700e-01 6.7901505717e-01 6.7901505717e-01 6.8781509683e-01 6.9371231123e-01 3.7694117663e-01 3.8357706547e-01 3.8357706547e-01 3.7814818799e-01 3.7881980398e-01 4.6682285004e-04 4.8154603428e-04 5.1002301916e-04 4.6106477770e-04 4.7049101704e-04 4.8274230357e-04 0 0
899 6.7959058982e-01 6.8022557588e-01 6.8022557588e-01 6.8590025611e-01 6.9592875994e-01 3.7644629115e-01 3.8307436418e-01 3.8307436418e-01 3.7764225518e-01 3.7830950036e-01 4.6642698904e-04 4.6407322225e-04 5.0367125368e-04 4.5499651777e-04 4.6033160470e-04 4.8090313066e-04 0 0
900 6.8123719413e-01 6.7811147439e-01 6.7811147439e-01 6.9015484375e-01 6.8856515382e-01 3.7595712661e-01 3.8257088038e-01 3.8257088038e-01 3.7713246235e-01 3.7780261779e-01 4.8607431533e-04 4.5421938557e-04 5.0303016906e-04 4.6150368264e-04 4.5656795555e-04 4.7903420636e-04 0 0
901 6.7771510607e-01 6.7386189252e-01 6.7386189252e-01 6.8927589035e-01 6.8686326029e-01 3.7546966208e-01 3.8207679431e-01 3.8207679431e-01 3.7661927995e-01 3.7729792270e-01 5.0288027597e-04 4.5396877977e-04 4.7779928718e-04 4.6791531496e-04 4.5767534903e-04 4.6608338016e-04 0 0
902 6.7685738317e-01 6.7023654143e-01 6.7023654143e-01 6.8591544169e-01 6.8666232754e-01 3.7497727298e-01 3.8158341785e-01 3.8158341785e-01 3.7610590275e-01 3.7680069403e-01 4.8114964833e-04 4.4951582095e-04 4.8274000437e-04 4.5930689644e-04 4.5539152052e-04 4.6450402442e-04 0 0
903 6.7965348631e-01 6.7718879661e-01 6.7718879661e-01 6.8507842282e-01 6.8654169544e-01 3.7448038336e-01 3.8109575592e-01 3.8109575592e-01 3.7560168280e-01 3.7629574309e-01 4.6657903974e-04 4.5118532580e-04 4.7424656805e-04 4.5415525519e-04 4.5140015573e-04 4.6356771054e-04 0 0
904 6.8709536288e-01 6.7161550612e-01 6.7161550612e-01 6.8627313715e-01 6.8625349595e-01 3.7397659147e-01 3.8060477725e-01 3.8060477725e-01 3.7509755130e-01 3.7578942063e-01 4.4062385494e-04 4.5091663196e-04 4.7230427299e-04 4.4435390926e-04 4.5063575817e-04 4.6304305579e-04 0 0
905 6.8587914480e-01 6.7044578508e-01 6.7044578508e-01 6.7773455914e-01 6.8229873334e-01 3.7346613278e-01 3.8011533635e-01 3.8011533635e-01 3.7459276937e-01 3.7528664072e-01 4.4570935352e-04 4.6231182932e-04 4.7255337267e-04 4.4980891599e-04 4.5624427730e-04 4.6102829219e-04 0 0
906 6.8010186972e-01 6.6524494586e-01 6.6524494586e-01 6.8138493631e-01 6.8003050875e-01 3.7295903936e-01 3.7963105757e-01 3.7963105757e-01 3.7409002950e-01 3.7478940856e-01 4.4592223605e-04 4.4561631512e-04 4.7075837210e-04 4.4819859765e-04 4.4641649583e-04 4.5723382209e-04 0 0
907 6.7201736558e-01 6.6692998772e-01 6.6692998772e-01 6.8045209761e-01 6.8164326468e-01 3.7245919332e-01 3.7914698158e-01 3.7914698158e-01 3.7358956581e-01 3.7428828851e-01 4.3298550582e-04 4.5626530482e-04 4.6275299246e-04 4.3841361623e-04 4.5030689944e-04 4.5444357238e-04 0 0
908 6.7014488929e-01 6.6684347033e-01 6.6684347033e-01 6.8540197727e-01 6.7577439233e-01 3.7197210363e-01 3.7865396015e-01 3.7865396015e-01 3.7308433152e-01 3.7378833213e-01 4.2952702392e-04 4.4976255595e-04 4.7214860388e-04 4.3091017648e-04 4.4918357162e-04 4.5780618530e-04 0 0
909 6.6730622851e-01 6.6439084182e-01 6.6439084182e-01 6.8300201009e-01 6.7941432566e-01 3.7148492808e-01 3.7816429217e-01 3.7816429217e-01 3.7257773060e-01 3.7329808836e-01 4.2586496479e-04 4.5507575851e-04 4.7354913113e-04 4.2879602765e-04 4.5264256187e-04 4.5383588440e-04 0 0
910 6.6177266400e-01 6.6881870826e-01 6.6881870826e-01 6.7390542485e-01 6.8028022966e-01 3.7099756011e-01 3.7767542739e-01 3.7767542739e-01 3.7208721611e-01 3.7280425438e-01 4.1978996775e-04 4.8328747653e-04 4.8065326700e-04 4.2547741538e-04 4.5877924276e-04 4.5857862278e-04 0 0
911 6.6439668857e-01 6.7012728108e-01 6.7012728108e-01 6.6637786540e-01 6.8525335082e-01 3.7051617984e-01 3.7718239106e-01 3.7718239106e-01 3.7160340731e-01 3.7230768011e-01 4.2063058619e-04 4.7135054774e-04 4.7790985991e-04 4.2246804258e-04 4.4953908218e-04 4.5824895642e-04 0 0
912 6.6279397671e-01 6.7343335958e-01 6.7343335958e-01 6.6533786234e-01 6.7970790915e-01 3.7003874387e-01 3.7668391276e-01 3.7668391276e-01 3.7112942972e-01 3.7180511772e-01 4.3604237515e-04 4.6906257194e-04 4.7327017819e-04 4.2738600290e-04 4.4387416710e-04 4.5913317445e-04 0 0
913 6.5768051536e-01 6.6211547399e-01 6.6211547399e-01 6.6570110390e-01 6.7000385956e-01 3.6956967813e-01 3.7618759488e-01 3.7618759488e-01 3.7065818445e-01 3.7131420994e-01 4.5580474907e-04 4.6764349827e-04 4.7738918511e-04 4.3250598027e-04 4.4168244494e-04 4.5565139590e-04 0 0
914 6.4888692921e-01 6.5603104981e-01 6.5603104981e-01 6.6140865984e-01 6.6489379545e-01 3.6910362324e-01 3.7570543531e-01 3.7570543531e-01 3.7018663436e-01 3.7082928835e-01 4.5236039376e-04 4.7157446534e-04 4.5888953173e-04 4.2921563950e-04 4.4307662756e-04 4.4340335444e-04 0 0
915 6.4624609158e-01 6.5060975562e-01 6.5060975562e-01 6.6105517153e-01 6.6543853626e-01 3.6864990476e-01 3.7522789932e-01 3.7522789932e-01 3.6971276146e-01 3.7034746951e-01 4.5822923224e-04 4.5753196900e-04 4.4667244219e-04 4.2564441182e-04 4.3686774006e-04 4.3590507994e-04 0 0
916 6.4581620890e-01 6.4846151376e-01 6.4846151376e-01 6.6072970939e-01 6.6632961747e-01 3.6819587093e-01 3.7475275797e-01 3.7475275797e-01 3.6923212660e-01 3.6987250590e-01 4.5527554475e-04 4.3891348469e-04 4.5222035260e-04 4.2326240780e-04 4.3005059706e-04 4.3530963740e-04 0 0
917 6.4272246124e-01 6.4910954958e-01 6.4910954958e-01 6.6098236277e-01 6.6049368406e-01 3.6773792946e-01 3.7428261625e-01 3.7428261625e-01 3.6875361640e-01 3.6939286041e-01 4.2924488907e-04 4.3835726683e-04 4.5131137449e-04 4.1203325908e-04 4.2802256212e-04 4.3648348219e-04 0 0
918 6.4753504828e-01 6.4442519269e-01 6.4442519269e-01 6.5489703879e-01 6.6262571912e-01 3.6727132551e-01 3.7381745693e-01 3.7381745693e-01 3.6827909922e-01 3.6891895821e-01 4.0574297735e-04 4.3085834477e-04 4.4521220843e-04 4.0419928352e-04 4.2213591223e-04 4.3004022154e-04 0 0
919 6.4404176756e-01 6.4611289424e-01 6.4611289424e-01 6.4882802980e-01 6.5949571593e-01 3.6680430552e-01 3.7334964685e-01 3.7334964685e-01 3.6780903246e-01 3.6844804466e-01 4.0637544193e-04 4.2057233077e-04 4.6091795230e-04 4.0394302579e-04 4.1462280205e-04 4.3534088036e-04 0 0
920 6.3732658024e-01 6.4426576175e-01 6.4426576175e-01 6.4671927331e-01 6.5399183735e-01 3.6634210285e-01 3.7288425129e-01 3.7288425129e-01 3.6734854599e-01 3.6797820742e-01 4.0225269444e-04 4.2348228453e-04 4.6159068734e-04 3.9949610587e-04 4.1101346142e-04 4.3456529238e-04 0 0
921 6.2922381815e-01 6.3950256548e-01 6.3950256548e-01 6.4213346181e-01 6.5022381370e-01 3.6589150527e-01 3.7241894802e-01 3.7241894802e-01 3.6688704372e-01 3.6751513316e-01 4.1143118487e-04 4.2237347225e-04 4.5343912643e-04 3.9917791698e-04 4.0994274605e-04 4.2698231846e-04 0 0
922 6.2593090547e-01 6.3523246618e-01 6.3523246618e-01 6.4264631199e-01 6.4345572352e-01 3.6545201322e-01 3.7195416541e-01 3.7195416541e-01 3.6642498194e-01 3.6705365128e-01 4.2546738516e-04 4.1820339538e-04 4.4477819029e-04 4.0026970173e-04 4.0757699026e-04 4.2161501187e-04 0 0
923 6.2609058822e-01 6.3261509395e-01 6.3261509395e-01 6.3873545304e-01 6.4301368625e-01 3.6501158845e-01 3.7149581261e-01 3.7149581261e-01 3.6596171038e-01 3.6659159138e-01 4.2017494325e-04 4.2315573228e-04 4.2484104051e-04 3.9750829282e-04 4.1057595809e-04 4.1174620856e-04 0 0
924 6.2477902997e-01 6.3216574314e-01 6.3216574314e-01 6.3427601492e-01 6.4803503082e-01 3.6457195678e-01 3.7103945202e-01 3.7103945202e-01 3.6550584621e-01 3.6612662748e-01 4.1917933157e-04 4.1789953684e-04 4.1088094440e-04 3.9630863716e-04 4.0441682359e-04 4.0521035407e-04 0 0
925 6.2394923690e-01 6.3094912620e-01 6.3094912620e-01 6.3142156205e-01 6.4675299604e-01 3.6412855494e-01 3.7058176533e-01 3.7058176533e-01 3.6505240736e-01 3.6565918246e-01 3.9878190758e-04 4.1463758680e-04 4.0943991917e-04 3.8734729149e-04 4.0124679799e-04 4.0490027459e-04 0 0
926 6.2246589175e-01 6.2697760513e-01 6.2697760513e-01 6.3319193979e-01 6.4485649659e-01 3.6368674033e-01 3.7012743118e-01 3.7012743118e-01 3.6460421989e-01 3.6519325486e-01 3.8358438033e-04 4.0899247688e-04 4.0988137334e-04 3.7867808785e-04 3.9609787200e-04 4.0450617962e-04 0 0
927 6.2242559396e-01 6.1985458461e-01 6.1985458461e-01 6.3056895714e-01 6.3575932411e-01 3.6324311590e-01 3.6967926277e-01 3.6967926277e-01 3.6415262567e-01 3.6473461810e-01 3.7120566237e-04 3.9287228719e-04 4.0999632620e-04 3.7246727018e-04 3.8922840758e-04 4.0124252700e-04 0 0
928 6.1967728721e-01 6.1666698477e-01 6.1666698477e-01 6.2806407297e-01 6.3265646229e-01 3.6279465877e-01 3.6923747336e-01 3.6923747336e-01 3.6369835345e-01 3.6427881974e-01 3.6421837934e-04 3.8348587987e-04 3.9755568287e-04 3.6951339454e-04 3.8470618165e-04 3.9341703086e-04 0 0
929 6.1950866528e-01 6.1367330958e-01 6.1367330958e-01 6.2664406726e-01 6.3116418337e-01 3.6234547773e-01 3.6879311429e-01 3.6879311429e-01 3.6325132648e-01 3.6383369219e-01 3.5661879866e-04 3.8177747774e-04 4.1094832704e-04 3.6531359946e-04 3.8005715032e-04 3.9483309229e-04 0 0
930 6.1890693973e-01 6.1883982864e-01 6.1883982864e-01 6.2395720959e-01 6.2740045852e-01 3.6190170220e-01 3.6835520121e-01 3.6835520121e-01 3.6280646528e-01 3.6339057962e-01 3.6403269738e-04 3.7773054646e-04 4.0796900430e-04 3.6633046260e-04 3.7664279807e-04 3.9206807560e-04 0 0
931 6.0800423087e-01 6.1148437356e-01 6.1148437356e-01 6.2243494489e-01 6.2223990268e-01 3.6145988128e-01 3.6791458814e-01 3.6791458814e-01 3.6235995905e-01 3.6295439827e-01 3.6391014708e-04 3.6871425982e-04 4.2177729483e-04 3.6482415238e-04 3.7182151573e-04 3.9491571079e-04 0 0
932 6.0603627255e-01 6.0877570002e-01 6.0877570002e-01 6.2343814427e-01 6.2147756929e-01 3.6102576464e-01 3.6747619590e-01 3.6747619590e-01 3.6190943600e-01 3.6252400913e-01 3.5045404057e-04 3.6179286690e-04 4.2828181904e-04 3.5441331157e-04 3.6873632780e-04 3.9425493014e-04 0 0
933 6.0914881363e-01 6.1028774080e-01 6.1028774080e-01 6.2283562275e-01 6.2002842486e-01 3.6059064576e-01 3.6704198798e-01 3.6704198798e-01 3.6146526135e-01 3.6208918216e-01 3.5629443216e-04 3.6932371586e-04 4.0923174674e-04 3.5670148401e-04 3.6925010500e-04 3.8656023389e-04 0 0
934 6.0767023308e-01 6.0729032116e-01 6.0729032116e-01 6.1801808639e-01 6.1975846465e-01 3.6015717276e-01 3.6660808441e-01 3.6660808441e-01 3.6102094829e-01 3.6164915940e-01 3.6958174529e-04 3.7180633808e-04 3.8833451254e-04 3.6218329482e-04 3.6999100848e-04 3.7829334906e-04 0 0
935 6.0406343676e-01 6.0653988013e-01 6.0653988013e-01 6.1130386676e-01 6.2358227509e-01 3.5972952682e-01 3.6617285535e-01 3.6617285535e-01 3.6058070326e-01 3.6120606777e-01 3.7699505517e-04 3.6261000059e-04 3.7794204400e-04 3.6366974885e-04 3.6316960177e-04 3.7332712964e-04 0 0
936 6.0422835960e-01 6.0679260237e-01 6.0679260237e-01 6.1077499960e-01 6.2009998658e-01 3.5930758694e-01 3.6573586941e-01 3.6573586941e-01 3.6014789624e-01 3.6076195395e-01 3.8796896205e-04 3.5881179065e-04 3.7847382191e-04 3.6624968548e-04 3.5773636046e-04 3.7292149500e-04 0 0
937 6.0513007161e-01 6.0393410898e-01 6.0393410898e-01 6.1339172960e-01 6.1644063952e-01 3.5888720846e-01 3.6530603465e-01 3.6530603465e-01 3.5971137606e-01 3.6032002752e-01 4.0460856181e-04 3.5907312122e-04 3.7159743806e-04 3.7346600825e-04 3.5849098640e-04 3.6828139127e-04 0 0
938 6.0275055172e-01 5.9742188689e-01 5.9742188689e-01 6.0928804590e-01 6.0919883211e-01 3.5846286733e-01 3.6488188417e-01 3.6488188417e-01 3.5927132413e-01 3.5988295394e-01 3.8471289963e-04 3.6559506407e-04 3.7025278289e-04 3.6664065016e-04 3.6276405444e-04 3.6518890556e-04 0 0
939 5.9692478241e-01 5.8962493273e-01 5.8962493273e-01 6.0878325580e-01 6.0701169488e-01 3.5804468928e-01 3.6446623643e-01 3.6446623643e-01 3.5883730484e-01 3.5944925365e-01 3.7506872965e-04 3.6367368739e-04 3.5944116826e-04 3.5963615706e-04 3.5957670480e-04 3.5768913222e-04 0 0
940 5.9711478295e-01 5.9131650660e-01 5.9131650660e-01 6.0452498284e-01 6.1336491555e-01 3.5762835079e-01 3.6405008214e-01 3.6405008214e-01 3.5840718646e-01 3.5901213726e-01 3.6337762137e-04 3.7524007348e-04 3.5807540553e-04 3.5257430358e-04 3.6364408879e-04 3.5781502083e-04 0 0
941 5.9372373096e-01 5.9609162217e-01 5.9609162217e-01 6.0619314759e-01 6.1256495029e-01 3.5721029257e-01 3.6363026501e-01 3.6363026501e-01 3.5798288215e-01 3.5857192372e-01 3.6308727461e-04 3.8730621600e-04 3.6353385076e-04 3.5178068417e-04 3.6726050166e-04 3.6140343582e-04 0 0
942 5.9122432340e-01 5.9476918035e-01 5.9476918035e-01 6.0244224209e-01 6.0982725130e-01 3.5679544916e-01 3.6320795098e-01 3.6320795098e-01 3.5756612554e-01 3.5813569986e-01 3.7094446700e-04 4.0053374687e-04 3.6588694638e-04 3.5288532087e-04 3.7056014116e-04 3.6088998604e-04 0 0
943 5.8751733474e-01 5.9608057290e-01 5.9608057290e-01 5.9580582843e-01 6.0766794366e-01 3.5638175350e-01 3.6278477766e-01 3.6278477766e-01 3.5714734067e-01 3.5769429182e-01 3.7395614102e-04 3.8102202961e-04 3.5222517909e-04 3.5304140390e-04 3.6218090827e-04 3.5652654333e-04 0 0
944 5.8712403802e-01 5.9325827766e-01 5.9325827766e-01 6.0039963042e-01 6.0987080523e-01 3.5596495094e-01 3.6235506989e-01 3.6235506989e-01 3.5673109381e-01 3.5725601182e-01 3.6236476672e-04 3.6556964915e-04 3.5336746078e-04 3.4760018548e-04 3.5327222577e-04 3.5623826261e-04 0 0
945 5.8520360439e-01 5.9518009425e-01 5.9518009425e-01 6.0033804422e-01 6.0520975203e-01 3.5554830227e-01 3.6192876721e-01 3.6192876721e-01 3.5630829826e-01 3.5682366084e-01 3.5073460440e-04 3.5897806811e-04 3.5553726775e-04 3.4057060610e-04 3.5151671182e-04 3.5497488716e-04 0 0
946 5.8087484934e-01 5.8798845561e-01 5.8798845561e-01 5.9454605733e-01 5.9796082459e-01 3.5512791525e-01 3.6150982278e-01 3.6150982278e-01 3.5588258618e-01 3.5639638007e-01 3.3408819217e-04 3.5500892409e-04 3.5034675238e-04 3.3377210465e-04 3.4888368828e-04 3.5024087992e-04 0 0
947 5.8718071959e-01 5.8166981682e-01 5.8166981682e-01 5.9254142142e-01 6.0038641120e-01 3.5470697632e-01 3.6109523600e-01 3.6109523600e-01 3.5545931715e-01 3.5596996408e-01 3.1924059227e-04 3.4923647036e-04 3.4024749766e-04 3.2659915548e-04 3.4428956860e-04 3.4425918420e-04 0 0
948 5.9625358572e-01 5.8400767098e-01 5.8400767098e-01 5.8714186870e-01 6.0399015067e-01 3.5428731630e-01 3.6067957144e-01 3.6067957144e-01 3.5504574740e-01 3.5554768076e-01 3.2854372349e-04 3.6118595744e-04 3.5043031676e-04 3.3072635321e-04 3.4537675674e-04 3.4617803612e-04 0 0
949 5.9479507757e-01 5.8392415326e-01 5.8392415326e-01 5.8181227495e-01 5.9397084276e-01 3.5386066181e-01 3.6026692846e-01 3.6026692846e-01 3.5463626374e-01 3.5512656465e-01 3.3579666224e-04 3.6676373566e-04 3.6664237268e-04 3.3739543597e-04 3.4504200448e-04 3.5208289046e-04 0 0
950 5.8990875016e-01 5.7671999964e-01 5.7671999964e-01 5.8353234821e-01 5.8864377657e-01 3.5343621814e-01 3.5985958541e-01 3.5985958541e-01 3.5423076699e-01 3.5470639910e-01 3.3503129475e-04 3.6654409632e-04 3.5610530904e-04 3.3601051268e-04 3.4287697781e-04 3.4545094968e-04 0 0
951 5.8887495088e-01 5.7364594831e-01 5.7364594831e-01 5.8647078088e-01 5.8311546393e-01 3.5301501783e-01 3.5945039660e-01 3.5945039660e-01 3.5382412233e-01 3.5429155559e-01 3.3144589298e-04 3.6743909732e-04 3.6165658821e-04 3.3234281268e-04 3.4410033550e-04 3.4514137951e-04 0 0
952 5.8814930186e-01 5.7277711267e-01 5.7277711267e-01 5.9276402637e-01 5.8249722620e-01 3.5259542985e-01 3.5904718516e-01 3.5904718516e-01 3.5340695435e-01 3.5388317507e-01 3.3327935580e-04 3.5178180406e-04 3.6246507807e-04 3.3220763887e-04 3.4126117680e-04 3.4233833867e-04 0 0
953 5.9158203139e-01 5.7109149875e-01 5.7109149875e-01 5.9508770124e-01 5.8314552949e-01 3.5217469272e-01 3.5864174381e-01 3.5864174381e-01 3.5298351647e-01 3.5347482546e-01 3.3143855217e-04 3.4728527680e-04 3.6258623004e-04 3.3118206745e-04 3.4169726132e-04 3.4178290662e-04 0 0
954 5.8831130070e-01 5.7118544984e-01 5.7118544984e-01 5.9131562302e-01 5.8844420043e-01 3.5174764853e-01 3.5823099770e-01 3.5823099770e-01 3.5256204796e-01 3.5305990573e-01 3.3677821606e-04 3.4994992893e-04 3.5229105561e-04 3.3577899538e-04 3.4177600173e-04 3.3946883923e-04 0 0
955 5.8681332331e-01 5.7702798119e-01 5.7702798119e-01 5.8778459600e-01 5.9294266461e-01 3.5132498614e-01 3.5781600104e-01 3.5781600104e-01 3.5213984397e-01 3.5263793130e-01 3.4461260205e-04 3.3681354398e-04 3.4197344212e-04 3.3766166612e-04 3.3522890590e-04 3.3813417394e-04 0 0
956 5.7962788042e-01 5.7958848113e-01 5.7958848113e-01 5.8705908242e-01 5.9365676160e-01 3.5091390638e-01 3.5740139415e-01 3.5740139415e-01 3.5171377089e-01 3.5221072946e-01 3.5833974764e-04 3.2346116495e-04 3.3908693877e-04 3.3938178406e-04 3.2969788299e-04 3.3883843571e-04 0 0
957 5.7843046271e-01 5.7699681080e-01 5.7699681080e-01 5.9285976309e-01 5.8606139939e-01 3.5050757936e-01 3.5698970869e-01 3.5698970869e-01 3.5129213705e-01 3.5178524848e-01 3.6030484294e-04 3.3392376645e-04 3.3924861782e-04 3.3826252337e-04 3.3231853740e-04 3.3740644722e-04 0 0
958 5.7930328941e-01 5.7077715509e-01 5.7077715509e-01 5.8888272602e-01 5.8611846513e-01 3.5010068852e-01 3.5658310402e-01 3.5658310402e-01 3.5086762550e-01 3.5136008698e-01 3.5279367296e-04 3.4721307748e-04 3.2597941026e-04 3.3513087032e-04 3.3972707752e-04 3.3041412098e-04 0 0
959 5.8190291160e-01 5.7082247469e-01 5.7082247469e-01 5.8543150193e-01 5.8987902542e-01 3.4969042977e-01 3.5617493891e-01 3.5617493891e-01 3.5044921642e-01 3.5093458300e-01 3.4833252703e-04 3.5976050276e-04 3.2353682036e-04 3.3456694462e-04 3.4327519825e-04 3.2883804670e-04 0 0
960 5.8116252591e-01 5.7336637591e-01 5.7336637591e-01 5.7886661665e-01 5.9017377583e-01 3.4927444414e-01 3.5576531147e-01 3.5576531147e-01 3.5003806474e-01 3.5050915891e-01 3.4082311316e-04 3.6501308205e-04 3.3434798388e-04 3.3309080901e-04 3.4228288860e-04 3.3354292827e-04 0 0
961 5.8033216367e-01 5.7421669992e-01 5.7421669992e-01 5.7840885945e-01 5.8829799903e-01 3.4886017417e-01 3.5535355927e-01 3.5535355927e-01 3.4962564256e-01 3.5007878931e-01 3.3453880425e-04 3.5187266622e-04 3.3580121089e-04 3.2854548352e-04 3.3663171780e-04 3.3589260420e-04 0 0
962 5.7696213892e-01 5.7451375533e-01 5.7451375533e-01 5.8315379266e-01 5.8154605797e-01 3.4844610827e-01 3.5493544444e-01 3.5493544444e-01 3.4921450521e-01 3.4965427568e-01 3.2915389938e-04 3.4333080112e-04 3.4448819497e-04 3.2466358150e-04 3.3227956010e-04 3.3759447251e-04 0 0
963 5.7468133718e-01 5.6999558305e-01 5.6999558305e-01 5.8318775282e-01 5.8061731691e-01 3.4802702451e-01 3.5452329695e-01 3.5452329695e-01 3.4880022268e-01 3.4924502532e-01 3.1259710710e-04 3.4657705692e-04 3.5396270687e-04 3.1760565211e-04 3.3494301897e-04 3.3597987203e-04 0 0
964 5.7109054981e-01 5.6913471101e-01 5.6913471101e-01 5.8443490642e-01 5.7876969006e-01 3.4761811568e-01 3.5411458088e-01 3.5411458088e-01 3.4838244488e-01 3.4884089143e-01 3.1776107208e-04 3.3938005799e-04 3.6669164547e-04 3.1581944445e-04 3.3274719317e-04 3.3982185414e-04 0 0
965 5.6971293552e-01 5.6794012803e-01 5.6794012803e-01 5.7966346080e-01 5.8317104368e-01 3.4720744987e-01 3.5370280078e-01 3.5370280078e-01 3.4796893735e-01 3.4843301413e-01 3.1064328307e-04 3.3879477996e-04 3.5902170202e-04 3.1189029303e-04 3.3017214446e-04 3.3765058470e-04 0 0
966 5.7476057847e-01 5.6954392156e-01 5.6954392156e-01 5.7775586174e-01 5.8224165077e-01 3.4679520074e-01 3.5328836040e-01 3.5328836040e-01 3.4755516761e-01 3.4802316495e-01 3.0742878237e-04 3.3179567254e-04 3.5774314892e-04 3.1007490717e-04 3.2553763594e-04 3.3810471359e-04 0 0
967 5.7472848295e-01 5.6815481273e-01 5.6815481273e-01 5.7596159023e-01 5.7773666130e-01 3.4637798763e-01 3.5288021956e-01 3.5288021956e-01 3.4713968058e-01 3.4760812635e-01 3.1060511367e-04 3.2224863389e-04 3.4882418549e-04 3.1360729585e-04 3.2060097874e-04 3.3574992995e-04 0 0
968 5.7234260944e-01 5.6111329068e-01 5.6111329068e-01 5.7210088090e-01 5.7635540221e-01 3.4596790936e-01 3.5247702925e-01 3.5247702925e-01 3.4672870677e-01 3.4719373337e-01 3.1555656206e-04 3.2141542761e-04 3.3566240018e-04 3.1379292048e-04 3.1790331559e-04 3.2800847839e-04 0 0
969 5.6681282622e-01 5.5980010582e-01 5.5980010582e-01 5.7367651828e-01 5.7335247493e-01 3.4556312403e-01 3.5207827825e-01 3.5207827825e-01 3.4632160484e-01 3.4678541785e-01 3.1353965802e-04 3.1843956094e-04 3.3752105810e-04 3.1129025781e-04 3.1427421345e-04 3.2566976734e-04 0 0
970 5.6256965873e-01 5.5818809772e-01 5.5818809772e-01 5.7620062999e-01 5.6970899311e-01 3.4516528633e-01 3.5168464820e-01 3.5168464820e-01 3.4590739312e-01 3.4637264484e-01 3.0983715112e-04 3.1263934943e-04 3.2951818866e-04 3.0688066479e-04 3.1347808545e-04 3.2254188409e-04 0 0
971 5.6479372731e-01 5.5551968863e-01 5.5551968863e-01 5.7433719614e-01 5.6669699672e-01 3.4476518825e-01 3.5128493077e-01 3.5128493077e-01 3.4548988736e-01 3.4596364246e-01 3.0029883434e-04 3.1417543505e-04 3.2382643985e-04 3.0262587196e-04 3.1517117895e-04 3.1737345853e-04 0 0
972 5.6219747254e-01 5.5514714176e-01 5.5514714176e-01 5.6997237122e-01 5.6764778673e-01 3.4436781275e-01 3.5088596247e-01 3.5088596247e-01 3.4507361403e-01 3.4556065761e-01 3.0438724157e-04 3.1116727041e-04 3.2711331005e-04 3.0367068803e-04 3.1370275974e-04 3.1646522257e-04 0 0
973 5.6229557323e-01 5.5816022683e-01 5.5816022683e-01 5.6869725216e-01 5.6933297996e-01 3.4396764460e-01 3.5048670504e-01 3.5048670504e-01 3.4467219359e-01 3.4515089770e-01 3.0059508086e-04 3.1346456672e-04 3.2344344072e-04 3.0264367263e-04 3.0992804386e-04 3.1677872175e-04 0 0
974 5.6027171125e-01 5.5903669282e-01 5.5903669282e-01 5.6052710003e-01 5.6833738435e-01 3.4356801764e-01 3.5007687772e-01 3.5007687772e-01 3.4427063552e-01 3.4473920423e-01 2.9819453412e-04 3.1140838837e-04 3.2861591899e-04 3.0049444320e-04 3.0899343255e-04 3.1959694024e-04 0 0
975 5.5990673411e-01 5.5797318353e-01 5.5797318353e-01 5.6296047761e-01 5.6346572489e-01 3.4316515635e-01 3.4966890172e-01 3.4966890172e-01 3.4386881617e-01 3.4433302504e-01 2.9444672851e-04 2.9604880547e-04 3.2912067400e-04 2.9946181985e-04 3.0104153120e-04 3.1831475644e-04 0 0
976 5.5613121671e-01 5.5236939151e-01 5.5236939151e-01 5.6125300156e-01 5.5957360625e-01 3.4276653614e-01 3.4927013368e-01 3.4927013368e-01 3.4346682866e-01 3.4393507096e-01 2.9791859970e-04 3.0173705454e-04 3.2576148078e-04 2.9937694515e-04 3.0380937824e-04 3.1409712392e-04 0 0
977 5.4939819082e-01 5.4667967987e-01 5.4667967987e-01 5.5926209095e-01 5.5915750386e-01 3.4237620175e-01 3.4887983940e-01 3.4887983940e-01 3.4306816869e-01 3.4354261109e-01 2.9719189191e-04 3.0458367110e-04 3.2098772499e-04 2.9524385366e-04 3.0369411979e-04 3.0977435381e-04 0 0
978 5.4502001942e-01 5.4582140111e-01 5.4582140111e-01 5.5906426347e-01 5.5589714760e-01 3.4198558607e-01 3.4849213081e-01 3.4849213081e-01 3.4267131854e-01 3.4314939048e-01 2.8227777049e-04 3.0829606840e-04 3.2160121918e-04 2.8712758148e-04 3.0444772710e-04 3.1013938133e-04 0 0
979 5.4968838516e-01 5.4529075033e-01 5.4529075033e-01 5.5449475546e-01 5.5941480703e-01 3.4159479879e-01 3.4810723314e-01 3.4810723314e-01 3.4228088905e-01 3.4275110434e-01 2.7427421206e-04 3.1939674955e-04 3.0960759614e-04 2.8252593001e-04 3.0684051308e-04 3.0566813803e-04 0 0
980 5.4806922161e-01 5.4535742413e-01 5.4535742413e-01 5.4784411665e-01 5.5389126864e-01 3.4120266697e-01 3.4771986161e-01 3.4771986161e-01 3.4189473981e-01 3.4235830198e-01 2.8409978288e-04 3.3243123471e-04 3.2187511533e-04 2.8789156869e-04 3.1076265441e-04 3.0933744711e-04 0 0
981 5.3664265934e-01 5.4137774856e-01 5.4137774856e-01 5.4604110150e-01 5.5824818126e-01 3.4081340257e-01 3.4733987891e-01 3.4733987891e-01 3.4151928805e-01 3.4196671878e-01 2.8170965211e-04 3.3680417255e-04 3.1854148983e-04 2.8525292880e-04 3.0802960828e-04 3.0703827360e-04 0 0
982 5.3432728153e-01 5.4392917684e-01 5.4392917684e-01 5.4443695170e-01 5.5368527180e-01 3.4043353508e-01 3.4695303522e-01 3.4695303522e-01 3.4114154737e-01 3.4157780056e-01 2.7130018572e-04 3.1702157867e-04 3.2997628296e-04 2.7547951586e-04 2.9927946161e-04 3.1075583684e-04 0 0
983 5.3186589903e-01 5.4085891051e-01 5.4085891051e-01 5.4748461499e-01 5.4974785032e-01 3.4005602567e-01 3.4656613553e-01 3.4656613553e-01 3.4075604419e-01 3.4118762755e-01 2.6704854601e-04 2.9694348632e-04 3.2256109989e-04 2.7147121546e-04 2.9181281570e-04 3.0721299845e-04 0 0
984 5.3444821382e-01 5.3762082804e-01 5.3762082804e-01 5.4772642138e-01 5.4510768505e-01 3.3967684962e-01 3.4617849269e-01 3.4617849269e-01 3.4036369123e-01 3.4080712744e-01 2.6504626542e-04 2.8934793227e-04 3.2249232754e-04 2.7045042686e-04 2.9010647995e-04 3.0294526368e-04 0 0
985 5.3503819505e-01 5.3395293338e-01 5.3395293338e-01 5.4215711370e-01 5.4343702343e-01 3.3929966519e-01 3.4580058130e-01 3.4580058130e-01 3.3997639497e-01 3.4043019283e-01 2.6996522525e-04 2.8961204953e-04 3.1258525269e-04 2.7224360440e-04 2.8828972427e-04 2.9623868613e-04 0 0
986 5.3282120826e-01 5.3225581937e-01 5.3225581937e-01 5.3490296691e-01 5.4406373158e-01 3.3891790566e-01 3.4542170713e-01 3.4542170713e-01 3.3960015358e-01 3.4004512335e-01 2.6457802429e-04 2.8504013608e-04 2.9893600731e-04 2.7145143952e-04 2.8112539439e-04 2.9229528445e-04 0 0
987 5.3257846238e-01 5.3280188586e-01 5.3280188586e-01 5.3304297973e-01 5.4732713571e-01 3.3853464662e-01 3.4503638606e-01 3.4503638606e-01 3.3922200238e-01 3.3965879809e-01 2.6336781311e-04 2.7056290128e-04 2.9732095572e-04 2.7134387654e-04 2.7339444932e-04 2.9142248968e-04 0 0
988 5.2802154982e-01 5.3275243695e-01 5.3275243695e-01 5.3616787669e-01 5.3853833242e-01 3.3816206154e-01 3.4465316469e-01 3.4465316469e-01 3.3884151448e-01 3.3927500322e-01 2.7027092203e-04 2.6611289650e-04 3.0115119444e-04 2.7115493134e-04 2.7130543458e-04 2.9183947481e-04 0 0
989 5.1917108188e-01 5.2243084687e-01 5.2243084687e-01 5.3431657714e-01 5.3155262301e-01 3.3779745579e-01 3.4428100798e-01 3.4428100798e-01 3.3846104118e-01 3.3889929144e-01 2.7283028271e-04 2.7040344867e-04 2.8649904561e-04 2.6951828959e-04 2.7333573235e-04 2.8121296054e-04 0 0
990 5.1501904804e-01 5.1730365313e-01 5.1730365313e-01 5.3762426319e-01 5.3376229802e-01 3.3744091379e-01 3.4391515975e-01 3.4391515975e-01 3.3808009513e-01 3.3852625215e-01 2.6846504493e-04 2.6885593252e-04 2.7506585320e-04 2.6375861188e-04 2.7304348623e-04 2.7361884713e-04 0 0
991 5.1389815241e-01 5.2056423547e-01 5.2056423547e-01 5.3509923186e-01 5.3506669980e-01 3.3708272507e-01 3.4354853757e-01 3.4354853757e-01 3.3770045986e-01 3.3814801237e-01 2.6650942075e-04 2.7245470847e-04 2.7424130531e-04 2.6281150957e-04 2.7471882640e-04 2.7406915615e-04 0 0
992 5.1389130753e-01 5.1978929464e-01 5.1978929464e-01 5.2737182790e-01 5.3531304902e-01 3.3672624097e-01 3.4317860306e-01 3.4317860306e-01 3.3732336928e-01 3.3776822856e-01 2.6900978546e-04 2.7366344148e-04 2.7412963391e-04 2.6281106735e-04 2.7430897899e-04 2.7445280284e-04 0 0
993 5.1242626829e-01 5.1931184424e-01 5.1931184424e-01 5.2418335043e-01 5.3339679924e-01 3.3636951411e-01 3.4280804967e-01 3.4280804967e-01 3.3695559432e-01 3.3738734850e-01 2.7413726022e-04 2.6671636442e-04 2.7113062242e-04 2.6477655197e-04 2.6730645914e-04 2.7381633845e-04 0 0
994 5.1388449683e-01 5.1966804482e-01 5.1966804482e-01 5.1686485014e-01 5.3282137364e-01 3.3601107797e-01 3.4243858017e-01 3.4243858017e-01 3.3659742853e-01 3.3700854314e-01 2.6649250436e-04 2.7207073435e-04 2.7200117620e-04 2.6167902880e-04 2.6611697103e-04 2.7375187346e-04 0 0
995 5.1059689573e-01 5.1760944776e-01 5.1760944776e-01 5.1573442793e-01 5.2690141635e-01 3.3565697811e-01 3.4207265934e-01 3.4207265934e-01 3.3623805777e-01 3.3664007944e-01 2.6419894973e-04 2.6525077556e-04 2.8583393578e-04 2.5891691061e-04 2.6253434044e-04 2.7678473998e-04 0 0
996 5.0977018068e-01 5.1255860459e-01 5.1255860459e-01 5.1740931691e-01 5.2056270224e-01 3.3530639009e-01 3.4171697202e-01 3.4171697202e-01 3.3587800922e-01 3.3628271979e-01 2.5929501142e-04 2.6697770954e-04 2.9108068702e-04 2.5475680385e-04 2.6298483863e-04 2.7490920183e-04 0 0
997 5.0998457337e-01 5.0640624543e-01 5.0640624543e-01 5.1586297714e-01 5.1521985075e-01 3.3496033794e-01 3.4136790759e-01 3.4136790759e-01 3.3552319682e-01 3.3593068012e-01 2.6021866377e-04 2.7915378450e-04 2.8818994178e-04 2.5354970343e-04 2.6640052238e-04 2.7106013295e-04 0 0
998 5.0609711739e-01 5.0622833818e-01 5.0622833818e-01 5.1324649247e-01 5.1336997919e-01 3.3461533252e-01 3.4102312120e-01 3.4102312120e-01 3.3516645925e-01 3.3557601789e-01 2.6862256085e-04 2.7581938775e-04 2.7917416446e-04 2.5732419718e-04 2.6529754541e-04 2.6723084738e-04 0 0
999 5.0421822204e-01 5.0521025379e-01 5.0521025379e-01 5.1230823801e-01 5.1743667397e-01 3.3427481527e-01 3.4067792829e-01 3.4067792829e-01 3.3481523543e-01 3.3521705194e-01 2.7655970410e-04 2.7525245241e-04 2.6938711380e-04 2.5891356714e-04 2.6297805744e-04 2.6350673579e-04 0 0
1000 5.0312103732e-01 5.0453291967e-01 5.0453291967e-01 5.0943180459e-01 5.1695840910e-01 3.3393127205e-01 3.4032643597e-01 3.4032643597e-01 3.3446610535e-01 3.3485826498e-01 2.7339493880e-04 2.7023762232e-04 2.7584274358e-04 2.5773425955e-04 2.5961349456e-04 2.6593046641e-04 0 0
1001 5.0937971213e-01 4.9984275312e-01 4.9984275312e-01 5.1084001636e-01 5.1745752693e-01 3.3358212752e-01 3.3997454134e-01 3.3997454134e-01 3.3411900839e-01 3.3449797170e-01 2.6074240013e-04 2.6362069184e-04 2.6635335234e-04 2.5279726428e-04 2.5546609686e-04 2.6155760133e-04 0 0
1002 5.0843702723e-01 5.0081588816e-01 5.0081588816e-01 5.0907693579e-01 5.1469510933e-01 3.3322685207e-01 3.3962071218e-01 3.3962071218e-01 3.3376853293e-01 3.3414149887e-01 2.6341708071e-04 2.6391979918e-04 2.6499901287e-04 2.5545647427e-04 2.5668459421e-04 2.5954738521e-04 0 0
1003 5.0833085511e-01 5.0036226500e-01 5.0036226500e-01 5.0572147478e-01 5.0944030364e-01 3.3286842008e-01 3.3927426146e-01 3.3927426146e-01 3.3341911193e-01 3.3379072567e-01 2.5784939445e-04 2.6393740700e-04 2.6394012821e-04 2.5312256152e-04 2.5596009073e-04 2.5683108106e-04 0 0
1004 5.0662982681e-01 4.9835207694e-01 4.9835207694e-01 5.0299482016e-01 5.0892727525e-01 3.3250665272e-01 3.3893167069e-01 3.3893167069e-01 3.3307520275e-01 3.3344222680e-01 2.5147669982e-04 2.7050312929e-04 2.6061569224e-04 2.5052217663e-04 2.5660696701e-04 2.5419209123e-04 0 0
1005 5.0647555373e-01 4.9889540850e-01 4.9889540850e-01 5.0505338809e-01 5.0788732491e-01 3.3214579887e-01 3.3858467697e-01 3.3858467697e-01 3.3272632378e-01 3.3309641552e-01 2.5054356290e-04 2.6643341698e-04 2.6871258160e-04 2.4932482901e-04 2.5548139092e-04 2.5687606831e-04 0 0
1006 5.1149929178e-01 4.9760044510e-01 4.9760044510e-01 5.0917048444e-01 5.0454216391e-01 3.3177876919e-01 3.3823491837e-01 3.3823491837e-01 3.3237214897e-01 3.3274820163e-01 2.4534675160e-04 2.6739433815e-04 2.7268243866e-04 2.4850262232e-04 2.5661083055e-04 2.5927861861e-04 0 0
1007 5.0953580940e-01 4.9411199132e-01 4.9411199132e-01 5.0904983749e-01 5.0680280404e-01 3.3141420616e-01 3.3788325943e-01 3.3788325943e-01 3.3201561632e-01 3.3240466780e-01 2.5749712662e-04 2.6933237677e-04 2.7172122645e-04 2.5400212851e-04 2.5787616323e-04 2.5659635867e-04 0 0
1008 5.0619978745e-01 4.9776525576e-01 4.9776525576e-01 5.0862522563e-01 5.0763562313e-01 3.3105674004e-01 3.3753379721e-01 3.3753379721e-01 3.3166107306e-01 3.3205583721e-01 2.6438766672e-04 2.6775468723e-04 2.6955171052e-04 2.5578688654e-04 2.5598759385e-04 2.5667854061e-04 0 0
1009 5.0484922116e-01 5.0049161584e-01 5.0049161584e-01 5.0567764162e-01 5.1039542649e-01 3.3070532874e-01 3.3718246468e-01 3.3718246468e-01 3.3129855214e-01 3.3169430035e-01 2.7026729229e-04 2.5908989483e-04 2.5415881100e-04 2.5701885315e-04 2.5391215604e-04 2.5256119261e-04 0 0
1010 5.0589932403e-01 4.9899027615e-01 4.9899027615e-01 5.0902245965e-01 5.1042892338e-01 3.3035411368e-01 3.3682198378e-01 3.3682198378e-01 3.3093594398e-01 3.3133138740e-01 2.6796662276e-04 2.5426915818e-04 2.5513708533e-04 2.5603533350e-04 2.5145668769e-04 2.5268584432e-04 0 0
1011 5.0538223115e-01 4.9964024595e-01 4.9964024595e-01 5.1120695699e-01 5.0889032678e-01 3.2999737330e-01 3.3646448677e-01 3.3646448677e-01 3.3057075260e-01 3.3096885166e-01 2.5743223546e-04 2.6047063147e-04 2.5424580235e-04 2.5289438575e-04 2.5570432626e-04 2.5164653925e-04 0 0
1012 5.0084922556e-01 4.9718018462e-01 4.9718018462e-01 5.0817683612e-01 5.1013855611e-01 3.2964101380e-01 3.3610868400e-01 3.3610868400e-01 3.3021075659e-01 3.3060646424e-01 2.5518825944e-04 2.7061808942e-04 2.5193244801e-04 2.5122834264e-04 2.5916636514e-04 2.5018103042e-04 0 0
1013 5.0250431490e-01 4.9693491353e-01 4.9693491353e-01 5.0494885889e-01 5.1014225665e-01 3.2928779565e-01 3.3574980090e-01 3.3574980090e-01 3.2985493451e-01 3.3023978012e-01 2.4580736879e-04 2.6713187253e-04 2.5213515619e-04 2.4493326061e-04 2.5683519925e-04 2.5154514879e-04 0 0
1014 5.0273114814e-01 4.9808371912e-01 4.9808371912e-01 5.0632783746e-01 5.1264607874e-01 3.2893549393e-01 3.3538994579e-01 3.3538994579e-01 3.2950003981e-01 3.2987233842e-01 2.4470937036e-04 2.6389364939e-04 2.5277579698e-04 2.4330896067e-04 2.5555302273e-04 2.5210365129e-04 0 0
1015 4.9716005688e-01 4.9971554533e-01 4.9971554533e-01 5.0954808420e-01 5.0677536913e-01 3.2857960657e-01 3.3503096426e-01 3.3503096426e-01 3.2914463834e-01 3.2950846485e-01 2.4432765880e-04 2.5982454827e-04 2.6542582782e-04 2.4343174919e-04 2.5351937074e-04 2.5784481113e-04 0 0
1016 4.9769291976e-01 4.9446775140e-01 4.9446775140e-01 5.0279920237e-01 5.0744329566e-01 3.2822892951e-01 3.3468342934e-01 3.3468342934e-01 3.2878449860e-01 3.2915221709e-01 2.3656244966e-04 2.5546742836e-04 2.6249550865e-04 2.3748948766e-04 2.5261069823e-04 2.5447556982e-04 0 0
1017 4.9739210186e-01 4.9496927253e-01 4.9496927253e-01 4.9973053302e-01 5.0802518169e-01 3.2787835048e-01 3.3433784386e-01 3.3433784386e-01 3.2842678857e-01 3.2879673521e-01 2.3885657157e-04 2.4472198129e-04 2.6292043185e-04 2.3836806608e-04 2.4585555366e-04 2.5467699743e-04 0 0
1018 4.9990515071e-01 4.9494880055e-01 4.9494880055e-01 5.0270595944e-01 5.0715594764e-01 3.2752533039e-01 3.3399015228e-01 3.3399015228e-01 3.2807291823e-01 3.2844450169e-01 2.3755095942e-04 2.4175301951e-04 2.6489870652e-04 2.3802126385e-04 2.4233342265e-04 2.5464305509e-04 0 0
1019 4.9722526778e-01 4.9394893321e-01 4.9394893321e-01 4.9849643239e-01 5.0610816390e-01 3.2717531623e-01 3.3364098969e-01 3.3364098969e-01 3.2771754686e-01 3.2809204663e-01 2.4052576408e-04 2.4599594326e-04 2.6548480673e-04 2.3842097223e-04 2.4423442665e-04 2.5458537857e-04 0 0
1020 4.9654730069e-01 4.9186259854e-01 4.9186259854e-01 4.9505927332e-01 4.9970857409e-01 3.2682534711e-01 3.3329052288e-01 3.3329052288e-01 3.2736524470e-01 3.2774111636e-01 2.3617692994e-04 2.4393683998e-04 2.6302707556e-04 2.3608233806e-04 2.4148428929e-04 2.5184420520e-04 0 0
1021 4.9445061044e-01 4.8767453456e-01 4.8767453456e-01 4.9553684737e-01 5.0187733928e-01 3.2647396154e-01 3.3294294928e-01 3.3294294928e-01 3.2701457543e-01 3.2739411271e-01 2.3489771679e-04 2.4056092661e-04 2.5617407664e-04 2.3540963497e-04 2.3897928622e-04 2.4662441137e-04 0 0
1022 4.9285370595e-01 4.8956943722e-01 4.8956943722e-01 4.9585308879e-01 4.9771451893e-01 3.2612338582e-01 3.3259680956e-01 3.3259680956e-01 3.2666248562e-01 3.2704624004e-01 2.3249214985e-04 2.4199366453e-04 2.5938571343e-04 2.3350033442e-04 2.4007396860e-04 2.4797536753e-04 0 0
1023 4.9312005969e-01 4.8418071911e-01 4.8418071911e-01 4.9309246847e-01 4.9114327979e-01 3.2577412573e-01 3.3225399452e-01 3.3225399452e-01 3.2631688252e-01 3.2669929881e-01 2.3280534850e-04 2.5178502256e-04 2.5867072691e-04 2.3304236166e-04 2.4231829593e-04 2.4640728225e-04 0 0
1024 4.9217046635e-01 4.7965150816e-01 4.7965150816e-01 4.9112819786e-01 4.9145665195e-01 3.2542711923e-01 3.3191478033e-01 3.3191478033e-01 3.2597407304e-01 3.2635629223e-01 2.3196919660e-04 2.5608205760e-04 2.5622566318e-04 2.3204578363e-04 2.4309181754e-04 2.4346831196e-04 0 0
1025 4.8821478767e-01 4.8187954338e-01 4.8187954338e-01 4.9068994555e-01 4.9490036157e-01 3.2508063229e-01 3.3157774147e-01 3.3157774147e-01 3.2563573123e-01 3.2601081609e-01 2.3158113345e-04 2.6193229132e-04 2.5684087450e-04 2.3167792790e-04 2.4398328242e-04 2.4460528221e-04 0 0
1026 4.8786494414e-01 4.8315304780e-01 4.8315304780e-01 4.9071954090e-01 4.9489991276e-01 3.2473482732e-01 3.3123828487e-01 3.3123828487e-01 3.2529461542e-01 3.2566457908e-01 2.2359484513e-04 2.6179470296e-04 2.5761342840e-04 2.2735696460e-04 2.4462967122e-04 2.4501170992e-04 0 0
1027 4.8302873822e-01 4.8269884753e-01 4.8269884753e-01 4.9138027840e-01 4.9140936406e-01 3.2439160416e-01 3.3089718539e-01 3.3089718539e-01 3.2495414259e-01 3.2531723606e-01 2.2422469249e-04 2.5469557295e-04 2.4970787490e-04 2.2712348640e-04 2.4072272936e-04 2.4135482090e-04 0 0
1028 4.8132402383e-01 4.8090411055e-01 4.8090411055e-01 4.8801166626e-01 4.9269328261e-01 3.2405419027e-01 3.3055454376e-01 3.3055454376e-01 3.2460876846e-01 3.2496853204e-01 2.2326653590e-04 2.4788614246e-04 2.4234682496e-04 2.2432703969e-04 2.3894886544e-04 2.3788196995e-04 0 0
1029 4.8472599904e-01 4.8136385834e-01 4.8136385834e-01 4.8619872310e-01 4.9108547254e-01 3.2371375084e-01 3.3020955834e-01 3.3020955834e-01 3.2426334734e-01 3.2462335338e-01 2.1839411244e-04 2.3734393471e-04 2.4773173209e-04 2.2205216594e-04 2.3407380650e-04 2.3894519836e-04 0 0
1030 4.8638781760e-01 4.8150049478e-01 4.8150049478e-01 4.8522066408e-01 4.8854868146e-01 3.2336896392e-01 3.2986703685e-01 3.2986703685e-01 3.2392164420e-01 3.2427686348e-01 2.2511025070e-04 2.3686077475e-04 2.4535464763e-04 2.2622424195e-04 2.3285457428e-04 2.3810080165e-04 0 0
1031 4.8922222692e-01 4.7866091955e-01 4.7866091955e-01 4.8088125222e-01 4.8920276469e-01 3.2302158127e-01 3.2952405331e-01 3.2952405331e-01 3.2358210973e-01 3.2393422873e-01 2.2620566140e-04 2.3541400151e-04 2.4371866311e-04 2.2682170640e-04 2.3110891925e-04 2.3573653016e-04 0 0
1032 4.8349472948e-01 4.7870087444e-01 4.7870087444e-01 4.7915019952e-01 4.8561336088e-01 3.2267447355e-01 3.2918117084e-01 3.2918117084e-01 3.2324555516e-01 3.2359382464e-01 2.3629767248e-04 2.3665726621e-04 2.5070730771e-04 2.3128146293e-04 2.3057149519e-04 2.3827392579e-04 0 0
1033 4.7759666728e-01 4.7458810327e-01 4.7458810327e-01 4.7912670160e-01 4.8393127090e-01 3.2233083857e-01 3.2884512539e-01 3.2884512539e-01 3.2291278238e-01 3.2325637313e-01 2.3573184993e-04 2.3521540425e-04 2.4715613836e-04 2.2938570027e-04 2.2835355776e-04 2.3588795739e-04 0 0
1034 4.7725491818e-01 4.7186812592e-01 4.7186812592e-01 4.8300583627e-01 4.8188969954e-01 3.2199653091e-01 3.2851202177e-01 3.2851202177e-01 3.2256865662e-01 3.2291724603e-01 2.4079698551e-04 2.2529287526e-04 2.4031621433e-04 2.2798840628e-04 2.2630908643e-04 2.3324490758e-04 0 0
1035 4.7843509646e-01 4.6715852463e-01 4.6715852463e-01 4.8545058582e-01 4.8263662014e-01 3.2166416216e-01 3.2818138688e-01 3.2818138688e-01 3.2221893051e-01 3.2257955509e-01 2.4953550526e-04 2.2855625139e-04 2.3282073380e-04 2.3123651826e-04 2.2889323736e-04 2.2872412956e-04 0 0
1036 4.7864970875e-01 4.6790883568e-01 4.6790883568e-01 4.8736787914e-01 4.8279937461e-01 3.2133087882e-01 3.2785084712e-01 3.2785084712e-01 3.2186836813e-01 3.2224471807e-01 2.5026014498e-04 2.2956965404e-04 2.3589190823e-04 2.3191860316e-04 2.2913359135e-04 2.2882706980e-04 0 0
1037 4.8252143224e-01 4.7079172527e-01 4.7079172527e-01 4.8189366339e-01 4.8720528883e-01 3.2099057154e-01 3.2752375200e-01 3.2752375200e-01 3.2151723610e-01 3.2190387269e-01 2.3612534010e-04 2.3160786077e-04 2.2698005341e-04 2.2757142995e-04 2.2989018908e-04 2.2590321169e-04 0 0
1038 4.8661968989e-01 4.7413742084e-01 4.7413742084e-01 4.7874845757e-01 4.8769271764e-01 3.2063829701e-01 3.2718614797e-01 3.2718614797e-01 3.2117185811e-01 3.2155419993e-01 2.2762026555e-04 2.2965307289e-04 2.2872260888e-04 2.2741510835e-04 2.2663153504e-04 2.2886502120e-04 0 0
1039 4.8706289003e-01 4.7421631412e-01 4.7421631412e-01 4.7984500266e-01 4.8667414355e-01 3.2028057326e-01 3.2684334617e-01 3.2684334617e-01 3.2082531117e-01 3.2120365923e-01 2.2595116749e-04 2.2271748458e-04 2.3243504984e-04 2.2802080067e-04 2.2308636835e-04 2.3007646087e-04 0 0
1040 4.8531398090e-01 4.7567743443e-01 4.7567743443e-01 4.8162634698e-01 4.8286746562e-01 3.1992056228e-01 3.2650323119e-01 3.2650323119e-01 3.2048000593e-01 3.2085196073e-01 2.2521686363e-04 2.2632409673e-04 2.2930722480e-04 2.2814326685e-04 2.2434780112e-04 2.2845398780e-04 0 0
1041 4.8448136278e-01 4.6977401779e-01 4.6977401779e-01 4.7992049994e-01 4.7761629315e-01 3.1956530637e-01 3.2616359718e-01 3.2616359718e-01 3.2013469600e-01 3.2050760611e-01 2.2905442325e-04 2.2862941114e-04 2.3371361749e-04 2.2890328336e-04 2.2560637444e-04 2.2808843642e-04 0 0
1042 4.8249963207e-01 4.6656490292e-01 4.6656490292e-01 4.8623347798e-01 4.7788334646e-01 3.1921496977e-01 3.2583043209e-01 3.2583043209e-01 3.1978757254e-01 3.2016537159e-01 2.3086163678e-04 2.2913407156e-04 2.2874797287e-04 2.2778747861e-04 2.2639064991e-04 2.2443120542e-04 0 0
1043 4.8071334810e-01 4.6567512345e-01 4.6567512345e-01 4.8657735314e-01 4.7924512414e-01 3.1885818055e-01 3.2549480205e-01 3.2549480205e-01 3.1943526657e-01 3.1982210900e-01 2.2976845051e-04 2.4029453925e-04 2.3122025596e-04 2.2856672996e-04 2.3357268219e-04 2.2563733364e-04 0 0
1044 4.8234258331e-01 4.6773931901e-01 4.6773931901e-01 4.8586187456e-01 4.7836171614e-01 3.1850471444e-01 3.2515756106e-01 3.2515756106e-01 3.1908336400e-01 3.1948205425e-01 2.3032836886e-04 2.4270078575e-04 2.3957161466e-04 2.2751674870e-04 2.3441021767e-04 2.2875690047e-04 0 0
1045 4.7825694077e-01 4.6936512958e-01 4.6936512958e-01 4.8394398298e-01 4.8257068702e-01 3.1815142220e-01 3.2482274313e-01 3.2482274313e-01 3.1872996971e-01 3.1913692009e-01 2.3282605997e-04 2.4239323830e-04 2.3717400472e-04 2.2830952313e-04 2.3443595273e-04 2.2935103334e-04 0 0
1046 4.7746470693e-01 4.7403286428e-01 4.7403286428e-01 4.8372054976e-01 4.8884624885e-01 3.1779647815e-01 3.2448119161e-01 3.2448119161e-01 3.1837838868e-01 3.1878512674e-01 2.2517449520e-04 2.3957670783e-04 2.3764211073e-04 2.2465264916e-04 2.3251450330e-04 2.3171882640e-04 0 0
1047 4.8223718800e-01 4.7883823964e-01 4.7883823964e-01 4.8205372242e-01 4.8706892002e-01 3.1744074574e-01 3.2413319755e-01 3.2413319755e-01 3.1802811638e-01 3.1843126365e-01 2.2285121709e-04 2.3614415841e-04 2.4379161914e-04 2.2385202944e-04 2.3012643214e-04 2.3531488841e-04 0 0
1048 4.8119748437e-01 4.7497003298e-01 4.7497003298e-01 4.8284661075e-01 4.8568931912e-01 3.1708772362e-01 3.2378514821e-01 3.2378514821e-01 3.1767265263e-01 3.1808089118e-01 2.3333584245e-04 2.3651850643e-04 2.4334454065e-04 2.2837841540e-04 2.3127647728e-04 2.3362934007e-04 0 0
1049 4.7716130820e-01 4.7561673607e-01 4.7561673607e-01 4.8159618412e-01 4.8287846024e-01 3.1673412696e-01 3.2343521826e-01 3.2343521826e-01 3.1731905721e-01 3.1773069110e-01 2.2633092870e-04 2.3586690804e-04 2.4627406674e-04 2.2517706450e-04 2.2986303520e-04 2.3477130162e-04 0 0
1050 4.7419514248e-01 4.7433265814e-01 4.7433265814e-01 4.8189263909e-01 4.8298209978e-01 3.1638784389e-01 3.2308634286e-01 3.2308634286e-01 3.1696725658e-01 3.1738432759e-01 2.2581120826e-04 2.3445951956e-04 2.4470288190e-04 2.2253612972e-04 2.2835061827e-04 2.3256171698e-04 0 0
1051 4.7292558656e-01 4.7334253914e-01 4.7334253914e-01 4.8230855205e-01 4.8046340106e-01 3.1604255411e-01 3.2273911530e-01 3.2273911530e-01 3.1661573063e-01 3.1703395852e-01 2.2194856262e-04 2.3551376216e-04 2.4361784017e-04 2.1996275708e-04 2.2878211894e-04 2.3292908008e-04 0 0
1052 4.7208145736e-01 4.7088921695e-01 4.7088921695e-01 4.8380899623e-01 4.8233513303e-01 3.1570139851e-01 3.2239222236e-01 3.2239222236e-01 3.1626269875e-01 3.1668094473e-01 2.2807696996e-04 2.3392514413e-04 2.4123964249e-04 2.2080170628e-04 2.2858006560e-04 2.3209491337e-04 0 0
1053 4.7419500650e-01 4.6857852978e-01 4.6857852978e-01 4.7814253548e-01 4.7987834391e-01 3.1535869091e-01 3.2204815184e-01 3.2204815184e-01 3.1591363878e-01 3.1632887593e-01 2.3232906852e-04 2.4402444251e-04 2.3671412782e-04 2.2233639044e-04 2.3212171800e-04 2.2910378175e-04 0 0
1054 4.7283681391e-01 4.6748540687e-01 4.6748540687e-01 4.7408571710e-01 4.8072431133e-01 3.1501435908e-01 3.2170743665e-01 3.2170743665e-01 3.1556854251e-01 3.1597143459e-01 2.3993426030e-04 2.3731848341e-04 2.2764330788e-04 2.2585180211e-04 2.2783727763e-04 2.2633510525e-04 0 0
1055 4.7367280156e-01 4.6881357398e-01 4.6881357398e-01 4.7337906519e-01 4.8427416440e-01 3.1466754932e-01 3.2136402720e-01 3.2136402720e-01 3.1522715496e-01 3.1561422775e-01 2.3917230495e-04 2.3524757125e-04 2.2517649631e-04 2.2567595837e-04 2.2548196284e-04 2.2530859860e-04 0 0
1056 4.7331819675e-01 4.7150967774e-01 4.7150967774e-01 4.7454188008e-01 4.8302125665e-01 3.1431875444e-01 3.2101959671e-01 3.2101959671e-01 3.1488468733e-01 3.1525818296e-01 2.3445646607e-04 2.3161783611e-04 2.2917707247e-04 2.2328826137e-04 2.2316667309e-04 2.2690508922e-04 0 0
1057 4.6862046290e-01 4.6754837196e-01 4.6754837196e-01 4.7501271479e-01 4.7874836808e-01 3.1397549286e-01 3.2067414215e-01 3.2067414215e-01 3.1453772395e-01 3.1491078024e-01 2.3311707646e-04 2.2900947806e-04 2.3495670757e-04 2.2071734064e-04 2.2264733707e-04 2.2691511549e-04 0 0
1058 4.6680850098e-01 4.6443525365e-01 4.6443525365e-01 4.7636812675e-01 4.7568538143e-01 3.1363404776e-01 3.2033156447e-01 3.2033156447e-01 3.1418514992e-01 3.1456817317e-01 2.2651604506e-04 2.2335875110e-04 2.3192195658e-04 2.1738372289e-04 2.2089987760e-04 2.2387887293e-04 0 0
1059 4.6586788334e-01 4.6302529481e-01 4.6302529481e-01 4.7668002684e-01 4.7362639039e-01 3.1329524872e-01 3.1998825634e-01 3.1998825634e-01 3.1382325779e-01 3.1422634115e-01 2.2700135694e-04 2.1822211420e-04 2.3323974892e-04 2.1704361969e-04 2.2012815316e-04 2.2368592909e-04 0 0
1060 4.6404370476e-01 4.6283084145e-01 4.6283084145e-01 4.7737754926e-01 4.7410939415e-01 3.1295527647e-01 3.1964553921e-01 3.1964553921e-01 3.1346786106e-01 3.1388353581e-01 2.2080030163e-04 2.2010265093e-04 2.3175682145e-04 2.1463002224e-04 2.1873181686e-04 2.2235520009e-04 0 0
1061 4.6237660696e-01 4.6366990562e-01 4.6366990562e-01 4.7071559878e-01 4.7376137198e-01 3.1261550634e-01 3.1929853128e-01 3.1929853128e-01 3.1311275648e-01 3.1353840892e-01 2.1590839485e-04 2.2037232702e-04 2.3913922632e-04 2.1233576699e-04 2.1858314722e-04 2.2572719899e-04 0 0
1062 4.6041338517e-01 4.6404805723e-01 4.6404805723e-01 4.7102576294e-01 4.7669803928e-01 3.1227877891e-01 3.1895040047e-01 3.1895040047e-01 3.1276005947e-01 3.1318628389e-01 2.1408136558e-04 2.1172778361e-04 2.3285031057e-04 2.1036080759e-04 2.1320304950e-04 2.2419745073e-04 0 0
1063 4.5942745650e-01 4.6280455292e-01 4.6280455292e-01 4.6889309984e-01 4.7484084360e-01 3.1194376196e-01 3.1859742966e-01 3.1859742966e-01 3.1241105814e-01 3.1283249291e-01 2.1563857160e-04 2.1117034339e-04 2.3130639602e-04 2.1013746625e-04 2.1227485558e-04 2.2346865444e-04 0 0
1064 4.5512630950e-01 4.5995246572e-01 4.5995246572e-01 4.6578006051e-01 4.7240812709e-01 3.1160866740e-01 3.1825049155e-01 3.1825049155e-01 3.1206303757e-01 3.1248009287e-01 2.1320655865e-04 2.1020233544e-04 2.2458750755e-04 2.0813676426e-04 2.1206883684e-04 2.1934309189e-04 0 0
1065 4.5176142138e-01 4.5689173142e-01 4.5689173142e-01 4.6609513055e-01 4.6985568931e-01 3.1128116445e-01 3.1790927663e-01 3.1790927663e-01 3.1171702828e-01 3.1212767720e-01 2.1399881536e-04 2.0554458024e-04 2.1723529062e-04 2.0530834560e-04 2.0908090664e-04 2.1564816416e-04 0 0
1066 4.5045662287e-01 4.5337088261e-01 4.5337088261e-01 4.6350813673e-01 4.7135211299e-01 3.1095195421e-01 3.1757066222e-01 3.1757066222e-01 3.1137524761e-01 3.1178136401e-01 2.0276535870e-04 2.1032415680e-04 2.1450743225e-04 1.9973038171e-04 2.1001113055e-04 2.1277823544e-04 0 0
1067 4.5097875596e-01 4.5517883496e-01 4.5517883496e-01 4.6172993944e-01 4.6959741209e-01 3.1062077467e-01 3.1723432585e-01 3.1723432585e-01 3.1103846857e-01 3.1143247816e-01 2.0151564284e-04 2.1353835473e-04 2.1228566038e-04 1.9920066209e-04 2.0975368534e-04 2.1268139972e-04 0 0
1068 4.4917407103e-01 4.5234280522e-01 4.5234280522e-01 4.5665554964e-01 4.7012803058e-01 3.1029706591e-01 3.1689679800e-01 3.1689679800e-01 3.1070304067e-01 3.1108878098e-01 2.1202772546e-04 2.1524014301e-04 2.1090367954e-04 2.0174499204e-04 2.0960134862e-04 2.1076749545e-04 0 0
1069 4.4481435503e-01 4.5359784152e-01 4.5359784152e-01 4.5060680971e-01 4.6762472528e-01 3.0997436834e-01 3.1656297683e-01 3.1656297683e-01 3.1037249163e-01 3.1074685062e-01 2.1165152126e-04 2.1421527345e-04 2.1072683739e-04 2.0095110859e-04 2.0659601432e-04 2.1028996707e-04 0 0
1070 4.4072735878e-01 4.5028882493e-01 4.5028882493e-01 4.4874363528e-01 4.6504616337e-01 3.0965393092e-01 3.1623215806e-01 3.1623215806e-01 3.1004747802e-01 3.1040511666e-01 2.0667348829e-04 2.1397653472e-04 2.0877621864e-04 1.9756712395e-04 2.0386957476e-04 2.0850692817e-04 0 0
1071 4.3897582514e-01 4.4757490834e-01 4.4757490834e-01 4.5152422947e-01 4.6263409299e-01 3.0933806774e-01 3.1590155810e-01 3.1590155810e-01 3.0972031839e-01 3.1006746672e-01 2.0240460644e-04 2.0914417109e-04 2.1007309260e-04 1.9411741163e-04 2.0182880689e-04 2.0735924045e-04 0 0
1072 4.4557458483e-01 4.4627270157e-01 4.4627270157e-01 4.5062500355e-01 4.5513470548e-01 3.0901807589e-01 3.1557340649e-01 3.1557340649e-01 3.0939222791e-01 3.0973028016e-01 1.9402869318e-04 2.1364212444e-04 2.0692538965e-04 1.9117816158e-04 2.0396006585e-04 2.0522054547e-04 0 0
1073 4.4766330842e-01 4.3915011662e-01 4.3915011662e-01 4.4726099612e-01 4.5279714628e-01 3.0869168266e-01 3.1524639866e-01 3.1524639866e-01 3.0906813010e-01 3.0939837876e-01 1.9561438293e-04 2.1237022156e-04 2.0107289311e-04 1.9348665388e-04 2.0177198894e-04 1.9955570315e-04 0 0
1074 4.4554888390e-01 4.3993171910e-01 4.3993171910e-01 4.4391329021e-01 4.5325648008e-01 3.0836224422e-01 3.1492193450e-01 3.1492193450e-01 3.0874319898e-01 3.0906963378e-01 1.9410860351e-04 2.0416559710e-04 2.0434900216e-04 1.9359210697e-04 1.9795968547e-04 1.9950023852e-04 0 0
1075 4.4312160483e-01 4.4056322395e-01 4.4056322395e-01 4.4141421269e-01 4.5030363563e-01 3.0803829243e-01 3.1459457245e-01 3.1459457245e-01 3.0842101965e-01 3.0874076833e-01 1.9303451497e-04 1.9748239720e-04 2.0883157413e-04 1.9151202143e-04 1.9365292974e-04 2.0159821725e-04 0 0
1076 4.3818026025e-01 4.3830961860e-01 4.3830961860e-01 4.4349227396e-01 4.4699372643e-01 3.0771632796e-01 3.1426330603e-01 3.1426330603e-01 3.0809994877e-01 3.0842030886e-01 1.8715277902e-04 1.9345242617e-04 2.2017849551e-04 1.8771710501e-04 1.9116084877e-04 2.0410530124e-04 0 0
1077 4.4119436275e-01 4.3624729238e-01 4.3624729238e-01 4.4635422375e-01 4.4457239106e-01 3.0739695547e-01 3.1393967500e-01 3.1393967500e-01 3.0777394598e-01 3.0810580733e-01 1.8127127507e-04 1.9334964600e-04 2.2164458642e-04 1.8357235620e-04 1.9253246865e-04 2.0260573365e-04 0 0
1078 4.3990736431e-01 4.3196118219e-01 4.3196118219e-01 4.4483004963e-01 4.4164479401e-01 3.0707821218e-01 3.1362023858e-01 3.1362023858e-01 3.0744850173e-01 3.0778699845e-01 1.8552472122e-04 2.0219826547e-04 2.1193257271e-04 1.8526561561e-04 1.9650754984e-04 1.9927342510e-04 0 0
1079 4.3919641099e-01 4.2883884546e-01 4.2883884546e-01 4.3912388760e-01 4.4423143185e-01 3.0675688085e-01 3.1330248397e-01 3.1330248397e-01 3.0712738282e-01 3.0746773521e-01 1.8396767331e-04 2.0586181927e-04 1.9882088236e-04 1.8511465340e-04 1.9674325449e-04 1.9298628467e-04 0 0
1080 4.3687307353e-01 4.3189037227e-01 4.3189037227e-01 4.3770956019e-01 4.5073482268e-01 3.0643510648e-01 3.1298588656e-01 3.1298588656e-01 3.0681221990e-01 3.0714449017e-01 1.8381557623e-04 2.0316075097e-04 1.9520731439e-04 1.8483564799e-04 1.9356549456e-04 1.9235048967e-04 0 0
1081 4.4001172041e-01 4.3567664091e-01 4.3567664091e-01 4.3732919083e-01 4.4973914542e-01 3.0611383942e-01 3.1266501485e-01 3.1266501485e-01 3.0650241993e-01 3.0681519897e-01 1.8217342651e-04 2.0287777443e-04 1.9743845041e-04 1.8337128202e-04 1.9159863587e-04 1.9506766694e-04 0 0
1082 4.3881843388e-01 4.3178424776e-01 4.3178424776e-01 4.3599634115e-01 4.4479838714e-01 3.0579097556e-01 3.1234039864e-01 3.1234039864e-01 3.0618723674e-01 3.0648722464e-01 1.8493218118e-04 1.9663769490e-04 1.9704853185e-04 1.8493201923e-04 1.8985831412e-04 1.9431842520e-04 0 0
1083 4.3925801464e-01 4.2797480754e-01 4.2797480754e-01 4.3871778318e-01 4.4043165405e-01 3.0547182371e-01 3.1202037217e-01 3.1202037217e-01 3.0586860629e-01 3.0616452098e-01 1.8522322347e-04 1.9117867487e-04 1.9223403797e-04 1.8377873589e-04 1.8779500533e-04 1.9024723588e-04 0 0
1084 4.3607561605e-01 4.2700270341e-01 4.2700270341e-01 4.3814197128e-01 4.3956072126e-01 3.0515296137e-01 3.1170685604e-01 3.1170685604e-01 3.0555097377e-01 3.0584405765e-01 1.8596288185e-04 1.9508814148e-04 1.8747656577e-04 1.8384155307e-04 1.8925810582e-04 1.8694995379e-04 0 0
1085 4.3461605888e-01 4.2792146327e-01 4.2792146327e-01 4.3594634443e-01 4.4057228208e-01 3.0483072002e-01 3.1139558340e-01 3.1139558340e-01 3.0523236259e-01 3.0552333414e-01 1.7940903371e-04 1.9127690030e-04 1.8207229732e-04 1.8131675445e-04 1.8754634220e-04 1.8412830104e-04 0 0
1086 4.3333310456e-01 4.2859748956e-01 4.2859748956e-01 4.3624794244e-01 4.3883003779e-01 3.0451053980e-01 3.1108147787e-01 3.1108147787e-01 3.0491614950e-01 3.0520231369e-01 1.7753764222e-04 1.9420835451e-04 1.8490824004e-04 1.7956912356e-04 1.8770324823e-04 1.8529586669e-04 0 0
1087 4.3357372848e-01 4.2568247638e-01 4.2568247638e-01 4.3202214188e-01 4.3692199169e-01 3.0419220321e-01 3.1076627528e-01 3.1076627528e-01 3.0459808846e-01 3.0488020369e-01 1.7897953640e-04 1.9686151791e-04 1.8848718901e-04 1.7977319572e-04 1.8910656217e-04 1.8690379511e-04 0 0
1088 4.3118728627e-01 4.2398748610e-01 4.2398748610e-01 4.3030148985e-01 4.3505365731e-01 3.0387656185e-01 3.1045139761e-01 3.1045139761e-01 3.0428476054e-01 3.0455828750e-01 1.8029745648e-04 1.9792267267e-04 1.8682433438e-04 1.7980524918e-04 1.8815637304e-04 1.8589866522e-04 0 0
1089 4.2984284085e-01 4.2326246916e-01 4.2326246916e-01 4.3246094399e-01 4.3704154057e-01 3.0355940639e-01 3.1013974102e-01 3.1013974102e-01 3.0396911589e-01 3.0423900918e-01 1.7776063033e-04 1.9312366203e-04 1.8799478858e-04 1.7901942963e-04 1.8637344328e-04 1.8551855464e-04 0 0
1090 4.2827212037e-01 4.2453132691e-01 4.2453132691e-01 4.3244862448e-01 4.3614268285e-01 3.0324642403e-01 3.0983109841e-01 3.0983109841e-01 3.0365348212e-01 3.0391907108e-01 1.8360155551e-04 1.9187058933e-04 1.9161186356e-04 1.8055258460e-04 1.8550502864e-04 1.8694949540e-04 0 0
1091 4.2648159493e-01 4.2314706745e-01 4.2314706745e-01 4.3142873755e-01 4.3299054704e-01 3.0293562989e-01 3.0951855230e-01 3.0951855230e-01 3.0333580058e-01 3.0360068653e-01 1.8584680055e-04 1.8608898245e-04 1.9170432643e-04 1.8063720158e-04 1.8319528317e-04 1.8620659830e-04 0 0
1092 4.2464196322e-01 4.2189956523e-01 4.2189956523e-01 4.3215269357e-01 4.3273496962e-01 3.0262502446e-01 3.0920475863e-01 3.0920475863e-01 3.0301689288e-01 3.0328692634e-01 1.8898066239e-04 1.8094141706e-04 1.9392682589e-04 1.8182481568e-04 1.8098395230e-04 1.8587457453e-04 0 0
1093 4.2477607120e-01 4.2365915472e-01 4.2365915472e-01 4.3179645897e-01 4.3148139675e-01 3.0231888810e-01 3.0889420920e-01 3.0889420920e-01 3.0269921914e-01 3.0296994800e-01 1.9306757151e-04 1.7949911125e-04 1.8994414131e-04 1.8207969830e-04 1.8002292200e-04 1.8483698659e-04 0 0
1094 4.2483568793e-01 4.2187994495e-01 4.2187994495e-01 4.3147055913e-01 4.3280587376e-01 3.0201199264e-01 3.0858154514e-01 3.0858154514e-01 3.0238277727e-01 3.0265959159e-01 1.8922731371e-04 1.8124848430e-04 1.9450976106e-04 1.7988699457e-04 1.8058020942e-04 1.8486516637e-04 0 0
1095 4.2728502472e-01 4.2168704897e-01 4.2168704897e-01 4.2901623051e-01 4.3019102786e-01 3.0169661923e-01 3.0827427515e-01 3.0827427515e-01 3.0206569506e-01 3.0234750603e-01 1.7980566692e-04 1.8159356841e-04 1.9491107378e-04 1.7745381999e-04 1.8067827477e-04 1.8544576596e-04 0 0
1096 4.2612132772e-01 4.1826472988e-01 4.1826472988e-01 4.2933401176e-01 4.3035653330e-01 3.0138225416e-01 3.0796395562e-01 3.0796395562e-01 3.0175568786e-01 3.0203573281e-01 1.7982374411e-04 1.8567210645e-04 1.9140975201e-04 1.7732316891e-04 1.8023260782e-04 1.8385832664e-04 0 0
1097 4.2786511452e-01 4.1952174441e-01 4.1952174441e-01 4.2615805257e-01 4.2815414607e-01 3.0106449661e-01 3.0765651906e-01 3.0765651906e-01 3.0144855412e-01 3.0172331022e-01 1.7511549876e-04 1.9807205535e-04 1.8944857584e-04 1.7606612730e-04 1.8484702741e-04 1.8318275397e-04 0 0
1098 4.2432079806e-01 4.1652106085e-01 4.1652106085e-01 4.2491959410e-01 4.2844457976e-01 3.0074932143e-01 3.0734996132e-01 3.0734996132e-01 3.0114436705e-01 3.0140989944e-01 1.7556747115e-04 1.9941435312e-04 1.8819551769e-04 1.7553078758e-04 1.8421121058e-04 1.8262438971e-04 0 0
1099 4.2559793471e-01 4.1695316320e-01 4.1695316320e-01 4.2634839490e-01 4.2723962288e-01 3.0043410851e-01 3.0704129900e-01 3.0704129900e-01 3.0083829818e-01 3.0109727255e-01 1.7320059789e-04 1.9270872872e-04 1.8724628171e-04 1.7434002655e-04 1.8132547120e-04 1.8162105698e-04 0 0
1100 4.2804046430e-01 4.1812266430e-01 4.1812266430e-01 4.2765914351e-01 4.2819891595e-01 3.0012064496e-01 3.0673193205e-01 3.0673193205e-01 3.0052517906e-01 3.0078578692e-01 1.7261268000e-04 1.8797021039e-04 1.8736616039e-04 1.7366649964e-04 1.8082405586e-04 1.8088942306e-04 0 0
1101 4.3145096883e-01 4.1839506565e-01 4.1839506565e-01 4.2640163782e-01 4.2504398906e-01 2.9980540907e-01 3.0642138195e-01 3.0642138195e-01 3.0021016540e-01 3.0047369765e-01 1.7685700580e-04 1.8522227037e-04 1.8911108054e-04 1.7612408563e-04 1.8004947196e-04 1.8141022156e-04 0 0
1102 4.2620637039e-01 4.1531393486e-01 4.1531393486e-01 4.2793041248e-01 4.2447537121e-01 2.9949240659e-01 3.0611019242e-01 3.0611019242e-01 2.9989664753e-01 3.0016314738e-01 1.8855766741e-04 1.8205330707e-04 1.8366205768e-04 1.8095881204e-04 1.7839690554e-04 1.7807568656e-04 0 0
1103 4.1663233943e-01 4.1741059371e-01 4.1741059371e-01 4.2640191848e-01 4.2636731699e-01 2.9918769619e-01 3.0580001634e-01 3.0580001634e-01 2.9958145255e-01 2.9984667756e-01 1.9197159802e-04 1.7981840938e-04 1.7865020345e-04 1.8022383952e-04 1.7785184173e-04 1.7707645748e-04 0 0
1104 4.1608826885e-01 4.1665954186e-01 4.1665954186e-01 4.2605905482e-01 4.2688988796e-01 2.9888573830e-01 3.0548564570e-01 3.0548564570e-01 2.9926689877e-01 2.9953155834e-01 1.8500684690e-04 1.7487588048e-04 1.8353093037e-04 1.7612642270e-04 1.7504824064e-04 1.7896253121e-04 0 0
1105 4.1985329440e-01 4.1520947716e-01 4.1520947716e-01 4.2961954316e-01 4.2318067451e-01 2.9858583818e-01 3.0517448882e-01 3.0517448882e-01 2.9894892517e-01 2.9921855009e-01 1.8574601946e-04 1.7406397819e-04 1.8531829846e-04 1.7560740179e-04 1.7553167709e-04 1.7939926329e-04 0 0
1106 4.2008141750e-01 4.1252960908e-01 4.1252960908e-01 4.2881708308e-01 4.2463010292e-01 2.9827976835e-01 3.0486826621e-01 3.0486826621e-01 2.9863016030e-01 2.9890660748e-01 1.8235553991e-04 1.7676614516e-04 1.8247361004e-04 1.7558597204e-04 1.7713890702e-04 1.7795007443e-04 0 0
1107 4.1681980751e-01 4.1401103438e-01 4.1401103438e-01 4.2389257772e-01 4.2357286884e-01 2.9797439423e-01 3.0456759059e-01 3.0456759059e-01 2.9831348673e-01 2.9859764806e-01 1.7625701840e-04 1.8270415603e-04 1.8575480499e-04 1.7223887215e-04 1.7937169468e-04 1.7870291776e-04 0 0
1108 4.1462658545e-01 4.1391721012e-01 4.1391721012e-01 4.1998525296e-01 4.2608823012e-01 2.9767295660e-01 3.0426866746e-01 3.0426866746e-01 2.9801062698e-01 2.9828564306e-01 1.7119841216e-04 1.8800896214e-04 1.8211550923e-04 1.6855660850e-04 1.7769825354e-04 1.7763017240e-04 0 0
1109 4.1446633271e-01 4.1771392541e-01 4.1771392541e-01 4.1802329305e-01 4.2904788985e-01 2.9737271957e-01 3.0396006178e-01 3.0396006178e-01 2.9771130954e-01 2.9797019417e-01 1.6581449285e-04 1.9040689949e-04 1.8388960598e-04 1.6580803675e-04 1.7777610628e-04 1.7931962066e-04 0 0
1110 4.1346643723e-01 4.1911609432e-01 4.1911609432e-01 4.1958539367e-01 4.2592886020e-01 2.9707665061e-01 3.0364498002e-01 3.0364498002e-01 2.9741000681e-01 2.9765830989e-01 1.6589435929e-04 1.8777380319e-04 1.9001976034e-04 1.6466731985e-04 1.7715182912e-04 1.8131562683e-04 0 0
1111 4.1606007567e-01 4.1525638052e-01 4.1525638052e-01 4.1876000528e-01 4.1840038005e-01 2.9677938246e-01 3.0333108922e-01 3.0333108922e-01 2.9710852359e-01 2.9734923183e-01 1.6242935151e-04 1.8831608031e-04 1.8842210557e-04 1.6286732105e-04 1.7713751731e-04 1.7965060397e-04 0 0
1112 4.1632103285e-01 4.0963890509e-01 4.0963890509e-01 4.1392734184e-01 4.1895631962e-01 2.9647983366e-01 3.0302161772e-01 3.0302161772e-01 2.9680665230e-01 2.9704627538e-01 1.6649826087e-04 1.8335790082e-04 1.8076805281e-04 1.6544634570e-04 1.7462234973e-04 1.7391413712e-04 0 0
1113 4.1372824130e-01 4.1326862381e-01 4.1326862381e-01 4.1386893422e-01 4.2011284921e-01 2.9618110074e-01 3.0271631400e-01 3.0271631400e-01 2.9650960966e-01 2.9674301117e-01 1.6562411583e-04 1.7547282187e-04 1.8332855689e-04 1.6480251394e-04 1.6954194143e-04 1.7520537949e-04 0 0
1114 4.0738207420e-01 4.1170271927e-01 4.1170271927e-01 4.1301336959e-01 4.1670758722e-01 2.9588289492e-01 3.0240742035e-01 3.0240742035e-01 2.9621277826e-01 2.9644170863e-01 1.6518132011e-04 1.7231534002e-04 1.8743746477e-04 1.6405352379e-04 1.6808134387e-04 1.7659326113e-04 0 0
1115 4.1014594342e-01 4.0912196223e-01 4.0912196223e-01 4.1215666165e-01 4.1379622116e-01 2.9558431158e-01 3.0209900174e-01 3.0209900174e-01 2.9591595175e-01 2.9614011287e-01 1.5684209505e-04 1.6840900207e-04 1.8373353669e-04 1.5927415652e-04 1.6611360479e-04 1.7463802214e-04 0 0
1116 4.0967898262e-01 4.0537229504e-01 4.0537229504e-01 4.1238828234e-01 4.1206624384e-01 2.9528370080e-01 3.0179355324e-01 3.0179355324e-01 2.9561427140e-01 2.9584168777e-01 1.5729460757e-04 1.6068612604e-04 1.7743632634e-04 1.5960525292e-04 1.6336371482e-04 1.7050497263e-04 0 0
1117 4.1147580511e-01 4.0438885955e-01 4.0438885955e-01 4.1408900635e-01 4.1284485246e-01 2.9498546186e-01 3.0149437160e-01 3.0149437160e-01 2.9530853020e-01 2.9554292566e-01 1.5950175652e-04 1.5949486988e-04 1.6945396055e-04 1.6020415396e-04 1.6357798449e-04 1.6683631111e-04 0 0
1118 4.0794368077e-01 4.0464205910e-01 4.0464205910e-01 4.1082752791e-01 4.1298810328e-01 2.9468585020e-01 3.0119720955e-01 3.0119720955e-01 2.9500830789e-01 2.9524345587e-01 1.5868862951e-04 1.6499633057e-04 1.6451366537e-04 1.6048042651e-04 1.6465000954e-04 1.6474261065e-04 0 0
1119 4.0754578721e-01 4.0269900813e-01 4.0269900813e-01 4.0980935641e-01 4.1309957279e-01 2.9438584158e-01 3.0090099285e-01 3.0090099285e-01 2.9471015654e-01 2.9494585445e-01 1.5422467806e-04 1.6270831111e-04 1.6405624046e-04 1.5850719805e-04 1.6270947526e-04 1.6383110778e-04 0 0
1120 4.0769928412e-01 4.0335646276e-01 4.0335646276e-01 4.0955323669e-01 4.1457720247e-01 2.9408863918e-01 3.0060589129e-01 3.0060589129e-01 2.9441421202e-01 2.9464197640e-01 1.5467195576e-04 1.6248998872e-04 1.6216345102e-04 1.5813350729e-04 1.6152358148e-04 1.6420004249e-04 0 0
1121 4.0773635664e-01 4.0150673846e-01 4.0150673846e-01 4.0985540301e-01 4.1224222957e-01 2.9379465325e-01 3.0030784910e-01 3.0030784910e-01 2.9411001768e-01 2.9434080322e-01 1.5802118905e-04 1.5680120123e-04 1.6564458201e-04 1.5896552397e-04 1.6028835671e-04 1.6499830963e-04 0 0
1122 4.0787051464e-01 3.9660056530e-01 3.9660056530e-01 4.0927789393e-01 4.0906507007e-01 2.9349696743e-01 3.0001650060e-01 3.0001650060e-01 2.9380643437e-01 2.9404482741e-01 1.5611728901e-04 1.5656815231e-04 1.6694466467e-04 1.5888983319e-04 1.6008604871e-04 1.6398638400e-04 0 0
1123 4.0459861377e-01 3.9455557267e-01 3.9455557267e-01 4.1074802759e-01 4.0916682294e-01 2.9320272337e-01 2.9973182098e-01 2.9973182098e-01 2.9350576208e-01 2.9374798725e-01 1.5990302722e-04 1.5494711988e-04 1.6236596275e-04 1.5961789216e-04 1.5911072114e-04 1.6154818877e-04 0 0
1124 4.0325687992e-01 3.9644573756e-01 3.9644573756e-01 4.0844668533e-01 4.0912933313e-01 2.9290832356e-01 2.9944482241e-01 2.9944482241e-01 2.9320782924e-01 2.9345274408e-01 1.5621022529e-04 1.5856607206e-04 1.6407376097e-04 1.5733659162e-04 1.6042621428e-04 1.6156424681e-04 0 0
1125 3.9984931002e-01 3.9898371188e-01 3.9898371188e-01 4.1000868209e-01 4.0811105881e-01 2.9261437581e-01 2.9915548491e-01 2.9915548491e-01 2.9290971122e-01 2.9315715535e-01 1.5309018654e-04 1.5580347099e-04 1.6910251725e-04 1.5533016395e-04 1.5900556173e-04 1.6388605582e-04 0 0
1126 4.0228465385e-01 3.9772122645e-01 3.9772122645e-01 4.0914913123e-01 4.0501219246e-01 2.9232315545e-01 2.9886049254e-01 2.9886049254e-01 2.9261412903e-01 2.9286690431e-01 1.5109565224e-04 1.5855933452e-04 1.7605282483e-04 1.5347694802e-04 1.5973200789e-04 1.6592655447e-04 0 0
1127 3.9613452789e-01 3.9825588650e-01 3.9825588650e-01 4.0927396066e-01 4.0521148185e-01 2.9203378584e-01 2.9856729862e-01 2.9856729862e-01 2.9231684570e-01 2.9257719219e-01 1.5331125114e-04 1.5879460989e-04 1.7255557032e-04 1.5401079202e-04 1.6011692060e-04 1.6473359574e-04 0 0
1128 3.9334991155e-01 3.9822466158e-01 3.9822466158e-01 4.0300214123e-01 4.0702378189e-01 2.9174920914e-01 2.9827391393e-01 2.9827391393e-01 2.9202072061e-01 2.9229074664e-01 1.4941790209e-04 1.5918973077e-04 1.7607663176e-04 1.5070580440e-04 1.5973531117e-04 1.6573972971e-04 0 0
1129 3.9092846406e-01 3.9863869318e-01 3.9863869318e-01 4.0418392829e-01 4.0814508591e-01 2.9147172248e-01 2.9798596922e-01 2.9798596922e-01 2.9172965122e-01 2.9199991225e-01 1.4890739024e-04 1.5760079259e-04 1.6896209127e-04 1.4854468556e-04 1.5718850773e-04 1.6330739891e-04 0 0
1130 3.9043073490e-01 3.9682584068e-01 3.9682584068e-01 4.0218069073e-01 4.0760393747e-01 2.9119676273e-01 2.9769419279e-01 2.9769419279e-01 2.9144102471e-01 2.9170734424e-01 1.4907569374e-04 1.6085490643e-04 1.6689793847e-04 1.4816033454e-04 1.5774180793e-04 1.6254564980e-04 0 0
1131 3.9410118115e-01 3.9464663716e-01 3.9464663716e-01 3.9662793807e-01 4.0652293771e-01 2.9092019689e-01 2.9740343014e-01 2.9740343014e-01 2.9115753758e-01 2.9141642622e-01 1.4684476246e-04 1.6461195628e-04 1.6721696011e-04 1.4760278668e-04 1.5806550800e-04 1.6217058874e-04 0 0
1132 3.9080056119e-01 3.9145058173e-01 3.9145058173e-01 3.9456222549e-01 4.0085719999e-01 2.9064344542e-01 2.9711578056e-01 2.9711578056e-01 2.9087600497e-01 2.9112828469e-01 1.5868613458e-04 1.6398979642e-04 1.6872748529e-04 1.5313391586e-04 1.5724216064e-04 1.6182617401e-04 0 0
1133 3.9217166459e-01 3.8739545935e-01 3.8739545935e-01 3.8971032461e-01 4.0148752965e-01 2.9036935169e-01 2.9683259076e-01 2.9683259076e-01 2.9060168993e-01 2.9084333635e-01 1.6011707172e-04 1.6448812676e-04 1.6544639948e-04 1.5258809144e-04 1.5539927699e-04 1.5886111214e-04 0 0
1134 3.8974161802e-01 3.9083877436e-01 3.9083877436e-01 3.9090990882e-01 3.9841285915e-01 2.9009903717e-01 2.9655004970e-01 2.9655004970e-01 2.9032857262e-01 2.9055980225e-01 1.6655124705e-04 1.5790852194e-04 1.6877766757e-04 1.5419177894e-04 1.5192361025e-04 1.5981645993e-04 0 0
1135 3.8828783564e-01 3.8834467011e-01 3.8834467011e-01 3.9241544594e-01 3.9593672396e-01 2.8982481994e-01 2.9626910997e-01 2.9626910997e-01 2.9005405087e-01 2.9027952515e-01 1.6354520932e-04 1.5385693405e-04 1.6827508080e-04 1.5347989104e-04 1.5040458675e-04 1.5864380839e-04 0 0
1136 3.9021027452e-01 3.8654082473e-01 3.8654082473e-01 3.9562252406e-01 3.9306407122e-01 2.8954739824e-01 2.9598928461e-01 2.9598928461e-01 2.8977410382e-01 2.9000162448e-01 1.5542520541e-04 1.4996120444e-04 1.6495360614e-04 1.5003625191e-04 1.5001612337e-04 1.5639377671e-04 0 0
1137 3.9133101494e-01 3.8247584117e-01 3.8247584117e-01 3.9549348476e-01 3.8991030161e-01 2.8926469357e-01 2.9571177193e-01 2.9571177193e-01 2.8949026850e-01 2.8972793928e-01 1.5168812569e-04 1.5033415548e-04 1.6101281653e-04 1.4934530961e-04 1.5107527724e-04 1.5339470701e-04 0 0
1138 3.9107220997e-01 3.7985188179e-01 3.7985188179e-01 3.9676812898e-01 3.9398229999e-01 2.8897780145e-01 2.9543888044e-01 2.9543888044e-01 2.8921129194e-01 2.8945484398e-01 1.4647793507e-04 1.5449171769e-04 1.5358327801e-04 1.4788598736e-04 1.5122314653e-04 1.4966206072e-04 0 0
1139 3.9278995552e-01 3.8276210765e-01 3.8276210765e-01 3.9472656797e-01 3.9573005625e-01 2.8869598939e-01 2.9516359955e-01 2.9516359955e-01 2.8893155147e-01 2.8917894179e-01 1.4705654363e-04 1.5368245658e-04 1.5492923558e-04 1.4721433967e-04 1.5045737382e-04 1.5102423640e-04 0 0
1140 3.8898734532e-01 3.8347105873e-01 3.8347105873e-01 3.9251394483e-01 3.9650735648e-01 2.8842006817e-01 2.9488725983e-01 2.9488725983e-01 2.8864892620e-01 2.8889762960e-01 1.5020752333e-04 1.5169692051e-04 1.5178469039e-04 1.4750995956e-04 1.4994186495e-04 1.5095357230e-04 0 0
1141 3.8580534667e-01 3.8316432200e-01 3.8316432200e-01 3.9591926201e-01 3.9327478631e-01 2.8814856686e-01 2.9460749920e-01 2.9460749920e-01 2.8836782607e-01 2.8861458067e-01 1.4708897831e-04 1.4904770796e-04 1.5256245388e-04 1.4492728189e-04 1.4795212337e-04 1.5156203881e-04 0 0
1142 3.8442846872e-01 3.7940264169e-01 3.7940264169e-01 3.9406681816e-01 3.9287765188e-01 2.8787589452e-01 2.9433104332e-01 2.9433104332e-01 2.8808379287e-01 2.8833560228e-01 1.4399361272e-04 1.5248477575e-04 1.5285996778e-04 1.4372027461e-04 1.5023244487e-04 1.4993987133e-04 0 0
1143 3.8553603043e-01 3.8005268055e-01 3.8005268055e-01 3.9425624927e-01 3.9196462876e-01 2.8760424628e-01 2.9405733161e-01 2.9405733161e-01 2.8779624143e-01 2.8805630771e-01 1.4092632519e-04 1.4710737014e-04 1.5367350716e-04 1.4172010273e-04 1.4848988212e-04 1.4986911992e-04 0 0
1144 3.8498649221e-01 3.7906802548e-01 3.7906802548e-01 3.9156526768e-01 3.8790992951e-01 2.8733425520e-01 2.9378105593e-01 2.9378105593e-01 2.8751513892e-01 2.8777635648e-01 1.4593308891e-04 1.4852912136e-04 1.5548166266e-04 1.4350337776e-04 1.4789899433e-04 1.5062285092e-04 0 0
1145 3.8009929750e-01 3.7962002724e-01 3.7962002724e-01 3.8694408624e-01 3.8920333843e-01 2.8706257773e-01 2.9350398992e-01 2.9350398992e-01 2.8723726555e-01 2.8749911445e-01 1.4240403037e-04 1.4599397400e-04 1.5640569472e-04 1.4167215483e-04 1.4622608433e-04 1.5018636623e-04 0 0
1146 3.8191734985e-01 3.8265733104e-01 3.8265733104e-01 3.8530188432e-01 3.8958801432e-01 2.8678852755e-01 2.9322705765e-01 2.9322705765e-01 2.8696346052e-01 2.8721990966e-01 1.3719395871e-04 1.4199621364e-04 1.6041692288e-04 1.3897171164e-04 1.4317969908e-04 1.5262902889e-04 0 0
1147 3.8100993938e-01 3.8127743200e-01 3.8127743200e-01 3.8360717579e-01 3.8797872763e-01 2.8651338699e-01 2.9295071325e-01 2.9295071325e-01 2.8669012635e-01 2.8694125787e-01 1.4050987100e-04 1.4257376461e-04 1.5919602447e-04 1.4063432198e-04 1.4318357717e-04 1.5196090681e-04 0 0
1148 3.7743242962e-01 3.7682340297e-01 3.7682340297e-01 3.8288467685e-01 3.8756193009e-01 2.8623643024e-01 2.9267690560e-01 2.9267690560e-01 2.8641700703e-01 2.8666461162e-01 1.3860990964e-04 1.4234531409e-04 1.5419052943e-04 1.3988107154e-04 1.4281717449e-04 1.4933900820e-04 0 0
1149 3.7272467123e-01 3.7383707847e-01 3.7383707847e-01 3.8258743482e-01 3.8658976812e-01 2.8596756225e-01 2.9240796286e-01 2.9240796286e-01 2.8614942092e-01 2.8639317758e-01 1.4264866826e-04 1.4745732187e-04 1.5061856539e-04 1.3922028102e-04 1.4345674572e-04 1.4664573973e-04 0 0
1150 3.6941651502e-01 3.7223666019e-01 3.7223666019e-01 3.7801573387e-01 3.8639483348e-01 2.8570474087e-01 2.9214422240e-01 2.9214422240e-01 2.8588586795e-01 2.8612210348e-01 1.4316600066e-04 1.5627332323e-04 1.4621252922e-04 1.3754922071e-04 1.4604933676e-04 1.4440623636e-04 0 0
1151 3.6864592768e-01 3.7148011824e-01 3.7148011824e-01 3.7937445569e-01 3.8733193162e-01 2.8544344043e-01 2.9187891628e-01 2.9187891628e-01 2.8562078936e-01 2.8585137414e-01 1.4187384928e-04 1.5378875105e-04 1.4527068561e-04 1.3657539280e-04 1.4474033378e-04 1.4354105224e-04 0 0
1152 3.6914000425e-01 3.7477271822e-01 3.7477271822e-01 3.7929628885e-01 3.8194394840e-01 2.8518033314e-01 2.9161107999e-01 2.9161107999e-01 2.8535060104e-01 2.8557785074e-01 1.3857034768e-04 1.5505160263e-04 1.4509738685e-04 1.3538445890e-04 1.4622849994e-04 1.4386279508e-04 0 0
1153 3.6829904319e-01 3.7143837838e-01 3.7143837838e-01 3.7795043982e-01 3.8145407683e-01 2.8491805093e-01 2.9134185051e-01 2.9134185051e-01 2.8507772934e-01 2.8530390390e-01 1.3852182229e-04 1.4771063434e-04 1.3958321506e-04 1.3488424389e-04 1.4314587315e-04 1.4080145775e-04 0 0
1154 3.7193247771e-01 3.7288934068e-01 3.7288934068e-01 3.7478132130e-01 3.7982771481e-01 2.8465260936e-01 2.9107131430e-01 2.9107131430e-01 2.8480811174e-01 2.8503329166e-01 1.3472283592e-04 1.4284732606e-04 1.4356159954e-04 1.3361395492e-04 1.3967983978e-04 1.4142348664e-04 0 0
1155 3.6913120192e-01 3.7076648536e-01 3.7076648536e-01 3.7154899957e-01 3.7886485754e-01 2.8438455406e-01 2.9080268982e-01 2.9080268982e-01 2.8453941129e-01 2.8476058183e-01 1.3578641743e-04 1.3519518689e-04 1.4353021834e-04 1.3463309401e-04 1.3526740076e-04 1.4135476522e-04 0 0
1156 3.6489253444e-01 3.6980751389e-01 3.6980751389e-01 3.7382452982e-01 3.7922197146e-01 2.8412130923e-01 2.9052851304e-01 2.9052851304e-01 2.8426938239e-01 2.8449104533e-01 1.3497306879e-04 1.2991467520e-04 1.5071644884e-04 1.3271914581e-04 1.3271500211e-04 1.4355300664e-04 0 0
1157 3.6506049768e-01 3.6766220412e-01 3.6766220412e-01 3.7386847939e-01 3.7241193152e-01 2.8385922711e-01 2.9025707016e-01 2.9025707016e-01 2.8400228534e-01 2.8422709260e-01 1.2812049168e-04 1.3344871695e-04 1.5854473895e-04 1.2866136807e-04 1.3383748592e-04 1.4547594765e-04 0 0
1158 3.6413782891e-01 3.6106774511e-01 3.6106774511e-01 3.7348177161e-01 3.6908498350e-01 2.8359874360e-01 2.8999548522e-01 2.8999548522e-01 2.8373672954e-01 2.8396062339e-01 1.2984412177e-04 1.3400772150e-04 1.4509920584e-04 1.2879908599e-04 1.3369986118e-04 1.3957076590e-04 0 0
1159 3.6200857953e-01 3.5858687766e-01 3.5858687766e-01 3.7352791324e-01 3.7245889207e-01 2.8333797534e-01 2.8973645844e-01 2.8973645844e-01 2.8347088129e-01 2.8369712091e-01 1.3044506416e-04 1.3628041052e-04 1.3871082047e-04 1.2891330016e-04 1.3453428255e-04 1.3541249064e-04 0 0
1160 3.6105012880e-01 3.6183246778e-01 3.6183246778e-01 3.6901580628e-01 3.7397154331e-01 2.8308680593e-01 2.8948084602e-01 2.8948084602e-01 2.8320018688e-01 2.8343108157e-01 1.3503988001e-04 1.3413271517e-04 1.3644545834e-04 1.2863133960e-04 1.3429413957e-04 1.3478592882e-04 0 0
1161 3.5857757526e-01 3.6175182348e-01 3.6175182348e-01 3.6484135299e-01 3.7312208286e-01 2.8283518923e-01 2.8921801906e-01 2.8921801906e-01 2.8293941403e-01 2.8316663155e-01 1.3625996854e-04 1.3513543672e-04 1.3847826631e-04 1.2920799267e-04 1.3219314133e-04 1.3531374861e-04 0 0
1162 3.6030491862e-01 3.6135961035e-01 3.6135961035e-01 3.6370282426e-01 3.7142004550e-01 2.8258596116e-01 2.8895359070e-01 2.8895359070e-01 2.8268176058e-01 2.8290053595e-01 1.3910956400e-04 1.3349980873e-04 1.3609934103e-04 1.2971289821e-04 1.3031419803e-04 1.3454686268e-04 0 0
1163 3.5590237982e-01 3.6294913749e-01 3.6294913749e-01 3.6253000975e-01 3.7181814539e-01 2.8233302849e-01 2.8868937978e-01 2.8868937978e-01 2.8242102694e-01 2.8263009708e-01 1.4000878692e-04 1.3320145808e-04 1.3074639719e-04 1.3096279248e-04 1.3045097876e-04 1.3271155331e-04 0 0
1164 3.5601379239e-01 3.6294515506e-01 3.6294515506e-01 3.6010085536e-01 3.6843629152e-01 2.8208005806e-01 2.8842500940e-01 2.8842500940e-01 2.8216497712e-01 2.8236198962e-01 1.3069712676e-04 1.3633570052e-04 1.3256422972e-04 1.2640947928e-04 1.3061666687e-04 1.3255138037e-04 0 0
1165 3.5770130004e-01 3.5647961177e-01 3.5647961177e-01 3.5871838235e-01 3.6512429317e-01 2.8182864039e-01 2.8816437364e-01 2.8816437364e-01 2.8191126282e-01 2.8209921406e-01 1.2916199030e-04 1.3636848598e-04 1.3234330254e-04 1.2498881570e-04 1.3000080799e-04 1.3085099636e-04 0 0
1166 3.5646598963e-01 3.5247980819e-01 3.5247980819e-01 3.5982232915e-01 3.6663609811e-01 2.8157337171e-01 2.8790592689e-01 2.8790592689e-01 2.8165658148e-01 2.8183975256e-01 1.2592223918e-04 1.3200206740e-04 1.2771908951e-04 1.2398610393e-04 1.2795533257e-04 1.2759339006e-04 0 0
1167 3.5767819424e-01 3.5423576392e-01 3.5423576392e-01 3.6103291308e-01 3.6328692457e-01 2.8131576535e-01 2.8764768226e-01 2.8764768226e-01 2.8140238640e-01 2.8157931818e-01 1.2351780091e-04 1.3484736701e-04 1.3320232392e-04 1.2298155988e-04 1.2906971824e-04 1.3020000188e-04 0 0
1168 3.6110286964e-01 3.5145048900e-01 3.5145048900e-01 3.5806314860e-01 3.6112529242e-01 2.8106019277e-01 2.8739227609e-01 2.8739227609e-01 2.8115185422e-01 2.8132374449e-01 1.2601388860e-04 1.4000648662e-04 1.3520431821e-04 1.2336823169e-04 1.3041336206e-04 1.2960960157e-04 0 0
1169 3.5688314378e-01 3.5043488970e-01 3.5043488970e-01 3.5561663962e-01 3.5847719403e-01 2.8080346578e-01 2.8714195403e-01 2.8714195403e-01 2.8089814871e-01 2.8107166445e-01 1.2827266939e-04 1.3307000336e-04 1.3684578880e-04 1.2432289278e-04 1.2766828149e-04 1.2944121409e-04 0 0
1170 3.5620505808e-01 3.4967625367e-01 3.4967625367e-01 3.5628076439e-01 3.5909034117e-01 2.8054242875e-01 2.8689171219e-01 2.8689171219e-01 2.8064705881e-01 2.8081924656e-01 1.2254767480e-04 1.2922887254e-04 1.3578343351e-04 1.2193395148e-04 1.2492814858e-04 1.2903391325e-04 0 0
1171 3.5707521559e-01 3.5090374157e-01 3.5090374157e-01 3.5514760444e-01 3.5784683995e-01 2.8027782241e-01 2.8663722053e-01 2.8663722053e-01 2.8039166433e-01 2.8056679940e-01 1.2095032469e-04 1.2867220357e-04 1.3827001385e-04 1.2152482429e-04 1.2541438628e-04 1.3001580373e-04 0 0
1172 3.5778799082e-01 3.4898153864e-01 3.4898153864e-01 3.5493042290e-01 3.5639076338e-01 2.8001015095e-01 2.8638168351e-01 2.8638168351e-01 2.8013613796e-01 2.8031434605e-01 1.2162513583e-04 1.2781487021e-04 1.3782385213e-04 1.2250007246e-04 1.2453980162e-04 1.2948786753e-04 0 0
1173 3.5803988037e-01 3.4675553258e-01 3.4675553258e-01 3.5260966696e-01 3.5785265275e-01 2.7973747044e-01 2.8612853458e-01 2.8612853458e-01 2.7987847079e-01 2.8006217993e-01 1.2046892805e-04 1.2899051217e-04 1.3106860570e-04 1.2304130235e-04 1.2521608005e-04 1.2601218623e-04 0 0
1174 3.5616047233e-01 3.4696441563e-01 3.4696441563e-01 3.5479944223e-01 3.5676893280e-01 2.7947073425e-01 2.8587839347e-01 2.8587839347e-01 2.7962110368e-01 2.7980764719e-01 1.2761561587e-04 1.2666798284e-04 1.2777074153e-04 1.2523913665e-04 1.2363505084e-04 1.2477523705e-04 0 0
1175 3.5502753208e-01 3.4476207086e-01 3.4476207086e-01 3.5393075648e-01 3.5758142220e-01 2.7921107016e-01 2.8562886240e-01 2.8562886240e-01 2.7936406104e-01 2.7954784796e-01 1.3349905199e-04 1.3021841733e-04 1.2240545766e-04 1.2651147860e-04 1.2479280122e-04 1.2292589236e-04 0 0
1176 3.5321594295e-01 3.4473446197e-01 3.4473446197e-01 3.5638395983e-01 3.5599779359e-01 2.7895837179e-01 2.8537489682e-01 2.8537489682e-01 2.7910146474e-01 2.7928808003e-01 1.3949934886e-04 1.2731213792e-04 1.2416993559e-04 1.2767724350e-04 1.2426920875e-04 1.2339126260e-04 0 0
1177 3.5425329966e-01 3.4422144206e-01 3.4422144206e-01 3.5956816561e-01 3.5590654834e-01 2.7870515986e-01 2.8512099104e-01 2.8512099104e-01 2.7883763427e-01 2.7902724488e-01 1.3768502957e-04 1.3104495883e-04 1.2277237693e-04 1.2693948675e-04 1.2622723443e-04 1.2253601017e-04 0 0
1178 3.5750326701e-01 3.4470366275e-01 3.4470366275e-01 3.5956667888e-01 3.5238906795e-01 2.7844387443e-01 2.8486442252e-01 2.8486442252e-01 2.7857098741e-01 2.7876561291e-01 1.3135196335e-04 1.3212430349e-04 1.2368951138e-04 1.2590011547e-04 1.2752895418e-04 1.2268139108e-04 0 0
1179 3.5640202522e-01 3.4481131833e-01 3.4481131833e-01 3.5744915400e-01 3.5617723313e-01 2.7817729116e-01 2.8460725940e-01 2.8460725940e-01 2.7830605067e-01 2.7850409932e-01 1.2742323054e-04 1.3370399392e-04 1.2342549599e-04 1.2513233588e-04 1.2800029799e-04 1.2217186304e-04 0 0
1180 3.5462904815e-01 3.4881130960e-01 3.4881130960e-01 3.5497224633e-01 3.5673224906e-01 2.7791398053e-01 2.8434675208e-01 2.8434675208e-01 2.7804706965e-01 2.7824287358e-01 1.2556856147e-04 1.3609195594e-04 1.3139275688e-04 1.2311980927e-04 1.2771532056e-04 1.2570103718e-04 0 0
1181 3.5036412150e-01 3.4963614079e-01 3.4963614079e-01 3.5283476047e-01 3.5625581669e-01 2.7764832392e-01 2.8408159424e-01 2.8408159424e-01 2.7778766923e-01 2.7797271593e-01 1.2039569457e-04 1.3263605797e-04 1.2847061589e-04 1.2072961846e-04 1.2620810594e-04 1.2620112102e-04 0 0
1182 3.5172347411e-01 3.5166411521e-01 3.5166411521e-01 3.5589262821e-01 3.5982142714e-01 2.7738226004e-01 2.8380919867e-01 2.8380919867e-01 2.7752955321e-01 2.7770628657e-01 1.1520543431e-04 1.3105478865e-04 1.3033701543e-04 1.1779991243e-04 1.2518000585e-04 1.2640418572e-04 0 0
1183 3.5054348433e-01 3.5332067394e-01 3.5332067394e-01 3.5871006906e-01 3.5550598065e-01 2.7711752185e-01 2.8354180474e-01 2.8354180474e-01 2.7726677038e-01 2.7744215038e-01 1.1905210268e-04 1.2992906704e-04 1.3423187920e-04 1.1899499939e-04 1.2571337720e-04 1.2796674855e-04 0 0
1184 3.4828161104e-01 3.4650852115e-01 3.4650852115e-01 3.5586345683e-01 3.5483325361e-01 2.7685300579e-01 2.8327456017e-01 2.8327456017e-01 2.7699928812e-01 2.7718239364e-01 1.1693534321e-04 1.2862434960e-04 1.3152384054e-04 1.1771075695e-04 1.2596175657e-04 1.2558962771e-04 0 0
1185 3.4686409224e-01 3.4769785557e-01 3.4769785557e-01 3.5317879577e-01 3.5429645946e-01 2.7659157172e-01 2.8301009386e-01 2.8301009386e-01 2.7673488940e-01 2.7692295013e-01 1.1517461570e-04 1.2441493163e-04 1.3066351676e-04 1.1631654885e-04 1.2283475371e-04 1.2506564235e-04 0 0
1186 3.4200907727e-01 3.4926567018e-01 3.4926567018e-01 3.5161581231e-01 3.5504716459e-01 2.7633546227e-01 2.8274694820e-01 2.8274694820e-01 2.7647315352e-01 2.7666378001e-01 1.1586304115e-04 1.2310254533e-04 1.3119459618e-04 1.1548905701e-04 1.2123780834e-04 1.2525825878e-04 0 0
1187 3.4243949994e-01 3.5028982807e-01 3.5028982807e-01 3.4913999600e-01 3.5571563447e-01 2.7608099681e-01 2.8248246672e-01 2.8248246672e-01 2.7620918656e-01 2.7640299941e-01 1.1153029466e-04 1.2114681886e-04 1.3398801093e-04 1.1264301121e-04 1.2034658721e-04 1.2686182163e-04 0 0
1188 3.4057334304e-01 3.4897552870e-01 3.4897552870e-01 3.4863521070e-01 3.5229973449e-01 2.7582749158e-01 2.8221460542e-01 2.8221460542e-01 2.7594969380e-01 2.7614086899e-01 1.1233428811e-04 1.2435216922e-04 1.3485615636e-04 1.1260220646e-04 1.2052226884e-04 1.2735185737e-04 0 0
1189 3.3865394089e-01 3.4378180573e-01 3.4378180573e-01 3.4504949003e-01 3.5115534995e-01 2.7557522219e-01 2.8194800680e-01 2.8194800680e-01 2.7569313695e-01 2.7588278097e-01 1.1216283405e-04 1.2880303984e-04 1.3072376896e-04 1.1222921186e-04 1.2186545791e-04 1.2402213906e-04 0 0
1190 3.4128511092e-01 3.4354059387e-01 3.4354059387e-01 3.4370703185e-01 3.4984627881e-01 2.7532594538e-01 2.8168474536e-01 2.8168474536e-01 2.7543791489e-01 2.7562133166e-01 1.1256854067e-04 1.2435361714e-04 1.2540723401e-04 1.1162718298e-04 1.1942864876e-04 1.2185360538e-04 0 0
1191 3.3823357845e-01 3.4260330978e-01 3.4260330978e-01 3.4182623941e-01 3.5145129392e-01 2.7507252982e-01 2.8142157912e-01 2.8142157912e-01 2.7518702836e-01 2.7535744830e-01 1.1265500397e-04 1.2408816838e-04 1.2123003762e-04 1.1230817112e-04 1.1832276141e-04 1.2003478332e-04 0 0
1192 3.3864122722e-01 3.4117802864e-01 3.4117802864e-01 3.4164710646e-01 3.4998752679e-01 2.7481904171e-01 2.8115892216e-01 2.8115892216e-01 2.7494041035e-01 2.7509585719e-01 1.0897349196e-04 1.2219756172e-04 1.2233842426e-04 1.1036325712e-04 1.1638434444e-04 1.1977300892e-04 0 0
1193 3.4329907166e-01 3.3808216553e-01 3.3808216553e-01 3.4081141712e-01 3.4741995582e-01 2.7456511837e-01 2.8090223977e-01 2.8090223977e-01 2.7468821707e-01 2.7483582940e-01 1.1029284072e-04 1.1659257507e-04 1.2170722039e-04 1.1107204667e-04 1.1464871568e-04 1.1896661090e-04 0 0
1194 3.4244743830e-01 3.3460267596e-01 3.3460267596e-01 3.4039236325e-01 3.4495710439e-01 2.7430631309e-01 2.8065129300e-01 2.8065129300e-01 2.7443657927e-01 2.7457763378e-01 1.1365011295e-04 1.1469117453e-04 1.1793744125e-04 1.1367080922e-04 1.1325331434e-04 1.1676470604e-04 0 0
1195 3.4032913237e-01 3.3219579098e-01 3.3219579098e-01 3.3942495156e-01 3.4305745229e-01 2.7404801770e-01 2.8040453260e-01 2.8040453260e-01 2.7419108919e-01 2.7432388154e-01 1.1295532724e-04 1.1933681162e-04 1.1581066792e-04 1.1315606829e-04 1.1410495063e-04 1.1475400242e-04 0 0
1196 3.3784424564e-01 3.3171432180e-01 3.3171432180e-01 3.3823483360e-01 3.4214771044e-01 2.7379456686e-01 2.8016151131e-01 2.8016151131e-01 2.7394595322e-01 2.7407329620e-01 1.1037899979e-04 1.2184696243e-04 1.1553407967e-04 1.1074270326e-04 1.1519289910e-04 1.1374541646e-04 0 0
1197 3.3591128862e-01 3.3198147569e-01 3.3198147569e-01 3.3830937997e-01 3.4219866570e-01 2.7354531370e-01 2.7991747439e-01 2.7991747439e-01 2.7370153942e-01 2.7381960407e-01 1.1139690085e-04 1.2461139704e-04 1.1254635683e-04 1.1017200286e-04 1.1604014799e-04 1.1268029994e-04 0 0
1198 3.3336005302e-01 3.3249972336e-01 3.3249972336e-01 3.3916030733e-01 3.3975515499e-01 2.7329677859e-01 2.7966667112e-01 2.7966667112e-01 2.7345088457e-01 2.7356930936e-01 1.0803077604e-04 1.2096242426e-04 1.1622679813e-04 1.0832917551e-04 1.1556730533e-04 1.1349160559e-04 0 0
1199 3.3451038573e-01 3.3250698340e-01 3.3250698340e-01 3.4428741902e-01 3.3881041988e-01 2.7304871012e-01 2.7941872779e-01 2.7941872779e-01 2.7319271743e-01 2.7331753114e-01 1.0617374786e-04 1.1473374616e-04 1.1371347864e-04 1.0725626582e-04 1.1425069533e-04 1.1246665963e-04 0 0
1200 3.3354267813e-01 3.3169746451e-01 3.3169746451e-01 3.4094652596e-01 3.3908242624e-01 2.7279793934e-01 2.7916885203e-01 2.7916885203e-01 2.7293739520e-01 2.7306718199e-01 1.0852278286e-04 1.1842532695e-04 1.1446751159e-04 1.0872518644e-04 1.1541773347e-04 1.1251174874e-04 0 0
1201 3.3164167451e-01 3.3211709203e-01 3.3211709203e-01 3.3869784189e-01 3.3988112965e-01 2.7254574344e-01 2.7891978637e-01 2.7891978637e-01 2.7268407970e-01 2.7281998988e-01 1.0819577050e-04 1.1376779003e-04 1.2045511539e-04 1.0861870193e-04 1.1250190801e-04 1.1457092478e-04 0 0
1202 3.2944736850e-01 3.3191403957e-01 3.3191403957e-01 3.3779760966e-01 3.4021562545e-01 2.7230235953e-01 2.7867075135e-01 2.7867075135e-01 2.7243525216e-01 2.7256886428e-01 1.1443980456e-04 1.1166169861e-04 1.2146181325e-04 1.0973055891e-04 1.1036724027e-04 1.1567968613e-04 0 0
1203 3.2392465365e-01 3.3207592383e-01 3.3207592383e-01 3.3535753341e-01 3.4195087846e-01 2.7206628368e-01 2.7841622271e-01 2.7841622271e-01 2.7218766592e-01 2.7231268194e-01 1.1955620925e-04 1.1130810890e-04 1.2038608475e-04 1.1032002033e-04 1.0990955707e-04 1.1622964303e-04 0 0
1204 3.2702120232e-01 3.3164797708e-01 3.3164797708e-01 3.3670782951e-01 3.3740747161e-01 2.7182452041e-01 2.7816246184e-01 2.7816246184e-01 2.7193915699e-01 2.7206232082e-01 1.0878490043e-04 1.0777505668e-04 1.2132411575e-04 1.0603252390e-04 1.0823845878e-04 1.1546996393e-04 0 0
1205 3.3224092608e-01 3.2700063299e-01 3.2700063299e-01 3.3875371080e-01 3.3411215686e-01 2.7157780276e-01 2.7791737679e-01 2.7791737679e-01 2.7168800890e-01 2.7181616578e-01 1.0922070336e-04 1.0860764814e-04 1.1830282892e-04 1.0705423278e-04 1.0905397721e-04 1.1293331409e-04 0 0
1206 3.3395591998e-01 3.2530997377e-01 3.2530997377e-01 3.3866839734e-01 3.3331910390e-01 2.7132664016e-01 2.7767359138e-01 2.7767359138e-01 2.7143675214e-01 2.7156962395e-01 1.0837134042e-04 1.1009765512e-04 1.1442356845e-04 1.0778235866e-04 1.0965416732e-04 1.1090491535e-04 0 0
1207 3.3586566672e-01 3.2427498893e-01 3.2427498893e-01 3.3505628372e-01 3.3316181766e-01 2.7107041276e-01 2.7742799467e-01 2.7742799467e-01 2.7118812893e-01 2.7132690751e-01 1.0544780556e-04 1.1169667778e-04 1.1587165864e-04 1.0750257139e-04 1.0964432659e-04 1.1072241250e-04 0 0
1208 3.3414837804e-01 3.2632264633e-01 3.2632264633e-01 3.2962951068e-01 3.3227581596e-01 2.7081137626e-01 2.7718544017e-01 2.7718544017e-01 2.7094159455e-01 2.7107945928e-01 1.0678070144e-04 1.0862946874e-04 1.1300383267e-04 1.0852993294e-04 1.0745451073e-04 1.1038033699e-04 0 0
1209 3.3181062077e-01 3.2604667408e-01 3.2604667408e-01 3.3187481757e-01 3.3552751433e-01 2.7055615154e-01 2.7693914254e-01 2.7693914254e-01 2.7069692276e-01 2.7082886753e-01 1.0571830212e-04 1.0382059554e-04 1.1004186308e-04 1.0701698607e-04 1.0451528578e-04 1.0936252875e-04 0 0
1210 3.3087763597e-01 3.2754139999e-01 3.2754139999e-01 3.3538901387e-01 3.3364799916e-01 2.7030401850e-01 2.7668977672e-01 2.7668977672e-01 2.7044669331e-01 2.7058122462e-01 1.0369589319e-04 1.0363355977e-04 1.1550557247e-04 1.0526801251e-04 1.0537814524e-04 1.1115740199e-04 0 0
1211 3.3289490826e-01 3.2385076759e-01 3.2385076759e-01 3.3646481458e-01 3.2965320967e-01 2.7004879530e-01 2.7644480117e-01 2.7644480117e-01 2.7019182999e-01 2.7033314752e-01 1.0273104475e-04 1.0770120934e-04 1.1118449765e-04 1.0523428895e-04 1.0818539886e-04 1.0898459368e-04 0 0
1212 3.3445450736e-01 3.1837411858e-01 3.1837411858e-01 3.3751675216e-01 3.2874186396e-01 2.6979032042e-01 2.7620019748e-01 2.7620019748e-01 2.6993557664e-01 2.7008948148e-01 1.0346687317e-04 1.0668942923e-04 1.0815381029e-04 1.0605325069e-04 1.0810649110e-04 1.0631908663e-04 0 0
1213 3.3290203917e-01 3.2014543550e-01 3.2014543550e-01 3.3620946986e-01 3.3088411379e-01 2.6953498628e-01 2.7596211987e-01 2.7596211987e-01 2.6968107684e-01 2.6984393878e-01 1.0815088345e-04 1.1051310139e-04 1.0561125600e-04 1.0761767079e-04 1.0986136840e-04 1.0525842663e-04 0 0
1214 3.3207899473e-01 3.2295708890e-01 3.2295708890e-01 3.3214026653e-01 3.3619475010e-01 2.6928139948e-01 2.7572299015e-01 2.7572299015e-01 2.6943151861e-01 2.6959170224e-01 1.0761885376e-04 1.1417891801e-04 1.0536053378e-04 1.0699100214e-04 1.1028874724e-04 1.0642049529e-04 0 0
1215 3.3191995491e-01 3.2653202800e-01 3.2653202800e-01 3.2950531052e-01 3.3822974858e-01 2.6902727096e-01 2.7547614993e-01 2.7547614993e-01 2.6918221108e-01 2.6933650401e-01 1.0708004782e-04 1.1016872668e-04 1.0975874102e-04 1.0687437507e-04 1.0786866915e-04 1.0917140753e-04 0 0
1216 3.3120970571e-01 3.2735125959e-01 3.2735125959e-01 3.3419468669e-01 3.3837662596e-01 2.6877275012e-01 2.7522638098e-01 2.7522638098e-01 2.6893481286e-01 2.6908057780e-01 1.0915315811e-04 1.1134269153e-04 1.0884417134e-04 1.0784369362e-04 1.0797098366e-04 1.0886372911e-04 0 0
1217 3.2926782351e-01 3.2709023257e-01 3.2709023257e-01 3.3289569354e-01 3.3554039817e-01 2.6852330693e-01 2.7497417625e-01 2.7497417625e-01 2.6868503826e-01 2.6882556875e-01 1.1341387240e-04 1.1671410539e-04 1.1098262621e-04 1.0860611849e-04 1.1106087914e-04 1.0983550601e-04 0 0
1218 3.2565940056e-01 3.2410174867e-01 3.2410174867e-01 3.3093340939e-01 3.3219969768e-01 2.6827757932e-01 2.7472295439e-01 2.7472295439e-01 2.6843130377e-01 2.6857680704e-01 1.1455302370e-04 1.1321093916e-04 1.1229078518e-04 1.0821067584e-04 1.1001659732e-04 1.0903120346e-04 0 0
1219 3.2474029163e-01 3.2274045931e-01 3.2274045931e-01 3.3186691369e-01 3.3163980031e-01 2.6803433997e-01 2.7447606558e-01 2.7447606558e-01 2.6818199212e-01 2.6832718018e-01 1.1238062237e-04 1.1508012904e-04 1.0876577289e-04 1.0657477570e-04 1.0977504280e-04 1.0705510431e-04 0 0
1220 3.2483933862e-01 3.2379185482e-01 3.2379185482e-01 3.3312198075e-01 3.3273826804e-01 2.6779019169e-01 2.7422633695e-01 2.7422633695e-01 2.6792951869e-01 2.6807306418e-01 1.0832389217e-04 1.1222439934e-04 1.0859822942e-04 1.0476169858e-04 1.0914617451e-04 1.0764181570e-04 0 0
1221 3.2527689345e-01 3.2563497704e-01 3.2563497704e-01 3.3474970015e-01 3.3297696908e-01 2.6754502312e-01 2.7397279310e-01 2.7397279310e-01 2.6767454291e-01 2.6781941671e-01 1.0721053853e-04 1.0935868340e-04 1.1155394532e-04 1.0437467439e-04 1.0832183762e-04 1.0910149285e-04 0 0
1222 3.2304772982e-01 3.2475360737e-01 3.2475360737e-01 3.3236346174e-01 3.3185811437e-01 2.6730181050e-01 2.7371876687e-01 2.7371876687e-01 2.6742234295e-01 2.6757048202e-01 1.0746600285e-04 1.1233614350e-04 1.1672462279e-04 1.0408089115e-04 1.0898810433e-04 1.1053855633e-04 0 0
1223 3.2078527206e-01 3.2252751893e-01 3.2252751893e-01 3.2759951055e-01 3.3030377383e-01 2.6706026257e-01 2.7346625064e-01 2.7346625064e-01 2.6716964276e-01 2.6732158215e-01 1.0434082454e-04 1.0858141104e-04 1.1709443788e-04 1.0229283532e-04 1.0701414431e-04 1.1041151811e-04 0 0
1224 3.2287769964e-01 3.2366682667e-01 3.2366682667e-01 3.2671788408e-01 3.3224080429e-01 2.6681884944e-01 2.7321322507e-01 2.7321322507e-01 2.6691930774e-01 2.6706940310e-01 1.0084329246e-04 1.0387671500e-04 1.1351957437e-04 1.0042817811e-04 1.0408703747e-04 1.0934662350e-04 0 0
1225 3.2345986634e-01 3.2436969415e-01 3.2436969415e-01 3.2585124786e-01 3.3252280187e-01 2.6657428208e-01 2.7296071239e-01 2.7296071239e-01 2.6667064697e-01 2.6681576859e-01 1.0092390395e-04 1.0333095270e-04 1.1234564954e-04 1.0070485116e-04 1.0343013491e-04 1.0924001981e-04 0 0
1226 3.2497257395e-01 3.2114202967e-01 3.2114202967e-01 3.2678016175e-01 3.3068148569e-01 2.6632618825e-01 2.7271047216e-01 2.7271047216e-01 2.6642216743e-01 2.6656588147e-01 9.9863211524e-05 1.0232755812e-04 1.1351659850e-04 1.0061491723e-04 1.0288685007e-04 1.0886456221e-04 0 0
1227 3.2297196219e-01 3.1791778081e-01 3.1791778081e-01 3.2339537368e-01 3.2700427566e-01 2.6608132037e-01 2.7246402455e-01 2.7246402455e-01 2.6617721259e-01 2.6631599590e-01 1.0396822046e-04 1.0555128756e-04 1.0936859690e-04 1.0200442080e-04 1.0374225531e-04 1.0651766206e-04 0 0
1228 3.2223744211e-01 3.1578629593e-01 3.1578629593e-01 3.2035401631e-01 3.2720356093e-01 2.6583642475e-01 2.7221842457e-01 2.7221842457e-01 2.6593651585e-01 2.6607026656e-01 1.0064702760e-04 1.0608789307e-04 1.0765632396e-04 1.0025002320e-04 1.0303282761e-04 1.0467304310e-04 0 0
1229 3.1807009631e-01 3.1816604220e-01 3.1816604220e-01 3.1983657915e-01 3.2392752089e-01 2.6558949872e-01 2.7197739569e-01 2.7197739569e-01 2.6569648640e-01 2.6582635874e-01 9.8594686450e-05 1.0455228767e-04 1.0969081268e-04 9.9306260984e-05 1.0210544497e-04 1.0532569286e-04 0 0
1230 3.1707574416e-01 3.1639991566e-01 3.1639991566e-01 3.2208768889e-01 3.2332401090e-01 2.6534320872e-01 2.7173680072e-01 2.7173680072e-01 2.6545362726e-01 2.6558056314e-01 9.5843980072e-05 1.0258775001e-04 1.0660796033e-04 9.7493107244e-05 1.0155536438e-04 1.0425257278e-04 0 0
1231 3.1967714641e-01 3.1595377889e-01 3.1595377889e-01 3.2485169938e-01 3.2321266763e-01 2.6509845148e-01 2.7149351136e-01 2.7149351136e-01 2.6520896116e-01 2.6534111594e-01 9.5975423768e-05 1.0425750588e-04 1.1022105173e-04 9.7183495109e-05 1.0236837988e-04 1.0457429016e-04 0 0
1232 3.1766824970e-01 3.1350164818e-01 3.1350164818e-01 3.2206616876e-01 3.2004469559e-01 2.6485410028e-01 2.7125468803e-01 2.7125468803e-01 2.6496370450e-01 2.6510434848e-01 9.6633794543e-05 1.0625430150e-04 1.1260210522e-04 9.7497225488e-05 1.0320500223e-04 1.0503815429e-04 0 0
1233 3.1671181072e-01 3.1133385274e-01 3.1133385274e-01 3.1870864873e-01 3.2101101134e-01 2.6461082708e-01 2.7101675250e-01 2.7101675250e-01 2.6471867991e-01 2.6486403000e-01 9.6483136426e-05 1.0385146743e-04 1.0497824405e-04 9.7056703049e-05 1.0192812260e-04 1.0207630476e-04 0 0
1234 3.1604721473e-01 3.1354588488e-01 3.1354588488e-01 3.2020434292e-01 3.2384446958e-01 2.6436693900e-01 2.7077722312e-01 2.7077722312e-01 2.6447461702e-01 2.6462380127e-01 9.5235799262e-05 9.9887627584e-05 1.0694473531e-04 9.6276873732e-05 9.9680066342e-05 1.0281047071e-04 0 0
1235 3.1620610104e-01 3.1546833994e-01 3.1546833994e-01 3.1889031827e-01 3.2391307968e-01 2.6412355925e-01 2.7053909989e-01 2.7053909989e-01 2.6423164239e-01 2.6437890636e-01 9.4339321750e-05 1.0114170800e-04 1.0690552153e-04 9.5660230402e-05 9.9818007584e-05 1.0348175419e-04 0 0
1236 3.1761247989e-01 3.1357155902e-01 3.1357155902e-01 3.1874423738e-01 3.2200869086e-01 2.6388086473e-01 2.7029419008e-01 2.7029419008e-01 2.6399075233e-01 2.6413446534e-01 9.5670656937e-05 1.0163268234e-04 1.0627462689e-04 9.6120221829e-05 9.9304401374e-05 1.0279443086e-04 0 0
1237 3.1760166972e-01 3.1168470125e-01 3.1168470125e-01 3.1770112435e-01 3.2009507351e-01 2.6363711196e-01 2.7004954363e-01 2.7004954363e-01 2.6374560142e-01 2.6389308105e-01 9.8027422693e-05 9.9271419458e-05 1.0735477190e-04 9.7160282710e-05 9.8956523289e-05 1.0250932246e-04 0 0
1238 3.1441918979e-01 3.1115430529e-01 3.1115430529e-01 3.1614677583e-01 3.1830217427e-01 2.6339172491e-01 2.6980824117e-01 2.6980824117e-01 2.6350388241e-01 2.6365289509e-01 9.9262702354e-05 9.8551307019e-05 1.0532555825e-04 9.7714455097e-05 9.8033611721e-05 1.0123355605e-04 0 0
1239 3.1386348383e-01 3.0995635502e-01 3.0995635502e-01 3.1450929569e-01 3.1713954406e-01 2.6315156590e-01 2.6956724391e-01 2.6956724391e-01 2.6326362858e-01 2.6341344639e-01 1.0149376003e-04 9.9613487691e-05 1.0495108290e-04 9.7607920855e-05 9.8104464996e-05 1.0075794125e-04 0 0
1240 3.1209972393e-01 3.0870487530e-01 3.0870487530e-01 3.1596105435e-01 3.1706807890e-01 2.6291708725e-01 2.6932712218e-01 2.6932712218e-01 2.6302218627e-01 2.6317562147e-01 1.0619161584e-04 9.8333734059e-05 1.0637590458e-04 9.8735338592e-05 9.7389685834e-05 1.0077068873e-04 0 0
1241 3.1159908842e-01 3.0849531270e-01 3.0849531270e-01 3.1510332588e-01 3.1781414140e-01 2.6267904508e-01 2.6908829016e-01 2.6908829016e-01 2.6277934603e-01 2.6293461381e-01 1.0276155095e-04 9.8414864624e-05 1.0381293760e-04 9.7891191689e-05 9.7566255135e-05 1.0002844647e-04 0 0
1242 3.1239026625e-01 3.0849795726e-01 3.0849795726e-01 3.1665765303e-01 3.1611322297e-01 2.6244096688e-01 2.6884777606e-01 2.6884777606e-01 2.6253477293e-01 2.6269288009e-01 1.0113315606e-04 9.7753811133e-05 1.0223768913e-04 9.6967832809e-05 9.7466891020e-05 9.9514665635e-05 0 0
1243 3.1170876056e-01 3.0645410976e-01 3.0645410976e-01 3.1633670949e-01 3.1623519362e-01 2.6220194383e-01 2.6861138224e-01 2.6861138224e-01 2.6228994221e-01 2.6245325555e-01 9.8846409292e-05 9.9383618362e-05 9.9267668702e-05 9.5996463621e-05 9.8053664260e-05 9.7616026324e-05 0 0
1244 3.1110670765e-01 3.0658479656e-01 3.0658479656e-01 3.1399842227e-01 3.1635779802e-01 2.6196420116e-01 2.6837652763e-01 2.6837652763e-01 2.6204529929e-01 2.6221193685e-01 9.6165325508e-05 9.9788510852e-05 9.9401975604e-05 9.4580340167e-05 9.7899232060e-05 9.7744050436e-05 0 0
1245 3.1355779714e-01 3.0544315680e-01 3.0544315680e-01 3.1335273567e-01 3.1866289221e-01 2.6172444314e-01 2.6813845629e-01 2.6813845629e-01 2.6180225460e-01 2.6196983264e-01 9.3689984668e-05 9.8602304206e-05 9.9416509329e-05 9.3738544802e-05 9.6865445812e-05 9.7589014331e-05 0 0
1246 3.1317019502e-01 3.0847700542e-01 3.0847700542e-01 3.1509716707e-01 3.1775464505e-01 2.6148651451e-01 2.6789700470e-01 2.6789700470e-01 2.6156143893e-01 2.6172709038e-01 9.7311714556e-05 9.7913292848e-05 1.0204720820e-04 9.4874323415e-05 9.6217023383e-05 9.8834781966e-05 0 0
1247 3.1187512180e-01 3.0814941625e-01 3.0814941625e-01 3.1366982474e-01 3.1594438236e-01 2.6124839130e-01 2.6765503928e-01 2.6765503928e-01 2.6132393459e-01 2.6148462742e-01 9.6866149434e-05 1.0102611486e-04 1.0228905739e-04 9.4427755867e-05 9.7171217931e-05 9.8797991086e-05 0 0
1248 3.0954313761e-01 3.0677918626e-01 3.0677918626e-01 3.1120513332e-01 3.1327131421e-01 2.6101047803e-01 2.6741270014e-01 2.6741270014e-01 2.6108824767e-01 2.6124430613e-01 9.4670572025e-05 1.0279233175e-04 1.0437540186e-04 9.3219288972e-05 9.7495325463e-05 9.9103348475e-05 0 0
1249 3.0662383550e-01 3.0536805466e-01 3.0536805466e-01 3.0992037779e-01 3.1260699214e-01 2.6077574489e-01 2.6717187545e-01 2.6717187545e-01 2.6085419600e-01 2.6100621368e-01 9.2609183601e-05 1.0244134319e-04 1.0440756523e-04 9.1557025732e-05 9.6865634987e-05 9.8391301435e-05 0 0
1250 3.0411232239e-01 3.0425885199e-01 3.0425885199e-01 3.1044615981e-01 3.1301541367e-01 2.6054157784e-01 2.6693043449e-01 2.6693043449e-01 2.6062003038e-01 2.6076994188e-01 8.9622893221e-05 1.0231817578e-04 1.0564892000e-04 8.9863307452e-05 9.6911036962e-05 9.8669566796e-05 0 0
1251 3.0458041016e-01 3.0492978367e-01 3.0492978367e-01 3.1064914048e-01 3.1359253354e-01 2.6030689862e-01 2.6669071274e-01 2.6669071274e-01 2.6038410911e-01 2.6053109301e-01 8.7607915631e-05 1.0077140541e-04 1.0218497482e-04 8.8715264613e-05 9.6513413155e-05 9.7775966424e-05 0 0
1252 3.0387822345e-01 3.0329910027e-01 3.0329910027e-01 3.0895475355e-01 3.1219495100e-01 2.6007379868e-01 2.6645216832e-01 2.6645216832e-01 2.6014749891e-01 2.6029271915e-01 8.8354923372e-05 1.0011951963e-04 9.9720418802e-05 8.8666283468e-05 9.6053474408e-05 9.6456173196e-05 0 0
1253 3.0010094512e-01 3.0275056857e-01 3.0275056857e-01 3.0821779292e-01 3.1203753032e-01 2.5984279825e-01 2.6621779543e-01 2.6621779543e-01 2.5991318943e-01 2.6005310574e-01 8.7382393015e-05 9.8556869489e-05 9.6907453553e-05 8.7872433244e-05 9.4521881692e-05 9.5164210506e-05 0 0
1254 3.0027743093e-01 3.0207361282e-01 3.0207361282e-01 3.0483852748e-01 3.1227802648e-01 2.5961247378e-01 2.6598417098e-01 2.6598417098e-01 2.5967832717e-01 2.5981094071e-01 8.4573596102e-05 9.7149139037e-05 9.3801187177e-05 8.6327636666e-05 9.3842805654e-05 9.4033493951e-05 0 0
1255 2.9847672954e-01 3.0183049287e-01 3.0183049287e-01 3.0405449295e-01 3.1385186864e-01 2.5938496218e-01 2.6574899534e-01 2.6574899534e-01 2.5944757750e-01 2.5956897516e-01 8.7375428457e-05 9.3595837825e-05 9.3694139650e-05 8.7065831435e-05 9.1346548288e-05 9.3927072157e-05 0 0
1256 2.9535797528e-01 3.0234174802e-01 3.0234174802e-01 3.0302149555e-01 3.1101273137e-01 2.5915782091e-01 2.6551505649e-01 2.6551505649e-01 2.5921816276e-01 2.5932949161e-01 8.5939829715e-05 9.3655333330e-05 9.5103314379e-05 8.6227037257e-05 9.1052126663e-05 9.4045200967e-05 0 0
1257 2.9447494912e-01 2.9965514389e-01 2.9965514389e-01 3.0225053007e-01 3.0760808962e-01 2.5893702264e-01 2.6528286339e-01 2.6528286339e-01 2.5898961980e-01 2.5909047907e-01 8.4895695937e-05 9.4174149126e-05 9.3585564173e-05 8.4518606608e-05 9.0875484602e-05 9.2856302217e-05 0 0
1258 2.9590340579e-01 2.9736339400e-01 2.9736339400e-01 3.0124738031e-01 3.0531886218e-01 2.5871584698e-01 2.6505068161e-01 2.6505068161e-01 2.5876488681e-01 2.5885180785e-01 8.6503920879e-05 9.6630068583e-05 9.0480589279e-05 8.5306626742e-05 9.1169644293e-05 9.0975398052e-05 0 0
1259 2.9421687550e-01 2.9648892496e-01 2.9648892496e-01 2.9905271817e-01 3.0290171244e-01 2.5849302817e-01 2.6481921759e-01 2.6481921759e-01 2.5854241498e-01 2.5861929415e-01 9.0081723083e-05 9.6471627330e-05 9.1768499260e-05 8.7145365766e-05 9.0743258625e-05 9.0508976427e-05 0 0
1260 2.9352518404e-01 2.9374359662e-01 2.9374359662e-01 2.9825060332e-01 3.0357470171e-01 2.5827185356e-01 2.6459087470e-01 2.6459087470e-01 2.5831930653e-01 2.5839135902e-01 9.1040836059e-05 9.3652382930e-05 9.3106376880e-05 8.7019505132e-05 8.9573914011e-05 9.0290577646e-05 0 0
1261 2.9402346702e-01 2.9457028381e-01 2.9457028381e-01 2.9734377178e-01 3.0019041186e-01 2.5805227984e-01 2.6436112383e-01 2.6436112383e-01 2.5809683793e-01 2.5816421654e-01 9.1573747492e-05 9.3007973192e-05 9.7008451121e-05 8.6872427366e-05 8.9035700512e-05 9.1805140983e-05 0 0
1262 2.9463929379e-01 2.9326902896e-01 2.9326902896e-01 2.9565440791e-01 3.0012355228e-01 2.5783305973e-01 2.6413210402e-01 2.6413210402e-01 2.5787596643e-01 2.5793752766e-01 9.0288196871e-05 9.0662342700e-05 9.4560939033e-05 8.6231525097e-05 8.7470631115e-05 9.0375524451e-05 0 0
1263 2.9271613627e-01 2.9385836003e-01 2.9385836003e-01 2.9662096454e-01 2.9851457486e-01 2.5760797165e-01 2.6390685659e-01 2.6390685659e-01 2.5765386604e-01 2.5771265865e-01 8.6927476979e-05 8.6720006948e-05 9.3763879704e-05 8.5637719327e-05 8.5700055934e-05 8.9639539510e-05 0 0
1264 2.9270831230e-01 2.8996394048e-01 2.8996394048e-01 2.9922056453e-01 2.9830701822e-01 2.5738356456e-01 2.6368474733e-01 2.6368474733e-01 2.5742935284e-01 2.5748881768e-01 8.3861737519e-05 8.6119693151e-05 9.2259273515e-05 8.3751635567e-05 8.5820258391e-05 8.8814442279e-05 0 0
1265 2.9659157519e-01 2.8853807045e-01 2.8853807045e-01 2.9629308048e-01 2.9709638322e-01 2.5715646959e-01 2.6346240538e-01 2.6346240538e-01 2.5720307657e-01 2.5726453248e-01 8.2036345988e-05 8.8106040494e-05 9.0924822871e-05 8.3219299736e-05 8.6989974079e-05 8.8251705165e-05 0 0
1266 2.9606058060e-01 2.8739746069e-01 2.8739746069e-01 2.9537608210e-01 2.9527884710e-01 2.5692453118e-01 2.6324268099e-01 2.6324268099e-01 2.5697965033e-01 2.5703989719e-01 8.2745641588e-05 8.7559274107e-05 8.6028299847e-05 8.4419234598e-05 8.5873507487e-05 8.5714975285e-05 0 0
1267 2.9731210874e-01 2.8705793685e-01 2.8705793685e-01 2.9518646015e-01 2.9862949449e-01 2.5669225399e-01 2.6302573986e-01 2.6302573986e-01 2.5675704916e-01 2.5681571862e-01 8.2639766722e-05 8.7699270807e-05 8.4276249254e-05 8.4305785336e-05 8.5652329290e-05 8.4596493252e-05 0 0
1268 2.9847635042e-01 2.8877294059e-01 2.8877294059e-01 2.9332651784e-01 2.9936687750e-01 2.5646034557e-01 2.6280681929e-01 2.6280681929e-01 2.5653750247e-01 2.5658889845e-01 8.3271393519e-05 9.0738642029e-05 8.5807838332e-05 8.4436471461e-05 8.6592721345e-05 8.5841351392e-05 0 0
1269 2.9766292790e-01 2.8889012997e-01 2.8889012997e-01 2.9201611450e-01 2.9663254930e-01 2.5622999607e-01 2.6258165968e-01 2.6258165968e-01 2.5631559748e-01 2.5636066119e-01 8.6829524906e-05 8.9599539933e-05 8.5998977738e-05 8.5887960380e-05 8.6460680905e-05 8.6072981503e-05 0 0
1270 2.9688908880e-01 2.8881113619e-01 2.8881113619e-01 2.9530914960e-01 2.9506654381e-01 2.5600228138e-01 2.6235657429e-01 2.6235657429e-01 2.5609707814e-01 2.5613554205e-01 8.7561648134e-05 9.0599809482e-05 8.5892446805e-05 8.5848936581e-05 8.6041516624e-05 8.5169747763e-05 0 0
1271 2.9656615824e-01 2.8860099139e-01 2.8860099139e-01 2.9801799627e-01 2.9554630169e-01 2.5577651711e-01 2.6213479011e-01 2.6213479011e-01 2.5587483559e-01 2.5591023276e-01 8.9141465030e-05 9.2001435405e-05 8.4828599938e-05 8.6288089185e-05 8.7243115559e-05 8.4521128883e-05 0 0
1272 2.9432859488e-01 2.8866018186e-01 2.8866018186e-01 2.9736500303e-01 2.9302727194e-01 2.5555251454e-01 2.6190996278e-01 2.6190996278e-01 2.5564336183e-01 2.5568604150e-01 9.1925929444e-05 8.8749206043e-05 8.7083550170e-05 8.7094831989e-05 8.7392581918e-05 8.5412313638e-05 0 0
1273 2.9364428340e-01 2.8781184719e-01 2.8781184719e-01 2.9920788473e-01 2.9269779709e-01 2.5532940462e-01 2.6168421896e-01 2.6168421896e-01 2.5541361387e-01 2.5546580042e-01 9.0447015412e-05 8.6222382379e-05 8.9428678621e-05 8.6107162450e-05 8.5798899818e-05 8.5791107267e-05 0 0
1274 2.9676669322e-01 2.8764908854e-01 2.8764908854e-01 2.9782691525e-01 2.9273015718e-01 2.5510559464e-01 2.6145917143e-01 2.6145917143e-01 2.5518248581e-01 2.5524548559e-01 9.1034054759e-05 8.6136395112e-05 9.1974146926e-05 8.6576897182e-05 8.5940839199e-05 8.6883679614e-05 0 0
1275 2.9498952822e-01 2.8858937387e-01 2.8858937387e-01 2.9715745752e-01 2.9789412148e-01 2.5487839800e-01 2.6123230765e-01 2.6123230765e-01 2.5495365417e-01 2.5502025643e-01 9.2218540589e-05 8.8685268565e-05 8.9694403869e-05 8.7716760980e-05 8.6673808255e-05 8.6481297330e-05 0 0
1276 2.9358100984e-01 2.9265003670e-01 2.9265003670e-01 2.9585808850e-01 2.9769722817e-01 2.5465313229e-01 2.6100129433e-01 2.6100129433e-01 2.5472933677e-01 2.5478874302e-01 8.8735007755e-05 9.2480415333e-05 8.9772380306e-05 8.5533591700e-05 8.7661221187e-05 8.7593467470e-05 0 0
1277 2.9366312656e-01 2.9041640784e-01 2.9041640784e-01 2.9431705319e-01 2.9685594629e-01 2.5443026780e-01 2.6076847327e-01 2.6076847327e-01 2.5450489361e-01 2.5455842162e-01 8.7194017186e-05 9.2250978923e-05 8.7500611698e-05 8.4348110927e-05 8.7671611254e-05 8.6324285803e-05 0 0
1278 2.9423635499e-01 2.9049092553e-01 2.9049092553e-01 2.9431687995e-01 2.9755116386e-01 2.5420620138e-01 2.6053828231e-01 2.6053828231e-01 2.5428176525e-01 2.5432578599e-01 8.5156730968e-05 9.2804562883e-05 8.4790313849e-05 8.3603193533e-05 8.7594762590e-05 8.5368494183e-05 0 0
1279 2.9333635645e-01 2.9051418755e-01 2.9051418755e-01 2.9514796783e-01 2.9769044724e-01 2.5397948375e-01 2.6030621454e-01 2.6030621454e-01 2.5405728828e-01 2.5409301095e-01 8.2326748380e-05 9.0844463557e-05 8.6159740022e-05 8.2727846426e-05 8.6721949629e-05 8.5966883489e-05 0 0
1280 2.9140946514e-01 2.8946485097e-01 2.8946485097e-01 2.9682401718e-01 2.9862502230e-01 2.5375611126e-01 2.6007553826e-01 2.6007553826e-01 2.5382768059e-01 2.5386341356e-01 8.4631887579e-05 8.8551318186e-05 8.6673488113e-05 8.3315375701e-05 8.6538515461e-05 8.5633924755e-05 0 0
1281 2.9082909461e-01 2.8949625103e-01 2.8949625103e-01 2.9468611347e-01 2.9649859725e-01 2.5353361640e-01 2.5984757534e-01 2.5984757534e-01 2.5359816767e-01 2.5363327951e-01 8.2192446485e-05 8.8104327006e-05 8.6323521828e-05 8.1786033769e-05 8.6342857685e-05 8.5610525275e-05 0 0
1282 2.8862741825e-01 2.8724782551e-01 2.8724782551e-01 2.9359061522e-01 2.9666948342e-01 2.5330745869e-01 2.5962024709e-01 2.5962024709e-01 2.5337369535e-01 2.5340639485e-01 8.1689044379e-05 8.6947740783e-05 8.7339543825e-05 8.1982451832e-05 8.4780003817e-05 8.5459832917e-05 0 0
1283 2.8935428979e-01 2.8757160632e-01 2.8757160632e-01 2.9288081598e-01 2.9646149262e-01 2.5308553739e-01 2.5939566313e-01 2.5939566313e-01 2.5314950596e-01 2.5318073335e-01 8.0912427322e-05 8.5093277448e-05 8.9758839749e-05 8.0728441428e-05 8.3732371422e-05 8.6250634922e-05 0 0
1284 2.8896204189e-01 2.8748139135e-01 2.8748139135e-01 2.9307120598e-01 2.9612388064e-01 2.5286640207e-01 2.5917025717e-01 2.5917025717e-01 2.5292417102e-01 2.5295096767e-01 8.4089216296e-05 8.4826664533e-05 8.8834764028e-05 8.1724198729e-05 8.3811584773e-05 8.6436746642e-05 0 0
1285 2.8367162999e-01 2.8750163161e-01 2.8750163161e-01 2.9363629821e-01 2.9370174027e-01 2.5264905475e-01 2.5894177877e-01 2.5894177877e-01 2.5270072843e-01 2.5272859672e-01 8.7320687794e-05 8.5522842710e-05 9.4064329460e-05 8.2910790580e-05 8.3904360508e-05 8.7520922534e-05 0 0
1286 2.8388142029e-01 2.8459773825e-01 2.8459773825e-01 2.8936423119e-01 2.9040854133e-01 2.5243635231e-01 2.5872099085e-01 2.5872099085e-01 2.5247993209e-01 2.5250998765e-01 8.5646125428e-05 8.7375101430e-05 9.4266390079e-05 8.1274446439e-05 8.4324776253e-05 8.6933705461e-05 0 0
1287 2.8433344981e-01 2.8315056938e-01 2.8315056938e-01 2.8921997366e-01 2.9286737039e-01 2.5222744486e-01 2.5850147222e-01 2.5850147222e-01 2.5226107567e-01 2.5228885432e-01 8.8607103056e-05 8.6409781943e-05 8.8906450401e-05 8.1995725585e-05 8.3273713244e-05 8.4838717157e-05 0 0
1288 2.8462394098e-01 2.8608368592e-01 2.8608368592e-01 2.8849861362e-01 2.9355244426e-01 2.5201480582e-01 2.5827978194e-01 2.5827978194e-01 2.5204147668e-01 2.5206585613e-01 8.5861490310e-05 8.7527681899e-05 8.8976354164e-05 8.1410262474e-05 8.3737835666e-05 8.5154406406e-05 0 0
1289 2.8446512667e-01 2.8515122030e-01 2.8515122030e-01 2.8797492863e-01 2.9270468732e-01 2.5180102900e-01 2.5805801582e-01 2.5805801582e-01 2.5182604611e-01 2.5184190373e-01 8.4629947904e-05 9.0918172646e-05 8.7208274635e-05 8.0921846321e-05 8.4451803559e-05 8.4561372205e-05 0 0
1290 2.8408895160e-01 2.8334850657e-01 2.8334850657e-01 2.8734909482e-01 2.9094330398e-01 2.5158543742e-01 2.5783565170e-01 2.5783565170e-01 2.5160765377e-01 2.5161815095e-01 8.1354589232e-05 8.6944717623e-05 8.4305094788e-05 7.9619579673e-05 8.3093549620e-05 8.3146078396e-05 0 0
1291 2.8363314484e-01 2.8115187364e-01 2.8115187364e-01 2.8539589225e-01 2.9154433956e-01 2.5136963102e-01 2.5761565161e-01 2.5761565161e-01 2.5138844101e-01 2.5139549954e-01 7.8707466197e-05 8.5350478912e-05 8.2943392044e-05 7.8373156167e-05 8.2502036094e-05 8.2083675807e-05 0 0
1292 2.8388799898e-01 2.8123018407e-01 2.8123018407e-01 2.8583117118e-01 2.9089781437e-01 2.5115096373e-01 2.5739794147e-01 2.5739794147e-01 2.5117562724e-01 2.5117022221e-01 7.9041884105e-05 8.4304676420e-05 8.1934533227e-05 7.8834335025e-05 8.0886391515e-05 8.1811685959e-05 0 0
1293 2.8373097339e-01 2.8094392918e-01 2.8094392918e-01 2.8528625729e-01 2.8740027508e-01 2.5093373180e-01 2.5717788045e-01 2.5717788045e-01 2.5095953422e-01 2.5094594245e-01 8.0544444834e-05 8.2571943494e-05 8.2206501247e-05 7.8861386709e-05 8.0644284026e-05 8.1648384366e-05 0 0
1294 2.7977329299e-01 2.7911308217e-01 2.7911308217e-01 2.8633924758e-01 2.8701325676e-01 2.5071708444e-01 2.5695927372e-01 2.5695927372e-01 2.5074192515e-01 2.5072318282e-01 8.0989209840e-05 8.0510319094e-05 7.9961890151e-05 7.8788058788e-05 7.9850939073e-05 8.0272566265e-05 0 0
1295 2.8085396345e-01 2.7972049199e-01 2.7972049199e-01 2.8539199017e-01 2.8461950063e-01 2.5050253053e-01 2.5674043447e-01 2.5674043447e-01 2.5052536786e-01 2.5050321468e-01 7.8708544795e-05 8.0888057710e-05 8.2505921455e-05 7.7376914887e-05 7.9853591160e-05 8.1098984083e-05 0 0
1296 2.7826903703e-01 2.7806561511e-01 2.7806561511e-01 2.8508673190e-01 2.8441394740e-01 2.5028980302e-01 2.5652289182e-01 2.5652289182e-01 2.5030724496e-01 2.5028997392e-01 8.1318386080e-05 7.8886823758e-05 8.3335813542e-05 7.8252344042e-05 7.9005865700e-05 8.0265614088e-05 0 0
1297 2.8245546291e-01 2.7815494644e-01 2.7815494644e-01 2.8599762897e-01 2.8395222626e-01 2.5007644122e-01 2.5630857675e-01 2.5630857675e-01 2.5008607296e-01 2.5007555171e-01 7.9548717077e-05 7.5933079643e-05 8.3582301158e-05 7.7341070742e-05 7.7855813288e-05 8.0605794210e-05 0 0
1298 2.8091127415e-01 2.7825668678e-01 2.7825668678e-01 2.8479432709e-01 2.8370425348e-01 2.4986299357e-01 2.5609203760e-01 2.5609203760e-01 2.4986495135e-01 2.4986210289e-01 8.2476534114e-05 7.7412129031e-05 8.6094722064e-05 7.8737701160e-05 7.8495686466e-05 8.1605663581e-05 0 0
1299 2.7985533972e-01 2.7771437421e-01 2.7771437421e-01 2.8370146315e-01 2.8425617516e-01 2.4964932665e-01 2.5587792280e-01 2.5587792280e-01 2.4964444069e-01 2.4965018281e-01 8.1151809763e-05 7.7333370427e-05 8.5863022832e-05 7.8216013436e-05 7.8038778156e-05 8.1092224718e-05 0 0
1300 2.8144474026e-01 2.7637576033e-01 2.7637576033e-01 2.8238084397e-01 2.8366694698e-01 2.4944026725e-01 2.5566431872e-01 2.5566431872e-01 2.4942465692e-01 2.4943833435e-01 8.3834083306e-05 7.6431901107e-05 8.6797983386e-05 7.8705601337e-05 7.7130473073e-05 8.1391932326e-05 0 0
1301 2.7843597775e-01 2.7593344090e-01 2.7593344090e-01 2.8190337638e-01 2.8314581160e-01 2.4923050315e-01 2.5545108404e-01 2.5545108404e-01 2.4920449883e-01 2.4922243630e-01 8.5300653851e-05 7.5260664744e-05 8.3211383753e-05 7.9433201458e-05 7.6635526057e-05 8.0319099652e-05 0 0
1302 2.7690358919e-01 2.7647603995e-01 2.7647603995e-01 2.8299515257e-01 2.8106240798e-01 2.4901958756e-01 2.5523709819e-01 2.5523709819e-01 2.4898712888e-01 2.4900384112e-01 8.2431872952e-05 7.5642714364e-05 8.1956794020e-05 7.8047887098e-05 7.6461590652e-05 7.9967201600e-05 0 0
1303 2.7494227795e-01 2.7496437471e-01 2.7496437471e-01 2.8376786388e-01 2.8094271506e-01 2.4880852458e-01 2.5502461415e-01 2.5502461415e-01 2.4876811625e-01 2.4878796329e-01 7.8837821469e-05 7.6041393186e-05 8.1886711996e-05 7.6201453631e-05 7.6874672231e-05 7.9174224084e-05 0 0
1304 2.7314877575e-01 2.7394624793e-01 2.7394624793e-01 2.8487693403e-01 2.8065654194e-01 2.4859991605e-01 2.5481258790e-01 2.5481258790e-01 2.4854770799e-01 2.4857389769e-01 7.5956331006e-05 7.5190553616e-05 8.2287300756e-05 7.4319222687e-05 7.6538417488e-05 7.8869154095e-05 0 0
1305 2.7174611824e-01 2.7379801009e-01 2.7379801009e-01 2.8202731696e-01 2.7973371885e-01 2.4838993025e-01 2.5459916823e-01 2.5459916823e-01 2.4833172902e-01 2.4835602677e-01 7.3243740601e-05 7.9280685895e-05 7.9541787272e-05 7.3069859410e-05 7.7823973697e-05 7.8109420429e-05 0 0
1306 2.7243299305e-01 2.7379980607e-01 2.7379980607e-01 2.8277584103e-01 2.8151493955e-01 2.4818201305e-01 2.5438468861e-01 2.5438468861e-01 2.4811389696e-01 2.4813698730e-01 7.2922210608e-05 7.6361964602e-05 7.6458654803e-05 7.2382703302e-05 7.6828666352e-05 7.6826028817e-05 0 0
1307 2.7073776659e-01 2.7389528917e-01 2.7389528917e-01 2.8136548595e-01 2.8417111495e-01 2.4797421496e-01 2.5417151044e-01 2.5417151044e-01 2.4789905263e-01 2.4792043157e-01 7.2196161385e-05 7.7119606431e-05 7.7569540736e-05 7.1963736157e-05 7.6547057688e-05 7.7088920079e-05 0 0
1308 2.7287790233e-01 2.7351733813e-01 2.7351733813e-01 2.7932860204e-01 2.8305896263e-01 2.4776664379e-01 2.5395724399e-01 2.5395724399e-01 2.4768626489e-01 2.4770082879e-01 7.1142440020e-05 7.7166398114e-05 7.7731652709e-05 7.1474944712e-05 7.5879121141e-05 7.7585813415e-05 0 0
1309 2.7441044866e-01 2.7246238681e-01 2.7246238681e-01 2.7637929603e-01 2.8171532685e-01 2.4756102598e-01 2.5373938722e-01 2.5373938722e-01 2.4747657696e-01 2.4748175883e-01 7.4153331375e-05 7.6950076618e-05 7.7015509305e-05 7.2667883851e-05 7.5078809459e-05 7.6944626926e-05 0 0
1310 2.7267919580e-01 2.7332029556e-01 2.7332029556e-01 2.7505308037e-01 2.8005106342e-01 2.4735461227e-01 2.5352561715e-01 2.5352561715e-01 2.4726532432e-01 2.4726654042e-01 7.5351817994e-05 7.3007333413e-05 7.8718494478e-05 7.3240552924e-05 7.3363320553e-05 7.7213739132e-05 0 0
1311 2.7140178947e-01 2.7227210608e-01 2.7227210608e-01 2.7582013762e-01 2.7723281868e-01 2.4714551813e-01 2.5331529457e-01 2.5331529457e-01 2.4705637771e-01 2.4705194342e-01 7.2796240520e-05 7.1917442256e-05 7.8011453297e-05 7.2282480078e-05 7.2313585406e-05 7.6781343523e-05 0 0
1312 2.7303428276e-01 2.7016958031e-01 2.7016958031e-01 2.7317996499e-01 2.7390103815e-01 2.4693568719e-01 2.5310496242e-01 2.5310496242e-01 2.4684815020e-01 2.4684216538e-01 7.0937407088e-05 7.3218187026e-05 7.9133904364e-05 7.1444248560e-05 7.2762137279e-05 7.6155047282e-05 0 0
1313 2.7319347748e-01 2.6726213997e-01 2.6726213997e-01 2.7340997234e-01 2.7279194854e-01 2.4672573097e-01 2.5289824220e-01 2.5289824220e-01 2.4663758713e-01 2.4663504319e-01 7.3732668493e-05 6.9654259278e-05 7.9039051343e-05 7.2729698479e-05 7.1318852861e-05 7.5347019447e-05 0 0
1314 2.7128437295e-01 2.6616143307e-01 2.6616143307e-01 2.7477783819e-01 2.7172961582e-01 2.4651170945e-01 2.5269114415e-01 2.5269114415e-01 2.4642702724e-01 2.4643253008e-01 7.2863636270e-05 7.0857673563e-05 8.1915226474e-05 7.2769959856e-05 7.1966293035e-05 7.5782532804e-05 0 0
1315 2.7008931090e-01 2.6469221140e-01 2.6469221140e-01 2.7459684068e-01 2.7240085794e-01 2.4630078802e-01 2.5248745970e-01 2.5248745970e-01 2.4621663018e-01 2.4622635198e-01 7.2196310293e-05 7.1161583037e-05 7.7872784459e-05 7.1750876507e-05 7.2135087976e-05 7.4574061728e-05 0 0
1316 2.6807166966e-01 2.6599923586e-01 2.6599923586e-01 2.7345969331e-01 2.7277853872e-01 2.4609189279e-01 2.5228357262e-01 2.5228357262e-01 2.4600706464e-01 2.4602226011e-01 7.2434920047e-05 7.1802296588e-05 7.6561802416e-05 7.1416701092e-05 7.2146343882e-05 7.3517217970e-05 0 0
1317 2.6539004396e-01 2.6416957648e-01 2.6416957648e-01 2.7427336371e-01 2.7197711554e-01 2.4588584800e-01 2.5208215815e-01 2.5208215815e-01 2.4579552062e-01 2.4581528932e-01 7.1746328233e-05 7.1123820817e-05 7.5382562500e-05 7.0580132218e-05 7.1908125392e-05 7.3349263403e-05 0 0
1318 2.6610584395e-01 2.6402829417e-01 2.6402829417e-01 2.7564056025e-01 2.7288630823e-01 2.4568237101e-01 2.5187612307e-01 2.5187612307e-01 2.4558313431e-01 2.4560567384e-01 6.9995990212e-05 7.1891776315e-05 7.2766328231e-05 6.9281218079e-05 7.2358870966e-05 7.2516391810e-05 0 0
1319 2.6532919607e-01 2.6572123355e-01 2.6572123355e-01 2.7512479949e-01 2.7123432428e-01 2.4547637629e-01 2.5167036357e-01 2.5167036357e-01 2.4537173702e-01 2.4539592522e-01 6.9254309930e-05 7.4151008448e-05 7.3576957220e-05 6.9193312641e-05 7.3224862717e-05 7.3009556218e-05 0 0
1320 2.6782879892e-01 2.6496167666e-01 2.6496167666e-01 2.7258728714e-01 2.7113206391e-01 2.4527071766e-01 2.5146458256e-01 2.5146458256e-01 2.4516463423e-01 2.4518615961e-01 6.9159371741e-05 7.7268232417e-05 7.2108443419e-05 6.8948560090e-05 7.3783478001e-05 7.2167007602e-05 0 0
1321 2.6670440324e-01 2.6491738480e-01 2.6491738480e-01 2.6953059521e-01 2.7140642237e-01 2.4506391967e-01 2.5125687992e-01 2.5125687992e-01 2.4496014872e-01 2.4497519190e-01 7.1109498429e-05 7.8039556684e-05 7.2408347478e-05 7.0158493839e-05 7.3511440860e-05 7.2309045208e-05 0 0
1322 2.6745788155e-01 2.6611507310e-01 2.6611507310e-01 2.6747515448e-01 2.7394156997e-01 2.4485887532e-01 2.5104612418e-01 2.5104612418e-01 2.4475923560e-01 2.4476332585e-01 6.9953014131e-05 7.8036806372e-05 7.2621391155e-05 6.9329781418e-05 7.2810584243e-05 7.2393944720e-05 0 0
1323 2.6597764525e-01 2.6740462533e-01 2.6740462533e-01 2.6539357444e-01 2.7299876864e-01 2.4465367732e-01 2.5083298891e-01 2.5083298891e-01 2.4455988219e-01 2.4455323050e-01 7.1080230225e-05 7.7911405242e-05 7.7124223026e-05 6.9774868212e-05 7.2484930570e-05 7.4160845543e-05 0 0
1324 2.6470665085e-01 2.6612177844e-01 2.6612177844e-01 2.6809083240e-01 2.7023759749e-01 2.4444730355e-01 2.5061962996e-01 2.5061962996e-01 2.4435937719e-01 2.4434319515e-01 6.9154555092e-05 7.3973926192e-05 7.6088799688e-05 6.8893807036e-05 7.0805817813e-05 7.3574054113e-05 0 0
1325 2.6799579885e-01 2.6407976038e-01 2.6407976038e-01 2.6873787354e-01 2.6845749310e-01 2.4424170540e-01 2.5040772556e-01 2.5040772556e-01 2.4415559395e-01 2.4413865986e-01 6.7589928304e-05 7.3449285992e-05 7.6736239862e-05 6.7992800483e-05 7.1005579230e-05 7.2782073403e-05 0 0
1326 2.6799818523e-01 2.6162715277e-01 2.6162715277e-01 2.6989284392e-01 2.6659135659e-01 2.4403319194e-01 2.5020083510e-01 2.5020083510e-01 2.4395023971e-01 2.4393523308e-01 6.9064378835e-05 7.2500817623e-05 7.7153508755e-05 6.9123005252e-05 7.0718240750e-05 7.2596911195e-05 0 0
1327 2.6966874004e-01 2.5929704149e-01 2.5929704149e-01 2.6757808236e-01 2.6544096739e-01 2.4382062743e-01 2.4999343969e-01 2.4999343969e-01 2.4374322520e-01 2.4373276856e-01 6.8352818387e-05 7.1349655627e-05 7.4905023212e-05 6.9203739793e-05 7.0447691542e-05 7.1347501944e-05 0 0
1328 2.6715190216e-01 2.6000013737e-01 2.6000013737e-01 2.6760283673e-01 2.6585715331e-01 2.4360812674e-01 2.4978944402e-01 2.4978944402e-01 2.4353916334e-01 2.4353192804e-01 7.0478101015e-05 7.1633348853e-05 7.4053441494e-05 7.0147737678e-05 7.0081827289e-05 7.0728161518e-05 0 0
1329 2.6358358321e-01 2.6009242217e-01 2.6009242217e-01 2.6682190383e-01 2.6663199276e-01 2.4339801782e-01 2.4958868411e-01 2.4958868411e-01 2.4333587060e-01 2.4332747256e-01 6.8677897176e-05 7.2167953476e-05 7.2922161053e-05 6.8768050967e-05 7.0152564149e-05 7.0719423093e-05 0 0
1330 2.6382202954e-01 2.5943690848e-01 2.5943690848e-01 2.6563400453e-01 2.6657365384e-01 2.4318809428e-01 2.4938510698e-01 2.4938510698e-01 2.4313243416e-01 2.4311805081e-01 6.5167823371e-05 7.2233538958e-05 7.0599846367e-05 6.6788113836e-05 7.0090227382e-05 7.0283862442e-05 0 0
1331 2.6341876348e-01 2.5974923276e-01 2.5974923276e-01 2.6906782458e-01 2.6766580777e-01 2.4297875695e-01 2.4918014925e-01 2.4918014925e-01 2.4292896499e-01 2.4290978709e-01 6.5656134602e-05 7.2024296969e-05 6.9300982432e-05 6.6815926579e-05 6.9842211815e-05 6.9412817538e-05 0 0
1332 2.6345281294e-01 2.5928590692e-01 2.5928590692e-01 2.6773371750e-01 2.6534532363e-01 2.4276980766e-01 2.4897745738e-01 2.4897745738e-01 2.4272286411e-01 2.4270249397e-01 6.5603457987e-05 7.6021122368e-05 7.0571528340e-05 6.6676189192e-05 7.2167869803e-05 6.9880541560e-05 0 0
1333 2.6193293645e-01 2.5695184623e-01 2.5695184623e-01 2.6854927578e-01 2.6572348543e-01 2.4256023694e-01 2.4877453366e-01 2.4877453366e-01 2.4251357096e-01 2.4249701680e-01 6.5409613956e-05 7.3431623605e-05 6.9844616519e-05 6.6708039427e-05 7.1391892561e-05 6.9192170486e-05 0 0
1334 2.6045098699e-01 2.5903879747e-01 2.5903879747e-01 2.6624901136e-01 2.6466332988e-01 2.4235181004e-01 2.4857299578e-01 2.4857299578e-01 2.4230668945e-01 2.4229053482e-01 6.4465747162e-05 7.4707808380e-05 7.0041758590e-05 6.6064794617e-05 7.1336453402e-05 6.9355741289e-05 0 0
1335 2.6019146983e-01 2.5916717545e-01 2.5916717545e-01 2.6523003069e-01 2.6737991182e-01 2.4214691152e-01 2.4837090239e-01 2.4837090239e-01 2.4210129694e-01 2.4208434405e-01 6.3408011896e-05 7.2627910413e-05 7.0721169322e-05 6.4887052654e-05 6.9919329690e-05 6.9469904702e-05 0 0
1336 2.5735777098e-01 2.6131939667e-01 2.6131939667e-01 2.6611557793e-01 2.6803388555e-01 2.4194285119e-01 2.4816590671e-01 2.4816590671e-01 2.4189596963e-01 2.4187593865e-01 6.3480470681e-05 6.8815559644e-05 7.3269078712e-05 6.4729128073e-05 6.8046392698e-05 7.0983740443e-05 0 0
1337 2.5753184215e-01 2.6205002046e-01 2.6205002046e-01 2.6416202834e-01 2.6581313942e-01 2.4174083054e-01 2.4795471390e-01 2.4795471390e-01 2.4168858176e-01 2.4166660795e-01 6.2380895215e-05 6.9247031206e-05 7.5242951425e-05 6.3839485450e-05 6.8489425757e-05 7.2015296610e-05 0 0
1338 2.5754900267e-01 2.5988783865e-01 2.5988783865e-01 2.6442012845e-01 2.6527305298e-01 2.4153959479e-01 2.4774385275e-01 2.4774385275e-01 2.4147994945e-01 2.4145788206e-01 6.2125921885e-05 6.6925324063e-05 7.2700844612e-05 6.3629045304e-05 6.7410757765e-05 7.0533260441e-05 0 0
1339 2.5464821642e-01 2.5848472982e-01 2.5848472982e-01 2.6232233123e-01 2.6265096379e-01 2.4133950999e-01 2.4753607988e-01 2.4753607988e-01 2.4127246908e-01 2.4125272793e-01 6.2519104306e-05 6.7011354986e-05 7.2555307270e-05 6.3576110456e-05 6.7339504312e-05 6.9676912972e-05 0 0
1340 2.5437704917e-01 2.5594964510e-01 2.5594964510e-01 2.6007758138e-01 2.6295950874e-01 2.4113915910e-01 2.4733125464e-01 2.4733125464e-01 2.4106900947e-01 2.4104929023e-01 6.0408389432e-05 6.7151533585e-05 7.0999798481e-05 6.2260044773e-05 6.6812463047e-05 6.8505039962e-05 0 0
1341 2.5539131152e-01 2.5648993041e-01 2.5648993041e-01 2.5990288915e-01 2.6154516552e-01 2.4094133004e-01 2.4712565254e-01 2.4712565254e-01 2.4087146723e-01 2.4084461851e-01 6.0586801652e-05 6.8701345299e-05 7.2176724643e-05 6.1834149901e-05 6.6513119236e-05 6.9251171226e-05 0 0
1342 2.5539349245e-01 2.5527530719e-01 2.5527530719e-01 2.5562670554e-01 2.6200922106e-01 2.4074083260e-01 2.4692006936e-01 2.4692006936e-01 2.4067376774e-01 2.4064229312e-01 6.0908165795e-05 6.9591118518e-05 7.3042108852e-05 6.2427203496e-05 6.6883516411e-05 6.9265188358e-05 0 0
1343 2.5737974421e-01 2.5526224592e-01 2.5526224592e-01 2.5566399919e-01 2.6085272332e-01 2.4053899909e-01 2.4671807462e-01 2.4671807462e-01 2.4047686109e-01 2.4044091514e-01 6.1239970782e-05 6.7623554060e-05 7.3705978139e-05 6.2624845200e-05 6.5786935011e-05 6.9350713602e-05 0 0
1344 2.5620916926e-01 2.5297762442e-01 2.5297762442e-01 2.5713838603e-01 2.5950329664e-01 2.4033465050e-01 2.4651764700e-01 2.4651764700e-01 2.4028315776e-01 2.4023857766e-01 6.1716285187e-05 6.8890778493e-05 7.1442835178e-05 6.3028893556e-05 6.5864449425e-05 6.8423003540e-05 0 0
1345 2.5255582228e-01 2.5160671047e-01 2.5160671047e-01 2.5372502664e-01 2.5942708575e-01 2.4013412079e-01 2.4631879343e-01 2.4631879343e-01 2.4008839983e-01 2.4004244956e-01 6.2619618853e-05 6.8784003815e-05 7.0768797741e-05 6.2800704946e-05 6.5913631261e-05 6.7128326918e-05 0 0
1346 2.5579236039e-01 2.5231087592e-01 2.5231087592e-01 2.5407153124e-01 2.5704815296e-01 2.3993708303e-01 2.4612454990e-01 2.4612454990e-01 2.3989403601e-01 2.3984520560e-01 6.0754059576e-05 6.5415708377e-05 7.0243484515e-05 6.1301383835e-05 6.4039439167e-05 6.7023291194e-05 0 0
1347 2.5610507038e-01 2.4960573221e-01 2.4960573221e-01 2.5523574554e-01 2.5672490472e-01 2.3973571911e-01 2.4592691234e-01 2.4592691234e-01 2.3969702832e-01 2.3964712206e-01 6.2354451859e-05 6.3599294663e-05 6.7769356974e-05 6.2708864632e-05 6.3362818764e-05 6.5800410084e-05 0 0
1348 2.5623215750e-01 2.5079478646e-01 2.5079478646e-01 2.5668662050e-01 2.5520788762e-01 2.3953385601e-01 2.4572860490e-01 2.4572860490e-01 2.3949874309e-01 2.3945172222e-01 6.3213384605e-05 6.4157138695e-05 6.8784473115e-05 6.3014504734e-05 6.3712501287e-05 6.5834585257e-05 0 0
1349 2.5558907495e-01 2.4967523431e-01 2.4967523431e-01 2.5635766055e-01 2.5292829749e-01 2.3932945477e-01 2.4553251730e-01 2.4553251730e-01 2.3930039575e-01 2.3925495566e-01 6.3100172105e-05 6.6355831223e-05 6.6655371484e-05 6.3273286412e-05 6.4780084358e-05 6.5068343247e-05 0 0
1350 2.5584337610e-01 2.4666530600e-01 2.4666530600e-01 2.5512575943e-01 2.5304111030e-01 2.3912681352e-01 2.4533569177e-01 2.4533569177e-01 2.3910320272e-01 2.3906029784e-01 6.4174673735e-05 6.7366236181e-05 6.5834556153e-05 6.3591696540e-05 6.4964839112e-05 6.4132767875e-05 0 0
1351 2.5348560704e-01 2.4736133218e-01 2.4736133218e-01 2.5267869968e-01 2.5454940219e-01 2.3892433367e-01 2.4514338639e-01 2.4514338639e-01 2.3890732804e-01 2.3886410854e-01 6.6205822114e-05 6.7421704443e-05 6.4644547820e-05 6.4538204574e-05 6.4544059569e-05 6.3566003519e-05 0 0
1352 2.5249745811e-01 2.4702293334e-01 2.4702293334e-01 2.5350008353e-01 2.5683318253e-01 2.3872313720e-01 2.4495152183e-01 2.4495152183e-01 2.3871515506e-01 2.3866338642e-01 6.5285769374e-05 6.7706503614e-05 6.3545841840e-05 6.3852774813e-05 6.3960542320e-05 6.3621526351e-05 0 0
1353 2.4950496556e-01 2.4760782629e-01 2.4760782629e-01 2.5614998508e-01 2.5515301037e-01 2.3852778894e-01 2.4475826453e-01 2.4475826453e-01 2.3851935707e-01 2.3846050869e-01 6.6696401188e-05 6.7492768721e-05 6.3521136326e-05 6.3559720842e-05 6.4489846409e-05 6.3850598963e-05 0 0
1354 2.4763866223e-01 2.4761619124e-01 2.4761619124e-01 2.5508696046e-01 2.5447287881e-01 2.3833424140e-01 2.4456431735e-01 2.4456431735e-01 2.3832075179e-01 2.3825701881e-01 6.3144945301e-05 6.9883215474e-05 6.2583167164e-05 6.1484953382e-05 6.6042619437e-05 6.3403920649e-05 0 0
1355 2.4886257610e-01 2.4639754995e-01 2.4639754995e-01 2.5663981365e-01 2.5297416384e-01 2.3814070577e-01 2.4436770377e-01 2.4436770377e-01 2.3812050976e-01 2.3805746093e-01 6.1113958076e-05 6.6737935413e-05 6.3217335992e-05 6.0527326526e-05 6.4629941335e-05 6.2993050960e-05 0 0
1356 2.4900825898e-01 2.4470011880e-01 2.4470011880e-01 2.5626419525e-01 2.5187128516e-01 2.3794751495e-01 2.4417161906e-01 2.4417161906e-01 2.3791675727e-01 2.3785720166e-01 6.1557208321e-05 6.6466775024e-05 6.2327897467e-05 6.0668121542e-05 6.4975785790e-05 6.2472026912e-05 0 0
1357 2.4565248372e-01 2.4630337824e-01 2.4630337824e-01 2.5613549308e-01 2.5563137073e-01 2.3775564549e-01 2.4397373327e-01 2.4397373327e-01 2.3771271066e-01 2.3765613452e-01 6.2103729438e-05 6.5423759224e-05 6.1925653426e-05 6.0517111236e-05 6.4604646468e-05 6.2311009970e-05 0 0
1358 2.4270783094e-01 2.5018235351e-01 2.5018235351e-01 2.5460268024e-01 2.5508078929e-01 2.3756823419e-01 2.4377461466e-01 2.4377461466e-01 2.3751038140e-01 2.3745530525e-01 6.0188324133e-05 6.3360013883e-05 6.7327669967e-05 5.8763045736e-05 6.3357703766e-05 6.4970099629e-05 0 0
1359 2.3974808250e-01 2.4873863839e-01 2.4873863839e-01 2.4988458901e-01 2.5376576700e-01 2.3738594349e-01 2.4357209711e-01 2.4357209711e-01 2.3731398030e-01 2.3725723977e-01 5.8435338970e-05 6.4780204411e-05 6.9898218499e-05 5.7085310064e-05 6.2998929934e-05 6.5692398493e-05 0 0
1360 2.3896561716e-01 2.4785325611e-01 2.4785325611e-01 2.4763904577e-01 2.5629584107e-01 2.3720537626e-01 2.4337155543e-01 2.4337155543e-01 2.3712040958e-01 2.3705582258e-01 5.5686380674e-05 6.2595972850e-05 6.7729804869e-05 5.5335409217e-05 6.1401497078e-05 6.5055257437e-05 0 0
1361 2.3848583285e-01 2.4933993105e-01 2.4933993105e-01 2.4842503774e-01 2.5485818569e-01 2.3702290593e-01 2.4316979734e-01 2.4316979734e-01 2.3693071748e-01 2.3685306779e-01 5.4686246171e-05 6.3559320552e-05 6.9022553362e-05 5.4895732426e-05 6.1259765062e-05 6.5843523771e-05 0 0
1362 2.3750969341e-01 2.4678261030e-01 2.4678261030e-01 2.4699704494e-01 2.5350054368e-01 2.3684144635e-01 2.4296930809e-01 2.4296930809e-01 2.3673986633e-01 2.3665278279e-01 5.4325241158e-05 6.5328087658e-05 6.5730087954e-05 5.4398964278e-05 6.2262661231e-05 6.3974857767e-05 0 0
1363 2.3537164174e-01 2.4570628348e-01 2.4570628348e-01 2.4471155263e-01 2.5011811316e-01 2.3666065278e-01 2.4277343315e-01 2.4277343315e-01 2.3655180405e-01 2.3645709203e-01 5.3992842897e-05 6.4572279371e-05 6.5456093580e-05 5.4157063687e-05 6.1353621277e-05 6.3134444645e-05 0 0
1364 2.3255093685e-01 2.4191678976e-01 2.4191678976e-01 2.4022588191e-01 2.4859352213e-01 2.3648271526e-01 2.4258161700e-01 2.4258161700e-01 2.3636668165e-01 2.3626768358e-01 5.4641289836e-05 6.2061935751e-05 6.6289336246e-05 5.3994545422e-05 5.9527243138e-05 6.2346662162e-05 0 0
1365 2.3075290530e-01 2.4061925033e-01 2.4061925033e-01 2.3869464535e-01 2.4702214819e-01 2.3630803973e-01 2.4239150568e-01 2.4239150568e-01 2.3618704804e-01 2.3607794745e-01 5.4340064162e-05 6.0036574723e-05 6.5886339144e-05 5.3102866535e-05 5.7514329455e-05 6.2112365413e-05 0 0
1366 2.2956512593e-01 2.4148513098e-01 2.4148513098e-01 2.3795094422e-01 2.4612216464e-01 2.3613762058e-01 2.4219869322e-01 2.4219869322e-01 2.3600903577e-01 2.3588637692e-01 5.6884779966e-05 5.8789468312e-05 6.4955660491e-05 5.3562166669e-05 5.6576436691e-05 6.1998835008e-05 0 0
1367 2.2976692766e-01 2.4054947014e-01 2.4054947014e-01 2.3773784410e-01 2.4437258954e-01 2.3596924707e-01 2.4200621688e-01 2.4200621688e-01 2.3583228456e-01 2.3569678892e-01 5.7760942331e-05 5.8265566622e-05 6.3776602474e-05 5.3687116610e-05 5.6031463828e-05 6.1074813857e-05 0 0
1368 2.2955034363e-01 2.3701549695e-01 2.3701549695e-01 2.3555916122e-01 2.4014947523e-01 2.3579647039e-01 2.4181732985e-01 2.4181732985e-01 2.3565514486e-01 2.3551115569e-01 5.5558179557e-05 5.9423879065e-05 6.1738839577e-05 5.3328656594e-05 5.6474529629e-05 5.9295880419e-05 0 0
1369 2.3277338922e-01 2.3335870700e-01 2.3335870700e-01 2.3482550399e-01 2.3837616468e-01 2.3561968791e-01 2.4163360530e-01 2.4163360530e-01 2.3547876990e-01 2.3532689123e-01 5.3143436207e-05 5.8541088947e-05 5.7124216255e-05 5.2679856488e-05 5.5772818087e-05 5.6646853409e-05 0 0
1370 2.3210909972e-01 2.3252858990e-01 2.3252858990e-01 2.3359641054e-01 2.3879190157e-01 2.3544147274e-01 2.4145438907e-01 2.4145438907e-01 2.3530223315e-01 2.3514636288e-01 5.3390621357e-05 5.7514545915e-05 5.5995729781e-05 5.2868119138e-05 5.5252003222e-05 5.5403643273e-05 0 0
1371 2.3214257618e-01 2.3057973743e-01 2.3057973743e-01 2.3145343770e-01 2.3845229986e-01 2.3526234101e-01 2.4127962707e-01 2.4127962707e-01 2.3512730981e-01 2.3496468432e-01 5.2108546785e-05 5.5566111769e-05 5.5205662647e-05 5.2257721613e-05 5.4051521147e-05 5.5104303101e-05 0 0
1372 2.3205052695e-01 2.2970775463e-01 2.2970775463e-01 2.3198780029e-01 2.3748447923e-01 2.3508201459e-01 2.4110292517e-01 2.4110292517e-01 2.3495275939e-01 2.3478551338e-01 5.0432528892e-05 5.2708272051e-05 5.6437902458e-05 5.1629303006e-05 5.2459516155e-05 5.5199174312e-05 0 0
1373 2.3139146094e-01 2.2952456956e-01 2.2952456956e-01 2.3211841748e-01 2.3380795469e-01 2.3490276912e-01 2.4092807163e-01 2.4092807163e-01 2.3477773917e-01 2.3460637201e-01 5.0800887570e-05 5.3287309129e-05 5.7185363403e-05 5.1649396839e-05 5.2621824580e-05 5.5416225223e-05 0 0
1374 2.3181364597e-01 2.2769595128e-01 2.2769595128e-01 2.3344896879e-01 2.3276859556e-01 2.3472175043e-01 2.4075170776e-01 2.4075170776e-01 2.3460199965e-01 2.3442910303e-01 4.9597346972e-05 5.2525863794e-05 5.5679092839e-05 5.1156872007e-05 5.2375795349e-05 5.4282621932e-05 0 0
1375 2.2983407354e-01 2.2847611338e-01 2.2847611338e-01 2.3489241905e-01 2.3161721686e-01 2.3454205211e-01 2.4057620461e-01 2.4057620461e-01 2.3442539638e-01 2.3425572873e-01 5.0138224403e-05 5.3125169870e-05 5.7220609960e-05 5.1166610228e-05 5.2899233197e-05 5.4370557336e-05 0 0
1376 2.2980141997e-01 2.2562189352e-01 2.2562189352e-01 2.3234302622e-01 2.3089013028e-01 2.3436142746e-01 2.4039988924e-01 2.4039988924e-01 2.3424941143e-01 2.3408516963e-01 4.8840982594e-05 5.4947957324e-05 5.6793109252e-05 5.0587224746e-05 5.3555238992e-05 5.3693416703e-05 0 0
1377 2.2997352447e-01 2.2603977674e-01 2.2603977674e-01 2.3113794782e-01 2.3090139187e-01 2.3418331554e-01 2.4022463917e-01 2.4022463917e-01 2.3407404724e-01 2.3391037135e-01 4.9676766653e-05 5.5525346397e-05 5.4335620007e-05 5.0599123432e-05 5.3553692851e-05 5.3049776398e-05 0 0
1378 2.2992559107e-01 2.2687263473e-01 2.2687263473e-01 2.3169353610e-01 2.3260935367e-01 2.3400572131e-01 2.4004789962e-01 2.4004789962e-01 2.3390110672e-01 2.3373411918e-01 5.0240563045e-05 5.6937071349e-05 5.3312905948e-05 5.0704724279e-05 5.3826290241e-05 5.2630470236e-05 0 0
1379 2.2654985796e-01 2.2704517809e-01 2.2704517809e-01 2.3071504218e-01 2.3361949049e-01 2.3383066475e-01 2.3987094509e-01 2.3987094509e-01 2.3372705438e-01 2.3355723413e-01 5.1024740486e-05 5.6991137171e-05 5.3847015806e-05 5.0646066136e-05 5.4059799368e-05 5.3017905884e-05 0 0
1380 2.2702999300e-01 2.2631975027e-01 2.2631975027e-01 2.3114187937e-01 2.3315974923e-01 2.3365876329e-01 2.3969126100e-01 2.3969126100e-01 2.3355307467e-01 2.3337985765e-01 4.9700790180e-05 5.5898895880e-05 5.4999442000e-05 4.9500562685e-05 5.3517664128e-05 5.3703923186e-05 0 0
1381 2.2758823392e-01 2.2627338510e-01 2.2627338510e-01 2.3233421360e-01 2.3230851939e-01 2.3348604013e-01 2.3951226697e-01 2.3951226697e-01 2.3337859178e-01 2.3320328022e-01 5.0711116932e-05 5.4825950428e-05 5.4404548791e-05 5.0088492458e-05 5.2957711887e-05 5.3144522099e-05 0 0
1382 2.2620113497e-01 2.2611865602e-01 2.2611865602e-01 2.3067877381e-01 2.3140145240e-01 2.3331406133e-01 2.3933607617e-01 2.3933607617e-01 2.3320360831e-01 2.3302543106e-01 5.2591579223e-05 5.5030955991e-05 5.4154961617e-05 5.0861023840e-05 5.2986099035e-05 5.3025971283e-05 0 0
1383 2.2520481245e-01 2.2521400341e-01 2.2521400341e-01 2.3037090892e-01 2.3181849384e-01 2.3314316808e-01 2.3915877494e-01 2.3915877494e-01 2.3302713448e-01 2.3284767822e-01 5.3412019754e-05 5.2622479416e-05 5.3754669352e-05 5.1086564212e-05 5.1990817155e-05 5.2807585234e-05 0 0
1384 2.2223887448e-01 2.2504372271e-01 2.2504372271e-01 2.3050399386e-01 2.3037509713e-01 2.3297728262e-01 2.3898073641e-01 2.3898073641e-01 2.3285062440e-01 2.3267210171e-01 5.5104410931e-05 5.1727494792e-05 5.4677666412e-05 5.1128023651e-05 5.1520610214e-05 5.3026928072e-05 0 0
1385 2.1984177489e-01 2.2351989227e-01 2.2351989227e-01 2.2954870705e-01 2.2943550181e-01 2.3281220852e-01 2.3880401876e-01 2.3880401876e-01 2.3267666493e-01 2.3249690313e-01 5.2393889134e-05 5.1811890444e-05 5.4508676840e-05 4.9689795144e-05 5.1105016610e-05 5.2817591495e-05 0 0
1386 2.2108633738e-01 2.2351871728e-01 2.2351871728e-01 2.2768720012e-01 2.2910603745e-01 2.3264731449e-01 2.3862849180e-01 2.3862849180e-01 2.3250315624e-01 2.3231949799e-01 4.9828012037e-05 5.1063692808e-05 5.3176310757e-05 4.8340554514e-05 5.0585702411e-05 5.2286906794e-05 0 0
1387 2.2306229938e-01 2.2270883809e-01 2.2270883809e-01 2.2862096950e-01 2.2884689166e-01 2.3248081977e-01 2.3845440724e-01 2.3845440724e-01 2.3232954251e-01 2.3214349923e-01 4.8757010043e-05 4.9372763897e-05 5.3292495068e-05 4.7994387201e-05 4.9687689170e-05 5.2050470913e-05 0 0
1388 2.2415363790e-01 2.2179747490e-01 2.2179747490e-01 2.2901392876e-01 2.2885291464e-01 2.3231363437e-01 2.3828375621e-01 2.3828375621e-01 2.3215168475e-01 2.3196771706e-01 4.9633548745e-05 4.9131696869e-05 5.2554942158e-05 4.8516690817e-05 5.0196293159e-05 5.1655837524e-05 0 0
1389 2.2350985037e-01 2.2122496125e-01 2.2122496125e-01 2.2735803386e-01 2.2830979949e-01 2.3214551338e-01 2.3811271652e-01 2.3811271652e-01 2.3197692730e-01 2.3179515357e-01 5.0034094673e-05 4.9861564548e-05 5.3577168728e-05 4.8815118145e-05 5.0140122767e-05 5.1614228141e-05 0 0
1390 2.2148952177e-01 2.1967693192e-01 2.1967693192e-01 2.2502374470e-01 2.2712579534e-01 2.3197856065e-01 2.3794284354e-01 2.3794284354e-01 2.3180403521e-01 2.3162412490e-01 4.9001738055e-05 4.9638851124e-05 5.3120935263e-05 4.8104067178e-05 4.9680013035e-05 5.1090224588e-05 0 0
1391 2.1909625351e-01 2.1964339484e-01 2.1964339484e-01 2.2290582953e-01 2.2710258754e-01 2.3181382648e-01 2.3777164278e-01 2.3777164278e-01 2.3163611149e-01 2.3145221327e-01 4.8061524825e-05 4.9420561481e-05 5.2145189329e-05 4.7330201042e-05 4.8846770369e-05 5.0679638662e-05 0 0
1392 2.1696372478e-01 2.2046194993e-01 2.2046194993e-01 2.2180682582e-01 2.2890831044e-01 2.3165243797e-01 2.3759840093e-01 2.3759840093e-01 2.3147144469e-01 2.3127913749e-01 4.6854960568e-05 4.9052023314e-05 5.2246039559e-05 4.6288983682e-05 4.8164643886e-05 5.0866310630e-05 0 0
1393 2.1658931887e-01 2.2180170743e-01 2.2180170743e-01 2.2248156601e-01 2.2564020268e-01 2.3149117876e-01 2.3742220196e-01 2.3742220196e-01 2.3130502774e-01 2.3110744406e-01 4.5527880646e-05 4.9484167903e-05 5.4670808822e-05 4.5621258293e-05 4.8528570915e-05 5.1874198107e-05 0 0
1394 2.1466483879e-01 2.1880327155e-01 2.1880327155e-01 2.2303384001e-01 2.2183125310e-01 2.3133165306e-01 2.3724654075e-01 2.3724654075e-01 2.3113811322e-01 2.3094071529e-01 4.5698704736e-05 4.9927235523e-05 5.4511563576e-05 4.5363251750e-05 4.8783489547e-05 5.1037310186e-05 0 0
1395 2.1349445742e-01 2.1643544906e-01 2.1643544906e-01 2.2085805219e-01 2.2113839729e-01 2.3117449232e-01 2.3707600004e-01 2.3707600004e-01 2.3097144866e-01 2.3077565723e-01 4.7394016499e-05 5.1550392527e-05 5.3706851759e-05 4.5712863913e-05 4.9529213356e-05 5.0325217671e-05 0 0
1396 2.1196431200e-01 2.1467565550e-01 2.1467565550e-01 2.1934111059e-01 2.2103372115e-01 2.3101910541e-01 2.3690859981e-01 2.3690859981e-01 2.3080695268e-01 2.3061327617e-01 4.7903450108e-05 5.1360704674e-05 5.2925242926e-05 4.5614546513e-05 4.9095178838e-05 4.9508320444e-05 0 0
1397 2.1149012196e-01 2.1438797376e-01 2.1438797376e-01 2.1804228682e-01 2.2254530648e-01 2.3086547025e-01 2.3674504679e-01 2.3674504679e-01 2.3064455094e-01 2.3044663035e-01 4.8363549541e-05 5.0264530728e-05 4.9674044931e-05 4.5499926449e-05 4.8265912483e-05 4.8553609304e-05 0 0
1398 2.1017183230e-01 2.1461332275e-01 2.1461332275e-01 2.1788444491e-01 2.2308789417e-01 2.3071293840e-01 2.3657891489e-01 2.3657891489e-01 2.3048487645e-01 2.3027807281e-01 4.8183862212e-05 4.9142032367e-05 4.9582806241e-05 4.5137438262e-05 4.7299732614e-05 4.8731768402e-05 0 0
1399 2.1052626363e-01 2.1507246674e-01 2.1507246674e-01 2.1690498590e-01 2.2226962290e-01 2.3056004168e-01 2.3641278112e-01 2.3641278112e-01 2.3032576640e-01 2.3010850172e-01 4.6237076258e-05 4.7945590268e-05 4.9485110139e-05 4.4153215510e-05 4.6631204896e-05 4.8791082008e-05 0 0
1400 2.1184840656e-01 2.1451632084e-01 2.1451632084e-01 2.1723293041e-01 2.2026754434e-01 2.3040586265e-01 2.3624543848e-01 2.3624543848e-01 2.3016606308e-01 2.2994119509e-01 4.4853683297e-05 4.6328807002e-05 4.9700225645e-05 4.3639322971e-05 4.5924283768e-05 4.8552185035e-05 0 0
1401 2.1206282524e-01 2.1286504049e-01 2.1286504049e-01 2.1546744070e-01 2.1761322008e-01 2.3025054258e-01 2.3607972339e-01 2.3607972339e-01 2.3000638346e-01 2.2977925393e-01 4.5413777395e-05 4.6078488595e-05 5.0394030040e-05 4.4145042420e-05 4.5665430662e-05 4.8126572437e-05 0 0
1402 2.1182022874e-01 2.1130477755e-01 2.1130477755e-01 2.1521769838e-01 2.1606773870e-01 2.3009387081e-01 2.3591749693e-01 2.3591749693e-01 2.2984771226e-01 2.2961953677e-01 4.5308359684e-05 4.5304153900e-05 4.9978767493e-05 4.4278845283e-05 4.4974578486e-05 4.7597568482e-05 0 0
1403 2.0929474649e-01 2.1042805541e-01 2.1042805541e-01 2.1267154450e-01 2.1560828444e-01 2.2993901332e-01 2.3575682381e-01 2.3575682381e-01 2.2969084381e-01 2.2946188399e-01 4.7116403883e-05 4.6019767979e-05 4.9417101764e-05 4.4770141754e-05 4.4984206397e-05 4.6967306844e-05 0 0
1404 2.0808958060e-01 2.0988260627e-01 2.0988260627e-01 2.1032051855e-01 2.1516261930e-01 2.2978654537e-01 2.3559902305e-01 2.3559902305e-01 2.2953584180e-01 2.2930372729e-01 4.6941322826e-05 4.5700471674e-05 4.8476655138e-05 4.4300208308e-05 4.4483635065e-05 4.6580480557e-05 0 0
1405 2.0831545303e-01 2.0846083832e-01 2.0846083832e-01 2.1066586126e-01 2.1566569391e-01 2.2963679799e-01 2.3544260033e-01 2.3544260033e-01 2.2938495999e-01 2.2914573052e-01 4.6390772682e-05 4.7173454732e-05 4.7953957619e-05 4.3664150512e-05 4.4524258556e-05 4.6253991968e-05 0 0
1406 2.0897400502e-01 2.0801938164e-01 2.0801938164e-01 2.1161190919e-01 2.1350327322e-01 2.2948123485e-01 2.3528857658e-01 2.3528857658e-01 2.2923480583e-01 2.2898619052e-01 4.3677068422e-05 4.8462185077e-05 4.6291406761e-05 4.3105432023e-05 4.4958793296e-05 4.5497976316e-05 0 0
1407 2.0931042644e-01 2.0626435302e-01 2.0626435302e-01 2.1246984768e-01 2.1323958067e-01 2.2932392239e-01 2.3513486301e-01 2.3513486301e-01 2.2908099516e-01 2.2882635634e-01 4.3516213637e-05 4.8188765504e-05 4.4085691115e-05 4.3096574811e-05 4.5345030230e-05 4.4306761993e-05 0 0
1408 2.1011395195e-01 2.0623856968e-01 2.0623856968e-01 2.1300879751e-01 2.1257146263e-01 2.2916747745e-01 2.3498050082e-01 2.3498050082e-01 2.2892530922e-01 2.2866813131e-01 4.3832248558e-05 4.7312840252e-05 4.4109356168e-05 4.2975149709e-05 4.5248803872e-05 4.4011359932e-05 0 0
1409 2.0885929762e-01 2.0511793023e-01 2.0511793023e-01 2.1219285741e-01 2.1103805777e-01 2.2901022867e-01 2.3482548284e-01 2.3482548284e-01 2.2876938718e-01 2.2851211527e-01 4.3381073669e-05 4.6706425564e-05 4.4015283493e-05 4.2808593757e-05 4.5006072469e-05 4.3595517127e-05 0 0
1410 2.0818366103e-01 2.0447877769e-01 2.0447877769e-01 2.1000506802e-01 2.1076370625e-01 2.2885593562e-01 2.3466989186e-01 2.3466989186e-01 2.2861317331e-01 2.2835590792e-01 4.3793679078e-05 4.4665888709e-05 4.3805723180e-05 4.2587063117e-05 4.3956690206e-05 4.3503816414e-05 0 0
1411 2.0941996356e-01 2.0608314209e-01 2.0608314209e-01 2.1066595189e-01 2.1296073039e-01 2.2870216191e-01 2.3451375868e-01 2.3451375868e-01 2.2845897323e-01 2.2819930247e-01 4.3934410095e-05 4.3262660256e-05 4.4438134864e-05 4.2499872979e-05 4.2879226385e-05 4.3818688937e-05 0 0
1412 2.0978982780e-01 2.0789492593e-01 2.0789492593e-01 2.1139339679e-01 2.1205166994e-01 2.2854564091e-01 2.3435705351e-01 2.3435705351e-01 2.2830424411e-01 2.2804380265e-01 4.4554713035e-05 4.3358060793e-05 4.7810761316e-05 4.3123323509e-05 4.2957146434e-05 4.5275826778e-05 0 0
1413 2.0982071845e-01 2.0594537014e-01 2.0594537014e-01 2.1082021402e-01 2.1039506809e-01 2.2838727447e-01 2.3419946068e-01 2.3419946068e-01 2.2814818352e-01 2.2789029024e-01 4.5153405239e-05 4.4558522859e-05 4.8988402341e-05 4.3645651963e-05 4.3682357500e-05 4.5590302761e-05 0 0
1414 2.0828515391e-01 2.0354394624e-01 2.0354394624e-01 2.0825256804e-01 2.0960327002e-01 2.2823113047e-01 2.3404323605e-01 2.3404323605e-01 2.2799155233e-01 2.2773711801e-01 4.7291538519e-05 4.4860893468e-05 4.8013092965e-05 4.4314701429e-05 4.3755564548e-05 4.5042761485e-05 0 0
1415 2.0509675531e-01 2.0283735523e-01 2.0283735523e-01 2.0850421211e-01 2.0897371608e-01 2.2807700180e-01 2.3388959149e-01 2.3388959149e-01 2.2783514956e-01 2.2758307150e-01 4.7771510952e-05 4.3583469960e-05 4.5034050345e-05 4.4248279201e-05 4.2914463847e-05 4.3622852900e-05 0 0
1416 2.0572970077e-01 2.0264614957e-01 2.0264614957e-01 2.0728075989e-01 2.1063385407e-01 2.2792527883e-01 2.3373619392e-01 2.3373619392e-01 2.2767848898e-01 2.2742717047e-01 4.4964580473e-05 4.3762738642e-05 4.3095587898e-05 4.2553373128e-05 4.2999998186e-05 4.2844721975e-05 0 0
1417 2.0666160144e-01 2.0378505313e-01 2.0378505313e-01 2.0751906002e-01 2.1093844926e-01 2.2777008223e-01 2.3358066456e-01 2.3358066456e-01 2.2752443307e-01 2.2726804644e-01 4.3321998916e-05 4.3980688133e-05 4.2850731916e-05 4.2132050907e-05 4.2779474825e-05 4.3082587581e-05 0 0
1418 2.0843685625e-01 2.0320730193e-01 2.0320730193e-01 2.1076828629e-01 2.1015912505e-01 2.2761301133e-01 2.3342255815e-01 2.3342255815e-01 2.2736661766e-01 2.2710909279e-01 4.2388391945e-05 4.3483580157e-05 4.3408079364e-05 4.1865388122e-05 4.3001416998e-05 4.3262525651e-05 0 0
1419 2.0803477761e-01 2.0261314898e-01 2.0261314898e-01 2.1153781381e-01 2.0949074416e-01 2.2745469200e-01 2.3326597601e-01 2.3326597601e-01 2.2720651878e-01 2.2695119375e-01 4.2249347299e-05 4.4500897275e-05 4.2769102947e-05 4.1906223474e-05 4.3721076509e-05 4.2667808884e-05 0 0
1420 2.0599163362e-01 2.0246140583e-01 2.0246140583e-01 2.0927145327e-01 2.0961273951e-01 2.2729595960e-01 2.3311102042e-01 2.3311102042e-01 2.2704611737e-01 2.2679304183e-01 4.1939552991e-05 4.5060471166e-05 4.2571180529e-05 4.1690059975e-05 4.4007414544e-05 4.2441686674e-05 0 0
1421 2.0516407163e-01 2.0295025572e-01 2.0295025572e-01 2.0786846781e-01 2.0844320837e-01 2.2713762376e-01 2.3295569327e-01 2.3295569327e-01 2.2688720764e-01 2.2663635522e-01 4.0535266802e-05 4.3314101276e-05 4.3629492211e-05 4.0833301604e-05 4.2958727136e-05 4.2767847845e-05 0 0
1422 2.0471217801e-01 2.0280028027e-01 2.0280028027e-01 2.0724448995e-01 2.1064572221e-01 2.2697826428e-01 2.3280038129e-01 2.3280038129e-01 2.2673253278e-01 2.2648181063e-01 3.9687759902e-05 4.2818899601e-05 4.5026617954e-05 4.0464570345e-05 4.2094474338e-05 4.3200077926e-05 0 0
1423 2.0502777202e-01 2.0481372319e-01 2.0481372319e-01 2.0803883035e-01 2.1073818062e-01 2.2682101289e-01 2.3264437790e-01 2.3264437790e-01 2.2657560424e-01 2.2632312005e-01 4.0013061460e-05 4.1403793148e-05 4.6442917665e-05 4.0342335751e-05 4.1595953007e-05 4.4395152145e-05 0 0
1424 2.0452042436e-01 2.0407781508e-01 2.0407781508e-01 2.0901956329e-01 2.0927459962e-01 2.2666345494e-01 2.3248424941e-01 2.3248424941e-01 2.2641558573e-01 2.2616552676e-01 3.9720860872e-05 4.0902870751e-05 4.7656698371e-05 4.0165564820e-05 4.1673376472e-05 4.4720738515e-05 0 0
1425 2.0477583617e-01 2.0189095653e-01 2.0189095653e-01 2.0845810301e-01 2.0742757780e-01 2.2650390545e-01 2.3232640010e-01 2.3232640010e-01 2.2625646231e-01 2.2600991925e-01 3.9121867969e-05 4.1835677621e-05 4.7316299970e-05 3.9980588016e-05 4.1945000703e-05 4.4242773583e-05 0 0
1426 2.0286937554e-01 1.9995800934e-01 1.9995800934e-01 2.0733248640e-01 2.0580722200e-01 2.2634635844e-01 2.3217046931e-01 2.3217046931e-01 2.2609771736e-01 2.2585552830e-01 4.0468062468e-05 4.1616283852e-05 4.5334418246e-05 4.0406531732e-05 4.1693036110e-05 4.3141721108e-05 0 0
1427 2.0363874542e-01 1.9960257076e-01 1.9960257076e-01 2.0602604477e-01 2.0717651966e-01 2.2618867602e-01 2.3201752786e-01 2.3201752786e-01 2.2594155713e-01 2.2569948642e-01 3.9132815354e-05 4.2403680709e-05 4.2073517761e-05 3.9736279368e-05 4.1668783524e-05 4.1746865463e-05 0 0
1428 2.0249866979e-01 2.0126375859e-01 2.0126375859e-01 2.0659855620e-01 2.0998271674e-01 2.2603312412e-01 2.3186502525e-01 2.3186502525e-01 2.2578420838e-01 2.2554082005e-01 4.1037233468e-05 4.1007808250e-05 4.1669309212e-05 4.0293270841e-05 4.1046023398e-05 4.1761322791e-05 0 0
1429 2.0221589579e-01 2.0170537335e-01 2.0170537335e-01 2.0544751483e-01 2.0844927582e-01 2.2587795980e-01 2.3170980943e-01 2.3170980943e-01 2.2562688440e-01 2.2538088424e-01 4.2471622313e-05 4.1167637391e-05 4.2854364438e-05 4.0861559027e-05 4.1058663555e-05 4.2414356358e-05 0 0
1430 1.9932907788e-01 2.0023093488e-01 2.0023093488e-01 2.0543178876e-01 2.0780261086e-01 2.2572537388e-01 2.3155203271e-01 2.3155203271e-01 2.2547048927e-01 2.2522270554e-01 4.4589288679e-05 4.0717723095e-05 4.2313411541e-05 4.1418432812e-05 4.0680395614e-05 4.1868117478e-05 0 0
1431 1.9923796347e-01 1.9989930576e-01 1.9989930576e-01 2.0615304050e-01 2.0661328857e-01 2.2557474272e-01 2.3139568039e-01 2.3139568039e-01 2.2531348562e-01 2.2506607276e-01 4.4282312578e-05 4.0798417103e-05 4.2874295104e-05 4.0891104316e-05 4.0743627324e-05 4.1846073145e-05 0 0
1432 1.9983689914e-01 1.9812800497e-01 1.9812800497e-01 2.0478825974e-01 2.0582368635e-01 2.2542115406e-01 2.3124019422e-01 2.3124019422e-01 2.2515606714e-01 2.2491059011e-01 4.2082571283e-05 4.1283761675e-05 4.2901043344e-05 4.0222165626e-05 4.0953607822e-05 4.1608442189e-05 0 0
1433 2.0161243354e-01 1.9832889183e-01 1.9832889183e-01 2.0448993847e-01 2.0517571716e-01 2.2526598338e-01 2.3108473582e-01 2.3108473582e-01 2.2500160902e-01 2.2475548034e-01 4.0789014760e-05 4.1927520215e-05 4.2909610784e-05 3.9764528793e-05 4.0807579353e-05 4.1510893425e-05 0 0
1434 2.0177164839e-01 1.9803415856e-01 1.9803415856e-01 2.0366504523e-01 2.0279569020e-01 2.2510624287e-01 2.3092966635e-01 2.3092966635e-01 2.2484788182e-01 2.2460003759e-01 3.9926972088e-05 4.3225936679e-05 4.3261497922e-05 3.9826967187e-05 4.1310804590e-05 4.1674016757e-05 0 0
1435 2.0054315971e-01 1.9656213583e-01 1.9656213583e-01 2.0249705040e-01 2.0432245129e-01 2.2494636209e-01 2.3077573815e-01 2.3077573815e-01 2.2469306092e-01 2.2444686526e-01 3.9443799723e-05 4.3449601435e-05 4.3142776121e-05 3.9557070846e-05 4.1501616579e-05 4.1255965698e-05 0 0
1436 1.9852413800e-01 1.9845170661e-01 1.9845170661e-01 2.0142471295e-01 2.0371129744e-01 2.2478808511e-01 2.3062324915e-01 2.3062324915e-01 2.2454052710e-01 2.2429307272e-01 3.8349968666e-05 4.4521895688e-05 4.5132941523e-05 3.8757297870e-05 4.1540952225e-05 4.2228666643e-05 0 0
1437 1.9916891724e-01 1.9792803410e-01 1.9792803410e-01 2.0078259947e-01 2.0353111604e-01 2.2462724312e-01 2.3046859116e-01 2.3046859116e-01 2.2438765558e-01 2.2413850459e-01 3.6553978894e-05 4.4074700781e-05 4.3998627007e-05 3.8060035960e-05 4.1264844185e-05 4.1729510485e-05 0 0
1438 2.0110359722e-01 1.9726073382e-01 1.9726073382e-01 2.0232024586e-01 2.0510263410e-01 2.2446703643e-01 2.3031424918e-01 2.3031424918e-01 2.2423524528e-01 2.2398371148e-01 3.7457467797e-05 4.2005956857e-05 4.3029995140e-05 3.8341032766e-05 4.0201512093e-05 4.1220546336e-05 0 0
1439 2.0000790694e-01 1.9704596877e-01 1.9704596877e-01 2.0356847650e-01 2.0512706422e-01 2.2430526099e-01 2.3015925350e-01 2.3015925350e-01 2.2407883550e-01 2.2382604127e-01 3.8502483694e-05 4.1167206291e-05 4.1999697714e-05 3.8983659616e-05 4.0268678276e-05 4.1033255911e-05 0 0
1440 2.0130738484e-01 1.9662223363e-01 1.9662223363e-01 2.0343152631e-01 2.0276489455e-01 2.2414402005e-01 2.3000124369e-01 2.3000124369e-01 2.2392161291e-01 2.2366725804e-01 3.7977882931e-05 4.1339399104e-05 4.1201645217e-05 3.8633458250e-05 4.0392875235e-05 4.0718505261e-05 0 0
1441 2.0070751090e-01 1.9454130507e-01 1.9454130507e-01 2.0215985823e-01 2.0153358843e-01 2.2398537405e-01 2.2984491333e-01 2.2984491333e-01 2.2376163992e-01 2.2350904269e-01 4.0001071990e-05 4.0126697058e-05 3.9790313167e-05 3.9246114847e-05 4.0093860662e-05 3.9825430576e-05 0 0
1442 1.9800912146e-01 1.9412967144e-01 1.9412967144e-01 2.0087937507e-01 2.0221090619e-01 2.2383071596e-01 2.2969098391e-01 2.2969098391e-01 2.2360509006e-01 2.2335129708e-01 4.1402221019e-05 3.9901458877e-05 3.9169293814e-05 3.9330941770e-05 3.9477034079e-05 3.9326778278e-05 0 0
1443 1.9431441333e-01 1.9413724163e-01 1.9413724163e-01 2.0044105148e-01 2.0294775933e-01 2.2367577650e-01 2.2953672020e-01 2.2953672020e-01 2.2344802030e-01 2.2319218278e-01 4.0367925251e-05 3.9100959839e-05 3.8667405533e-05 3.8867316007e-05 3.9065122110e-05 3.9216705773e-05 0 0
1444 1.9448396811e-01 1.9572544313e-01 1.9572544313e-01 2.0145312690e-01 2.0362043826e-01 2.2352316386e-01 2.2937979227e-01 2.2937979227e-01 2.2328722611e-01 2.2303130163e-01 3.9256409835e-05 3.8495909394e-05 3.9096150431e-05 3.8033465741e-05 3.9131773519e-05 3.9651100451e-05 0 0
1445 1.9567570098e-01 1.9618152880e-01 1.9618152880e-01 2.0119136072e-01 2.0193377214e-01 2.2336975804e-01 2.2922109129e-01 2.2922109129e-01 2.2312663952e-01 2.2287170787e-01 3.8578544555e-05 3.8951342503e-05 4.0153454393e-05 3.7733123519e-05 3.9254386138e-05 3.9944561649e-05 0 0
1446 1.9604140169e-01 1.9477646704e-01 1.9477646704e-01 2.0062609705e-01 2.0147043360e-01 2.2321507029e-01 2.2906307096e-01 2.2906307096e-01 2.2296646956e-01 2.2271235061e-01 3.9708799185e-05 3.9743739762e-05 3.9429711251e-05 3.8334396320e-05 3.9535445467e-05 3.9460364860e-05 0 0
1447 1.9650652719e-01 1.9395960499e-01 1.9395960499e-01 1.9986593784e-01 2.0034517285e-01 2.2306118885e-01 2.2890521616e-01 2.2890521616e-01 2.2280802249e-01 2.2255646479e-01 3.9643958598e-05 4.0415985495e-05 4.0160768549e-05 3.8104980917e-05 3.9583872422e-05 3.9325468606e-05 0 0
1448 1.9449077857e-01 1.9328876131e-01 1.9328876131e-01 1.9762234491e-01 2.0128320997e-01 2.2290622044e-01 2.2874972789e-01 2.2874972789e-01 2.2265320396e-01 2.2239773439e-01 3.9146973099e-05 4.1698122004e-05 3.9355843910e-05 3.7969307975e-05 3.9725275201e-05 3.9211487092e-05 0 0
1449 1.9547251237e-01 1.9540869251e-01 1.9540869251e-01 1.9542295670e-01 2.0108740732e-01 2.2275068027e-01 2.2859099943e-01 2.2859099943e-01 2.2250025361e-01 2.2224089631e-01 3.7643164187e-05 4.1345178033e-05 4.2405241402e-05 3.7269298401e-05 3.9275895688e-05 4.0359940613e-05 0 0
1450 1.9349638858e-01 1.9454014654e-01 1.9454014654e-01 1.9614471281e-01 1.9949075301e-01 2.2259498697e-01 2.2843316462e-01 2.2843316462e-01 2.2234857478e-01 2.2208504719e-01 3.7682380971e-05 4.0698181692e-05 4.3730975449e-05 3.7219897902e-05 3.8717145799e-05 4.0777193135e-05 0 0
1451 1.9364810722e-01 1.9367159095e-01 1.9367159095e-01 1.9621494778e-01 1.9928000831e-01 2.2243914800e-01 2.2827503847e-01 2.2827503847e-01 2.2219676666e-01 2.2192954014e-01 3.6069198982e-05 4.1004272134e-05 4.3930480388e-05 3.6351030510e-05 3.8875476093e-05 4.0786557292e-05 0 0
1452 1.9489952215e-01 1.9271548791e-01 1.9271548791e-01 1.9795359078e-01 1.9920194546e-01 2.2228188303e-01 2.2811845866e-01 2.2811845866e-01 2.2204184041e-01 2.2177432091e-01 3.5465038575e-05 3.8783005948e-05 4.3308651584e-05 3.6147813875e-05 3.8170368498e-05 4.0408034693e-05 0 0
1453 1.9569512233e-01 1.9182484456e-01 1.9182484456e-01 1.9649246931e-01 1.9691593032e-01 2.2212404863e-01 2.2796312965e-01 2.2796312965e-01 2.2188561444e-01 2.2161875083e-01 3.5827349862e-05 3.9585309423e-05 4.1153662096e-05 3.6370769736e-05 3.8569362005e-05 3.9381955503e-05 0 0
1454 1.9290107092e-01 1.9000288255e-01 1.9000288255e-01 1.9630625279e-01 1.9589855602e-01 2.2196550280e-01 2.2780898090e-01 2.2780898090e-01 2.2172928076e-01 2.2146245108e-01 3.5826049094e-05 3.7648384023e-05 3.8518379370e-05 3.6438848728e-05 3.7535044612e-05 3.8165708247e-05 0 0
1455 1.9326967790e-01 1.9057468860e-01 1.9057468860e-01 1.9582403192e-01 1.9764624950e-01 2.2180793718e-01 2.2765608302e-01 2.2765608302e-01 2.2157356251e-01 2.2130637397e-01 3.4980812805e-05 3.7959896872e-05 3.7526759115e-05 3.5853887132e-05 3.7607607737e-05 3.7587446059e-05 0 0
1456 1.9467780928e-01 1.9077600142e-01 1.9077600142e-01 1.9487471751e-01 1.9776224896e-01 2.2165159232e-01 2.2750291111e-01 2.2750291111e-01 2.2141896189e-01 2.2115111315e-01 3.5504079532e-05 3.8147154555e-05 3.8860611312e-05 3.5975545408e-05 3.7517627788e-05 3.8084554035e-05 0 0
1457 1.9375231469e-01 1.9056441603e-01 1.9056441603e-01 1.9397803157e-01 1.9680753481e-01 2.2149185480e-01 2.2734788082e-01 2.2734788082e-01 2.2126549191e-01 2.2099401670e-01 3.5314427895e-05 3.7880085074e-05 3.8780426621e-05 3.6243473101e-05 3.7184126995e-05 3.8221507566e-05 0 0
1458 1.9358946319e-01 1.9071255729e-01 1.9071255729e-01 1.9477115233e-01 1.9621194088e-01 2.2133040940e-01 2.2719219530e-01 2.2719219530e-01 2.2111300310e-01 2.2083798210e-01 3.4696545839e-05 3.8586975279e-05 3.8986989239e-05 3.6023014556e-05 3.7311725464e-05 3.8097285142e-05 0 0
1459 1.9503006939e-01 1.8959982590e-01 1.8959982590e-01 1.9355116229e-01 1.9493671984e-01 2.2117102593e-01 2.2703951735e-01 2.2703951735e-01 2.2095798621e-01 2.2068328268e-01 3.5050767831e-05 3.8487927668e-05 3.8786431105e-05 3.5889506376e-05 3.7512987547e-05 3.7728623283e-05 0 0
1460 1.9393175318e-01 1.8822795897e-01 1.8822795897e-01 1.9324601106e-01 1.9414052651e-01 2.2101086839e-01 2.2688661963e-01 2.2688661963e-01 2.2080498980e-01 2.2052641948e-01 3.5942651062e-05 3.9670389015e-05 3.8332376789e-05 3.6370402323e-05 3.7853667891e-05 3.7733463614e-05 0 0
1461 1.9473635412e-01 1.8824665100e-01 1.8824665100e-01 1.9356234210e-01 1.9390760595e-01 2.2084937624e-01 2.2673295239e-01 2.2673295239e-01 2.2065281577e-01 2.2037417610e-01 3.5282387701e-05 3.9575568735e-05 3.8819574911e-05 3.6162594110e-05 3.7683292248e-05 3.7401712689e-05 0 0
1462 1.9450221157e-01 1.8815948815e-01 1.8815948815e-01 1.9381468562e-01 1.9299657940e-01 2.2068889700e-01 2.2658362063e-01 2.2658362063e-01 2.2050091432e-01 2.2022045406e-01 3.6197628802e-05 3.9493246732e-05 3.8851097997e-05 3.6478602774e-05 3.7570469431e-05 3.7531179260e-05 0 0
1463 1.9359987514e-01 1.8739704445e-01 1.8739704445e-01 1.9565731248e-01 1.9452264697e-01 2.2052737670e-01 2.2643084721e-01 2.2643084721e-01 2.2034700902e-01 2.2006509980e-01 3.6018522243e-05 3.8866237446e-05 3.8082198444e-05 3.6404219181e-05 3.7499126847e-05 3.7235851778e-05 0 0
1464 1.9391791843e-01 1.8861857188e-01 1.8861857188e-01 1.9446516772e-01 1.9386239680e-01 2.2036664465e-01 2.2627763395e-01 2.2627763395e-01 2.2019090955e-01 2.1990789979e-01 3.5484400291e-05 3.9098011257e-05 3.8279660657e-05 3.6000422224e-05 3.7821013393e-05 3.7522582716e-05 0 0
1465 1.9687360555e-01 1.8723166656e-01 1.8723166656e-01 1.9390796737e-01 1.9443467402e-01 2.2020556861e-01 2.2612221669e-01 2.2612221669e-01 2.2003375848e-01 2.1975181433e-01 3.5841861746e-05 3.7875242924e-05 3.7735459046e-05 3.6256253584e-05 3.7279120079e-05 3.7164250898e-05 0 0
1466 1.9638778800e-01 1.8754468822e-01 1.8754468822e-01 1.9548386685e-01 1.9466944931e-01 2.2004279371e-01 2.2596891490e-01 2.2596891490e-01 2.1987785119e-01 2.1959628552e-01 3.7418826348e-05 3.8103733459e-05 3.7084235373e-05 3.7232701615e-05 3.7167281334e-05 3.6741377698e-05 0 0
1467 1.9714464752e-01 1.8748858536e-01 1.8748858536e-01 1.9443784610e-01 1.9547339845e-01 2.1987835813e-01 2.2581619734e-01 2.2581619734e-01 2.1971914350e-01 2.1943820413e-01 3.6786162654e-05 3.8131274778e-05 3.6779592847e-05 3.7022244549e-05 3.7431324017e-05 3.6838122469e-05 0 0
1468 1.9625025361e-01 1.8780516586e-01 1.8780516586e-01 1.9387025605e-01 1.9651278396e-01 2.1971529527e-01 2.2566037653e-01 2.2566037653e-01 2.1955922581e-01 2.1927859373e-01 3.8101052123e-05 3.7352680010e-05 3.6223824281e-05 3.7457458287e-05 3.7177069316e-05 3.6705609091e-05 0 0
1469 1.9513334851e-01 1.8924847591e-01 1.8924847591e-01 1.9446441343e-01 1.9508897985e-01 2.1955278846e-01 2.2550292484e-01 2.2550292484e-01 2.1939986081e-01 2.1911932893e-01 3.7473183867e-05 3.7129933844e-05 3.7392692320e-05 3.7097360953e-05 3.6986553823e-05 3.7173485907e-05 0 0
1470 1.9534446031e-01 1.8680145355e-01 1.8680145355e-01 1.9250833343e-01 1.9614227937e-01 2.1939021936e-01 2.2534393521e-01 2.2534393521e-01 2.1924052382e-01 2.1896005687e-01 3.6280425751e-05 3.7302974306e-05 3.6555218685e-05 3.6507746528e-05 3.6989993532e-05 3.6688199543e-05 0 0
1471 1.9445550636e-01 1.8917544160e-01 1.8917544160e-01 1.9367571804e-01 1.9586831163e-01 2.1922476150e-01 2.2518591348e-01 2.2518591348e-01 2.1907949602e-01 2.1879994846e-01 3.5991720157e-05 3.6263301809e-05 3.6899284169e-05 3.6602959955e-05 3.6616163925e-05 3.6889610783e-05 0 0
1472 1.9328919678e-01 1.8906177331e-01 1.8906177331e-01 1.9616105878e-01 1.9606822910e-01 2.1906006974e-01 2.2502742601e-01 2.2502742601e-01 2.1891817094e-01 2.1863877059e-01 3.6024167540e-05 3.7372987208e-05 3.7193649405e-05 3.6475827502e-05 3.7198471546e-05 3.7087940655e-05 0 0
1473 1.9267206318e-01 1.8893241111e-01 1.8893241111e-01 1.9592690508e-01 1.9448398936e-01 2.1889911653e-01 2.2486823568e-01 2.2486823568e-01 2.1875750877e-01 2.1847913138e-01 3.5752052644e-05 3.9699263652e-05 3.7752311982e-05 3.5925860792e-05 3.8274603867e-05 3.7188570786e-05 0 0
1474 1.9382195642e-01 1.8779686434e-01 1.8779686434e-01 1.9496400259e-01 1.9401578074e-01 2.1873724950e-01 2.2470982242e-01 2.2470982242e-01 2.1859803975e-01 2.1832028175e-01 3.5236837199e-05 4.0554263251e-05 3.7828465793e-05 3.5774854376e-05 3.8514283005e-05 3.7106052332e-05 0 0
1475 1.9285861804e-01 1.8782846172e-01 1.8782846172e-01 1.9476778246e-01 1.9343262065e-01 2.1857564447e-01 2.2455190227e-01 2.2455190227e-01 2.1843813609e-01 2.1816174482e-01 3.5772779774e-05 4.0096872908e-05 3.8516864151e-05 3.5992260176e-05 3.8248830606e-05 3.7329222323e-05 0 0
1476 1.9289916632e-01 1.8792730556e-01 1.8792730556e-01 1.9425374119e-01 1.9533325562e-01 2.1841563186e-01 2.2439346776e-01 2.2439346776e-01 2.1827868369e-01 2.1800215302e-01 3.6081250328e-05 3.9946591642e-05 3.9017679228e-05 3.5935285946e-05 3.8072334064e-05 3.7668223740e-05 0 0
1477 1.9123647990e-01 1.8952119725e-01 1.8952119725e-01 1.9496603038e-01 1.9615243313e-01 2.1825555235e-01 2.2423333622e-01 2.2423333622e-01 2.1811868695e-01 2.1784250205e-01 3.6138472823e-05 3.8404499719e-05 4.1412595237e-05 3.5978675600e-05 3.7419249566e-05 3.8805055738e-05 0 0
1478 1.9374647677e-01 1.8938753625e-01 1.8938753625e-01 1.9396628274e-01 1.9505608058e-01 2.1809241366e-01 2.2407214810e-01 2.2407214810e-01 2.1795891241e-01 2.1768169367e-01 3.4558067815e-05 3.9782966269e-05 4.1321685785e-05 3.5515901556e-05 3.8044277971e-05 3.8899930587e-05 0 0
1479 1.9340823135e-01 1.8913771733e-01 1.8913771733e-01 1.9270253481e-01 1.9585651332e-01 2.1792910417e-01 2.2391225820e-01 2.2391225820e-01 2.1779952564e-01 2.1752074655e-01 3.6290111992e-05 3.9140135414e-05 3.9767797716e-05 3.6345769856e-05 3.7621528463e-05 3.8154874346e-05 0 0
1480 1.9392542139e-01 1.8856566305e-01 1.8856566305e-01 1.9328924555e-01 1.9526324963e-01 2.1776558219e-01 2.2375338275e-01 2.2375338275e-01 2.1764244600e-01 2.1735899083e-01 3.5954296441e-05 3.8509921069e-05 3.8964355554e-05 3.6091216041e-05 3.6990571971e-05 3.7764091758e-05 0 0
1481 1.9346005848e-01 1.8855280150e-01 1.8855280150e-01 1.9390635358e-01 1.9499718964e-01 2.1760158536e-01 2.2359301271e-01 2.2359301271e-01 2.1748329556e-01 2.1719606141e-01 3.6708355494e-05 3.7697112930e-05 3.7959996916e-05 3.6433055522e-05 3.6855282815e-05 3.7360467104e-05 0 0
1482 1.9306714401e-01 1.8952269113e-01 1.8952269113e-01 1.9284509894e-01 1.9517398095e-01 2.1743712736e-01 2.2343236317e-01 2.2343236317e-01 2.1732316116e-01 2.1703234098e-01 3.6807149349e-05 3.7243531551e-05 3.6997193092e-05 3.6515300554e-05 3.6796562199e-05 3.7006177081e-05 0 0
1483 1.9323735838e-01 1.8850494329e-01 1.8850494329e-01 1.9351373277e-01 1.9259996551e-01 2.1727242420e-01 2.2327101804e-01 2.2327101804e-01 2.1716675794e-01 2.1687003732e-01 3.6322230187e-05 3.7876909118e-05 3.8060192310e-05 3.6292343704e-05 3.6626244764e-05 3.7348390833e-05 0 0
1484 1.9338419477e-01 1.8665588629e-01 1.8665588629e-01 1.9324658577e-01 1.9206870403e-01 2.1710645125e-01 2.2310917686e-01 2.2310917686e-01 2.1700986161e-01 2.1671058065e-01 3.6396214834e-05 3.9043898141e-05 3.7304960642e-05 3.6416460726e-05 3.7178513594e-05 3.6592486140e-05 0 0
1485 1.9238301725e-01 1.8634934814e-01 1.8634934814e-01 1.9271656437e-01 1.9274174542e-01 2.1693910868e-01 2.2295039927e-01 2.2295039927e-01 2.1684981578e-01 2.1655295383e-01 3.5728247677e-05 3.8039655919e-05 3.8225547542e-05 3.6242763375e-05 3.7064040953e-05 3.6788032958e-05 0 0
1486 1.9207194923e-01 1.8693151323e-01 1.8693151323e-01 1.9302971872e-01 1.9219037903e-01 2.1677328129e-01 2.2279149656e-01 2.2279149656e-01 2.1669177133e-01 2.1639607749e-01 3.5393615698e-05 3.9619995732e-05 4.0123926738e-05 3.5986147875e-05 3.7553925722e-05 3.7611576772e-05 0 0
1487 1.9085523107e-01 1.8643587863e-01 1.8643587863e-01 1.9266326427e-01 1.9068437564e-01 2.1660856084e-01 2.2263251728e-01 2.2263251728e-01 2.1653382757e-01 2.1623862260e-01 3.5105024503e-05 4.1365796278e-05 3.9919186747e-05 3.5724017951e-05 3.8260272049e-05 3.7634403270e-05 0 0
1488 1.8994017980e-01 1.8532659606e-01 1.8532659606e-01 1.9460243255e-01 1.9347440304e-01 2.1644496836e-01 2.2247551134e-01 2.2247551134e-01 2.1637339096e-01 2.1608094190e-01 3.4727797834e-05 3.9286233005e-05 3.8017160477e-05 3.5353894407e-05 3.7478699596e-05 3.6713341615e-05 0 0
1489 1.8952216209e-01 1.8587998053e-01 1.8587998053e-01 1.9384915762e-01 1.9438032381e-01 2.1628343514e-01 2.2231940425e-01 2.2231940425e-01 2.1620984285e-01 2.1591956495e-01 3.5118492822e-05 3.9063095755e-05 3.8143705751e-05 3.5269360626e-05 3.7676920329e-05 3.7103651266e-05 0 0
1490 1.9037350852e-01 1.8757671535e-01 1.8757671535e-01 1.9394958012e-01 1.9421572058e-01 2.1612239452e-01 2.2215885242e-01 2.2215885242e-01 2.1604501741e-01 2.1575513445e-01 3.5480997027e-05 3.6959510908e-05 3.7097815948e-05 3.5353715578e-05 3.6804025513e-05 3.6912188079e-05 0 0
1491 1.8981554217e-01 1.8907103401e-01 1.8907103401e-01 1.9360584027e-01 1.9357057197e-01 2.1596228520e-01 2.2199771565e-01 2.2199771565e-01 2.1587848218e-01 2.1559152064e-01 3.6144594292e-05 3.6036355596e-05 3.7261364923e-05 3.5533530875e-05 3.6557968997e-05 3.6869412725e-05 0 0
1492 1.8875821816e-01 1.8723020415e-01 1.8723020415e-01 1.9377059630e-01 1.9353794152e-01 2.1580036201e-01 2.2183520897e-01 2.2183520897e-01 2.1571367408e-01 2.1542822730e-01 3.5602426893e-05 3.6832047044e-05 3.7671354221e-05 3.5396887750e-05 3.6750274376e-05 3.6933632146e-05 0 0
1493 1.8826000061e-01 1.8828440541e-01 1.8828440541e-01 1.9239312958e-01 1.9320909242e-01 2.1564030568e-01 2.2167012820e-01 2.2167012820e-01 2.1554924433e-01 2.1526302847e-01 3.5427942637e-05 3.6754354369e-05 3.7405441617e-05 3.5046413910e-05 3.6679686673e-05 3.6926041503e-05 0 0
1494 1.8616606396e-01 1.8905646299e-01 1.8905646299e-01 1.9129296157e-01 1.9290330594e-01 2.1548254335e-01 2.2150393359e-01 2.2150393359e-01 2.1538813896e-01 2.1509911556e-01 3.5684324270e-05 3.6849043681e-05 3.8561793190e-05 3.4860564762e-05 3.6385263229e-05 3.7322268327e-05 0 0
1495 1.8582151129e-01 1.8736585149e-01 1.8736585149e-01 1.9014053645e-01 1.9328820359e-01 2.1532538026e-01 2.2133851081e-01 2.2133851081e-01 2.1522873368e-01 2.1493633500e-01 3.4167443770e-05 3.7364778109e-05 3.8640304410e-05 3.3979272284e-05 3.6437200833e-05 3.7283536585e-05 0 0
1496 1.8792320915e-01 1.8772083430e-01 1.8772083430e-01 1.8907809991e-01 1.9311481360e-01 2.1516608897e-01 2.2117398610e-01 2.2117398610e-01 2.1507065302e-01 2.1477186346e-01 3.2963959474e-05 3.7366382458e-05 3.8397540266e-05 3.3582475242e-05 3.6214407373e-05 3.7390551370e-05 0 0
1497 1.8952702970e-01 1.8693472171e-01 1.8693472171e-01 1.8976190195e-01 1.9241740187e-01 2.1500286966e-01 2.2101055501e-01 2.2101055501e-01 2.1491301204e-01 2.1461000544e-01 3.3564982280e-05 3.8281828893e-05 3.8848518670e-05 3.4279739010e-05 3.6499119233e-05 3.7282839912e-05 0 0
1498 1.8924391930e-01 1.8590067210e-01 1.8590067210e-01 1.8953101533e-01 1.9058091810e-01 2.1483855823e-01 2.2085177212e-01 2.2085177212e-01 2.1475338936e-01 2.1444705613e-01 3.3826805011e-05 3.7550325942e-05 3.7581055949e-05 3.4461201201e-05 3.6323781387e-05 3.6800534872e-05 0 0
1499 1.8941242350e-01 1.8511154907e-01 1.8511154907e-01 1.9070649325e-01 1.9130520562e-01 2.1467365052e-01 2.2069443549e-01 2.2069443549e-01 2.1459430741e-01 2.1428891769e-01 3.4283569702e-05 3.7026287828e-05 3.8060914449e-05 3.4747494491e-05 3.5997776649e-05 3.6492650906e-05 0 0
1500 1.8806314035e-01 1.8390947952e-01 1.8390947952e-01 1.8857378009e-01 1.8978559556e-01 2.1451022941e-01 2.2053972156e-01 2.2053972156e-01 2.1443469425e-01 2.1413218237e-01 3.4544233372e-05 3.6238976463e-05 3.9578837459e-05 3.4707304919e-05 3.5601593481e-05 3.7004541809e-05 0 0
1501 1.8683328990e-01 1.8387372401e-01 1.8387372401e-01 1.8733878581e-01 1.8947113704e-01 2.1434578814e-01 2.2038110341e-01 2.2038110341e-01 2.1427628685e-01 2.1397368528e-01 3.3939443687e-05 3.5062930692e-05 3.8476044210e-05 3.4399383884e-05 3.4798833440e-05 3.6615969293e-05 0 0
1502 1.8724680040e-01 1.8477809654e-01 1.8477809654e-01 1.8729673608e-01 1.9101182406e-01 2.1418293390e-01 2.2022146660e-01 2.2022146660e-01 2.1411927187e-01 2.1381442729e-01 3.4130481670e-05 3.4310411138e-05 3.7900916141e-05 3.4261912791e-05 3.4227667129e-05 3.6326971895e-05 0 0
1503 1.8735173675e-01 1.8506973555e-01 1.8506973555e-01 1.8915399552e-01 1.8912375099e-01 2.1402436013e-01 2.2005951361e-01 2.2005951361e-01 2.1395952022e-01 2.1365423199e-01 3.5724756188e-05 3.3510910725e-05 3.7877400246e-05 3.4604515820e-05 3.4090684494e-05 3.6361820094e-05 0 0
1504 1.8651114713e-01 1.8374021248e-01 1.8374021248e-01 1.9232912089e-01 1.8842528441e-01 2.1386684977e-01 2.1989622870e-01 2.1989622870e-01 2.1379698088e-01 2.1349327873e-01 3.7183045129e-05 3.4093587601e-05 3.5917133573e-05 3.5154336303e-05 3.4655740819e-05 3.5490389564e-05 0 0
1505 1.8608024158e-01 1.8460070647e-01 1.8460070647e-01 1.9138405389e-01 1.8741346513e-01 2.1370849762e-01 2.1973607874e-01 2.1973607874e-01 2.1363391203e-01 2.1333681059e-01 3.7787534710e-05 3.5824685256e-05 3.6311592339e-05 3.5462997280e-05 3.5555411159e-05 3.5122166082e-05 0 0
1506 1.8444085582e-01 1.8211096709e-01 1.8211096709e-01 1.9060801812e-01 1.8595233961e-01 2.1355219368e-01 2.1957910911e-01 2.1957910911e-01 2.1347065144e-01 2.1318263381e-01 3.8502034203e-05 3.5185987144e-05 3.7326606616e-05 3.5548919321e-05 3.5229477362e-05 3.5254568502e-05 0 0
1507 1.8466742308e-01 1.8162416568e-01 1.8162416568e-01 1.9032031856e-01 1.8684177172e-01 2.1339593356e-01 2.1942096240e-01 2.1942096240e-01 2.1330670532e-01 2.1302789494e-01 3.6184775551e-05 3.5050396036e-05 3.6714252929e-05 3.4468648028e-05 3.5185648812e-05 3.4983615478e-05 0 0
1508 1.8552801870e-01 1.8393567893e-01 1.8393567893e-01 1.9008131440e-01 1.8925229469e-01 2.1323847956e-01 2.1926295366e-01 2.1926295366e-01 2.1314416929e-01 2.1287032300e-01 3.4504368967e-05 3.4715036236e-05 3.7714333303e-05 3.3743004864e-05 3.4801896618e-05 3.5765748180e-05 0 0
1509 1.8371165770e-01 1.8448415895e-01 1.8448415895e-01 1.8996548929e-01 1.8983328544e-01 2.1307986864e-01 2.1910284256e-01 2.1910284256e-01 2.1298269421e-01 2.1270825471e-01 3.4663246130e-05 3.5035665860e-05 3.7446852730e-05 3.3866694534e-05 3.4807504562e-05 3.6132931200e-05 0 0
1510 1.8141105633e-01 1.8406671111e-01 1.8406671111e-01 1.8877009403e-01 1.8886652688e-01 2.1292441887e-01 2.1894064213e-01 2.1894064213e-01 2.1282052019e-01 2.1254505419e-01 3.4036027725e-05 3.5092749386e-05 3.6716204704e-05 3.3150786337e-05 3.4858991057e-05 3.5866474718e-05 0 0
1511 1.8027514461e-01 1.8294040615e-01 1.8294040615e-01 1.8962249976e-01 1.8844478097e-01 2.1277332295e-01 2.1878142326e-01 2.1878142326e-01 2.1265712582e-01 2.1238069828e-01 3.3790958225e-05 3.3884329241e-05 3.5245015169e-05 3.2482423593e-05 3.4337774196e-05 3.5205095628e-05 0 0
1512 1.7923007042e-01 1.8247315137e-01 1.8247315137e-01 1.8858543893e-01 1.8902248420e-01 2.1262316986e-01 2.1862348846e-01 2.1862348846e-01 2.1249384548e-01 2.1221714469e-01 3.4525577274e-05 3.4400078221e-05 3.5114780985e-05 3.2635611375e-05 3.4596901969e-05 3.5019618736e-05 0 0
1513 1.7859587913e-01 1.8204070709e-01 1.8204070709e-01 1.8657308687e-01 1.8844712230e-01 2.1247113283e-01 2.1846599907e-01 2.1846599907e-01 2.1233253450e-01 2.1205653992e-01 3.3900379298e-05 3.4372857044e-05 3.6083341911e-05 3.2463925949e-05 3.4352951843e-05 3.5120836401e-05 0 0
1514 1.7928246693e-01 1.8184229208e-01 1.8184229208e-01 1.8613810332e-01 1.8879611346e-01 2.1231957085e-01 2.1830857705e-01 2.1830857705e-01 2.1217370365e-01 2.1189472901e-01 3.3939603037e-05 3.4092749047e-05 3.5783468775e-05 3.2390275338e-05 3.3882699427e-05 3.5039085560e-05 0 0
1515 1.7925503393e-01 1.8338825007e-01 1.8338825007e-01 1.8549567445e-01 1.8843470242e-01 2.1216772124e-01 2.1814907216e-01 2.1814907216e-01 2.1201375082e-01 2.1173431060e-01 3.3449212778e-05 3.3003223507e-05 3.6380934034e-05 3.2155186203e-05 3.3417301893e-05 3.5158491301e-05 0 0
1516 1.7984558683e-01 1.8293177186e-01 1.8293177186e-01 1.8371984915e-01 1.8738750471e-01 2.1201343134e-01 2.1798933080e-01 2.1798933080e-01 2.1185522923e-01 2.1157247980e-01 3.2478715579e-05 3.3628200981e-05 3.5845361708e-05 3.1908852736e-05 3.3557951610e-05 3.5026869227e-05 0 0
1517 1.7953961834e-01 1.8275453635e-01 1.8275453635e-01 1.8148293752e-01 1.8662082666e-01 2.1186018923e-01 2.1782711897e-01 2.1782711897e-01 2.1170198929e-01 2.1141103898e-01 3.2691495385e-05 3.4507202145e-05 3.5843730075e-05 3.1872150894e-05 3.3333697502e-05 3.4954144212e-05 0 0
1518 1.7800168884e-01 1.8162905749e-01 1.8162905749e-01 1.8029083026e-01 1.8404945672e-01 2.1170656407e-01 2.1766576534e-01 2.1766576534e-01 2.1155253294e-01 2.1125307479e-01 3.2418502165e-05 3.4618493373e-05 3.6027971873e-05 3.1722070142e-05 3.2832489524e-05 3.4655551644e-05 0 0
1519 1.7622065716e-01 1.7959794632e-01 1.7959794632e-01 1.8099996554e-01 1.8487184734e-01 2.1155380702e-01 2.1750731564e-01 2.1750731564e-01 2.1140475357e-01 2.1109617787e-01 3.1919108989e-05 3.5883729652e-05 3.5121811379e-05 3.1310416219e-05 3.3167692891e-05 3.4058246456e-05 0 0
1520 1.7686793407e-01 1.8057921196e-01 1.8057921196e-01 1.8054753489e-01 1.8482936738e-01 2.1140161846e-01 2.1735008126e-01 2.1735008126e-01 2.1125540690e-01 2.1093982189e-01 3.2316157808e-05 3.6366778659e-05 3.5579369069e-05 3.1360574269e-05 3.3547399653e-05 3.4149394196e-05 0 0
1521 1.7651493569e-01 1.7889386596e-01 1.7889386596e-01 1.7987775837e-01 1.8240332576e-01 2.1124828464e-01 2.1719328560e-01 2.1719328560e-01 2.1110271483e-01 2.1078414882e-01 3.3132683892e-05 3.4040116589e-05 3.5887729609e-05 3.1762088222e-05 3.2745754652e-05 3.4165446777e-05 0 0
1522 1.7586477613e-01 1.7550120829e-01 1.7550120829e-01 1.8083696211e-01 1.8073819547e-01 2.1109533600e-01 2.1703848066e-01 2.1703848066e-01 2.1094828046e-01 2.1063205249e-01 3.3289903311e-05 3.2477419154e-05 3.4886450521e-05 3.1696364008e-05 3.2106376239e-05 3.3227321182e-05 0 0
1523 1.7481623227e-01 1.7410962746e-01 1.7410962746e-01 1.8094062386e-01 1.8080201166e-01 2.1094253738e-01 2.1688927663e-01 2.1688927663e-01 2.1079333143e-01 2.1047881911e-01 3.1845326777e-05 3.1781750295e-05 3.2856092730e-05 3.0936594993e-05 3.1831619708e-05 3.2258712963e-05 0 0
1524 1.7507817848e-01 1.7399581043e-01 1.7399581043e-01 1.8012095214e-01 1.8119718274e-01 2.1078971707e-01 2.1673968604e-01 2.1673968604e-01 2.1063770453e-01 2.1032421942e-01 3.0364585379e-05 3.1791258152e-05 3.2642104998e-05 3.0169441423e-05 3.1867328289e-05 3.2189227568e-05 0 0
1525 1.7763943936e-01 1.7461463784e-01 1.7461463784e-01 1.7959389633e-01 1.8079465708e-01 2.1063712047e-01 2.1658789688e-01 2.1658789688e-01 2.1048344794e-01 2.1016996888e-01 3.0972384068e-05 3.1529469197e-05 3.3401793189e-05 3.0399173223e-05 3.1500705518e-05 3.2493098843e-05 0 0
1526 1.7781567294e-01 1.7486857201e-01 1.7486857201e-01 1.7757567195e-01 1.8038338690e-01 2.1048329090e-01 2.1643452786e-01 2.1643452786e-01 2.1033012960e-01 2.1001679418e-01 3.3011158661e-05 3.1842409953e-05 3.3228774555e-05 3.1486579273e-05 3.1494242648e-05 3.2293861295e-05 0 0
1527 1.7752537923e-01 1.7550601604e-01 1.7550601604e-01 1.7737629603e-01 1.7939829098e-01 2.1032865848e-01 2.1628172087e-01 2.1628172087e-01 2.1017621909e-01 2.0986349868e-01 3.3951659303e-05 3.2021978768e-05 3.3413281926e-05 3.1993537595e-05 3.1551624488e-05 3.2337380617e-05 0 0
1528 1.7728383760e-01 1.7543316391e-01 1.7543316391e-01 1.7723124550e-01 1.7942034386e-01 2.1017347836e-01 2.1612793262e-01 2.1612793262e-01 2.1002171805e-01 2.0970949717e-01 3.3878224359e-05 3.2274308978e-05 3.3383570553e-05 3.1985476218e-05 3.1621109883e-05 3.2344385545e-05 0 0
1529 1.7576550476e-01 1.7531446362e-01 1.7531446362e-01 1.7601233168e-01 1.7929204413e-01 2.1001852355e-01 2.1597293746e-01 2.1597293746e-01 2.0986908297e-01 2.0955720600e-01 3.3502113802e-05 3.3231595808e-05 3.3769259971e-05 3.1746998583e-05 3.1810584915e-05 3.2340787584e-05 0 0
1530 1.7647908168e-01 1.7448845288e-01 1.7448845288e-01 1.7510599403e-01 1.7886011485e-01 2.0986315522e-01 2.1581892977e-01 2.1581892977e-01 2.0971689179e-01 2.0940707327e-01 3.1795475641e-05 3.1780664358e-05 3.4438169678e-05 3.0889242427e-05 3.1003290133e-05 3.2360425394e-05 0 0
1531 1.7840359014e-01 1.7343220466e-01 1.7343220466e-01 1.7669198420e-01 1.7814635381e-01 2.0970359840e-01 2.1566563086e-01 2.1566563086e-01 2.0956406514e-01 2.0925434583e-01 3.1011357755e-05 3.0849258110e-05 3.3527370761e-05 3.0812563307e-05 3.0572788091e-05 3.2074251067e-05 0 0
1532 1.7886418569e-01 1.7266305246e-01 1.7266305246e-01 1.7883855531e-01 1.7811810026e-01 2.0954113173e-01 2.1551044432e-01 2.1551044432e-01 2.0940834709e-01 2.0909904252e-01 3.1221566128e-05 3.0853723729e-05 3.2678663047e-05 3.1128037199e-05 3.0843422792e-05 3.1831445085e-05 0 0
1533 1.7916295619e-01 1.7206894704e-01 1.7206894704e-01 1.7971772997e-01 1.7807900636e-01 2.0937785511e-01 2.1535507142e-01 2.1535507142e-01 2.0924838016e-01 2.0894299438e-01 3.1558946935e-05 3.0719740607e-05 3.1864110497e-05 3.1328248068e-05 3.1166018744e-05 3.1441199098e-05 0 0
1534 1.7905514867e-01 1.7042105348e-01 1.7042105348e-01 1.7982910371e-01 1.7692165526e-01 2.0921468255e-01 2.1520047618e-01 2.1520047618e-01 2.0908803875e-01 2.0878943230e-01 3.1496778849e-05 3.0991232052e-05 3.2236452171e-05 3.1222396201e-05 3.1306031815e-05 3.1287510865e-05 0 0
1535 1.7824583880e-01 1.6908005760e-01 1.6908005760e-01 1.7861842539e-01 1.7653662584e-01 2.0905107087e-01 2.1504921127e-01 2.1504921127e-01 2.0892958140e-01 2.0863663405e-01 3.0909245991e-05 3.1433957702e-05 3.1549192499e-05 3.0885518678e-05 3.1308316466e-05 3.0797114960e-05 0 0
1536 1.7691126431e-01 1.6972214371e-01 1.6972214371e-01 1.7836039198e-01 1.7766868902e-01 2.0888811494e-01 2.1489969981e-01 2.1489969981e-01 2.0877152979e-01 2.0848069870e-01 3.0855116903e-05 3.1156247132e-05 3.0528119169e-05 3.0763096445e-05 3.1083005524e-05 3.0595523640e-05 0 0
1537 1.7673921490e-01 1.7216951972e-01 1.7216951972e-01 1.7911020870e-01 1.7916511320e-01 2.0872612416e-01 2.1474782598e-01 2.1474782598e-01 2.0861455818e-01 2.0832260485e-01 2.9926443998e-05 3.0983059332e-05 3.0898101613e-05 3.0236023975e-05 3.0812178011e-05 3.0991746826e-05 0 0
1538 1.7746551198e-01 1.7298217192e-01 1.7298217192e-01 1.8038448791e-01 1.7963496767e-01 2.0856184207e-01 2.1459129300e-01 2.1459129300e-01 2.0845409215e-01 2.0816315909e-01 2.9402482906e-05 3.1434550692e-05 3.1992311051e-05 3.0184112064e-05 3.1277180824e-05 3.1618046705e-05 0 0
1539 1.7825148328e-01 1.7342138387e-01 1.7342138387e-01 1.7927163269e-01 1.7696797407e-01 2.0839639570e-01 2.1443005568e-01 2.1443005568e-01 2.0828996567e-01 2.0800461599e-01 2.9535746863e-05 3.1758374462e-05 3.2762010960e-05 3.0331987224e-05 3.1716228477e-05 3.1872894397e-05 0 0
1540 1.8060622569e-01 1.7221880793e-01 1.7221880793e-01 1.7754455139e-01 1.7673974445e-01 2.0823044853e-01 2.1426923212e-01 2.1426923212e-01 2.0812871799e-01 2.0784745081e-01 2.9854482318e-05 3.2317611840e-05 3.2382347854e-05 3.0522320100e-05 3.1664860217e-05 3.1521045457e-05 0 0
1541 1.7786168750e-01 1.7261765165e-01 1.7261765165e-01 1.7729811391e-01 1.7724480379e-01 2.0806245675e-01 2.1411068084e-01 2.1411068084e-01 2.0797037979e-01 2.0769136143e-01 3.1104911025e-05 3.4022214095e-05 3.2563766581e-05 3.1309459998e-05 3.2141650081e-05 3.1422252505e-05 0 0
1542 1.7593565178e-01 1.7214535453e-01 1.7214535453e-01 1.7726149637e-01 1.7810902958e-01 2.0789453907e-01 2.1395274462e-01 2.1395274462e-01 2.0781285424e-01 2.0753259973e-01 2.9842433802e-05 3.4287237213e-05 3.2032221498e-05 3.0609183894e-05 3.2127787563e-05 3.1356565160e-05 0 0
1543 1.7688186930e-01 1.7338404562e-01 1.7338404562e-01 1.7716508911e-01 1.7987890131e-01 2.0773028854e-01 2.1379246161e-01 2.1379246161e-01 2.0765529552e-01 2.0736851565e-01 2.9859825805e-05 3.3848491512e-05 3.0927209082e-05 3.0222322562e-05 3.1891555409e-05 3.1243360354e-05 0 0
1544 1.7736462662e-01 1.7443894639e-01 1.7443894639e-01 1.7762843711e-01 1.8001541765e-01 2.0756791106e-01 2.1363008149e-01 2.1363008149e-01 2.0749680642e-01 2.0720294328e-01 3.1309176822e-05 3.2907597415e-05 3.1774425224e-05 3.0690852293e-05 3.1531530112e-05 3.1712294003e-05 0 0
1545 1.7750898678e-01 1.7294971998e-01 1.7294971998e-01 1.7909090630e-01 1.7884838832e-01 2.0740364010e-01 2.1346892432e-01 2.1346892432e-01 2.0733542221e-01 2.0703944390e-01 3.2754563151e-05 3.1483952625e-05 3.1993671655e-05 3.1508593747e-05 3.1144478271e-05 3.1576269976e-05 0 0
1546 1.7665871663e-01 1.7146911162e-01 1.7146911162e-01 1.7937061756e-01 1.7850899491e-01 2.0724011966e-01 2.1330961946e-01 2.1330961946e-01 2.0717267196e-01 2.0687707777e-01 3.4588762021e-05 3.1873862099e-05 3.1846129787e-05 3.2271417725e-05 3.1485522413e-05 3.1367173506e-05 0 0
1547 1.7742898706e-01 1.7149202530e-01 1.7149202530e-01 1.7986371248e-01 1.7772052391e-01 2.0707451213e-01 2.1315145740e-01 2.1315145740e-01 2.0700909956e-01 2.0671701532e-01 3.4056428638e-05 3.2076331991e-05 3.2686290069e-05 3.2222683902e-05 3.1614321415e-05 3.1501074773e-05 0 0
1548 1.7837479121e-01 1.7073752866e-01 1.7073752866e-01 1.8006234229e-01 1.7626538562e-01 2.0690908286e-01 2.1299372333e-01 2.1299372333e-01 2.0684517437e-01 2.0655717119e-01 3.2941012444e-05 3.2851006836e-05 3.2646412365e-05 3.1680178297e-05 3.1956273233e-05 3.1430994568e-05 0 0
1549 1.7885267975e-01 1.7089907510e-01 1.7089907510e-01 1.7757435554e-01 1.7689672170e-01 2.0674076261e-01 2.1283410570e-01 2.1283410570e-01 2.0668522103e-01 2.0639777574e-01 3.2213320144e-05 3.4365166357e-05 3.2588097383e-05 3.1581989726e-05 3.2254833059e-05 3.1361027141e-05 0 0
1550 1.7947727911e-01 1.7252942148e-01 1.7252942148e-01 1.7675050765e-01 1.7925391415e-01 2.0656936502e-01 2.1267397158e-01 2.1267397158e-01 2.0652602185e-01 2.0623917463e-01 3.0991086674e-05 3.3330372389e-05 3.3820007957e-05 3.1219894472e-05 3.1644873161e-05 3.1885498174e-05 0 0
1551 1.7809295592e-01 1.7393699730e-01 1.7393699730e-01 1.7832099214e-01 1.7940091650e-01 2.0639736773e-01 2.1251238552e-01 2.1251238552e-01 2.0636391499e-01 2.0607786778e-01 3.1245078398e-05 3.2809673939e-05 3.4598202546e-05 3.1359584277e-05 3.1593743188e-05 3.2529225791e-05 0 0
1552 1.7777674826e-01 1.7413254132e-01 1.7413254132e-01 1.8006822948e-01 1.7942286264e-01 2.0622585974e-01 2.1234933479e-01 2.1234933479e-01 2.0619932955e-01 2.0591496405e-01 3.0989959540e-05 3.3326972698e-05 3.3677801184e-05 3.1119861226e-05 3.2019321225e-05 3.2205593016e-05 0 0
1553 1.7879891732e-01 1.7380799488e-01 1.7380799488e-01 1.8064994499e-01 1.7873651160e-01 2.0605486530e-01 2.1218739575e-01 2.1218739575e-01 2.0603268498e-01 2.0575013160e-01 3.1211209488e-05 3.3654414437e-05 3.3255513699e-05 3.1132597843e-05 3.2356032534e-05 3.2115476643e-05 0 0
1554 1.7701623200e-01 1.7169494843e-01 1.7169494843e-01 1.7971934031e-01 1.7702130179e-01 2.0588518285e-01 2.1202396914e-01 2.1202396914e-01 2.0586619877e-01 2.0558559065e-01 3.3236898754e-05 3.3420998079e-05 3.2307207221e-05 3.1986753753e-05 3.2220479625e-05 3.1565254176e-05 0 0
1555 1.7657086752e-01 1.7050847384e-01 1.7050847384e-01 1.7996537579e-01 1.7859085275e-01 2.0571717771e-01 2.1186222283e-01 2.1186222283e-01 2.0569787170e-01 2.0542238554e-01 3.2739961715e-05 3.1822453820e-05 3.1212992326e-05 3.1542143505e-05 3.1610205042e-05 3.0849600080e-05 0 0
1556 1.7583929943e-01 1.7225145165e-01 1.7225145165e-01 1.8048908420e-01 1.7976194892e-01 2.0554834177e-01 2.1170260884e-01 2.1170260884e-01 2.0553041825e-01 2.0525598076e-01 3.2409842836e-05 3.2176503737e-05 3.1869589293e-05 3.1396854332e-05 3.1696037695e-05 3.1426650821e-05 0 0
1557 1.7710776046e-01 1.7365014684e-01 1.7365014684e-01 1.7955878691e-01 1.7895251763e-01 2.0537792334e-01 2.1153959064e-01 2.1153959064e-01 2.0536327818e-01 2.0508656820e-01 3.1415287039e-05 3.3279227864e-05 3.2199484849e-05 3.1052799222e-05 3.2170160921e-05 3.1810835935e-05 0 0
1558 1.7754472314e-01 1.7416363922e-01 1.7416363922e-01 1.7865844904e-01 1.7883852797e-01 2.0520731741e-01 2.1137405525e-01 2.1137405525e-01 2.0519708559e-01 2.0491761584e-01 3.1592511969e-05 3.4657046854e-05 3.2623844163e-05 3.1195272045e-05 3.2673253372e-05 3.1932933780e-05 0 0
1559 1.7823861390e-01 1.7346505492e-01 1.7346505492e-01 1.7887378267e-01 1.7825785773e-01 2.0503501109e-01 2.1120688408e-01 2.1120688408e-01 2.0503066180e-01 2.0475082158e-01 3.0455442223e-05 3.4549606426e-05 3.3449548937e-05 3.0782473838e-05 3.2578429455e-05 3.2146512240e-05 0 0
1560 1.8112759341e-01 1.7297087609e-01 1.7297087609e-01 1.8042343843e-01 1.7972887252e-01 2.0486075121e-01 2.1103871274e-01 2.1103871274e-01 2.0486343894e-01 2.0458342288e-01 3.1012637323e-05 3.4057929952e-05 3.2657586416e-05 3.1216709421e-05 3.2380939956e-05 3.1836174458e-05 0 0
1561 1.7931044826e-01 1.7491296792e-01 1.7491296792e-01 1.7963768175e-01 1.7992085874e-01 2.0468785827e-01 2.1087056072e-01 2.1087056072e-01 2.0469398659e-01 2.0441537096e-01 3.3273450208e-05 3.3701935536e-05 3.3259444535e-05 3.2194596122e-05 3.2392408684e-05 3.2150917832e-05 0 0
1562 1.7980344707e-01 1.7486313956e-01 1.7486313956e-01 1.7840319464e-01 1.7962500532e-01 2.0451611541e-01 2.1070220027e-01 2.1070220027e-01 2.0452378032e-01 2.0424695982e-01 3.2268400214e-05 3.2699037547e-05 3.3821977922e-05 3.1565123130e-05 3.1937384847e-05 3.2410538552e-05 0 0
1563 1.7680085195e-01 1.7335589697e-01 1.7335589697e-01 1.7959304976e-01 1.7926589858e-01 2.0434654694e-01 2.1053283596e-01 2.1053283596e-01 2.0435467391e-01 2.0407825507e-01 3.3407941215e-05 3.1253373891e-05 3.3885422454e-05 3.1873356370e-05 3.1096358725e-05 3.2423346056e-05 0 0
1564 1.7732453623e-01 1.7267486463e-01 1.7267486463e-01 1.7940449716e-01 1.7916368631e-01 2.0417456024e-01 2.1036422456e-01 2.1036422456e-01 2.0418371943e-01 2.0391147438e-01 3.1122248759e-05 3.1641568057e-05 3.4474760469e-05 3.0949005495e-05 3.1448435038e-05 3.2443502278e-05 0 0
1565 1.7865389067e-01 1.7257998301e-01 1.7257998301e-01 1.8030739193e-01 1.7891649244e-01 2.0400191739e-01 2.1019770763e-01 2.1019770763e-01 2.0401183431e-01 2.0374230630e-01 3.1733702383e-05 3.1127585316e-05 3.4170652725e-05 3.1269975037e-05 3.1271496482e-05 3.2474335967e-05 0 0
1566 1.7846091581e-01 1.7329637762e-01 1.7329637762e-01 1.8030964523e-01 1.7819085164e-01 2.0382884050e-01 2.1002987599e-01 2.1002987599e-01 2.0384032830e-01 2.0357280617e-01 3.3722721197e-05 3.1391742596e-05 3.3826856452e-05 3.2244029541e-05 3.1395531551e-05 3.2325782740e-05 0 0
1567 1.7842755718e-01 1.7291552228e-01 1.7291552228e-01 1.7961588889e-01 1.7778561975e-01 2.0365567181e-01 2.0986349834e-01 2.0986349834e-01 2.0366679287e-01 2.0340414227e-01 3.3174720335e-05 3.1795025279e-05 3.3389207601e-05 3.1984819799e-05 3.1799641874e-05 3.2011910662e-05 0 0
1568 1.7826246211e-01 1.7214062063e-01 1.7214062063e-01 1.7919545209e-01 1.7878498175e-01 2.0348565615e-01 2.0969692066e-01 2.0969692066e-01 2.0349404502e-01 2.0323550150e-01 3.4098851329e-05 3.2899179132e-05 3.2353820643e-05 3.2136422441e-05 3.2234309401e-05 3.1475705327e-05 0 0
1569 1.7861216066e-01 1.7316427339e-01 1.7316427339e-01 1.7733455584e-01 1.7937229592e-01 2.0331559027e-01 2.0952867020e-01 2.0952867020e-01 2.0332730094e-01 2.0306369998e-01 3.3976945646e-05 3.5492192183e-05 3.2110201573e-05 3.2097068933e-05 3.2837646359e-05 3.1643770853e-05 0 0
1570 1.7700053932e-01 1.7311206412e-01 1.7311206412e-01 1.7829576717e-01 1.7975680684e-01 2.0314396340e-01 2.0935739295e-01 2.0935739295e-01 2.0315865038e-01 2.0289124109e-01 3.3145973798e-05 3.3688587791e-05 3.1871606552e-05 3.1876299157e-05 3.2140545954e-05 3.1599467547e-05 0 0
1571 1.7862029118e-01 1.7352412462e-01 1.7352412462e-01 1.7893010130e-01 1.8108983902e-01 2.0297164003e-01 2.0918653851e-01 2.0918653851e-01 2.0298969347e-01 2.0271713253e-01 3.1569091309e-05 3.3510228604e-05 3.1207049688e-05 3.1197249128e-05 3.2066132917e-05 3.1428302464e-05 0 0
1572 1.7693162956e-01 1.7403483155e-01 1.7403483155e-01 1.8017322389e-01 1.8110669659e-01 2.0279743501e-01 2.0901396385e-01 2.0901396385e-01 2.0281600560e-01 2.0254115571e-01 3.1819905400e-05 3.2073452530e-05 3.1866855352e-05 3.1496302310e-05 3.1769859561e-05 3.1928264434e-05 0 0
1573 1.7731210718e-01 1.7382682843e-01 1.7382682843e-01 1.8034519460e-01 1.8033245429e-01 2.0262351222e-01 2.0884003040e-01 2.0884003040e-01 2.0263773582e-01 2.0236502605e-01 3.1331089827e-05 3.1487015804e-05 3.1932564525e-05 3.1199900635e-05 3.1847828723e-05 3.1946512536e-05 0 0
1574 1.7700362654e-01 1.7298543993e-01 1.7298543993e-01 1.8029464507e-01 1.7856152600e-01 2.0245160204e-01 2.0866818152e-01 2.0866818152e-01 2.0246336204e-01 2.0219148626e-01 3.2039609469e-05 3.2374668081e-05 3.1817771742e-05 3.1340794801e-05 3.1942950955e-05 3.1598707210e-05 0 0
1575 1.7657594667e-01 1.7109742161e-01 1.7109742161e-01 1.8092291691e-01 1.8013220418e-01 2.0228108605e-01 2.0850022381e-01 2.0850022381e-01 2.0229083082e-01 2.0201718345e-01 3.2592740858e-05 3.2395439121e-05 3.0555127523e-05 3.1466940457e-05 3.1804866012e-05 3.0979928852e-05 0 0
1576 1.7665042902e-01 1.7258251394e-01 1.7258251394e-01 1.7821803544e-01 1.8065391074e-01 2.0210893587e-01 2.0833165885e-01 2.0833165885e-01 2.0212001550e-01 2.0184201686e-01 3.1924627607e-05 3.3512265873e-05 3.1169687645e-05 3.1237296275e-05 3.2192669096e-05 3.1347310141e-05 0 0
1577 1.7852505709e-01 1.7324172453e-01 1.7324172453e-01 1.7831520526e-01 1.8086395932e-01 2.0193506853e-01 2.0816093725e-01 2.0816093725e-01 2.0194760630e-01 2.0166623403e-01 3.1068068033e-05 3.2265686968e-05 3.1775289244e-05 3.0908122579e-05 3.1763227526e-05 3.1697034501e-05 0 0
1578 1.7618286018e-01 1.7454266757e-01 1.7454266757e-01 1.7881979780e-01 1.8025938410e-01 2.0176116468e-01 2.0798885862e-01 2.0798885862e-01 2.0177781109e-01 2.0148818160e-01 3.1481977519e-05 3.3013182474e-05 3.2182750147e-05 3.1119056789e-05 3.1919276807e-05 3.2071930036e-05 0 0
1579 1.7697392034e-01 1.7420739684e-01 1.7420739684e-01 1.7898380314e-01 1.7854198302e-01 2.0158892442e-01 2.0781552818e-01 2.0781552818e-01 2.0160626209e-01 2.0131569961e-01 3.0053671291e-05 3.3107740819e-05 3.3521359001e-05 3.0260734794e-05 3.2121100958e-05 3.2202455259e-05 0 0
1580 1.7702063598e-01 1.7186736502e-01 1.7186736502e-01 1.7900566385e-01 1.7890983077e-01 2.0141367897e-01 2.0764462989e-01 2.0764462989e-01 2.0143434667e-01 2.0114298380e-01 2.9651442344e-05 3.2936484786e-05 3.2861196814e-05 3.0298830785e-05 3.2050722439e-05 3.1941124689e-05 0 0
1581 1.7668121490e-01 1.7335976500e-01 1.7335976500e-01 1.7885108570e-01 1.7875731757e-01 2.0123674739e-01 2.0747283876e-01 2.0747283876e-01 2.0126333175e-01 2.0097321811e-01 2.9506918950e-05 3.2794383515e-05 3.4051148759e-05 3.0385885853e-05 3.1872810723e-05 3.2268861105e-05 0 0
1582 1.7618692833e-01 1.7224429295e-01 1.7224429295e-01 1.7926460497e-01 1.7843402713e-01 2.0106276381e-01 2.0730219746e-01 2.0730219746e-01 2.0109132244e-01 2.0080306293e-01 2.9305703412e-05 3.1848716390e-05 3.4300161133e-05 3.0048322770e-05 3.1451399991e-05 3.2430585634e-05 0 0
1583 1.7607998432e-01 1.7228926780e-01 1.7228926780e-01 1.7879257656e-01 1.7900843560e-01 2.0089240258e-01 2.0713033841e-01 2.0713033841e-01 2.0092132619e-01 2.0062959328e-01 3.0029773095e-05 3.2949177694e-05 3.2636857213e-05 3.0086221635e-05 3.1764022424e-05 3.1953262805e-05 0 0
1584 1.7511537354e-01 1.7368416236e-01 1.7368416236e-01 1.7885294338e-01 1.7975232909e-01 2.0072118230e-01 2.0695813413e-01 2.0695813413e-01 2.0074815989e-01 2.0045821922e-01 2.9938742508e-05 3.1603090974e-05 3.3195374272e-05 3.0091812865e-05 3.1374902392e-05 3.2035824916e-05 0 0
1585 1.7307846922e-01 1.7227383419e-01 1.7227383419e-01 1.7877456569e-01 1.7941704122e-01 2.0055224581e-01 2.0678534721e-01 2.0678534721e-01 2.0057824696e-01 2.0028468119e-01 2.9721754737e-05 3.2579620893e-05 3.3004615034e-05 2.9743879827e-05 3.1523835787e-05 3.2116960938e-05 0 0
1586 1.7383124367e-01 1.7275696661e-01 1.7275696661e-01 1.7595534578e-01 1.7907632673e-01 2.0038429145e-01 2.0661087725e-01 2.0661087725e-01 2.0040948235e-01 2.0011266732e-01 2.9042599817e-05 3.3000413168e-05 3.2257277780e-05 2.9253381052e-05 3.1604939068e-05 3.1560704883e-05 0 0
1587 1.7274125282e-01 1.7349085073e-01 1.7349085073e-01 1.7682741439e-01 1.7841859394e-01 2.0021882885e-01 2.0644019061e-01 2.0644019061e-01 2.0024041886e-01 1.9993856237e-01 3.0233142989e-05 3.2051309972e-05 3.1720586776e-05 2.9585516583e-05 3.1197399949e-05 3.1447272704e-05 0 0
1588 1.7352852466e-01 1.7247356420e-01 1.7247356420e-01 1.7735703204e-01 1.7864283192e-01 2.0005367902e-01 2.0626640897e-01 2.0626640897e-01 2.0007050510e-01 1.9976514292e-01 3.0259981500e-05 3.2992060369e-05 3.1508991015e-05 2.9570136973e-05 3.1756366297e-05 3.1254345231e-05 0 0
1589 1.7263184091e-01 1.7270094026e-01 1.7270094026e-01 1.7563373880e-01 1.7826893741e-01 1.9988625220e-01 2.0609300950e-01 2.0609300950e-01 1.9990272328e-01 1.9959321067e-01 3.0957262161e-05 3.3560778320e-05 3.2248311982e-05 3.0085579298e-05 3.1819425203e-05 3.1448866139e-05 0 0
1590 1.7466757952e-01 1.7286620644e-01 1.7286620644e-01 1.7668374167e-01 1.7654711590e-01 1.9971783963e-01 2.0591936966e-01 2.0591936966e-01 1.9973509955e-01 1.9942146921e-01 3.0778915622e-05 3.1675246646e-05 3.2594209188e-05 3.0020823068e-05 3.0884933949e-05 3.1578903872e-05 0 0
1591 1.7504432394e-01 1.7202211716e-01 1.7202211716e-01 1.7606591910e-01 1.7711342163e-01 1.9954692861e-01 2.0574644950e-01 2.0574644950e-01 1.9956854278e-01 1.9925199366e-01 3.1520785813e-05 3.1917908927e-05 3.2422069125e-05 3.0583974580e-05 3.0903487641e-05 3.1298259273e-05 0 0
1592 1.7464609702e-01 1.7259840557e-01 1.7259840557e-01 1.7547142620e-01 1.7768819177e-01 1.9937546606e-01 2.0557596144e-01 2.0557596144e-01 1.9940173971e-01 1.9907962966e-01 3.1631000109e-05 3.1146952097e-05 3.1686298826e-05 3.0694481316e-05 3.0516482184e-05 3.1212823160e-05 0 0
1593 1.7610156906e-01 1.7282413006e-01 1.7282413006e-01 1.7459424234e-01 1.7753029205e-01 1.9920175969e-01 2.0540215717e-01 2.0540215717e-01 1.9923616244e-01 1.9890946298e-01 3.0451466876e-05 3.0533208701e-05 3.2977361116e-05 3.0295568096e-05 3.0032769246e-05 3.1648245567e-05 0 0
1594 1.7573639035e-01 1.7108955596e-01 1.7108955596e-01 1.7505916262e-01 1.7501219562e-01 1.9902810867e-01 2.0522967512e-01 2.0522967512e-01 1.9906933052e-01 1.9873990924e-01 3.0649109841e-05 2.9675137739e-05 3.2791116610e-05 3.0358354031e-05 2.9670039112e-05 3.1516030504e-05 0 0
1595 1.7598592793e-01 1.6909346397e-01 1.6909346397e-01 1.7483810819e-01 1.7603194321e-01 1.9885461504e-01 2.0505977311e-01 2.0505977311e-01 1.9890005776e-01 1.9857127493e-01 3.0391497467e-05 2.9241988159e-05 3.0588065783e-05 3.0209305943e-05 2.9651852856e-05 3.0329802939e-05 0 0
1596 1.7542062768e-01 1.7026515246e-01 1.7026515246e-01 1.7653278192e-01 1.7521439122e-01 1.9868382747e-01 2.0489388371e-01 2.0489388371e-01 1.9872951740e-01 1.9840267746e-01 3.0260470129e-05 2.8674821806e-05 3.1480398320e-05 2.9942046490e-05 2.9450956390e-05 3.0724433600e-05 0 0
1597 1.7558143023e-01 1.6740812402e-01 1.6740812402e-01 1.7771851291e-01 1.7448894259e-01 1.9851262669e-01 2.0472703214e-01 2.0472703214e-01 1.9855802594e-01 1.9823554372e-01 2.9486942650e-05 2.9837482543e-05 3.0617080483e-05 2.9595349026e-05 3.0089079701e-05 3.0149292797e-05 0 0
1598 1.7625219290e-01 1.6710745308e-01 1.6710745308e-01 1.7718189170e-01 1.7393340850e-01 1.9833848989e-01 2.0456228829e-01 2.0456228829e-01 1.9838593519e-01 1.9806867208e-01 2.9716470391e-05 3.0567003705e-05 3.0058253287e-05 2.9907095456e-05 3.0478473491e-05 2.9798654396e-05 0 0
1599 1.7735872030e-01 1.6674379648e-01 1.6674379648e-01 1.7737272300e-01 1.7499498247e-01 1.9816273898e-01 2.0439956720e-01 2.0439956720e-01 1.9820992304e-01 1.9790064177e-01 2.9664442384e-05 2.9781533158e-05 2.9714712582e-05 2.9999337685e-05 3.0401209187e-05 2.9660475775e-05 0 0
1600 1.7643108449e-01 1.6811880905e-01 1.6811880905e-01 1.7659890226e-01 1.7535710622e-01 1.9798542723e-01 2.0423529281e-01 2.0423529281e-01 1.9803698610e-01 1.9773264950e-01 3.0095241424e-05 3.0561066524e-05 3.0462020732e-05 3.0347226198e-05 3.0510266697e-05 3.0012651223e-05 0 0
1601 1.7721845562e-01 1.6852485839e-01 1.6852485839e-01 1.7694246674e-01 1.7545705477e-01 1.9780538289e-01 2.0406842564e-01 2.0406842564e-01 1.9786298561e-01 1.9756688030e-01 2.9208534067e-05 3.0157159017e-05 3.2268646464e-05 3.0083696825e-05 3.0416363188e-05 3.0686785976e-05 0 0
1602 1.7817237243e-01 1.6939052177e-01 1.6939052177e-01 1.7604314117e-01 1.7535118900e-01 1.9762503989e-01 2.0389999393e-01 2.0389999393e-01 1.9769301914e-01 1.9739853069e-01 2.9492807000e-05 3.1436840800e-05 3.3091413570e-05 3.0232202903e-05 3.0694653105e-05 3.1282590498e-05 0 0
1603 1.7687438522e-01 1.7114390592e-01 1.7114390592e-01 1.7564613461e-01 1.7660516331e-01 1.9744724709e-01 2.0372824605e-01 2.0372824605e-01 1.9752788448e-01 1.9723096932e-01 3.0667102053e-05 3.2952162655e-05 3.4071612390e-05 3.0599717393e-05 3.0942059311e-05 3.1623945688e-05 0 0
1604 1.7589250973e-01 1.7061087802e-01 1.7061087802e-01 1.7475235611e-01 1.7676956114e-01 1.9726942823e-01 2.0355672804e-01 2.0355672804e-01 1.9736182667e-01 1.9705977905e-01 2.9643127696e-05 3.3224097933e-05 3.3375570638e-05 3.0092262133e-05 3.1165507608e-05 3.1618583307e-05 0 0
1605 1.7644987026e-01 1.7053207365e-01 1.7053207365e-01 1.7630241806e-01 1.7651350567e-01 1.9709141400e-01 2.0338292085e-01 2.0338292085e-01 1.9719347939e-01 1.9688645955e-01 2.9108382297e-05 3.2122512494e-05 3.1829400541e-05 2.9844276931e-05 3.0884681109e-05 3.1071003832e-05 0 0
1606 1.7624037266e-01 1.6988040703e-01 1.6988040703e-01 1.7729454587e-01 1.7821499403e-01 1.9691116737e-01 2.0321225851e-01 2.0321225851e-01 1.9702306453e-01 1.9671477804e-01 2.9102512697e-05 3.2993732020e-05 3.1198098441e-05 2.9977110846e-05 3.1447520087e-05 3.0614386560e-05 0 0
1607 1.7520677024e-01 1.6998393471e-01 1.6998393471e-01 1.7833729806e-01 1.7546080946e-01 1.9672714656e-01 2.0304434404e-01 2.0304434404e-01 1.9685137341e-01 1.9654203313e-01 2.8845197108e-05 3.3142167013e-05 3.1519630284e-05 3.0107268315e-05 3.1568180930e-05 3.0864464861e-05 0 0
1608 1.7458911624e-01 1.6738423956e-01 1.6738423956e-01 1.7847042367e-01 1.7508791044e-01 1.9654819359e-01 2.0287569270e-01 2.0287569270e-01 1.9667661448e-01 1.9637056451e-01 2.9048884072e-05 3.2360369005e-05 3.0226038689e-05 2.9761923537e-05 3.1465140637e-05 3.0109529689e-05 0 0
1609 1.7469096676e-01 1.6872365556e-01 1.6872365556e-01 1.7772439913e-01 1.7652620044e-01 1.9637213406e-01 2.0271046129e-01 2.0271046129e-01 1.9650070982e-01 1.9619703086e-01 2.9301845274e-05 3.1790834328e-05 2.9527352126e-05 2.9612420543e-05 3.1299525290e-05 2.9926940442e-05 0 0
1610 1.7394636818e-01 1.7038031921e-01 1.7038031921e-01 1.7815243762e-01 1.7672592081e-01 1.9619829610e-01 2.0254169099e-01 2.0254169099e-01 1.9632379640e-01 1.9602433278e-01 2.9656006614e-05 3.1216439311e-05 3.0944118407e-05 2.9590775353e-05 3.1079520340e-05 3.0552235330e-05 0 0
1611 1.7301807549e-01 1.7038937636e-01 1.7038937636e-01 1.7672231552e-01 1.7708740145e-01 1.9602641880e-01 2.0236948957e-01 2.0236948957e-01 1.9614890201e-01 1.9585058004e-01 2.9076442188e-05 3.1387797208e-05 3.2064295738e-05 2.9095528530e-05 3.0958553907e-05 3.1183373721e-05 0 0
1612 1.7349532545e-01 1.7213709853e-01 1.7213709853e-01 1.7686301204e-01 1.7708145461e-01 1.9585407584e-01 2.0219495019e-01 2.0219495019e-01 1.9597216869e-01 1.9567974746e-01 2.8654555739e-05 2.9916922358e-05 3.3885644370e-05 2.8889398414e-05 3.0383075682e-05 3.1742878491e-05 0 0
1613 1.7395752999e-01 1.7099635997e-01 1.7099635997e-01 1.7755007096e-01 1.7689279413e-01 1.9568084385e-01 2.0202160887e-01 2.0202160887e-01 1.9579335961e-01 1.9550704024e-01 2.9415400315e-05 2.9610077945e-05 3.4330607377e-05 2.9339744227e-05 3.0407945815e-05 3.2075980926e-05 0 0
1614 1.7427337919e-01 1.7062261940e-01 1.7062261940e-01 1.7752832479e-01 1.7735521121e-01 1.9550761705e-01 2.0184516391e-01 2.0184516391e-01 1.9561439783e-01 1.9533237651e-01 2.9599518432e-05 3.0114931178e-05 3.3647493183e-05 2.9366287578e-05 3.0632088965e-05 3.1936613595e-05 0 0
1615 1.7395271701e-01 1.7061263573e-01 1.7061263573e-01 1.7510703381e-01 1.7706218747e-01 1.9533364361e-01 2.0166983332e-01 2.0166983332e-01 1.9543702378e-01 1.9515827224e-01 3.0037133278e-05 3.0842109481e-05 3.2865449612e-05 2.9583487931e-05 3.0790268283e-05 3.1538020266e-05 0 0
1616 1.7135362567e-01 1.6992698859e-01 1.6992698859e-01 1.7387875746e-01 1.7647196645e-01 1.9516097498e-01 2.0149747381e-01 2.0149747381e-01 1.9526353859e-01 1.9498226751e-01 3.0121881315e-05 3.0683238947e-05 3.1641271562e-05 2.9501289358e-05 3.0336222153e-05 3.1084848160e-05 0 0
1617 1.7082552932e-01 1.6949455748e-01 1.6949455748e-01 1.7338170567e-01 1.7816782461e-01 1.9499004730e-01 2.0132598828e-01 2.0132598828e-01 1.9509186806e-01 1.9480583593e-01 2.9308078928e-05 3.0162919757e-05 3.0355468880e-05 2.8931169552e-05 2.9910956982e-05 3.0435242479e-05 0 0
1618 1.6980600326e-01 1.7061523405e-01 1.7061523405e-01 1.7182233597e-01 1.7838365259e-01 1.9482045796e-01 2.0115438183e-01 2.0115438183e-01 1.9492152713e-01 1.9462825880e-01 2.9941770180e-05 3.0535176847e-05 3.1315717933e-05 2.9103266693e-05 2.9960523534e-05 3.1022133044e-05 0 0
1619 1.7065339846e-01 1.7005425810e-01 1.7005425810e-01 1.7237386050e-01 1.7693960604e-01 1.9464985405e-01 2.0097756585e-01 2.0097756585e-01 1.9475296228e-01 1.9445063658e-01 3.0141144847e-05 3.0025901651e-05 3.1635743653e-05 2.9258535083e-05 2.9520379030e-05 3.1173769457e-05 0 0
1620 1.7001868545e-01 1.7017166916e-01 1.7017166916e-01 1.7365856017e-01 1.7535481584e-01 1.9448012533e-01 2.0080143579e-01 2.0080143579e-01 1.9458220547e-01 1.9427432049e-01 3.0713902281e-05 3.0343386243e-05 3.1148119888e-05 2.9439364714e-05 2.9835408895e-05 3.0732377127e-05 0 0
1621 1.7160717117e-01 1.6882041769e-01 1.6882041769e-01 1.7346646493e-01 1.7376582363e-01 1.9431123595e-01 2.0062765362e-01 2.0062765362e-01 1.9441126054e-01 1.9410315984e-01 3.0174854824e-05 3.1155483157e-05 3.1785320971e-05 2.9107542102e-05 3.0214474464e-05 3.0529450669e-05 0 0
1622 1.7175116449e-01 1.6712045484e-01 1.6712045484e-01 1.7305506161e-01 1.7270472858e-01 1.9414098047e-01 2.0045523112e-01 2.0045523112e-01 1.9424117302e-01 1.9393346443e-01 3.0744599248e-05 3.1402960303e-05 3.1438112273e-05 2.9467367589e-05 3.0217714084e-05 3.0233582947e-05 0 0
1623 1.7183704986e-01 1.6759410929e-01 1.6759410929e-01 1.7200081931e-01 1.7218282955e-01 1.9396674336e-01 2.0028335606e-01 2.0028335606e-01 1.9407074497e-01 1.9376578084e-01 2.9432729647e-05 3.1297635360e-05 3.1989597119e-05 2.9124164355e-05 3.0155015338e-05 3.0311450246e-05 0 0
1624 1.7134062900e-01 1.6666708079e-01 1.6666708079e-01 1.7146815772e-01 1.7263649907e-01 1.9379129753e-01 2.0011295624e-01 2.0011295624e-01 1.9390227135e-01 1.9359931163e-01 2.8760754242e-05 3.1203404433e-05 3.2319363527e-05 2.8876538728e-05 2.9895822991e-05 3.0325275475e-05 0 0
1625 1.7314691357e-01 1.6617271060e-01 1.6617271060e-01 1.7116809347e-01 1.7357451109e-01 1.9361516747e-01 1.9994179520e-01 1.9994179520e-01 1.9373616830e-01 1.9342827547e-01 2.8184439570e-05 3.1373145248e-05 3.1195122574e-05 2.8607896991e-05 2.9744356652e-05 3.0153440093e-05 0 0
1626 1.7409394472e-01 1.6735533775e-01 1.6735533775e-01 1.7138420753e-01 1.7372100924e-01 1.9343764407e-01 1.9976786596e-01 1.9976786596e-01 1.9356686824e-01 1.9325490653e-01 2.8753813146e-05 3.0939247154e-05 3.1243676858e-05 2.8983497194e-05 2.9823044315e-05 3.0338434954e-05 0 0
1627 1.7495779010e-01 1.6718019532e-01 1.6718019532e-01 1.7238081932e-01 1.7369717249e-01 1.9325852157e-01 1.9959455955e-01 1.9959455955e-01 1.9339914798e-01 1.9308295325e-01 2.9509550372e-05 3.1183571991e-05 3.0790070014e-05 2.9468797576e-05 2.9778814678e-05 2.9965741305e-05 0 0
1628 1.7559837500e-01 1.6676074716e-01 1.6676074716e-01 1.7190956790e-01 1.7254307733e-01 1.9307938729e-01 1.9942305364e-01 1.9942305364e-01 1.9323225920e-01 1.9291110046e-01 3.1082875627e-05 3.2044416002e-05 3.0693383451e-05 3.0198811121e-05 3.0069310924e-05 2.9873245694e-05 0 0
1629 1.7561940883e-01 1.6614005531e-01 1.6614005531e-01 1.7141696603e-01 1.7130662671e-01 1.9290056513e-01 1.9925190060e-01 1.9925190060e-01 1.9306318420e-01 1.9274071694e-01 3.2003461568e-05 3.0974701076e-05 3.0694744055e-05 3.0611643049e-05 2.9742579500e-05 2.9699307561e-05 0 0
1630 1.7551910155e-01 1.6559990274e-01 1.6559990274e-01 1.7231664621e-01 1.7104534579e-01 1.9272234229e-01 1.9908299278e-01 1.9908299278e-01 1.9289208942e-01 1.9257030351e-01 3.2818344612e-05 3.0296911973e-05 2.9986297704e-05 3.0967025351e-05 2.9584345612e-05 2.9339134016e-05 0 0
1631 1.7382448003e-01 1.6550383499e-01 1.6550383499e-01 1.7105832318e-01 1.7159554130e-01 1.9254614440e-01 1.9891429866e-01 1.9891429866e-01 1.9272073536e-01 1.9239906667e-01 3.3440477562e-05 3.0739267459e-05 2.9909532714e-05 3.1085658121e-05 2.9787131098e-05 2.9368301512e-05 0 0
1632 1.7557622631e-01 1.6555082104e-01 1.6555082104e-01 1.7198064657e-01 1.7143016859e-01 1.9236779817e-01 1.9874477002e-01 1.9874477002e-01 1.9254997745e-01 1.9222966243e-01 3.1822651541e-05 3.0678487747e-05 3.1272740671e-05 3.0511196174e-05 2.9664657632e-05 2.9851557883e-05 0 0
1633 1.7603420370e-01 1.6519312468e-01 1.6519312468e-01 1.7309971416e-01 1.7161191779e-01 1.9218749063e-01 1.9857591485e-01 1.9857591485e-01 1.9237770010e-01 1.9206218197e-01 3.2270966811e-05 3.1343713999e-05 3.1749972550e-05 3.0879401576e-05 3.0088770473e-05 2.9881484807e-05 0 0
1634 1.7552702861e-01 1.6524515883e-01 1.6524515883e-01 1.7498674782e-01 1.7162686421e-01 1.9200619738e-01 1.9840813219e-01 1.9840813219e-01 1.9220108664e-01 1.9189282638e-01 3.2016998883e-05 3.0598475860e-05 3.1644840419e-05 3.0819021542e-05 3.0089066058e-05 2.9966952752e-05 0 0
1635 1.7711058682e-01 1.6541431585e-01 1.6541431585e-01 1.7564352919e-01 1.7225373261e-01 1.9182545177e-01 1.9823833348e-01 1.9823833348e-01 1.9202082940e-01 1.9171971507e-01 3.1311124397e-05 3.0607774534e-05 3.0576527934e-05 3.0413012610e-05 3.0384312595e-05 2.9756670301e-05 0 0
1636 1.7615032655e-01 1.6590419845e-01 1.6590419845e-01 1.7694525238e-01 1.7263867919e-01 1.9164297575e-01 1.9806586098e-01 1.9806586098e-01 1.9183958507e-01 1.9154383200e-01 3.1748604039e-05 3.0663746657e-05 2.9402533073e-05 3.0711830690e-05 3.0452376450e-05 2.9403139706e-05 0 0
1637 1.7499074056e-01 1.6628499337e-01 1.6628499337e-01 1.7547515604e-01 1.7413718429e-01 1.9145863813e-01 1.9789206575e-01 1.9789206575e-01 1.9165484300e-01 1.9136914823e-01 3.0441291078e-05 3.0180219255e-05 2.9359699511e-05 3.0184182583e-05 3.0499883906e-05 2.9247426028e-05 0 0
1638 1.7334130308e-01 1.6715885233e-01 1.6715885233e-01 1.7576634622e-01 1.7554494485e-01 1.9127399267e-01 1.9771848959e-01 1.9771848959e-01 1.9146901818e-01 1.9119137575e-01 2.9052799847e-05 2.8590322472e-05 2.9669099604e-05 2.9551298011e-05 2.9803542020e-05 2.9610942875e-05 0 0
1639 1.7318055291e-01 1.6904205794e-01 1.6904205794e-01 1.7625507100e-01 1.7556635450e-01 1.9109043179e-01 1.9754110538e-01 1.9754110538e-01 1.9128584781e-01 1.9101090534e-01 2.8385324461e-05 2.9085321330e-05 2.9889001780e-05 2.9150523719e-05 2.9846061807e-05 2.9929788070e-05 0 0
1640 1.7371530092e-01 1.6916607892e-01 1.6916607892e-01 1.7721840482e-01 1.7601626765e-01 1.9090756115e-01 1.9736232448e-01 1.9736232448e-01 1.9110253042e-01 1.9082841743e-01 2.8628901856e-05 2.9342823836e-05 3.0313983189e-05 2.9218096497e-05 2.9993055250e-05 3.0310120565e-05 0 0
1641 1.7348265252e-01 1.6863924759e-01 1.6863924759e-01 1.7667131389e-01 1.7598374677e-01 1.9072633999e-01 1.9718066552e-01 1.9718066552e-01 1.9091749192e-01 1.9064591465e-01 2.8784331563e-05 3.0202734706e-05 3.0863886423e-05 2.9175995821e-05 3.0549626899e-05 3.0560247978e-05 0 0
1642 1.7216689053e-01 1.6878661381e-01 1.6878661381e-01 1.7580194947e-01 1.7689028539e-01 1.9054402780e-01 1.9699793101e-01 1.9699793101e-01 1.9073394959e-01 1.9046483232e-01 2.8391474337e-05 3.0128651815e-05 3.1392753954e-05 2.9084658719e-05 3.0341660931e-05 3.0679999327e-05 0 0
1643 1.7287776718e-01 1.6970495651e-01 1.6970495651e-01 1.7649060213e-01 1.7463357172e-01 1.9036515970e-01 1.9681653151e-01 1.9681653151e-01 1.9054969138e-01 1.9028415322e-01 2.8189550255e-05 2.9635706596e-05 3.2077507058e-05 2.8691358322e-05 3.0133754080e-05 3.1000950912e-05 0 0
1644 1.7262326659e-01 1.6850819018e-01 1.6850819018e-01 1.7545729628e-01 1.7492703134e-01 1.9018888225e-01 1.9663671855e-01 1.9663671855e-01 1.9036549754e-01 1.9010385705e-01 2.9290889763e-05 3.0036522730e-05 3.1020103052e-05 2.8974679092e-05 3.0303686799e-05 3.0482346119e-05 0 0
1645 1.7092184826e-01 1.6935916882e-01 1.6935916882e-01 1.7429939756e-01 1.7600670502e-01 1.9001267599e-01 1.9645781887e-01 1.9645781887e-01 1.9018441680e-01 1.8992576126e-01 2.9477922814e-05 3.0009269722e-05 3.2631469367e-05 2.9022278276e-05 3.0013788091e-05 3.1062872949e-05 0 0
1646 1.7004251393e-01 1.6853295426e-01 1.6853295426e-01 1.7481447304e-01 1.7633068656e-01 1.8983746376e-01 1.9627523999e-01 1.9627523999e-01 1.9000581150e-01 1.8974508683e-01 2.9202867736e-05 3.0535591577e-05 3.3180751416e-05 2.8773139738e-05 3.0095427064e-05 3.1513542126e-05 0 0
1647 1.7028684360e-01 1.6968082453e-01 1.6968082453e-01 1.7385693376e-01 1.7479509921e-01 1.8966669566e-01 1.9608998765e-01 1.9608998765e-01 1.8982917819e-01 1.8956292826e-01 3.0978609625e-05 3.1173574826e-05 3.2294461562e-05 2.9229660655e-05 3.0275275094e-05 3.1182411476e-05 0 0
1648 1.6959903379e-01 1.6939483771e-01 1.6939483771e-01 1.7379097930e-01 1.7586699951e-01 1.8949835372e-01 1.9590888617e-01 1.9590888617e-01 1.8965541393e-01 1.8937935733e-01 3.2558665954e-05 3.2046325941e-05 3.0280548344e-05 2.9769187966e-05 3.0474355299e-05 3.0281727049e-05 0 0
1649 1.6900181928e-01 1.6947850119e-01 1.6947850119e-01 1.7244924787e-01 1.7512041554e-01 1.8932711982e-01 1.9572837531e-01 1.9572837531e-01 1.8948303182e-01 1.8919404702e-01 3.1436049397e-05 3.2750020182e-05 3.0249074371e-05 2.9502480066e-05 3.0675277230e-05 3.0391906876e-05 0 0
1650 1.6977482835e-01 1.6835583951e-01 1.6835583951e-01 1.7167075305e-01 1.7490657509e-01 1.8915606479e-01 1.9554677900e-01 1.9554677900e-01 1.8931086037e-01 1.8901133282e-01 3.0103642289e-05 3.2451149309e-05 2.9724791602e-05 2.8836399972e-05 3.0483659430e-05 2.9907104363e-05 0 0
1651 1.6841467273e-01 1.6776019278e-01 1.6776019278e-01 1.7190011678e-01 1.7563599241e-01 1.8898507777e-01 1.9537004564e-01 1.9537004564e-01 1.8913791701e-01 1.8883109895e-01 2.9015845796e-05 3.1398381907e-05 2.9945475035e-05 2.8348002286e-05 3.0049654015e-05 2.9829912819e-05 0 0
1652 1.6917085691e-01 1.6725041685e-01 1.6725041685e-01 1.7269194164e-01 1.7444870240e-01 1.8881337529e-01 1.9519444851e-01 1.9519444851e-01 1.8896542277e-01 1.8865029717e-01 2.7239786465e-05 3.0438081922e-05 3.0158864320e-05 2.7545630670e-05 2.9522189834e-05 3.0016915844e-05 0 0
1653 1.6800059863e-01 1.6644648571e-01 1.6644648571e-01 1.7214253990e-01 1.7397275477e-01 1.8864220566e-01 1.9501734101e-01 1.9501734101e-01 1.8879026170e-01 1.8846990032e-01 2.7742430819e-05 3.0037687793e-05 2.9418316444e-05 2.7715017753e-05 2.9481836464e-05 2.9635826650e-05 0 0
1654 1.6709453492e-01 1.6738042819e-01 1.6738042819e-01 1.7206538558e-01 1.7361603212e-01 1.8847407005e-01 1.9484111136e-01 1.9484111136e-01 1.8861474924e-01 1.8829106731e-01 2.7565479669e-05 2.8841217500e-05 2.9524361707e-05 2.7377203620e-05 2.8887367080e-05 2.9565800105e-05 0 0
1655 1.6741538336e-01 1.6705027903e-01 1.6705027903e-01 1.7194879841e-01 1.7260869658e-01 1.8830510586e-01 1.9466388889e-01 1.9466388889e-01 1.8843937684e-01 1.8811421757e-01 2.6786845458e-05 2.8820292755e-05 2.9800462471e-05 2.7038988086e-05 2.8879130696e-05 2.9505418752e-05 0 0
1656 1.6486300583e-01 1.6669179993e-01 1.6669179993e-01 1.7160015795e-01 1.7184359903e-01 1.8813764289e-01 1.9448767536e-01 1.9448767536e-01 1.8826468204e-01 1.8794046512e-01 2.7297713399e-05 2.8523000765e-05 3.0535269616e-05 2.7105005362e-05 2.8692164051e-05 2.9558742426e-05 0 0
1657 1.6414339066e-01 1.6608973700e-01 1.6608973700e-01 1.7063208532e-01 1.7149579688e-01 1.8797203236e-01 1.9431215619e-01 1.9431215619e-01 1.8809090752e-01 1.8776928973e-01 2.6121384036e-05 2.8145611395e-05 3.1584399039e-05 2.6300689120e-05 2.8430361454e-05 2.9825110687e-05 0 0
1658 1.6512791494e-01 1.6480519581e-01 1.6480519581e-01 1.6982305671e-01 1.7148387633e-01 1.8780760696e-01 1.9413555863e-01 1.9413555863e-01 1.8792083127e-01 1.8759774717e-01 2.6278596811e-05 2.8636503885e-05 3.1709025279e-05 2.6245530816e-05 2.8360266697e-05 2.9885828553e-05 0 0
1659 1.6555519724e-01 1.6463156622e-01 1.6463156622e-01 1.6863634200e-01 1.7130994504e-01 1.8764208688e-01 1.9395914198e-01 1.9395914198e-01 1.8775227280e-01 1.8742655729e-01 2.6144038885e-05 2.8460555768e-05 3.1665143979e-05 2.6257324610e-05 2.8172728889e-05 2.9782033380e-05 0 0
1660 1.6530009336e-01 1.6407163345e-01 1.6407163345e-01 1.6804637820e-01 1.7132011910e-01 1.8747546955e-01 1.9378534444e-01 1.9378534444e-01 1.8758570813e-01 1.8725644214e-01 2.6096972883e-05 2.8806967748e-05 3.1796556868e-05 2.6331683235e-05 2.8185853807e-05 2.9747287044e-05 0 0
1661 1.6417001697e-01 1.6412067517e-01 1.6412067517e-01 1.6624864956e-01 1.7016832454e-01 1.8731226777e-01 1.9361477652e-01 1.9361477652e-01 1.8742186363e-01 1.8708403731e-01 2.7025864721e-05 2.9972702578e-05 3.0850500480e-05 2.6540765540e-05 2.8480203582e-05 2.9533771340e-05 0 0
1662 1.6287810794e-01 1.6392695413e-01 1.6392695413e-01 1.6506767519e-01 1.7001551413e-01 1.8714924227e-01 1.9344530550e-01 1.9344530550e-01 1.8725962753e-01 1.8691327650e-01 2.6224826818e-05 2.9655553590e-05 2.9573933716e-05 2.6139193112e-05 2.8165667572e-05 2.8798133826e-05 0 0
1663 1.6224708647e-01 1.6310275442e-01 1.6310275442e-01 1.6607849459e-01 1.6961338621e-01 1.8698501810e-01 1.9327608930e-01 1.9327608930e-01 1.8709732516e-01 1.8674373517e-01 2.5088806572e-05 2.9094167985e-05 2.9611269383e-05 2.5642127647e-05 2.7857544410e-05 2.8713004212e-05 0 0
1664 1.6220024179e-01 1.6237411942e-01 1.6237411942e-01 1.6444559726e-01 1.6886653676e-01 1.8682110747e-01 1.9310422205e-01 1.9310422205e-01 1.8693505605e-01 1.8657477356e-01 2.4753488336e-05 2.8889710848e-05 2.8787124393e-05 2.5441501088e-05 2.7687816328e-05 2.8246906368e-05 0 0
1665 1.6268873614e-01 1.6306120291e-01 1.6306120291e-01 1.6456872251e-01 1.6767268717e-01 1.8665758087e-01 1.9293548219e-01 1.9293548219e-01 1.8677570372e-01 1.8640400164e-01 2.5027107035e-05 2.7729738576e-05 2.7798310839e-05 2.5521376652e-05 2.6852118935e-05 2.7915806641e-05 0 0
1666 1.6291659467e-01 1.6187800707e-01 1.6187800707e-01 1.6458681035e-01 1.6728226107e-01 1.8649398842e-01 1.9276763979e-01 1.9276763979e-01 1.8661315396e-01 1.8623556041e-01 2.5646000571e-05 2.7406037589e-05 2.7636097911e-05 2.5753792152e-05 2.6927463296e-05 2.7650386983e-05 0 0
1667 1.6387831982e-01 1.6022772473e-01 1.6022772473e-01 1.6458737762e-01 1.6661937966e-01 1.8632805551e-01 1.9260151648e-01 1.9260151648e-01 1.8645008651e-01 1.8607031114e-01 2.5449003636e-05 2.7495725590e-05 2.8113128792e-05 2.5802004857e-05 2.6991408049e-05 2.7561138268e-05 0 0
1668 1.6444341808e-01 1.5906604853e-01 1.5906604853e-01 1.6443646405e-01 1.6518794066e-01 1.8616020333e-01 1.9243747176e-01 1.9243747176e-01 1.8628821100e-01 1.8590530188e-01 2.5265870061e-05 2.7602561204e-05 2.7971920645e-05 2.5874681641e-05 2.6998211069e-05 2.7411611882e-05 0 0
1669 1.6399659416e-01 1.5902282147e-01 1.5902282147e-01 1.6316245191e-01 1.6342216798e-01 1.8599519384e-01 1.9227615999e-01 1.9227615999e-01 1.8612903444e-01 1.8574150266e-01 2.6462144850e-05 2.8019581805e-05 2.7766445783e-05 2.6235966123e-05 2.7007386052e-05 2.7176432013e-05 0 0
1670 1.6266622086e-01 1.5766946240e-01 1.5766946240e-01 1.6302698320e-01 1.6360136561e-01 1.8583118306e-01 1.9211629273e-01 1.9211629273e-01 1.8597040506e-01 1.8558120341e-01 2.6540918098e-05 2.7068831514e-05 2.7863778996e-05 2.6150315359e-05 2.6473204343e-05 2.6880955375e-05 0 0
1671 1.6313976346e-01 1.5739866871e-01 1.5739866871e-01 1.6202015174e-01 1.6464007980e-01 1.8566752157e-01 1.9195677948e-01 1.9195677948e-01 1.8580955586e-01 1.8541995019e-01 2.6347156217e-05 2.6288148547e-05 2.7828876227e-05 2.6015341327e-05 2.6252319913e-05 2.6917283321e-05 0 0
1672 1.6307496826e-01 1.5956343866e-01 1.5956343866e-01 1.6221039925e-01 1.6451711622e-01 1.8550509506e-01 1.9179547739e-01 1.9179547739e-01 1.8564985631e-01 1.8525866016e-01 2.7578019506e-05 2.6346951927e-05 2.9224615901e-05 2.6548938275e-05 2.6170915589e-05 2.7592728657e-05 0 0
1673 1.6226268111e-01 1.5831827753e-01 1.5831827753e-01 1.6341585564e-01 1.6424237903e-01 1.8534175058e-01 1.9163182537e-01 1.9163182537e-01 1.8549089690e-01 1.8509836835e-01 2.7997016461e-05 2.7092373784e-05 2.9027208257e-05 2.6826935423e-05 2.6433785024e-05 2.7432901334e-05 0 0
1674 1.6167612451e-01 1.5748464242e-01 1.5748464242e-01 1.6338956146e-01 1.6310429184e-01 1.8517886288e-01 1.9146906648e-01 1.9146906648e-01 1.8533196415e-01 1.8493755364e-01 2.7553913913e-05 2.7977829632e-05 2.7738567042e-05 2.6531520504e-05 2.6798300496e-05 2.6894825169e-05 0 0
1675 1.6213336751e-01 1.5676858199e-01 1.5676858199e-01 1.6327092963e-01 1.6295469022e-01 1.8501825530e-01 1.9130743768e-01 1.9130743768e-01 1.8517067953e-01 1.8478028590e-01 2.7853012712e-05 2.7988608053e-05 2.7765951927e-05 2.6475756349e-05 2.6964160497e-05 2.6615155548e-05 0 0
1676 1.6218730568e-01 1.5538288554e-01 1.5538288554e-01 1.6416996462e-01 1.6307980917e-01 1.8485527369e-01 1.9114896717e-01 1.9114896717e-01 1.8500757160e-01 1.8461948949e-01 2.7372193633e-05 2.7576986213e-05 2.6731522667e-05 2.6444392824e-05 2.6912005524e-05 2.6373942092e-05 0 0
1677 1.6557130881e-01 1.5680700204e-01 1.5680700204e-01 1.6362129787e-01 1.6261389511e-01 1.8468703310e-01 1.9099006280e-01 1.9099006280e-01 1.8484789216e-01 1.8445778018e-01 2.5862785947e-05 2.8584962820e-05 2.6442965464e-05 2.6105630424e-05 2.7100738407e-05 2.6264961889e-05 0 0
1678 1.6762615137e-01 1.5590889175e-01 1.5590889175e-01 1.6292682612e-01 1.6282196510e-01 1.8451654692e-01 1.9083065427e-01 1.9083065427e-01 1.8468782836e-01 1.8429644847e-01 2.7041688625e-05 2.8145664146e-05 2.6576804885e-05 2.6874731206e-05 2.6926438295e-05 2.6256250749e-05 0 0
1679 1.6775198610e-01 1.5621758363e-01 1.5621758363e-01 1.6404551889e-01 1.6329529524e-01 1.8434527915e-01 1.9066909859e-01 1.9066909859e-01 1.8452505544e-01 1.8413429684e-01 2.8213144933e-05 2.6728220291e-05 2.7013286854e-05 2.7487707419e-05 2.6453774808e-05 2.6511690521e-05 0 0
1680 1.6674634411e-01 1.5779915201e-01 1.5779915201e-01 1.6392424412e-01 1.6358754474e-01 1.8417350421e-01 1.9050692809e-01 1.9050692809e-01 1.8436259699e-01 1.8397237860e-01 2.7768835594e-05 2.7832120395e-05 2.7784100894e-05 2.7281521244e-05 2.6927485123e-05 2.6828734008e-05 0 0
1681 1.6668633299e-01 1.5765824498e-01 1.5765824498e-01 1.6283718858e-01 1.6332723846e-01 1.8400071723e-01 1.9034431925e-01 1.9034431925e-01 1.8419979980e-01 1.8380899370e-01 2.6702627108e-05 2.7923446396e-05 2.8101052521e-05 2.6859642122e-05 2.7015992600e-05 2.7058084015e-05 0 0
1682 1.6609563148e-01 1.5757817586e-01 1.5757817586e-01 1.6280705197e-01 1.6324367148e-01 1.8382905420e-01 1.9017920204e-01 1.9017920204e-01 1.8403837272e-01 1.8364775640e-01 2.6799631825e-05 2.7182914891e-05 2.8457918233e-05 2.6835810299e-05 2.6579185942e-05 2.7072213015e-05 0 0
1683 1.6495112612e-01 1.5663799155e-01 1.5663799155e-01 1.6370405055e-01 1.6267982546e-01 1.8365558124e-01 1.9001462106e-01 1.9001462106e-01 1.8387742391e-01 1.8348811478e-01 2.6029164546e-05 2.7264305572e-05 2.8278947866e-05 2.6570241589e-05 2.6524939130e-05 2.6874668038e-05 0 0
1684 1.6359387887e-01 1.5669375230e-01 1.5669375230e-01 1.6450562126e-01 1.6378362759e-01 1.8348448397e-01 1.8985131906e-01 1.8985131906e-01 1.8371345776e-01 1.8332611047e-01 2.5829737391e-05 2.7152239454e-05 2.7789455999e-05 2.6279386971e-05 2.6676028028e-05 2.6796475140e-05 0 0
1685 1.6278177509e-01 1.5722874231e-01 1.5722874231e-01 1.6648734128e-01 1.6384750283e-01 1.8331782420e-01 1.8968694503e-01 1.8968694503e-01 1.8354700489e-01 1.8316176689e-01 2.5932336798e-05 2.7488030355e-05 2.7803253033e-05 2.5984977554e-05 2.7076666811e-05 2.6984551369e-05 0 0
1686 1.6308885897e-01 1.5727584967e-01 1.5727584967e-01 1.6679051349e-01 1.6283707633e-01 1.8314983795e-01 1.8952043671e-01 1.8952043671e-01 1.8337981300e-01 1.8299878786e-01 2.5150183404e-05 2.9092616387e-05 2.7781993595e-05 2.5694753058e-05 2.7932447665e-05 2.6873128263e-05 0 0
1687 1.6355279068e-01 1.5639056201e-01 1.5639056201e-01 1.6595532570e-01 1.6247365565e-01 1.8298206759e-01 1.8935525735e-01 1.8935525735e-01 1.8321436783e-01 1.8283790435e-01 2.6044813305e-05 3.0715926187e-05 2.7980137929e-05 2.6092561898e-05 2.8524034860e-05 2.6778917345e-05 0 0
1688 1.6255141521e-01 1.5660293178e-01 1.5660293178e-01 1.6582352098e-01 1.6304132214e-01 1.8281678136e-01 1.8919133383e-01 1.8919133383e-01 1.8304791006e-01 1.8267687752e-01 2.7701807377e-05 2.9877439374e-05 2.7938010135e-05 2.6670072828e-05 2.8187561838e-05 2.6771567718e-05 0 0
1689 1.6196119716e-01 1.5738984627e-01 1.5738984627e-01 1.6614334719e-01 1.6530842567e-01 1.8265443472e-01 1.8902691446e-01 1.8902691446e-01 1.8287892916e-01 1.8251296467e-01 2.9027875352e-05 2.8001316423e-05 2.7735142794e-05 2.7071702436e-05 2.7500987926e-05 2.6898688702e-05 0 0
1690 1.6171659478e-01 1.5947053818e-01 1.5947053818e-01 1.6711480814e-01 1.6661147449e-01 1.8249058913e-01 1.8885994487e-01 1.8885994487e-01 1.8271226040e-01 1.8234307105e-01 2.8825031121e-05 2.8352371373e-05 2.7472859074e-05 2.7096767216e-05 2.7516918635e-05 2.7213132853e-05 0 0
1691 1.6064898917e-01 1.6109093209e-01 1.6109093209e-01 1.6507271347e-01 1.6749215155e-01 1.8232913432e-01 1.8868794721e-01 1.8868794721e-01 1.8254545016e-01 1.8217090442e-01 2.8471509371e-05 2.8175775697e-05 2.7700752980e-05 2.6709413643e-05 2.7437565222e-05 2.7521178708e-05 0 0
1692 1.6016030201e-01 1.6095798719e-01 1.6095798719e-01 1.6374214435e-01 1.6637701082e-01 1.8216869849e-01 1.8851447657e-01 1.8851447657e-01 1.8237918170e-01 1.8200010778e-01 2.6779375912e-05 2.7026626412e-05 2.8509879485e-05 2.5837743531e-05 2.6810621421e-05 2.7844151191e-05 0 0
1693 1.5854073203e-01 1.5996297362e-01 1.5996297362e-01 1.6334894952e-01 1.6591158370e-01 1.8200670495e-01 1.8834346090e-01 1.8834346090e-01 1.8221618002e-01 1.8183017297e-01 2.5451455679e-05 2.6887501008e-05 2.7799519557e-05 2.5314392235e-05 2.6473519029e-05 2.7401481020e-05 0 0
1694 1.5843624663e-01 1.5946233264e-01 1.5946233264e-01 1.6455921200e-01 1.6687050298e-01 1.8184360409e-01 1.8817661399e-01 1.8817661399e-01 1.8205412862e-01 1.8166061109e-01 2.4431524748e-05 2.7215940463e-05 2.7628280804e-05 2.4863944194e-05 2.6532610718e-05 2.7245529964e-05 0 0
1695 1.5863403776e-01 1.5861642093e-01 1.5861642093e-01 1.6496126680e-01 1.6537001118e-01 1.8167989247e-01 1.8801121661e-01 1.8801121661e-01 1.8188983408e-01 1.8149096031e-01 2.3660720965e-05 2.8203403417e-05 2.7952086384e-05 2.4490021480e-05 2.7190171750e-05 2.7433917239e-05 0 0
1696 1.5968799827e-01 1.5790704997e-01 1.5790704997e-01 1.6430779906e-01 1.6469793645e-01 1.8151710235e-01 1.8784533886e-01 1.8784533886e-01 1.8172596944e-01 1.8132304853e-01 2.4236176432e-05 2.8335187380e-05 2.7209937798e-05 2.4661015995e-05 2.7211038287e-05 2.6980260373e-05 0 0
1697 1.5895858738e-01 1.5830360565e-01 1.5830360565e-01 1.6337304983e-01 1.6395968738e-01 1.8135549615e-01 1.8768184867e-01 1.8768184867e-01 1.8156151724e-01 1.8115748156e-01 2.5006767786e-05 2.7709100323e-05 2.7120503546e-05 2.4952009184e-05 2.6916298339e-05 2.6721120776e-05 0 0
1698 1.5831481609e-01 1.5728792332e-01 1.5728792332e-01 1.6292113483e-01 1.6305753323e-01 1.8119504567e-01 1.8751794392e-01 1.8751794392e-01 1.8139787050e-01 1.8099184398e-01 2.4809380611e-05 2.7437369681e-05 2.6603835067e-05 2.4781983501e-05 2.6714337764e-05 2.6420881113e-05 0 0
1699 1.5804618659e-01 1.5746130509e-01 1.5746130509e-01 1.6040334307e-01 1.6471628573e-01 1.8103422393e-01 1.8735278944e-01 1.8735278944e-01 1.8123684191e-01 1.8082556135e-01 2.5239729098e-05 2.7147483706e-05 2.5893390557e-05 2.4990838659e-05 2.6388156584e-05 2.6127190722e-05 0 0
1700 1.5950334060e-01 1.5915439849e-01 1.5915439849e-01 1.6032203955e-01 1.6485421138e-01 1.8087599905e-01 1.8718663536e-01 1.8718663536e-01 1.8107908968e-01 1.8065926492e-01 2.6524715260e-05 2.6273193726e-05 2.7234807931e-05 2.5389796299e-05 2.5692123018e-05 2.6787804927e-05 0 0
1701 1.5887457707e-01 1.5830329385e-01 1.5830329385e-01 1.6145042559e-01 1.6309199279e-01 1.8071955162e-01 1.8701731254e-01 1.8701731254e-01 1.8092345596e-01 1.8049309107e-01 2.8247465019e-05 2.6873996831e-05 2.7999281883e-05 2.6066788742e-05 2.5784828722e-05 2.7121333915e-05 0 0
1702 1.5771802943e-01 1.5850262490e-01 1.5850262490e-01 1.6001538080e-01 1.6338712255e-01 1.8056153785e-01 1.8684927899e-01 1.8684927899e-01 1.8076643014e-01 1.8032993768e-01 2.7983037143e-05 2.7175530704e-05 2.7711028451e-05 2.6095184545e-05 2.6023678402e-05 2.6729699130e-05 0 0
1703 1.5856034496e-01 1.5741052587e-01 1.5741052587e-01 1.6060911385e-01 1.6257594081e-01 1.8040331980e-01 1.8668566055e-01 1.8668566055e-01 1.8061000411e-01 1.8016835201e-01 2.6025894949e-05 2.6315683499e-05 2.8510075026e-05 2.5189583135e-05 2.5545936296e-05 2.6968018574e-05 0 0
1704 1.5889562076e-01 1.5558453351e-01 1.5558453351e-01 1.5969547857e-01 1.6029828013e-01 1.8024205106e-01 1.8652260446e-01 1.8652260446e-01 1.8045156934e-01 1.8000853642e-01 2.5380405181e-05 2.6237556995e-05 2.7922155823e-05 2.5078131218e-05 2.5638751140e-05 2.6541155421e-05 0 0
1705 1.6037333175e-01 1.5497374253e-01 1.5497374253e-01 1.5926458575e-01 1.5897649246e-01 1.8007819070e-01 1.8636454984e-01 1.8636454984e-01 1.8029280609e-01 1.7984925709e-01 2.4707697648e-05 2.5951680072e-05 2.6185402930e-05 2.4895085407e-05 2.5476016162e-05 2.5678426937e-05 0 0
1706 1.6128236513e-01 1.5346625240e-01 1.5346625240e-01 1.5989264741e-01 1.6028623569e-01 1.7991540101e-01 1.8620900068e-01 1.8620900068e-01 1.8013541714e-01 1.7969085813e-01 2.5520527025e-05 2.5973403353e-05 2.5614814149e-05 2.5207406921e-05 2.5381139494e-05 2.5311592253e-05 0 0
1707 1.5999581326e-01 1.5376805574e-01 1.5376805574e-01 1.6055734205e-01 1.5980261191e-01 1.7975221361e-01 1.8605215973e-01 1.8605215973e-01 1.7998126637e-01 1.7953448453e-01 2.5756117930e-05 2.7435556149e-05 2.7163348022e-05 2.5333946578e-05 2.5840093258e-05 2.5867263503e-05 0 0
1708 1.6010974635e-01 1.5350547471e-01 1.5350547471e-01 1.5931709990e-01 1.5893134684e-01 1.7958928959e-01 1.8589348614e-01 1.8589348614e-01 1.7982565439e-01 1.7937848490e-01 2.5201889507e-05 2.8575775104e-05 2.7494800634e-05 2.5020440421e-05 2.6483538022e-05 2.5960963285e-05 0 0
1709 1.5959352743e-01 1.5376996963e-01 1.5376996963e-01 1.5976373982e-01 1.5971786699e-01 1.7942372044e-01 1.8573584020e-01 1.8573584020e-01 1.7966778242e-01 1.7922051608e-01 2.4959908153e-05 2.7272680200e-05 2.6582481041e-05 2.5100125559e-05 2.6046319363e-05 2.5662439839e-05 0 0
1710 1.5953083210e-01 1.5419720195e-01 1.5419720195e-01 1.5997769925e-01 1.5925359254e-01 1.7925695179e-01 1.8557614808e-01 1.8557614808e-01 1.7951139194e-01 1.7906316620e-01 2.4245867854e-05 2.7180163670e-05 2.6980287657e-05 2.4805743256e-05 2.5887467928e-05 2.5793377063e-05 0 0
1711 1.6005269651e-01 1.5334498456e-01 1.5334498456e-01 1.5853702225e-01 1.5918818477e-01 1.7909042372e-01 1.8541425936e-01 1.8541425936e-01 1.7935450114e-01 1.7890552713e-01 2.4419711291e-05 2.6799103580e-05 2.6739769055e-05 2.4867668672e-05 2.5757021831e-05 2.5674083190e-05 0 0
1712 1.5905764257e-01 1.5417837470e-01 1.5417837470e-01 1.6039895067e-01 1.6042230332e-01 1.7892633777e-01 1.8525353824e-01 1.8525353824e-01 1.7919475901e-01 1.7874447515e-01 2.4845990736e-05 2.5062721761e-05 2.5637775252e-05 2.4906778035e-05 2.5131394978e-05 2.5406285204e-05 0 0
1713 1.5831302753e-01 1.5484273303e-01 1.5484273303e-01 1.6062973847e-01 1.6145606490e-01 1.7876393682e-01 1.8509259294e-01 1.8509259294e-01 1.7903342834e-01 1.7858539066e-01 2.4404437758e-05 2.5516414098e-05 2.6291844733e-05 2.4537583884e-05 2.5434560484e-05 2.5611956517e-05 0 0
1714 1.5879748016e-01 1.5388483852e-01 1.5388483852e-01 1.6035442260e-01 1.5989914907e-01 1.7860156604e-01 1.8493114536e-01 1.8493114536e-01 1.7887297625e-01 1.7842595889e-01 2.3978001142e-05 2.6348574465e-05 2.6710004022e-05 2.4313815082e-05 2.5718876714e-05 2.5833076506e-05 0 0
1715 1.5963195166e-01 1.5299024710e-01 1.5299024710e-01 1.5973946301e-01 1.5976854024e-01 1.7843920691e-01 1.8476890554e-01 1.8476890554e-01 1.7871168343e-01 1.7826717003e-01 2.4054577896e-05 2.6077987059e-05 2.6278803489e-05 2.4373794465e-05 2.5643125809e-05 2.5538251066e-05 0 0
1716 1.5843420639e-01 1.5335056590e-01 1.5335056590e-01 1.6026536928e-01 1.5912435307e-01 1.7827826082e-01 1.8461125340e-01 1.8461125340e-01 1.7855216157e-01 1.7810886314e-01 2.4602927103e-05 2.6171587706e-05 2.6193886697e-05 2.4530728096e-05 2.5553078558e-05 2.5473030291e-05 0 0
1717 1.5902027925e-01 1.5329833997e-01 1.5329833997e-01 1.6073233008e-01 1.6026048932e-01 1.7811888628e-01 1.8445535391e-01 1.8445535391e-01 1.7839189624e-01 1.7795110613e-01 2.4625762619e-05 2.6438890927e-05 2.6181410249e-05 2.4384977952e-05 2.5737112082e-05 2.5426257707e-05 0 0
1718 1.5843569812e-01 1.5413624817e-01 1.5413624817e-01 1.6033177817e-01 1.6054298937e-01 1.7795971648e-01 1.8429932631e-01 1.8429932631e-01 1.7822865541e-01 1.7779187132e-01 2.4412817673e-05 2.5915402148e-05 2.7119624065e-05 2.4250954854e-05 2.5692414965e-05 2.5962141990e-05 0 0
1719 1.5768101579e-01 1.5467851256e-01 1.5467851256e-01 1.6015586039e-01 1.5959431031e-01 1.7780367690e-01 1.8413999339e-01 1.8413999339e-01 1.7806597391e-01 1.7763251497e-01 2.5093694914e-05 2.5295067644e-05 2.7588046578e-05 2.4333895486e-05 2.5321543944e-05 2.6140862246e-05 0 0
1720 1.5508462948e-01 1.5392832259e-01 1.5392832259e-01 1.5993043634e-01 1.6037444046e-01 1.7764674173e-01 1.8398003252e-01 1.8398003252e-01 1.7790470688e-01 1.7747382997e-01 2.4535325204e-05 2.5402689971e-05 2.7396285077e-05 2.4108706683e-05 2.5282379283e-05 2.5958101105e-05 0 0
1721 1.5454796880e-01 1.5407425478e-01 1.5407425478e-01 1.5884758380e-01 1.5984317735e-01 1.7748963264e-01 1.8381950688e-01 1.8381950688e-01 1.7774490446e-01 1.7731381323e-01 2.3145963520e-05 2.4852073693e-05 2.7123828659e-05 2.3408861076e-05 2.4885190214e-05 2.5948656003e-05 0 0
1722 1.5404049354e-01 1.5415549138e-01 1.5415549138e-01 1.5985576350e-01 1.6033555089e-01 1.7733409814e-01 1.8365734902e-01 1.8365734902e-01 1.7758599677e-01 1.7715329546e-01 2.3091999296e-05 2.4536149795e-05 2.6509176678e-05 2.3238700848e-05 2.4640330594e-05 2.5705460757e-05 0 0
1723 1.5339219961e-01 1.5464960294e-01 1.5464960294e-01 1.5968094490e-01 1.6078250911e-01 1.7717830061e-01 1.8349553420e-01 1.8349553420e-01 1.7742579644e-01 1.7699267121e-01 2.2635475531e-05 2.4796742764e-05 2.6875422918e-05 2.3017143276e-05 2.4890064196e-05 2.5871523576e-05 0 0
1724 1.5525436179e-01 1.5421065203e-01 1.5421065203e-01 1.5905179696e-01 1.5975502175e-01 1.7701968200e-01 1.8333180668e-01 1.8333180668e-01 1.7726631470e-01 1.7683435151e-01 2.2035638311e-05 2.4573209885e-05 2.7770854103e-05 2.2921250995e-05 2.4711997867e-05 2.6090166102e-05 0 0
1725 1.5505204389e-01 1.5257637286e-01 1.5257637286e-01 1.5741454831e-01 1.5757286912e-01 1.7686002683e-01 1.8316901746e-01 1.8316901746e-01 1.7710684514e-01 1.7667380680e-01 2.2818071575e-05 2.4191282137e-05 2.6455494663e-05 2.3375416080e-05 2.4498481253e-05 2.5631878998e-05 0 0
1726 1.5480653634e-01 1.5218330762e-01 1.5218330762e-01 1.5802474179e-01 1.5755696780e-01 1.7670052306e-01 1.8300778380e-01 1.8300778380e-01 1.7694769716e-01 1.7651314536e-01 2.2801847876e-05 2.3248207981e-05 2.4885279345e-05 2.3319927602e-05 2.3979347134e-05 2.4876176212e-05 0 0
1727 1.5338460488e-01 1.5164386934e-01 1.5164386934e-01 1.5676386422e-01 1.5856073942e-01 1.7654490948e-01 1.8284973650e-01 1.8284973650e-01 1.7679092698e-01 1.7635538025e-01 2.3341853360e-05 2.4026393476e-05 2.4950640181e-05 2.3283618858e-05 2.4151522666e-05 2.4694420972e-05 0 0
1728 1.5312405405e-01 1.5125046198e-01 1.5125046198e-01 1.5598805121e-01 1.5901276475e-01 1.7639091906e-01 1.8269192161e-01 1.8269192161e-01 1.7663636775e-01 1.7619648742e-01 2.2900042355e-05 2.4198403480e-05 2.5620869565e-05 2.2930466832e-05 2.4054887945e-05 2.5090786039e-05 0 0
1729 1.5260450258e-01 1.5253730851e-01 1.5253730851e-01 1.5533392256e-01 1.5762996456e-01 1.7623678274e-01 1.8253244869e-01 1.8253244869e-01 1.7648424801e-01 1.7603753293e-01 2.2845957411e-05 2.4054333153e-05 2.5488764550e-05 2.2923571936e-05 2.3793772016e-05 2.5023834496e-05 0 0
1730 1.5306668677e-01 1.5203730622e-01 1.5203730622e-01 1.5447869634e-01 1.5762020304e-01 1.7608345635e-01 1.8237546038e-01 1.8237546038e-01 1.7633296952e-01 1.7588108444e-01 2.2591987375e-05 2.4419184228e-05 2.5186934181e-05 2.2737918859e-05 2.3875832085e-05 2.4684385608e-05 0 0
1731 1.5240531593e-01 1.5061192517e-01 1.5061192517e-01 1.5451614954e-01 1.5732410690e-01 1.7593128944e-01 1.8221845216e-01 1.8221845216e-01 1.7618145379e-01 1.7572498978e-01 2.3103816690e-05 2.3971664632e-05 2.5168500542e-05 2.2907685239e-05 2.3654593861e-05 2.4615424991e-05 0 0
1732 1.5240481656e-01 1.5043436380e-01 1.5043436380e-01 1.5531872218e-01 1.5619915716e-01 1.7577701133e-01 1.8205934216e-01 1.8205934216e-01 1.7602911217e-01 1.7556812740e-01 2.2347683859e-05 2.4448348086e-05 2.4496434889e-05 2.2696701446e-05 2.3946082365e-05 2.4311339985e-05 0 0
1733 1.5234682419e-01 1.4994095793e-01 1.4994095793e-01 1.5547950958e-01 1.5536870598e-01 1.7562388191e-01 1.8190260419e-01 1.8190260419e-01 1.7587444144e-01 1.7541296777e-01 2.2738724238e-05 2.4710317120e-05 2.4172087251e-05 2.2793278164e-05 2.4255374228e-05 2.4002713872e-05 0 0
1734 1.5300673326e-01 1.4921710178e-01 1.4921710178e-01 1.5397479524e-01 1.5538930993e-01 1.7547266496e-01 1.8175096099e-01 1.8175096099e-01 1.7572072247e-01 1.7526056278e-01 2.3551181069e-05 2.4706905606e-05 2.4287925953e-05 2.3023086858e-05 2.4171095902e-05 2.3831586077e-05 0 0
1735 1.5106108828e-01 1.4836910831e-01 1.4836910831e-01 1.5373699475e-01 1.5391165747e-01 1.7531977283e-01 1.8160185167e-01 1.8160185167e-01 1.7556959260e-01 1.7510576454e-01 2.3745650347e-05 2.4427085918e-05 2.3406739274e-05 2.3226031536e-05 2.3778878131e-05 2.3569159566e-05 0 0
1736 1.5177408734e-01 1.4813168922e-01 1.4813168922e-01 1.5283432934e-01 1.5532280404e-01 1.7516744227e-01 1.8145196355e-01 1.8145196355e-01 1.7541889699e-01 1.7495248585e-01 2.3110320305e-05 2.4073550776e-05 2.3154044356e-05 2.2846865358e-05 2.3551036975e-05 2.3305542527e-05 0 0
1737 1.5191638368e-01 1.4828819998e-01 1.4828819998e-01 1.5427914952e-01 1.5607594989e-01 1.7501589988e-01 1.8130211494e-01 1.8130211494e-01 1.7526907893e-01 1.7480011789e-01 2.3923660666e-05 2.3549716389e-05 2.4605309591e-05 2.3171424155e-05 2.3253112886e-05 2.3939240236e-05 0 0
1738 1.5165946410e-01 1.4915925158e-01 1.4915925158e-01 1.5390168431e-01 1.5528590449e-01 1.7486476723e-01 1.8114738891e-01 1.8114738891e-01 1.7511835907e-01 1.7464539955e-01 2.4294305947e-05 2.3686267923e-05 2.5017343432e-05 2.3303766680e-05 2.3393998163e-05 2.4315904739e-05 0 0
1739 1.5129577013e-01 1.5100274050e-01 1.5100274050e-01 1.5368146790e-01 1.5384062857e-01 1.7471303703e-01 1.8099218456e-01 1.8099218456e-01 1.7496778596e-01 1.7449222195e-01 2.4086431275e-05 2.3187377337e-05 2.5216768336e-05 2.3224935950e-05 2.3139856239e-05 2.4278356250e-05 0 0
1740 1.5171875996e-01 1.4883289880e-01 1.4883289880e-01 1.5421610466e-01 1.5261206016e-01 1.7456256217e-01 1.8083827582e-01 1.8083827582e-01 1.7481663687e-01 1.7434183144e-01 2.4235419712e-05 2.2870572138e-05 2.4993883017e-05 2.3192103400e-05 2.3030689590e-05 2.3937798687e-05 0 0
1741 1.5200399690e-01 1.4738555270e-01 1.4738555270e-01 1.5444898652e-01 1.5274123688e-01 1.7441325624e-01 1.8068448436e-01 1.8068448436e-01 1.7466542550e-01 1.7419341664e-01 2.4635887581e-05 2.3363489163e-05 2.4815080906e-05 2.3308351980e-05 2.3250242521e-05 2.3659470571e-05 0 0
1742 1.5171377874e-01 1.4755764373e-01 1.4755764373e-01 1.5415432009e-01 1.5219648668e-01 1.7426414375e-01 1.8053292301e-01 1.8053292301e-01 1.7451385239e-01 1.7404362122e-01 2.4539992678e-05 2.3184069505e-05 2.4551566639e-05 2.3281704322e-05 2.3178718038e-05 2.3623081688e-05 0 0
1743 1.5049401054e-01 1.4756989401e-01 1.4756989401e-01 1.5381631983e-01 1.5407638172e-01 1.7411343884e-01 1.8038210338e-01 1.8038210338e-01 1.7436209603e-01 1.7389491344e-01 2.4063683245e-05 2.3155189410e-05 2.4275408578e-05 2.3193823659e-05 2.3164445338e-05 2.3444480576e-05 0 0
1744 1.4973540361e-01 1.4745109727e-01 1.4745109727e-01 1.5329202996e-01 1.5306776045e-01 1.7396485701e-01 1.8023269599e-01 1.8023269599e-01 1.7420881254e-01 1.7374675963e-01 2.4503833782e-05 2.2558168894e-05 2.4862441023e-05 2.3210536865e-05 2.2931523745e-05 2.3703436455e-05 0 0
1745 1.4987236243e-01 1.4600188585e-01 1.4600188585e-01 1.5392937686e-01 1.5284879352e-01 1.7381780291e-01 1.8008287789e-01 1.8008287789e-01 1.7406001727e-01 1.7359759432e-01 2.4246818431e-05 2.3906904971e-05 2.4171609766e-05 2.2961167369e-05 2.3252781830e-05 2.3427998713e-05 0 0
1746 1.4906048044e-01 1.4684530932e-01 1.4684530932e-01 1.5326037192e-01 1.5253001145e-01 1.7367104692e-01 1.7993477665e-01 1.7993477665e-01 1.7391167077e-01 1.7344706223e-01 2.4048004541e-05 2.4958421818e-05 2.3925763344e-05 2.2867966061e-05 2.3724296625e-05 2.3403892556e-05 0 0
1747 1.4789820379e-01 1.4629223620e-01 1.4629223620e-01 1.5162951288e-01 1.5241583699e-01 1.7352370722e-01 1.7978557401e-01 1.7978557401e-01 1.7376410804e-01 1.7329701019e-01 2.2742407042e-05 2.5364609428e-05 2.4303407372e-05 2.2252817749e-05 2.3833340492e-05 2.3530325052e-05 0 0
1748 1.4853861155e-01 1.4664105619e-01 1.4664105619e-01 1.5247955825e-01 1.5295864153e-01 1.7337580397e-01 1.7963486553e-01 1.7963486553e-01 1.7361613694e-01 1.7314667792e-01 2.1601443983e-05 2.4767925424e-05 2.3897629035e-05 2.1676336589e-05 2.3579374101e-05 2.3329360374e-05 0 0
1749 1.4920311511e-01 1.4815064998e-01 1.4815064998e-01 1.5324950178e-01 1.5303846668e-01 1.7322769279e-01 1.7948322066e-01 1.7948322066e-01 1.7346810610e-01 1.7299781334e-01 2.1434135735e-05 2.4793656848e-05 2.4634643523e-05 2.1601723435e-05 2.3606573450e-05 2.3555005100e-05 0 0
1750 1.4782498720e-01 1.4798327013e-01 1.4798327013e-01 1.5379909683e-01 1.5237686366e-01 1.7307960584e-01 1.7933110498e-01 1.7933110498e-01 1.7332020000e-01 1.7284822706e-01 2.1481752542e-05 2.4386970836e-05 2.4676543944e-05 2.1613524866e-05 2.3420447178e-05 2.3602334295e-05 0 0
1751 1.4783259917e-01 1.4800289175e-01 1.4800289175e-01 1.5264331193e-01 1.5284373236e-01 1.7293349202e-01 1.7917828188e-01 1.7917828188e-01 1.7317018884e-01 1.7269856241e-01 2.1332446588e-05 2.3865955882e-05 2.4629267500e-05 2.1384551342e-05 2.3362681532e-05 2.3574561055e-05 0 0
1752 1.4672260728e-01 1.4838741110e-01 1.4838741110e-01 1.5259036100e-01 1.5271035964e-01 1.7279049405e-01 1.7902596450e-01 1.7902596450e-01 1.7301991389e-01 1.7254911848e-01 2.1955570791e-05 2.2860296667e-05 2.4639195544e-05 2.1476508663e-05 2.2886477382e-05 2.3567235075e-05 0 0
1753 1.4566784114e-01 1.4765901084e-01 1.4765901084e-01 1.5205208968e-01 1.5196286173e-01 1.7264893576e-01 1.7887342314e-01 1.7887342314e-01 1.7287307511e-01 1.7239909560e-01 2.2127880891e-05 2.3141701604e-05 2.4391009902e-05 2.1451603361e-05 2.2736089704e-05 2.3483144105e-05 0 0
1754 1.4638428596e-01 1.4709658800e-01 1.4709658800e-01 1.5116338238e-01 1.5326481699e-01 1.7250541696e-01 1.7872125906e-01 1.7872125906e-01 1.7272799310e-01 1.7224932961e-01 2.1898501146e-05 2.3354054065e-05 2.3766443519e-05 2.1478107768e-05 2.2682752387e-05 2.3168119696e-05 0 0
1755 1.4748876596e-01 1.4798638535e-01 1.4798638535e-01 1.4980038708e-01 1.5236941299e-01 1.7236088539e-01 1.7857023146e-01 1.7857023146e-01 1.7258238525e-01 1.7209813320e-01 2.1945814735e-05 2.2861755497e-05 2.3694601623e-05 2.1578977226e-05 2.2470963813e-05 2.3259086447e-05 0 0
1756 1.4649172197e-01 1.4662547627e-01 1.4662547627e-01 1.5017230967e-01 1.5268518169e-01 1.7221488534e-01 1.7841927402e-01 1.7841927402e-01 1.7243946617e-01 1.7194796920e-01 2.2451484861e-05 2.2429662749e-05 2.3148433684e-05 2.1934526549e-05 2.2037963390e-05 2.2919560251e-05 0 0
1757 1.4712545967e-01 1.4615491693e-01 1.4615491693e-01 1.4889553576e-01 1.5119138322e-01 1.7206990194e-01 1.7827092305e-01 1.7827092305e-01 1.7229568669e-01 1.7179858462e-01 2.1637757860e-05 2.2632389118e-05 2.3733952730e-05 2.1416709305e-05 2.2176921448e-05 2.3178536139e-05 0 0
1758 1.4708372005e-01 1.4420064281e-01 1.4420064281e-01 1.4849146063e-01 1.5065222134e-01 1.7192525443e-01 1.7812417889e-01 1.7812417889e-01 1.7215163913e-01 1.7165073191e-01 2.1881664158e-05 2.2625477868e-05 2.3151562345e-05 2.1453920008e-05 2.2162483219e-05 2.2760327738e-05 0 0
1759 1.4653010679e-01 1.4446124753e-01 1.4446124753e-01 1.4762637114e-01 1.4968840417e-01 1.7177886777e-01 1.7798072309e-01 1.7798072309e-01 1.7200991589e-01 1.7150354007e-01 2.1402395979e-05 2.2586037630e-05 2.2698413886e-05 2.1344736872e-05 2.1965336600e-05 2.2439808163e-05 0 0
1760 1.4772032511e-01 1.4423315133e-01 1.4423315133e-01 1.4741648152e-01 1.4927163067e-01 1.7163372148e-01 1.7783683272e-01 1.7783683272e-01 1.7187070289e-01 1.7135776859e-01 2.1297910129e-05 2.2899780561e-05 2.2489876756e-05 2.1231074464e-05 2.1951496819e-05 2.2224760869e-05 0 0
1761 1.4707583989e-01 1.4340072602e-01 1.4340072602e-01 1.4807567920e-01 1.4944000658e-01 1.7148750379e-01 1.7769144198e-01 1.7769144198e-01 1.7173220825e-01 1.7121379109e-01 2.1716839520e-05 2.2945187084e-05 2.2688662284e-05 2.1507189680e-05 2.1921516236e-05 2.2164771508e-05 0 0
1762 1.4723423601e-01 1.4340107672e-01 1.4340107672e-01 1.4844468140e-01 1.4889797123e-01 1.7134322187e-01 1.7754643300e-01 1.7754643300e-01 1.7159261433e-01 1.7107068103e-01 2.1747282105e-05 2.3100323233e-05 2.2720380002e-05 2.1391641821e-05 2.2059869480e-05 2.2085826458e-05 0 0
1763 1.4635916268e-01 1.4344561579e-01 1.4344561579e-01 1.4901664104e-01 1.4851370145e-01 1.7120194166e-01 1.7740229268e-01 1.7740229268e-01 1.7144968139e-01 1.7092634748e-01 2.2080145839e-05 2.2531021386e-05 2.2632848413e-05 2.1372692406e-05 2.2044296202e-05 2.2135274776e-05 0 0
1764 1.4379952285e-01 1.4322447263e-01 1.4322447263e-01 1.4896896705e-01 1.4774703541e-01 1.7106413627e-01 1.7725856183e-01 1.7725856183e-01 1.7130751345e-01 1.7078505776e-01 2.2414249807e-05 2.2919722142e-05 2.3189152671e-05 2.1270339272e-05 2.2179437110e-05 2.2143810384e-05 0 0
1765 1.4195354968e-01 1.4180097679e-01 1.4180097679e-01 1.4739763167e-01 1.4688452347e-01 1.7092831550e-01 1.7711833534e-01 1.7711833534e-01 1.7116651466e-01 1.7064438294e-01 2.1231498613e-05 2.3121355298e-05 2.2805777917e-05 2.0541825393e-05 2.2146844458e-05 2.1910433134e-05 0 0
1766 1.4142271451e-01 1.4141567130e-01 1.4141567130e-01 1.4730785568e-01 1.4695078982e-01 1.7079318050e-01 1.7697911819e-01 1.7697911819e-01 1.7102606493e-01 1.7050437108e-01 2.0431378208e-05 2.2748097763e-05 2.2563111088e-05 2.0104022305e-05 2.1879925043e-05 2.1780568204e-05 0 0
1767 1.4158381337e-01 1.4182379154e-01 1.4182379154e-01 1.4765542512e-01 1.4820958823e-01 1.7065806359e-01 1.7684076280e-01 1.7684076280e-01 1.7088589904e-01 1.7036440671e-01 2.0485201533e-05 2.3009355573e-05 2.2766473194e-05 2.0108417061e-05 2.1968990950e-05 2.1872420803e-05 0 0
1768 1.4129164295e-01 1.4255927889e-01 1.4255927889e-01 1.4707006192e-01 1.4858951674e-01 1.7052513193e-01 1.7670003860e-01 1.7670003860e-01 1.7074497641e-01 1.7022192273e-01 2.1449063657e-05 2.3498859264e-05 2.2915400223e-05 2.0375778365e-05 2.2261638151e-05 2.2116163564e-05 0 0
1769 1.4109108554e-01 1.4347691927e-01 1.4347691927e-01 1.4797471318e-01 1.4817650572e-01 1.7039448128e-01 1.7655588492e-01 1.7655588492e-01 1.7060367837e-01 1.7007784234e-01 2.1836037077e-05 2.2761243599e-05 2.2564857318e-05 2.0359389869e-05 2.1955241209e-05 2.2057414753e-05 0 0
1770 1.4064580953e-01 1.4397069120e-01 1.4397069120e-01 1.4755003255e-01 1.4774849072e-01 1.7026199077e-01 1.7641140856e-01 1.7641140856e-01 1.7046312021e-01 1.6993533547e-01 2.0846577466e-05 2.3002795388e-05 2.2799995349e-05 2.0023643872e-05 2.2050572625e-05 2.2029548745e-05 0 0
1771 1.4083950182e-01 1.4286315854e-01 1.4286315854e-01 1.4656820759e-01 1.4772947362e-01 1.7013090845e-01 1.7626784703e-01 1.7626784703e-01 1.7032443906e-01 1.6979377355e-01 2.0853009979e-05 2.2566276130e-05 2.2368148166e-05 1.9920613106e-05 2.1716465199e-05 2.1726947125e-05 0 0
1772 1.3984598210e-01 1.4305064534e-01 1.4305064534e-01 1.4409785922e-01 1.4778057880e-01 1.7000005907e-01 1.7612523023e-01 1.7612523023e-01 1.7018570030e-01 1.6965266251e-01 2.0676614272e-05 2.1264891075e-05 2.2566507141e-05 1.9819979218e-05 2.1080474653e-05 2.1757354261e-05 0 0
1773 1.3873831022e-01 1.4249945129e-01 1.4249945129e-01 1.4364129571e-01 1.4771383039e-01 1.6986901453e-01 1.7598272751e-01 1.7598272751e-01 1.7005046713e-01 1.6951206755e-01 2.0193380532e-05 2.0465788111e-05 2.3593939659e-05 1.9607405401e-05 2.0415188374e-05 2.2181838176e-05 0 0
1774 1.3898752516e-01 1.4237584828e-01 1.4237584828e-01 1.4380330903e-01 1.4657914275e-01 1.6973847849e-01 1.7583920725e-01 1.7583920725e-01 1.6991896220e-01 1.6937097765e-01 1.9955127245e-05 2.0726166440e-05 2.3578047148e-05 1.9447135856e-05 2.0273534574e-05 2.2246422304e-05 0 0
1775 1.3955612723e-01 1.4142495026e-01 1.4142495026e-01 1.4328710195e-01 1.4739107378e-01 1.6960903968e-01 1.7569671383e-01 1.7569671383e-01 1.6978623293e-01 1.6923106819e-01 2.0274409972e-05 2.0853892238e-05 2.3038252039e-05 1.9497082989e-05 2.0409051103e-05 2.1943308639e-05 0 0
1776 1.3844240857e-01 1.4122458955e-01 1.4122458955e-01 1.4256290867e-01 1.4572636381e-01 1.6947986427e-01 1.7555758105e-01 1.7555758105e-01 1.6965494002e-01 1.6909189731e-01 2.0752450540e-05 2.1596427359e-05 2.2990391699e-05 1.9701233687e-05 2.0604608835e-05 2.1871034733e-05 0 0
1777 1.3850350702e-01 1.3968224550e-01 1.3968224550e-01 1.4166803855e-01 1.4478990730e-01 1.6934943141e-01 1.7542040889e-01 1.7542040889e-01 1.6952586887e-01 1.6895539553e-01 1.9695185506e-05 2.1795906832e-05 2.2003373488e-05 1.9286878884e-05 2.0516661607e-05 2.1200048650e-05 0 0
1778 1.3905701466e-01 1.3894316504e-01 1.3894316504e-01 1.4079258457e-01 1.4324161392e-01 1.6921947559e-01 1.7528730000e-01 1.7528730000e-01 1.6939849470e-01 1.6882074377e-01 1.9326048935e-05 2.1988577828e-05 2.1324216505e-05 1.9049851097e-05 2.0476660211e-05 2.0735786165e-05 0 0
1779 1.3746751491e-01 1.3733760553e-01 1.3733760553e-01 1.4157991162e-01 1.4193211400e-01 1.6909003737e-01 1.7515493586e-01 1.7515493586e-01 1.6926883478e-01 1.6868659825e-01 1.9570732243e-05 2.1124616978e-05 2.0464181034e-05 1.9114246278e-05 2.0222340027e-05 2.0255442905e-05 0 0
1780 1.3728013502e-01 1.3752021885e-01 1.3752021885e-01 1.4142398223e-01 1.4274595782e-01 1.6896189401e-01 1.7502239832e-01 1.7502239832e-01 1.6914069109e-01 1.6855143887e-01 1.8698032562e-05 2.1244088202e-05 1.9516674911e-05 1.8578343674e-05 2.0162134206e-05 1.9842557776e-05 0 0
1781 1.3694571772e-01 1.3813682547e-01 1.3813682547e-01 1.4080800378e-01 1.4265503018e-01 1.6883444516e-01 1.7488875188e-01 1.7488875188e-01 1.6901206619e-01 1.6841924034e-01 1.8585659903e-05 2.0555226001e-05 2.0961078008e-05 1.8475868732e-05 1.9899484869e-05 2.0326820959e-05 0 0
1782 1.3733115152e-01 1.3703597596e-01 1.3703597596e-01 1.4120059299e-01 1.4108426710e-01 1.6870628737e-01 1.7475445426e-01 1.7475445426e-01 1.6888213459e-01 1.6828985442e-01 1.8049130462e-05 1.9692035494e-05 2.2049024665e-05 1.8269022293e-05 1.9563117348e-05 2.0591528482e-05 0 0
1783 1.3793439621e-01 1.3651367202e-01 1.3651367202e-01 1.4115271298e-01 1.4040866908e-01 1.6858092034e-01 1.7462168326e-01 1.7462168326e-01 1.6875341110e-01 1.6816096304e-01 1.8635579824e-05 1.9942306608e-05 2.1602023480e-05 1.8341806959e-05 1.9568320567e-05 2.0312235392e-05 0 0
1784 1.3661249535e-01 1.3617896744e-01 1.3617896744e-01 1.4004356664e-01 1.4061928777e-01 1.6845423975e-01 1.7449099598e-01 1.7449099598e-01 1.6862415726e-01 1.6803100899e-01 1.8532772760e-05 1.9786894882e-05 2.1044003915e-05 1.8367566034e-05 1.9525816242e-05 2.0138367290e-05 0 0
1785 1.3739814169e-01 1.3517418037e-01 1.3517418037e-01 1.3970525543e-01 1.4072136094e-01 1.6832685503e-01 1.7435945103e-01 1.7435945103e-01 1.6849712507e-01 1.6790157914e-01 1.8066434568e-05 2.0141354980e-05 2.0735968064e-05 1.8187196404e-05 1.9526187316e-05 1.9967731532e-05 0 0
1786 1.3706397249e-01 1.3434907558e-01 1.3434907558e-01 1.3848991024e-01 1.4025368113e-01 1.6819865154e-01 1.7422898373e-01 1.7422898373e-01 1.6837154574e-01 1.6777178886e-01 1.8040302686e-05 2.0465124180e-05 2.0459362531e-05 1.8231659362e-05 1.9558077838e-05 1.9851982870e-05 0 0
1787 1.3687369456e-01 1.3416949015e-01 1.3416949015e-01 1.3747173193e-01 1.4062037477e-01 1.6806989788e-01 1.7410073720e-01 1.7410073720e-01 1.6824738240e-01 1.6764098690e-01 1.7935602176e-05 2.0747939743e-05 1.9369464098e-05 1.8211850326e-05 1.9567556592e-05 1.9382467144e-05 0 0
1788 1.3587961269e-01 1.3493699084e-01 1.3493699084e-01 1.3751537321e-01 1.4052206567e-01 1.6794114029e-01 1.7397394137e-01 1.7397394137e-01 1.6812567022e-01 1.6750957716e-01 1.7859666093e-05 2.1121554710e-05 1.9206968318e-05 1.8148315749e-05 1.9544150746e-05 1.9357387828e-05 0 0
1789 1.3564997972e-01 1.3413639647e-01 1.3413639647e-01 1.3659132742e-01 1.4133851925e-01 1.6781372349e-01 1.7384535661e-01 1.7384535661e-01 1.6800285830e-01 1.6737985475e-01 1.7751934192e-05 2.0114043764e-05 1.9192912987e-05 1.7968288221e-05 1.9154106667e-05 1.9206097932e-05 0 0
1790 1.3578049040e-01 1.3433272173e-01 1.3433272173e-01 1.3778716010e-01 1.3992562827e-01 1.6768580904e-01 1.7371621265e-01 1.7371621265e-01 1.6787744954e-01 1.6725006940e-01 1.7653999779e-05 1.8734854166e-05 1.9610037270e-05 1.7953215326e-05 1.8668524717e-05 1.9385629457e-05 0 0
1791 1.3491568268e-01 1.3401535833e-01 1.3401535833e-01 1.3808909208e-01 1.3906048250e-01 1.6755753999e-01 1.7358645968e-01 1.7358645968e-01 1.6775366597e-01 1.6711994919e-01 1.7770519669e-05 1.8923614334e-05 1.8865304810e-05 1.8029440556e-05 1.8652266590e-05 1.9041506675e-05 0 0
1792 1.3441411504e-01 1.3439866567e-01 1.3439866567e-01 1.3770565457e-01 1.3906032344e-01 1.6743033020e-01 1.7345919734e-01 1.7345919734e-01 1.6762975489e-01 1.6699146631e-01 1.7622372710e-05 1.8763760636e-05 1.8551337234e-05 1.7847389987e-05 1.8584531063e-05 1.8772192561e-05 0 0
1793 1.3291023054e-01 1.3300152258e-01 1.3300152258e-01 1.3811943078e-01 1.3815765087e-01 1.6730504940e-01 1.7333299307e-01 1.7333299307e-01 1.6750437445e-01 1.6686520527e-01 1.7744928256e-05 1.8324097255e-05 1.9078699552e-05 1.7754153892e-05 1.8438515326e-05 1.8847273168e-05 0 0
1794 1.3285116483e-01 1.3106384245e-01 1.3106384245e-01 1.3780519906e-01 1.3765892603e-01 1.6718115482e-01 1.7320647362e-01 1.7320647362e-01 1.6737851145e-01 1.6674062453e-01 1.7624218098e-05 1.8443056433e-05 1.8949757759e-05 1.7591364801e-05 1.8526208805e-05 1.8641923816e-05 0 0
1795 1.3338744391e-01 1.3174582333e-01 1.3174582333e-01 1.3749671033e-01 1.3756303064e-01 1.6705939749e-01 1.7308273143e-01 1.7308273143e-01 1.6725207612e-01 1.6661536845e-01 1.8509842916e-05 1.8303653633e-05 1.8690114302e-05 1.7863545333e-05 1.8507887944e-05 1.8581332370e-05 0 0
1796 1.3332408776e-01 1.3112182063e-01 1.3112182063e-01 1.3642420461e-01 1.3762942557e-01 1.6693724541e-01 1.7296003138e-01 1.7296003138e-01 1.6712606658e-01 1.6649024945e-01 1.9228035852e-05 1.8160043510e-05 1.8600772819e-05 1.8221907486e-05 1.8387010641e-05 1.8524459847e-05 0 0
1797 1.3359730939e-01 1.3121368354e-01 1.3121368354e-01 1.3574196966e-01 1.3679932876e-01 1.6681363227e-01 1.7283758389e-01 1.7283758389e-01 1.6700128584e-01 1.6636676435e-01 1.9190979786e-05 1.8331904357e-05 1.9007560695e-05 1.8311335118e-05 1.8363522031e-05 1.8585239559e-05 0 0
1798 1.3444219953e-01 1.3066564282e-01 1.3066564282e-01 1.3630681906e-01 1.3733934576e-01 1.6668818817e-01 1.7271541076e-01 1.7271541076e-01 1.6687812715e-01 1.6624252460e-01 1.8813488366e-05 1.8467681002e-05 1.8809275389e-05 1.8275535684e-05 1.8284971702e-05 1.8547630134e-05 0 0
1799 1.3459911370e-01 1.3233469820e-01 1.3233469820e-01 1.3601582034e-01 1.3765402016e-01 1.6656185868e-01 1.7259323955e-01 1.7259323955e-01 1.6675742851e-01 1.6611977762e-01 1.8301319194e-05 2.0063726879e-05 1.9599310690e-05 1.8075551503e-05 1.8849992557e-05 1.8804073079e-05 0 0
1800 1.3318072691e-01 1.3193071985e-01 1.3193071985e-01 1.3452522979e-01 1.3624742191e-01 1.6643468531e-01 1.7246974477e-01 1.7246974477e-01 1.6663653557e-01 1.6599748976e-01 1.7993993031e-05 2.0218722057e-05 2.0470782147e-05 1.7942366099e-05 1.8940139853e-05 1.9155173504e-05 0 0
1801 1.3349497073e-01 1.3153838735e-01 1.3153838735e-01 1.3383170218e-01 1.3549690848e-01 1.6631108887e-01 1.7234404766e-01 1.7234404766e-01 1.6651667488e-01 1.6587422758e-01 1.7809399746e-05 1.9578254978e-05 1.9874936697e-05 1.7564430138e-05 1.8544560589e-05 1.8952374376e-05 0 0
1802 1.3281969841e-01 1.3140382948e-01 1.3140382948e-01 1.3435375380e-01 1.3622705907e-01 1.6618685938e-01 1.7221940694e-01 1.7221940694e-01 1.6639490877e-01 1.6575256795e-01 1.7488278059e-05 1.8367024495e-05 1.9698864890e-05 1.7437441700e-05 1.8074029867e-05 1.8744043700e-05 0 0
1803 1.3291055582e-01 1.3033584232e-01 1.3033584232e-01 1.3543326831e-01 1.3627681405e-01 1.6606447122e-01 1.7209595911e-01 1.7209595911e-01 1.6627401969e-01 1.6563081736e-01 1.7612872343e-05 1.8378997083e-05 1.9853206140e-05 1.7368345343e-05 1.8002352590e-05 1.8791102775e-05 0 0
1804 1.3333393380e-01 1.3089738123e-01 1.3089738123e-01 1.3550026007e-01 1.3668291610e-01 1.6594132239e-01 1.7197204574e-01 1.7197204574e-01 1.6615078045e-01 1.6550626070e-01 1.7485329601e-05 1.8256862859e-05 1.8857799660e-05 1.7352476730e-05 1.8117872969e-05 1.8494396500e-05 0 0
1805 1.3317645749e-01 1.3126109508e-01 1.3126109508e-01 1.3662130937e-01 1.3603710993e-01 1.6581602847e-01 1.7184844380e-01 1.7184844380e-01 1.6602622605e-01 1.6538162646e-01 1.7363122355e-05 1.7891496100e-05 1.8535737581e-05 1.7419293044e-05 1.8035751964e-05 1.8335140339e-05 0 0
1806 1.3413669105e-01 1.2982912316e-01 1.2982912316e-01 1.3693055793e-01 1.3458381964e-01 1.6568845416e-01 1.7172476601e-01 1.7172476601e-01 1.6590167877e-01 1.6525844520e-01 1.7030919115e-05 1.8196143174e-05 1.8198081307e-05 1.7400205983e-05 1.8180451661e-05 1.8061541596e-05 0 0
1807 1.3289597596e-01 1.2863627252e-01 1.2863627252e-01 1.3688157212e-01 1.3515914858e-01 1.6556158445e-01 1.7160156881e-01 1.7160156881e-01 1.6577677524e-01 1.6513582693e-01 1.7399034415e-05 1.8296431335e-05 1.7663440303e-05 1.7568990110e-05 1.8236876713e-05 1.7735816073e-05 0 0
1808 1.3308653559e-01 1.2931005491e-01 1.2931005491e-01 1.3667168829e-01 1.3545697165e-01 1.6543646092e-01 1.7147985075e-01 1.7147985075e-01 1.6565394615e-01 1.6501336451e-01 1.6861757140e-05 1.8483654458e-05 1.7900082639e-05 1.7185633541e-05 1.8167756934e-05 1.7817381377e-05 0 0
1809 1.3334860518e-01 1.2971319151e-01 1.2971319151e-01 1.3473269935e-01 1.3551427211e-01 1.6531048239e-01 1.7135796638e-01 1.7135796638e-01 1.6553225541e-01 1.6488988879e-01 1.6727710597e-05 1.8549589186e-05 1.8145220565e-05 1.7139665660e-05 1.8094683583e-05 1.8010156055e-05 0 0
1810 1.3232272654e-01 1.2972962517e-01 1.2972962517e-01 1.3391992337e-01 1.3653365958e-01 1.6518539891e-01 1.7123470101e-01 1.7123470101e-01 1.6541057244e-01 1.6476709132e-01 1.7180022957e-05 1.7594943529e-05 1.8473603632e-05 1.7284671578e-05 1.7581698557e-05 1.8125356291e-05 0 0
1811 1.3189574503e-01 1.3051888308e-01 1.3051888308e-01 1.3443972566e-01 1.3463356538e-01 1.6506150214e-01 1.7111137189e-01 1.7111137189e-01 1.6528859587e-01 1.6464499959e-01 1.6813232896e-05 1.7270032913e-05 1.9655596589e-05 1.7014906998e-05 1.7422243218e-05 1.8643017029e-05 0 0
1812 1.3185568901e-01 1.2934650034e-01 1.2934650034e-01 1.3397333410e-01 1.3486033028e-01 1.6493863277e-01 1.7098738956e-01 1.7098738956e-01 1.6516633703e-01 1.6452258568e-01 1.6866066596e-05 1.7442655917e-05 1.9253417122e-05 1.6957570400e-05 1.7540095541e-05 1.8469205315e-05 0 0
1813 1.3181472932e-01 1.3030731413e-01 1.3030731413e-01 1.3490801007e-01 1.3393278738e-01 1.6481625449e-01 1.7086585718e-01 1.7086585718e-01 1.6504368698e-01 1.6440218197e-01 1.6801419336e-05 1.7215825210e-05 1.9954475647e-05 1.6864619364e-05 1.7462638425e-05 1.8617161913e-05 0 0
1814 1.3175589369e-01 1.2846666580e-01 1.2846666580e-01 1.3527844220e-01 1.3370058691e-01 1.6469368022e-01 1.7074564921e-01 1.7074564921e-01 1.6491878612e-01 1.6428253681e-01 1.7100219556e-05 1.7340206796e-05 1.9596087441e-05 1.7003913388e-05 1.7672450667e-05 1.8364526113e-05 0 0
1815 1.3148713626e-01 1.2785441973e-01 1.2785441973e-01 1.3516744370e-01 1.3315513010e-01 1.6457298378e-01 1.7062606887e-01 1.7062606887e-01 1.6479619898e-01 1.6416349965e-01 1.7164886266e-05 1.8167369490e-05 1.9061730200e-05 1.6912173464e-05 1.7905849745e-05 1.8055982764e-05 0 0
1816 1.3072294976e-01 1.2741655714e-01 1.2741655714e-01 1.3387775092e-01 1.3368447856e-01 1.6445256163e-01 1.7050772555e-01 1.7050772555e-01 1.6467451440e-01 1.6404255494e-01 1.6670283283e-05 1.8216463104e-05 1.7898741135e-05 1.6675113565e-05 1.7879395273e-05 1.7608100279e-05 0 0
1817 1.3144115797e-01 1.2830656172e-01 1.2830656172e-01 1.3285437355e-01 1.3458002395e-01 1.6433135495e-01 1.7038837805e-01 1.7038837805e-01 1.6455559991e-01 1.6392070535e-01 1.6670582791e-05 1.8379119865e-05 1.7684294107e-05 1.6734668051e-05 1.7761718482e-05 1.7549674340e-05 0 0
1818 1.3001984267e-01 1.2844770689e-01 1.2844770689e-01 1.3257501649e-01 1.3364963506e-01 1.6421115309e-01 1.7026770736e-01 1.7026770736e-01 1.6443501291e-01 1.6379828675e-01 1.6912009001e-05 1.8183751308e-05 1.7846026822e-05 1.6777355879e-05 1.7765532903e-05 1.7689372726e-05 0 0
1819 1.2959716312e-01 1.2868512579e-01 1.2868512579e-01 1.3139329706e-01 1.3486136356e-01 1.6409169823e-01 1.7014632406e-01 1.7014632406e-01 1.6431611953e-01 1.6367445221e-01 1.6330519354e-05 1.8700073269e-05 1.7390708308e-05 1.6431692473e-05 1.7857718376e-05 1.7571127501e-05 0 0
1820 1.2863952480e-01 1.2978354942e-01 1.2978354942e-01 1.3157228668e-01 1.3434045002e-01 1.6397283142e-01 1.7002480230e-01 1.7002480230e-01 1.6419819927e-01 1.6355089271e-01 1.6437057220e-05 1.8202760657e-05 1.8133318008e-05 1.6437618083e-05 1.7520007532e-05 1.7915119315e-05 0 0
1821 1.2727641565e-01 1.2836104752e-01 1.2836104752e-01 1.3139274685e-01 1.3318442587e-01 1.6385450422e-01 1.6990117074e-01 1.6990117074e-01 1.6407934842e-01 1.6342889948e-01 1.6002550362e-05 1.7903119442e-05 1.8290069420e-05 1.6154695468e-05 1.7437594579e-05 1.7865664631e-05 0 0
1822 1.2784062573e-01 1.2817902327e-01 1.2817902327e-01 1.3180496770e-01 1.3238308625e-01 1.6373564528e-01 1.6977899876e-01 1.6977899876e-01 1.6396142202e-01 1.6330845350e-01 1.5841013931e-05 1.7907357687e-05 1.8030216779e-05 1.6058776553e-05 1.7380572899e-05 1.7619849132e-05 0 0
1823 1.2775346024e-01 1.2804414274e-01 1.2804414274e-01 1.3161134840e-01 1.3179370946e-01 1.6361733465e-01 1.6965919664e-01 1.6965919664e-01 1.6384361345e-01 1.6318938163e-01 1.6638194669e-05 1.7912371732e-05 1.8580415599e-05 1.6395426084e-05 1.7359013327e-05 1.7795066924e-05 0 0
1824 1.2826397081e-01 1.2719072702e-01 1.2719072702e-01 1.3121244853e-01 1.3187321383e-01 1.6350155045e-01 1.6953958037e-01 1.6953958037e-01 1.6372523429e-01 1.6307097250e-01 1.7395107971e-05 1.7463268705e-05 1.8704728973e-05 1.6597246252e-05 1.7167566511e-05 1.7786447643e-05 0 0
1825 1.2759524784e-01 1.2672595460e-01 1.2672595460e-01 1.3213363609e-01 1.3082605354e-01 1.6338767827e-01 1.6942096123e-01 1.6942096123e-01 1.6360666750e-01 1.6295358606e-01 1.8422349177e-05 1.6598280126e-05 1.9273325961e-05 1.6941781800e-05 1.6777317796e-05 1.7928332454e-05 0 0
1826 1.2670270782e-01 1.2566175234e-01 1.2566175234e-01 1.3183697594e-01 1.3145013095e-01 1.6327363312e-01 1.6930276751e-01 1.6930276751e-01 1.6348835560e-01 1.6283487039e-01 1.8000690278e-05 1.6973190213e-05 1.7733953428e-05 1.6753756352e-05 1.6974471691e-05 1.7273184312e-05 0 0
1827 1.2578881902e-01 1.2656915994e-01 1.2656915994e-01 1.3032018278e-01 1.3117261749e-01 1.6315846904e-01 1.6918558050e-01 1.6918558050e-01 1.6337126280e-01 1.6271494462e-01 1.6770750253e-05 1.6973433958e-05 1.7541237867e-05 1.6261404814e-05 1.6876899281e-05 1.7275643586e-05 0 0
1828 1.2586640413e-01 1.2590307857e-01 1.2590307857e-01 1.2924484646e-01 1.3156494174e-01 1.6304286593e-01 1.6906708654e-01 1.6906708654e-01 1.6325344175e-01 1.6259814883e-01 1.5708696633e-05 1.6000707546e-05 1.7982748432e-05 1.5785078066e-05 1.6403347217e-05 1.7264397684e-05 0 0
1829 1.2620560317e-01 1.2581216450e-01 1.2581216450e-01 1.2904778391e-01 1.3006474813e-01 1.6292795090e-01 1.6895035348e-01 1.6895035348e-01 1.6313583210e-01 1.6248187905e-01 1.5479903555e-05 1.5884202185e-05 1.8292072127e-05 1.5631150929e-05 1.6304466953e-05 1.7369681700e-05 0 0
1830 1.2563645110e-01 1.2611058964e-01 1.2611058964e-01 1.2922712689e-01 1.3008353044e-01 1.6281358230e-01 1.6883363197e-01 1.6883363197e-01 1.6301920894e-01 1.6236690669e-01 1.5420604795e-05 1.5945290215e-05 1.8330595594e-05 1.5548528973e-05 1.6253236026e-05 1.7287734408e-05 0 0
1831 1.2660233194e-01 1.2570200432e-01 1.2570200432e-01 1.3030005602e-01 1.3010633567e-01 1.6269896560e-01 1.6871753879e-01 1.6871753879e-01 1.6290228795e-01 1.6225197072e-01 1.5390413945e-05 1.6052732462e-05 1.8461725631e-05 1.5518731652e-05 1.6293343833e-05 1.7358595869e-05 0 0
1832 1.2527191206e-01 1.2482271437e-01 1.2482271437e-01 1.2912969748e-01 1.2944407414e-01 1.6258629009e-01 1.6859993697e-01 1.6859993697e-01 1.6278509566e-01 1.6213621694e-01 1.6384650172e-05 1.6828350454e-05 1.8205275410e-05 1.5863867346e-05 1.6675458028e-05 1.7320975530e-05 0 0
1833 1.2331019090e-01 1.2451136346e-01 1.2451136346e-01 1.2857633967e-01 1.2939285241e-01 1.6247638544e-01 1.6848361008e-01 1.6848361008e-01 1.6266977815e-01 1.6202174197e-01 1.6522330165e-05 1.6862614757e-05 1.7536242922e-05 1.5723658609e-05 1.6566807062e-05 1.6898278773e-05 0 0
1834 1.2204465885e-01 1.2408815032e-01 1.2408815032e-01 1.2798793937e-01 1.2859895593e-01 1.6236871677e-01 1.6837017442e-01 1.6837017442e-01 1.6255758470e-01 1.6190548576e-01 1.6194048906e-05 1.7439506337e-05 1.6497641809e-05 1.5386331359e-05 1.6638028683e-05 1.6475496523e-05 0 0
1835 1.2154137020e-01 1.2348879446e-01 1.2348879446e-01 1.2682041972e-01 1.2890806432e-01 1.6226130113e-01 1.6825522221e-01 1.6825522221e-01 1.6244907314e-01 1.6178808178e-01 1.5814301416e-05 1.8524364350e-05 1.6199345737e-05 1.5164084789e-05 1.6883236640e-05 1.6366077944e-05 0 0
1836 1.2249752263e-01 1.2353502432e-01 1.2353502432e-01 1.2692807574e-01 1.2949110602e-01 1.6215374735e-01 1.6813926478e-01 1.6813926478e-01 1.6234023620e-01 1.6167110562e-01 1.5423162707e-05 1.8039356291e-05 1.6006669284e-05 1.4966678874e-05 1.6690463781e-05 1.6222178601e-05 0 0
1837 1.2333050832e-01 1.2451386543e-01 1.2451386543e-01 1.2716312371e-01 1.3015598685e-01 1.6204554754e-01 1.6802345410e-01 1.6802345410e-01 1.6223030966e-01 1.6155327588e-01 1.5977168722e-05 1.7234175175e-05 1.6172628420e-05 1.5283752051e-05 1.6386337848e-05 1.6360597328e-05 0 0
1838 1.2255592022e-01 1.2487031498e-01 1.2487031498e-01 1.2736602999e-01 1.3011656875e-01 1.6193775501e-01 1.6790659970e-01 1.6790659970e-01 1.6211986799e-01 1.6143590128e-01 1.6180440203e-05 1.6639949536e-05 1.6559571122e-05 1.5360639970e-05 1.6143969333e-05 1.6502475773e-05 0 0
1839 1.2228174983e-01 1.2444054308e-01 1.2444054308e-01 1.2747534304e-01 1.2939196440e-01 1.6182859383e-01 1.6779046536e-01 1.6779046536e-01 1.6200890453e-01 1.6132115139e-01 1.5599414817e-05 1.6137556486e-05 1.6737594706e-05 1.5155713321e-05 1.5935180272e-05 1.6400541426e-05 0 0
1840 1.2163535054e-01 1.2295130773e-01 1.2295130773e-01 1.2685864307e-01 1.2862069660e-01 1.6171961265e-01 1.6767616342e-01 1.6767616342e-01 1.6189720820e-01 1.6120762753e-01 1.5506725421e-05 1.6026150661e-05 1.6671045159e-05 1.5079097958e-05 1.5894378521e-05 1.6317009795e-05 0 0
1841 1.2155977272e-01 1.2232035015e-01 1.2232035015e-01 1.2568539972e-01 1.2668710586e-01 1.6161127207e-01 1.6756348627e-01 1.6756348627e-01 1.6178584608e-01 1.6109500440e-01 1.4645834058e-05 1.5807710042e-05 1.6382536160e-05 1.4612094895e-05 1.5727037862e-05 1.6133557438e-05 0 0
1842 1.2283630713e-01 1.2167403941e-01 1.2167403941e-01 1.2431618025e-01 1.2676556561e-01 1.6150114414e-01 1.6745407851e-01 1.6745407851e-01 1.6167844615e-01 1.6098237348e-01 1.4496885421e-05 1.5747716134e-05 1.5711215383e-05 1.4641428352e-05 1.5408169929e-05 1.5790228645e-05 0 0
1843 1.2289222496e-01 1.2137870946e-01 1.2137870946e-01 1.2357300529e-01 1.2596616037e-01 1.6139006997e-01 1.6734614117e-01 1.6734614117e-01 1.6157186287e-01 1.6086990608e-01 1.5170409588e-05 1.5224172785e-05 1.5820306544e-05 1.5020583285e-05 1.5086502572e-05 1.5824441107e-05 0 0
1844 1.2219238485e-01 1.2130677037e-01 1.2130677037e-01 1.2414561003e-01 1.2614760597e-01 1.6127874281e-01 1.6723707040e-01 1.6723707040e-01 1.6146469681e-01 1.6075867566e-01 1.5513454597e-05 1.5041051483e-05 1.5877267288e-05 1.5199516409e-05 1.5020214050e-05 1.5756718312e-05 0 0
1845 1.2161542471e-01 1.2150091506e-01 1.2150091506e-01 1.2360379890e-01 1.2548658355e-01 1.6117050948e-01 1.6712801903e-01 1.6712801903e-01 1.6135618836e-01 1.6064860083e-01 1.6107924348e-05 1.4937198102e-05 1.6430748474e-05 1.5269881029e-05 1.5042856830e-05 1.5933984287e-05 0 0
1846 1.2201257890e-01 1.2163203333e-01 1.2163203333e-01 1.2370723634e-01 1.2382480436e-01 1.6106308605e-01 1.6701757838e-01 1.6701757838e-01 1.6124745335e-01 1.6053914252e-01 1.5974730613e-05 1.5144788449e-05 1.6603589756e-05 1.5143235770e-05 1.5161065676e-05 1.5946857275e-05 0 0
1847 1.2142865188e-01 1.2109739160e-01 1.2109739160e-01 1.2288296185e-01 1.2351047888e-01 1.6095412608e-01 1.6690746939e-01 1.6690746939e-01 1.6114213002e-01 1.6043250301e-01 1.5632257129e-05 1.6093466911e-05 1.6611776118e-05 1.5071353249e-05 1.5391853594e-05 1.5706810700e-05 0 0
1848 1.2133916680e-01 1.1976264562e-01 1.1976264562e-01 1.2180558778e-01 1.2277163648e-01 1.6084550610e-01 1.6679938476e-01 1.6679938476e-01 1.6103868943e-01 1.6032827651e-01 1.5350186950e-05 1.6614642846e-05 1.6526447325e-05 1.4901666213e-05 1.5491237718e-05 1.5472534869e-05 0 0
1849 1.2172661572e-01 1.1895346794e-01 1.1895346794e-01 1.2226344376e-01 1.2274788585e-01 1.6073731974e-01 1.6669314730e-01 1.6669314730e-01 1.6093546245e-01 1.6022186163e-01 1.5235241539e-05 1.6806767235e-05 1.5473471649e-05 1.4811454179e-05 1.5540309505e-05 1.5130994143e-05 0 0
1850 1.2221350252e-01 1.1951624957e-01 1.1951624957e-01 1.2320173544e-01 1.2359676549e-01 1.6062756701e-01 1.6658716319e-01 1.6658716319e-01 1.6083072030e-01 1.6011338801e-01 1.5323754204e-05 1.6073488041e-05 1.4929224562e-05 1.4940292141e-05 1.5288469513e-05 1.4999736777e-05 0 0
1851 1.2282296790e-01 1.1954209428e-01 1.1954209428e-01 1.2457951682e-01 1.2379782583e-01 1.6051531614e-01 1.6647933045e-01 1.6647933045e-01 1.6072199357e-01 1.6000524055e-01 1.5281102121e-05 1.5254065147e-05 1.5187544705e-05 1.5069223966e-05 1.5164489014e-05 1.5089291082e-05 0 0
1852 1.2256378405e-01 1.1943541468e-01 1.1943541468e-01 1.2455371962e-01 1.2251187000e-01 1.6040282582e-01 1.6637045989e-01 1.6637045989e-01 1.6061240924e-01 1.5989752376e-01 1.5696295894e-05 1.5817136955e-05 1.5691222870e-05 1.5279883268e-05 1.5500966583e-05 1.5295580852e-05 0 0
1853 1.2158341559e-01 1.1968526875e-01 1.1968526875e-01 1.2356937023e-01 1.2169264689e-01 1.6029250012e-01 1.6626240458e-01 1.6626240458e-01 1.6050443738e-01 1.5979274459e-01 1.6068287372e-05 1.5672678273e-05 1.6141792912e-05 1.5295918852e-05 1.5307879949e-05 1.5309830815e-05 0 0
1854 1.2121896771e-01 1.1841583227e-01 1.1841583227e-01 1.2256307138e-01 1.2125134020e-01 1.6018231468e-01 1.6615644870e-01 1.6615644870e-01 1.6039743089e-01 1.5968843605e-01 1.5236381020e-05 1.5726894162e-05 1.6134757971e-05 1.4878589932e-05 1.5246156181e-05 1.5273537429e-05 0 0
1855 1.2146581838e-01 1.1731532596e-01 1.1731532596e-01 1.2226686913e-01 1.2257174454e-01 1.6007132955e-01 1.6604994111e-01 1.6604994111e-01 1.6029105607e-01 1.5958302667e-01 1.4747519812e-05 1.5466552213e-05 1.5813448954e-05 1.4683675032e-05 1.5067704226e-05 1.5168611753e-05 0 0
1856 1.2056719092e-01 1.1765443838e-01 1.1765443838e-01 1.2217484338e-01 1.2412092553e-01 1.5995993466e-01 1.6594367792e-01 1.6594367792e-01 1.6018427812e-01 1.5947546869e-01 1.4314467345e-05 1.5515904124e-05 1.5428518054e-05 1.4474297988e-05 1.5124586753e-05 1.5108987100e-05 0 0
1857 1.2021521687e-01 1.1880595464e-01 1.1880595464e-01 1.2217217535e-01 1.2459537510e-01 1.5984916253e-01 1.6583726615e-01 1.6583726615e-01 1.6007732703e-01 1.5936431628e-01 1.3968060768e-05 1.5479354261e-05 1.5062218154e-05 1.4260952942e-05 1.5102376892e-05 1.5176462512e-05 0 0
1858 1.2097880121e-01 1.1926811464e-01 1.1926811464e-01 1.2332450110e-01 1.2367627975e-01 1.5973954469e-01 1.6572992381e-01 1.6572992381e-01 1.5996931610e-01 1.5925445576e-01 1.3997121255e-05 1.4993441255e-05 1.5500389964e-05 1.4204273829e-05 1.4912659026e-05 1.5302873180e-05 0 0
1859 1.2150993632e-01 1.1812168339e-01 1.1812168339e-01 1.2428263412e-01 1.2273265202e-01 1.5962763311e-01 1.6562323212e-01 1.6562323212e-01 1.5985965372e-01 1.5914612872e-01 1.3899668262e-05 1.5452509615e-05 1.5052319213e-05 1.4282151701e-05 1.5249003809e-05 1.4966612980e-05 0 0
1860 1.2167819351e-01 1.1800293538e-01 1.1800293538e-01 1.2467027648e-01 1.2265994243e-01 1.5951552936e-01 1.6551753324e-01 1.6551753324e-01 1.5974939445e-01 1.5903724636e-01 1.4232021715e-05 1.5762794646e-05 1.4643239410e-05 1.4436470463e-05 1.5433641238e-05 1.4785260646e-05 0 0
1861 1.2081671093e-01 1.1824252936e-01 1.1824252936e-01 1.2341673267e-01 1.2244649668e-01 1.5940377405e-01 1.6541117665e-01 1.6541117665e-01 1.5964046673e-01 1.5892946090e-01 1.4393582833e-05 1.6092346414e-05 1.4829189240e-05 1.4474813364e-05 1.5480326510e-05 1.4787086911e-05 0 0
1862 1.1951524583e-01 1.1801890450e-01 1.1801890450e-01 1.2195737526e-01 1.2303289124e-01 1.5929421505e-01 1.6530405856e-01 1.6530405856e-01 1.5953383613e-01 1.5882292709e-01 1.4418842382e-05 1.6113949641e-05 1.5407842511e-05 1.4349386697e-05 1.5312666619e-05 1.4985629605e-05 0 0
1863 1.2010707458e-01 1.1855826160e-01 1.1855826160e-01 1.2186513347e-01 1.2251285017e-01 1.5918560819e-01 1.6519602610e-01 1.6519602610e-01 1.5942783013e-01 1.5871837470e-01 1.4306247089e-05 1.5628766960e-05 1.6471298295e-05 1.4225441073e-05 1.5030233953e-05 1.5340290702e-05 0 0
1864 1.2027694641e-01 1.1854916077e-01 1.1854916077e-01 1.2186989926e-01 1.2286882726e-01 1.5907933434e-01 1.6508827963e-01 1.6508827963e-01 1.5932242899e-01 1.5861041912e-01 1.5337288794e-05 1.5891793737e-05 1.5997777155e-05 1.4531599763e-05 1.5110873392e-05 1.5335651369e-05 0 0
1865 1.2043013108e-01 1.2007660684e-01 1.2007660684e-01 1.2097492753e-01 1.2394973299e-01 1.5897212902e-01 1.6497926136e-01 1.6497926136e-01 1.5921777425e-01 1.5850033683e-01 1.5894566248e-05 1.6077839973e-05 1.6064834199e-05 1.4835099098e-05 1.5133813577e-05 1.5502723727e-05 0 0
1866 1.1941652870e-01 1.1989674460e-01 1.1989674460e-01 1.2142911069e-01 1.2344270430e-01 1.5886341493e-01 1.6486901355e-01 1.6486901355e-01 1.5911281629e-01 1.5839132257e-01 1.5859597628e-05 1.5479344256e-05 1.6258522919e-05 1.4929112266e-05 1.4858662325e-05 1.5512889149e-05 0 0
1867 1.1933628938e-01 1.1853022629e-01 1.1853022629e-01 1.2268501720e-01 1.2287493218e-01 1.5875662920e-01 1.6476093436e-01 1.6476093436e-01 1.5900657037e-01 1.5828371021e-01 1.5502948179e-05 1.5279207219e-05 1.6023742319e-05 1.4635143699e-05 1.4852407730e-05 1.5292678654e-05 0 0
1868 1.1840232664e-01 1.1747995283e-01 1.1747995283e-01 1.2238462990e-01 1.2249213389e-01 1.5865054780e-01 1.6465578000e-01 1.6465578000e-01 1.5889800600e-01 1.5817716234e-01 1.5387066738e-05 1.4880061826e-05 1.5618169527e-05 1.4521923304e-05 1.4801856196e-05 1.5009798517e-05 0 0
1869 1.1945351640e-01 1.1620475047e-01 1.1620475047e-01 1.2230111571e-01 1.2279679462e-01 1.5854399720e-01 1.6455122331e-01 1.6455122331e-01 1.5878873778e-01 1.5807001617e-01 1.4412717966e-05 1.4854323126e-05 1.5083139260e-05 1.4058685251e-05 1.4807875232e-05 1.4776412172e-05 0 0
1870 1.1908877090e-01 1.1691456243e-01 1.1691456243e-01 1.2124790869e-01 1.2160207208e-01 1.5843663610e-01 1.6444620635e-01 1.6444620635e-01 1.5868129574e-01 1.5796342120e-01 1.4855191179e-05 1.4918905435e-05 1.5367556443e-05 1.4322102739e-05 1.4700339307e-05 1.4879389710e-05 0 0
1871 1.1902436718e-01 1.1745943863e-01 1.1745943863e-01 1.2133407539e-01 1.2082795325e-01 1.5832979733e-01 1.6434183172e-01 1.6434183172e-01 1.5857431718e-01 1.5785796509e-01 1.4520526141e-05 1.4620619368e-05 1.5247146621e-05 1.4139257848e-05 1.4506905245e-05 1.4742739950e-05 0 0
1872 1.1824616129e-01 1.1692342807e-01 1.1692342807e-01 1.2208401126e-01 1.2129077006e-01 1.5822112814e-01 1.6423869283e-01 1.6423869283e-01 1.5846792914e-01 1.5775243700e-01 1.3903320264e-05 1.4714486497e-05 1.5198313122e-05 1.3934064448e-05 1.4504956198e-05 1.4701619875e-05 0 0
1873 1.1823515510e-01 1.1671815503e-01 1.1671815503e-01 1.2229655234e-01 1.2180490012e-01 1.5811147248e-01 1.6413347283e-01 1.6413347283e-01 1.5836049322e-01 1.5764638419e-01 1.3568577409e-05 1.4760785234e-05 1.5714953406e-05 1.3797275159e-05 1.4597430891e-05 1.4972565623e-05 0 0
1874 1.1830733786e-01 1.1757570578e-01 1.1757570578e-01 1.2148598531e-01 1.2166670116e-01 1.5800169420e-01 1.6402547229e-01 1.6402547229e-01 1.5825215215e-01 1.5754034969e-01 1.3459322744e-05 1.4874208318e-05 1.6096064428e-05 1.3742130191e-05 1.4690102034e-05 1.5147341401e-05 0 0
1875 1.1767728672e-01 1.1681072941e-01 1.1681072941e-01 1.2059103584e-01 1.2074940939e-01 1.5789227241e-01 1.6391783547e-01 1.6391783547e-01 1.5814413217e-01 1.5743338107e-01 1.3292993903e-05 1.4843309145e-05 1.5734294720e-05 1.3622808379e-05 1.4632366401e-05 1.5018250451e-05 0 0
1876 1.1758621990e-01 1.1573359281e-01 1.1573359281e-01 1.1866057528e-01 1.2057692078e-01 1.5778291386e-01 1.6381162300e-01 1.6381162300e-01 1.5803809617e-01 1.5732651998e-01 1.3021183716e-05 1.4798719349e-05 1.4904086129e-05 1.3468572340e-05 1.4486656255e-05 1.4582223230e-05 0 0
1877 1.1737409830e-01 1.1552279150e-01 1.1552279150e-01 1.1934513622e-01 1.2150336262e-01 1.5767462131e-01 1.6370713035e-01 1.6370713035e-01 1.5793403668e-01 1.5722002420e-01 1.3050341130e-05 1.4418817045e-05 1.4597248082e-05 1.3410980283e-05 1.4170852410e-05 1.4398848180e-05 0 0
1878 1.1775516972e-01 1.1555118170e-01 1.1555118170e-01 1.1894409932e-01 1.2143685826e-01 1.5756770353e-01 1.6360251956e-01 1.6360251956e-01 1.5782988809e-01 1.5711313985e-01 1.3197802529e-05 1.4940340407e-05 1.4932427803e-05 1.3397603088e-05 1.4414670659e-05 1.4586313227e-05 0 0
1879 1.1789647168e-01 1.1629245207e-01 1.1629245207e-01 1.1911459887e-01 1.2115566820e-01 1.5746171372e-01 1.6349741239e-01 1.6349741239e-01 1.5772563271e-01 1.5700492088e-01 1.3510855266e-05 1.5128357518e-05 1.4752834431e-05 1.3497985291e-05 1.4486376131e-05 1.4578785340e-05 0 0
1880 1.1751247079e-01 1.1690953986e-01 1.1690953986e-01 1.1865194688e-01 1.2021602125e-01 1.5735507524e-01 1.6339190725e-01 1.6339190725e-01 1.5762119420e-01 1.5689713170e-01 1.3440180642e-05 1.5135538888e-05 1.4963868125e-05 1.3497825896e-05 1.4492803530e-05 1.4637228560e-05 0 0
1881 1.1708382919e-01 1.1611107134e-01 1.1611107134e-01 1.1935107169e-01 1.1820899340e-01 1.5724894750e-01 1.6328517660e-01 1.6328517660e-01 1.5751744577e-01 1.5679148056e-01 1.3485605401e-05 1.4663123693e-05 1.5125929167e-05 1.3488903219e-05 1.4224828192e-05 1.4554182599e-05 0 0
1882 1.1685156489e-01 1.1473104500e-01 1.1473104500e-01 1.1971387522e-01 1.1872319178e-01 1.5714380935e-01 1.6317962598e-01 1.6317962598e-01 1.5741273567e-01 1.5668849182e-01 1.3180186312e-05 1.4891958926e-05 1.5315868040e-05 1.3259037121e-05 1.4387073861e-05 1.4459447812e-05 0 0
1883 1.1606416398e-01 1.1418882553e-01 1.1418882553e-01 1.1869377867e-01 1.1927360057e-01 1.5703873665e-01 1.6307642115e-01 1.6307642115e-01 1.5730868484e-01 1.5658660562e-01 1.3177269795e-05 1.4850281332e-05 1.5540505046e-05 1.3227940264e-05 1.4286764781e-05 1.4491167349e-05 0 0
1884 1.1602546230e-01 1.1398676978e-01 1.1398676978e-01 1.1838726960e-01 1.1915833408e-01 1.5693474339e-01 1.6297396551e-01 1.6297396551e-01 1.5720382463e-01 1.5648196688e-01 1.3129752188e-05 1.4246021237e-05 1.5179743968e-05 1.3140227221e-05 1.4033642401e-05 1.4507105334e-05 0 0
1885 1.1505274580e-01 1.1402781070e-01 1.1402781070e-01 1.1762840061e-01 1.1898281637e-01 1.5683025587e-01 1.6287067412e-01 1.6287067412e-01 1.5710059753e-01 1.5637735914e-01 1.2934054062e-05 1.4424053916e-05 1.4994081539e-05 1.3057411146e-05 1.4015613488e-05 1.4394294340e-05 0 0
1886 1.1649012832e-01 1.1361164795e-01 1.1361164795e-01 1.1742509261e-01 1.1868722917e-01 1.5672387252e-01 1.6276821457e-01 1.6276821457e-01 1.5699726775e-01 1.5627255573e-01 1.2493282839e-05 1.4130348063e-05 1.4657002794e-05 1.2916309818e-05 1.3881937775e-05 1.4221220226e-05 0 0
1887 1.1619534813e-01 1.1442604070e-01 1.1442604070e-01 1.1733046742e-01 1.1826364798e-01 1.5661686536e-01 1.6266520738e-01 1.6266520738e-01 1.5689592010e-01 1.5616766482e-01 1.2959421170e-05 1.4606044715e-05 1.4521866433e-05 1.3206290053e-05 1.3968046005e-05 1.4158292288e-05 0 0
1888 1.1575734970e-01 1.1404972609e-01 1.1404972609e-01 1.1739706583e-01 1.1832763497e-01 1.5651002563e-01 1.6256134125e-01 1.6256134125e-01 1.5679395147e-01 1.5606313273e-01 1.2879916846e-05 1.4636713786e-05 1.4576609829e-05 1.3145635697e-05 1.4014291082e-05 1.4165280845e-05 0 0
1889 1.1515326568e-01 1.1401489306e-01 1.1401489306e-01 1.1684171554e-01 1.1730009273e-01 1.5640539387e-01 1.6245605431e-01 1.6245605431e-01 1.5669127658e-01 1.5595982136e-01 1.3405638928e-05 1.4389961507e-05 1.4926886251e-05 1.3236154614e-05 1.3952248992e-05 1.4223996004e-05 0 0
1890 1.1404613123e-01 1.1314010871e-01 1.1314010871e-01 1.1646469594e-01 1.1765836502e-01 1.5630360161e-01 1.6235090887e-01 1.6235090887e-01 1.5658816039e-01 1.5585625264e-01 1.4206822025e-05 1.3766686607e-05 1.4331223610e-05 1.3441848206e-05 1.3676632079e-05 1.3923175175e-05 0 0
1891 1.1392981237e-01 1.1347951475e-01 1.1347951475e-01 1.1638461736e-01 1.1688197811e-01 1.5620371537e-01 1.6224700391e-01 1.6224700391e-01 1.5648613473e-01 1.5575280423e-01 1.4819259645e-05 1.3575390767e-05 1.4521577214e-05 1.3617402599e-05 1.3482556824e-05 1.4016902242e-05 0 0
1892 1.1461993193e-01 1.1238930044e-01 1.1238930044e-01 1.1661060662e-01 1.1756865287e-01 1.5610295884e-01 1.6214469272e-01 1.6214469272e-01 1.5638424781e-01 1.5564950025e-01 1.4534760071e-05 1.3449630387e-05 1.3868519090e-05 1.3551930284e-05 1.3396626855e-05 1.3702970136e-05 0 0
1893 1.1508657317e-01 1.1243620511e-01 1.1243620511e-01 1.1670837955e-01 1.1714124214e-01 1.5600199813e-01 1.6204517163e-01 1.6204517163e-01 1.5628272279e-01 1.5554570326e-01 1.4279816382e-05 1.3459947695e-05 1.3840907741e-05 1.3438369415e-05 1.3370392480e-05 1.3711781321e-05 0 0
1894 1.1433164457e-01 1.1206877851e-01 1.1206877851e-01 1.1723791915e-01 1.1740064460e-01 1.5589786905e-01 1.6194554958e-01 1.6194554958e-01 1.5618225608e-01 1.5544255833e-01 1.3267270897e-05 1.3722346921e-05 1.3821092580e-05 1.3137490492e-05 1.3412591215e-05 1.3646888874e-05 0 0
1895 1.1473305407e-01 1.1194058149e-01 1.1194058149e-01 1.1718528169e-01 1.1654349286e-01 1.5579361481e-01 1.6184524293e-01 1.6184524293e-01 1.5607958099e-01 1.5533943626e-01 1.2748983686e-05 1.3626603504e-05 1.3953212147e-05 1.2880948282e-05 1.3501789908e-05 1.3705453057e-05 0 0
1896 1.1584065552e-01 1.1188104585e-01 1.1188104585e-01 1.1721243891e-01 1.1589128847e-01 1.5568919437e-01 1.6174376529e-01 1.6174376529e-01 1.5597619647e-01 1.5523848332e-01 1.2836021313e-05 1.3767222299e-05 1.4010689483e-05 1.2924417079e-05 1.3609104826e-05 1.3588360162e-05 0 0
1897 1.1611233936e-01 1.1146690268e-01 1.1146690268e-01 1.1595014704e-01 1.1540875989e-01 1.5558367357e-01 1.6164337390e-01 1.6164337390e-01 1.5587329113e-01 1.5513781772e-01 1.3028012246e-05 1.3898081306e-05 1.3888863577e-05 1.3064344113e-05 1.3629368368e-05 1.3499609850e-05 0 0
1898 1.1618296082e-01 1.1189145064e-01 1.1189145064e-01 1.1521370953e-01 1.1518297423e-01 1.5547747187e-01 1.6154245181e-01 1.6154245181e-01 1.5577151013e-01 1.5503797375e-01 1.2996874042e-05 1.3780563677e-05 1.4023985386e-05 1.3076502633e-05 1.3488509467e-05 1.3478983419e-05 0 0
1899 1.1642872783e-01 1.1165089831e-01 1.1165089831e-01 1.1531288748e-01 1.1525285651e-01 1.5537127676e-01 1.6144208811e-01 1.6144208811e-01 1.5567038422e-01 1.5493724651e-01 1.3245919111e-05 1.3810988094e-05 1.4051678590e-05 1.3179484315e-05 1.3454156942e-05 1.3535538528e-05 0 0
1900 1.1610278361e-01 1.1197801015e-01 1.1197801015e-01 1.1513765467e-01 1.1618149358e-01 1.5526424047e-01 1.6134134379e-01 1.6134134379e-01 1.5557049991e-01 1.5483637656e-01 1.3256677469e-05 1.4151639334e-05 1.3845555259e-05 1.3229727897e-05 1.3538998246e-05 1.3447359379e-05 0 0
1901 1.1617261997e-01 1.1226038681e-01 1.1226038681e-01 1.1586366032e-01 1.1678193963e-01 1.5515744214e-01 1.6124184000e-01 1.6124184000e-01 1.5546993246e-01 1.5473309015e-01 1.2903941823e-05 1.3787660464e-05 1.3715534806e-05 1.3057178867e-05 1.3412533917e-05 1.3532019693e-05 0 0
1902 1.1670693395e-01 1.1192009628e-01 1.1192009628e-01 1.1513959494e-01 1.1672818850e-01 1.5504985941e-01 1.6114141354e-01 1.6114141354e-01 1.5537001625e-01 1.5462932378e-01 1.3117112335e-05 1.3901479178e-05 1.3745510842e-05 1.3198548110e-05 1.3425227735e-05 1.3561567357e-05 0 0
1903 1.1643117851e-01 1.1167034454e-01 1.1167034454e-01 1.1487211703e-01 1.1624360477e-01 1.5494277767e-01 1.6104215824e-01 1.6104215824e-01 1.5526970527e-01 1.5452687246e-01 1.3476298214e-05 1.3657731870e-05 1.3720171410e-05 1.3323689134e-05 1.3333147763e-05 1.3455187400e-05 0 0
1904 1.1603019508e-01 1.1085708837e-01 1.1085708837e-01 1.1577806977e-01 1.1544438749e-01 1.5483530429e-01 1.6094408720e-01 1.6094408720e-01 1.5516839790e-01 1.5442421950e-01 1.3322770525e-05 1.3482824215e-05 1.3340128135e-05 1.3279717269e-05 1.3286279682e-05 1.3276090613e-05 0 0
1905 1.1518254636e-01 1.1064377218e-01 1.1064377218e-01 1.1597749410e-01 1.1590194746e-01 1.5472873138e-01 1.6084573169e-01 1.6084573169e-01 1.5506653805e-01 1.5432187474e-01 1.3100848938e-05 1.3477603716e-05 1.3165158634e-05 1.3110902938e-05 1.3287873116e-05 1.3168215446e-05 0 0
1906 1.1506478512e-01 1.1114960713e-01 1.1114960713e-01 1.1660659129e-01 1.1532688569e-01 1.5462223554e-01 1.6074658603e-01 1.6074658603e-01 1.5496479927e-01 1.5422003146e-01 1.2838841695e-05 1.3916411262e-05 1.3256150851e-05 1.2952321579e-05 1.3499129636e-05 1.3180199858e-05 0 0
1907 1.1422609507e-01 1.1104976840e-01 1.1104976840e-01 1.1576758742e-01 1.1546559241e-01 1.5451584624e-01 1.6064657668e-01 1.6064657668e-01 1.5486116968e-01 1.5411945477e-01 1.2809522484e-05 1.3685952581e-05 1.3406935068e-05 1.2908357103e-05 1.3506235518e-05 1.3176586435e-05 0 0
1908 1.1431698653e-01 1.1157289167e-01 1.1157289167e-01 1.1616632112e-01 1.1419455293e-01 1.5440888461e-01 1.6054725840e-01 1.6054725840e-01 1.5475808594e-01 1.5401972637e-01 1.2383927265e-05 1.3673101421e-05 1.3844603927e-05 1.2709607049e-05 1.3429906176e-05 1.3335210497e-05 0 0
1909 1.1403950017e-01 1.1143611389e-01 1.1143611389e-01 1.1617735319e-01 1.1434914024e-01 1.5430337684e-01 1.6044772229e-01 1.6044772229e-01 1.5465523222e-01 1.5392150782e-01 1.2593166104e-05 1.4112014469e-05 1.4286124497e-05 1.2724339042e-05 1.3619794117e-05 1.3424803910e-05 0 0
1910 1.1453967851e-01 1.1111279208e-01 1.1111279208e-01 1.1619870939e-01 1.1502913963e-01 1.5419730886e-01 1.6034845628e-01 1.6034845628e-01 1.5455365108e-01 1.5382177691e-01 1.2375730686e-05 1.4434857803e-05 1.4458670194e-05 1.2636746366e-05 1.3706426216e-05 1.3588869479e-05 0 0
1911 1.1478666531e-01 1.1145739412e-01 1.1145739412e-01 1.1643632552e-01 1.1538382765e-01 1.5409083852e-01 1.6024757759e-01 1.6024757759e-01 1.5445021070e-01 1.5372042333e-01 1.2527878792e-05 1.4212183487e-05 1.4056792679e-05 1.2731470529e-05 1.3728023077e-05 1.3488997865e-05 0 0
1912 1.1469229388e-01 1.1141492990e-01 1.1141492990e-01 1.1688739875e-01 1.1650018448e-01 1.5398556980e-01 1.6014685895e-01 1.6014685895e-01 1.5434680407e-01 1.5361770689e-01 1.2959748000e-05 1.4186673980e-05 1.3869065697e-05 1.2882285641e-05 1.3695691450e-05 1.3467702047e-05 0 0
1913 1.1529457321e-01 1.1100726989e-01 1.1100726989e-01 1.1598492732e-01 1.1635773167e-01 1.5388141797e-01 1.6004559731e-01 1.6004559731e-01 1.5424392943e-01 1.5351427299e-01 1.2800715482e-05 1.4284824829e-05 1.3853208657e-05 1.2735709632e-05 1.3690774722e-05 1.3504788512e-05 0 0
1914 1.1578951822e-01 1.1104476572e-01 1.1104476572e-01 1.1534105228e-01 1.1646350194e-01 1.5377553556e-01 1.5994492100e-01 1.5994492100e-01 1.5414131332e-01 1.5340957903e-01 1.3057050669e-05 1.3833814592e-05 1.3302933439e-05 1.2961989342e-05 1.3448238860e-05 1.3313443560e-05 0 0
1915 1.1484615501e-01 1.1142982054e-01 1.1142982054e-01 1.1475364731e-01 1.1671493736e-01 1.5366811565e-01 1.5984523440e-01 1.5984523440e-01 1.5403984303e-01 1.5330474313e-01 1.3141001427e-05 1.3972617126e-05 1.3261939785e-05 1.3076741050e-05 1.3424325516e-05 1.3280092389e-05 0 0
1916 1.1471426764e-01 1.1150461980e-01 1.1150461980e-01 1.1473995913e-01 1.1639237415e-01 1.5356166179e-01 1.5974491668e-01 1.5974491668e-01 1.5393963067e-01 1.5319911517e-01 1.2946769147e-05 1.4138153347e-05 1.3278113329e-05 1.2898452446e-05 1.3404774108e-05 1.3335867152e-05 0 0
1917 1.1304774097e-01 1.1215508489e-01 1.1215508489e-01 1.1437986958e-01 1.1689306065e-01 1.5345440924e-01 1.5964322054e-01 1.5964322054e-01 1.5383934742e-01 1.5309356628e-01 1.2724760836e-05 1.4308187929e-05 1.3135012523e-05 1.2835483185e-05 1.3479683730e-05 1.3275674064e-05 0 0
1918 1.1445706338e-01 1.1245751556e-01 1.1245751556e-01 1.1468256399e-01 1.1587879556e-01 1.5334638424e-01 1.5954181297e-01 1.5954181297e-01 1.5373926337e-01 1.5298866934e-01 1.2028665744e-05 1.4082265807e-05 1.3476939785e-05 1.2516179834e-05 1.3331985429e-05 1.3399817362e-05 0 0
1919 1.1401763155e-01 1.1143303830e-01 1.1143303830e-01 1.1459253059e-01 1.1539707024e-01 1.5323871462e-01 1.5943935013e-01 1.5943935013e-01 1.5363808395e-01 1.5288507228e-01 1.2591665202e-05 1.3897254576e-05 1.3375942217e-05 1.2759933157e-05 1.3305404536e-05 1.3234041944e-05 0 0
1920 1.1346024850e-01 1.1072351426e-01 1.1072351426e-01 1.1453621825e-01 1.1416061712e-01 1.5313403046e-01 1.5933812446e-01 1.5933812446e-01 1.5353641532e-01 1.5278141034e-01 1.2916258914e-05 1.3601164937e-05 1.3312938790e-05 1.2743694980e-05 1.3219779248e-05 1.3183383089e-05 0 0
1921 1.1237326334e-01 1.1003061479e-01 1.1003061479e-01 1.1503246113e-01 1.1454818022e-01 1.5303084754e-01 1.5923744649e-01 1.5923744649e-01 1.5343388646e-01 1.5267936444e-01 1.2581114072e-05 1.3443947864e-05 1.3350518202e-05 1.2511040913e-05 1.3198081433e-05 1.3102076991e-05 0 0
1922 1.1181064381e-01 1.0959773715e-01 1.0959773715e-01 1.1480706401e-01 1.1345471623e-01 1.5292941068e-01 1.5913870462e-01 1.5913870462e-01 1.5333225189e-01 1.5257795253e-01 1.2451348786e-05 1.3575860066e-05 1.3631563888e-05 1.2345158119e-05 1.3183232113e-05 1.3188021512e-05 0 0
1923 1.1181828135e-01 1.0945575577e-01 1.0945575577e-01 1.1585915991e-01 1.1376070430e-01 1.5282833697e-01 1.5904024471e-01 1.5904024471e-01 1.5322879601e-01 1.5247639526e-01 1.2426958739e-05 1.3131347259e-05 1.3490704077e-05 1.2284285237e-05 1.3083972590e-05 1.3097062947e-05 0 0
1924 1.1173942655e-01 1.0972976625e-01 1.0972976625e-01 1.1555148092e-01 1.1456412080e-01 1.5272649289e-01 1.5894165942e-01 1.5894165942e-01 1.5312382832e-01 1.5237631544e-01 1.2380259688e-05 1.3322855011e-05 1.3960883734e-05 1.2289241138e-05 1.3270218915e-05 1.3217584637e-05 0 0
1925 1.1171300809e-01 1.0988019601e-01 1.0988019601e-01 1.1454899732e-01 1.1472877869e-01 1.5262419894e-01 1.5884135675e-01 1.5884135675e-01 1.5301957958e-01 1.5227543066e-01 1.2194139365e-05 1.3339308680e-05 1.3863700588e-05 1.2227072322e-05 1.3207486518e-05 1.3228971511e-05 0 0
1926 1.1102930245e-01 1.1070210557e-01 1.1070210557e-01 1.1445609132e-01 1.1431861649e-01 1.5252222108e-01 1.5874079664e-01 1.5874079664e-01 1.5291579796e-01 1.5217497005e-01 1.2428109546e-05 1.2947157302e-05 1.4201278645e-05 1.2316148966e-05 1.2958793377e-05 1.3359615878e-05 0 0
1927 1.1028348425e-01 1.1021671242e-01 1.1021671242e-01 1.1507458640e-01 1.1385202231e-01 1.5241916487e-01 1.5863998353e-01 1.5863998353e-01 1.5281157858e-01 1.5207433550e-01 1.2064190855e-05 1.2958455045e-05 1.4093568097e-05 1.2176365683e-05 1.2980240172e-05 1.3329623471e-05 0 0
1928 1.0959789598e-01 1.1034770554e-01 1.1034770554e-01 1.1386782469e-01 1.1424541304e-01 1.5231718348e-01 1.5853950109e-01 1.5853950109e-01 1.5270777901e-01 1.5197322209e-01 1.1906935491e-05 1.3152194697e-05 1.3911720089e-05 1.2017509190e-05 1.3057845536e-05 1.3272670003e-05 0 0
1929 1.1016201647e-01 1.1021260991e-01 1.1021260991e-01 1.1318530961e-01 1.1524075202e-01 1.5221770749e-01 1.5844008945e-01 1.5844008945e-01 1.5260441244e-01 1.5186995067e-01 1.2363831360e-05 1.2856829017e-05 1.3531230252e-05 1.2087133680e-05 1.2879264432e-05 1.3199964087e-05 0 0
1930 1.0919512404e-01 1.1091164855e-01 1.1091164855e-01 1.1210880560e-01 1.1412935239e-01 1.5211843547e-01 1.5834048085e-01 1.5834048085e-01 1.5250496880e-01 1.5176560170e-01 1.2777183994e-05 1.3110058717e-05 1.3794076949e-05 1.2282555056e-05 1.2748095287e-05 1.3383983969e-05 0 0
1931 1.0860311515e-01 1.1029616797e-01 1.1029616797e-01 1.1201210939e-01 1.1378997662e-01 1.5202066729e-01 1.5824035544e-01 1.5824035544e-01 1.5240607419e-01 1.5166243059e-01 1.2903383191e-05 1.2810857697e-05 1.3300069440e-05 1.2256029259e-05 1.2579627764e-05 1.3065266103e-05 0 0
1932 1.0811602429e-01 1.0916693516e-01 1.0916693516e-01 1.1160312222e-01 1.1408485155e-01 1.5192372057e-01 1.5814240005e-01 1.5814240005e-01 1.5230647244e-01 1.5155800269e-01 1.2457999904e-05 1.2512907233e-05 1.2641940884e-05 1.1982946556e-05 1.2476299162e-05 1.2791338122e-05 0 0
1933 1.0835285845e-01 1.0991740271e-01 1.0991740271e-01 1.1245945808e-01 1.1462564691e-01 1.5182654532e-01 1.5804318301e-01 1.5804318301e-01 1.5220761035e-01 1.5145366949e-01 1.2298092179e-05 1.2465845430e-05 1.2874952517e-05 1.1916112365e-05 1.2392364624e-05 1.2882707779e-05 0 0
1934 1.0896998508e-01 1.1002002555e-01 1.1002002555e-01 1.1254857988e-01 1.1367941529e-01 1.5172770408e-01 1.5794198678e-01 1.5794198678e-01 1.5210797678e-01 1.5135114273e-01 1.1761646894e-05 1.2657870684e-05 1.3258626495e-05 1.1756672305e-05 1.2520484233e-05 1.2968249393e-05 0 0
1935 1.0896919628e-01 1.0972274693e-01 1.0972274693e-01 1.1242342663e-01 1.1226507038e-01 1.5162756309e-01 1.5784128067e-01 1.5784128067e-01 1.5200863721e-01 1.5125072710e-01 1.1526330177e-05 1.2871050785e-05 1.3117258277e-05 1.1703017864e-05 1.2578841051e-05 1.2780411453e-05 0 0
1936 1.0934270469e-01 1.0852383758e-01 1.0852383758e-01 1.1160198104e-01 1.1155061439e-01 1.5152706643e-01 1.5774248916e-01 1.5774248916e-01 1.5190894462e-01 1.5115220428e-01 1.1758449333e-05 1.2560085452e-05 1.2957599210e-05 1.1808249113e-05 1.2448132111e-05 1.2572024389e-05 0 0
1937 1.0910220630e-01 1.0786071352e-01 1.0786071352e-01 1.1146748180e-01 1.1142619680e-01 1.5142601502e-01 1.5764461331e-01 1.5764461331e-01 1.5181175811e-01 1.5105442845e-01 1.1790851191e-05 1.2827813407e-05 1.2860718925e-05 1.1829168018e-05 1.2431044524e-05 1.2466500266e-05 0 0
1938 1.0935673440e-01 1.0824280813e-01 1.0824280813e-01 1.1047253371e-01 1.1114034690e-01 1.5132529836e-01 1.5754738298e-01 1.5754738298e-01 1.5171396837e-01 1.5095596187e-01 1.1665875081e-05 1.2749141206e-05 1.2961391803e-05 1.1740541557e-05 1.2400898413e-05 1.2569417777e-05 0 0
1939 1.0923349265e-01 1.0843192692e-01 1.0843192692e-01 1.1043128261e-01 1.1132342136e-01 1.5122478162e-01 1.5744997257e-01 1.5744997257e-01 1.5161779232e-01 1.5085830213e-01 1.1889553205e-05 1.2930995581e-05 1.2918532775e-05 1.1835141875e-05 1.2369734577e-05 1.2487241293e-05 0 0
1940 1.0912530636e-01 1.0829501760e-01 1.0829501760e-01 1.0980718717e-01 1.1222877062e-01 1.5112558836e-01 1.5735305552e-01 1.5735305552e-01 1.5152382550e-01 1.5076040851e-01 1.1919222223e-05 1.3763085917e-05 1.3272361684e-05 1.1761761376e-05 1.2634757695e-05 1.2641288777e-05 0 0
1941 1.0861260883e-01 1.0845652304e-01 1.0845652304e-01 1.0851191475e-01 1.1090323656e-01 1.5102617135e-01 1.5725417969e-01 1.5725417969e-01 1.5143006817e-01 1.5066303311e-01 1.1984450913e-05 1.3425405996e-05 1.3625137399e-05 1.1808991177e-05 1.2476000848e-05 1.2760309801e-05 0 0
1942 1.0895951186e-01 1.0779761146e-01 1.0779761146e-01 1.0949872514e-01 1.1100190400e-01 1.5092699990e-01 1.5715598377e-01 1.5715598377e-01 1.5133590276e-01 1.5056522345e-01 1.1890664090e-05 1.2576314475e-05 1.2983634406e-05 1.1758237021e-05 1.2092580619e-05 1.2479333236e-05 0 0
1943 1.0929742644e-01 1.0764368306e-01 1.0764368306e-01 1.1007293882e-01 1.1064355175e-01 1.5082665776e-01 1.5705926101e-01 1.5705926101e-01 1.5123909461e-01 1.5046819211e-01 1.1676092711e-05 1.2102820619e-05 1.2947925825e-05 1.1736543404e-05 1.2010415958e-05 1.2409289411e-05 0 0
1944 1.0921736295e-01 1.0640461607e-01 1.0640461607e-01 1.1049145507e-01 1.1055714838e-01 1.5072497457e-01 1.5696284041e-01 1.5696284041e-01 1.5114138711e-01 1.5037109620e-01 1.1675243717e-05 1.1943441677e-05 1.2723207874e-05 1.1814521723e-05 1.1970830201e-05 1.2303677067e-05 0 0
1945 1.0884989264e-01 1.0686010509e-01 1.0686010509e-01 1.1043601159e-01 1.0962150620e-01 1.5062562746e-01 1.5686679906e-01 1.5686679906e-01 1.5104255805e-01 1.5027291305e-01 1.1848186315e-05 1.1792323676e-05 1.2300145499e-05 1.1735656291e-05 1.1958481082e-05 1.2150070688e-05 0 0
1946 1.0873359372e-01 1.0666427926e-01 1.0666427926e-01 1.1065948828e-01 1.0906009065e-01 1.5052542382e-01 1.5677144867e-01 1.5677144867e-01 1.5094377648e-01 1.5017701800e-01 1.1546531410e-05 1.1900136087e-05 1.2480327314e-05 1.1619623352e-05 1.1983544937e-05 1.2090912605e-05 0 0
1947 1.0838986816e-01 1.0530293641e-01 1.0530293641e-01 1.1100496479e-01 1.0857182460e-01 1.5042465392e-01 1.5667725052e-01 1.5667725052e-01 1.5084590972e-01 1.5008257056e-01 1.1446166652e-05 1.2114900528e-05 1.2531267203e-05 1.1601515518e-05 1.2002986296e-05 1.2041004993e-05 0 0
1948 1.0929325849e-01 1.0472513686e-01 1.0472513686e-01 1.1025015478e-01 1.0942119289e-01 1.5032389895e-01 1.5658355511e-01 1.5658355511e-01 1.5074794339e-01 1.4998928997e-01 1.1432603461e-05 1.2226029867e-05 1.2610819795e-05 1.1586989330e-05 1.2058261746e-05 1.2006078578e-05 0 0
1949 1.0931992715e-01 1.0574358875e-01 1.0574358875e-01 1.1009212079e-01 1.0928494821e-01 1.5022252837e-01 1.5649148346e-01 1.5649148346e-01 1.5065114962e-01 1.4989314726e-01 1.1853319912e-05 1.2338735360e-05 1.2583973330e-05 1.1830333287e-05 1.2042227354e-05 1.2153205716e-05 0 0
1950 1.0939188187e-01 1.0566205835e-01 1.0566205835e-01 1.0943014009e-01 1.0943705850e-01 1.5012199376e-01 1.5639785181e-01 1.5639785181e-01 1.5055503436e-01 1.4979590605e-01 1.2182595248e-05 1.2501566744e-05 1.2318795598e-05 1.1943320632e-05 1.2089403754e-05 1.2063141185e-05 0 0
1951 1.0937510714e-01 1.0548136777e-01 1.0548136777e-01 1.0934649356e-01 1.0973938048e-01 1.5002290324e-01 1.5630470915e-01 1.5630470915e-01 1.5045818421e-01 1.4969834265e-01 1.2405613602e-05 1.2191606402e-05 1.2276721463e-05 1.1974742338e-05 1.1993457520e-05 1.2047466043e-05 0 0
1952 1.0827212375e-01 1.0499420520e-01 1.0499420520e-01 1.0968595817e-01 1.0980039174e-01 1.4992382423e-01 1.5621084960e-01 1.5621084960e-01 1.5036064839e-01 1.4960086771e-01 1.2661119048e-05 1.2207283362e-05 1.2347364645e-05 1.2099117206e-05 1.2034447536e-05 1.2074634469e-05 0 0
1953 1.0852247122e-01 1.0526879217e-01 1.0526879217e-01 1.1004150346e-01 1.1001957584e-01 1.4982426255e-01 1.5611712977e-01 1.5611712977e-01 1.5026427192e-01 1.4950377399e-01 1.2281996746e-05 1.2564186363e-05 1.2320027054e-05 1.1927772865e-05 1.2140463696e-05 1.2009010788e-05 0 0
1954 1.0918436343e-01 1.0540894738e-01 1.0540894738e-01 1.0938959099e-01 1.0966158047e-01 1.4972349062e-01 1.5602408044e-01 1.5602408044e-01 1.5016825835e-01 1.4940578035e-01 1.2163530733e-05 1.2970464923e-05 1.2156694538e-05 1.1940170396e-05 1.2321160284e-05 1.1959898984e-05 0 0
1955 1.0961518200e-01 1.0526910624e-01 1.0526910624e-01 1.0920553618e-01 1.0931735883e-01 1.4962140101e-01 1.5592977176e-01 1.5592977176e-01 1.5007286395e-01 1.4930953185e-01 1.2059885380e-05 1.2626480384e-05 1.2394002624e-05 1.1970065488e-05 1.2094184967e-05 1.1989715858e-05 0 0
1956 1.0993644484e-01 1.0536519901e-01 1.0536519901e-01 1.1026094047e-01 1.0898053507e-01 1.4952000667e-01 1.5583591672e-01 1.5583591672e-01 1.4997588121e-01 1.4921327094e-01 1.2394176598e-05 1.2071172932e-05 1.2296741261e-05 1.2078579023e-05 1.1891419490e-05 1.1958763935e-05 0 0
1957 1.1023810868e-01 1.0574208709e-01 1.0574208709e-01 1.0963495211e-01 1.0907587324e-01 1.4941820646e-01 1.5574208019e-01 1.5574208019e-01 1.4987652902e-01 1.4911759437e-01 1.2403233301e-05 1.2030195649e-05 1.2452758710e-05 1.2109122772e-05 1.2007751138e-05 1.1995362001e-05 0 0
1958 1.0931002421e-01 1.0578394522e-01 1.0578394522e-01 1.1108406140e-01 1.0927097715e-01 1.4931791867e-01 1.5564827632e-01 1.5564827632e-01 1.4977693746e-01 1.4902226371e-01 1.2816479549e-05 1.1704557437e-05 1.3074575691e-05 1.2225621513e-05 1.1868839465e-05 1.2272647837e-05 0 0
1959 1.0865894710e-01 1.0526421813e-01 1.0526421813e-01 1.1136067902e-01 1.0873408000e-01 1.4921834934e-01 1.5555332682e-01 1.5555332682e-01 1.4967717397e-01 1.4892507608e-01 1.2579867047e-05 1.1934861504e-05 1.2661016626e-05 1.2068784625e-05 1.2005841199e-05 1.2185728337e-05 0 0
1960 1.0855207462e-01 1.0498204341e-01 1.0498204341e-01 1.0997292187e-01 1.0938158558e-01 1.4911880645e-01 1.5545887498e-01 1.5545887498e-01 1.4957686861e-01 1.4882826554e-01 1.2326831330e-05 1.1924230421e-05 1.2269977560e-05 1.1957130460e-05 1.2028838682e-05 1.1963207726e-05 0 0
1961 1.0752242987e-01 1.0462180681e-01 1.0462180681e-01 1.0981734004e-01 1.0903308529e-01 1.4902023849e-01 1.5536641672e-01 1.5536641672e-01 1.4947668948e-01 1.4873186707e-01 1.2404413496e-05 1.1401797565e-05 1.2154791875e-05 1.1936467210e-05 1.1751812963e-05 1.1877692486e-05 0 0
1962 1.0716044792e-01 1.0414984140e-01 1.0414984140e-01 1.1050531555e-01 1.0996759707e-01 1.4892316383e-01 1.5527457540e-01 1.5527457540e-01 1.4937656790e-01 1.4863331356e-01 1.2203251609e-05 1.1604466636e-05 1.1545021152e-05 1.1738225007e-05 1.1856509445e-05 1.1676211216e-05 0 0
1963 1.0840341047e-01 1.0575677696e-01 1.0575677696e-01 1.1111744806e-01 1.1034595636e-01 1.4882625574e-01 1.5518286381e-01 1.5518286381e-01 1.4927733422e-01 1.4853301449e-01 1.2189980058e-05 1.1824379726e-05 1.1752868886e-05 1.1719138970e-05 1.1910718968e-05 1.1868380170e-05 0 0
1964 1.0810535646e-01 1.0572710448e-01 1.0572710448e-01 1.1127061519e-01 1.1092259190e-01 1.4872821163e-01 1.5508934140e-01 1.5508934140e-01 1.4917692193e-01 1.4843408498e-01 1.2559341914e-05 1.2025685464e-05 1.1953114154e-05 1.1952868378e-05 1.2074719052e-05 1.1900370737e-05 0 0
1965 1.0657628285e-01 1.0563427246e-01 1.0563427246e-01 1.1137114654e-01 1.1074492091e-01 1.4862983166e-01 1.5499502368e-01 1.5499502368e-01 1.4907669681e-01 1.4833441129e-01 1.2256126163e-05 1.2365067960e-05 1.1981888747e-05 1.1817772242e-05 1.2221751604e-05 1.1974012523e-05 0 0
1966 1.0613827569e-01 1.0610425188e-01 1.0610425188e-01 1.1039226918e-01 1.0939435490e-01 1.4853242526e-01 1.5489988075e-01 1.5489988075e-01 1.4897797660e-01 1.4823463790e-01 1.1557695317e-05 1.2801442608e-05 1.1839575563e-05 1.1414945201e-05 1.2342174159e-05 1.1917409211e-05 0 0
1967 1.0579824917e-01 1.0541195135e-01 1.0541195135e-01 1.0948007403e-01 1.0988008106e-01 1.4843647668e-01 1.5480617595e-01 1.5480617595e-01 1.4887939761e-01 1.4813482457e-01 1.1398493021e-05 1.2795122529e-05 1.1396255104e-05 1.1231717380e-05 1.2343693925e-05 1.1678580449e-05 0 0
1968 1.0601698862e-01 1.0526975208e-01 1.0526975208e-01 1.0973636237e-01 1.1005479016e-01 1.4834188205e-01 1.5471320114e-01 1.5471320114e-01 1.4878300234e-01 1.4803436995e-01 1.1347097974e-05 1.3118457900e-05 1.1574576092e-05 1.1132481849e-05 1.2358837012e-05 1.1796055333e-05 0 0
1969 1.0539833086e-01 1.0539580843e-01 1.0539580843e-01 1.0941286262e-01 1.1023365216e-01 1.4824778914e-01 1.5461894555e-01 1.5461894555e-01 1.4868753185e-01 1.4793455845e-01 1.1642078354e-05 1.3225653674e-05 1.1800540960e-05 1.1261833198e-05 1.2344604329e-05 1.1887124856e-05 0 0
1970 1.0480164039e-01 1.0584746466e-01 1.0584746466e-01 1.0851583160e-01 1.1110929683e-01 1.4815350339e-01 1.5452492984e-01 1.5452492984e-01 1.4859103987e-01 1.4783442442e-01 1.1780028455e-05 1.2655676983e-05 1.2028271158e-05 1.1327730856e-05 1.2151775081e-05 1.2009182683e-05 0 0
1971 1.0586420186e-01 1.0583872717e-01 1.0583872717e-01 1.0866986050e-01 1.1041667692e-01 1.4805991174e-01 1.5442955400e-01 1.5442955400e-01 1.4849514879e-01 1.4773498851e-01 1.1773000920e-05 1.2361810150e-05 1.2709676412e-05 1.1285772744e-05 1.1977027498e-05 1.2286572201e-05 0 0
1972 1.0558166557e-01 1.0582752488e-01 1.0582752488e-01 1.0937666626e-01 1.0948639704e-01 1.4796583569e-01 1.5433277889e-01 1.5433277889e-01 1.4840051921e-01 1.4763736040e-01 1.1858618653e-05 1.2278661416e-05 1.2959057131e-05 1.1368665570e-05 1.1841706510e-05 1.2301683455e-05 0 0
1973 1.0496608951e-01 1.0619305108e-01 1.0619305108e-01 1.0969747164e-01 1.0896553087e-01 1.4787032347e-01 1.5423785989e-01 1.5423785989e-01 1.4830341298e-01 1.4753965464e-01 1.1395308996e-05 1.2187361790e-05 1.2932270693e-05 1.1208020065e-05 1.1937449926e-05 1.2298688489e-05 0 0
1974 1.0578572705e-01 1.0552982928e-01 1.0552982928e-01 1.0868586524e-01 1.0895435089e-01 1.4777452384e-01 1.5414387055e-01 1.5414387055e-01 1.4820605035e-01 1.4744389379e-01 1.1015329795e-05 1.2027246157e-05 1.3044384104e-05 1.1014289123e-05 1.1869617992e-05 1.2233823327e-05 0 0
1975 1.0583492745e-01 1.0452428218e-01 1.0452428218e-01 1.0717788807e-01 1.0860080076e-01 1.4767880422e-01 1.5405064134e-01 1.5405064134e-01 1.4811052026e-01 1.4734853233e-01 1.1154949967e-05 1.1673684639e-05 1.2959816559e-05 1.1074848517e-05 1.1577268197e-05 1.2174947187e-05 0 0
1976 1.0601669865e-01 1.0436480771e-01 1.0436480771e-01 1.0734834376e-01 1.0901509723e-01 1.4758294779e-01 1.5395756565e-01 1.5395756565e-01 1.4801640923e-01 1.4725204386e-01 1.1209807934e-05 1.1275523320e-05 1.2290035556e-05 1.1096726198e-05 1.1284689208e-05 1.1917706615e-05 0 0
1977 1.0565596275e-01 1.0440002816e-01 1.0440002816e-01 1.0628240756e-01 1.0857316650e-01 1.4748819785e-01 1.5386547448e-01 1.5386547448e-01 1.4792199556e-01 1.4715668047e-01 1.1384272949e-05 1.1083552636e-05 1.2319379493e-05 1.1101476753e-05 1.1204905604e-05 1.1861907296e-05 0 0
1978 1.0566803420e-01 1.0357138643e-01 1.0357138643e-01 1.0702042777e-01 1.0847586259e-01 1.4739360138e-01 1.5377371896e-01 1.5377371896e-01 1.4782851110e-01 1.4706069791e-01 1.1352865355e-05 1.1095307855e-05 1.1909709428e-05 1.1070318633e-05 1.1159557289e-05 1.1701300537e-05 0 0
1979 1.0439770613e-01 1.0436634704e-01 1.0436634704e-01 1.0657822771e-01 1.0807819951e-01 1.4730026179e-01 1.5368297584e-01 1.5368297584e-01 1.4773580661e-01 1.4696357169e-01 1.1736370914e-05 1.1682783224e-05 1.1813403034e-05 1.1180377344e-05 1.1404747056e-05 1.1702852134e-05 0 0
1980 1.0408669745e-01 1.0408934366e-01 1.0408934366e-01 1.0629278211e-01 1.0666371391e-01 1.4720691642e-01 1.5359118247e-01 1.5359118247e-01 1.4764411345e-01 1.4686903921e-01 1.1544776734e-05 1.1973668734e-05 1.2472014532e-05 1.1088466956e-05 1.1486678886e-05 1.1848570466e-05 0 0
1981 1.0338800827e-01 1.0257680289e-01 1.0257680289e-01 1.0629118361e-01 1.0577108233e-01 1.4711536014e-01 1.5349877454e-01 1.5349877454e-01 1.4755446966e-01 1.4677820509e-01 1.1603913592e-05 1.2518977201e-05 1.2668710042e-05 1.1018509726e-05 1.1612150956e-05 1.1703365089e-05 0 0
1982 1.0384954920e-01 1.0250453822e-01 1.0250453822e-01 1.0560692350e-01 1.0606639905e-01 1.4702390671e-01 1.5340951186e-01 1.5340951186e-01 1.4746358704e-01 1.4668717626e-01 1.1598993996e-05 1.2724955013e-05 1.2257515664e-05 1.1018902907e-05 1.1772018297e-05 1.1524050933e-05 0 0
1983 1.0545449331e-01 1.0237316608e-01 1.0237316608e-01 1.0617565857e-01 1.0635384241e-01 1.4693055024e-01 1.5332134165e-01 1.5332134165e-01 1.4737144430e-01 1.4659548567e-01 1.1386849455e-05 1.2043120478e-05 1.1912443370e-05 1.1011029969e-05 1.1512915989e-05 1.1400290532e-05 0 0
1984 1.0552803053e-01 1.0215080871e-01 1.0215080871e-01 1.0678984177e-01 1.0560879031e-01 1.4683650058e-01 1.5323298890e-01 1.5323298890e-01 1.4727858058e-01 1.4650209216e-01 1.1804981748e-05 1.1597187040e-05 1.1566312423e-05 1.1231045094e-05 1.1331280803e-05 1.1332480426e-05 0 0
1985 1.0436302768e-01 1.0184486733e-01 1.0184486733e-01 1.0683649970e-01 1.0641482501e-01 1.4674239547e-01 1.5314439632e-01 1.5314439632e-01 1.4718504852e-01 1.4640809922e-01 1.1533951832e-05 1.1555746823e-05 1.1182015442e-05 1.1110818276e-05 1.1338516742e-05 1.1184239156e-05 0 0
1986 1.0435023589e-01 1.0189207412e-01 1.0189207412e-01 1.0666597204e-01 1.0629993209e-01 1.4664723379e-01 1.5305659168e-01 1.5305659168e-01 1.4709166894e-01 1.4631483515e-01 1.0708774307e-05 1.1518042811e-05 1.1360684766e-05 1.0762282767e-05 1.1295272998e-05 1.1238141269e-05 0 0
1987 1.0341702497e-01 1.0175965046e-01 1.0175965046e-01 1.0607303639e-01 1.0632121602e-01 1.4655318532e-01 1.5296849264e-01 1.5296849264e-01 1.4699862419e-01 1.4622177457e-01 1.0958864055e-05 1.1341297068e-05 1.1347178770e-05 1.0800101715e-05 1.1183271454e-05 1.1205094779e-05 0 0
1988 1.0289102789e-01 1.0150924992e-01 1.0150924992e-01 1.0555861759e-01 1.0624490692e-01 1.4646102091e-01 1.5288124429e-01 1.5288124429e-01 1.4690623900e-01 1.4612760170e-01 1.1071124521e-05 1.1395130059e-05 1.1205023839e-05 1.0735547121e-05 1.1176123735e-05 1.1186885786e-05 0 0
1989 1.0253660292e-01 1.0231602799e-01 1.0231602799e-01 1.0545787877e-01 1.0619285540e-01 1.4637090020e-01 1.5279321678e-01 1.5279321678e-01 1.4681541870e-01 1.4603443782e-01 1.1518091031e-05 1.1724415344e-05 1.1255808204e-05 1.0822400978e-05 1.1238538718e-05 1.1140625247e-05 0 0
1990 1.0295272502e-01 1.0141213455e-01 1.0141213455e-01 1.0428321969e-01 1.0622278191e-01 1.4628151786e-01 1.5270451470e-01 1.5270451470e-01 1.4672618313e-01 1.4594094814e-01 1.1890794907e-05 1.2048873941e-05 1.1329714653e-05 1.0942920970e-05 1.1288772839e-05 1.1174144674e-05 0 0
1991 1.0294964943e-01 1.0203926806e-01 1.0203926806e-01 1.0517278566e-01 1.0573874734e-01 1.4619052023e-01 1.5261499490e-01 1.5261499490e-01 1.4663688664e-01 1.4584651941e-01 1.1768489236e-05 1.1948822248e-05 1.1182280105e-05 1.0978936392e-05 1.1254558558e-05 1.1146784345e-05 0 0
1992 1.0323734945e-01 1.0193327933e-01 1.0193327933e-01 1.0543317162e-01 1.0545534252e-01 1.4609746440e-01 1.5252483218e-01 1.5252483218e-01 1.4654600989e-01 1.4575340857e-01 1.0982138967e-05 1.1752943465e-05 1.1269405150e-05 1.0720245744e-05 1.1263364286e-05 1.1109654224e-05 0 0
1993 1.0281662828e-01 1.0092588496e-01 1.0092588496e-01 1.0625901675e-01 1.0525840462e-01 1.4600249751e-01 1.5243468668e-01 1.5243468668e-01 1.4645304364e-01 1.4566043951e-01 1.0326512747e-05 1.1456245375e-05 1.1175034160e-05 1.0498690572e-05 1.1228225958e-05 1.1045252904e-05 0 0
1994 1.0232967279e-01 1.0133225679e-01 1.0133225679e-01 1.0574732797e-01 1.0427450072e-01 1.4590871740e-01 1.5234579368e-01 1.5234579368e-01 1.4635979544e-01 1.4556781466e-01 1.0322317649e-05 1.1453855222e-05 1.1190744772e-05 1.0426188688e-05 1.1226750757e-05 1.1033508599e-05 0 0
1995 1.0211811364e-01 1.0098406784e-01 1.0098406784e-01 1.0524685352e-01 1.0410240148e-01 1.4581622950e-01 1.5225779708e-01 1.5225779708e-01 1.4626785908e-01 1.4547637772e-01 1.0107462419e-05 1.1159724636e-05 1.1265418834e-05 1.0244867061e-05 1.0994105651e-05 1.1006953173e-05 0 0
1996 1.0223885778e-01 1.0036347612e-01 1.0036347612e-01 1.0552516009e-01 1.0473770750e-01 1.4572366049e-01 1.5217006839e-01 1.5217006839e-01 1.4617609449e-01 1.4538718021e-01 9.9661336694e-06 1.1082259334e-05 1.1618895769e-05 1.0183582876e-05 1.0938749256e-05 1.1040924619e-05 0 0
1997 1.0199818125e-01 1.0014903913e-01 1.0014903913e-01 1.0471156190e-01 1.0443582195e-01 1.4563175112e-01 1.5208266181e-01 1.5208266181e-01 1.4608469339e-01 1.4529752190e-01 1.0141175097e-05 1.1151541003e-05 1.1923789316e-05 1.0223804686e-05 1.0944773749e-05 1.1208607248e-05 0 0
1998 1.0112420520e-01 1.0082826313e-01 1.0082826313e-01 1.0365186017e-01 1.0522873322e-01 1.4554268906e-01 1.5199466370e-01 1.5199466370e-01 1.4599269727e-01 1.4520581811e-01 1.0327906786e-05 1.0566532183e-05 1.1618204553e-05 1.0143052996e-05 1.0675574231e-05 1.1183981769e-05 0 0
1999 1.0050188370e-01 1.0151790594e-01 1.0151790594e-01 1.0462250393e-01 1.0516730472e-01 1.4545442860e-01 1.5190620751e-01 1.5190620751e-01 1.4589987514e-01 1.4511412570e-01 1.0215103247e-05 1.0109944924e-05 1.1779627130e-05 1.0037739548e-05 1.0478485819e-05 1.1254574929e-05 0 0
conv_iter_double=-1
conv_iter_p32q=-1
conv_iter_p32n=-1
conv_iter_p32q_loose_1e-6=1128
conv_iter_p32n_loose_1e-6=1132
